encoder,pc1,pc2,pc3,task,brightness
A_recon,-2.6867547,0.2150824,-0.72264254,0.5118216,0.81064844
A_recon,0.22036123,-0.4356897,0.32449496,0.9504637,0.48836908
A_recon,0.04524994,1.0570176,0.61092234,0.14415962,0.4231274
A_recon,-2.038526,1.0986962,0.36352152,0.94864947,0.65009093
A_recon,2.085024,0.54635566,-0.8072367,0.31183144,0.33786428
A_recon,0.4565029,1.2518684,-0.57951117,0.42332646,0.4525682
A_recon,-1.8852344,-1.5248349,0.36145532,0.8277026,0.6967827
A_recon,0.9267144,-0.96240824,1.0315086,0.40919915,0.31298563
A_recon,0.40283537,-1.2269456,1.1993651,0.5495937,0.36080056
A_recon,0.9816055,-0.71583813,-0.09868115,0.027559113,0.48389158
A_recon,-1.4658189,-0.10307711,2.3516338,0.7535131,0.40939265
A_recon,1.1480265,-0.1902414,0.8892236,0.53814334,0.2718878
A_recon,-2.3553576,1.0181482,-1.1383591,0.3297317,0.79660463
A_recon,-0.12076616,-1.2843926,0.40532732,0.7884287,0.50226665
A_recon,-2.316605,0.7742293,0.8595567,0.30319482,0.6213484
A_recon,-1.680778,-0.82037896,-1.1115596,0.4534979,0.7743644
A_recon,0.17208385,1.7447174,0.24160683,0.1340417,0.43567002
A_recon,-2.5858707,-0.86643106,-0.65308845,0.40311298,0.82046795
A_recon,-1.6896586,-0.023568094,-0.74095964,0.20345524,0.7357005
A_recon,1.5588281,1.9726684,0.07675004,0.26231334,0.2747244
A_recon,-0.9607153,0.6924021,0.75812113,0.75036466,0.4800237
A_recon,0.13598728,-0.29315507,-1.0585914,0.28040877,0.58282375
A_recon,4.0915165,-0.66527873,0.32315135,0.485191,0.06104871
A_recon,1.2843676,0.11957857,-0.30218568,0.9807372,0.44495624
A_recon,2.06362,0.26903853,0.4333886,0.96165717,0.29128557
A_recon,-0.6279483,-2.5027535,-0.1308884,0.7247899,0.62857735
A_recon,-0.3700056,0.7457751,1.6206868,0.54122686,0.35060543
A_recon,-2.1921282,0.5130387,0.076945245,0.2768912,0.6741251
A_recon,-0.57972765,-0.3414985,-1.398771,0.16065201,0.7166146
A_recon,-1.452754,1.6878519,-0.050029486,0.9699254,0.615976
A_recon,0.12893915,0.24688095,-0.036578894,0.5160686,0.4640399
A_recon,1.3055604,-0.14057773,-1.6766989,0.11586561,0.5671049
A_recon,-1.3275924,0.92686546,1.2057229,0.62348974,0.4728398
A_recon,-3.2963557,0.647564,0.6717136,0.7766831,0.7359159
A_recon,1.2886581,-1.3934691,-0.36779198,0.6130033,0.43435043
A_recon,-0.79613686,1.231873,-0.028853357,0.9172977,0.5513756
A_recon,-1.1374917,1.0660691,-0.07056463,0.039592877,0.6205679
A_recon,-4.2027392,-0.015118778,-0.27923232,0.52858925,0.92139703
A_recon,-0.014403343,-0.80278283,-1.0670753,0.4593359,0.6056982
A_recon,-1.6624126,1.15151,1.1571501,0.06234958,0.5462784
A_recon,1.3773863,-0.9428062,1.0759962,0.64132816,0.28356153
A_recon,1.5676885,-1.1909547,1.0576158,0.8526328,0.29263964
A_recon,-1.9597049,-2.0727825,-1.0590372,0.59294105,0.8287848
A_recon,-0.30445623,1.725486,0.10793501,0.26009744,0.47283882
A_recon,-1.5175962,0.0813719,1.2432189,0.83988154,0.5268956
A_recon,-0.5890999,0.5178854,1.4331825,0.50949585,0.39419472
A_recon,-2.1895685,0.3005563,-0.6775304,0.5108889,0.7357016
A_recon,-0.61571026,-0.02073747,-0.02958268,0.7530302,0.5556188
A_recon,0.14079952,1.0819918,-0.034288287,0.14792204,0.4838877
A_recon,-0.45322943,1.5004935,0.7784432,0.81962675,0.42132172
A_recon,1.7041566,-0.5972529,1.5045938,0.6832869,0.18848145
A_recon,-0.10011768,-0.8887196,1.1199249,0.7870969,0.4315236
A_recon,0.17301512,-0.9116456,-1.7096742,0.19161625,0.6729682
A_recon,1.0250087,-1.786236,-0.26313084,0.8023642,0.4800049
A_recon,-1.6210971,-0.21000624,-0.49203464,0.19132392,0.715262
A_recon,3.6613374,-0.3387485,-0.1972428,0.08155262,0.22803931
A_recon,-3.3304543,0.18240097,-0.24422923,0.855227,0.8363189
A_recon,2.8986402,0.3978544,1.2656964,0.8612835,0.08773241
A_recon,-1.9997606,0.6279428,0.706517,0.8765371,0.62719816
A_recon,-2.5876966,-1.2203023,-1.1995618,0.47190973,0.8872123
A_recon,-2.0978112,1.099844,-1.3657112,0.2740484,0.80319643
A_recon,0.1922512,1.6442132,-1.5405823,0.0070918286,0.62138057
A_recon,0.59249926,-0.02312404,1.0830178,0.6457209,0.3278901
A_recon,-1.7440677,-0.31522506,1.4240435,0.71990937,0.52113175
A_recon,-3.1989632,0.6077179,-0.3452145,0.8355692,0.82879657
A_recon,1.5837622,2.4566226,0.675025,0.28187782,0.2026937
A_recon,-1.5305715,0.17279449,-1.6269001,0.21521817,0.80443996
A_recon,1.145385,0.70088285,1.9734957,0.6393314,0.16294104
A_recon,0.16291237,0.21983716,0.11601907,0.80505484,0.467187
A_recon,-1.314858,-1.3578153,-1.1066568,0.96367085,0.8021586
A_recon,0.6498327,-0.13325,-1.5619246,0.15052482,0.6085344
A_recon,0.9971323,2.0135763,1.2406843,0.4822124,0.2147434
A_recon,1.6917105,-2.1993864,0.73975,0.89471585,0.3554907
A_recon,0.99776745,-0.853967,0.096974194,0.42271692,0.40565404
A_recon,0.90438104,-0.66842014,0.19876337,0.58950204,0.3758801
A_recon,-2.7539039,0.8240639,0.33522832,0.024490677,0.7159153
A_recon,-3.193653,-1.1550298,-0.36042863,0.6734599,0.8616561
A_recon,1.2606642,-1.8165362,-0.3423702,0.9190886,0.4903236
A_recon,-0.6715689,-1.0855236,1.7633214,0.8268253,0.4347606
A_recon,-1.8517728,-0.65974635,-0.0768016,0.8855203,0.72748685
A_recon,-2.6218314,-0.4640075,0.017756164,0.6603554,0.74996954
A_recon,-0.17662382,-0.7933468,-1.9169873,0.24555227,0.7090832
A_recon,1.9509354,-1.7662556,1.6167779,0.768517,0.18788184
A_recon,1.1444755,1.0322206,-2.0394764,0.21167475,0.5545973
A_recon,-2.0111651,0.0012513995,0.077374876,0.8312748,0.6964729
A_recon,-1.6298437,0.40446815,0.1977498,0.06271792,0.6445607
A_recon,-0.13580227,-1.2104781,1.7881753,0.8254878,0.3759468
A_recon,2.3688748,1.0003781,-1.2247782,0.16450727,0.38897064
A_recon,0.10645294,-1.3010662,-0.36168265,0.37514699,0.54481864
A_recon,0.7284939,-1.3539643,-0.6463101,0.31673816,0.5133705
A_recon,1.9088268,-1.7656267,0.440848,0.69133705,0.30820918
A_recon,3.0262854,1.0562377,-0.5606309,0.17857188,0.25442857
A_recon,1.5100739,-0.099565625,-0.031229287,0.39625615,0.3420941
A_recon,0.40334463,1.3430378,0.30419475,0.005824595,0.43022165
A_recon,2.1300967,-0.5358656,0.32689023,0.2624947,0.26238862
A_recon,2.0494552,0.46821886,-0.2606346,0.4211888,0.27819157
A_recon,-2.5899892,1.1108859,-0.29721695,0.10592124,0.7528623
A_recon,-2.9343567,0.630518,0.9365816,0.63315994,0.66714895
A_recon,0.47630548,-0.43486297,-0.18887451,0.38042426,0.45531145
A_recon,-1.4256601,0.9782263,-0.56654084,0.72529393,0.65069985
A_recon,-2.3319468,0.44847652,-0.20913526,0.653866,0.7133591
A_recon,-2.9502435,1.2518296,-0.7645271,0.43122676,0.8018653
A_recon,1.3684351,-1.4495842,0.26318324,0.8673205,0.401316
A_recon,2.1096387,-0.92896503,0.45583546,0.6321351,0.2647663
A_recon,-1.2688136,1.6047473,0.118911326,0.81027436,0.5618135
A_recon,-3.2913194,1.011457,-0.7153312,0.34179473,0.8374138
A_recon,-0.47236586,-1.119941,0.169891,0.5436693,0.5407448
A_recon,2.1785283,0.0050128996,-0.63974285,0.19629689,0.35618836
A_recon,-0.6114526,0.081980884,-0.196807,0.9961412,0.60292816
A_recon,1.7378118,-0.9075039,-0.6305135,0.24321547,0.4178345
A_recon,1.9118006,1.5383394,-0.27873617,0.25686747,0.29669034
A_recon,1.5103292,0.038225353,-1.1321495,0.07319007,0.5280289
A_recon,1.4493699,1.4978323,0.8518503,0.2578031,0.2194939
A_recon,-3.9923787,0.12807414,0.094102025,0.7631285,0.8624882
A_recon,-1.3647957,0.06503978,-0.7773124,0.69789356,0.697594
A_recon,4.6538057,0.29143676,-0.31736284,0.12867321,0.11702831
A_recon,-1.9325857,0.8690626,-0.06668469,0.3762385,0.6491248
A_recon,0.38648796,-1.1952958,-0.4743336,0.4209214,0.52037746
A_recon,-0.25956774,-0.62351984,2.2929323,0.6649842,0.2972662
A_recon,0.74016404,1.8402677,1.1205347,0.45592895,0.2459453
A_recon,-1.6981163,-1.9701264,-0.28030938,0.58651835,0.7261228
A_recon,1.5763233,-1.642077,0.46012896,0.8396846,0.35696885
A_recon,0.2813034,1.2325559,2.2416854,0.7264736,0.21567783
A_recon,2.031075,0.21929222,-0.6515588,0.36500725,0.3260116
A_recon,-1.7325087,0.4299308,0.40145445,0.4483963,0.6122162
A_recon,2.3558302,1.6332624,0.121712506,0.36769956,0.19181421
A_recon,0.5867524,-0.73483104,-1.738301,0.10973466,0.6655213
A_recon,1.0241725,1.1387079,-0.43646753,0.20324154,0.40646452
A_recon,1.2386036,-0.09368831,-1.8467505,0.2838065,0.5482202
A_recon,3.5924,0.42370522,-0.9883286,0.31413388,0.21233806
A_recon,1.5336611,-0.22701597,-1.4030972,0.31304786,0.4664673
A_recon,-0.7737751,-0.28365088,0.37506723,0.57669973,0.5278079
A_recon,-0.022124767,1.3257935,-0.6121908,0.97169,0.5452265
A_recon,-0.7311559,0.36182633,0.9831052,0.77466416,0.44975287
A_recon,-1.5294523,-0.39521486,1.8185203,0.79113394,0.48267272
A_recon,-2.9885077,0.8132802,-0.30503607,0.7592685,0.78647417
A_recon,0.45713806,-0.4867381,0.84825087,0.5969877,0.37364644
A_recon,-0.23376703,-0.8487515,1.542831,0.91769224,0.43432412
A_recon,-0.42221022,-2.2044218,-0.36602116,0.68963015,0.623989
A_recon,0.0597229,-0.8803857,0.1546821,0.50035644,0.4822977
A_recon,-0.3672061,0.45477113,1.1769067,0.07708381,0.43322015
A_recon,-0.8569894,0.25085247,-1.3007699,0.48844922,0.6746757
A_recon,1.3257053,0.994089,0.06655693,0.21283099,0.34228423
A_recon,0.20706224,0.49594742,1.1026005,0.1326963,0.3757792
A_recon,0.6987357,1.5466335,1.0459145,0.50606495,0.27327532
A_recon,1.4489834,-1.2223115,-0.6893749,0.7850853,0.45769525
A_recon,0.8985472,-0.42924887,-1.2943769,0.29500645,0.5351105
A_recon,-0.55687,-1.3909595,1.5747752,0.76877177,0.4237919
A_recon,0.32637024,-0.71984285,-1.0012292,0.5256295,0.5486992
A_recon,1.6331975,2.3311458,1.0377243,0.14904803,0.18812186
A_recon,1.948878,1.1178195,0.4113654,0.9649677,0.26846656
A_recon,0.42546558,0.047602415,-0.7805403,0.4016362,0.49141407
A_recon,1.6749828,-1.1493745,-0.06750855,0.29523426,0.35852498
A_recon,0.5542588,0.3793234,0.3258003,0.8469984,0.40491226
A_recon,-2.0220194,-0.3578068,-1.4002357,0.12446033,0.85546404
A_recon,-0.86942005,-1.7012479,1.1167982,0.7335905,0.5263744
A_recon,0.86062574,0.913916,-2.0038419,0.18782474,0.5878914
A_recon,-2.198203,1.3459508,0.5224371,0.3924918,0.6105763
A_recon,-0.073174,1.9967217,-0.4728024,0.23189987,0.49018234
A_recon,-0.6296587,0.15147933,-0.3971908,0.841228,0.6039676
A_recon,-0.13440228,0.6350677,-1.894387,0.39007455,0.6461526
A_recon,-2.3619099,1.2694113,-0.009587944,0.9746928,0.7125945
A_recon,0.61420584,0.567657,1.7008958,0.6252615,0.23824449
A_recon,-1.5919318,-0.6620267,1.1387107,0.6936228,0.538369
A_recon,-3.080121,-0.80755085,-0.35712433,0.52152514,0.8412796
A_recon,-3.8028312,0.23100315,-0.5871498,0.3089682,0.8954702
A_recon,0.6819682,1.2153738,-0.54582167,0.39555642,0.43440127
A_recon,-1.6045823,-0.6277152,0.6250447,0.9409342,0.6357833
A_recon,2.6412451,-0.6228638,-0.048033863,0.2012032,0.26948953
A_recon,4.158391,0.19115824,0.35097426,0.9882189,0.100926556
A_recon,0.19222164,0.20041412,0.3341534,0.75830585,0.42982262
A_recon,1.7143884,0.65510064,0.7907789,0.35978693,0.20057224
A_recon,1.3028147,0.88840926,1.9640465,0.6415136,0.13155118
A_recon,-0.40629816,0.17648199,1.3889054,0.38098153,0.38986292
A_recon,0.6684189,1.4363105,-0.66329885,0.38149294,0.4288035
A_recon,-2.5842085,-0.04968667,-0.87241876,0.50380296,0.8267012
A_recon,0.94555545,0.50883484,-1.8681693,0.016722823,0.63132125
A_recon,-1.1357594,0.54883015,0.7924036,0.49357155,0.5071413
A_recon,2.4044116,0.53031194,0.03497088,0.9715984,0.2913753
A_recon,-0.9994602,-0.23487127,-1.6607785,0.28546524,0.74593943
A_recon,0.15114975,-1.4631479,-0.045252293,0.74821794,0.5216042
A_recon,0.031161308,0.36598712,0.5854409,0.4427889,0.41123867
A_recon,-0.33749866,0.38480037,-1.0197914,0.20928104,0.62520516
A_recon,2.215108,0.46310222,1.5410426,0.9050026,0.14702299
A_recon,3.9479427,0.8632524,0.48264706,0.016827285,0.11280589
A_recon,1.0612361,0.40604115,-1.4457052,0.30350894,0.51668006
A_recon,-0.71303034,0.7381097,-0.3998054,0.9990259,0.6117207
A_recon,-0.4336958,2.5482156,-0.43274775,0.2621468,0.49886012
A_recon,-2.0856981,-1.6382599,-0.5140862,0.8490445,0.80263335
A_recon,-0.55062103,-1.5964799,1.4452616,0.60568315,0.44992575
A_recon,-0.24421978,0.620572,0.5273005,0.8060357,0.44852233
A_recon,-1.0170875,0.68988353,2.4435866,0.63031775,0.32182312
A_recon,-1.6528168,1.871839,-0.5094475,0.36269686,0.6335188
A_recon,-1.8051386,-1.053205,0.80645514,0.7607888,0.60181916
A_recon,1.2382092,2.1591477,0.09835935,0.026484549,0.36103025
A_recon,-1.9207206,0.14797992,-0.025547683,0.44681296,0.67084515
A_recon,-0.6852732,0.035992026,-1.867041,0.37185457,0.7182302
A_recon,1.2910094,-0.5060205,-1.0879567,0.477074,0.46777743
A_recon,-0.051433563,-1.2768769,-0.72899604,0.12762068,0.64313406
A_recon,3.05228,0.45586914,-1.8395191,0.22250687,0.36477503
A_recon,1.3903112,0.039658546,0.27129805,0.5620516,0.30888933
A_recon,-1.0394926,0.81371075,1.4455861,0.3877691,0.42280465
A_recon,-0.3313856,-1.5225158,-0.79864335,0.7916562,0.6390485
A_recon,2.08328,-0.7780854,0.1270898,0.6051366,0.2947871
A_recon,-2.6420364,0.76153916,0.0652684,0.8612667,0.72539175
A_recon,2.0749216,-0.6895712,1.0395025,0.73236084,0.21162352
A_recon,2.0362706,-1.4288988,-0.10147989,0.60182345,0.33239043
A_recon,2.965039,1.3048128,0.23037553,0.2876156,0.14930704
A_recon,-1.9480686,-0.009122789,2.2015429,0.78276044,0.4720797
A_recon,-1.1784616,1.8530469,-0.77692556,0.25126758,0.6290387
A_recon,-1.1476989,0.7223107,-0.639073,0.075211115,0.67517245
A_recon,-2.0613961,-1.1450775,-0.3868981,0.9628646,0.78327346
A_recon,1.4456062,-0.03233832,1.0776359,0.5400112,0.23743911
A_recon,-0.007868767,0.97263813,1.7474456,0.7738943,0.30692664
A_recon,-2.2532048,0.3452825,0.7770119,0.5292228,0.62200695
A_recon,-0.9397054,-0.173343,1.1223011,0.6115797,0.46676666
A_recon,2.1049736,-0.013343364,0.22132325,0.03389225,0.34073997
A_recon,-0.13636923,1.7517576,0.85015047,0.18679368,0.40060258
A_recon,-1.82167,1.7806234,-0.28512567,0.6746894,0.63938123
A_recon,-0.8648143,0.3423989,1.6779358,0.5705646,0.400651
A_recon,0.4767809,0.25621474,-1.3189305,0.15855503,0.5869501
A_recon,0.91614175,-0.8072904,-1.8340603,0.9520293,0.63498694
A_recon,-0.08928394,2.1148279,-1.198133,0.15435363,0.5652684
A_recon,0.061932087,0.6099038,0.63863647,0.51030326,0.39112774
A_recon,-0.07490492,0.28913766,-0.81113994,0.14400287,0.60962343
A_recon,-1.3595033,-1.0190651,2.048979,0.7173717,0.45197985
A_recon,2.4670656,0.9347402,-0.7909307,0.276313,0.29210746
A_recon,-0.28242874,-0.42742592,-0.5964184,0.13413398,0.6248504
A_recon,0.6100931,0.6518574,-0.17079285,0.04598718,0.49291846
A_recon,1.9016623,1.228553,-0.523356,0.17483553,0.3428592
A_recon,3.191892,2.00127,0.35925704,0.19179872,0.10096954
A_recon,1.0679104,-1.1967311,-1.4009442,0.5369721,0.5356512
A_recon,1.451328,-0.6706696,-1.0030429,0.4510389,0.45151803
A_recon,2.0476882,-0.60452837,0.28366858,0.95729434,0.3314918
A_recon,-0.051279068,-0.18298423,-1.4789782,0.95415133,0.67955804
A_recon,0.42755365,-0.9001927,-1.2010099,0.7965461,0.5905407
A_recon,-2.756672,-0.4296049,0.5932869,0.67158765,0.68881506
A_recon,1.5389299,-2.3276603,0.9681685,0.8450231,0.34132352
A_recon,1.5700006,-0.84386975,0.035421193,0.9387518,0.41690814
A_recon,1.0924175,0.13636607,0.89820397,0.02261773,0.36290622
A_recon,1.14835,1.5426595,1.1461844,0.118105225,0.25594917
A_recon,1.7436285,-0.301408,-0.8083446,0.36026388,0.39430168
A_recon,0.86378217,1.0626564,-0.22647074,0.093586855,0.45363015
A_recon,1.1941893,0.12827691,0.4223544,0.5995245,0.3172595
A_recon,-2.3355064,0.21965304,-0.059375614,0.26036423,0.71266055
A_recon,-1.1188936,2.0251887,0.16069525,0.26433972,0.53347754
A_recon,-1.5889902,0.9259336,-1.6077226,0.288328,0.77691567
A_recon,-2.3229575,0.70686775,0.14605016,0.09771566,0.7062757
A_recon,-0.74446774,-1.8116248,1.0808119,0.74094445,0.5097969
A_recon,-2.2693186,-0.4305129,1.6031346,0.65067244,0.5635589
A_recon,0.87297344,-0.52404314,0.28310817,0.6065081,0.38323662
A_recon,0.77333593,2.2997665,0.71933734,0.03404558,0.33229294
A_recon,-0.8248925,-0.07811457,0.28184593,0.42946413,0.5382525
A_recon,-1.1834807,-2.3380694,-0.11021727,0.6852036,0.6647419
A_recon,-0.21044016,1.3096869,-1.6607285,0.15634665,0.6498373
A_recon,2.0956757,-0.8091547,0.14229035,0.38565785,0.28784785
A_recon,2.181949,1.3227789,-0.056848496,0.019834146,0.31954485
A_recon,0.6760607,0.6763034,-0.9925407,0.081857994,0.55823284
A_recon,0.17014599,-0.64177996,-2.2700691,0.21645358,0.71735644
A_recon,-0.4173026,-1.089417,-1.1096649,0.41465017,0.6430997
A_recon,-1.1340661,0.23661625,1.6278241,0.46324003,0.42159986
A_recon,1.4750929,-0.30384648,0.35269225,0.88452154,0.35296303
A_recon,0.87914395,-0.777523,-1.3776697,0.31665844,0.5482603
A_recon,-2.1265454,1.0717124,0.39292246,0.021463877,0.6573421
A_recon,-0.6474652,1.4540329,1.0389347,0.8262234,0.42026156
A_recon,0.3494115,0.28592962,-0.3044749,0.061846934,0.5410707
A_recon,-0.9366832,1.2414052,1.7445598,0.09299199,0.39106482
A_recon,-0.89113235,-0.22520483,-0.6351542,0.96318173,0.6782611
A_recon,-0.054793358,-1.492552,1.8747928,0.7533654,0.35356417
A_recon,-2.5752225,-0.19511497,-1.2686417,0.3378542,0.87363505
A_recon,0.66835546,1.780515,-1.1161525,0.13217884,0.5349316
A_recon,2.209122,1.0036088,0.22129315,0.38673058,0.22501422
A_recon,-1.8974118,2.2321396,-0.9630047,0.3391949,0.7006385
A_recon,-1.6997275,-1.3179429,-0.54473263,0.8744412,0.7581495
A_recon,-0.69509983,1.637943,-0.6690182,0.41875303,0.5503445
A_recon,2.7509665,-0.858216,-0.11590108,0.082045004,0.31471118
A_recon,1.9398391,-0.91043514,1.0393822,0.9268052,0.28741097
A_recon,-0.9713211,0.7969604,1.7163484,0.6223134,0.3960675
A_recon,-0.6933603,2.1822402,-0.08587882,0.11670986,0.5363058
A_recon,-0.4335575,1.0501959,0.289989,0.11317416,0.5128877
A_recon,3.7199593,-0.7330896,0.16051525,0.46593323,0.123324856
A_recon,-1.1173496,0.78188956,-0.41093847,0.09208897,0.6624031
A_recon,-2.8480105,0.56003153,0.9299662,0.6317522,0.65079606
A_recon,1.5525076,-1.3673251,1.2450871,0.6163838,0.2383828
A_recon,1.2325375,0.33945632,-0.8561745,0.032081347,0.52231634
A_recon,-0.35071898,0.15652439,1.4403113,0.80742276,0.3855723
A_recon,-2.048545,-0.23891002,1.5994127,0.7867948,0.542801
A_recon,-0.13961697,-0.21931374,-1.3251793,0.9153083,0.671812
A_recon,-0.20100689,-2.2871993,0.03326702,0.6703066,0.56062335
A_recon,0.55910254,-1.0521293,2.0620406,0.6928622,0.2578892
A_recon,-0.2808318,-0.3645966,-2.0187688,0.16374165,0.74020517
A_recon,2.5230832,0.8695117,-1.2514207,0.023888813,0.41790918
A_recon,0.80690575,1.121203,0.43601233,0.06556315,0.39321512
A_recon,0.5236573,1.337285,0.17292786,0.9644613,0.42605388
A_recon,-1.4518657,-1.1460817,1.3951076,0.6457214,0.521783
A_recon,-1.3014622,0.13490951,1.7585912,0.9469067,0.46089914
A_recon,-2.422626,-0.21862656,-1.2880623,0.34938437,0.84184515
A_recon,-0.25257683,-1.1959317,0.52693725,0.7552216,0.49741286
A_recon,2.432081,1.1090105,-1.0618501,0.06539897,0.39564312
A_recon,0.067150116,0.41352093,-1.1010094,0.16620517,0.6066232
A_recon,-1.4199839,2.3947592,-0.98700094,0.27713335,0.64376926
A_recon,0.35933256,-0.45371556,-0.24208948,0.55031824,0.4717726
A_recon,-0.9069762,0.614203,2.1764758,0.55740887,0.34676823
A_recon,-0.5941076,-0.34600127,1.3888977,0.49898645,0.41003004
A_recon,0.26983404,1.4737408,0.9962443,0.42446357,0.31875056
A_recon,-1.9194102,-0.5920041,0.62787306,0.5757052,0.63467926
A_recon,-0.35676384,-0.87591344,0.851696,0.9666624,0.51664317
A_recon,1.8750954,-0.50611395,-0.5286447,0.45807955,0.3540404
A_recon,0.4169159,-0.9711357,-0.11302611,0.8374714,0.51243865
A_recon,-1.448225,0.6446969,-0.8923771,0.055871964,0.7348913
A_recon,1.7871847,-0.8070664,-0.57960314,0.38558725,0.37792838
A_recon,-2.0025263,-1.5794318,-1.1044219,0.56049645,0.81745696
A_recon,-2.637671,-0.026584089,0.7835475,0.62032056,0.6546758
A_recon,1.980499,-0.44081277,-0.28937066,0.25001833,0.33469406
A_recon,1.2901154,0.9429617,0.6454499,0.399291,0.27863497
A_recon,-0.17240429,1.3105335,-0.15683585,0.94700617,0.5121914
A_recon,-1.5451784,1.1994909,-0.4705887,0.64885074,0.6266721
A_recon,2.3701818,-1.0836644,-0.6197138,0.58496624,0.33736527
A_recon,2.0875096,0.9492456,0.7167437,0.065298714,0.2558162
A_recon,1.9753735,2.7713706,0.9108527,0.05217626,0.1860671
A_recon,-2.360838,0.83893645,-0.21885192,0.21139845,0.7263856
A_recon,3.5716496,0.88491166,-0.04766822,0.13782278,0.16141762
A_recon,-2.3535695,0.08800873,-0.046960413,0.9837499,0.7527768
A_recon,0.092142105,1.3068528,-0.097783774,0.0027471476,0.5076407
A_recon,0.80851316,0.18639302,0.45115733,0.36584353,0.35917202
A_recon,-1.2211318,-1.4661653,-1.7005042,0.05842245,0.85249686
A_recon,2.0426767,-0.061828375,1.6242442,0.64001054,0.12744604
A_recon,-0.24403715,-0.5865132,-0.35102624,0.0465332,0.60873556
A_recon,0.10586262,0.1463167,0.60321,0.06840964,0.4678306
A_recon,-0.968513,-1.1776989,-1.4910364,0.0799425,0.79143965
A_recon,0.30270815,1.8756492,-0.13054848,0.27178514,0.41864938
A_recon,-0.7722182,-1.2800632,0.34782708,0.5763581,0.5633414
A_recon,-1.1043634,0.63204014,0.67582095,0.8054486,0.51933295
A_recon,3.0937538,-0.1488232,-0.85234773,0.2671916,0.27295974
A_recon,3.024323,1.5051365,-0.12813532,0.28317106,0.15931958
A_recon,0.29698992,-2.0841317,0.6247097,0.82448214,0.48599783
A_recon,-1.384964,0.3203596,-0.6361297,0.7459484,0.68025297
A_recon,-1.7240591,2.1237645,-0.87376416,0.12681475,0.69235736
A_recon,-0.20103645,-1.1550672,0.7561964,0.8063489,0.47346896
A_recon,-1.8916521,0.26738948,-0.2169731,0.8312511,0.7005792
A_recon,2.0072844,-0.8267316,0.36978996,0.17782578,0.30701053
A_recon,-0.9194455,-0.99569553,0.26901197,0.626948,0.5505072
A_recon,-1.4306722,0.7576535,-1.4375641,0.19674362,0.7480077
A_recon,1.7934484,0.6820148,-1.0617119,0.24349271,0.40570226
A_recon,-1.6806059,0.14507759,0.30010974,0.49400577,0.61402136
A_recon,-0.24906969,-2.2957804,-0.15063429,0.52222,0.5882224
A_recon,-1.2008328,0.72141445,0.4787659,0.47903353,0.53627795
A_recon,-1.8094578,0.23402762,1.9078572,0.54114103,0.47301388
A_recon,2.7626286,0.12327474,-1.6940235,0.21316467,0.3986265
A_recon,-0.44507694,-2.0754726,0.7620442,0.77858037,0.51930207
A_recon,0.6258235,-0.35805964,0.5732719,0.27784842,0.37340516
A_recon,1.5152559,-0.6332324,0.72928107,0.9126833,0.3352398
A_recon,-0.57552195,-0.6817382,1.2844763,0.5151553,0.43127188
A_recon,1.545048,0.49286047,-1.4952341,0.30368406,0.4555932
A_recon,1.8573909,0.46571895,-1.0792007,0.17438391,0.4322306
A_recon,-1.116355,0.46643192,1.3924192,0.48520395,0.4454497
A_recon,0.56545734,0.04001409,0.79978395,0.3762973,0.34469363
A_recon,2.411328,-0.526802,0.97502327,0.6230938,0.1565181
A_recon,-1.5430107,-0.558749,0.104283035,0.49845958,0.6352304
A_recon,1.9526167,1.7377615,0.12725419,0.036959697,0.30740726
A_recon,1.6694179,-1.8421855,0.6757114,0.8330948,0.34394196
A_recon,0.9299743,1.0994952,-1.877892,0.051673938,0.6038136
A_recon,-0.9728074,-0.93423885,1.6649303,0.8275952,0.47667947
A_recon,0.07022524,-0.9511444,-0.87065864,0.8127496,0.61988944
A_recon,-2.5731578,0.38881713,-0.57046413,0.9239831,0.81368995
A_recon,-0.5202031,-0.7715427,1.2416767,0.66440105,0.44001937
A_recon,4.2474294,1.2800539,-0.30161104,0.16062364,0.10972397
A_recon,2.5039873,0.6085034,0.19870222,0.4419294,0.20185244
A_recon,-1.2352333,-1.9359984,-1.6122262,0.43943265,0.7984224
A_recon,-1.8225536,0.13625756,0.42798918,0.632333,0.62448597
A_recon,3.6199465,0.40162668,0.25576627,0.38113752,0.08031129
A_recon,1.8202121,-1.3714242,1.2037562,0.6756781,0.2289452
A_recon,1.9299455,-0.30247366,-0.14336917,0.20390739,0.34962153
A_recon,1.8711782,0.03604904,-0.8869133,0.3533508,0.37089378
A_recon,-2.9156923,0.61769384,-0.4977877,0.5433134,0.7918715
A_recon,-3.9719338,0.818086,-0.38775134,0.42765105,0.8829692
A_recon,0.21625185,0.12745517,-1.1243632,0.12252565,0.6116067
A_recon,-1.3542376,-0.22773242,-0.8420451,0.9658281,0.75925267
A_recon,-0.9002795,-0.84848124,0.3433767,0.6912954,0.5653062
A_recon,2.5240529,-0.9364067,0.19436246,0.83303505,0.26635265
A_recon,-2.0475855,-0.710156,-0.6130425,0.35746074,0.75845176
A_recon,3.9218342,-0.021687746,0.47247136,0.9448959,0.11742511
A_recon,1.3046951,-1.1145954,1.6515925,0.8124471,0.26045558
A_recon,4.076197,-0.45555878,0.23071724,0.97950625,0.12899536
A_recon,1.5641022,0.55707204,-2.076023,0.19739425,0.5446362
A_recon,-1.659071,1.9722366,-0.48617968,0.47716948,0.63057363
A_recon,1.9132993,-0.9754496,0.39527094,0.385849,0.27777898
A_recon,1.9734817,-0.1727125,1.4229485,0.613895,0.15571314
A_recon,0.9846134,1.222502,-1.8383237,0.25021973,0.5301607
A_recon,2.9630847,1.5589173,0.3302173,0.10047229,0.17787617
A_recon,-0.60840607,-1.444798,-0.25939974,0.4766166,0.601814
A_recon,-1.9541521,-0.8931511,0.88167727,0.63947195,0.60877633
A_recon,-0.747139,-1.7005849,-0.8052349,0.3840154,0.6811136
A_recon,-0.75825644,0.43649638,1.1473057,0.98743933,0.46817055
A_recon,0.81459546,-1.0021341,-0.6561196,0.40598878,0.50165313
A_recon,1.5017579,0.049987525,-2.6995661,0.29981554,0.58378774
A_recon,-0.2910161,1.4724538,0.9545497,0.81389785,0.3915028
A_recon,-2.7397742,0.42739987,-0.88998055,0.4666898,0.82594967
A_recon,-3.6071792,0.9753954,-0.23649389,0.27321678,0.83381754
A_recon,-1.4093618,0.32926017,0.6611054,0.28649104,0.56279063
A_recon,-1.9108801,0.089116335,-0.91264546,0.9471558,0.7939547
A_recon,1.3553381,0.8473168,1.4974597,0.96173674,0.22252356
A_recon,1.1321652,-0.6451456,-0.31059742,0.6462369,0.4146876
A_recon,-1.5846715,-0.22610754,-1.753748,0.27876797,0.82392776
A_recon,-0.0043549538,-1.9452424,0.318681,0.71136904,0.51173073
A_recon,-2.1517625,0.9114911,-0.3918754,0.21676949,0.7212734
A_recon,2.994351,1.0001254,0.20949739,0.3220847,0.15066838
A_recon,3.147584,-1.1230068,-0.018503547,0.54173636,0.19944817
A_recon,1.3047748,-0.11637837,-0.17922983,0.40114415,0.3691804
A_recon,2.284965,0.61599743,0.5405115,0.35102385,0.18849443
A_recon,0.17619562,-0.18850428,0.74323463,0.97413445,0.45037156
A_recon,-2.1389265,1.1963208,0.31431454,0.17020617,0.653737
A_recon,-0.31463242,-2.2546566,0.036577523,0.61377853,0.56716514
A_recon,0.8454001,1.9607091,1.324335,0.038541388,0.26931667
A_recon,4.50947,0.7535919,-0.4465738,0.09171474,0.15677053
A_recon,-3.235703,0.37030667,-0.7502306,0.209996,0.873088
A_recon,-1.4858537,0.58171743,1.4026581,0.9916862,0.51012665
A_recon,0.054299355,1.022332,1.365867,0.72642463,0.30980656
A_recon,-3.4794564,0.36289084,-0.26266012,0.8680381,0.8512612
A_recon,0.35846663,2.3573215,0.28719574,0.049483784,0.42149147
A_recon,-0.9510722,-2.260587,-0.5303927,0.68143845,0.6856593
A_recon,-0.6738038,-1.8239672,-0.3072613,0.4399365,0.62579334
A_recon,-2.0114498,0.076256275,-1.1007526,0.41641995,0.77093154
A_recon,-3.4278178,-1.2143464,-0.45792988,0.7082548,0.89808196
A_recon,-1.6559634,-1.0958829,-1.0016471,0.30831894,0.76862365
A_recon,2.5423563,0.487029,1.1131529,0.51346785,0.10487938
A_recon,1.7131157,-0.40596092,0.1149168,0.26072472,0.32550934
A_recon,-2.178277,-1.1784346,-0.8595552,0.39140406,0.8017381
A_recon,-0.8647618,-1.8177388,0.3172139,0.53332615,0.5910273
A_recon,1.2163129,1.6533947,0.22208422,0.157881,0.34216362
A_recon,-0.05445528,1.2488301,-0.6086199,0.27618712,0.52168196
A_recon,0.52591133,-0.3653438,-0.22150436,0.4204059,0.45673707
A_recon,1.4352992,1.0269092,1.1514574,0.47274798,0.20494863
A_recon,-0.59256124,0.9530722,-0.012429595,0.80000395,0.5212349
A_recon,-3.4473968,0.4289166,0.85315514,0.6429501,0.72622025
A_recon,0.6398306,-0.98123163,0.17651588,0.56249005,0.41662955
A_recon,1.6134064,0.33760196,0.40168482,0.8698674,0.31695595
A_recon,3.2919283,0.15605971,-0.0027242303,0.19734886,0.17827696
A_recon,2.9543014,0.27255195,-0.7334326,0.10408304,0.34539112
A_recon,2.399074,-0.60893005,-0.34639305,0.39372522,0.28989047
A_recon,-2.902174,1.0929284,0.28427696,0.13718995,0.7309173
A_recon,-0.77842,-1.1397827,0.04325813,0.55598104,0.58299446
A_recon,-2.3876438,-0.0063622594,1.1484157,0.5736433,0.606093
A_recon,-0.76840496,1.0777564,-0.8378299,0.13159356,0.64910316
A_recon,1.7816942,-1.5144393,1.5833535,0.716054,0.19857484
A_recon,0.8280823,-1.2543728,0.052322328,0.5565395,0.43496293
A_recon,1.0336797,0.69162875,0.17710328,0.42318198,0.33073625
A_recon,1.1067283,0.92176676,0.52161634,0.9174818,0.34333178
A_recon,-2.8583922,0.431721,1.0622835,0.85591227,0.6612813
A_recon,-0.30049324,-0.7638226,-1.5951246,0.22096917,0.6989969
A_recon,1.4880707,1.3691516,0.8216474,0.16658318,0.24819742
A_recon,0.47816896,-1.1048806,-1.2972155,0.9155364,0.62856925
A_recon,3.4894462,0.63608533,-1.1039282,0.1572519,0.27243516
A_recon,0.91373086,-2.2963047,0.47466886,0.7572063,0.4216051
A_recon,3.3527074,0.34610438,-0.24970046,0.31251702,0.18292047
A_recon,-2.808847,0.23539212,0.3200845,0.36118534,0.7243392
A_recon,1.6041348,-0.7322709,0.98478043,0.55372465,0.25965908
A_recon,1.371006,-1.9403691,-0.041086406,0.9259642,0.45149893
A_recon,-0.22686863,0.90485245,-0.0813826,0.0020568431,0.54409665
A_recon,0.771014,1.3161612,-1.8843257,0.16228734,0.5826324
A_recon,-0.68474007,0.56698644,1.6974211,0.7202118,0.37445453
A_recon,0.09571552,1.8108077,0.6836066,0.39446652,0.35689992
A_recon,3.2727647,-0.02178514,-0.08946958,0.28781042,0.18263312
A_recon,0.64915323,-1.1502073,0.52673006,0.96289563,0.45125055
A_recon,-0.7283106,0.9237653,-1.8176566,0.26402843,0.7146462
A_recon,-3.691115,-0.28669816,0.29567784,0.71416694,0.82405365
A_recon,-1.1475644,0.33770865,1.2772915,0.96422565,0.5059208
A_recon,1.1537943,-1.5897276,1.4818398,0.76276606,0.27796474
A_recon,-2.131312,0.67495775,1.3197547,0.70941406,0.5534221
A_recon,0.00518322,-2.3592288,-0.003386557,0.7232067,0.55607396
A_recon,1.6623399,-0.15183347,0.9015913,0.8052261,0.24864048
A_recon,-0.40897226,0.5353408,1.2321801,0.27121365,0.39078528
A_recon,-1.4226999,0.5192421,1.8040841,0.62668675,0.43366545
A_recon,-0.41431475,-1.1521306,-0.49788642,0.8028859,0.63587075
A_recon,-2.5805893,0.5433816,0.100150645,0.88822967,0.7242837
A_recon,1.0370395,0.37937528,1.2004485,0.90583414,0.30560285
A_recon,0.7862189,-0.26609755,1.7172534,0.9038964,0.28773248
A_recon,-0.4209361,0.2039985,0.7014257,0.0976338,0.49793673
A_recon,-2.0553703,0.37398744,0.8422214,0.37640607,0.5934441
A_recon,0.7615719,-1.1890845,1.1377202,0.45639208,0.32986897
A_recon,-1.0267396,0.29779541,-0.6639525,0.8916854,0.6746948
A_recon,2.291735,0.18197101,-0.50509495,0.41925362,0.2919206
A_recon,-4.0003295,0.41881955,-0.36247575,0.2649121,0.9110655
A_recon,2.7596679,1.1744237,-0.4662196,0.019858774,0.3068856
A_recon,-0.52463245,0.77614117,-1.7096578,0.28875428,0.6685561
A_recon,-1.3037791,-1.5129495,0.5948695,0.78072417,0.6164307
A_recon,0.76864886,1.2143793,-1.5531818,0.020170938,0.58398205
A_recon,3.638454,0.38147473,-1.4131105,0.16499393,0.307356
A_recon,-0.22831917,0.41225088,-1.8413961,0.31096843,0.66130483
A_recon,0.5516882,0.13914454,0.8119693,0.5320111,0.3427744
A_recon,-0.7014246,1.3376546,0.4904399,0.3630433,0.47019273
A_recon,-0.8827772,-0.5948084,-0.63044447,0.8826397,0.67763925
A_recon,3.4754455,0.07723218,-0.60476506,0.20747763,0.21623443
A_recon,0.9741843,-1.5787301,0.33286488,0.5616344,0.39674702
A_recon,-1.843471,-0.46278548,0.35223407,0.7778175,0.65062094
A_recon,1.5828829,1.0984604,0.47963047,0.9296082,0.29965708
A_recon,-0.5807023,0.59519243,1.002087,0.87348026,0.46630374
A_recon,1.9976146,2.245765,0.349055,0.13552101,0.23398633
A_recon,0.79146266,-2.540153,1.1973414,0.7918001,0.37815955
A_recon,-1.0800166,-2.0616362,0.41351014,0.67534626,0.60492295
A_recon,2.2591386,-0.06130904,-1.0824575,0.42160356,0.35453773
A_recon,-3.3134189,0.2835011,-0.57295656,0.0255671,0.884455
A_recon,0.84973574,-1.1690371,-0.14654374,0.16798148,0.48687673
A_recon,-0.8908396,-0.40164256,1.7362025,0.7494608,0.41502342
A_recon,2.243146,1.9124498,-0.14519027,0.08400477,0.29787195
A_recon,0.2459755,-0.2659191,0.8832835,0.31264994,0.3819063
A_recon,0.43603563,-0.12956846,0.827227,0.25521243,0.3663926
A_recon,-2.4253573,-0.07654005,1.2974776,0.7461009,0.60240465
A_recon,2.5739992,-0.6659998,-0.56499183,0.35905984,0.30306426
A_recon,-2.710146,1.5327177,-0.9740316,0.087188244,0.8267325
A_recon,4.5940375,0.20084557,-0.24446613,0.3704421,0.025622502
A_recon,0.19660425,-0.82840997,-0.09353572,0.32682988,0.50218564
A_recon,-0.62565756,-1.5029733,1.2692964,0.71702135,0.46415833
A_recon,-0.83420086,-0.9057681,-1.6366129,0.3201222,0.75284934
A_recon,-0.021878242,1.1717665,1.8521316,0.6936157,0.28533292
A_recon,-0.7409892,-1.4128344,-0.95180553,0.5385944,0.6706317
A_recon,-0.9655638,-0.6369646,1.2912341,0.8877328,0.50409573
A_recon,-0.64227915,0.46767232,0.8739475,0.7333652,0.4516709
A_recon,-1.8247852,1.7252016,-1.141948,0.40791875,0.7155132
A_recon,-1.1293044,-1.1944499,-0.7310178,0.4849095,0.68515885
A_recon,2.932412,-0.46717823,-0.28997895,0.47138575,0.23381029
A_recon,0.61201954,-1.1334887,-0.7566261,0.8717024,0.5699609
A_recon,-0.77587605,2.544638,-0.9150871,0.13803618,0.6026174
A_recon,-0.03249693,1.4577742,1.0416417,0.42423,0.3499335
A_recon,0.5262232,1.3147417,0.73830867,0.53491205,0.31249273
A_recon,-1.7435236,-0.5247627,-0.5996965,0.43622282,0.72073925
A_recon,-1.6267638,0.29690683,1.6364436,0.5980285,0.48763418
A_recon,-3.5899577,0.068941146,-0.5116123,0.4988431,0.87589693
A_recon,-0.060719013,0.00023752451,0.8792881,0.41369575,0.3939003
A_recon,-1.5669088,1.0076972,-0.48491257,0.686813,0.65195787
A_recon,-2.49654,1.2403387,-0.62899584,0.32932246,0.74781704
A_recon,0.5324769,-1.5102761,-0.43548447,0.606901,0.51699245
A_recon,0.79092455,-0.7763893,-0.65764123,0.72855836,0.4936646
A_recon,-0.59518194,1.9418056,0.12701112,0.13064663,0.51617265
A_recon,-2.049273,0.8154818,0.18445218,0.3264521,0.6469588
A_recon,3.4064236,-0.30877167,0.6974559,0.94470453,0.15397035
A_recon,-1.209549,1.1224267,1.2425883,0.9660213,0.48813373
A_recon,-1.0489836,0.44417208,0.3060066,0.9923888,0.5832967
A_recon,2.9920812,-0.16748667,0.025218427,0.042525835,0.27895182
A_recon,1.5318956,-1.3865905,0.9632553,0.82650876,0.30774674
A_recon,-1.9288664,1.0454884,-0.22839749,0.9352758,0.6794671
A_recon,3.4254255,-1.2114015,0.35347456,0.90194446,0.19886242
A_recon,2.328505,-0.9149341,0.48813736,0.7149413,0.2401257
A_recon,0.092095375,-0.40055472,1.9024601,0.67561936,0.2991788
A_recon,-3.0697618,0.3201034,-0.15017593,0.71960664,0.79552305
A_recon,0.9733894,-0.36162812,-0.017166704,0.57488585,0.39928392
A_recon,-0.6873808,1.6323888,0.73886275,0.7884201,0.44644785
A_recon,3.5425477,-0.33637935,0.6148609,0.5019296,0.068956785
A_recon,0.6746249,1.5377247,0.24302167,0.2259375,0.3626342
A_recon,1.3530464,-0.04401183,-1.9804522,0.09434903,0.60093707
A_recon,0.91595745,-0.7530629,-1.8192656,0.9082557,0.6238447
A_recon,1.0552208,-2.1903374,1.6064401,0.754879,0.293013
A_recon,-1.553884,0.68350977,-1.0302444,0.17724194,0.7412864
A_recon,-2.2666445,-2.0908115,-1.1043057,0.82245827,0.893899
A_recon,1.4772682,-0.12094849,-0.9371183,0.30034676,0.4362435
A_recon,-3.0736084,-0.09382385,-0.11288813,0.635655,0.79188514
A_recon,-0.34663248,0.04459864,0.6751847,0.35615286,0.45354262
A_recon,-0.9498849,2.3474953,-0.7625246,0.21416308,0.60706383
A_recon,-0.38651705,1.335021,-0.16655558,0.17560877,0.5371754
A_recon,-0.20650053,0.7212141,1.2350265,0.070950314,0.40714043
A_recon,1.131984,-0.65187913,0.39270276,0.07443856,0.42375138
A_recon,0.64017296,0.47186163,-0.66098744,0.06909021,0.5422026
A_recon,1.1544943,0.2806664,-0.15114215,0.08991877,0.4473488
A_recon,-1.7037029,1.1851047,0.48528653,0.8340293,0.5836152
A_recon,0.07350397,-2.3205156,0.20992345,0.5178083,0.52423996
A_recon,-3.2839036,1.3091637,-0.66778505,0.12858401,0.8580396
A_recon,0.87891626,-1.861155,0.116957664,0.5249947,0.43466547
A_recon,-1.5621576,0.27441758,0.25097996,0.5426298,0.6049831
A_recon,-0.5656524,-1.5500576,-1.0516751,0.49659204,0.67249006
A_recon,0.5090723,0.7411516,-0.3752554,0.20648636,0.47705215
A_recon,0.9327462,-1.0884056,-0.9074228,0.43439788,0.5064214
A_recon,1.3590109,0.57943004,0.46402997,0.87085646,0.32661504
A_recon,0.48016977,0.092446566,-0.44474608,0.38373548,0.47467685
A_recon,-1.1963892,-1.7061307,-0.9706726,0.5039852,0.73579866
A_recon,1.0846641,-1.7415478,-0.29577404,0.9302424,0.5000384
A_recon,-0.16906357,1.9326072,-1.4025388,0.2328014,0.5858252
A_recon,-1.1578951,1.1090517,0.7487891,0.7255077,0.49350923
A_recon,-1.3427982,0.25410202,0.13762087,0.48384133,0.58655
A_recon,-1.0119791,-1.4712982,-0.6294509,0.78736794,0.7035713
A_recon,2.639582,0.8711901,0.34613973,0.3596735,0.17734873
A_recon,1.2735589,-1.1415484,-0.2320331,0.54235864,0.41095817
A_recon,0.76271105,-0.16225404,-0.5686357,0.36828595,0.46976185
A_recon,-1.5222759,-0.6529805,0.72673774,0.86614925,0.604898
A_recon,-3.371964,-0.5235886,-0.2676347,0.91481787,0.8730194
A_recon,1.0676644,-0.48869407,-0.2936468,0.6318213,0.41454658
A_recon,1.8955538,-0.59128803,-0.8394258,0.9810202,0.44922197
A_recon,-1.111618,-2.118567,-0.35230815,0.73205566,0.6914774
A_recon,0.83600354,-1.192864,-1.5005519,0.83042395,0.5920625
A_recon,-2.656334,-0.24229348,0.15806639,0.8947207,0.7572515
A_recon,1.1051667,0.644346,-2.475098,0.27190575,0.5863836
A_recon,-0.45715475,-1.2097557,0.086568475,0.98667794,0.5920273
A_recon,3.554925,0.28358957,0.29613245,0.39041403,0.08572137
A_recon,2.1041033,0.9896354,1.1865038,0.49721253,0.11445631
A_recon,-2.346829,0.57873774,0.3627754,0.18032373,0.6876632
A_recon,-0.14648867,-1.5473337,1.7547038,0.8214788,0.3860434
A_recon,0.46719074,1.4023329,0.46230692,0.33689764,0.35394433
A_recon,-1.046855,0.5848025,2.1331296,0.68934447,0.371963
A_recon,2.4033415,2.2458754,0.5255022,0.2183556,0.15099487
A_recon,1.1338096,-0.77100605,-1.4208077,0.35136306,0.51420254
A_recon,2.6880522,0.5980818,-0.27098024,0.38424447,0.22828157
A_recon,1.8473976,0.05665353,-0.4562338,0.23662399,0.37096217
A_recon,0.45794106,-0.120795906,0.90883577,0.03506344,0.41958404
A_recon,-1.1921978,0.15447688,-0.15145826,0.7702089,0.6140171
A_recon,0.20868444,-0.55173415,0.39460564,0.95035464,0.49337706
A_recon,-1.503891,0.1594471,0.34244418,0.22624786,0.6209885
A_recon,0.95629764,2.1573524,-0.54439384,0.16265136,0.4204574
A_recon,-1.3659186,0.8875379,-0.75992405,0.3476042,0.6428467
A_recon,3.7376058,0.096977204,-1.2937689,0.082766004,0.31649038
A_recon,0.92512274,-0.8291591,-0.44583613,0.6497329,0.44744113
A_recon,0.9180894,1.8112948,-0.3279897,0.3685525,0.3696882
A_recon,2.1828544,-1.0011094,0.70193386,0.56247854,0.2219704
A_recon,3.4038348,0.41807136,0.94550025,0.90585,0.08412188
A_recon,-0.41784334,1.2546426,0.9746846,0.86157936,0.41973957
A_recon,-3.7579246,0.5057089,0.17046016,0.9216769,0.83166486
A_recon,1.1416242,-1.7294552,-0.046205193,0.9350577,0.46471897
A_recon,0.7527232,-1.5238235,1.4154761,0.5898194,0.3156384
A_recon,-2.2747078,1.3574398,-0.74339473,0.50230026,0.7332167
A_recon,2.2069662,1.0272797,-0.27888668,0.037615165,0.3505223
A_recon,3.7202735,1.8285449,0.40783083,0.10244131,0.09043321
A_recon,-2.0245676,0.8866862,0.3861521,0.5239234,0.6192055
A_recon,0.5518422,-0.71485716,-1.1432369,0.8560083,0.5911968
A_recon,0.061233997,-0.8920885,0.91888905,0.43263456,0.4145209
A_recon,2.445104,-0.86038476,0.012823284,0.0037293623,0.3510733
A_recon,0.33127785,2.2399442,0.23412967,0.2123031,0.37883294
A_recon,-1.5113931,0.6774093,0.4794181,0.7599704,0.5704049
A_recon,1.5426655,2.7316473,0.22780168,0.15841798,0.26760146
A_recon,1.2564712,0.75679433,0.25542492,0.19957633,0.32953894
A_recon,-1.6229649,1.5536242,-1.0466448,0.28553605,0.700413
A_recon,-0.055745125,-1.5541205,-1.5419879,0.6092834,0.679436
A_recon,-0.4247737,-0.9652495,1.8931348,0.8364056,0.39226893
A_recon,-0.5541954,0.74976194,-1.4183662,0.21889484,0.6633775
A_recon,-0.13451195,-0.5800056,-0.2869594,0.5994679,0.54611444
A_recon,-0.7582164,-0.7354414,-0.78130114,0.5299406,0.646874
A_recon,-2.4235125,0.89291775,-0.3113977,0.4448642,0.72746176
A_recon,-0.34284878,-1.9897699,-0.5311738,0.5804205,0.63192767
A_recon,0.28584528,-1.8105178,0.045719385,0.8141185,0.53011805
A_recon,-0.3150816,-1.1754715,-1.1788268,0.21748805,0.67399526
A_recon,3.504725,-0.50371546,0.3230226,0.49723417,0.11369993
A_recon,2.1252584,0.37451872,0.54505324,0.09792056,0.280194
A_recon,-0.8498168,0.6952443,-0.04231465,0.51323754,0.55115455
A_recon,-1.5444603,-0.79477984,0.63736403,0.7910079,0.60378146
A_recon,0.36308098,-1.2458758,-0.16392279,0.9985589,0.54816765
A_recon,-0.33313894,1.399399,-0.03898269,0.47569305,0.47671437
A_recon,-2.3294811,0.88087267,-0.35155568,0.2966034,0.71865493
A_recon,1.2359059,-1.0271964,-1.5809178,0.5795036,0.52706766
A_recon,1.3452117,-0.84994453,-0.5589816,0.37175205,0.42621556
A_recon,3.2839446,-0.46071905,-0.17189497,0.11700239,0.2446277
A_recon,-2.1706114,-0.84888965,-0.74975556,0.5244986,0.78610116
A_recon,-3.644978,-0.2983737,-0.3151241,0.7991357,0.88437223
A_recon,-0.5422282,-0.9578026,-1.1787064,0.8911273,0.7080483
A_recon,-0.7009344,1.3276927,-0.09669191,0.9781112,0.55862933
A_recon,2.9356532,-0.42243004,-0.6185709,0.36772463,0.26532206
A_recon,3.5709994,0.54770046,-1.1518216,0.25166517,0.23272067
A_recon,-0.14977884,2.4513633,-0.9140891,0.11082077,0.559689
A_recon,3.1809044,-0.62866265,-0.61002684,0.4362319,0.24395956
A_recon,0.8658576,-0.34497076,1.7494285,0.80702716,0.26062876
A_recon,0.27120543,-0.713016,-1.4820855,0.23464479,0.6348144
A_recon,-1.6626801,-1.5580461,-0.51061547,0.8495665,0.761977
A_recon,-0.75102234,-2.1541426,1.0397978,0.71173704,0.51857305
A_recon,-1.803442,2.460359,-1.2356901,0.20094281,0.7244065
A_recon,0.10524511,-2.1417365,0.9076005,0.63175154,0.4316587
A_recon,-3.054965,-0.4461903,0.10810119,0.8196922,0.8039645
A_recon,2.943846,0.87528765,0.9408815,0.9328704,0.12204833
A_recon,-0.879714,2.604288,-0.94878983,0.16221477,0.6033962
A_recon,-1.4473062,-2.4100502,-0.8346104,0.82201517,0.78370184
A_recon,-0.9879556,0.17343476,-0.8681524,0.7758491,0.6703375
A_recon,4.4823933,0.68221784,-0.3656425,0.24372163,0.049500126
A_recon,-1.1796179,0.61486,0.72485805,0.2945814,0.52344847
A_recon,-2.3643465,0.4020512,1.3450545,0.95708406,0.59477335
A_recon,1.3457649,-1.3615782,0.47200537,0.36201605,0.34974775
A_recon,-3.5438685,0.4807945,-0.40722525,0.2889761,0.8553354
A_recon,-2.4098363,-1.1331804,-0.6063608,0.7200111,0.809842
A_recon,-1.4290271,-0.1658001,-0.93168795,0.132906,0.7490881
A_recon,0.28943062,1.7111647,1.466125,0.48316932,0.2633592
A_recon,-1.1548061,-1.0392811,-1.0532653,0.35813314,0.70980597
A_recon,-0.86683273,-0.50575614,1.4930859,0.5439863,0.43282503
A_recon,0.41203117,0.14915454,0.68739676,0.60325015,0.38387847
A_recon,-3.9592881,0.66855675,-0.08234832,0.64010745,0.8627527
A_recon,1.0028183,-0.56482655,1.0368812,0.43239906,0.29792267
A_recon,-0.67066336,-2.0897517,-1.1609089,0.88693243,0.7293972
A_recon,-2.9548702,1.0935583,-0.31535488,0.8356761,0.7742099
A_recon,0.7337682,-1.4068947,1.1395792,0.9333578,0.39095807
A_recon,-4.489182,0.5739004,-0.19130659,0.44590566,0.92728126
A_recon,-1.1172152,-1.8354502,0.058993638,0.7300859,0.6548706
A_recon,-1.1063766,0.69149435,1.1541249,0.43069577,0.46286774
A_recon,1.928932,-0.33487028,-0.48968935,0.27878276,0.36421865
A_recon,0.472157,1.2147717,1.8068731,0.65188646,0.23149267
A_recon,1.5843542,-0.9725464,-0.5911609,0.94598716,0.45982397
A_recon,-3.2625914,-1.0312858,-0.6039804,0.8043079,0.9091033
A_recon,-3.623631,-0.06340808,-0.8141678,0.2852018,0.9305279
A_recon,2.0455313,0.5329642,-1.6397984,0.22810575,0.45102718
A_recon,-1.9047284,-2.087868,-0.6762354,0.7716455,0.8116441
A_recon,-0.021291733,-1.367259,-0.076049864,0.7051285,0.53436214
A_recon,-1.8413157,-0.5583438,0.80962527,0.86360174,0.62361556
A_recon,-1.6164494,1.534024,-0.8588946,0.1463616,0.70068127
A_recon,-0.30721712,-1.403244,0.85895956,0.86167926,0.4955947
A_recon,0.54934216,-0.62868947,-1.8736019,0.43262544,0.6139645
A_recon,1.8153079,1.5657854,0.68690574,0.27334547,0.20102122
A_recon,-0.08937597,-1.7038126,-0.72397435,0.34324467,0.60540384
A_recon,1.2893457,-0.6993554,-0.990487,0.9935039,0.512285
A_recon,2.3160312,-1.436312,-0.026282668,0.9560321,0.35872746
A_recon,1.5572844,-0.672236,-0.06284925,0.08374604,0.4250717
A_recon,0.33591175,-0.1633113,-0.4285013,0.31518847,0.49188238
A_recon,-1.2637196,0.3547877,-0.8000854,0.71957904,0.6781664
A_recon,0.79650784,0.5132751,-0.6725517,0.035325132,0.52871555
A_recon,-1.0839648,-0.61442393,-1.305218,0.035923656,0.7788496
A_recon,-0.5968313,0.22650859,0.61650217,0.044890292,0.52407724
A_recon,-0.8491216,-2.352771,-0.43132868,0.86844486,0.69761395
A_recon,-0.2148633,-1.0658865,-1.8339196,0.33373243,0.6944257
A_recon,1.7273071,0.93675745,-0.70225155,0.31873983,0.34516716
A_recon,0.4831133,-2.1989274,1.5151572,0.79334384,0.36380562
A_recon,0.6837449,0.7409182,0.7815099,0.3185663,0.32561278
A_recon,-1.0958853,-1.3132677,0.67259896,0.73843086,0.5609014
A_recon,0.87372136,0.08838123,-0.15471491,0.36934072,0.4017337
A_recon,2.4923017,0.16562143,-0.7025995,0.29751933,0.3032799
A_recon,-0.8283758,0.30898952,-0.3810715,0.38722652,0.58624005
A_recon,-2.1724315,1.6443994,-0.6000617,0.16803724,0.73199064
A_recon,2.722095,1.3889081,-0.5569876,0.07501115,0.31020805
A_recon,1.9343984,0.006961763,0.5185778,0.87120146,0.27265733
A_recon,2.878662,-0.779005,-0.28178972,0.86838317,0.277683
A_recon,2.4830563,-1.0844855,0.17360193,0.46082133,0.24971278
A_recon,2.292206,-1.5115635,-0.10130787,0.68837625,0.32163894
A_recon,0.9773166,0.23174825,1.8595641,0.8626496,0.23268437
A_recon,1.1232691,-0.33473128,0.5707936,0.39072338,0.32569906
A_recon,-1.0696297,-0.18074936,2.218338,0.71181035,0.38425493
A_recon,-2.8689332,-0.5602202,-0.39575958,0.75479144,0.81896037
A_recon,1.9570255,2.0195138,-0.27036148,0.07807461,0.3319903
A_recon,2.0545151,0.11641827,-0.56119585,0.13816208,0.38706458
A_recon,-0.9579854,-0.2541408,2.0460527,0.75033,0.3846505
A_recon,-1.5343566,0.8974308,0.9392736,0.70564896,0.52807075
A_recon,-0.034163,-0.6047458,-1.9593807,0.18526748,0.6976243
A_recon,0.12931824,-1.6738923,-0.15252098,0.8267319,0.5551984
A_recon,-1.488586,-1.1773643,0.34716493,0.8009012,0.647427
A_recon,-0.7405,1.2459478,1.6934366,0.33274353,0.3451896
A_recon,1.6199086,0.2146439,-1.9036015,0.340282,0.49715444
A_recon,1.6954601,1.625468,-1.0316217,0.110571995,0.4167409
A_recon,-2.2416778,-0.5467195,-0.8464741,0.44548315,0.78130275
A_recon,0.8232112,0.14964911,-0.88076466,0.10976126,0.54028046
A_recon,-1.1682467,-1.8309345,-0.67379814,0.54340714,0.70539016
A_recon,0.44226837,-1.6850462,1.2440418,0.6245833,0.36477554
A_recon,-0.8814025,-0.4283014,0.8070022,0.5819411,0.49596283
A_recon,2.0891635,-0.030328631,-1.7060815,0.071648546,0.5286298
A_recon,1.9360328,0.09203443,1.0679021,0.6216704,0.18055788
A_recon,0.13733768,-2.5019562,0.8839803,0.7522149,0.46381795
A_recon,-1.094161,-0.83300835,-0.784822,0.14185321,0.7278507
A_recon,2.909904,-1.2388992,0.7746427,0.5950768,0.16891074
A_recon,-0.41958904,-0.46301877,1.9898431,0.8190555,0.36036792
A_recon,0.65832615,0.5647802,-1.1530155,0.19361944,0.5304957
A_recon,1.9363866,1.4924078,1.6086373,0.9134149,0.13030614
A_recon,1.2881525,-1.2480872,0.87294567,0.97191405,0.35497332
A_recon,-1.4953232,-1.0202787,-0.74163824,0.71164453,0.72793555
A_recon,2.7637079,-1.7128832,1.1812595,0.87203574,0.17839262
A_recon,0.8164582,-0.91915816,-1.0605326,0.27178273,0.52921546
A_recon,-1.611856,0.26764527,2.0353281,0.6649684,0.43818367
A_recon,-1.9583979,-1.8099809,-1.1462842,0.92614424,0.8736094
A_recon,-1.5194206,0.65185016,-1.0329821,0.04472902,0.76356053
A_recon,1.1687539,0.6693748,1.2245315,0.82082456,0.24985749
A_recon,1.6725581,1.351391,0.23186058,0.23692317,0.27400365
A_recon,-1.4303913,-1.9109182,0.015882552,0.8011131,0.68465525
A_recon,2.4327524,-0.9722627,1.3624647,0.6424195,0.15380111
A_recon,-1.4359169,-1.458838,-0.73109627,0.8015446,0.74209476
A_recon,-2.0995631,-0.74744767,-1.2960573,0.400995,0.8225362
A_recon,-1.9533648,-1.257926,-1.4212255,0.45021605,0.84175265
A_recon,-0.27131605,-1.3815813,-1.1503521,0.92429733,0.6932912
A_recon,1.3359938,1.5866151,-0.86863226,0.0712337,0.46508068
A_recon,-2.998682,0.88974905,0.15396672,0.15620072,0.76086354
A_recon,-1.4801097,0.8001071,0.28539902,0.9728324,0.6175527
A_recon,-0.049693584,0.40506,0.75746334,0.9132513,0.44133955
A_recon,3.4175882,0.6647706,-1.2199621,0.14686805,0.30628926
A_recon,3.6443548,-1.0845213,0.5499698,0.97345924,0.15296
A_recon,0.118067265,1.2671653,0.26877564,0.26545542,0.42007685
A_recon,-1.431746,0.60990596,0.896222,0.8921069,0.5503378
A_recon,1.2573681,-0.65859896,-1.6995417,0.9047752,0.57372516
A_recon,1.738925,0.31321442,-2.2236362,0.023745794,0.59745836
A_recon,2.3043485,0.042973697,-0.32942984,0.009711635,0.38269773
A_recon,-1.0342536,0.11902356,-1.4381576,0.32699487,0.7188946
A_recon,-1.8329625,-0.6231807,-0.85887647,0.93117845,0.800369
A_recon,-0.8929987,0.51376444,0.99575615,0.7913437,0.47192845
A_recon,-1.7306395,-0.71078855,-1.4376469,0.38685098,0.80967313
A_recon,0.35882616,-2.402458,0.36307383,0.8580108,0.50504774
A_recon,-1.1046281,-0.53222114,-1.7761688,0.30756184,0.7705083
A_recon,-1.9383802,-0.9543782,-1.1182637,0.3474174,0.79879034
A_recon,-0.43578863,0.54673946,0.31479275,0.19047832,0.4967506
A_recon,1.5403051,-0.3599162,0.79596734,0.9595511,0.32001913
A_recon,0.03641653,0.7143319,2.0720484,0.80363065,0.26665348
A_recon,-0.39433575,1.681313,0.90465856,0.4624248,0.38631016
A_recon,-0.18251944,1.8784003,0.06359452,0.26427656,0.447034
A_recon,-0.8584461,0.07578176,-1.1594598,0.9659796,0.7170133
A_recon,1.5826879,-0.14160103,-0.08614391,0.39681998,0.33555973
A_recon,0.19556808,-1.3664448,-0.712506,0.21070556,0.585361
A_recon,-1.1510582,2.034326,-0.6573641,0.4246564,0.5830502
A_recon,0.14222097,-2.1113667,1.734405,0.7191217,0.35811907
A_recon,-3.714478,-0.020730257,0.21404564,0.7706848,0.82512283
A_recon,-0.11481047,1.8946974,-0.9780637,0.10898555,0.5837938
A_recon,-1.6041341,-0.5163586,0.8311204,0.9459308,0.6060248
A_recon,1.068989,-1.6059308,-0.70734274,0.67457074,0.49905974
A_recon,-0.52482367,-0.627281,-0.750836,0.06249576,0.68742335
A_recon,-0.2249546,0.633847,0.7840525,0.83743644,0.42129585
A_recon,-3.187255,-0.6790169,-0.74066377,0.97190374,0.90479726
A_recon,0.8586607,0.4439287,1.7651825,0.83774763,0.24508426
A_recon,1.2510469,0.6067185,0.46094638,0.009784879,0.36784518
A_recon,0.46708536,-1.1065767,-1.4612594,0.47308892,0.59328866
A_recon,1.5364671,-0.19118625,1.1792022,0.5891738,0.21773013
A_recon,0.1641922,-0.13930446,0.15959626,0.8879987,0.5015664
A_recon,-0.70576763,0.23594046,-0.33053213,0.50276047,0.5696538
A_recon,2.1097245,1.6663566,-0.21263638,0.07732382,0.32753903
A_recon,1.0169823,-1.3618562,0.0609833,0.9335255,0.4770791
A_recon,-1.634398,-0.38470972,0.5509834,0.9517358,0.6305288
A_recon,1.452317,-1.6972277,0.89968383,0.48616222,0.29941946
A_recon,2.9519053,-1.0344434,0.038803995,0.053442735,0.2790564
A_recon,-1.365655,0.011926055,2.2527132,0.8388907,0.4179107
A_recon,-2.1118565,-1.1064074,1.3958156,0.7416727,0.5930054
A_recon,-1.616024,1.790647,-0.9679086,0.9712341,0.72105503
A_recon,2.0591242,1.8071065,0.9182764,0.0073136943,0.2194267
A_recon,-1.6196942,0.4065934,1.7177417,0.43549445,0.48741472
A_recon,1.0150878,-0.8087459,0.05935079,0.2838024,0.4025371
A_recon,2.798818,1.1290622,-0.2896279,0.107705094,0.27280486
A_recon,0.4378066,-0.12909359,1.2578012,0.7351346,0.31580022
A_recon,-0.87772036,-0.83471125,-2.0112762,0.34121493,0.7824871
A_recon,1.3013825,-0.93033177,0.1353249,0.03896914,0.43392503
A_recon,-1.7852616,0.42846495,-0.008443803,0.1336268,0.6801353
A_recon,-3.3896146,-0.37838888,0.3517341,0.8060003,0.8034098
A_recon,0.54504585,-0.39755368,1.0223529,0.605871,0.34462097
A_recon,1.0878615,1.6790736,0.4806552,0.21505062,0.311609
A_recon,-3.3471293,-0.55683666,-0.25360718,0.69604224,0.8423121
A_recon,1.4332094,0.47007453,-0.2477687,0.1304048,0.4100726
A_recon,-1.2542939,-2.3722334,-0.316097,0.67318773,0.68817323
A_recon,-3.3332267,0.50114423,-0.15908426,0.65504026,0.7981118
A_recon,-1.3946381,1.631113,-0.72880733,0.0055257315,0.6932423
A_recon,-0.95618916,-1.5020316,-1.2515883,0.5115155,0.7166352
A_recon,-2.7675476,-1.4469337,-0.3440773,0.72631544,0.8237446
A_recon,-2.522953,-0.28881532,1.1364039,0.7585337,0.6244853
A_recon,0.66727734,-1.7524688,-0.2634074,0.7057083,0.49038702
A_recon,-3.8488326,0.1299029,0.53768086,0.8850456,0.81582445
A_recon,-2.946796,0.35385257,0.6898874,0.7562078,0.6987394
A_recon,-0.32611513,-1.5507822,0.59838414,0.9219899,0.5499577
A_recon,-2.4304276,1.0853174,0.7587075,0.414807,0.62148994
A_recon,3.4684434,-0.5771715,-0.033254385,0.034160987,0.23677069
A_recon,0.921752,-0.29267913,-0.21073776,0.18100342,0.45891604
A_recon,0.9488864,0.11313933,0.1208477,0.28778228,0.38634193
A_recon,-0.7522254,1.3087915,-0.7311443,0.041791614,0.6531256
A_recon,-1.876605,1.210201,1.1104122,0.10815954,0.5527516
A_recon,-1.371717,1.007687,1.184813,0.5187791,0.48213395
A_recon,1.1988585,-0.058142602,-2.615174,0.2524894,0.6195229
A_recon,1.9403923,0.7191194,-1.3377229,0.28553513,0.39615014
A_recon,-0.8616557,-1.8647478,0.3499264,0.7414695,0.59419936
A_recon,0.102274895,0.8783339,2.1476116,0.85467964,0.24697155
A_recon,0.5152354,1.5525024,1.1309652,0.8620398,0.30573305
A_recon,-0.72471714,0.7168276,-0.17975888,0.3706216,0.54886854
A_recon,0.45718813,-2.2812614,0.970732,0.7096301,0.412004
A_recon,-0.92179346,-0.4330446,0.90248334,0.85230464,0.5309402
A_recon,-0.32148314,-1.0114522,-0.6788543,0.15095754,0.6427971
A_recon,0.3401909,0.32872388,-1.9910755,0.20055367,0.64635086
A_recon,-1.4302135,-0.31888437,-0.7736187,0.6479603,0.6994537
A_recon,-3.1574488,1.0642679,-0.82702327,0.26555035,0.85040224
A_recon,1.3986511,2.1146433,-0.66154903,0.19267716,0.37872523
A_recon,1.408165,1.892276,0.58428717,0.3675202,0.23442794
A_recon,-0.481462,-1.2184997,-1.9009116,0.015983246,0.8039685
A_recon,-1.0103521,1.3898277,-1.4012475,0.43831927,0.67605424
A_recon,0.9985926,1.737751,-0.9694052,0.04726994,0.49165723
A_recon,-2.374958,0.8974925,-0.8324927,0.24471025,0.7754029
A_recon,1.6788154,-0.106033444,-0.6067288,0.2175422,0.40836507
A_recon,-0.5421667,-1.0326731,-0.15268448,0.32944524,0.5877273
A_recon,-0.86138344,0.5253662,-0.59064525,0.12538996,0.65862393
A_recon,-1.4236565,-1.1692314,-0.019935131,0.4711964,0.6624105
A_recon,1.8883402,-0.21685374,1.6069193,0.6878566,0.15497519
A_recon,1.0651515,1.9777055,0.77983665,0.33892894,0.25712794
A_recon,-1.8889885,0.80320823,0.16246617,0.9271932,0.66051126
A_recon,-0.5320897,0.5580223,-1.0029399,0.8597669,0.64065677
A_recon,1.7073724,0.19219288,-0.98269194,0.30601513,0.4093759
A_recon,1.9372189,0.014851332,-1.1542829,0.038900405,0.479228
A_recon,-0.70644,0.17684573,1.6175609,0.7681917,0.38991836
A_recon,1.8550258,-0.08237958,-2.0223246,0.24001232,0.50146425
A_recon,0.7200775,0.40361974,-0.4935384,0.33216104,0.45536333
A_recon,-1.7833409,-0.48076493,-0.44381493,0.5793352,0.7109178
A_recon,-0.57006025,-1.4996519,-0.7218332,0.9988797,0.69499624
A_recon,1.0790541,1.8646004,0.5978316,0.29967758,0.2705597
A_recon,-0.42897177,0.6779597,-1.1630692,0.468523,0.59478706
A_recon,-0.6853156,-0.5504783,0.5460247,0.6274509,0.52052766
A_recon,-0.65873575,-1.5793045,0.51226985,0.6833724,0.5386093
A_recon,-3.1011987,1.0948148,0.29769528,0.21216619,0.74423677
A_recon,-1.06006,0.5508532,-0.91621125,0.5953218,0.66297483
A_recon,-0.95615387,-1.8947325,-1.3736081,0.5441064,0.7626096
A_recon,0.7846861,-0.89650124,0.07855445,0.6585799,0.4254616
A_recon,2.314141,2.158073,-0.080464005,0.11499698,0.25460953
A_recon,2.290047,0.04336956,0.5006746,0.12629451,0.25521684
A_recon,-2.124342,-0.45043337,0.14958751,0.97552747,0.7100191
A_recon,0.08995056,-2.4778223,0.70867395,0.8213016,0.49358064
A_recon,-1.6043396,-0.7127816,0.36653286,0.8275573,0.62362903
A_recon,-0.61714697,-2.0938694,-0.55002457,0.9341044,0.6925411
A_recon,1.0143421,-0.11801249,1.4300197,0.96064776,0.29770154
A_recon,2.6683009,-0.44929266,0.5541086,0.39348754,0.17439495
A_recon,1.4388831,-1.774189,0.7922721,0.7540672,0.32776707
A_recon,-0.9115782,-2.0337224,-1.2157891,0.6416201,0.74257237
A_recon,-0.0919466,-1.6512358,0.6054231,0.5598503,0.46859837
A_recon,-4.367331,0.6282429,-0.018771112,0.6793484,0.89615566
A_recon,1.6496542,-1.411036,0.16061658,0.31943345,0.3534242
A_recon,-0.811028,-1.9239957,-0.4701431,0.86217874,0.68900806
A_recon,-0.3773713,-0.41989833,-0.63315237,0.40702233,0.59291947
A_recon,3.006435,0.9169016,-0.6881989,0.14817868,0.28217968
A_recon,4.1901913,0.85755503,-0.51969045,0.010980851,0.19248363
A_recon,-2.1830988,-0.47892976,0.6089736,0.6391893,0.6531747
A_recon,1.9733343,0.15619215,-1.5047562,0.2316317,0.45034626
A_recon,-3.4100728,0.11919895,-0.46382987,0.95606554,0.8675615
A_recon,-1.6158433,0.93555427,-0.087111294,0.19500446,0.641239
A_recon,0.11659145,1.5324864,0.4895349,0.3161794,0.37874103
A_recon,-1.6498799,0.08933267,-0.7791544,0.9841317,0.7645395
A_recon,2.067681,-1.1058633,0.9969512,0.5198546,0.20765233
A_recon,-1.9526739,0.57221836,1.1143855,0.9220246,0.5780333
A_recon,0.6412196,-1.7333624,1.0967981,0.7814377,0.3668001
A_recon,2.3636572,1.2484438,0.06417918,0.11896569,0.27521044
A_recon,1.6799269,1.3868946,-1.1877849,0.21598344,0.413726
A_recon,-2.027443,-1.1497264,-1.172528,0.38717756,0.8195152
A_recon,1.1373382,0.10157296,0.55200255,0.88095623,0.362475
A_recon,-3.583613,0.9233891,-0.68408597,0.33398828,0.88442594
A_recon,-0.5011196,0.19496739,-0.019389749,0.46308205,0.50723314
A_recon,-1.1936612,0.2624594,1.7422669,0.4807655,0.41780952
A_recon,0.7274661,2.3987093,1.0415605,0.32475525,0.25335264
A_recon,-0.46746588,-0.9007769,-0.11317119,0.78648525,0.58425766
A_recon,2.3042035,0.23930036,-0.9930326,0.05482673,0.432398
A_recon,2.0527625,1.9887364,0.65981984,0.22591016,0.18440482
A_recon,0.61897993,-1.7993596,1.7545786,0.8250852,0.31125575
A_recon,-0.8468032,-2.302052,0.016214728,0.6163417,0.62749404
A_recon,3.0812821,-1.1842246,0.17947477,0.51182485,0.19750857
A_recon,2.6061115,1.0627685,0.25961083,0.36950797,0.1704851
A_recon,-0.95029116,0.546011,-0.054246932,0.13013957,0.609233
A_recon,-1.100059,-1.87311,-1.0700674,0.4567843,0.7339469
A_recon,1.0810184,0.107595354,-1.7346213,0.98709446,0.5835793
A_recon,-1.7492418,0.10031292,2.0520673,0.5950885,0.46078306
A_recon,-0.12249422,1.1891372,2.0680397,0.57657933,0.2613765
A_recon,2.1241667,1.6209037,1.361044,0.99011856,0.14012064
A_recon,3.7562392,-1.3453796,0.7994386,0.8854034,0.1174964
A_recon,2.5704079,-0.1921342,0.8139714,0.99919933,0.2237227
A_recon,-1.4143167,-1.0837381,-1.0888138,0.95363337,0.7969402
A_recon,-2.5280724,0.0981327,0.49448788,0.66749686,0.67593884
A_recon,-0.88998985,0.37293568,-1.2710685,0.3053122,0.6646433
A_recon,-1.7956867,-1.2058287,0.36657983,0.6281432,0.64761645
A_recon,-0.02613926,-0.5322649,0.18403244,0.34820983,0.48469955
A_recon,0.8026407,-0.38334912,2.0201862,0.81076956,0.24772942
A_recon,1.2509773,1.0838737,-2.0147474,0.13730046,0.5555042
A_recon,-0.9353485,0.036673665,1.4529598,0.46254632,0.43490693
A_recon,-2.1907868,0.6080904,0.84587085,0.840776,0.61112946
A_recon,0.44631815,0.0620915,-1.6664469,0.4545121,0.5966322
A_recon,-0.16170979,-0.5122589,-0.23208278,0.60101783,0.52491045
A_recon,0.36921835,2.2901917,-0.3195963,0.09828294,0.467521
A_recon,3.245961,0.82678676,-1.2332683,0.285105,0.25929618
A_recon,-0.41343212,-1.4951637,-0.946864,0.95448524,0.6900542
A_recon,-1.9082069,-0.47022182,1.6229966,0.65693957,0.5212983
A_recon,0.86053324,1.4804474,-0.34169763,0.36493918,0.3904122
A_recon,-1.8700867,0.52909255,0.13086528,0.51688117,0.64099205
A_recon,-1.2824345,-2.2473476,0.040220857,0.7748686,0.6786471
A_recon,-1.8328586,-0.5450321,1.2287889,0.78747034,0.5580426
A_recon,-2.568068,-0.54789823,-0.30923516,0.82796794,0.79408765
A_recon,1.0893207,1.4835007,-0.2980102,0.2896427,0.37783083
A_recon,0.04276371,1.6108928,0.74571276,0.23830594,0.37827116
A_recon,-0.2729764,-1.8423591,0.19213545,0.6385085,0.53522146
A_recon,0.90889645,-0.9371441,0.69975483,0.52720064,0.34294608
A_recon,0.0019955635,-0.62718016,-0.13625985,0.56488675,0.5002652
A_recon,-3.6264377,1.0100605,0.0107700825,0.21461491,0.82155704
A_recon,0.27310133,0.11755675,-0.34279323,0.31862414,0.48026666
A_recon,0.69878864,-0.46084547,-0.27787703,0.7520532,0.46039855
A_recon,0.9325371,0.35713884,-2.1441462,0.35832325,0.5694313
A_recon,-0.98015785,0.8774148,0.105374694,0.75748557,0.5492365
A_recon,0.89789414,-1.1888492,-1.0618001,0.04664466,0.59519583
A_recon,-1.4877725,-0.3759097,-1.0310159,0.95086616,0.7756227
A_recon,0.48971272,1.4939239,-0.66012627,0.20807303,0.48793745
A_recon,-1.6391821,1.2080271,-0.32023665,0.47820765,0.63977504
A_recon,3.0385952,0.603327,0.87459624,0.92088526,0.12328073
A_recon,1.6080852,2.6746511,0.32661027,0.2534797,0.2320745
A_recon,-1.4506512,-1.1820259,-1.4354095,0.22738427,0.8118338
A_recon,-2.889001,0.7545434,0.7717968,0.9856407,0.6953907
A_recon,0.9030938,-1.2022648,-1.5345067,0.90443015,0.6152124
A_recon,-0.9283929,0.1305894,-1.0242255,0.5322462,0.6553408
A_recon,1.5745785,0.6055668,-1.3050089,0.061021946,0.5094768
A_recon,0.85008574,-2.0582976,0.30891114,0.60466874,0.42931223
A_recon,-1.1197166,2.319956,-1.3391235,0.25157818,0.65431696
A_recon,2.625729,0.013622731,-0.50473416,0.21401048,0.2931491
A_recon,0.030569553,-2.2226112,-0.27073476,0.93214303,0.60440093
A_recon,-1.2721767,-1.4007845,-0.28442967,0.6194233,0.666402
A_recon,1.1507008,-1.8307538,0.84219944,0.44403952,0.3403657
A_recon,1.031774,0.08557606,-0.39711183,0.06265886,0.49416098
A_recon,-3.4494376,0.8681438,-0.69036,0.3716214,0.8515679
A_recon,0.37780666,-1.4170549,1.0107014,0.86398315,0.4217015
A_recon,-0.8231802,1.5980465,-1.4142942,0.3026763,0.6444539
A_recon,0.19111252,1.5133901,1.2227939,0.32279426,0.3100755
A_recon,-0.8087311,1.365381,0.7505436,0.60685605,0.44906238
A_recon,-0.6322026,2.1637661,0.12393814,0.25214067,0.48321486
A_recon,0.74430394,-0.5131618,0.21500361,0.5569348,0.39785102
A_recon,-1.5336356,0.9577302,1.359592,0.76868254,0.4878202
A_recon,0.4191513,0.5521647,1.0166656,0.28667378,0.33421934
A_recon,2.5675836,1.0346773,0.84524584,0.47275087,0.11596434
A_recon,0.56945467,-0.9860484,1.2785121,0.57626736,0.33163017
A_recon,-0.049738884,0.4268867,-1.0736265,0.36333138,0.56881684
A_recon,-1.0007825,1.2004862,-1.1593688,0.22361837,0.67576385
A_recon,2.801993,0.6446922,-1.2373902,0.11440187,0.37564686
A_recon,-1.3260579,1.0867388,0.38664144,0.5654838,0.53909016
A_recon,2.0218828,-1.225132,-0.42064512,0.9374292,0.4224538
A_recon,1.3531406,-0.17029095,0.52827096,0.018766202,0.3786821
A_recon,1.1578174,-0.7811431,0.11054385,0.86566347,0.42106938
A_recon,0.13524628,0.1981529,0.53251994,0.9624731,0.4687828
B_task,-2.2190428,0.20549226,0.42862976,0.5118216,0.81064844
B_task,-0.34266853,-0.79620135,0.3860042,0.9504637,0.48836908
B_task,-0.810843,0.3729362,-0.69164366,0.14415962,0.4231274
B_task,-2.2394142,0.24234504,0.86537004,0.94864947,0.65009093
B_task,2.3262682,0.4043997,-0.038936973,0.31183144,0.33786428
B_task,1.2176356,0.4867369,0.35918403,0.42332646,0.4525682
B_task,-2.3007507,-1.0342922,-0.0911482,0.8277026,0.6967827
B_task,0.8440838,-0.9129951,-0.588356,0.40919915,0.31298563
B_task,0.8128929,-0.9143103,-0.36223707,0.5495937,0.36080056
B_task,-0.021668434,0.026881576,-1.1821508,0.027559113,0.48389158
B_task,-1.5696974,-1.0110524,-0.0859704,0.7535131,0.40939265
B_task,1.9415617,-0.63923734,0.039310455,0.53814334,0.2718878
B_task,-2.059084,0.6656617,0.15275025,0.3297317,0.79660463
B_task,0.16846228,-0.5457549,0.18476844,0.7884287,0.50226665
B_task,-2.625328,-0.043174803,-0.40169364,0.30319482,0.6213484
B_task,-1.455967,-0.002700299,-0.10637003,0.4534979,0.7743644
B_task,-0.51513195,1.0581325,-0.4101432,0.1340417,0.43567002
B_task,-2.68991,-0.0475903,-0.26981443,0.40311298,0.82046795
B_task,-2.293726,0.3703649,-0.50502837,0.20345524,0.7357005
B_task,1.5703549,0.6938942,-0.019979239,0.26231334,0.2747244
B_task,-0.18608236,0.25619894,0.6821126,0.75036466,0.4800237
B_task,-0.102452755,0.23204923,-0.33714765,0.28040877,0.58282375
B_task,4.947231,-0.7723456,-0.14172935,0.485191,0.06104871
B_task,0.9632416,-0.3465683,0.6635113,0.9807372,0.44495624
B_task,1.707231,-0.5446626,0.72185373,0.96165717,0.29128557
B_task,-0.4181533,-0.90128016,-0.190611,0.7247899,0.62857735
B_task,0.099215984,-0.31521887,0.22406256,0.54122686,0.35060543
B_task,-2.5260525,0.0156170875,-0.4736997,0.2768912,0.6741251
B_task,-1.23807,0.74425215,-0.43553644,0.16065201,0.7166146
B_task,-1.3094788,0.6377904,1.2294701,0.9699254,0.615976
B_task,0.976881,-0.039512888,0.27142382,0.5160686,0.4640399
B_task,0.52114487,1.241981,-0.38583508,0.11586561,0.5671049
B_task,-0.66453075,-0.089283854,0.4219767,0.62348974,0.4728398
B_task,-3.3411722,-0.020280436,0.5464405,0.7766831,0.7359159
B_task,2.2831717,-0.35579723,0.3027743,0.6130033,0.43435043
B_task,-0.61809874,0.30374157,1.0748662,0.9172977,0.5513756
B_task,-1.717288,0.6170728,-0.7000497,0.039592877,0.6205679
B_task,-4.4177074,0.137867,0.052171767,0.52858925,0.92139703
B_task,0.44563246,-0.09279741,-0.123939216,0.4593359,0.6056982
B_task,-2.174367,0.020015225,-0.8932679,0.06234958,0.5462784
B_task,2.3574948,-0.68870324,0.06727171,0.64132816,0.28356153
B_task,1.488133,-1.0331237,-0.060360253,0.8526328,0.29263964
B_task,-1.8421621,-0.4831362,-0.23197949,0.59294105,0.8287848
B_task,-0.3739581,0.6395596,-0.17205387,0.26009744,0.47283882
B_task,-1.7038136,-0.6262852,0.37207353,0.83988154,0.5268956
B_task,-0.31054115,-0.2969637,0.11096054,0.50949585,0.39419472
B_task,-1.7059784,0.20658222,0.26156056,0.5108889,0.7357016
B_task,0.08308649,0.34126312,0.66399217,0.7530302,0.5556188
B_task,-0.71365404,0.8266978,-0.4222444,0.14792204,0.4838877
B_task,0.15834332,0.61935085,1.0669762,0.81962675,0.42132172
B_task,2.6603904,-0.6822288,0.1837883,0.6832869,0.18848145
B_task,0.000579834,-0.7660632,0.07100552,0.7870969,0.4315236
B_task,-0.42146206,0.6572131,-0.4382499,0.19161625,0.6729682
B_task,1.3167014,-0.4970522,0.26284158,0.8023642,0.4800049
B_task,-2.2626133,0.14452618,-0.6586484,0.19132392,0.715262
B_task,2.5120687,0.6209533,-0.8511899,0.08155262,0.22803931
B_task,-3.467349,-0.018198967,0.5694213,0.855227,0.8363189
B_task,3.1429443,-0.4741456,0.5582508,0.8612835,0.08773241
B_task,-2.1856365,-0.14875548,0.7775408,0.8765371,0.62719816
B_task,-2.4862108,-0.13313287,-0.17626101,0.47190973,0.8872123
B_task,-1.9806776,0.9239689,0.076180935,0.2740484,0.80319643
B_task,0.17156363,1.7413116,0.0005617738,0.0070918286,0.62138057
B_task,1.5697541,-0.21672224,0.413113,0.6457209,0.3278901
B_task,-1.3686123,-0.60430217,0.088241816,0.71990937,0.52113175
B_task,-3.146987,0.2602617,0.73284876,0.8355692,0.82879657
B_task,1.9039197,0.5591795,0.05806446,0.28187782,0.2026937
B_task,-1.8318863,0.8203665,-0.1964032,0.21521817,0.80443996
B_task,2.1450105,-0.41809982,0.3506819,0.6393314,0.16294104
B_task,0.6920481,0.3678459,0.7174883,0.80505484,0.467187
B_task,-1.7090979,-0.56899077,0.17387879,0.96367085,0.8021586
B_task,-0.16713762,1.0935272,-0.27150828,0.15052482,0.6085344
B_task,1.8497462,0.24317157,0.37697482,0.4822124,0.2147434
B_task,1.0412064,-1.5586605,-0.25856757,0.89471585,0.3554907
B_task,1.193675,-0.4749562,-0.28887433,0.42271692,0.40565404
B_task,2.10924,-0.2880604,0.17766267,0.58950204,0.3758801
B_task,-3.0864573,0.29620698,-0.7595772,0.024490677,0.7159153
B_task,-3.2371883,-0.31630245,0.0032281876,0.6734599,0.8616561
B_task,0.65678215,-1.0826592,0.07902074,0.9190886,0.4903236
B_task,-1.2351708,-1.3495986,-0.31295693,0.8268253,0.4347606
B_task,-2.2066278,-0.5620909,0.270604,0.8855203,0.72748685
B_task,-2.4182148,-0.24541,0.15519494,0.6603554,0.74996954
B_task,-0.4239745,0.52889055,-0.31938115,0.24555227,0.7090832
B_task,2.4363527,-1.1925616,-0.21772218,0.768517,0.18788184
B_task,0.8622594,1.6797338,0.27756763,0.21167475,0.5545973
B_task,-1.9390192,-0.18807243,0.5804547,0.8312748,0.6964729
B_task,-2.3040113,0.18296602,-0.9860999,0.06271792,0.6445607
B_task,-0.43588543,-1.2415522,-0.3117811,0.8254878,0.3759468
B_task,1.5270743,1.5820469,0.14712638,0.16450727,0.38897064
B_task,-0.11318874,-0.37017578,-0.39417285,0.37514699,0.54481864
B_task,0.4696498,-0.3554542,-0.58968997,0.31673816,0.5133705
B_task,2.9526706,-0.5146643,0.15478343,0.69133705,0.30820918
B_task,2.2535963,1.2347528,-0.01316458,0.17857188,0.25442857
B_task,1.8833332,-0.26196045,-0.21778953,0.39625615,0.3420941
B_task,-0.12819481,0.8165126,-0.7088561,0.005824595,0.43022165
B_task,1.8565483,-0.49106476,-0.79567206,0.2624947,0.26238862
B_task,2.907824,-0.04187198,0.081030846,0.4211888,0.27819157
B_task,-2.9312868,0.57052904,-0.58194053,0.10592124,0.7528623
B_task,-2.7588453,-0.038839146,0.2568338,0.63315994,0.66714895
B_task,0.5562768,-0.28643867,-0.29190582,0.38042426,0.45531145
B_task,-0.5040293,0.8180537,1.0634595,0.72529393,0.65069985
B_task,-1.7365007,0.2828416,0.5584402,0.653866,0.7133591
B_task,-2.512864,0.594465,0.36483312,0.43122676,0.8018653
B_task,1.2586741,-0.9968346,0.18129086,0.8673205,0.401316
B_task,3.4169505,-0.38279718,0.29385316,0.6321351,0.2647663
B_task,-0.6491051,0.71455264,1.0521299,0.81027436,0.5618135
B_task,-3.2945662,0.567727,0.10097188,0.34179473,0.8374138
B_task,-0.025771618,-0.52562964,0.067477345,0.5436693,0.5407448
B_task,1.4721017,0.4610942,-0.39638028,0.19629689,0.35618836
B_task,-1.122477,-0.4424799,0.54219437,0.9961412,0.60292816
B_task,1.2879553,-0.094199225,-0.5958737,0.24321547,0.4178345
B_task,1.8192701,0.7101194,-0.017521143,0.25686747,0.29669034
B_task,0.53808355,1.2665508,-0.40844488,0.07319007,0.5280289
B_task,1.3007488,0.040768936,-0.4222314,0.2578031,0.2194939
B_task,-4.229335,-0.103644684,0.30632472,0.7631285,0.8624882
B_task,-0.7368555,0.5083098,0.74017715,0.69789356,0.697594
B_task,3.5551114,0.91925144,-0.47435525,0.12867321,0.11702831
B_task,-1.851737,0.15925407,-0.03598237,0.3762385,0.6491248
B_task,0.48651934,-0.4248921,-0.3596989,0.4209214,0.52037746
B_task,0.094995975,-1.0477587,-0.21723819,0.6649842,0.2972662
B_task,1.3488197,0.09533912,0.35192823,0.45592895,0.2459453
B_task,-1.3707571,-0.5613654,-0.1771012,0.58651835,0.7261228
B_task,1.538794,-0.98130006,-0.03122586,0.8396846,0.35696885
B_task,1.0466309,-0.1745442,0.5168866,0.7264736,0.21567783
B_task,2.5611334,0.09567556,-0.108765006,0.36500725,0.3260116
B_task,-1.5761585,-0.001191169,0.098973155,0.4483963,0.6122162
B_task,3.0977829,0.24470666,0.18998104,0.36769956,0.19181421
B_task,-0.32948112,0.93686295,-0.5317982,0.10973466,0.6655213
B_task,0.5386882,0.9399253,-0.18805331,0.20324154,0.40646452
B_task,1.2453094,0.65282834,-0.016447544,0.2838065,0.5482202
B_task,3.9832745,0.3439182,0.10097778,0.31413388,0.21233806
B_task,1.7347035,0.32628447,-0.15990347,0.31304786,0.4664673
B_task,-0.18593836,-0.30384415,0.20272923,0.57669973,0.5278079
B_task,0.09426117,0.54872125,1.2447621,0.97169,0.5452265
B_task,-0.22895241,-0.079987414,0.5371865,0.77466416,0.44975287
B_task,-1.826026,-0.93472296,-0.096377134,0.79113394,0.48267272
B_task,-2.5460052,0.5286817,0.70537496,0.7592685,0.78647417
B_task,1.2544708,-0.5674746,0.15241456,0.5969877,0.37364644
B_task,-1.1773572,-1.4259185,-0.112060785,0.91769224,0.43432412
B_task,0.13316345,-0.5842866,-0.008859217,0.68963015,0.623989
B_task,0.37625265,-0.56064534,-0.06488228,0.50035644,0.4822977
B_task,-1.1367979,-0.28550494,-1.060127,0.07708381,0.43322015
B_task,-0.05727911,0.34540397,0.31697607,0.48844922,0.6746757
B_task,0.6662693,0.65273535,-0.21876901,0.21283099,0.34228423
B_task,-0.6289649,-0.13596642,-0.9548317,0.1326963,0.3757792
B_task,1.4857459,0.110717654,0.36396766,0.50606495,0.27327532
B_task,2.1890545,0.056301177,0.60732603,0.7850853,0.45769525
B_task,0.7537966,0.22743696,-0.20566177,0.29500645,0.5351105
B_task,-0.6061263,-1.2266908,-0.17895359,0.76877177,0.4237919
B_task,1.1647611,-0.042915717,0.25690663,0.5256295,0.5486992
B_task,1.1965709,0.79150933,-0.36376947,0.14904803,0.18812186
B_task,1.7767634,0.039523065,1.000958,0.9649677,0.26846656
B_task,0.90527534,0.107874334,0.013272345,0.4016362,0.49141407
B_task,1.434804,-0.62590635,-0.7495497,0.29523426,0.35852498
B_task,0.8490176,0.053503215,0.63980913,0.8469984,0.40491226
B_task,-2.5040665,0.53173274,-0.57722294,0.12446033,0.85546404
B_task,-0.9065666,-1.0564811,-0.1837312,0.7335905,0.5263744
B_task,0.5037904,1.6216925,0.15584445,0.18782474,0.5878914
B_task,-2.0113382,0.33389187,0.024776042,0.3924918,0.6105763
B_task,-0.12523603,1.1981183,0.107539594,0.23189987,0.49018234
B_task,-0.44551706,0.15731725,0.7997422,0.841228,0.6039676
B_task,0.62235165,0.6675766,0.24507487,0.39007455,0.6461526
B_task,-2.4927607,0.37716168,0.9416293,0.9746928,0.7125945
B_task,1.6335716,-0.2828552,0.3366009,0.6252615,0.23824449
B_task,-1.3253355,-0.64481133,-0.021979809,0.6936228,0.538369
B_task,-3.075941,-0.23644473,-0.09746063,0.52152514,0.8412796
B_task,-3.9384174,0.33189946,-0.11006647,0.3089682,0.8954702
B_task,1.2780447,0.43778104,0.28700888,0.39555642,0.43440127
B_task,-2.3377,-0.8326495,0.118946075,0.9409342,0.6357833
B_task,1.8024135,-0.09571079,-0.8175101,0.2012032,0.26948953
B_task,4.142477,-0.67304313,0.51455677,0.9882189,0.100926556
B_task,0.9995189,0.27995956,0.7202952,0.75830585,0.42982262
B_task,2.0224748,-0.31393555,-0.38851234,0.35978693,0.20057224
B_task,2.4042315,-0.2901364,0.37590444,0.6415136,0.13155118
B_task,-0.5132508,-0.52182436,-0.48845044,0.38098153,0.38986292
B_task,1.4078283,0.59584844,0.34699523,0.38149294,0.4288035
B_task,-2.195219,0.10421494,0.25970948,0.50380296,0.8267012
B_task,0.710484,1.4777963,-0.30482087,0.016722823,0.63132125
B_task,-0.8196573,0.027336568,0.1703009,0.49357155,0.5071413
B_task,2.1203604,-0.28635883,0.86021936,0.9715984,0.2913753
B_task,-1.0873361,0.5111375,-0.15590936,0.28546524,0.74593943
B_task,0.6945853,-0.32926238,0.48232007,0.74821794,0.5216042
B_task,0.2489295,-0.2311162,-0.05090326,0.4427889,0.41123867
B_task,-0.93235064,0.7535376,-0.17283416,0.20928104,0.62520516
B_task,2.1607618,-0.6453845,0.4932475,0.9050026,0.14702299
B_task,3.1602254,0.68218136,-0.74756986,0.016827285,0.11280589
B_task,1.1295772,0.55653745,0.022007406,0.30350894,0.51668006
B_task,-0.9140935,0.012609348,0.80769897,0.9990259,0.6117207
B_task,-0.106766224,1.0631531,0.22769976,0.2621468,0.49886012
B_task,-2.3062286,-0.6586793,0.044267476,0.8490445,0.80263335
B_task,-0.42464018,-1.0087175,-0.3894404,0.60568315,0.44992575
B_task,0.19120216,0.18884006,0.7828077,0.8060357,0.44852233
B_task,-0.6427412,-0.51713985,0.09047884,0.63031775,0.32182312
B_task,-1.1840429,0.77935874,0.28464842,0.36269686,0.6335188
B_task,-1.821701,-0.8063174,-0.1013059,0.7607888,0.60181916
B_task,0.72736025,1.2782216,-0.37832946,0.026484549,0.36103025
B_task,-1.845334,-0.0021424443,0.0019692779,0.44681296,0.67084515
B_task,-0.29706764,0.44124162,0.025778472,0.37185457,0.7182302
B_task,2.1352024,-0.08237039,0.109058976,0.477074,0.46777743
B_task,-0.9352331,-0.084723495,-0.9186263,0.12762068,0.64313406
B_task,2.8587093,1.2959974,0.16162544,0.22250687,0.36477503
B_task,2.4442797,-0.1839631,0.25063372,0.5620516,0.30888933
B_task,-1.0384612,-0.24392691,-0.35188863,0.3877691,0.42280465
B_task,-0.008031845,-0.15668026,0.41311073,0.7916562,0.6390485
B_task,3.271091,-0.37524605,0.385512,0.6051366,0.2947871
B_task,-2.5895414,0.26944977,0.82337785,0.8612667,0.72539175
B_task,3.0758512,-0.2117532,0.4166193,0.73236084,0.21162352
B_task,3.1700244,-0.52664435,0.18557698,0.60182345,0.33239043
B_task,3.0103598,0.2634117,0.006080866,0.2876156,0.14930704
B_task,-2.2081356,-0.93566096,-0.089067996,0.78276044,0.4720797
B_task,-1.1726317,1.113353,0.12721127,0.25126758,0.6290387
B_task,-1.7263975,0.8675091,-0.49944896,0.075211115,0.67517245
B_task,-2.748252,-0.7602329,0.08239436,0.9628646,0.78327346
B_task,2.1813445,-0.63623416,0.005356014,0.5400112,0.23743911
B_task,0.56321526,-0.069537446,0.6014303,0.7738943,0.30692664
B_task,-1.9275398,-0.056098416,0.17566854,0.5292228,0.62200695
B_task,-0.285017,-0.30938923,0.11761212,0.6115797,0.46676666
B_task,1.0448022,0.38429713,-1.0283574,0.03389225,0.34073997
B_task,-0.6717539,0.3772074,-0.41496944,0.18679368,0.40060258
B_task,-0.8769512,0.97905993,1.1227183,0.6746894,0.63938123
B_task,-0.36051083,-0.4608893,0.07470602,0.5705646,0.400651
B_task,-0.3954835,1.1648647,-0.22498047,0.15855503,0.5869501
B_task,0.73081255,-0.14353563,0.65439606,0.9520293,0.63498694
B_task,-0.32325602,1.7609104,0.24050593,0.15435363,0.5652684
B_task,0.80397797,-0.0530726,0.29719734,0.51030326,0.39112774
B_task,-0.9797859,0.76118857,-0.4619549,0.14400287,0.60962343
B_task,-1.4323759,-1.3050156,-0.32443553,0.7173717,0.45197985
B_task,2.5764928,0.6951001,0.10363281,0.276313,0.29210746
B_task,-1.1685925,0.36920244,-0.75927335,0.13413398,0.6248504
B_task,-0.26217747,0.73710376,-0.76994497,0.04598718,0.49291846
B_task,1.2923956,1.2851741,-0.15599746,0.17483553,0.3428592
B_task,2.8624206,1.1854782,-0.109524906,0.19179872,0.10096954
B_task,2.0614758,-0.15646306,0.14129323,0.5369721,0.5356512
B_task,2.163844,-0.022693887,0.029877543,0.4510389,0.45151803
B_task,1.4078684,-1.0071653,0.2476052,0.95729434,0.3314918
B_task,-0.14185524,0.019092664,0.652151,0.95415133,0.67955804
B_task,1.0094337,0.33039403,0.6668657,0.7965461,0.5905407
B_task,-2.5376177,-0.33114177,0.14492965,0.67158765,0.68881506
B_task,1.1575246,-1.5027033,-0.32781652,0.8450231,0.34132352
B_task,0.9875121,-0.9138832,0.3355999,0.9387518,0.41690814
B_task,0.21534729,-0.011605144,-1.1619974,0.02261773,0.36290622
B_task,0.38755608,0.43419778,-0.69005454,0.118105225,0.25594917
B_task,2.1453424,-0.16749226,-0.12238747,0.36026388,0.39430168
B_task,-0.17395353,1.0513732,-0.41839448,0.093586855,0.45363015
B_task,2.4494205,-0.036996752,0.27336025,0.5995245,0.3172595
B_task,-2.7151375,0.030326575,-0.50212383,0.26036423,0.71266055
B_task,-1.0953054,0.58126634,-0.0985831,0.26433972,0.53347754
B_task,-1.4940472,0.82880855,0.096324205,0.288328,0.77691567
B_task,-2.90448,0.20879579,-0.6853899,0.09771566,0.7062757
B_task,-0.6501508,-0.98782474,-0.19219226,0.74094445,0.5097969
B_task,-2.2575808,-0.668031,-0.045873046,0.65067244,0.5635589
B_task,2.0195432,-0.20199935,0.22661602,0.6065081,0.38323662
B_task,0.43047714,0.90191674,-0.5120774,0.03404558,0.33229294
B_task,-0.73669004,-0.26251686,-0.17316598,0.42946413,0.5382525
B_task,-0.9800639,-0.861726,-0.17903799,0.6852036,0.6647419
B_task,-0.5856247,1.644451,0.13552499,0.15634665,0.6498373
B_task,2.1882377,-0.6652763,-0.45467544,0.38565785,0.28784785
B_task,1.457406,1.0288215,-0.56393874,0.019834146,0.31954485
B_task,-0.14034986,1.2574027,-0.36829424,0.081857994,0.55823284
B_task,-0.1257267,0.8523381,-0.15049809,0.21645358,0.71735644
B_task,-0.24724245,-0.19062667,-0.26189917,0.41465017,0.6430997
B_task,-1.1490731,-0.45787397,-0.23414737,0.46324003,0.42159986
B_task,1.3205452,-0.5069429,0.45003903,0.88452154,0.35296303
B_task,1.0381627,-0.021376848,-0.26519132,0.31665844,0.5482603
B_task,-2.6499405,0.2433492,-0.7843035,0.021463877,0.6573421
B_task,-0.07063389,0.2225242,0.7860558,0.8262234,0.42026156
B_task,-0.6436291,0.5509512,-0.69088376,0.061846934,0.5410707
B_task,-1.3811827,-0.31666532,-0.9961828,0.09299199,0.39106482
B_task,-1.2318249,-0.4110779,0.54597366,0.96318173,0.6782611
B_task,0.019733429,-1.3059542,-0.3591467,0.7533654,0.35356417
B_task,-2.699915,0.34692585,-0.16180062,0.3378542,0.87363505
B_task,0.14224625,1.7543402,0.122844875,0.13217884,0.5349316
B_task,2.7755609,0.016816363,0.059387088,0.38673058,0.22501422
B_task,-1.2849245,1.1978067,0.50607085,0.3391949,0.7006385
B_task,-1.9764338,-0.587988,0.17732424,0.8744412,0.7581495
B_task,0.18335867,0.7829614,0.44146943,0.41875303,0.5503445
B_task,1.4835482,0.19369167,-0.99577403,0.082045004,0.31471118
B_task,1.2888193,-1.2802347,0.17316365,0.9268052,0.28741097
B_task,-0.31625032,-0.32701904,0.36911368,0.6223134,0.3960675
B_task,-0.9486327,1.2554668,-0.24909914,0.11670986,0.5363058
B_task,-1.2885809,0.5617607,-0.64339405,0.11317416,0.5128877
B_task,4.492407,-0.6466299,-0.062325537,0.46593323,0.123324856
B_task,-1.8197165,0.7364565,-0.46575722,0.09208897,0.6624031
B_task,-2.5589724,-0.16628206,0.30890357,0.6317522,0.65079606
B_task,2.4573793,-1.0670321,-0.15396363,0.6163838,0.2383828
B_task,0.3448739,1.0427221,-0.54078853,0.032081347,0.52231634
B_task,-0.14363098,-0.51966274,0.2431966,0.80742276,0.3855723
B_task,-2.2894669,-0.8390381,0.016812265,0.7867948,0.542801
B_task,-0.21673155,0.16603455,0.68345964,0.9153083,0.671812
B_task,0.36356306,-0.87717885,-0.1490317,0.6703066,0.56062335
B_task,1.0821576,-1.196738,-0.28172195,0.6928622,0.2578892
B_task,-0.7910361,1.0368555,-0.24873143,0.16374165,0.74020517
B_task,1.9252439,1.4072385,-0.32062846,0.023888813,0.41790918
B_task,-0.11574888,0.68983394,-0.75156695,0.06556315,0.39321512
B_task,0.3619547,0.17161036,0.97311854,0.9644613,0.42605388
B_task,-1.2261558,-0.90605503,-0.119505644,0.6457214,0.521783
B_task,-2.0444775,-0.9512741,0.073556244,0.9469067,0.46089914
B_task,-2.3263626,0.3756376,-0.21968448,0.34938437,0.84184515
B_task,0.2131505,-0.47469738,0.24230623,0.7552216,0.49741286
B_task,1.6624961,1.572082,-0.272493,0.06539897,0.39564312
B_task,-0.61175823,1.1580299,-0.22999704,0.16620517,0.6066232
B_task,-1.0186806,1.2586285,0.39532447,0.27713335,0.64376926
B_task,1.2778568,-0.20977014,0.22289717,0.55031824,0.4717726
B_task,-0.5495453,-0.46405116,-0.0019225478,0.55740887,0.34676823
B_task,-0.6550474,-0.7659427,-0.38310626,0.49898645,0.41003004
B_task,0.8495922,0.20509899,0.20970488,0.42446357,0.31875056
B_task,-1.648901,-0.23821416,0.0627172,0.5757052,0.63467926
B_task,-1.2651939,-1.1098523,0.06313872,0.9666624,0.51664317
B_task,2.5920558,-0.25505382,-0.0128855705,0.45807955,0.3540404
B_task,0.57632685,-0.41462174,0.45353222,0.8374714,0.51243865
B_task,-2.097455,0.75278884,-0.54787314,0.055871964,0.7348913
B_task,2.083578,-0.43189955,-0.23939103,0.38558725,0.37792838
B_task,-1.6888628,-0.34878826,-0.07634455,0.56049645,0.81745696
B_task,-2.3543682,-0.23000523,0.2805555,0.62032056,0.6546758
B_task,1.5497942,-0.19891018,-0.6121676,0.25001833,0.33469406
B_task,1.6948085,-0.17405656,0.032010794,0.399291,0.27863497
B_task,-0.12993288,0.4262871,1.1055458,0.94700617,0.5121914
B_task,-0.53091145,0.74425465,0.9414909,0.64885074,0.6266721
B_task,3.6134021,-0.2112347,0.2550087,0.58496624,0.33736527
B_task,1.1200762,0.5295838,-0.85154223,0.065298714,0.2558162
B_task,1.672339,1.1082227,-0.38004866,0.05217626,0.1860671
B_task,-2.7092104,0.3624845,-0.49872226,0.21139845,0.7263856
B_task,2.5768366,1.0850062,-0.41794178,0.13782278,0.16141762
B_task,-2.8523006,-0.3881268,0.40237916,0.9837499,0.7527768
B_task,-0.40498638,0.86519575,-0.6685521,0.0027471476,0.5076407
B_task,0.89682007,-0.31418884,-0.30970067,0.36584353,0.35917202
B_task,-1.7258081,0.13445213,-0.9629564,0.05842245,0.85249686
B_task,3.2982962,-0.49905106,0.32512856,0.64001054,0.12744604
B_task,-1.053473,0.087385446,-1.062276,0.0465332,0.60873556
B_task,-0.83297014,0.13650727,-0.98556435,0.06840964,0.4678306
B_task,-1.4790039,0.23649141,-0.8556518,0.0799425,0.79143965
B_task,0.233459,0.70664275,0.03126818,0.27178514,0.41864938
B_task,-0.37511253,-0.5704567,-0.09322256,0.5763581,0.5633414
B_task,-0.63670826,0.14196202,0.68442035,0.8054486,0.51933295
B_task,3.0077927,0.2384916,-0.23116171,0.2671916,0.27295974
B_task,3.3149123,0.5630077,0.0715394,0.28317106,0.15931958
B_task,0.01585865,-1.3169519,-0.1412682,0.82448214,0.48599783
B_task,-0.6606283,0.5774784,0.80569315,0.7459484,0.68025297
B_task,-1.749752,1.2893637,-0.17129678,0.12681475,0.69235736
B_task,-0.073480606,-0.7549635,0.1003502,0.8063489,0.47346896
B_task,-1.6888256,0.121632755,0.71790004,0.8312511,0.7005792
B_task,1.19028,-0.2998861,-0.9507319,0.17782578,0.30701053
B_task,-0.2320733,-0.48976117,-0.031061232,0.626948,0.5505072
B_task,-1.770175,1.2213783,-0.18245918,0.19674362,0.7480077
B_task,1.5067897,0.88851476,-0.0010020733,0.24349271,0.40570226
B_task,-1.4620075,-0.09104431,0.14725965,0.49400577,0.61402136
B_task,-0.2356,-0.87280387,-0.43311,0.52222,0.5882224
B_task,-0.75795126,0.11449525,0.29753792,0.47903353,0.53627795
B_task,-1.7623129,-0.4996869,-0.12442976,0.54114103,0.47301388
B_task,2.2881646,1.2588607,0.114438355,0.21316467,0.3986265
B_task,-0.5612855,-1.2792305,-0.18029964,0.77858037,0.51930207
B_task,0.23626804,-0.5699476,-0.7770225,0.27784842,0.37340516
B_task,1.0503626,-0.9789868,0.28719425,0.9126833,0.3352398
B_task,-0.43744755,-0.67986906,-0.35358194,0.5151553,0.43127188
B_task,1.7455392,0.62360966,0.07382095,0.30368406,0.4555932
B_task,0.98954964,1.1608483,-0.11443788,0.17438391,0.4322306
B_task,-1.000124,-0.21288417,-0.0026234984,0.48520395,0.4454497
B_task,0.5532656,-0.5602261,-0.49565652,0.3762973,0.34469363
B_task,3.7611594,-0.5411193,0.17847848,0.6230938,0.1565181
B_task,-1.3228741,-0.35320687,-0.03793019,0.49845958,0.6352304
B_task,1.1968846,1.1000674,-0.4303573,0.036959697,0.30740726
B_task,1.6298599,-1.0446858,-0.02950108,0.8330948,0.34394196
B_task,0.5640173,1.7628832,-0.055965662,0.051673938,0.6038136
B_task,-1.3326368,-1.133322,-0.13639891,0.8275952,0.47667947
B_task,0.3655858,-0.0068225563,0.62216926,0.8127496,0.61988944
B_task,-2.604725,0.14942431,0.66807663,0.9239831,0.81368995
B_task,0.15736866,-0.6107527,0.010995686,0.66440105,0.44001937
B_task,3.497784,1.2936056,-0.08871043,0.16062364,0.10972397
B_task,3.3564095,-0.060616314,0.2014032,0.4419294,0.20185244
B_task,-1.2179446,-0.3780113,-0.3711635,0.43943265,0.7984224
B_task,-1.2555199,0.04539211,0.41487956,0.632333,0.62448597
B_task,4.2132635,-0.34281543,-0.14543921,0.38113752,0.08031129
B_task,2.7541025,-0.792198,0.08423346,0.6756781,0.2289452
B_task,1.1091642,0.16988713,-0.5375006,0.20390739,0.34962153
B_task,2.3176703,0.021997213,-0.053578496,0.3533508,0.37089378
B_task,-2.412341,0.2713536,0.51969504,0.5433134,0.7918715
B_task,-3.8057213,0.45428175,0.26185596,0.42765105,0.8829692
B_task,-0.82459784,0.9170495,-0.41667792,0.12252565,0.6116067
B_task,-1.7444906,-0.25631717,0.52360916,0.9658281,0.75925267
B_task,-0.2180233,-0.25112748,0.31832087,0.6912954,0.5653062
B_task,2.9538374,-0.38635004,0.40211415,0.83303505,0.26635265
B_task,-2.307952,-0.098690405,-0.3727751,0.35746074,0.75845176
B_task,3.6694121,-0.7506947,0.5403931,0.9448959,0.11742511
B_task,1.3946013,-1.1424124,-0.16503555,0.8124471,0.26045558
B_task,3.621798,-1.0263977,0.34060478,0.97950625,0.12899536
B_task,1.2327662,1.4833877,0.25062704,0.19739425,0.5446362
B_task,-0.70399904,0.83087075,0.67313373,0.47716948,0.63057363
B_task,1.8989263,-0.76233757,-0.5934478,0.385849,0.27777898
B_task,3.2467868,-0.5393914,0.17381078,0.613895,0.15571314
B_task,0.8669586,1.3303394,0.31311,0.25021973,0.5301607
B_task,2.0075364,1.3511087,-0.40240437,0.10047229,0.17787617
B_task,-0.48402023,-0.497909,-0.31226197,0.4766166,0.601814
B_task,-1.6397982,-0.6007136,0.005538225,0.63947195,0.60877633
B_task,-0.9546256,-0.4928887,-0.43324324,0.3840154,0.6811136
B_task,-1.3351698,-0.6216547,0.3572533,0.98743933,0.46817055
B_task,1.0302191,-0.22774465,-0.16431558,0.40598878,0.50165313
B_task,1.8993998,1.138599,0.25685477,0.29981554,0.58378774
B_task,0.36271238,0.4340049,0.94890296,0.81389785,0.3915028
B_task,-2.3801908,0.28864557,0.3458693,0.4666898,0.82594967
B_task,-3.7240667,0.39275998,-0.106906354,0.27321678,0.83381754
B_task,-1.7994337,-0.26517686,-0.6154851,0.28649104,0.56279063
B_task,-2.167304,-0.13511963,0.50876796,0.9471558,0.7939547
B_task,0.968369,-0.5492599,0.50324905,0.96173674,0.22252356
B_task,2.1254525,0.083945125,0.59129727,0.6462369,0.4146876
B_task,-1.6721315,0.48922735,-0.22350681,0.27876797,0.82392776
B_task,0.46041393,-0.560378,0.11199093,0.71136904,0.51173073
B_task,-2.5061245,0.49553978,-0.41321063,0.21676949,0.7212734
B_task,3.364616,0.05297473,-0.08996236,0.3220847,0.15066838
B_task,4.2585754,-0.6712445,0.004569292,0.54173636,0.19944817
B_task,1.6755891,-0.16909382,-0.12691772,0.40114415,0.3691804
B_task,2.6696072,-0.2521643,-0.26456422,0.35102385,0.18849443
B_task,-0.64293337,-0.84001225,0.2405932,0.97413445,0.45037156
B_task,-2.609376,0.2475887,-0.6791186,0.17020617,0.653737
B_task,0.26521158,-0.7202002,-0.23889148,0.61377853,0.56716514
B_task,0.26040316,0.43880647,-0.8259443,0.038541388,0.26931667
B_task,3.486639,1.3713475,-0.32049057,0.09171474,0.15677053
B_task,-3.5894842,0.6390429,-0.39376655,0.209996,0.873088
B_task,-2.0953455,-0.63982934,0.31015456,0.9916862,0.51012665
B_task,0.9057026,0.022383362,0.6252388,0.72642463,0.30980656
B_task,-3.688651,0.10015711,0.5397947,0.8680381,0.8512612
B_task,-0.06281233,1.1970638,-0.25772768,0.049483784,0.42149147
B_task,-0.43583202,-0.5904843,-0.031470776,0.68143845,0.6856593
B_task,-0.8161373,-0.6662016,-0.48063913,0.4399365,0.62579334
B_task,-1.8709402,0.34215188,-0.007611692,0.41641995,0.77093154
B_task,-3.5725126,-0.38823143,-0.012958527,0.7082548,0.89808196
B_task,-1.9025745,0.009491682,-0.4666604,0.30831894,0.76862365
B_task,3.3655386,-0.46104813,0.07678187,0.51346785,0.10487938
B_task,1.309905,-0.42326468,-0.71597433,0.26072472,0.32550934
B_task,-2.3465672,-0.14341809,-0.332146,0.39140406,0.8017381
B_task,-0.7835789,-0.8763557,-0.36553845,0.53332615,0.5910273
B_task,0.4236164,0.95147824,-0.21922803,0.157881,0.34216362
B_task,-0.14873075,0.66107726,0.06583774,0.27618712,0.52168196
B_task,0.7607193,-0.34877366,-0.14378875,0.4204059,0.45673707
B_task,2.0900054,-0.2284716,0.20245534,0.47274798,0.20494863
B_task,0.22119904,0.65328294,0.95736635,0.80000395,0.5212349
B_task,-3.3358164,0.008249521,0.2015745,0.6429501,0.72622025
B_task,1.6080356,-0.4610539,0.003502667,0.56249005,0.41662955
B_task,1.8736887,-0.019308895,0.7611133,0.8698674,0.31695595
B_task,2.7009282,0.3648004,-0.53850645,0.19734886,0.17827696
B_task,1.7217622,1.2625201,-0.4157057,0.10408304,0.34539112
B_task,2.8190386,-0.4235757,-0.19344419,0.39372522,0.28989047
B_task,-3.353485,0.25449,-0.52816415,0.13718995,0.7309173
B_task,-0.16263437,-0.44187012,0.026522577,0.55598104,0.58299446
B_task,-2.2044115,-0.36133778,0.18778414,0.5736433,0.606093
B_task,-1.3896065,1.1779752,-0.26258332,0.13159356,0.64910316
B_task,2.4801707,-1.1127653,-0.059943557,0.716054,0.19857484
B_task,1.5064716,-0.6295917,0.009650886,0.5565395,0.43496293
B_task,1.628005,-0.080332726,0.031210542,0.42318198,0.33073625
B_task,1.2198267,0.010243192,0.94967556,0.9174818,0.34333178
B_task,-3.2794676,-0.32815233,0.41290617,0.85591227,0.6612813
B_task,-0.75085354,0.4699492,-0.41956407,0.22096917,0.6989969
B_task,0.75034237,0.3848977,-0.60825014,0.16658318,0.24819742
B_task,0.2635603,-0.37191796,0.4124868,0.9155364,0.62856925
B_task,2.6441698,1.4900284,-0.04345262,0.1572519,0.27243516
B_task,1.2604384,-0.97346294,-0.037570894,0.7572063,0.4216051
B_task,3.5327277,0.02635032,-0.15201348,0.31251702,0.18292047
B_task,-3.0385065,-0.04693523,-0.29827598,0.36118534,0.7243392
B_task,2.434958,-0.77682453,-0.01795441,0.55372465,0.25965908
B_task,0.6480999,-1.2688384,-0.08375758,0.9259642,0.45149893
B_task,-0.799809,0.6094443,-0.78643715,0.0020568431,0.54409665
B_task,0.4170065,1.8856729,0.24459863,0.16228734,0.5826324
B_task,-0.008250713,-0.35314506,0.37749112,0.7202118,0.37445453
B_task,0.6309991,0.24278867,0.24478269,0.39446652,0.35689992
B_task,3.1615596,-0.14402479,-0.41980976,0.28781042,0.18263312
B_task,-0.17573118,-1.2398655,0.0061172843,0.96289563,0.45125055
B_task,-0.58206415,1.1886545,0.21592605,0.26402843,0.7146462
B_task,-3.7407808,-0.1982114,0.21672165,0.71416694,0.82405365
B_task,-1.8853931,-0.76098174,0.41175473,0.96422565,0.5059208
B_task,1.66188,-1.0080645,-0.020154297,0.76276606,0.27796474
B_task,-1.8052378,-0.11106479,0.436733,0.70941406,0.5534221
B_task,0.4030223,-0.83163875,-0.0132290125,0.7232067,0.55607396
B_task,2.1408014,-0.3415015,0.4267614,0.8052261,0.24864048
B_task,-0.8684921,-0.4858584,-0.6516061,0.27121365,0.39078528
B_task,-1.0274124,-0.41949686,0.20134062,0.62668675,0.43366545
B_task,-0.17767143,-0.22284867,0.55379784,0.8028859,0.63587075
B_task,-2.7742825,-0.028118804,0.6528641,0.88822967,0.7242837
B_task,0.7501278,-0.49806997,0.5782641,0.90583414,0.30560285
B_task,0.25880098,-1.0697364,0.17037368,0.9038964,0.28773248
B_task,-1.390418,-0.040080115,-0.94581586,0.0976338,0.49793673
B_task,-2.2865305,-0.24308473,-0.30249423,0.37640607,0.5934441
B_task,0.7880316,-0.92026144,-0.686592,0.45639208,0.32986897
B_task,-0.9380932,0.30540526,0.8802949,0.8916854,0.6746948
B_task,2.9804287,0.032821372,0.11090356,0.41925362,0.2919206
B_task,-4.3731785,0.31039882,-0.15071678,0.2649121,0.9110655
B_task,2.0743961,1.3276505,-0.4870546,0.019858774,0.3068856
B_task,-0.3471837,0.91018856,0.10623634,0.28875428,0.6685561
B_task,-1.365097,-0.8191826,-0.012688577,0.78072417,0.6164307
B_task,0.63521624,1.6262711,-0.17845637,0.020170938,0.58398205
B_task,2.9482546,1.3833973,0.018396437,0.16499393,0.307356
B_task,-0.013622761,0.61537176,0.11705154,0.31096843,0.66130483
B_task,1.3324761,-0.3156661,0.20181751,0.5320111,0.3427744
B_task,-0.5096593,0.21656048,0.037597716,0.3630433,0.47019273
B_task,-1.0910993,-0.31663442,0.478222,0.8826397,0.67763925
B_task,2.9173107,0.51781034,-0.31203252,0.20747763,0.21623443
B_task,1.5282454,-0.90805954,-0.09909809,0.5616344,0.39674702
B_task,-1.5006456,-0.28614885,0.28908098,0.7778175,0.65062094
B_task,1.5366983,0.023468092,0.88305855,0.9296082,0.29965708
B_task,-0.69839144,-0.3694989,0.6938455,0.87348026,0.46630374
B_task,1.3083577,1.243251,-0.15554583,0.13552101,0.23398633
B_task,0.5665679,-1.5618321,-0.44451603,0.7918001,0.37815955
B_task,-0.77727747,-0.9194982,-0.12789214,0.67534626,0.60492295
B_task,3.0906084,0.15270203,0.15113091,0.42160356,0.35453773
B_task,-3.6725159,0.33676517,-0.506428,0.0255671,0.884455
B_task,0.0540514,-0.2079374,-1.0035356,0.16798148,0.48687673
B_task,-0.74310684,-0.81621796,-0.00068849325,0.7494608,0.41502342
B_task,1.4391456,1.578368,-0.16348213,0.08400477,0.29787195
B_task,-0.00028562546,-0.5497978,-0.6505933,0.31264994,0.3819063
B_task,-0.05188179,-0.5074866,-0.8128238,0.25521243,0.3663926
B_task,-2.4336987,-0.50750947,0.15165114,0.7461009,0.60240465
B_task,2.927327,-0.20726384,-0.27424198,0.35905984,0.30306426
B_task,-2.7434473,1.2277212,-0.2169007,0.087188244,0.8267325
B_task,5.4335523,-0.21591333,-0.16511303,0.3704421,0.025622502
B_task,-0.12255287,-0.3709969,-0.6160033,0.32682988,0.50218564
B_task,-0.20685625,-0.9731381,-0.1287688,0.71702135,0.46415833
B_task,-0.8607516,0.16488019,-0.17318535,0.3201222,0.75284934
B_task,0.84217787,-0.055098534,0.49318206,0.6936157,0.28533292
B_task,-0.15690708,-0.3596331,0.09299487,0.5385944,0.6706317
B_task,-1.6508303,-1.1495697,-0.019634783,0.8877328,0.50409573
B_task,0.023233414,0.027182817,0.6978786,0.7333652,0.4516709
B_task,-1.0080152,0.9259361,0.5911875,0.40791875,0.7155132
B_task,-0.88377047,-0.303756,-0.16883469,0.4849095,0.68515885
B_task,3.6760538,-0.33289057,0.02068156,0.47138575,0.23381029
B_task,0.466146,-0.39684334,0.47450078,0.8717024,0.5699609
B_task,-0.73804235,1.7615227,0.25502396,0.13803618,0.6026174
B_task,0.34256935,0.12195355,0.06285936,0.42423,0.3499335
B_task,1.525075,0.16341779,0.5043378,0.53491205,0.31249273
B_task,-1.7322826,-0.036882535,-0.16015917,0.43622282,0.72073925
B_task,-1.2922316,-0.37804613,0.22045958,0.5980285,0.48763418
B_task,-3.4094038,0.21530485,0.14036363,0.4988431,0.87589693
B_task,0.009539127,-0.46817288,-0.3493761,0.41369575,0.3939003
B_task,-0.7067785,0.7066615,1.0341711,0.686813,0.65195787
B_task,-2.3597937,0.58311,0.07384938,0.32932246,0.74781704
B_task,1.4493709,-0.39237833,0.22928953,0.606901,0.51699245
B_task,1.7821598,0.2897809,0.7138419,0.72855836,0.4936646
B_task,-1.1236458,0.99335766,-0.26074523,0.13064663,0.51617265
B_task,-2.1941748,0.08987337,-0.2664284,0.3264521,0.6469588
B_task,3.0490272,-0.9535541,0.31412888,0.94470453,0.15397035
B_task,-1.5986471,-0.11639085,0.73901427,0.9660213,0.48813373
B_task,-1.6176386,-0.38589838,0.6198995,0.9923888,0.5832967
B_task,1.7492766,0.41306347,-0.9208369,0.042525835,0.27895182
B_task,1.7586427,-1.0085479,0.084138155,0.82650876,0.30774674
B_task,-1.9105215,0.21858701,0.97539794,0.9352758,0.6794671
B_task,3.2088976,-1.1859224,0.14433938,0.90194446,0.19886242
B_task,3.3853018,-0.10986342,0.46961248,0.7149413,0.2401257
B_task,0.75226593,-0.82379633,0.050447464,0.67561936,0.2991788
B_task,-2.7881536,0.10703075,0.47549748,0.71960664,0.79552305
B_task,2.0637984,-0.13155103,0.37515676,0.57488585,0.39928392
B_task,0.09359789,0.630944,1.0150087,0.7884201,0.44644785
B_task,4.3373375,-0.62975144,-0.21214497,0.5019296,0.068956785
B_task,0.34939384,0.64081645,-0.27638942,0.2259375,0.3626342
B_task,0.6716509,1.4655292,-0.26478797,0.09434903,0.60093707
B_task,0.8271408,0.13023078,0.6076225,0.9082557,0.6238447
B_task,1.2475271,-1.5745314,-0.38385174,0.754879,0.293013
B_task,-2.0811443,0.8278713,-0.313817,0.17724194,0.7412864
B_task,-2.5035696,-0.578655,-0.08083278,0.82245827,0.893899
B_task,1.4503918,0.31787264,-0.15053284,0.30034676,0.4362435
B_task,-2.7634478,0.12761265,0.26609588,0.635655,0.79188514
B_task,-0.43423414,-0.37501517,-0.34839323,0.35615286,0.45354262
B_task,-0.85581064,1.3279539,0.19215691,0.21416308,0.60706383
B_task,-1.0705705,0.9885602,-0.24080229,0.17560877,0.5371754
B_task,-0.9612613,-0.24278376,-1.0814791,0.070950314,0.40714043
B_task,0.034132004,-0.111221395,-1.0749061,0.07443856,0.42375138
B_task,-0.38047934,0.93983734,-0.51260996,0.06909021,0.5422026
B_task,-0.14148712,0.78534275,-0.63184714,0.08991877,0.4473488
B_task,-1.4468832,0.36416304,0.8517251,0.8340293,0.5836152
B_task,0.25148487,-0.89838094,-0.44757593,0.5178083,0.52423996
B_task,-3.3642302,0.872362,-0.18940473,0.12858401,0.8580396
B_task,1.1266975,-0.84503734,-0.32312864,0.5249947,0.43466547
B_task,-0.9805784,0.05055535,0.28402817,0.5426298,0.6049831
B_task,-0.20906115,-0.2782936,-0.089585304,0.49659204,0.67249006
B_task,-0.019802094,0.70283437,-0.35731044,0.20648636,0.47705215
B_task,1.2919083,-0.35095632,-0.11124289,0.43439788,0.5064214
B_task,1.4871721,0.055910826,0.8793124,0.87085646,0.32661504
B_task,0.73085976,-0.011329308,-0.029758513,0.38373548,0.47467685
B_task,-1.0673704,-0.39485204,-0.19187713,0.5039852,0.73579866
B_task,0.44653082,-1.1269622,0.13738322,0.9302424,0.5000384
B_task,-0.12465191,1.4706419,0.25037777,0.2328014,0.5858252
B_task,-0.29232407,0.41804928,0.90581,0.7255077,0.49350923
B_task,-0.90291977,-0.018211499,0.051676273,0.48384133,0.58655
B_task,-1.0007443,-0.33278567,0.3610158,0.78736794,0.7035713
B_task,3.0466902,-0.10725771,-0.09692979,0.3596735,0.17734873
B_task,1.9117064,-0.52673054,0.050254107,0.54235864,0.41095817
B_task,0.7897787,-0.14348559,-0.13785017,0.36828595,0.46976185
B_task,-1.9729509,-0.75464237,0.08287656,0.86614925,0.604898
B_task,-3.8442307,-0.4259328,0.107824266,0.91481787,0.8730194
B_task,2.2856255,0.0657303,0.54479027,0.6318213,0.41454658
B_task,1.552239,-0.5992223,0.4782802,0.9810202,0.44922197
B_task,-0.8855529,-0.6483219,-0.027298868,0.73205566,0.6914774
B_task,1.2740307,0.06343764,0.56581867,0.83042395,0.5920625
B_task,-3.0591202,-0.40249962,0.3456328,0.8947207,0.7572515
B_task,1.282186,1.288775,0.33963346,0.27190575,0.5863836
B_task,-1.3339882,-1.1030109,-0.16293281,0.98667794,0.5920273
B_task,4.24479,-0.2940744,-0.09534925,0.39041403,0.08572137
B_task,2.8918388,-0.21115068,0.07209873,0.49721253,0.11445631
B_task,-2.8665924,0.04435505,-0.66921204,0.18032373,0.6876632
B_task,-0.5464158,-1.5347582,-0.4902719,0.8214788,0.3860434
B_task,0.797513,0.11349836,-0.11520177,0.33689764,0.35394433
B_task,-0.52414274,-0.49729824,0.26138735,0.68934447,0.371963
B_task,2.1537013,0.8750621,-0.0400365,0.2183556,0.15099487
B_task,1.5264144,-0.034625664,-0.17049181,0.35136306,0.51420254
B_task,3.3430202,-0.018384755,0.0035824776,0.38424447,0.22828157
B_task,1.378706,0.3615517,-0.35851648,0.23662399,0.37096217
B_task,-0.5891304,-0.32043892,-1.2067841,0.03506344,0.41958404
B_task,-0.652998,0.24439386,0.72473633,0.7702089,0.6140171
B_task,-0.53461695,-0.84831524,0.29085767,0.95035464,0.49337706
B_task,-2.0374355,-0.13082376,-0.6984659,0.22624786,0.6209885
B_task,0.5335436,1.5950526,0.07471722,0.16265136,0.4204574
B_task,-1.1075892,0.3125595,-0.06352013,0.3476042,0.6428467
B_task,2.7689703,1.3006119,-0.39127958,0.082766004,0.31649038
B_task,2.1148362,0.0293618,0.522027,0.6497329,0.44744113
B_task,1.7497926,0.6444128,0.3444121,0.3685525,0.3696882
B_task,2.990669,-0.9081389,-0.037591398,0.56247854,0.2219704
B_task,3.332454,-0.4584858,0.56681013,0.90585,0.08412188
B_task,-0.22976542,0.08656871,0.902259,0.86157936,0.41973957
B_task,-4.029454,-0.07355355,0.56878257,0.9216769,0.83166486
B_task,0.3878293,-1.2254214,0.014569879,0.9350577,0.46471897
B_task,1.2508607,-1.1796384,-0.23540765,0.5898194,0.3156384
B_task,-1.4604034,0.686865,0.64041877,0.50230026,0.7332167
B_task,1.3483839,1.1663876,-0.5301007,0.037615165,0.3505223
B_task,2.835834,1.2467098,-0.3341051,0.10244131,0.09043321
B_task,-1.5474119,0.20048726,0.33175838,0.5239234,0.6192055
B_task,0.7816949,0.092337996,0.6875347,0.8560083,0.5911968
B_task,-0.121014595,-0.7925269,-0.56991076,0.43263456,0.4145209
B_task,1.4735231,-0.20631464,-1.1537521,0.0037293623,0.3510733
B_task,0.1550622,0.93081105,-0.07427025,0.2123031,0.37883294
B_task,-0.9317007,0.25953293,0.7100202,0.7599704,0.5704049
B_task,1.1707554,1.3470529,0.008129239,0.15841798,0.26760146
B_task,0.5441747,0.40705347,-0.5421252,0.19957633,0.32953894
B_task,-1.613575,0.76216906,0.15579182,0.28553605,0.700413
B_task,0.826591,-0.1264807,0.26181602,0.6092834,0.679436
B_task,-0.97391796,-1.3546948,-0.30734608,0.8364056,0.39226893
B_task,-0.8218684,1.1747833,0.011401892,0.21889484,0.6633775
B_task,0.8687587,-0.16596472,0.32057703,0.5994679,0.54611444
B_task,-0.14567661,-0.19921653,0.20527059,0.5299406,0.646874
B_task,-2.1177883,0.34047395,0.30195904,0.4448642,0.72746176
B_task,0.118826866,-0.52208316,-0.048305213,0.5804205,0.63192767
B_task,0.32326603,-0.739443,0.14232689,0.8141185,0.53011805
B_task,-0.90871716,0.11209172,-0.6716471,0.21748805,0.67399526
B_task,4.2964997,-0.7389385,-0.12491286,0.49723417,0.11369993
B_task,0.890223,0.44154733,-0.82881355,0.09792056,0.280194
B_task,-0.19372416,0.2456873,0.3847865,0.51323754,0.55115455
B_task,-1.551445,-0.7338871,0.21168214,0.7910079,0.60378146
B_task,-0.36804152,-1.1121871,0.074573874,0.9985589,0.54816765
B_task,0.4991064,0.5390607,0.54195356,0.47569305,0.47671437
B_task,-2.392089,0.4463125,-0.24464,0.2966034,0.71865493
B_task,2.2639136,0.06567195,0.37848043,0.5795036,0.52706766
B_task,1.4380355,-0.42899036,-0.32941267,0.37175205,0.42621556
B_task,2.0446467,0.3606174,-0.8119655,0.11700239,0.2446277
B_task,-1.8055677,-0.10630878,0.005656779,0.5244986,0.78610116
B_task,-3.8205853,-0.111978844,0.27827263,0.7991357,0.88437223
B_task,-0.6323681,-0.24646409,0.40783978,0.8911273,0.7080483
B_task,-0.74065924,0.33223945,1.1169382,0.9781112,0.55862933
B_task,3.5022519,-0.18184872,-0.14612454,0.36772463,0.26532206
B_task,3.5490775,0.8665445,-0.040780127,0.25166517,0.23272067
B_task,-0.27457142,1.7445478,0.15737545,0.11082077,0.559689
B_task,3.9790888,-0.35033423,-0.029898286,0.4362319,0.24395956
B_task,1.1354609,-0.7608616,0.11406565,0.80702716,0.26062876
B_task,-0.19544983,0.49107856,-0.33411556,0.23464479,0.6348144
B_task,-1.9661455,-0.6593398,0.10069913,0.8495665,0.761977
B_task,-0.72022676,-1.1953852,-0.35482985,0.71173704,0.51857305
B_task,-1.5391626,1.6288794,0.31928837,0.20094281,0.7244065
B_task,0.48312998,-1.1603692,-0.29942396,0.63175154,0.4316587
B_task,-3.324296,-0.30810136,0.2634896,0.8196922,0.8039645
B_task,2.9398468,-0.45099068,0.71913147,0.9328704,0.12204833
B_task,-0.8651233,1.7087723,0.23780441,0.16221477,0.6033962
B_task,-1.8538504,-0.9058814,-0.24635673,0.82201517,0.78370184
B_task,-0.3657937,0.72263086,0.80797064,0.7758491,0.6703375
B_task,4.3858304,0.6346377,-0.10700208,0.24372163,0.049500126
B_task,-1.5241833,-0.16751516,-0.54887426,0.2945814,0.52344847
B_task,-2.9972477,-0.5685592,0.21972084,0.95708406,0.59477335
B_task,1.1152754,-0.81461143,-0.60745883,0.36201605,0.34974775
B_task,-3.773367,0.32258815,-0.24096215,0.2889761,0.8553354
B_task,-2.141035,-0.19497207,0.19640672,0.7200111,0.809842
B_task,-2.145032,0.48555046,-0.6290618,0.132906,0.7490881
B_task,1.0218401,0.111504614,0.29919434,0.48316932,0.2633592
B_task,-1.3316841,-0.05299677,-0.2890285,0.35813314,0.70980597
B_task,-0.5668917,-0.64897734,-0.18134463,0.5439863,0.43282503
B_task,1.4997063,-0.13151248,0.48698676,0.60325015,0.38387847
B_task,-3.9234524,0.13343906,0.39697158,0.64010745,0.8627527
B_task,0.98485327,-0.67300963,-0.494699,0.43239906,0.29792267
B_task,-0.9766216,-0.74991375,0.021577597,0.88693243,0.7293972
B_task,-2.6442451,0.47145963,0.9231806,0.8356761,0.7742099
B_task,-0.18215704,-1.5162662,-0.28483775,0.9333578,0.39095807
B_task,-4.701807,0.2517612,0.20272565,0.44590566,0.92728126
B_task,-0.8609562,-0.6753198,0.12844253,0.7300859,0.6548706
B_task,-1.0308275,-0.106788464,-0.11809331,0.43069577,0.46286774
B_task,1.6845908,-0.06031534,-0.43654984,0.27878276,0.36421865
B_task,1.5123053,-0.11672621,0.5966747,0.65188646,0.23149267
B_task,1.1304994,-0.79107434,0.33165264,0.94598716,0.45982397
B_task,-3.4837914,-0.49310303,0.13468367,0.8043079,0.9091033
B_task,-3.866085,0.2708594,-0.14404505,0.2852018,0.9305279
B_task,1.8046579,1.2135997,0.14537555,0.22810575,0.45102718
B_task,-1.9921837,-0.5270425,-0.035984635,0.7716455,0.8116441
B_task,0.7120838,-0.21319261,0.34159458,0.7051285,0.53436214
B_task,-2.35746,-0.8542256,0.10772127,0.86360174,0.62361556
B_task,-1.9604053,1.2664398,-0.18779117,0.1463616,0.70068127
B_task,-0.8151469,-1.1639156,-0.10715371,0.86167926,0.4955947
B_task,1.3081989,0.15330818,0.14580327,0.43262544,0.6139645
B_task,1.7792635,0.1552304,-0.31267998,0.27334547,0.20102122
B_task,-0.25954914,-0.433378,-0.535175,0.34324467,0.60540384
B_task,0.8512988,-0.6190163,0.42488205,0.9935039,0.512285
B_task,1.6938634,-1.2364535,0.077147484,0.9560321,0.35872746
B_task,0.4385395,0.187051,-1.0149058,0.08374604,0.4250717
B_task,0.30236435,-0.063069314,-0.36162803,0.31518847,0.49188238
B_task,-0.46329212,0.6835867,0.85432875,0.71957904,0.6781664
B_task,-0.17940998,0.9603511,-0.6037654,0.035325132,0.52871555
B_task,-1.6725826,0.43595487,-0.7765442,0.035923656,0.7788496
B_task,-1.3547401,-0.084291585,-1.1102605,0.044890292,0.52407724
B_task,-1.3282337,-1.0433772,-0.1913386,0.86844486,0.69761395
B_task,-0.14043379,-0.010787323,-0.27692688,0.33373243,0.6944257
B_task,2.025898,0.4995616,0.03801602,0.31873983,0.34516716
B_task,0.33358288,-1.5384184,-0.5716997,0.79334384,0.36380562
B_task,0.64128304,-0.29987904,-0.43431967,0.3185663,0.32561278
B_task,-0.7998123,-0.58707845,0.08798623,0.73843086,0.5609014
B_task,1.0380535,-0.21742097,-0.2304421,0.36934072,0.4017337
B_task,2.5078793,0.23321506,-0.09129727,0.29751933,0.3032799
B_task,-0.6733732,-0.0022395998,-0.056889236,0.38722652,0.58624005
B_task,-2.4768534,1.0560988,-0.08152568,0.16803724,0.73199064
B_task,1.8112063,1.5142916,-0.26786405,0.07501115,0.31020805
B_task,2.0624952,-0.44583297,0.6171031,0.87120146,0.27265733
B_task,3.041218,-0.40931797,0.3847444,0.86838317,0.277683
B_task,2.869851,-0.63642097,-0.2875526,0.46082133,0.24971278
B_task,3.3819492,-0.1531451,0.45998693,0.68837625,0.32163894
B_task,0.88611555,-0.8367522,0.43465555,0.8626496,0.23268437
B_task,1.1933889,-0.46259496,-0.36251956,0.39072338,0.32569906
B_task,-0.8610287,-0.90614593,-0.034088433,0.71181035,0.38425493
B_task,-2.7712927,-0.12084766,0.16759884,0.75479144,0.81896037
B_task,1.2794056,1.6884668,-0.1651628,0.07807461,0.3319903
B_task,0.9444504,0.8872174,-0.50431144,0.13816208,0.38706458
B_task,-0.7952976,-0.82205445,-0.055938184,0.75033,0.3846505
B_task,-0.8096256,0.16374308,0.69122267,0.70564896,0.52807075
B_task,-0.4668541,0.8544277,-0.3841898,0.18526748,0.6976243
B_task,0.15616179,-0.5595542,0.22613752,0.8267319,0.5551984
B_task,-1.6348171,-0.74953777,0.13995743,0.8009012,0.647427
B_task,-0.7427778,-0.24596114,-0.3550105,0.33274353,0.3451896
B_task,2.1030035,0.57098544,0.29502535,0.340282,0.49715444
B_task,1.0062242,1.7938483,0.057464182,0.110571995,0.4167409
B_task,-2.068613,-0.032354012,-0.052633345,0.44548315,0.78130275
B_task,-0.22175455,0.9450486,-0.5104908,0.10976126,0.54028046
B_task,-0.83692455,-0.4785005,-0.13996363,0.54340714,0.70539016
B_task,0.96093416,-1.0465142,-0.21718043,0.6245833,0.36477554
B_task,-0.28092194,-0.4389991,0.12365168,0.5819411,0.49596283
B_task,1.2212505,1.3880513,-0.2780307,0.071648546,0.5286298
B_task,3.1242642,-0.25721598,0.38298404,0.6216704,0.18055788
B_task,0.27646112,-1.2481637,-0.20828581,0.7522149,0.46381795
B_task,-1.8204336,0.15839666,-0.74400634,0.14185321,0.7278507
B_task,3.9778605,-0.9820784,0.0065565705,0.5950768,0.16891074
B_task,-0.6105747,-1.03788,-0.050325215,0.8190555,0.36036792
B_task,0.105079174,0.9571326,-0.22083741,0.19361944,0.5304957
B_task,1.9895549,-0.21095951,0.805092,0.9134149,0.13030614
B_task,0.43145132,-1.4760163,-0.29011893,0.97191405,0.35497332
B_task,-1.0389147,-0.09125751,0.3303423,0.71164453,0.72793555
B_task,2.5002265,-1.4269915,-0.22873372,0.87203574,0.17839262
B_task,0.5152445,-0.0768983,-0.54425776,0.27178273,0.52921546
B_task,-1.3504391,-0.555242,0.08466977,0.6649684,0.43818367
B_task,-2.6867447,-0.7995266,-0.026154995,0.92614424,0.8736094
B_task,-2.023202,0.9485091,-0.45087492,0.04472902,0.76356053
B_task,1.7627096,-0.056301743,0.6171626,0.82082456,0.24985749
B_task,1.3407779,0.43832022,-0.21712518,0.23692317,0.27400365
B_task,-1.6356068,-0.8722187,-0.05424416,0.8011131,0.68465525
B_task,3.5183926,-0.7253366,0.22975719,0.6424195,0.15380111
B_task,-1.3120918,-0.38900983,0.28462863,0.8015446,0.74209476
B_task,-1.9981165,0.06017208,-0.17757839,0.400995,0.8225362
B_task,-1.7178545,-0.039510667,-0.15452194,0.45021605,0.84175265
B_task,-0.5841389,-0.48733917,0.35243618,0.92429733,0.6932912
B_task,0.7073426,1.6262609,-0.13604271,0.0712337,0.46508068
B_task,-3.4266586,0.30403876,-0.45066437,0.15620072,0.76086354
B_task,-1.8162785,-0.06598239,0.8559886,0.9728324,0.6175527
B_task,-0.3751788,-0.47379717,0.60479975,0.9132513,0.44133955
B_task,2.5806847,1.496686,0.007603526,0.14686805,0.30628926
B_task,2.9819043,-1.3868042,-0.15428668,0.97345924,0.15296
B_task,-0.101234436,0.29781148,-0.2716319,0.26545542,0.42007685
B_task,-1.6871681,-0.23023216,0.6532284,0.8921069,0.5503378
B_task,1.4195495,0.13078994,0.65764916,0.9047752,0.57372516
B_task,1.3514957,1.5887702,-0.19221109,0.023745794,0.59745836
B_task,1.3653312,0.5539947,-0.8709848,0.009711635,0.38269773
B_task,-0.9145055,0.37806785,-0.12470949,0.32699487,0.7188946
B_task,-2.1337233,-0.32792377,0.3482859,0.93117845,0.800369
B_task,-0.5321975,-0.15586367,0.6227956,0.7913437,0.47192845
B_task,-1.7616043,0.10674456,-0.19642693,0.38685098,0.80967313
B_task,-0.11231899,-1.3914204,-0.3338464,0.8580108,0.50504774
B_task,-1.0698571,0.326474,-0.20916975,0.30756184,0.7705083
B_task,-2.0981827,0.044767752,-0.33512717,0.3474174,0.79879034
B_task,-1.060688,0.07918447,-0.65472996,0.19047832,0.4967506
B_task,0.85274506,-0.9700609,0.28708315,0.9595511,0.32001913
B_task,0.25512123,-0.50501543,0.27464664,0.80363065,0.26665348
B_task,0.20856619,0.27435786,0.32042897,0.4624248,0.38631016
B_task,-0.27495956,0.55142194,-0.118624866,0.26427656,0.447034
B_task,-1.0964465,-0.10555623,0.6731888,0.9659796,0.7170133
B_task,1.9890938,-0.25522813,-0.1883595,0.39681998,0.33555973
B_task,-0.39023352,-0.10523328,-0.82423544,0.21070556,0.585361
B_task,-0.14214659,0.9691858,0.6702794,0.4246564,0.5830502
B_task,0.3027401,-1.5359538,-0.5529015,0.7191217,0.35811907
B_task,-3.8564415,-0.20684615,0.29389262,0.7706848,0.82512283
B_task,-0.45096445,1.6803653,0.025082171,0.10898555,0.5837938
B_task,-2.2992802,-0.8767056,0.07702565,0.9459308,0.6060248
B_task,2.0807848,-0.17661358,0.47290063,0.67457074,0.49905974
B_task,-1.3564205,0.39291453,-0.8288862,0.06249576,0.68742335
B_task,0.21429682,0.037658036,0.71131957,0.83743644,0.42129585
B_task,-3.7155561,-0.5198872,0.07542735,0.97190374,0.90479726
B_task,1.0804491,-0.3724496,0.53421223,0.83774763,0.24508426
B_task,0.41122437,0.37673414,-0.9614533,0.009784879,0.36784518
B_task,1.006999,-0.21176891,0.008271098,0.47308892,0.59328866
B_task,2.5378022,-0.6002238,0.0918867,0.5891738,0.21773013
B_task,0.07613325,-0.41393584,0.5545167,0.8879987,0.5015664
B_task,-0.04718733,0.115219116,0.2060718,0.50276047,0.5696538
B_task,1.2654142,1.5378734,-0.29393512,0.07732382,0.32753903
B_task,0.3146534,-1.1455114,0.18543655,0.9335255,0.4770791
B_task,-2.4064884,-0.7741397,0.36316967,0.9517358,0.6305288
B_task,1.455883,-1.1228323,-0.5975971,0.48616222,0.29941946
B_task,1.8456955,-0.10712263,-1.1211331,0.053442735,0.2790564
B_task,-1.835537,-1.083653,-0.16854095,0.8388907,0.4179107
B_task,-2.2136412,-0.9288923,-0.17173153,0.7416727,0.5930054
B_task,-1.4023943,1.0040194,1.2242912,0.9712341,0.72105503
B_task,1.4743896,0.648074,-0.6439626,0.0073136943,0.2194267
B_task,-1.8457232,-0.3975001,-0.23990774,0.43549445,0.48741472
B_task,0.69869566,-0.5559708,-0.71266323,0.2838024,0.4025371
B_task,1.7436914,1.2493556,-0.4101479,0.107705094,0.27280486
B_task,1.2957668,-0.21549381,0.43381953,0.7351346,0.31580022
B_task,-0.7006111,0.26553923,-0.19387853,0.34121493,0.7824871
B_task,0.22173929,-0.21920203,-1.2419368,0.03896914,0.43392503
B_task,-2.417817,0.2674372,-0.7579229,0.1336268,0.6801353
B_task,-3.7701998,-0.4822179,0.23013997,0.8060003,0.8034098
B_task,1.4466362,-0.4414104,0.08385289,0.605871,0.34462097
B_task,0.7387433,0.68822944,-0.29738736,0.21505062,0.311609
B_task,-3.2242384,-0.09320622,0.04355347,0.69604224,0.8423121
B_task,0.4142437,0.9060526,-0.51373756,0.1304048,0.4100726
B_task,-0.87558556,-0.72410125,-0.1804747,0.67318773,0.68817323
B_task,-3.0226555,0.22917497,0.36705065,0.65504026,0.7981118
B_task,-1.5723333,1.1479541,-0.2605651,0.0055257315,0.6932423
B_task,-0.38271284,-0.19924153,-0.0723083,0.5115155,0.7166352
B_task,-2.878767,-0.51348317,-0.0899359,0.72631544,0.8237446
B_task,-2.61228,-0.56206566,0.07608163,0.7585337,0.6244853
B_task,1.4034219,-0.32420418,0.32123744,0.7057083,0.49038702
B_task,-4.370901,-0.3464901,0.21667671,0.8850456,0.81582445
B_task,-2.8580656,-0.120832115,0.46082282,0.7562078,0.6987394
B_task,-1.2261696,-1.3548195,-0.24335355,0.9219899,0.5499577
B_task,-2.3723783,0.14068761,-0.011875153,0.414807,0.62148994
B_task,2.3794804,0.2666837,-1.0164732,0.034160987,0.23677069
B_task,0.10086107,0.1605837,-0.6423092,0.18100342,0.45891604
B_task,0.8497958,-0.058390453,-0.4738757,0.28778228,0.38634193
B_task,-1.2043948,1.1667755,-0.28788048,0.041791614,0.6531256
B_task,-2.2975788,0.017750442,-0.81372476,0.10815954,0.5527516
B_task,-0.9441652,0.04990831,0.25737274,0.5187791,0.48213395
B_task,1.4597807,1.2125716,0.17356896,0.2524894,0.6195229
B_task,2.049478,0.7195046,0.07998246,0.28553513,0.39615014
B_task,-0.6583266,-0.7553174,-0.057123363,0.7414695,0.59419936
B_task,0.22658539,-0.4955574,0.43390095,0.85467964,0.24697155
B_task,1.0014963,0.26866838,0.90694726,0.8620398,0.30573305
B_task,-0.63139725,0.09734213,-0.024828196,0.3706216,0.54886854
B_task,0.8103266,-1.2163105,-0.2423439,0.7096301,0.412004
B_task,-1.1107564,-0.6772665,0.20272082,0.85230464,0.5309402
B_task,-1.1126733,0.15860984,-0.8258086,0.15095754,0.6427971
B_task,-0.028823376,1.3273807,0.09060794,0.20055367,0.64635086
B_task,-0.7055888,0.041423857,0.5215181,0.6479603,0.6994537
B_task,-3.2072897,0.65678495,-0.14597332,0.26555035,0.85040224
B_task,1.0536461,1.5014225,0.16936547,0.19267716,0.37872523
B_task,2.0917792,0.24254629,0.1400029,0.3675202,0.23442794
B_task,-1.0008769,0.48323768,-0.7286331,0.015983246,0.8039685
B_task,-0.1491909,0.8619617,0.59255636,0.43831927,0.67605424
B_task,0.42023087,1.674526,-0.19625896,0.04726994,0.49165723
B_task,-2.5574026,0.62178576,-0.31892145,0.24471025,0.7754029
B_task,1.0416808,0.421031,-0.3686442,0.2175422,0.40836507
B_task,-0.8958559,-0.37351272,-0.5516657,0.32944524,0.5877273
B_task,-1.7147398,0.69691575,-0.53167075,0.12538996,0.65862393
B_task,-1.3644896,-0.37944818,-0.31949422,0.4711964,0.6624105
B_task,3.0144722,-0.39949366,0.34699583,0.6878566,0.15497519
B_task,1.4858203,0.12719128,0.030581534,0.33892894,0.25712794
B_task,-2.0284739,0.06346291,0.9364747,0.9271932,0.66051126
B_task,-0.11471796,0.6011069,0.92942905,0.8597669,0.64065677
B_task,1.745049,0.3449152,-0.049013615,0.30601513,0.4093759
B_task,1.015068,1.0613855,-0.5891138,0.038900405,0.479228
B_task,-0.3871398,-0.57674026,0.2087487,0.7681917,0.38991836
B_task,1.8077025,1.0937269,0.013289511,0.24001232,0.50146425
B_task,0.86152124,0.08583143,-0.19497913,0.33216104,0.45536333
B_task,-1.2251387,-0.11285891,0.18812895,0.5793352,0.7109178
B_task,-1.3845129,-0.9941418,-0.045008004,0.9988797,0.69499624
B_task,1.3676,0.2709815,-0.12807018,0.29967758,0.2705597
B_task,0.4197383,0.50667906,0.45866907,0.468523,0.59478706
B_task,-0.012013912,-0.37704355,0.24116766,0.6274509,0.52052766
B_task,-0.1153059,-0.7369743,0.104091704,0.6833724,0.5386093
B_task,-3.4111586,0.27469954,-0.49422687,0.21216619,0.74423677
B_task,-0.18913078,0.52826416,0.7088169,0.5953218,0.66297483
B_task,-0.5152402,-0.4063452,-0.009718299,0.5441064,0.7626096
B_task,1.7100801,-0.23371461,0.40473008,0.6585799,0.4254616
B_task,1.6951871,1.5152255,-0.0458923,0.11499698,0.25460953
B_task,1.0449166,0.15730634,-0.7938116,0.12629451,0.25521684
B_task,-2.8211412,-0.73262995,0.14308876,0.97552747,0.7100191
B_task,-0.2830348,-1.4173436,-0.3817143,0.8213016,0.49358064
B_task,-1.6075134,-0.54441464,0.22662055,0.8275573,0.62362903
B_task,-1.3564262,-1.1597663,-0.07602537,0.9341044,0.6925411
B_task,0.39000797,-1.0303423,0.22394538,0.96064776,0.29770154
B_task,2.9115853,-0.72224814,-0.33989298,0.39348754,0.17439495
B_task,1.9109187,-0.8022429,0.05866629,0.7540672,0.32776707
B_task,-0.39826775,-0.5027612,0.052004457,0.6416201,0.74257237
B_task,0.22320557,-0.8011693,-0.33015928,0.5598503,0.46859837
B_task,-4.34352,0.33817506,0.3774011,0.6793484,0.89615566
B_task,1.3464255,-0.8399202,-0.7726741,0.31943345,0.3534242
B_task,-1.0832691,-0.8811138,0.07597792,0.86217874,0.68900806
B_task,-0.24144316,-0.030300885,-0.1614902,0.40702233,0.59291947
B_task,2.0861416,1.3270272,-0.11821264,0.14817868,0.28217968
B_task,3.5375202,1.2441237,-0.4900752,0.010980851,0.19248363
B_task,-1.8759098,-0.30652958,0.11304617,0.6391893,0.6531747
B_task,1.6281376,0.9289355,0.0186795,0.2316317,0.45034626
B_task,-3.5902615,-0.05572371,0.43747795,0.95606554,0.8675615
B_task,-2.0855207,0.4183761,-0.45565027,0.19500446,0.641239
B_task,0.4831586,0.13218406,-0.24179202,0.3161794,0.37874103
B_task,-1.8649836,-0.0788921,0.5799074,0.9841317,0.7645395
B_task,2.5095181,-0.95580906,-0.41655263,0.5198546,0.20765233
B_task,-2.3991756,-0.42514887,0.60522556,0.9220246,0.5780333
B_task,0.8172474,-1.1441094,-0.2243846,0.7814377,0.3668001
B_task,1.3358793,1.0944682,-0.37132195,0.11896569,0.27521044
B_task,1.4391379,1.4536744,0.2649082,0.21598344,0.413726
B_task,-2.204914,-0.011557728,-0.2842465,0.38717756,0.8195152
B_task,1.2529364,-0.28169,0.7022412,0.88095623,0.362475
B_task,-3.599887,0.49495143,0.1193127,0.33398828,0.88442594
B_task,0.038717747,-0.019854054,0.08272225,0.46308205,0.50723314
B_task,-1.2170796,-0.46422917,-0.29736838,0.4807655,0.41780952
B_task,1.2635789,0.30829042,0.014665186,0.32475525,0.25335264
B_task,-0.13882637,-0.12846723,0.46890247,0.78648525,0.58425766
B_task,1.3912563,1.1337695,-0.4957984,0.05482673,0.432398
B_task,1.8640532,0.76232153,-0.16833061,0.22591016,0.18440482
B_task,0.278852,-1.6595858,-0.48190627,0.8250852,0.31125575
B_task,-0.40989637,-0.7170547,-0.20914179,0.6163417,0.62749404
B_task,3.8928905,-0.73775756,-0.10557872,0.51182485,0.19750857
B_task,3.1318629,0.0023727566,-0.048372447,0.36950797,0.1704851
B_task,-1.8108807,0.61340374,-0.6204123,0.13013957,0.609233
B_task,-1.0427074,-0.4219966,-0.27725947,0.4567843,0.7339469
B_task,1.021668,0.18132344,0.91668344,0.98709446,0.5835793
B_task,-1.6415949,-0.6712533,-0.014061809,0.5950885,0.46078306
B_task,0.43401337,-0.40516022,0.17093277,0.57657933,0.2613765
B_task,2.121276,-0.20532519,0.9333327,0.99011856,0.14012064
B_task,3.7028625,-1.2531452,-0.058248162,0.8854034,0.1174964
B_task,2.021112,-1.0555584,0.3451655,0.99919933,0.2237227
B_task,-1.7822762,-0.46287763,0.22720647,0.95363337,0.7969402
B_task,-2.0440454,-0.14125949,0.3603691,0.66749686,0.67593884
B_task,-0.8044548,0.4120468,-0.13074666,0.3053122,0.6646433
B_task,-1.4095278,-0.55141187,0.03385222,0.6281432,0.64761645
B_task,-0.15969849,-0.34364724,-0.4722875,0.34820983,0.48469955
B_task,1.0437727,-0.95399636,0.14476115,0.81076956,0.24772942
B_task,0.83201885,1.864822,0.114032805,0.13730046,0.5555042
B_task,-0.9253683,-0.3889972,-0.27533364,0.46254632,0.43490693
B_task,-2.3226442,-0.12070331,0.57959735,0.840776,0.61112946
B_task,1.3071012,0.21317539,0.30989265,0.4545121,0.5966322
B_task,0.8088865,-0.13114819,0.3208604,0.60101783,0.52491045
B_task,-0.11759853,1.5177,-0.0783723,0.09828294,0.467521
B_task,3.3914113,0.74354345,0.13676238,0.285105,0.25929618
B_task,-0.9709902,-0.87511605,0.19150287,0.95448524,0.6900542
B_task,-1.8252859,-0.7716906,-0.060618043,0.65693957,0.5212983
B_task,1.4277687,0.27304766,0.266564,0.36493918,0.3904122
B_task,-1.3917274,0.13953146,0.3199978,0.51688117,0.64099205
B_task,-1.523674,-0.9312081,-0.18100542,0.7748686,0.6786471
B_task,-1.8699312,-0.681558,0.0047900677,0.78747034,0.5580426
B_task,-2.7750158,-0.3197323,0.31964338,0.82796794,0.79408765
B_task,1.2042894,0.63867575,-0.0028657913,0.2896427,0.37783083
B_task,-0.24501896,0.29932243,-0.39342836,0.23830594,0.37827116
B_task,0.45855427,-0.7044578,-0.035104215,0.6385085,0.53522146
B_task,1.464148,-0.7275076,-0.05668962,0.52720064,0.34294608
B_task,0.86356974,-0.24613382,0.16201454,0.56488675,0.5002652
B_task,-3.8183393,0.462183,-0.25931215,0.21461491,0.82155704
B_task,0.35360909,-0.036587343,-0.25810027,0.31862414,0.48026666
B_task,1.6151857,0.2819962,0.7879876,0.7520532,0.46039855
B_task,1.5512338,0.691558,0.2615373,0.35832325,0.5694313
B_task,-0.23303175,0.50289875,0.85906494,0.75748557,0.5492365
B_task,-0.013896465,0.36816502,-0.90125024,0.04664466,0.59519583
B_task,-1.7962523,-0.29117852,0.38711834,0.95086616,0.7756227
B_task,-0.019177437,1.1476884,0.027523637,0.20807303,0.48793745
B_task,-1.0518317,0.4563344,0.5125824,0.47820765,0.63977504
B_task,3.0037537,-0.36269045,0.6079112,0.92088526,0.12328073
B_task,1.7964635,0.893528,0.14360154,0.2534797,0.2320745
B_task,-1.8994322,0.03687273,-0.5480717,0.22738427,0.8118338
B_task,-3.277094,-0.120819174,0.5757257,0.9856407,0.6953907
B_task,0.83040094,-0.24287155,0.4717722,0.90443015,0.6152124
B_task,-0.13359165,0.16740549,0.32994366,0.5322462,0.6553408
B_task,0.8560338,1.5037105,-0.30587667,0.061021946,0.5094768
B_task,1.6015444,-0.9060734,-0.10999149,0.60466874,0.42931223
B_task,-0.71375227,1.5117239,0.4951614,0.25157818,0.65431696
B_task,2.1058865,0.38564712,-0.30165598,0.21401048,0.2931491
B_task,-0.719367,-1.2712666,-0.18847919,0.93214303,0.60440093
B_task,-0.68085337,-0.43854424,0.118643284,0.6194233,0.666402
B_task,1.0511198,-1.0398481,-0.7173428,0.44403952,0.3403657
B_task,0.0070900917,0.6452315,-0.750657,0.06265886,0.49416098
B_task,-3.3423243,0.52139163,0.10703617,0.3716214,0.8515679
B_task,0.07244444,-1.2074876,-0.07795608,0.86398315,0.4217015
B_task,-0.43307114,1.0278124,0.38980436,0.3026763,0.6444539
B_task,0.29732132,-0.15901302,-0.32197407,0.32279426,0.3100755
B_task,0.14319181,0.3524307,0.72174096,0.60685605,0.44906238
B_task,-0.55869055,0.79904926,-0.020430923,0.25214067,0.48321486
B_task,1.5185328,-0.41776377,0.2266016,0.5569348,0.39785102
B_task,-1.0892181,0.010333836,0.51742566,0.76868254,0.4878202
B_task,0.08047581,-0.32456976,-0.64790577,0.28667378,0.33421934
B_task,3.4462755,-0.2344367,0.0974884,0.47275087,0.11596434
B_task,1.044107,-0.9863061,-0.15988415,0.57626736,0.33163017
B_task,0.42613935,0.3910395,0.018339753,0.36333138,0.56881684
B_task,-1.271164,1.1253287,0.050059438,0.22361837,0.67576385
B_task,1.7896452,1.4910867,-0.13936007,0.11440187,0.37564686
B_task,-0.53160477,0.31568283,0.5486264,0.5654838,0.53909016
B_task,1.5950537,-0.8394796,0.26718092,0.9374292,0.4224538
B_task,0.42245722,-0.16995722,-1.1874182,0.018766202,0.3786821
B_task,1.1558223,-0.5413616,0.36302543,0.86566347,0.42106938
B_task,-0.4136529,-0.5121474,0.62645864,0.9624731,0.4687828
