encoder,task_axis,distractor_axis,residual_axis,task,brightness
A_recon,0.10981153987876502,1.500226184992705,-1.433360866616975,0.5118216276168823,0.8106484413146973
A_recon,1.6172506963046618,0.4685700927438293,0.287903623116786,0.9504637122154236,0.48836907744407654
A_recon,-1.3887041603086825,-0.7694857456609951,-0.25407841954155586,0.14415961503982544,0.4231274127960205
A_recon,1.0635886996507418,1.02969184563274,-1.1776379053058375,0.9486494660377502,0.6500909328460693
A_recon,-0.7141240886401691,-1.0018687217659288,1.151932555221458,0.31183144450187683,0.3378642797470093
A_recon,-0.07308513072136945,-0.25505308565627244,0.20916098488108156,0.4233264625072479,0.4525682032108307
A_recon,1.073904135321102,1.2661863374357876,-0.9035820704683015,0.8277025818824768,0.6967827081680298
A_recon,-0.23700724015924388,-0.9722337424160257,0.35976321449548615,0.40919914841651917,0.3129856288433075
A_recon,-0.030190933884794133,-0.6607000536397654,0.11040352509035595,0.5495936870574951,0.360800564289093
A_recon,-1.3233188165403627,-0.5233289353225533,0.5564610523473806,0.02755911275744438,0.4838915765285492
A_recon,0.7578418796273573,-0.20662633389103807,-1.1291177762518338,0.7535130977630615,0.40939265489578247
A_recon,0.15935524412645036,-0.9941347638446915,0.508290069458188,0.5381433367729187,0.27188780903816223
A_recon,-0.2856018077019545,1.2962844892926617,-1.2875275002767796,0.32973170280456543,0.7966046333312988
A_recon,1.2887634445984375,0.45835855401880304,0.10564712363364187,0.7884287238121033,0.5022666454315186
A_recon,-0.5810897531090222,0.35257364016887704,-1.5813003841099333,0.3031948208808899,0.6213483810424805
A_recon,-0.008418897218292675,1.3078976142248009,-0.7445766191176002,0.45349788665771484,0.7743644118309021
A_recon,-1.3546728239476233,-0.7134955242537179,-0.16129522978245286,0.1340416967868805,0.43567001819610596
A_recon,-0.018842286965000385,1.5260668575203375,-1.330162902871995,0.4031129777431488,0.8204679489135742
A_recon,-0.8830125708928847,0.9102563153799106,-0.9136567978854023,0.20345523953437805,0.7357004880905151
A_recon,-1.048978790890892,-1.4077097644637397,0.5960033422392396,0.2623133361339569,0.27472439408302307
A_recon,0.939892860189615,0.24108814795960035,-0.6196674219653239,0.7503646612167358,0.48002371191978455
A_recon,-0.9915269610653438,0.09938891670707442,0.1418076779761902,0.2804087698459625,0.5828237533569336
A_recon,0.05638261306677178,-2.0765085281779796,2.2761697547266215,0.4851909875869751,0.061048708856105804
A_recon,1.4375671667761305,0.18399325333481606,0.9443574066766887,0.9807372093200684,0.4449562430381775
A_recon,1.7375414785856655,-0.44724083336466264,1.2822725193424764,0.9616571664810181,0.29128557443618774
A_recon,0.7315468737216242,0.8704724276369405,-0.07514763381055634,0.7247899174690247,0.6285773515701294
A_recon,0.04346458666205727,-0.7413548280138785,-0.534539533452988,0.541226863861084,0.35060542821884155
A_recon,-0.607064149852883,0.6503124866704119,-1.3802788215220139,0.27689120173454285,0.674125075340271
A_recon,-1.1090433867934264,0.682969678283258,-0.1710880514617069,0.1606520116329193,0.7166146039962769
A_recon,0.9393191528590993,0.8288549024036783,-0.8337959208745477,0.9699254035949707,0.6159759759902954
A_recon,0.1195234870160296,-0.13810224661151638,0.046894258443406965,0.5160685777664185,0.4640398919582367
A_recon,-1.4239791445743617,-0.13052380380540304,0.9203674905862531,0.11586561053991318,0.5671048760414124
A_recon,0.260647100336709,-0.07406918688881757,-0.9953014180307068,0.6234897375106812,0.4728398025035858
A_recon,0.727309520014332,1.3430201651845592,-1.9491861853917816,0.7766830921173096,0.7359158992767334
A_recon,0.25443964736465846,-0.23445111216390987,0.9152717537691152,0.6130033135414124,0.4343504309654236
A_recon,1.492370074881229,0.7435540702586511,-0.3831846129995596,0.9172977209091187,0.5513756275177002
A_recon,-1.0645679780077641,0.23737687390726564,-0.7691629585678429,0.03959287703037262,0.6205679178237915
A_recon,-0.13091024050028385,1.9492695155524509,-2.3652012362972217,0.5285892486572266,0.9213970303535461
A_recon,0.05049100414223596,0.5064667974308099,0.1862122253933317,0.45933589339256287,0.6056982278823853
A_recon,-0.8408302899178168,-0.08430914140667777,-1.2644080527186659,0.062349580228328705,0.5462784171104431
A_recon,0.3843974576989905,-0.9527507514443274,0.7215128143405992,0.6413281559944153,0.2835615277290344
A_recon,1.837856696760498,-0.3840052908941225,1.0074704026757286,0.8526328206062317,0.2926396429538727
A_recon,0.02302483040413415,1.5916462113367442,-0.8013263106422136,0.5929410457611084,0.8287848234176636
A_recon,-0.9087975519473983,-0.4125834164843202,-0.41314270961558586,0.2600974440574646,0.472838819026947
A_recon,1.4156654963225563,0.6051603485604466,-0.9161429465294564,0.8398815393447876,0.5268955826759338
A_recon,-0.10481586014400734,-0.5595895633186444,-0.628396534083991,0.5094958543777466,0.39419472217559814
A_recon,0.12309576007558014,1.2039099777192908,-1.1724763072061914,0.5108888745307922,0.7357016205787659
A_recon,1.021972384170312,0.6050004629663701,-0.2272050007294134,0.7530301809310913,0.5556188225746155
A_recon,-1.3751539562755837,-0.48740733765238686,-0.09074537501303835,0.14792203903198242,0.4838877022266388
A_recon,1.360986476893158,0.06961092577800325,-0.3525419532627282,0.8196267485618591,0.42132171988487244
A_recon,0.5950512383461344,-1.3170467652225355,0.8288040179308401,0.6832869052886963,0.18848145008087158
A_recon,1.4001690731821463,0.12604055546246468,-0.013439115997962242,0.7870969176292419,0.4315235912799835
A_recon,-1.0564740606447252,0.5318647940026405,0.3385787686806336,0.1916162520647049,0.6729682087898254
A_recon,1.456441186141924,0.3612325738710507,0.9110550928917818,0.8023641705513,0.4800049066543579
A_recon,-1.0038065958680495,0.7276988895486184,-0.9172216011295712,0.191323921084404,0.7152619957923889
A_recon,-1.7370301770814633,-1.8780062736202743,2.031020495108817,0.08155261725187302,0.22803930938243866
A_recon,0.8651723944070006,1.9238907947228554,-1.770183533661742,0.855226993560791,0.8363189101219177
A_recon,1.8318041980930453,-1.3683625300945865,1.5921752273611933,0.8612834811210632,0.08773241192102432
A_recon,1.2026636544297862,0.9560343703780682,-1.1603049121670006,0.8765370845794678,0.6271981596946716
A_recon,-0.027957126616145342,1.7996155529673303,-1.2197492101678777,0.4719097316265106,0.8872122764587402
A_recon,-0.6891290592695966,1.1837081541676642,-1.1389470771604409,0.274048388004303,0.8031964302062988
A_recon,-1.1627983750241364,0.15805396437308897,0.16609363734471944,0.0070918286219239235,0.6213805675506592
A_recon,0.38891912211150953,-0.7369899363560076,0.20333317039270773,0.645720899105072,0.3278900980949402
A_recon,0.7873922793878805,0.39750850854764697,-1.108326347778592,0.7199093699455261,0.5211317539215088
A_recon,0.8118455455001136,1.8379701626748128,-1.7117607602491305,0.8355692028999329,0.8287965655326843
A_recon,-0.9687396470591835,-1.7641241090846758,0.47978167267321203,0.2818778157234192,0.20269370079040527
A_recon,-0.8428553606544963,1.1530592672114028,-0.7113140857934547,0.2152181714773178,0.8044399619102478
A_recon,0.3698272282440005,-1.516001661947511,0.31479998005836485,0.6393314003944397,0.16294103860855103
A_recon,1.3987995008334924,0.3003312109473046,0.21005753450437664,0.8050548434257507,0.46718698740005493
A_recon,0.922592362592371,1.6956600011003342,-0.3597304459065776,0.9636708498001099,0.8021585941314697
A_recon,-1.3735619892781876,0.09366016654003312,0.5185659501514774,0.1505248248577118,0.6085343956947327
A_recon,-0.15134862714847544,-1.456173900793145,0.17552041622755918,0.4822123944759369,0.21474340558052063
A_recon,1.629447759286923,-0.1909964542804038,1.1827008155659033,0.8947158455848694,0.35549071431159973
A_recon,-0.10147922491481985,-0.5312575863145833,0.5574361883329346,0.4227169156074524,0.40565404295921326
A_recon,0.20605711441771174,-0.4899097181242764,0.5323539746639049,0.5895020365715027,0.37588009238243103
A_recon,-0.7189870983026613,0.8254221961322006,-1.7305229920344722,0.024490676820278168,0.715915322303772
A_recon,0.31341877588815337,1.8245173103953969,-1.6448393780757564,0.6734598875045776,0.861656129360199
A_recon,1.6809668205089687,0.48983700779915446,1.0905744179493886,0.91908860206604,0.49032360315322876
A_recon,1.2369746241005717,0.08247778114024777,-0.44798872026036385,0.8268253207206726,0.43476060032844543
A_recon,1.301412963502051,1.501163254862002,-0.8369903662836163,0.8855202794075012,0.7274868488311768
A_recon,0.41105965041229525,1.3404667146024654,-1.4135525621536162,0.6603553891181946,0.7499695420265198
A_recon,-0.9342860762163293,0.7207570407855367,0.14967711209977527,0.24555227160453796,0.7090831995010376
A_recon,1.2509043247744394,-1.0863811064184457,1.1006783065077077,0.768517017364502,0.18788184225559235
A_recon,-1.2051644696438455,-0.10213004877216666,0.7802597893862085,0.2116747498512268,0.5545973181724548
A_recon,1.2260432625567037,1.323524381311218,-1.0179561129146748,0.8312748074531555,0.6964728832244873
A_recon,-1.1057317346595363,0.3787513029815942,-1.057899476101103,0.06271792203187943,0.644560694694519
A_recon,1.2793442722274562,-0.17620088778043755,-0.13897132155112726,0.8254877924919128,0.3759467899799347
A_recon,-1.6263168618695383,-1.0521216252843295,1.3418547081746774,0.16450726985931396,0.38897064328193665
A_recon,-0.38366912513300605,0.07737513530983826,0.1348613145310005,0.3751469850540161,0.544818639755249
A_recon,-0.6401705958506022,-0.12189382510695536,0.5162625007061695,0.31673815846443176,0.5133705139160156
A_recon,0.6253047664022833,-0.7471470281197138,1.206272350680672,0.6913370490074158,0.3082091808319092
A_recon,-1.679370806562859,-1.7133779564280982,1.5884276900159027,0.178571879863739,0.25442856550216675
A_recon,-0.31146896521166767,-0.8825396847784042,0.788980844512997,0.39625614881515503,0.3420940935611725
A_recon,-1.242669772949715,-0.7150249945932512,0.018144985768818046,0.005824595224112272,0.43022164702415466
A_recon,-1.0552289393506196,-1.5009236261968124,1.04705581480828,0.2624947130680084,0.2623886168003082
A_recon,-0.04158567361676717,-1.0697954962395755,1.1057966825901249,0.4211888015270233,0.27819156646728516
A_recon,-0.831596940919433,0.962740554874835,-1.5709361083322781,0.10592123866081238,0.752862274646759
A_recon,0.14571273894551673,0.8300092176203524,-1.844856275967845,0.6331599354743958,0.6671489477157593
A_recon,-0.24856163958501312,-0.27057686739428854,0.25725495567555945,0.38042426109313965,0.45531144738197327
A_recon,0.6202424108719338,0.9118116250111573,-0.72796313835998,0.7252939343452454,0.6506998538970947
A_recon,0.3282592748786023,1.1394323798300459,-1.2921577619193074,0.6538659930229187,0.7133591175079346
A_recon,-0.17695269931370597,1.3723244422696288,-1.6917470145748283,0.4312267601490021,0.80186527967453
A_recon,1.964058878440743,0.1691630796117408,1.054671225414917,0.8673204779624939,0.40131598711013794
A_recon,0.18794428863206725,-1.0982001516346855,1.210947431346279,0.6321350932121277,0.26476630568504333
A_recon,0.9616462791713896,0.6101250423539619,-0.7540627989011397,0.8102743625640869,0.561813473701477
A_recon,-0.40915323532514375,1.4914491627966942,-1.8946712547959017,0.3417947292327881,0.8374137878417969
A_recon,0.05053085593054882,0.21834378972727778,-0.22660379212753448,0.5436692833900452,0.5407447814941406
A_recon,-1.532151241649136,-1.1634044017710419,1.1898527140302282,0.19629688560962677,0.3561883568763733
A_recon,1.2529327655704219,0.9046841551410139,-0.1750456867896671,0.9961411952972412,0.6029281616210938
A_recon,-1.1534219393063614,-0.7742357197386247,1.0215005029954511,0.24321547150611877,0.41783449053764343
A_recon,-1.2577284345894886,-1.4000921914742117,0.8686270630157797,0.2568674683570862,0.29669034481048584
A_recon,-1.5436902311219427,-0.40670638039506446,0.9613449319977202,0.07319007068872452,0.5280289053916931
A_recon,-1.104507171515432,-1.663296258060975,0.44078205959058636,0.2578031122684479,0.21949389576911926
A_recon,0.5056113356124977,1.9345475161045493,-2.23532336160159,0.7631285190582275,0.8624882102012634
A_recon,0.5277223322910034,1.0714583295125446,-0.6014173038583547,0.6978935599327087,0.6975939869880676
A_recon,-1.849398604488625,-2.453347564617554,2.538278876063032,0.12867321074008942,0.11702831089496613
A_recon,-0.3222977036257953,0.5895201072614551,-1.2212339355237425,0.37623849511146545,0.649124801158905
A_recon,-0.09666343701388726,0.02804377607086082,0.32253305988819564,0.4209213852882385,0.5203774571418762
A_recon,0.44441769555383354,-0.7913536474738048,-0.4263184622092699,0.6649842262268066,0.2972661852836609
A_recon,-0.08821923109874695,-1.2350700204891334,0.06339419915961525,0.4559289515018463,0.2459453046321869
A_recon,0.10664446472981835,1.1142833624325283,-0.7805785870295232,0.5865183472633362,0.7261227965354919
A_recon,1.8165247500421966,-0.07908930009743373,1.1351941822235148,0.8396846055984497,0.35696884989738464
A_recon,0.6691632587530808,-1.2078871636321928,-0.22545353717053737,0.7264736294746399,0.21567782759666443
A_recon,-0.34363722983944067,-0.9169106859089664,1.147261868132698,0.3650072515010834,0.326011598110199
A_recon,0.03036223735829771,0.47339037282721524,-1.1083223986119444,0.4483962953090668,0.6122161746025085
A_recon,-0.4305673794950435,-1.619858735057844,1.102973940692248,0.3676995635032654,0.19181421399116516
A_recon,-1.2640753621252638,0.37474900776345454,0.5818183523621594,0.1097346618771553,0.6655213236808777
A_recon,-1.424115293878813,-0.8529230214701017,0.42871600649558644,0.20324154198169708,0.40646451711654663
A_recon,-0.9300389429328637,-0.08204466482836084,0.8759691814990667,0.2838065028190613,0.5482202172279358
A_recon,-0.8780263347611965,-1.67705479752324,2.020569807415652,0.314133882522583,0.21233806014060974
A_recon,-0.9146470053135509,-0.43533263477528605,0.9721486956084575,0.313047856092453,0.4664672911167145
A_recon,0.09745642923678413,0.15929335502411598,-0.48117923614420716,0.5766997337341309,0.527807891368866
A_recon,1.0883685150066633,0.5782598427774036,0.11741466590876584,0.9716899991035461,0.545226514339447
A_recon,1.242649321806167,0.2030588983853654,-0.4677497971024867,0.7746641635894775,0.4497528672218323
A_recon,0.9073173266710576,0.21302100941764426,-1.028717454903797,0.7911339402198792,0.48267272114753723
A_recon,0.6245958850481036,1.5753878740211298,-1.6416934116467223,0.7592685222625732,0.7864741683006287
A_recon,0.28484920268449165,-0.5430041922905438,0.17749093736871607,0.5969877243041992,0.37364643812179565
A_recon,1.333907032050218,0.03441327702919859,-0.17145880584154571,0.917692244052887,0.43432411551475525
A_recon,0.49570608135734,0.759161282772918,0.033944835965798295,0.6896301507949829,0.6239889860153198
A_recon,0.059122428394710456,-0.06500587875636649,0.04812025211580586,0.5003564357757568,0.4822976887226105
A_recon,-1.117703738034925,-0.6405558844322077,-0.4980097830161239,0.07708381116390228,0.43322014808654785
A_recon,0.10954580165501465,0.8706577356248447,-0.3193780507152003,0.48844921588897705,0.674675703048706
A_recon,-1.331393620331146,-1.1542892030598457,0.5410913256897895,0.21283099055290222,0.342284232378006
A_recon,-1.2791279303254912,-0.9420256708789184,-0.1856277246361429,0.13269630074501038,0.3757792115211487
A_recon,-0.11427475772208433,-1.1496351244559901,0.07879584496286302,0.5060649514198303,0.27327531576156616
A_recon,1.2750207524665866,0.18940512857202238,1.157851376660576,0.7850853204727173,0.45769524574279785
A_recon,-0.7864525272309791,-0.05875699608546126,0.6397962166730654,0.2950064539909363,0.5351104736328125
A_recon,1.1993359228732126,0.07508735772450294,-0.3432284745355558,0.768771767616272,0.42379188537597656
A_recon,0.09613792575118013,0.31812483464469965,0.37967930354052576,0.5256295204162598,0.5486992001533508
A_recon,-1.3434215008498696,-1.8756051714068749,0.4846380979223077,0.14904803037643433,0.18812185525894165
A_recon,1.5529044393356182,-0.5625571264453225,1.1406198480031484,0.9649677276611328,0.2684665620326996
A_recon,-0.06706234890052362,0.008644775555870596,0.3051816335208727,0.4016362130641937,0.49141407012939453
A_recon,-0.8763583810926957,-0.9800140885994715,0.9093799099937585,0.2952342629432678,0.35852497816085815
A_recon,1.6753197267476017,0.1644080625934619,0.4234631806883734,0.846998393535614,0.4049122631549835
A_recon,-0.855412975302546,1.4027867275393355,-0.9677279163244695,0.12446033209562302,0.8554640412330627
A_recon,0.8559615573798549,0.37827089089908544,-0.44863947250478126,0.7335904836654663,0.5263743996620178
A_recon,-1.3336927094928837,-0.017844109471464517,0.6127264579580708,0.18782474100589752,0.5878913998603821
A_recon,-0.29237080717307856,0.40614075284870405,-1.4891152538731633,0.39249178767204285,0.6105762720108032
A_recon,-1.125886903475733,-0.3946167161877674,-0.2346625882551256,0.23189987242221832,0.4901823401451111
A_recon,1.3356919997547125,0.9563854950597215,-0.14825523057302895,0.8412280082702637,0.6039676070213318
A_recon,-0.10153503596411356,0.6763425357819366,0.12152463489073922,0.39007455110549927,0.6461526155471802
A_recon,0.8708967936408815,1.262059488388771,-1.334262134790854,0.9746928215026855,0.7125945091247559
A_recon,0.2255010458661911,-1.194205875769407,0.04634984303833985,0.6252614855766296,0.23824448883533478
A_recon,0.6351807031583651,0.4426240991950731,-0.9700850142652018,0.6936228275299072,0.5383689999580383
A_recon,0.03925835973810063,1.6391984219234201,-1.6442586530261751,0.5215251445770264,0.8412796258926392
A_recon,-0.2451068970367293,1.846195131805245,-2.1256386221199497,0.308968186378479,0.8954702019691467
A_recon,-0.09801093483349373,-0.37748673563643054,0.326878638361946,0.39555642008781433,0.434401273727417
A_recon,1.1689099705713724,1.0146483962893187,-0.8294040184589891,0.9409341812133789,0.635783314704895
A_recon,-1.5059836642927766,-1.6386251844779582,1.3838014518927337,0.20120319724082947,0.2694895267486572
A_recon,1.491204273545784,-1.4605678741663926,2.4563458029494383,0.9882189035415649,0.10092655569314957
A_recon,1.0685246789801817,0.039737644889428284,0.16039761014477344,0.7583058476448059,0.4298226237297058
A_recon,-0.44002161042941235,-1.5211411008284728,0.6985048277580148,0.3597869277000427,0.20057223737239838
A_recon,0.2592736031703478,-1.6422540042531355,0.3834114943774531,0.6415135860443115,0.13155117630958557
A_recon,-0.4224145057449027,-0.6936843606849763,-0.5433776845486895,0.38098153471946716,0.38986292481422424
A_recon,-0.1728570677304482,-0.3705582255653073,0.31520916294665097,0.38149294257164,0.4288035035133362
A_recon,0.18392162122611402,1.543752090371137,-1.3344159433285225,0.5038029551506042,0.8267012238502502
A_recon,-1.172410686528684,0.16604110916224665,0.7414686876048283,0.016722822561860085,0.6313212513923645
A_recon,-0.03566704920640834,0.006926381698187421,-0.8335936612838998,0.49357154965400696,0.5071412920951843
A_recon,1.5620436446787682,-0.508266400333747,1.503228619301386,0.9715983867645264,0.2913753092288971
A_recon,-0.6174730983450726,0.9828087746549484,-0.37634219958988396,0.2854652404785156,0.7459394335746765
A_recon,1.141587615643406,0.4734564069456088,0.3232516896712679,0.7482179403305054,0.5216041803359985
A_recon,-0.010598490698763447,-0.44167683098131544,-0.1447278292830048,0.44278889894485474,0.4112386703491211
A_recon,-1.1417427956916593,0.25075953828906855,-0.16527313534661128,0.2092810422182083,0.6252051591873169
A_recon,1.8763378086803983,-1.0635713723007185,1.1832889756933078,0.9050025939941406,0.14702299237251282
A_recon,-1.6177322801694776,-2.383959179757549,2.0277141385004755,0.016827285289764404,0.11280588805675507
A_recon,-0.7555145640142409,-0.18639880764312822,0.6922022027389227,0.3035089373588562,0.5166800618171692
A_recon,0.9943527329795966,0.8161264438454964,-0.2848721310173991,0.9990258812904358,0.6117206811904907
A_recon,-0.837483522562704,-0.2613562535169041,-0.46796538268397675,0.26214680075645447,0.49886012077331543
A_recon,0.9524984862166196,1.742753628077152,-0.8802593295846297,0.8490445017814636,0.8026333451271057
A_recon,0.12050665454485184,-0.21139756369684684,-0.4164173850579359,0.6056831479072571,0.4499257504940033
A_recon,1.3326140426676574,0.21986330050951425,-0.12174342060610081,0.8060356974601746,0.44852232933044434
A_recon,0.13680891767484768,-0.784561385015896,-1.009201748966777,0.630317747592926,0.3218231201171875
A_recon,-0.3862402490447691,0.5417424444594326,-1.0603408827500982,0.3626968562602997,0.6335188150405884
A_recon,1.0219185094187682,0.8683001497843962,-0.9775216359045908,0.7607887983322144,0.6018191576004028
A_recon,-1.32864745255043,-1.1064221910071745,0.4669639351870587,0.026484549045562744,0.361030250787735
A_recon,-0.10008799354578642,0.7789001210941455,-1.1307945314792403,0.4468129575252533,0.6708451509475708
A_recon,-0.23134373966375812,0.9648342994853404,-0.1624915389464622,0.3718545734882355,0.7182301878929138
A_recon,0.06777541897719626,-0.1582981527855178,0.9030798170942976,0.47707399725914,0.46777743101119995
A_recon,-1.085582172345896,0.298585748186447,0.10374968297670407,0.12762068212032318,0.6431340575218201
A_recon,-1.3999776319269142,-1.1121265509499534,1.8361667696005253,0.22250686585903168,0.36477503180503845
A_recon,0.19807967796309897,-0.8386095293846114,0.7414201452331901,0.5620515942573547,0.30888932943344116
A_recon,-0.4226649292942403,-0.5149522929605758,-0.9536836281497819,0.38776910305023193,0.42280465364456177
A_recon,1.2104920460241855,1.1096976184606733,0.181762793001437,0.7916561961174011,0.6390485167503357
A_recon,0.338125754128591,-0.911058855535693,1.2421967363195152,0.6051365733146667,0.29478710889816284
A_recon,0.9789684719172078,1.4364180224389307,-1.4533669325577587,0.8612666726112366,0.7253917455673218
A_recon,1.0360132689122923,-1.0908077876176439,1.1694295582893832,0.73236083984375,0.21162351965904236
A_recon,0.2633817155952063,-0.711045151608872,1.2968972107935997,0.6018234491348267,0.3323904275894165
A_recon,-0.9272598421148355,-2.0285738739882366,1.415000540005721,0.2876155972480774,0.1493070423603058
A_recon,0.7843382954030025,0.07994477950174654,-1.3843122793268092,0.7827604413032532,0.47207969427108765
A_recon,-0.803232509528379,0.3725570322933226,-0.7731486677219389,0.25126758217811584,0.6290386915206909
A_recon,-1.1013397657730193,0.5249846387238527,-0.666323961840954,0.07521111518144608,0.6751724481582642
A_recon,0.9158810153537221,1.6317164282271734,-0.9265374806153245,0.9628645777702332,0.783273458480835
A_recon,0.09607171681091227,-1.240265572097855,0.6346143012052148,0.5400112271308899,0.2374391108751297
A_recon,1.1596130627836352,-0.5991625631044132,-0.2347518145645209,0.7738943099975586,0.3069266378879547
A_recon,0.0933292101225427,0.5911635318674162,-1.4346099360908713,0.5292227864265442,0.6220069527626038
A_recon,0.2418398617564241,-0.0708101101464589,-0.6815934667732308,0.6115797162055969,0.4667666554450989
A_recon,-1.5674334609267098,-1.312403179956226,1.082100281337206,0.033892251551151276,0.3407399654388428
A_recon,-1.0945387616565883,-0.8207205967714677,-0.4305071428434017,0.18679368495941162,0.4006025791168213
A_recon,0.28332266646432314,0.715457305499525,-1.100061308733041,0.6746894121170044,0.6393812298774719
A_recon,0.1343143363003309,-0.44668099992158533,-0.7802901934746638,0.5705646276473999,0.4006510078907013
A_recon,-1.3568874933132118,0.040980220814590636,0.36061122791238326,0.1585550308227539,0.5869501233100891
A_recon,1.2823028610630265,1.0738178104775171,1.0195927690536486,0.952029287815094,0.634986937046051
A_recon,-1.196548599429062,-0.030626741052957023,-0.11596610251855448,0.15435363352298737,0.5652683973312378
A_recon,0.1379931867677142,-0.48730336421723125,-0.13286299297709764,0.510303258895874,0.39112773537635803
A_recon,-1.4504145832847963,0.06130381161093459,-0.034674381831715284,0.14400286972522736,0.6096234321594238
A_recon,0.666464627507375,-0.02423792108999154,-0.9579343793691886,0.7173717021942139,0.4519798457622528
A_recon,-1.2487645683553612,-1.3787838461471589,1.2966402250456857,0.27631300687789917,0.2921074628829956
A_recon,-1.2682631782220681,0.19845316318679937,-0.1227807465603073,0.134133979678154,0.6248503923416138
A_recon,-1.3429209903730541,-0.49135485248319216,0.26071157017121993,0.04598718136548996,0.492918461561203
A_recon,-1.6236696224603018,-1.2366910673686815,0.9335727541618027,0.17483553290367126,0.3428592085838318
A_recon,-1.748638344889596,-2.414361822485258,1.4463863321627448,0.19179871678352356,0.10096953809261322
A_recon,0.10960292554946591,0.18934724708905432,0.8927959243988731,0.5369721055030823,0.5356512069702148
A_recon,0.06437909330387395,-0.22098628082413396,0.9959037676044816,0.4510388970375061,0.4515180289745331
A_recon,1.5679608681007846,-0.2900579297413743,1.3492362685687613,0.9572943449020386,0.3314917981624603
A_recon,1.1520728025678315,1.2100210256187145,0.3535678981691257,0.9541513323783875,0.6795580387115479
A_recon,1.0217366813062827,0.7828439014959327,0.6118541036304249,0.7965461015701294,0.5905407071113586
A_recon,0.5293240971554494,1.1559773555408492,-1.576176278353136,0.6715876460075378,0.6888150572776794
A_recon,1.5719244010368358,-0.25863919185187356,1.0629611162770918,0.8450230956077576,0.34132352471351624
A_recon,1.7200406831485284,0.10351726761366338,1.1460539127945097,0.9387518167495728,0.4169081449508667
A_recon,-1.3640710331129102,-1.1477096825646915,0.3979644515103011,0.022617729380726814,0.36290621757507324
A_recon,-1.3845695206713315,-1.5533266622863235,0.2624790522217772,0.11810522526502609,0.2559491693973541
A_recon,-0.28816706108686785,-0.6144520176432807,1.0551846091822552,0.3602638840675354,0.3943016827106476
A_recon,-1.5368760348038335,-0.6999815488615366,0.36150791623134393,0.09358685463666916,0.45363014936447144
A_recon,0.1819656778898444,-0.8121407073655751,0.6096221289127876,0.5995244979858398,0.3172594904899597
A_recon,-0.6125176060507744,0.8600281265624197,-1.4069994168608686,0.26036423444747925,0.712660551071167
A_recon,-0.8430482456527775,-0.09815031334596641,-0.8998435175161866,0.26433971524238586,0.5334775447845459
A_recon,-0.6490811304779266,1.0548381165066045,-0.8076588299710896,0.28832799196243286,0.7769156694412231
A_recon,-0.9094218886565512,0.7206205727284143,-1.4545174563270158,0.09771566092967987,0.7062757015228271
A_recon,0.758904806225048,0.29961444986002506,-0.37762907205314267,0.7409444451332092,0.5097969174385071
A_recon,0.38101645146945423,0.438196243816764,-1.4752827748465842,0.650672435760498,0.5635588765144348
A_recon,0.28082940757779584,-0.49152454142945595,0.5047764762927888,0.6065080761909485,0.3832366168498993
A_recon,-1.2328651248580846,-1.2081704842462095,0.09179211505062548,0.03404558077454567,0.33229294419288635
A_recon,-0.14437377695738202,0.13000989041298078,-0.5555381743432106,0.4294641315937042,0.5382524728775024
A_recon,0.4537937749374221,0.9913383172570502,-0.43683049501209853,0.6852036118507385,0.6647418737411499
A_recon,-1.246014743664857,0.3537865987256612,-0.05322601629775134,0.1563466489315033,0.64983731508255
A_recon,-0.3647914326691073,-1.140438877643243,1.142222618331087,0.3856578469276428,0.2878478467464447
A_recon,-1.5277980398833482,-1.380178403962321,1.0816627346097631,0.01983414590358734,0.31954485177993774
A_recon,-1.475384140254022,-0.2103643681056104,0.40930599289246417,0.08185799419879913,0.558232843875885
A_recon,-0.965711521249947,0.709387044681702,0.3957135395444906,0.21645358204841614,0.7173564434051514
A_recon,-0.0954700444961299,0.6756306471377754,-0.03927237224511466,0.41465017199516296,0.6430997252464294
A_recon,-0.08146971247432185,-0.35644355038154146,-0.9527662658266949,0.46324002742767334,0.4215998649597168
A_recon,1.9891689986474368,-0.023386053561431336,1.0279290960653318,0.8845215439796448,0.35296303033828735
A_recon,-0.643052126511865,0.038671446979719894,0.6694878715621321,0.3166584372520447,0.5482602715492249
A_recon,-0.8039045431100387,0.4873164147915483,-1.3992576099266982,0.021463876590132713,0.6573420763015747
A_recon,1.2118633728288197,0.009128963243398854,-0.5122798770499921,0.8262233734130859,0.42026156187057495
A_recon,-1.3725797176286911,-0.29481437677593963,0.1500681914688603,0.061846934258937836,0.5410706996917725
A_recon,-0.8234346514482187,-0.7277679043513862,-0.9615005079525846,0.09299199283123016,0.3910648226737976
A_recon,1.3140321395642187,1.2784517271662006,-0.23703055054229244,0.963181734085083,0.6782611012458801
A_recon,1.0651631479678445,-0.3412089656551789,-0.1126062088189166,0.7533653974533081,0.35356417298316956
A_recon,-0.30036501133615956,1.6481781123193178,-1.2960290054099748,0.33785420656204224,0.8736350536346436
A_recon,-1.353774395684254,-0.32007824830840725,0.3365987220793484,0.13217884302139282,0.5349316000938416
A_recon,-0.34538419373082974,-1.4704060362754547,1.0618748434010246,0.3867305815219879,0.22501422464847565
A_recon,-0.2609015647988395,0.8546322941382221,-1.1387185783391074,0.3391948938369751,0.700638473033905
A_recon,1.1724552718139778,1.6516061760899083,-0.6493062460499911,0.8744412064552307,0.7581495046615601
A_recon,-0.1180920372440452,0.25474997660259624,-0.45753457245081275,0.4187530279159546,0.5503445267677307
A_recon,-1.6130867052667963,-1.419273955257012,1.5402297158854197,0.08204500377178192,0.31471118330955505
A_recon,1.814198357540795,-0.4957899441678074,1.2103975337379205,0.9268051981925964,0.2874109745025635
A_recon,0.30007511230585204,-0.4499384138686141,-0.8637024461055302,0.622313380241394,0.3960675001144409
A_recon,-1.2126895598308916,-0.1989118274110972,-0.6207891911723048,0.11670985817909241,0.5363057851791382
A_recon,-1.3010121510873134,-0.3320746175836903,-0.4529552989933082,0.11317416280508041,0.512887716293335
A_recon,0.025742888322087678,-1.809387709253895,2.095107021274707,0.465933233499527,0.12332485616207123
A_recon,-1.1704263643713768,0.377909829435651,-0.6974962627384071,0.0920889675617218,0.6624031066894531
A_recon,0.2741038302592961,0.7986504824045398,-1.7896022322716412,0.6317521929740906,0.6507960557937622
A_recon,0.3191056551543924,-1.1402701315819626,0.7970595109294196,0.6163837909698486,0.23838280141353607
A_recon,-1.4854523841122231,-0.4365820860367199,0.7422315177012564,0.032081346958875656,0.5223163366317749
A_recon,1.4082016735578309,-0.05219105726134737,-0.2884339191901842,0.8074227571487427,0.38557231426239014
A_recon,1.0077988733503738,0.5391503482066805,-1.2983581263194057,0.7867947816848755,0.542801022529602
A_recon,1.3194300951075122,1.2486792802059807,0.3045417586532357,0.9153082966804504,0.6718119978904724
A_recon,0.3996821417076305,0.4243420405598187,0.08913379258471402,0.6703066229820251,0.5606233477592468
A_recon,0.7161913805682666,-0.918499910474783,0.13675880699854975,0.6928622126579285,0.2578892111778259
A_recon,-1.1108266949035945,0.7809097520676297,0.08611567061686608,0.16374164819717407,0.7402051687240601
A_recon,-1.494763367498655,-0.944112078156546,1.4952902179218444,0.023888813331723213,0.417909175157547
A_recon,-1.5476803806075967,-1.0096466450651713,0.21577459615812997,0.0655631497502327,0.3932151198387146
A_recon,1.2382058794541602,0.02194648384420054,0.3165606930749897,0.9644613265991211,0.42605388164520264
A_recon,0.33753045927682757,0.23566803443971282,-0.9271331260855785,0.6457213759422302,0.5217829942703247
A_recon,0.9352973556580945,0.09489134896136966,-0.9377558073793323,0.9469066858291626,0.46089914441108704
A_recon,-0.259976927908816,1.550250083783254,-1.2143343116244205,0.3493843674659729,0.8418451547622681
A_recon,1.1757581635775387,0.3790322654134437,-0.013149868298722224,0.7552216053009033,0.49741286039352417
A_recon,-1.7000586231595143,-1.0681261746271418,1.3804140467257722,0.06539896875619888,0.39564311504364014
A_recon,-1.285727347904345,0.10642098056422039,0.08190120299057885,0.16620516777038574,0.6066231727600098
A_recon,-0.6796466589702305,0.4722761449472282,-0.9198283505856263,0.27713334560394287,0.6437692642211914
A_recon,0.21739798191991863,-0.06456998416903097,0.269914492187753,0.5503182411193848,0.47177261114120483
A_recon,-0.09432793111831782,-0.7594896856601651,-0.9247862282527691,0.55740886926651,0.34676823019981384
A_recon,-0.13340063625362045,-0.427029655212002,-0.5676065032237698,0.49898645281791687,0.4100300371646881
A_recon,-0.2664215408342455,-0.9386014178861627,-0.16965264597384308,0.42446357011795044,0.3187505602836609
A_recon,0.12088054164052278,0.6780612372694934,-1.133953924499822,0.5757051706314087,0.6346792578697205
A_recon,1.2699045916233958,0.4472297957582725,-0.12375601202473628,0.9666624069213867,0.5166431665420532
A_recon,-0.0020014590964109722,-0.6824731354429734,1.140280437809196,0.4580795466899872,0.3540404140949249
A_recon,1.6667923620826264,0.5979831792906202,0.5122584396447533,0.8374714255332947,0.5124386548995972
A_recon,-1.2410412487724127,0.7046215283860376,-0.8126606427473325,0.05587196350097656,0.7348912954330444
A_recon,-0.23930346525275495,-0.6499485246037792,1.0889489489431654,0.38558724522590637,0.37792837619781494
A_recon,0.11456428306618137,1.5677596051235916,-0.8549955326793465,0.56049644947052,0.8174569606781006
A_recon,0.3320643113215367,0.8954600324857763,-1.5911416136474974,0.6203205585479736,0.6546757817268372
A_recon,-1.307157747948173,-1.1683003894771284,1.0513536255670433,0.25001832842826843,0.3346940577030182
A_recon,-0.17065371904640533,-1.1743447020765374,0.49748850961542146,0.3992910087108612,0.2786349654197693
A_recon,1.3018927222463297,0.516568096884113,-0.014214356278132128,0.9470061659812927,0.5121914148330688
A_recon,0.3508270752752504,0.7678931414173626,-0.8650358721132454,0.6488507390022278,0.626672089099884
A_recon,0.15956311595444594,-0.7634171703121313,1.5140815889434833,0.584966242313385,0.3373652696609497
A_recon,-1.6962093042732638,-1.7076741305756502,0.9089341968497239,0.06529871374368668,0.25581619143486023
A_recon,-1.300301878880927,-1.9414988696855568,0.7001624317562276,0.05217625945806503,0.1860671043395996
A_recon,-0.8244531584626322,0.8405840484401389,-1.445173658617494,0.21139845252037048,0.7263855934143066
A_recon,-1.7814624283411544,-2.136628076469521,1.843888460664357,0.13782277703285217,0.161417618393898
A_recon,0.9015183857733534,1.4509940744438952,-1.2350969845318625,0.9837499260902405,0.7527768015861511
A_recon,-1.0375244948598925,-0.3103610784461839,-0.07263606355687484,0.0027471475768834352,0.5076407194137573
A_recon,-0.37636451551192934,-0.8160729008509452,0.29071202850648725,0.3658435344696045,0.3591720163822174
A_recon,-0.8413204999871008,1.369133477614873,-0.36831392691040155,0.058422449976205826,0.852496862411499
A_recon,0.35779913186831014,-1.699924975552518,0.9295617545663588,0.6400105357170105,0.1274460405111313
A_recon,-1.2325590457995892,0.12018785123436852,-0.11262417420753228,0.04653320088982582,0.6087355613708496
A_recon,-1.3655414170400293,-0.5971293823223184,-0.1273059548141672,0.06840963661670685,0.4678305983543396
A_recon,-0.9425645587786704,1.0950514236070195,-0.2878997462342282,0.0799425020813942,0.7914396524429321
A_recon,-0.9746231383220565,-0.6937542643202498,-0.0672616459919861,0.2717851400375366,0.4186493754386902
A_recon,0.11140214900008746,0.3519711948530092,-0.3920083737981172,0.5763580799102783,0.5633413791656494
A_recon,1.281832490040378,0.5302262602784052,-0.6427775991799631,0.805448591709137,0.5193329453468323
A_recon,-1.130582441981329,-1.4433382672187056,1.7554727903704292,0.2671915888786316,0.27295973896980286
A_recon,-1.0537762484896551,-1.9657442212637977,1.4774974781661385,0.28317105770111084,0.15931957960128784
A_recon,1.4528295643911293,0.38449342486272853,0.3840228332682402,0.8244821429252625,0.4859978258609772
A_recon,0.7783807242793079,1.102579639655336,-0.6228964377866062,0.7459483742713928,0.6802529692649841
A_recon,-0.9422859504774548,0.6539400766346933,-1.0699636924416027,0.12681475281715393,0.6923573613166809
A_recon,1.5480340657718052,0.40414168405256135,0.014273196032314275,0.8063489198684692,0.47346895933151245
A_recon,1.1113663768131319,1.3531307144929596,-0.9263438224652089,0.8312510848045349,0.7005792260169983
A_recon,-1.3718389169275156,-1.4463029339432005,0.9928596480343193,0.17782577872276306,0.3070105314254761
A_recon,0.25603586497907266,0.4136015954064283,-0.4721857802049157,0.6269479990005493,0.5505071878433228
A_recon,-1.0621900263102724,0.9008427485376078,-0.7394302357779866,0.19674362242221832,0.7480077147483826
A_recon,-1.2421124385379099,-0.8514831744261994,0.9949835704716222,0.2434927076101303,0.40570226311683655
A_recon,-0.06167850749931943,0.5157262823384782,-1.0401490714263795,0.4940057694911957,0.614021360874176
A_recon,-0.01694339507444379,0.3807416625816042,0.02112746491372475,0.5222200155258179,0.5882223844528198
A_recon,0.05204772595233554,0.1594611909183966,-0.8361547035886353,0.47903352975845337,0.5362779498100281
A_recon,-0.12965818646212443,-0.17619766399666748,-1.372515062525839,0.5411410331726074,0.47301387786865234
A_recon,-1.4059714645926968,-0.9490692218727544,1.6865840128125724,0.21316467225551605,0.39862650632858276
A_recon,1.1553132715708354,0.4843971147309312,-0.10135825845356052,0.778580367565155,0.5193020701408386
A_recon,-0.9388531180539925,-0.873653246814747,0.16241268534936618,0.27784842252731323,0.3734051585197449
A_recon,1.910940077878559,-0.16337400715863504,1.0075053381114785,0.9126833081245422,0.33523979783058167
A_recon,-0.10213317093748142,-0.34879033295785083,-0.5122721873964498,0.5151553153991699,0.43127188086509705
A_recon,-0.8229126766962765,-0.4721162020807213,0.9478091745192869,0.3036840558052063,0.45559319853782654
A_recon,-1.5324658055165392,-0.818633802698369,1.0640864052102412,0.17438390851020813,0.4322305917739868
A_recon,-0.06615848855672954,-0.28188253148163794,-0.9201336256091098,0.48520395159721375,0.44544970989227295
A_recon,-0.2856703569456618,-0.8373921907978181,0.11281178752184351,0.3762972950935364,0.3446936309337616
A_recon,0.25675594343512315,-1.545594264477306,1.2658310048571644,0.6230937838554382,0.1565181016921997
A_recon,0.06816588375514691,0.6631536189203582,-0.8711255490172903,0.4984595775604248,0.6352304220199585
A_recon,-1.5386287920362698,-1.447520453804431,0.8819740076673969,0.0369596965610981,0.3074072599411011
A_recon,1.744422431066155,-0.19990382865679254,1.1704849322836488,0.8330947756767273,0.34394195675849915
A_recon,-1.3082399634447994,0.02882774062272852,0.6713023590808845,0.05167393758893013,0.6038135886192322
A_recon,1.194355121941882,0.23755827086407805,-0.614585530345299,0.8275951743125916,0.4766794741153717
A_recon,1.2824952373831848,0.959661232087584,0.3967730183009133,0.8127496242523193,0.6198894381523132
A_recon,0.9058875803254292,1.7587494020183156,-1.2917294906777332,0.923983097076416,0.8136899471282959
A_recon,0.449175761824538,-0.15064699931993694,-0.3868512221012248,0.6644010543823242,0.4400193691253662
A_recon,-1.9446446188636999,-2.499384275195399,2.2057420339058478,0.16062363982200623,0.10972397029399872
A_recon,-0.12395696722393945,-1.4918177825117331,1.2879464216983525,0.4419293999671936,0.2018524408340454
A_recon,-0.0463533557926351,1.4426567477744368,-0.343489029328499,0.43943265080451965,0.7984223961830139
A_recon,0.28307561987578145,0.6531316447787427,-1.083218377272938,0.632332980632782,0.624485969543457
A_recon,-0.3176449724313946,-2.083255854177697,1.8913084021808813,0.38113752007484436,0.08031129091978073
A_recon,0.5548545013331141,-1.1343816534829625,0.9980723756582247,0.6756780743598938,0.22894519567489624
A_recon,-1.4183522197448433,-1.151208099449872,1.0132493605919082,0.20390738546848297,0.3496215343475342
A_recon,-0.40370509193058907,-0.7234208837128377,1.1028037804414794,0.35335078835487366,0.37089377641677856
A_recon,0.1596306310197243,1.4339647465909018,-1.6256311439939726,0.5433133840560913,0.7918714880943298
A_recon,-0.12229550168789098,1.771410535035551,-2.2854536704649067,0.427651047706604,0.8829692006111145
A_recon,-1.4485361454799228,0.0967363260728166,0.19372422254318503,0.1225256472826004,0.6116067171096802
A_recon,1.043236681368407,1.497779606334366,-0.4930067244734548,0.9658281207084656,0.759252667427063
A_recon,0.7296632290820377,0.5406125249871269,-0.42392830650390523,0.6912953853607178,0.5653061866760254
A_recon,1.7593341030521035,-0.5375278344181584,1.6548366833137658,0.8330350518226624,0.26635265350341797
A_recon,-0.3030349887352929,1.1584433240585792,-1.069834747477295,0.35746073722839355,0.7584517598152161
A_recon,1.8108339764435342,-1.2747988081125576,2.350724071852228,0.9448959231376648,0.1174251064658165
A_recon,1.7199745185676611,-0.6327028982406037,0.7415541358657551,0.8124470710754395,0.26045557856559753
A_recon,1.6208081274486381,-1.2454313258088219,2.486972640468533,0.979506254196167,0.1289953589439392
A_recon,-1.3439078342312465,-0.2599756574953597,1.046234828137791,0.1973942518234253,0.5446361899375916
A_recon,0.0575239668678148,0.6113994826903101,-1.035141052876694,0.4771694839000702,0.6305736303329468
A_recon,-0.45712485671225256,-1.1921558395021046,0.9979502226218064,0.3858489990234375,0.2777789831161499
A_recon,0.28579114851172244,-1.5553097850491635,0.9260253107861468,0.6138949990272522,0.15571314096450806
A_recon,-1.1415665852141732,-0.19248600403437297,0.6269022821395024,0.2502197325229645,0.5301607251167297
A_recon,-1.9154404562645304,-2.1016483794756398,1.3967094045551605,0.10047228634357452,0.17787617444992065
A_recon,-0.0536040825553721,0.4795303493071354,-0.23451172178158575,0.47661659121513367,0.6018139719963074
A_recon,0.27857667868568464,0.6525268811660041,-1.1533143973901019,0.6394719481468201,0.608776330947876
A_recon,-0.12312908227642448,0.8146301121218387,-0.2191412426915552,0.38401541113853455,0.681113600730896
A_recon,0.9943568311736122,0.19723264189348427,-0.5264015357140586,0.9874393343925476,0.46817055344581604
A_recon,-0.1615022283544021,-0.10299620819546884,0.5780388478984563,0.40598878264427185,0.5016531348228455
A_recon,-0.6771900648380202,0.19198404174911718,1.1653680302307707,0.2998155355453491,0.583787739276886
A_recon,1.27110030187699,-0.09181134205375847,-0.28836131728049985,0.8138978481292725,0.3915027976036072
A_recon,0.1117338617475763,1.53886567143009,-1.4645227604380429,0.466689795255661,0.8259496688842773
A_recon,-0.3907063666575393,1.4645877534516472,-2.1338017625630257,0.27321678400039673,0.8338175415992737
A_recon,-0.5563544550597364,0.0810874578702729,-1.0091381987467538,0.2864910364151001,0.5627906322479248
A_recon,0.9642991730291945,1.6714753889303162,-0.8365157972320344,0.947155773639679,0.7939546704292297
A_recon,1.3494676110137276,-0.8685428228211468,0.6208663500292654,0.9617367386817932,0.2225235551595688
A_recon,0.4502093830861373,-0.26795029911036977,0.777936124939951,0.6462368965148926,0.4146876037120819
A_recon,-0.6275367793794467,1.297489252511577,-0.6919824244570535,0.27876797318458557,0.8239277601242065
A_recon,0.7442881390797481,0.30396694563411203,0.1742540899326443,0.7113690376281738,0.5117307305335999
A_recon,-0.937790121493069,0.784502115179268,-1.3133734476840588,0.2167694866657257,0.7212734222412109
A_recon,-0.7473011688507334,-1.9778146171834543,1.462096528789009,0.3220846951007843,0.15066838264465332
A_recon,0.11857129229394671,-1.3940121791973954,1.8534486108172337,0.541736364364624,0.19944816827774048
A_recon,-0.2593172255642228,-0.6951875449379096,0.7036953776542806,0.4011441469192505,0.3691804111003876
A_recon,-0.5568159184287642,-1.689040387138269,1.0541430698762693,0.3510238528251648,0.18849442899227142
A_recon,1.3151506710691927,0.18248355322982263,0.14948680612092438,0.9741344451904297,0.45037156343460083
A_recon,-0.8611696838470784,0.4682079086021603,-1.4223274440953684,0.17020617425441742,0.6537370085716248
A_recon,0.09788901596733793,0.3895151804183764,-0.01211946326647915,0.6137785315513611,0.5671651363372803
A_recon,-1.2681584513334787,-1.495075423527906,0.053206780347044236,0.038541387766599655,0.2693166732788086
A_recon,-1.9579970203806496,-2.3164425925442793,2.4681265320846117,0.09171473979949951,0.1567705273628235
A_recon,-0.6084903197294456,1.5939358849269418,-1.8045484171066741,0.20999599993228912,0.873088002204895
A_recon,0.7524499607900061,0.24389847189394623,-1.0321240159243026,0.991686224937439,0.5101266503334045
A_recon,0.8479995831736571,-0.6000505695017215,-0.17655249653170138,0.7264246344566345,0.30980655550956726
A_recon,0.6948183482582195,1.9260692811210587,-1.8799943589569226,0.8680381178855896,0.8512611985206604
A_recon,-1.2259229820976882,-0.80399376241332,-0.07422618594010023,0.049483783543109894,0.42149147391319275
A_recon,0.4870878911095657,1.0736374933615482,-0.2406556526250036,0.6814384460449219,0.6856592893600464
A_recon,-0.01889466200731462,0.5716914020299936,-0.2438545001801478,0.43993648886680603,0.6257933378219604
A_recon,-0.11585043101276125,1.2901869656222096,-1.0163818843419503,0.41641995310783386,0.7709315419197083
A_recon,0.2888455644400554,1.9973690701979885,-1.7547030799708485,0.7082548141479492,0.8980819582939148
A_recon,-0.5054558024393098,1.1579577247606054,-0.7729877764960884,0.30831894278526306,0.7686236500740051
A_recon,0.03870184456286334,-1.8373812814482422,1.2058182556872126,0.5134678483009338,0.10487937927246094
A_recon,-1.088942817897562,-1.1835616629102446,0.8461773611295526,0.2607247233390808,0.32550933957099915
A_recon,-0.15168573376897265,1.410299091124117,-1.062056354565514,0.39140406250953674,0.8017380833625793
A_recon,0.024675858517673212,0.43122257908845874,-0.4221033364044282,0.5333261489868164,0.5910273194313049
A_recon,-1.5897233968504212,-1.2618206505716314,0.41270888979049203,0.1578810065984726,0.342163622379303
A_recon,-0.7296636875905403,-0.14541181149155935,-0.1261075458448389,0.27618712186813354,0.5216819643974304
A_recon,-0.15623035633197577,-0.25231877930789376,0.30123072500107856,0.42040589451789856,0.45673707127571106
A_recon,-0.014958940818187896,-1.4471970333086503,0.5148759504062642,0.4727479815483093,0.20494863390922546
A_recon,1.1425071058828167,0.5150222911709733,-0.2782543029487093,0.8000039458274841,0.521234929561615
A_recon,0.2434879335145839,1.1634507835287928,-2.1010240947257905,0.6429501175880432,0.7262202501296997
A_recon,0.06579795313674917,-0.3481728678915511,0.3923757069497382,0.5624900460243225,0.4166295528411865
A_recon,1.8082783167139218,-0.3085071288485733,1.0253660469611667,0.8698673844337463,0.31695595383644104
A_recon,-1.5896924889354758,-2.0256509743649813,1.6984066755833744,0.19734886288642883,0.17827695608139038
A_recon,-1.8474493475879112,-1.376109718955685,1.6718586821441475,0.10408303886651993,0.3453911244869232
A_recon,-0.1553418509125257,-1.07251500202926,1.3834573484333317,0.3937252163887024,0.28989046812057495
A_recon,-0.7155109281600555,0.8732091197259858,-1.8328246565678639,0.13718995451927185,0.7309172749519348
A_recon,0.1427747859262575,0.44746748002844305,-0.36547945292664286,0.5559810400009155,0.5829944610595703
A_recon,0.20012233475767288,0.5678176310319478,-1.5280207330630586,0.5736433267593384,0.6060929894447327
A_recon,-1.2853496925364651,0.31166922603185526,-0.46992653691991904,0.13159355521202087,0.6491031646728516
A_recon,0.9826924191458764,-1.1215057745004515,0.9705771152018723,0.7160540223121643,0.19857484102249146
A_recon,0.13071237504862965,-0.284084501746681,0.548242669989083,0.5565394759178162,0.4349629282951355
A_recon,-0.02084398566337176,-0.7945193506821143,0.4525936366682837,0.4231819808483124,0.3307362496852875
A_recon,1.7323292311717393,-0.1859844595015054,0.6732054959584948,0.9174817800521851,0.34333178400993347
A_recon,0.9475967903352692,1.0840311944653591,-1.7276581575554217,0.8559122681617737,0.6612812876701355
A_recon,-1.0267321284829964,0.6351536829155215,0.02871720642639521,0.22096917033195496,0.698996901512146
A_recon,-1.5294028483171904,-1.6238408766329924,0.49051957795619405,0.16658318042755127,0.24819742143154144
A_recon,1.4422479749861985,1.1343003131921405,0.7307254074862308,0.9155364036560059,0.6285692453384399
A_recon,-1.6680044720051284,-1.5844073433362855,1.9818150652325042,0.15725189447402954,0.27243515849113464
A_recon,1.2161117869565607,0.026040633829818926,0.7408901122443712,0.7572063207626343,0.42160511016845703
A_recon,-0.854302126509571,-1.8356936804817467,1.7871304844264342,0.3125170171260834,0.18292047083377838
A_recon,-0.3186841660104174,0.9380618299669693,-1.7202837178802328,0.36118534207344055,0.7243391871452332
A_recon,0.09960526543884056,-1.1760682466142574,0.794488326483538,0.5537246465682983,0.259659081697464
A_recon,1.569135065691673,0.3100488137123308,1.1082205735359816,0.9259641766548157,0.45149892568588257
A_recon,-1.1407072968429721,-0.161108735505779,-0.2376983535905314,0.0020568431355059147,0.5440966486930847
A_recon,-1.2991859890454556,-0.001372996384057488,0.537085560543382,0.16228733956813812,0.5826324224472046
A_recon,0.8487194019228047,-0.3363951144291401,-0.614033100619097,0.7202118039131165,0.374454528093338
A_recon,-0.2608083487230634,-0.7823003763498788,-0.2512555718625147,0.3944665193557739,0.3568999171257019
A_recon,-1.1511078602892824,-1.9135006114008992,1.7163479308928615,0.28781041502952576,0.18263311684131622
A_recon,1.4141990834985416,0.18903615925095996,0.5244803506023852,0.9628956317901611,0.4512505531311035
A_recon,-0.6886338227647112,0.7477224801654795,-0.2880895801328583,0.2640284299850464,0.7146462202072144
A_recon,0.4123667987553424,1.69612349458124,-2.0796138079821707,0.7141669392585754,0.8240536451339722
A_recon,1.1220627183073197,0.3371169135105585,-0.7560493127561829,0.9642256498336792,0.5059208273887634
A_recon,1.2873513958577436,-0.63930455964662,0.6693539867975931,0.7627660632133484,0.2779647409915924
A_recon,0.6415376867089336,0.44505981180058934,-1.3994640554677655,0.7094140648841858,0.5534220933914185
A_recon,0.8582522550951626,0.5299448756091516,0.26606673950393583,0.7232066988945007,0.5560739636421204
A_recon,1.74296849962227,-0.6177156513324794,0.9898550546616051,0.8052260875701904,0.24864047765731812
A_recon,-0.743491263584859,-0.7201625059603346,-0.5635377804228778,0.2712136507034302,0.390785276889801
A_recon,0.21033764817541672,-0.2585705610036378,-1.1169740939605837,0.6266867518424988,0.4336654543876648
A_recon,1.3675113378448593,1.049430432535834,0.08366063011495209,0.802885890007019,0.6358707547187805
A_recon,1.098238216316285,1.475603547275664,-1.3991088664820743,0.8882296681404114,0.7242836952209473
A_recon,1.8079058626952842,-0.35476091901061924,0.5735354563870803,0.9058341383934021,0.3056028485298157
A_recon,1.6079635077741372,-0.48606127002018784,0.3705340768922128,0.9038963913917542,0.28773248195648193
A_recon,-1.1962320887937836,-0.3810250861386484,-0.44092240159028023,0.09763380140066147,0.4979367256164551
A_recon,-0.21780895938607625,0.34926792878995705,-1.3844889622782912,0.37640607357025146,0.5934441089630127
A_recon,-0.20776067864161052,-0.8684564632026632,0.28415097330597655,0.4563920795917511,0.32986897230148315
A_recon,1.2188081747888384,1.2521063351711375,-0.34793098834103625,0.891685426235199,0.6746947765350342
A_recon,-0.12903859574765558,-1.0348778440715032,1.299392550397357,0.4192536175251007,0.29192060232162476
A_recon,-0.2857647389503428,1.8256379401589717,-2.2830888228678603,0.26491209864616394,0.9110655188560486
A_recon,-1.5678820894515844,-1.4421498539641022,1.4835973974302739,0.019858773797750473,0.30688560009002686
A_recon,-0.7941620021177763,0.5925491138583409,-0.19106952387404352,0.28875428438186646,0.6685560941696167
A_recon,1.141228534575882,0.9050513011692598,-0.5963089428936746,0.7807241678237915,0.6164306998252869
A_recon,-1.2052259118629525,-0.01565746461978917,0.5331673994708543,0.020170938223600388,0.5839820504188538
A_recon,-1.7124890983436554,-1.529973833321824,2.1195964037267943,0.16499392688274384,0.30735599994659424
A_recon,-0.5485965424950381,0.632070588064829,0.042209430691961085,0.31096842885017395,0.6613048315048218
A_recon,0.09116275711554281,-0.7122119181641748,0.16001842624290055,0.532011091709137,0.3427743911743164
A_recon,-0.45020787548368024,-0.2892558481473423,-0.6491798917203517,0.36304330825805664,0.47019273042678833
A_recon,1.4067391821454578,1.3210438748726834,-0.19750864920364095,0.8826397061347961,0.6776392459869385
A_recon,-1.6377046096740913,-1.8493077654210146,1.89572212480928,0.2074776291847229,0.21623443067073822
A_recon,0.10727485565240667,-0.46014551962467026,0.606737130809265,0.5616344213485718,0.39674702286720276
A_recon,1.1518864337465262,1.1029243868162413,-0.9458539009847242,0.7778174877166748,0.6506209373474121
A_recon,1.5830444099056546,-0.4346280672877589,0.9265427282613413,0.9296082258224487,0.29965707659721375
A_recon,1.5296168166369233,0.32497236799156004,-0.35595058832576004,0.8734802603721619,0.4663037359714508
A_recon,-1.7472859678883905,-1.7808109195267372,0.7895562218721802,0.13552100956439972,0.23398633301258087
A_recon,1.1942001303242662,-0.21933098841820847,0.5645436944528505,0.7918000817298889,0.3781595528125763
A_recon,0.4068805029004203,0.6657685699795992,-0.4804913367317008,0.6753462553024292,0.6049229502677917
A_recon,-0.07151331710456206,-0.720992635847563,1.3938262165270427,0.42160356044769287,0.3545377254486084
A_recon,-0.5101567901592888,1.6335483616364306,-1.8443126525787636,0.025567099452018738,0.8844550251960754
A_recon,-1.158358140632374,-0.46831992569448017,0.4901145391351356,0.16798147559165955,0.4868767261505127
A_recon,1.0398810139858565,-0.055714688930844344,-0.6489597061745203,0.7494608163833618,0.41502341628074646
A_recon,-1.6828816002235094,-1.5208078283818716,1.0623768403017804,0.08400476723909378,0.2978719472885132
A_recon,-0.5931075376745706,-0.7820106647379638,-0.0868265337142593,0.3126499354839325,0.38190630078315735
A_recon,-0.9219415291746065,-0.8866588737259707,0.012464871883312528,0.2552124261856079,0.3663926124572754
A_recon,0.8869562184517658,0.7917188566501291,-1.4844561661611726,0.746100902557373,0.6024046540260315
A_recon,-0.46966662769923734,-1.0846152404696845,1.5041344788588997,0.3590598404407501,0.3030642569065094
A_recon,-0.7140812509168497,1.3253570577208198,-1.543803744939355,0.0871882438659668,0.8267325162887573
A_recon,-0.33036008344093987,-2.3034245869341685,2.531845003310548,0.37044209241867065,0.025622501969337463
A_recon,-0.5079897469280074,-0.15668771935451853,0.1005833650457789,0.3268298804759979,0.5021856427192688
A_recon,0.8170945075757046,0.10175412461338652,-0.3626612910507972,0.7170213460922241,0.4641583263874054
A_recon,-0.39736869864391977,1.0595779766876388,-0.21836809522656914,0.32012221217155457,0.7528493404388428
A_recon,0.5198351137462881,-0.9067255450876138,-0.3391801465079346,0.6936156749725342,0.28533291816711426
A_recon,0.2645925170087114,0.9164172849531881,-0.17194121141658916,0.5385944247245789,0.6706317067146301
A_recon,1.474992011483237,0.4719105715174737,-0.5521963837432616,0.8877328038215637,0.504095733165741
A_recon,0.8852816396095974,0.03969732840435053,-0.4478804621573178,0.7333651781082153,0.45167091488838196
A_recon,-0.13522606197268602,0.9537129038141943,-1.0326627398473531,0.4079187512397766,0.7155132293701172
A_recon,0.06851056713372863,0.9246035932233069,-0.4637408475303776,0.4849095046520233,0.6851588487625122
A_recon,0.08326580934019776,-1.2494979403306588,1.710738136213985,0.47138574719429016,0.23381029069423676
A_recon,1.5319929853385958,0.8194915996078745,0.7269703965769576,0.8717023730278015,0.56996089220047
A_recon,-1.0659482996742435,0.13365545366825302,-0.569053958031031,0.13803617656230927,0.6026173830032349
A_recon,-0.30047447416096856,-0.8390293132802628,-0.3530795328488051,0.42423000931739807,0.3499335050582886
A_recon,0.08832059244963532,-0.8568339174805882,0.066632695480493,0.5349120497703552,0.3124927282333374
A_recon,-0.02451835123647581,1.0419075274064058,-0.8932855488043259,0.4362228214740753,0.7207392454147339
A_recon,0.12079899016249775,-0.052793216257140944,-1.1933030072902202,0.5980284810066223,0.48763418197631836
A_recon,-0.052596054821986246,1.7712157746017887,-1.9860332017750038,0.49884310364723206,0.8758969306945801
A_recon,-0.12916745277089925,-0.5301005152283391,-0.23341267784563566,0.413695752620697,0.3939003050327301
A_recon,0.5640467010794507,0.8829038048183538,-0.8405133479460661,0.6868129968643188,0.6519578695297241
A_recon,-0.34930391958875373,1.097801991449096,-1.4667924363074747,0.3293224573135376,0.7478170394897461
A_recon,0.25705609700235355,0.13043846704387962,0.4964134180328742,0.6069009900093079,0.516992449760437
A_recon,0.8123157629386922,0.2300665383909652,0.6963815256681697,0.728558361530304,0.49366459250450134
A_recon,-1.2451615211477676,-0.3111516086150255,-0.5840498159071419,0.13064663112163544,0.5161726474761963
A_recon,-0.5641135184567129,0.5065509084374196,-1.3345196446994236,0.3264521062374115,0.6469588279724121
A_recon,1.7172440074800064,-1.1138971895399807,2.0412730751795776,0.944704532623291,0.15397034585475922
A_recon,1.1053082723023528,0.2671182662651869,-0.8465483545723997,0.9660212993621826,0.4881337285041809
A_recon,1.1220139873505395,0.7688182063318254,-0.5446644623515711,0.9923887848854065,0.5832967162132263
A_recon,-1.677926526171788,-1.6054936891504323,1.628204754850464,0.04252583533525467,0.27895182371139526
A_recon,1.8333828475795215,-0.3728442304661375,1.0031168109208028,0.8265087604522705,0.3077467381954193
A_recon,1.1437590793444334,1.2751416050573807,-1.0122552987826583,0.9352757930755615,0.6794670820236206
A_recon,1.9180322233742535,-0.8208009962341383,2.188401191000095,0.9019444584846497,0.19886241853237152
A_recon,0.7729197216963303,-0.9904711528908063,1.3991711008289218,0.7149413228034973,0.24012570083141327
A_recon,0.538686942256629,-0.7487633519069594,-0.16166114007835303,0.67561936378479,0.299178808927536
A_recon,0.5958004121185573,1.5815836920916462,-1.683044959221379,0.7196066379547119,0.7955230474472046
A_recon,0.24993781250792727,-0.42731011908559335,0.5892797605813743,0.5748858451843262,0.39928391575813293
A_recon,0.9585104326712938,0.025408004006281446,-0.5273774095969266,0.7884200811386108,0.44644784927368164
A_recon,-0.017677957119604123,-2.0234830317983397,1.8905095825616878,0.5019295811653137,0.06895678490400314
A_recon,-1.3247956816956734,-1.0485284702422155,0.09491182054766979,0.22593750059604645,0.36263421177864075
A_recon,-1.4417637955140072,0.018251292487643705,1.0015955647425527,0.09434902667999268,0.6009370684623718
A_recon,1.2154940558064566,1.0110376754923043,1.0078050303432757,0.9082556962966919,0.6238446831703186
A_recon,1.0557310043329353,-0.6610087830006086,0.6080305635301779,0.7548789978027344,0.2930130064487457
A_recon,-1.0796675656820351,0.822618521947519,-0.8579164942705066,0.17724193632602692,0.7412863969802856
A_recon,0.5943869092496138,1.9939572093574343,-0.901141523119175,0.8224582672119141,0.8938990235328674
A_recon,-0.8495616248238304,-0.5776242793832926,0.8726612012966904,0.3003467619419098,0.4362435042858124
A_recon,0.2569274227934444,1.5038751895902156,-1.695437223312773,0.6356549859046936,0.7918851375579834
A_recon,-0.24272573290970553,-0.3338591337730952,-0.3757691863089208,0.35615286231040955,0.4535426199436188
A_recon,-0.9424538084958343,0.17739905317308818,-0.6819489913501289,0.21416307985782623,0.6070638298988342
A_recon,-1.2356251639142382,-0.21629510916140374,-0.3873895243700624,0.1756087690591812,0.5371754169464111
A_recon,-1.2458677809719823,-0.8227346394139998,-0.4478993241490794,0.07095031440258026,0.40714043378829956
A_recon,-1.2802088837783885,-0.8025442842712252,0.5612631215867778,0.07443855702877045,0.4237513840198517
A_recon,-1.4791351538382937,-0.28953023968545955,0.3575360056705376,0.06909020990133286,0.5422025918960571
A_recon,-1.5385487245246994,-0.7332205788795363,0.5813110265256699,0.08991876989603043,0.44734880328178406
A_recon,1.0962317423484718,0.7821517342435421,-1.0089519570432406,0.8340293169021606,0.5836151838302612
A_recon,0.06920472407951708,0.11651158293829104,0.15960382942820517,0.5178083181381226,0.5242399573326111
A_recon,-0.5678272623669982,1.4692457192315571,-1.9033422260501285,0.12858401238918304,0.8580396175384521
A_recon,0.02542500396570869,-0.30497753490876894,0.5916221435581419,0.5249946713447571,0.4346654713153839
A_recon,0.18737911837777518,0.5476180927285821,-0.942882468344258,0.5426297783851624,0.6049830913543701
A_recon,0.03648220422622706,0.8544156828680993,-0.06792779637937385,0.49659204483032227,0.6724900603294373
A_recon,-1.258119858552404,-0.5033315645467917,0.17822407930490836,0.20648635923862457,0.47705215215682983
A_recon,-0.0018395830337936856,0.02456479307461759,0.7109491623992158,0.4343978762626648,0.5064213871955872
A_recon,1.823056697313739,-0.2097930525549505,0.8626684207953628,0.8708564639091492,0.32661503553390503
A_recon,-0.26046257940403145,-0.22064575000578932,0.26433118935427274,0.3837354779243469,0.47467684745788574
A_recon,0.045045624045740564,1.1482711884382952,-0.4215966499367238,0.5039852261543274,0.7357986569404602
A_recon,1.708350380133551,0.5363538882461399,0.9752220410623795,0.9302424192428589,0.5000383853912354
A_recon,-0.9532538370986376,0.1273734488514488,-0.12080949444876958,0.2328013926744461,0.5858252048492432
A_recon,0.8087132307539325,0.1979571639140254,-0.783488594020453,0.7255076766014099,0.4935092329978943
A_recon,0.06713784716020212,0.44587999812433665,-0.8246054787715864,0.48384132981300354,0.5865499973297119
A_recon,1.1088720665161083,1.3552052974422217,-0.2331064535113554,0.7873679399490356,0.7035713195800781
A_recon,-0.40897547943552054,-1.7314487027344352,1.2856314535880649,0.35967350006103516,0.17734873294830322
A_recon,0.12778149020625107,-0.40345054338042147,0.8298566311194331,0.5423586368560791,0.4109581708908081
A_recon,-0.44092086080861953,-0.2741581745435267,0.4544235373656584,0.3682859539985657,0.46976184844970703
A_recon,1.2467197037721394,0.9294003181606212,-0.7919347450906615,0.8661492466926575,0.6048979759216309
A_recon,0.6438580605855758,1.9692263862617527,-1.765085777485141,0.9148178696632385,0.8730193972587585
A_recon,0.4139904496897414,-0.28151631004174527,0.720473418392289,0.6318212747573853,0.41454657912254333
A_recon,1.5134960237356239,0.2476873468055465,1.427088042660187,0.9810202121734619,0.44922196865081787
A_recon,0.7707219081618714,1.1753385282895719,-0.3354390200479663,0.7320556640625,0.6914774179458618
A_recon,1.299597984444816,0.8999119295850485,0.9402420551354281,0.8304239511489868,0.5920624732971191
A_recon,0.812783371134521,1.5214864978728746,-1.4145081423119346,0.8947206735610962,0.757251501083374
A_recon,-0.871667219772459,0.16822360663140976,0.8538224742842722,0.2719057500362396,0.586383581161499
A_recon,0.9712496065674985,0.769265509138682,-0.06885570052073904,0.9866779446601868,0.5920273065567017
A_recon,-0.22340981401204554,-2.044650829731407,1.8620108118802385,0.3904140293598175,0.08572137355804443
A_recon,-0.03743827362203339,-1.771037429105845,0.896577250429758,0.4972125291824341,0.11445631086826324
A_recon,-0.758071704057445,0.6468067614854669,-1.4979591384248703,0.1803237348794937,0.687663197517395
A_recon,1.2574819840836153,-0.1677994479373413,-0.13193136505567388,0.8214787840843201,0.38604339957237244
A_recon,-0.5793584079206622,-0.9263916356610239,-0.01909365789903324,0.3368976414203644,0.353944331407547
A_recon,0.5009589182706735,-0.4981994278138331,-0.9290988080339649,0.6893444657325745,0.3719629943370819
A_recon,-1.353665075594096,-2.075621969278781,0.9766125705781209,0.21835559606552124,0.15099486708641052
A_recon,-0.34313181670468584,-0.022555413896573007,0.8357307207953731,0.35136306285858154,0.5142025351524353
A_recon,-0.27511190897400967,-1.3949328102098246,1.4474382290996968,0.38424447178840637,0.22828157246112823
A_recon,-1.307419257549073,-1.04265323447365,0.9810447680591889,0.23662398755550385,0.3709621727466583
A_recon,-1.2087042379501316,-0.796657706576747,0.06211969919275381,0.03506344184279442,0.4195840358734131
A_recon,1.088641310647379,0.9162764399184298,-0.5484020488969414,0.7702088952064514,0.614017128944397
A_recon,1.4136877875345768,0.40394255645172494,0.2607473180738279,0.9503546357154846,0.49337705969810486
A_recon,-0.8037735746097168,0.2827001058174519,-1.0015060183566094,0.2262478619813919,0.6209884881973267
A_recon,-1.3371587761425683,-0.8264160254507943,0.3623888419959759,0.16265136003494263,0.4204573929309845
A_recon,-0.4268317177813224,0.6232983910818037,-0.7993176965311705,0.3476041853427887,0.6428467035293579
A_recon,-1.7545937943073588,-1.450861419723074,2.2241085707189825,0.08276600390672684,0.31649038195610046
A_recon,0.3185202765272339,-0.1280910767463383,0.6827910104642654,0.6497328877449036,0.44744113087654114
A_recon,-0.3983547339067706,-0.77578786754709,0.35113715028978554,0.3685525059700012,0.3696882128715515
A_recon,0.2344826516280417,-1.2387244188411635,1.2015724965661594,0.5624785423278809,0.22197039425373077
A_recon,1.8896315231485539,-1.3582372625455077,1.9432427326990376,0.9058499932289124,0.08412188291549683
A_recon,1.4645407944773587,0.0971409169394334,-0.32580850248671256,0.8615793585777283,0.41973957419395447
A_recon,0.7226336437177544,1.8026972074450303,-2.1272412885362177,0.9216768741607666,0.8316648602485657
A_recon,1.6412852533933355,0.40125232787406073,0.9667179512127098,0.9350576996803284,0.4647189676761627
A_recon,0.13276114298460334,-0.8471641400121759,0.3152948401111282,0.5898193717002869,0.31563839316368103
A_recon,-0.011264179706333718,1.0730605013860892,-1.3042455712094105,0.5023002624511719,0.7332167029380798
A_recon,-1.6454665635840329,-1.2817294638475327,1.1419491783001008,0.03761516511440277,0.35052230954170227
A_recon,-1.7596071417143566,-2.4850235553744167,1.8057037752737528,0.10244131088256836,0.09043321013450623
A_recon,0.0032849102948544645,0.5524117186640468,-1.295240153609425,0.523923397064209,0.6192054748535156
A_recon,1.46616185545754,0.9345751361745392,0.7199836361135653,0.8560082912445068,0.5911967754364014
A_recon,-0.1810822133060525,-0.4541252639355172,-0.09472734536493119,0.432634562253952,0.41452088952064514
A_recon,-1.4944175825983743,-1.2737216337112838,1.3686216360780694,0.0037293622735887766,0.351073294878006
A_recon,-1.167041611078731,-0.9058853978078325,-0.12497400267236433,0.21230310201644897,0.37883293628692627
A_recon,0.903198894452238,0.662618503185505,-0.8790526036654022,0.7599704265594482,0.5704048871994019
A_recon,-1.352814639386441,-1.5216878400260427,0.5329795905880187,0.1584179848432541,0.26760146021842957
A_recon,-1.4456390143306639,-1.2088446392469492,0.4806153485608308,0.19957633316516876,0.3295389413833618
A_recon,-0.7056664365597953,0.7376403101301914,-0.9609392617911902,0.2855360507965088,0.7004129886627197
A_recon,0.24385669922149752,0.8890340137684818,0.3339312720036239,0.6092833876609802,0.6794360280036926
A_recon,1.2836468666396181,-0.09800680180690101,-0.33651167099140294,0.8364055752754211,0.39226892590522766
A_recon,-1.0193131051841011,0.48396686413149587,-0.24950342014843907,0.2188948392868042,0.6633775234222412
A_recon,0.1863583968732253,0.22628139157755453,0.02016701142690976,0.5994678735733032,0.546114444732666
A_recon,0.1942377013553603,0.765414754673757,-0.2546101635672917,0.5299406051635742,0.6468740105628967
A_recon,-0.08340932000906308,1.0178073279281135,-1.4284210485895783,0.4448642134666443,0.7274617552757263
A_recon,0.1163493084984119,0.6266038079522879,0.036432240008677445,0.5804204940795898,0.6319276690483093
A_recon,1.5972699110930875,0.6421277303029654,0.461168626186047,0.814118504524231,0.5301180481910706
A_recon,-0.9988272068765159,0.5405823182291365,-0.007211923067709294,0.21748805046081543,0.6739952564239502
A_recon,0.0759958052324765,-1.831540576240668,1.9342921384719929,0.49723416566848755,0.11369992792606354
A_recon,-1.7156469731549633,-1.5928702708887281,0.9895683872581948,0.09792055934667587,0.2801940143108368
A_recon,0.020228310738304098,0.2625881517452681,-0.5386402144866994,0.5132375359535217,0.5511545538902283
A_recon,1.4341275084131169,0.9743860025564316,-0.7714226650559642,0.7910078763961792,0.6037814617156982
A_recon,1.1259473076767135,0.5614862113385596,0.45031522675778685,0.9985588788986206,0.5481676459312439
A_recon,-0.0013818478380869016,-0.12177323168037982,-0.3160846244899498,0.4756930470466614,0.4767143726348877
A_recon,-0.6126906894034719,0.880647238124544,-1.41029729848541,0.29660341143608093,0.7186549305915833
A_recon,0.0352846355032954,0.14152022835783767,1.0028338287554495,0.57950359582901,0.5270676612854004
A_recon,-0.37123591874270906,-0.4710743447616797,0.82990020664125,0.3717520534992218,0.4262155592441559
A_recon,-1.8174474601687134,-1.8116161434515352,1.785986164219778,0.11700239032506943,0.2446276992559433
A_recon,0.046120830709074,1.3918176931544797,-1.0638122146222044,0.5244985818862915,0.7861011624336243
A_recon,0.6666966753294135,2.0748264455641436,-1.9256514441275752,0.799135684967041,0.8843722343444824
A_recon,1.389621555234365,1.4642474567424655,0.10945945849325935,0.8911272883415222,0.7080482840538025
A_recon,1.1051162583106586,0.6420787430119161,-0.35314508877051753,0.978111207485199,0.5586293339729309
A_recon,-0.31276300329161566,-1.2410363302936718,1.7082164544964424,0.36772462725639343,0.2653220593929291
A_recon,-1.3770431457826455,-1.6935089626013744,2.004142391152408,0.2516651749610901,0.23272067308425903
A_recon,-1.1300249120968213,-0.10828738517301556,-0.1984259791358263,0.11082077026367188,0.5596889853477478
A_recon,-0.06832659636606468,-1.254647539163205,1.892569160166397,0.43623191118240356,0.24395956099033356
A_recon,1.5914995017656708,-0.6320265541875985,0.40764815020373407,0.8070271611213684,0.26062875986099243
A_recon,-1.0153017769652684,0.30060047996432676,0.32449603491023776,0.2346447855234146,0.6348143815994263
A_recon,1.0387437970952003,1.6061639417933848,-0.6268408649338342,0.8495665192604065,0.7619770169258118
A_recon,0.4339194088182145,0.24400257301747127,-0.38524945762983087,0.7117370367050171,0.5185730457305908
A_recon,-0.7827444248416383,0.7740228063866628,-1.0921711887683188,0.20094281435012817,0.7244064807891846
A_recon,0.2667742131617936,-0.17899750941008488,0.09520367611125179,0.631751537322998,0.43165868520736694
A_recon,0.790082254815255,1.716702161780102,-1.6233907567197334,0.8196921944618225,0.8039644956588745
A_recon,1.7771657544190056,-1.21444035212598,1.6453527818870262,0.9328703880310059,0.12204833328723907
A_recon,-0.9535305221989043,0.18842670701800457,-0.626004218704463,0.16221477091312408,0.6033961772918701
A_recon,0.7411353262652052,1.604868162452531,-0.4350164221255448,0.8220151662826538,0.7837018370628357
A_recon,0.8192439778004306,1.082938725518394,-0.33897586682059583,0.7758491039276123,0.6703374981880188
A_recon,-1.3997789373479337,-2.531623529363137,2.3750607392775667,0.2437216341495514,0.049500126391649246
A_recon,-0.6386739892211495,-0.11389244963261672,-0.9173870174662685,0.29458141326904297,0.5234484672546387
A_recon,0.801107918960247,0.6825450588009193,-1.5087816350181185,0.957084059715271,0.5947733521461487
A_recon,-0.3257463522313428,-0.8275956828886574,0.7176130499994853,0.36201605200767517,0.34974774718284607
A_recon,-0.2853831476685163,1.6337896012757147,-2.0229360857322027,0.28897610306739807,0.8553354144096375
A_recon,0.6196355749250145,1.7046984236976552,-1.1212209955088466,0.7200111150741577,0.8098419904708862
A_recon,-1.0154695888454541,0.8740921122257626,-0.7270416151388182,0.1329060047864914,0.7490881085395813
A_recon,-0.08428559671440895,-1.1750834001234112,-0.23626208525500386,0.4831693172454834,0.2633591890335083
A_recon,-0.2853727516616247,0.9644072543408128,-0.48001792791421555,0.35813313722610474,0.709805965423584
A_recon,0.04338406809545484,-0.2924200934241269,-0.7080425121140869,0.5439863204956055,0.4328250288963318
A_recon,0.2593109899448784,-0.5310288084120199,0.1338897878023393,0.6032501459121704,0.3838784694671631
A_recon,0.09481341540023301,1.7421790693688177,-2.278617616070965,0.6401074528694153,0.8627526760101318
A_recon,-0.20845849636001265,-1.0150904183715095,0.385500997379609,0.43239906430244446,0.29792267084121704
A_recon,1.1876501658697587,1.5731836219326671,0.08980766008304755,0.8869324326515198,0.729397177696228
A_recon,0.8012535297977305,1.5856900627856267,-1.627825482860563,0.8356760740280151,0.7742099165916443
A_recon,1.4718323277390404,-0.05476112792768176,0.5052280397308498,0.9333577752113342,0.3909580707550049
A_recon,-0.11163884448680962,1.983420776364836,-2.582545229712731,0.4459056556224823,0.9272812604904175
A_recon,0.932453908153932,1.0113552239838708,-0.4060699390130298,0.7300859093666077,0.6548706293106079
A_recon,-0.2985121789107331,-0.2814002597257848,-0.9177020735982199,0.4306957721710205,0.46286773681640625
A_recon,-1.0642203239950714,-1.0185998883585896,1.0565039573825543,0.27878275513648987,0.36421865224838257
A_recon,0.4578482382374757,-1.1739786023817567,-0.07153648519847812,0.6518864631652832,0.23149266839027405
A_recon,1.5796283567533511,0.3399114780760327,1.2473954707586032,0.9459871649742126,0.45982396602630615
A_recon,0.739417222462259,2.1289672044749968,-1.6088968038574643,0.8043078780174255,0.909103274345398
A_recon,-0.21524681559527553,1.9366679669160556,-1.9595636467318291,0.2852017879486084,0.930527925491333
A_recon,-1.1900538898917192,-0.6432915497967301,1.2551755857146913,0.22810575366020203,0.45102718472480774
A_recon,0.6792921338128274,1.6881975007354553,-0.7440908487179743,0.7716454863548279,0.8116440773010254
A_recon,0.6467088047818021,0.37868368075784314,0.1763167380873418,0.7051284909248352,0.5343621373176575
A_recon,1.247045731930365,0.9958826974789854,-1.000232161202673,0.8636017441749573,0.623615562915802
A_recon,-1.2010539212587803,0.6077113668817116,-0.9913325644738552,0.1463616043329239,0.7006812691688538
A_recon,1.5387002378033943,0.47631282801456126,-0.04607731035284533,0.8616792559623718,0.49559471011161804
A_recon,0.0892699038405082,0.5803556341386961,0.6173621344262559,0.4326254427433014,0.6139644980430603
A_recon,-1.0304094625443534,-1.7412302847683585,0.674636464917289,0.2733454704284668,0.2010212242603302
A_recon,-0.41744352231783655,0.3842642211954947,0.10907750179001817,0.34324467182159424,0.6054038405418396
A_recon,1.2571424403558646,0.494085382816978,1.0832922330419978,0.9935039281845093,0.5122849941253662
A_recon,1.6760481550332902,-0.14455733707393306,1.6157986064638392,0.9560320973396301,0.35872745513916016
A_recon,-1.5302454749622523,-0.8510179057872833,0.8589705263326385,0.083746038377285,0.42507168650627136
A_recon,-0.6297052826016217,-0.2220484672928862,0.16669986509708465,0.315188467502594,0.4918823838233948
A_recon,0.6446009733904648,1.0428628779659608,-0.5488014812996673,0.7195790410041809,0.678166389465332
A_recon,-1.4592627991795684,-0.35075994364768576,0.4508062724201347,0.03532513231039047,0.5287155508995056
A_recon,-0.960774990230664,0.9965902552656778,-0.41986487635399833,0.035923656076192856,0.7788496017456055
A_recon,-1.219140264862397,-0.2618102024770079,-0.5250374863914735,0.04489029198884964,0.5240772366523743
A_recon,1.1587496261019345,1.3092585209691174,-0.12032469566045294,0.8684448599815369,0.6976139545440674
A_recon,-0.528925220270749,0.8023473122582774,0.15314111479199266,0.3337324261665344,0.6944257020950317
A_recon,-0.7900820231646821,-0.9634013846309242,0.8965424877899847,0.3187398314476013,0.3451671600341797
A_recon,1.1262929144505696,-0.32478407593296954,0.29849711421795405,0.7933438420295715,0.3638056218624115
A_recon,-0.751580338398435,-1.1104553290542831,0.09097689654810633,0.31856629252433777,0.32561278343200684
A_recon,1.0851296041409932,0.7005641771311024,-0.5127517139238337,0.7384308576583862,0.560901403427124
A_recon,-0.26867440066448917,-0.5510695177110156,0.4353528349978309,0.369340717792511,0.4017336964607239
A_recon,-0.962518438883652,-1.2517523655241214,1.3720361159496308,0.297519326210022,0.30327990651130676
A_recon,-0.26342787154052977,0.32334586198867554,-0.5014789129496044,0.38722652196884155,0.5862400531768799
A_recon,-0.8388134121162817,0.8590386597218617,-1.322350477933864,0.16803723573684692,0.73199063539505
A_recon,-1.7141081346841935,-1.4630579096242307,1.4438541183205869,0.07501114904880524,0.3102080523967743
A_recon,1.9605822401169584,-0.41196020780501785,1.2255367725217101,0.8712014555931091,0.2726573348045349
A_recon,1.8083102341543322,-0.4563639772322988,1.92285023451671,0.8683831691741943,0.27768298983573914
A_recon,0.05247703705204739,-1.1788807768538696,1.4215434520576267,0.46082133054733276,0.2497127801179886
A_recon,0.579776024608585,-0.6863482561913135,1.4972381602177585,0.688376247882843,0.32163894176483154
A_recon,1.8854455589703525,-0.6686259020727201,0.4396824023625667,0.8626496195793152,0.23268437385559082
A_recon,-0.27769941866443204,-0.931998621486338,0.49538620126964134,0.3907233774662018,0.3256990611553192
A_recon,0.6968545545211196,-0.34894326960360206,-0.8790840058294263,0.7118103504180908,0.38425493240356445
A_recon,0.7296778538251227,1.777294439287655,-1.4487005237240753,0.7547914385795593,0.8189603686332703
A_recon,-1.5291845988692931,-1.3124973635457269,0.9242030644549329,0.078074611723423,0.3319903016090393
A_recon,-1.6390635309693509,-1.0499221176145077,1.1328221853494045,0.13816207647323608,0.3870645761489868
A_recon,0.9253102375982487,-0.2136654129519741,-0.7543465139119137,0.7503299713134766,0.38465049862861633
A_recon,0.7540179755847041,0.3365682363161144,-1.0072117908187717,0.7056489586830139,0.5280707478523254
A_recon,-1.1686173979175303,0.6232450464423291,0.2199598603587151,0.18526747822761536,0.6976243257522583
A_recon,1.5127074930186806,0.7865328534317312,0.3912905926417183,0.8267319202423096,0.5551983714103699
A_recon,1.2185523478713876,1.1228888836381539,-0.673214456267899,0.8009011745452881,0.6474270224571228
A_recon,-0.5843472447404405,-0.8888645952392997,-0.8740836554844748,0.3327435255050659,0.3451896011829376
A_recon,-0.4455931955226891,-0.1750879478205643,1.1100791315377936,0.34028199315071106,0.49715444445610046
A_recon,-1.5133620121551543,-0.8258971680328323,0.9147957504702849,0.11057199537754059,0.41674089431762695
A_recon,-0.049520433132972975,1.3466764655903012,-1.141829630748148,0.44548314809799194,0.7813027501106262
A_recon,-1.519606657189282,-0.28699132412177275,0.5021856613839728,0.10976126044988632,0.5402804613113403
A_recon,-0.050080615295496,0.9675005165983442,-0.44910504212796626,0.543407142162323,0.7053901553153992
A_recon,0.2493370380374215,-0.5207443685832234,0.2060939465326777,0.6245833039283752,0.36477553844451904
A_recon,0.11138296905692578,0.051864951172577695,-0.5934141834241999,0.5819411277770996,0.49596282839775085
A_recon,-1.5044849135236393,-0.378324653167791,1.3935000982193564,0.07164854556322098,0.5286297798156738
A_recon,0.22083393513729835,-1.4190073911713705,0.9417199084584126,0.6216704249382019,0.18055787682533264
A_recon,1.0305179960746889,0.14738245836805255,0.22501088041015715,0.7522149085998535,0.4638179540634155
A_recon,-1.014573195353493,0.7362120758727997,-0.5132043500341734,0.1418532133102417,0.7278506755828857
A_recon,0.05762985159824298,-1.6130281499062005,1.6150018363238994,0.5950767993927002,0.16891074180603027
A_recon,1.5009258277015491,-0.15772789121847464,-0.3638354468489328,0.8190554976463318,0.36036792397499084
A_recon,-1.3422597557389586,-0.2577388914657942,0.385778503236668,0.19361944496631622,0.5304957032203674
A_recon,1.523213316045825,-1.2565828816544085,0.8964321648322315,0.9134148955345154,0.13030613958835602
A_recon,1.2292663844132354,-0.30148158129153346,0.8218565572458278,0.9719140529632568,0.35497331619262695
A_recon,0.5976660039699965,1.2744134024208116,-0.5978343728948324,0.7116445302963257,0.7279355525970459
A_recon,1.8824285186703844,-0.8928452455545597,1.7077389181010931,0.8720357418060303,0.17839261889457703
A_recon,-0.9077946218000519,-0.10901021585176969,0.5784074771302612,0.2717827260494232,0.5292154550552368
A_recon,0.3700616649985624,-0.18159545771092991,-1.2233965917770138,0.6649683713912964,0.43818366527557373
A_recon,0.6632654558827316,1.935727706394298,-0.7218802459836301,0.9261442422866821,0.8736094236373901
A_recon,-1.0913449491807439,0.8823308324556433,-0.8077789984213103,0.044729020446538925,0.7635605335235596
A_recon,1.6292770441268885,-0.6542573283992649,0.591441141802646,0.8208245635032654,0.24985748529434204
A_recon,-1.3774941468092037,-1.4938353594720504,0.6679509751043049,0.23692317306995392,0.27400365471839905
A_recon,1.0813359325028564,1.2685200038265947,-0.5568931900598687,0.8011131286621094,0.6846552491188049
A_recon,0.3319315802546468,-1.5709934819382472,1.276963559280317,0.6424195170402527,0.1538011133670807
A_recon,1.1627374211979506,1.5767908983451286,-0.4659550534216725,0.8015446066856384,0.7420947551727295
A_recon,-0.029711653106412668,1.543832272791241,-0.9700390427228521,0.4009949862957001,0.8225361704826355
A_recon,0.043079581138082634,1.6259861317851598,-0.8191227663923235,0.45021605491638184,0.8417526483535767
A_recon,1.1521187014605163,1.3473867362623533,0.274688697336861,0.9242973327636719,0.693291187286377
A_recon,-1.4438009109413856,-0.6542256760238322,0.7107642600755502,0.07123369723558426,0.4650806784629822
A_recon,-0.6821903104072824,1.0290236209521266,-1.8451660024185368,0.15620072185993195,0.7608635425567627
A_recon,1.1326677947861643,0.8880305881164836,-0.819161861594749,0.9728323817253113,0.6175526976585388
A_recon,1.6467290458289454,0.24731780678176257,-0.00040940164176577425,0.9132512807846069,0.44133955240249634
A_recon,-1.7280644474786098,-1.5043028048386067,1.958357003378266,0.1468680500984192,0.3062892556190491
A_recon,1.499913984624413,-1.1589781168536188,2.2236512380840057,0.9734592437744141,0.15296000242233276
A_recon,-0.902872925814561,-0.6598553797069844,-0.1784760497574156,0.265455424785614,0.420076847076416
A_recon,1.2862088427349094,0.6645656980182436,-0.8545734485963361,0.8921068906784058,0.5503377914428711
A_recon,1.5318778601734995,0.8638072177123951,1.1975392781927954,0.9047752022743225,0.573725163936615
A_recon,-1.3184931420539991,-0.030093119403133556,1.2568386922876271,0.023745793849229813,0.5974583625793457
A_recon,-1.4519486888242832,-1.0905199041262628,1.2982564086581492,0.009711635299026966,0.382697731256485
A_recon,-0.5011771480286565,0.9121936086973315,-0.4417140056506428,0.3269948661327362,0.7188946008682251
A_recon,1.0027253849104794,1.7641063965249242,-0.7326263549016095,0.9311784505844116,0.8003690242767334
A_recon,1.1815812531267622,0.27865290991363595,-0.5698784361184892,0.7913436889648438,0.4719284474849701
A_recon,-0.18093928121801295,1.4076485667174428,-0.7508058718422431,0.3868509829044342,0.8096731305122375
A_recon,1.4105113311106094,0.48429967878358166,0.4686595857524437,0.8580108284950256,0.5050477385520935
A_recon,-0.6947518767288448,1.1102910329202924,-0.39994239097140405,0.30756184458732605,0.7705082893371582
A_recon,-0.3254117034854205,1.3645056794482746,-0.9126388953446355,0.347417414188385,0.7987903356552124
A_recon,-1.0752306085907555,-0.30887510047418465,-0.4356973257450247,0.19047832489013672,0.4967505931854248
A_recon,1.5725091100490327,-0.326794289677568,0.9606528351451196,0.9595510959625244,0.3200191259384155
A_recon,1.2560196445649188,-0.6784850448526838,-0.23246596348811233,0.8036306500434875,0.26665347814559937
A_recon,-0.1198045137232595,-0.593442710711837,-0.5333630411948811,0.4624248147010803,0.3863101601600647
A_recon,-0.9333952128600421,-0.533927111463907,-0.3640762325407279,0.26427656412124634,0.44703400135040283
A_recon,1.0403083561460977,1.3588916847341954,-0.18618315012838382,0.9659795761108398,0.7170132994651794
A_recon,-0.2137098847458373,-0.8408029697169302,0.8556777889364612,0.39681997895240784,0.3355597257614136
A_recon,-0.9467866557256317,0.12347752115492457,0.22256094534710186,0.21070556342601776,0.5853610038757324
A_recon,-0.0619677351619237,0.3601446746961326,-0.7548256584828851,0.42465639114379883,0.5830501914024353
A_recon,0.5789890510236294,-0.481364531809926,0.012852458669001894,0.7191216945648193,0.35811907052993774
A_recon,0.6958838219139236,1.807749608302102,-2.0730543121624,0.7706847786903381,0.8251228332519531
A_recon,-1.2179591670416412,-0.023304727650057654,-0.13129205027870017,0.1089855507016182,0.5837938189506531
A_recon,1.2527560868476635,0.8964796187371185,-0.8730589358548548,0.9459307789802551,0.6060248017311096
A_recon,0.5653718437861532,0.12391160562975273,0.8905220585523268,0.6745707392692566,0.4990597367286682
A_recon,-1.1923228302385254,0.4604507267269698,-0.2009530394223059,0.06249576061964035,0.6874233484268188
A_recon,1.64828716761672,0.20766170140446005,-0.12717287389575133,0.8374364376068115,0.4212958514690399
A_recon,0.6728950663167805,2.1320353795924807,-1.5738149722931853,0.9719037413597107,0.9047972559928894
A_recon,1.639499575454643,-0.6893405967841509,0.35323394626953125,0.8377476334571838,0.2450842559337616
A_recon,-1.4078523732058004,-1.1110040378227726,0.5184861767121072,0.0097848791629076,0.36784517765045166
A_recon,0.10632287296863238,0.49591771047463556,0.5429696541135817,0.47308892011642456,0.5932886600494385
A_recon,0.2194248895308226,-1.291934510879604,0.7022260329971494,0.5891737937927246,0.21773013472557068
A_recon,1.6461665218796981,0.535477427595462,0.2710691583129878,0.8879987001419067,0.5015664100646973
A_recon,0.09116165817588179,0.36067055373584184,-0.38814155199609557,0.5027604699134827,0.5696538090705872
A_recon,-1.6792772451713764,-1.368624696049578,1.0237047491935143,0.07732381671667099,0.32753902673721313
A_recon,1.560921936099137,0.37469461149805383,0.8548105525339168,0.9335255026817322,0.4770790934562683
A_recon,1.254029780665471,1.0331255354762408,-0.8524666227243453,0.95173579454422,0.6305288076400757
A_recon,0.005739084882968953,-0.9928573980321578,0.7591773044171932,0.4861622154712677,0.29941946268081665
A_recon,-1.464702754391162,-1.574368532384555,1.6426949314965196,0.053442735224962234,0.2790564000606537
A_recon,0.9112745142449149,-0.13815259993183338,-1.050125735738554,0.8388906717300415,0.41791069507598877
A_recon,0.7663442260147915,0.680838435529445,-1.2623848866703051,0.741672694683075,0.5930054187774658
A_recon,0.6669655076004611,1.1986634732287424,-0.8215449430037846,0.9712340831756592,0.7210550308227539
A_recon,-1.2844501009300562,-1.8090719366032548,0.8290737645029553,0.007313694339245558,0.2194267064332962
A_recon,-0.13212950140098323,-0.2015753482408495,-1.2602770158015195,0.43549445271492004,0.48741471767425537
A_recon,-0.8684416352029137,-0.7194062992855701,0.5073914969483819,0.2838023900985718,0.40253710746765137
A_recon,-1.962070419543875,-1.6888680656518449,1.4330461742081009,0.10770509392023087,0.272804856300354
A_recon,1.04412584213138,-0.509635813381271,0.16386499167857416,0.7351346015930176,0.3158002197742462
A_recon,-0.4259452486756683,1.1815565190461996,-0.20050798260108715,0.3412149250507355,0.7824870944023132
A_recon,-1.4063951812626536,-0.7681442410460176,0.7106319552488,0.038969140499830246,0.4339250326156616
A_recon,-1.0169619181826186,0.5479262594329875,-1.1162836836350762,0.1336268037557602,0.6801353096961975
A_recon,0.8043782119257881,1.7088981411713888,-1.8674351280211463,0.806000292301178,0.8034098148345947
A_recon,0.21004387364487098,-0.6641776711906427,0.1976830521851429,0.6058710217475891,0.3446209728717804
A_recon,-1.2772253064051715,-1.3196313611541493,0.29369538817979224,0.2150506228208542,0.3116089999675751
A_recon,0.33183507303159626,1.7941242855082193,-1.7821124095900347,0.6960422396659851,0.8423120975494385
A_recon,-1.6731232454276803,-0.9604224593366805,0.706057920818453,0.13040480017662048,0.41007259488105774
A_recon,0.4831653970475558,1.1141159491497303,-0.4419364871445363,0.6731877326965332,0.688173234462738
A_recon,0.18093210852039604,1.5033470108244926,-1.8936715261201529,0.6550402641296387,0.7981117963790894
A_recon,-0.9082308596748154,0.610819264395426,-0.8394836514672832,0.005525731481611729,0.6932423114776611
A_recon,0.06424762438908356,1.1073588848223312,-0.2602467633260317,0.5115154981613159,0.7166352272033691
A_recon,0.4060718343281263,1.7087380167194484,-1.3696013239458018,0.726315438747406,0.8237445950508118
A_recon,0.8682212419959369,0.9362367095041846,-1.5004876806231788,0.7585337162017822,0.6244853138923645
A_recon,0.7059652094669332,0.19697498389134818,0.6236065098645283,0.7057083249092102,0.4903870224952698
A_recon,0.7018298132716178,1.7415747498250855,-2.207271455746646,0.88504558801651,0.8158244490623474
A_recon,0.7475006446722855,1.2112225121176594,-1.7289384103964405,0.7562078237533569,0.6987394094467163
A_recon,1.2483339443414803,0.5880481964723672,-0.028263275623367275,0.921989917755127,0.5499576926231384
A_recon,-0.24280741437857584,0.4626388043217071,-1.6319251179028107,0.414806991815567,0.621489942073822
A_recon,-1.6760450702178364,-1.8147864572851373,1.919910552373535,0.03416098654270172,0.23677068948745728
A_recon,-1.35171384156932,-0.6428861449360846,0.45962805351492664,0.1810034215450287,0.458916038274765
A_recon,-0.9526474380829817,-0.8496816392019679,0.3892582990962641,0.2877822816371918,0.38634192943573
A_recon,-1.0649200516054935,0.36013264583842103,-0.4528700547740564,0.04179161414504051,0.6531255841255188
A_recon,-0.8801190835623753,-0.017476802273005222,-1.3964136379971788,0.10815954208374023,0.5527516007423401
A_recon,-0.03133744737369652,-0.12337506588716965,-1.0598538530569008,0.5187790989875793,0.4821339547634125
A_recon,-0.9822923496255851,0.26247338648197255,0.9748707901197946,0.2524893879890442,0.6195229291915894
A_recon,-0.9840959057168474,-0.8035686299981909,1.1174032004897476,0.28553512692451477,0.396150141954422
A_recon,0.915904916264616,0.744059588315175,-0.30893272650728115,0.7414695024490356,0.5941993594169617
A_recon,1.443227579741659,-0.6844058218454027,-0.20262632272195338,0.8546796441078186,0.24697154760360718
A_recon,1.4964535549225273,-0.45174647546698243,0.1567321821107412,0.8620398044586182,0.3057330548763275
A_recon,-0.3092869551679885,0.13660196501080135,-0.5037523974495696,0.37062159180641174,0.5488685369491577
A_recon,0.7628330707954153,-0.1536007121527825,0.3567655229716172,0.7096300721168518,0.4120039939880371
A_recon,1.5837950204304452,0.6461632803742751,-0.46092675763810603,0.8523046374320984,0.5309401750564575
A_recon,-1.1551454514922366,0.3275271422328181,-0.09042900618661201,0.15095753967761993,0.6427971124649048
A_recon,-1.2153042816656838,0.316457779765093,0.3599196876114472,0.20055367052555084,0.6463508605957031
A_recon,0.4769583274006833,1.0934970434005373,-0.6313110960757791,0.6479603052139282,0.6994537115097046
A_recon,-0.5280783909240571,1.4966496775050555,-1.7991408574288261,0.2655503451824188,0.8504022359848022
A_recon,-1.327736378311766,-0.9978031840507345,0.6249693707313094,0.19267715513706207,0.37872523069381714
A_recon,-0.34964835612050277,-1.4110330416851549,0.482505806183802,0.36752021312713623,0.23442794382572174
A_recon,-0.9648814658143985,1.0611241299297642,0.059781333924781084,0.01598324626684189,0.8039684891700745
A_recon,0.03820354885267874,0.7988226456903351,-0.487453708325414,0.43831926584243774,0.6760542392730713
A_recon,-1.5231655555565828,-0.528375894334152,0.5094756200088328,0.04726994037628174,0.49165722727775574
A_recon,-0.811721157722774,1.06804147068203,-1.3737170666293854,0.24471025168895721,0.7754029035568237
A_recon,-1.3204338002274703,-0.8538037005472111,0.9291877181911797,0.21754220128059387,0.40836507081985474
A_recon,-0.5555479864570343,0.21129506721432795,-0.29498072985020646,0.3294452428817749,0.5877273082733154
A_recon,-1.0786630867175375,0.4018715483719931,-0.5022082775609155,0.125389963388443,0.6586239337921143
A_recon,0.012896842342213156,0.7398931178790034,-0.7467646304099096,0.47119641304016113,0.6624104976654053
A_recon,0.6345109916636688,-1.4625023328308264,0.9005438551627845,0.6878566145896912,0.15497519075870514
A_recon,-0.6216165869826161,-1.3875767260072018,0.23779445028527094,0.3389289379119873,0.25712794065475464
A_recon,1.2041861498188842,1.1488766395392742,-1.022737105469443,0.9271932244300842,0.6605112552642822
A_recon,1.1406970778295478,1.034959287548564,-0.056623352276346614,0.8597669005393982,0.6406567692756653
A_recon,-0.8491068565886499,-0.6982162293136855,0.9901839747129675,0.30601513385772705,0.4093759059906006
A_recon,-1.4416809092531186,-0.5537071057923616,1.2215406190462272,0.038900405168533325,0.4792279899120331
A_recon,1.0922680434481373,-0.14554049031642113,-0.5596173439751664,0.7681916952133179,0.38991835713386536
A_recon,-1.225515013645671,-0.37055574451047835,1.2339291313167824,0.24001231789588928,0.5014642477035522
A_recon,-0.5919862799936699,-0.44269338198643815,0.3559086297816297,0.3321610391139984,0.45536333322525024
A_recon,0.20449904878666336,1.0788656145537545,-0.8952846915735209,0.5793352127075195,0.7109177708625793
A_recon,0.9308068760342484,1.2085837162254183,0.010486415907767653,0.9988796710968018,0.6949962377548218
A_recon,-0.7622356069553214,-1.3712354469052788,0.2600607848294652,0.2996775805950165,0.270559698343277
A_recon,0.1374753712702869,0.5519471428464998,-0.133083066445163,0.4685229957103729,0.594787061214447
A_recon,0.38399881902790556,0.20062883120499908,-0.3949407788407658,0.6274508833885193,0.5205276608467102
A_recon,0.5945665741413041,0.376626438151997,-0.28175906232261977,0.6833723783493042,0.5386093258857727
A_recon,-0.5863374671736191,0.9567377326514452,-1.9490461462145445,0.2121661901473999,0.7442367672920227
A_recon,0.13931968977407347,0.7852199506617369,-0.4948197455636372,0.595321774482727,0.6629748344421387
A_recon,0.10561317586116561,1.2478872553256848,-0.19891828621554494,0.5441064238548279,0.762609601020813
A_recon,0.5041694622351263,-0.2223315110321549,0.5439133027266709,0.6585798859596252,0.4254615902900696
A_recon,-1.597615656121595,-1.6500347323993005,1.0650405487127919,0.11499697715044022,0.25460952520370483
A_recon,-1.6852605460963361,-1.6701485270181589,1.093955601179974,0.12629450857639313,0.2552168369293213
A_recon,1.0211642036027042,1.3737026339457237,-1.0835433451607077,0.9755274653434753,0.7100191116333008
A_recon,1.1997298898348456,0.3242467338759107,0.23542121922031703,0.8213015794754028,0.4935806393623352
A_recon,1.4532718478716704,1.1619800479098443,-0.7609130123470199,0.8275573253631592,0.6236290335655212
A_recon,1.0190451618552034,1.228790070649726,0.0030069306665576638,0.9341043829917908,0.6925411224365234
A_recon,1.4261223518566406,-0.501706140884441,0.5203469921660948,0.9606477618217468,0.29770153760910034
A_recon,-0.18831300060342726,-1.6246609680681747,1.3787950037583805,0.3934875428676605,0.17439495027065277
A_recon,1.1391040915531447,-0.46873108531380925,0.9421554736084369,0.7540671825408936,0.3277670741081238
A_recon,0.2243622313927376,1.2224102356119508,-0.16207342263016866,0.6416200995445251,0.7425723671913147
A_recon,0.09087888481158642,-0.0727244661002975,-0.03321842162050993,0.55985027551651,0.4685983657836914
A_recon,0.17976637595988051,1.931977195129873,-2.509507209952232,0.6793484091758728,0.8961556553840637
A_recon,-0.6492887305424665,-1.0435351686410226,0.8796433431582353,0.31943345069885254,0.35342419147491455
A_recon,1.4060531985202191,1.3650727062572332,-0.09025817254648773,0.8621787428855896,0.6890080571174622
A_recon,-0.24442478625118622,0.3498618626607645,-0.14501888361352738,0.4070223271846771,0.5929194688796997
A_recon,-1.8073001652838196,-1.6195012585452466,1.6137650044435639,0.14817868173122406,0.28217968344688416
A_recon,-1.5295954266742142,-2.0094986726551696,2.3341052048039925,0.010980851016938686,0.19248363375663757
A_recon,0.28124843715445136,0.823306224587366,-1.27043923185641,0.6391893029212952,0.6531746983528137
A_recon,-1.2781749720846776,-0.6617401903784911,1.2089410641403142,0.23163169622421265,0.4503462612628937
A_recon,0.674975539029458,2.004276617293061,-1.798836482906855,0.9560655355453491,0.8675615191459656
A_recon,-0.9319531635464317,0.4269686902418122,-1.0517763931884963,0.19500446319580078,0.6412389874458313
A_recon,-0.7449617097972417,-0.8360881165926364,-0.24272647702597358,0.31617939472198486,0.3787410259246826
A_recon,0.8848107977076081,1.4948365404835486,-0.7099644419137616,0.9841316938400269,0.7645394802093506
A_recon,-0.05870235521034011,-1.3783603395588784,1.0640457784292054,0.5198546051979065,0.20765233039855957
A_recon,1.2240464523750623,0.7520522943534976,-1.200295537838901,0.9220246076583862,0.5780333280563354
A_recon,1.36292408059097,-0.154618228262367,0.45754566043968,0.7814376950263977,0.36680009961128235
A_recon,-1.7831223942846832,-1.6301369988927317,1.126674790634988,0.11896569281816483,0.275210440158844
A_recon,-1.3274596884212995,-0.8444569831670222,0.9012712277909244,0.21598343551158905,0.41372600197792053
A_recon,-0.13299151072568852,1.5240429784527756,-0.9173675973039453,0.38717755675315857,0.8195152282714844
A_recon,1.8465578174470099,-0.06663961710892959,0.7632082904009229,0.88095623254776,0.3624750077724457
A_recon,-0.27368675741580684,1.689027952854715,-2.038311278696147,0.3339882791042328,0.884425938129425
A_recon,0.08003488115342847,0.10559047091469463,-0.32840707406512637,0.46308204531669617,0.5072331428527832
A_recon,-0.2325416927080937,-0.43494914586220934,-1.0189426227333043,0.4807654917240143,0.41780951619148254
A_recon,-0.644659126125069,-1.426643566346869,-0.02890621781603043,0.3247552514076233,0.25335264205932617
A_recon,1.335507591364898,0.8720236111371555,-0.02148720967828685,0.7864852547645569,0.5842576622962952
A_recon,-1.684600348624849,-0.9045686040775289,1.3649645960556038,0.054826728999614716,0.4323979914188385
A_recon,-1.332283342875993,-1.9231434578537119,0.7787198637333549,0.22591015696525574,0.18440482020378113
A_recon,1.4030176833237122,-0.4364636227925989,0.3356083699153507,0.8250852227210999,0.3112557530403137
A_recon,0.15253734681017683,0.6750260920313209,-0.30176331247404065,0.6163417100906372,0.6274940371513367
A_recon,0.18868453042459543,-1.4120026489932573,1.786891548845381,0.5118248462677002,0.1975085735321045
A_recon,-0.3794408705010934,-1.695876050642611,1.2700277908370108,0.36950796842575073,0.17048509418964386
A_recon,-1.1975233522395057,0.16985983206498653,-0.6448263678808328,0.1301395744085312,0.609233021736145
A_recon,-0.060415436234948015,1.1213884650113417,-0.35893040359412076,0.45678430795669556,0.7339469194412231
A_recon,1.0568440849341634,0.7575758425715283,1.009144793114454,0.9870944619178772,0.5835793018341064
A_recon,0.1292643061973541,-0.16505971405668693,-1.3183120772753842,0.5950884819030762,0.46078306436538696
A_recon,0.0047497153471781775,-1.1322556040342895,-0.4960132220144773,0.5765793323516846,0.2613765001296997
A_recon,1.2558132355541072,-1.2940979794697876,1.0118537916197097,0.9901185631752014,0.14012064039707184
A_recon,1.92086630058142,-1.1951273684310724,2.306582994874873,0.8854033946990967,0.11749640107154846
A_recon,1.3841075400876912,-0.9046353469340386,1.5084043836250827,0.9991993308067322,0.2237226963043213
A_recon,0.9431153109341166,1.695447758850755,-0.4377156329969268,0.9536333680152893,0.7969402074813843
A_recon,0.45521632093876524,0.9932266477846925,-1.4775341901101255,0.6674968600273132,0.6759388446807861
A_recon,-0.5629290602933171,0.6534830564038316,-0.4276223485200935,0.3053121864795685,0.6646432876586914
A_recon,0.1991665452238886,0.8231755426147914,-0.9687178541215326,0.6281431913375854,0.647616446018219
A_recon,-0.5040125133222798,-0.26727231901194914,-0.10019426828620413,0.34820982813835144,0.484699547290802
A_recon,1.6593821823058827,-0.699716278454437,0.33674480430771553,0.8107695579528809,0.24772942066192627
A_recon,-1.4233646019591557,-0.1775519105669211,0.8382615589407767,0.13730046153068542,0.5555042028427124
A_recon,-0.2808249509915163,-0.41299993069999585,-0.8216390290369049,0.46254631876945496,0.434906929731369
A_recon,1.0571232065896072,0.903067442974799,-1.3067065970723992,0.8407760262489319,0.6111294627189636
A_recon,0.09791117217279101,0.46097622971794044,0.4854644322284676,0.4545120894908905,0.596632182598114
A_recon,0.3140169449392801,0.2371077903790807,0.001340881447527495,0.6010178327560425,0.5249104499816895
A_recon,-1.4026064048205842,-0.5920515579012544,0.011345977334671123,0.09828294068574905,0.4675210118293762
A_recon,-0.9234243250986056,-1.4540949852214577,1.8351799904058774,0.28510499000549316,0.259296178817749
A_recon,1.1926468468895781,1.329711633853668,0.16295635905162012,0.9544852375984192,0.690054178237915
A_recon,0.37847761182251066,0.23769607563865794,-1.273929387185245,0.6569395661354065,0.5212982892990112
A_recon,-0.37069050786801,-0.6939366468197755,0.3445664498368598,0.3649391829967499,0.39041221141815186
A_recon,0.06834410792971304,0.652088427244083,-1.13775211766681,0.5168811678886414,0.6409920454025269
A_recon,0.7847476504102393,1.1113116139771217,-0.48393522148787776,0.7748686075210571,0.6786471009254456
A_recon,1.1170210857652685,0.677213822089882,-1.0846542482304617,0.7874703407287598,0.558042585849762
A_recon,1.0575475666655825,1.795956378182038,-1.2463091590703628,0.8279679417610168,0.7940876483917236
A_recon,-0.8434429390315897,-0.8886845011479053,0.44228463447354777,0.28964269161224365,0.37783083319664
A_recon,-1.1451991196802356,-0.9257819580402741,-0.32937453217436896,0.2383059412240982,0.3782711625099182
A_recon,0.36305779035549396,0.3082509343405073,-0.01653494721894574,0.6385084986686707,0.5352214574813843
A_recon,0.20163087280406505,-0.684355438682506,0.46014947700448033,0.5272006392478943,0.3429460823535919
A_recon,0.18515129986371853,0.09703701917004005,0.0681493754380043,0.564886748790741,0.5002651810646057
A_recon,-0.5006187264222306,1.3520229183415602,-2.1887299685157293,0.21461491286754608,0.8215570449829102
A_recon,-0.5607502294595323,-0.25498237164016263,0.10227014909827173,0.3186241388320923,0.48026666045188904
A_recon,1.0746895327629178,0.14794716147137296,0.5873425549384612,0.7520532011985779,0.4603985548019409
A_recon,-0.2475087971652578,0.29019375062849373,0.7696481699285899,0.35832324624061584,0.5694313049316406
A_recon,0.8863315364396601,0.5228225788766345,-0.5425536573573588,0.757485568523407,0.5492364764213562
A_recon,-1.3432092191503489,-0.006492683078911449,0.6906847397835103,0.0466446615755558,0.5951958298683167
A_recon,1.1209825474430362,1.6779516106492984,-0.5226623390226449,0.950866162776947,0.7756227254867554
A_recon,-1.3249152143012672,-0.46867144319690096,0.1567744101733326,0.20807303488254547,0.48793745040893555
A_recon,-0.04146080725362016,0.6285039145137686,-0.9978811512506293,0.47820764780044556,0.6397750377655029
A_recon,1.7317997048340927,-1.221759957212425,1.7238756144004117,0.9208852648735046,0.12328072637319565
A_recon,-1.0673727089343283,-1.633545037534442,0.5374841355296454,0.2534796893596649,0.23207449913024902
A_recon,-0.7383963703794305,1.2400057065980126,-0.5913779719379872,0.2273842692375183,0.8118337988853455
A_recon,0.769480202698347,1.1386463042908535,-1.7399979313702925,0.9856407046318054,0.6953907012939453
A_recon,1.3657532840566722,1.0143369549171417,1.0054889006447052,0.9044301509857178,0.6152123808860779
A_recon,0.19401987587089242,0.8107835190537371,-0.3837717234078282,0.5322461724281311,0.6553407907485962
A_recon,-1.4648307540771857,-0.44419505886597543,0.9837050729281608,0.061021946370601654,0.5094767808914185
A_recon,0.2711783974025573,-0.2700890758939748,0.5995858948017609,0.6046687364578247,0.42931222915649414
A_recon,-0.663905962482972,0.5295685439241364,-0.6807871338718833,0.2515781819820404,0.6543169617652893
A_recon,-1.4546518326545803,-1.4461939346605703,1.4156362830082467,0.21401047706604004,0.29314911365509033
A_recon,1.0682022486411968,0.8479399144165491,0.3440154626357842,0.9321430325508118,0.6044009327888489
A_recon,0.299080789888107,0.9115696764115574,-0.5519539055504895,0.6194232702255249,0.6664019823074341
A_recon,-0.0737604934455653,-0.8258589008687895,0.5988541064139584,0.444039523601532,0.3403657078742981
A_recon,-1.555812705426006,-0.5692523171040381,0.5562843329103806,0.06265886127948761,0.4941609799861908
A_recon,-0.2908524472387017,1.608326370301319,-1.9661227054664416,0.37162140011787415,0.8515679240226746
A_recon,1.6622373861524604,0.15069804618869176,0.33692564303515005,0.863983154296875,0.42170149087905884
A_recon,-0.5881597319018467,0.4934456305372351,-0.4611417007418134,0.3026762902736664,0.6444538831710815
A_recon,-0.6284743377122203,-1.1410890827933184,-0.2986512229984421,0.32279425859451294,0.3100754916667938
A_recon,0.24329109724416553,-0.18371545084105573,-0.6640261707159292,0.6068560481071472,0.44906237721443176
A_recon,-0.9505294847911351,-0.37065851235004005,-0.6409832176486416,0.25214067101478577,0.4832148551940918
A_recon,0.11539375864623967,-0.44584821270995056,0.41841458636708173,0.5569347739219666,0.39785102009773254
A_recon,0.8940358550071474,0.20010232465101674,-1.0626551790571312,0.7686825394630432,0.48782020807266235
A_recon,-0.9324247103488625,-1.0706336115692079,-0.0831356460136915,0.28667378425598145,0.3342193365097046
A_recon,0.017880112778079566,-1.830652512314686,1.2067636779930093,0.47275087237358093,0.11596433818340302
A_recon,0.07052901325779325,-0.784256420676173,0.18572350528108478,0.5762673616409302,0.3316301703453064
A_recon,-0.361186782824637,0.21456391367037586,0.024115925767499463,0.3633313775062561,0.5688168406486511
A_recon,-0.8704897716160607,0.580896889754685,-0.5560647852001052,0.22361837327480316,0.6757638454437256
A_recon,-1.6656357310694263,-1.1257570002804176,1.6394721651020125,0.11440186947584152,0.3756468594074249
A_recon,0.07779033575762356,0.21292104028800846,-0.9006819105941304,0.565483808517456,0.5390901565551758
A_recon,1.6755465435502441,0.15586400146373974,1.505832210214654,0.9374291896820068,0.42245379090309143
A_recon,-1.3163051849421505,-1.0445924803475761,0.6305947586166278,0.01876620203256607,0.37868210673332214
A_recon,1.8738245062914747,0.24182422086177754,0.908295220013513,0.865663468837738,0.4210693836212158
A_recon,1.5151156771369325,0.3105423946873935,0.15424326221384127,0.9624730944633484,0.46878281235694885
B_task,0.21996114870823189,1.4213906748434912,-1.2090186889338919,0.5118216276168823,0.8106484413146973
B_task,1.818076059359345,-0.7009519961115542,-0.19095573826530748,0.9504637122154236,0.48836907744407654
B_task,-1.2262766303177481,0.026960826477548515,-0.45935781823630933,0.14415961503982544,0.4231274127960205
B_task,1.4143706828675653,0.30277858713772404,-1.2316414704486776,0.9486494660377502,0.6500909328460693
B_task,-0.6727700039069937,-0.5701874769915609,1.2808919442514728,0.31183144450187683,0.3378642797470093
B_task,-0.33859706739693185,-0.3291428190345256,0.6702833840881776,0.4233264625072479,0.4525682032108307
B_task,1.163950882265351,0.6539161123532713,-1.2621211138975699,0.8277025818824768,0.6967827081680298
B_task,-0.27980463221061386,-0.597176657939258,0.45718283218545847,0.40919914841651917,0.3129856288433075
B_task,0.06750474862678864,-0.7451885416873294,0.4395937515909611,0.5495936870574951,0.360800564289093
B_task,-1.642710006306049,0.07251921447557493,-0.022271860031121894,0.02755911275744438,0.4838915765285492
B_task,0.9271411318001218,-0.582694975603355,-0.8782968033926187,0.7535130977630615,0.40939265489578247
B_task,0.20377241587292277,-1.2134644006865487,1.0609373844791907,0.5381433367729187,0.27188780903816223
B_task,-0.5765263967517732,1.3963506968023727,-1.125565389148746,0.32973170280456543,0.7966046333312988
B_task,0.9708493774656379,-0.21012980179165416,0.09651485673138134,0.7884287238121033,0.5022666454315186
B_task,-0.6714657057572114,0.9969770552160709,-1.4489256953445486,0.3031948208808899,0.6213483810424805
B_task,-0.30492590239352657,1.4148371250609573,-0.7880057178607662,0.45349788665771484,0.7743644118309021
B_task,-1.4513215016835497,0.30405782824774064,-0.29105219783278835,0.1340416967868805,0.43567001819610596
B_task,-0.3840140718999789,1.8164687126232608,-1.4685835597673789,0.4031129777431488,0.8204679489135742
B_task,-1.028497239961967,1.6284662415626332,-1.255529632865568,0.20345523953437805,0.7357004880905151
B_task,-0.8746901711351285,-0.6663321683278237,0.8570489280735535,0.2623133361339569,0.27472439408302307
B_task,0.699059153704482,-0.2514408905440223,-0.10300436380534038,0.7503646612167358,0.48002371191978455
B_task,-0.8249510198057662,0.782512712146543,-0.04886830251323962,0.2804087698459625,0.5828237533569336
B_task,-0.028177218282427505,-2.286111284525728,2.714036894472996,0.4851909875869751,0.061048708856105804
B_task,1.7617262588628078,-1.0615935211049,0.5297104363188833,0.9807372093200684,0.4449562430381775
B_task,1.8694523862719297,-1.823148036684908,0.9312530017953898,0.9616571664810181,0.29128557443618774
B_task,0.6886631637805347,0.3435152760341056,-0.22258887776123668,0.7247899174690247,0.6285773515701294
B_task,0.24340164652795535,-0.5307656229429533,0.04754432315233588,0.541226863861084,0.35060542821884155
B_task,-0.8083454556282371,1.3644997106825476,-1.388134999374111,0.27689120173454285,0.674125075340271
B_task,-1.2256710362560617,1.4531584214474143,-0.6720135377719209,0.1606520116329193,0.7166146039962769
B_task,1.45981585617725,-0.10448003789745425,-0.7204233872541991,0.9699254035949707,0.6159759759902954
B_task,0.00845397499480505,-0.4174806703420996,0.5367433225004934,0.5160685777664185,0.4640398919582367
B_task,-1.4258676152064123,0.8092606073546376,0.29502069212064824,0.11586561053991318,0.5671048760414124
B_task,0.4320631913550236,-0.2731065014680971,-0.37178788461127626,0.6234897375106812,0.4728398025035858
B_task,1.0551055390575876,0.8347363949709314,-1.8383907324449962,0.7766830921173096,0.7359158992767334
B_task,0.38547015852200667,-0.5355928401759055,1.2642855091659781,0.6130033135414124,0.4343504309654236
B_task,1.554864345405635,-0.3772201453492614,-0.33982888502898695,0.9172977209091187,0.5513756275177002
B_task,-1.5382973450708477,0.8752088897883896,-0.9511999909864045,0.03959287703037262,0.6205679178237915
B_task,0.142915814081798,2.2734010890542837,-2.418879989679013,0.5285892486572266,0.9213970303535461
B_task,-0.34636743232543876,0.6243355897362595,0.256643510420263,0.45933589339256287,0.6056982278823853
B_task,-1.3452189411026478,0.5183962870450192,-1.2109085235561274,0.062349580228328705,0.5462784171104431
B_task,0.3599834458309067,-1.3182511219648734,1.2916243023676879,0.6413281559944153,0.2835615277290344
B_task,1.1240255434258104,-1.4405604744180314,0.8105278029349939,0.8526328206062317,0.2926396429538727
B_task,0.16833755831676792,1.5050950095900395,-0.9985320861976299,0.5929410457611084,0.8287848234176636
B_task,-0.9609268313386647,0.026343064285065516,-0.21399369369778917,0.2600974440574646,0.472838819026947
B_task,1.3445241113098947,-0.15609873186543236,-0.9424262360573991,0.8398815393447876,0.5268955826759338
B_task,0.09448338299890835,-0.19278940805485956,-0.17568670324292504,0.5094958543777466,0.39419472217559814
B_task,-0.02969865041961195,1.1412748449237688,-0.9299663651518735,0.5108888745307922,0.7357016205787659
B_task,0.7307622375416624,0.17747169547319872,0.05458633785874066,0.7530301809310913,0.5556188225746155
B_task,-1.2489155488118318,0.5060560555707511,-0.39674802071661114,0.14792203903198242,0.4838877022266388
B_task,0.9883560556858946,-0.8323269462072233,0.08074330704262768,0.8196267485618591,0.42132171988487244
B_task,0.537597485704679,-1.632521559327125,1.4560493469690878,0.6832869052886963,0.18848145008087158
B_task,0.9017045194302904,-0.400530438709177,-0.0009135635023202141,0.7870969176292419,0.4315235912799835
B_task,-1.1207050773838663,1.2900554328236629,-0.21953616187695105,0.1916162520647049,0.6729682087898254
B_task,1.0188394799959724,-0.40323408553612283,0.732783141218316,0.8023641705513,0.4800049066543579
B_task,-1.157281598553841,1.4319616737584577,-1.2426397514246048,0.191323921084404,0.7152619957923889
B_task,-1.5500931731504446,-1.008301609415312,1.3704513984233504,0.08155261725187302,0.22803930938243866
B_task,1.2972264044374844,1.153533501176858,-1.9013987260017542,0.855226993560791,0.8363189101219177
B_task,1.3307202775227047,-2.1091657658512313,1.7218861864313653,0.8612834811210632,0.08773241192102432
B_task,1.5695475579132714,0.24271615472100586,-1.201886689745712,0.8765370845794678,0.6271981596946716
B_task,-0.20861501586363337,1.8970506457999694,-1.3526429668154496,0.4719097316265106,0.8872122764587402
B_task,-0.8866096299977325,1.7386788220547698,-1.0779445519874196,0.274048388004303,0.8031964302062988
B_task,-1.5821281624965307,1.1942974685540488,0.10636403209570101,0.0070918286219239235,0.6213805675506592
B_task,0.46932975407250405,-0.9502701537798987,0.86052094033666,0.645720899105072,0.3278900980949402
B_task,0.781269916945064,-0.24229506625158978,-0.7611436307246764,0.7199093699455261,0.5211317539215088
B_task,1.2111142254493878,1.0541359868102669,-1.7251975305507194,0.8355692028999329,0.8287965655326843
B_task,-0.7377869507889542,-1.2338996349134157,1.0337792164787398,0.2818778157234192,0.20269370079040527
B_task,-1.0577517317999312,1.9745878545915725,-0.9922643871143111,0.2152181714773178,0.8044399619102478
B_task,0.5179021178007422,-1.7884136620058178,1.1663709086421155,0.6393314003944397,0.16294103860855103
B_task,0.8015215765945788,-0.26844980569528804,0.3862922976325491,0.8050548434257507,0.46718698740005493
B_task,1.2770321255751487,0.7054113952906053,-0.9307568993824848,0.9636708498001099,0.8021585941314697
B_task,-1.1836152348311344,1.0731646430990227,-0.08193414427227004,0.1505248248577118,0.6085343956947327
B_task,-0.17053659044275096,-1.4387706330903958,1.00385103039442,0.4822123944759369,0.21474340558052063
B_task,1.481602945813548,-1.130714187260403,0.569262538567041,0.8947158455848694,0.35549071431159973
B_task,-0.32118510913696185,-0.27589419891518896,0.657411689235887,0.4227169156074524,0.40565404295921326
B_task,0.12732720432198058,-0.8790992714348447,1.1597625900314124,0.5895020365715027,0.37588009238243103
B_task,-1.3499380086588013,1.2317485655827876,-1.7061182065769473,0.024490676820278168,0.715915322303772
B_task,0.5530737353693851,1.7555588759398835,-1.768051589887439,0.6734598875045776,0.861656129360199
B_task,1.6331031293147549,-0.6955116375543406,0.36415851192811166,0.91908860206604,0.49032360315322876
B_task,1.036523432647719,-0.39035036413356206,-0.6881341449092452,0.8268253207206726,0.43476060032844543
B_task,1.3883183617442099,0.7337933784891683,-1.2064728278247947,0.8855202794075012,0.7274868488311768
B_task,0.5116222173750584,1.2617981625344954,-1.3209396185219584,0.6603553891181946,0.7499695420265198
B_task,-0.9432978757628836,1.3077701055910906,-0.219393011866205,0.24555227160453796,0.7090831995010376
B_task,0.7999168961474102,-1.5502308567686558,1.3342549943739919,0.768517017364502,0.18788184225559235
B_task,-1.0455700831300963,0.9855379527780594,0.49098693024449835,0.2116747498512268,0.5545973181724548
B_task,1.3158790065846542,0.6070548064648117,-1.0600123797735541,0.8312748074531555,0.6964728832244873
B_task,-1.5992741453020731,1.0966694381637754,-1.274675055670113,0.06271792203187943,0.644560694694519
B_task,0.9034310217836818,-0.7497752840775298,-0.25027770514816994,0.8254877924919128,0.3759467899799347
B_task,-1.0104768443116614,0.09385714928188967,0.8456663181052189,0.16450726985931396,0.38897064328193665
B_task,-0.39104927311742693,0.5820622509275302,-0.055653235322011115,0.3751469850540161,0.544818639755249
B_task,-0.6829550405125407,0.4302214406202817,0.26413105187684394,0.31673815846443176,0.5133705139160156
B_task,0.5173010850639703,-1.0951869402219019,1.6281003122398277,0.6913370490074158,0.3082091808319092
B_task,-1.0101243553651453,-0.5576341723286905,1.2386110961437942,0.178571879863739,0.25442856550216675
B_task,-0.4655233197980237,-0.698901539874147,1.0331511920958603,0.39625614881515503,0.3420940935611725
B_task,-1.7319700024516531,-0.04927257600538227,-0.08384679034713871,0.005824595224112272,0.43022164702415466
B_task,-0.9185918289263413,-0.9901249722289577,1.0097678364237745,0.2624947130680084,0.2623886168003082
B_task,-0.3098169271270925,-0.9710582271828839,1.6000169113039264,0.4211888015270233,0.27819156646728516
B_task,-1.3691510495127979,1.5970609177158082,-1.6133389744879103,0.10592123866081238,0.752862274646759
B_task,0.4791450621655803,0.7014191889361359,-1.52048350985494,0.6331599354743958,0.6671489477157593
B_task,-0.4213848372854854,0.010687592510305448,0.3069207525005707,0.38042426109313965,0.45531144738197327
B_task,0.8814229967239912,0.37295401955114077,-0.2675353967442206,0.7252939343452454,0.6506998538970947
B_task,0.4957314420837001,0.7744642937856381,-0.9496855896417776,0.6538659930229187,0.7133591175079346
B_task,-0.2103496341825061,1.43828603975855,-1.3750398449364987,0.4312267601490021,0.80186527967453
B_task,1.4951533088067672,-1.0565779876713273,0.6920950612318594,0.8673204779624939,0.40131598711013794
B_task,0.3143631304055575,-1.5684553053566703,1.8770361622607818,0.6321350932121277,0.26476630568504333
B_task,0.9555699503482493,-0.21492568891117803,-0.3581521230223692,0.8102743625640869,0.561813473701477
B_task,-0.4802680581357595,1.8510026426503376,-1.8049457564744904,0.3417947292327881,0.8374137878417969
B_task,0.26051023545552765,0.14628848631979668,-0.010233605696148108,0.5436692833900452,0.5407447814941406
B_task,-0.9519595213804263,-0.3490008507241128,0.8071404104017473,0.19629688560962677,0.3561883568763733
B_task,1.7204921081251818,-0.3834212830210491,-0.6200400971101315,0.9961411952972412,0.6029281616210938
B_task,-0.9088912017270501,-0.1645716593416514,0.7078892488196137,0.24321547150611877,0.41783449053764343
B_task,-0.8573109693880826,-0.6579733658867036,0.9959308101158036,0.2568674683570862,0.29669034481048584
B_task,-1.539873424244357,0.6977007809138153,0.30168652837162785,0.07319007068872452,0.5280289053916931
B_task,-0.8885186070944396,-1.0370108549034538,0.7000139899718973,0.2578031122684479,0.21949389576911926
B_task,0.9706846034525144,1.4925254231487393,-2.322029649507088,0.7631285190582275,0.8624882102012634
B_task,0.7037836464008275,0.7105912766147099,-0.392733443119888,0.6978935599327087,0.6975939869880676
B_task,-1.3074668240817682,-1.356847475717413,1.946956197418975,0.12867321074008942,0.11702831089496613
B_task,-0.4149252475667153,1.0929242680655091,-1.0145465263658349,0.37623849511146545,0.649124801158905
B_task,-0.34421278460903143,0.3811540595199531,0.2750142879326542,0.4209213852882385,0.5203774571418762
B_task,0.49532853618585654,-0.9978238318205489,0.03828745789154304,0.6649842262268066,0.2972661852836609
B_task,-0.021394337023654255,-1.123239314536044,0.7314143957571,0.4559289515018463,0.2459453046321869
B_task,0.20152681890602137,0.9089621084807322,-0.746267814725547,0.5865183472633362,0.7261227965354919
B_task,1.0825272911043393,-1.0748617289311946,0.8448525188883489,0.8396846055984497,0.35696884989738464
B_task,0.7299788283845452,-1.4942969213307637,0.5615647157483311,0.7264736294746399,0.21567782759666443
B_task,-0.6001459559454928,-0.7330762485526107,1.4091889532524307,0.3650072515010834,0.326011598110199
B_task,-0.07893241650627064,0.8568335275932741,-0.8630583290231096,0.4483962953090668,0.6122161746025085
B_task,-0.4355671192013721,-1.507783183879866,1.6957148908509478,0.3676995635032654,0.19181421399116516
B_task,-1.4154048025608934,1.3163532919570435,-0.16981743106740335,0.1097346618771553,0.6655213236808777
B_task,-1.0549726371404289,0.044785983295448514,0.29390594520639746,0.20324154198169708,0.40646451711654663
B_task,-0.7171320831578978,0.6141857742617883,0.6995466420739413,0.2838065028190613,0.5482202172279358
B_task,-0.5157663131543833,-1.1650821405480964,2.194119393375222,0.314133882522583,0.21233806014060974
B_task,-0.6844011527526781,0.19345214670328756,0.9647272193173376,0.313047856092453,0.4664672911167145
B_task,0.25972005501920603,0.1641047634316548,-0.09899618039504186,0.5766997337341309,0.527807891368866
B_task,1.6010985949451895,-0.6035807938341843,0.053300621069180446,0.9716899991035461,0.545226514339447
B_task,0.9092829126062626,-0.4582855001869982,-0.12925169137508058,0.7746641635894775,0.4497528672218323
B_task,0.9417071489317801,-0.2326442556222462,-1.0147573329784512,0.7911339402198792,0.48267272114753723
B_task,0.7533938032996579,0.923635315028397,-1.3958879298850786,0.7592685222625732,0.7864741683006287
B_task,0.3800803943070633,-0.7078559000726011,0.6884072059442216,0.5969877243041992,0.37364643812179565
B_task,1.5148461123656318,-0.6655169648841712,-0.6575337783604606,0.917692244052887,0.43432411551475525
B_task,0.5111991473241292,0.3583323354839009,0.08358556725092382,0.6896301507949829,0.6239889860153198
B_task,0.14371157957308403,-0.05449510660766604,0.2093063737108429,0.5003564357757568,0.4822976887226105
B_task,-1.3399501506969944,-0.12735091208868873,-0.6446524858200602,0.07708381116390228,0.43322014808654785
B_task,-0.14422880341414157,0.7174449924712776,-0.020110487024960266,0.48844921588897705,0.674675703048706
B_task,-0.8924823906226003,-0.11319066072520496,0.36313728844497145,0.21283099055290222,0.342284232378006
B_task,-1.2342231768336536,-0.34070367895191656,-0.3648345601599734,0.13269630074501038,0.3757792115211487
B_task,-0.035352796013084956,-1.0747869711917681,0.8083984021224649,0.5060649514198303,0.27327531576156616
B_task,0.9182969155496076,-0.35334377579344955,1.2189768302391275,0.7850853204727173,0.45769524574279785
B_task,-0.6461245295588648,0.3985039250705427,0.42239617027572574,0.2950064539909363,0.5351104736328125
B_task,1.0399618409968907,-0.6262076800320289,-0.341921355380325,0.768771767616272,0.42379188537597656
B_task,0.04755175662736264,0.046146239895870654,0.6496762106429426,0.5256295204162598,0.5486992001533508
B_task,-1.2601303983539078,-1.0377838006700981,0.6397273648211174,0.14904803037643433,0.18812185525894165
B_task,1.7073432834898468,-1.900504216224988,0.9678032866959123,0.9649677276611328,0.2684665620326996
B_task,-0.38461680373508955,0.016570337704460147,0.501870053743677,0.4016362130641937,0.49141407012939453
B_task,-0.7291640871513695,-0.5004526775260122,0.784794444031821,0.2952342629432678,0.35852497816085815
B_task,1.0788439663912388,-0.7561418420035234,0.46695971853724527,0.846998393535614,0.4049122631549835
B_task,-1.3158547546462895,2.119120227747259,-1.3659832548140907,0.12446033209562302,0.8554640412330627
B_task,0.8820911519940416,0.06079385733432669,-0.4981943751380744,0.7335904836654663,0.5263743996620178
B_task,-1.1021249115149039,0.9313571785021937,0.2900244494550231,0.18782474100589752,0.5878913998603821
B_task,-0.4383367550391187,0.9135945869204803,-1.1066431428001056,0.39249178767204285,0.6105762720108032
B_task,-0.9979424504781657,0.3770849472323891,-0.06937583991813982,0.23189987242221832,0.4901823401451111
B_task,1.2962259091601076,0.15235930109834211,-0.23636392337232423,0.8412280082702637,0.6039676070213318
B_task,-0.48695239493381104,0.5996083444262171,0.3541117276415585,0.39007455110549927,0.6461526155471802
B_task,1.4196223494046367,0.3104025133336214,-1.372432142882218,0.9746928215026855,0.7125945091247559
B_task,0.3267251252090121,-1.42997612898343,0.8866555741549045,0.6252614855766296,0.23824448883533478
B_task,0.6141974067213172,0.13215806678901876,-0.7317311694285131,0.6936228275299072,0.5383689999580383
B_task,0.05009355639658733,1.721810496375611,-1.6823039357122422,0.5215251445770264,0.8412796258926392
B_task,-0.47582384509126663,2.177687379617352,-2.157828668596466,0.308968186378479,0.8954702019691467
B_task,-0.35406092446023213,-0.17798389723244779,0.7064046167370199,0.39555642008781433,0.434401273727417
B_task,1.3340835236866104,0.21371099136208443,-1.2891317823641935,0.9409341812133789,0.635783314704895
B_task,-1.1088150976857956,-0.9179853649707184,0.9796788544879356,0.20120319724082947,0.2694895267486572
B_task,1.525840026932623,-2.7901874480724644,2.267771047267208,0.9882189035415649,0.10092655569314957
B_task,0.8650689257459704,-0.5260623889249529,0.5534456626211247,0.7583058476448059,0.4298226237297058
B_task,-0.6656844204429253,-1.2686534003838064,1.099208537371477,0.3597869277000427,0.20057223737239838
B_task,0.4088150335072113,-1.8366381190231076,1.3091315250318594,0.6415135860443115,0.13155117630958557
B_task,-0.4799499698226367,-0.12749559837886015,-0.2915111514992054,0.38098153471946716,0.38986292481422424
B_task,-0.4167887809012751,-0.400359749438285,0.7744321014709481,0.38149294257164,0.4288035035133362
B_task,0.08415072495594875,1.5999314581912414,-1.1936330130845612,0.5038029551506042,0.8267012238502502
B_task,-1.7197424979812996,0.8956399603184472,0.40008073551270457,0.016722822561860085,0.6313212513923645
B_task,-0.0141629813032228,0.30555340468586295,-0.45102774885161023,0.49357154965400696,0.5071412920951843
B_task,1.723550813310756,-1.748520340449398,1.161695709384554,0.9715983867645264,0.2913753092288971
B_task,-0.7298747579716007,1.5206110121696395,-0.5835292746547885,0.2854652404785156,0.7459394335746765
B_task,1.1221711215562722,-0.010355791657223777,0.39410813712071585,0.7482179403305054,0.5216041803359985
B_task,-0.16710814274347688,-0.06705373033062328,0.13626048182515527,0.44278889894485474,0.4112386703491211
B_task,-0.885791426195528,1.1412663092198,-0.5048625651390866,0.2092810422182083,0.6252051591873169
B_task,1.4861806759989853,-2.1421373771191083,1.1754335262474893,0.9050025939941406,0.14702299237251282
B_task,-1.66924881619182,-1.5554623825918936,1.7210378277573517,0.016827285289764404,0.11280588805675507
B_task,-0.6365333863598378,0.28102714184586935,0.6298062978733979,0.3035089373588562,0.5166800618171692
B_task,1.5523135207485725,-0.10937591158290344,-0.5001116512851168,0.9990258812904358,0.6117206811904907
B_task,-0.8612967018699551,0.2613084979325563,-0.060186648352109705,0.26214680075645447,0.49886012077331543
B_task,1.086652076003979,1.0448676996025053,-1.2586598258828157,0.8490445017814636,0.8026333451271057
B_task,0.2712965337651506,-0.26808597274793594,-0.23979628537541683,0.6056831479072571,0.4499257504940033
B_task,1.1356280240434224,-0.5413925108831431,0.10494368425098108,0.8060356974601746,0.44852232933044434
B_task,0.43640535381750717,-1.051976008644162,-0.37350359754806994,0.630317747592926,0.3218231201171875
B_task,-0.5649617107273613,0.6197440527663722,-0.6517585154757988,0.3626968562602997,0.6335188150405884
B_task,0.8342479247104286,0.47702882319063583,-1.0006279495163435,0.7607887983322144,0.6018191576004028
B_task,-1.6769602382584454,-0.08695391383531488,0.39245566197239057,0.026484549045562744,0.361030250787735
B_task,-0.17889856575091653,1.0058332026595878,-1.0110237399871675,0.4468129575252533,0.6708451509475708
B_task,-0.5392402508769591,1.0917477247177443,-0.14971890593084267,0.3718545734882355,0.7182301878929138
B_task,-0.17856346403521503,-0.44000871983227274,1.180005733845363,0.47707399725914,0.46777743101119995
B_task,-1.1785993979531149,0.7081426149892858,-0.5166008209953188,0.12762068212032318,0.6431340575218201
B_task,-0.8625621074230518,-0.01471588445806559,1.5860781101958734,0.22250686585903168,0.36477503180503845
B_task,0.09211840666844205,-1.196184181818884,1.340600357297814,0.5620515942573547,0.30888932943344116
B_task,-0.5304557257061672,-0.07409599416889456,-0.583204054108098,0.38776910305023193,0.42280465364456177
B_task,1.0690694795988853,0.3292670026720098,0.008549984843111088,0.7916561961174011,0.6390485167503357
B_task,0.4412753062625418,-1.281866135853178,1.8017168318577295,0.6051365733146667,0.29478710889816284
B_task,1.280186394489582,0.6270313180591525,-1.4218339133257898,0.8612666726112366,0.7253917455673218
B_task,0.7197508199036657,-1.376826763765261,1.6933625933612775,0.73236083984375,0.21162351965904236
B_task,0.33759657071291965,-1.1735111182435638,1.74652127307624,0.6018234491348267,0.3323904275894165
B_task,-0.5335504748204908,-1.3934507275551196,1.6482850424812934,0.2876155972480774,0.1493070423603058
B_task,0.9143122713082915,-0.38924897433685235,-1.2304375653792827,0.7827604413032532,0.47207969427108765
B_task,-0.906435579512345,0.935311947804495,-0.6421671580869501,0.25126758217811584,0.6290386915206909
B_task,-1.4610339557832703,1.2971622259928737,-0.9482312838657209,0.07521111518144608,0.6751724481582642
B_task,1.4080889901657403,0.8965124151971144,-1.5052010412188468,0.9628645777702332,0.783273458480835
B_task,0.13336399729247597,-1.4529632448939218,1.1897905514691274,0.5400112271308899,0.2374391108751297
B_task,0.8560359258127651,-1.115103503307258,0.29996687526423343,0.7738943099975586,0.3069266378879547
B_task,0.11463939617922443,0.6877089978914298,-1.060409756080576,0.5292227864265442,0.6220069527626038
B_task,0.18933042097980315,-0.2485855406831608,-0.16189389080674427,0.6115797162055969,0.4667666554450989
B_task,-1.7262061774432718,-0.3646684732916965,0.5634569643160566,0.033892251551151276,0.3407399654388428
B_task,-1.0244617687422723,-0.12474326682079956,-0.3831054503683371,0.18679368495941162,0.4006025791168213
B_task,0.5971149587183532,0.31102782148333763,-0.47811728288436817,0.6746894121170044,0.6393812298774719
B_task,0.20635600809341442,-0.43999976064154933,-0.2072085395285299,0.5705646276473999,0.4006510078907013
B_task,-1.1713673198964005,1.1350080770989848,-0.20790319294526702,0.1585550308227539,0.5869501233100891
B_task,1.6139034254867108,-0.20072541285459297,0.4144482100176693,0.952029287815094,0.634986937046051
B_task,-1.1707231843712083,0.9665241386649497,-0.17023862061241135,0.15435363352298737,0.5652683973312378
B_task,0.12151574692964524,-0.42814680071215405,0.44105569831001074,0.510303258895874,0.39112773537635803
B_task,-1.270414715166357,0.9889927769371207,-0.5366576447926402,0.14400286972522736,0.6096234321594238
B_task,0.8180361479486634,-0.34955123116066067,-0.7986897088834783,0.7173717021942139,0.4519798457622528
B_task,-0.658609264966103,-0.8187531099977658,1.416093946031148,0.27631300687789917,0.2921074628829956
B_task,-1.3532460504436108,0.9782490627816108,-0.6427908280367539,0.134133979678154,0.6248503923416138
B_task,-1.6879197176448113,0.33612269409640627,-0.1514773116534085,0.04598718136548996,0.492918461561203
B_task,-1.252619971643286,-0.18666906324251117,0.7082584859952062,0.17483553290367126,0.3428592085838318
B_task,-1.1909850848973595,-1.3309019789586125,1.5627978529930695,0.19179871678352356,0.10096953809261322
B_task,-0.04499973162603675,-0.2348801076835079,1.1433105487261177,0.5369721055030823,0.5356512069702148
B_task,-0.29209608234472384,-0.2988046743505911,1.1976544321218539,0.4510388970375061,0.4515180289745331
B_task,1.7157130275821573,-1.4388887649938584,0.769970954917523,0.9572943449020386,0.3314917981624603
B_task,1.4476396200379809,0.1779900526233138,-0.06585805320349246,0.9541513323783875,0.6795580387115479
B_task,0.9087957930000583,0.23694081092308616,0.5725951930524901,0.7965461015701294,0.5905407071113586
B_task,0.6408220646092124,0.8944067210068577,-1.3929925791366857,0.6715876460075378,0.6888150572776794
B_task,1.1863884703250527,-1.0536457797281353,0.6333846530731153,0.8450230956077576,0.34132352471351624
B_task,1.817561948403055,-1.0661008888511898,0.543204762353996,0.9387518167495728,0.4169081449508667
B_task,-1.6535157061404753,-0.39467220045269064,0.10143862548999918,0.022617729380726814,0.36290621757507324
B_task,-1.3400917044341796,-0.7491771138721576,0.19357713278668948,0.11810522526502609,0.2559491693973541
B_task,-0.39184230034511225,-0.5517629793460582,1.1821628049239858,0.3602638840675354,0.3943016827106476
B_task,-1.4151235789423486,0.4336243220202385,-0.09860046019558066,0.09358685463666916,0.45363014936447144
B_task,0.010531853862212656,-1.00220406566818,1.3463460981988535,0.5995244979858398,0.3172594904899597
B_task,-0.8179740494606903,1.3415280063971327,-1.4938720211938,0.26036423444747925,0.712660551071167
B_task,-0.9105744738188629,0.4643957486766961,-0.6076544293105861,0.26433971524238586,0.5334775447845459
B_task,-0.7245371027082115,1.5581952125194756,-0.8091038986318865,0.28832799196243286,0.7769156694412231
B_task,-1.244113685492865,1.2339566725682878,-1.6040873457849827,0.09771566092967987,0.7062757015228271
B_task,0.7396917473603307,0.001922534888075777,-0.35740143603273045,0.7409444451332092,0.5097969174385071
B_task,0.6730574774746378,0.13018024910466017,-1.2504223707556312,0.650672435760498,0.5635588765144348
B_task,0.14840109618512576,-0.8546522454166066,1.110381484731312,0.6065080761909485,0.3832366168498993
B_task,-1.5726659046887246,-0.4770683221100181,0.22086990224738115,0.03404558077454567,0.33229294419288635
B_task,-0.29507729172938807,0.41379282427738884,-0.4050148139555127,0.4294641315937042,0.5382524728775024
B_task,0.6544030883486806,0.6584441312381162,-0.5301325573096717,0.6852036118507385,0.6647418737411499
B_task,-1.2165096269497997,1.2771748774092435,-0.31126595256998896,0.1563466489315033,0.64983731508255
B_task,-0.38779385691973506,-0.9603767810897303,1.1986200913154779,0.3856578469276428,0.2878478467464447
B_task,-1.669687271543433,-0.5112589975130063,0.7913972800747278,0.01983414590358734,0.31954485177993774
B_task,-1.5345856530051114,0.7977554944134657,-0.07422398253571297,0.08185799419879913,0.558232843875885
B_task,-0.9376496268132858,1.443687530510057,-0.05078306624607373,0.21645358204841614,0.7173564434051514
B_task,-0.36154349959018334,0.9146687000728466,-0.12418266747145203,0.41465017199516296,0.6430997252464294
B_task,-0.09211421907638324,-0.19432797074072966,-0.6439843858776946,0.46324002742767334,0.4215998649597168
B_task,1.4093346738272277,-1.1118350505640189,0.7252145559875701,0.8845215439796448,0.35296303033828735
B_task,-0.6182291974783698,0.3553993691147701,0.5800443709273563,0.3166584372520447,0.5482602715492249
B_task,-1.3638680056743806,1.0101616610482134,-1.4671005457861765,0.021463876590132713,0.6573420763015747
B_task,0.9324155510757218,-0.8567865496169866,-0.0477296734476959,0.8262233734130859,0.42026156187057495
B_task,-1.4052019912847573,0.6456928957457941,-0.3565985464930925,0.061846934258937836,0.5410706996917725
B_task,-1.2352026536845166,-0.37873296683605484,-0.7843862927644318,0.09299199283123016,0.3910648226737976
B_task,1.6706548686276435,0.07694387737736144,-0.6731902846428579,0.963181734085083,0.6782611012458801
B_task,0.8342016151442718,-0.9935127659565823,-0.0013631917881241128,0.7533653974533081,0.35356417298316956
B_task,-0.6419437649814507,2.0373795412047087,-1.4718273313429786,0.33785420656204224,0.8736350536346436
B_task,-1.2778771555319062,0.9329817587523974,0.08756560146900717,0.13217884302139282,0.5349316000938416
B_task,-0.4145090966683674,-1.1753666074727172,1.5221063084606474,0.3867305815219879,0.22501422464847565
B_task,-0.5854837991874676,1.0218267420622693,-0.7008701311187227,0.3391948938369751,0.700638473033905
B_task,1.3180310014415586,0.8266229815941535,-1.0772123292008524,0.8744412064552307,0.7581495046615601
B_task,-0.41899302211996864,0.04274950406877331,0.10054410953074752,0.4187530279159546,0.5503445267677307
B_task,-1.4469825755560417,-0.5539779882726515,0.8062307711653757,0.08204500377178192,0.31471118330955505
B_task,1.744690287573327,-1.4936680803766649,0.7027483815106444,0.9268051981925964,0.2874109745025635
B_task,0.5571577416838817,-0.8458957927605125,-0.18715813328281747,0.622313380241394,0.3960675001144409
B_task,-1.4754044684346042,0.5317182997477513,-0.5284393864296134,0.11670985817909241,0.5363057851791382
B_task,-1.3983654591906036,0.43231271255392273,-0.7193322138449825,0.11317416280508041,0.512887716293335
B_task,-0.012857251217288658,-2.0918590065332165,2.464393631392128,0.465933233499527,0.12332485616207123
B_task,-1.2964408531297487,1.1832180605534026,-1.0011025141590941,0.0920889675617218,0.6624031066894531
B_task,0.559367258648589,0.6074516372479293,-1.410362359407901,0.6317521929740906,0.6507960557937622
B_task,0.33257047914500676,-1.5354606534801885,1.3430768436967635,0.6163837909698486,0.23838280141353607
B_task,-1.5792518734604606,0.4663807316139215,0.18969082309838928,0.032081346958875656,0.5223163366317749
B_task,0.9479479135144776,-0.9517712439277868,-0.0903546856674825,0.8074227571487427,0.38557231426239014
B_task,1.1369416544204964,0.0148252142095446,-1.2670624446870964,0.7867947816848755,0.542801022529602
B_task,1.3515733588650742,0.26776719250703224,-0.10659491643790163,0.9153082966804504,0.6718119978904724
B_task,0.5038459579995106,0.03531547963768121,0.20603936691483213,0.6703066229820251,0.5606233477592468
B_task,0.6142498575894876,-1.326296125839103,0.582931130828215,0.6928622126579285,0.2578892111778259
B_task,-1.1865763033845032,1.730004587092423,-0.4178593179275773,0.16374164819717407,0.7402051687240601
B_task,-1.6428250900925088,-0.019385715026739223,1.0608688204969803,0.023888813331723213,0.417909175157547
B_task,-1.599807712149259,-0.03191683159940672,-0.07581415859647089,0.0655631497502327,0.3932151198387146
B_task,1.538802908076,-0.9411627712244944,0.19579450799446885,0.9644613265991211,0.42605388164520264
B_task,0.7277907621166081,-0.05895621089540497,-0.6791700482684642,0.6457213759422302,0.5217829942703247
B_task,1.3217347468291847,-0.46509559848889137,-1.1378828173400415,0.9469066858291626,0.46089914441108704
B_task,-0.7345196914309154,1.849650261785851,-1.267742696602395,0.3493843674659729,0.8418451547622681
B_task,0.8557485569696227,-0.10907153211355888,0.12241886621586201,0.7552216053009033,0.49741286039352417
B_task,-1.6672619458174758,-0.08407136578252676,0.9133409923194697,0.06539896875619888,0.39564311504364014
B_task,-1.2126396495194147,1.0181476907788065,-0.330589964631599,0.16620516777038574,0.6066231727600098
B_task,-0.7206709064645865,1.0366848692451551,-0.5532325733480475,0.27713334560394287,0.6437692642211914
B_task,0.11087189609278687,-0.23839593251451632,0.7080150794673568,0.5503182411193848,0.47177261114120483
B_task,0.1255134740390187,-0.6928052606818161,-0.31741219128125236,0.55740886926651,0.34676823019981384
B_task,-0.012877678822167817,-0.3094172397015594,-0.3705833063552022,0.49898645281791687,0.4100300371646881
B_task,-0.31866802464744787,-0.9632063410609144,0.4542655193657944,0.42446357011795044,0.3187505602836609
B_task,0.1840625896079267,0.853201951868237,-0.9019942291376826,0.5757051706314087,0.6346792578697205
B_task,1.5093809327254686,-0.3259723568735136,-0.7003963567595984,0.9666624069213867,0.5166431665420532
B_task,-0.15340165401797085,-0.8176993262604411,1.42783823030313,0.4580795466899872,0.3540404140949249
B_task,1.3517445867307645,-0.3166008683374511,0.3244210526965742,0.8374714255332947,0.5124386548995972
B_task,-1.4684723708451621,1.7034161244595158,-1.1478365930540104,0.05587196350097656,0.7348912954330444
B_task,-0.3388192573517892,-0.622005086700642,1.1467558111310534,0.38558724522590637,0.37792837619781494
B_task,0.1592944939044474,1.3536812313552196,-0.9158074715451303,0.56049644947052,0.8174569606781006
B_task,0.5879611459097986,0.6828120601970903,-1.294985069357011,0.6203205585479736,0.6546757817268372
B_task,-0.8320233947053066,-0.6573125210012609,0.8455732096700735,0.25001832842826843,0.3346940577030182
B_task,-0.24284789064081008,-1.022461427126826,0.9241168840603888,0.3992910087108612,0.2786349654197693
B_task,1.5278867065942612,-0.6313478486824078,-0.07259620065754628,0.9470061659812927,0.5121914148330688
B_task,0.5245271236683317,0.24591442195427207,-0.28724488342132964,0.6488507390022278,0.626672089099884
B_task,0.17730097562866076,-1.1378885565145758,1.9930853099013843,0.584966242313385,0.3373652696609497
B_task,-1.6347216795471748,-0.8510278786368342,0.5976231051764859,0.06529871374368668,0.25581619143486023
B_task,-1.5767171761383816,-1.1479183100076047,0.9006745308206727,0.05217625945806503,0.1860671043395996
B_task,-1.122308092316442,1.6396770987881604,-1.487303417732872,0.21139845252037048,0.7263855934143066
B_task,-1.3843482301025074,-1.1357002652694672,1.4057269575126037,0.13782277703285217,0.161417618393898
B_task,1.4191463446457633,0.6054187875112438,-1.5679182337713176,0.9837499260902405,0.7527768015861511
B_task,-1.734010822906043,0.2426939850967279,-0.23284712843940814,0.0027471475768834352,0.5076407194137573
B_task,-0.5002164985955972,-0.38179192651115434,0.4891313741068392,0.3658435344696045,0.3591720163822174
B_task,-1.468253267664216,1.6900441465041944,-0.9414801801316728,0.058422449976205826,0.852496862411499
B_task,0.5606180398113907,-1.914549984008951,1.806510028568402,0.6400105357170105,0.1274460405111313
B_task,-1.566896050086743,0.645761436168145,-0.5861484951407434,0.04653320088982582,0.6087355613708496
B_task,-1.5028875451223538,0.1315739739573025,-0.4718824748833615,0.06840963661670685,0.4678305983543396
B_task,-1.422308281358018,1.5299311635774786,-0.8064870272737081,0.0799425020813942,0.7914396524429321
B_task,-0.7660513687856426,-0.037975143871345554,0.12449075046872653,0.2717851400375366,0.4186493754386902
B_task,0.2134411971306272,0.28864335186466206,-0.202643842356843,0.5763580799102783,0.5633413791656494
B_task,0.98357172378985,-0.2341453283513203,-0.35170862562600125,0.805448591709137,0.5193329453468323
B_task,-0.7283098543249443,-0.8845535262016622,1.654314463875776,0.2671915888786316,0.27295973896980286
B_task,-0.6900337101265002,-1.4950467988875913,1.8151399586943553,0.28317105770111084,0.15931957960128784
B_task,1.2443203472539845,-0.40292766027073723,0.009589559910840437,0.8244821429252625,0.4859978258609772
B_task,0.7590379812125452,0.6280773047897896,-0.3512829590306012,0.7459483742713928,0.6802529692649841
B_task,-1.4661273670779786,1.3099312557971774,-0.9607581410702498,0.12681475281715393,0.6923573613166809
B_task,1.146994605616159,-0.4256630367675798,-0.04084794521915404,0.8063489198684692,0.47346895933151245
B_task,1.2612949437401764,0.4380392260902828,-0.923847926860927,0.8312510848045349,0.7005792260169983
B_task,-1.0915566330444442,-0.7356796131452955,0.6420732852908334,0.17782577872276306,0.3070105314254761
B_task,0.2707295200553295,-0.07804975884151236,-0.12895601077916308,0.6269479990005493,0.5505071878433228
B_task,-1.3015489905653412,1.6858617748432212,-0.9644531023480793,0.19674362242221832,0.7480077147483826
B_task,-0.8333871263451256,0.07793644443872119,0.8350288367055603,0.2434927076101303,0.40570226311683655
B_task,0.022315845771379097,0.7533971409034452,-0.8006582101832931,0.4940057694911957,0.614021360874176
B_task,0.10031650367131442,0.4614146485089903,-0.12288629578514139,0.5222200155258179,0.5882223844528198
B_task,0.01933168814759808,0.2878883478452784,-0.4166682657475642,0.47903352975845337,0.5362779498100281
B_task,0.14966974447690168,-0.016481734501578558,-0.9807116584506833,0.5411410331726074,0.47301387786865234
B_task,-0.9049402493259912,0.16762510484179619,1.2712826027718271,0.21316467225551605,0.39862650632858276
B_task,1.1365650567030101,-0.1313714846794112,-0.3076857738880539,0.778580367565155,0.5193020701408386
B_task,-0.7889162327560246,-0.2441555910159933,0.12154999646835797,0.27784842252731323,0.3734051585197449
B_task,1.6570671014631353,-1.4301978896546346,0.5706568629176678,0.9126833081245422,0.33523979783058167
B_task,-0.06579772851704908,-0.12183050794643815,-0.24643863092621549,0.5151553153991699,0.43127188086509705
B_task,-0.6554050985359773,0.04516258486697911,0.9685473520102889,0.3036840558052063,0.45559319853782654
B_task,-1.0571201769385603,0.34761710358710796,0.5502483759151153,0.17438390851020813,0.4322305917739868
B_task,-0.04237690388414283,0.08700613088163274,-0.5556407060305976,0.48520395159721375,0.44544970989227295
B_task,-0.43646142571603336,-0.6039921572520905,0.294241314594001,0.3762972950935364,0.3446936309337616
B_task,0.32132083980167514,-1.9364829708511293,2.0622116044945584,0.6230937838554382,0.1565181016921997
B_task,0.06898748577432634,0.7526729143924944,-0.7230467969810078,0.4984595775604248,0.6352304220199585
B_task,-1.5656551076600116,-0.47247699396861054,0.6477881653647991,0.0369596965610981,0.3074072599411011
B_task,1.1357778849328617,-0.9770432398328871,0.8975782048532029,0.8330947756767273,0.34394195675849915
B_task,-1.5240591015715603,1.1118223304338966,0.32379860087897866,0.05167393758893013,0.6038135886192322
B_task,1.0181443931494034,-0.1753016561230737,-0.7386595466953271,0.8275951743125916,0.4766794741153717
B_task,1.1512305820519257,0.29010518810196967,0.21655471397594778,0.8127496242523193,0.6198894381523132
B_task,1.2137614920724418,0.9762502353258411,-1.4247098944763292,0.923983097076416,0.8136899471282959
B_task,0.42370317571647725,-0.5095714698346343,0.08130165020101705,0.6644010543823242,0.4400193691253662
B_task,-1.160710235600789,-1.2384064728551332,1.9183893520309194,0.16062363982200623,0.10972397029399872
B_task,-0.1662447975792564,-1.4209562165029772,1.8429085212447036,0.4419293999671936,0.2018524408340454
B_task,-0.2502845469540446,1.3552089224608768,-0.656397853298176,0.43943265080451965,0.7984223961830139
B_task,0.4210598155336407,0.5302804378024699,-0.6868348967208372,0.632332980632782,0.624485969543457
B_task,-0.40166128571917575,-2.050260345620416,2.30717170264455,0.38113752007484436,0.08031129091978073
B_task,0.6736054853912908,-1.6108031367443174,1.5094563863692847,0.6756780743598938,0.22894519567489624
B_task,-0.9182916000266795,-0.5005014619846768,0.6025326136385228,0.20390738546848297,0.3496215343475342
B_task,-0.5056397895357089,-0.4920580391969366,1.2784668973967508,0.35335078835487366,0.37089377641677856
B_task,0.32390535084539884,1.2564384325293148,-1.3187835398276007,0.5433133840560913,0.7918714880943298
B_task,-0.026531985990132966,1.9259797427520597,-2.0851934493587327,0.427651047706604,0.8829692006111145
B_task,-1.2286442103151556,1.1785353439651944,-0.44661480538581516,0.1225256472826004,0.6116067171096802
B_task,1.486258984826318,0.6209237764599864,-0.9503143887391482,0.9658281207084656,0.759252667427063
B_task,0.665858587425413,0.10088742634095654,-0.11514802234944985,0.6912953853607178,0.5653061866760254
B_task,1.0822226885681103,-1.46660234640874,1.6262130087350835,0.8330350518226624,0.26635265350341797
B_task,-0.5463449759075623,1.6530612600614631,-1.2598949513493622,0.35746073722839355,0.7584517598152161
B_task,1.7347863769998486,-2.6176985777315247,2.0088131619771232,0.9448959231376648,0.1174251064658165
B_task,0.912193512192673,-1.4284033600980446,0.7571529009766628,0.8124470710754395,0.26045557856559753
B_task,1.6760619826756877,-2.564946373394162,1.9826533482637516,0.979506254196167,0.1289953589439392
B_task,-0.9550881096726572,0.8259107021509463,0.694990028389582,0.1973942518234253,0.5446361899375916
B_task,-0.1591379485618991,0.6336379612017781,-0.3814604853296954,0.4771694839000702,0.6305736303329468
B_task,-0.4278090066065008,-0.9206733523821841,1.0378813643246798,0.3858489990234375,0.2777789831161499
B_task,0.26035862479688,-1.9109736624618847,1.7758371095224923,0.6138949990272522,0.15571314096450806
B_task,-0.7117534211412994,0.7158993109011761,0.4910624579750333,0.2502197325229645,0.5301607251167297
B_task,-1.573061472985948,-0.9924707084161747,1.0901229718399161,0.10047228634357452,0.17787617444992065
B_task,-0.13208465948571957,0.6485355387131433,-0.2592740786656485,0.47661659121513367,0.6018139719963074
B_task,0.45652184058555,0.5117835442601311,-0.9012171049540574,0.6394719481468201,0.608776330947876
B_task,-0.31351263638433746,1.0050102494405322,-0.5163200665648354,0.38401541113853455,0.681113600730896
B_task,1.4541696127167436,-0.7291676084775417,-0.7464752627189091,0.9874393343925476,0.46817055344581604
B_task,-0.26808565621486474,0.25944765001285663,0.5762570350646806,0.40598878264427185,0.5016531348228455
B_task,-0.7493915070546161,0.616717396397013,1.0637825496620952,0.2998155355453491,0.583787739276886
B_task,0.9872445468209526,-0.9424846595716176,0.192536763120154,0.8138978481292725,0.3915027976036072
B_task,0.08075861444936515,1.470063116759799,-1.298808148941101,0.466689795255661,0.8259496688842773
B_task,-0.5671005314862801,1.8077745055363503,-2.045556280217161,0.27321678400039673,0.8338175415992737
B_task,-0.7898702951682484,0.5936772322806376,-0.9970740468805999,0.2864910364151001,0.5627906322479248
B_task,1.3761851224407073,0.7554237691283138,-1.1840428239913552,0.947155773639679,0.7939546704292297
B_task,1.5023862355575872,-1.9231917260556304,0.5155707274006546,0.9617367386817932,0.2225235551595688
B_task,0.5193387430156623,-0.4205104864418971,1.1796582343154358,0.6462368965148926,0.4146876037120819
B_task,-0.8510023269194619,1.7604358302956564,-0.9057724374351207,0.27876797318458557,0.8239277601242065
B_task,0.7722581850649444,-0.07172236496903632,0.2600807920381562,0.7113690376281738,0.5117307305335999
B_task,-1.1158956485078757,1.4315013739419462,-1.377750700751692,0.2167694866657257,0.7212734222412109
B_task,-0.598741606509541,-1.6596040874819866,1.8403400518157191,0.3220846951007843,0.15066838264465332
B_task,0.11035385127242854,-1.9696585468149883,2.3371202579597767,0.541736364364624,0.19944816827774048
B_task,-0.36983685793904536,-0.417453557199291,0.9231197400776643,0.4011441469192505,0.3691804111003876
B_task,-0.5666291286220124,-1.5588639898964893,1.455208307179257,0.3510238528251648,0.18849442899227142
B_task,1.5437262471300492,-0.7652294238469114,-0.3612121979519409,0.9741344451904297,0.45037156343460083
B_task,-1.2611568650789309,1.123484679531505,-1.4417856145150254,0.17020617425441742,0.6537370085716248
B_task,0.19020299388790318,0.01907931409513133,0.14889405563616845,0.6137785315513611,0.5671651363372803
B_task,-1.6122940160932973,-0.8040618597296527,0.11993810735507149,0.038541387766599655,0.2693166732788086
B_task,-1.4856779979648602,-1.1804998262060051,1.9109361493676285,0.09171473979949951,0.1567705273628235
B_task,-1.1259207230759922,2.3624058497567004,-1.964647508114699,0.20999599993228912,0.873088002204895
B_task,1.3452957191913735,-0.24606514347580768,-1.1620086081115173,0.991686224937439,0.5101266503334045
B_task,0.7578894551013192,-1.4472784456006358,0.4842212719213334,0.7264246344566345,0.30980655550956726
B_task,1.1760372540236002,1.3485730333636845,-2.0220144822596655,0.8680381178855896,0.8512611985206604
B_task,-1.4367905840090278,0.06464686126867879,-0.043220664930125656,0.049483783543109894,0.42149147391319275
B_task,0.5298996101172327,0.663280578612373,-0.2277585226504029,0.6814384460449219,0.6856592893600464
B_task,-0.22139792917431853,0.9491304736399923,-0.43963962299858206,0.43993648886680603,0.6257933378219604
B_task,-0.43538825359005234,1.568982669896297,-1.0170482602572894,0.41641995310783386,0.7709315419197083
B_task,0.7183037619567844,1.8019807811556439,-1.9528435281853425,0.7082548141479492,0.8980819582939148
B_task,-0.6672929906035489,1.6884796362601227,-1.0343457006532812,0.30831894278526306,0.7686236500740051
B_task,0.01962847712473095,-2.0432659990619446,1.8381121216108267,0.5134678483009338,0.10487937927246094
B_task,-0.8797456211901786,-0.6685114166458399,0.7113450319652035,0.2607247233390808,0.32550933957099915
B_task,-0.35915289712222437,1.779143210385886,-1.2779309860963242,0.39140406250953674,0.8017380833625793
B_task,0.14636760521519163,0.5334386530222915,-0.4264408759235367,0.5333261489868164,0.5910273194313049
B_task,-1.1406218382608042,-0.1816977417488809,0.22524552994780497,0.1578810065984726,0.342163622379303
B_task,-0.6512518290661068,0.6365184701716444,-0.07574862104925348,0.27618712186813354,0.5216819643974304
B_task,-0.18659321701858664,-0.1483390069373817,0.41961030571322716,0.42040589451789856,0.45673707127571106
B_task,0.030036799796168908,-1.356393364413835,1.1401956037571772,0.4727479815483093,0.20494863390922546
B_task,0.9114597506830431,-0.26367766241085794,0.12519190584445514,0.8000039458274841,0.521234929561615
B_task,0.4658120005404179,1.000679193990668,-1.8365492550703415,0.6429501175880432,0.7262202501296997
B_task,0.04344104372073761,-0.5933102786746453,0.8850540356772738,0.5624900460243225,0.4166295528411865
B_task,1.365152161072409,-1.2128758715006693,1.0314244634664154,0.8698673844337463,0.31695595383644104
B_task,-1.0626945150327682,-1.3820948687229937,1.4724386023824845,0.19734886288642883,0.17827695608139038
B_task,-1.4488221224719786,-0.10850050534298196,0.9472456145772165,0.10408303886651993,0.3453911244869232
B_task,-0.3060410013697356,-0.943475847962101,1.550867644929741,0.3937252163887024,0.28989046812057495
B_task,-1.0535189134287668,1.4844570975183953,-1.8483445657666038,0.13718995451927185,0.7309172749519348
B_task,0.23638583066865756,0.23808086911598061,-0.08499933397297949,0.5559810400009155,0.5829944610595703
B_task,0.5396084784189021,0.4689925921798914,-1.2156392980919655,0.5736433267593384,0.6060929894447327
B_task,-1.340765368945786,1.311594224144567,-0.7594533592224434,0.13159355521202087,0.6491031646728516
B_task,0.9387461493853807,-1.791428198881251,1.3554219942269197,0.7160540223121643,0.19857484102249146
B_task,0.24309930021528436,-0.47165939395593565,0.8318803779251376,0.5565394759178162,0.4349629282951355
B_task,-0.25082781773968554,-0.8567539533558984,0.8898468292593363,0.4231819808483124,0.3307362496852875
B_task,1.626646407128819,-1.5574976202242998,0.6631649258736771,0.9174817800521851,0.34333178400993347
B_task,1.2634761434318875,0.508477958869416,-1.8085007771060135,0.8559122681617737,0.6612812876701355
B_task,-0.9721712278430213,1.2449886702636181,-0.4027274631911008,0.22096917033195496,0.698996901512146
B_task,-1.2017213891487757,-0.8791457380726962,0.3942041696031596,0.16658318042755127,0.24819742143154144
B_task,1.4577149128418663,-0.13047711887260754,0.1543187632556128,0.9155364036560059,0.6285692453384399
B_task,-1.1213644583386164,-0.5066664518170718,1.4562557571195862,0.15725189447402954,0.27243515849113464
B_task,0.8621467579290041,-0.5378465856748816,0.6977744318136845,0.7572063207626343,0.42160511016845703
B_task,-0.6412582957483564,-1.335164389205482,1.9392676218534908,0.3125170171260834,0.18292047083377838
B_task,-0.4476658776437212,1.4846308588518322,-1.6688669052635268,0.36118534207344055,0.7243391871452332
B_task,0.22981395750763203,-1.2858511528244159,1.3344649543268066,0.5537246465682983,0.259659081697464
B_task,1.4832738315629124,-0.7174761609458085,0.35777295343986193,0.9259641766548157,0.45149892568588257
B_task,-1.6912160340067994,0.5211475093643484,-0.44763142047462484,0.0020568431355059147,0.5440966486930847
B_task,-1.2112037945915686,1.017274910645879,0.24257742750603814,0.16228733956813812,0.5826324224472046
B_task,0.833974285777797,-1.0473796767405121,-0.017307449201433633,0.7202118039131165,0.374454528093338
B_task,-0.23276364026735075,-0.7655087291944118,0.3366271680816423,0.3944665193557739,0.3568999171257019
B_task,-0.7436418075905402,-1.3785139270371685,1.731008515269371,0.28781041502952576,0.18263311684131622
B_task,1.7092569687914179,-0.6952120222947206,-0.09891271246317986,0.9628956317901611,0.4512505531311035
B_task,-0.8571641518091551,1.40452436537364,-0.3047319627335024,0.2640284299850464,0.7146462202072144
B_task,0.7177483246884457,1.583636493189474,-2.050262939025482,0.7141669392585754,0.8240536451339722
B_task,1.6871737194330885,-0.4849218313932217,-1.0470243990749686,0.9642256498336792,0.5059208273887634
B_task,0.9439796518205221,-1.3571356816939388,0.9075809885568318,0.7627660632133484,0.2779647409915924
B_task,0.8326292665784061,-0.013425782392598548,-0.9996536935361819,0.7094140648841858,0.5534220933914185
B_task,0.8106020734198219,0.049187341019776155,0.2303923339103407,0.7232066988945007,0.5560739636421204
B_task,1.012319928965552,-1.2759249009471187,1.17639316402709,0.8052260875701904,0.24864047765731812
B_task,-0.6721484748575155,-0.1569972783335614,-0.49117276384036584,0.2712136507034302,0.390785276889801
B_task,0.48028344636568454,-0.3660226199384891,-0.575333146036554,0.6266867518424988,0.4336654543876648
B_task,1.1644400953382716,0.34181740348327133,-0.08504291994116571,0.802885890007019,0.6358707547187805
B_task,1.425660750079277,0.5560516544263752,-1.52508894832496,0.8882296681404114,0.7242836952209473
B_task,1.44890512981686,-1.2981450231464202,0.4046323236673035,0.9058341383934021,0.3056028485298157
B_task,1.511225566212466,-1.4879855967057052,0.1279002988150901,0.9038963913917542,0.28773248195648193
B_task,-1.3072119663435726,0.3951081726278913,-0.7763961899553193,0.09763380140066147,0.4979367256164551
B_task,-0.35053226335022625,0.935212579121914,-1.2592383621377905,0.37640607357025146,0.5934441089630127
B_task,-0.3503684343912514,-0.6062588993539971,0.425304611070915,0.4563920795917511,0.32986897230148315
B_task,1.4093295905347039,0.26149135873561413,-0.5078349668226336,0.891685426235199,0.6746947765350342
B_task,-0.2976015981236923,-0.8995736609699105,1.6417966103225303,0.4192536175251007,0.29192060232162476
B_task,-0.3914585950621198,2.300175606206646,-2.397200959972194,0.26491209864616394,0.9110655188560486
B_task,-1.8123273514817368,-0.5715722892330589,1.1330243824647144,0.019858773797750473,0.30688560009002686
B_task,-0.7752359116962078,1.2221514408649083,-0.1767080418482949,0.28875428438186646,0.6685560941696167
B_task,0.9240152563087212,0.4711436129368744,-0.7459382924904373,0.7807241678237915,0.6164306998252869
B_task,-1.7224869345844347,0.7730185684672688,0.35608133799388986,0.020170938223600388,0.5839820504188538
B_task,-1.0442928166278227,-0.35854487306282595,1.6286353520924157,0.16499392688274384,0.30735599994659424
B_task,-0.581351632738917,1.0157466788940614,0.006607501671877852,0.31096842885017395,0.6613048315048218
B_task,0.12801336746418135,-0.7833199421907558,0.7289947283306243,0.532011091709137,0.3427743911743164
B_task,-0.4343735243351264,-0.1156531220660034,-0.288548304719221,0.36304330825805664,0.47019273042678833
B_task,1.535041455981682,0.37528279967968825,-0.5904961410174135,0.8826397061347961,0.6776392459869385
B_task,-0.8923705401857027,-1.07537777622993,1.5995230924557655,0.2074776291847229,0.21623443067073822
B_task,0.34296808794002415,-0.6177964387967183,0.8419851228768175,0.5616344213485718,0.39674702286720276
B_task,0.8923824953522247,0.36332186087451945,-0.8231501255543618,0.7778174877166748,0.6506209373474121
B_task,1.456846941018926,-1.548035611917074,0.8386004033371287,0.9296082258224487,0.29965707659721375
B_task,1.6651212476502018,-0.7096813275579379,-0.38994624696566316,0.8734802603721619,0.4663037359714508
B_task,-1.2399738277196952,-0.5927233519199597,0.710103463487644,0.13552100956439972,0.23398633301258087
B_task,1.0003235435239435,-0.7905142699919859,0.30764149659482204,0.7918000817298889,0.3781595528125763
B_task,0.7173855105275693,0.46065552981737223,-0.4202677141556721,0.6753462553024292,0.6049229502677917
B_task,-0.33900177224146866,-0.570032367561762,1.708678974072555,0.42160356044769287,0.3545377254486084
B_task,-1.0306822563084113,2.1107899474967007,-2.0147993120987575,0.025567099452018738,0.8844550251960754
B_task,-1.1951064645941325,0.1846431553593943,0.02484674085209658,0.16798147559165955,0.4868767261505127
B_task,0.7793268331967345,-0.53544262887168,-0.41814079873798327,0.7494608163833618,0.41502341628074646
B_task,-1.5044207894245782,-0.2653288378711643,0.7869790601896826,0.08400476723909378,0.2978719472885132
B_task,-0.7095924113367198,-0.29552670684712834,-0.010477590923885527,0.3126499354839325,0.38190630078315735
B_task,-0.8770257115331846,-0.3023813685964236,-0.0405022642251827,0.2552124261856079,0.3663926124572754
B_task,0.8212479194486445,0.3563142573526614,-1.3434101254140072,0.746100902557373,0.6024046540260315
B_task,-0.5389371254788071,-0.8078950348561988,1.612012383058422,0.3590598404407501,0.3030642569065094
B_task,-1.4216934077563685,1.8932826732717178,-1.5035426880351446,0.0871882438659668,0.8267325162887573
B_task,-0.5734344651235803,-2.3758480711136905,2.9797478871262633,0.37044209241867065,0.025622501969337463
B_task,-0.7317475963494391,0.2637416353976626,-0.06884005686877832,0.3268298804759979,0.5021856427192688
B_task,0.782878160997044,-0.3249593994057632,-0.11596184282575153,0.7170213460922241,0.4641583263874054
B_task,-0.5073175710507537,1.3982350634394396,-0.4581585315539529,0.32012221217155457,0.7528493404388428
B_task,0.5443676425637664,-1.4789292407303005,0.44680072387097286,0.6936156749725342,0.28533291816711426
B_task,0.22388444483564232,0.5719105598248532,-0.07601208710918077,0.5385944247245789,0.6706317067146301
B_task,1.4598121981736853,-0.20854634178609527,-0.9133912365675058,0.8877328038215637,0.504095733165741
B_task,0.9770751661086705,-0.44082490196675334,0.01204346613637121,0.7333651781082153,0.45167091488838196
B_task,-0.29407006907562916,0.8193396411704303,-0.5483614596727835,0.4079187512397766,0.7155132293701172
B_task,-0.12232236614563047,0.9298888933609676,-0.47680866600230165,0.4849095046520233,0.6851588487625122
B_task,-0.164467106512416,-1.4243772494774585,2.020639646343938,0.47138574719429016,0.23381029069423676
B_task,1.3890524449941484,-0.049619495010632064,0.2680264656320476,0.8717023730278015,0.56996089220047
B_task,-1.1934599539832667,0.9506262386616179,-0.40157451878490663,0.13803617656230927,0.6026173830032349
B_task,-0.38302257548886187,-0.5676565408256468,0.17838120060886736,0.42423000931739807,0.3499335050582886
B_task,0.15892731189080106,-1.035219858552194,0.8323355286450187,0.5349120497703552,0.3124927282333374
B_task,-0.26513422965018846,1.2265146297738079,-0.9448308728343298,0.4362228214740753,0.7207392454147339
B_task,0.42618578574000343,0.07730711284653217,-0.7153672049120957,0.5980284810066223,0.48763418197631836
B_task,-0.00964332260317555,1.96758017108014,-1.8638658597754294,0.49884310364723206,0.8758969306945801
B_task,-0.3439216527126823,-0.2569723564015414,-0.0017252779732916865,0.413695752620697,0.3939003050327301
B_task,0.8307169847490609,0.5246950898901106,-0.37820942223575055,0.6868129968643188,0.6519578695297241
B_task,-0.5767518508179417,1.3164243789802512,-1.2944547563125355,0.3293224573135376,0.7478170394897461
B_task,0.36692436427360003,-0.11519967795578816,0.8072846439461177,0.6069009900093079,0.516992449760437
B_task,0.7220848132793393,-0.15885675199384244,0.9945922191650521,0.728558361530304,0.49366459250450134
B_task,-1.2277768476878739,0.6243465501607386,-0.62271396225422,0.13064663112163544,0.5161726474761963
B_task,-0.6274972407427084,1.1032542167922461,-1.2065792161782007,0.3264521062374115,0.6469588279724121
B_task,1.6352770356096846,-2.3076087171796154,1.6680148970261506,0.944704532623291,0.15397034585475922
B_task,1.4718478877152088,-0.6111732551313075,-0.890682176906253,0.9660212993621826,0.4881337285041809
B_task,1.6948108646739704,-0.15660955853361513,-0.8919048298778439,0.9923887848854065,0.5832967162132263
B_task,-1.5866722590581948,-0.7116097181659418,0.9505916697874857,0.04252583533525467,0.27895182371139526
B_task,1.1221686993978026,-1.169175045555757,0.9659082385529827,0.8265087604522705,0.3077467381954193
B_task,1.58680132015237,0.04315652286180509,-1.0518756480338216,0.9352757930755615,0.6794670820236206
B_task,1.488211477677054,-2.0373060703673658,1.760621910931845,0.9019444584846497,0.19886241853237152
B_task,0.6194303179447938,-1.3403399918905539,1.865638616534099,0.7149413228034973,0.24012570083141327
B_task,0.653186041303452,-1.2872458650081455,0.40041472321502963,0.67561936378479,0.299178808927536
B_task,0.7588209955319102,1.1767967574084721,-1.5264732883521337,0.7196066379547119,0.7955230474472046
B_task,0.22720952000372774,-0.6621114639996915,1.1390063324301358,0.5748858451843262,0.39928391575813293
B_task,0.8645415817831194,-0.6096151330550414,0.04779112025846226,0.7884200811386108,0.44644784927368164
B_task,-0.22865219143643956,-2.197973652764585,2.374695392210183,0.5019295811653137,0.06895678490400314
B_task,-1.0177620558438103,-0.32100993335907985,0.1822346816473587,0.22593750059604645,0.36263421177864075
B_task,-1.5278035881945085,0.9549656288093298,0.3807659352940587,0.09434902667999268,0.6009370684623718
B_task,1.2860586043611435,0.020742646482237233,0.46981515749728,0.9082556962966919,0.6238446831703186
B_task,0.9007918134823157,-1.2775571465321478,0.6776018587635332,0.7548789978027344,0.2930130064487457
B_task,-1.2148488367343484,1.6107272244637054,-1.1385041902084152,0.17724193632602692,0.7412863969802856
B_task,0.8961774628821798,1.5832823997826495,-1.3603907254764072,0.8224582672119141,0.8938990235328674
B_task,-0.6590709900608168,0.04284974952870014,0.8039892043967153,0.3003467619419098,0.4362435042858124
B_task,0.32847348671792537,1.295120092857777,-1.5136479559736224,0.6356549859046936,0.7918851375579834
B_task,-0.44439429052832174,0.19511007860689558,-0.2415391745455871,0.35615286231040955,0.4535426199436188
B_task,-1.0346082869581528,0.902447734906478,-0.4671114059518035,0.21416307985782623,0.6070638298988342
B_task,-1.1459034198480695,0.8243117164847831,-0.589094832030506,0.1756087690591812,0.5371754169464111
B_task,-1.4372087934787339,-0.1564186457599415,-0.5480889147610105,0.07095031440258026,0.40714043378829956
B_task,-1.373371698326378,-0.18663244431631934,0.006064225740668267,0.07443855702877045,0.4237513840198517
B_task,-1.4634418593654377,0.679841420141738,-0.2096765348569575,0.06909020990133286,0.5422025918960571
B_task,-1.3944168585967123,0.24407748350182487,-0.08386357382142617,0.08991876989603043,0.44734880328178406
B_task,1.0589536448763186,-0.0027143919080175813,-0.7981217262964051,0.8340293169021606,0.5836151838302612
B_task,0.07981869782479449,0.07226469118081051,0.14135821286082495,0.5178083181381226,0.5242399573326111
B_task,-1.1236095109395445,2.2108748590843406,-1.8417516034125985,0.12858401238918304,0.8580396175384521
B_task,0.05580046021855517,-0.3049353522977866,0.6219610446960172,0.5249946713447571,0.4346654713153839
B_task,0.12632904268356576,0.6413019599473211,-0.5338352465620219,0.5426297783851624,0.6049830913543701
B_task,-0.11155578010597561,0.8558832160076872,-0.10234563658794535,0.49659204483032227,0.6724900603294373
B_task,-1.0978089507383602,0.19722431835342857,-0.014794278205074516,0.20648635923862457,0.47705215215682983
B_task,-0.17152934063677328,-0.10006963279546428,0.7163107462163649,0.4343978762626648,0.5064213871955872
B_task,1.4279202635344763,-1.1421560042563355,0.8178987993818139,0.8708564639091492,0.32661503553390503
B_task,-0.33829803252591883,0.17259753434762595,0.4077103825983741,0.3837354779243469,0.47467684745788574
B_task,-0.02762630878912407,1.1103692408498353,-0.5752819070976398,0.5039852261543274,0.7357986569404602
B_task,1.818508001934176,-0.7122275769356132,0.24807707130555062,0.9302424192428589,0.5000383853912354
B_task,-0.9490573818814816,0.8739458181481177,-0.05983963058972347,0.2328013926744461,0.5858252048492432
B_task,0.8419839540871221,-0.24767306180566892,-0.16103617437364176,0.7255076766014099,0.4935092329978943
B_task,-0.19291395230653954,0.5599829340647011,-0.494180603251587,0.48384132981300354,0.5865499973297119
B_task,1.128873309592563,0.7492887873413635,-0.5364945634618987,0.7873679399490356,0.7035713195800781
B_task,-0.5074996096680919,-1.5274542781936984,1.6661927652898074,0.35967350006103516,0.17734873294830322
B_task,0.13940888044168698,-0.5836605036630366,1.0548994341406979,0.5423586368560791,0.4109581708908081
B_task,-0.378441570675992,0.017357407737312234,0.4374382351013147,0.3682859539985657,0.46976184844970703
B_task,1.1547629957184273,0.3308149581307749,-1.085162296579363,0.8661492466926575,0.6048979759216309
B_task,1.0522762137821426,1.5250031130386357,-2.1066976446337273,0.9148178696632385,0.8730193972587585
B_task,0.43269547007146697,-0.5415592712602264,1.2661295050282053,0.6318212747573853,0.41454657912254333
B_task,1.6691217438378605,-1.1377417696421757,0.855528454651192,0.9810202121734619,0.44922196865081787
B_task,0.7323773965308241,0.7788456479818342,-0.47475567326957424,0.7320556640625,0.6914774179458618
B_task,1.095183738345704,-0.08315513945302938,0.7154495479774814,0.8304239511489868,0.5920624732971191
B_task,1.2491079090404584,0.9519527002095829,-1.6781902455231177,0.8947206735610962,0.757251501083374
B_task,-0.7071915309783889,0.7067198210101836,0.7220986129488421,0.2719057500362396,0.586383581161499
B_task,1.327287318118425,-0.06780493236683456,-0.7354116793259609,0.9866779446601868,0.5920273065567017
B_task,-0.3479970062723831,-1.9668478554742839,2.326597225941713,0.3904140293598175,0.08572137355804443
B_task,-0.166757979930071,-2.0553865903723842,1.5730330610284902,0.4972125291824341,0.11445631086826324
B_task,-1.0589254495770457,1.2089747473081365,-1.582206501530082,0.1803237348794937,0.687663197517395
B_task,0.9224700648583716,-0.6443991620601446,-0.31002883306245305,0.8214787840843201,0.38604339957237244
B_task,-0.642717420662048,-0.5475498698647591,0.4302291343564094,0.3368976414203644,0.353944331407547
B_task,0.7492635548110571,-1.105232458698374,-0.3061926332151347,0.6893444657325745,0.3719629943370819
B_task,-0.8810339007942736,-1.2688573125678484,1.171337077229391,0.21835559606552124,0.15099486708641052
B_task,-0.5089713461836033,0.118282980831534,0.8484917141539702,0.35136306285858154,0.5142025351524353
B_task,-0.44787906341008676,-1.359882021750593,1.834572216634914,0.38424447178840637,0.22828157246112823
B_task,-0.925224270369025,-0.3204361681411072,0.7558227471946889,0.23662398755550385,0.3709621727466583
B_task,-1.498735282371523,-0.12277012741808321,-0.34076889156422197,0.03506344184279442,0.4195840358734131
B_task,1.0419016542653055,0.3356088951492151,-0.3503429534905109,0.7702088952064514,0.614017128944397
B_task,1.645573074656933,-0.39626119146647215,-0.29374953812186555,0.9503546357154846,0.49337705969810486
B_task,-0.991314570299759,0.8926431747986397,-1.125712473320502,0.2262478619813919,0.6209884881973267
B_task,-1.1905337724492897,0.16408887220685578,0.29251713779441124,0.16265136003494263,0.4204573929309845
B_task,-0.602082308355474,0.7780545023495331,-0.6069445989259756,0.3476041853427887,0.6428467035293579
B_task,-1.4767695299270942,-0.454030020023052,1.524074017995506,0.08276600390672684,0.31649038195610046
B_task,0.5288410077249095,-0.4384079995166109,1.1735245045815128,0.6497328877449036,0.44744113087654114
B_task,-0.5462799026313643,-0.5460801149667809,0.9614474418027169,0.3685525059700012,0.3696882128715515
B_task,0.3519407740991958,-1.6885595944423097,1.6375818672678775,0.5624785423278809,0.22197039425373077
B_task,1.3994076623270253,-2.3181176570576962,1.8242070815751479,0.9058499932289124,0.08412188291549683
B_task,1.4107675771673578,-1.0102090953789897,-0.13580196825313717,0.8615793585777283,0.41973957419395447
B_task,1.3163239579339716,1.1512313260980673,-2.214300183424186,0.9216768741607666,0.8316648602485657
B_task,1.6837575977577801,-0.7291798492905338,0.21407504112573314,0.9350576996803284,0.4647189676761627
B_task,0.4038976902084765,-1.1210188021928138,0.6789986534447615,0.5898193717002869,0.31563839316368103
B_task,0.025489189712064278,1.0103317273521413,-0.7948634408541767,0.5023002624511719,0.7332167029380798
B_task,-1.6576718710093528,-0.34565320627104823,0.7337462630478213,0.03761516511440277,0.35052230954170227
B_task,-1.4368693850380942,-1.4653285870583999,1.5438896950529626,0.10244131088256836,0.09043321013450623
B_task,0.02180834168263157,0.7512901747869323,-0.8481591957382807,0.523923397064209,0.6192054748535156
B_task,1.3065334835643843,-0.12706465777734763,0.44205219364602993,0.8560082912445068,0.5911967754364014
B_task,-0.28758549820144785,-0.25472578737455753,-0.07416716452364458,0.432634562253952,0.41452088952064514
B_task,-1.4867693847958092,-0.5871619945769688,0.7996362081215325,0.0037293622735887766,0.351073294878006
B_task,-1.0164438104714737,-0.08582338334491707,0.07830908066890921,0.21230310201644897,0.37883293628692627
B_task,0.8764020238519947,-0.01021571585280186,-0.5126975674627178,0.7599704265594482,0.5704048871994019
B_task,-1.1682417202137003,-0.5564353147492779,0.6346879458766611,0.1584179848432541,0.26760146021842957
B_task,-1.1301224109759695,-0.310330140901132,0.2899061026802451,0.19957633316516876,0.3295389413833618
B_task,-0.6682964366125977,1.2391100556243768,-0.8808468357422171,0.2855360507965088,0.7004129886627197
B_task,0.3537651363391284,0.4418194873335429,0.470278789368588,0.6092833876609802,0.6794360280036926
B_task,1.0642972675215303,-0.44705432446779086,-0.5435105836045596,0.8364055752754211,0.39226892590522766
B_task,-1.018397139617063,1.403017591210894,-0.4394508049426347,0.2188948392868042,0.6633775234222412
B_task,0.2517022691181563,0.03476479354365512,0.4859627473543613,0.5994678735733032,0.546114444732666
B_task,0.15648468211265262,0.5242879313465236,-0.07093373125466589,0.5299406051635742,0.6468740105628967
B_task,-0.10846544092594639,1.3019374116952467,-1.1568795159735512,0.4448642134666443,0.7274617552757263
B_task,0.1820363952368184,0.4923447055262319,0.07572227637750921,0.5804204940795898,0.6319276690483093
B_task,1.1145811543511248,-0.12383022355409677,0.18504805475330824,0.814118504524231,0.5301180481910706
B_task,-1.0398713989501958,1.2378854687712837,-0.4914538749043768,0.21748805046081543,0.6739952564239502
B_task,0.03810492910104023,-2.057009125431563,2.356208751226619,0.49723416566848755,0.11369992792606354
B_task,-1.4183766744178792,-0.5151469131281888,0.4769148672388079,0.09792055934667587,0.2801940143108368
B_task,0.005017261807926922,0.28917484890281137,-0.10256006798269232,0.5132375359535217,0.5511545538902283
B_task,1.2285547100017866,0.35977734398239336,-0.8494522595625853,0.7910078763961792,0.6037814617156982
B_task,1.6369900344635375,-0.3790969579406338,-0.20090649319715836,0.9985588788986206,0.5481676459312439
B_task,-0.05724536311488311,-0.15349821193347576,0.2752432763834758,0.4756930470466614,0.4767143726348877
B_task,-0.875689472400428,1.386061625897137,-1.3133645088815518,0.29660341143608093,0.7186549305915833
B_task,0.19166921142095253,-0.06032395652487298,1.2607850186925362,0.57950359582901,0.5270676612854004
B_task,-0.3893979959461859,-0.3101632825654655,0.7924082868407524,0.3717520534992218,0.4262155592441559
B_task,-1.3353581152465404,-0.9116756007223741,1.113270066757122,0.11700239032506943,0.2446276992559433
B_task,-0.0472343344858144,1.3777830067528523,-0.9816024542782568,0.5244985818862915,0.7861011624336243
B_task,0.921332066046462,1.5520661187331455,-2.09377298092182,0.799135684967041,0.8843722343444824
B_task,1.3433595622079726,0.29304594047503474,-0.3378572117919515,0.8911272883415222,0.7080482840538025
B_task,1.6043181935931132,-0.4944729280400409,-0.4097314199819484,0.978111207485199,0.5586293339729309
B_task,-0.4766153437674917,-1.1214485525538704,1.9270789013500755,0.36772462725639343,0.2653220593929291
B_task,-0.9083537607313646,-0.9257290964881092,1.9540383417981009,0.2516651749610901,0.23272067308425903
B_task,-1.3269084300238874,0.7953714223848805,-0.14720445918012395,0.11082077026367188,0.5596889853477478
B_task,-0.20152432385181196,-1.383387422392448,2.1898058674526335,0.43623191118240356,0.24395956099033356
B_task,0.9587671671111756,-1.4943860915591323,0.6122656381972646,0.8070271611213684,0.26062875986099243
B_task,-0.8862117972060876,1.2375342269440712,-0.09305076504781866,0.2346447855234146,0.6348143815994263
B_task,1.1368776184386906,0.8239651550357002,-1.0728035946068224,0.8495665192604065,0.7619770169258118
B_task,0.6908931178491751,-0.031681948509991946,-0.3974530422740232,0.7117370367050171,0.5185730457305908
B_task,-1.0677032520401633,1.486050931571907,-0.8374694671335845,0.20094281435012817,0.7244064807891846
B_task,0.510249921681309,-0.5128379077731882,0.26287502001066365,0.631751537322998,0.43165868520736694
B_task,1.0571419289379858,1.3327817883030681,-1.8204409757535296,0.8196921944618225,0.8039644956588745
B_task,1.5288307165498576,-2.3787414148352686,1.6054537534844884,0.9328703880310059,0.12204833328723907
B_task,-1.1862135923519808,1.1148934377778774,-0.4694648825171322,0.16221477091312408,0.6033961772918701
B_task,0.9484110565574823,1.0868456307028547,-1.00717114880964,0.8220151662826538,0.7837018370628357
B_task,0.7253758137116934,0.514083608675021,-0.18926362932631002,0.7758491039276123,0.6703374981880188
B_task,-0.8112086677946857,-1.7779999523621093,2.4055516338776846,0.2437216341495514,0.049500126391649246
B_task,-0.8177127194414511,0.5635973695752463,-0.8444768425752923,0.29458141326904297,0.5234484672546387
B_task,1.1872003750892786,0.08884154702334825,-1.659395899251135,0.957084059715271,0.5947733521461487
B_task,-0.405614646496981,-0.5269797152291078,0.6085654388091258,0.36201605200767517,0.34974774718284607
B_task,-0.6133986373789765,1.942008258180073,-2.0710139609569618,0.28897610306739807,0.8553354144096375
B_task,0.7561188535563168,1.2261535990379626,-1.165511962706271,0.7200111150741577,0.8098419904708862
B_task,-1.305869999770688,1.575343241872284,-1.1755571610014417,0.1329060047864914,0.7490881085395813
B_task,-0.08982673773031916,-1.2198097539848012,0.5471762589855161,0.4831693172454834,0.2633591890335083
B_task,-0.4255609949962034,1.475886937307013,-0.7185583842573837,0.35813313722610474,0.709805965423584
B_task,0.16266978247364303,-0.3558265181166242,-0.3210299495148993,0.5439863204956055,0.4328250288963318
B_task,0.36255231461000154,-0.7920481156537379,0.8236297269036784,0.6032501459121704,0.3838784694671631
B_task,0.5576067804995257,1.623508332668348,-2.1521342296072152,0.6401074528694153,0.8627526760101318
B_task,-0.36590880941430465,-0.647921718533895,0.5341983132562559,0.43239906430244446,0.29792267084121704
B_task,1.2076944020616507,0.2745160047558718,-0.5310504125238391,0.8869324326515198,0.729397177696228
B_task,1.1328647140051997,0.8140026312291476,-1.4498849948321648,0.8356760740280151,0.7742099165916443
B_task,1.3508805613918808,-0.9348207133738052,-0.1093501178125889,0.9333577752113342,0.3909580707550049
B_task,0.3067395608231923,2.0266117013552893,-2.5801467543019916,0.4459056556224823,0.9272812604904175
B_task,0.8981614971090547,0.4478710830772765,-0.46571535735767805,0.7300859093666077,0.6548706293106079
B_task,-0.32537115158328256,0.11888123635045161,-0.5740530644238769,0.4306957721710205,0.46286773681640625
B_task,-0.7708845764873565,-0.5026173845401548,0.923826642621028,0.27878275513648987,0.36421865224838257
B_task,0.6347473264646879,-1.7121132204202163,0.8164170744634056,0.6518864631652832,0.23149266839027405
B_task,1.694648816747388,-0.8539371240227064,0.6257438886014487,0.9459871649742126,0.45982396602630615
B_task,1.112837690853706,1.506963696518828,-1.9059322202945848,0.8043078780174255,0.909103274345398
B_task,-0.4716998551562586,2.3439789825889337,-2.114659920302813,0.2852017879486084,0.930527925491333
B_task,-0.867753069190806,0.33933953097864594,1.0053734002232277,0.22810575366020203,0.45102718472480774
B_task,0.8021414977129554,1.3062789542219793,-1.0811577076156749,0.7716454863548279,0.8116440773010254
B_task,0.6189453639654219,0.0832646667363558,0.4020968573246034,0.7051284909248352,0.5343621373176575
B_task,1.3241782813951783,0.3870504010426518,-1.2971604577487112,0.8636017441749573,0.623615562915802
B_task,-1.329577890641294,1.686107625163444,-1.070546476870405,0.1463616043329239,0.7006812691688538
B_task,1.3040457025415921,-0.17022536067655009,-0.4485246165479798,0.8616792559623718,0.49559471011161804
B_task,-0.22513290704237382,0.23615765254444582,0.7311171691243155,0.4326254427433014,0.6139644980430603
B_task,-0.8490666351703463,-1.150884969781815,0.964810114921937,0.2733454704284668,0.2010212242603302
B_task,-0.5015405972052134,0.8119775683317084,-0.1339676532393948,0.34324467182159424,0.6054038405418396
B_task,1.6959179645756732,-0.7745921671330943,0.47180482920046146,0.9935039281845093,0.5122849941253662
B_task,1.6989953520321752,-1.3747671450127736,0.9300626529198844,0.9560320973396301,0.35872745513916016
B_task,-1.5077433689683741,-0.18217400086332275,0.2305289444723277,0.083746038377285,0.42507168650627136
B_task,-0.6703369344882263,0.12165612863076025,0.1659099372105548,0.315188467502594,0.4918823838233948
B_task,0.7107927013246351,0.6433439794838296,-0.2414114826895272,0.7195790410041809,0.678166389465332
B_task,-1.58319004579511,0.6572678323087289,-0.09893367627698177,0.03532513231039047,0.5287155508995056
B_task,-1.4751740667314246,1.5550099456526305,-0.9141019498661762,0.035923656076192856,0.7788496017456055
B_task,-1.5571278463631755,0.3026040269420269,-0.7598885615935276,0.04489029198884964,0.5240772366523743
B_task,1.219915328676562,0.4819873606866453,-0.7233033846167773,0.8684448599815369,0.6976139545440674
B_task,-0.5623119649601435,1.07065976241052,-0.06328592285079195,0.3337324261665344,0.6944257020950317
B_task,-0.6870008083199269,-0.5088174009723406,1.1147068471232882,0.3187398314476013,0.3451671600341797
B_task,0.7610416677967248,-0.7964575979135649,0.17618591760258032,0.7933438420295715,0.3638056218624115
B_task,-0.6957525858388297,-0.5741001371026134,0.34214208362213316,0.31856629252433777,0.32561278343200684
B_task,0.8112820599303091,0.2322264420664575,-0.43599952461097197,0.7384308576583862,0.560901403427124
B_task,-0.4456864518006746,-0.22544128528319596,0.570931967019562,0.369340717792511,0.4017336964607239
B_task,-0.5969407812306999,-0.6913680757928999,1.3803183584535557,0.297519326210022,0.30327990651130676
B_task,-0.36421622223026673,0.672444268845929,-0.36554995598972173,0.38722652196884155,0.5862400531768799
B_task,-1.0997100405203937,1.7841289343050653,-1.354865500404635,0.16803723573684692,0.73199063539505
B_task,-1.5677485716827553,-0.3825011523978511,0.9915656710725372,0.07501114904880524,0.3102080523967743
B_task,1.6036107721954669,-1.6800850649485333,1.1297816986772145,0.8712014555931091,0.2726573348045349
B_task,1.1878098085874045,-1.4669183024737016,1.6755760895504768,0.8683831691741943,0.27768298983573914
B_task,-0.18066814189717456,-1.142836588205369,1.5764042616175917,0.46082133054733276,0.2497127801179886
B_task,0.6155122899249134,-1.1438211371499198,1.8671341041917544,0.688376247882843,0.32163894176483154
B_task,1.5880982544464841,-1.7344769682152608,0.473545754182564,0.8626496195793152,0.23268437385559082
B_task,-0.366797195637791,-0.5160007079866102,0.6527385669471832,0.3907233774662018,0.3256990611553192
B_task,0.8278181439648312,-0.8467879031481981,-0.4889554540118192,0.7118103504180908,0.38425493240356445
B_task,0.6939494235960996,1.3527479068752832,-1.51463434687925,0.7547914385795593,0.8189603686332703
B_task,-1.5624034480110631,-0.27853422951058726,0.6974630144294743,0.078074611723423,0.3319903016090393
B_task,-1.3104650788631558,0.008709459209724765,0.5172833583716016,0.13816207647323608,0.3870645761489868
B_task,0.7649424294491366,-0.9069977246223633,-0.45381520308998274,0.7503299713134766,0.38465049862861633
B_task,0.8007031159349913,-0.27118808873268696,-0.4499005628937773,0.7056489586830139,0.5280707478523254
B_task,-1.2268224051498988,1.3697789632520494,-0.244019149007439,0.18526747822761536,0.6976243257522583
B_task,1.1457799953194177,0.035559043071167584,0.09514584618684968,0.8267319202423096,0.5551983714103699
B_task,1.1136677804070731,0.47522866704671,-0.8946547994684068,0.8009011745452881,0.6474270224571228
B_task,-0.5508243460132592,-0.4564302033953463,-0.42540563379783186,0.3327435255050659,0.3451896011829376
B_task,-0.385626832021993,0.1629205229184684,1.171499968586377,0.34028199315071106,0.49715444445610046
B_task,-1.3429809449685295,0.1834415573177452,0.5550292513646136,0.11057199537754059,0.41674089431762695
B_task,-0.1351738667862115,1.7005625201725272,-1.1229408180162692,0.44548314809799194,0.7813027501106262
B_task,-1.4141030160348633,0.5879866126402283,-0.12257275077063684,0.10976126044988632,0.5402804613113403
B_task,0.11815011092427886,0.9535370287254435,-0.4487764864212576,0.543407142162323,0.7053901553153992
B_task,0.380309461875069,-0.8181564646836443,0.5227727156926752,0.6245833039283752,0.36477553844451904
B_task,0.27181256003779763,-0.16511391479479917,-0.15763841185304106,0.5819411277770996,0.49596282839775085
B_task,-1.5453592027487242,0.48520194269299793,0.6783846653280856,0.07164854556322098,0.5286297798156738
B_task,0.31985671511866426,-1.6843342073893561,1.7121193579906107,0.6216704249382019,0.18055787682533264
B_task,0.9495668974937365,-0.4053402103447859,0.15270227422040547,0.7522149085998535,0.4638179540634155
B_task,-1.2421137322470244,1.4183748520057289,-0.9973199147793431,0.1418532133102417,0.7278506755828857
B_task,0.36632056369815214,-2.0054019292372427,2.1817640370601685,0.5950767993927002,0.16891074180603027
B_task,1.1101776040390945,-0.8428420966805569,-0.34761993193532337,0.8190554976463318,0.36036792397499084
B_task,-1.1512391818853693,0.5669484615748013,0.06093141933823682,0.19361944496631622,0.5304957032203674
B_task,1.4327149304781754,-2.1066012770111207,1.080583499100565,0.9134148955345154,0.13030613958835602
B_task,1.3508561865545188,-1.2684293376393487,0.226477497344883,0.9719140529632568,0.35497331619262695
B_task,0.7963082828526583,0.8414288244035618,-0.5582762514105327,0.7116445302963257,0.7279355525970459
B_task,1.2601349753001585,-1.8628637022744536,1.3673656285766145,0.8720357418060303,0.17839261889457703
B_task,-0.8380492467005708,0.3547969112343145,0.28726921057670357,0.2717827260494232,0.5292154550552368
B_task,0.6259927809150942,-0.46493359889007235,-0.7559668291475056,0.6649683713912964,0.43818366527557373
B_task,1.248223943992916,1.2711703093321982,-1.4655266077720113,0.9261442422866821,0.8736094236373901
B_task,-1.5013019595511292,1.7049722088814396,-1.1065544787182489,0.044729020446538925,0.7635605335235596
B_task,0.9483464507690218,-1.3587381280758588,0.9641980316144532,0.8208245635032654,0.24985748529434204
B_task,-0.8970628717368775,-0.7535201028873438,0.7274031610265873,0.23692317306995392,0.27400365471839905
B_task,1.0695140835647923,0.5338283158509146,-0.8944503805793135,0.8011131286621094,0.6846552491188049
B_task,0.6016884038566016,-1.770268047772397,1.9317421230729677,0.6424195170402527,0.1538011133670807
B_task,1.0965717077151906,0.8440560108668195,-0.7084423177492825,0.8015446066856384,0.7420947551727295
B_task,-0.3960050958288871,1.7324795997748503,-1.0849265196779294,0.4009949862957001,0.8225361704826355
B_task,-0.26758553384201755,1.562164260184598,-0.9310298653935721,0.45021605491638184,0.8417526483535767
B_task,1.506380936936695,0.24278755707005065,-0.31084841086472953,0.9242973327636719,0.693291187286377
B_task,-1.5450023650820903,0.2732959539166489,0.3887011641225456,0.07123369723558426,0.4650806784629822
B_task,-0.9595272434718927,1.6869985284605853,-1.8848349387754952,0.15620072185993195,0.7608635425567627
B_task,1.663237303119356,0.0629318198384721,-0.9987091133819589,0.9728323817253113,0.6175526976585388
B_task,1.6900159294836365,-0.7600952334681982,-0.21078500750362436,0.9132512807846069,0.44133955240249634
B_task,-1.147517520083184,-0.32642101191373124,1.423898800642159,0.1468680500984192,0.3062892556190491
B_task,1.3632652292961536,-2.272094633535671,1.629114092281502,0.9734592437744141,0.15296000242233276
B_task,-0.8378990122648718,-0.07782946060773656,-0.06330099942635965,0.265455424785614,0.420076847076416
B_task,1.4765258133744144,-0.31635849616157036,-0.9348333042799044,0.8921068906784058,0.5503377914428711
B_task,1.2787504384970918,-0.25488679731220026,0.7947811421089429,0.9047752022743225,0.573725163936615
B_task,-1.6655773511270164,0.8592174379948582,0.7567395244598425,0.023745793849229813,0.5974583625793457
B_task,-1.6987996952574926,-0.5016279598489249,0.7398264293160317,0.009711635299026966,0.382697731256485
B_task,-0.7167081633746963,1.0800391918280376,-0.4949360318890438,0.3269948661327362,0.7188946008682251
B_task,1.3361491062018356,0.762860823176116,-1.1656349794048106,0.9311784505844116,0.8003690242767334
B_task,1.1324127367932972,-0.44572974292307976,-0.29634447799762303,0.7913436889648438,0.4719284474849701
B_task,-0.47172910325408823,1.6357256347306464,-0.9553738258315605,0.3868509829044342,0.8096731305122375
B_task,1.1661806924196085,-0.410896254867643,-0.0625206042583754,0.8580108284950256,0.5050477385520935
B_task,-0.7488294987791422,1.4778514413393877,-0.574749223469258,0.30756184458732605,0.7705082893371582
B_task,-0.5744058751804738,1.7808556251943781,-1.1409859244692078,0.347417414188385,0.7987903356552124
B_task,-1.0223931123973327,0.1622933485611699,-0.5947683171603482,0.19047832489013672,0.4967505931854248
B_task,1.6844920187830523,-1.5656101959990945,0.45848430102229404,0.9595510959625244,0.3200191259384155
B_task,0.9404150549736576,-1.5021403473862773,0.12199768112848565,0.8036306500434875,0.26665347814559937
B_task,-0.1687077149397529,-0.40294428610965904,0.10820054326878611,0.4624248147010803,0.3863101601600647
B_task,-0.8541830807298794,-0.0768618688000828,-0.15998363667767335,0.26427656412124634,0.44703400135040283
B_task,1.5255143642379787,0.3119236922788545,-0.5945308659186124,0.9659795761108398,0.7170132994651794
B_task,-0.3874373417222554,-0.8518462677528023,1.0899055205837958,0.39681997895240784,0.3355597257614136
B_task,-1.0486332311283044,0.7268567994963318,-0.21189988452238906,0.21070556342601776,0.5853610038757324
B_task,-0.22489594166054327,0.31489100292680505,-0.07450724711204787,0.42465639114379883,0.5830501914024353
B_task,0.6588051982126092,-0.9816316627392506,0.15510039530288966,0.7191216945648193,0.35811907052993774
B_task,0.9486082393004414,1.398434724119696,-2.116264933984266,0.7706847786903381,0.8251228332519531
B_task,-1.4332446128477112,1.0818791543097963,-0.24120836785635733,0.1089855507016182,0.5837938189506531
B_task,1.3917329035935975,0.18046199377880331,-1.2679558824186132,0.9459307789802551,0.6060248017311096
B_task,0.7585580917012621,-0.37381653127288933,1.1571082170497495,0.6745707392692566,0.4990597367286682
B_task,-1.486821351801488,1.1950815522797422,-0.7444683745688789,0.06249576061964035,0.6874233484268188
B_task,1.1507282318093008,-0.7672669026782922,0.11384978337104586,0.8374364376068115,0.4212958514690399
B_task,1.1471467175867236,1.5236565509400992,-2.034478646082394,0.9719037413597107,0.9047972559928894
B_task,1.2302443554619338,-1.5809278935772666,0.5821836242474931,0.8377476334571838,0.2450842559337616
B_task,-1.6816665630570158,-0.2997831022577922,0.2121973987581985,0.0097848791629076,0.36784517765045166
B_task,-0.05034099599789923,0.3331082316619689,0.5660837317400664,0.47308892011642456,0.5932886600494385
B_task,0.15552884863434036,-1.5941492671212092,1.3859283843533026,0.5891737937927246,0.21773013472557068
B_task,1.477869107879997,-0.4268100273584225,0.04490955563063344,0.8879987001419067,0.5015664100646973
B_task,-0.08418254937159979,0.36158543509271085,-0.020379459836580266,0.5027604699134827,0.5696538090705872
B_task,-1.6521767186177132,-0.18922838674471504,0.6905157395719936,0.07732381671667099,0.32753902673721313
B_task,1.802582705491849,-0.7285858969134084,0.1742566689710397,0.9335255026817322,0.4770790934562683
B_task,1.7788732512106418,0.3172713306732777,-1.3225252674577714,0.95173579454422,0.6305288076400757
B_task,-0.14383865931719284,-0.865515275962189,0.7938889713486531,0.4861622154712677,0.29941946268081665
B_task,-1.4362086970809012,-0.8730134970936079,1.0022215684247433,0.053442735224962234,0.2790564000606537
B_task,0.9067506513288581,-0.5258545304183758,-1.025556436989888,0.8388906717300415,0.41791069507598877
B_task,0.9237276800641528,0.3654567080436926,-1.220241041398814,0.741672694683075,0.5930054187774658
B_task,1.1774481997339379,0.3791342408745787,-0.765468809533794,0.9712340831756592,0.7210550308227539
B_task,-1.6235416527792559,-1.1136706229199975,0.7904682725557117,0.007313694339245558,0.2194267064332962
B_task,-0.12126224843917455,0.16713095289157062,-1.02571715164189,0.43549445271492004,0.48741471767425537
B_task,-0.7540707833679708,-0.25562426358185447,0.3790513171672364,0.2838023900985718,0.40253710746765137
B_task,-1.4979921363406112,-0.5983210676784714,0.9505578668820491,0.10770509392023087,0.272804856300354
B_task,0.7434850356223983,-0.985564423553927,0.7092628286067729,0.7351346015930176,0.3158002197742462
B_task,-0.5970166056238949,1.4560469033960377,-0.3685392374744331,0.3412149250507355,0.7824870944023132
B_task,-1.5343175502910507,-0.17094930306967557,0.10962041202009663,0.038969140499830246,0.4339250326156616
B_task,-1.3479719092523659,1.1827721131141797,-1.3347320672153995,0.1336268037557602,0.6801353096961975
B_task,1.187817859107336,1.3182258671885658,-2.0681590208992824,0.806000292301178,0.8034098148345947
B_task,0.1080165273371153,-0.9006771203340741,0.7902233052067006,0.6058710217475891,0.3446209728717804
B_task,-1.0936525120613134,-0.5641819918406542,0.3942570606300263,0.2150506228208542,0.3116089999675751
B_task,0.41793419407649574,1.5361631850387494,-1.7654541669437256,0.6960422396659851,0.8423120975494385
B_task,-1.3528413945373905,0.2802101216839287,0.22656382690437207,0.13040480017662048,0.41007259488105774
B_task,0.5103774459864377,0.6922133676869794,-0.4723221554093206,0.6731877326965332,0.688173234462738
B_task,0.3451122169154124,1.3362306615408903,-1.6570350177517081,0.6550402641296387,0.7981117963790894
B_task,-1.421858255427702,1.1865862557808984,-0.8638973887953124,0.005525731481611729,0.6932423114776611
B_task,-0.0912092498725725,0.8620584758616506,-0.1987540531445191,0.5115154981613159,0.7166352272033691
B_task,0.695392349500954,1.534734749253727,-1.5714862237371245,0.726315438747406,0.8237445950508118
B_task,0.819504905815599,0.4341347578357072,-1.441542527924001,0.7585337162017822,0.6244853138923645
B_task,0.7045125183312579,-0.11045353103842785,0.784140441014139,0.7057083249092102,0.4903870224952698
B_task,1.0988354188957474,1.3607256175094808,-2.4024640307317826,0.88504558801651,0.8158244490623474
B_task,0.965746893084908,0.7142198725556275,-1.5721959338989009,0.7562078237533569,0.6987394094467163
B_task,1.3193564444357668,-0.17059126231998903,-0.6773873308491389,0.921989917755127,0.5499576926231384
B_task,-0.27301814112361295,0.9530119190492956,-1.3059555594157346,0.414806991815567,0.621489942073822
B_task,-1.570560423912474,-1.025067760463648,1.2960419663119855,0.03416098654270172,0.23677068948745728
B_task,-1.0377658621404915,0.18958940091564866,0.052341306749855196,0.1810034215450287,0.458916038274765
B_task,-0.9034955378384028,-0.2855193335905499,0.46196075565088246,0.2877822816371918,0.38634192943573
B_task,-1.5063151728518749,1.2491857900183765,-0.6585652183465678,0.04179161414504051,0.6531255841255188
B_task,-1.2429524573617146,0.4825609059127454,-1.279419864212904,0.10815954208374023,0.5527516007423401
B_task,0.03983264164066061,-0.07005170155590071,-0.5265391184980129,0.5187790989875793,0.4821339547634125
B_task,-0.9138023839748037,0.8107200043369389,0.8213066053222626,0.2524893879890442,0.6195229291915894
B_task,-0.7171828576969707,-0.10442663547816929,1.1347815241607648,0.28553512692451477,0.396150141954422
B_task,0.7376125057236471,0.3453716477513891,-0.35583617858724687,0.7414695024490356,0.5941993594169617
B_task,1.1382896804485427,-1.6952979279080806,0.1041029572569996,0.8546796441078186,0.24697154760360718
B_task,1.111264100157523,-1.5871649062938966,0.5376936339478534,0.8620398044586182,0.3057330548763275
B_task,-0.43113774813673694,0.41054511595113247,-0.34715554286544126,0.37062159180641174,0.5488685369491577
B_task,0.6885300434929167,-0.5803684927353177,0.445076017203098,0.7096300721168518,0.4120039939880371
B_task,1.2204130603497245,-0.1148674926838028,-0.6123990918608072,0.8523046374320984,0.5309401750564575
B_task,-1.235215114429018,0.9792326280070877,-0.6109137846622861,0.15095753967761993,0.6427971124649048
B_task,-0.9959036078663653,1.243940637925765,-0.00046928092569097855,0.20055367052555084,0.6463508605957031
B_task,0.6924703971724755,0.6774268309831754,-0.3762058711839512,0.6479603052139282,0.6994537115097046
B_task,-0.8763027185158382,2.0236635676546313,-1.7560098323262041,0.2655503451824188,0.8504022359848022
B_task,-1.081403804462623,0.07597765347534877,0.5812637694543723,0.19267715513706207,0.37872523069381714
B_task,-0.4887500257693947,-1.263411812704964,1.1394619357531062,0.36752021312713623,0.23442794382572174
B_task,-1.4659298987400085,1.7252929265367183,-0.5370636612868451,0.01598324626684189,0.8039684891700745
B_task,-0.20343519958066436,0.607902082005993,-0.0732792077931938,0.43831926584243774,0.6760542392730713
B_task,-1.6636543086495823,0.5125559315627042,0.23223210895438562,0.04726994037628174,0.49165722727775574
B_task,-1.0738102868090735,1.8701567654857432,-1.398265399311356,0.24471025168895721,0.7754029035568237
B_task,-0.8918384970722039,-0.12760268829630347,0.5717921374594702,0.21754220128059387,0.40836507081985474
B_task,-0.612785755653413,0.8810665914822727,-0.48777997755046293,0.3294452428817749,0.5877273082733154
B_task,-1.2826017339328188,1.192891871465729,-0.9424217444784456,0.125389963388443,0.6586239337921143
B_task,-0.23208312981000637,1.0679803923053126,-0.7428127518142036,0.47119641304016113,0.6624104976654053
B_task,0.6376057574158907,-1.9716063145537965,1.64811790206176,0.6878566145896912,0.15497519075870514
B_task,-0.5449178090750678,-1.1805635368702554,0.8030795531146655,0.3389289379119873,0.25712794065475464
B_task,1.6288164263762304,0.14450030535455444,-1.1155553060058605,0.9271932244300842,0.6605112552642822
B_task,1.140270167955931,0.32474278429291364,-0.05000501501949198,0.8597669005393982,0.6406567692756653
B_task,-0.6411590607888552,-0.20184963009937715,0.9639158591479576,0.30601513385772705,0.4093759059906006
B_task,-1.6299116377922118,0.4088672335899153,0.5614613485019844,0.038900405168533325,0.4792279899120331
B_task,0.8595030078270733,-0.6949749718557878,-0.22204394208285141,0.7681916952133179,0.38991835713386536
B_task,-0.9445630586601221,0.46639962164563303,1.0086830055354272,0.24001231789588928,0.5014642477035522
B_task,-0.6492440142436974,-0.003122283805347459,0.4752656228098062,0.3321610391139984,0.45536333322525024
B_task,0.11098735208077175,0.9474586750521428,-0.6648946100037086,0.5793352127075195,0.7109177708625793
B_task,1.4361593756187987,0.2870867327107738,-0.7564950817549462,0.9988796710968018,0.6949962377548218
B_task,-0.7469492232922781,-0.8305221050655822,0.7420019626825447,0.2996775805950165,0.270559698343277
B_task,-0.10364717471414135,0.3398038210194683,0.2392992087843355,0.4685229957103729,0.594787061214447
B_task,0.45386220106154307,0.04881999471850118,-0.0029098860219980796,0.6274508833885193,0.5205276608467102
B_task,0.8256129837199581,-0.028515160411902444,-0.0593646978232835,0.6833723783493042,0.5386093258857727
B_task,-0.993455940785306,1.6970442696960355,-1.8763066512733801,0.2121661901473999,0.7442367672920227
B_task,0.24751310774483903,0.5676877788177243,-0.09336408001644063,0.595321774482727,0.6629748344421387
B_task,0.1440820458301149,0.9828696527233312,-0.26896989660329684,0.5441064238548279,0.762609601020813
B_task,0.5292180331677258,-0.4983382374071216,0.9469265481326893,0.6585798859596252,0.4254615902900696
B_task,-1.3147962789224885,-0.6139444999100522,0.9247171452705305,0.11499697715044022,0.25460952520370483
B_task,-1.1315809172135092,-0.694154697888092,0.5617721186897487,0.12629450857639313,0.2552168369293213
B_task,1.4424994289282345,0.451607013560739,-1.5533221731112652,0.9755274653434753,0.7100191116333008
B_task,1.1300318124353523,-0.3796137871801799,-0.1572374905901087,0.8213015794754028,0.4935806393623352
B_task,1.188458341040284,0.2315769881752658,-0.8830525174159598,0.8275573253631592,0.6236290335655212
B_task,1.54864645823777,0.43070368599270137,-0.7376519688584723,0.9341043829917908,0.6925411224365234
B_task,1.5568149525849784,-1.6173494943224977,0.19902082521898873,0.9606477618217468,0.29770153760910034
B_task,-0.24564488356790798,-1.357700815731402,1.5953895810036884,0.3934875428676605,0.17439495027065277
B_task,0.8708071766574625,-0.9526035206964674,1.0528481840436181,0.7540671825408936,0.3277670741081238
B_task,0.5267941475744249,0.9591281402266045,-0.20162961039230967,0.6416200995445251,0.7425723671913147
B_task,0.15121639155118952,-0.2381196945095596,0.12071482641048878,0.55985027551651,0.4685983657836914
B_task,0.49577033342236654,1.9048915425220236,-2.381463134299901,0.6793484091758728,0.8961556553840637
B_task,-0.5883355542960871,-0.5126441250529532,0.7362101625768511,0.31943345069885254,0.35342419147491455
B_task,1.3773144553944556,0.4325583452821964,-0.5865652255666985,0.8621787428855896,0.6890080571174622
B_task,-0.3788757131771858,0.7079343388028123,-0.12457801785474193,0.4070223271846771,0.5929194688796997
B_task,-1.138395412624226,-0.4145039414936663,1.1469716061818431,0.14817868173122406,0.28217968344688416
B_task,-1.7945660674880326,-1.1362780324483603,1.9378506158337863,0.010980851016938686,0.19248363375663757
B_task,0.4716203263773764,0.7910128907051429,-1.0275456825845783,0.6391893029212952,0.6531746983528137
B_task,-0.7750686560961072,0.29264658233662744,0.9067560048818901,0.23163169622421265,0.4503462612628937
B_task,1.2188130513517077,1.1890452201454602,-1.9697657630485916,0.9560655355453491,0.8675615191459656
B_task,-1.0634194376895822,1.1591520710543108,-1.14801055508066,0.19500446319580078,0.6412389874458313
B_task,-0.8286650131959785,-0.4233155987662765,0.25605530243859215,0.31617939472198486,0.3787410259246826
B_task,1.3808442214930576,0.6160796798933377,-1.0181165231649436,0.9841316938400269,0.7645394802093506
B_task,-0.08660590188460855,-1.4912677478959255,1.3701285367835736,0.5198546051979065,0.20765233039855957
B_task,1.5764449988342144,0.006608770118129928,-1.3250525375309554,0.9220246076583862,0.5780333280563354
B_task,0.7832684306737177,-0.815072019362983,0.4454992556218732,0.7814376950263977,0.36680009961128235
B_task,-1.3584628915977954,-0.5289411228020886,0.7256083080889718,0.11896569281816483,0.275210440158844
B_task,-0.869975854768412,0.277886834835366,0.8008886754329055,0.21598343551158905,0.41372600197792053
B_task,-0.41194296758350935,1.791627266571667,-1.1991454065168254,0.38717755675315857,0.8195152282714844
B_task,1.4687346397858347,-1.1336223655629665,0.6877537294740366,0.88095623254776,0.3624750077724457
B_task,-0.38584884704157685,2.0344378668441374,-1.9711304425623954,0.3339882791042328,0.884425938129425
B_task,-0.16353913065143047,0.15767241768172824,0.023288334971055577,0.46308204531669617,0.5072331428527832
B_task,-0.24845515478152247,0.010019354836541414,-0.679367952371748,0.4807654917240143,0.41780951619148254
B_task,-0.703054514635845,-1.2346713995161591,0.6773565001335522,0.3247552514076233,0.25335264205932617
B_task,1.0274865158936992,0.23683252809247776,-0.0661463024278035,0.7864852547645569,0.5842576622962952
B_task,-1.5616932167769473,-0.0548343625425956,0.7633229915473749,0.054826728999614716,0.4323979914188385
B_task,-1.0235905463990502,-1.1002017870223055,1.0119732662322014,0.22591015696525574,0.18440482020378113
B_task,1.035218055041006,-1.0914404723065878,0.14235115752189442,0.8250852227210999,0.3112557530403137
B_task,0.34671321723623316,0.38141079529211286,-0.21957108175767512,0.6163417100906372,0.6274940371513367
B_task,0.07433426787182601,-1.572481922722735,2.1401602124016477,0.5118248462677002,0.1975085735321045
B_task,-0.5231764131539612,-1.5465180340940412,1.7132479229806117,0.36950796842575073,0.17048509418964386
B_task,-1.3531464292382396,0.9751740270706245,-1.0002933107744798,0.1301395744085312,0.609233021736145
B_task,-0.11539464275968218,1.2283378014394437,-0.5600740865898379,0.45678430795669556,0.7339469194412231
B_task,1.6806428956904371,-0.48580886037554427,0.5720603558932733,0.9870944619178772,0.5835793018341064
B_task,0.5316577219461911,-0.27342492001030405,-0.9154561977951001,0.5950884819030762,0.46078306436538696
B_task,0.24006378719780525,-1.2725068100864805,0.22088220677963133,0.5765793323516846,0.2613765001296997
B_task,1.7205795774789379,-2.360397970036918,1.1514689523419386,0.9901185631752014,0.14012064039707184
B_task,1.2349529369312986,-2.4248809066598334,2.027056340756499,0.8854033946990967,0.11749640107154846
B_task,1.7835189071473003,-2.200802242458909,1.0985292776195932,0.9991993308067322,0.2237226963043213
B_task,1.3304181450603454,0.6883681286348268,-0.9713738453161331,0.9536333680152893,0.7969402074813843
B_task,0.6101598385414533,0.6523539835291872,-1.1225401974037852,0.6674968600273132,0.6759388446807861
B_task,-0.7051198300936433,0.9627233787865996,-0.4356280292612943,0.3053121864795685,0.6646432876586914
B_task,0.5545405617874328,0.6140913079368744,-0.7705067764826479,0.6281431913375854,0.647616446018219
B_task,-0.5640661995118968,0.21883225277126964,-0.08910502201557335,0.34820982813835144,0.484699547290802
B_task,1.0959308419940608,-1.4716001696801457,0.5624514606721069,0.8107695579528809,0.24772942066192627
B_task,-1.327036679519376,0.7988137257566992,0.46897605418588123,0.13730046153068542,0.5555042028427124
B_task,-0.20870468100464531,-0.1574666200261727,-0.5195188930495606,0.46254631876945496,0.434906929731369
B_task,1.3099226366962138,0.11925513699177752,-1.2820898824245446,0.8407760262489319,0.6111294627189636
B_task,-0.1252009823634631,0.29266902070624956,0.7321961514893253,0.4545120894908905,0.596632182598114
B_task,0.2480654583505311,-0.12826505385475007,0.4497680512981981,0.6010178327560425,0.5249104499816895
B_task,-1.4360864991342455,0.48560701106568493,-0.06617718483728967,0.09828294068574905,0.4675210118293762
B_task,-0.6612306064312046,-0.8120260853465612,1.8699220318272125,0.28510499000549316,0.259296178817749
B_task,1.6888674756479654,0.11690655429919114,-0.5274296274459233,0.9544852375984192,0.690054178237915
B_task,0.6831966221227493,0.09208297487376622,-1.0103606046292284,0.6569395661354065,0.5212982892990112
B_task,-0.30551659757087024,-0.5989598147557968,0.7827050099810303,0.3649391829967499,0.39041221141815186
B_task,0.06611403753050647,0.8449441914269538,-0.7595874755254192,0.5168811678886414,0.6409920454025269
B_task,0.923335711420961,0.7476044570620574,-0.8294454707660811,0.7748686075210571,0.6786471009254456
B_task,0.8273806469569664,0.12615694699756058,-1.0336128341206308,0.7874703407287598,0.558042585849762
B_task,1.2110723368815346,0.9838100834251597,-1.5196401813173677,0.8279679417610168,0.7940876483917236
B_task,-0.8075572111691527,-0.3139887465208474,0.6598651911046017,0.28964269161224365,0.37783083319664
B_task,-1.0064189714373104,-0.2521766059450591,-0.14761515794116287,0.2383059412240982,0.3782711625099182
B_task,0.4869387697774548,-0.07890000901999739,0.25689416161317524,0.6385084986686707,0.5352214574813843
B_task,0.2798003233489045,-0.7265967436537498,0.8041081978564004,0.5272006392478943,0.3429460823535919
B_task,0.09929843635190559,-0.10114913993197278,0.4796183476259866,0.564886748790741,0.5002651810646057
B_task,-0.7695324245534213,1.941907344544224,-2.0970611586933643,0.21461491286754608,0.8215570449829102
B_task,-0.588472193367125,0.03869225515662125,0.1935571939615182,0.3186241388320923,0.48026666045188904
B_task,0.8915145554550679,-0.23616948971184348,0.9014559181878956,0.7520532011985779,0.4603985548019409
B_task,-0.5047378849436692,0.39600989039500784,0.8675990336917668,0.35832324624061584,0.5694313049316406
B_task,0.8259749000761523,-0.03690932329737296,-0.12439181121921856,0.757485568523407,0.5492364764213562
B_task,-1.5160327553409458,0.8681625108660314,-0.0029633892185707317,0.0466446615755558,0.5951958298683167
B_task,1.3987885675789196,0.6810693330896284,-0.9787200272906271,0.950866162776947,0.7756227254867554
B_task,-0.9905156753084399,0.5336697049832009,-0.0075721096958300685,0.20807303488254547,0.48793745040893555
B_task,-0.013546416730156398,0.8525930277649437,-0.5704766970335902,0.47820764780044556,0.6397750377655029
B_task,1.4511814748201708,-2.3434850865607264,1.6412093460880703,0.9208852648735046,0.12328072637319565
B_task,-0.7999501554209434,-1.1027955417877244,0.9759544328366088,0.2534796893596649,0.23207449913024902
B_task,-0.8795173938588317,1.7521856250156662,-1.0329617769469623,0.2273842692375183,0.8118337988853455
B_task,1.4101847303748494,0.4325630199002639,-1.807354614657246,0.9856407046318054,0.6953907012939453
B_task,1.3976279537125935,-0.18224978817692922,0.46864530929315384,0.9044301509857178,0.6152123808860779
B_task,0.0020644940542727547,0.6140139698789707,-0.06350973664938352,0.5322461724281311,0.6553407907485962
B_task,-1.6467916281442856,0.46789706352529786,0.47410778656880165,0.061021946370601654,0.5094767808914185
B_task,0.3717927753186172,-0.6869597956538651,0.8817451963115432,0.6046687364578247,0.42931222915649414
B_task,-0.7848767465333361,1.074510962075567,-0.3831532318890425,0.2515781819820404,0.6543169617652893
B_task,-0.824211471602189,-0.5907296321971808,1.1566808682362664,0.21401047706604004,0.29314911365509033
B_task,1.4165600763867239,-0.03347350304220213,-0.3920717812279719,0.9321430325508118,0.6044009327888489
B_task,0.44357414537664147,0.5689361147179852,-0.3663371900043249,0.6194232702255249,0.6664019823074341
B_task,-0.2616627545648542,-0.6373270673394347,0.5717745166860616,0.444039523601532,0.3403657078742981
B_task,-1.5641421019659363,0.42259155665948905,0.0007449517057241437,0.06265886127948761,0.4941609799861908
B_task,-0.3927010042067405,1.8743832046872466,-1.8305616498070514,0.37162140011787415,0.8515679240226746
B_task,1.3384647941978431,-0.7912726705172842,0.03506004749859924,0.863983154296875,0.42170149087905884
B_task,-0.5557850431372415,0.9250816343040009,-0.22811833784368774,0.3026762902736664,0.6444538831710815
B_task,-0.6654211309605275,-0.7301115109536406,0.14819238748011948,0.32279425859451294,0.3100754916667938
B_task,0.40426382839241815,-0.48023623895914624,0.07437600890768387,0.6068560481071472,0.44906237721443176
B_task,-0.9205243896114099,0.28321268600794897,-0.3119756846374542,0.25214067101478577,0.4832148551940918
B_task,0.2931363676092243,-0.6085693576075222,0.8366833320428372,0.5569347739219666,0.39785102009773254
B_task,0.743467990994635,-0.44940373823430124,-0.6091438361023516,0.7686825394630432,0.48782020807266235
B_task,-0.907219929928607,-0.3310749574350548,0.03261456304079444,0.28667378425598145,0.3342193365097046
B_task,-0.19053311977911194,-1.9726992886943333,1.8830221719273699,0.47275087237358093,0.11596433818340302
B_task,0.33287418148631487,-0.8785659749637775,0.5677801201500683,0.5762673616409302,0.3316301703453064
B_task,-0.5995447813503267,0.5052996399446417,0.2422936914228505,0.3633313775062561,0.5688168406486511
B_task,-0.9690890567313654,1.2598664834799609,-0.6917644737781173,0.22361837327480316,0.6757638454437256
B_task,-1.3609991451748396,-0.1185519363544932,0.9856024955448175,0.11440186947584152,0.3756468594074249
B_task,0.10945036664501755,0.14218264304783737,-0.29253029015812926,0.565483808517456,0.5390901565551758
B_task,1.7121344505464966,-1.254448100237901,0.8775230397158009,0.9374291896820068,0.42245379090309143
B_task,-1.5634054488399922,-0.42438989578675373,0.21678800404849136,0.01876620203256607,0.37868210673332214
B_task,1.2791692498239413,-0.7672039702497624,0.6386009772680417,0.865663468837738,0.4210693836212158
B_task,1.7488414857664687,-0.7767119129425681,-0.23213909835600757,0.9624730944633484,0.46878281235694885
