seed,model,condition,episode,return,success,time_in_radius,chose_active,final_dist_px
-1,noop,planning,0,-0.6361871,0.0,0.0,0.0,20.137136
-1,noop,planning,1,-0.50281703,0.0,0.0,0.0,15.748118
-1,noop,planning,2,-0.67353916,0.0,0.0,0.0,22.78522
-1,noop,planning,3,-0.7752637,0.0,0.0,0.0,23.271494
-1,noop,planning,4,-0.51512164,0.0,0.0,1.0,17.699497
-1,noop,planning,5,-0.71569806,0.0,0.0,0.0,23.219152
-1,noop,planning,6,-0.26624572,0.0,0.0,1.0,10.735219
-1,noop,planning,7,-0.7837898,0.0,0.0,0.0,25.49616
-1,noop,planning,8,-0.45551512,0.0,0.0,0.0,13.868942
-1,noop,planning,9,0.16547225,0.0,0.5111111111111111,1.0,1.6428976
-1,noop,planning,10,-0.611246,0.0,0.0,0.0,20.420305
-1,noop,planning,11,-0.44921386,0.0,0.0,0.0,13.046231
-1,noop,planning,12,-0.46720153,0.0,0.0,0.0,13.312644
-1,noop,planning,13,-0.37437278,0.0,0.0,1.0,11.852777
-1,noop,planning,14,-0.18407921,0.0,0.0,1.0,5.6301484
-1,noop,planning,15,-0.8277054,0.0,0.0,0.0,27.005836
-1,noop,planning,16,-0.52031463,0.0,0.0,1.0,16.973692
-1,noop,planning,17,-0.1179786,0.0,0.0,1.0,1.9417921
-1,noop,planning,18,-0.40521523,0.0,0.0,0.0,12.365181
-1,noop,planning,19,-0.71315485,0.0,0.0,1.0,22.637636
-1,noop,planning,20,-0.69718224,0.0,0.0,0.0,23.18167
-1,noop,planning,21,-0.29077047,0.0,0.0,0.0,9.450085
-1,noop,planning,22,-0.37204525,0.0,0.0,1.0,11.452234
-1,noop,planning,23,-0.14335549,0.0,0.0,1.0,4.6333685
-1,noop,planning,24,-0.5269361,0.0,0.0,0.0,17.400494
-1,noop,planning,25,-0.43157077,0.0,0.0,1.0,12.963174
-1,noop,planning,26,-0.6200041,0.0,0.0,0.0,19.037668
-1,noop,planning,27,-0.2942432,0.0,0.0,1.0,6.8411374
-1,noop,planning,28,-0.51270616,0.0,0.0,1.0,12.592464
-1,noop,planning,29,-0.64904064,0.0,0.0,0.0,20.20504
-1,noop,planning,30,-0.6449561,0.0,0.0,0.0,23.729025
-1,noop,planning,31,-0.5361305,0.0,0.0,0.0,16.888754
-1,noop,planning,32,-0.51241285,0.0,0.0,1.0,16.098398
-1,noop,planning,33,-0.7672154,0.0,0.0,0.0,24.739176
-1,noop,planning,34,-0.89809936,0.0,0.0,0.0,28.582867
-1,noop,planning,35,-0.5564557,0.0,0.0,0.0,18.48683
-1,noop,planning,36,-0.23295437,0.0,0.0,1.0,9.152462
-1,noop,planning,37,-0.2082858,0.0,0.0,0.0,10.644393
-1,noop,planning,38,-0.6455214,0.0,0.0,0.0,21.045235
-1,noop,planning,39,-0.52713686,0.0,0.0,0.0,14.113793
-1,noop,planning,40,-0.7588192,0.0,0.0,0.0,23.642532
-1,noop,planning,41,-0.52250886,0.0,0.0,0.0,18.722204
-1,noop,planning,42,-0.53403157,0.0,0.0,0.0,19.161509
-1,noop,planning,43,-0.4119782,0.0,0.0,1.0,12.471611
-1,noop,planning,44,-0.23959881,0.0,0.0,1.0,7.696556
-1,noop,planning,45,-0.2985902,0.0,0.0,1.0,9.271261
-1,noop,planning,46,-0.28698498,0.0,0.0,1.0,7.771071
-1,noop,planning,47,-0.3045586,0.0,0.0,1.0,11.268746
-1,noop,planning,48,-0.61315554,0.0,0.0,0.0,22.834929
-1,noop,planning,49,-0.27743554,0.0,0.0,1.0,9.093105
-1,noop,planning,50,-0.69105554,0.0,0.0,0.0,21.263973
-1,noop,planning,51,-0.7482921,0.0,0.0,1.0,25.09914
-1,noop,planning,52,-0.34467933,0.0,0.0,0.0,13.3086405
-1,noop,planning,53,-0.4210721,0.0,0.0,1.0,14.65571
-1,noop,planning,54,-0.29076147,0.0,0.0,1.0,6.7677417
-1,noop,planning,55,-0.5092608,0.0,0.0,1.0,18.44325
-1,noop,planning,56,-0.5502331,0.0,0.0,0.0,19.01517
-1,noop,planning,57,-0.40569887,0.0,0.0,0.0,12.966645
-1,noop,planning,58,-0.38141042,0.0,0.0,0.0,11.284794
-1,noop,planning,59,-0.40732354,0.0,0.0,1.0,12.520736
-1,noop,planning,60,-0.1823461,0.0,0.0,1.0,3.464905
-1,noop,planning,61,-0.6154136,0.0,0.0,0.0,18.955822
-1,noop,planning,62,-0.73998964,0.0,0.0,0.0,23.32213
-1,noop,planning,63,-0.4664211,0.0,0.0,0.0,13.350597
-1,noop,planning,64,-0.3308879,0.0,0.0,1.0,6.1596885
-1,noop,planning,65,-0.22417639,0.0,0.0,1.0,7.4026146
-1,noop,planning,66,-0.35044307,0.0,0.0,0.0,12.220091
-1,noop,planning,67,-0.29924235,0.0,0.0,1.0,9.822808
-1,noop,planning,68,-0.2804944,0.0,0.0,0.0,10.30644
-1,noop,planning,69,-0.29319265,0.0,0.0,0.0,10.615368
-1,noop,planning,70,-0.33919704,0.0,0.0,1.0,10.98629
-1,noop,planning,71,-0.52435774,0.0,0.0,0.0,15.074148
-1,noop,planning,72,-0.8186192,0.0,0.0,0.0,26.069164
-1,noop,planning,73,-0.20044579,0.0,0.0,1.0,6.6575637
-1,noop,planning,74,-0.75049937,0.0,0.0,0.0,24.192291
-1,noop,planning,75,-0.79859847,0.0,0.0,0.0,27.96169
-1,noop,planning,76,-0.6477301,0.0,0.0,0.0,19.951931
-1,noop,planning,77,-0.38376182,0.0,0.0,0.0,9.974883
-1,noop,planning,78,-0.20344704,0.0,0.0,1.0,6.8238406
-1,noop,planning,79,-0.5547528,0.0,0.0,0.0,18.664366
-1,noop,planning,80,-0.10835715,0.0,0.0,1.0,3.3346598
-1,noop,planning,81,-0.4164082,0.0,0.0,1.0,12.567179
-1,noop,planning,82,-0.44080913,0.0,0.0,0.0,13.282387
-1,noop,planning,83,-0.36949426,0.0,0.0,0.0,12.646033
-1,noop,planning,84,-0.43393102,0.0,0.0,0.0,16.724808
-1,noop,planning,85,-0.55000734,0.0,0.0,0.0,17.41436
-1,noop,planning,86,-0.4948978,0.0,0.0,0.0,15.0476265
-1,noop,planning,87,-0.86111504,0.0,0.0,0.0,29.282803
-1,noop,planning,88,-0.30878755,0.0,0.0,1.0,9.4024105
-1,noop,planning,89,-0.4472612,0.0,0.0,0.0,14.721284
-1,noop,planning,90,-0.40710673,0.0,0.0,0.0,16.486622
-1,noop,planning,91,-0.47114706,0.0,0.0,0.0,14.690607
-1,noop,planning,92,-1.0508556,0.0,0.0,0.0,33.396706
-1,noop,planning,93,-0.22990657,0.0,0.0,1.0,6.5498767
-1,noop,planning,94,-0.47327587,0.0,0.0,1.0,16.873627
-1,noop,planning,95,-0.23973827,0.0,0.0,1.0,10.785144
-1,noop,planning,96,-0.26086643,0.0,0.0,1.0,9.099243
-1,noop,planning,97,-0.22919464,0.0,0.0,1.0,7.3753877
-1,noop,planning,98,-0.4836663,0.0,0.0,1.0,15.019381
-1,noop,planning,99,-0.6215186,0.0,0.0,0.0,19.216679
-1,noop,planning,100,-0.2861969,0.0,0.0,0.0,10.928949
-1,noop,planning,101,-0.23861092,0.0,0.0,1.0,4.2403307
-1,noop,planning,102,-0.34218037,0.0,0.0,1.0,7.047059
-1,noop,planning,103,-0.18251513,0.0,0.0,1.0,6.6860504
-1,noop,planning,104,-0.48390126,0.0,0.0,0.0,18.480654
-1,noop,planning,105,-0.61075646,0.0,0.0,0.0,19.41837
-1,noop,planning,106,-0.36773655,0.0,0.0,0.0,13.288738
-1,noop,planning,107,-0.60407555,0.0,0.0,0.0,21.049482
-1,noop,planning,108,-0.49642643,0.0,0.0,0.0,17.796694
-1,noop,planning,109,-0.25333482,0.0,0.0,1.0,7.1641345
-1,noop,planning,110,-0.48441374,0.0,0.0,0.0,14.567081
-1,noop,planning,111,-0.5062747,0.0,0.0,0.0,18.596321
-1,noop,planning,112,0.058443166,1.0,0.3333333333333333,1.0,1.3192705
-1,noop,planning,113,-0.027388759,0.0,0.0,1.0,3.7503412
-1,noop,planning,114,-0.75518966,0.0,0.0,0.0,26.098154
-1,noop,planning,115,-0.44759077,0.0,0.0,0.0,13.863371
-1,noop,planning,116,-0.42217395,0.0,0.0,1.0,15.407026
-1,noop,planning,117,-0.86535686,0.0,0.0,0.0,26.939407
-1,noop,planning,118,-0.12179382,0.0,0.0,1.0,4.356452
-1,noop,planning,119,-0.40217623,0.0,0.0,1.0,12.929916
-1,noop,planning,120,-0.47813487,0.0,0.0,1.0,17.20587
-1,noop,planning,121,-0.57820415,0.0,0.0,1.0,18.867496
-1,noop,planning,122,-0.72938037,0.0,0.0,1.0,23.880173
-1,noop,planning,123,-0.3169457,0.0,0.0,1.0,7.264509
-1,noop,planning,124,-0.55480725,0.0,0.0,0.0,17.794085
-1,noop,planning,125,-0.51440364,0.0,0.0,0.0,17.167358
-1,noop,planning,126,-0.46179682,0.0,0.0,0.0,17.148037
-1,noop,planning,127,-0.5391896,0.0,0.0,0.0,16.736115
-1,noop,planning,128,-0.24185447,0.0,0.0,1.0,9.385479
-1,noop,planning,129,-0.48394695,0.0,0.0,1.0,16.972624
-1,noop,planning,130,-0.48959544,0.0,0.0,0.0,16.030048
-1,noop,planning,131,-0.58110636,0.0,0.0,0.0,19.991545
-1,noop,planning,132,-0.23784918,0.0,0.0,1.0,7.7663608
-1,noop,planning,133,-0.39888853,0.0,0.0,1.0,13.055475
-1,noop,planning,134,-0.3285368,0.0,0.0,1.0,10.136257
-1,noop,planning,135,-0.59387547,0.0,0.0,0.0,18.160837
-1,noop,planning,136,-0.55431926,0.0,0.0,0.0,18.52207
-1,noop,planning,137,-0.53374106,0.0,0.0,0.0,18.816193
-1,noop,planning,138,-0.6729197,0.0,0.0,1.0,22.847652
-1,noop,planning,139,-0.210783,0.0,0.0,1.0,6.9426966
-1,noop,planning,140,-0.5534635,0.0,0.0,1.0,15.571231
-1,noop,planning,141,-0.5513355,0.0,0.0,0.0,19.677994
-1,noop,planning,142,-0.6011274,0.0,0.0,0.0,18.287941
-1,noop,planning,143,-0.48654947,0.0,0.0,1.0,17.11462
-1,noop,planning,144,-0.21416706,0.0,0.0,1.0,5.6465783
-1,noop,planning,145,-0.566383,0.0,0.0,1.0,17.008448
-1,noop,planning,146,-0.39857656,0.0,0.0,1.0,11.975175
-1,noop,planning,147,-0.28110436,0.0,0.0,1.0,10.306139
-1,noop,planning,148,-0.63139087,0.0,0.0,0.0,21.629297
-1,noop,planning,149,-0.2724301,0.0,0.0,1.0,8.415833
-1,noop,planning,150,-0.6160533,0.0,0.0,0.0,18.20754
-1,noop,planning,151,-0.5335034,0.0,0.0,0.0,20.032337
-1,noop,planning,152,-0.3567539,0.0,0.0,1.0,10.453425
-1,noop,planning,153,-0.39027384,0.0,0.0,0.0,12.011703
-1,noop,planning,154,-0.5227248,0.0,0.0,0.0,16.682898
-1,noop,planning,155,-0.56901073,0.0,0.0,0.0,16.396194
-1,noop,planning,156,-0.53820336,0.0,0.0,0.0,16.598347
-1,noop,planning,157,-0.2998788,0.0,0.0,1.0,11.52112
-1,noop,planning,158,-0.5782155,0.0,0.0,0.0,17.889223
-1,noop,planning,159,-0.2524767,0.0,0.0,1.0,4.949487
-1,noop,planning,160,-0.37912637,0.0,0.0,0.0,14.47906
-1,noop,planning,161,-0.49230403,0.0,0.0,0.0,15.923346
-1,noop,planning,162,-0.40225974,0.0,0.0,0.0,11.870051
-1,noop,planning,163,-0.46774566,0.0,0.0,1.0,14.619424
-1,noop,planning,164,-0.27367654,0.0,0.0,1.0,8.158012
-1,noop,planning,165,-0.42278612,0.0,0.0,0.0,15.711391
-1,noop,planning,166,-0.5286045,0.0,0.0,1.0,17.199518
-1,noop,planning,167,-0.7373591,0.0,0.0,0.0,23.296995
-1,noop,planning,168,-0.39836037,0.0,0.0,1.0,12.768896
-1,noop,planning,169,-0.37567398,0.0,0.0,1.0,12.673633
-1,noop,planning,170,-0.13804139,0.0,0.1111111111111111,0.0,9.25457
-1,noop,planning,171,-0.6341353,0.0,0.0,1.0,20.34091
-1,noop,planning,172,-0.21882735,0.0,0.0,1.0,6.8042374
-1,noop,planning,173,-0.28393212,0.0,0.0,1.0,10.953474
-1,noop,planning,174,-0.6987008,0.0,0.0,0.0,23.102022
-1,noop,planning,175,-0.554829,0.0,0.0,0.0,17.052608
-1,noop,planning,176,-0.83767414,0.0,0.0,0.0,26.878935
-1,noop,planning,177,-0.71343505,0.0,0.0,0.0,22.468126
-1,noop,planning,178,-0.6136638,0.0,0.0,0.0,20.447096
-1,noop,planning,179,-0.33725137,0.0,0.0,1.0,8.081633
-1,noop,planning,180,-0.5859015,0.0,0.0,0.0,17.783897
-1,noop,planning,181,-0.46977,0.0,0.0,1.0,17.21347
-1,noop,planning,182,-0.38976628,0.0,0.0,0.0,15.255177
-1,noop,planning,183,-0.62502074,0.0,0.0,1.0,21.280973
-1,noop,planning,184,-0.31579542,0.0,0.0,1.0,11.903595
-1,noop,planning,185,-0.49499393,0.0,0.0,0.0,17.040665
-1,noop,planning,186,-0.5637788,0.0,0.0,0.0,16.584543
-1,noop,planning,187,-0.59569544,0.0,0.0,0.0,19.562727
-1,noop,planning,188,-0.8142223,0.0,0.0,0.0,24.268305
-1,noop,planning,189,-0.5181973,0.0,0.0,0.0,14.751011
-1,noop,planning,190,-0.07456149,0.0,0.0,1.0,3.3905833
-1,noop,planning,191,-0.27411595,0.0,0.0,1.0,9.899993
-1,noop,planning,192,-0.37907317,0.0,0.0,0.0,12.219283
-1,noop,planning,193,-0.3621217,0.0,0.0,0.0,10.042416
-1,noop,planning,194,-0.114273414,0.0,0.0,1.0,5.999244
-1,noop,planning,195,-0.19881494,0.0,0.0,1.0,8.04202
-1,noop,planning,196,-0.32844442,0.0,0.0,1.0,9.8093815
-1,noop,planning,197,-0.30327475,0.0,0.0,1.0,8.369277
-1,noop,planning,198,-0.43068597,0.0,0.0,1.0,15.466134
-1,noop,planning,199,-0.61176777,0.0,0.0,0.0,21.947298
-1,random,planning,0,-0.64528775,0.0,0.0,0.0,19.27408
-1,random,planning,1,-0.6323036,0.0,0.0,0.0,23.658775
-1,random,planning,2,-0.7615369,0.0,0.0,0.0,27.131376
-1,random,planning,3,-0.7442794,0.0,0.0,0.0,23.155794
-1,random,planning,4,-0.5108557,0.0,0.0,1.0,17.133974
-1,random,planning,5,-0.72282547,0.0,0.0,0.0,23.55449
-1,random,planning,6,-0.22254276,0.0,0.0,1.0,8.793494
-1,random,planning,7,-0.7563794,0.0,0.0,0.0,24.834948
-1,random,planning,8,-0.5971688,0.0,0.0,0.0,22.163198
-1,random,planning,9,-0.08517833,0.0,0.0,1.0,5.9694643
-1,random,planning,10,-0.6373347,0.0,0.0,0.0,21.705364
-1,random,planning,11,-0.46879506,0.0,0.0,1.0,13.671053
-1,random,planning,12,-0.4709272,0.0,0.0,0.0,15.239086
-1,random,planning,13,-0.42108464,0.0,0.0,1.0,11.981422
-1,random,planning,14,-0.20318854,0.0,0.0,1.0,7.6480336
-1,random,planning,15,-0.73461354,0.0,0.0,0.0,20.494205
-1,random,planning,16,-0.5016267,0.0,0.0,0.0,16.097853
-1,random,planning,17,-0.041856095,0.0,0.15555555555555556,1.0,3.515923
-1,random,planning,18,-0.31943312,0.0,0.0,0.0,10.416575
-1,random,planning,19,-0.73356205,0.0,0.0,1.0,23.546606
-1,random,planning,20,-0.6532887,0.0,0.0,0.0,22.46519
-1,random,planning,21,-0.3550003,0.0,0.0,0.0,16.828506
-1,random,planning,22,-0.2740452,0.0,0.0,1.0,5.9692364
-1,random,planning,23,-0.14378087,0.0,0.0,1.0,3.8764584
-1,random,planning,24,-0.57553196,0.0,0.0,0.0,20.948236
-1,random,planning,25,-0.34711283,0.0,0.0,1.0,8.395704
-1,random,planning,26,-0.74750817,0.0,0.0,0.0,26.709768
-1,random,planning,27,-0.36676535,0.0,0.0,1.0,7.9044204
-1,random,planning,28,-0.43960774,0.0,0.0,1.0,8.314149
-1,random,planning,29,-0.75650847,0.0,0.0,0.0,26.621254
-1,random,planning,30,-0.71716654,0.0,0.0,0.0,26.265247
-1,random,planning,31,-0.50547963,0.0,0.0,1.0,13.2654705
-1,random,planning,32,-0.5667219,0.0,0.0,1.0,19.679214
-1,random,planning,33,-0.706922,0.0,0.0,0.0,21.13138
-1,random,planning,34,-0.92489237,0.0,0.0,0.0,30.164244
-1,random,planning,35,-0.4750903,0.0,0.0,1.0,12.316051
-1,random,planning,36,-0.16927625,0.0,0.0,1.0,6.0556035
-1,random,planning,37,-0.13420206,0.0,0.0,1.0,10.245242
-1,random,planning,38,-0.68840235,0.0,0.0,0.0,25.225069
-1,random,planning,39,-0.49965054,0.0,0.0,0.0,12.314073
-1,random,planning,40,-0.81433266,0.0,0.0,0.0,25.530268
-1,random,planning,41,-0.5784108,0.0,0.0,0.0,21.860197
-1,random,planning,42,-0.35751987,0.0,0.0,1.0,7.798117
-1,random,planning,43,-0.5262072,0.0,0.0,0.0,20.653908
-1,random,planning,44,-0.18907739,0.0,0.0,1.0,6.2624626
-1,random,planning,45,-0.28566515,0.0,0.0,1.0,9.079472
-1,random,planning,46,-0.25807887,0.0,0.0,1.0,7.0372076
-1,random,planning,47,-0.22474082,0.0,0.0,1.0,6.2433686
-1,random,planning,48,-0.6912655,0.0,0.0,0.0,24.456926
-1,random,planning,49,-0.30431208,0.0,0.0,1.0,11.002687
-1,random,planning,50,-0.66853577,0.0,0.0,0.0,18.032572
-1,random,planning,51,-0.72203505,0.0,0.0,1.0,20.439161
-1,random,planning,52,-0.33426687,0.0,0.0,1.0,10.802753
-1,random,planning,53,-0.38760084,0.0,0.0,1.0,10.954522
-1,random,planning,54,-0.24619575,0.0,0.0,1.0,2.4415529
-1,random,planning,55,-0.50326735,0.0,0.0,1.0,15.714825
-1,random,planning,56,-0.65314376,0.0,0.0,0.0,23.546211
-1,random,planning,57,-0.48241374,0.0,0.0,0.0,20.448946
-1,random,planning,58,-0.26017573,0.0,0.0,1.0,5.912611
-1,random,planning,59,-0.35952953,0.0,0.0,1.0,9.326304
-1,random,planning,60,-0.19410856,0.0,0.0,1.0,4.740872
-1,random,planning,61,-0.6321003,0.0,0.0,0.0,19.420374
-1,random,planning,62,-0.77917343,0.0,0.0,0.0,26.5018
-1,random,planning,63,-0.58610165,0.0,0.0,0.0,20.377138
-1,random,planning,64,-0.25242752,0.0,0.0,1.0,2.6081142
-1,random,planning,65,-0.32752445,0.0,0.0,1.0,11.015679
-1,random,planning,66,-0.2908903,0.0,0.0,1.0,9.946804
-1,random,planning,67,-0.37241513,0.0,0.0,1.0,14.291386
-1,random,planning,68,-0.19301592,0.0,0.0,1.0,4.2606893
-1,random,planning,69,-0.22455162,0.0,0.0,1.0,6.389024
-1,random,planning,70,-0.3746049,0.0,0.0,0.0,11.682617
-1,random,planning,71,-0.62476754,0.0,0.0,0.0,22.16428
-1,random,planning,72,-0.7242664,0.0,0.0,0.0,19.639841
-1,random,planning,73,-0.26567104,0.0,0.0,1.0,8.520377
-1,random,planning,74,-0.7351937,0.0,0.0,0.0,23.937656
-1,random,planning,75,-0.85752964,0.0,0.0,0.0,30.574574
-1,random,planning,76,-0.6462935,0.0,0.0,0.0,19.966972
-1,random,planning,77,-0.37692887,0.0,0.0,1.0,7.076684
-1,random,planning,78,-0.21652862,0.0,0.0,1.0,6.917091
-1,random,planning,79,-0.5277032,0.0,0.0,0.0,15.381622
-1,random,planning,80,-0.19964609,0.0,0.0,1.0,7.8606963
-1,random,planning,81,-0.55226266,0.0,0.0,0.0,20.383533
-1,random,planning,82,-0.42664108,0.0,0.0,0.0,11.340743
-1,random,planning,83,-0.43377155,0.0,0.0,0.0,17.869097
-1,random,planning,84,-0.41459537,0.0,0.0,0.0,13.488428
-1,random,planning,85,-0.5222618,0.0,0.0,0.0,14.954453
-1,random,planning,86,-0.5116723,0.0,0.0,0.0,19.817162
-1,random,planning,87,-0.88819826,0.0,0.0,0.0,30.24783
-1,random,planning,88,-0.34254685,0.0,0.0,1.0,11.815668
-1,random,planning,89,-0.5664144,0.0,0.0,0.0,23.511967
-1,random,planning,90,-0.46354395,0.0,0.0,0.0,21.108545
-1,random,planning,91,-0.507018,0.0,0.0,0.0,17.919798
-1,random,planning,92,-1.0050557,0.0,0.0,0.0,29.928465
-1,random,planning,93,-0.19612868,0.0,0.0,0.0,6.7294235
-1,random,planning,94,-0.48929965,0.0,0.0,1.0,15.463266
-1,random,planning,95,-0.23764631,0.0,0.0,1.0,11.065244
-1,random,planning,96,-0.35344264,0.0,0.0,1.0,15.109682
-1,random,planning,97,-0.34582528,0.0,0.0,0.0,15.055906
-1,random,planning,98,-0.5225232,0.0,0.0,1.0,17.024199
-1,random,planning,99,-0.6490243,0.0,0.0,0.0,22.107391
-1,random,planning,100,-0.3729289,0.0,0.0,0.0,17.362757
-1,random,planning,101,-0.2741349,0.0,0.0,1.0,4.937615
-1,random,planning,102,-0.3644331,0.0,0.0,1.0,6.5297
-1,random,planning,103,-0.08768157,0.0,0.0,1.0,2.0231745
-1,random,planning,104,-0.55943155,0.0,0.0,0.0,24.400263
-1,random,planning,105,-0.587277,0.0,0.0,0.0,19.749048
-1,random,planning,106,-0.42405117,0.0,0.0,0.0,16.661476
-1,random,planning,107,-0.6094123,0.0,0.0,0.0,20.990435
-1,random,planning,108,-0.48610082,0.0,0.0,0.0,17.862644
-1,random,planning,109,-0.31033224,0.0,0.0,1.0,10.126618
-1,random,planning,110,-0.5180353,0.0,0.0,0.0,16.152246
-1,random,planning,111,-0.52178293,0.0,0.0,0.0,22.049278
-1,random,planning,112,-0.09066956,0.0,0.0,1.0,2.7046745
-1,random,planning,113,0.06845896,0.0,0.13333333333333333,1.0,3.5107505
-1,random,planning,114,-0.73006576,0.0,0.0,0.0,22.830217
-1,random,planning,115,-0.4785133,0.0,0.0,0.0,13.123059
-1,random,planning,116,-0.2883687,0.0,0.0,1.0,7.4912095
-1,random,planning,117,-0.82920563,0.0,0.0,0.0,23.515175
-1,random,planning,118,-0.231584,0.0,0.0,1.0,9.978196
-1,random,planning,119,-0.46248046,0.0,0.0,1.0,15.432652
-1,random,planning,120,-0.45258746,0.0,0.0,1.0,14.617041
-1,random,planning,121,-0.55387974,0.0,0.0,1.0,15.265884
-1,random,planning,122,-0.7558018,0.0,0.0,1.0,24.578419
-1,random,planning,123,-0.31202263,0.0,0.0,1.0,8.606961
-1,random,planning,124,-0.4660795,0.0,0.0,0.0,13.56502
-1,random,planning,125,-0.55957144,0.0,0.0,0.0,20.573633
-1,random,planning,126,-0.43613923,0.0,0.0,0.0,16.709616
-1,random,planning,127,-0.54362917,0.0,0.0,0.0,19.958101
-1,random,planning,128,-0.19002293,0.0,0.0,1.0,6.730571
-1,random,planning,129,-0.48493707,0.0,0.0,1.0,13.606797
-1,random,planning,130,-0.5746139,0.0,0.0,0.0,20.926968
-1,random,planning,131,-0.58885425,0.0,0.0,0.0,20.871078
-1,random,planning,132,-0.26385534,0.0,0.0,1.0,8.684555
-1,random,planning,133,-0.4175613,0.0,0.0,1.0,14.818014
-1,random,planning,134,-0.40688443,0.0,0.0,1.0,16.184069
-1,random,planning,135,-0.59584814,0.0,0.0,0.0,18.667864
-1,random,planning,136,-0.58762765,0.0,0.0,0.0,21.044577
-1,random,planning,137,-0.5549518,0.0,0.0,0.0,21.025682
-1,random,planning,138,-0.6458097,0.0,0.0,1.0,24.311983
-1,random,planning,139,-0.15585491,0.0,0.0,1.0,4.8388586
-1,random,planning,140,-0.52476776,0.0,0.0,1.0,14.306449
-1,random,planning,141,-0.60961187,0.0,0.0,0.0,24.009808
-1,random,planning,142,-0.6516686,0.0,0.0,0.0,19.854313
-1,random,planning,143,-0.4836573,0.0,0.0,1.0,18.142107
-1,random,planning,144,-0.18420221,0.0,0.0,1.0,3.9050083
-1,random,planning,145,-0.5023439,0.0,0.0,1.0,12.789023
-1,random,planning,146,-0.45090526,0.0,0.0,1.0,16.691898
-1,random,planning,147,-0.35429174,0.0,0.0,1.0,13.845982
-1,random,planning,148,-0.6245642,0.0,0.0,0.0,19.824791
-1,random,planning,149,-0.26230937,0.0,0.0,1.0,7.5410905
-1,random,planning,150,-0.67977864,0.0,0.0,0.0,21.88131
-1,random,planning,151,-0.39503723,0.0,0.0,1.0,9.292591
-1,random,planning,152,-0.3100366,0.0,0.0,1.0,7.637461
-1,random,planning,153,-0.3724745,0.0,0.0,1.0,10.492778
-1,random,planning,154,-0.56649625,0.0,0.0,0.0,17.604565
-1,random,planning,155,-0.5165124,0.0,0.0,0.0,14.595426
-1,random,planning,156,-0.5597856,0.0,0.0,0.0,18.026468
-1,random,planning,157,-0.37221324,0.0,0.0,1.0,14.439225
-1,random,planning,158,-0.6025066,0.0,0.0,0.0,20.611065
-1,random,planning,159,-0.28648856,0.0,0.0,0.0,7.7837453
-1,random,planning,160,-0.46534747,0.0,0.0,0.0,18.814186
-1,random,planning,161,-0.4705973,0.0,0.0,0.0,13.85318
-1,random,planning,162,-0.49062496,0.0,0.0,0.0,18.864803
-1,random,planning,163,-0.47785166,0.0,0.0,1.0,13.473652
-1,random,planning,164,-0.29001278,0.0,0.0,1.0,9.075961
-1,random,planning,165,-0.39112815,0.0,0.0,0.0,11.768165
-1,random,planning,166,-0.55984735,0.0,0.0,1.0,18.35794
-1,random,planning,167,-0.7961887,0.0,0.0,0.0,26.873642
-1,random,planning,168,-0.34033376,0.0,0.0,1.0,9.408589
-1,random,planning,169,-0.41427702,0.0,0.0,1.0,15.343435
-1,random,planning,170,-0.2729464,0.0,0.06666666666666667,0.0,17.153582
-1,random,planning,171,-0.65137935,0.0,0.0,1.0,20.150167
-1,random,planning,172,-0.19726759,0.0,0.0,1.0,6.932041
-1,random,planning,173,-0.3674741,0.0,0.0,1.0,14.300007
-1,random,planning,174,-0.71610165,0.0,0.0,0.0,22.99029
-1,random,planning,175,-0.61672854,0.0,0.0,0.0,18.595787
-1,random,planning,176,-0.8277486,0.0,0.0,0.0,27.609898
-1,random,planning,177,-0.798337,0.0,0.0,0.0,27.075296
-1,random,planning,178,-0.58507425,0.0,0.0,0.0,20.110756
-1,random,planning,179,-0.37341583,0.0,0.0,0.0,11.445188
-1,random,planning,180,-0.7069116,0.0,0.0,0.0,23.769548
-1,random,planning,181,-0.38364026,0.0,0.0,1.0,12.127789
-1,random,planning,182,-0.4488438,0.0,0.0,0.0,20.200481
-1,random,planning,183,-0.6572515,0.0,0.0,1.0,22.858427
-1,random,planning,184,-0.32570815,0.0,0.0,1.0,13.463335
-1,random,planning,185,-0.55906886,0.0,0.0,0.0,18.389177
-1,random,planning,186,-0.6242732,0.0,0.0,0.0,20.547062
-1,random,planning,187,-0.5555846,0.0,0.0,0.0,15.878719
-1,random,planning,188,-0.86192083,0.0,0.0,0.0,27.395893
-1,random,planning,189,-0.5496875,0.0,0.0,0.0,19.192905
-1,random,planning,190,-0.18106848,0.0,0.0,1.0,7.8388443
-1,random,planning,191,-0.18603726,0.0,0.0,1.0,7.972413
-1,random,planning,192,-0.34176743,0.0,0.0,0.0,12.153842
-1,random,planning,193,-0.36716047,0.0,0.0,0.0,10.243177
-1,random,planning,194,-0.21026762,0.0,0.0,0.0,11.082043
-1,random,planning,195,-0.25136182,0.0,0.0,1.0,9.749639
-1,random,planning,196,-0.40875676,0.0,0.0,1.0,14.165366
-1,random,planning,197,-0.34954217,0.0,0.0,0.0,13.088179
-1,random,planning,198,-0.48321825,0.0,0.0,1.0,18.730028
-1,random,planning,199,-0.55333614,0.0,0.0,0.0,16.782381
-1,oracle,planning,0,0.0011642701,1.0,0.4444444444444444,1.0,0.016198263
-1,oracle,planning,1,0.1410157,1.0,0.5555555555555556,1.0,0.0067333463
-1,oracle,planning,2,0.06255803,1.0,0.4888888888888889,1.0,0.013133413
-1,oracle,planning,3,-0.09411149,1.0,0.4,1.0,0.0060964
-1,oracle,planning,4,0.1156575,1.0,0.4888888888888889,1.0,0.01798714
-1,oracle,planning,5,-0.1260448,1.0,0.3333333333333333,1.0,0.008913005
-1,oracle,planning,6,0.34849134,1.0,0.7333333333333333,1.0,0.025533168
-1,oracle,planning,7,-0.07780755,1.0,0.37777777777777777,1.0,0.019878585
-1,oracle,planning,8,0.15888017,1.0,0.5777777777777777,1.0,0.011029099
-1,oracle,planning,9,0.38969857,1.0,0.8222222222222222,1.0,0.007190725
-1,oracle,planning,10,0.012314259,1.0,0.4222222222222222,1.0,0.019767398
-1,oracle,planning,11,0.17254218,1.0,0.6,1.0,0.005427083
-1,oracle,planning,12,0.122820474,1.0,0.5333333333333333,1.0,0.0248602
-1,oracle,planning,13,0.2536185,1.0,0.6666666666666666,1.0,0.013758417
-1,oracle,planning,14,0.33780783,1.0,0.7555555555555555,1.0,0.012343043
-1,oracle,planning,15,-0.13445385,1.0,0.3333333333333333,1.0,0.00790446
-1,oracle,planning,16,0.09795526,1.0,0.4888888888888889,1.0,0.011796303
-1,oracle,planning,17,0.3018241,1.0,0.7333333333333333,1.0,0.016303254
-1,oracle,planning,18,0.18095317,1.0,0.5777777777777777,1.0,0.005572147
-1,oracle,planning,19,-0.11967644,1.0,0.3333333333333333,1.0,0.011568619
-1,oracle,planning,20,-0.022278203,1.0,0.4222222222222222,1.0,0.014653594
-1,oracle,planning,21,0.31464112,1.0,0.7333333333333333,1.0,0.04698918
-1,oracle,planning,22,0.20637412,1.0,0.6,1.0,0.020316092
-1,oracle,planning,23,0.38693315,1.0,0.8222222222222222,1.0,0.014564198
-1,oracle,planning,24,0.12379585,1.0,0.5333333333333333,1.0,0.0073658065
-1,oracle,planning,25,0.17185614,1.0,0.5777777777777777,1.0,0.010472594
-1,oracle,planning,26,0.029873524,1.0,0.4666666666666667,1.0,0.03268928
-1,oracle,planning,27,0.26270774,1.0,0.6888888888888889,1.0,0.011017164
-1,oracle,planning,28,0.11162722,1.0,0.5777777777777777,1.0,0.032719623
-1,oracle,planning,29,0.060578197,1.0,0.5111111111111111,1.0,0.020006618
-1,oracle,planning,30,-0.004665459,1.0,0.37777777777777777,1.0,0.0052570687
-1,oracle,planning,31,0.13955265,1.0,0.5777777777777777,1.0,0.012140094
-1,oracle,planning,32,0.097434394,1.0,0.5111111111111111,1.0,0.0056289914
-1,oracle,planning,33,-0.15357408,1.0,0.3111111111111111,1.0,0.0127487555
-1,oracle,planning,34,-0.15640187,1.0,0.35555555555555557,1.0,0.010035465
-1,oracle,planning,35,0.09018561,1.0,0.4888888888888889,1.0,0.00095658907
-1,oracle,planning,36,0.41226977,1.0,0.8,1.0,0.0052440725
-1,oracle,planning,37,0.4560532,1.0,0.9555555555555556,1.0,0.012334945
-1,oracle,planning,38,0.0003549874,1.0,0.4222222222222222,1.0,0.02765767
-1,oracle,planning,39,0.078063264,1.0,0.5333333333333333,1.0,0.031616244
-1,oracle,planning,40,-0.12658474,1.0,0.35555555555555557,1.0,0.005719365
-1,oracle,planning,41,0.17839943,1.0,0.5777777777777777,1.0,0.019402878
-1,oracle,planning,42,0.14755557,1.0,0.5333333333333333,1.0,0.021233518
-1,oracle,planning,43,0.17505708,1.0,0.5777777777777777,1.0,0.0062547866
-1,oracle,planning,44,0.32059672,1.0,0.7333333333333333,1.0,0.028660936
-1,oracle,planning,45,0.269979,1.0,0.6666666666666666,1.0,0.016708769
-1,oracle,planning,46,0.2823148,1.0,0.6888888888888889,1.0,0.004266984
-1,oracle,planning,47,0.29384753,1.0,0.6888888888888889,1.0,0.024352897
-1,oracle,planning,48,0.035624005,1.0,0.4222222222222222,1.0,0.01694522
-1,oracle,planning,49,0.2994902,1.0,0.7111111111111111,1.0,0.021991735
-1,oracle,planning,50,-0.1319853,1.0,0.3111111111111111,1.0,0.016634826
-1,oracle,planning,51,-0.034638602,1.0,0.4,1.0,0.015046924
-1,oracle,planning,52,0.2783859,1.0,0.6444444444444445,1.0,0.01551939
-1,oracle,planning,53,0.1896311,1.0,0.5777777777777777,1.0,0.047574375
-1,oracle,planning,54,0.2287252,1.0,0.6444444444444445,1.0,0.008260052
-1,oracle,planning,55,0.18498628,1.0,0.5777777777777777,1.0,0.026806584
-1,oracle,planning,56,0.08576864,1.0,0.4888888888888889,1.0,0.019976266
-1,oracle,planning,57,0.20748967,1.0,0.6222222222222222,1.0,0.02029208
-1,oracle,planning,58,0.19049947,1.0,0.6,1.0,0.012760427
-1,oracle,planning,59,0.17490436,1.0,0.5777777777777777,1.0,0.027215516
-1,oracle,planning,60,0.31064105,1.0,0.7333333333333333,1.0,0.025718823
-1,oracle,planning,61,0.046783306,1.0,0.4888888888888889,1.0,0.023609467
-1,oracle,planning,62,-0.1164472,1.0,0.35555555555555557,1.0,0.023046456
-1,oracle,planning,63,0.11337077,1.0,0.5333333333333333,1.0,0.02261747
-1,oracle,planning,64,0.17097735,1.0,0.6,1.0,0.0019504025
-1,oracle,planning,65,0.35188156,1.0,0.7555555555555555,1.0,0.0042561567
-1,oracle,planning,66,0.24713816,1.0,0.6444444444444445,1.0,0.017149916
-1,oracle,planning,67,0.28048486,1.0,0.6666666666666666,1.0,0.017371941
-1,oracle,planning,68,0.34610176,1.0,0.7555555555555555,1.0,0.02564803
-1,oracle,planning,69,0.31263563,1.0,0.7111111111111111,1.0,0.0299572
-1,oracle,planning,70,0.23928882,1.0,0.6222222222222222,1.0,0.018300155
-1,oracle,planning,71,0.104524836,1.0,0.5555555555555556,1.0,0.024148554
-1,oracle,planning,72,-0.13960144,1.0,0.3333333333333333,1.0,0.017464427
-1,oracle,planning,73,0.37919343,1.0,0.8,1.0,0.012857409
-1,oracle,planning,74,-0.14787082,1.0,0.3111111111111111,1.0,0.017920267
-1,oracle,planning,75,-0.054095935,1.0,0.37777777777777777,1.0,0.039041765
-1,oracle,planning,76,0.024301985,1.0,0.4666666666666667,1.0,0.029596664
-1,oracle,planning,77,0.16608287,1.0,0.6,1.0,0.019331366
-1,oracle,planning,78,0.38029784,1.0,0.8,1.0,0.018225484
-1,oracle,planning,79,0.12650165,1.0,0.5333333333333333,1.0,0.019744914
-1,oracle,planning,80,0.37230936,1.0,0.8,1.0,0.02451178
-1,oracle,planning,81,0.2135062,1.0,0.6222222222222222,1.0,0.026734196
-1,oracle,planning,82,0.14445382,1.0,0.5555555555555556,1.0,0.016766855
-1,oracle,planning,83,0.23332572,1.0,0.6222222222222222,1.0,0.017004486
-1,oracle,planning,84,0.19545634,1.0,0.5555555555555556,1.0,0.011652762
-1,oracle,planning,85,0.11494027,1.0,0.5333333333333333,1.0,0.0032270614
-1,oracle,planning,86,0.13169807,1.0,0.5555555555555556,1.0,0.028762281
-1,oracle,planning,87,-0.12941031,1.0,0.3333333333333333,1.0,0.03337969
-1,oracle,planning,88,0.2680085,1.0,0.6666666666666666,1.0,0.009891453
-1,oracle,planning,89,0.19817787,1.0,0.6,1.0,0.008737093
-1,oracle,planning,90,0.24847884,1.0,0.6,1.0,0.017238377
-1,oracle,planning,91,0.13646482,1.0,0.5333333333333333,1.0,0.018752666
-1,oracle,planning,92,-0.31240234,1.0,0.26666666666666666,1.0,0.018487545
-1,oracle,planning,93,0.32829612,1.0,0.7333333333333333,1.0,0.015786245
-1,oracle,planning,94,0.15005678,1.0,0.5111111111111111,1.0,0.009489139
-1,oracle,planning,95,0.41998312,1.0,0.8222222222222222,1.0,0.010151682
-1,oracle,planning,96,0.31519374,1.0,0.7333333333333333,1.0,0.027682994
-1,oracle,planning,97,0.33349144,1.0,0.7555555555555555,1.0,0.02341619
-1,oracle,planning,98,0.11628214,1.0,0.5333333333333333,1.0,0.008075349
-1,oracle,planning,99,0.007917173,1.0,0.4444444444444444,1.0,0.019245438
-1,oracle,planning,100,0.31723067,1.0,0.7111111111111111,1.0,0.010003665
-1,oracle,planning,101,0.24948387,1.0,0.6666666666666666,1.0,0.01668522
-1,oracle,planning,102,0.17625171,1.0,0.6222222222222222,1.0,0.0066231415
-1,oracle,planning,103,0.3923966,1.0,0.8,1.0,0.007052652
-1,oracle,planning,104,0.21443918,1.0,0.6,1.0,0.015216293
-1,oracle,planning,105,0.011183972,1.0,0.4444444444444444,1.0,0.013381872
-1,oracle,planning,106,0.2929195,1.0,0.6888888888888889,1.0,0.01911238
-1,oracle,planning,107,0.085801,1.0,0.4888888888888889,1.0,0.020901274
-1,oracle,planning,108,0.15814152,1.0,0.5333333333333333,1.0,0.021216212
-1,oracle,planning,109,0.2903036,1.0,0.7111111111111111,1.0,0.020216724
-1,oracle,planning,110,0.12990862,1.0,0.5555555555555556,1.0,0.027877161
-1,oracle,planning,111,0.16683194,1.0,0.5555555555555556,1.0,0.017848028
-1,oracle,planning,112,0.36188194,1.0,0.8,1.0,0.017096339
-1,oracle,planning,113,0.45781073,1.0,0.9111111111111111,1.0,0.011863436
-1,oracle,planning,114,-0.0950158,1.0,0.3333333333333333,1.0,0.02020055
-1,oracle,planning,115,0.14332256,1.0,0.5555555555555556,1.0,0.006756071
-1,oracle,planning,116,0.25009865,1.0,0.6444444444444445,1.0,0.008522849
-1,oracle,planning,117,-0.2970551,1.0,0.2222222222222222,1.0,0.27593237
-1,oracle,planning,118,0.42432222,1.0,0.8666666666666667,1.0,0.013109264
-1,oracle,planning,119,0.21499032,1.0,0.6222222222222222,1.0,0.02318722
-1,oracle,planning,120,0.2049676,1.0,0.5777777777777777,1.0,0.018418567
-1,oracle,planning,121,0.059349712,1.0,0.4666666666666667,1.0,0.0059038964
-1,oracle,planning,122,-0.09003813,1.0,0.35555555555555557,1.0,0.017577454
-1,oracle,planning,123,0.24405664,1.0,0.6666666666666666,1.0,0.011352646
-1,oracle,planning,124,0.06311557,1.0,0.4666666666666667,1.0,0.009144679
-1,oracle,planning,125,0.10029491,1.0,0.4888888888888889,1.0,0.020825878
-1,oracle,planning,126,0.18466333,1.0,0.5555555555555556,1.0,0.031296417
-1,oracle,planning,127,0.0670352,1.0,0.4888888888888889,1.0,0.014903803
-1,oracle,planning,128,0.3908898,1.0,0.8,1.0,0.0356955
-1,oracle,planning,129,0.1424598,1.0,0.5111111111111111,1.0,0.0075524775
-1,oracle,planning,130,0.15492211,1.0,0.5555555555555556,1.0,0.018657366
-1,oracle,planning,131,0.13715851,1.0,0.5555555555555556,1.0,0.0170828
-1,oracle,planning,132,0.32413527,1.0,0.7333333333333333,1.0,0.020235127
-1,oracle,planning,133,0.21597159,1.0,0.6,1.0,0.027475927
-1,oracle,planning,134,0.26710564,1.0,0.6666666666666666,1.0,0.008816209
-1,oracle,planning,135,0.018971257,1.0,0.4666666666666667,1.0,0.0076479577
-1,oracle,planning,136,0.11485238,1.0,0.5333333333333333,1.0,0.027944382
-1,oracle,planning,137,0.14281161,1.0,0.5333333333333333,1.0,0.012493138
-1,oracle,planning,138,0.06644892,1.0,0.4888888888888889,1.0,0.021060105
-1,oracle,planning,139,0.3742022,1.0,0.8,1.0,0.013829524
-1,oracle,planning,140,0.08886681,1.0,0.5333333333333333,1.0,0.015926361
-1,oracle,planning,141,0.08458295,1.0,0.4666666666666667,1.0,0.014403497
-1,oracle,planning,142,0.0324517,1.0,0.4666666666666667,1.0,0.010201125
-1,oracle,planning,143,0.14769247,1.0,0.5333333333333333,1.0,0.01753864
-1,oracle,planning,144,0.31128353,1.0,0.7333333333333333,1.0,0.018975211
-1,oracle,planning,145,0.062224146,1.0,0.4888888888888889,1.0,0.030357268
-1,oracle,planning,146,0.21016383,1.0,0.6222222222222222,1.0,0.020403143
-1,oracle,planning,147,0.3251727,1.0,0.7333333333333333,1.0,0.0039775656
-1,oracle,planning,148,0.04127575,1.0,0.4444444444444444,1.0,0.014164546
-1,oracle,planning,149,0.28503245,1.0,0.6888888888888889,1.0,0.016341481
-1,oracle,planning,150,0.07258254,1.0,0.5333333333333333,1.0,0.03991426
-1,oracle,planning,151,0.13028553,1.0,0.4888888888888889,1.0,0.026800498
-1,oracle,planning,152,0.22299805,1.0,0.6222222222222222,1.0,0.013265421
-1,oracle,planning,153,0.21187134,1.0,0.6222222222222222,1.0,0.008825559
-1,oracle,planning,154,0.08719924,1.0,0.4888888888888889,1.0,0.027528847
-1,oracle,planning,155,0.041421056,1.0,0.4888888888888889,1.0,0.022024611
-1,oracle,planning,156,0.10467524,1.0,0.5333333333333333,1.0,0.00813989
-1,oracle,planning,157,0.34936732,1.0,0.7555555555555555,1.0,0.0354761
-1,oracle,planning,158,0.04931124,1.0,0.4888888888888889,1.0,0.004323571
-1,oracle,planning,159,0.24969557,1.0,0.6666666666666666,1.0,0.019824978
-1,oracle,planning,160,0.253184,1.0,0.6222222222222222,1.0,0.013178662
-1,oracle,planning,161,0.11592762,1.0,0.5111111111111111,1.0,0.051586118
-1,oracle,planning,162,0.17191537,1.0,0.5777777777777777,1.0,0.044307657
-1,oracle,planning,163,0.12900594,1.0,0.5333333333333333,1.0,0.020656474
-1,oracle,planning,164,0.29667792,1.0,0.7111111111111111,1.0,0.03422318
-1,oracle,planning,165,0.19761828,1.0,0.5777777777777777,1.0,0.034194954
-1,oracle,planning,166,0.09508018,1.0,0.5111111111111111,1.0,0.030030547
-1,oracle,planning,167,-0.09440823,1.0,0.37777777777777777,1.0,0.0164725
-1,oracle,planning,168,0.22943437,1.0,0.6444444444444445,1.0,0.016054789
-1,oracle,planning,169,0.2063818,1.0,0.5777777777777777,1.0,0.038143583
-1,oracle,planning,170,0.49257034,1.0,1.0,1.0,0.01789967
-1,oracle,planning,171,0.005606008,1.0,0.4444444444444444,1.0,0.019145444
-1,oracle,planning,172,0.32968307,1.0,0.7333333333333333,1.0,0.004430486
-1,oracle,planning,173,0.3243011,1.0,0.7111111111111111,1.0,0.02275332
-1,oracle,planning,174,-0.066601284,1.0,0.35555555555555557,1.0,0.0046355575
-1,oracle,planning,175,0.102308854,1.0,0.5333333333333333,1.0,0.018625867
-1,oracle,planning,176,-0.089330666,1.0,0.4,1.0,0.0050118994
-1,oracle,planning,177,0.009542283,1.0,0.4666666666666667,1.0,0.026179109
-1,oracle,planning,178,0.09256826,1.0,0.5111111111111111,1.0,0.020327406
-1,oracle,planning,179,0.234358,1.0,0.6666666666666666,1.0,0.015336674
-1,oracle,planning,180,0.051087376,1.0,0.4888888888888889,1.0,0.01499638
-1,oracle,planning,181,0.16735901,1.0,0.5333333333333333,1.0,0.004866793
-1,oracle,planning,182,0.27691934,1.0,0.6444444444444445,1.0,0.018027753
-1,oracle,planning,183,0.040524524,1.0,0.4444444444444444,1.0,0.004424637
-1,oracle,planning,184,0.31202528,1.0,0.6888888888888889,1.0,0.004533249
-1,oracle,planning,185,0.19603595,1.0,0.6,1.0,0.010358188
-1,oracle,planning,186,0.04537447,1.0,0.4888888888888889,1.0,0.020333577
-1,oracle,planning,187,0.09933176,1.0,0.5111111111111111,1.0,0.026049515
-1,oracle,planning,188,-0.08738234,1.0,0.4222222222222222,1.0,0.015754916
-1,oracle,planning,189,0.13241938,1.0,0.5777777777777777,1.0,0.034524538
-1,oracle,planning,190,0.43063986,1.0,0.8666666666666667,1.0,0.013113062
-1,oracle,planning,191,0.31661624,1.0,0.7111111111111111,1.0,0.0063367267
-1,oracle,planning,192,0.25523442,1.0,0.6666666666666666,1.0,0.022508878
-1,oracle,planning,193,0.22774756,1.0,0.6444444444444445,1.0,0.034730706
-1,oracle,planning,194,0.43467754,1.0,0.8888888888888888,1.0,0.02096322
-1,oracle,planning,195,0.39824247,1.0,0.8,1.0,0.015130163
-1,oracle,planning,196,0.27032968,1.0,0.6888888888888889,1.0,0.017128354
-1,oracle,planning,197,0.25719067,1.0,0.6666666666666666,1.0,0.012637938
-1,oracle,planning,198,0.24360985,1.0,0.6444444444444445,1.0,0.017759614
-1,oracle,planning,199,0.06399071,1.0,0.4666666666666667,1.0,0.0058587766
-1,oracle_myopic,planning,0,-0.20387293,0.0,0.06666666666666667,1.0,1.942318
-1,oracle_myopic,planning,1,-0.07219591,1.0,0.15555555555555556,1.0,1.0112962
-1,oracle_myopic,planning,2,-0.14354457,1.0,0.15555555555555556,1.0,1.3481543
-1,oracle_myopic,planning,3,-0.3531948,0.0,0.0,1.0,3.5954742
-1,oracle_myopic,planning,4,0.0071952827,1.0,0.26666666666666666,1.0,0.9703169
-1,oracle_myopic,planning,5,-0.27413455,0.0,0.06666666666666667,1.0,4.019477
-1,oracle_myopic,planning,6,0.3066641,1.0,0.7111111111111111,1.0,0.00011861595
-1,oracle_myopic,planning,7,-0.31017065,0.0,0.0,1.0,3.6957512
-1,oracle_myopic,planning,8,-0.06270994,1.0,0.17777777777777778,1.0,1.1752748
-1,oracle_myopic,planning,9,0.25922486,1.0,0.6,1.0,3.3464068e-05
-1,oracle_myopic,planning,10,-0.1385943,1.0,0.13333333333333333,1.0,0.5996964
-1,oracle_myopic,planning,11,-0.051570576,1.0,0.2,1.0,1.0982053
-1,oracle_myopic,planning,12,-0.066652246,1.0,0.2,1.0,1.1758876
-1,oracle_myopic,planning,13,0.13281591,1.0,0.4222222222222222,1.0,0.13805513
-1,oracle_myopic,planning,14,0.14678034,1.0,0.4444444444444444,1.0,0.2971357
-1,oracle_myopic,planning,15,-0.34479374,0.0,0.0,1.0,3.6727684
-1,oracle_myopic,planning,16,-0.09412339,1.0,0.13333333333333333,1.0,0.7966801
-1,oracle_myopic,planning,17,0.03741261,1.0,0.3111111111111111,1.0,0.7353675
-1,oracle_myopic,planning,18,-0.006955299,1.0,0.26666666666666666,1.0,1.4449673
-1,oracle_myopic,planning,19,-0.2775084,0.0,0.06666666666666667,1.0,4.380125
-1,oracle_myopic,planning,20,-0.22628896,0.0,0.06666666666666667,1.0,2.704968
-1,oracle_myopic,planning,21,0.19323654,1.0,0.4888888888888889,1.0,0.1989748
-1,oracle_myopic,planning,22,0.030977,1.0,0.3111111111111111,1.0,1.2908376
-1,oracle_myopic,planning,23,0.28947136,1.0,0.6222222222222222,1.0,0.0001168762
-1,oracle_myopic,planning,24,-0.065228716,1.0,0.15555555555555556,1.0,1.1782334
-1,oracle_myopic,planning,25,-0.045681085,1.0,0.17777777777777778,1.0,1.3326678
-1,oracle_myopic,planning,26,-0.18366025,1.0,0.044444444444444446,1.0,0.488057
-1,oracle_myopic,planning,27,0.03719301,1.0,0.3333333333333333,1.0,0.53734434
-1,oracle_myopic,planning,28,-0.17130148,0.0,0.13333333333333333,1.0,1.733771
-1,oracle_myopic,planning,29,-0.15125635,0.0,0.15555555555555556,1.0,1.5872239
-1,oracle_myopic,planning,30,-0.13567732,1.0,0.1111111111111111,1.0,1.1535096
-1,oracle_myopic,planning,31,-0.11022838,0.0,0.1111111111111111,1.0,1.9300591
-1,oracle_myopic,planning,32,-0.084605135,1.0,0.17777777777777778,1.0,0.49139094
-1,oracle_myopic,planning,33,-0.28740013,0.0,0.06666666666666667,1.0,3.5899818
-1,oracle_myopic,planning,34,-0.38632783,0.0,0.0,1.0,3.0054471
-1,oracle_myopic,planning,35,-0.076430045,1.0,0.2,1.0,0.8193784
-1,oracle_myopic,planning,36,0.3979777,1.0,0.8,1.0,7.657695e-05
-1,oracle_myopic,planning,37,0.39926127,1.0,0.7555555555555555,1.0,0.00017000249
-1,oracle_myopic,planning,38,-0.17633739,1.0,0.08888888888888889,1.0,1.2254386
-1,oracle_myopic,planning,39,-0.18838611,1.0,0.06666666666666667,1.0,0.53725576
-1,oracle_myopic,planning,40,-0.2939822,0.0,0.06666666666666667,1.0,3.5021286
-1,oracle_myopic,planning,41,0.0067252456,1.0,0.24444444444444444,1.0,0.6297938
-1,oracle_myopic,planning,42,-0.017918224,1.0,0.2,1.0,1.067388
-1,oracle_myopic,planning,43,0.00030056172,1.0,0.28888888888888886,1.0,1.4537209
-1,oracle_myopic,planning,44,0.24687394,1.0,0.6,1.0,0.00012973743
-1,oracle_myopic,planning,45,0.079830915,1.0,0.35555555555555557,1.0,0.13038376
-1,oracle_myopic,planning,46,0.09546077,1.0,0.37777777777777777,1.0,0.4207361
-1,oracle_myopic,planning,47,0.2307389,1.0,0.5555555555555556,1.0,0.0042074923
-1,oracle_myopic,planning,48,-0.09575801,1.0,0.13333333333333333,1.0,0.45268852
-1,oracle_myopic,planning,49,0.15284353,1.0,0.4444444444444444,1.0,0.027449165
-1,oracle_myopic,planning,50,-0.27790564,0.0,0.06666666666666667,1.0,3.673936
-1,oracle_myopic,planning,51,-0.2378293,0.0,0.0,1.0,1.615335
-1,oracle_myopic,planning,52,0.18882677,1.0,0.4888888888888889,1.0,0.3067255
-1,oracle_myopic,planning,53,0.07824322,1.0,0.35555555555555557,1.0,0.68464273
-1,oracle_myopic,planning,54,0.014699751,1.0,0.24444444444444444,1.0,1.4930155
-1,oracle_myopic,planning,55,0.0044883145,1.0,0.2222222222222222,1.0,1.1280206
-1,oracle_myopic,planning,56,-0.08515116,1.0,0.15555555555555556,1.0,0.49034137
-1,oracle_myopic,planning,57,0.06893272,1.0,0.35555555555555557,1.0,0.3053009
-1,oracle_myopic,planning,58,0.0277157,1.0,0.28888888888888886,1.0,1.3219758
-1,oracle_myopic,planning,59,0.010164589,1.0,0.28888888888888886,1.0,1.2330375
-1,oracle_myopic,planning,60,0.14307801,1.0,0.4222222222222222,1.0,0.19444181
-1,oracle_myopic,planning,61,-0.21330643,1.0,0.044444444444444446,1.0,1.0321096
-1,oracle_myopic,planning,62,-0.27756304,0.0,0.06666666666666667,1.0,3.2883286
-1,oracle_myopic,planning,63,-0.112070315,1.0,0.15555555555555556,1.0,0.43862116
-1,oracle_myopic,planning,64,-0.087594435,1.0,0.17777777777777778,1.0,1.4586858
-1,oracle_myopic,planning,65,0.28176278,1.0,0.6,1.0,9.367169e-05
-1,oracle_myopic,planning,66,0.13304272,1.0,0.4222222222222222,1.0,7.549934e-05
-1,oracle_myopic,planning,67,0.1817651,1.0,0.4888888888888889,1.0,0.23281805
-1,oracle_myopic,planning,68,0.2706161,1.0,0.6,1.0,0.000238495
-1,oracle_myopic,planning,69,0.19088101,1.0,0.4666666666666667,1.0,0.0002805226
-1,oracle_myopic,planning,70,0.10568443,1.0,0.37777777777777777,1.0,0.14503497
-1,oracle_myopic,planning,71,-0.13657288,1.0,0.08888888888888889,1.0,0.6892799
-1,oracle_myopic,planning,72,-0.34355482,0.0,0.0,1.0,3.3854253
-1,oracle_myopic,planning,73,0.32794002,1.0,0.7111111111111111,1.0,0.00016479142
-1,oracle_myopic,planning,74,-0.29405433,0.0,0.06666666666666667,1.0,4.8199444
-1,oracle_myopic,planning,75,-0.2544049,0.0,0.0,1.0,1.7078137
-1,oracle_myopic,planning,76,-0.21864876,1.0,0.044444444444444446,1.0,1.2874973
-1,oracle_myopic,planning,77,-0.07897292,1.0,0.17777777777777778,1.0,1.2989788
-1,oracle_myopic,planning,78,0.3293007,1.0,0.6888888888888889,1.0,0.00014733658
-1,oracle_myopic,planning,79,-0.08513105,1.0,0.2,1.0,1.2016512
-1,oracle_myopic,planning,80,0.27740496,1.0,0.6,1.0,0.00021981166
-1,oracle_myopic,planning,81,-0.0008287357,1.0,0.28888888888888886,1.0,1.1685461
-1,oracle_myopic,planning,82,-0.03641924,1.0,0.24444444444444444,1.0,1.247484
-1,oracle_myopic,planning,83,0.069994144,1.0,0.35555555555555557,1.0,0.667127
-1,oracle_myopic,planning,84,0.10594618,1.0,0.35555555555555557,1.0,0.45903134
-1,oracle_myopic,planning,85,-0.13660085,1.0,0.1111111111111111,1.0,1.4724479
-1,oracle_myopic,planning,86,-0.08125912,1.0,0.17777777777777778,1.0,1.4023769
-1,oracle_myopic,planning,87,-0.33961967,0.0,0.0,1.0,3.7447944
-1,oracle_myopic,planning,88,0.14358808,1.0,0.4444444444444444,1.0,0.19180885
-1,oracle_myopic,planning,89,0.049462307,1.0,0.28888888888888886,1.0,0.17508362
-1,oracle_myopic,planning,90,0.16888547,1.0,0.4444444444444444,1.0,0.12061704
-1,oracle_myopic,planning,91,-0.018845387,1.0,0.26666666666666666,1.0,0.9702781
-1,oracle_myopic,planning,92,-0.457923,0.0,0.044444444444444446,1.0,6.293643
-1,oracle_myopic,planning,93,0.2215495,1.0,0.5333333333333333,1.0,0.000152078
-1,oracle_myopic,planning,94,0.058898948,1.0,0.3111111111111111,1.0,0.6571492
-1,oracle_myopic,planning,95,0.41344625,1.0,0.8222222222222222,1.0,0.0001412044
-1,oracle_myopic,planning,96,0.109071426,1.0,0.35555555555555557,1.0,0.30732232
-1,oracle_myopic,planning,97,0.20065005,1.0,0.5111111111111111,1.0,0.46263447
-1,oracle_myopic,planning,98,-0.04409759,1.0,0.2,1.0,0.8894808
-1,oracle_myopic,planning,99,-0.19400862,1.0,0.08888888888888889,1.0,1.4416431
-1,oracle_myopic,planning,100,0.2466139,1.0,0.5555555555555556,1.0,9.055831e-05
-1,oracle_myopic,planning,101,0.028093582,1.0,0.3111111111111111,1.0,1.0029665
-1,oracle_myopic,planning,102,-0.086409904,1.0,0.15555555555555556,1.0,1.3280494
-1,oracle_myopic,planning,103,0.36124256,1.0,0.8,1.0,0.00020041848
-1,oracle_myopic,planning,104,0.08564659,1.0,0.28888888888888886,1.0,0.089828074
-1,oracle_myopic,planning,105,-0.19049507,0.0,0.06666666666666667,1.0,1.7005606
-1,oracle_myopic,planning,106,0.20317076,1.0,0.5111111111111111,1.0,0.000111727415
-1,oracle_myopic,planning,107,-0.1131931,1.0,0.1111111111111111,1.0,0.11169243
-1,oracle_myopic,planning,108,0.007914708,1.0,0.2,1.0,0.9688627
-1,oracle_myopic,planning,109,0.09376345,1.0,0.3333333333333333,1.0,0.36724466
-1,oracle_myopic,planning,110,-0.07579114,1.0,0.17777777777777778,1.0,0.9610957
-1,oracle_myopic,planning,111,0.022103194,1.0,0.2222222222222222,1.0,0.7875214
-1,oracle_myopic,planning,112,0.18949202,1.0,0.5333333333333333,1.0,0.08319652
-1,oracle_myopic,planning,113,0.4371653,1.0,0.9111111111111111,1.0,0.00017063392
-1,oracle_myopic,planning,114,-0.24693324,0.0,0.06666666666666667,1.0,3.1924818
-1,oracle_myopic,planning,115,-0.02381463,1.0,0.2222222222222222,1.0,1.0500507
-1,oracle_myopic,planning,116,0.17571038,1.0,0.4888888888888889,1.0,0.026598275
-1,oracle_myopic,planning,117,-0.3862332,0.0,0.06666666666666667,1.0,4.459017
-1,oracle_myopic,planning,118,0.38654816,1.0,0.8222222222222222,1.0,0.00014708146
-1,oracle_myopic,planning,119,0.0069793607,1.0,0.28888888888888886,1.0,1.4491284
-1,oracle_myopic,planning,120,0.108370095,1.0,0.3333333333333333,1.0,0.07378419
-1,oracle_myopic,planning,121,-0.14015134,1.0,0.06666666666666667,1.0,0.14226218
-1,oracle_myopic,planning,122,-0.26377794,0.0,0.06666666666666667,1.0,3.5541706
-1,oracle_myopic,planning,123,0.01828124,1.0,0.3333333333333333,1.0,0.30415812
-1,oracle_myopic,planning,124,-0.10859107,1.0,0.15555555555555556,1.0,0.13752946
-1,oracle_myopic,planning,125,-0.061348226,1.0,0.17777777777777778,1.0,0.8554621
-1,oracle_myopic,planning,126,-0.011575288,1.0,0.2,1.0,1.0407574
-1,oracle_myopic,planning,127,-0.14068665,1.0,0.1111111111111111,1.0,0.493477
-1,oracle_myopic,planning,128,0.37539536,1.0,0.8,1.0,0.00020144858
-1,oracle_myopic,planning,129,0.051314928,1.0,0.28888888888888886,1.0,0.53302884
-1,oracle_myopic,planning,130,-0.040107656,1.0,0.17777777777777778,1.0,1.3961794
-1,oracle_myopic,planning,131,-0.008761444,1.0,0.3111111111111111,1.0,0.43496856
-1,oracle_myopic,planning,132,0.26787367,1.0,0.6,1.0,0.000126648
-1,oracle_myopic,planning,133,0.033175085,1.0,0.24444444444444444,1.0,0.8781283
-1,oracle_myopic,planning,134,0.13660304,1.0,0.35555555555555557,1.0,0.0663802
-1,oracle_myopic,planning,135,-0.18714081,1.0,0.08888888888888889,1.0,1.3736794
-1,oracle_myopic,planning,136,-0.066093095,1.0,0.15555555555555556,1.0,0.9914089
-1,oracle_myopic,planning,137,-0.0040563373,1.0,0.2,1.0,0.69175655
-1,oracle_myopic,planning,138,-0.12873186,1.0,0.2,1.0,1.4909748
-1,oracle_myopic,planning,139,0.30676025,1.0,0.6444444444444445,1.0,6.613917e-05
-1,oracle_myopic,planning,140,-0.16220035,1.0,0.08888888888888889,1.0,0.5262761
-1,oracle_myopic,planning,141,-0.08750364,1.0,0.15555555555555556,1.0,0.00016147488
-1,oracle_myopic,planning,142,-0.21411659,1.0,0.022222222222222223,1.0,1.112932
-1,oracle_myopic,planning,143,-0.029816903,1.0,0.2222222222222222,1.0,0.9802485
-1,oracle_myopic,planning,144,0.09988308,1.0,0.35555555555555557,1.0,0.34619886
-1,oracle_myopic,planning,145,-0.13530535,1.0,0.15555555555555556,1.0,0.20961365
-1,oracle_myopic,planning,146,0.0317995,1.0,0.26666666666666666,1.0,0.38623762
-1,oracle_myopic,planning,147,0.20089908,1.0,0.4888888888888889,1.0,0.00024202096
-1,oracle_myopic,planning,148,-0.121206135,1.0,0.13333333333333333,1.0,0.00021631434
-1,oracle_myopic,planning,149,0.10389112,1.0,0.3333333333333333,1.0,0.1874481
-1,oracle_myopic,planning,150,-0.14150077,0.0,0.15555555555555556,1.0,1.7481054
-1,oracle_myopic,planning,151,0.021010209,1.0,0.28888888888888886,1.0,1.0542266
-1,oracle_myopic,planning,152,0.029621521,1.0,0.28888888888888886,1.0,0.94123614
-1,oracle_myopic,planning,153,0.03046643,1.0,0.26666666666666666,1.0,1.1361223
-1,oracle_myopic,planning,154,-0.060359098,1.0,0.2222222222222222,1.0,0.6811246
-1,oracle_myopic,planning,155,-0.19859017,1.0,0.044444444444444446,1.0,1.0522348
-1,oracle_myopic,planning,156,-0.11753991,1.0,0.13333333333333333,1.0,1.0956202
-1,oracle_myopic,planning,157,0.28301996,1.0,0.6222222222222222,1.0,0.00010943985
-1,oracle_myopic,planning,158,-0.14650081,1.0,0.1111111111111111,1.0,0.37235093
-1,oracle_myopic,planning,159,0.036636792,1.0,0.26666666666666666,1.0,1.325844
-1,oracle_myopic,planning,160,0.1132536,1.0,0.3111111111111111,1.0,0.12740935
-1,oracle_myopic,planning,161,-0.073254086,1.0,0.15555555555555556,1.0,0.5718306
-1,oracle_myopic,planning,162,-0.016990704,1.0,0.26666666666666666,1.0,1.4027075
-1,oracle_myopic,planning,163,-0.05523119,1.0,0.2222222222222222,1.0,0.9851663
-1,oracle_myopic,planning,164,0.14353696,1.0,0.4,1.0,0.2147402
-1,oracle_myopic,planning,165,0.07959472,1.0,0.3333333333333333,1.0,0.87804055
-1,oracle_myopic,planning,166,-0.06885594,1.0,0.17777777777777778,1.0,0.8845446
-1,oracle_myopic,planning,167,-0.26477507,0.0,0.06666666666666667,1.0,2.8724108
-1,oracle_myopic,planning,168,0.0373713,1.0,0.24444444444444444,1.0,0.5576808
-1,oracle_myopic,planning,169,0.1023928,1.0,0.37777777777777777,1.0,0.53696734
-1,oracle_myopic,planning,170,0.44322687,1.0,0.9111111111111111,1.0,0.00021612286
-1,oracle_myopic,planning,171,-0.19286162,0.0,0.08888888888888889,1.0,1.683851
-1,oracle_myopic,planning,172,0.22657315,1.0,0.5333333333333333,1.0,0.06505632
-1,oracle_myopic,planning,173,0.29666382,1.0,0.7111111111111111,1.0,0.00019416265
-1,oracle_myopic,planning,174,-0.24141753,0.0,0.06666666666666667,1.0,3.3396902
-1,oracle_myopic,planning,175,-0.12130993,1.0,0.1111111111111111,1.0,0.725398
-1,oracle_myopic,planning,176,-0.3156947,0.0,0.0,1.0,2.6045315
-1,oracle_myopic,planning,177,-0.21697827,1.0,0.06666666666666667,1.0,0.85443026
-1,oracle_myopic,planning,178,-0.09169842,1.0,0.15555555555555556,1.0,0.89615196
-1,oracle_myopic,planning,179,-0.030769745,0.0,0.17777777777777778,1.0,1.5973334
-1,oracle_myopic,planning,180,-0.1825174,1.0,0.044444444444444446,1.0,0.5698812
-1,oracle_myopic,planning,181,0.041914918,1.0,0.28888888888888886,1.0,0.730682
-1,oracle_myopic,planning,182,0.18035944,1.0,0.4444444444444444,1.0,0.13123742
-1,oracle_myopic,planning,183,-0.11008878,1.0,0.13333333333333333,1.0,9.6808384e-05
-1,oracle_myopic,planning,184,0.28474796,1.0,0.6888888888888889,1.0,0.00013780875
-1,oracle_myopic,planning,185,0.008354613,1.0,0.3111111111111111,1.0,0.6346649
-1,oracle_myopic,planning,186,-0.20184383,1.0,0.044444444444444446,1.0,0.47521943
-1,oracle_myopic,planning,187,-0.09269759,0.0,0.15555555555555556,1.0,1.7374728
-1,oracle_myopic,planning,188,-0.33550045,0.0,0.0,1.0,2.0983512
-1,oracle_myopic,planning,189,-0.13154127,0.0,0.13333333333333333,1.0,1.7027065
-1,oracle_myopic,planning,190,0.40764046,1.0,0.8666666666666667,1.0,3.126184e-05
-1,oracle_myopic,planning,191,0.27503914,1.0,0.7111111111111111,1.0,0.00015097606
-1,oracle_myopic,planning,192,0.054766014,1.0,0.37777777777777777,1.0,0.6198128
-1,oracle_myopic,planning,193,0.015774697,1.0,0.3111111111111111,1.0,0.23076232
-1,oracle_myopic,planning,194,0.38269994,1.0,0.7555555555555555,1.0,0.00023048709
-1,oracle_myopic,planning,195,0.37408036,1.0,0.8,1.0,0.00015587175
-1,oracle_myopic,planning,196,0.06607216,1.0,0.3333333333333333,1.0,0.5499146
-1,oracle_myopic,planning,197,0.07568262,1.0,0.35555555555555557,1.0,0.5119156
-1,oracle_myopic,planning,198,0.12876505,1.0,0.4,1.0,0.18872583
-1,oracle_myopic,planning,199,-0.090684965,1.0,0.15555555555555556,1.0,0.061363123
-1,oracle_colourblind,planning,0,-0.64685583,0.0,0.0,0.0,21.278284
-1,oracle_colourblind,planning,1,-0.63841903,0.0,0.0,0.0,20.591812
-1,oracle_colourblind,planning,2,-0.6750728,0.0,0.0,0.0,21.57345
-1,oracle_colourblind,planning,3,-0.5063819,0.0,0.0,0.0,13.17648
-1,oracle_colourblind,planning,4,0.07222614,1.0,0.4444444444444444,1.0,0.06292201
-1,oracle_colourblind,planning,5,-0.54612786,0.0,0.0,0.0,16.332266
-1,oracle_colourblind,planning,6,0.34744444,1.0,0.7333333333333333,1.0,0.037700146
-1,oracle_colourblind,planning,7,-0.09316341,1.0,0.37777777777777777,1.0,0.04674798
-1,oracle_colourblind,planning,8,0.15610467,1.0,0.5555555555555556,1.0,0.06716814
-1,oracle_colourblind,planning,9,0.38749605,1.0,0.8222222222222222,1.0,0.055578474
-1,oracle_colourblind,planning,10,-0.45741814,0.0,0.0,0.0,13.939309
-1,oracle_colourblind,planning,11,0.16996892,1.0,0.5777777777777777,1.0,0.056633767
-1,oracle_colourblind,planning,12,-0.39090106,0.0,0.0,0.0,11.121522
-1,oracle_colourblind,planning,13,0.2514965,1.0,0.6666666666666666,1.0,0.0693729
-1,oracle_colourblind,planning,14,0.33552715,1.0,0.7555555555555555,1.0,0.060105678
-1,oracle_colourblind,planning,15,-0.14448868,1.0,0.3333333333333333,1.0,0.07400194
-1,oracle_colourblind,planning,16,-0.48340175,0.0,0.0,0.0,15.848267
-1,oracle_colourblind,planning,17,0.09479332,1.0,0.4444444444444444,1.0,0.05295366
-1,oracle_colourblind,planning,18,-0.43462595,0.0,0.0,0.0,13.683496
-1,oracle_colourblind,planning,19,-0.20101903,1.0,0.24444444444444444,1.0,0.05767531
-1,oracle_colourblind,planning,20,-0.6261466,0.0,0.0,0.0,19.495562
-1,oracle_colourblind,planning,21,-0.44006783,0.0,0.0,0.0,15.291367
-1,oracle_colourblind,planning,22,0.03793986,1.0,0.37777777777777777,1.0,0.091592565
-1,oracle_colourblind,planning,23,0.38579348,1.0,0.8222222222222222,1.0,0.055676244
-1,oracle_colourblind,planning,24,-0.47553384,0.0,0.0,0.0,14.835184
-1,oracle_colourblind,planning,25,0.16897868,1.0,0.5777777777777777,1.0,0.058175962
-1,oracle_colourblind,planning,26,-0.58729297,0.0,0.0,0.0,18.07685
-1,oracle_colourblind,planning,27,0.25148535,1.0,0.6666666666666666,1.0,0.07816608
-1,oracle_colourblind,planning,28,0.10871204,1.0,0.5777777777777777,1.0,0.082183845
-1,oracle_colourblind,planning,29,-0.6383913,0.0,0.0,0.0,19.723522
-1,oracle_colourblind,planning,30,-0.6319025,0.0,0.0,0.0,20.542849
-1,oracle_colourblind,planning,31,-0.55105805,0.0,0.0,0.0,17.051567
-1,oracle_colourblind,planning,32,-0.4431408,0.0,0.0,0.0,15.941236
-1,oracle_colourblind,planning,33,-0.4657425,0.0,0.0,0.0,11.615596
-1,oracle_colourblind,planning,34,-0.58093464,0.0,0.0,0.0,15.323455
-1,oracle_colourblind,planning,35,-0.4055203,0.0,0.0,0.0,11.79043
-1,oracle_colourblind,planning,36,0.41096625,1.0,0.8,1.0,0.07065138
-1,oracle_colourblind,planning,37,0.45492566,1.0,0.9555555555555556,1.0,0.046383873
-1,oracle_colourblind,planning,38,-0.36902377,0.0,0.0,1.0,9.191167
-1,oracle_colourblind,planning,39,-0.54228014,0.0,0.0,0.0,16.436438
-1,oracle_colourblind,planning,40,-0.5821755,0.0,0.0,0.0,16.1302
-1,oracle_colourblind,planning,41,-0.48711312,0.0,0.0,0.0,15.920552
-1,oracle_colourblind,planning,42,-0.0833857,1.0,0.26666666666666666,1.0,0.05584411
-1,oracle_colourblind,planning,43,0.160855,1.0,0.5555555555555556,1.0,0.06402362
-1,oracle_colourblind,planning,44,0.3198508,1.0,0.7333333333333333,1.0,0.025679627
-1,oracle_colourblind,planning,45,-0.03866732,1.0,0.28888888888888886,1.0,0.08438374
-1,oracle_colourblind,planning,46,-0.45474786,0.0,0.0,0.0,16.267706
-1,oracle_colourblind,planning,47,0.29039022,1.0,0.6888888888888889,1.0,0.035404578
-1,oracle_colourblind,planning,48,-0.40530887,0.0,0.0,0.0,12.459868
-1,oracle_colourblind,planning,49,0.28072977,1.0,0.6888888888888889,1.0,0.050583012
-1,oracle_colourblind,planning,50,-0.5815919,0.0,0.0,0.0,18.469923
-1,oracle_colourblind,planning,51,-0.03592157,1.0,0.4,1.0,0.039870042
-1,oracle_colourblind,planning,52,0.27457482,1.0,0.6444444444444445,1.0,0.07153735
-1,oracle_colourblind,planning,53,-0.2762906,0.0,0.0,1.0,6.73801
-1,oracle_colourblind,planning,54,-0.51466244,0.0,0.0,0.0,16.655977
-1,oracle_colourblind,planning,55,0.18393898,1.0,0.5777777777777777,1.0,0.09223652
-1,oracle_colourblind,planning,56,-0.47771707,0.0,0.0,0.0,15.090256
-1,oracle_colourblind,planning,57,-0.412034,0.0,0.0,0.0,12.857338
-1,oracle_colourblind,planning,58,-0.35272586,0.0,0.0,0.0,10.936093
-1,oracle_colourblind,planning,59,-0.34329182,0.0,0.0,0.0,12.799761
-1,oracle_colourblind,planning,60,0.22347857,1.0,0.6,1.0,0.02877883
-1,oracle_colourblind,planning,61,0.044200122,1.0,0.4666666666666667,1.0,0.06460153
-1,oracle_colourblind,planning,62,-0.584021,0.0,0.0,0.0,17.28424
-1,oracle_colourblind,planning,63,-0.4961763,0.0,0.0,0.0,15.347386
-1,oracle_colourblind,planning,64,0.0012194674,1.0,0.35555555555555557,1.0,0.0488946
-1,oracle_colourblind,planning,65,0.35078618,1.0,0.7555555555555555,1.0,0.067015894
-1,oracle_colourblind,planning,66,-0.4945062,0.0,0.0,0.0,16.888603
-1,oracle_colourblind,planning,67,-0.2985652,0.0,0.0,0.0,9.619688
-1,oracle_colourblind,planning,68,0.33137238,1.0,0.7333333333333333,1.0,0.07481612
-1,oracle_colourblind,planning,69,-0.4081699,0.0,0.0,0.0,15.170641
-1,oracle_colourblind,planning,70,0.10499673,1.0,0.4444444444444444,1.0,0.053110886
-1,oracle_colourblind,planning,71,-0.53054106,0.0,0.0,0.0,16.179022
-1,oracle_colourblind,planning,72,-0.18801348,1.0,0.28888888888888886,1.0,0.048176587
-1,oracle_colourblind,planning,73,0.37755406,1.0,0.8,1.0,0.060543075
-1,oracle_colourblind,planning,74,-0.5603897,0.0,0.0,0.0,16.382893
-1,oracle_colourblind,planning,75,-0.07097457,1.0,0.37777777777777777,1.0,0.032813523
-1,oracle_colourblind,planning,76,-0.46118143,0.0,0.0,0.0,12.897257
-1,oracle_colourblind,planning,77,-0.4379947,0.0,0.0,0.0,13.515451
-1,oracle_colourblind,planning,78,0.37759608,1.0,0.8,1.0,0.086336926
-1,oracle_colourblind,planning,79,-0.49699873,0.0,0.0,0.0,15.381098
-1,oracle_colourblind,planning,80,0.36931276,1.0,0.8,1.0,0.10088439
-1,oracle_colourblind,planning,81,0.2103802,1.0,0.6222222222222222,1.0,0.10738494
-1,oracle_colourblind,planning,82,-0.39905006,0.0,0.0,0.0,12.155023
-1,oracle_colourblind,planning,83,-0.3540015,0.0,0.0,0.0,11.627184
-1,oracle_colourblind,planning,84,-0.49020478,0.0,0.0,0.0,16.580235
-1,oracle_colourblind,planning,85,0.10615379,1.0,0.5333333333333333,1.0,0.056453224
-1,oracle_colourblind,planning,86,-0.5854982,0.0,0.0,0.0,18.331358
-1,oracle_colourblind,planning,87,-0.77317876,0.0,0.0,0.0,24.310843
-1,oracle_colourblind,planning,88,0.26320857,1.0,0.6666666666666666,1.0,0.08718494
-1,oracle_colourblind,planning,89,0.1946149,1.0,0.6,1.0,0.05220919
-1,oracle_colourblind,planning,90,-0.35642383,0.0,0.0,0.0,11.743539
-1,oracle_colourblind,planning,91,-0.019682426,1.0,0.3333333333333333,1.0,0.07724233
-1,oracle_colourblind,planning,92,-0.6992541,0.0,0.0,0.0,18.507494
-1,oracle_colourblind,planning,93,-0.3234228,0.0,0.0,0.0,10.87918
-1,oracle_colourblind,planning,94,0.13045174,1.0,0.4888888888888889,1.0,0.057308007
-1,oracle_colourblind,planning,95,0.41837722,1.0,0.8222222222222222,1.0,0.074088044
-1,oracle_colourblind,planning,96,0.31301922,1.0,0.7333333333333333,1.0,0.06183393
-1,oracle_colourblind,planning,97,0.31402692,1.0,0.7111111111111111,1.0,0.09151555
-1,oracle_colourblind,planning,98,0.10852543,1.0,0.5333333333333333,1.0,0.056110825
-1,oracle_colourblind,planning,99,-0.51188886,0.0,0.0,0.0,19.309374
-1,oracle_colourblind,planning,100,0.3142262,1.0,0.7111111111111111,1.0,0.07573416
-1,oracle_colourblind,planning,101,-0.37716845,0.0,0.0,0.0,11.69206
-1,oracle_colourblind,planning,102,-0.61120397,0.0,0.0,0.0,19.51534
-1,oracle_colourblind,planning,103,0.39037275,1.0,0.8,1.0,0.06152514
-1,oracle_colourblind,planning,104,-0.4209087,0.0,0.0,0.0,13.555762
-1,oracle_colourblind,planning,105,-0.5122457,0.0,0.0,0.0,15.507951
-1,oracle_colourblind,planning,106,-0.4446399,0.0,0.0,0.0,15.186714
-1,oracle_colourblind,planning,107,0.07810178,1.0,0.4888888888888889,1.0,0.05705754
-1,oracle_colourblind,planning,108,-0.46396154,0.0,0.0,0.0,15.275409
-1,oracle_colourblind,planning,109,0.27512825,1.0,0.6888888888888889,1.0,0.047976382
-1,oracle_colourblind,planning,110,-0.39561683,0.0,0.0,0.0,11.803552
-1,oracle_colourblind,planning,111,-0.50023437,0.0,0.0,0.0,16.120789
-1,oracle_colourblind,planning,112,0.36043727,1.0,0.8,1.0,0.05068507
-1,oracle_colourblind,planning,113,0.45630085,1.0,0.9111111111111111,1.0,0.072148144
-1,oracle_colourblind,planning,114,-0.4458752,0.0,0.0,0.0,12.125318
-1,oracle_colourblind,planning,115,-0.47286284,0.0,0.0,0.0,15.454949
-1,oracle_colourblind,planning,116,0.249744,1.0,0.6444444444444445,1.0,0.061957583
-1,oracle_colourblind,planning,117,-0.6185263,0.0,0.0,0.0,16.403774
-1,oracle_colourblind,planning,118,0.42314255,1.0,0.8666666666666667,1.0,0.07046077
-1,oracle_colourblind,planning,119,0.20128901,1.0,0.6222222222222222,1.0,0.09087347
-1,oracle_colourblind,planning,120,0.2041106,1.0,0.5777777777777777,1.0,0.06703671
-1,oracle_colourblind,planning,121,-0.36483738,0.0,0.0,0.0,12.311892
-1,oracle_colourblind,planning,122,-0.4457516,0.0,0.0,0.0,11.332382
-1,oracle_colourblind,planning,123,-0.35538894,0.0,0.0,1.0,9.665854
-1,oracle_colourblind,planning,124,-0.5450386,0.0,0.0,0.0,17.41574
-1,oracle_colourblind,planning,125,-0.51291525,0.0,0.0,0.0,16.49793
-1,oracle_colourblind,planning,126,-0.44361308,0.0,0.0,0.0,15.002796
-1,oracle_colourblind,planning,127,-0.47764078,0.0,0.0,0.0,14.992945
-1,oracle_colourblind,planning,128,0.38958922,1.0,0.8,1.0,0.048955865
-1,oracle_colourblind,planning,129,0.1216623,1.0,0.4888888888888889,1.0,0.07195469
-1,oracle_colourblind,planning,130,0.15031002,1.0,0.5555555555555556,1.0,0.071607366
-1,oracle_colourblind,planning,131,0.1329108,1.0,0.5555555555555556,1.0,0.052558016
-1,oracle_colourblind,planning,132,0.32248405,1.0,0.7333333333333333,1.0,0.036915164
-1,oracle_colourblind,planning,133,0.21517067,1.0,0.6222222222222222,1.0,0.06380479
-1,oracle_colourblind,planning,134,0.15258566,1.0,0.5111111111111111,1.0,0.06094167
-1,oracle_colourblind,planning,135,-0.42403913,0.0,0.0,0.0,11.785484
-1,oracle_colourblind,planning,136,-0.378884,0.0,0.0,0.0,11.952226
-1,oracle_colourblind,planning,137,-0.57127076,0.0,0.0,0.0,19.791235
-1,oracle_colourblind,planning,138,0.06520126,1.0,0.4888888888888889,1.0,0.059811033
-1,oracle_colourblind,planning,139,0.3729182,1.0,0.8,1.0,0.08089424
-1,oracle_colourblind,planning,140,0.08843016,1.0,0.5333333333333333,1.0,0.0789278
-1,oracle_colourblind,planning,141,-0.43237314,0.0,0.0,0.0,13.617958
-1,oracle_colourblind,planning,142,-0.5471056,0.0,0.0,0.0,16.556314
-1,oracle_colourblind,planning,143,0.14354792,1.0,0.5333333333333333,1.0,0.07721378
-1,oracle_colourblind,planning,144,0.305251,1.0,0.7333333333333333,1.0,0.07422596
-1,oracle_colourblind,planning,145,-0.07860334,1.0,0.28888888888888886,1.0,0.09676752
-1,oracle_colourblind,planning,146,0.2084678,1.0,0.6222222222222222,1.0,0.054465152
-1,oracle_colourblind,planning,147,0.32328483,1.0,0.7333333333333333,1.0,0.0658863
-1,oracle_colourblind,planning,148,-0.6174999,0.0,0.0,0.0,20.766483
-1,oracle_colourblind,planning,149,0.2842247,1.0,0.6888888888888889,1.0,0.04726625
-1,oracle_colourblind,planning,150,-0.6316683,0.0,0.0,0.0,19.531658
-1,oracle_colourblind,planning,151,-0.33194038,0.0,0.0,0.0,11.6342325
-1,oracle_colourblind,planning,152,0.22125119,1.0,0.6222222222222222,1.0,0.06300961
-1,oracle_colourblind,planning,153,0.20935279,1.0,0.6,1.0,0.045955993
-1,oracle_colourblind,planning,154,-0.3917708,0.0,0.0,0.0,11.620035
-1,oracle_colourblind,planning,155,-0.5684947,0.0,0.0,0.0,17.432037
-1,oracle_colourblind,planning,156,-0.5750567,0.0,0.0,0.0,17.886646
-1,oracle_colourblind,planning,157,0.31940466,1.0,0.7111111111111111,1.0,0.07394687
-1,oracle_colourblind,planning,158,-0.557938,0.0,0.0,0.0,17.660675
-1,oracle_colourblind,planning,159,0.24822083,1.0,0.6666666666666666,1.0,0.054382544
-1,oracle_colourblind,planning,160,-0.43109253,0.0,0.0,0.0,14.612376
-1,oracle_colourblind,planning,161,-0.42121106,0.0,0.0,0.0,12.942554
-1,oracle_colourblind,planning,162,-0.28325987,0.0,0.0,1.0,2.6916301
-1,oracle_colourblind,planning,163,0.08538672,1.0,0.4888888888888889,1.0,0.09139399
-1,oracle_colourblind,planning,164,0.29456437,1.0,0.7111111111111111,1.0,0.042390473
-1,oracle_colourblind,planning,165,-0.45423615,0.0,0.0,0.0,14.998781
-1,oracle_colourblind,planning,166,-0.4098581,0.0,0.0,0.0,14.969582
-1,oracle_colourblind,planning,167,-0.5923243,0.0,0.0,0.0,17.206406
-1,oracle_colourblind,planning,168,0.22626072,1.0,0.6222222222222222,1.0,0.04684508
-1,oracle_colourblind,planning,169,0.20464419,1.0,0.5777777777777777,1.0,0.10885187
-1,oracle_colourblind,planning,170,0.49118704,1.0,1.0,1.0,0.050776333
-1,oracle_colourblind,planning,171,-0.08232435,1.0,0.3333333333333333,1.0,0.04030074
-1,oracle_colourblind,planning,172,0.32725504,1.0,0.7333333333333333,1.0,0.051679358
-1,oracle_colourblind,planning,173,0.3220167,1.0,0.7111111111111111,1.0,0.02560477
-1,oracle_colourblind,planning,174,-0.56551653,0.0,0.0,0.0,17.458426
-1,oracle_colourblind,planning,175,0.09459298,1.0,0.5111111111111111,1.0,0.07092147
-1,oracle_colourblind,planning,176,-0.58331835,0.0,0.0,0.0,16.81053
-1,oracle_colourblind,planning,177,-0.57792884,0.0,0.0,0.0,17.402672
-1,oracle_colourblind,planning,178,-0.4708939,0.0,0.0,0.0,14.164553
-1,oracle_colourblind,planning,179,0.23147215,1.0,0.6666666666666666,1.0,0.09439216
-1,oracle_colourblind,planning,180,-0.5008932,0.0,0.0,0.0,15.129746
-1,oracle_colourblind,planning,181,-0.16803017,1.0,0.08888888888888889,1.0,0.07431848
-1,oracle_colourblind,planning,182,-0.40345356,0.0,0.0,0.0,13.65103
-1,oracle_colourblind,planning,183,0.029321626,1.0,0.4444444444444444,1.0,0.060852706
-1,oracle_colourblind,planning,184,0.31120804,1.0,0.6888888888888889,1.0,0.0609601
-1,oracle_colourblind,planning,185,0.18851376,1.0,0.6,1.0,0.06153243
-1,oracle_colourblind,planning,186,-0.5911638,0.0,0.0,0.0,18.7565
-1,oracle_colourblind,planning,187,-0.45742905,0.0,0.0,0.0,13.912066
-1,oracle_colourblind,planning,188,-0.20398399,1.0,0.26666666666666666,1.0,0.053403873
-1,oracle_colourblind,planning,189,-0.4278522,0.0,0.0,0.0,13.677537
-1,oracle_colourblind,planning,190,0.42921335,1.0,0.8666666666666667,1.0,0.05747859
-1,oracle_colourblind,planning,191,0.314492,1.0,0.7111111111111111,1.0,0.06771412
-1,oracle_colourblind,planning,192,-0.37779775,0.0,0.0,0.0,11.850719
-1,oracle_colourblind,planning,193,-0.3825498,0.0,0.0,0.0,11.672515
-1,oracle_colourblind,planning,194,0.43367186,1.0,0.8888888888888888,1.0,0.04226095
-1,oracle_colourblind,planning,195,0.39740703,1.0,0.8,1.0,0.04005476
-1,oracle_colourblind,planning,196,0.26915923,1.0,0.6888888888888889,1.0,0.038080476
-1,oracle_colourblind,planning,197,-0.36638725,0.0,0.0,0.0,12.032696
-1,oracle_colourblind,planning,198,0.24094056,1.0,0.6444444444444445,1.0,0.08640245
-1,oracle_colourblind,planning,199,-0.5959741,0.0,0.0,0.0,20.230125
-1,oracle_wrong,planning,0,-0.65093887,0.0,0.0,0.0,21.330051
-1,oracle_wrong,planning,1,-0.64108413,0.0,0.0,0.0,20.664764
-1,oracle_wrong,planning,2,-0.6772798,0.0,0.0,0.0,21.640137
-1,oracle_wrong,planning,3,-0.5290827,0.0,0.0,0.0,13.240827
-1,oracle_wrong,planning,4,-0.5645252,0.0,0.0,0.0,20.911346
-1,oracle_wrong,planning,5,-0.5481128,0.0,0.0,0.0,16.386595
-1,oracle_wrong,planning,6,-0.30325183,0.0,0.0,0.0,11.87559
-1,oracle_wrong,planning,7,-0.49045554,0.0,0.0,0.0,11.984712
-1,oracle_wrong,planning,8,-0.40872717,0.0,0.0,0.0,12.8973675
-1,oracle_wrong,planning,9,-0.41920048,0.0,0.0,0.0,15.390295
-1,oracle_wrong,planning,10,-0.4598422,0.0,0.0,0.0,13.98688
-1,oracle_wrong,planning,11,-0.4143969,0.0,0.0,0.0,12.435737
-1,oracle_wrong,planning,12,-0.394963,0.0,0.0,0.0,11.197362
-1,oracle_wrong,planning,13,-0.41446576,0.0,0.0,0.0,15.582588
-1,oracle_wrong,planning,14,-0.33038807,0.0,0.0,0.0,11.027125
-1,oracle_wrong,planning,15,-0.6569033,0.0,0.0,0.0,19.490387
-1,oracle_wrong,planning,16,-0.4871055,0.0,0.0,0.0,15.904819
-1,oracle_wrong,planning,17,-0.47628173,0.0,0.0,0.0,17.490324
-1,oracle_wrong,planning,18,-0.43914324,0.0,0.0,0.0,13.741442
-1,oracle_wrong,planning,19,-0.5514936,0.0,0.0,0.0,16.453009
-1,oracle_wrong,planning,20,-0.63082147,0.0,0.0,0.0,19.545923
-1,oracle_wrong,planning,21,-0.44905812,0.0,0.0,0.0,15.350918
-1,oracle_wrong,planning,22,-0.5166289,0.0,0.0,0.0,18.401785
-1,oracle_wrong,planning,23,-0.4073252,0.0,0.0,0.0,19.858948
-1,oracle_wrong,planning,24,-0.47740176,0.0,0.0,0.0,14.90118
-1,oracle_wrong,planning,25,-0.42908147,0.0,0.0,0.0,15.153269
-1,oracle_wrong,planning,26,-0.58916175,0.0,0.0,0.0,18.137142
-1,oracle_wrong,planning,27,-0.42376816,0.0,0.0,0.0,13.638351
-1,oracle_wrong,planning,28,-0.5611655,0.0,0.0,0.0,16.42059
-1,oracle_wrong,planning,29,-0.6401424,0.0,0.0,0.0,19.80413
-1,oracle_wrong,planning,30,-0.6339821,0.0,0.0,0.0,20.58668
-1,oracle_wrong,planning,31,-0.55286753,0.0,0.0,0.0,17.104816
-1,oracle_wrong,planning,32,-0.4488392,0.0,0.0,0.0,16.005623
-1,oracle_wrong,planning,33,-0.46733344,0.0,0.0,0.0,11.674744
-1,oracle_wrong,planning,34,-0.5827405,0.0,0.0,0.0,15.393244
-1,oracle_wrong,planning,35,-0.41306254,0.0,0.0,0.0,11.861014
-1,oracle_wrong,planning,36,-0.18861692,0.0,0.13333333333333333,0.0,17.101093
-1,oracle_wrong,planning,37,-0.46360576,0.0,0.0,0.0,19.549889
-1,oracle_wrong,planning,38,-0.5856481,0.0,0.0,0.0,18.834156
-1,oracle_wrong,planning,39,-0.54435635,0.0,0.0,0.0,16.496153
-1,oracle_wrong,planning,40,-0.5879998,0.0,0.0,0.0,16.187754
-1,oracle_wrong,planning,41,-0.4936607,0.0,0.0,0.0,15.980571
-1,oracle_wrong,planning,42,-0.49879533,0.0,0.0,0.0,16.567667
-1,oracle_wrong,planning,43,-0.4621112,0.0,0.0,0.0,15.007804
-1,oracle_wrong,planning,44,-0.2707119,0.0,0.0,0.0,11.486355
-1,oracle_wrong,planning,45,-0.47818047,0.0,0.0,0.0,19.564512
-1,oracle_wrong,planning,46,-0.4619326,0.0,0.0,0.0,16.31844
-1,oracle_wrong,planning,47,-0.36174995,0.0,0.0,0.0,14.929002
-1,oracle_wrong,planning,48,-0.40688753,0.0,0.0,0.0,12.512762
-1,oracle_wrong,planning,49,-0.4931014,0.0,0.0,0.0,17.046398
-1,oracle_wrong,planning,50,-0.5891864,0.0,0.0,0.0,18.533346
-1,oracle_wrong,planning,51,-0.3883942,0.0,0.0,0.0,11.657725
-1,oracle_wrong,planning,52,-0.54073775,0.0,0.0,0.0,19.920776
-1,oracle_wrong,planning,53,-0.5117107,0.0,0.0,0.0,20.956034
-1,oracle_wrong,planning,54,-0.51614285,0.0,0.0,0.0,16.687458
-1,oracle_wrong,planning,55,-0.2833538,0.0,0.0,0.0,11.048925
-1,oracle_wrong,planning,56,-0.48101342,0.0,0.0,0.0,15.152143
-1,oracle_wrong,planning,57,-0.41420135,0.0,0.0,0.0,12.922826
-1,oracle_wrong,planning,58,-0.355938,0.0,0.0,0.0,10.999824
-1,oracle_wrong,planning,59,-0.66714543,0.0,0.0,0.0,24.369762
-1,oracle_wrong,planning,60,-0.48541984,0.0,0.0,0.0,16.657898
-1,oracle_wrong,planning,61,-0.4525711,0.0,0.0,0.0,13.198862
-1,oracle_wrong,planning,62,-0.58588386,0.0,0.0,0.0,17.338745
-1,oracle_wrong,planning,63,-0.49937248,0.0,0.0,0.0,15.397865
-1,oracle_wrong,planning,64,-0.65051615,0.0,0.0,0.0,22.748676
-1,oracle_wrong,planning,65,-0.37272698,0.0,0.0,0.0,14.430412
-1,oracle_wrong,planning,66,-0.4969554,0.0,0.0,0.0,16.944845
-1,oracle_wrong,planning,67,-0.53437537,0.0,0.0,0.0,19.204533
-1,oracle_wrong,planning,68,-0.4556672,0.0,0.0,0.0,15.891801
-1,oracle_wrong,planning,69,-0.42317098,0.0,0.0,0.0,15.238118
-1,oracle_wrong,planning,70,-0.4649665,0.0,0.0,0.0,16.18823
-1,oracle_wrong,planning,71,-0.53273344,0.0,0.0,0.0,16.248749
-1,oracle_wrong,planning,72,-0.5860121,0.0,0.0,0.0,15.047181
-1,oracle_wrong,planning,73,-0.29305294,0.0,0.0,0.0,11.031443
-1,oracle_wrong,planning,74,-0.56268924,0.0,0.0,0.0,16.43782
-1,oracle_wrong,planning,75,-0.48739552,0.0,0.0,0.0,12.682405
-1,oracle_wrong,planning,76,-0.46429902,0.0,0.0,0.0,12.953772
-1,oracle_wrong,planning,77,-0.442049,0.0,0.0,0.0,13.56319
-1,oracle_wrong,planning,78,-0.3662746,0.0,0.0,0.0,13.379027
-1,oracle_wrong,planning,79,-0.49893138,0.0,0.0,0.0,15.437173
-1,oracle_wrong,planning,80,-0.30066347,0.0,0.0,0.0,11.481353
-1,oracle_wrong,planning,81,-0.5078141,0.0,0.0,0.0,17.669086
-1,oracle_wrong,planning,82,-0.40105027,0.0,0.0,0.0,12.24785
-1,oracle_wrong,planning,83,-0.35770875,0.0,0.0,0.0,11.667915
-1,oracle_wrong,planning,84,-0.49270028,0.0,0.0,0.0,16.64289
-1,oracle_wrong,planning,85,-0.55137223,0.0,0.0,0.0,17.152037
-1,oracle_wrong,planning,86,-0.58723104,0.0,0.0,0.0,18.405756
-1,oracle_wrong,planning,87,-0.7752023,0.0,0.0,0.0,24.37895
-1,oracle_wrong,planning,88,-0.4143911,0.0,0.0,0.0,15.410974
-1,oracle_wrong,planning,89,-0.3672304,0.0,0.0,0.0,11.223325
-1,oracle_wrong,planning,90,-0.35849288,0.0,0.0,0.0,11.796678
-1,oracle_wrong,planning,91,-0.50944,0.0,0.0,0.0,16.700756
-1,oracle_wrong,planning,92,-0.7013544,0.0,0.0,0.0,18.561535
-1,oracle_wrong,planning,93,-0.32640523,0.0,0.0,0.0,10.948736
-1,oracle_wrong,planning,94,-0.35961455,0.0,0.0,0.0,13.623616
-1,oracle_wrong,planning,95,-0.35613716,0.0,0.0,0.0,15.556382
-1,oracle_wrong,planning,96,-0.27644932,0.0,0.0,0.0,10.924741
-1,oracle_wrong,planning,97,-0.38363096,0.0,0.0,0.0,14.286151
-1,oracle_wrong,planning,98,-0.38784015,0.0,0.0,0.0,11.871037
-1,oracle_wrong,planning,99,-0.6241275,0.0,0.0,0.0,19.35847
-1,oracle_wrong,planning,100,-0.36193123,0.0,0.0,0.0,12.3577585
-1,oracle_wrong,planning,101,-0.379821,0.0,0.0,0.0,11.759623
-1,oracle_wrong,planning,102,-0.61270416,0.0,0.0,0.0,19.574688
-1,oracle_wrong,planning,103,-0.40797326,0.0,0.0,0.0,17.563639
-1,oracle_wrong,planning,104,-0.4228886,0.0,0.0,0.0,13.602441
-1,oracle_wrong,planning,105,-0.5140464,0.0,0.0,0.0,15.573257
-1,oracle_wrong,planning,106,-0.4495792,0.0,0.0,0.0,15.2510605
-1,oracle_wrong,planning,107,-0.5826273,0.0,0.0,0.0,18.65308
-1,oracle_wrong,planning,108,-0.46609882,0.0,0.0,0.0,15.34858
-1,oracle_wrong,planning,109,-0.4442015,0.0,0.0,0.0,17.906052
-1,oracle_wrong,planning,110,-0.39946172,0.0,0.0,0.0,11.864251
-1,oracle_wrong,planning,111,-0.50236785,0.0,0.0,0.0,16.188066
-1,oracle_wrong,planning,112,-0.35596624,0.0,0.0,0.0,12.415813
-1,oracle_wrong,planning,113,-0.3174388,0.0,0.0,0.0,16.40087
-1,oracle_wrong,planning,114,-0.44783875,0.0,0.0,0.0,12.186728
-1,oracle_wrong,planning,115,-0.4832908,0.0,0.0,0.0,15.514431
-1,oracle_wrong,planning,116,-0.24847469,0.0,0.06666666666666667,0.0,14.2918215
-1,oracle_wrong,planning,117,-0.62870854,0.0,0.0,0.0,16.455263
-1,oracle_wrong,planning,118,-0.30055836,0.0,0.0,0.0,11.402045
-1,oracle_wrong,planning,119,-0.38134277,0.0,0.0,0.0,12.521188
-1,oracle_wrong,planning,120,-0.28292844,0.0,0.0,0.0,12.044409
-1,oracle_wrong,planning,121,-0.37361786,0.0,0.0,0.0,12.376144
-1,oracle_wrong,planning,122,-0.4509252,0.0,0.0,0.0,11.407983
-1,oracle_wrong,planning,123,-0.71161216,0.0,0.0,0.0,25.19603
-1,oracle_wrong,planning,124,-0.5496627,0.0,0.0,0.0,17.48089
-1,oracle_wrong,planning,125,-0.51853806,0.0,0.0,0.0,16.56725
-1,oracle_wrong,planning,126,-0.44660506,0.0,0.0,0.0,15.074347
-1,oracle_wrong,planning,127,-0.4804197,0.0,0.0,0.0,15.051102
-1,oracle_wrong,planning,128,-0.17539163,0.0,0.08888888888888889,0.0,10.900427
-1,oracle_wrong,planning,129,-0.43337372,0.0,0.0,0.0,15.771343
-1,oracle_wrong,planning,130,-0.558859,0.0,0.0,0.0,18.461435
-1,oracle_wrong,planning,131,-0.4382863,0.0,0.0,0.0,13.324113
-1,oracle_wrong,planning,132,-0.39640668,0.0,0.0,0.0,17.729176
-1,oracle_wrong,planning,133,-0.28725597,0.0,0.0,0.0,13.030465
-1,oracle_wrong,planning,134,-0.4699901,0.0,0.0,0.0,17.009962
-1,oracle_wrong,planning,135,-0.42586988,0.0,0.0,0.0,11.840452
-1,oracle_wrong,planning,136,-0.41956317,0.0,0.0,0.0,12.004108
-1,oracle_wrong,planning,137,-0.5751565,0.0,0.0,0.0,19.84788
-1,oracle_wrong,planning,138,-0.36379606,0.0,0.0,0.0,11.347347
-1,oracle_wrong,planning,139,-0.25764924,0.0,0.06666666666666667,0.0,13.879795
-1,oracle_wrong,planning,140,-0.60748297,0.0,0.0,0.0,19.181675
-1,oracle_wrong,planning,141,-0.43549126,0.0,0.0,0.0,13.675673
-1,oracle_wrong,planning,142,-0.5522422,0.0,0.0,0.0,16.617977
-1,oracle_wrong,planning,143,-0.36479068,0.0,0.0,0.0,13.729777
-1,oracle_wrong,planning,144,-0.37616557,0.0,0.0,0.0,14.117268
-1,oracle_wrong,planning,145,-0.5010774,0.0,0.0,0.0,16.265402
-1,oracle_wrong,planning,146,-0.31682274,0.0,0.0,0.0,10.882358
-1,oracle_wrong,planning,147,-0.30117843,0.0,0.0,0.0,13.824099
-1,oracle_wrong,planning,148,-0.62156385,0.0,0.0,0.0,20.836834
-1,oracle_wrong,planning,149,-0.21030481,0.0,0.06666666666666667,0.0,11.5913725
-1,oracle_wrong,planning,150,-0.6387915,0.0,0.0,0.0,19.594723
-1,oracle_wrong,planning,151,-0.3380133,0.0,0.0,0.0,11.68652
-1,oracle_wrong,planning,152,-0.36885834,0.0,0.0,0.0,14.987629
-1,oracle_wrong,planning,153,-0.46367916,0.0,0.0,0.0,14.987391
-1,oracle_wrong,planning,154,-0.3933994,0.0,0.0,0.0,11.673379
-1,oracle_wrong,planning,155,-0.5723225,0.0,0.0,0.0,17.471107
-1,oracle_wrong,planning,156,-0.5769689,0.0,0.0,0.0,17.945265
-1,oracle_wrong,planning,157,-0.48365676,0.0,0.0,0.0,19.002644
-1,oracle_wrong,planning,158,-0.56094015,0.0,0.0,0.0,17.72845
-1,oracle_wrong,planning,159,-0.36218563,0.0,0.0,0.0,12.036025
-1,oracle_wrong,planning,160,-0.4337532,0.0,0.0,0.0,14.664517
-1,oracle_wrong,planning,161,-0.42314878,0.0,0.0,0.0,13.00566
-1,oracle_wrong,planning,162,-0.5508887,0.0,0.0,0.0,17.86969
-1,oracle_wrong,planning,163,-0.436511,0.0,0.0,0.0,14.606278
-1,oracle_wrong,planning,164,-0.43145892,0.0,0.0,0.0,16.796038
-1,oracle_wrong,planning,165,-0.45613152,0.0,0.0,0.0,15.047785
-1,oracle_wrong,planning,166,-0.41445762,0.0,0.0,0.0,15.030127
-1,oracle_wrong,planning,167,-0.5954949,0.0,0.0,0.0,17.26485
-1,oracle_wrong,planning,168,-0.5063697,0.0,0.0,0.0,17.333305
-1,oracle_wrong,planning,169,-0.29475772,0.0,0.0,0.0,14.693453
-1,oracle_wrong,planning,170,-0.2941393,0.0,0.06666666666666667,0.0,12.562134
-1,oracle_wrong,planning,171,-0.5316743,0.0,0.0,0.0,15.717365
-1,oracle_wrong,planning,172,-0.39125514,0.0,0.0,0.0,16.493717
-1,oracle_wrong,planning,173,-0.29819968,0.0,0.0,0.0,11.229665
-1,oracle_wrong,planning,174,-0.5671627,0.0,0.0,0.0,17.503756
-1,oracle_wrong,planning,175,-0.509255,0.0,0.0,0.0,15.405557
-1,oracle_wrong,planning,176,-0.5853328,0.0,0.0,0.0,16.869667
-1,oracle_wrong,planning,177,-0.57966137,0.0,0.0,0.0,17.460972
-1,oracle_wrong,planning,178,-0.47313195,0.0,0.0,0.0,14.225082
-1,oracle_wrong,planning,179,-0.38516644,0.0,0.0,0.0,11.88018
-1,oracle_wrong,planning,180,-0.5065895,0.0,0.0,0.0,15.204992
-1,oracle_wrong,planning,181,-0.5604335,0.0,0.0,0.0,21.001991
-1,oracle_wrong,planning,182,-0.40587163,0.0,0.0,0.0,13.710674
-1,oracle_wrong,planning,183,-0.46863395,0.0,0.0,0.0,14.33628
-1,oracle_wrong,planning,184,-0.20115034,0.0,0.08888888888888889,0.0,14.682386
-1,oracle_wrong,planning,185,-0.46842274,0.0,0.0,0.0,15.030625
-1,oracle_wrong,planning,186,-0.59478164,0.0,0.0,0.0,18.821875
-1,oracle_wrong,planning,187,-0.46103913,0.0,0.0,0.0,13.976466
-1,oracle_wrong,planning,188,-0.69602895,0.0,0.0,0.0,19.93627
-1,oracle_wrong,planning,189,-0.46935043,0.0,0.0,0.0,13.745873
-1,oracle_wrong,planning,190,-0.42997903,0.0,0.0,0.0,17.489502
-1,oracle_wrong,planning,191,-0.34988663,0.0,0.0,0.0,15.337416
-1,oracle_wrong,planning,192,-0.382012,0.0,0.0,0.0,11.907322
-1,oracle_wrong,planning,193,-0.38465145,0.0,0.0,0.0,11.729433
-1,oracle_wrong,planning,194,-0.3147528,0.0,0.0,0.0,13.629862
-1,oracle_wrong,planning,195,-0.33933988,0.0,0.0,0.0,16.897545
-1,oracle_wrong,planning,196,-0.3112916,0.0,0.0,0.0,12.9144745
-1,oracle_wrong,planning,197,-0.37025425,0.0,0.0,0.0,12.098761
-1,oracle_wrong,planning,198,-0.46167743,0.0,0.0,0.0,17.651655
-1,oracle_wrong,planning,199,-0.60121566,0.0,0.0,0.0,20.301353
0,A_recon,planning,0,-0.5852146,0.0,0.0,0.0,20.647644
0,A_recon,planning,1,-0.5306792,0.0,0.0,0.0,19.629618
0,A_recon,planning,2,-0.6754796,0.0,0.0,0.0,24.897118
0,A_recon,planning,3,-0.61646974,0.0,0.0,0.0,16.981985
0,A_recon,planning,4,-0.49495143,0.0,0.0,1.0,16.323078
0,A_recon,planning,5,-0.6356031,0.0,0.0,0.0,16.854374
0,A_recon,planning,6,-0.278251,0.0,0.0,1.0,11.578092
0,A_recon,planning,7,-0.7180715,0.0,0.0,0.0,17.698025
0,A_recon,planning,8,-0.3983347,0.0,0.0,0.0,10.854534
0,A_recon,planning,9,-0.0071725063,0.0,0.15555555555555556,1.0,5.386002
0,A_recon,planning,10,-0.62783307,0.0,0.0,0.0,21.185884
0,A_recon,planning,11,-0.45028082,0.0,0.0,0.0,14.378712
0,A_recon,planning,12,-0.5214247,0.0,0.0,0.0,16.795956
0,A_recon,planning,13,-0.4036113,0.0,0.0,1.0,13.244025
0,A_recon,planning,14,-0.057837307,0.0,0.0,1.0,4.689928
0,A_recon,planning,15,-0.82129073,0.0,0.0,0.0,27.615597
0,A_recon,planning,16,-0.51376796,0.0,0.0,0.0,16.514471
0,A_recon,planning,17,-0.041081067,0.0,0.0,1.0,1.9065611
0,A_recon,planning,18,-0.45956528,0.0,0.0,0.0,16.833435
0,A_recon,planning,19,-0.6992482,0.0,0.0,1.0,22.43212
0,A_recon,planning,20,-0.6544682,0.0,0.0,0.0,22.412655
0,A_recon,planning,21,-0.33250815,0.0,0.0,0.0,13.208863
0,A_recon,planning,22,-0.33757532,0.0,0.0,1.0,8.978442
0,A_recon,planning,23,-0.18619758,0.0,0.0,1.0,7.37113
0,A_recon,planning,24,-0.47300258,0.0,0.0,0.0,15.619682
0,A_recon,planning,25,-0.40952623,0.0,0.0,1.0,9.186976
0,A_recon,planning,26,-0.56007373,0.0,0.0,0.0,19.274122
0,A_recon,planning,27,-0.30996242,0.0,0.0,0.0,10.378674
0,A_recon,planning,28,-0.45260185,0.0,0.0,1.0,11.003639
0,A_recon,planning,29,-0.635938,0.0,0.0,0.0,20.809332
0,A_recon,planning,30,-0.59730583,0.0,0.0,0.0,19.651104
0,A_recon,planning,31,-0.44970775,0.0,0.0,1.0,12.556168
0,A_recon,planning,32,-0.45336,0.0,0.0,1.0,13.988396
0,A_recon,planning,33,-0.6799057,0.0,0.0,0.0,22.98679
0,A_recon,planning,34,-0.87819034,0.0,0.0,0.0,27.64848
0,A_recon,planning,35,-0.48347154,0.0,0.0,0.0,17.63101
0,A_recon,planning,36,-0.22354437,0.0,0.0,1.0,8.84171
0,A_recon,planning,37,-0.21620543,0.0,0.0,0.0,11.817581
0,A_recon,planning,38,-0.6369661,0.0,0.0,0.0,21.314362
0,A_recon,planning,39,-0.5178986,0.0,0.0,0.0,13.439206
0,A_recon,planning,40,-0.68783826,0.0,0.0,0.0,22.192026
0,A_recon,planning,41,-0.53298384,0.0,0.0,0.0,20.433105
0,A_recon,planning,42,-0.5278435,0.0,0.0,0.0,18.870247
0,A_recon,planning,43,-0.42656133,0.0,0.0,1.0,13.887866
0,A_recon,planning,44,-0.19306089,0.0,0.0,1.0,5.2660007
0,A_recon,planning,45,-0.3520609,0.0,0.0,1.0,12.801279
0,A_recon,planning,46,-0.27162078,0.0,0.0,1.0,6.650592
0,A_recon,planning,47,-0.3515604,0.0,0.0,1.0,14.525854
0,A_recon,planning,48,-0.5649364,0.0,0.0,0.0,20.478582
0,A_recon,planning,49,-0.29839456,0.0,0.0,1.0,12.435469
0,A_recon,planning,50,-0.6721979,0.0,0.0,0.0,21.02088
0,A_recon,planning,51,-0.6105194,0.0,0.0,1.0,18.899374
0,A_recon,planning,52,-0.36961132,0.0,0.0,0.0,15.979909
0,A_recon,planning,53,-0.42232513,0.0,0.0,1.0,14.085593
0,A_recon,planning,54,-0.26299313,0.0,0.0,1.0,6.077356
0,A_recon,planning,55,-0.51092905,0.0,0.0,1.0,17.57331
0,A_recon,planning,56,-0.55061376,0.0,0.0,0.0,20.92112
0,A_recon,planning,57,-0.4316571,0.0,0.0,0.0,16.032026
0,A_recon,planning,58,-0.35075888,0.0,0.0,0.0,9.86417
0,A_recon,planning,59,-0.40859225,0.0,0.0,0.0,14.335497
0,A_recon,planning,60,-0.19268654,0.0,0.0,1.0,4.4604626
0,A_recon,planning,61,-0.5098491,0.0,0.0,0.0,15.34336
0,A_recon,planning,62,-0.7092917,0.0,0.0,0.0,22.036041
0,A_recon,planning,63,-0.45434508,0.0,0.0,0.0,13.340985
0,A_recon,planning,64,-0.29851273,0.0,0.0,1.0,6.372991
0,A_recon,planning,65,-0.19245122,0.0,0.0,1.0,5.1237993
0,A_recon,planning,66,-0.32854533,0.0,0.0,0.0,9.870604
0,A_recon,planning,67,-0.30672908,0.0,0.0,0.0,11.231941
0,A_recon,planning,68,-0.2983869,0.0,0.0,0.0,12.069158
0,A_recon,planning,69,-0.3041504,0.0,0.0,0.0,11.018946
0,A_recon,planning,70,-0.3768153,0.0,0.0,0.0,14.84736
0,A_recon,planning,71,-0.5058269,0.0,0.0,0.0,15.608616
0,A_recon,planning,72,-0.8161692,0.0,0.0,0.0,27.090605
0,A_recon,planning,73,-0.21503304,0.0,0.0,1.0,8.436768
0,A_recon,planning,74,-0.7182699,0.0,0.0,0.0,23.398777
0,A_recon,planning,75,-0.7830086,0.0,0.0,0.0,27.62259
0,A_recon,planning,76,-0.6707436,0.0,0.0,0.0,22.506826
0,A_recon,planning,77,-0.41105652,0.0,0.0,0.0,14.693221
0,A_recon,planning,78,-0.20806001,0.0,0.0,0.0,8.025271
0,A_recon,planning,79,-0.57352966,0.0,0.0,0.0,19.890995
0,A_recon,planning,80,-0.04337614,0.0,0.0,1.0,2.7921238
0,A_recon,planning,81,-0.3500832,0.0,0.0,0.0,12.579066
0,A_recon,planning,82,-0.4894372,0.0,0.0,0.0,17.574148
0,A_recon,planning,83,-0.38204283,0.0,0.0,0.0,15.58517
0,A_recon,planning,84,-0.40880206,0.0,0.0,0.0,16.666521
0,A_recon,planning,85,-0.5458361,0.0,0.0,0.0,16.734081
0,A_recon,planning,86,-0.47739097,0.0,0.0,0.0,15.841025
0,A_recon,planning,87,-0.8113467,0.0,0.0,0.0,28.079683
0,A_recon,planning,88,-0.330492,0.0,0.0,1.0,11.51922
0,A_recon,planning,89,-0.4256451,0.0,0.0,0.0,15.064723
0,A_recon,planning,90,-0.4433599,0.0,0.0,0.0,19.723267
0,A_recon,planning,91,-0.49304458,0.0,0.0,0.0,17.86881
0,A_recon,planning,92,-0.93819773,0.0,0.0,0.0,29.714123
0,A_recon,planning,93,-0.18773903,0.0,0.0,1.0,4.324446
0,A_recon,planning,94,-0.47042727,0.0,0.0,1.0,16.889133
0,A_recon,planning,95,-0.21456222,0.0,0.0,1.0,9.5131855
0,A_recon,planning,96,-0.27414575,0.0,0.0,1.0,9.738426
0,A_recon,planning,97,-0.21823478,0.0,0.0,1.0,6.914784
0,A_recon,planning,98,-0.44501203,0.0,0.0,1.0,12.697796
0,A_recon,planning,99,-0.62473375,0.0,0.0,0.0,18.837431
0,A_recon,planning,100,-0.27146053,0.0,0.0,0.0,10.837439
0,A_recon,planning,101,-0.26630983,0.0,0.0,1.0,6.985003
0,A_recon,planning,102,-0.393038,0.0,0.0,0.0,11.135725
0,A_recon,planning,103,-0.17031156,0.0,0.0,1.0,7.2062817
0,A_recon,planning,104,-0.5185948,0.0,0.0,0.0,22.429127
0,A_recon,planning,105,-0.63640577,0.0,0.0,0.0,22.023554
0,A_recon,planning,106,-0.38871345,0.0,0.0,0.0,15.466413
0,A_recon,planning,107,-0.6298474,0.0,0.0,0.0,23.775932
0,A_recon,planning,108,-0.50324243,0.0,0.0,0.0,18.731405
0,A_recon,planning,109,-0.19945718,0.0,0.0,1.0,4.988645
0,A_recon,planning,110,-0.3591581,0.0,0.0,1.0,11.205101
0,A_recon,planning,111,-0.4906082,0.0,0.0,0.0,17.768682
0,A_recon,planning,112,-0.030291483,0.0,0.0,1.0,1.9485029
0,A_recon,planning,113,0.07338688,0.0,0.0,1.0,2.1725144
0,A_recon,planning,114,-0.7338676,0.0,0.0,0.0,26.176203
0,A_recon,planning,115,-0.37640443,0.0,0.0,0.0,10.075024
0,A_recon,planning,116,-0.49100125,0.0,0.0,1.0,16.396963
0,A_recon,planning,117,-0.8297922,0.0,0.0,0.0,25.14383
0,A_recon,planning,118,-0.15698302,0.0,0.0,1.0,6.124092
0,A_recon,planning,119,-0.32305992,0.0,0.0,1.0,9.422848
0,A_recon,planning,120,-0.4323928,0.0,0.0,1.0,15.313557
0,A_recon,planning,121,-0.56639946,0.0,0.0,1.0,18.652252
0,A_recon,planning,122,-0.6204704,0.0,0.0,1.0,18.301811
0,A_recon,planning,123,-0.30221123,0.0,0.0,1.0,7.3829427
0,A_recon,planning,124,-0.460616,0.0,0.0,0.0,13.4890175
0,A_recon,planning,125,-0.563969,0.0,0.0,0.0,22.432901
0,A_recon,planning,126,-0.46536237,0.0,0.0,0.0,17.638418
0,A_recon,planning,127,-0.5084744,0.0,0.0,0.0,14.577763
0,A_recon,planning,128,-0.23470536,0.0,0.0,1.0,9.347887
0,A_recon,planning,129,-0.48102036,0.0,0.0,1.0,16.768044
0,A_recon,planning,130,-0.49769178,0.0,0.0,1.0,16.272194
0,A_recon,planning,131,-0.49491462,0.0,0.0,0.0,17.349905
0,A_recon,planning,132,-0.21084891,0.0,0.0,1.0,7.2578607
0,A_recon,planning,133,-0.34551528,0.0,0.0,1.0,9.680707
0,A_recon,planning,134,-0.3515054,0.0,0.0,1.0,11.976387
0,A_recon,planning,135,-0.4648487,0.0,0.0,0.0,11.682514
0,A_recon,planning,136,-0.49139827,0.0,0.0,0.0,17.057486
0,A_recon,planning,137,-0.46743304,0.0,0.0,1.0,13.842234
0,A_recon,planning,138,-0.5202115,0.0,0.0,1.0,16.057446
0,A_recon,planning,139,-0.19522104,0.0,0.0,1.0,5.5960507
0,A_recon,planning,140,-0.43658015,0.0,0.0,1.0,11.218069
0,A_recon,planning,141,-0.5748822,0.0,0.0,0.0,21.171415
0,A_recon,planning,142,-0.52867174,0.0,0.0,0.0,18.597652
0,A_recon,planning,143,-0.5088675,0.0,0.0,1.0,19.701694
0,A_recon,planning,144,-0.22013266,0.0,0.0,1.0,6.153126
0,A_recon,planning,145,-0.4177837,0.0,0.0,0.0,13.275378
0,A_recon,planning,146,-0.3659159,0.0,0.0,1.0,11.084735
0,A_recon,planning,147,-0.27114102,0.0,0.0,1.0,9.35397
0,A_recon,planning,148,-0.6744883,0.0,0.0,0.0,25.32925
0,A_recon,planning,149,-0.24071874,0.0,0.0,1.0,7.283657
0,A_recon,planning,150,-0.38095766,0.0,0.0,1.0,9.215683
0,A_recon,planning,151,-0.52009034,0.0,0.0,0.0,18.499111
0,A_recon,planning,152,-0.30273712,0.0,0.0,1.0,9.198673
0,A_recon,planning,153,-0.38859025,0.0,0.0,0.0,12.405636
0,A_recon,planning,154,-0.54659456,0.0,0.0,0.0,20.013062
0,A_recon,planning,155,-0.5658153,0.0,0.0,0.0,19.661304
0,A_recon,planning,156,-0.5481653,0.0,0.0,0.0,17.7448
0,A_recon,planning,157,-0.29097515,0.0,0.0,1.0,12.126768
0,A_recon,planning,158,-0.54274064,0.0,0.0,0.0,16.392452
0,A_recon,planning,159,-0.29130948,0.0,0.0,1.0,8.924507
0,A_recon,planning,160,-0.4013874,0.0,0.0,0.0,17.369448
0,A_recon,planning,161,-0.52742934,0.0,0.0,0.0,18.249836
0,A_recon,planning,162,-0.3088319,0.0,0.0,0.0,10.117158
0,A_recon,planning,163,-0.45321286,0.0,0.0,1.0,15.595619
0,A_recon,planning,164,-0.25174305,0.0,0.0,1.0,7.0973816
0,A_recon,planning,165,-0.39653414,0.0,0.0,0.0,14.185896
0,A_recon,planning,166,-0.5431268,0.0,0.0,1.0,18.06823
0,A_recon,planning,167,-0.721429,0.0,0.0,0.0,24.235874
0,A_recon,planning,168,-0.4014665,0.0,0.0,0.0,13.225852
0,A_recon,planning,169,-0.36472398,0.0,0.0,1.0,11.822851
0,A_recon,planning,170,-0.09356666,0.0,0.1111111111111111,1.0,6.4129186
0,A_recon,planning,171,-0.5946964,0.0,0.0,1.0,17.492804
0,A_recon,planning,172,-0.19535954,0.0,0.0,1.0,7.354851
0,A_recon,planning,173,-0.30375963,0.0,0.0,1.0,11.478321
0,A_recon,planning,174,-0.6845726,0.0,0.0,0.0,22.861181
0,A_recon,planning,175,-0.5495342,0.0,0.0,0.0,18.220055
0,A_recon,planning,176,-0.6836773,0.0,0.0,0.0,22.310158
0,A_recon,planning,177,-0.632458,0.0,0.0,0.0,21.518837
0,A_recon,planning,178,-0.5473703,0.0,0.0,0.0,18.520248
0,A_recon,planning,179,-0.39331055,0.0,0.0,0.0,13.040623
0,A_recon,planning,180,-0.47520015,0.0,0.0,0.0,13.415115
0,A_recon,planning,181,-0.4623202,0.0,0.0,1.0,16.421635
0,A_recon,planning,182,-0.4296109,0.0,0.0,0.0,18.64403
0,A_recon,planning,183,-0.64174366,0.0,0.0,1.0,22.72507
0,A_recon,planning,184,-0.30142108,0.0,0.0,1.0,10.022853
0,A_recon,planning,185,-0.46966782,0.0,0.0,0.0,16.11936
0,A_recon,planning,186,-0.5448827,0.0,0.0,1.0,17.644722
0,A_recon,planning,187,-0.38826725,0.0,0.0,1.0,5.3948245
0,A_recon,planning,188,-0.7250992,0.0,0.0,0.0,19.435028
0,A_recon,planning,189,-0.51241297,0.0,0.0,0.0,15.777049
0,A_recon,planning,190,-0.11117917,0.0,0.0,1.0,4.4185286
0,A_recon,planning,191,-0.26443383,0.0,0.0,1.0,9.275757
0,A_recon,planning,192,-0.41719344,0.0,0.0,0.0,15.686873
0,A_recon,planning,193,-0.39390644,0.0,0.0,0.0,13.646199
0,A_recon,planning,194,-0.098699026,0.0,0.0,1.0,5.160755
0,A_recon,planning,195,-0.13305908,0.0,0.0,1.0,4.3922296
0,A_recon,planning,196,-0.38103357,0.0,0.0,1.0,13.350462
0,A_recon,planning,197,-0.2539883,0.0,0.0,1.0,4.8262215
0,A_recon,planning,198,-0.40486288,0.0,0.0,1.0,14.475791
0,A_recon,planning,199,-0.5731013,0.0,0.0,0.0,19.876211
0,B_task,planning,0,-0.1971914,0.0,0.0,1.0,1.845443
0,B_task,planning,1,-0.1190424,0.0,0.0,1.0,2.3997304
0,B_task,planning,2,-0.022370042,1.0,0.4,1.0,1.3801327
0,B_task,planning,3,-0.3452979,0.0,0.0,1.0,4.490736
0,B_task,planning,4,-0.15491301,0.0,0.0,1.0,1.6965238
0,B_task,planning,5,-0.188384,0.0,0.2222222222222222,1.0,1.6670897
0,B_task,planning,6,-0.13419203,0.0,0.0,1.0,3.9694576
0,B_task,planning,7,-0.24441579,0.0,0.0,1.0,2.125138
0,B_task,planning,8,-0.17429306,0.0,0.0,1.0,4.4290123
0,B_task,planning,9,-0.10214264,0.0,0.06666666666666667,1.0,5.4735847
0,B_task,planning,10,-0.025896491,1.0,0.4,1.0,0.6633175
0,B_task,planning,11,-0.13211738,0.0,0.0,1.0,3.797331
0,B_task,planning,12,-0.15195695,0.0,0.044444444444444446,1.0,5.0241804
0,B_task,planning,13,0.11816268,0.0,0.4222222222222222,1.0,2.7296023
0,B_task,planning,14,-0.11746426,0.0,0.0,1.0,3.7722347
0,B_task,planning,15,-0.33208334,0.0,0.0,1.0,3.0890067
0,B_task,planning,16,-0.18879849,0.0,0.0,1.0,2.7755253
0,B_task,planning,17,-0.09432122,0.0,0.1111111111111111,1.0,6.222272
0,B_task,planning,18,0.0784682,0.0,0.4,1.0,1.6330225
0,B_task,planning,19,-0.2463039,0.0,0.022222222222222223,1.0,3.0159013
0,B_task,planning,20,-0.13504192,1.0,0.17777777777777778,1.0,0.7750561
0,B_task,planning,21,-0.030167272,0.0,0.17777777777777778,1.0,6.701995
0,B_task,planning,22,0.065964125,0.0,0.37777777777777777,1.0,2.3197885
0,B_task,planning,23,0.10375249,0.0,0.1111111111111111,1.0,2.030877
0,B_task,planning,24,-0.13316523,0.0,0.0,1.0,3.6753924
0,B_task,planning,25,-0.08158586,0.0,0.0,1.0,1.7258658
0,B_task,planning,26,-0.096031435,0.0,0.15555555555555556,1.0,1.9377005
0,B_task,planning,27,-0.0734689,0.0,0.1111111111111111,1.0,4.723209
0,B_task,planning,28,-0.19695102,0.0,0.06666666666666667,1.0,5.3942146
0,B_task,planning,29,-0.08151973,0.0,0.17777777777777778,1.0,1.9376744
0,B_task,planning,30,-0.19332124,0.0,0.0,1.0,1.861053
0,B_task,planning,31,-0.23874167,0.0,0.0,1.0,6.311129
0,B_task,planning,32,-0.164226,0.0,0.0,1.0,3.7440505
0,B_task,planning,33,-0.23495449,0.0,0.13333333333333333,1.0,2.9155946
0,B_task,planning,34,-0.32307366,0.0,0.0,1.0,4.627457
0,B_task,planning,35,-0.013617013,0.0,0.26666666666666666,1.0,1.7959701
0,B_task,planning,36,-0.21946892,0.0,0.0,1.0,9.152462
0,B_task,planning,37,0.06124313,1.0,0.2222222222222222,1.0,0.7722933
0,B_task,planning,38,-0.18302602,0.0,0.0,1.0,3.601337
0,B_task,planning,39,-0.286954,0.0,0.0,1.0,7.7404313
0,B_task,planning,40,-0.3607199,0.0,0.0,1.0,4.834646
0,B_task,planning,41,0.019483792,1.0,0.4,1.0,1.289936
0,B_task,planning,42,-0.043332342,0.0,0.022222222222222223,1.0,1.7401079
0,B_task,planning,43,-0.20883128,0.0,0.0,1.0,6.2464933
0,B_task,planning,44,-0.026541743,0.0,0.0,1.0,2.5831304
0,B_task,planning,45,-0.18669204,0.0,0.0,1.0,5.4569426
0,B_task,planning,46,-0.09295969,0.0,0.08888888888888889,1.0,5.2034426
0,B_task,planning,47,0.088485904,0.0,0.26666666666666666,1.0,2.5538
0,B_task,planning,48,-0.098828286,1.0,0.2222222222222222,1.0,0.59193313
0,B_task,planning,49,-0.12525213,0.0,0.0,1.0,3.11305
0,B_task,planning,50,-0.30739054,0.0,0.0,1.0,2.679294
0,B_task,planning,51,-0.15814847,0.0,0.2,1.0,2.1021676
0,B_task,planning,52,0.11591635,1.0,0.4,1.0,0.44351134
0,B_task,planning,53,0.02787449,0.0,0.26666666666666666,1.0,2.6121898
0,B_task,planning,54,-0.06575339,0.0,0.15555555555555556,1.0,4.224398
0,B_task,planning,55,-0.12025861,0.0,0.0,1.0,3.1231987
0,B_task,planning,56,-0.16838904,0.0,0.0,1.0,4.2788296
0,B_task,planning,57,-0.06597551,0.0,0.0,1.0,2.668722
0,B_task,planning,58,-0.004324163,0.0,0.26666666666666666,1.0,1.9956046
0,B_task,planning,59,-0.023741534,0.0,0.17777777777777778,1.0,3.1165566
0,B_task,planning,60,0.029080026,0.0,0.17777777777777778,1.0,3.5502248
0,B_task,planning,61,-0.17495367,0.0,0.0,1.0,2.4440584
0,B_task,planning,62,-0.2878368,0.0,0.0,1.0,5.105777
0,B_task,planning,63,-0.19953607,0.0,0.0,1.0,6.1376977
0,B_task,planning,64,-0.16500625,0.0,0.0,1.0,3.9768753
0,B_task,planning,65,0.089472495,1.0,0.2222222222222222,1.0,0.9439378
0,B_task,planning,66,-0.07805872,0.0,0.0,1.0,3.3737712
0,B_task,planning,67,0.04419244,0.0,0.24444444444444444,1.0,3.112691
0,B_task,planning,68,0.031892,0.0,0.17777777777777778,1.0,2.7693028
0,B_task,planning,69,-0.088977404,0.0,0.0,1.0,3.2707484
0,B_task,planning,70,0.0061916425,0.0,0.0,1.0,2.0491068
0,B_task,planning,71,-0.14299361,0.0,0.1111111111111111,1.0,4.7833753
0,B_task,planning,72,-0.31761467,0.0,0.0,1.0,2.5659926
0,B_task,planning,73,-0.18442325,0.0,0.0,1.0,7.696114
0,B_task,planning,74,-0.23698655,1.0,0.17777777777777778,1.0,0.64544934
0,B_task,planning,75,-0.15015766,1.0,0.26666666666666666,1.0,1.3476744
0,B_task,planning,76,-0.14960082,0.0,0.1111111111111111,1.0,2.9126215
0,B_task,planning,77,-0.1835733,0.0,0.0,1.0,2.162438
0,B_task,planning,78,0.27253088,1.0,0.6222222222222222,1.0,0.41916406
0,B_task,planning,79,-0.22194229,0.0,0.0,1.0,5.203978
0,B_task,planning,80,0.03713369,0.0,0.1111111111111111,1.0,3.965204
0,B_task,planning,81,-0.106727324,0.0,0.0,1.0,3.9170666
0,B_task,planning,82,-0.042230617,0.0,0.17777777777777778,1.0,2.6520875
0,B_task,planning,83,-0.1297195,0.0,0.0,1.0,2.477002
0,B_task,planning,84,0.06317543,0.0,0.35555555555555557,1.0,1.7887901
0,B_task,planning,85,-0.09242897,0.0,0.13333333333333333,1.0,3.53652
0,B_task,planning,86,-0.11572113,0.0,0.08888888888888889,1.0,4.565444
0,B_task,planning,87,-0.28346714,0.0,0.0,1.0,3.1911755
0,B_task,planning,88,0.13049187,0.0,0.3333333333333333,1.0,1.6751744
0,B_task,planning,89,-0.008635812,1.0,0.2,1.0,1.1046311
0,B_task,planning,90,-0.024262192,0.0,0.0,1.0,2.5127373
0,B_task,planning,91,-0.016884215,1.0,0.15555555555555556,1.0,1.0338937
0,B_task,planning,92,-0.38497442,0.0,0.13333333333333333,1.0,2.43875
0,B_task,planning,93,0.11042794,0.0,0.26666666666666666,1.0,1.9361272
0,B_task,planning,94,0.039162345,1.0,0.4,1.0,1.540427
0,B_task,planning,95,-0.0040972317,0.0,0.0,1.0,1.8653553
0,B_task,planning,96,-0.1447297,0.0,0.0,1.0,4.55449
0,B_task,planning,97,0.04399059,0.0,0.2222222222222222,1.0,4.53057
0,B_task,planning,98,-0.048095874,0.0,0.15555555555555556,1.0,2.0741878
0,B_task,planning,99,-0.09199437,0.0,0.3111111111111111,1.0,1.5739028
0,B_task,planning,100,0.18491904,1.0,0.5333333333333333,1.0,0.9988443
0,B_task,planning,101,-0.071004875,0.0,0.1111111111111111,1.0,3.7520595
0,B_task,planning,102,-0.1812994,0.0,0.0,1.0,4.7700343
0,B_task,planning,103,0.084775046,0.0,0.26666666666666666,1.0,4.275401
0,B_task,planning,104,0.06705029,1.0,0.4,1.0,1.0649471
0,B_task,planning,105,-0.19988862,0.0,0.0,1.0,3.425856
0,B_task,planning,106,0.16344593,0.0,0.5111111111111111,1.0,1.7906955
0,B_task,planning,107,0.023154704,1.0,0.4,1.0,0.41419807
0,B_task,planning,108,0.07174519,0.0,0.4222222222222222,1.0,1.751413
0,B_task,planning,109,-0.19927086,0.0,0.0,1.0,6.5205216
0,B_task,planning,110,-0.14719617,0.0,0.08888888888888889,1.0,4.606246
0,B_task,planning,111,-0.18952756,0.0,0.0,1.0,3.5463114
0,B_task,planning,112,0.05310778,0.0,0.13333333333333333,1.0,2.2458446
0,B_task,planning,113,-0.0038583358,0.0,0.0,1.0,4.214642
0,B_task,planning,114,-0.2564811,0.0,0.0,1.0,3.8002768
0,B_task,planning,115,-0.002771004,0.0,0.15555555555555556,1.0,1.6221112
0,B_task,planning,116,-0.05192541,0.0,0.0,1.0,2.1911314
0,B_task,planning,117,-0.3550215,0.0,0.1111111111111111,1.0,2.1945903
0,B_task,planning,118,0.26043338,0.0,0.5555555555555556,1.0,2.5648131
0,B_task,planning,119,-0.14629175,0.0,0.0,1.0,3.266011
0,B_task,planning,120,-0.20641986,0.0,0.0,1.0,5.855748
0,B_task,planning,121,-0.10420688,0.0,0.08888888888888889,1.0,2.2511337
0,B_task,planning,122,-0.18842663,0.0,0.15555555555555556,1.0,2.9533176
0,B_task,planning,123,-0.10432554,0.0,0.044444444444444446,1.0,3.1844583
0,B_task,planning,124,-0.10345437,0.0,0.13333333333333333,1.0,2.8527253
0,B_task,planning,125,-0.089565486,0.0,0.13333333333333333,1.0,3.4261658
0,B_task,planning,126,-0.15603767,0.0,0.0,1.0,2.809829
0,B_task,planning,127,-0.019112978,0.0,0.3333333333333333,1.0,1.8723116
0,B_task,planning,128,-0.033770528,0.0,0.0,1.0,3.5738325
0,B_task,planning,129,-0.034484323,0.0,0.2,1.0,3.7043626
0,B_task,planning,130,0.033403434,0.0,0.3111111111111111,1.0,2.4615502
0,B_task,planning,131,-0.03719914,0.0,0.15555555555555556,1.0,2.0290651
0,B_task,planning,132,-0.029671166,0.0,0.0,1.0,3.3894556
0,B_task,planning,133,-0.06860984,0.0,0.13333333333333333,1.0,5.044109
0,B_task,planning,134,0.08223296,0.0,0.13333333333333333,1.0,1.6969088
0,B_task,planning,135,-0.20369762,0.0,0.0,1.0,3.7889066
0,B_task,planning,136,0.012982881,0.0,0.37777777777777777,1.0,1.9780284
0,B_task,planning,137,-0.09324001,0.0,0.0,1.0,2.0743654
0,B_task,planning,138,-0.0709611,1.0,0.28888888888888886,1.0,0.4221585
0,B_task,planning,139,-0.01177345,0.0,0.13333333333333333,1.0,5.5225644
0,B_task,planning,140,-0.15021393,0.0,0.13333333333333333,1.0,5.5809093
0,B_task,planning,141,-0.053674344,1.0,0.28888888888888886,1.0,1.2543504
0,B_task,planning,142,-0.20927995,0.0,0.0,1.0,2.0603838
0,B_task,planning,143,-0.15067755,0.0,0.0,1.0,3.3372285
0,B_task,planning,144,-0.17141756,0.0,0.0,1.0,5.2421374
0,B_task,planning,145,0.0029608065,1.0,0.4222222222222222,1.0,0.8851796
0,B_task,planning,146,-0.045044158,0.0,0.15555555555555556,1.0,4.3468037
0,B_task,planning,147,-0.12117752,0.0,0.0,1.0,5.1615634
0,B_task,planning,148,-0.07549608,0.0,0.2222222222222222,1.0,2.2385292
0,B_task,planning,149,0.058056213,0.0,0.15555555555555556,1.0,2.1186306
0,B_task,planning,150,-0.13210918,0.0,0.13333333333333333,1.0,3.7661357
0,B_task,planning,151,-0.066761605,1.0,0.08888888888888889,1.0,1.2127768
0,B_task,planning,152,-0.097400494,0.0,0.1111111111111111,1.0,5.6652875
0,B_task,planning,153,0.04231488,1.0,0.4,1.0,1.3030806
0,B_task,planning,154,-0.17091839,0.0,0.0,1.0,2.850843
0,B_task,planning,155,-0.17745289,0.0,0.0,1.0,2.698231
0,B_task,planning,156,-0.12091594,0.0,0.0,1.0,3.3045046
0,B_task,planning,157,-0.0026265883,0.0,0.2222222222222222,1.0,1.5896322
0,B_task,planning,158,-0.14796226,0.0,0.0,1.0,3.144379
0,B_task,planning,159,-0.10678497,0.0,0.13333333333333333,1.0,7.3613205
0,B_task,planning,160,-0.055290647,0.0,0.0,1.0,2.7619824
0,B_task,planning,161,-0.12261145,0.0,0.0,1.0,4.157107
0,B_task,planning,162,0.063469104,1.0,0.4222222222222222,1.0,0.81657726
0,B_task,planning,163,-0.092978984,0.0,0.13333333333333333,1.0,3.7955074
0,B_task,planning,164,0.12562919,0.0,0.24444444444444444,1.0,1.769581
0,B_task,planning,165,-0.011014004,1.0,0.13333333333333333,1.0,1.1981169
0,B_task,planning,166,-0.092520945,0.0,0.08888888888888889,1.0,2.5507207
0,B_task,planning,167,-0.2332595,1.0,0.17777777777777778,1.0,0.9931082
0,B_task,planning,168,0.079649255,0.0,0.37777777777777777,1.0,1.9533021
0,B_task,planning,169,-0.084164195,0.0,0.0,1.0,2.3433409
0,B_task,planning,170,-0.07461667,0.0,0.08888888888888889,1.0,4.482036
0,B_task,planning,171,-0.17238289,0.0,0.08888888888888889,1.0,3.6294763
0,B_task,planning,172,0.13115127,0.0,0.35555555555555557,1.0,2.616486
0,B_task,planning,173,0.003711272,0.0,0.0,1.0,2.615497
0,B_task,planning,174,-0.3262381,0.0,0.0,1.0,5.7762713
0,B_task,planning,175,-0.06123785,0.0,0.17777777777777778,1.0,2.723215
0,B_task,planning,176,-0.22293518,0.0,0.13333333333333333,1.0,3.1356833
0,B_task,planning,177,-0.15700904,0.0,0.13333333333333333,1.0,2.7526765
0,B_task,planning,178,-0.11076694,1.0,0.1111111111111111,1.0,1.21027
0,B_task,planning,179,-0.11489733,0.0,0.08888888888888889,1.0,4.148106
0,B_task,planning,180,-0.04183723,1.0,0.4222222222222222,1.0,0.98653144
0,B_task,planning,181,0.0301975,0.0,0.26666666666666666,1.0,2.34799
0,B_task,planning,182,-0.046810575,1.0,0.17777777777777778,1.0,0.5958653
0,B_task,planning,183,-0.041022334,1.0,0.4,1.0,0.8720989
0,B_task,planning,184,-0.1498819,0.0,0.0,1.0,5.6364446
0,B_task,planning,185,-0.07031477,0.0,0.1111111111111111,1.0,3.7827759
0,B_task,planning,186,-0.2776232,0.0,0.0,1.0,4.269004
0,B_task,planning,187,-0.042772725,1.0,0.37777777777777777,1.0,1.5445304
0,B_task,planning,188,-0.30353263,0.0,0.08888888888888889,1.0,7.2395263
0,B_task,planning,189,-0.04902057,0.0,0.15555555555555556,1.0,2.3229802
0,B_task,planning,190,0.27740476,0.0,0.6222222222222222,1.0,1.7934982
0,B_task,planning,191,0.09987302,0.0,0.3111111111111111,1.0,3.0209916
0,B_task,planning,192,-0.12397881,0.0,0.0,1.0,4.994543
0,B_task,planning,193,-0.1884641,0.0,0.0,1.0,4.70809
0,B_task,planning,194,0.020077184,0.0,0.0,1.0,2.1281712
0,B_task,planning,195,-0.11809209,0.0,0.0,1.0,4.092295
0,B_task,planning,196,0.043842625,0.0,0.26666666666666666,1.0,3.9100885
0,B_task,planning,197,0.015709642,1.0,0.022222222222222223,1.0,1.5427498
0,B_task,planning,198,-0.044902112,0.0,0.0,1.0,2.1504588
0,B_task,planning,199,-0.1156414,0.0,0.1111111111111111,1.0,2.3845024
0,C_scene,planning,0,-0.1258398,1.0,0.26666666666666666,1.0,1.2195855
0,C_scene,planning,1,-0.2042377,0.0,0.0,1.0,6.978161
0,C_scene,planning,2,-0.19952488,1.0,0.022222222222222223,1.0,1.5426183
0,C_scene,planning,3,-0.39295506,0.0,0.0,1.0,7.1564236
0,C_scene,planning,4,-0.24085902,0.0,0.0,1.0,6.023695
0,C_scene,planning,5,-0.33671486,0.0,0.0,1.0,4.4575
0,C_scene,planning,6,-0.2073943,0.0,0.0,1.0,6.4081793
0,C_scene,planning,7,-0.16153511,0.0,0.24444444444444444,1.0,2.0176148
0,C_scene,planning,8,-0.22622037,0.0,0.0,1.0,6.3286643
0,C_scene,planning,9,0.011729335,0.0,0.17777777777777778,1.0,5.658248
0,C_scene,planning,10,-0.28324154,0.0,0.0,1.0,5.331149
0,C_scene,planning,11,-0.114821106,0.0,0.1111111111111111,1.0,5.1088076
0,C_scene,planning,12,-0.10504215,0.0,0.0,1.0,2.2689447
0,C_scene,planning,13,-0.1858316,0.0,0.0,1.0,5.5111504
0,C_scene,planning,14,-0.11463379,0.0,0.0,1.0,2.666022
0,C_scene,planning,15,-0.38252088,0.0,0.0,1.0,5.092466
0,C_scene,planning,16,-0.25933906,0.0,0.0,1.0,5.223085
0,C_scene,planning,17,-0.085343376,0.0,0.1111111111111111,1.0,5.8242507
0,C_scene,planning,18,-0.20153451,0.0,0.0,1.0,4.7845664
0,C_scene,planning,19,-0.1878483,1.0,0.26666666666666666,1.0,1.4408054
0,C_scene,planning,20,-0.2695205,0.0,0.0,1.0,3.4837027
0,C_scene,planning,21,-0.11646642,1.0,0.022222222222222223,1.0,1.4552877
0,C_scene,planning,22,-0.058485508,0.0,0.1111111111111111,1.0,4.7079363
0,C_scene,planning,23,-0.119188815,0.0,0.0,1.0,4.010927
0,C_scene,planning,24,-0.059891384,0.0,0.15555555555555556,1.0,2.7418027
0,C_scene,planning,25,-0.2080203,0.0,0.0,1.0,5.429218
0,C_scene,planning,26,-0.054519348,0.0,0.37777777777777777,1.0,1.6565622
0,C_scene,planning,27,-0.1158059,0.0,0.1111111111111111,1.0,8.436489
0,C_scene,planning,28,-0.22007298,0.0,0.08888888888888889,1.0,8.366141
0,C_scene,planning,29,-0.12950855,0.0,0.17777777777777778,1.0,3.5708885
0,C_scene,planning,30,-0.320642,0.0,0.0,1.0,6.1253424
0,C_scene,planning,31,-0.15483084,0.0,0.0,1.0,2.3357959
0,C_scene,planning,32,-0.23171067,0.0,0.0,1.0,5.590923
0,C_scene,planning,33,-0.24666245,0.0,0.15555555555555556,1.0,2.1095123
0,C_scene,planning,34,-0.3364158,1.0,0.022222222222222223,1.0,1.4772415
0,C_scene,planning,35,-0.016007097,1.0,0.3333333333333333,1.0,0.37218913
0,C_scene,planning,36,-0.22459583,0.0,0.0,1.0,9.152462
0,C_scene,planning,37,-0.16474316,0.0,0.0,1.0,5.4112086
0,C_scene,planning,38,-0.26528403,0.0,0.0,1.0,4.4527974
0,C_scene,planning,39,-0.33073393,0.0,0.0,1.0,8.957538
0,C_scene,planning,40,-0.26170602,1.0,0.13333333333333333,1.0,0.59355086
0,C_scene,planning,41,-0.09377261,0.0,0.0,1.0,1.8680952
0,C_scene,planning,42,0.045946665,1.0,0.4666666666666667,1.0,1.0966967
0,C_scene,planning,43,-0.3166735,0.0,0.0,1.0,8.4714775
0,C_scene,planning,44,0.22199614,1.0,0.6666666666666666,1.0,1.3459897
0,C_scene,planning,45,-0.26702422,0.0,0.0,1.0,11.067379
0,C_scene,planning,46,-0.14134552,0.0,0.0,1.0,5.3356237
0,C_scene,planning,47,-0.16251628,0.0,0.0,1.0,5.5289454
0,C_scene,planning,48,-0.29809755,0.0,0.0,1.0,6.9553347
0,C_scene,planning,49,-0.1795317,0.0,0.0,1.0,6.6037593
0,C_scene,planning,50,-0.30341426,0.0,0.0,1.0,3.061071
0,C_scene,planning,51,-0.24524307,0.0,0.0,1.0,3.5784276
0,C_scene,planning,52,-0.1922259,0.0,0.0,1.0,5.1920643
0,C_scene,planning,53,-0.2208226,0.0,0.0,1.0,8.879551
0,C_scene,planning,54,-0.10008338,0.0,0.13333333333333333,1.0,7.291845
0,C_scene,planning,55,-0.1654467,0.0,0.0,1.0,4.5867352
0,C_scene,planning,56,-0.27745816,0.0,0.0,1.0,6.039051
0,C_scene,planning,57,-0.1441848,0.0,0.0,1.0,4.238924
0,C_scene,planning,58,-0.05031021,0.0,0.0,1.0,1.652163
0,C_scene,planning,59,0.004579687,0.0,0.24444444444444444,1.0,2.849407
0,C_scene,planning,60,-0.015826048,0.0,0.15555555555555556,1.0,4.6899405
0,C_scene,planning,61,-0.13568693,0.0,0.0,1.0,1.6843544
0,C_scene,planning,62,-0.31780943,0.0,0.0,1.0,4.9208407
0,C_scene,planning,63,-0.2877497,0.0,0.0,1.0,7.6476736
0,C_scene,planning,64,-0.19409025,0.0,0.08888888888888889,1.0,8.329433
0,C_scene,planning,65,0.14313711,0.0,0.35555555555555557,1.0,2.132489
0,C_scene,planning,66,-0.18023959,0.0,0.0,1.0,4.223902
0,C_scene,planning,67,0.008240086,1.0,0.24444444444444444,1.0,0.19149438
0,C_scene,planning,68,-0.14172465,0.0,0.0,1.0,3.085222
0,C_scene,planning,69,-0.1801722,0.0,0.0,1.0,5.8978066
0,C_scene,planning,70,-0.10221986,0.0,0.0,1.0,2.8075495
0,C_scene,planning,71,-0.28705645,0.0,0.0,1.0,7.3512177
0,C_scene,planning,72,-0.31691447,0.0,0.0,1.0,3.233761
0,C_scene,planning,73,-0.07707797,0.0,0.0,1.0,4.1221986
0,C_scene,planning,74,-0.3892186,0.0,0.0,1.0,6.068058
0,C_scene,planning,75,-0.32207537,0.0,0.0,1.0,4.963718
0,C_scene,planning,76,-0.09279626,0.0,0.17777777777777778,1.0,1.8126326
0,C_scene,planning,77,-0.22765863,0.0,0.0,1.0,4.9088597
0,C_scene,planning,78,-0.10057986,0.0,0.0,1.0,3.7414808
0,C_scene,planning,79,-0.24406058,0.0,0.0,1.0,8.7103195
0,C_scene,planning,80,0.1670697,1.0,0.5555555555555556,1.0,1.468173
0,C_scene,planning,81,-0.07076781,0.0,0.08888888888888889,1.0,2.8590674
0,C_scene,planning,82,-0.045590643,0.0,0.2,1.0,2.9944315
0,C_scene,planning,83,-0.24507964,0.0,0.0,1.0,6.7356305
0,C_scene,planning,84,-0.1697514,0.0,0.0,1.0,3.1360786
0,C_scene,planning,85,-0.24667478,0.0,0.0,1.0,6.5108247
0,C_scene,planning,86,-0.006171205,0.0,0.24444444444444444,1.0,1.9025738
0,C_scene,planning,87,-0.37685937,0.0,0.0,1.0,6.1243324
0,C_scene,planning,88,-0.13048503,0.0,0.0,1.0,4.2204156
0,C_scene,planning,89,-0.11815079,0.0,0.0,1.0,2.453498
0,C_scene,planning,90,-0.16044952,0.0,0.0,1.0,4.7866297
0,C_scene,planning,91,-0.02809152,0.0,0.0,1.0,1.5544312
0,C_scene,planning,92,-0.519952,0.0,0.0,1.0,3.4938357
0,C_scene,planning,93,-0.0531735,0.0,0.15555555555555556,1.0,7.294453
0,C_scene,planning,94,-0.23174405,0.0,0.0,1.0,4.1095834
0,C_scene,planning,95,-0.13893378,0.0,0.0,1.0,4.7887263
0,C_scene,planning,96,-0.2325998,0.0,0.0,1.0,8.286183
0,C_scene,planning,97,-0.003844346,0.0,0.13333333333333333,1.0,4.668802
0,C_scene,planning,98,-0.042979516,0.0,0.2,1.0,2.939077
0,C_scene,planning,99,-0.047370348,1.0,0.35555555555555557,1.0,0.45312524
0,C_scene,planning,100,-0.15002933,0.0,0.0,1.0,3.1615264
0,C_scene,planning,101,0.031908993,0.0,0.2,1.0,2.62492
0,C_scene,planning,102,-0.19774087,0.0,0.0,1.0,5.2139454
0,C_scene,planning,103,-0.004813077,0.0,0.0,1.0,1.7862221
0,C_scene,planning,104,-0.15851738,0.0,0.0,1.0,4.419961
0,C_scene,planning,105,-0.23786873,0.0,0.0,1.0,3.638236
0,C_scene,planning,106,-0.13574757,0.0,0.0,1.0,4.75592
0,C_scene,planning,107,-0.11790509,0.0,0.044444444444444446,1.0,2.0108473
0,C_scene,planning,108,-0.1712851,0.0,0.0,1.0,3.9880712
0,C_scene,planning,109,-0.11165649,0.0,0.0,1.0,3.812392
0,C_scene,planning,110,-0.06783509,1.0,0.26666666666666666,1.0,0.93072224
0,C_scene,planning,111,-0.23074637,0.0,0.0,1.0,4.7390895
0,C_scene,planning,112,0.0019332339,0.0,0.1111111111111111,1.0,2.8386488
0,C_scene,planning,113,0.3547548,1.0,0.8222222222222222,1.0,1.4535288
0,C_scene,planning,114,-0.2722249,0.0,0.0,1.0,2.103044
0,C_scene,planning,115,-0.05755648,1.0,0.15555555555555556,1.0,0.5590553
0,C_scene,planning,116,-0.17264268,0.0,0.044444444444444446,1.0,2.2209365
0,C_scene,planning,117,-0.46624848,0.0,0.0,1.0,4.7234564
0,C_scene,planning,118,0.09570306,0.0,0.0,1.0,2.6546938
0,C_scene,planning,119,-0.042472925,1.0,0.044444444444444446,1.0,1.5442686
0,C_scene,planning,120,-0.22558133,0.0,0.0,1.0,6.7780957
0,C_scene,planning,121,-0.195739,0.0,0.0,1.0,2.7897303
0,C_scene,planning,122,-0.2879806,0.0,0.0,1.0,2.4946103
0,C_scene,planning,123,-0.14093302,0.0,0.06666666666666667,1.0,6.5944633
0,C_scene,planning,124,-0.1817504,0.0,0.0,1.0,2.8341959
0,C_scene,planning,125,-0.24333115,0.0,0.0,1.0,3.8532808
0,C_scene,planning,126,-0.20037352,0.0,0.0,1.0,3.9789512
0,C_scene,planning,127,-0.2587938,0.0,0.0,1.0,5.1923614
0,C_scene,planning,128,-0.11956621,0.0,0.0,1.0,6.097909
0,C_scene,planning,129,-0.23846954,0.0,0.0,1.0,7.4386187
0,C_scene,planning,130,0.016397506,1.0,0.4,1.0,1.3126023
0,C_scene,planning,131,-0.18867905,0.0,0.0,1.0,4.2242584
0,C_scene,planning,132,0.12667446,1.0,0.4444444444444444,1.0,1.3845681
0,C_scene,planning,133,-0.19643404,0.0,0.0,1.0,7.277375
0,C_scene,planning,134,-0.21886347,0.0,0.0,1.0,4.3527293
0,C_scene,planning,135,-0.11553719,0.0,0.2222222222222222,1.0,3.1714683
0,C_scene,planning,136,-0.18050812,0.0,0.0,1.0,4.9544296
0,C_scene,planning,137,-0.18457659,0.0,0.0,1.0,4.727151
0,C_scene,planning,138,-0.063034505,0.0,0.3111111111111111,1.0,1.6477869
0,C_scene,planning,139,-0.1658522,0.0,0.0,1.0,7.7153163
0,C_scene,planning,140,-0.14708592,0.0,0.13333333333333333,1.0,4.8651137
0,C_scene,planning,141,-0.044741597,0.0,0.26666666666666666,1.0,1.7393662
0,C_scene,planning,142,-0.30763498,0.0,0.0,1.0,7.626545
0,C_scene,planning,143,-0.22144212,0.0,0.0,1.0,3.746982
0,C_scene,planning,144,-0.14988391,0.0,0.0,1.0,4.9078455
0,C_scene,planning,145,-0.15591228,0.0,0.13333333333333333,1.0,4.601586
0,C_scene,planning,146,-0.061486773,0.0,0.13333333333333333,1.0,4.249162
0,C_scene,planning,147,-0.12485531,0.0,0.0,1.0,3.8806915
0,C_scene,planning,148,-0.17830943,1.0,0.06666666666666667,1.0,1.497328
0,C_scene,planning,149,-0.117400296,0.0,0.0,1.0,3.2881393
0,C_scene,planning,150,-0.106067225,0.0,0.15555555555555556,1.0,2.6355834
0,C_scene,planning,151,-0.12401363,0.0,0.0,1.0,2.6940188
0,C_scene,planning,152,-0.09952124,0.0,0.0,1.0,2.982235
0,C_scene,planning,153,-0.17409037,0.0,0.0,1.0,2.8802207
0,C_scene,planning,154,-0.04940225,0.0,0.2222222222222222,1.0,2.3064842
0,C_scene,planning,155,-0.19859551,0.0,0.0,1.0,2.6704535
0,C_scene,planning,156,-0.21399537,0.0,0.0,1.0,2.338196
0,C_scene,planning,157,-0.15986738,0.0,0.0,1.0,4.992523
0,C_scene,planning,158,-0.2610748,0.0,0.0,1.0,4.126082
0,C_scene,planning,159,-0.09441683,0.0,0.06666666666666667,1.0,5.6031184
0,C_scene,planning,160,-0.19339958,0.0,0.0,1.0,5.8658915
0,C_scene,planning,161,-0.14401747,0.0,0.0,1.0,2.4455914
0,C_scene,planning,162,-0.20661475,0.0,0.0,1.0,4.3962674
0,C_scene,planning,163,-0.09369968,0.0,0.13333333333333333,1.0,4.7580056
0,C_scene,planning,164,0.14742957,0.0,0.4666666666666667,1.0,1.8044783
0,C_scene,planning,165,-0.066928305,0.0,0.0,1.0,2.1507652
0,C_scene,planning,166,-0.25004902,0.0,0.0,1.0,4.889981
0,C_scene,planning,167,-0.27207816,0.0,0.0,1.0,3.3508165
0,C_scene,planning,168,0.13811043,1.0,0.5111111111111111,1.0,0.9778426
0,C_scene,planning,169,-0.19307403,0.0,0.0,1.0,4.92688
0,C_scene,planning,170,-0.105886966,0.0,0.1111111111111111,1.0,5.52054
0,C_scene,planning,171,-0.2590393,0.0,0.0,1.0,4.7519093
0,C_scene,planning,172,0.12993564,0.0,0.3333333333333333,1.0,2.636115
0,C_scene,planning,173,-0.19793627,0.0,0.0,1.0,6.8944006
0,C_scene,planning,174,-0.34995195,0.0,0.0,1.0,6.751697
0,C_scene,planning,175,-0.09315475,0.0,0.15555555555555556,1.0,3.584049
0,C_scene,planning,176,-0.26802075,0.0,0.0,1.0,3.3871877
0,C_scene,planning,177,-0.10240071,0.0,0.17777777777777778,1.0,1.5981153
0,C_scene,planning,178,-0.17192565,0.0,0.0,1.0,4.473457
0,C_scene,planning,179,0.020827122,0.0,0.2222222222222222,1.0,2.8790188
0,C_scene,planning,180,-0.049659,0.0,0.28888888888888886,1.0,1.5647883
0,C_scene,planning,181,-0.27508205,0.0,0.0,1.0,11.03077
0,C_scene,planning,182,-0.19246253,0.0,0.0,1.0,3.6692262
0,C_scene,planning,183,-0.0549103,1.0,0.35555555555555557,1.0,1.0926754
0,C_scene,planning,184,-0.004616434,0.0,0.0,1.0,2.9599712
0,C_scene,planning,185,0.030918911,0.0,0.28888888888888886,1.0,2.3239484
0,C_scene,planning,186,-0.33446917,0.0,0.0,1.0,7.9352317
0,C_scene,planning,187,-0.24460405,0.0,0.0,1.0,3.825049
0,C_scene,planning,188,-0.29798403,0.0,0.06666666666666667,1.0,6.19741
0,C_scene,planning,189,-0.19902128,0.0,0.0,1.0,5.6964297
0,C_scene,planning,190,0.3052653,1.0,0.7111111111111111,1.0,1.0117466
0,C_scene,planning,191,-0.12452184,0.0,0.0,1.0,5.4391418
0,C_scene,planning,192,-0.16531451,0.0,0.0,1.0,6.2100487
0,C_scene,planning,193,-0.20693317,0.0,0.0,1.0,6.2010612
0,C_scene,planning,194,-0.17559336,0.0,0.0,1.0,6.2314954
0,C_scene,planning,195,-0.013789581,0.0,0.0,1.0,4.031324
0,C_scene,planning,196,-0.15282702,0.0,0.0,1.0,4.8200955
0,C_scene,planning,197,0.11845047,0.0,0.35555555555555557,1.0,1.6005826
0,C_scene,planning,198,-0.13696875,0.0,0.0,1.0,2.2749457
0,C_scene,planning,199,-0.2057642,0.0,0.0,1.0,2.8053448
0,D_latent,planning,0,-0.13854918,0.0,0.17777777777777778,1.0,2.4917126
0,D_latent,planning,1,-0.13422611,0.0,0.0,1.0,4.469064
0,D_latent,planning,2,-0.14124838,0.0,0.0,1.0,2.5109956
0,D_latent,planning,3,-0.34469768,0.0,0.0,1.0,2.750097
0,D_latent,planning,4,-0.3864032,0.0,0.0,1.0,10.953905
0,D_latent,planning,5,-0.2806993,0.0,0.0,1.0,2.5923576
0,D_latent,planning,6,-0.267381,0.0,0.0,1.0,9.507809
0,D_latent,planning,7,-0.1357016,1.0,0.3333333333333333,1.0,1.4040642
0,D_latent,planning,8,-0.20936023,0.0,0.0,1.0,6.2901382
0,D_latent,planning,9,-0.12775117,0.0,0.1111111111111111,1.0,9.530503
0,D_latent,planning,10,-0.2153972,0.0,0.0,1.0,2.5933082
0,D_latent,planning,11,-0.09484552,0.0,0.1111111111111111,1.0,4.463453
0,D_latent,planning,12,-0.13502893,0.0,0.1111111111111111,1.0,5.9792066
0,D_latent,planning,13,-0.14267667,0.0,0.0,1.0,2.941804
0,D_latent,planning,14,-0.12821712,0.0,0.0,1.0,4.2723393
0,D_latent,planning,15,-0.3152603,0.0,0.0,1.0,2.0970607
0,D_latent,planning,16,-0.2742031,0.0,0.0,1.0,6.5002604
0,D_latent,planning,17,-0.09819415,0.0,0.08888888888888889,1.0,4.903841
0,D_latent,planning,18,-0.1233057,0.0,0.0,1.0,1.9480954
0,D_latent,planning,19,-0.37589708,0.0,0.0,1.0,6.22304
0,D_latent,planning,20,-0.23652841,0.0,0.0,1.0,2.8453999
0,D_latent,planning,21,-0.18836035,0.0,0.0,1.0,4.3549867
0,D_latent,planning,22,0.06137044,0.0,0.3111111111111111,1.0,2.4468553
0,D_latent,planning,23,-0.044582095,0.0,0.0,1.0,3.218986
0,D_latent,planning,24,-0.052861076,0.0,0.2,1.0,3.269839
0,D_latent,planning,25,-0.20912205,0.0,0.0,1.0,4.872047
0,D_latent,planning,26,-0.14863618,0.0,0.0,1.0,1.9677035
0,D_latent,planning,27,-0.027966555,0.0,0.15555555555555556,1.0,3.6274061
0,D_latent,planning,28,-0.22440563,0.0,0.08888888888888889,1.0,8.807719
0,D_latent,planning,29,-0.16810863,0.0,0.1111111111111111,1.0,1.7444245
0,D_latent,planning,30,-0.21580234,1.0,0.044444444444444446,1.0,1.3519331
0,D_latent,planning,31,-0.24030846,0.0,0.0,1.0,5.001871
0,D_latent,planning,32,-0.1999045,0.0,0.0,1.0,5.33822
0,D_latent,planning,33,-0.23047948,1.0,0.2222222222222222,1.0,1.4350395
0,D_latent,planning,34,-0.29252723,0.0,0.0,1.0,2.019928
0,D_latent,planning,35,-0.064816654,1.0,0.24444444444444444,1.0,0.79633695
0,D_latent,planning,36,-0.21169159,0.0,0.0,1.0,9.048118
0,D_latent,planning,37,-0.14436819,0.0,0.0,1.0,3.5984237
0,D_latent,planning,38,-0.23288175,0.0,0.0,1.0,4.135148
0,D_latent,planning,39,-0.32339296,0.0,0.0,1.0,9.525221
0,D_latent,planning,40,-0.3105219,0.0,0.0,1.0,2.1634774
0,D_latent,planning,41,0.04830451,1.0,0.4222222222222222,1.0,1.0090176
0,D_latent,planning,42,-0.06314748,0.0,0.0,1.0,1.692493
0,D_latent,planning,43,-0.3835092,0.0,0.0,1.0,12.311578
0,D_latent,planning,44,-0.06386539,0.0,0.0,1.0,2.471198
0,D_latent,planning,45,-0.22836243,0.0,0.0,1.0,8.373309
0,D_latent,planning,46,-0.08418281,0.0,0.0,1.0,3.9124894
0,D_latent,planning,47,-0.24136758,0.0,0.0,1.0,7.4376726
0,D_latent,planning,48,-0.23506455,0.0,0.0,1.0,2.4817119
0,D_latent,planning,49,-0.16737577,0.0,0.0,1.0,5.7548895
0,D_latent,planning,50,-0.30114412,0.0,0.0,1.0,2.4625561
0,D_latent,planning,51,-0.19112867,0.0,0.1111111111111111,1.0,3.6129687
0,D_latent,planning,52,-0.26928356,0.0,0.0,1.0,6.5842943
0,D_latent,planning,53,0.041881382,0.0,0.3333333333333333,1.0,1.8413392
0,D_latent,planning,54,-0.16610353,0.0,0.0,1.0,5.327763
0,D_latent,planning,55,-0.3178604,0.0,0.0,1.0,9.652132
0,D_latent,planning,56,-0.31037867,0.0,0.0,1.0,6.946584
0,D_latent,planning,57,-0.17987332,0.0,0.0,1.0,2.4746628
0,D_latent,planning,58,-0.1985742,0.0,0.0,1.0,3.0302625
0,D_latent,planning,59,-0.019436192,0.0,0.2,1.0,3.4165614
0,D_latent,planning,60,0.05370852,0.0,0.2,1.0,3.0581238
0,D_latent,planning,61,-0.22481522,0.0,0.0,1.0,3.2305994
0,D_latent,planning,62,-0.2793683,0.0,0.0,1.0,2.9319313
0,D_latent,planning,63,-0.279663,0.0,0.0,1.0,6.925556
0,D_latent,planning,64,-0.17607976,0.0,0.08888888888888889,1.0,8.349925
0,D_latent,planning,65,-0.08426178,0.0,0.0,1.0,4.630077
0,D_latent,planning,66,-0.22547306,0.0,0.0,1.0,5.0968494
0,D_latent,planning,67,-0.11673598,0.0,0.0,1.0,2.3664463
0,D_latent,planning,68,-0.16533114,0.0,0.0,1.0,3.3593497
0,D_latent,planning,69,-0.23814197,0.0,0.0,1.0,7.6001396
0,D_latent,planning,70,-0.08308441,0.0,0.0,1.0,1.6829395
0,D_latent,planning,71,-0.1894413,0.0,0.0,1.0,4.0301943
0,D_latent,planning,72,-0.36071035,0.0,0.0,1.0,5.0711036
0,D_latent,planning,73,-0.16244596,0.0,0.0,1.0,5.0177546
0,D_latent,planning,74,-0.38975096,0.0,0.0,1.0,5.859604
0,D_latent,planning,75,-0.3088993,0.0,0.0,1.0,4.6228285
0,D_latent,planning,76,-0.20785938,0.0,0.0,1.0,4.391657
0,D_latent,planning,77,-0.23909912,0.0,0.0,1.0,5.9539423
0,D_latent,planning,78,0.19908331,0.0,0.5555555555555556,1.0,1.6753079
0,D_latent,planning,79,-0.24624239,0.0,0.0,1.0,5.284039
0,D_latent,planning,80,0.04706993,0.0,0.06666666666666667,1.0,3.229293
0,D_latent,planning,81,0.052870974,0.0,0.37777777777777777,1.0,1.8151453
0,D_latent,planning,82,-0.07588558,0.0,0.13333333333333333,1.0,3.309332
0,D_latent,planning,83,-0.17948332,0.0,0.0,1.0,2.8432946
0,D_latent,planning,84,-0.106912814,1.0,0.08888888888888889,1.0,1.0299116
0,D_latent,planning,85,-0.23051092,0.0,0.0,1.0,7.3788524
0,D_latent,planning,86,-0.21024173,0.0,0.0,1.0,3.6501744
0,D_latent,planning,87,-0.35939738,0.0,0.0,1.0,6.77658
0,D_latent,planning,88,-0.1969564,0.0,0.0,1.0,5.290631
0,D_latent,planning,89,-0.026610406,0.0,0.0,1.0,1.7880456
0,D_latent,planning,90,-0.25725177,0.0,0.0,0.0,6.570605
0,D_latent,planning,91,-0.17394713,0.0,0.0,1.0,3.5406704
0,D_latent,planning,92,-0.403078,0.0,0.1111111111111111,1.0,3.374685
0,D_latent,planning,93,-0.024304459,0.0,0.0,1.0,3.1533198
0,D_latent,planning,94,-0.065613806,1.0,0.15555555555555556,1.0,0.60511184
0,D_latent,planning,95,-0.16655104,0.0,0.0,1.0,4.80524
0,D_latent,planning,96,-0.2126792,0.0,0.0,1.0,6.676674
0,D_latent,planning,97,0.10712215,0.0,0.35555555555555557,1.0,1.9622697
0,D_latent,planning,98,0.013129389,0.0,0.37777777777777777,1.0,1.6985339
0,D_latent,planning,99,-0.16133219,1.0,0.06666666666666667,1.0,1.4398005
0,D_latent,planning,100,-0.17556208,0.0,0.0,1.0,4.4096518
0,D_latent,planning,101,-0.057353392,0.0,0.0,1.0,2.6234717
0,D_latent,planning,102,-0.21199764,0.0,0.0,1.0,3.5569375
0,D_latent,planning,103,-0.11944808,0.0,0.0,1.0,4.52688
0,D_latent,planning,104,-0.17652819,0.0,0.0,1.0,2.7060833
0,D_latent,planning,105,-0.14886142,0.0,0.1111111111111111,1.0,3.0993485
0,D_latent,planning,106,-0.18424469,0.0,0.0,1.0,5.5105414
0,D_latent,planning,107,-0.065094985,1.0,0.26666666666666666,1.0,0.9789375
0,D_latent,planning,108,-0.14511691,0.0,0.0,1.0,3.469861
0,D_latent,planning,109,-0.042415354,0.0,0.0,1.0,2.7180378
0,D_latent,planning,110,-0.12034806,0.0,0.0,1.0,3.401797
0,D_latent,planning,111,-0.22276387,0.0,0.0,1.0,3.7536235
0,D_latent,planning,112,-0.07950817,0.0,0.06666666666666667,1.0,3.4200618
0,D_latent,planning,113,0.31806728,1.0,0.8444444444444444,1.0,1.333824
0,D_latent,planning,114,-0.18488526,0.0,0.17777777777777778,1.0,2.1377828
0,D_latent,planning,115,-0.0010935115,1.0,0.37777777777777777,1.0,1.0790533
0,D_latent,planning,116,-0.22294135,0.0,0.0,1.0,4.8757133
0,D_latent,planning,117,-0.47846496,0.0,0.0,1.0,7.2339973
0,D_latent,planning,118,0.2268636,0.0,0.5333333333333333,1.0,2.1519942
0,D_latent,planning,119,-0.16808493,0.0,0.0,1.0,3.426167
0,D_latent,planning,120,-0.18784483,0.0,0.0,1.0,4.303231
0,D_latent,planning,121,-0.2876027,0.0,0.0,1.0,4.788856
0,D_latent,planning,122,-0.26608887,0.0,0.0,1.0,3.5052118
0,D_latent,planning,123,-0.15361309,0.0,0.0,1.0,7.5214424
0,D_latent,planning,124,-0.037163988,0.0,0.3333333333333333,1.0,1.7472553
0,D_latent,planning,125,-0.23185691,0.0,0.0,1.0,3.6448941
0,D_latent,planning,126,-0.20130196,0.0,0.0,1.0,3.9678352
0,D_latent,planning,127,-0.12911725,0.0,0.0,1.0,2.1802607
0,D_latent,planning,128,-0.1495735,0.0,0.0,1.0,7.033399
0,D_latent,planning,129,-0.2911475,0.0,0.0,1.0,7.1794987
0,D_latent,planning,130,0.006993008,1.0,0.35555555555555557,1.0,0.78581494
0,D_latent,planning,131,0.059890795,1.0,0.4666666666666667,1.0,0.44424787
0,D_latent,planning,132,0.09550077,0.0,0.35555555555555557,1.0,1.7483361
0,D_latent,planning,133,-0.07810608,0.0,0.0,1.0,3.6899686
0,D_latent,planning,134,-0.184763,0.0,0.0,1.0,4.724721
0,D_latent,planning,135,-0.16351898,0.0,0.13333333333333333,1.0,4.9093094
0,D_latent,planning,136,-0.06839764,0.0,0.13333333333333333,1.0,2.3195171
0,D_latent,planning,137,-0.1726075,0.0,0.0,1.0,3.3982048
0,D_latent,planning,138,-0.101475984,0.0,0.15555555555555556,1.0,3.1562252
0,D_latent,planning,139,-0.10915646,0.0,0.0,1.0,3.970782
0,D_latent,planning,140,-0.15251692,0.0,0.1111111111111111,1.0,3.8789217
0,D_latent,planning,141,-0.055232685,0.0,0.2,1.0,2.0727258
0,D_latent,planning,142,-0.19110222,0.0,0.06666666666666667,1.0,5.379896
0,D_latent,planning,143,-0.12010216,0.0,0.0,1.0,2.4216545
0,D_latent,planning,144,-0.15078363,0.0,0.0,1.0,4.922569
0,D_latent,planning,145,-0.036331587,1.0,0.37777777777777777,1.0,1.0061318
0,D_latent,planning,146,-0.032474194,0.0,0.0,1.0,2.5178401
0,D_latent,planning,147,-0.10695555,0.0,0.0,1.0,2.8219147
0,D_latent,planning,148,-0.15817995,0.0,0.0,1.0,2.412743
0,D_latent,planning,149,-0.10925651,0.0,0.0,1.0,3.1327617
0,D_latent,planning,150,-0.048911624,0.0,0.26666666666666666,1.0,1.9244239
0,D_latent,planning,151,-0.1936952,0.0,0.0,1.0,3.161065
0,D_latent,planning,152,-0.007692088,0.0,0.17777777777777778,1.0,3.7597983
0,D_latent,planning,153,-0.19447182,0.0,0.0,1.0,3.3753521
0,D_latent,planning,154,-0.01604756,1.0,0.3333333333333333,1.0,0.4594793
0,D_latent,planning,155,-0.08934957,0.0,0.2,1.0,2.4995463
0,D_latent,planning,156,-0.101937875,0.0,0.08888888888888889,1.0,2.6822479
0,D_latent,planning,157,-0.16066949,0.0,0.0,1.0,3.226624
0,D_latent,planning,158,-0.24808331,0.0,0.0,1.0,2.9981353
0,D_latent,planning,159,-0.18249899,0.0,0.0,1.0,5.3524866
0,D_latent,planning,160,-0.14645186,0.0,0.0,1.0,3.8092866
0,D_latent,planning,161,-0.06487812,1.0,0.17777777777777778,1.0,1.2201279
0,D_latent,planning,162,-0.16402672,0.0,0.0,1.0,3.2179987
0,D_latent,planning,163,-0.15085256,0.0,0.0,1.0,3.108592
0,D_latent,planning,164,0.13379729,1.0,0.5111111111111111,1.0,1.2350671
0,D_latent,planning,165,-0.20338556,0.0,0.0,1.0,4.533063
0,D_latent,planning,166,-0.2142752,0.0,0.0,1.0,3.239528
0,D_latent,planning,167,-0.33137107,0.0,0.0,1.0,3.2887166
0,D_latent,planning,168,-0.21093455,0.0,0.0,1.0,4.8644085
0,D_latent,planning,169,-0.27701336,0.0,0.0,1.0,8.147442
0,D_latent,planning,170,-0.023824146,0.0,0.08888888888888889,1.0,2.1610444
0,D_latent,planning,171,-0.25057694,0.0,0.0,1.0,2.5785925
0,D_latent,planning,172,0.10479483,1.0,0.4,1.0,1.440825
0,D_latent,planning,173,-0.17988904,0.0,0.0,1.0,5.26991
0,D_latent,planning,174,-0.302474,0.0,0.0,1.0,3.824404
0,D_latent,planning,175,-0.20378764,0.0,0.0,1.0,3.8005035
0,D_latent,planning,176,-0.2290077,0.0,0.1111111111111111,1.0,2.706128
0,D_latent,planning,177,-0.18083516,0.0,0.13333333333333333,1.0,4.126465
0,D_latent,planning,178,-0.10264653,1.0,0.2,1.0,0.87195575
0,D_latent,planning,179,0.02687945,1.0,0.17777777777777778,1.0,1.3928999
0,D_latent,planning,180,-0.1365356,0.0,0.0,1.0,1.6463324
0,D_latent,planning,181,-0.14874305,0.0,0.0,1.0,2.4035208
0,D_latent,planning,182,-0.24619238,0.0,0.0,1.0,5.487174
0,D_latent,planning,183,-0.100625485,1.0,0.2222222222222222,1.0,1.0110863
0,D_latent,planning,184,-0.20866674,0.0,0.0,1.0,5.742858
0,D_latent,planning,185,0.022986062,0.0,0.26666666666666666,1.0,2.3588088
0,D_latent,planning,186,-0.28301665,0.0,0.0,1.0,4.6561637
0,D_latent,planning,187,-0.18702652,0.0,0.0,1.0,2.7517905
0,D_latent,planning,188,-0.3207761,0.0,0.0,1.0,5.1289697
0,D_latent,planning,189,-0.13097724,0.0,0.1111111111111111,1.0,4.5057306
0,D_latent,planning,190,0.13560784,1.0,0.3333333333333333,1.0,1.2532464
0,D_latent,planning,191,0.12623058,0.0,0.35555555555555557,1.0,2.3026116
0,D_latent,planning,192,-0.12708482,0.0,0.0,1.0,3.413574
0,D_latent,planning,193,-0.081420645,0.0,0.0,1.0,3.9241352
0,D_latent,planning,194,-0.1077454,0.0,0.0,1.0,3.745254
0,D_latent,planning,195,-0.10953582,0.0,0.0,1.0,3.9594572
0,D_latent,planning,196,-0.01741631,0.0,0.0,1.0,2.335621
0,D_latent,planning,197,-0.06547764,0.0,0.044444444444444446,1.0,4.6975036
0,D_latent,planning,198,-0.095484965,1.0,0.06666666666666667,1.0,1.3722557
0,D_latent,planning,199,-0.22195205,0.0,0.0,1.0,2.1854613
1,A_recon,planning,0,-0.34237197,0.0,0.0,1.0,5.163127
1,A_recon,planning,1,-0.15719317,0.0,0.0,1.0,4.2211137
1,A_recon,planning,2,-0.2669149,0.0,0.0,1.0,4.717771
1,A_recon,planning,3,-0.37254843,0.0,0.0,1.0,5.945673
1,A_recon,planning,4,-0.36303833,0.0,0.0,1.0,10.544381
1,A_recon,planning,5,-0.42210248,0.0,0.0,1.0,9.387771
1,A_recon,planning,6,-0.23612688,0.0,0.0,0.0,11.504859
1,A_recon,planning,7,-0.3728156,0.0,0.0,1.0,5.5783095
1,A_recon,planning,8,-0.19163468,0.0,0.0,1.0,4.375206
1,A_recon,planning,9,-0.0620152,0.0,0.08888888888888889,1.0,5.947369
1,A_recon,planning,10,-0.300203,0.0,0.0,1.0,5.1006956
1,A_recon,planning,11,-0.07538547,0.0,0.0,1.0,2.2000535
1,A_recon,planning,12,-0.18896315,0.0,0.0,1.0,3.7250793
1,A_recon,planning,13,-0.22304268,0.0,0.0,1.0,7.140824
1,A_recon,planning,14,-0.028184632,0.0,0.15555555555555556,1.0,6.7187543
1,A_recon,planning,15,-0.39598826,0.0,0.0,1.0,6.998282
1,A_recon,planning,16,-0.26028994,0.0,0.0,1.0,4.536558
1,A_recon,planning,17,-0.010147394,0.0,0.2,1.0,4.6358333
1,A_recon,planning,18,-0.23414902,0.0,0.0,1.0,5.444034
1,A_recon,planning,19,-0.31601954,0.0,0.0,1.0,2.2754116
1,A_recon,planning,20,-0.2050938,0.0,0.044444444444444446,1.0,2.7306333
1,A_recon,planning,21,-0.17954801,0.0,0.0,1.0,5.364001
1,A_recon,planning,22,-0.21614999,0.0,0.0,1.0,6.434834
1,A_recon,planning,23,-0.13552198,0.0,0.0,1.0,5.0031877
1,A_recon,planning,24,-0.21583416,0.0,0.0,1.0,3.799401
1,A_recon,planning,25,-0.22965023,0.0,0.0,1.0,5.1804457
1,A_recon,planning,26,-0.2404484,0.0,0.0,1.0,3.638308
1,A_recon,planning,27,0.030231722,0.0,0.2222222222222222,1.0,2.5283694
1,A_recon,planning,28,-0.16789283,0.0,0.1111111111111111,1.0,6.752507
1,A_recon,planning,29,-0.2666127,0.0,0.0,1.0,4.1356473
1,A_recon,planning,30,-0.30194828,0.0,0.0,1.0,4.815109
1,A_recon,planning,31,-0.30791342,0.0,0.0,1.0,7.324319
1,A_recon,planning,32,-0.3010727,0.0,0.0,1.0,8.223038
1,A_recon,planning,33,-0.31364986,0.0,0.0,1.0,1.9852512
1,A_recon,planning,34,-0.47076848,0.0,0.0,1.0,7.6889563
1,A_recon,planning,35,-0.2711263,0.0,0.0,1.0,5.639746
1,A_recon,planning,36,-0.094193384,0.0,0.0,1.0,4.1081877
1,A_recon,planning,37,-0.20612055,0.0,0.0,1.0,7.8674355
1,A_recon,planning,38,-0.32664078,0.0,0.0,1.0,5.0429764
1,A_recon,planning,39,-0.3074088,0.0,0.0,1.0,5.936379
1,A_recon,planning,40,-0.37920105,0.0,0.0,1.0,3.770524
1,A_recon,planning,41,-0.32348013,0.0,0.0,0.0,9.99823
1,A_recon,planning,42,-0.32322377,0.0,0.0,0.0,10.400978
1,A_recon,planning,43,-0.32203957,0.0,0.0,1.0,9.364947
1,A_recon,planning,44,-0.18214764,0.0,0.0,1.0,5.83273
1,A_recon,planning,45,-0.21469904,0.0,0.0,1.0,5.717696
1,A_recon,planning,46,-0.114958405,0.0,0.0,1.0,5.094858
1,A_recon,planning,47,-0.27333748,0.0,0.0,1.0,11.524999
1,A_recon,planning,48,-0.35855412,0.0,0.0,0.0,7.7708526
1,A_recon,planning,49,-0.23481323,0.0,0.0,1.0,9.389835
1,A_recon,planning,50,-0.3644674,0.0,0.0,1.0,4.2417035
1,A_recon,planning,51,-0.3830087,0.0,0.0,1.0,6.2058735
1,A_recon,planning,52,-0.30178294,0.0,0.0,1.0,9.27296
1,A_recon,planning,53,-0.27503812,0.0,0.0,1.0,9.004281
1,A_recon,planning,54,-0.14879411,0.0,0.0,1.0,4.1652923
1,A_recon,planning,55,-0.33056843,0.0,0.0,1.0,12.269386
1,A_recon,planning,56,-0.35628778,0.0,0.0,0.0,11.62602
1,A_recon,planning,57,-0.22109404,0.0,0.0,1.0,4.8144584
1,A_recon,planning,58,-0.050552703,0.0,0.0,1.0,1.7269512
1,A_recon,planning,59,-0.055084653,1.0,0.08888888888888889,1.0,1.4385886
1,A_recon,planning,60,-0.064909965,0.0,0.0,1.0,3.7397063
1,A_recon,planning,61,-0.10625915,0.0,0.2222222222222222,1.0,2.741526
1,A_recon,planning,62,-0.42710197,0.0,0.0,1.0,8.010106
1,A_recon,planning,63,-0.2858359,0.0,0.0,1.0,6.838713
1,A_recon,planning,64,-0.2760755,0.0,0.0,1.0,7.9645996
1,A_recon,planning,65,-0.060202,0.0,0.0,1.0,4.437205
1,A_recon,planning,66,-0.19438818,0.0,0.0,1.0,3.455179
1,A_recon,planning,67,-0.2149593,0.0,0.0,1.0,6.5587583
1,A_recon,planning,68,-0.12945926,0.0,0.0,1.0,3.1681945
1,A_recon,planning,69,-0.1957827,0.0,0.0,1.0,8.107949
1,A_recon,planning,70,-0.20836478,0.0,0.0,1.0,5.5878158
1,A_recon,planning,71,-0.269523,0.0,0.0,1.0,5.869439
1,A_recon,planning,72,-0.3832642,0.0,0.0,1.0,5.44022
1,A_recon,planning,73,-0.15392007,0.0,0.0,1.0,6.6877475
1,A_recon,planning,74,-0.39392132,0.0,0.0,1.0,5.8304214
1,A_recon,planning,75,-0.28328705,0.0,0.0,1.0,2.1366315
1,A_recon,planning,76,-0.15780857,1.0,0.2,1.0,1.2632136
1,A_recon,planning,77,-0.2677661,0.0,0.0,1.0,7.1761684
1,A_recon,planning,78,-0.15041092,0.0,0.0,1.0,4.948027
1,A_recon,planning,79,-0.3616909,0.0,0.0,1.0,12.017373
1,A_recon,planning,80,0.0021238732,0.0,0.0,1.0,3.636041
1,A_recon,planning,81,-0.23709713,0.0,0.0,1.0,4.9863315
1,A_recon,planning,82,-0.26011133,0.0,0.0,1.0,4.599083
1,A_recon,planning,83,-0.25828665,0.0,0.0,1.0,7.0326014
1,A_recon,planning,84,-0.28828382,0.0,0.0,1.0,8.925061
1,A_recon,planning,85,-0.21865828,0.0,0.0,1.0,4.906511
1,A_recon,planning,86,-0.26056883,0.0,0.0,1.0,4.448747
1,A_recon,planning,87,-0.3251043,0.0,0.0,1.0,3.775161
1,A_recon,planning,88,-0.23581485,0.0,0.0,1.0,7.9853067
1,A_recon,planning,89,-0.15525402,0.0,0.0,1.0,3.3799767
1,A_recon,planning,90,-0.2708162,0.0,0.0,0.0,8.035315
1,A_recon,planning,91,-0.016353486,1.0,0.3333333333333333,1.0,1.496654
1,A_recon,planning,92,-0.49602315,0.0,0.0,1.0,2.3441567
1,A_recon,planning,93,0.052650675,0.0,0.0,1.0,1.7196926
1,A_recon,planning,94,-0.23769031,0.0,0.0,1.0,4.873726
1,A_recon,planning,95,-0.17146105,0.0,0.0,1.0,5.6363707
1,A_recon,planning,96,-0.24628638,0.0,0.0,1.0,8.179199
1,A_recon,planning,97,-0.005231753,0.0,0.0,1.0,4.4696083
1,A_recon,planning,98,-0.28538316,0.0,0.0,1.0,7.3127184
1,A_recon,planning,99,-0.10775657,1.0,0.26666666666666666,1.0,0.88789326
1,A_recon,planning,100,-0.17535608,0.0,0.0,1.0,4.9226794
1,A_recon,planning,101,-0.18530649,0.0,0.0,1.0,7.341301
1,A_recon,planning,102,-0.14771327,0.0,0.0,1.0,4.9291415
1,A_recon,planning,103,-0.1351656,0.0,0.0,1.0,6.048748
1,A_recon,planning,104,-0.22118083,0.0,0.0,1.0,6.2644486
1,A_recon,planning,105,-0.27848196,0.0,0.0,1.0,4.37017
1,A_recon,planning,106,-0.25257584,0.0,0.0,1.0,8.437753
1,A_recon,planning,107,-0.27845424,0.0,0.0,1.0,4.005548
1,A_recon,planning,108,-0.2986773,0.0,0.0,1.0,9.162449
1,A_recon,planning,109,-0.20499627,0.0,0.0,1.0,6.8291698
1,A_recon,planning,110,-0.2685002,0.0,0.0,1.0,5.801989
1,A_recon,planning,111,-0.30929708,0.0,0.0,1.0,7.535967
1,A_recon,planning,112,-0.15743726,0.0,0.0,1.0,5.506973
1,A_recon,planning,113,0.067417935,0.0,0.0,1.0,4.4414854
1,A_recon,planning,114,-0.34438694,0.0,0.0,1.0,3.7697651
1,A_recon,planning,115,-0.07073043,0.0,0.17777777777777778,1.0,3.7461963
1,A_recon,planning,116,-0.24737328,0.0,0.0,1.0,6.482258
1,A_recon,planning,117,-0.4997172,0.0,0.0,1.0,6.9035745
1,A_recon,planning,118,0.1054154,0.0,0.2222222222222222,1.0,3.455335
1,A_recon,planning,119,-0.18204884,0.0,0.0,0.0,6.50145
1,A_recon,planning,120,-0.2746509,0.0,0.0,1.0,7.4867835
1,A_recon,planning,121,-0.24064161,0.0,0.0,1.0,3.0901086
1,A_recon,planning,122,-0.37208235,0.0,0.0,1.0,4.9144716
1,A_recon,planning,123,-0.11605915,0.0,0.0,1.0,6.0801935
1,A_recon,planning,124,-0.261491,0.0,0.0,1.0,3.113221
1,A_recon,planning,125,-0.2505392,0.0,0.0,1.0,4.6854687
1,A_recon,planning,126,-0.2908361,0.0,0.0,1.0,7.9396377
1,A_recon,planning,127,-0.23088002,0.0,0.0,1.0,4.364693
1,A_recon,planning,128,-0.22203407,0.0,0.0,1.0,7.502168
1,A_recon,planning,129,-0.23700036,0.0,0.0,1.0,5.4587107
1,A_recon,planning,130,-0.2341593,0.0,0.0,1.0,5.647345
1,A_recon,planning,131,-0.3495437,0.0,0.0,1.0,9.57849
1,A_recon,planning,132,-0.16382575,0.0,0.0,1.0,5.1162214
1,A_recon,planning,133,-0.25386798,0.0,0.0,1.0,7.04988
1,A_recon,planning,134,-0.20012337,0.0,0.0,1.0,6.388976
1,A_recon,planning,135,-0.1876126,0.0,0.0,1.0,2.8297262
1,A_recon,planning,136,-0.1831601,0.0,0.0,1.0,3.6943445
1,A_recon,planning,137,-0.24677077,0.0,0.0,1.0,4.2358975
1,A_recon,planning,138,-0.3465946,0.0,0.0,1.0,5.748156
1,A_recon,planning,139,-0.11946204,0.0,0.0,1.0,4.8782697
1,A_recon,planning,140,-0.23670469,0.0,0.0,1.0,3.4359944
1,A_recon,planning,141,-0.29514456,0.0,0.0,1.0,6.042114
1,A_recon,planning,142,-0.19484393,0.0,0.0,1.0,3.0800672
1,A_recon,planning,143,-0.20524962,0.0,0.0,1.0,4.9869976
1,A_recon,planning,144,-0.10159545,0.0,0.0,1.0,3.9808812
1,A_recon,planning,145,-0.2375383,0.0,0.0,1.0,3.8647082
1,A_recon,planning,146,-0.18238518,0.0,0.0,1.0,4.142666
1,A_recon,planning,147,-0.22377591,0.0,0.0,1.0,6.7060137
1,A_recon,planning,148,-0.2835653,0.0,0.0,1.0,4.663617
1,A_recon,planning,149,-0.17247304,0.0,0.0,1.0,4.380126
1,A_recon,planning,150,-0.30563533,0.0,0.0,1.0,4.584176
1,A_recon,planning,151,-0.2892138,0.0,0.0,1.0,6.251079
1,A_recon,planning,152,-0.088104226,0.0,0.0,1.0,2.8184342
1,A_recon,planning,153,-0.24914788,0.0,0.0,1.0,7.463226
1,A_recon,planning,154,-0.26363194,0.0,0.0,1.0,5.8690186
1,A_recon,planning,155,-0.29268733,0.0,0.0,1.0,5.990922
1,A_recon,planning,156,-0.32820863,0.0,0.0,1.0,7.203355
1,A_recon,planning,157,-0.19612835,0.0,0.0,1.0,6.6897798
1,A_recon,planning,158,-0.29737133,0.0,0.0,1.0,5.2362537
1,A_recon,planning,159,0.054866493,1.0,0.4444444444444444,1.0,1.4145463
1,A_recon,planning,160,-0.24123564,0.0,0.0,0.0,9.015719
1,A_recon,planning,161,-0.24346903,0.0,0.0,1.0,5.421851
1,A_recon,planning,162,-0.27431133,0.0,0.0,1.0,8.368645
1,A_recon,planning,163,-0.2549973,0.0,0.0,1.0,4.446779
1,A_recon,planning,164,-0.17140134,0.0,0.0,1.0,6.3551235
1,A_recon,planning,165,-0.27084413,0.0,0.0,1.0,7.2965965
1,A_recon,planning,166,-0.2160639,0.0,0.0,1.0,4.0113006
1,A_recon,planning,167,-0.4009897,0.0,0.0,1.0,6.1448693
1,A_recon,planning,168,-0.18432713,0.0,0.0,1.0,4.795185
1,A_recon,planning,169,-0.25918326,0.0,0.0,1.0,6.264261
1,A_recon,planning,170,-0.115913875,0.0,0.08888888888888889,1.0,5.4027853
1,A_recon,planning,171,-0.29934898,0.0,0.0,1.0,3.8920977
1,A_recon,planning,172,-0.018389858,0.0,0.0,1.0,3.0627763
1,A_recon,planning,173,-0.17236128,0.0,0.0,1.0,6.6465583
1,A_recon,planning,174,-0.32993874,0.0,0.0,1.0,4.5354004
1,A_recon,planning,175,-0.06411008,0.0,0.2222222222222222,1.0,2.3257635
1,A_recon,planning,176,-0.26574188,1.0,0.13333333333333333,1.0,0.77221763
1,A_recon,planning,177,-0.24737239,0.0,0.0,1.0,2.618802
1,A_recon,planning,178,-0.21933301,0.0,0.0,1.0,5.0460763
1,A_recon,planning,179,-0.12536375,0.0,0.06666666666666667,1.0,5.1512427
1,A_recon,planning,180,-0.13381994,0.0,0.15555555555555556,1.0,4.1082845
1,A_recon,planning,181,-0.23242593,0.0,0.0,1.0,5.943422
1,A_recon,planning,182,-0.19993396,0.0,0.0,1.0,5.769232
1,A_recon,planning,183,-0.27550164,0.0,0.0,1.0,5.89286
1,A_recon,planning,184,-0.22152568,0.0,0.0,1.0,4.342259
1,A_recon,planning,185,-0.25881293,0.0,0.0,1.0,7.4385185
1,A_recon,planning,186,-0.26924554,0.0,0.0,1.0,5.33489
1,A_recon,planning,187,-0.3417418,0.0,0.0,1.0,5.5312123
1,A_recon,planning,188,-0.37119606,0.0,0.0,1.0,6.5144978
1,A_recon,planning,189,-0.031908974,0.0,0.35555555555555557,1.0,1.6158103
1,A_recon,planning,190,0.06034155,0.0,0.0,1.0,3.7569814
1,A_recon,planning,191,-0.21898973,0.0,0.0,1.0,6.997211
1,A_recon,planning,192,-0.27883145,0.0,0.0,0.0,11.129185
1,A_recon,planning,193,-0.21117973,0.0,0.0,1.0,6.4804583
1,A_recon,planning,194,-0.12983193,0.0,0.0,1.0,5.8141136
1,A_recon,planning,195,-0.061538793,0.0,0.0,1.0,2.6233423
1,A_recon,planning,196,-0.13807322,0.0,0.0,1.0,5.6734095
1,A_recon,planning,197,-0.018996453,0.0,0.2,1.0,4.804742
1,A_recon,planning,198,-0.23176397,0.0,0.0,1.0,4.3901854
1,A_recon,planning,199,-0.31892768,0.0,0.0,1.0,5.0118675
1,B_task,planning,0,-0.22242816,0.0,0.0,1.0,2.2478323
1,B_task,planning,1,0.021079704,1.0,0.4666666666666667,1.0,0.8944249
1,B_task,planning,2,-0.101691395,1.0,0.15555555555555556,1.0,1.2049038
1,B_task,planning,3,-0.30691496,0.0,0.0,1.0,2.9931066
1,B_task,planning,4,-0.23537245,0.0,0.0,1.0,4.2996573
1,B_task,planning,5,-0.25686744,0.0,0.0,1.0,2.059503
1,B_task,planning,6,-0.15494698,0.0,0.0,1.0,4.305369
1,B_task,planning,7,-0.1772475,1.0,0.24444444444444444,1.0,0.93234366
1,B_task,planning,8,-0.016397946,0.0,0.2222222222222222,1.0,2.6571155
1,B_task,planning,9,-0.11406053,0.0,0.08888888888888889,1.0,8.640487
1,B_task,planning,10,-0.31305632,0.0,0.0,1.0,4.18392
1,B_task,planning,11,0.02110941,1.0,0.35555555555555557,1.0,0.53079414
1,B_task,planning,12,-0.13804647,0.0,0.06666666666666667,1.0,4.652896
1,B_task,planning,13,-0.06607879,1.0,0.08888888888888889,1.0,1.2401729
1,B_task,planning,14,-0.14054374,0.0,0.0,1.0,5.11334
1,B_task,planning,15,-0.34160864,0.0,0.0,1.0,3.5799131
1,B_task,planning,16,-0.2614283,0.0,0.0,1.0,4.912892
1,B_task,planning,17,0.082531825,1.0,0.2,1.0,1.5153505
1,B_task,planning,18,-0.1164326,0.0,0.0,1.0,2.8500488
1,B_task,planning,19,-0.29553753,0.0,0.0,1.0,2.1393187
1,B_task,planning,20,-0.1697586,1.0,0.17777777777777778,1.0,1.4386404
1,B_task,planning,21,-0.17479411,0.0,0.0,1.0,5.50605
1,B_task,planning,22,0.07590685,1.0,0.4444444444444444,1.0,0.8716232
1,B_task,planning,23,-0.02234754,0.0,0.1111111111111111,1.0,3.3795679
1,B_task,planning,24,-0.17897373,0.0,0.0,1.0,3.0149186
1,B_task,planning,25,-0.2077701,0.0,0.0,1.0,4.0629935
1,B_task,planning,26,-0.086592115,1.0,0.3333333333333333,1.0,1.1699923
1,B_task,planning,27,0.017505504,0.0,0.13333333333333333,1.0,2.6391008
1,B_task,planning,28,-0.23144896,0.0,0.0,1.0,6.4791527
1,B_task,planning,29,-0.14019062,0.0,0.0,1.0,1.9997348
1,B_task,planning,30,-0.27376437,0.0,0.0,1.0,4.2538395
1,B_task,planning,31,-0.2806072,0.0,0.0,1.0,8.971593
1,B_task,planning,32,-0.008255965,0.0,0.26666666666666666,1.0,1.8629454
1,B_task,planning,33,-0.266364,0.0,0.0,1.0,1.6682537
1,B_task,planning,34,-0.366117,0.0,0.0,1.0,4.079409
1,B_task,planning,35,-0.09979766,0.0,0.0,1.0,1.9538491
1,B_task,planning,36,-0.03356942,0.0,0.0,1.0,3.5222845
1,B_task,planning,37,-0.14939861,0.0,0.0,1.0,6.778579
1,B_task,planning,38,-0.11868225,1.0,0.24444444444444444,1.0,0.6922484
1,B_task,planning,39,-0.13738765,1.0,0.17777777777777778,1.0,0.89170367
1,B_task,planning,40,-0.23893149,1.0,0.17777777777777778,1.0,1.513148
1,B_task,planning,41,-0.23070396,0.0,0.0,1.0,4.4256616
1,B_task,planning,42,-0.1826366,0.0,0.0,1.0,2.554233
1,B_task,planning,43,-0.09612683,0.0,0.0,1.0,2.8243876
1,B_task,planning,44,0.12798776,1.0,0.4666666666666667,1.0,1.2016233
1,B_task,planning,45,-0.001123946,0.0,0.0,1.0,3.2418942
1,B_task,planning,46,0.09557054,0.0,0.26666666666666666,1.0,2.413461
1,B_task,planning,47,-0.15044819,0.0,0.0,1.0,3.97637
1,B_task,planning,48,-0.30495495,0.0,0.0,1.0,5.493072
1,B_task,planning,49,-0.1648635,0.0,0.0,1.0,5.6546082
1,B_task,planning,50,-0.34735587,0.0,0.0,1.0,4.1523848
1,B_task,planning,51,-0.30839294,0.0,0.0,1.0,3.2600307
1,B_task,planning,52,-0.22444795,0.0,0.0,1.0,5.808887
1,B_task,planning,53,-0.0325807,0.0,0.0,1.0,1.76012
1,B_task,planning,54,-0.1824868,0.0,0.0,1.0,5.741629
1,B_task,planning,55,-0.09299858,1.0,0.13333333333333333,1.0,0.82810473
1,B_task,planning,56,-0.23455368,0.0,0.0,1.0,2.5699396
1,B_task,planning,57,-0.16936338,0.0,0.0,1.0,3.1198087
1,B_task,planning,58,-0.11112569,0.0,0.0,1.0,1.9720863
1,B_task,planning,59,-0.0811864,0.0,0.0,1.0,2.5721142
1,B_task,planning,60,0.033070423,0.0,0.2,1.0,3.090648
1,B_task,planning,61,-0.21180634,0.0,0.0,1.0,2.5143137
1,B_task,planning,62,-0.20678093,1.0,0.2222222222222222,1.0,0.61637205
1,B_task,planning,63,0.0010462595,1.0,0.4222222222222222,1.0,1.0939511
1,B_task,planning,64,-0.2201129,0.0,0.0,1.0,5.3745046
1,B_task,planning,65,-0.07438284,0.0,0.0,1.0,3.9316547
1,B_task,planning,66,-0.055059005,0.0,0.0,1.0,3.085193
1,B_task,planning,67,-0.25205368,0.0,0.0,1.0,6.679642
1,B_task,planning,68,-0.15124086,0.0,0.0,1.0,2.995463
1,B_task,planning,69,-0.14955977,0.0,0.0,1.0,4.608875
1,B_task,planning,70,-0.016986726,0.0,0.0,1.0,2.9863617
1,B_task,planning,71,-0.16399245,0.0,0.0,1.0,3.36894
1,B_task,planning,72,-0.37291917,0.0,0.0,1.0,5.945709
1,B_task,planning,73,0.15286441,1.0,0.3111111111111111,1.0,1.5070707
1,B_task,planning,74,-0.27520582,0.0,0.0,1.0,1.7677759
1,B_task,planning,75,-0.29108784,0.0,0.0,1.0,3.3486288
1,B_task,planning,76,-0.18020283,0.0,0.0,1.0,3.2832465
1,B_task,planning,77,-0.23411556,0.0,0.0,1.0,5.92439
1,B_task,planning,78,-0.1517733,0.0,0.0,1.0,4.3508964
1,B_task,planning,79,-0.2768407,0.0,0.0,1.0,5.23576
1,B_task,planning,80,0.15167043,0.0,0.4,1.0,2.4229062
1,B_task,planning,81,-0.010070433,0.0,0.2,1.0,3.4757757
1,B_task,planning,82,-0.12060083,0.0,0.0,1.0,2.6308289
1,B_task,planning,83,-0.24896707,0.0,0.0,1.0,6.249504
1,B_task,planning,84,-0.2438477,0.0,0.0,1.0,7.057931
1,B_task,planning,85,-0.026149312,1.0,0.37777777777777777,1.0,1.0482798
1,B_task,planning,86,-0.09195041,0.0,0.0,1.0,2.0439126
1,B_task,planning,87,-0.22362262,1.0,0.2,1.0,0.44282818
1,B_task,planning,88,-0.23616634,0.0,0.0,1.0,6.892281
1,B_task,planning,89,-0.16074659,0.0,0.0,1.0,2.7415693
1,B_task,planning,90,-0.22901073,0.0,0.0,0.0,6.0606904
1,B_task,planning,91,-0.045277424,0.0,0.0,1.0,1.6565694
1,B_task,planning,92,-0.43346396,0.0,0.0,1.0,2.535451
1,B_task,planning,93,0.1700391,0.0,0.4222222222222222,1.0,1.6198306
1,B_task,planning,94,-0.21337834,0.0,0.0,1.0,5.82487
1,B_task,planning,95,-0.072429575,0.0,0.0,1.0,2.916994
1,B_task,planning,96,-0.17967987,0.0,0.0,1.0,4.9749703
1,B_task,planning,97,0.22785,1.0,0.6666666666666666,1.0,1.2214665
1,B_task,planning,98,-0.053331926,0.0,0.17777777777777778,1.0,2.0012686
1,B_task,planning,99,-0.24453458,0.0,0.0,1.0,4.000591
1,B_task,planning,100,-0.19675244,0.0,0.0,1.0,4.3120728
1,B_task,planning,101,-0.095552765,0.0,0.1111111111111111,1.0,4.8255663
1,B_task,planning,102,-0.18821003,0.0,0.0,1.0,3.5173035
1,B_task,planning,103,-0.009453967,0.0,0.0,1.0,2.5829146
1,B_task,planning,104,-0.23132835,0.0,0.0,1.0,3.9804032
1,B_task,planning,105,-0.1812303,0.0,0.0,1.0,2.187986
1,B_task,planning,106,-0.026228078,0.0,0.0,1.0,1.629247
1,B_task,planning,107,-0.24615218,0.0,0.0,1.0,3.4403458
1,B_task,planning,108,0.024022873,1.0,0.3333333333333333,1.0,0.5027649
1,B_task,planning,109,0.023285422,0.0,0.0,1.0,2.0379493
1,B_task,planning,110,-0.15140595,0.0,0.0,1.0,4.3851647
1,B_task,planning,111,-0.24000455,0.0,0.0,1.0,4.3395243
1,B_task,planning,112,0.06586642,1.0,0.2222222222222222,1.0,1.2246064
1,B_task,planning,113,0.105843276,0.0,0.0,1.0,2.758405
1,B_task,planning,114,-0.31211454,0.0,0.0,1.0,3.3302913
1,B_task,planning,115,-0.027199302,0.0,0.2,1.0,1.7995758
1,B_task,planning,116,-0.18057989,0.0,0.0,1.0,3.2919276
1,B_task,planning,117,-0.4301765,0.0,0.0,1.0,2.222743
1,B_task,planning,118,0.18641415,0.0,0.4222222222222222,1.0,2.6552966
1,B_task,planning,119,-0.16643268,0.0,0.0,1.0,3.5650828
1,B_task,planning,120,0.033039033,0.0,0.08888888888888889,1.0,1.9282098
1,B_task,planning,121,-0.1904752,0.0,0.0,1.0,2.649507
1,B_task,planning,122,-0.21295674,1.0,0.17777777777777778,1.0,0.60373414
1,B_task,planning,123,-0.09342759,0.0,0.0,1.0,3.2669811
1,B_task,planning,124,-0.12240979,0.0,0.15555555555555556,1.0,1.5935543
1,B_task,planning,125,-0.24904302,0.0,0.0,1.0,5.5684786
1,B_task,planning,126,-0.21137467,0.0,0.0,1.0,4.4988775
1,B_task,planning,127,-0.12150534,1.0,0.15555555555555556,1.0,0.7385729
1,B_task,planning,128,-0.11595485,0.0,0.0,1.0,4.016495
1,B_task,planning,129,-0.05911811,0.0,0.0,1.0,1.8268726
1,B_task,planning,130,-0.16285785,0.0,0.0,1.0,5.027135
1,B_task,planning,131,-0.009222431,1.0,0.37777777777777777,1.0,1.5339447
1,B_task,planning,132,0.08938412,0.0,0.26666666666666666,1.0,1.6763245
1,B_task,planning,133,0.09966461,1.0,0.5333333333333333,1.0,1.4214289
1,B_task,planning,134,-0.1541891,0.0,0.0,1.0,2.0159042
1,B_task,planning,135,-0.14017016,0.0,0.0,1.0,2.2491863
1,B_task,planning,136,0.017843056,1.0,0.37777777777777777,1.0,0.53020203
1,B_task,planning,137,-0.21127838,0.0,0.0,1.0,3.805489
1,B_task,planning,138,-0.28245005,0.0,0.0,1.0,3.5977407
1,B_task,planning,139,0.014587402,0.0,0.0,1.0,2.4444592
1,B_task,planning,140,-0.051506452,0.0,0.3333333333333333,1.0,1.8641369
1,B_task,planning,141,-0.2464324,0.0,0.0,1.0,3.8835182
1,B_task,planning,142,-0.23751676,0.0,0.0,1.0,4.7573147
1,B_task,planning,143,-0.05078077,1.0,0.022222222222222223,1.0,1.5224833
1,B_task,planning,144,0.13085999,0.0,0.3333333333333333,1.0,2.126478
1,B_task,planning,145,-0.24398632,0.0,0.0,1.0,5.2492194
1,B_task,planning,146,-0.13560657,0.0,0.0,1.0,2.741822
1,B_task,planning,147,-0.14865547,0.0,0.0,1.0,4.1292186
1,B_task,planning,148,-0.23090959,0.0,0.0,1.0,2.5845964
1,B_task,planning,149,-0.04621551,0.0,0.0,1.0,2.5108976
1,B_task,planning,150,-0.042566434,1.0,0.4,1.0,0.80316406
1,B_task,planning,151,-0.17992884,0.0,0.0,1.0,3.5257678
1,B_task,planning,152,0.014972932,0.0,0.17777777777777778,1.0,2.6496618
1,B_task,planning,153,-0.053139072,0.0,0.0,1.0,2.311744
1,B_task,planning,154,-0.026182072,1.0,0.37777777777777777,1.0,1.2719988
1,B_task,planning,155,-0.24315202,0.0,0.0,1.0,2.9781303
1,B_task,planning,156,-0.011978033,1.0,0.35555555555555557,1.0,0.4378671
1,B_task,planning,157,-0.16355667,0.0,0.0,1.0,4.085241
1,B_task,planning,158,-0.15981537,0.0,0.0,1.0,2.5039396
1,B_task,planning,159,0.11134797,1.0,0.5777777777777777,1.0,1.5318879
1,B_task,planning,160,-0.14107023,0.0,0.0,1.0,2.6575701
1,B_task,planning,161,-0.085313626,0.0,0.0,1.0,2.1466026
1,B_task,planning,162,-0.21579689,0.0,0.0,1.0,4.2591844
1,B_task,planning,163,-0.15280537,0.0,0.0,1.0,1.8913558
1,B_task,planning,164,0.24115689,1.0,0.6222222222222222,1.0,0.5433977
1,B_task,planning,165,-0.20953374,0.0,0.0,1.0,4.4122186
1,B_task,planning,166,-0.22322267,0.0,0.0,1.0,4.879101
1,B_task,planning,167,-0.35955477,0.0,0.0,1.0,3.8351314
1,B_task,planning,168,-0.1207419,0.0,0.0,1.0,2.6822429
1,B_task,planning,169,0.10247382,1.0,0.4,1.0,0.5350487
1,B_task,planning,170,-0.05110072,0.0,0.1111111111111111,1.0,3.220184
1,B_task,planning,171,-0.18882555,0.0,0.0,1.0,2.1642606
1,B_task,planning,172,-0.12220199,0.0,0.0,1.0,4.900647
1,B_task,planning,173,-0.09756581,0.0,0.0,1.0,2.6554132
1,B_task,planning,174,-0.16826364,0.0,0.13333333333333333,1.0,2.0693672
1,B_task,planning,175,-0.17940655,0.0,0.0,1.0,4.330566
1,B_task,planning,176,-0.24708843,0.0,0.0,1.0,2.1895657
1,B_task,planning,177,-0.16964468,0.0,0.0,1.0,2.3277805
1,B_task,planning,178,-0.0320675,1.0,0.3333333333333333,1.0,0.7262502
1,B_task,planning,179,-0.06428286,0.0,0.1111111111111111,1.0,3.3956692
1,B_task,planning,180,-0.084794484,0.0,0.17777777777777778,1.0,1.7817608
1,B_task,planning,181,-0.16320881,0.0,0.0,1.0,2.8042061
1,B_task,planning,182,-0.25508183,0.0,0.0,1.0,5.5808
1,B_task,planning,183,-0.26297897,0.0,0.0,1.0,3.9575627
1,B_task,planning,184,-0.119354375,0.0,0.0,1.0,3.3226519
1,B_task,planning,185,-0.1624737,0.0,0.0,1.0,2.9314754
1,B_task,planning,186,-0.2308185,0.0,0.0,1.0,4.207779
1,B_task,planning,187,-0.23845091,0.0,0.0,1.0,4.0592933
1,B_task,planning,188,-0.2821277,0.0,0.0,1.0,3.961299
1,B_task,planning,189,-0.16608788,0.0,0.0,1.0,4.029434
1,B_task,planning,190,-0.03337171,0.0,0.0,1.0,3.196685
1,B_task,planning,191,0.035187855,0.0,0.0,1.0,2.6541038
1,B_task,planning,192,-0.05142739,0.0,0.0,1.0,2.0616913
1,B_task,planning,193,0.111869104,0.0,0.4888888888888889,1.0,1.7821772
1,B_task,planning,194,-0.14385599,0.0,0.0,1.0,6.9345503
1,B_task,planning,195,-0.09311574,0.0,0.0,1.0,3.2512558
1,B_task,planning,196,0.1248423,1.0,0.4888888888888889,1.0,1.0501446
1,B_task,planning,197,0.080854826,0.0,0.3333333333333333,1.0,2.4094777
1,B_task,planning,198,-0.08656953,0.0,0.0,1.0,2.068581
1,B_task,planning,199,-0.27721813,0.0,0.0,1.0,4.1460934
1,C_scene,planning,0,-0.14019209,0.0,0.2,1.0,2.0042167
1,C_scene,planning,1,-0.05491813,0.0,0.15555555555555556,1.0,2.8042223
1,C_scene,planning,2,-0.03839576,1.0,0.35555555555555557,1.0,0.94046885
1,C_scene,planning,3,-0.35454652,0.0,0.0,1.0,4.20837
1,C_scene,planning,4,-0.11556493,0.0,0.0,1.0,1.8979366
1,C_scene,planning,5,-0.34687844,0.0,0.0,1.0,3.6288822
1,C_scene,planning,6,-0.13010024,0.0,0.0,1.0,3.7881477
1,C_scene,planning,7,-0.2681238,0.0,0.0,1.0,2.56751
1,C_scene,planning,8,-0.18422413,0.0,0.0,1.0,4.316865
1,C_scene,planning,9,0.009421403,0.0,0.15555555555555556,1.0,2.7815835
1,C_scene,planning,10,-0.14293657,1.0,0.2,1.0,1.0763563
1,C_scene,planning,11,-0.12557031,0.0,0.0,1.0,2.2299979
1,C_scene,planning,12,0.035788383,1.0,0.4222222222222222,1.0,0.89245653
1,C_scene,planning,13,-0.0034576824,0.0,0.08888888888888889,1.0,2.9053638
1,C_scene,planning,14,0.22547218,0.0,0.6222222222222222,1.0,1.6727285
1,C_scene,planning,15,-0.36589232,0.0,0.0,1.0,5.310623
1,C_scene,planning,16,-0.24890181,0.0,0.0,1.0,4.7829266
1,C_scene,planning,17,-0.021066513,0.0,0.06666666666666667,1.0,2.6728215
1,C_scene,planning,18,-0.13762711,0.0,0.0,1.0,4.362852
1,C_scene,planning,19,-0.40593717,0.0,0.0,1.0,6.942359
1,C_scene,planning,20,-0.2349698,0.0,0.0,1.0,2.6957345
1,C_scene,planning,21,0.070105344,1.0,0.35555555555555557,1.0,1.0527116
1,C_scene,planning,22,0.049149916,1.0,0.4666666666666667,1.0,1.5261381
1,C_scene,planning,23,-0.089209735,0.0,0.0,1.0,6.0857306
1,C_scene,planning,24,-0.02563725,0.0,0.24444444444444444,1.0,1.6047722
1,C_scene,planning,25,-0.12784879,0.0,0.0,1.0,2.597202
1,C_scene,planning,26,-0.045466296,1.0,0.35555555555555557,1.0,0.45787987
1,C_scene,planning,27,-0.051117156,0.0,0.13333333333333333,1.0,3.6557424
1,C_scene,planning,28,-0.20684946,0.0,0.06666666666666667,1.0,5.895348
1,C_scene,planning,29,-0.016328203,1.0,0.4444444444444444,1.0,0.51282674
1,C_scene,planning,30,-0.13645318,1.0,0.2,1.0,1.5404814
1,C_scene,planning,31,-0.2148262,0.0,0.0,1.0,4.4464417
1,C_scene,planning,32,-0.09233976,0.0,0.0,1.0,2.395567
1,C_scene,planning,33,-0.24525365,0.0,0.1111111111111111,1.0,1.7206222
1,C_scene,planning,34,-0.3559019,0.0,0.0,1.0,2.678722
1,C_scene,planning,35,-0.06823726,1.0,0.24444444444444444,1.0,0.7250975
1,C_scene,planning,36,-0.020716332,0.0,0.0,1.0,4.801724
1,C_scene,planning,37,-0.014484933,0.0,0.0,1.0,1.6272492
1,C_scene,planning,38,-0.055283606,1.0,0.3333333333333333,1.0,0.37153745
1,C_scene,planning,39,-0.1248394,0.0,0.1111111111111111,1.0,2.420413
1,C_scene,planning,40,-0.2675097,1.0,0.08888888888888889,1.0,1.1203014
1,C_scene,planning,41,-0.027480746,1.0,0.17777777777777778,1.0,1.2531998
1,C_scene,planning,42,-0.17314942,0.0,0.0,1.0,3.2156403
1,C_scene,planning,43,-0.22551256,0.0,0.0,1.0,5.2117267
1,C_scene,planning,44,0.15540108,1.0,0.5111111111111111,1.0,1.5371927
1,C_scene,planning,45,0.16607079,0.0,0.5777777777777777,1.0,1.551864
1,C_scene,planning,46,-0.068978615,0.0,0.1111111111111111,1.0,4.678035
1,C_scene,planning,47,0.09337131,1.0,0.3333333333333333,1.0,0.8057222
1,C_scene,planning,48,-0.27029085,0.0,0.0,1.0,5.921139
1,C_scene,planning,49,-0.17285635,0.0,0.0,1.0,6.8923807
1,C_scene,planning,50,-0.24293369,0.0,0.06666666666666667,1.0,2.4739203
1,C_scene,planning,51,-0.2377322,0.0,0.0,1.0,2.1313636
1,C_scene,planning,52,-0.13100472,0.0,0.0,1.0,2.793998
1,C_scene,planning,53,0.10797712,1.0,0.4666666666666667,1.0,0.1899464
1,C_scene,planning,54,-0.1931443,0.0,0.0,1.0,3.9420242
1,C_scene,planning,55,-0.1651107,0.0,0.0,1.0,2.883932
1,C_scene,planning,56,-0.13146457,0.0,0.0,1.0,1.8281617
1,C_scene,planning,57,-0.19935682,0.0,0.0,1.0,4.6331325
1,C_scene,planning,58,-0.054022234,0.0,0.022222222222222223,1.0,2.6179595
1,C_scene,planning,59,-0.017046917,0.0,0.15555555555555556,1.0,2.4322772
1,C_scene,planning,60,0.013301094,0.0,0.13333333333333333,1.0,2.561893
1,C_scene,planning,61,-0.014469833,1.0,0.37777777777777777,1.0,0.31915888
1,C_scene,planning,62,-0.25005248,1.0,0.1111111111111111,1.0,1.3588362
1,C_scene,planning,63,-0.17778365,0.0,0.0,1.0,2.381012
1,C_scene,planning,64,-0.17638025,0.0,0.0,1.0,4.0534725
1,C_scene,planning,65,0.0012577272,0.0,0.0,1.0,3.390231
1,C_scene,planning,66,0.045768265,1.0,0.3333333333333333,1.0,1.1768936
1,C_scene,planning,67,0.13119401,1.0,0.4888888888888889,1.0,1.0794983
1,C_scene,planning,68,-0.04748253,0.0,0.0,1.0,2.37793
1,C_scene,planning,69,-0.11684028,0.0,0.0,1.0,3.0518672
1,C_scene,planning,70,0.120407656,1.0,0.4888888888888889,1.0,0.99869615
1,C_scene,planning,71,-0.09263227,1.0,0.08888888888888889,1.0,1.1952245
1,C_scene,planning,72,-0.30356055,0.0,0.0,1.0,2.6861145
1,C_scene,planning,73,0.11373576,0.0,0.0,1.0,2.1105292
1,C_scene,planning,74,-0.25796393,1.0,0.1111111111111111,1.0,1.086313
1,C_scene,planning,75,-0.2501137,0.0,0.0,1.0,2.4168665
1,C_scene,planning,76,-0.15858522,0.0,0.13333333333333333,1.0,3.6287534
1,C_scene,planning,77,-0.226352,0.0,0.0,1.0,5.242309
1,C_scene,planning,78,0.01710875,0.0,0.0,1.0,2.5029016
1,C_scene,planning,79,-0.21656649,0.0,0.0,1.0,4.5475674
1,C_scene,planning,80,0.16111133,0.0,0.3111111111111111,1.0,2.0634706
1,C_scene,planning,81,-0.07928994,0.0,0.13333333333333333,1.0,4.016294
1,C_scene,planning,82,-0.018058885,0.0,0.28888888888888886,1.0,2.0289977
1,C_scene,planning,83,-0.23772241,0.0,0.0,1.0,6.4388714
1,C_scene,planning,84,-0.10193396,0.0,0.0,1.0,1.8310707
1,C_scene,planning,85,-0.12971047,0.0,0.0,1.0,2.641627
1,C_scene,planning,86,-0.0949259,0.0,0.0,1.0,2.4804475
1,C_scene,planning,87,-0.21551897,1.0,0.2222222222222222,1.0,0.8587589
1,C_scene,planning,88,0.066179745,1.0,0.3333333333333333,1.0,0.9630233
1,C_scene,planning,89,-0.19528031,0.0,0.0,1.0,3.900522
1,C_scene,planning,90,-0.020517223,0.0,0.1111111111111111,1.0,2.351547
1,C_scene,planning,91,0.0011995232,0.0,0.3333333333333333,1.0,1.8911878
1,C_scene,planning,92,-0.39269254,0.0,0.1111111111111111,1.0,1.9021205
1,C_scene,planning,93,0.17211829,1.0,0.4222222222222222,1.0,0.92563546
1,C_scene,planning,94,-0.0031633212,0.0,0.15555555555555556,1.0,1.8540295
1,C_scene,planning,95,-0.014239295,0.0,0.0,1.0,2.1257443
1,C_scene,planning,96,-0.12330381,0.0,0.0,1.0,2.0797954
1,C_scene,planning,97,0.16518638,0.0,0.4444444444444444,1.0,2.5944912
1,C_scene,planning,98,-0.024888266,0.0,0.24444444444444444,1.0,2.8043067
1,C_scene,planning,99,-0.06811465,1.0,0.3333333333333333,1.0,0.8622157
1,C_scene,planning,100,-0.19445042,0.0,0.0,1.0,4.336992
1,C_scene,planning,101,-0.17365186,0.0,0.0,1.0,7.165744
1,C_scene,planning,102,-0.19312109,0.0,0.0,1.0,4.570916
1,C_scene,planning,103,0.20152633,1.0,0.5777777777777777,1.0,1.2480898
1,C_scene,planning,104,-0.14704677,0.0,0.0,1.0,2.6954887
1,C_scene,planning,105,-0.12921637,1.0,0.24444444444444444,1.0,0.7612709
1,C_scene,planning,106,-0.021674534,0.0,0.0,1.0,2.10331
1,C_scene,planning,107,-0.19320863,0.0,0.0,1.0,3.185904
1,C_scene,planning,108,-0.07998438,0.0,0.0,1.0,2.3698173
1,C_scene,planning,109,0.07918676,1.0,0.15555555555555556,1.0,1.499633
1,C_scene,planning,110,-0.11550521,0.0,0.1111111111111111,1.0,4.6166644
1,C_scene,planning,111,-0.261244,0.0,0.0,1.0,8.159011
1,C_scene,planning,112,-0.028426541,0.0,0.044444444444444446,1.0,2.866094
1,C_scene,planning,113,0.3157577,1.0,0.8,1.0,1.3545501
1,C_scene,planning,114,-0.23811811,0.0,0.0,1.0,2.3352695
1,C_scene,planning,115,0.051127996,1.0,0.4444444444444444,1.0,1.486956
1,C_scene,planning,116,-0.15964426,0.0,0.0,1.0,3.4048557
1,C_scene,planning,117,-0.39356282,0.0,0.0,1.0,1.8817563
1,C_scene,planning,118,0.13755894,1.0,0.06666666666666667,1.0,1.4269125
1,C_scene,planning,119,-0.17380051,0.0,0.0,1.0,2.920804
1,C_scene,planning,120,-0.14861494,0.0,0.0,1.0,3.692099
1,C_scene,planning,121,-0.057832845,1.0,0.28888888888888886,1.0,0.49420846
1,C_scene,planning,122,-0.24275142,0.0,0.0,1.0,1.7914642
1,C_scene,planning,123,-0.11855828,0.0,0.0,1.0,4.038214
1,C_scene,planning,124,-0.06048785,1.0,0.3333333333333333,1.0,1.2620803
1,C_scene,planning,125,-0.20579626,0.0,0.0,1.0,2.6201568
1,C_scene,planning,126,-0.17135626,0.0,0.0,1.0,3.1165702
1,C_scene,planning,127,-0.032900862,1.0,0.35555555555555557,1.0,0.59038496
1,C_scene,planning,128,-0.1594917,0.0,0.0,1.0,6.1441646
1,C_scene,planning,129,-0.07065827,0.0,0.0,1.0,2.0322485
1,C_scene,planning,130,0.078072116,1.0,0.4666666666666667,1.0,1.4686214
1,C_scene,planning,131,-0.03678297,0.0,0.17777777777777778,1.0,2.2902348
1,C_scene,planning,132,-0.08728527,0.0,0.0,1.0,4.3092
1,C_scene,planning,133,-0.1363907,0.0,0.0,1.0,3.7409527
1,C_scene,planning,134,-0.13928494,0.0,0.0,1.0,3.9471235
1,C_scene,planning,135,-0.09601876,0.0,0.17777777777777778,1.0,1.7965304
1,C_scene,planning,136,-0.10781669,0.0,0.0,1.0,2.6390333
1,C_scene,planning,137,-0.08829368,0.0,0.0,1.0,2.4388597
1,C_scene,planning,138,-0.22049195,0.0,0.0,1.0,3.7742856
1,C_scene,planning,139,0.053685676,1.0,0.24444444444444444,1.0,0.9489669
1,C_scene,planning,140,-0.010845624,1.0,0.4888888888888889,1.0,0.7880006
1,C_scene,planning,141,-0.17893867,0.0,0.0,1.0,2.1116943
1,C_scene,planning,142,-0.08323688,0.0,0.2,1.0,2.0402074
1,C_scene,planning,143,-0.06879422,0.0,0.0,1.0,1.7874916
1,C_scene,planning,144,-0.019919526,0.0,0.0,1.0,3.1861763
1,C_scene,planning,145,-0.25919986,0.0,0.0,1.0,4.914221
1,C_scene,planning,146,0.0654069,0.0,0.4222222222222222,1.0,1.7158306
1,C_scene,planning,147,0.020785244,0.0,0.0,1.0,1.5992081
1,C_scene,planning,148,-0.23279713,0.0,0.0,1.0,3.3662782
1,C_scene,planning,149,-0.060879365,1.0,0.022222222222222223,1.0,1.4744233
1,C_scene,planning,150,-0.09412959,0.0,0.2,1.0,2.2901843
1,C_scene,planning,151,-0.16024604,0.0,0.0,1.0,3.3632846
1,C_scene,planning,152,-0.11356116,0.0,0.0,1.0,3.9876118
1,C_scene,planning,153,-0.19884983,0.0,0.0,1.0,3.4233136
1,C_scene,planning,154,-0.02906273,1.0,0.3111111111111111,1.0,0.28320146
1,C_scene,planning,155,-0.24252576,0.0,0.0,1.0,3.0636506
1,C_scene,planning,156,-0.19523023,0.0,0.0,1.0,3.2199743
1,C_scene,planning,157,-0.21730866,0.0,0.0,1.0,7.150683
1,C_scene,planning,158,-0.10917081,1.0,0.2222222222222222,1.0,1.2192413
1,C_scene,planning,159,0.1530818,0.0,0.5555555555555556,1.0,1.6754835
1,C_scene,planning,160,-0.1729741,0.0,0.0,1.0,4.087734
1,C_scene,planning,161,-0.08378763,0.0,0.06666666666666667,1.0,2.9501622
1,C_scene,planning,162,-0.15637983,0.0,0.0,1.0,3.576888
1,C_scene,planning,163,0.008514518,1.0,0.4,1.0,0.9888559
1,C_scene,planning,164,0.12232131,1.0,0.3333333333333333,1.0,1.1078738
1,C_scene,planning,165,-0.22770941,0.0,0.0,1.0,4.2246556
1,C_scene,planning,166,-0.13053861,0.0,0.0,1.0,1.8900819
1,C_scene,planning,167,-0.4040334,0.0,0.0,1.0,7.0157676
1,C_scene,planning,168,-0.12968908,0.0,0.0,1.0,4.412072
1,C_scene,planning,169,-0.01656812,1.0,0.2,1.0,1.0178121
1,C_scene,planning,170,-0.027312808,0.0,0.08888888888888889,1.0,2.8454392
1,C_scene,planning,171,-0.12245313,0.0,0.13333333333333333,1.0,2.148295
1,C_scene,planning,172,0.028645892,0.0,0.15555555555555556,1.0,3.3717468
1,C_scene,planning,173,-0.023440512,0.0,0.0,1.0,3.0542176
1,C_scene,planning,174,-0.21482779,0.0,0.044444444444444446,1.0,2.9265394
1,C_scene,planning,175,-0.10394801,0.0,0.0,1.0,2.7635112
1,C_scene,planning,176,-0.17556329,0.0,0.2,1.0,1.8780909
1,C_scene,planning,177,-0.20769039,0.0,0.08888888888888889,1.0,3.7353668
1,C_scene,planning,178,-0.009075351,1.0,0.4,1.0,0.9636399
1,C_scene,planning,179,-0.07491656,0.0,0.1111111111111111,1.0,3.769279
1,C_scene,planning,180,-0.11873646,0.0,0.06666666666666667,1.0,2.1064897
1,C_scene,planning,181,-0.018050142,0.0,0.2222222222222222,1.0,3.7972326
1,C_scene,planning,182,-0.25465694,0.0,0.0,1.0,5.932225
1,C_scene,planning,183,-0.12937899,0.0,0.0,1.0,1.8378004
1,C_scene,planning,184,-0.046715774,0.0,0.0,1.0,2.5431316
1,C_scene,planning,185,0.0520914,0.0,0.37777777777777777,1.0,1.8149163
1,C_scene,planning,186,-0.098435976,0.0,0.17777777777777778,1.0,2.2680402
1,C_scene,planning,187,-0.06360071,1.0,0.26666666666666666,1.0,1.0283741
1,C_scene,planning,188,-0.34371182,0.0,0.0,1.0,8.168813
1,C_scene,planning,189,0.028251322,1.0,0.5111111111111111,1.0,1.2617197
1,C_scene,planning,190,0.26340672,1.0,0.7111111111111111,1.0,1.02745
1,C_scene,planning,191,-0.165106,0.0,0.0,1.0,5.3848166
1,C_scene,planning,192,-0.19340333,0.0,0.0,1.0,8.37826
1,C_scene,planning,193,-0.117673025,0.0,0.0,1.0,2.8840313
1,C_scene,planning,194,-0.041504182,0.0,0.0,1.0,2.3681047
1,C_scene,planning,195,-0.1906661,0.0,0.0,1.0,7.23502
1,C_scene,planning,196,-0.07150683,0.0,0.0,1.0,3.7061527
1,C_scene,planning,197,0.04139019,1.0,0.2,1.0,0.6530583
1,C_scene,planning,198,-0.06292575,0.0,0.0,1.0,3.6755974
1,C_scene,planning,199,-0.15940332,1.0,0.1111111111111111,1.0,1.255442
1,D_latent,planning,0,-0.19029234,0.0,0.0,1.0,2.5886896
1,D_latent,planning,1,0.06624991,1.0,0.4888888888888889,1.0,0.66309077
1,D_latent,planning,2,-0.11206441,1.0,0.044444444444444446,1.0,1.442046
1,D_latent,planning,3,-0.20242704,0.0,0.2,1.0,1.8343141
1,D_latent,planning,4,-0.039966874,0.0,0.2,1.0,2.7338214
1,D_latent,planning,5,-0.1897608,0.0,0.17777777777777778,1.0,2.1513135
1,D_latent,planning,6,-0.04561167,0.0,0.0,1.0,1.5601708
1,D_latent,planning,7,-0.184466,0.0,0.13333333333333333,1.0,1.7045206
1,D_latent,planning,8,-0.06506092,0.0,0.06666666666666667,1.0,2.4992402
1,D_latent,planning,9,0.15016223,1.0,0.3333333333333333,1.0,1.2284708
1,D_latent,planning,10,-0.12705019,0.0,0.1111111111111111,1.0,2.3552563
1,D_latent,planning,11,-0.19067243,0.0,0.0,1.0,4.671555
1,D_latent,planning,12,-0.16021784,0.0,0.0,1.0,4.8471875
1,D_latent,planning,13,0.045496292,0.0,0.2,1.0,2.5345373
1,D_latent,planning,14,-0.11467247,0.0,0.0,1.0,4.1773086
1,D_latent,planning,15,-0.21669729,0.0,0.15555555555555556,1.0,2.4455163
1,D_latent,planning,16,-0.13488668,1.0,0.13333333333333333,1.0,1.3281876
1,D_latent,planning,17,0.026745452,0.0,0.1111111111111111,1.0,3.023216
1,D_latent,planning,18,0.059341636,0.0,0.3333333333333333,1.0,2.3706982
1,D_latent,planning,19,-0.18945447,0.0,0.17777777777777778,1.0,1.8966041
1,D_latent,planning,20,-0.14325878,1.0,0.2222222222222222,1.0,0.85785496
1,D_latent,planning,21,0.20539476,1.0,0.6,1.0,0.9019201
1,D_latent,planning,22,0.13033073,1.0,0.5777777777777777,1.0,1.1191217
1,D_latent,planning,23,-0.06353055,0.0,0.0,1.0,2.7460632
1,D_latent,planning,24,0.073582485,1.0,0.4888888888888889,1.0,0.17394613
1,D_latent,planning,25,-0.14215395,0.0,0.0,1.0,1.8327653
1,D_latent,planning,26,-0.16248873,0.0,0.13333333333333333,1.0,4.450244
1,D_latent,planning,27,-0.056433816,0.0,0.15555555555555556,1.0,6.700518
1,D_latent,planning,28,-0.19615601,0.0,0.08888888888888889,1.0,4.7460227
1,D_latent,planning,29,-0.11977048,1.0,0.2222222222222222,1.0,1.1088955
1,D_latent,planning,30,-0.09815718,1.0,0.26666666666666666,1.0,0.9742833
1,D_latent,planning,31,-0.24277703,0.0,0.0,1.0,7.9603953
1,D_latent,planning,32,-0.021322193,0.0,0.28888888888888886,1.0,2.203559
1,D_latent,planning,33,-0.20098141,1.0,0.26666666666666666,1.0,1.3176116
1,D_latent,planning,34,-0.22207135,1.0,0.26666666666666666,1.0,0.68062747
1,D_latent,planning,35,-0.0100591155,0.0,0.28888888888888886,1.0,2.0115182
1,D_latent,planning,36,0.17536023,1.0,0.4,1.0,0.31857863
1,D_latent,planning,37,-0.088272505,0.0,0.0,1.0,2.183744
1,D_latent,planning,38,-0.121579066,0.0,0.17777777777777778,1.0,2.0198877
1,D_latent,planning,39,-0.17503464,0.0,0.08888888888888889,1.0,4.4913974
1,D_latent,planning,40,-0.31265035,0.0,0.0,1.0,1.9524571
1,D_latent,planning,41,-0.16866866,0.0,0.0,1.0,5.3336606
1,D_latent,planning,42,-0.055792887,0.0,0.0,1.0,2.2643917
1,D_latent,planning,43,-0.008522692,0.0,0.022222222222222223,1.0,1.5740889
1,D_latent,planning,44,0.16495337,1.0,0.5333333333333333,1.0,1.5416363
1,D_latent,planning,45,0.18717434,1.0,0.6222222222222222,1.0,0.49175507
1,D_latent,planning,46,-0.110551804,0.0,0.06666666666666667,1.0,6.45889
1,D_latent,planning,47,0.13369693,0.0,0.3333333333333333,1.0,2.0458674
1,D_latent,planning,48,-0.19248246,0.0,0.0,1.0,2.261934
1,D_latent,planning,49,-0.16894063,0.0,0.0,1.0,5.7751017
1,D_latent,planning,50,-0.19311115,1.0,0.26666666666666666,1.0,1.4429097
1,D_latent,planning,51,-0.28110373,0.0,0.0,1.0,3.7813761
1,D_latent,planning,52,0.00084138976,1.0,0.2222222222222222,1.0,0.74763346
1,D_latent,planning,53,0.0007524429,0.0,0.2,1.0,2.8318624
1,D_latent,planning,54,0.045237098,1.0,0.17777777777777778,1.0,0.7557638
1,D_latent,planning,55,0.019996267,1.0,0.15555555555555556,1.0,1.3504033
1,D_latent,planning,56,-0.113789424,0.0,0.0,1.0,2.3746912
1,D_latent,planning,57,0.0100689875,1.0,0.1111111111111111,1.0,1.4022573
1,D_latent,planning,58,-0.063145965,0.0,0.1111111111111111,1.0,3.698737
1,D_latent,planning,59,0.0100038145,0.0,0.2222222222222222,1.0,2.6578443
1,D_latent,planning,60,0.14870393,1.0,0.37777777777777777,1.0,1.0818386
1,D_latent,planning,61,-0.14168686,0.0,0.0,1.0,2.4285607
1,D_latent,planning,62,-0.23742746,0.0,0.1111111111111111,1.0,3.5370739
1,D_latent,planning,63,-0.0077973492,0.0,0.2222222222222222,1.0,1.8094596
1,D_latent,planning,64,-0.15618673,0.0,0.1111111111111111,1.0,7.4887557
1,D_latent,planning,65,0.06726051,0.0,0.0,1.0,1.5649964
1,D_latent,planning,66,-0.108410515,0.0,0.0,1.0,6.33328
1,D_latent,planning,67,-0.034608472,1.0,0.2,1.0,0.8902292
1,D_latent,planning,68,0.037313964,0.0,0.0,1.0,2.623996
1,D_latent,planning,69,-0.06040505,1.0,0.044444444444444446,1.0,1.3858643
1,D_latent,planning,70,0.1040432,0.0,0.37777777777777777,1.0,1.8187728
1,D_latent,planning,71,-0.049508687,1.0,0.17777777777777778,1.0,1.1855657
1,D_latent,planning,72,-0.36320156,0.0,0.0,1.0,5.939136
1,D_latent,planning,73,0.18410692,1.0,0.5333333333333333,1.0,1.3693259
1,D_latent,planning,74,-0.18621545,1.0,0.26666666666666666,1.0,0.93524927
1,D_latent,planning,75,-0.18792169,1.0,0.08888888888888889,1.0,1.420355
1,D_latent,planning,76,-0.21197148,0.0,0.0,1.0,2.1049283
1,D_latent,planning,77,-0.116260804,0.0,0.0,1.0,2.1739898
1,D_latent,planning,78,0.18451256,1.0,0.5333333333333333,1.0,0.9790487
1,D_latent,planning,79,-0.2152202,0.0,0.0,1.0,4.600557
1,D_latent,planning,80,0.16233133,1.0,0.6222222222222222,1.0,1.5109162
1,D_latent,planning,81,-0.099801645,0.0,0.1111111111111111,1.0,4.6397247
1,D_latent,planning,82,-0.1296686,0.0,0.0,1.0,3.0442033
1,D_latent,planning,83,-0.11720958,0.0,0.0,1.0,2.636758
1,D_latent,planning,84,-0.015480516,0.0,0.0,1.0,1.9383818
1,D_latent,planning,85,-0.09055366,0.0,0.0,1.0,1.5964873
1,D_latent,planning,86,-0.19929405,0.0,0.0,1.0,3.1993442
1,D_latent,planning,87,-0.23548453,0.0,0.022222222222222223,1.0,2.1930096
1,D_latent,planning,88,-0.05195988,0.0,0.0,1.0,2.475151
1,D_latent,planning,89,-0.0054151122,0.0,0.0,1.0,2.2040718
1,D_latent,planning,90,-0.103714384,0.0,0.0,1.0,2.4850807
1,D_latent,planning,91,-0.032748435,0.0,0.17777777777777778,1.0,2.8940597
1,D_latent,planning,92,-0.41867143,0.0,0.06666666666666667,1.0,3.2308774
1,D_latent,planning,93,0.22745423,1.0,0.6666666666666666,1.0,0.7085096
1,D_latent,planning,94,0.0205157,0.0,0.2222222222222222,1.0,2.5102153
1,D_latent,planning,95,0.13851812,0.0,0.26666666666666666,1.0,2.068379
1,D_latent,planning,96,-0.074135184,1.0,0.06666666666666667,1.0,1.1538539
1,D_latent,planning,97,0.038536042,1.0,0.17777777777777778,1.0,1.4365871
1,D_latent,planning,98,0.070530504,1.0,0.4666666666666667,1.0,0.25498897
1,D_latent,planning,99,-0.1356296,0.0,0.1111111111111111,1.0,2.0494456
1,D_latent,planning,100,0.235571,1.0,0.6,1.0,0.5145468
1,D_latent,planning,101,-0.06826544,0.0,0.06666666666666667,1.0,3.1146183
1,D_latent,planning,102,-0.14946084,0.0,0.0,1.0,2.6314023
1,D_latent,planning,103,0.21550691,1.0,0.6444444444444445,1.0,1.1200032
1,D_latent,planning,104,-0.026779057,0.0,0.1111111111111111,1.0,3.5311034
1,D_latent,planning,105,-0.13970159,0.0,0.0,1.0,1.9321706
1,D_latent,planning,106,0.08573563,0.0,0.2,1.0,1.8672968
1,D_latent,planning,107,-0.090587094,0.0,0.06666666666666667,1.0,1.6565908
1,D_latent,planning,108,0.10422634,1.0,0.4888888888888889,1.0,0.48943818
1,D_latent,planning,109,-0.02154972,0.0,0.08888888888888889,1.0,2.0611987
1,D_latent,planning,110,-0.037129957,0.0,0.15555555555555556,1.0,2.141662
1,D_latent,planning,111,-0.066669956,0.0,0.0,1.0,2.0858996
1,D_latent,planning,112,0.020806527,0.0,0.08888888888888889,1.0,1.9235591
1,D_latent,planning,113,0.35568783,1.0,0.8666666666666667,1.0,0.6564211
1,D_latent,planning,114,-0.13832754,1.0,0.26666666666666666,1.0,0.22223857
1,D_latent,planning,115,-0.039633036,1.0,0.06666666666666667,1.0,1.466002
1,D_latent,planning,116,-0.0052130655,0.0,0.0,1.0,2.4511318
1,D_latent,planning,117,-0.3697843,1.0,0.044444444444444446,1.0,1.4842795
1,D_latent,planning,118,0.100760564,0.0,0.17777777777777778,1.0,2.6466067
1,D_latent,planning,119,0.003627638,0.0,0.15555555555555556,1.0,2.0343301
1,D_latent,planning,120,0.0554146,1.0,0.3333333333333333,1.0,0.5814612
1,D_latent,planning,121,-0.053829435,0.0,0.15555555555555556,1.0,1.6273874
1,D_latent,planning,122,-0.16033573,1.0,0.28888888888888886,1.0,1.0624666
1,D_latent,planning,123,-0.08712657,0.0,0.0,1.0,3.223378
1,D_latent,planning,124,0.018403215,1.0,0.4222222222222222,1.0,0.2961463
1,D_latent,planning,125,0.06319473,1.0,0.4444444444444444,1.0,0.44913876
1,D_latent,planning,126,0.10971985,1.0,0.4444444444444444,1.0,0.17300536
1,D_latent,planning,127,-0.12780507,0.0,0.06666666666666667,1.0,3.0736315
1,D_latent,planning,128,0.037627034,0.0,0.0,1.0,1.5646807
1,D_latent,planning,129,-0.10182213,0.0,0.0,1.0,2.2453163
1,D_latent,planning,130,0.094401285,1.0,0.4888888888888889,1.0,0.74927837
1,D_latent,planning,131,-0.066898614,0.0,0.0,1.0,2.0301907
1,D_latent,planning,132,0.21610987,1.0,0.6444444444444445,1.0,1.4785806
1,D_latent,planning,133,-0.022930741,0.0,0.0,1.0,1.8652235
1,D_latent,planning,134,0.10654799,1.0,0.5111111111111111,1.0,1.4816949
1,D_latent,planning,135,-0.26231694,0.0,0.0,1.0,5.5157375
1,D_latent,planning,136,-0.013520317,0.0,0.2222222222222222,1.0,1.9178486
1,D_latent,planning,137,-0.046657044,0.0,0.0,1.0,2.1903155
1,D_latent,planning,138,-0.08931549,1.0,0.35555555555555557,1.0,1.4849746
1,D_latent,planning,139,0.05917066,1.0,0.26666666666666666,1.0,0.9026652
1,D_latent,planning,140,-0.10252942,0.0,0.13333333333333333,1.0,2.4043748
1,D_latent,planning,141,0.015388115,1.0,0.4222222222222222,1.0,0.9961875
1,D_latent,planning,142,-0.13134804,0.0,0.0,1.0,1.5979791
1,D_latent,planning,143,-0.13956006,0.0,0.0,1.0,3.2228935
1,D_latent,planning,144,-0.1517739,0.0,0.0,1.0,4.941718
1,D_latent,planning,145,-0.19884928,0.0,0.08888888888888889,1.0,5.431027
1,D_latent,planning,146,0.03482417,1.0,0.17777777777777778,1.0,1.1988564
1,D_latent,planning,147,0.004252438,0.0,0.0,1.0,2.787629
1,D_latent,planning,148,-0.041393276,1.0,0.4,1.0,1.384035
1,D_latent,planning,149,0.010050004,0.0,0.0,1.0,1.8052933
1,D_latent,planning,150,-0.101996616,1.0,0.15555555555555556,1.0,1.1630559
1,D_latent,planning,151,-0.04382308,0.0,0.13333333333333333,1.0,1.9054477
1,D_latent,planning,152,-0.14528641,0.0,0.0,1.0,3.1116228
1,D_latent,planning,153,0.11651169,1.0,0.5555555555555556,1.0,1.332458
1,D_latent,planning,154,-0.13511704,0.0,0.06666666666666667,1.0,3.1221476
1,D_latent,planning,155,-0.18782234,0.0,0.044444444444444446,1.0,3.798253
1,D_latent,planning,156,-0.13723588,0.0,0.0,1.0,3.073667
1,D_latent,planning,157,0.12181786,1.0,0.4,1.0,0.70937246
1,D_latent,planning,158,-0.038747955,1.0,0.4222222222222222,1.0,0.9163262
1,D_latent,planning,159,0.04077106,1.0,0.17777777777777778,1.0,1.2866589
1,D_latent,planning,160,-0.077781916,0.0,0.0,1.0,2.5757694
1,D_latent,planning,161,-0.092304826,0.0,0.0,1.0,1.5507888
1,D_latent,planning,162,0.0999017,1.0,0.4888888888888889,1.0,0.4256994
1,D_latent,planning,163,-0.013049107,0.0,0.17777777777777778,1.0,1.7378285
1,D_latent,planning,164,-0.022029674,0.0,0.0,1.0,2.4562318
1,D_latent,planning,165,-0.04404008,0.0,0.0,1.0,2.5125265
1,D_latent,planning,166,-0.16120659,0.0,0.0,1.0,2.9647372
1,D_latent,planning,167,-0.35770348,0.0,0.0,1.0,4.205361
1,D_latent,planning,168,-0.09257264,0.0,0.08888888888888889,1.0,4.686766
1,D_latent,planning,169,0.020890787,0.0,0.2,1.0,2.2851596
1,D_latent,planning,170,0.06438235,0.0,0.1111111111111111,1.0,1.5827848
1,D_latent,planning,171,-0.12659836,0.0,0.15555555555555556,1.0,2.5600688
1,D_latent,planning,172,-0.025870757,0.0,0.0,1.0,2.1101387
1,D_latent,planning,173,0.058084723,1.0,0.15555555555555556,1.0,1.3762256
1,D_latent,planning,174,-0.1471481,0.0,0.15555555555555556,1.0,2.5816786
1,D_latent,planning,175,-0.15902111,0.0,0.06666666666666667,1.0,4.995646
1,D_latent,planning,176,-0.19748674,0.0,0.15555555555555556,1.0,2.4336116
1,D_latent,planning,177,-0.16619503,0.0,0.15555555555555556,1.0,3.6092901
1,D_latent,planning,178,-0.016025105,0.0,0.26666666666666666,1.0,1.8243939
1,D_latent,planning,179,-0.077013664,0.0,0.06666666666666667,1.0,2.5817058
1,D_latent,planning,180,-0.11540531,0.0,0.13333333333333333,1.0,2.3136
1,D_latent,planning,181,0.035254832,1.0,0.4,1.0,1.4474175
1,D_latent,planning,182,-0.044891648,0.0,0.0,1.0,1.5524454
1,D_latent,planning,183,-0.035564583,1.0,0.3333333333333333,1.0,0.11604494
1,D_latent,planning,184,0.17582963,0.0,0.4888888888888889,1.0,2.159146
1,D_latent,planning,185,-0.0021601508,0.0,0.15555555555555556,1.0,2.1274147
1,D_latent,planning,186,-0.114385724,0.0,0.13333333333333333,1.0,2.7015946
1,D_latent,planning,187,-0.060208876,0.0,0.15555555555555556,1.0,2.2120132
1,D_latent,planning,188,-0.3329304,0.0,0.0,1.0,6.784715
1,D_latent,planning,189,-0.13600436,0.0,0.08888888888888889,1.0,3.302372
1,D_latent,planning,190,0.12818761,0.0,0.0,1.0,1.93427
1,D_latent,planning,191,-0.16064891,0.0,0.0,1.0,3.3552163
1,D_latent,planning,192,-0.17994565,0.0,0.0,1.0,3.9490008
1,D_latent,planning,193,-0.08384945,0.0,0.0,1.0,3.8273787
1,D_latent,planning,194,-0.006890404,0.0,0.0,1.0,1.8157396
1,D_latent,planning,195,-0.16484907,0.0,0.0,1.0,6.183085
1,D_latent,planning,196,0.021641089,0.0,0.1111111111111111,1.0,1.9727318
1,D_latent,planning,197,0.051758405,0.0,0.17777777777777778,1.0,1.9691334
1,D_latent,planning,198,0.024263019,0.0,0.0,1.0,2.0725386
1,D_latent,planning,199,-0.1386411,1.0,0.2,1.0,1.0982139
2,A_recon,planning,0,-0.6874991,0.0,0.0,0.0,25.237349
2,A_recon,planning,1,-0.5415565,0.0,0.0,0.0,21.712883
2,A_recon,planning,2,-0.71592385,0.0,0.0,0.0,28.295637
2,A_recon,planning,3,-0.89068323,0.0,0.0,0.0,32.379955
2,A_recon,planning,4,-0.48523995,0.0,0.0,1.0,14.94638
2,A_recon,planning,5,-0.6630881,0.0,0.0,0.0,18.143747
2,A_recon,planning,6,-0.364646,0.0,0.0,0.0,21.301882
2,A_recon,planning,7,-0.7155115,0.0,0.0,0.0,22.018385
2,A_recon,planning,8,-0.5714505,0.0,0.0,0.0,21.426788
2,A_recon,planning,9,-0.15749794,0.0,0.0,1.0,10.053453
2,A_recon,planning,10,-0.71169287,0.0,0.0,0.0,26.30343
2,A_recon,planning,11,-0.42538825,0.0,0.0,1.0,13.074756
2,A_recon,planning,12,-0.61110646,0.0,0.0,0.0,27.920837
2,A_recon,planning,13,-0.502062,0.0,0.0,1.0,24.179213
2,A_recon,planning,14,-0.28277054,0.0,0.0,0.0,12.4777565
2,A_recon,planning,15,-0.8698633,0.0,0.0,0.0,31.162506
2,A_recon,planning,16,-0.5367232,0.0,0.0,0.0,17.58556
2,A_recon,planning,17,-0.18315561,0.0,0.0,1.0,7.091983
2,A_recon,planning,18,-0.47470376,0.0,0.0,0.0,21.983273
2,A_recon,planning,19,-0.7123096,0.0,0.0,1.0,22.768402
2,A_recon,planning,20,-0.7931667,0.0,0.0,0.0,29.723913
2,A_recon,planning,21,-0.2689066,0.0,0.0,1.0,8.396341
2,A_recon,planning,22,-0.5260265,0.0,0.0,0.0,21.670935
2,A_recon,planning,23,-0.30691022,0.0,0.0,1.0,20.379574
2,A_recon,planning,24,-0.5399282,0.0,0.0,0.0,20.108765
2,A_recon,planning,25,-0.37828976,0.0,0.0,1.0,9.497103
2,A_recon,planning,26,-0.76330566,0.0,0.0,0.0,28.705526
2,A_recon,planning,27,-0.321687,0.0,0.0,1.0,11.505756
2,A_recon,planning,28,-0.52008694,0.0,0.0,0.0,17.636202
2,A_recon,planning,29,-0.7175477,0.0,0.0,0.0,27.820667
2,A_recon,planning,30,-0.73293567,0.0,0.0,0.0,26.060474
2,A_recon,planning,31,-0.56050295,0.0,0.0,0.0,19.84202
2,A_recon,planning,32,-0.46346655,0.0,0.0,1.0,11.124445
2,A_recon,planning,33,-0.7698664,0.0,0.0,0.0,24.662306
2,A_recon,planning,34,-0.85901046,0.0,0.0,0.0,27.889528
2,A_recon,planning,35,-0.60440266,0.0,0.0,1.0,24.256844
2,A_recon,planning,36,-0.18887465,0.0,0.0,1.0,8.885683
2,A_recon,planning,37,-0.27642402,0.0,0.0,0.0,18.364252
2,A_recon,planning,38,-0.6159038,0.0,0.0,0.0,18.946093
2,A_recon,planning,39,-0.48272282,0.0,0.0,0.0,10.256431
2,A_recon,planning,40,-0.7832387,0.0,0.0,0.0,26.17901
2,A_recon,planning,41,-0.4573975,0.0,0.0,0.0,15.578204
2,A_recon,planning,42,-0.6306809,0.0,0.0,0.0,25.07968
2,A_recon,planning,43,-0.3587785,0.0,0.0,1.0,9.841872
2,A_recon,planning,44,-0.24691613,0.0,0.0,1.0,10.710725
2,A_recon,planning,45,-0.36950073,0.0,0.0,1.0,14.925946
2,A_recon,planning,46,-0.3867282,0.0,0.0,1.0,16.238064
2,A_recon,planning,47,-0.3970659,0.0,0.0,1.0,20.253565
2,A_recon,planning,48,-0.5694391,0.0,0.0,0.0,19.188684
2,A_recon,planning,49,-0.25906456,0.0,0.0,1.0,10.008037
2,A_recon,planning,50,-0.6920769,0.0,0.0,0.0,22.373053
2,A_recon,planning,51,-0.7011656,0.0,0.0,1.0,20.198095
2,A_recon,planning,52,-0.40534836,0.0,0.0,0.0,19.753765
2,A_recon,planning,53,-0.3524873,0.0,0.0,1.0,8.505481
2,A_recon,planning,54,-0.34046355,0.0,0.0,1.0,13.4085455
2,A_recon,planning,55,-0.63123596,0.0,0.0,1.0,27.732853
2,A_recon,planning,56,-0.640648,0.0,0.0,0.0,24.286354
2,A_recon,planning,57,-0.58798695,0.0,0.0,0.0,27.535967
2,A_recon,planning,58,-0.3336124,0.0,0.0,1.0,6.548333
2,A_recon,planning,59,-0.4504934,0.0,0.0,1.0,19.758017
2,A_recon,planning,60,-0.21106392,0.0,0.0,1.0,6.969079
2,A_recon,planning,61,-0.75289315,0.0,0.0,0.0,27.828382
2,A_recon,planning,62,-0.66709167,0.0,0.0,0.0,17.182919
2,A_recon,planning,63,-0.39736375,0.0,0.0,1.0,8.485723
2,A_recon,planning,64,-0.4227119,0.0,0.0,1.0,14.456021
2,A_recon,planning,65,-0.35441613,0.0,0.0,0.0,19.278582
2,A_recon,planning,66,-0.4121827,0.0,0.0,0.0,15.9425535
2,A_recon,planning,67,-0.1720001,0.0,0.0,1.0,3.1145525
2,A_recon,planning,68,-0.28757584,0.0,0.0,1.0,12.292314
2,A_recon,planning,69,-0.4259085,0.0,0.0,0.0,18.94333
2,A_recon,planning,70,-0.4491455,0.0,0.0,0.0,22.414204
2,A_recon,planning,71,-0.5243245,0.0,0.0,0.0,17.2801
2,A_recon,planning,72,-0.83234584,0.0,0.0,0.0,25.41789
2,A_recon,planning,73,-0.30467692,0.0,0.0,1.0,12.847617
2,A_recon,planning,74,-0.7246043,0.0,0.0,0.0,20.98421
2,A_recon,planning,75,-0.82429487,0.0,0.0,0.0,30.0575
2,A_recon,planning,76,-0.75695235,0.0,0.0,0.0,26.724154
2,A_recon,planning,77,-0.39503998,0.0,0.0,0.0,12.31578
2,A_recon,planning,78,-0.15134206,0.0,0.0,1.0,8.386771
2,A_recon,planning,79,-0.5203394,0.0,0.0,0.0,16.091839
2,A_recon,planning,80,-0.20191851,0.0,0.0,1.0,9.139666
2,A_recon,planning,81,-0.4437466,0.0,0.0,1.0,15.231214
2,A_recon,planning,82,-0.49556148,0.0,0.0,0.0,17.328083
2,A_recon,planning,83,-0.41290802,0.0,0.0,0.0,17.925346
2,A_recon,planning,84,-0.3443539,0.0,0.0,0.0,9.378509
2,A_recon,planning,85,-0.622272,0.0,0.0,0.0,23.768036
2,A_recon,planning,86,-0.4435686,0.0,0.0,0.0,11.137229
2,A_recon,planning,87,-0.87372375,0.0,0.0,0.0,31.00037
2,A_recon,planning,88,-0.35010144,0.0,0.0,1.0,15.879019
2,A_recon,planning,89,-0.5946408,0.0,0.0,0.0,23.793053
2,A_recon,planning,90,-0.4423074,0.0,0.0,0.0,18.842093
2,A_recon,planning,91,-0.55767876,0.0,0.0,0.0,19.99731
2,A_recon,planning,92,-1.031538,0.0,0.0,0.0,33.396706
2,A_recon,planning,93,-0.38184518,0.0,0.0,0.0,18.411285
2,A_recon,planning,94,-0.48730117,0.0,0.0,1.0,18.116795
2,A_recon,planning,95,-0.35496262,0.0,0.0,1.0,17.310726
2,A_recon,planning,96,-0.28807005,0.0,0.0,1.0,10.075918
2,A_recon,planning,97,-0.31892988,0.0,0.0,1.0,14.187522
2,A_recon,planning,98,-0.36551455,0.0,0.0,1.0,5.750909
2,A_recon,planning,99,-0.7597691,0.0,0.0,0.0,27.893953
2,A_recon,planning,100,-0.45319468,0.0,0.0,0.0,25.21741
2,A_recon,planning,101,-0.37417352,0.0,0.0,0.0,18.141872
2,A_recon,planning,102,-0.47070414,0.0,0.0,1.0,21.471302
2,A_recon,planning,103,0.051269304,0.0,0.2222222222222222,1.0,2.2683878
2,A_recon,planning,104,-0.64041173,0.0,0.0,0.0,30.964006
2,A_recon,planning,105,-0.59205407,0.0,0.0,0.0,22.52126
2,A_recon,planning,106,-0.35702676,0.0,0.0,1.0,16.420975
2,A_recon,planning,107,-0.66549337,0.0,0.0,0.0,25.6299
2,A_recon,planning,108,-0.62227255,0.0,0.0,0.0,29.059566
2,A_recon,planning,109,-0.3020799,0.0,0.0,1.0,10.467321
2,A_recon,planning,110,-0.47059166,0.0,0.0,0.0,13.881284
2,A_recon,planning,111,-0.49507505,0.0,0.0,0.0,17.881935
2,A_recon,planning,112,-0.04763779,0.0,0.15555555555555556,1.0,7.9564843
2,A_recon,planning,113,-0.04160149,0.0,0.0,1.0,9.186537
2,A_recon,planning,114,-0.7847495,0.0,0.0,0.0,28.382193
2,A_recon,planning,115,-0.58913606,0.0,0.0,0.0,25.703716
2,A_recon,planning,116,-0.3549297,0.0,0.0,1.0,9.219056
2,A_recon,planning,117,-0.841734,0.0,0.0,0.0,24.785513
2,A_recon,planning,118,-0.2769105,0.0,0.0,1.0,12.163122
2,A_recon,planning,119,-0.50487083,0.0,0.0,1.0,21.958569
2,A_recon,planning,120,-0.49709663,0.0,0.0,1.0,17.115088
2,A_recon,planning,121,-0.58732224,0.0,0.0,1.0,20.035824
2,A_recon,planning,122,-0.6973165,0.0,0.0,1.0,20.479797
2,A_recon,planning,123,-0.5144269,0.0,0.0,0.0,24.38519
2,A_recon,planning,124,-0.5222868,0.0,0.0,0.0,14.49398
2,A_recon,planning,125,-0.51293707,0.0,0.0,0.0,19.917923
2,A_recon,planning,126,-0.37081474,0.0,0.0,0.0,10.186611
2,A_recon,planning,127,-0.6449244,0.0,0.0,0.0,24.610886
2,A_recon,planning,128,-0.17377084,0.0,0.0,0.0,9.495387
2,A_recon,planning,129,-0.39767104,0.0,0.0,1.0,10.723154
2,A_recon,planning,130,-0.6374994,0.0,0.0,0.0,25.537178
2,A_recon,planning,131,-0.60461456,0.0,0.0,0.0,23.188356
2,A_recon,planning,132,-0.26064205,0.0,0.0,1.0,11.08375
2,A_recon,planning,133,-0.42999136,0.0,0.0,1.0,15.323228
2,A_recon,planning,134,-0.47328174,0.0,0.0,0.0,23.966167
2,A_recon,planning,135,-0.6759047,0.0,0.0,0.0,22.711216
2,A_recon,planning,136,-0.6455053,0.0,0.0,0.0,28.372623
2,A_recon,planning,137,-0.6492249,0.0,0.0,0.0,27.018364
2,A_recon,planning,138,-0.6290082,0.0,0.0,1.0,20.712564
2,A_recon,planning,139,-0.14200583,0.0,0.0,1.0,5.3974037
2,A_recon,planning,140,-0.52846533,0.0,0.0,1.0,14.260075
2,A_recon,planning,141,-0.51550806,0.0,0.0,0.0,16.317005
2,A_recon,planning,142,-0.615885,0.0,0.0,0.0,23.333492
2,A_recon,planning,143,-0.53804815,0.0,0.0,1.0,19.370256
2,A_recon,planning,144,-0.12225507,0.0,0.0,1.0,2.8765898
2,A_recon,planning,145,-0.6823029,0.0,0.0,0.0,24.455791
2,A_recon,planning,146,-0.38584998,0.0,0.0,1.0,10.5864
2,A_recon,planning,147,-0.3482737,0.0,0.0,1.0,13.318408
2,A_recon,planning,148,-0.68328065,0.0,0.0,0.0,28.40281
2,A_recon,planning,149,-0.3022036,0.0,0.0,1.0,12.69899
2,A_recon,planning,150,-0.6142318,0.0,0.0,0.0,21.134836
2,A_recon,planning,151,-0.5512478,0.0,0.0,0.0,19.126183
2,A_recon,planning,152,-0.40801567,0.0,0.0,1.0,14.533153
2,A_recon,planning,153,-0.5104184,0.0,0.0,0.0,20.534502
2,A_recon,planning,154,-0.5960721,0.0,0.0,0.0,23.75605
2,A_recon,planning,155,-0.70087993,0.0,0.0,0.0,26.122843
2,A_recon,planning,156,-0.45233425,0.0,0.0,0.0,9.656242
2,A_recon,planning,157,-0.27832735,0.0,0.0,0.0,10.171592
2,A_recon,planning,158,-0.5270414,0.0,0.0,0.0,13.7462225
2,A_recon,planning,159,-0.18424992,0.0,0.0,1.0,5.7949924
2,A_recon,planning,160,-0.4675838,0.0,0.0,0.0,21.511274
2,A_recon,planning,161,-0.5714902,0.0,0.0,0.0,21.300468
2,A_recon,planning,162,-0.45267063,0.0,0.0,0.0,16.534525
2,A_recon,planning,163,-0.508908,0.0,0.0,1.0,19.868092
2,A_recon,planning,164,-0.4137741,0.0,0.0,1.0,17.397882
2,A_recon,planning,165,-0.55023336,0.0,0.0,0.0,23.010607
2,A_recon,planning,166,-0.60156196,0.0,0.0,1.0,21.345623
2,A_recon,planning,167,-0.78309166,0.0,0.0,0.0,26.241684
2,A_recon,planning,168,-0.49204835,0.0,0.0,0.0,19.488674
2,A_recon,planning,169,-0.29419726,0.0,0.0,1.0,6.0242567
2,A_recon,planning,170,-0.19073156,0.0,0.1111111111111111,0.0,14.983393
2,A_recon,planning,171,-0.580625,0.0,0.0,1.0,15.751652
2,A_recon,planning,172,-0.24508427,0.0,0.0,1.0,10.501167
2,A_recon,planning,173,-0.1312254,0.0,0.0,1.0,2.574363
2,A_recon,planning,174,-0.6433588,0.0,0.0,0.0,23.398632
2,A_recon,planning,175,-0.5861662,0.0,0.0,0.0,21.877777
2,A_recon,planning,176,-0.8828629,0.0,0.0,0.0,29.185453
2,A_recon,planning,177,-0.80426943,0.0,0.0,0.0,27.490135
2,A_recon,planning,178,-0.69770133,0.0,0.0,0.0,29.092123
2,A_recon,planning,179,-0.30584288,0.0,0.0,1.0,6.816334
2,A_recon,planning,180,-0.6581848,0.0,0.0,0.0,23.173904
2,A_recon,planning,181,-0.38164884,0.0,0.0,1.0,10.466266
2,A_recon,planning,182,-0.4696383,0.0,0.0,0.0,22.824818
2,A_recon,planning,183,-0.65793866,0.0,0.0,1.0,24.318396
2,A_recon,planning,184,-0.3032568,0.0,0.0,1.0,10.2325325
2,A_recon,planning,185,-0.4982801,0.0,0.0,0.0,17.918928
2,A_recon,planning,186,-0.5876936,0.0,0.0,0.0,22.216988
2,A_recon,planning,187,-0.5368009,0.0,0.0,0.0,13.768489
2,A_recon,planning,188,-0.8406212,0.0,0.0,0.0,29.633375
2,A_recon,planning,189,-0.5220317,0.0,0.0,1.0,19.049103
2,A_recon,planning,190,-0.16559327,0.0,0.0,1.0,9.70238
2,A_recon,planning,191,-0.28811213,0.0,0.0,1.0,13.203681
2,A_recon,planning,192,-0.51176447,0.0,0.0,0.0,24.832281
2,A_recon,planning,193,-0.42201185,0.0,0.0,0.0,17.243185
2,A_recon,planning,194,-0.099289365,0.0,0.0,1.0,8.236204
2,A_recon,planning,195,-0.25543737,0.0,0.0,1.0,14.272421
2,A_recon,planning,196,-0.33528486,0.0,0.0,1.0,14.592178
2,A_recon,planning,197,-0.44400105,0.0,0.0,0.0,20.084343
2,A_recon,planning,198,-0.42773712,0.0,0.0,0.0,16.633951
2,A_recon,planning,199,-0.5726064,0.0,0.0,0.0,19.389757
2,B_task,planning,0,-0.0764691,1.0,0.3111111111111111,1.0,0.54818034
2,B_task,planning,1,-0.10098861,0.0,0.0,1.0,1.9665879
2,B_task,planning,2,-0.20418665,0.0,0.0,1.0,2.8829575
2,B_task,planning,3,-0.33698446,0.0,0.0,1.0,3.5703845
2,B_task,planning,4,-0.34061038,0.0,0.0,1.0,7.571687
2,B_task,planning,5,-0.26838297,1.0,0.08888888888888889,1.0,1.0397103
2,B_task,planning,6,-0.18466452,0.0,0.0,1.0,7.220669
2,B_task,planning,7,-0.30542752,0.0,0.0,1.0,2.9988742
2,B_task,planning,8,-0.20165819,0.0,0.0,1.0,4.5251784
2,B_task,planning,9,-0.06323142,0.0,0.1111111111111111,1.0,6.134379
2,B_task,planning,10,-0.33420423,0.0,0.0,1.0,7.1551366
2,B_task,planning,11,-0.0059851035,0.0,0.3333333333333333,1.0,1.6723002
2,B_task,planning,12,-0.2354652,0.0,0.0,1.0,6.667884
2,B_task,planning,13,-0.05394218,0.0,0.0,1.0,3.4095461
2,B_task,planning,14,-0.13411899,0.0,0.0,1.0,5.957237
2,B_task,planning,15,-0.3821104,0.0,0.0,1.0,4.909204
2,B_task,planning,16,-0.27418137,0.0,0.0,1.0,4.3456197
2,B_task,planning,17,-0.0070009045,0.0,0.15555555555555556,1.0,2.6834078
2,B_task,planning,18,-0.24791925,0.0,0.0,1.0,5.457072
2,B_task,planning,19,-0.38627315,0.0,0.0,1.0,5.866476
2,B_task,planning,20,-0.17738621,0.0,0.0,1.0,1.8356953
2,B_task,planning,21,-0.25190526,0.0,0.0,1.0,7.188668
2,B_task,planning,22,0.019258125,0.0,0.24444444444444444,1.0,1.9766431
2,B_task,planning,23,-0.13692333,0.0,0.0,1.0,6.387667
2,B_task,planning,24,-0.21748923,0.0,0.0,1.0,3.3224514
2,B_task,planning,25,-0.12619677,0.0,0.0,1.0,2.9109762
2,B_task,planning,26,-0.25038576,0.0,0.0,1.0,2.9063435
2,B_task,planning,27,0.11702249,0.0,0.4222222222222222,1.0,1.7648286
2,B_task,planning,28,-0.18191944,0.0,0.1111111111111111,1.0,5.498612
2,B_task,planning,29,-0.083305486,1.0,0.3111111111111111,1.0,0.7858617
2,B_task,planning,30,-0.36358756,0.0,0.0,1.0,9.392185
2,B_task,planning,31,-0.2609089,0.0,0.0,1.0,5.30709
2,B_task,planning,32,-0.20065933,0.0,0.0,1.0,2.6200492
2,B_task,planning,33,-0.34452847,0.0,0.0,1.0,3.8800204
2,B_task,planning,34,-0.40934873,0.0,0.0,1.0,5.242454
2,B_task,planning,35,-0.1119432,0.0,0.1111111111111111,1.0,1.6092333
2,B_task,planning,36,-0.08950447,0.0,0.0,1.0,1.876067
2,B_task,planning,37,-0.22500023,0.0,0.0,1.0,9.618308
2,B_task,planning,38,-0.35707796,0.0,0.0,1.0,6.7587047
2,B_task,planning,39,-0.050674576,1.0,0.3333333333333333,1.0,0.6372699
2,B_task,planning,40,-0.48638815,0.0,0.0,1.0,10.181626
2,B_task,planning,41,-0.22908928,0.0,0.0,1.0,5.4926987
2,B_task,planning,42,-0.33409145,0.0,0.0,1.0,8.890913
2,B_task,planning,43,-0.010003611,1.0,0.28888888888888886,1.0,0.5649435
2,B_task,planning,44,-0.10243355,0.0,0.0,1.0,2.670845
2,B_task,planning,45,-0.15311845,0.0,0.0,1.0,2.8895986
2,B_task,planning,46,0.00494243,0.0,0.15555555555555556,1.0,3.3240156
2,B_task,planning,47,-0.106663525,0.0,0.0,1.0,4.476228
2,B_task,planning,48,-0.31980452,0.0,0.0,0.0,6.6410522
2,B_task,planning,49,-0.17522228,0.0,0.0,1.0,5.7059784
2,B_task,planning,50,-0.36595917,0.0,0.0,1.0,5.639218
2,B_task,planning,51,-0.43213975,0.0,0.0,1.0,9.586589
2,B_task,planning,52,-0.30116418,0.0,0.0,1.0,11.161799
2,B_task,planning,53,-0.12322405,0.0,0.0,1.0,4.2401237
2,B_task,planning,54,-0.09958556,0.0,0.08888888888888889,1.0,5.740198
2,B_task,planning,55,-0.24275962,0.0,0.0,1.0,5.143802
2,B_task,planning,56,-0.22187373,0.0,0.0,1.0,4.0867724
2,B_task,planning,57,-0.16066843,0.0,0.0,1.0,3.4128048
2,B_task,planning,58,-0.21583298,0.0,0.0,1.0,4.8486133
2,B_task,planning,59,-0.16863489,0.0,0.0,1.0,2.4997313
2,B_task,planning,60,-0.022818454,0.0,0.15555555555555556,1.0,3.4798853
2,B_task,planning,61,-0.2263164,0.0,0.0,1.0,2.2448866
2,B_task,planning,62,-0.35574913,0.0,0.0,1.0,3.1348507
2,B_task,planning,63,-0.19830678,0.0,0.0,1.0,1.9618922
2,B_task,planning,64,-0.20573883,0.0,0.0,1.0,2.5079236
2,B_task,planning,65,-0.07789453,0.0,0.0,1.0,2.455594
2,B_task,planning,66,-0.2543817,0.0,0.0,1.0,7.729083
2,B_task,planning,67,-0.22332557,0.0,0.0,1.0,6.681147
2,B_task,planning,68,-0.18614246,0.0,0.0,1.0,4.3239803
2,B_task,planning,69,-0.16321994,0.0,0.0,1.0,5.891906
2,B_task,planning,70,-0.094422914,0.0,0.0,1.0,1.9876194
2,B_task,planning,71,-0.038295623,1.0,0.3111111111111111,1.0,0.018326726
2,B_task,planning,72,-0.38362995,0.0,0.0,1.0,5.069618
2,B_task,planning,73,0.09024761,1.0,0.24444444444444444,1.0,1.2053888
2,B_task,planning,74,-0.34156471,0.0,0.0,1.0,2.8228993
2,B_task,planning,75,-0.40626556,0.0,0.0,1.0,7.9797616
2,B_task,planning,76,-0.28664792,0.0,0.0,1.0,6.85391
2,B_task,planning,77,-0.30593544,0.0,0.0,1.0,8.424865
2,B_task,planning,78,0.052429125,1.0,0.26666666666666666,1.0,1.3446968
2,B_task,planning,79,-0.32853997,0.0,0.0,1.0,6.508469
2,B_task,planning,80,0.0118227415,0.0,0.0,1.0,2.5160952
2,B_task,planning,81,-0.110924624,0.0,0.08888888888888889,1.0,5.1231217
2,B_task,planning,82,-0.12578616,1.0,0.06666666666666667,1.0,1.2675407
2,B_task,planning,83,-0.23479858,0.0,0.0,1.0,4.9889855
2,B_task,planning,84,-0.2896632,0.0,0.0,1.0,8.750432
2,B_task,planning,85,-0.19544181,0.0,0.0,1.0,3.0520856
2,B_task,planning,86,-0.21910784,0.0,0.0,1.0,3.654689
2,B_task,planning,87,-0.45758912,0.0,0.0,1.0,8.573552
2,B_task,planning,88,0.013359623,1.0,0.28888888888888886,1.0,1.4107075
2,B_task,planning,89,-0.16297849,0.0,0.0,1.0,2.9543304
2,B_task,planning,90,-0.26830274,0.0,0.0,0.0,7.247088
2,B_task,planning,91,0.0065607177,0.0,0.28888888888888886,1.0,2.0299985
2,B_task,planning,92,-0.44410926,1.0,0.044444444444444446,1.0,1.3115726
2,B_task,planning,93,0.1667123,0.0,0.5111111111111111,1.0,1.7969717
2,B_task,planning,94,-0.20657974,0.0,0.0,1.0,4.489517
2,B_task,planning,95,-0.12724811,0.0,0.0,1.0,4.4234886
2,B_task,planning,96,-0.18888031,0.0,0.0,1.0,6.4266944
2,B_task,planning,97,-0.14945534,0.0,0.0,1.0,5.147887
2,B_task,planning,98,0.0030077829,1.0,0.35555555555555557,1.0,0.5450582
2,B_task,planning,99,-0.23310466,0.0,0.0,1.0,3.3396864
2,B_task,planning,100,-0.20495436,0.0,0.0,0.0,6.960347
2,B_task,planning,101,-0.09402159,0.0,0.0,1.0,4.664807
2,B_task,planning,102,-0.20725377,0.0,0.0,1.0,3.55995
2,B_task,planning,103,-0.15284604,0.0,0.0,1.0,4.2019105
2,B_task,planning,104,-0.2706862,0.0,0.0,0.0,8.683057
2,B_task,planning,105,-0.28088495,0.0,0.0,1.0,4.3081884
2,B_task,planning,106,-0.004951336,0.0,0.0,1.0,1.6923738
2,B_task,planning,107,-0.17725357,0.0,0.0,1.0,2.4247596
2,B_task,planning,108,-0.15772091,0.0,0.0,1.0,3.4906094
2,B_task,planning,109,-0.13123101,0.0,0.0,1.0,3.8178184
2,B_task,planning,110,-0.23511796,0.0,0.0,1.0,3.2724931
2,B_task,planning,111,-0.25689355,0.0,0.0,1.0,4.5730457
2,B_task,planning,112,-0.073324025,0.0,0.1111111111111111,1.0,5.0495067
2,B_task,planning,113,-0.0011229181,0.0,0.0,1.0,4.1282587
2,B_task,planning,114,-0.26567334,0.0,0.0,1.0,1.574727
2,B_task,planning,115,-0.10112449,0.0,0.0,1.0,2.1391664
2,B_task,planning,116,-0.25411484,0.0,0.0,1.0,5.5924797
2,B_task,planning,117,-0.46685973,0.0,0.0,1.0,4.565142
2,B_task,planning,118,-0.04137926,0.0,0.0,1.0,2.9337952
2,B_task,planning,119,-0.1677085,0.0,0.0,1.0,4.8085504
2,B_task,planning,120,0.04289592,1.0,0.3111111111111111,1.0,0.8165522
2,B_task,planning,121,-0.29140037,0.0,0.0,1.0,6.8040338
2,B_task,planning,122,-0.2903806,0.0,0.0,1.0,2.0448675
2,B_task,planning,123,-0.12212873,0.0,0.1111111111111111,1.0,5.5976567
2,B_task,planning,124,-0.21359274,0.0,0.0,1.0,2.8243406
2,B_task,planning,125,-0.2621127,0.0,0.0,1.0,5.618128
2,B_task,planning,126,-0.24971023,0.0,0.0,1.0,5.6250143
2,B_task,planning,127,-0.028538266,1.0,0.35555555555555557,1.0,1.1782613
2,B_task,planning,128,-0.13515946,0.0,0.0,1.0,4.053488
2,B_task,planning,129,-0.2902191,0.0,0.0,1.0,6.5620284
2,B_task,planning,130,-0.2249513,0.0,0.0,1.0,5.113733
2,B_task,planning,131,-0.055335883,1.0,0.26666666666666666,1.0,0.6313799
2,B_task,planning,132,-0.0123025905,0.0,0.0,1.0,1.621795
2,B_task,planning,133,-0.018557077,0.0,0.0,1.0,1.9959483
2,B_task,planning,134,-0.17023498,0.0,0.0,1.0,5.216712
2,B_task,planning,135,-0.09041184,0.0,0.2222222222222222,1.0,2.1137273
2,B_task,planning,136,-0.11059679,1.0,0.1111111111111111,1.0,1.4814492
2,B_task,planning,137,-0.44865108,0.0,0.0,1.0,13.451288
2,B_task,planning,138,-0.37581074,0.0,0.0,1.0,7.529314
2,B_task,planning,139,-0.14296125,0.0,0.0,1.0,3.6453667
2,B_task,planning,140,-0.18038118,0.0,0.0,1.0,2.6840808
2,B_task,planning,141,-0.29982418,0.0,0.0,1.0,6.3283944
2,B_task,planning,142,-0.24339087,0.0,0.0,1.0,3.1327252
2,B_task,planning,143,-0.17645046,0.0,0.0,1.0,3.2584214
2,B_task,planning,144,-0.0834129,0.0,0.0,1.0,5.6777234
2,B_task,planning,145,-0.24820146,0.0,0.0,1.0,5.273072
2,B_task,planning,146,-0.10571224,0.0,0.0,1.0,2.1122885
2,B_task,planning,147,-0.112378605,0.0,0.0,1.0,2.81367
2,B_task,planning,148,-0.15035671,1.0,0.13333333333333333,1.0,1.4214524
2,B_task,planning,149,-0.131886,0.0,0.0,1.0,4.885506
2,B_task,planning,150,-0.12503882,0.0,0.15555555555555556,1.0,2.4151013
2,B_task,planning,151,-0.30054867,0.0,0.0,1.0,8.090703
2,B_task,planning,152,-0.07725898,0.0,0.0,1.0,2.3999226
2,B_task,planning,153,0.051834006,0.0,0.28888888888888886,1.0,2.4849248
2,B_task,planning,154,-0.09944902,0.0,0.13333333333333333,1.0,3.5644126
2,B_task,planning,155,-0.27300358,0.0,0.0,1.0,5.0905795
2,B_task,planning,156,-0.22577211,0.0,0.0,1.0,2.9956577
2,B_task,planning,157,-0.26004392,0.0,0.0,1.0,7.506301
2,B_task,planning,158,-0.32048902,0.0,0.0,1.0,5.7388444
2,B_task,planning,159,0.03445938,0.0,0.2,1.0,2.276099
2,B_task,planning,160,-0.14675188,0.0,0.0,1.0,4.1103168
2,B_task,planning,161,-0.17188501,0.0,0.0,1.0,2.8573415
2,B_task,planning,162,-0.2673569,0.0,0.0,1.0,6.2508225
2,B_task,planning,163,-0.14777064,0.0,0.0,1.0,2.029284
2,B_task,planning,164,-0.009112933,0.0,0.0,1.0,2.5387611
2,B_task,planning,165,-0.33216825,0.0,0.0,0.0,11.174684
2,B_task,planning,166,-0.096275456,0.0,0.13333333333333333,1.0,2.924879
2,B_task,planning,167,-0.37860337,0.0,0.0,1.0,5.1827655
2,B_task,planning,168,0.0740196,0.0,0.3111111111111111,1.0,2.3621287
2,B_task,planning,169,-0.11320862,0.0,0.0,1.0,1.6242715
2,B_task,planning,170,-0.09460469,0.0,0.08888888888888889,1.0,6.031914
2,B_task,planning,171,-0.30990142,0.0,0.0,1.0,5.408199
2,B_task,planning,172,-0.047797754,1.0,0.022222222222222223,1.0,1.5062314
2,B_task,planning,173,-0.09289388,0.0,0.0,1.0,2.399552
2,B_task,planning,174,-0.35848278,0.0,0.0,1.0,6.918545
2,B_task,planning,175,-0.11960353,0.0,0.0,1.0,2.6104364
2,B_task,planning,176,-0.33011425,0.0,0.0,1.0,3.1047556
2,B_task,planning,177,-0.20875528,0.0,0.0,1.0,2.3075254
2,B_task,planning,178,-0.14676064,0.0,0.0,1.0,1.587188
2,B_task,planning,179,-0.17048937,0.0,0.022222222222222223,1.0,6.0425825
2,B_task,planning,180,-0.25174993,0.0,0.0,1.0,4.638005
2,B_task,planning,181,-0.10450775,0.0,0.0,1.0,3.2191894
2,B_task,planning,182,-0.29604188,0.0,0.0,0.0,8.150246
2,B_task,planning,183,-0.29504734,0.0,0.0,1.0,4.9599895
2,B_task,planning,184,-0.06836823,0.0,0.0,1.0,2.1914508
2,B_task,planning,185,-0.09202333,1.0,0.08888888888888889,1.0,1.210316
2,B_task,planning,186,-0.28454337,0.0,0.0,1.0,2.9193122
2,B_task,planning,187,-0.2580121,0.0,0.0,1.0,2.7703998
2,B_task,planning,188,-0.23410681,0.0,0.2,1.0,1.6825447
2,B_task,planning,189,-0.05629444,0.0,0.15555555555555556,1.0,2.0928414
2,B_task,planning,190,0.16185446,1.0,0.35555555555555557,1.0,0.591703
2,B_task,planning,191,-0.02146247,0.0,0.022222222222222223,1.0,2.4242864
2,B_task,planning,192,0.014608352,0.0,0.13333333333333333,1.0,2.4078138
2,B_task,planning,193,-0.0109542655,1.0,0.08888888888888889,1.0,0.95660055
2,B_task,planning,194,-0.059459087,0.0,0.06666666666666667,1.0,4.8396726
2,B_task,planning,195,-0.14748608,0.0,0.0,1.0,4.033803
2,B_task,planning,196,-0.15452841,0.0,0.0,1.0,6.663491
2,B_task,planning,197,-0.08620361,0.0,0.0,1.0,2.4924152
2,B_task,planning,198,-0.17130838,0.0,0.0,1.0,2.543866
2,B_task,planning,199,-0.32240704,0.0,0.0,1.0,6.4587297
2,C_scene,planning,0,-0.13877589,0.0,0.15555555555555556,1.0,2.7611325
2,C_scene,planning,1,-0.052717797,0.0,0.0,1.0,1.7664284
2,C_scene,planning,2,-0.114074655,0.0,0.0,1.0,2.0094504
2,C_scene,planning,3,-0.3647564,0.0,0.0,1.0,3.7696536
2,C_scene,planning,4,-0.19291407,0.0,0.0,1.0,3.635108
2,C_scene,planning,5,-0.2870602,0.0,0.0,1.0,2.8376033
2,C_scene,planning,6,-0.1626393,0.0,0.0,1.0,4.408277
2,C_scene,planning,7,-0.15969545,0.0,0.2222222222222222,1.0,2.207703
2,C_scene,planning,8,-0.12952219,0.0,0.0,1.0,2.1787064
2,C_scene,planning,9,0.022079041,0.0,0.2,1.0,4.788646
2,C_scene,planning,10,-0.10028894,1.0,0.28888888888888886,1.0,1.2042946
2,C_scene,planning,11,-0.17863023,0.0,0.044444444444444446,1.0,7.9158025
2,C_scene,planning,12,-0.20260757,0.0,0.0,1.0,2.4569285
2,C_scene,planning,13,0.14191568,1.0,0.4888888888888889,1.0,0.3836151
2,C_scene,planning,14,0.0057811737,0.0,0.13333333333333333,1.0,3.1103678
2,C_scene,planning,15,-0.387048,0.0,0.0,1.0,5.394584
2,C_scene,planning,16,-0.2417815,0.0,0.0,1.0,3.6276743
2,C_scene,planning,17,-0.11720684,0.0,0.1111111111111111,1.0,7.902354
2,C_scene,planning,18,-0.121700816,0.0,0.0,1.0,2.4238539
2,C_scene,planning,19,-0.21416745,0.0,0.15555555555555556,1.0,2.1095397
2,C_scene,planning,20,-0.13376498,1.0,0.24444444444444444,1.0,0.37917557
2,C_scene,planning,21,0.07549837,1.0,0.4,1.0,1.4002696
2,C_scene,planning,22,0.13761142,1.0,0.5111111111111111,1.0,0.7507695
2,C_scene,planning,23,-0.018005457,0.0,0.0,1.0,1.9472117
2,C_scene,planning,24,-0.03263914,0.0,0.2,1.0,2.1318653
2,C_scene,planning,25,-0.055936817,0.0,0.0,1.0,2.0428245
2,C_scene,planning,26,-0.15607733,0.0,0.08888888888888889,1.0,2.2685657
2,C_scene,planning,27,-0.026288144,0.0,0.15555555555555556,1.0,3.154156
2,C_scene,planning,28,-0.17973931,0.0,0.08888888888888889,1.0,4.2035217
2,C_scene,planning,29,-0.07657448,0.0,0.24444444444444444,1.0,1.9655938
2,C_scene,planning,30,-0.12766942,1.0,0.17777777777777778,1.0,0.4970594
2,C_scene,planning,31,-0.21644785,0.0,0.0,1.0,4.379397
2,C_scene,planning,32,-0.14576228,0.0,0.0,1.0,3.3562012
2,C_scene,planning,33,-0.24078646,0.0,0.2,1.0,1.6042546
2,C_scene,planning,34,-0.20702241,1.0,0.28888888888888886,1.0,0.9169827
2,C_scene,planning,35,-0.032041263,0.0,0.2222222222222222,1.0,1.5775733
2,C_scene,planning,36,-0.1107114,0.0,0.0,1.0,3.6501923
2,C_scene,planning,37,-0.10752893,0.0,0.0,1.0,2.7462425
2,C_scene,planning,38,-0.11866614,0.0,0.2222222222222222,1.0,1.9476609
2,C_scene,planning,39,-0.16059126,0.0,0.0,1.0,3.2185996
2,C_scene,planning,40,-0.3502124,0.0,0.0,1.0,3.024238
2,C_scene,planning,41,0.03237951,1.0,0.35555555555555557,1.0,0.82024556
2,C_scene,planning,42,-0.07495349,0.0,0.0,1.0,1.892429
2,C_scene,planning,43,-0.2115052,0.0,0.0,1.0,4.330242
2,C_scene,planning,44,-0.09577736,0.0,0.0,1.0,3.331643
2,C_scene,planning,45,-0.15004764,0.0,0.0,1.0,3.795253
2,C_scene,planning,46,0.018102115,0.0,0.0,1.0,1.7673656
2,C_scene,planning,47,-0.16931896,0.0,0.0,1.0,7.069888
2,C_scene,planning,48,-0.15259352,1.0,0.13333333333333333,1.0,0.6895813
2,C_scene,planning,49,-0.16057806,0.0,0.0,1.0,4.0875354
2,C_scene,planning,50,-0.33524773,0.0,0.0,1.0,2.9487667
2,C_scene,planning,51,-0.15060082,1.0,0.28888888888888886,1.0,1.5457705
2,C_scene,planning,52,-0.123174496,0.0,0.0,1.0,3.2629793
2,C_scene,planning,53,-0.20612392,0.0,0.0,1.0,5.168873
2,C_scene,planning,54,-0.13660493,0.0,0.0,1.0,3.200272
2,C_scene,planning,55,-0.22676258,0.0,0.0,1.0,3.8524482
2,C_scene,planning,56,-0.1846089,0.0,0.0,1.0,2.0150561
2,C_scene,planning,57,-0.07597161,0.0,0.0,1.0,2.4238298
2,C_scene,planning,58,-0.12504323,0.0,0.0,1.0,3.690363
2,C_scene,planning,59,-0.046612505,0.0,0.0,1.0,1.7550048
2,C_scene,planning,60,-0.059629604,0.0,0.1111111111111111,1.0,4.1431346
2,C_scene,planning,61,-0.13204297,1.0,0.15555555555555556,1.0,1.162836
2,C_scene,planning,62,-0.19423348,0.0,0.17777777777777778,1.0,2.4203029
2,C_scene,planning,63,-0.027526027,0.0,0.2222222222222222,1.0,1.7478063
2,C_scene,planning,64,-0.24372216,0.0,0.0,1.0,6.8288207
2,C_scene,planning,65,0.19108352,1.0,0.4444444444444444,1.0,0.62364215
2,C_scene,planning,66,0.048496924,0.0,0.3333333333333333,1.0,1.6001678
2,C_scene,planning,67,-0.11789307,0.0,0.0,1.0,1.7857926
2,C_scene,planning,68,-0.013879227,0.0,0.0,1.0,1.717894
2,C_scene,planning,69,-0.0150670605,0.0,0.0,1.0,1.8418375
2,C_scene,planning,70,-0.06314251,0.0,0.0,1.0,2.5843034
2,C_scene,planning,71,-0.16789308,0.0,0.08888888888888889,1.0,5.808519
2,C_scene,planning,72,-0.23379396,0.0,0.15555555555555556,1.0,1.8766918
2,C_scene,planning,73,0.08036514,0.0,0.0,1.0,2.5396445
2,C_scene,planning,74,-0.29609093,0.0,0.0,1.0,2.1714373
2,C_scene,planning,75,-0.16561559,0.0,0.2222222222222222,1.0,1.6280754
2,C_scene,planning,76,-0.28892106,0.0,0.0,1.0,6.6151547
2,C_scene,planning,77,-0.10260957,1.0,0.044444444444444446,1.0,1.4793447
2,C_scene,planning,78,0.12597391,1.0,0.4222222222222222,1.0,1.4317086
2,C_scene,planning,79,-0.1548323,0.0,0.0,1.0,2.5519452
2,C_scene,planning,80,0.22781,0.0,0.5777777777777777,1.0,1.6265284
2,C_scene,planning,81,-0.1536321,0.0,0.0,1.0,3.4019153
2,C_scene,planning,82,-0.23287185,0.0,0.0,1.0,4.790424
2,C_scene,planning,83,-0.15196776,0.0,0.0,1.0,2.2682965
2,C_scene,planning,84,-0.038253315,1.0,0.044444444444444446,1.0,1.5101804
2,C_scene,planning,85,-0.08721946,0.0,0.022222222222222223,1.0,2.6504931
2,C_scene,planning,86,-0.20840058,0.0,0.0,1.0,5.706323
2,C_scene,planning,87,-0.31255206,0.0,0.0,1.0,4.430929
2,C_scene,planning,88,-0.025347404,0.0,0.0,1.0,3.2233527
2,C_scene,planning,89,0.03334092,1.0,0.35555555555555557,1.0,1.2057139
2,C_scene,planning,90,-0.04500585,0.0,0.0,1.0,2.3325586
2,C_scene,planning,91,-0.10324131,0.0,0.0,1.0,1.9955564
2,C_scene,planning,92,-0.37535053,0.0,0.15555555555555556,1.0,2.391019
2,C_scene,planning,93,0.15042551,1.0,0.6,1.0,1.1874374
2,C_scene,planning,94,-0.06788962,1.0,0.17777777777777778,1.0,1.2754117
2,C_scene,planning,95,-0.1133257,0.0,0.0,1.0,2.663067
2,C_scene,planning,96,-0.21447502,0.0,0.0,1.0,8.398736
2,C_scene,planning,97,-0.12275849,0.0,0.0,1.0,3.1178725
2,C_scene,planning,98,0.03783178,1.0,0.4222222222222222,1.0,0.89300054
2,C_scene,planning,99,-0.11432916,0.0,0.15555555555555556,1.0,2.302496
2,C_scene,planning,100,0.119382225,1.0,0.37777777777777777,1.0,0.59425133
2,C_scene,planning,101,0.03581351,0.0,0.15555555555555556,1.0,2.141077
2,C_scene,planning,102,-0.22109562,0.0,0.0,1.0,4.818401
2,C_scene,planning,103,0.2043748,1.0,0.5777777777777777,1.0,1.0462159
2,C_scene,planning,104,-0.20210102,0.0,0.0,1.0,3.309263
2,C_scene,planning,105,-0.19167525,0.0,0.0,1.0,2.2700667
2,C_scene,planning,106,0.16151372,1.0,0.5555555555555556,1.0,1.4213212
2,C_scene,planning,107,-0.10144984,0.0,0.0,1.0,2.0644505
2,C_scene,planning,108,-0.088033594,0.0,0.0,1.0,1.7256521
2,C_scene,planning,109,-0.10784799,0.0,0.0,1.0,4.112227
2,C_scene,planning,110,-0.033919945,0.0,0.15555555555555556,1.0,2.0653212
2,C_scene,planning,111,0.012771842,0.0,0.24444444444444444,1.0,1.7921796
2,C_scene,planning,112,0.26139623,1.0,0.7111111111111111,1.0,0.7121953
2,C_scene,planning,113,0.24140131,1.0,0.6222222222222222,1.0,1.530778
2,C_scene,planning,114,-0.1720772,1.0,0.2222222222222222,1.0,0.58903855
2,C_scene,planning,115,-0.022143433,0.0,0.17777777777777778,1.0,2.3327153
2,C_scene,planning,116,-0.052928526,0.0,0.0,1.0,1.5810041
2,C_scene,planning,117,-0.44308442,0.0,0.0,1.0,4.361982
2,C_scene,planning,118,0.20465852,1.0,0.4666666666666667,1.0,1.0155264
2,C_scene,planning,119,-0.12424028,0.0,0.0,1.0,3.00029
2,C_scene,planning,120,-0.076810166,0.0,0.0,1.0,2.2931278
2,C_scene,planning,121,-0.028199768,1.0,0.3111111111111111,1.0,0.24938421
2,C_scene,planning,122,-0.19574706,0.0,0.15555555555555556,1.0,1.9407377
2,C_scene,planning,123,0.12454837,1.0,0.4888888888888889,1.0,0.27621248
2,C_scene,planning,124,-0.036100242,0.0,0.35555555555555557,1.0,1.661444
2,C_scene,planning,125,-0.1887448,0.0,0.0,1.0,2.5469506
2,C_scene,planning,126,-0.12780339,0.0,0.0,1.0,2.1673212
2,C_scene,planning,127,-0.07115086,0.0,0.2222222222222222,1.0,2.40703
2,C_scene,planning,128,-0.017651988,0.0,0.0,1.0,2.3552086
2,C_scene,planning,129,-0.21398756,0.0,0.0,1.0,3.5738645
2,C_scene,planning,130,0.029037885,1.0,0.37777777777777777,1.0,1.0136248
2,C_scene,planning,131,-0.086880036,0.0,0.13333333333333333,1.0,3.6558676
2,C_scene,planning,132,0.19994837,1.0,0.6222222222222222,1.0,1.4846138
2,C_scene,planning,133,0.09417172,1.0,0.4444444444444444,1.0,0.61103964
2,C_scene,planning,134,-0.12826441,0.0,0.0,1.0,3.2950275
2,C_scene,planning,135,-0.15002319,0.0,0.13333333333333333,1.0,4.321997
2,C_scene,planning,136,-0.036018066,1.0,0.3333333333333333,1.0,1.3280654
2,C_scene,planning,137,-0.07318094,0.0,0.0,1.0,1.6662778
2,C_scene,planning,138,-0.122321725,0.0,0.0,1.0,1.5724002
2,C_scene,planning,139,0.016663246,0.0,0.0,1.0,2.3550487
2,C_scene,planning,140,-0.14705044,0.0,0.1111111111111111,1.0,4.0975356
2,C_scene,planning,141,-0.08598819,1.0,0.2,1.0,1.3673393
2,C_scene,planning,142,-0.17229903,0.0,0.0,1.0,2.8315618
2,C_scene,planning,143,-0.11430112,0.0,0.0,1.0,3.0908058
2,C_scene,planning,144,-0.010245188,0.0,0.0,1.0,2.375559
2,C_scene,planning,145,-0.05969297,1.0,0.3333333333333333,1.0,1.494013
2,C_scene,planning,146,-0.025958864,0.0,0.1111111111111111,1.0,2.9333935
2,C_scene,planning,147,-0.16871,0.0,0.0,1.0,4.8475275
2,C_scene,planning,148,-0.08945096,1.0,0.26666666666666666,1.0,0.87409234
2,C_scene,planning,149,-0.023773985,0.0,0.0,1.0,1.8867295
2,C_scene,planning,150,-0.17826313,0.0,0.1111111111111111,1.0,5.3421164
2,C_scene,planning,151,-0.15846753,0.0,0.0,1.0,2.160382
2,C_scene,planning,152,0.01647169,0.0,0.2,1.0,2.9924746
2,C_scene,planning,153,0.06658748,1.0,0.4222222222222222,1.0,0.8927536
2,C_scene,planning,154,-0.07050215,0.0,0.17777777777777778,1.0,3.2566864
2,C_scene,planning,155,-0.07794056,1.0,0.35555555555555557,1.0,1.2604667
2,C_scene,planning,156,-0.1813335,0.0,0.0,1.0,5.822178
2,C_scene,planning,157,-0.019890929,0.0,0.0,1.0,2.490024
2,C_scene,planning,158,-0.2511509,0.0,0.0,1.0,2.400852
2,C_scene,planning,159,-0.08131903,0.0,0.1111111111111111,1.0,4.96991
2,C_scene,planning,160,-0.109406196,0.0,0.0,1.0,3.0151608
2,C_scene,planning,161,-0.024067402,0.0,0.2222222222222222,1.0,2.3732722
2,C_scene,planning,162,-0.005551509,1.0,0.3333333333333333,1.0,1.3918157
2,C_scene,planning,163,-0.08400087,0.0,0.1111111111111111,1.0,3.3202314
2,C_scene,planning,164,0.17226602,1.0,0.5333333333333333,1.0,0.6018333
2,C_scene,planning,165,-0.091391936,0.0,0.0,1.0,2.206254
2,C_scene,planning,166,-0.06071292,0.0,0.2,1.0,2.3037393
2,C_scene,planning,167,-0.3408992,0.0,0.0,1.0,2.8054044
2,C_scene,planning,168,-0.124247305,0.0,0.0,1.0,4.1515236
2,C_scene,planning,169,-0.2694875,0.0,0.0,1.0,7.043279
2,C_scene,planning,170,-0.03619631,0.0,0.08888888888888889,1.0,2.1495242
2,C_scene,planning,171,-0.15540232,0.0,0.0,1.0,1.9068742
2,C_scene,planning,172,0.099606045,0.0,0.24444444444444444,1.0,2.3394935
2,C_scene,planning,173,-0.008984271,0.0,0.0,1.0,1.9560477
2,C_scene,planning,174,-0.19084091,1.0,0.15555555555555556,1.0,1.1502123
2,C_scene,planning,175,-0.15800714,0.0,0.0,1.0,3.1739898
2,C_scene,planning,176,-0.21938255,0.0,0.13333333333333333,1.0,3.2761376
2,C_scene,planning,177,-0.083689004,0.0,0.3111111111111111,1.0,1.5711056
2,C_scene,planning,178,-0.048255228,1.0,0.35555555555555557,1.0,1.4819729
2,C_scene,planning,179,-0.11723404,0.0,0.08888888888888889,1.0,5.547452
2,C_scene,planning,180,-0.067215934,0.0,0.2,1.0,1.9925034
2,C_scene,planning,181,-0.19135348,0.0,0.0,1.0,3.5370414
2,C_scene,planning,182,-0.1975271,0.0,0.0,1.0,2.1416497
2,C_scene,planning,183,-0.06778765,1.0,0.3111111111111111,1.0,0.6527389
2,C_scene,planning,184,-0.13396305,0.0,0.0,1.0,2.745576
2,C_scene,planning,185,-0.015453326,1.0,0.28888888888888886,1.0,0.9323104
2,C_scene,planning,186,-0.23364915,0.0,0.0,1.0,2.7217734
2,C_scene,planning,187,-0.15593332,0.0,0.0,1.0,2.6728573
2,C_scene,planning,188,-0.35330626,0.0,0.0,1.0,7.9980755
2,C_scene,planning,189,-0.13542463,0.0,0.1111111111111111,1.0,4.3659005
2,C_scene,planning,190,-0.01452525,0.0,0.0,1.0,2.8388188
2,C_scene,planning,191,-0.06756812,0.0,0.0,1.0,2.8693962
2,C_scene,planning,192,-0.033435725,0.0,0.0,1.0,2.0835478
2,C_scene,planning,193,-0.067252405,0.0,0.044444444444444446,1.0,3.7378054
2,C_scene,planning,194,-0.0061152373,0.0,0.0,1.0,2.35536
2,C_scene,planning,195,0.20708391,1.0,0.4222222222222222,1.0,0.08140527
2,C_scene,planning,196,0.09426135,1.0,0.4444444444444444,1.0,1.540831
2,C_scene,planning,197,0.14499037,1.0,0.5333333333333333,1.0,0.8491634
2,C_scene,planning,198,-0.13598327,0.0,0.0,1.0,3.2577114
2,C_scene,planning,199,-0.12896535,1.0,0.17777777777777778,1.0,0.72214323
2,D_latent,planning,0,-0.17290238,0.0,0.0,1.0,2.5970004
2,D_latent,planning,1,-0.03481346,0.0,0.17777777777777778,1.0,2.781113
2,D_latent,planning,2,-0.18099022,0.0,0.08888888888888889,1.0,4.708579
2,D_latent,planning,3,-0.23235461,0.0,0.0,1.0,1.9008783
2,D_latent,planning,4,-0.22812845,0.0,0.0,1.0,4.195551
2,D_latent,planning,5,-0.19155723,0.0,0.17777777777777778,1.0,2.2897618
2,D_latent,planning,6,-0.106217556,0.0,0.0,1.0,2.4782677
2,D_latent,planning,7,-0.191016,0.0,0.0,1.0,1.6328964
2,D_latent,planning,8,0.000100775556,1.0,0.2,1.0,0.6343058
2,D_latent,planning,9,0.027096642,0.0,0.15555555555555556,1.0,3.4316962
2,D_latent,planning,10,-0.12146834,1.0,0.2222222222222222,1.0,1.2990183
2,D_latent,planning,11,-0.14577383,0.0,0.0,1.0,3.4611387
2,D_latent,planning,12,-0.1789626,0.0,0.0,1.0,3.9403017
2,D_latent,planning,13,0.10344425,1.0,0.4444444444444444,1.0,0.46846846
2,D_latent,planning,14,0.0920818,0.0,0.0,1.0,1.7649484
2,D_latent,planning,15,-0.22635108,0.0,0.1111111111111111,1.0,1.7171584
2,D_latent,planning,16,-0.15723403,1.0,0.022222222222222223,1.0,1.4990938
2,D_latent,planning,17,-0.09578849,0.0,0.1111111111111111,1.0,6.6078997
2,D_latent,planning,18,-0.0073395544,0.0,0.24444444444444444,1.0,1.6390443
2,D_latent,planning,19,-0.1890736,1.0,0.2222222222222222,1.0,0.2297375
2,D_latent,planning,20,-0.068891644,1.0,0.37777777777777777,1.0,0.8432889
2,D_latent,planning,21,0.11547721,1.0,0.4222222222222222,1.0,0.75503093
2,D_latent,planning,22,-0.13072328,0.0,0.0,1.0,2.9367597
2,D_latent,planning,23,0.03839958,1.0,0.044444444444444446,1.0,1.4887666
2,D_latent,planning,24,0.022914723,0.0,0.28888888888888886,1.0,1.7294036
2,D_latent,planning,25,-0.20381321,0.0,0.0,1.0,3.3496742
2,D_latent,planning,26,-0.08940641,0.0,0.17777777777777778,1.0,1.9367349
2,D_latent,planning,27,-0.10849741,0.0,0.1111111111111111,1.0,6.923665
2,D_latent,planning,28,-0.18071501,0.0,0.08888888888888889,1.0,3.5558941
2,D_latent,planning,29,-0.0042916955,1.0,0.4222222222222222,1.0,0.37171066
2,D_latent,planning,30,-0.14287573,1.0,0.13333333333333333,1.0,1.1728556
2,D_latent,planning,31,-0.1773998,0.0,0.0,1.0,3.4268367
2,D_latent,planning,32,-0.09474938,0.0,0.15555555555555556,1.0,3.8253055
2,D_latent,planning,33,-0.23793471,0.0,0.15555555555555556,1.0,2.343556
2,D_latent,planning,34,-0.29612356,1.0,0.1111111111111111,1.0,1.0408111
2,D_latent,planning,35,0.019884836,1.0,0.4222222222222222,1.0,0.807772
2,D_latent,planning,36,-0.087471426,0.0,0.0,1.0,4.8140993
2,D_latent,planning,37,-0.1108468,0.0,0.0,1.0,2.9741108
2,D_latent,planning,38,-0.1786866,0.0,0.13333333333333333,1.0,3.5316644
2,D_latent,planning,39,-0.23336375,0.0,0.0,1.0,4.0471725
2,D_latent,planning,40,-0.22642407,0.0,0.15555555555555556,1.0,3.3178651
2,D_latent,planning,41,-0.058031544,0.0,0.0,1.0,2.8786266
2,D_latent,planning,42,-0.2049293,0.0,0.0,1.0,4.5671215
2,D_latent,planning,43,0.07113176,1.0,0.4444444444444444,1.0,0.5958955
2,D_latent,planning,44,0.13732508,1.0,0.26666666666666666,1.0,1.1622434
2,D_latent,planning,45,-0.07006268,0.0,0.0,1.0,2.9290187
2,D_latent,planning,46,-0.016024282,0.0,0.0,1.0,2.1468298
2,D_latent,planning,47,0.14746377,0.0,0.35555555555555557,1.0,2.3232827
2,D_latent,planning,48,-0.1816628,0.0,0.0,1.0,2.0010564
2,D_latent,planning,49,-0.121028975,0.0,0.0,1.0,2.9049242
2,D_latent,planning,50,-0.17846063,0.0,0.24444444444444444,1.0,1.8452318
2,D_latent,planning,51,-0.15893018,0.0,0.15555555555555556,1.0,3.0998032
2,D_latent,planning,52,-0.13027932,0.0,0.0,1.0,3.2232344
2,D_latent,planning,53,-0.049296327,0.0,0.0,1.0,2.3218565
2,D_latent,planning,54,-0.08595939,0.0,0.06666666666666667,1.0,3.7186005
2,D_latent,planning,55,-0.22525683,0.0,0.0,1.0,4.548666
2,D_latent,planning,56,0.0023203022,1.0,0.35555555555555557,1.0,0.77277184
2,D_latent,planning,57,-0.075365536,0.0,0.0,1.0,2.8759663
2,D_latent,planning,58,0.033324715,1.0,0.3333333333333333,1.0,0.4440988
2,D_latent,planning,59,0.04070677,0.0,0.26666666666666666,1.0,1.8716307
2,D_latent,planning,60,-0.09086948,0.0,0.022222222222222223,1.0,4.763138
2,D_latent,planning,61,-0.16469721,0.0,0.0,1.0,2.7843506
2,D_latent,planning,62,-0.17365414,1.0,0.3111111111111111,1.0,1.3614824
2,D_latent,planning,63,0.012529029,1.0,0.4666666666666667,1.0,1.5074136
2,D_latent,planning,64,-0.12315748,0.0,0.1111111111111111,1.0,4.1032
2,D_latent,planning,65,0.051944405,1.0,0.08888888888888889,1.0,1.4877726
2,D_latent,planning,66,-0.0045212996,0.0,0.0,1.0,1.6060417
2,D_latent,planning,67,-0.16352132,0.0,0.0,1.0,2.7515082
2,D_latent,planning,68,0.17368175,0.0,0.4444444444444444,1.0,2.0387392
2,D_latent,planning,69,0.012550988,0.0,0.0,1.0,2.396465
2,D_latent,planning,70,0.07877864,0.0,0.3333333333333333,1.0,2.3987548
2,D_latent,planning,71,-0.18167627,0.0,0.06666666666666667,1.0,5.19842
2,D_latent,planning,72,-0.33868998,0.0,0.0,1.0,3.1686394
2,D_latent,planning,73,-0.13511562,0.0,0.0,1.0,4.9187737
2,D_latent,planning,74,-0.29277846,0.0,0.0,1.0,1.9132867
2,D_latent,planning,75,-0.25500083,0.0,0.0,1.0,2.8476613
2,D_latent,planning,76,-0.22986205,0.0,0.0,1.0,3.7026157
2,D_latent,planning,77,0.0072251526,0.0,0.2,1.0,1.9168404
2,D_latent,planning,78,0.19150604,0.0,0.37777777777777777,1.0,2.022265
2,D_latent,planning,79,-0.19377281,0.0,0.0,1.0,3.7862024
2,D_latent,planning,80,0.04790204,0.0,0.0,1.0,2.789205
2,D_latent,planning,81,-0.0073951827,0.0,0.2,1.0,3.4447272
2,D_latent,planning,82,0.0060798246,1.0,0.3333333333333333,1.0,0.44042033
2,D_latent,planning,83,-0.04725091,0.0,0.0,1.0,2.232001
2,D_latent,planning,84,-0.014647754,0.0,0.06666666666666667,1.0,2.5339494
2,D_latent,planning,85,-0.15255345,0.0,0.0,1.0,3.0680244
2,D_latent,planning,86,-0.14719215,0.0,0.0,1.0,1.6220329
2,D_latent,planning,87,-0.31734312,0.0,0.0,1.0,2.2327251
2,D_latent,planning,88,0.060931932,0.0,0.2,1.0,2.1108522
2,D_latent,planning,89,0.08311695,0.0,0.4666666666666667,1.0,1.561555
2,D_latent,planning,90,0.068041205,0.0,0.3333333333333333,1.0,1.6150777
2,D_latent,planning,91,-0.0068017277,0.0,0.2,1.0,1.9101036
2,D_latent,planning,92,-0.39360672,0.0,0.08888888888888889,1.0,2.3877208
2,D_latent,planning,93,-0.019315548,0.0,0.0,1.0,3.725188
2,D_latent,planning,94,-0.05716137,0.0,0.0,1.0,2.5174017
2,D_latent,planning,95,-0.053520437,0.0,0.0,1.0,3.397132
2,D_latent,planning,96,-0.09163232,0.0,0.0,1.0,2.7828157
2,D_latent,planning,97,-0.08721809,0.0,0.0,1.0,2.8940732
2,D_latent,planning,98,-0.09506536,0.0,0.13333333333333333,1.0,3.3763573
2,D_latent,planning,99,-0.07084516,1.0,0.3111111111111111,1.0,1.4984231
2,D_latent,planning,100,0.17029291,1.0,0.5111111111111111,1.0,1.4058365
2,D_latent,planning,101,0.0054331482,0.0,0.2,1.0,3.345767
2,D_latent,planning,102,-0.20214146,0.0,0.0,1.0,3.53283
2,D_latent,planning,103,-0.06727212,0.0,0.0,1.0,3.3893797
2,D_latent,planning,104,-0.058875456,0.0,0.0,1.0,1.5676816
2,D_latent,planning,105,-0.11929969,0.0,0.15555555555555556,1.0,2.5795715
2,D_latent,planning,106,0.121553816,1.0,0.4222222222222222,1.0,0.976352
2,D_latent,planning,107,-0.0016743164,0.0,0.35555555555555557,1.0,1.6628321
2,D_latent,planning,108,-0.045835435,1.0,0.13333333333333333,1.0,1.1106474
2,D_latent,planning,109,0.010186281,0.0,0.06666666666666667,1.0,2.1645586
2,D_latent,planning,110,-0.10776724,0.0,0.1111111111111111,1.0,3.84545
2,D_latent,planning,111,-0.06865008,0.0,0.0,1.0,2.6103642
2,D_latent,planning,112,0.09407626,0.0,0.15555555555555556,1.0,1.9412209
2,D_latent,planning,113,0.072852105,0.0,0.0,1.0,2.6980329
2,D_latent,planning,114,-0.19857436,0.0,0.13333333333333333,1.0,2.7636716
2,D_latent,planning,115,-0.041361403,0.0,0.17777777777777778,1.0,2.4757621
2,D_latent,planning,116,0.011567774,0.0,0.06666666666666667,1.0,2.4791992
2,D_latent,planning,117,-0.33571625,1.0,0.15555555555555556,1.0,0.4070409
2,D_latent,planning,118,0.065006346,0.0,0.0,1.0,3.111829
2,D_latent,planning,119,-0.11271402,0.0,0.0,1.0,4.001378
2,D_latent,planning,120,-0.063831545,0.0,0.0,1.0,1.6383017
2,D_latent,planning,121,-0.05300453,1.0,0.28888888888888886,1.0,1.2909684
2,D_latent,planning,122,-0.19152401,0.0,0.15555555555555556,1.0,1.9329972
2,D_latent,planning,123,-0.070626505,0.0,0.1111111111111111,1.0,1.9062078
2,D_latent,planning,124,-0.075687476,0.0,0.2,1.0,2.2986484
2,D_latent,planning,125,0.038037892,1.0,0.4444444444444444,1.0,1.1795357
2,D_latent,planning,126,0.051461067,1.0,0.3333333333333333,1.0,0.41052696
2,D_latent,planning,127,-0.112481974,0.0,0.06666666666666667,1.0,2.321779
2,D_latent,planning,128,-0.05948506,0.0,0.0,1.0,3.1211445
2,D_latent,planning,129,-0.076588,0.0,0.0,1.0,2.5237522
2,D_latent,planning,130,0.08493816,1.0,0.4666666666666667,1.0,0.6369436
2,D_latent,planning,131,-0.06696697,0.0,0.15555555555555556,1.0,2.9548256
2,D_latent,planning,132,0.054208834,1.0,0.2222222222222222,1.0,1.302478
2,D_latent,planning,133,-0.10606622,0.0,0.0,1.0,2.5427003
2,D_latent,planning,134,-0.13771199,0.0,0.0,1.0,4.7047577
2,D_latent,planning,135,-0.21822084,0.0,0.0,1.0,4.24772
2,D_latent,planning,136,-0.070627704,0.0,0.0,1.0,2.0961766
2,D_latent,planning,137,-0.0998253,0.0,0.0,1.0,2.0748427
2,D_latent,planning,138,-0.042180795,0.0,0.28888888888888886,1.0,1.6988531
2,D_latent,planning,139,-0.10843749,0.0,0.0,1.0,3.7420652
2,D_latent,planning,140,-0.16413794,0.0,0.1111111111111111,1.0,5.426023
2,D_latent,planning,141,-0.04936671,0.0,0.2,1.0,2.770831
2,D_latent,planning,142,-0.21336627,0.0,0.0,1.0,4.533402
2,D_latent,planning,143,0.027666235,1.0,0.4444444444444444,1.0,1.2565234
2,D_latent,planning,144,0.111026585,0.0,0.37777777777777777,1.0,1.6835124
2,D_latent,planning,145,-0.144395,0.0,0.0,1.0,2.596371
2,D_latent,planning,146,0.060869984,0.0,0.26666666666666666,1.0,1.7352272
2,D_latent,planning,147,0.04223328,1.0,0.26666666666666666,1.0,1.1291758
2,D_latent,planning,148,-0.19432499,0.0,0.0,1.0,3.437424
2,D_latent,planning,149,-0.041149475,0.0,0.0,1.0,1.9791757
2,D_latent,planning,150,-0.16526239,0.0,0.1111111111111111,1.0,2.5969527
2,D_latent,planning,151,-0.08417233,0.0,0.0,1.0,1.7632049
2,D_latent,planning,152,0.043054946,0.0,0.24444444444444444,1.0,2.9106295
2,D_latent,planning,153,-0.15634099,0.0,0.0,1.0,4.5859704
2,D_latent,planning,154,-0.22206415,0.0,0.0,1.0,5.525939
2,D_latent,planning,155,-0.04712667,1.0,0.37777777777777777,1.0,0.8241052
2,D_latent,planning,156,-0.11692135,0.0,0.0,1.0,2.0314136
2,D_latent,planning,157,0.15945198,1.0,0.4666666666666667,1.0,0.657343
2,D_latent,planning,158,-0.11467733,0.0,0.15555555555555556,1.0,3.2744088
2,D_latent,planning,159,-0.025158953,0.0,0.13333333333333333,1.0,1.8355577
2,D_latent,planning,160,0.04749508,1.0,0.17777777777777778,1.0,1.1345328
2,D_latent,planning,161,-0.11777503,0.0,0.0,1.0,3.3103294
2,D_latent,planning,162,-0.023656627,0.0,0.0,1.0,1.59646
2,D_latent,planning,163,-0.073350824,0.0,0.15555555555555556,1.0,3.4859645
2,D_latent,planning,164,0.24902397,1.0,0.6666666666666666,1.0,0.08211199
2,D_latent,planning,165,-0.108699866,0.0,0.0,1.0,2.4673939
2,D_latent,planning,166,-0.037618734,0.0,0.26666666666666666,1.0,2.485227
2,D_latent,planning,167,-0.22349975,1.0,0.06666666666666667,1.0,1.5403832
2,D_latent,planning,168,0.039577518,0.0,0.2222222222222222,1.0,3.0045643
2,D_latent,planning,169,-0.19814898,0.0,0.0,1.0,3.9683707
2,D_latent,planning,170,0.07532509,1.0,0.24444444444444444,1.0,0.8463823
2,D_latent,planning,171,-0.19887848,0.0,0.0,1.0,2.575344
2,D_latent,planning,172,0.129911,1.0,0.35555555555555557,1.0,0.29374772
2,D_latent,planning,173,0.063324556,1.0,0.2222222222222222,1.0,1.2074993
2,D_latent,planning,174,-0.15535764,0.0,0.2,1.0,1.7437687
2,D_latent,planning,175,-0.13300198,0.0,0.13333333333333333,1.0,4.127707
2,D_latent,planning,176,-0.14639352,1.0,0.35555555555555557,1.0,1.2167753
2,D_latent,planning,177,-0.063472375,1.0,0.4,1.0,0.36234033
2,D_latent,planning,178,-0.02559244,1.0,0.24444444444444444,1.0,1.5255314
2,D_latent,planning,179,-0.111942895,0.0,0.06666666666666667,1.0,3.5270503
2,D_latent,planning,180,-0.12969765,0.0,0.1111111111111111,1.0,2.9399977
2,D_latent,planning,181,-0.14982028,0.0,0.0,1.0,3.8456736
2,D_latent,planning,182,-0.19284616,0.0,0.0,1.0,3.5546541
2,D_latent,planning,183,-0.23316102,0.0,0.0,1.0,3.6877441
2,D_latent,planning,184,-0.17804335,0.0,0.0,1.0,4.5657496
2,D_latent,planning,185,0.06707088,0.0,0.35555555555555557,1.0,1.6617017
2,D_latent,planning,186,-0.030787589,1.0,0.4222222222222222,1.0,1.4537458
2,D_latent,planning,187,-0.02437712,0.0,0.3111111111111111,1.0,1.9440018
2,D_latent,planning,188,-0.2988915,0.0,0.0,1.0,2.8003182
2,D_latent,planning,189,-0.1177716,0.0,0.13333333333333333,1.0,4.036767
2,D_latent,planning,190,0.072787724,0.0,0.0,1.0,2.1613476
2,D_latent,planning,191,0.020881936,0.0,0.0,1.0,2.2509522
2,D_latent,planning,192,0.09243495,1.0,0.4666666666666667,1.0,1.4208894
2,D_latent,planning,193,-0.10873326,0.0,0.0,1.0,4.1803656
2,D_latent,planning,194,-0.061505158,0.0,0.0,1.0,3.844236
2,D_latent,planning,195,-0.07983172,0.0,0.0,1.0,5.067862
2,D_latent,planning,196,0.14845888,1.0,0.6666666666666666,1.0,1.0232296
2,D_latent,planning,197,0.03882899,0.0,0.2222222222222222,1.0,2.6884313
2,D_latent,planning,198,0.15289599,1.0,0.5333333333333333,1.0,0.6520717
2,D_latent,planning,199,-0.11732977,1.0,0.15555555555555556,1.0,1.402772
