seed,model,condition,episode,return,success,time_in_radius,chose_active,final_dist_px
0,A_recon,in_distribution,0,-0.32538474,0.0,0.0,1.0,8.929179
0,A_recon,in_distribution,1,-0.405418,0.0,0.0,1.0,12.579443
0,A_recon,in_distribution,2,-0.62635046,0.0,0.0,0.0,17.917807
0,A_recon,in_distribution,3,-0.38001704,0.0,0.0,0.0,10.396379
0,A_recon,in_distribution,4,-0.23259218,0.0,0.0,1.0,5.9772587
0,A_recon,in_distribution,5,-0.6841339,0.0,0.0,0.0,22.655638
0,A_recon,in_distribution,6,-0.38315994,0.0,0.0,1.0,11.888473
0,A_recon,in_distribution,7,-0.50366116,0.0,0.0,0.0,12.457233
0,A_recon,in_distribution,8,-0.4423315,0.0,0.0,1.0,12.870615
0,A_recon,in_distribution,9,-0.50054103,0.0,0.0,0.0,15.373312
0,A_recon,in_distribution,10,-0.65203696,0.0,0.0,0.0,22.508194
0,A_recon,in_distribution,11,-0.6646437,0.0,0.0,0.0,19.960453
0,A_recon,in_distribution,12,-0.2174612,0.0,0.0,1.0,8.586798
0,A_recon,in_distribution,13,-0.720517,0.0,0.0,0.0,22.093542
0,A_recon,in_distribution,14,-0.32817635,0.0,0.0,0.0,10.89592
0,A_recon,in_distribution,15,-0.6812689,0.0,0.0,0.0,21.801508
0,A_recon,in_distribution,16,-0.2818671,0.0,0.0,1.0,10.951475
0,A_recon,in_distribution,17,-0.14988261,0.0,0.0,1.0,5.6668077
0,A_recon,in_distribution,18,-0.60789675,0.0,0.0,0.0,22.743889
0,A_recon,in_distribution,19,-0.6461234,0.0,0.0,0.0,19.061214
0,A_recon,in_distribution,20,-0.35607648,0.0,0.0,0.0,13.388557
0,A_recon,in_distribution,21,-0.090775445,0.0,0.0,1.0,1.7636358
0,A_recon,in_distribution,22,-0.21597064,0.0,0.0,1.0,6.251808
0,A_recon,in_distribution,23,0.11379014,0.0,0.4222222222222222,1.0,1.5899535
0,A_recon,in_distribution,24,-0.31776255,0.0,0.0,1.0,8.112577
0,A_recon,in_distribution,25,-0.4599566,0.0,0.0,0.0,14.814629
0,A_recon,in_distribution,26,-0.16033289,0.0,0.0,1.0,6.1844974
0,A_recon,in_distribution,27,-0.08692403,0.0,0.0,1.0,2.8778217
0,A_recon,in_distribution,28,-0.1406749,0.0,0.0,1.0,2.8650687
0,A_recon,in_distribution,29,-0.48590678,0.0,0.0,1.0,17.968725
0,A_recon,in_distribution,30,-0.61802006,0.0,0.0,1.0,21.288483
0,A_recon,in_distribution,31,-0.43535903,0.0,0.0,0.0,14.113359
0,A_recon,in_distribution,32,-0.70799005,0.0,0.0,0.0,22.091753
0,A_recon,in_distribution,33,-0.26557383,0.0,0.0,1.0,10.14591
0,A_recon,in_distribution,34,-0.31108886,0.0,0.0,1.0,7.3624296
0,A_recon,in_distribution,35,-0.32717532,0.0,0.0,1.0,12.690944
0,A_recon,in_distribution,36,-0.23069471,0.0,0.0,1.0,7.6620727
0,A_recon,in_distribution,37,-0.71944463,0.0,0.0,0.0,23.752874
0,A_recon,in_distribution,38,-0.4220746,0.0,0.0,0.0,15.881069
0,A_recon,in_distribution,39,-0.4749074,0.0,0.0,0.0,11.186
0,A_recon,in_distribution,40,-0.40493536,0.0,0.0,0.0,13.830763
0,A_recon,in_distribution,41,-0.012824739,0.0,0.2,1.0,4.464455
0,A_recon,in_distribution,42,-0.25494716,0.0,0.0,1.0,6.641182
0,A_recon,in_distribution,43,-0.38793647,0.0,0.0,1.0,14.467445
0,A_recon,in_distribution,44,-0.27140144,0.0,0.0,1.0,6.2673974
0,A_recon,in_distribution,45,-0.41288126,0.0,0.0,1.0,12.707623
0,A_recon,in_distribution,46,-0.53389686,0.0,0.0,0.0,14.462124
0,A_recon,in_distribution,47,-0.19136234,0.0,0.0,1.0,7.0077906
0,A_recon,in_distribution,48,-0.538454,0.0,0.0,1.0,18.931988
0,A_recon,in_distribution,49,-0.48186335,0.0,0.0,0.0,19.643677
0,A_recon,in_distribution,50,-0.25929615,0.0,0.0,1.0,6.8697844
0,A_recon,in_distribution,51,-0.7319489,0.0,0.0,0.0,25.822138
0,A_recon,in_distribution,52,-0.27275687,0.0,0.0,0.0,11.077251
0,A_recon,in_distribution,53,-0.48548526,0.0,0.0,1.0,14.156282
0,A_recon,in_distribution,54,-0.18575308,0.0,0.0,1.0,6.592332
0,A_recon,in_distribution,55,-0.5455409,0.0,0.0,0.0,18.424536
0,A_recon,in_distribution,56,-0.005845882,0.0,0.17777777777777778,1.0,6.014087
0,A_recon,in_distribution,57,-0.8653804,0.0,0.0,0.0,30.125187
0,A_recon,in_distribution,58,-0.41682643,0.0,0.0,0.0,14.711973
0,A_recon,in_distribution,59,-0.53458446,0.0,0.0,0.0,19.2944
0,A_recon,in_distribution,60,-0.47345832,0.0,0.0,1.0,7.375586
0,A_recon,in_distribution,61,-0.3295945,0.0,0.0,0.0,10.689694
0,A_recon,in_distribution,62,-0.57665247,0.0,0.0,0.0,23.793638
0,A_recon,in_distribution,63,-0.23520064,0.0,0.0,1.0,6.999961
0,A_recon,in_distribution,64,-0.6258045,0.0,0.0,0.0,22.602665
0,A_recon,in_distribution,65,0.028073223,0.0,0.0,1.0,2.9077396
0,A_recon,in_distribution,66,-0.085258335,0.0,0.13333333333333333,1.0,10.342199
0,A_recon,in_distribution,67,-0.20561369,0.0,0.0,1.0,7.631073
0,A_recon,in_distribution,68,-0.73033226,0.0,0.0,0.0,20.38141
0,A_recon,in_distribution,69,-0.4167853,0.0,0.0,0.0,14.703859
0,A_recon,in_distribution,70,-0.3456935,0.0,0.0,1.0,11.6071
0,A_recon,in_distribution,71,-0.57503,0.0,0.0,0.0,16.543287
0,A_recon,in_distribution,72,0.12854679,0.0,0.24444444444444444,1.0,2.7773335
0,A_recon,in_distribution,73,-0.33591408,0.0,0.0,1.0,10.074859
0,A_recon,in_distribution,74,-0.6095701,0.0,0.0,0.0,22.059929
0,A_recon,in_distribution,75,-0.42395455,0.0,0.0,1.0,13.251063
0,A_recon,in_distribution,76,-0.2571217,0.0,0.0,1.0,6.283725
0,A_recon,in_distribution,77,-0.5623073,0.0,0.0,0.0,16.87061
0,A_recon,in_distribution,78,-0.41868538,0.0,0.0,1.0,14.736123
0,A_recon,in_distribution,79,-0.2396346,0.0,0.0,1.0,5.3777747
0,A_recon,in_distribution,80,-0.7012998,0.0,0.0,0.0,21.610167
0,A_recon,in_distribution,81,-0.5752399,0.0,0.0,1.0,19.014048
0,A_recon,in_distribution,82,-0.41181526,0.0,0.0,1.0,11.14077
0,A_recon,in_distribution,83,-0.7920291,0.0,0.0,0.0,26.38412
0,A_recon,in_distribution,84,-0.456441,0.0,0.0,1.0,14.657059
0,A_recon,in_distribution,85,-0.73493373,0.0,0.0,0.0,25.985804
0,A_recon,in_distribution,86,-0.516042,0.0,0.0,0.0,18.121946
0,A_recon,in_distribution,87,-0.24862741,0.0,0.0,1.0,7.704537
0,A_recon,in_distribution,88,-0.2828812,0.0,0.0,1.0,10.823889
0,A_recon,in_distribution,89,-0.2646822,0.0,0.0,0.0,8.487792
0,A_recon,in_distribution,90,-0.5431927,0.0,0.0,0.0,15.879295
0,A_recon,in_distribution,91,-0.67085785,0.0,0.0,0.0,21.103802
0,A_recon,in_distribution,92,-0.37891376,0.0,0.0,0.0,13.555891
0,A_recon,in_distribution,93,-0.46697474,0.0,0.0,1.0,14.239229
0,A_recon,in_distribution,94,-0.22526139,0.0,0.0,1.0,7.260204
0,A_recon,in_distribution,95,-0.47527945,0.0,0.0,0.0,12.969593
0,A_recon,in_distribution,96,-0.38516527,0.0,0.0,0.0,10.461912
0,A_recon,in_distribution,97,-0.49523884,0.0,0.0,0.0,19.035719
0,A_recon,in_distribution,98,-0.30589184,0.0,0.0,1.0,12.325959
0,A_recon,in_distribution,99,-0.6251116,0.0,0.0,0.0,19.58784
0,A_recon,4_distractors,0,-0.32539967,0.0,0.0,1.0,8.578522
0,A_recon,4_distractors,1,-0.40809408,0.0,0.0,1.0,12.705567
0,A_recon,4_distractors,2,-0.5830371,0.0,0.0,0.0,17.042265
0,A_recon,4_distractors,3,-0.36151454,0.0,0.0,1.0,9.669909
0,A_recon,4_distractors,4,-0.2670596,0.0,0.0,1.0,7.3620973
0,A_recon,4_distractors,5,-0.6678592,0.0,0.0,0.0,21.153807
0,A_recon,4_distractors,6,-0.37045106,0.0,0.0,1.0,11.108711
0,A_recon,4_distractors,7,-0.6547556,0.0,0.0,0.0,20.44505
0,A_recon,4_distractors,8,-0.48552874,0.0,0.0,1.0,14.738729
0,A_recon,4_distractors,9,-0.40540734,0.0,0.0,0.0,12.010294
0,A_recon,4_distractors,10,-0.6675771,0.0,0.0,0.0,22.28058
0,A_recon,4_distractors,11,-0.6767497,0.0,0.0,0.0,20.973982
0,A_recon,4_distractors,12,-0.22923204,0.0,0.0,1.0,9.225357
0,A_recon,4_distractors,13,-0.7584447,0.0,0.0,0.0,23.922628
0,A_recon,4_distractors,14,-0.34643877,0.0,0.0,0.0,11.65042
0,A_recon,4_distractors,15,-0.67386067,0.0,0.0,0.0,21.848732
0,A_recon,4_distractors,16,-0.26654175,0.0,0.0,1.0,10.172535
0,A_recon,4_distractors,17,-0.15358084,0.0,0.0,1.0,5.3475866
0,A_recon,4_distractors,18,-0.6053117,0.0,0.0,0.0,22.464672
0,A_recon,4_distractors,19,-0.69738615,0.0,0.0,0.0,22.34318
0,A_recon,4_distractors,20,-0.3172974,0.0,0.0,0.0,11.21758
0,A_recon,4_distractors,21,-0.17018746,0.0,0.0,1.0,4.358492
0,A_recon,4_distractors,22,-0.20986962,0.0,0.0,1.0,6.011352
0,A_recon,4_distractors,23,0.08019513,1.0,0.3333333333333333,1.0,0.859778
0,A_recon,4_distractors,24,-0.32508677,0.0,0.0,1.0,8.11887
0,A_recon,4_distractors,25,-0.4956567,0.0,0.0,0.0,16.432795
0,A_recon,4_distractors,26,-0.15244463,0.0,0.0,1.0,5.7460613
0,A_recon,4_distractors,27,-0.12953368,0.0,0.0,1.0,4.5366473
0,A_recon,4_distractors,28,-0.14022176,0.0,0.0,1.0,3.5466282
0,A_recon,4_distractors,29,-0.5030326,0.0,0.0,1.0,18.80663
0,A_recon,4_distractors,30,-0.6148774,0.0,0.0,1.0,21.271608
0,A_recon,4_distractors,31,-0.42828125,0.0,0.0,0.0,13.840673
0,A_recon,4_distractors,32,-0.72687584,0.0,0.0,0.0,23.36566
0,A_recon,4_distractors,33,-0.27210912,0.0,0.0,0.0,10.619774
0,A_recon,4_distractors,34,-0.3802869,0.0,0.0,0.0,10.099288
0,A_recon,4_distractors,35,-0.32807082,0.0,0.0,1.0,13.153447
0,A_recon,4_distractors,36,-0.23675036,0.0,0.0,1.0,8.0102625
0,A_recon,4_distractors,37,-0.7259816,0.0,0.0,0.0,24.608858
0,A_recon,4_distractors,38,-0.4159375,0.0,0.0,0.0,15.413562
0,A_recon,4_distractors,39,-0.4393736,0.0,0.0,0.0,9.371175
0,A_recon,4_distractors,40,-0.42620847,0.0,0.0,0.0,14.65543
0,A_recon,4_distractors,41,-0.08855667,0.0,0.0,1.0,4.940082
0,A_recon,4_distractors,42,-0.24978769,0.0,0.0,1.0,6.556427
0,A_recon,4_distractors,43,-0.37498745,0.0,0.0,1.0,13.704917
0,A_recon,4_distractors,44,-0.24510027,0.0,0.0,1.0,3.7225075
0,A_recon,4_distractors,45,-0.41727325,0.0,0.0,1.0,12.8502655
0,A_recon,4_distractors,46,-0.5560707,0.0,0.0,0.0,15.3845005
0,A_recon,4_distractors,47,-0.17992157,0.0,0.0,1.0,6.2775435
0,A_recon,4_distractors,48,-0.5438004,0.0,0.0,1.0,18.801624
0,A_recon,4_distractors,49,-0.47806582,0.0,0.0,0.0,19.538115
0,A_recon,4_distractors,50,-0.30870396,0.0,0.0,1.0,9.355519
0,A_recon,4_distractors,51,-0.72815466,0.0,0.0,0.0,25.817623
0,A_recon,4_distractors,52,-0.27615052,0.0,0.0,0.0,11.316572
0,A_recon,4_distractors,53,-0.44270232,0.0,0.0,1.0,12.071943
0,A_recon,4_distractors,54,-0.1635621,0.0,0.0,1.0,6.558663
0,A_recon,4_distractors,55,-0.571697,0.0,0.0,0.0,19.774414
0,A_recon,4_distractors,56,0.010577974,0.0,0.2,1.0,5.97031
0,A_recon,4_distractors,57,-0.86856097,0.0,0.0,0.0,30.398209
0,A_recon,4_distractors,58,-0.4469934,0.0,0.0,0.0,16.640581
0,A_recon,4_distractors,59,-0.5286063,0.0,0.0,0.0,19.05349
0,A_recon,4_distractors,60,-0.48235038,0.0,0.0,1.0,8.5135565
0,A_recon,4_distractors,61,-0.31093904,0.0,0.0,0.0,9.159107
0,A_recon,4_distractors,62,-0.57463163,0.0,0.0,0.0,23.336086
0,A_recon,4_distractors,63,-0.2383905,0.0,0.0,1.0,7.2939076
0,A_recon,4_distractors,64,-0.64042735,0.0,0.0,0.0,22.932758
0,A_recon,4_distractors,65,0.025442267,0.0,0.0,1.0,2.4426813
0,A_recon,4_distractors,66,-0.06849367,0.0,0.13333333333333333,1.0,8.786003
0,A_recon,4_distractors,67,-0.19715077,0.0,0.0,1.0,7.24791
0,A_recon,4_distractors,68,-0.6309855,0.0,0.0,0.0,14.566924
0,A_recon,4_distractors,69,-0.4329408,0.0,0.0,0.0,16.571344
0,A_recon,4_distractors,70,-0.32709292,0.0,0.0,1.0,10.345667
0,A_recon,4_distractors,71,-0.57186306,0.0,0.0,0.0,16.314713
0,A_recon,4_distractors,72,0.032251332,0.0,0.08888888888888889,1.0,3.1206117
0,A_recon,4_distractors,73,-0.32516432,0.0,0.0,1.0,9.454944
0,A_recon,4_distractors,74,-0.6124596,0.0,0.0,0.0,22.091206
0,A_recon,4_distractors,75,-0.43721431,0.0,0.0,1.0,13.6683235
0,A_recon,4_distractors,76,-0.22774068,0.0,0.0,1.0,5.065732
0,A_recon,4_distractors,77,-0.5615663,0.0,0.0,0.0,17.211721
0,A_recon,4_distractors,78,-0.43159744,0.0,0.0,1.0,15.961062
0,A_recon,4_distractors,79,-0.22879134,0.0,0.0,1.0,4.8048124
0,A_recon,4_distractors,80,-0.7001192,0.0,0.0,0.0,21.451874
0,A_recon,4_distractors,81,-0.5633243,0.0,0.0,1.0,18.70071
0,A_recon,4_distractors,82,-0.5036726,0.0,0.0,1.0,15.134091
0,A_recon,4_distractors,83,-0.79298335,0.0,0.0,0.0,26.743677
0,A_recon,4_distractors,84,-0.44644427,0.0,0.0,1.0,13.722268
0,A_recon,4_distractors,85,-0.7190406,0.0,0.0,0.0,23.942827
0,A_recon,4_distractors,86,-0.51290596,0.0,0.0,0.0,17.906826
0,A_recon,4_distractors,87,-0.24625519,0.0,0.0,1.0,7.3339114
0,A_recon,4_distractors,88,-0.28676096,0.0,0.0,1.0,11.1115055
0,A_recon,4_distractors,89,-0.26847205,0.0,0.0,0.0,8.92093
0,A_recon,4_distractors,90,-0.48847,0.0,0.0,0.0,12.512497
0,A_recon,4_distractors,91,-0.64147705,0.0,0.0,0.0,18.36315
0,A_recon,4_distractors,92,-0.3797783,0.0,0.0,0.0,13.750322
0,A_recon,4_distractors,93,-0.64138377,0.0,0.0,0.0,20.371687
0,A_recon,4_distractors,94,-0.22463197,0.0,0.0,1.0,7.116643
0,A_recon,4_distractors,95,-0.48265067,0.0,0.0,0.0,13.450464
0,A_recon,4_distractors,96,-0.4409265,0.0,0.0,0.0,11.518164
0,A_recon,4_distractors,97,-0.45357135,0.0,0.0,0.0,16.47792
0,A_recon,4_distractors,98,-0.27674723,0.0,0.0,1.0,10.564213
0,A_recon,4_distractors,99,-0.62725663,0.0,0.0,0.0,19.595032
0,A_recon,fast_distractors,0,-0.32547387,0.0,0.0,1.0,9.104027
0,A_recon,fast_distractors,1,-0.40850672,0.0,0.0,1.0,12.715525
0,A_recon,fast_distractors,2,-0.61485445,0.0,0.0,0.0,17.355972
0,A_recon,fast_distractors,3,-0.37936756,0.0,0.0,0.0,10.443191
0,A_recon,fast_distractors,4,-0.2273905,0.0,0.0,1.0,5.958184
0,A_recon,fast_distractors,5,-0.6795066,0.0,0.0,0.0,22.305206
0,A_recon,fast_distractors,6,-0.37903735,0.0,0.0,1.0,11.707037
0,A_recon,fast_distractors,7,-0.5691115,0.0,0.0,0.0,15.749185
0,A_recon,fast_distractors,8,-0.43671927,0.0,0.0,1.0,12.567246
0,A_recon,fast_distractors,9,-0.5045089,0.0,0.0,0.0,15.649075
0,A_recon,fast_distractors,10,-0.6530919,0.0,0.0,0.0,23.368116
0,A_recon,fast_distractors,11,-0.66814107,0.0,0.0,0.0,20.30869
0,A_recon,fast_distractors,12,-0.21665105,0.0,0.0,1.0,8.276424
0,A_recon,fast_distractors,13,-0.72692186,0.0,0.0,0.0,22.55639
0,A_recon,fast_distractors,14,-0.32928053,0.0,0.0,0.0,10.925444
0,A_recon,fast_distractors,15,-0.67860067,0.0,0.0,0.0,21.471495
0,A_recon,fast_distractors,16,-0.28287157,0.0,0.0,1.0,10.94311
0,A_recon,fast_distractors,17,-0.14910343,0.0,0.0,1.0,5.6172366
0,A_recon,fast_distractors,18,-0.6054474,0.0,0.0,0.0,22.587328
0,A_recon,fast_distractors,19,-0.6484197,0.0,0.0,0.0,19.455795
0,A_recon,fast_distractors,20,-0.360799,0.0,0.0,0.0,13.496625
0,A_recon,fast_distractors,21,-0.11706629,0.0,0.0,1.0,2.1717749
0,A_recon,fast_distractors,22,-0.2132203,0.0,0.0,1.0,5.8400183
0,A_recon,fast_distractors,23,0.13907114,1.0,0.4444444444444444,1.0,0.9325776
0,A_recon,fast_distractors,24,-0.32482842,0.0,0.0,1.0,8.424781
0,A_recon,fast_distractors,25,-0.4618309,0.0,0.0,0.0,15.429198
0,A_recon,fast_distractors,26,-0.15904133,0.0,0.0,1.0,6.0599933
0,A_recon,fast_distractors,27,-0.09722429,0.0,0.0,1.0,3.3533854
0,A_recon,fast_distractors,28,-0.15272692,0.0,0.0,1.0,3.2639813
0,A_recon,fast_distractors,29,-0.4858795,0.0,0.0,1.0,17.872612
0,A_recon,fast_distractors,30,-0.61808836,0.0,0.0,1.0,21.319895
0,A_recon,fast_distractors,31,-0.43455452,0.0,0.0,0.0,14.060542
0,A_recon,fast_distractors,32,-0.708696,0.0,0.0,0.0,22.11871
0,A_recon,fast_distractors,33,-0.2654013,0.0,0.0,1.0,10.186896
0,A_recon,fast_distractors,34,-0.31344378,0.0,0.0,1.0,7.662779
0,A_recon,fast_distractors,35,-0.3275017,0.0,0.0,1.0,12.743753
0,A_recon,fast_distractors,36,-0.22685362,0.0,0.0,1.0,7.4144983
0,A_recon,fast_distractors,37,-0.7199912,0.0,0.0,0.0,23.858868
0,A_recon,fast_distractors,38,-0.42233166,0.0,0.0,0.0,15.976759
0,A_recon,fast_distractors,39,-0.46955654,0.0,0.0,0.0,10.882114
0,A_recon,fast_distractors,40,-0.40468335,0.0,0.0,0.0,13.883993
0,A_recon,fast_distractors,41,2.659791e-05,0.0,0.2,1.0,4.5596538
0,A_recon,fast_distractors,42,-0.2570573,0.0,0.0,1.0,6.672439
0,A_recon,fast_distractors,43,-0.39582524,0.0,0.0,1.0,14.95127
0,A_recon,fast_distractors,44,-0.2510267,0.0,0.0,1.0,4.9302826
0,A_recon,fast_distractors,45,-0.4153579,0.0,0.0,1.0,12.805586
0,A_recon,fast_distractors,46,-0.5350003,0.0,0.0,0.0,14.615485
0,A_recon,fast_distractors,47,-0.18889603,0.0,0.0,1.0,6.8946633
0,A_recon,fast_distractors,48,-0.53669405,0.0,0.0,1.0,18.721033
0,A_recon,fast_distractors,49,-0.48452386,0.0,0.0,0.0,19.854557
0,A_recon,fast_distractors,50,-0.26035792,0.0,0.0,1.0,6.8905005
0,A_recon,fast_distractors,51,-0.7336261,0.0,0.0,0.0,25.7655
0,A_recon,fast_distractors,52,-0.27187145,0.0,0.0,0.0,11.01479
0,A_recon,fast_distractors,53,-0.48458993,0.0,0.0,1.0,14.087126
0,A_recon,fast_distractors,54,-0.18813053,0.0,0.0,1.0,6.766275
0,A_recon,fast_distractors,55,-0.55076504,0.0,0.0,0.0,18.6811
0,A_recon,fast_distractors,56,-0.011145849,0.0,0.15555555555555556,1.0,5.822292
0,A_recon,fast_distractors,57,-0.8666553,0.0,0.0,0.0,30.104134
0,A_recon,fast_distractors,58,-0.42758748,0.0,0.0,0.0,15.56687
0,A_recon,fast_distractors,59,-0.53251934,0.0,0.0,0.0,19.148363
0,A_recon,fast_distractors,60,-0.48259467,0.0,0.0,1.0,7.7997303
0,A_recon,fast_distractors,61,-0.33339927,0.0,0.0,0.0,11.014375
0,A_recon,fast_distractors,62,-0.57796574,0.0,0.0,0.0,23.977367
0,A_recon,fast_distractors,63,-0.22678773,0.0,0.0,1.0,6.5195794
0,A_recon,fast_distractors,64,-0.62139946,0.0,0.0,0.0,22.136866
0,A_recon,fast_distractors,65,0.0403025,0.0,0.0,1.0,2.5672078
0,A_recon,fast_distractors,66,-0.082114704,0.0,0.13333333333333333,1.0,9.925684
0,A_recon,fast_distractors,67,-0.20485793,0.0,0.0,1.0,7.6007547
0,A_recon,fast_distractors,68,-0.72648704,0.0,0.0,0.0,20.216372
0,A_recon,fast_distractors,69,-0.41631395,0.0,0.0,0.0,14.497139
0,A_recon,fast_distractors,70,-0.34475163,0.0,0.0,1.0,11.581833
0,A_recon,fast_distractors,71,-0.57506657,0.0,0.0,0.0,16.466541
0,A_recon,fast_distractors,72,0.11265404,0.0,0.2222222222222222,1.0,2.9123495
0,A_recon,fast_distractors,73,-0.3333779,0.0,0.0,1.0,9.87051
0,A_recon,fast_distractors,74,-0.6108426,0.0,0.0,0.0,22.161705
0,A_recon,fast_distractors,75,-0.42383066,0.0,0.0,1.0,13.291624
0,A_recon,fast_distractors,76,-0.2597954,0.0,0.0,1.0,6.0800943
0,A_recon,fast_distractors,77,-0.5617345,0.0,0.0,0.0,16.921473
0,A_recon,fast_distractors,78,-0.4260799,0.0,0.0,1.0,15.292958
0,A_recon,fast_distractors,79,-0.2431814,0.0,0.0,1.0,5.5340405
0,A_recon,fast_distractors,80,-0.698907,0.0,0.0,0.0,21.371832
0,A_recon,fast_distractors,81,-0.57548255,0.0,0.0,1.0,19.09687
0,A_recon,fast_distractors,82,-0.41406292,0.0,0.0,1.0,11.4456
0,A_recon,fast_distractors,83,-0.7927942,0.0,0.0,0.0,26.407038
0,A_recon,fast_distractors,84,-0.45749703,0.0,0.0,1.0,14.594013
0,A_recon,fast_distractors,85,-0.74654603,0.0,0.0,0.0,26.831314
0,A_recon,fast_distractors,86,-0.5157694,0.0,0.0,0.0,17.97876
0,A_recon,fast_distractors,87,-0.24908046,0.0,0.0,1.0,7.634574
0,A_recon,fast_distractors,88,-0.28185847,0.0,0.0,1.0,10.722895
0,A_recon,fast_distractors,89,-0.25443625,0.0,0.0,1.0,7.9351892
0,A_recon,fast_distractors,90,-0.5444224,0.0,0.0,0.0,16.057144
0,A_recon,fast_distractors,91,-0.6598352,0.0,0.0,0.0,20.49898
0,A_recon,fast_distractors,92,-0.38170293,0.0,0.0,0.0,13.583709
0,A_recon,fast_distractors,93,-0.4603357,0.0,0.0,1.0,13.820608
0,A_recon,fast_distractors,94,-0.22381282,0.0,0.0,1.0,7.1118054
0,A_recon,fast_distractors,95,-0.47523084,0.0,0.0,0.0,12.986149
0,A_recon,fast_distractors,96,-0.40716535,0.0,0.0,0.0,11.01604
0,A_recon,fast_distractors,97,-0.48889804,0.0,0.0,0.0,19.072113
0,A_recon,fast_distractors,98,-0.30465075,0.0,0.0,0.0,12.39831
0,A_recon,fast_distractors,99,-0.62754893,0.0,0.0,0.0,19.865519
0,A_recon,unseen_distractor_hues,0,-0.32214487,0.0,0.0,1.0,8.704193
0,A_recon,unseen_distractor_hues,1,-0.4057334,0.0,0.0,1.0,12.405282
0,A_recon,unseen_distractor_hues,2,-0.60028857,0.0,0.0,0.0,15.496362
0,A_recon,unseen_distractor_hues,3,-0.34601048,0.0,0.0,1.0,8.967829
0,A_recon,unseen_distractor_hues,4,-0.2390731,0.0,0.0,1.0,6.3062487
0,A_recon,unseen_distractor_hues,5,-0.6672153,0.0,0.0,0.0,21.864367
0,A_recon,unseen_distractor_hues,6,-0.3864384,0.0,0.0,1.0,12.353054
0,A_recon,unseen_distractor_hues,7,-0.46992624,0.0,0.0,0.0,11.121516
0,A_recon,unseen_distractor_hues,8,-0.4197265,0.0,0.0,1.0,11.412479
0,A_recon,unseen_distractor_hues,9,-0.43683854,0.0,0.0,0.0,13.31211
0,A_recon,unseen_distractor_hues,10,-0.64501095,0.0,0.0,0.0,22.649956
0,A_recon,unseen_distractor_hues,11,-0.6668781,0.0,0.0,0.0,20.214264
0,A_recon,unseen_distractor_hues,12,-0.22774662,0.0,0.0,1.0,9.237519
0,A_recon,unseen_distractor_hues,13,-0.7169814,0.0,0.0,0.0,21.247272
0,A_recon,unseen_distractor_hues,14,-0.31136966,0.0,0.0,0.0,9.957406
0,A_recon,unseen_distractor_hues,15,-0.682084,0.0,0.0,0.0,22.100765
0,A_recon,unseen_distractor_hues,16,-0.27078807,0.0,0.0,1.0,10.232011
0,A_recon,unseen_distractor_hues,17,-0.1526102,0.0,0.0,1.0,5.777806
0,A_recon,unseen_distractor_hues,18,-0.5982021,0.0,0.0,0.0,22.563204
0,A_recon,unseen_distractor_hues,19,-0.69105655,0.0,0.0,0.0,21.550692
0,A_recon,unseen_distractor_hues,20,-0.31898704,0.0,0.0,0.0,11.57767
0,A_recon,unseen_distractor_hues,21,-0.059459385,0.0,0.0,1.0,1.9388611
0,A_recon,unseen_distractor_hues,22,-0.21302882,0.0,0.0,1.0,6.051564
0,A_recon,unseen_distractor_hues,23,0.14643747,1.0,0.4444444444444444,1.0,0.9977656
0,A_recon,unseen_distractor_hues,24,-0.30015817,0.0,0.0,1.0,6.9188585
0,A_recon,unseen_distractor_hues,25,-0.51259893,0.0,0.0,0.0,17.16771
0,A_recon,unseen_distractor_hues,26,-0.15034458,0.0,0.0,1.0,5.6684146
0,A_recon,unseen_distractor_hues,27,-0.11849157,0.0,0.0,1.0,3.648795
0,A_recon,unseen_distractor_hues,28,-0.14985824,0.0,0.0,1.0,3.4612448
0,A_recon,unseen_distractor_hues,29,-0.50713074,0.0,0.0,1.0,18.997595
0,A_recon,unseen_distractor_hues,30,-0.619136,0.0,0.0,1.0,21.35685
0,A_recon,unseen_distractor_hues,31,-0.43192223,0.0,0.0,0.0,13.462938
0,A_recon,unseen_distractor_hues,32,-0.7473749,0.0,0.0,0.0,24.068897
0,A_recon,unseen_distractor_hues,33,-0.2642746,0.0,0.0,1.0,10.213527
0,A_recon,unseen_distractor_hues,34,-0.33342206,0.0,0.0,1.0,8.66018
0,A_recon,unseen_distractor_hues,35,-0.32418343,0.0,0.0,1.0,12.347184
0,A_recon,unseen_distractor_hues,36,-0.224769,0.0,0.0,1.0,7.41794
0,A_recon,unseen_distractor_hues,37,-0.72284865,0.0,0.0,0.0,23.969793
0,A_recon,unseen_distractor_hues,38,-0.415249,0.0,0.0,0.0,15.2059965
0,A_recon,unseen_distractor_hues,39,-0.467096,0.0,0.0,0.0,10.781065
0,A_recon,unseen_distractor_hues,40,-0.4078786,0.0,0.0,0.0,13.917766
0,A_recon,unseen_distractor_hues,41,0.056080043,0.0,0.3111111111111111,1.0,2.9826233
0,A_recon,unseen_distractor_hues,42,-0.2678551,0.0,0.0,1.0,7.500893
0,A_recon,unseen_distractor_hues,43,-0.39576894,0.0,0.0,1.0,14.98092
0,A_recon,unseen_distractor_hues,44,-0.24722882,0.0,0.0,1.0,4.680293
0,A_recon,unseen_distractor_hues,45,-0.40533087,0.0,0.0,1.0,12.267554
0,A_recon,unseen_distractor_hues,46,-0.5444475,0.0,0.0,0.0,14.92606
0,A_recon,unseen_distractor_hues,47,-0.19882739,0.0,0.0,1.0,7.0916786
0,A_recon,unseen_distractor_hues,48,-0.54061586,0.0,0.0,1.0,19.07498
0,A_recon,unseen_distractor_hues,49,-0.49413368,0.0,0.0,0.0,20.275923
0,A_recon,unseen_distractor_hues,50,-0.25878125,0.0,0.0,1.0,6.8930264
0,A_recon,unseen_distractor_hues,51,-0.7322931,0.0,0.0,0.0,25.759
0,A_recon,unseen_distractor_hues,52,-0.27384508,0.0,0.0,0.0,11.130644
0,A_recon,unseen_distractor_hues,53,-0.48840645,0.0,0.0,1.0,14.307537
0,A_recon,unseen_distractor_hues,54,-0.16135456,0.0,0.0,1.0,6.392427
0,A_recon,unseen_distractor_hues,55,-0.55535525,0.0,0.0,0.0,19.184862
0,A_recon,unseen_distractor_hues,56,-0.03453328,0.0,0.13333333333333333,1.0,6.2834435
0,A_recon,unseen_distractor_hues,57,-0.85466444,0.0,0.0,0.0,29.44856
0,A_recon,unseen_distractor_hues,58,-0.44056624,0.0,0.0,0.0,16.304123
0,A_recon,unseen_distractor_hues,59,-0.5316792,0.0,0.0,0.0,18.94828
0,A_recon,unseen_distractor_hues,60,-0.47453862,0.0,0.0,1.0,7.8058405
0,A_recon,unseen_distractor_hues,61,-0.3177178,0.0,0.0,0.0,10.187358
0,A_recon,unseen_distractor_hues,62,-0.5819263,0.0,0.0,0.0,23.843504
0,A_recon,unseen_distractor_hues,63,-0.23557347,0.0,0.0,1.0,7.046724
0,A_recon,unseen_distractor_hues,64,-0.6293482,0.0,0.0,0.0,22.881025
0,A_recon,unseen_distractor_hues,65,-0.031077247,0.0,0.0,1.0,3.0894387
0,A_recon,unseen_distractor_hues,66,-0.07485657,0.0,0.13333333333333333,1.0,9.720478
0,A_recon,unseen_distractor_hues,67,-0.20931765,0.0,0.0,1.0,7.7001214
0,A_recon,unseen_distractor_hues,68,-0.71588176,0.0,0.0,0.0,19.680618
0,A_recon,unseen_distractor_hues,69,-0.42153218,0.0,0.0,0.0,15.6136675
0,A_recon,unseen_distractor_hues,70,-0.34725267,0.0,0.0,1.0,12.280378
0,A_recon,unseen_distractor_hues,71,-0.56934464,0.0,0.0,0.0,16.079714
0,A_recon,unseen_distractor_hues,72,0.10630048,0.0,0.2,1.0,2.8159552
0,A_recon,unseen_distractor_hues,73,-0.32869115,0.0,0.0,1.0,9.534711
0,A_recon,unseen_distractor_hues,74,-0.622804,0.0,0.0,0.0,22.793047
0,A_recon,unseen_distractor_hues,75,-0.4239721,0.0,0.0,1.0,13.295569
0,A_recon,unseen_distractor_hues,76,-0.23320058,0.0,0.0,1.0,5.460764
0,A_recon,unseen_distractor_hues,77,-0.5731179,0.0,0.0,0.0,17.332853
0,A_recon,unseen_distractor_hues,78,-0.40924984,0.0,0.0,1.0,13.661208
0,A_recon,unseen_distractor_hues,79,-0.23706537,0.0,0.0,1.0,6.0711207
0,A_recon,unseen_distractor_hues,80,-0.7053452,0.0,0.0,0.0,21.83735
0,A_recon,unseen_distractor_hues,81,-0.60169804,0.0,0.0,1.0,20.568346
0,A_recon,unseen_distractor_hues,82,-0.4078797,0.0,0.0,1.0,10.886994
0,A_recon,unseen_distractor_hues,83,-0.7630712,0.0,0.0,0.0,26.193842
0,A_recon,unseen_distractor_hues,84,-0.45622632,0.0,0.0,1.0,14.374487
0,A_recon,unseen_distractor_hues,85,-0.7405647,0.0,0.0,0.0,25.786009
0,A_recon,unseen_distractor_hues,86,-0.51098776,0.0,0.0,0.0,17.64979
0,A_recon,unseen_distractor_hues,87,-0.24979913,0.0,0.0,1.0,7.6033773
0,A_recon,unseen_distractor_hues,88,-0.26916432,0.0,0.0,1.0,10.130155
0,A_recon,unseen_distractor_hues,89,-0.2562939,0.0,0.0,1.0,8.232478
0,A_recon,unseen_distractor_hues,90,-0.5371408,0.0,0.0,0.0,15.226898
0,A_recon,unseen_distractor_hues,91,-0.62886965,0.0,0.0,0.0,17.584852
0,A_recon,unseen_distractor_hues,92,-0.38617015,0.0,0.0,0.0,13.987591
0,A_recon,unseen_distractor_hues,93,-0.5527548,0.0,0.0,0.0,17.086525
0,A_recon,unseen_distractor_hues,94,-0.20855261,0.0,0.0,1.0,6.3089924
0,A_recon,unseen_distractor_hues,95,-0.42724636,0.0,0.0,0.0,11.112949
0,A_recon,unseen_distractor_hues,96,-0.42281464,0.0,0.0,0.0,12.615779
0,A_recon,unseen_distractor_hues,97,-0.49649167,0.0,0.0,0.0,19.503042
0,A_recon,unseen_distractor_hues,98,-0.28175792,0.0,0.0,1.0,11.171179
0,A_recon,unseen_distractor_hues,99,-0.6277206,0.0,0.0,0.0,19.640816
0,A_recon,heavy_pixel_noise,0,-0.31780887,0.0,0.0,1.0,8.328079
0,A_recon,heavy_pixel_noise,1,-0.41114828,0.0,0.0,1.0,12.758926
0,A_recon,heavy_pixel_noise,2,-0.6047625,0.0,0.0,0.0,18.176567
0,A_recon,heavy_pixel_noise,3,-0.38585204,0.0,0.0,0.0,10.679095
0,A_recon,heavy_pixel_noise,4,-0.24296443,0.0,0.0,1.0,6.146468
0,A_recon,heavy_pixel_noise,5,-0.6755216,0.0,0.0,0.0,22.731716
0,A_recon,heavy_pixel_noise,6,-0.3892439,0.0,0.0,1.0,12.15836
0,A_recon,heavy_pixel_noise,7,-0.55738515,0.0,0.0,0.0,15.422702
0,A_recon,heavy_pixel_noise,8,-0.47247016,0.0,0.0,1.0,14.429609
0,A_recon,heavy_pixel_noise,9,-0.4034175,0.0,0.0,0.0,11.911045
0,A_recon,heavy_pixel_noise,10,-0.6434269,0.0,0.0,0.0,21.952227
0,A_recon,heavy_pixel_noise,11,-0.67888105,0.0,0.0,0.0,21.001917
0,A_recon,heavy_pixel_noise,12,-0.22188595,0.0,0.0,1.0,8.501258
0,A_recon,heavy_pixel_noise,13,-0.7242042,0.0,0.0,0.0,22.054152
0,A_recon,heavy_pixel_noise,14,-0.3150583,0.0,0.0,0.0,10.224877
0,A_recon,heavy_pixel_noise,15,-0.6773448,0.0,0.0,0.0,21.716898
0,A_recon,heavy_pixel_noise,16,-0.2664369,0.0,0.0,1.0,10.407306
0,A_recon,heavy_pixel_noise,17,-0.15497087,0.0,0.0,1.0,5.813776
0,A_recon,heavy_pixel_noise,18,-0.55965954,0.0,0.0,0.0,22.10796
0,A_recon,heavy_pixel_noise,19,-0.5817804,0.0,0.0,0.0,16.266647
0,A_recon,heavy_pixel_noise,20,-0.3835077,0.0,0.0,0.0,14.9020605
0,A_recon,heavy_pixel_noise,21,-0.08728901,0.0,0.0,1.0,1.6525434
0,A_recon,heavy_pixel_noise,22,-0.22308345,0.0,0.0,1.0,6.450021
0,A_recon,heavy_pixel_noise,23,0.11009435,1.0,0.4,1.0,1.1668679
0,A_recon,heavy_pixel_noise,24,-0.31745782,0.0,0.0,1.0,8.218532
0,A_recon,heavy_pixel_noise,25,-0.45978615,0.0,0.0,0.0,14.813409
0,A_recon,heavy_pixel_noise,26,-0.16670687,0.0,0.0,0.0,6.486799
0,A_recon,heavy_pixel_noise,27,-0.07084457,0.0,0.0,1.0,2.6699407
0,A_recon,heavy_pixel_noise,28,-0.13229862,0.0,0.0,1.0,2.4863617
0,A_recon,heavy_pixel_noise,29,-0.48905727,0.0,0.0,1.0,18.29922
0,A_recon,heavy_pixel_noise,30,-0.62001777,0.0,0.0,1.0,21.200726
0,A_recon,heavy_pixel_noise,31,-0.4464756,0.0,0.0,0.0,14.707389
0,A_recon,heavy_pixel_noise,32,-0.7068582,0.0,0.0,0.0,21.742983
0,A_recon,heavy_pixel_noise,33,-0.2639409,0.0,0.0,1.0,10.046066
0,A_recon,heavy_pixel_noise,34,-0.2807147,0.0,0.0,1.0,5.7878675
0,A_recon,heavy_pixel_noise,35,-0.316289,0.0,0.0,1.0,11.535951
0,A_recon,heavy_pixel_noise,36,-0.22427191,0.0,0.0,1.0,7.2211537
0,A_recon,heavy_pixel_noise,37,-0.7169538,0.0,0.0,0.0,23.496162
0,A_recon,heavy_pixel_noise,38,-0.42639482,0.0,0.0,0.0,16.191326
0,A_recon,heavy_pixel_noise,39,-0.46794778,0.0,0.0,0.0,10.811034
0,A_recon,heavy_pixel_noise,40,-0.4053138,0.0,0.0,0.0,13.726958
0,A_recon,heavy_pixel_noise,41,-0.038778078,0.0,0.15555555555555556,1.0,5.6814117
0,A_recon,heavy_pixel_noise,42,-0.25370803,0.0,0.0,1.0,6.9882007
0,A_recon,heavy_pixel_noise,43,-0.3891141,0.0,0.0,1.0,14.43066
0,A_recon,heavy_pixel_noise,44,-0.25238484,0.0,0.0,1.0,5.1771502
0,A_recon,heavy_pixel_noise,45,-0.44324702,0.0,0.0,1.0,14.063803
0,A_recon,heavy_pixel_noise,46,-0.5389964,0.0,0.0,0.0,14.729238
0,A_recon,heavy_pixel_noise,47,-0.19567223,0.0,0.0,1.0,6.955774
0,A_recon,heavy_pixel_noise,48,-0.5516382,0.0,0.0,1.0,19.458866
0,A_recon,heavy_pixel_noise,49,-0.49059448,0.0,0.0,0.0,19.889227
0,A_recon,heavy_pixel_noise,50,-0.25959012,0.0,0.0,1.0,7.0547543
0,A_recon,heavy_pixel_noise,51,-0.7134374,0.0,0.0,0.0,24.86533
0,A_recon,heavy_pixel_noise,52,-0.26668507,0.0,0.0,0.0,10.78696
0,A_recon,heavy_pixel_noise,53,-0.48833323,0.0,0.0,1.0,14.294374
0,A_recon,heavy_pixel_noise,54,-0.18739064,0.0,0.0,1.0,6.7062583
0,A_recon,heavy_pixel_noise,55,-0.540996,0.0,0.0,0.0,18.283213
0,A_recon,heavy_pixel_noise,56,0.008406922,0.0,0.2,1.0,6.0410104
0,A_recon,heavy_pixel_noise,57,-0.86564976,0.0,0.0,0.0,29.943584
0,A_recon,heavy_pixel_noise,58,-0.41989377,0.0,0.0,0.0,14.9449415
0,A_recon,heavy_pixel_noise,59,-0.5241674,0.0,0.0,0.0,18.964838
0,A_recon,heavy_pixel_noise,60,-0.6020343,0.0,0.0,0.0,16.58382
0,A_recon,heavy_pixel_noise,61,-0.34597114,0.0,0.0,0.0,11.621408
0,A_recon,heavy_pixel_noise,62,-0.57057583,0.0,0.0,0.0,23.391592
0,A_recon,heavy_pixel_noise,63,-0.23342048,0.0,0.0,1.0,6.9499507
0,A_recon,heavy_pixel_noise,64,-0.6368183,0.0,0.0,0.0,23.378471
0,A_recon,heavy_pixel_noise,65,0.049215455,0.0,0.0,1.0,2.8052955
0,A_recon,heavy_pixel_noise,66,-0.07466923,0.0,0.13333333333333333,1.0,9.481199
0,A_recon,heavy_pixel_noise,67,-0.20337535,0.0,0.0,1.0,7.516241
0,A_recon,heavy_pixel_noise,68,-0.7355658,0.0,0.0,0.0,20.567715
0,A_recon,heavy_pixel_noise,69,-0.44694978,0.0,0.0,0.0,15.599015
0,A_recon,heavy_pixel_noise,70,-0.33032325,0.0,0.0,1.0,10.78807
0,A_recon,heavy_pixel_noise,71,-0.57643515,0.0,0.0,0.0,16.684383
0,A_recon,heavy_pixel_noise,72,0.21528469,0.0,0.3111111111111111,1.0,1.9018099
0,A_recon,heavy_pixel_noise,73,-0.36465907,0.0,0.0,1.0,12.091026
0,A_recon,heavy_pixel_noise,74,-0.6024851,0.0,0.0,0.0,21.284163
0,A_recon,heavy_pixel_noise,75,-0.43696284,0.0,0.0,1.0,13.54649
0,A_recon,heavy_pixel_noise,76,-0.23880418,0.0,0.0,1.0,5.620473
0,A_recon,heavy_pixel_noise,77,-0.5466788,0.0,0.0,0.0,15.15829
0,A_recon,heavy_pixel_noise,78,-0.41192526,0.0,0.0,1.0,14.523658
0,A_recon,heavy_pixel_noise,79,-0.22999553,0.0,0.0,1.0,6.08261
0,A_recon,heavy_pixel_noise,80,-0.6923096,0.0,0.0,0.0,21.447958
0,A_recon,heavy_pixel_noise,81,-0.55827206,0.0,0.0,1.0,16.699318
0,A_recon,heavy_pixel_noise,82,-0.38586554,0.0,0.0,1.0,8.880599
0,A_recon,heavy_pixel_noise,83,-0.7926,0.0,0.0,0.0,26.90023
0,A_recon,heavy_pixel_noise,84,-0.4546113,0.0,0.0,1.0,14.37264
0,A_recon,heavy_pixel_noise,85,-0.6889051,0.0,0.0,0.0,23.365364
0,A_recon,heavy_pixel_noise,86,-0.5238699,0.0,0.0,0.0,18.536865
0,A_recon,heavy_pixel_noise,87,-0.2571847,0.0,0.0,1.0,8.240632
0,A_recon,heavy_pixel_noise,88,-0.29706356,0.0,0.0,1.0,11.10856
0,A_recon,heavy_pixel_noise,89,-0.2656389,0.0,0.0,0.0,8.532283
0,A_recon,heavy_pixel_noise,90,-0.5422565,0.0,0.0,0.0,15.541092
0,A_recon,heavy_pixel_noise,91,-0.6644794,0.0,0.0,0.0,20.937355
0,A_recon,heavy_pixel_noise,92,-0.399668,0.0,0.0,0.0,14.587681
0,A_recon,heavy_pixel_noise,93,-0.47990948,0.0,0.0,1.0,14.796475
0,A_recon,heavy_pixel_noise,94,-0.2184882,0.0,0.0,1.0,6.7319365
0,A_recon,heavy_pixel_noise,95,-0.43231255,0.0,0.0,0.0,11.522958
0,A_recon,heavy_pixel_noise,96,-0.41164953,0.0,0.0,0.0,11.10187
0,A_recon,heavy_pixel_noise,97,-0.48938492,0.0,0.0,0.0,18.483915
0,A_recon,heavy_pixel_noise,98,-0.29276422,0.0,0.0,1.0,11.742954
0,A_recon,heavy_pixel_noise,99,-0.6209034,0.0,0.0,0.0,19.474545
0,B_task,in_distribution,0,0.06804792,0.0,0.3111111111111111,1.0,4.1878843
0,B_task,in_distribution,1,0.09864122,1.0,0.5555555555555556,1.0,0.9793655
0,B_task,in_distribution,2,-0.10078254,0.0,0.2222222222222222,1.0,2.3733094
0,B_task,in_distribution,3,-0.11128543,0.0,0.08888888888888889,1.0,4.708746
0,B_task,in_distribution,4,-0.11568414,0.0,0.044444444444444446,1.0,6.347002
0,B_task,in_distribution,5,-0.21612151,0.0,0.0,1.0,2.4112253
0,B_task,in_distribution,6,-0.056071322,0.0,0.13333333333333333,1.0,2.9237368
0,B_task,in_distribution,7,-0.23194149,0.0,0.0,1.0,5.031562
0,B_task,in_distribution,8,-0.14079069,0.0,0.1111111111111111,1.0,5.4018807
0,B_task,in_distribution,9,0.0043833805,1.0,0.4888888888888889,1.0,1.3571844
0,B_task,in_distribution,10,-0.08196185,0.0,0.24444444444444444,1.0,1.9336312
0,B_task,in_distribution,11,-0.20216665,0.0,0.0,1.0,2.0509512
0,B_task,in_distribution,12,-0.13762626,0.0,0.0,1.0,2.9145536
0,B_task,in_distribution,13,-0.22072999,0.0,0.17777777777777778,1.0,2.036598
0,B_task,in_distribution,14,-0.051885206,0.0,0.08888888888888889,1.0,3.6429095
0,B_task,in_distribution,15,-0.33293256,0.0,0.0,1.0,6.134365
0,B_task,in_distribution,16,-0.008730878,0.0,0.0,1.0,2.6072407
0,B_task,in_distribution,17,-0.11842848,0.0,0.022222222222222223,1.0,5.931267
0,B_task,in_distribution,18,-0.06520849,0.0,0.2,1.0,2.5860813
0,B_task,in_distribution,19,-0.23649338,0.0,0.06666666666666667,1.0,4.1488075
0,B_task,in_distribution,20,0.018702,0.0,0.1111111111111111,1.0,1.9041716
0,B_task,in_distribution,21,-0.055923108,0.0,0.0,1.0,1.7953321
0,B_task,in_distribution,22,0.13538562,1.0,0.37777777777777777,1.0,0.8391315
0,B_task,in_distribution,23,0.07172311,0.0,0.15555555555555556,1.0,1.8644215
0,B_task,in_distribution,24,-0.07982277,0.0,0.13333333333333333,1.0,5.5182047
0,B_task,in_distribution,25,-0.09125908,0.0,0.044444444444444446,1.0,3.5099514
0,B_task,in_distribution,26,-0.12020024,0.0,0.0,1.0,4.5325427
0,B_task,in_distribution,27,-0.041526496,0.0,0.0,1.0,2.922787
0,B_task,in_distribution,28,0.06650849,0.0,0.15555555555555556,1.0,2.2400293
0,B_task,in_distribution,29,-0.16125157,0.0,0.0,1.0,3.8623645
0,B_task,in_distribution,30,-0.1538158,0.0,0.0,1.0,2.0318756
0,B_task,in_distribution,31,-0.14050876,0.0,0.0,1.0,2.9462073
0,B_task,in_distribution,32,-0.3016982,0.0,0.0,1.0,5.661829
0,B_task,in_distribution,33,-0.12342692,0.0,0.0,1.0,2.9609706
0,B_task,in_distribution,34,-0.046546035,0.0,0.2,1.0,2.4179628
0,B_task,in_distribution,35,-0.081234254,0.0,0.0,1.0,4.813089
0,B_task,in_distribution,36,-0.0046141795,0.0,0.13333333333333333,1.0,3.7648027
0,B_task,in_distribution,37,-0.15105025,1.0,0.26666666666666666,1.0,0.737571
0,B_task,in_distribution,38,0.139886,1.0,0.5111111111111111,1.0,0.7308057
0,B_task,in_distribution,39,-0.2514072,0.0,0.0,1.0,5.827704
0,B_task,in_distribution,40,-0.08724195,0.0,0.1111111111111111,1.0,4.467965
0,B_task,in_distribution,41,0.07930162,0.0,0.2,1.0,1.6000577
0,B_task,in_distribution,42,-0.089146994,0.0,0.0,1.0,3.6352775
0,B_task,in_distribution,43,-0.048866007,0.0,0.1111111111111111,1.0,3.5092595
0,B_task,in_distribution,44,-0.108436786,0.0,0.06666666666666667,1.0,3.8749847
0,B_task,in_distribution,45,-0.034941245,0.0,0.2222222222222222,1.0,5.2087145
0,B_task,in_distribution,46,-0.28109083,0.0,0.0,1.0,7.303321
0,B_task,in_distribution,47,-0.12510334,0.0,0.0,1.0,3.5165317
0,B_task,in_distribution,48,0.038296305,1.0,0.4444444444444444,1.0,0.72095567
0,B_task,in_distribution,49,-0.11448452,0.0,0.0,1.0,2.3172524
0,B_task,in_distribution,50,-0.10797054,0.0,0.0,1.0,2.4808314
0,B_task,in_distribution,51,-0.21179321,0.0,0.15555555555555556,1.0,2.5733862
0,B_task,in_distribution,52,-0.018746374,0.0,0.0,1.0,2.4482462
0,B_task,in_distribution,53,-0.10037383,0.0,0.06666666666666667,1.0,1.7068689
0,B_task,in_distribution,54,0.012832607,0.0,0.08888888888888889,1.0,5.0660963
0,B_task,in_distribution,55,-0.022235457,1.0,0.4,1.0,1.1144916
0,B_task,in_distribution,56,0.19786423,0.0,0.13333333333333333,1.0,2.009797
0,B_task,in_distribution,57,-0.2288226,1.0,0.24444444444444444,1.0,1.0589806
0,B_task,in_distribution,58,-0.04146955,0.0,0.0,1.0,3.3569572
0,B_task,in_distribution,59,-0.04795417,1.0,0.24444444444444444,1.0,0.6724605
0,B_task,in_distribution,60,-0.32611147,0.0,0.0,1.0,3.8398259
0,B_task,in_distribution,61,-0.19705005,0.0,0.0,1.0,6.038107
0,B_task,in_distribution,62,-0.015213025,1.0,0.3111111111111111,1.0,1.1024058
0,B_task,in_distribution,63,-0.12679581,0.0,0.0,1.0,2.9904716
0,B_task,in_distribution,64,-0.16697593,0.0,0.13333333333333333,1.0,4.7380114
0,B_task,in_distribution,65,0.071437955,0.0,0.2,1.0,3.2866929
0,B_task,in_distribution,66,-0.06638673,0.0,0.08888888888888889,1.0,3.0845768
0,B_task,in_distribution,67,-0.063397564,0.0,0.1111111111111111,1.0,6.6308594
0,B_task,in_distribution,68,-0.32188395,0.0,0.0,1.0,5.8643994
0,B_task,in_distribution,69,0.1717446,1.0,0.5777777777777777,1.0,0.2882725
0,B_task,in_distribution,70,-0.055891857,0.0,0.06666666666666667,1.0,3.1392589
0,B_task,in_distribution,71,-0.2024667,0.0,0.0,1.0,2.1401124
0,B_task,in_distribution,72,0.12666789,0.0,0.2222222222222222,1.0,2.2104511
0,B_task,in_distribution,73,0.12257737,1.0,0.5111111111111111,1.0,0.30087367
0,B_task,in_distribution,74,-0.066124044,0.0,0.2222222222222222,1.0,2.132027
0,B_task,in_distribution,75,-0.099625565,0.0,0.0,1.0,4.4405546
0,B_task,in_distribution,76,0.084407,0.0,0.24444444444444444,1.0,1.9944315
0,B_task,in_distribution,77,-0.16888885,1.0,0.08888888888888889,1.0,1.407693
0,B_task,in_distribution,78,0.013943151,1.0,0.17777777777777778,1.0,1.061887
0,B_task,in_distribution,79,-0.051140595,0.0,0.0,1.0,5.332545
0,B_task,in_distribution,80,-0.17415914,0.0,0.2222222222222222,1.0,1.8551954
0,B_task,in_distribution,81,-0.21500668,0.0,0.0,1.0,3.3527324
0,B_task,in_distribution,82,-0.1760426,0.0,0.0,1.0,1.6668204
0,B_task,in_distribution,83,-0.23441118,0.0,0.1111111111111111,1.0,3.5131996
0,B_task,in_distribution,84,-0.11898593,0.0,0.0,1.0,1.8083636
0,B_task,in_distribution,85,-0.21559684,1.0,0.1111111111111111,1.0,0.9998778
0,B_task,in_distribution,86,-0.19442047,0.0,0.0,1.0,3.0810726
0,B_task,in_distribution,87,-0.07003724,0.0,0.0,1.0,3.6973894
0,B_task,in_distribution,88,0.028882317,0.0,0.0,1.0,2.4610946
0,B_task,in_distribution,89,-0.19348216,0.0,0.0,1.0,6.0516844
0,B_task,in_distribution,90,-0.094881706,0.0,0.26666666666666666,1.0,2.0450265
0,B_task,in_distribution,91,-0.1923723,0.0,0.13333333333333333,1.0,2.3046756
0,B_task,in_distribution,92,-0.12900488,0.0,0.0,1.0,4.2444406
0,B_task,in_distribution,93,-0.26739395,0.0,0.0,1.0,6.9701877
0,B_task,in_distribution,94,-0.10474843,0.0,0.0,1.0,2.9522836
0,B_task,in_distribution,95,-0.17606993,0.0,0.0,1.0,4.1762257
0,B_task,in_distribution,96,-0.109283164,0.0,0.17777777777777778,1.0,3.097774
0,B_task,in_distribution,97,-0.07937115,0.0,0.0,1.0,2.8223348
0,B_task,in_distribution,98,0.23102163,0.0,0.6,1.0,1.6114284
0,B_task,in_distribution,99,-0.14053077,0.0,0.13333333333333333,1.0,3.3014345
0,B_task,4_distractors,0,0.07253048,0.0,0.3333333333333333,1.0,3.9725678
0,B_task,4_distractors,1,0.113672175,1.0,0.5555555555555556,1.0,0.94561243
0,B_task,4_distractors,2,-0.11332144,0.0,0.2,1.0,2.457392
0,B_task,4_distractors,3,-0.12047079,0.0,0.06666666666666667,1.0,4.893978
0,B_task,4_distractors,4,-0.09584114,0.0,0.08888888888888889,1.0,6.262366
0,B_task,4_distractors,5,-0.26278156,0.0,0.0,1.0,3.3501482
0,B_task,4_distractors,6,-0.10489755,0.0,0.08888888888888889,1.0,4.424596
0,B_task,4_distractors,7,-0.22143759,0.0,0.0,1.0,4.5283046
0,B_task,4_distractors,8,-0.14577271,0.0,0.1111111111111111,1.0,5.3907266
0,B_task,4_distractors,9,-0.026327372,0.0,0.2222222222222222,1.0,1.8958362
0,B_task,4_distractors,10,-0.05389313,1.0,0.37777777777777777,1.0,1.5061107
0,B_task,4_distractors,11,-0.16428965,0.0,0.24444444444444444,1.0,1.5567956
0,B_task,4_distractors,12,-0.07264582,0.0,0.0,1.0,1.6739432
0,B_task,4_distractors,13,-0.19823307,0.0,0.24444444444444444,1.0,1.6617225
0,B_task,4_distractors,14,0.01353225,0.0,0.2222222222222222,1.0,2.4954681
0,B_task,4_distractors,15,-0.32140926,0.0,0.0,1.0,3.4966078
0,B_task,4_distractors,16,-0.01809152,0.0,0.0,1.0,2.7035344
0,B_task,4_distractors,17,-0.11859452,0.0,0.06666666666666667,1.0,6.195093
0,B_task,4_distractors,18,0.009867029,1.0,0.4222222222222222,1.0,1.2652526
0,B_task,4_distractors,19,-0.24887003,0.0,0.044444444444444446,1.0,4.459304
0,B_task,4_distractors,20,0.13226613,1.0,0.4444444444444444,1.0,0.4516641
0,B_task,4_distractors,21,-0.035848003,0.0,0.0,1.0,1.8370554
0,B_task,4_distractors,22,0.20859107,0.0,0.6,1.0,1.5934908
0,B_task,4_distractors,23,0.0483738,0.0,0.13333333333333333,1.0,1.9042034
0,B_task,4_distractors,24,-0.060489252,0.0,0.13333333333333333,1.0,4.492747
0,B_task,4_distractors,25,-0.0801193,0.0,0.13333333333333333,1.0,3.3844974
0,B_task,4_distractors,26,-0.104559906,0.0,0.0,1.0,4.193292
0,B_task,4_distractors,27,-0.007650072,0.0,0.0,1.0,2.8630757
0,B_task,4_distractors,28,0.06835456,0.0,0.15555555555555556,1.0,2.0669856
0,B_task,4_distractors,29,-0.14463495,0.0,0.0,1.0,3.141197
0,B_task,4_distractors,30,-0.15613917,0.0,0.0,1.0,1.8621492
0,B_task,4_distractors,31,-0.10741492,0.0,0.0,1.0,2.5085237
0,B_task,4_distractors,32,-0.29966387,0.0,0.0,1.0,5.7468295
0,B_task,4_distractors,33,-0.12266641,0.0,0.0,1.0,3.7842708
0,B_task,4_distractors,34,-0.058806267,0.0,0.2,1.0,2.6926885
0,B_task,4_distractors,35,-0.09546607,0.0,0.0,1.0,4.663457
0,B_task,4_distractors,36,0.048038397,0.0,0.24444444444444444,1.0,2.8368318
0,B_task,4_distractors,37,-0.12500575,1.0,0.28888888888888886,1.0,0.5854815
0,B_task,4_distractors,38,0.13697192,1.0,0.5333333333333333,1.0,0.9304389
0,B_task,4_distractors,39,-0.26719695,0.0,0.0,1.0,6.07583
0,B_task,4_distractors,40,-0.097182676,0.0,0.08888888888888889,1.0,4.5673394
0,B_task,4_distractors,41,0.10104191,1.0,0.26666666666666666,1.0,1.5494813
0,B_task,4_distractors,42,-0.06257009,0.0,0.0,1.0,3.2631993
0,B_task,4_distractors,43,-0.0361104,0.0,0.1111111111111111,1.0,3.145504
0,B_task,4_distractors,44,-0.10995926,0.0,0.08888888888888889,1.0,3.867621
0,B_task,4_distractors,45,-0.03775544,0.0,0.17777777777777778,1.0,4.862157
0,B_task,4_distractors,46,-0.28821898,0.0,0.0,1.0,7.905859
0,B_task,4_distractors,47,-0.12871836,0.0,0.0,1.0,3.7042198
0,B_task,4_distractors,48,0.055878337,1.0,0.4666666666666667,1.0,0.52136815
0,B_task,4_distractors,49,-0.100174785,0.0,0.0,1.0,1.9726939
0,B_task,4_distractors,50,-0.09510725,0.0,0.0,1.0,2.23457
0,B_task,4_distractors,51,-0.19646499,0.0,0.17777777777777778,1.0,2.5643342
0,B_task,4_distractors,52,-0.0067166276,0.0,0.0,1.0,2.4094636
0,B_task,4_distractors,53,-0.118710615,0.0,0.044444444444444446,1.0,2.171954
0,B_task,4_distractors,54,-0.022593359,0.0,0.0,1.0,4.6721454
0,B_task,4_distractors,55,-0.045270406,1.0,0.4,1.0,1.4234278
0,B_task,4_distractors,56,0.15508315,1.0,0.24444444444444444,1.0,1.1443459
0,B_task,4_distractors,57,-0.23330216,1.0,0.24444444444444444,1.0,1.2816734
0,B_task,4_distractors,58,-0.02261173,0.0,0.1111111111111111,1.0,3.3775399
0,B_task,4_distractors,59,0.0018119891,1.0,0.37777777777777777,1.0,1.2960912
0,B_task,4_distractors,60,-0.33159027,0.0,0.0,1.0,4.376031
0,B_task,4_distractors,61,-0.18541983,0.0,0.0,1.0,5.7254004
0,B_task,4_distractors,62,-0.012971258,1.0,0.3111111111111111,1.0,1.1502098
0,B_task,4_distractors,63,-0.12439095,0.0,0.0,1.0,2.695531
0,B_task,4_distractors,64,-0.17088038,0.0,0.13333333333333333,1.0,4.865981
0,B_task,4_distractors,65,0.074937426,0.0,0.24444444444444444,1.0,3.2670999
0,B_task,4_distractors,66,-0.06582647,0.0,0.06666666666666667,1.0,2.699634
0,B_task,4_distractors,67,-0.04116696,0.0,0.13333333333333333,1.0,5.677769
0,B_task,4_distractors,68,-0.33409035,0.0,0.0,1.0,6.3869734
0,B_task,4_distractors,69,0.17709562,1.0,0.5777777777777777,1.0,0.28882968
0,B_task,4_distractors,70,-0.03909515,0.0,0.06666666666666667,1.0,2.8585346
0,B_task,4_distractors,71,-0.22235909,0.0,0.0,1.0,2.5294764
0,B_task,4_distractors,72,-0.01509903,0.0,0.17777777777777778,1.0,5.659375
0,B_task,4_distractors,73,0.14407662,1.0,0.4888888888888889,1.0,0.34620428
0,B_task,4_distractors,74,-0.056603357,0.0,0.28888888888888886,1.0,1.604261
0,B_task,4_distractors,75,-0.088611566,0.0,0.0,1.0,4.1404495
0,B_task,4_distractors,76,0.07403217,0.0,0.24444444444444444,1.0,2.2642891
0,B_task,4_distractors,77,-0.14454214,0.0,0.2,1.0,1.926455
0,B_task,4_distractors,78,-0.08059774,1.0,0.022222222222222223,1.0,1.4950881
0,B_task,4_distractors,79,-0.04365663,0.0,0.0,1.0,5.412889
0,B_task,4_distractors,80,-0.16920279,0.0,0.2222222222222222,1.0,1.9364166
0,B_task,4_distractors,81,-0.22152655,0.0,0.0,1.0,3.7072256
0,B_task,4_distractors,82,-0.21530809,0.0,0.0,1.0,1.9671568
0,B_task,4_distractors,83,-0.25316924,0.0,0.022222222222222223,1.0,3.6608899
0,B_task,4_distractors,84,-0.06273692,1.0,0.13333333333333333,1.0,1.2745461
0,B_task,4_distractors,85,-0.24380237,0.0,0.0,1.0,1.958772
0,B_task,4_distractors,86,-0.1723869,0.0,0.0,1.0,2.5578635
0,B_task,4_distractors,87,-0.09757973,0.0,0.0,1.0,3.1386464
0,B_task,4_distractors,88,0.054913506,0.0,0.0,1.0,1.6434374
0,B_task,4_distractors,89,-0.18399978,0.0,0.0,1.0,6.0228057
0,B_task,4_distractors,90,-0.08175725,0.0,0.3333333333333333,1.0,1.6275052
0,B_task,4_distractors,91,-0.17160141,0.0,0.15555555555555556,1.0,1.9033078
0,B_task,4_distractors,92,-0.13038509,0.0,0.0,1.0,5.079234
0,B_task,4_distractors,93,-0.25841078,0.0,0.0,1.0,6.6474657
0,B_task,4_distractors,94,-0.10480786,0.0,0.0,1.0,2.9383652
0,B_task,4_distractors,95,-0.16400793,0.0,0.0,1.0,3.7007918
0,B_task,4_distractors,96,-0.086594336,0.0,0.2,1.0,2.867449
0,B_task,4_distractors,97,-0.08131356,0.0,0.0,1.0,2.7300215
0,B_task,4_distractors,98,0.1296968,0.0,0.2,1.0,1.8272823
0,B_task,4_distractors,99,-0.13965702,0.0,0.13333333333333333,1.0,3.5129244
0,B_task,fast_distractors,0,0.08071693,0.0,0.37777777777777777,1.0,3.32071
0,B_task,fast_distractors,1,0.10679714,1.0,0.5555555555555556,1.0,1.0937592
0,B_task,fast_distractors,2,-0.11543233,0.0,0.2,1.0,2.7431655
0,B_task,fast_distractors,3,-0.11133156,0.0,0.08888888888888889,1.0,4.71638
0,B_task,fast_distractors,4,-0.10098382,0.0,0.044444444444444446,1.0,6.12075
0,B_task,fast_distractors,5,-0.24096462,0.0,0.0,1.0,2.8087351
0,B_task,fast_distractors,6,-0.07324162,0.0,0.1111111111111111,1.0,3.5005708
0,B_task,fast_distractors,7,-0.23529248,0.0,0.0,1.0,5.203045
0,B_task,fast_distractors,8,-0.13645981,0.0,0.1111111111111111,1.0,5.412422
0,B_task,fast_distractors,9,-0.01795997,0.0,0.24444444444444444,1.0,1.7120341
0,B_task,fast_distractors,10,-0.06196553,0.0,0.3111111111111111,1.0,1.6886553
0,B_task,fast_distractors,11,-0.1767443,0.0,0.13333333333333333,1.0,1.6478801
0,B_task,fast_distractors,12,-0.13281226,0.0,0.0,1.0,3.038879
0,B_task,fast_distractors,13,-0.20237988,0.0,0.2222222222222222,1.0,1.8165001
0,B_task,fast_distractors,14,-0.032235235,0.0,0.15555555555555556,1.0,3.273087
0,B_task,fast_distractors,15,-0.32851407,0.0,0.0,1.0,6.224649
0,B_task,fast_distractors,16,0.0010307557,0.0,0.0,1.0,2.5159764
0,B_task,fast_distractors,17,-0.11782094,0.0,0.022222222222222223,1.0,5.938542
0,B_task,fast_distractors,18,-0.015524129,1.0,0.4,1.0,1.4420383
0,B_task,fast_distractors,19,-0.23668686,0.0,0.08888888888888889,1.0,4.092158
0,B_task,fast_distractors,20,0.049934346,0.0,0.28888888888888886,1.0,1.7233194
0,B_task,fast_distractors,21,-0.056913223,0.0,0.0,1.0,1.7943964
0,B_task,fast_distractors,22,0.14416172,1.0,0.37777777777777777,1.0,0.43115982
0,B_task,fast_distractors,23,0.07621214,0.0,0.15555555555555556,1.0,1.9353739
0,B_task,fast_distractors,24,-0.08118682,0.0,0.13333333333333333,1.0,5.4813313
0,B_task,fast_distractors,25,-0.09411895,0.0,0.0,1.0,3.3052576
0,B_task,fast_distractors,26,-0.113218404,0.0,0.0,1.0,4.2993774
0,B_task,fast_distractors,27,-0.011755417,0.0,0.0,1.0,2.7333748
0,B_task,fast_distractors,28,0.06721085,0.0,0.15555555555555556,1.0,2.2567153
0,B_task,fast_distractors,29,-0.1591661,0.0,0.0,1.0,3.7599797
0,B_task,fast_distractors,30,-0.16661061,0.0,0.0,1.0,2.0997498
0,B_task,fast_distractors,31,-0.13588437,0.0,0.0,1.0,2.8568373
0,B_task,fast_distractors,32,-0.30032265,0.0,0.0,1.0,5.398994
0,B_task,fast_distractors,33,-0.12495398,0.0,0.0,1.0,3.4026089
0,B_task,fast_distractors,34,-0.06533908,0.0,0.15555555555555556,1.0,2.4688704
0,B_task,fast_distractors,35,-0.08152074,0.0,0.0,1.0,4.750368
0,B_task,fast_distractors,36,-0.037544876,0.0,0.0,1.0,3.4793644
0,B_task,fast_distractors,37,-0.12266954,1.0,0.28888888888888886,1.0,0.4247414
0,B_task,fast_distractors,38,0.13565943,1.0,0.5333333333333333,1.0,0.98148996
0,B_task,fast_distractors,39,-0.25475293,0.0,0.0,1.0,6.0609703
0,B_task,fast_distractors,40,-0.08670894,0.0,0.1111111111111111,1.0,4.4416656
0,B_task,fast_distractors,41,0.06820221,0.0,0.17777777777777778,1.0,1.6120015
0,B_task,fast_distractors,42,-0.08690388,0.0,0.0,1.0,3.5012655
0,B_task,fast_distractors,43,-0.052645832,0.0,0.1111111111111111,1.0,3.5747192
0,B_task,fast_distractors,44,-0.08961022,0.0,0.1111111111111111,1.0,3.559082
0,B_task,fast_distractors,45,-0.029286606,0.0,0.2222222222222222,1.0,5.172066
0,B_task,fast_distractors,46,-0.28695747,0.0,0.0,1.0,7.8304987
0,B_task,fast_distractors,47,-0.121338725,0.0,0.0,1.0,3.4360201
0,B_task,fast_distractors,48,0.02809335,1.0,0.4222222222222222,1.0,0.8544527
0,B_task,fast_distractors,49,-0.10857658,0.0,0.0,1.0,2.286943
0,B_task,fast_distractors,50,-0.11044203,0.0,0.0,1.0,2.5525067
0,B_task,fast_distractors,51,-0.2034356,0.0,0.15555555555555556,1.0,3.0111055
0,B_task,fast_distractors,52,0.0018055183,0.0,0.0,1.0,2.333966
0,B_task,fast_distractors,53,-0.103468075,0.0,0.08888888888888889,1.0,2.022902
0,B_task,fast_distractors,54,0.01745161,0.0,0.06666666666666667,1.0,4.8234687
0,B_task,fast_distractors,55,-0.02591009,1.0,0.4222222222222222,1.0,1.2640349
0,B_task,fast_distractors,56,0.25210387,1.0,0.37777777777777777,1.0,1.4304317
0,B_task,fast_distractors,57,-0.2286119,1.0,0.24444444444444444,1.0,1.1166508
0,B_task,fast_distractors,58,-0.041013516,0.0,0.0,1.0,3.6061711
0,B_task,fast_distractors,59,0.014952205,1.0,0.3333333333333333,1.0,0.41864723
0,B_task,fast_distractors,60,-0.32945585,0.0,0.0,1.0,4.0673313
0,B_task,fast_distractors,61,-0.19658974,0.0,0.0,1.0,5.9743547
0,B_task,fast_distractors,62,-0.016068626,1.0,0.3111111111111111,1.0,1.179644
0,B_task,fast_distractors,63,-0.119199276,0.0,0.0,1.0,2.8656225
0,B_task,fast_distractors,64,-0.15985693,0.0,0.13333333333333333,1.0,4.417148
0,B_task,fast_distractors,65,0.07050562,0.0,0.2,1.0,3.2745724
0,B_task,fast_distractors,66,-0.051344696,0.0,0.08888888888888889,1.0,2.723613
0,B_task,fast_distractors,67,-0.08306519,0.0,0.1111111111111111,1.0,7.3170085
0,B_task,fast_distractors,68,-0.3228654,0.0,0.0,1.0,6.0018153
0,B_task,fast_distractors,69,0.16107231,1.0,0.5555555555555556,1.0,0.44761273
0,B_task,fast_distractors,70,-0.053736724,0.0,0.022222222222222223,1.0,3.019559
0,B_task,fast_distractors,71,-0.19422409,0.0,0.0,1.0,2.2091677
0,B_task,fast_distractors,72,0.10714638,0.0,0.2,1.0,2.3239753
0,B_task,fast_distractors,73,0.10669474,1.0,0.4888888888888889,1.0,0.4739371
0,B_task,fast_distractors,74,-0.06211675,0.0,0.2222222222222222,1.0,1.9814655
0,B_task,fast_distractors,75,-0.102869384,0.0,0.0,1.0,4.2318144
0,B_task,fast_distractors,76,0.07898596,0.0,0.24444444444444444,1.0,2.098071
0,B_task,fast_distractors,77,-0.17807274,0.0,0.06666666666666667,1.0,1.678211
0,B_task,fast_distractors,78,0.010302754,1.0,0.1111111111111111,1.0,1.4718771
0,B_task,fast_distractors,79,-0.05075205,0.0,0.0,1.0,5.1872506
0,B_task,fast_distractors,80,-0.16660155,0.0,0.24444444444444444,1.0,1.8032418
0,B_task,fast_distractors,81,-0.21161518,0.0,0.0,1.0,3.2923546
0,B_task,fast_distractors,82,-0.23098128,0.0,0.0,1.0,2.86397
0,B_task,fast_distractors,83,-0.22936274,0.0,0.1111111111111111,1.0,3.5741298
0,B_task,fast_distractors,84,-0.08911561,0.0,0.0,1.0,1.5884612
0,B_task,fast_distractors,85,-0.22361192,1.0,0.022222222222222223,1.0,1.4671139
0,B_task,fast_distractors,86,-0.19109194,0.0,0.0,1.0,3.0832236
0,B_task,fast_distractors,87,-0.08651335,0.0,0.0,1.0,3.5821927
0,B_task,fast_distractors,88,0.05595793,0.0,0.0,1.0,2.1250706
0,B_task,fast_distractors,89,-0.19308953,0.0,0.0,1.0,6.0960927
0,B_task,fast_distractors,90,-0.124422066,0.0,0.2,1.0,2.3302906
0,B_task,fast_distractors,91,-0.19762456,0.0,0.13333333333333333,1.0,2.3985467
0,B_task,fast_distractors,92,-0.1257379,0.0,0.0,1.0,4.3581696
0,B_task,fast_distractors,93,-0.27159953,0.0,0.0,1.0,6.885128
0,B_task,fast_distractors,94,-0.11504575,0.0,0.0,1.0,3.2073092
0,B_task,fast_distractors,95,-0.1834319,0.0,0.0,1.0,3.7852569
0,B_task,fast_distractors,96,-0.10281719,0.0,0.17777777777777778,1.0,2.8086014
0,B_task,fast_distractors,97,-0.051922947,0.0,0.0,1.0,2.3612409
0,B_task,fast_distractors,98,0.22112134,0.0,0.5111111111111111,1.0,1.6733669
0,B_task,fast_distractors,99,-0.13970675,0.0,0.13333333333333333,1.0,3.519916
0,B_task,unseen_distractor_hues,0,0.07556268,0.0,0.35555555555555557,1.0,3.7823832
0,B_task,unseen_distractor_hues,1,0.11465605,1.0,0.5555555555555556,1.0,0.83836603
0,B_task,unseen_distractor_hues,2,-0.08946739,0.0,0.26666666666666666,1.0,1.9246498
0,B_task,unseen_distractor_hues,3,-0.12259,0.0,0.022222222222222223,1.0,4.842599
0,B_task,unseen_distractor_hues,4,-0.119908676,0.0,0.044444444444444446,1.0,7.0766506
0,B_task,unseen_distractor_hues,5,-0.21282552,0.0,0.0,1.0,1.9680767
0,B_task,unseen_distractor_hues,6,-0.07771139,0.0,0.1111111111111111,1.0,3.665481
0,B_task,unseen_distractor_hues,7,-0.22555804,0.0,0.0,1.0,5.0946074
0,B_task,unseen_distractor_hues,8,-0.14337927,0.0,0.1111111111111111,1.0,5.3961763
0,B_task,unseen_distractor_hues,9,0.039270405,1.0,0.4666666666666667,1.0,0.8008704
0,B_task,unseen_distractor_hues,10,-0.080347024,0.0,0.26666666666666666,1.0,1.9414761
0,B_task,unseen_distractor_hues,11,-0.16658911,1.0,0.28888888888888886,1.0,1.3612118
0,B_task,unseen_distractor_hues,12,-0.18512605,0.0,0.0,1.0,4.608327
0,B_task,unseen_distractor_hues,13,-0.23663934,0.0,0.1111111111111111,1.0,2.195693
0,B_task,unseen_distractor_hues,14,-0.027218819,0.0,0.15555555555555556,1.0,3.006591
0,B_task,unseen_distractor_hues,15,-0.3261827,0.0,0.0,1.0,6.029148
0,B_task,unseen_distractor_hues,16,-0.0068718023,0.0,0.0,1.0,2.5379617
0,B_task,unseen_distractor_hues,17,-0.11632451,0.0,0.022222222222222223,1.0,5.9293113
0,B_task,unseen_distractor_hues,18,0.00031731327,1.0,0.4,1.0,0.7968918
0,B_task,unseen_distractor_hues,19,-0.22602066,0.0,0.08888888888888889,1.0,4.170233
0,B_task,unseen_distractor_hues,20,0.1218911,1.0,0.4888888888888889,1.0,1.2327697
0,B_task,unseen_distractor_hues,21,-0.053029817,0.0,0.0,1.0,1.9262781
0,B_task,unseen_distractor_hues,22,0.14152,1.0,0.37777777777777777,1.0,0.8155955
0,B_task,unseen_distractor_hues,23,0.031245057,0.0,0.15555555555555556,1.0,1.8972105
0,B_task,unseen_distractor_hues,24,-0.058824554,0.0,0.13333333333333333,1.0,4.226051
0,B_task,unseen_distractor_hues,25,-0.065179594,0.0,0.15555555555555556,1.0,3.1476247
0,B_task,unseen_distractor_hues,26,-0.122163944,0.0,0.0,1.0,4.6019106
0,B_task,unseen_distractor_hues,27,-0.012778718,0.0,0.0,1.0,2.669574
0,B_task,unseen_distractor_hues,28,0.044108577,0.0,0.13333333333333333,1.0,2.234358
0,B_task,unseen_distractor_hues,29,-0.14318857,0.0,0.0,1.0,3.338264
0,B_task,unseen_distractor_hues,30,-0.18661427,0.0,0.0,1.0,2.2229612
0,B_task,unseen_distractor_hues,31,-0.13652025,0.0,0.0,1.0,2.9104962
0,B_task,unseen_distractor_hues,32,-0.3066551,0.0,0.0,1.0,5.803656
0,B_task,unseen_distractor_hues,33,-0.11222476,0.0,0.0,1.0,3.9277232
0,B_task,unseen_distractor_hues,34,-0.046633005,0.0,0.2222222222222222,1.0,2.0565395
0,B_task,unseen_distractor_hues,35,-0.07903688,0.0,0.0,1.0,4.7777133
0,B_task,unseen_distractor_hues,36,-0.07039524,0.0,0.0,1.0,3.89588
0,B_task,unseen_distractor_hues,37,-0.21912083,0.0,0.0,1.0,1.6877404
0,B_task,unseen_distractor_hues,38,0.1266613,1.0,0.5111111111111111,1.0,0.72943985
0,B_task,unseen_distractor_hues,39,-0.25383854,0.0,0.0,1.0,6.0800533
0,B_task,unseen_distractor_hues,40,-0.067642145,0.0,0.13333333333333333,1.0,4.1512675
0,B_task,unseen_distractor_hues,41,0.09249576,1.0,0.24444444444444444,1.0,1.3066167
0,B_task,unseen_distractor_hues,42,-0.0786203,0.0,0.0,1.0,3.5497441
0,B_task,unseen_distractor_hues,43,-0.0628217,0.0,0.06666666666666667,1.0,3.5086958
0,B_task,unseen_distractor_hues,44,-0.11341923,0.0,0.06666666666666667,1.0,4.02218
0,B_task,unseen_distractor_hues,45,-0.012611298,0.0,0.2222222222222222,1.0,4.644941
0,B_task,unseen_distractor_hues,46,-0.27676547,0.0,0.0,1.0,7.1481276
0,B_task,unseen_distractor_hues,47,-0.12170521,0.0,0.0,1.0,3.627152
0,B_task,unseen_distractor_hues,48,0.027939288,1.0,0.4444444444444444,1.0,0.6484755
0,B_task,unseen_distractor_hues,49,-0.12355942,0.0,0.0,1.0,2.3365567
0,B_task,unseen_distractor_hues,50,-0.1104915,0.0,0.0,1.0,2.571746
0,B_task,unseen_distractor_hues,51,-0.22281703,0.0,0.13333333333333333,1.0,2.9556825
0,B_task,unseen_distractor_hues,52,-0.018662127,0.0,0.0,1.0,2.4705322
0,B_task,unseen_distractor_hues,53,-0.113082506,0.0,0.044444444444444446,1.0,2.0948458
0,B_task,unseen_distractor_hues,54,0.029945267,0.0,0.08888888888888889,1.0,4.6777
0,B_task,unseen_distractor_hues,55,-0.021796184,1.0,0.4222222222222222,1.0,1.1802442
0,B_task,unseen_distractor_hues,56,0.12300459,0.0,0.13333333333333333,1.0,1.8784637
0,B_task,unseen_distractor_hues,57,-0.21664478,1.0,0.26666666666666666,1.0,1.1046664
0,B_task,unseen_distractor_hues,58,-0.02730384,0.0,0.06666666666666667,1.0,3.4041874
0,B_task,unseen_distractor_hues,59,-0.013108259,1.0,0.28888888888888886,1.0,0.1049522
0,B_task,unseen_distractor_hues,60,-0.3268119,0.0,0.0,1.0,3.8597846
0,B_task,unseen_distractor_hues,61,-0.1992498,0.0,0.0,1.0,6.466058
0,B_task,unseen_distractor_hues,62,-0.0021612942,1.0,0.3333333333333333,1.0,0.8389913
0,B_task,unseen_distractor_hues,63,-0.12904987,0.0,0.0,1.0,3.017068
0,B_task,unseen_distractor_hues,64,-0.16750558,0.0,0.13333333333333333,1.0,4.626675
0,B_task,unseen_distractor_hues,65,0.0819128,0.0,0.24444444444444444,1.0,3.2169108
0,B_task,unseen_distractor_hues,66,-0.06500315,0.0,0.08888888888888889,1.0,2.9238453
0,B_task,unseen_distractor_hues,67,-0.010784357,0.0,0.15555555555555556,1.0,5.491827
0,B_task,unseen_distractor_hues,68,-0.32524613,0.0,0.0,1.0,6.1588855
0,B_task,unseen_distractor_hues,69,0.15389153,1.0,0.5777777777777777,1.0,0.6172222
0,B_task,unseen_distractor_hues,70,-0.046768375,0.0,0.08888888888888889,1.0,3.2263045
0,B_task,unseen_distractor_hues,71,-0.21859461,0.0,0.0,1.0,2.2739923
0,B_task,unseen_distractor_hues,72,0.10288865,0.0,0.2222222222222222,1.0,2.5786607
0,B_task,unseen_distractor_hues,73,0.11206669,1.0,0.5111111111111111,1.0,0.45434052
0,B_task,unseen_distractor_hues,74,-0.07273514,0.0,0.2,1.0,2.2783763
0,B_task,unseen_distractor_hues,75,-0.085099615,0.0,0.08888888888888889,1.0,4.3079367
0,B_task,unseen_distractor_hues,76,0.063956454,0.0,0.2,1.0,1.8196349
0,B_task,unseen_distractor_hues,77,-0.15096015,0.0,0.17777777777777778,1.0,2.3058379
0,B_task,unseen_distractor_hues,78,-0.0338126,0.0,0.0,1.0,1.6621528
0,B_task,unseen_distractor_hues,79,-0.06472372,0.0,0.0,1.0,5.541766
0,B_task,unseen_distractor_hues,80,-0.18698156,0.0,0.2,1.0,1.9972258
0,B_task,unseen_distractor_hues,81,-0.20825261,0.0,0.0,1.0,3.0910673
0,B_task,unseen_distractor_hues,82,-0.14886531,1.0,0.06666666666666667,1.0,1.2236031
0,B_task,unseen_distractor_hues,83,-0.26724368,0.0,0.0,1.0,3.463751
0,B_task,unseen_distractor_hues,84,-0.14104018,0.0,0.0,1.0,2.2173388
0,B_task,unseen_distractor_hues,85,-0.19717799,1.0,0.17777777777777778,1.0,0.70375085
0,B_task,unseen_distractor_hues,86,-0.19971141,0.0,0.0,1.0,2.9674096
0,B_task,unseen_distractor_hues,87,-0.08551742,0.0,0.06666666666666667,1.0,3.8671126
0,B_task,unseen_distractor_hues,88,-0.002590769,0.0,0.0,1.0,2.5099678
0,B_task,unseen_distractor_hues,89,-0.18043122,0.0,0.0,1.0,6.0087814
0,B_task,unseen_distractor_hues,90,-0.11824723,0.0,0.2,1.0,2.2997432
0,B_task,unseen_distractor_hues,91,-0.18199584,0.0,0.15555555555555556,1.0,2.0940058
0,B_task,unseen_distractor_hues,92,-0.13048282,0.0,0.0,1.0,4.3613515
0,B_task,unseen_distractor_hues,93,-0.26898947,0.0,0.0,1.0,6.8864822
0,B_task,unseen_distractor_hues,94,-0.11436678,0.0,0.0,1.0,3.2581074
0,B_task,unseen_distractor_hues,95,-0.18816143,0.0,0.022222222222222223,1.0,5.0513463
0,B_task,unseen_distractor_hues,96,-0.12370228,0.0,0.15555555555555556,1.0,3.2205355
0,B_task,unseen_distractor_hues,97,-0.027803892,0.0,0.1111111111111111,1.0,2.293549
0,B_task,unseen_distractor_hues,98,0.2252641,0.0,0.5777777777777777,1.0,1.6153785
0,B_task,unseen_distractor_hues,99,-0.13657938,0.0,0.13333333333333333,1.0,3.3321452
0,B_task,heavy_pixel_noise,0,0.09979665,0.0,0.4,1.0,3.2584388
0,B_task,heavy_pixel_noise,1,-0.15932593,0.0,0.0,1.0,5.161067
0,B_task,heavy_pixel_noise,2,-0.17839563,0.0,0.0,1.0,1.7455335
0,B_task,heavy_pixel_noise,3,-0.06938211,0.0,0.17777777777777778,1.0,4.1009517
0,B_task,heavy_pixel_noise,4,0.060588885,0.0,0.022222222222222223,1.0,2.1090798
0,B_task,heavy_pixel_noise,5,-0.2613944,0.0,0.0,1.0,2.8099566
0,B_task,heavy_pixel_noise,6,-0.029164685,0.0,0.1111111111111111,1.0,3.4476333
0,B_task,heavy_pixel_noise,7,-0.22212084,0.0,0.0,1.0,4.6440253
0,B_task,heavy_pixel_noise,8,-0.16488172,0.0,0.0,1.0,5.4171453
0,B_task,heavy_pixel_noise,9,0.02349883,1.0,0.4444444444444444,1.0,1.3754264
0,B_task,heavy_pixel_noise,10,-0.055086326,0.0,0.3111111111111111,1.0,1.8988808
0,B_task,heavy_pixel_noise,11,-0.32109055,0.0,0.0,1.0,3.1906483
0,B_task,heavy_pixel_noise,12,-0.2640217,0.0,0.0,1.0,6.93452
0,B_task,heavy_pixel_noise,13,-0.39856932,0.0,0.0,1.0,7.926607
0,B_task,heavy_pixel_noise,14,-0.10839227,0.0,0.0,1.0,2.31646
0,B_task,heavy_pixel_noise,15,-0.22109765,0.0,0.0,1.0,2.7827501
0,B_task,heavy_pixel_noise,16,-0.042385682,0.0,0.0,1.0,3.39701
0,B_task,heavy_pixel_noise,17,-0.1113616,0.0,0.044444444444444446,1.0,5.9300923
0,B_task,heavy_pixel_noise,18,-0.1853358,0.0,0.0,1.0,4.2038536
0,B_task,heavy_pixel_noise,19,-0.14429986,1.0,0.2,1.0,0.9244936
0,B_task,heavy_pixel_noise,20,-0.067638226,0.0,0.0,1.0,2.5788083
0,B_task,heavy_pixel_noise,21,-0.040038697,0.0,0.0,1.0,1.6410978
0,B_task,heavy_pixel_noise,22,0.1768399,0.0,0.5111111111111111,1.0,1.7075222
0,B_task,heavy_pixel_noise,23,0.13493524,0.0,0.2222222222222222,1.0,2.1351888
0,B_task,heavy_pixel_noise,24,-0.07946053,0.0,0.06666666666666667,1.0,3.065091
0,B_task,heavy_pixel_noise,25,-0.1556043,0.0,0.0,1.0,3.9366357
0,B_task,heavy_pixel_noise,26,-0.097844146,0.0,0.0,1.0,3.8936179
0,B_task,heavy_pixel_noise,27,-0.065715574,0.0,0.0,1.0,2.5281093
0,B_task,heavy_pixel_noise,28,-0.0014588177,0.0,0.13333333333333333,1.0,2.9377866
0,B_task,heavy_pixel_noise,29,-0.16688386,0.0,0.0,1.0,3.48876
0,B_task,heavy_pixel_noise,30,-0.104990475,1.0,0.2,1.0,0.2666971
0,B_task,heavy_pixel_noise,31,-0.121284716,0.0,0.0,1.0,2.5257697
0,B_task,heavy_pixel_noise,32,-0.29979765,0.0,0.0,1.0,5.114345
0,B_task,heavy_pixel_noise,33,-0.1028606,0.0,0.0,1.0,1.717425
0,B_task,heavy_pixel_noise,34,-0.15028767,0.0,0.0,1.0,3.2264743
0,B_task,heavy_pixel_noise,35,0.05463024,0.0,0.0,1.0,3.0804615
0,B_task,heavy_pixel_noise,36,-0.08087311,0.0,0.0,1.0,2.227999
0,B_task,heavy_pixel_noise,37,-0.20281082,1.0,0.1111111111111111,1.0,1.0966443
0,B_task,heavy_pixel_noise,38,0.054828808,0.0,0.3333333333333333,1.0,1.79459
0,B_task,heavy_pixel_noise,39,-0.26932454,0.0,0.0,1.0,6.164626
0,B_task,heavy_pixel_noise,40,0.08222956,1.0,0.5555555555555556,1.0,1.1525646
0,B_task,heavy_pixel_noise,41,0.01830336,0.0,0.1111111111111111,1.0,1.8884451
0,B_task,heavy_pixel_noise,42,0.0643437,0.0,0.17777777777777778,1.0,2.344694
0,B_task,heavy_pixel_noise,43,-0.06842483,0.0,0.0,1.0,2.8601348
0,B_task,heavy_pixel_noise,44,-0.04514024,0.0,0.17777777777777778,1.0,3.2960548
0,B_task,heavy_pixel_noise,45,-0.13131867,0.0,0.022222222222222223,1.0,2.7203274
0,B_task,heavy_pixel_noise,46,-0.24738966,0.0,0.0,1.0,5.254061
0,B_task,heavy_pixel_noise,47,-0.13660055,0.0,0.0,1.0,3.5980957
0,B_task,heavy_pixel_noise,48,-0.23046349,0.0,0.0,1.0,5.3113837
0,B_task,heavy_pixel_noise,49,0.034198035,1.0,0.35555555555555557,1.0,1.2044181
0,B_task,heavy_pixel_noise,50,-0.101954706,0.0,0.0,1.0,3.3598747
0,B_task,heavy_pixel_noise,51,-0.35118014,0.0,0.0,1.0,4.1772246
0,B_task,heavy_pixel_noise,52,-0.009546358,0.0,0.0,1.0,2.1222348
0,B_task,heavy_pixel_noise,53,-0.10580977,0.0,0.0,1.0,2.2669396
0,B_task,heavy_pixel_noise,54,-0.010149717,0.0,0.0,1.0,2.9590094
0,B_task,heavy_pixel_noise,55,-0.019447796,1.0,0.4,1.0,1.1361095
0,B_task,heavy_pixel_noise,56,0.07983306,0.0,0.2,1.0,3.3662195
0,B_task,heavy_pixel_noise,57,-0.2871934,1.0,0.13333333333333333,1.0,1.3156669
0,B_task,heavy_pixel_noise,58,-0.027297568,0.0,0.1111111111111111,1.0,3.183962
0,B_task,heavy_pixel_noise,59,-0.2809862,0.0,0.0,1.0,5.606725
0,B_task,heavy_pixel_noise,60,-0.33834964,0.0,0.0,1.0,4.277816
0,B_task,heavy_pixel_noise,61,-0.18159218,0.0,0.0,1.0,7.606318
0,B_task,heavy_pixel_noise,62,-0.2013221,0.0,0.0,1.0,3.7884166
0,B_task,heavy_pixel_noise,63,-0.11235129,0.0,0.0,1.0,2.8801918
0,B_task,heavy_pixel_noise,64,-0.2955035,0.0,0.0,1.0,3.7740936
0,B_task,heavy_pixel_noise,65,0.08851705,0.0,0.24444444444444444,1.0,3.1901116
0,B_task,heavy_pixel_noise,66,-0.101161905,0.0,0.06666666666666667,1.0,3.4234676
0,B_task,heavy_pixel_noise,67,-0.16678913,0.0,0.0,1.0,4.973026
0,B_task,heavy_pixel_noise,68,-0.2759811,0.0,0.06666666666666667,1.0,4.1434603
0,B_task,heavy_pixel_noise,69,0.0628704,1.0,0.4888888888888889,1.0,1.4517839
0,B_task,heavy_pixel_noise,70,0.11201775,0.0,0.3111111111111111,1.0,1.7759181
0,B_task,heavy_pixel_noise,71,-0.2847605,0.0,0.0,1.0,5.9600587
0,B_task,heavy_pixel_noise,72,-0.044481277,0.0,0.08888888888888889,1.0,4.710808
0,B_task,heavy_pixel_noise,73,-0.14834975,0.0,0.0,1.0,4.088143
0,B_task,heavy_pixel_noise,74,-0.09126178,1.0,0.24444444444444444,1.0,0.3205946
0,B_task,heavy_pixel_noise,75,-0.0784249,0.0,0.08888888888888889,1.0,4.0983887
0,B_task,heavy_pixel_noise,76,0.012503206,0.0,0.0,1.0,1.9432377
0,B_task,heavy_pixel_noise,77,-0.1456683,0.0,0.17777777777777778,1.0,1.8671987
0,B_task,heavy_pixel_noise,78,-0.104471885,1.0,0.044444444444444446,1.0,1.4713495
0,B_task,heavy_pixel_noise,79,-0.21330953,0.0,0.0,1.0,6.832612
0,B_task,heavy_pixel_noise,80,-0.22277018,0.0,0.022222222222222223,1.0,1.9324163
0,B_task,heavy_pixel_noise,81,-0.3060938,0.0,0.0,1.0,6.347609
0,B_task,heavy_pixel_noise,82,-0.1349631,0.0,0.0,1.0,1.6708826
0,B_task,heavy_pixel_noise,83,-0.21884541,0.0,0.1111111111111111,1.0,2.1068828
0,B_task,heavy_pixel_noise,84,-0.15311141,0.0,0.0,1.0,4.5331717
0,B_task,heavy_pixel_noise,85,-0.24486364,0.0,0.06666666666666667,1.0,3.168116
0,B_task,heavy_pixel_noise,86,-0.16099079,0.0,0.0,1.0,2.1468349
0,B_task,heavy_pixel_noise,87,-0.16692816,0.0,0.0,1.0,4.6590652
0,B_task,heavy_pixel_noise,88,-0.123616226,0.0,0.0,1.0,5.1011963
0,B_task,heavy_pixel_noise,89,-0.20784765,0.0,0.0,1.0,6.5668902
0,B_task,heavy_pixel_noise,90,-0.27441412,0.0,0.0,1.0,4.171706
0,B_task,heavy_pixel_noise,91,-0.34542382,0.0,0.0,1.0,4.683654
0,B_task,heavy_pixel_noise,92,-0.11017762,0.0,0.0,1.0,4.3003817
0,B_task,heavy_pixel_noise,93,-0.31170836,0.0,0.0,1.0,7.753227
0,B_task,heavy_pixel_noise,94,0.05731519,1.0,0.15555555555555556,1.0,1.2645789
0,B_task,heavy_pixel_noise,95,-0.1264969,0.0,0.0,1.0,2.3265765
0,B_task,heavy_pixel_noise,96,-0.2845269,0.0,0.0,1.0,6.781628
0,B_task,heavy_pixel_noise,97,0.0050948276,0.0,0.24444444444444444,1.0,1.5651971
0,B_task,heavy_pixel_noise,98,0.10187082,0.0,0.06666666666666667,1.0,1.8595734
0,B_task,heavy_pixel_noise,99,-0.100156434,0.0,0.15555555555555556,1.0,2.193841
0,C_scene,in_distribution,0,-0.031531464,0.0,0.15555555555555556,1.0,5.3614783
0,C_scene,in_distribution,1,-0.06968609,0.0,0.0,1.0,2.555078
0,C_scene,in_distribution,2,-0.09890584,1.0,0.28888888888888886,1.0,0.7974491
0,C_scene,in_distribution,3,-0.21222869,0.0,0.0,1.0,6.9372945
0,C_scene,in_distribution,4,-0.18549277,0.0,0.0,1.0,9.0447035
0,C_scene,in_distribution,5,-0.16611294,1.0,0.17777777777777778,1.0,0.6452328
0,C_scene,in_distribution,6,-0.114700794,0.0,0.08888888888888889,1.0,4.6415935
0,C_scene,in_distribution,7,-0.29673737,0.0,0.0,1.0,6.1022873
0,C_scene,in_distribution,8,-0.24879421,0.0,0.0,1.0,6.344935
0,C_scene,in_distribution,9,-0.012489075,0.0,0.3333333333333333,1.0,1.9169698
0,C_scene,in_distribution,10,-0.28761348,0.0,0.0,1.0,5.7237
0,C_scene,in_distribution,11,-0.19741078,1.0,0.2,1.0,1.4212636
0,C_scene,in_distribution,12,-0.20849174,0.0,0.0,1.0,5.50066
0,C_scene,in_distribution,13,-0.32310194,0.0,0.0,1.0,3.3677075
0,C_scene,in_distribution,14,-0.26204255,0.0,0.0,1.0,9.1058235
0,C_scene,in_distribution,15,-0.3556547,0.0,0.0,1.0,4.665053
0,C_scene,in_distribution,16,0.1457465,1.0,0.37777777777777777,1.0,0.2894537
0,C_scene,in_distribution,17,-0.1662333,0.0,0.0,1.0,6.3526387
0,C_scene,in_distribution,18,-0.16847472,0.0,0.0,1.0,2.6093616
0,C_scene,in_distribution,19,-0.22756808,0.0,0.06666666666666667,1.0,3.4635887
0,C_scene,in_distribution,20,-0.17452678,0.0,0.0,1.0,3.1931806
0,C_scene,in_distribution,21,-0.12539405,0.0,0.0,1.0,5.8574014
0,C_scene,in_distribution,22,-0.08367785,0.0,0.0,1.0,4.5651855
0,C_scene,in_distribution,23,0.20212917,1.0,0.4666666666666667,1.0,0.7044225
0,C_scene,in_distribution,24,-0.13481952,0.0,0.08888888888888889,1.0,6.983717
0,C_scene,in_distribution,25,-0.025999816,0.0,0.2222222222222222,1.0,2.1422744
0,C_scene,in_distribution,26,-0.15836252,0.0,0.0,0.0,7.033543
0,C_scene,in_distribution,27,-0.16051914,0.0,0.0,0.0,8.573803
0,C_scene,in_distribution,28,-0.065997705,0.0,0.0,1.0,4.269494
0,C_scene,in_distribution,29,-0.25018397,0.0,0.0,1.0,8.59783
0,C_scene,in_distribution,30,-0.29825705,0.0,0.0,1.0,5.80838
0,C_scene,in_distribution,31,-0.07563532,0.0,0.0,1.0,2.5655994
0,C_scene,in_distribution,32,-0.2618574,0.0,0.0,1.0,3.3270168
0,C_scene,in_distribution,33,-0.16328707,0.0,0.0,1.0,4.068873
0,C_scene,in_distribution,34,-0.05162215,0.0,0.2,1.0,2.5619767
0,C_scene,in_distribution,35,-0.07470447,0.0,0.0,1.0,5.040915
0,C_scene,in_distribution,36,-0.03478364,0.0,0.0,1.0,5.418664
0,C_scene,in_distribution,37,-0.2624791,0.0,0.0,1.0,2.6083236
0,C_scene,in_distribution,38,-0.19521838,0.0,0.0,1.0,4.141956
0,C_scene,in_distribution,39,-0.2748933,0.0,0.0,1.0,6.1271057
0,C_scene,in_distribution,40,-0.05012299,0.0,0.15555555555555556,1.0,3.5608613
0,C_scene,in_distribution,41,-0.013203326,0.0,0.15555555555555556,1.0,3.3655078
0,C_scene,in_distribution,42,-0.11986612,0.0,0.0,1.0,2.7084634
0,C_scene,in_distribution,43,0.072447434,1.0,0.4444444444444444,1.0,1.3439083
0,C_scene,in_distribution,44,-0.17279343,0.0,0.044444444444444446,1.0,6.861166
0,C_scene,in_distribution,45,-0.16749692,0.0,0.0,1.0,6.595048
0,C_scene,in_distribution,46,-0.319217,0.0,0.0,1.0,6.781177
0,C_scene,in_distribution,47,-0.115996405,0.0,0.0,1.0,4.206041
0,C_scene,in_distribution,48,-0.14911598,0.0,0.0,1.0,2.9391403
0,C_scene,in_distribution,49,-0.20758508,0.0,0.0,1.0,4.624588
0,C_scene,in_distribution,50,-0.061678737,0.0,0.06666666666666667,1.0,2.9554715
0,C_scene,in_distribution,51,-0.2630938,1.0,0.1111111111111111,1.0,0.8247051
0,C_scene,in_distribution,52,-0.17808588,0.0,0.0,1.0,5.896576
0,C_scene,in_distribution,53,-0.20249617,0.0,0.0,1.0,4.9016485
0,C_scene,in_distribution,54,0.0459255,1.0,0.044444444444444446,1.0,1.5205324
0,C_scene,in_distribution,55,-0.049728766,0.0,0.3111111111111111,1.0,1.8215468
0,C_scene,in_distribution,56,0.085354105,0.0,0.24444444444444444,1.0,3.234291
0,C_scene,in_distribution,57,-0.34154588,0.0,0.0,1.0,2.8485334
0,C_scene,in_distribution,58,-0.17007233,0.0,0.0,1.0,3.9174972
0,C_scene,in_distribution,59,-0.19837269,0.0,0.0,1.0,2.721264
0,C_scene,in_distribution,60,-0.22098753,1.0,0.13333333333333333,1.0,1.0038344
0,C_scene,in_distribution,61,-0.08309116,0.0,0.0,1.0,2.6884336
0,C_scene,in_distribution,62,-0.22807744,0.0,0.0,1.0,5.029173
0,C_scene,in_distribution,63,-0.15329741,0.0,0.0,1.0,4.021683
0,C_scene,in_distribution,64,-0.28321674,0.0,0.0,1.0,6.1514764
0,C_scene,in_distribution,65,0.1112445,0.0,0.28888888888888886,1.0,3.05521
0,C_scene,in_distribution,66,-0.048680183,0.0,0.1111111111111111,1.0,4.3287034
0,C_scene,in_distribution,67,0.062564045,1.0,0.1111111111111111,1.0,1.1188369
0,C_scene,in_distribution,68,-0.38398585,0.0,0.0,1.0,7.168477
0,C_scene,in_distribution,69,-0.0017532832,0.0,0.17777777777777778,1.0,2.5373294
0,C_scene,in_distribution,70,-0.11864288,0.0,0.0,1.0,4.405691
0,C_scene,in_distribution,71,-0.29921627,0.0,0.0,1.0,5.3967814
0,C_scene,in_distribution,72,0.123737104,0.0,0.26666666666666666,1.0,3.1229138
0,C_scene,in_distribution,73,0.110317715,1.0,0.4666666666666667,1.0,1.1586462
0,C_scene,in_distribution,74,-0.21193485,0.0,0.0,1.0,2.029694
0,C_scene,in_distribution,75,-0.05178312,0.0,0.06666666666666667,1.0,2.3230817
0,C_scene,in_distribution,76,-0.07773044,0.0,0.0,1.0,5.161038
0,C_scene,in_distribution,77,-0.30555966,0.0,0.0,1.0,4.8290534
0,C_scene,in_distribution,78,-0.17863399,0.0,0.0,1.0,3.385323
0,C_scene,in_distribution,79,0.007812694,0.0,0.17777777777777778,1.0,4.7618713
0,C_scene,in_distribution,80,-0.23978423,0.0,0.0,1.0,2.9095726
0,C_scene,in_distribution,81,-0.24018979,0.0,0.0,1.0,4.2184153
0,C_scene,in_distribution,82,-0.17742379,0.0,0.0,1.0,4.3707833
0,C_scene,in_distribution,83,-0.20248589,1.0,0.2222222222222222,1.0,1.4484186
0,C_scene,in_distribution,84,-0.24269295,0.0,0.0,1.0,5.5023704
0,C_scene,in_distribution,85,-0.32162458,0.0,0.0,1.0,3.791255
0,C_scene,in_distribution,86,-0.2709653,0.0,0.0,1.0,6.382029
0,C_scene,in_distribution,87,0.031674128,1.0,0.08888888888888889,1.0,0.9899776
0,C_scene,in_distribution,88,-0.058818895,0.0,0.0,1.0,3.4489503
0,C_scene,in_distribution,89,-0.15297471,0.0,0.0,1.0,3.8248837
0,C_scene,in_distribution,90,-0.30375263,0.0,0.0,1.0,6.008537
0,C_scene,in_distribution,91,-0.1789873,0.0,0.2,1.0,2.2627735
0,C_scene,in_distribution,92,-0.120619565,0.0,0.0,1.0,3.81982
0,C_scene,in_distribution,93,-0.3061342,0.0,0.0,1.0,7.402112
0,C_scene,in_distribution,94,-0.2098476,0.0,0.0,1.0,9.10765
0,C_scene,in_distribution,95,-0.22550628,0.0,0.0,1.0,6.9325066
0,C_scene,in_distribution,96,-0.2430675,0.0,0.0,1.0,2.2559438
0,C_scene,in_distribution,97,-0.15193959,0.0,0.0,1.0,3.0220628
0,C_scene,in_distribution,98,0.055046067,0.0,0.17777777777777778,1.0,3.4382637
0,C_scene,in_distribution,99,-0.21696438,0.0,0.0,1.0,3.5279324
0,C_scene,4_distractors,0,0.06068192,0.0,0.26666666666666666,1.0,3.2779667
0,C_scene,4_distractors,1,-0.094603516,0.0,0.0,1.0,2.4581242
0,C_scene,4_distractors,2,-0.07533176,1.0,0.3333333333333333,1.0,0.96929127
0,C_scene,4_distractors,3,-0.26061663,0.0,0.0,1.0,8.610601
0,C_scene,4_distractors,4,-0.14862774,0.0,0.0,1.0,6.243918
0,C_scene,4_distractors,5,-0.17098846,1.0,0.2,1.0,1.2496563
0,C_scene,4_distractors,6,-0.14018075,0.0,0.022222222222222223,1.0,5.5276394
0,C_scene,4_distractors,7,-0.33278757,0.0,0.0,1.0,7.258133
0,C_scene,4_distractors,8,-0.27693585,0.0,0.0,1.0,7.0727324
0,C_scene,4_distractors,9,-0.06312214,0.0,0.2222222222222222,1.0,2.6028237
0,C_scene,4_distractors,10,-0.28029233,0.0,0.0,1.0,5.0076857
0,C_scene,4_distractors,11,-0.31127632,0.0,0.0,1.0,3.367311
0,C_scene,4_distractors,12,-0.23608804,0.0,0.0,1.0,6.526354
0,C_scene,4_distractors,13,-0.38491267,0.0,0.0,1.0,6.0436773
0,C_scene,4_distractors,14,-0.24700671,0.0,0.0,1.0,7.0047927
0,C_scene,4_distractors,15,-0.41719478,0.0,0.0,0.0,9.550886
0,C_scene,4_distractors,16,-0.09140709,0.0,0.0,1.0,2.2446778
0,C_scene,4_distractors,17,-0.15933052,0.0,0.0,1.0,5.978189
0,C_scene,4_distractors,18,-0.23180333,0.0,0.0,1.0,3.958743
0,C_scene,4_distractors,19,-0.26403135,0.0,0.0,1.0,4.298819
0,C_scene,4_distractors,20,-0.13389705,0.0,0.0,1.0,2.3219404
0,C_scene,4_distractors,21,-0.10808101,0.0,0.0,1.0,4.838358
0,C_scene,4_distractors,22,-0.15847732,0.0,0.0,1.0,4.852271
0,C_scene,4_distractors,23,0.14312129,0.0,0.2222222222222222,1.0,1.5716655
0,C_scene,4_distractors,24,-0.029584566,0.0,0.13333333333333333,1.0,3.0469854
0,C_scene,4_distractors,25,-0.056579817,1.0,0.2222222222222222,1.0,0.19793023
0,C_scene,4_distractors,26,-0.18081006,0.0,0.0,0.0,7.899487
0,C_scene,4_distractors,27,-0.045060694,0.0,0.0,1.0,4.0613313
0,C_scene,4_distractors,28,-0.15747748,0.0,0.0,1.0,5.267177
0,C_scene,4_distractors,29,-0.23124368,0.0,0.0,1.0,6.8350058
0,C_scene,4_distractors,30,-0.3206531,0.0,0.0,1.0,6.304715
0,C_scene,4_distractors,31,0.058172114,1.0,0.4,1.0,0.49397814
0,C_scene,4_distractors,32,-0.29804596,0.0,0.0,1.0,4.2846417
0,C_scene,4_distractors,33,-0.18058622,0.0,0.0,1.0,4.8177147
0,C_scene,4_distractors,34,-0.060235262,0.0,0.17777777777777778,1.0,3.0266368
0,C_scene,4_distractors,35,-0.12452204,0.0,0.0,1.0,5.6235137
0,C_scene,4_distractors,36,-0.059895888,0.0,0.0,1.0,4.7357364
0,C_scene,4_distractors,37,-0.28953302,0.0,0.0,1.0,2.9567175
0,C_scene,4_distractors,38,-0.1894481,0.0,0.0,1.0,5.192724
0,C_scene,4_distractors,39,-0.3201888,0.0,0.0,1.0,8.221773
0,C_scene,4_distractors,40,-0.056084946,0.0,0.15555555555555556,1.0,4.1150894
0,C_scene,4_distractors,41,0.023666311,0.0,0.24444444444444444,1.0,3.154202
0,C_scene,4_distractors,42,-0.14988352,0.0,0.0,1.0,3.9545648
0,C_scene,4_distractors,43,-0.12747855,0.0,0.0,1.0,2.4577374
0,C_scene,4_distractors,44,-0.15456557,0.0,0.044444444444444446,1.0,6.3830595
0,C_scene,4_distractors,45,-0.16757825,0.0,0.0,1.0,5.1513853
0,C_scene,4_distractors,46,-0.31104767,0.0,0.0,1.0,6.900415
0,C_scene,4_distractors,47,-0.13925928,0.0,0.0,1.0,5.451237
0,C_scene,4_distractors,48,-0.079604246,0.0,0.15555555555555556,1.0,2.6215968
0,C_scene,4_distractors,49,-0.23185006,0.0,0.0,1.0,5.602765
0,C_scene,4_distractors,50,-0.08108109,0.0,0.0,1.0,2.6666067
0,C_scene,4_distractors,51,-0.3150859,1.0,0.022222222222222223,1.0,1.545314
0,C_scene,4_distractors,52,-0.13014726,0.0,0.0,1.0,3.8899076
0,C_scene,4_distractors,53,-0.20978357,0.0,0.0,1.0,4.5047975
0,C_scene,4_distractors,54,0.08228052,0.0,0.0,1.0,2.157406
0,C_scene,4_distractors,55,-0.18059881,0.0,0.06666666666666667,1.0,4.858896
0,C_scene,4_distractors,56,0.05500451,0.0,0.17777777777777778,1.0,3.8014202
0,C_scene,4_distractors,57,-0.36029023,0.0,0.0,1.0,3.2419
0,C_scene,4_distractors,58,-0.09283248,0.0,0.0,1.0,2.7683718
0,C_scene,4_distractors,59,-0.15465914,0.0,0.0,1.0,1.9406363
0,C_scene,4_distractors,60,-0.20677783,1.0,0.1111111111111111,1.0,1.3001488
0,C_scene,4_distractors,61,-0.02034176,0.0,0.0,1.0,2.0781841
0,C_scene,4_distractors,62,-0.2127161,0.0,0.0,1.0,3.972586
0,C_scene,4_distractors,63,-0.16984282,0.0,0.0,1.0,4.259775
0,C_scene,4_distractors,64,-0.27551448,0.0,0.0,1.0,5.8328514
0,C_scene,4_distractors,65,0.08078902,0.0,0.24444444444444444,1.0,3.4305792
0,C_scene,4_distractors,66,-0.09392528,0.0,0.1111111111111111,1.0,6.235044
0,C_scene,4_distractors,67,-0.13730112,0.0,0.0,1.0,4.5466733
0,C_scene,4_distractors,68,-0.3752382,0.0,0.0,1.0,7.3452263
0,C_scene,4_distractors,69,-0.024867637,0.0,0.0,1.0,1.8379248
0,C_scene,4_distractors,70,-0.15304865,0.0,0.0,1.0,4.7608204
0,C_scene,4_distractors,71,-0.31399688,0.0,0.0,1.0,5.3054476
0,C_scene,4_distractors,72,0.19683838,0.0,0.4,1.0,3.4231808
0,C_scene,4_distractors,73,-0.11731984,0.0,0.0,1.0,3.4621885
0,C_scene,4_distractors,74,-0.29096785,0.0,0.0,1.0,3.8067613
0,C_scene,4_distractors,75,-0.10208326,0.0,0.0,1.0,3.2515264
0,C_scene,4_distractors,76,-0.20088737,0.0,0.0,1.0,4.797674
0,C_scene,4_distractors,77,-0.3136501,0.0,0.0,1.0,5.1441703
0,C_scene,4_distractors,78,-0.20715784,0.0,0.0,1.0,5.239404
0,C_scene,4_distractors,79,0.057083152,0.0,0.28888888888888886,1.0,4.4239154
0,C_scene,4_distractors,80,-0.26327983,0.0,0.0,1.0,2.8060288
0,C_scene,4_distractors,81,-0.25485003,0.0,0.0,1.0,4.117046
0,C_scene,4_distractors,82,-0.21848844,0.0,0.0,1.0,3.6298394
0,C_scene,4_distractors,83,-0.23909281,0.0,0.1111111111111111,1.0,2.578581
0,C_scene,4_distractors,84,-0.25687227,0.0,0.0,1.0,5.5047026
0,C_scene,4_distractors,85,-0.34386012,0.0,0.0,1.0,3.8667254
0,C_scene,4_distractors,86,-0.24182093,0.0,0.0,1.0,4.8394976
0,C_scene,4_distractors,87,-0.15830056,0.0,0.0,1.0,5.4043627
0,C_scene,4_distractors,88,-0.07382283,0.0,0.0,1.0,2.8024077
0,C_scene,4_distractors,89,-0.17914312,0.0,0.0,1.0,5.0876675
0,C_scene,4_distractors,90,-0.2601648,0.0,0.0,1.0,3.1538756
0,C_scene,4_distractors,91,-0.17665932,0.0,0.2,1.0,1.6179388
0,C_scene,4_distractors,92,-0.12680653,0.0,0.0,1.0,3.965874
0,C_scene,4_distractors,93,-0.2671793,0.0,0.0,1.0,4.36392
0,C_scene,4_distractors,94,-0.23713839,0.0,0.0,1.0,9.273747
0,C_scene,4_distractors,95,-0.23802073,0.0,0.0,1.0,7.778943
0,C_scene,4_distractors,96,-0.1829177,1.0,0.06666666666666667,1.0,1.1461974
0,C_scene,4_distractors,97,-0.08275233,0.0,0.0,1.0,3.1117008
0,C_scene,4_distractors,98,0.12089524,0.0,0.3111111111111111,1.0,2.3321526
0,C_scene,4_distractors,99,-0.072415836,1.0,0.35555555555555557,1.0,1.4443083
0,C_scene,fast_distractors,0,0.026262013,0.0,0.2222222222222222,1.0,4.04374
0,C_scene,fast_distractors,1,-0.11349613,0.0,0.0,1.0,3.1906211
0,C_scene,fast_distractors,2,-0.17740013,0.0,0.0,1.0,2.4045417
0,C_scene,fast_distractors,3,-0.22098601,0.0,0.0,1.0,6.9939775
0,C_scene,fast_distractors,4,-0.1784272,0.0,0.0,1.0,8.304615
0,C_scene,fast_distractors,5,-0.18691222,0.0,0.1111111111111111,1.0,2.1709144
0,C_scene,fast_distractors,6,-0.12528677,0.0,0.06666666666666667,1.0,5.0964985
0,C_scene,fast_distractors,7,-0.305008,0.0,0.0,1.0,7.0718684
0,C_scene,fast_distractors,8,-0.24648355,0.0,0.0,1.0,5.721013
0,C_scene,fast_distractors,9,-0.015669633,0.0,0.3333333333333333,1.0,1.8729482
0,C_scene,fast_distractors,10,-0.27447572,0.0,0.0,1.0,4.9758725
0,C_scene,fast_distractors,11,-0.20601718,1.0,0.2,1.0,1.4318585
0,C_scene,fast_distractors,12,-0.20852733,0.0,0.0,1.0,5.165788
0,C_scene,fast_distractors,13,-0.22682746,0.0,0.2,1.0,1.5830063
0,C_scene,fast_distractors,14,-0.2588809,0.0,0.0,1.0,8.21891
0,C_scene,fast_distractors,15,-0.3196732,0.0,0.0,1.0,3.713715
0,C_scene,fast_distractors,16,0.17380694,1.0,0.4888888888888889,1.0,0.92650235
0,C_scene,fast_distractors,17,-0.16054611,0.0,0.0,1.0,6.155863
0,C_scene,fast_distractors,18,-0.1872328,0.0,0.0,1.0,2.6046777
0,C_scene,fast_distractors,19,-0.24795115,0.0,0.0,1.0,4.63126
0,C_scene,fast_distractors,20,-0.18521112,0.0,0.0,1.0,4.4940643
0,C_scene,fast_distractors,21,-0.119588725,0.0,0.0,1.0,5.0546184
0,C_scene,fast_distractors,22,-0.11078378,0.0,0.0,1.0,4.8755507
0,C_scene,fast_distractors,23,0.11673416,1.0,0.2222222222222222,1.0,1.4263933
0,C_scene,fast_distractors,24,-0.13483597,0.0,0.08888888888888889,1.0,7.1924186
0,C_scene,fast_distractors,25,-0.025423665,0.0,0.3111111111111111,1.0,1.5549828
0,C_scene,fast_distractors,26,-0.16556014,0.0,0.0,0.0,7.609509
0,C_scene,fast_distractors,27,-0.15741251,0.0,0.0,0.0,8.465602
0,C_scene,fast_distractors,28,-0.071378954,0.0,0.0,1.0,4.5710907
0,C_scene,fast_distractors,29,-0.25149307,0.0,0.0,1.0,8.361594
0,C_scene,fast_distractors,30,-0.28133044,0.0,0.0,1.0,4.9074926
0,C_scene,fast_distractors,31,-0.037517544,0.0,0.15555555555555556,1.0,2.320756
0,C_scene,fast_distractors,32,-0.2822194,0.0,0.0,1.0,3.9111936
0,C_scene,fast_distractors,33,-0.15803331,0.0,0.0,1.0,4.3752637
0,C_scene,fast_distractors,34,-0.05893133,0.0,0.17777777777777778,1.0,2.7703083
0,C_scene,fast_distractors,35,-0.07573916,0.0,0.0,1.0,5.0180755
0,C_scene,fast_distractors,36,-0.11970086,0.0,0.0,1.0,7.2548966
0,C_scene,fast_distractors,37,-0.28160685,0.0,0.0,1.0,3.1485758
0,C_scene,fast_distractors,38,-0.16928242,0.0,0.0,1.0,4.32385
0,C_scene,fast_distractors,39,-0.2810366,0.0,0.0,1.0,6.8202662
0,C_scene,fast_distractors,40,-0.06026244,0.0,0.15555555555555556,1.0,4.2817597
0,C_scene,fast_distractors,41,-0.02586895,0.0,0.13333333333333333,1.0,3.3394113
0,C_scene,fast_distractors,42,-0.0066470113,1.0,0.06666666666666667,1.0,1.3861775
0,C_scene,fast_distractors,43,0.025730154,0.0,0.3333333333333333,1.0,1.5749078
0,C_scene,fast_distractors,44,-0.19225217,0.0,0.0,1.0,6.6189647
0,C_scene,fast_distractors,45,-0.2242411,0.0,0.0,1.0,8.027325
0,C_scene,fast_distractors,46,-0.30572122,0.0,0.0,1.0,6.8190947
0,C_scene,fast_distractors,47,-0.12904677,0.0,0.0,1.0,4.0209494
0,C_scene,fast_distractors,48,-0.11796936,0.0,0.0,1.0,2.5730731
0,C_scene,fast_distractors,49,-0.24480803,0.0,0.0,1.0,6.108005
0,C_scene,fast_distractors,50,-0.027283642,0.0,0.1111111111111111,1.0,2.5737069
0,C_scene,fast_distractors,51,-0.2919168,0.0,0.0,1.0,2.6333458
0,C_scene,fast_distractors,52,-0.17312378,0.0,0.0,1.0,5.1625905
0,C_scene,fast_distractors,53,-0.19555816,0.0,0.0,1.0,4.6493754
0,C_scene,fast_distractors,54,0.09119622,1.0,0.3111111111111111,1.0,1.4957178
0,C_scene,fast_distractors,55,-0.1496922,0.0,0.06666666666666667,1.0,3.629937
0,C_scene,fast_distractors,56,0.08765904,0.0,0.26666666666666666,1.0,4.0751348
0,C_scene,fast_distractors,57,-0.32471403,0.0,0.0,1.0,1.8819041
0,C_scene,fast_distractors,58,-0.17571673,0.0,0.0,1.0,3.9697583
0,C_scene,fast_distractors,59,-0.17807196,0.0,0.0,1.0,2.9197638
0,C_scene,fast_distractors,60,-0.17873302,1.0,0.26666666666666666,1.0,0.9520189
0,C_scene,fast_distractors,61,-0.046388462,0.0,0.0,1.0,2.3018887
0,C_scene,fast_distractors,62,-0.25333568,0.0,0.0,1.0,6.1764526
0,C_scene,fast_distractors,63,-0.15724838,0.0,0.0,1.0,4.2548594
0,C_scene,fast_distractors,64,-0.2700846,0.0,0.0,1.0,6.1052647
0,C_scene,fast_distractors,65,0.024419187,0.0,0.08888888888888889,1.0,3.4000404
0,C_scene,fast_distractors,66,-0.08483699,0.0,0.1111111111111111,1.0,5.9105234
0,C_scene,fast_distractors,67,0.013432503,0.0,0.0,1.0,2.27252
0,C_scene,fast_distractors,68,-0.37763196,0.0,0.0,1.0,7.181182
0,C_scene,fast_distractors,69,0.020529218,0.0,0.2222222222222222,1.0,2.5350945
0,C_scene,fast_distractors,70,-0.11937137,0.0,0.0,1.0,4.5435753
0,C_scene,fast_distractors,71,-0.2996214,0.0,0.0,1.0,5.212927
0,C_scene,fast_distractors,72,0.12605195,0.0,0.26666666666666666,1.0,3.1284666
0,C_scene,fast_distractors,73,-0.011588068,0.0,0.044444444444444446,1.0,2.5689795
0,C_scene,fast_distractors,74,-0.17292769,0.0,0.0,1.0,2.4089525
0,C_scene,fast_distractors,75,-0.042347614,0.0,0.1111111111111111,1.0,2.0314314
0,C_scene,fast_distractors,76,-0.13861822,0.0,0.0,1.0,5.340804
0,C_scene,fast_distractors,77,-0.30008447,0.0,0.0,1.0,4.496003
0,C_scene,fast_distractors,78,-0.14154147,0.0,0.0,1.0,3.0093997
0,C_scene,fast_distractors,79,0.027941523,0.0,0.24444444444444444,1.0,4.6140165
0,C_scene,fast_distractors,80,-0.17994295,0.0,0.2,1.0,1.9792719
0,C_scene,fast_distractors,81,-0.25181672,0.0,0.0,1.0,4.6498685
0,C_scene,fast_distractors,82,-0.11581523,0.0,0.08888888888888889,1.0,3.324651
0,C_scene,fast_distractors,83,-0.2279394,0.0,0.15555555555555556,1.0,2.1751685
0,C_scene,fast_distractors,84,-0.2411743,0.0,0.0,1.0,5.53372
0,C_scene,fast_distractors,85,-0.3138688,0.0,0.0,1.0,3.147004
0,C_scene,fast_distractors,86,-0.25374138,0.0,0.0,1.0,5.858098
0,C_scene,fast_distractors,87,0.06911547,1.0,0.1111111111111111,1.0,1.0394915
0,C_scene,fast_distractors,88,0.19512406,1.0,0.5555555555555556,1.0,0.9049879
0,C_scene,fast_distractors,89,-0.15266754,0.0,0.0,1.0,3.850147
0,C_scene,fast_distractors,90,-0.28598633,0.0,0.0,1.0,4.6228857
0,C_scene,fast_distractors,91,-0.22042525,0.0,0.13333333333333333,1.0,3.2716098
0,C_scene,fast_distractors,92,-0.13356788,0.0,0.0,1.0,4.3479347
0,C_scene,fast_distractors,93,-0.3037859,0.0,0.0,1.0,7.261789
0,C_scene,fast_distractors,94,-0.22333352,0.0,0.0,1.0,8.841959
0,C_scene,fast_distractors,95,-0.21280676,0.0,0.0,1.0,6.7493777
0,C_scene,fast_distractors,96,-0.21377781,1.0,0.022222222222222223,1.0,1.4838276
0,C_scene,fast_distractors,97,-0.15355207,0.0,0.0,1.0,3.350108
0,C_scene,fast_distractors,98,0.009624299,0.0,0.0,1.0,3.2322056
0,C_scene,fast_distractors,99,-0.16557151,0.0,0.0,1.0,2.8319964
0,C_scene,unseen_distractor_hues,0,0.024829578,0.0,0.24444444444444444,1.0,4.3718834
0,C_scene,unseen_distractor_hues,1,0.08362142,0.0,0.4666666666666667,1.0,1.5661361
0,C_scene,unseen_distractor_hues,2,-0.24813533,0.0,0.0,1.0,3.115119
0,C_scene,unseen_distractor_hues,3,-0.19497515,0.0,0.0,1.0,6.1081257
0,C_scene,unseen_distractor_hues,4,-0.13392667,0.0,0.0,1.0,6.5435915
0,C_scene,unseen_distractor_hues,5,-0.21137087,1.0,0.13333333333333333,1.0,1.4168727
0,C_scene,unseen_distractor_hues,6,-0.120516144,0.0,0.1111111111111111,1.0,5.4151673
0,C_scene,unseen_distractor_hues,7,-0.29365513,0.0,0.0,1.0,5.9537854
0,C_scene,unseen_distractor_hues,8,-0.24796276,0.0,0.0,1.0,6.2224417
0,C_scene,unseen_distractor_hues,9,-0.003447775,1.0,0.4222222222222222,1.0,1.1948713
0,C_scene,unseen_distractor_hues,10,-0.2699102,0.0,0.0,1.0,5.1159787
0,C_scene,unseen_distractor_hues,11,-0.23600176,0.0,0.0,1.0,2.0876384
0,C_scene,unseen_distractor_hues,12,-0.2523515,0.0,0.0,1.0,8.04125
0,C_scene,unseen_distractor_hues,13,-0.26803878,0.0,0.044444444444444446,1.0,1.9233465
0,C_scene,unseen_distractor_hues,14,-0.24243592,0.0,0.0,1.0,8.213694
0,C_scene,unseen_distractor_hues,15,-0.36242855,0.0,0.0,1.0,6.0512886
0,C_scene,unseen_distractor_hues,16,-0.040025443,0.0,0.0,1.0,2.5257378
0,C_scene,unseen_distractor_hues,17,-0.15536568,0.0,0.0,1.0,6.421146
0,C_scene,unseen_distractor_hues,18,-0.10330168,0.0,0.0,1.0,2.042973
0,C_scene,unseen_distractor_hues,19,-0.21073943,0.0,0.13333333333333333,1.0,4.3728876
0,C_scene,unseen_distractor_hues,20,-0.1414419,0.0,0.0,1.0,3.46006
0,C_scene,unseen_distractor_hues,21,-0.119630404,0.0,0.0,1.0,5.5460854
0,C_scene,unseen_distractor_hues,22,-0.096406884,0.0,0.0,1.0,3.9714878
0,C_scene,unseen_distractor_hues,23,0.12658396,1.0,0.26666666666666666,1.0,0.99572116
0,C_scene,unseen_distractor_hues,24,-0.12475438,0.0,0.1111111111111111,1.0,7.489368
0,C_scene,unseen_distractor_hues,25,-0.12348946,0.0,0.0,1.0,2.0871387
0,C_scene,unseen_distractor_hues,26,-0.150433,0.0,0.0,0.0,6.4442563
0,C_scene,unseen_distractor_hues,27,-0.16598056,0.0,0.0,0.0,9.125712
0,C_scene,unseen_distractor_hues,28,-0.036817946,0.0,0.06666666666666667,1.0,3.8588874
0,C_scene,unseen_distractor_hues,29,-0.22504339,0.0,0.0,1.0,6.4835525
0,C_scene,unseen_distractor_hues,30,-0.28435776,0.0,0.0,1.0,6.1012754
0,C_scene,unseen_distractor_hues,31,-0.089854896,0.0,0.0,1.0,2.729981
0,C_scene,unseen_distractor_hues,32,-0.2979155,0.0,0.0,1.0,3.8168085
0,C_scene,unseen_distractor_hues,33,-0.10992216,0.0,0.0,1.0,2.1942966
0,C_scene,unseen_distractor_hues,34,-0.02829868,0.0,0.2222222222222222,1.0,1.8922529
0,C_scene,unseen_distractor_hues,35,-0.032222517,0.0,0.0,1.0,4.4481926
0,C_scene,unseen_distractor_hues,36,-0.13705333,0.0,0.0,1.0,6.207761
0,C_scene,unseen_distractor_hues,37,-0.28054306,0.0,0.0,1.0,3.0653908
0,C_scene,unseen_distractor_hues,38,-0.16457003,0.0,0.0,1.0,3.6168878
0,C_scene,unseen_distractor_hues,39,-0.30943358,0.0,0.0,1.0,7.316369
0,C_scene,unseen_distractor_hues,40,-0.012124406,0.0,0.24444444444444444,1.0,3.383845
0,C_scene,unseen_distractor_hues,41,-0.052784152,0.0,0.06666666666666667,1.0,3.0295193
0,C_scene,unseen_distractor_hues,42,-0.14879031,0.0,0.0,1.0,3.3005936
0,C_scene,unseen_distractor_hues,43,0.0989486,1.0,0.4666666666666667,1.0,1.480871
0,C_scene,unseen_distractor_hues,44,-0.22686943,0.0,0.0,1.0,6.896024
0,C_scene,unseen_distractor_hues,45,-0.20442718,0.0,0.0,1.0,6.8330693
0,C_scene,unseen_distractor_hues,46,-0.32154632,0.0,0.0,1.0,6.7764387
0,C_scene,unseen_distractor_hues,47,-0.103325136,0.0,0.0,1.0,3.9573166
0,C_scene,unseen_distractor_hues,48,-0.19803926,0.0,0.0,1.0,4.0621796
0,C_scene,unseen_distractor_hues,49,-0.18251787,0.0,0.0,1.0,4.067567
0,C_scene,unseen_distractor_hues,50,0.020378463,1.0,0.13333333333333333,1.0,1.4873979
0,C_scene,unseen_distractor_hues,51,-0.2664046,0.0,0.0,1.0,1.75875
0,C_scene,unseen_distractor_hues,52,-0.14447404,0.0,0.0,1.0,4.720946
0,C_scene,unseen_distractor_hues,53,-0.20530483,0.0,0.0,1.0,4.992512
0,C_scene,unseen_distractor_hues,54,0.061687537,0.0,0.0,1.0,1.630363
0,C_scene,unseen_distractor_hues,55,-0.138143,0.0,0.13333333333333333,1.0,3.7375379
0,C_scene,unseen_distractor_hues,56,0.021740275,0.0,0.17777777777777778,1.0,4.0157614
0,C_scene,unseen_distractor_hues,57,-0.2957698,1.0,0.08888888888888889,1.0,1.0366641
0,C_scene,unseen_distractor_hues,58,-0.16159807,0.0,0.0,1.0,4.68204
0,C_scene,unseen_distractor_hues,59,-0.19304281,0.0,0.0,1.0,2.1177783
0,C_scene,unseen_distractor_hues,60,-0.16587158,1.0,0.28888888888888886,1.0,0.61985797
0,C_scene,unseen_distractor_hues,61,-0.08749669,0.0,0.0,1.0,2.0166595
0,C_scene,unseen_distractor_hues,62,-0.1887209,0.0,0.0,1.0,3.1718917
0,C_scene,unseen_distractor_hues,63,-0.15007627,0.0,0.0,1.0,3.2139199
0,C_scene,unseen_distractor_hues,64,-0.26992992,0.0,0.0,1.0,6.3532968
0,C_scene,unseen_distractor_hues,65,0.098963015,0.0,0.24444444444444444,1.0,2.8953173
0,C_scene,unseen_distractor_hues,66,-0.059928212,0.0,0.08888888888888889,1.0,4.2051325
0,C_scene,unseen_distractor_hues,67,-0.08166596,0.0,0.0,1.0,2.8504095
0,C_scene,unseen_distractor_hues,68,-0.3619523,0.0,0.0,1.0,6.618528
0,C_scene,unseen_distractor_hues,69,0.087334424,1.0,0.3333333333333333,1.0,1.506282
0,C_scene,unseen_distractor_hues,70,-0.067921706,0.0,0.0,1.0,3.3529468
0,C_scene,unseen_distractor_hues,71,-0.30244592,0.0,0.0,1.0,5.0697575
0,C_scene,unseen_distractor_hues,72,0.08729342,0.0,0.24444444444444444,1.0,4.056338
0,C_scene,unseen_distractor_hues,73,0.14694032,1.0,0.5333333333333333,1.0,0.21023738
0,C_scene,unseen_distractor_hues,74,-0.20230974,0.0,0.0,1.0,1.6166246
0,C_scene,unseen_distractor_hues,75,0.0022531895,1.0,0.35555555555555557,1.0,1.2008339
0,C_scene,unseen_distractor_hues,76,-0.064318776,0.0,0.0,1.0,5.5607104
0,C_scene,unseen_distractor_hues,77,-0.31738806,0.0,0.0,1.0,5.411584
0,C_scene,unseen_distractor_hues,78,-0.14451429,0.0,0.0,1.0,3.0492604
0,C_scene,unseen_distractor_hues,79,-0.024580775,0.0,0.0,1.0,2.105467
0,C_scene,unseen_distractor_hues,80,-0.25699487,0.0,0.0,1.0,2.607539
0,C_scene,unseen_distractor_hues,81,-0.21881425,0.0,0.0,1.0,3.7697005
0,C_scene,unseen_distractor_hues,82,-0.061260916,0.0,0.2,1.0,2.9540815
0,C_scene,unseen_distractor_hues,83,-0.2099548,0.0,0.17777777777777778,1.0,1.7528043
0,C_scene,unseen_distractor_hues,84,-0.2443605,0.0,0.0,1.0,5.543225
0,C_scene,unseen_distractor_hues,85,-0.27354553,0.0,0.0,1.0,2.5600238
0,C_scene,unseen_distractor_hues,86,-0.27281153,0.0,0.0,1.0,6.208313
0,C_scene,unseen_distractor_hues,87,-0.012689099,0.0,0.06666666666666667,1.0,2.4813948
0,C_scene,unseen_distractor_hues,88,0.17841153,1.0,0.5777777777777777,1.0,0.7317796
0,C_scene,unseen_distractor_hues,89,-0.13952415,0.0,0.0,1.0,3.145669
0,C_scene,unseen_distractor_hues,90,-0.26836234,0.0,0.0,1.0,4.3470664
0,C_scene,unseen_distractor_hues,91,-0.16425808,1.0,0.28888888888888886,1.0,0.81796926
0,C_scene,unseen_distractor_hues,92,-0.15721986,0.0,0.0,1.0,4.7748194
0,C_scene,unseen_distractor_hues,93,-0.3109452,0.0,0.0,1.0,8.120569
0,C_scene,unseen_distractor_hues,94,-0.20211084,0.0,0.0,1.0,8.960276
0,C_scene,unseen_distractor_hues,95,-0.22382015,0.0,0.0,1.0,7.1424813
0,C_scene,unseen_distractor_hues,96,-0.24360487,0.0,0.0,1.0,2.5232067
0,C_scene,unseen_distractor_hues,97,-0.14533667,0.0,0.0,1.0,3.1000674
0,C_scene,unseen_distractor_hues,98,0.097585656,0.0,0.24444444444444444,1.0,2.8218126
0,C_scene,unseen_distractor_hues,99,-0.16546898,0.0,0.0,1.0,2.4795487
0,C_scene,heavy_pixel_noise,0,-0.03734692,0.0,0.13333333333333333,1.0,4.7862573
0,C_scene,heavy_pixel_noise,1,-0.20623012,0.0,0.0,1.0,4.9489093
0,C_scene,heavy_pixel_noise,2,-0.24312653,0.0,0.0,1.0,2.945227
0,C_scene,heavy_pixel_noise,3,-0.18916427,0.0,0.0,1.0,5.853476
0,C_scene,heavy_pixel_noise,4,-0.14389968,0.0,0.0,1.0,7.214784
0,C_scene,heavy_pixel_noise,5,-0.32592475,0.0,0.0,1.0,5.589355
0,C_scene,heavy_pixel_noise,6,-0.08095447,0.0,0.0,1.0,3.8562536
0,C_scene,heavy_pixel_noise,7,-0.29779488,0.0,0.0,1.0,4.598866
0,C_scene,heavy_pixel_noise,8,-0.25281438,0.0,0.0,1.0,5.999318
0,C_scene,heavy_pixel_noise,9,-0.0072769905,1.0,0.4,1.0,0.6947339
0,C_scene,heavy_pixel_noise,10,-0.26161423,0.0,0.0,1.0,4.5171824
0,C_scene,heavy_pixel_noise,11,-0.3367047,0.0,0.0,1.0,2.9701753
0,C_scene,heavy_pixel_noise,12,-0.27558076,0.0,0.0,1.0,7.0267415
0,C_scene,heavy_pixel_noise,13,-0.38314682,0.0,0.0,1.0,5.390436
0,C_scene,heavy_pixel_noise,14,-0.25198954,0.0,0.0,1.0,7.342714
0,C_scene,heavy_pixel_noise,15,-0.37226975,0.0,0.0,1.0,7.1617656
0,C_scene,heavy_pixel_noise,16,0.08337073,1.0,0.28888888888888886,1.0,1.322114
0,C_scene,heavy_pixel_noise,17,-0.15877521,0.0,0.0,1.0,6.0292354
0,C_scene,heavy_pixel_noise,18,-0.23454104,0.0,0.0,1.0,3.5694702
0,C_scene,heavy_pixel_noise,19,-0.2028797,0.0,0.13333333333333333,1.0,3.1285152
0,C_scene,heavy_pixel_noise,20,-0.1875692,0.0,0.0,1.0,4.124469
0,C_scene,heavy_pixel_noise,21,-0.13316625,0.0,0.0,1.0,4.983507
0,C_scene,heavy_pixel_noise,22,-0.07431937,0.0,0.0,1.0,4.209413
0,C_scene,heavy_pixel_noise,23,0.14783116,0.0,0.24444444444444444,1.0,2.5155864
0,C_scene,heavy_pixel_noise,24,-0.107809864,0.0,0.1111111111111111,1.0,6.419469
0,C_scene,heavy_pixel_noise,25,-0.15645058,0.0,0.0,1.0,2.7789688
0,C_scene,heavy_pixel_noise,26,-0.18020977,0.0,0.0,0.0,8.236169
0,C_scene,heavy_pixel_noise,27,-0.14996038,0.0,0.0,1.0,7.9246874
0,C_scene,heavy_pixel_noise,28,-0.11287716,0.0,0.0,1.0,5.890141
0,C_scene,heavy_pixel_noise,29,-0.3001063,0.0,0.0,1.0,9.309237
0,C_scene,heavy_pixel_noise,30,-0.30586943,0.0,0.0,1.0,5.9193068
0,C_scene,heavy_pixel_noise,31,-0.049229335,1.0,0.2,1.0,1.365555
0,C_scene,heavy_pixel_noise,32,-0.3224379,0.0,0.0,1.0,4.1940613
0,C_scene,heavy_pixel_noise,33,-0.19939016,0.0,0.0,1.0,5.477583
0,C_scene,heavy_pixel_noise,34,-0.07788052,0.0,0.17777777777777778,1.0,3.2283998
0,C_scene,heavy_pixel_noise,35,-0.016873838,0.0,0.0,1.0,3.9862416
0,C_scene,heavy_pixel_noise,36,0.06399007,1.0,0.2222222222222222,1.0,1.2051418
0,C_scene,heavy_pixel_noise,37,-0.28159186,0.0,0.0,1.0,2.240518
0,C_scene,heavy_pixel_noise,38,-0.15938666,0.0,0.0,1.0,3.1673164
0,C_scene,heavy_pixel_noise,39,-0.27183563,0.0,0.0,1.0,5.6172767
0,C_scene,heavy_pixel_noise,40,-0.034525596,0.0,0.0,1.0,2.2053936
0,C_scene,heavy_pixel_noise,41,0.05022483,0.0,0.2,1.0,2.2183313
0,C_scene,heavy_pixel_noise,42,-0.027584132,0.0,0.0,1.0,2.026364
0,C_scene,heavy_pixel_noise,43,0.046348948,1.0,0.4,1.0,1.5316355
0,C_scene,heavy_pixel_noise,44,-0.12190132,0.0,0.1111111111111111,1.0,5.670672
0,C_scene,heavy_pixel_noise,45,-0.206789,0.0,0.0,1.0,5.575426
0,C_scene,heavy_pixel_noise,46,-0.32057858,0.0,0.0,1.0,6.7208853
0,C_scene,heavy_pixel_noise,47,-0.15658991,0.0,0.0,1.0,4.8176003
0,C_scene,heavy_pixel_noise,48,-0.2255876,0.0,0.0,1.0,4.8226733
0,C_scene,heavy_pixel_noise,49,-0.049828168,0.0,0.06666666666666667,1.0,1.5915506
0,C_scene,heavy_pixel_noise,50,-0.062046655,0.0,0.08888888888888889,1.0,3.3752503
0,C_scene,heavy_pixel_noise,51,-0.29488966,1.0,0.022222222222222223,1.0,1.4046196
0,C_scene,heavy_pixel_noise,52,-0.13884476,0.0,0.0,1.0,4.3273845
0,C_scene,heavy_pixel_noise,53,-0.22746356,0.0,0.0,1.0,4.6528554
0,C_scene,heavy_pixel_noise,54,0.09436675,1.0,0.26666666666666666,1.0,1.3903774
0,C_scene,heavy_pixel_noise,55,-0.09490381,0.0,0.26666666666666666,1.0,1.6587942
0,C_scene,heavy_pixel_noise,56,0.054989148,0.0,0.2,1.0,3.6676655
0,C_scene,heavy_pixel_noise,57,-0.328301,1.0,0.044444444444444446,1.0,1.2046746
0,C_scene,heavy_pixel_noise,58,-0.18057212,0.0,0.0,1.0,4.1749616
0,C_scene,heavy_pixel_noise,59,-0.28231472,0.0,0.0,0.0,7.4089675
0,C_scene,heavy_pixel_noise,60,-0.29137176,0.0,0.0,1.0,2.526709
0,C_scene,heavy_pixel_noise,61,-0.11534631,0.0,0.08888888888888889,1.0,10.062624
0,C_scene,heavy_pixel_noise,62,-0.30826426,0.0,0.0,1.0,8.873091
0,C_scene,heavy_pixel_noise,63,-0.18758823,0.0,0.0,1.0,5.850884
0,C_scene,heavy_pixel_noise,64,-0.36301714,0.0,0.0,1.0,8.898909
0,C_scene,heavy_pixel_noise,65,0.041590676,0.0,0.2,1.0,3.9052546
0,C_scene,heavy_pixel_noise,66,-0.1349624,0.0,0.08888888888888889,1.0,8.708466
0,C_scene,heavy_pixel_noise,67,-0.1854742,0.0,0.0,1.0,8.168544
0,C_scene,heavy_pixel_noise,68,-0.38170534,0.0,0.0,1.0,7.238367
0,C_scene,heavy_pixel_noise,69,0.06857862,0.0,0.3111111111111111,1.0,2.074868
0,C_scene,heavy_pixel_noise,70,-0.1194654,0.0,0.0,1.0,4.339258
0,C_scene,heavy_pixel_noise,71,-0.2762985,0.0,0.0,1.0,4.397147
0,C_scene,heavy_pixel_noise,72,0.04992897,0.0,0.1111111111111111,1.0,3.1359034
0,C_scene,heavy_pixel_noise,73,-0.15556581,0.0,0.044444444444444446,1.0,7.5722733
0,C_scene,heavy_pixel_noise,74,-0.27374476,0.0,0.0,1.0,3.8850827
0,C_scene,heavy_pixel_noise,75,-0.0013529479,1.0,0.3333333333333333,1.0,1.274357
0,C_scene,heavy_pixel_noise,76,-0.11246728,0.0,0.0,1.0,4.6312194
0,C_scene,heavy_pixel_noise,77,-0.23916595,0.0,0.0,1.0,2.6222486
0,C_scene,heavy_pixel_noise,78,-0.17444983,0.0,0.0,1.0,3.5007186
0,C_scene,heavy_pixel_noise,79,-0.12826961,0.0,0.0,1.0,5.0043983
0,C_scene,heavy_pixel_noise,80,-0.2428849,0.0,0.0,1.0,2.7993531
0,C_scene,heavy_pixel_noise,81,-0.27302074,0.0,0.0,1.0,5.4845905
0,C_scene,heavy_pixel_noise,82,-0.16139188,0.0,0.0,1.0,4.2631674
0,C_scene,heavy_pixel_noise,83,-0.25902402,1.0,0.13333333333333333,1.0,0.8197452
0,C_scene,heavy_pixel_noise,84,-0.23144221,0.0,0.0,1.0,5.542852
0,C_scene,heavy_pixel_noise,85,-0.25438637,0.0,0.0,1.0,2.0537963
0,C_scene,heavy_pixel_noise,86,-0.24973835,0.0,0.0,1.0,6.0931945
0,C_scene,heavy_pixel_noise,87,-0.14007474,0.0,0.0,1.0,5.009349
0,C_scene,heavy_pixel_noise,88,-0.1932858,0.0,0.0,1.0,8.37346
0,C_scene,heavy_pixel_noise,89,-0.18233489,0.0,0.0,1.0,5.0628543
0,C_scene,heavy_pixel_noise,90,-0.26933047,0.0,0.0,1.0,3.7778742
0,C_scene,heavy_pixel_noise,91,-0.28898945,0.0,0.0,1.0,3.090417
0,C_scene,heavy_pixel_noise,92,-0.0660287,0.0,0.0,1.0,2.7688825
0,C_scene,heavy_pixel_noise,93,-0.32497337,0.0,0.0,1.0,8.046407
0,C_scene,heavy_pixel_noise,94,-0.16833733,0.0,0.0,1.0,5.7873125
0,C_scene,heavy_pixel_noise,95,-0.18381569,0.0,0.044444444444444446,1.0,5.906912
0,C_scene,heavy_pixel_noise,96,-0.2852471,0.0,0.0,1.0,4.825697
0,C_scene,heavy_pixel_noise,97,-0.1547103,0.0,0.0,1.0,3.3162653
0,C_scene,heavy_pixel_noise,98,0.09211761,0.0,0.26666666666666666,1.0,2.9657564
0,C_scene,heavy_pixel_noise,99,-0.2644005,0.0,0.0,1.0,3.6066334
0,D_latent,in_distribution,0,0.18141994,1.0,0.6,1.0,0.80753136
0,D_latent,in_distribution,1,-0.1562989,0.0,0.0,1.0,3.1783068
0,D_latent,in_distribution,2,-0.26516408,0.0,0.0,1.0,4.076154
0,D_latent,in_distribution,3,-0.22053497,0.0,0.0,1.0,5.0620136
0,D_latent,in_distribution,4,-0.084736615,0.0,0.0,1.0,4.2829466
0,D_latent,in_distribution,5,-0.15855767,1.0,0.2,1.0,0.8711487
0,D_latent,in_distribution,6,-0.045310393,0.0,0.08888888888888889,1.0,1.9292436
0,D_latent,in_distribution,7,-0.24658611,0.0,0.0,1.0,5.136582
0,D_latent,in_distribution,8,-0.2372502,0.0,0.0,1.0,4.067865
0,D_latent,in_distribution,9,-0.18740197,0.0,0.0,1.0,4.1992674
0,D_latent,in_distribution,10,-0.08231301,0.0,0.26666666666666666,1.0,1.7002296
0,D_latent,in_distribution,11,-0.3567999,0.0,0.0,0.0,6.397896
0,D_latent,in_distribution,12,-0.21498227,0.0,0.0,1.0,6.025006
0,D_latent,in_distribution,13,-0.2545052,0.0,0.13333333333333333,1.0,4.089952
0,D_latent,in_distribution,14,-0.24712011,0.0,0.0,1.0,6.1367235
0,D_latent,in_distribution,15,-0.40044767,0.0,0.0,1.0,7.8664355
0,D_latent,in_distribution,16,-0.13675675,0.0,0.0,1.0,3.847448
0,D_latent,in_distribution,17,-0.15858218,0.0,0.0,1.0,5.933084
0,D_latent,in_distribution,18,-0.18670872,0.0,0.0,1.0,3.2642715
0,D_latent,in_distribution,19,-0.25558454,0.0,0.0,1.0,4.177303
0,D_latent,in_distribution,20,-0.1850352,0.0,0.0,1.0,4.2504687
0,D_latent,in_distribution,21,-0.11173843,0.0,0.0,1.0,4.8106236
0,D_latent,in_distribution,22,-0.021762142,0.0,0.0,1.0,1.9442014
0,D_latent,in_distribution,23,-0.005593524,0.0,0.17777777777777778,1.0,5.719734
0,D_latent,in_distribution,24,0.03205465,0.0,0.2,1.0,2.3119528
0,D_latent,in_distribution,25,-0.057253197,0.0,0.15555555555555556,1.0,2.9848773
0,D_latent,in_distribution,26,-0.15501937,0.0,0.0,1.0,5.97891
0,D_latent,in_distribution,27,-0.15070352,0.0,0.0,1.0,5.3995886
0,D_latent,in_distribution,28,-0.12968336,0.0,0.0,1.0,3.1183715
0,D_latent,in_distribution,29,-0.25917366,0.0,0.0,1.0,7.376358
0,D_latent,in_distribution,30,-0.21329379,0.0,0.0,1.0,3.715089
0,D_latent,in_distribution,31,0.013208028,1.0,0.28888888888888886,1.0,0.35223612
0,D_latent,in_distribution,32,-0.32281741,0.0,0.0,1.0,5.599525
0,D_latent,in_distribution,33,-0.16802266,0.0,0.0,1.0,2.651414
0,D_latent,in_distribution,34,-0.084932014,0.0,0.15555555555555556,1.0,3.284215
0,D_latent,in_distribution,35,-0.2325122,0.0,0.0,1.0,8.471771
0,D_latent,in_distribution,36,-0.054189883,0.0,0.0,1.0,4.187654
0,D_latent,in_distribution,37,-0.12386766,1.0,0.28888888888888886,1.0,0.061924547
0,D_latent,in_distribution,38,-0.10947627,0.0,0.0,1.0,1.7885861
0,D_latent,in_distribution,39,-0.12648305,0.0,0.15555555555555556,1.0,3.0517204
0,D_latent,in_distribution,40,-0.032822028,0.0,0.2,1.0,3.5802574
0,D_latent,in_distribution,41,-0.028748592,0.0,0.13333333333333333,1.0,2.782833
0,D_latent,in_distribution,42,-0.07061097,0.0,0.0,1.0,1.9277653
0,D_latent,in_distribution,43,0.11241353,1.0,0.4888888888888889,1.0,1.5076056
0,D_latent,in_distribution,44,-0.18993835,0.0,0.0,1.0,4.589074
0,D_latent,in_distribution,45,-0.081072114,0.0,0.0,1.0,3.0807421
0,D_latent,in_distribution,46,-0.29621926,0.0,0.0,1.0,5.9410048
0,D_latent,in_distribution,47,-0.14281766,0.0,0.0,1.0,4.900757
0,D_latent,in_distribution,48,-0.09097065,1.0,0.13333333333333333,1.0,1.3066044
0,D_latent,in_distribution,49,-0.20907085,0.0,0.0,1.0,4.0958014
0,D_latent,in_distribution,50,-0.15322028,0.0,0.0,1.0,6.740814
0,D_latent,in_distribution,51,-0.21913338,0.0,0.13333333333333333,1.0,2.1697595
0,D_latent,in_distribution,52,-0.017442672,0.0,0.0,1.0,2.942095
0,D_latent,in_distribution,53,-0.22994018,0.0,0.0,1.0,4.6939044
0,D_latent,in_distribution,54,0.04517174,0.0,0.0,1.0,2.1050088
0,D_latent,in_distribution,55,-0.16042943,0.0,0.0,1.0,1.8968546
0,D_latent,in_distribution,56,0.3030018,1.0,0.6666666666666666,1.0,0.5791289
0,D_latent,in_distribution,57,-0.29663652,1.0,0.08888888888888889,1.0,1.2359359
0,D_latent,in_distribution,58,-0.10209301,0.0,0.0,1.0,2.8522718
0,D_latent,in_distribution,59,-0.22202814,0.0,0.0,1.0,3.469059
0,D_latent,in_distribution,60,-0.33574292,0.0,0.0,1.0,4.4960594
0,D_latent,in_distribution,61,-0.2869293,0.0,0.0,1.0,10.246751
0,D_latent,in_distribution,62,-0.17537831,0.0,0.0,1.0,2.1658587
0,D_latent,in_distribution,63,-0.18578608,0.0,0.0,1.0,4.593913
0,D_latent,in_distribution,64,-0.19842644,0.0,0.0,1.0,4.595898
0,D_latent,in_distribution,65,0.15481704,0.0,0.28888888888888886,1.0,2.3504887
0,D_latent,in_distribution,66,-0.10597675,0.0,0.1111111111111111,1.0,6.6149483
0,D_latent,in_distribution,67,-0.09627711,0.0,0.0,1.0,4.4397607
0,D_latent,in_distribution,68,-0.2999764,0.0,0.0,1.0,3.6514587
0,D_latent,in_distribution,69,-0.031953834,0.0,0.08888888888888889,1.0,2.9131975
0,D_latent,in_distribution,70,-0.08839547,0.0,0.0,1.0,2.8050146
0,D_latent,in_distribution,71,-0.2838686,0.0,0.0,1.0,3.1551003
0,D_latent,in_distribution,72,0.08461633,0.0,0.17777777777777778,1.0,2.7268684
0,D_latent,in_distribution,73,0.0036219114,0.0,0.0,1.0,2.1688936
0,D_latent,in_distribution,74,-0.07664788,1.0,0.3111111111111111,1.0,1.4476421
0,D_latent,in_distribution,75,-0.12619597,0.0,0.0,1.0,2.187121
0,D_latent,in_distribution,76,0.06928018,0.0,0.35555555555555557,1.0,1.6940788
0,D_latent,in_distribution,77,-0.19140112,0.0,0.0,1.0,2.003516
0,D_latent,in_distribution,78,-0.17743927,0.0,0.0,1.0,3.0654755
0,D_latent,in_distribution,79,-0.12513272,0.0,0.0,1.0,3.5904398
0,D_latent,in_distribution,80,-0.3082457,0.0,0.0,1.0,2.603924
0,D_latent,in_distribution,81,-0.3184386,0.0,0.0,1.0,6.40668
0,D_latent,in_distribution,82,-0.29859057,0.0,0.0,1.0,6.7063785
0,D_latent,in_distribution,83,-0.3151002,0.0,0.0,1.0,3.4752438
0,D_latent,in_distribution,84,-0.21070375,0.0,0.0,1.0,3.894447
0,D_latent,in_distribution,85,-0.26108083,0.0,0.0,1.0,2.4001706
0,D_latent,in_distribution,86,-0.20925497,0.0,0.0,1.0,3.0107415
0,D_latent,in_distribution,87,-0.011674781,0.0,0.0,1.0,1.7765741
0,D_latent,in_distribution,88,0.07182196,0.0,0.2222222222222222,1.0,2.9334533
0,D_latent,in_distribution,89,-0.2209931,0.0,0.0,1.0,6.439431
0,D_latent,in_distribution,90,-0.14963552,0.0,0.15555555555555556,1.0,1.827707
0,D_latent,in_distribution,91,-0.18485078,1.0,0.26666666666666666,1.0,0.9463603
0,D_latent,in_distribution,92,-0.14713152,0.0,0.0,1.0,2.6172245
0,D_latent,in_distribution,93,-0.24155922,0.0,0.0,1.0,3.1440847
0,D_latent,in_distribution,94,-0.20087156,0.0,0.0,1.0,6.4467964
0,D_latent,in_distribution,95,-0.20078775,0.0,0.0,1.0,5.4013166
0,D_latent,in_distribution,96,-0.17252132,1.0,0.08888888888888889,1.0,1.1491977
0,D_latent,in_distribution,97,-0.048941888,1.0,0.06666666666666667,1.0,1.357856
0,D_latent,in_distribution,98,-0.019862557,0.0,0.0,1.0,3.0305333
0,D_latent,in_distribution,99,-0.09370375,0.0,0.13333333333333333,1.0,1.8245354
0,D_latent,4_distractors,0,0.14836833,0.0,0.5555555555555556,1.0,1.6043446
0,D_latent,4_distractors,1,-0.16356899,0.0,0.0,1.0,3.382025
0,D_latent,4_distractors,2,-0.16735741,0.0,0.08888888888888889,1.0,2.778084
0,D_latent,4_distractors,3,-0.22160375,0.0,0.0,1.0,5.0394397
0,D_latent,4_distractors,4,-0.14261304,0.0,0.0,1.0,4.806812
0,D_latent,4_distractors,5,-0.2189059,0.0,0.0,1.0,1.8066823
0,D_latent,4_distractors,6,-0.076073065,0.0,0.06666666666666667,1.0,2.0866666
0,D_latent,4_distractors,7,-0.25818914,0.0,0.0,1.0,5.192375
0,D_latent,4_distractors,8,-0.25502005,0.0,0.0,1.0,4.625213
0,D_latent,4_distractors,9,-0.18724802,0.0,0.0,1.0,3.9387438
0,D_latent,4_distractors,10,-0.12849952,0.0,0.0,1.0,2.0914252
0,D_latent,4_distractors,11,-0.34587002,0.0,0.0,1.0,4.881903
0,D_latent,4_distractors,12,-0.22306961,0.0,0.0,1.0,5.7383504
0,D_latent,4_distractors,13,-0.23044056,0.0,0.15555555555555556,1.0,3.0428982
0,D_latent,4_distractors,14,-0.26311323,0.0,0.0,1.0,6.8887587
0,D_latent,4_distractors,15,-0.37326825,0.0,0.0,1.0,6.02163
0,D_latent,4_distractors,16,-0.13812914,0.0,0.0,1.0,3.8558283
0,D_latent,4_distractors,17,-0.15872218,0.0,0.0,1.0,5.944331
0,D_latent,4_distractors,18,-0.21761875,0.0,0.0,1.0,3.3439991
0,D_latent,4_distractors,19,-0.26596168,0.0,0.0,1.0,4.414679
0,D_latent,4_distractors,20,-0.12832643,0.0,0.0,1.0,3.1591935
0,D_latent,4_distractors,21,-0.102274165,0.0,0.0,1.0,3.9530575
0,D_latent,4_distractors,22,0.029748477,0.0,0.0,1.0,2.3422868
0,D_latent,4_distractors,23,0.010646714,0.0,0.2,1.0,4.9019957
0,D_latent,4_distractors,24,0.04739079,0.0,0.2222222222222222,1.0,2.374595
0,D_latent,4_distractors,25,-0.027673036,0.0,0.24444444444444444,1.0,2.7131677
0,D_latent,4_distractors,26,-0.1557435,0.0,0.0,1.0,6.0752325
0,D_latent,4_distractors,27,-0.12917276,0.0,0.0,1.0,4.8024635
0,D_latent,4_distractors,28,-0.07324908,0.0,0.0,1.0,2.7707744
0,D_latent,4_distractors,29,-0.27351293,0.0,0.0,1.0,8.117072
0,D_latent,4_distractors,30,-0.24664983,0.0,0.0,1.0,5.620809
0,D_latent,4_distractors,31,0.028909903,1.0,0.37777777777777777,1.0,1.2998475
0,D_latent,4_distractors,32,-0.30410966,0.0,0.0,1.0,4.2078466
0,D_latent,4_distractors,33,-0.147693,0.0,0.0,1.0,2.281191
0,D_latent,4_distractors,34,-0.08577186,0.0,0.15555555555555556,1.0,3.446687
0,D_latent,4_distractors,35,-0.2221466,0.0,0.0,1.0,8.26085
0,D_latent,4_distractors,36,-0.05430051,0.0,0.0,1.0,3.963056
0,D_latent,4_distractors,37,-0.14269754,1.0,0.26666666666666666,1.0,0.70061326
0,D_latent,4_distractors,38,-0.20854273,0.0,0.0,1.0,3.7611823
0,D_latent,4_distractors,39,-0.10649282,0.0,0.17777777777777778,1.0,2.442394
0,D_latent,4_distractors,40,-0.04178574,0.0,0.2,1.0,3.8626473
0,D_latent,4_distractors,41,0.10044914,0.0,0.28888888888888886,1.0,1.8004249
0,D_latent,4_distractors,42,-0.06724973,0.0,0.0,1.0,2.0044055
0,D_latent,4_distractors,43,0.062303722,0.0,0.3333333333333333,1.0,2.928827
0,D_latent,4_distractors,44,-0.19332515,0.0,0.0,1.0,4.474603
0,D_latent,4_distractors,45,-0.09267749,0.0,0.0,1.0,3.7605736
0,D_latent,4_distractors,46,-0.29772455,0.0,0.0,1.0,6.020327
0,D_latent,4_distractors,47,-0.14848454,0.0,0.0,1.0,5.036751
0,D_latent,4_distractors,48,-0.17223074,0.0,0.0,1.0,2.2091234
0,D_latent,4_distractors,49,-0.18560195,0.0,0.0,1.0,3.334269
0,D_latent,4_distractors,50,-0.15560232,0.0,0.0,1.0,6.8228226
0,D_latent,4_distractors,51,-0.34721076,0.0,0.0,1.0,3.125492
0,D_latent,4_distractors,52,-0.07087456,0.0,0.0,1.0,2.8741653
0,D_latent,4_distractors,53,-0.22725184,0.0,0.0,1.0,4.6929984
0,D_latent,4_distractors,54,-0.0057130735,0.0,0.0,1.0,2.1135063
0,D_latent,4_distractors,55,-0.18197984,0.0,0.0,1.0,2.434802
0,D_latent,4_distractors,56,0.3131239,1.0,0.8,1.0,0.73324656
0,D_latent,4_distractors,57,-0.33243316,0.0,0.0,1.0,2.0410995
0,D_latent,4_distractors,58,-0.045854006,0.0,0.0,1.0,2.6491756
0,D_latent,4_distractors,59,-0.22982731,0.0,0.0,1.0,3.2668128
0,D_latent,4_distractors,60,-0.34524804,0.0,0.0,1.0,4.910372
0,D_latent,4_distractors,61,-0.2750646,0.0,0.0,1.0,9.821595
0,D_latent,4_distractors,62,-0.1842691,0.0,0.0,1.0,2.3612633
0,D_latent,4_distractors,63,-0.19120753,0.0,0.0,1.0,4.865081
0,D_latent,4_distractors,64,-0.18355063,0.0,0.022222222222222223,1.0,4.2854533
0,D_latent,4_distractors,65,0.13685316,0.0,0.26666666666666666,1.0,2.5153387
0,D_latent,4_distractors,66,-0.10283508,0.0,0.1111111111111111,1.0,7.1699243
0,D_latent,4_distractors,67,-0.13414906,0.0,0.0,1.0,5.698692
0,D_latent,4_distractors,68,-0.31409386,0.0,0.0,1.0,4.247916
0,D_latent,4_distractors,69,0.031650923,0.0,0.2,1.0,2.4952395
0,D_latent,4_distractors,70,-0.08476358,0.0,0.0,1.0,2.6485782
0,D_latent,4_distractors,71,-0.31919125,0.0,0.0,1.0,5.0516176
0,D_latent,4_distractors,72,0.4077726,1.0,0.8888888888888888,1.0,0.6869681
0,D_latent,4_distractors,73,0.063412786,1.0,0.4444444444444444,1.0,1.4964604
0,D_latent,4_distractors,74,-0.12619291,1.0,0.13333333333333333,1.0,1.2277436
0,D_latent,4_distractors,75,-0.0827098,0.0,0.0,1.0,1.8885472
0,D_latent,4_distractors,76,0.04079503,0.0,0.24444444444444444,1.0,1.7756946
0,D_latent,4_distractors,77,-0.27979606,0.0,0.0,1.0,3.667647
0,D_latent,4_distractors,78,-0.18388899,0.0,0.0,1.0,3.6544948
0,D_latent,4_distractors,79,0.00090667093,0.0,0.0,1.0,2.5113192
0,D_latent,4_distractors,80,-0.29269972,0.0,0.0,1.0,2.5547817
0,D_latent,4_distractors,81,-0.3157778,0.0,0.0,1.0,6.7973347
0,D_latent,4_distractors,82,-0.31289223,0.0,0.0,1.0,7.0869594
0,D_latent,4_distractors,83,-0.34367603,0.0,0.0,1.0,4.3038435
0,D_latent,4_distractors,84,-0.14425346,0.0,0.0,1.0,1.9739809
0,D_latent,4_distractors,85,-0.25222686,0.0,0.0,1.0,1.8226163
0,D_latent,4_distractors,86,-0.19423947,0.0,0.0,1.0,2.665214
0,D_latent,4_distractors,87,0.0049978774,0.0,0.0,1.0,1.7293817
0,D_latent,4_distractors,88,-0.036513984,0.0,0.0,1.0,3.219912
0,D_latent,4_distractors,89,-0.21035917,0.0,0.0,1.0,6.018341
0,D_latent,4_distractors,90,-0.161959,0.0,0.15555555555555556,1.0,1.5798275
0,D_latent,4_distractors,91,-0.17902988,1.0,0.26666666666666666,1.0,0.76878476
0,D_latent,4_distractors,92,-0.13802412,0.0,0.0,1.0,2.5377464
0,D_latent,4_distractors,93,-0.16342495,0.0,0.0,1.0,2.0861845
0,D_latent,4_distractors,94,-0.20746276,0.0,0.0,1.0,5.286566
0,D_latent,4_distractors,95,-0.23498113,0.0,0.0,1.0,6.9439044
0,D_latent,4_distractors,96,-0.17204273,0.0,0.0,1.0,2.4825125
0,D_latent,4_distractors,97,-0.045493565,1.0,0.08888888888888889,1.0,1.2767091
0,D_latent,4_distractors,98,-0.015967691,0.0,0.0,1.0,3.2005146
0,D_latent,4_distractors,99,-0.103208065,0.0,0.1111111111111111,1.0,1.6841016
0,D_latent,fast_distractors,0,0.14284348,1.0,0.5777777777777777,1.0,0.34744847
0,D_latent,fast_distractors,1,-0.14433517,0.0,0.0,1.0,3.0408611
0,D_latent,fast_distractors,2,-0.21227919,0.0,0.0,1.0,3.2244852
0,D_latent,fast_distractors,3,-0.21346946,0.0,0.0,1.0,4.97755
0,D_latent,fast_distractors,4,-0.07181863,0.0,0.0,1.0,3.9543796
0,D_latent,fast_distractors,5,-0.21848848,1.0,0.022222222222222223,1.0,1.4739337
0,D_latent,fast_distractors,6,-0.05337996,0.0,0.08888888888888889,1.0,2.0318353
0,D_latent,fast_distractors,7,-0.26263908,0.0,0.0,1.0,5.719726
0,D_latent,fast_distractors,8,-0.24434018,0.0,0.0,1.0,4.3842316
0,D_latent,fast_distractors,9,-0.18595776,0.0,0.0,1.0,3.557705
0,D_latent,fast_distractors,10,-0.028647982,1.0,0.37777777777777777,1.0,1.1126097
0,D_latent,fast_distractors,11,-0.33553582,0.0,0.0,1.0,4.467936
0,D_latent,fast_distractors,12,-0.20545428,0.0,0.0,1.0,5.430642
0,D_latent,fast_distractors,13,-0.23819155,0.0,0.15555555555555556,1.0,3.0140364
0,D_latent,fast_distractors,14,-0.251106,0.0,0.0,1.0,6.451043
0,D_latent,fast_distractors,15,-0.40932906,0.0,0.0,1.0,9.505105
0,D_latent,fast_distractors,16,-0.14022301,0.0,0.0,1.0,4.0346627
0,D_latent,fast_distractors,17,-0.15811078,0.0,0.0,1.0,5.9202905
0,D_latent,fast_distractors,18,-0.18799607,0.0,0.0,1.0,3.0479393
0,D_latent,fast_distractors,19,-0.26434794,0.0,0.0,1.0,4.462259
0,D_latent,fast_distractors,20,-0.18702477,0.0,0.0,1.0,4.3469763
0,D_latent,fast_distractors,21,-0.11219299,0.0,0.0,1.0,4.8284616
0,D_latent,fast_distractors,22,0.0007034567,0.0,0.13333333333333333,1.0,1.7745022
0,D_latent,fast_distractors,23,-0.006456934,0.0,0.17777777777777778,1.0,5.831358
0,D_latent,fast_distractors,24,-0.022440834,0.0,0.15555555555555556,1.0,3.2793007
0,D_latent,fast_distractors,25,0.011016281,0.0,0.3111111111111111,1.0,2.0965967
0,D_latent,fast_distractors,26,-0.15537062,0.0,0.0,1.0,6.0817695
0,D_latent,fast_distractors,27,-0.119151965,0.0,0.0,1.0,5.000168
0,D_latent,fast_distractors,28,-0.11535469,0.0,0.0,1.0,2.9993482
0,D_latent,fast_distractors,29,-0.25404948,0.0,0.0,1.0,7.008811
0,D_latent,fast_distractors,30,-0.21533911,0.0,0.0,1.0,3.8639095
0,D_latent,fast_distractors,31,0.012270903,1.0,0.28888888888888886,1.0,0.27635598
0,D_latent,fast_distractors,32,-0.31770673,0.0,0.0,1.0,5.2502756
0,D_latent,fast_distractors,33,-0.15752788,0.0,0.0,1.0,2.5585005
0,D_latent,fast_distractors,34,-0.07688503,0.0,0.15555555555555556,1.0,3.376233
0,D_latent,fast_distractors,35,-0.23182388,0.0,0.0,1.0,8.5458555
0,D_latent,fast_distractors,36,-0.047249857,0.0,0.0,1.0,4.1934333
0,D_latent,fast_distractors,37,-0.1317019,1.0,0.28888888888888886,1.0,0.599989
0,D_latent,fast_distractors,38,-0.1602411,0.0,0.0,1.0,2.4098752
0,D_latent,fast_distractors,39,-0.14246483,0.0,0.13333333333333333,1.0,3.3247306
0,D_latent,fast_distractors,40,-0.046193786,0.0,0.17777777777777778,1.0,3.4718432
0,D_latent,fast_distractors,41,-0.019622358,0.0,0.13333333333333333,1.0,2.8201187
0,D_latent,fast_distractors,42,-0.07235752,0.0,0.0,1.0,1.929162
0,D_latent,fast_distractors,43,0.09690106,0.0,0.4222222222222222,1.0,1.7918888
0,D_latent,fast_distractors,44,-0.18949424,0.0,0.0,1.0,4.6104765
0,D_latent,fast_distractors,45,0.06386585,0.0,0.35555555555555557,1.0,2.2571108
0,D_latent,fast_distractors,46,-0.29640514,0.0,0.0,1.0,5.956896
0,D_latent,fast_distractors,47,-0.14339457,0.0,0.0,1.0,4.956348
0,D_latent,fast_distractors,48,-0.09821061,1.0,0.1111111111111111,1.0,1.3476447
0,D_latent,fast_distractors,49,-0.20187043,0.0,0.0,1.0,4.4147224
0,D_latent,fast_distractors,50,-0.14990918,0.0,0.0,1.0,6.8639083
0,D_latent,fast_distractors,51,-0.22993669,1.0,0.15555555555555556,1.0,0.68337005
0,D_latent,fast_distractors,52,-0.011824787,0.0,0.0,1.0,2.9740915
0,D_latent,fast_distractors,53,-0.22588284,0.0,0.0,1.0,4.656684
0,D_latent,fast_distractors,54,0.06372033,0.0,0.0,1.0,1.8915908
0,D_latent,fast_distractors,55,-0.16504337,0.0,0.0,1.0,1.9621388
0,D_latent,fast_distractors,56,0.30128357,1.0,0.6666666666666666,1.0,0.57952356
0,D_latent,fast_distractors,57,-0.31272736,0.0,0.0,1.0,1.6515412
0,D_latent,fast_distractors,58,-0.08465097,0.0,0.0,1.0,2.967028
0,D_latent,fast_distractors,59,-0.20106226,0.0,0.0,1.0,2.5371804
0,D_latent,fast_distractors,60,-0.32961527,0.0,0.0,1.0,4.344416
0,D_latent,fast_distractors,61,-0.28855437,0.0,0.0,1.0,10.567718
0,D_latent,fast_distractors,62,-0.19081639,0.0,0.0,1.0,2.3433557
0,D_latent,fast_distractors,63,-0.18458292,0.0,0.0,1.0,4.6300488
0,D_latent,fast_distractors,64,-0.23374583,0.0,0.0,1.0,6.011536
0,D_latent,fast_distractors,65,0.16853127,0.0,0.3111111111111111,1.0,2.247188
0,D_latent,fast_distractors,66,-0.109501205,0.0,0.1111111111111111,1.0,6.9131684
0,D_latent,fast_distractors,67,-0.10317707,0.0,0.0,1.0,4.543038
0,D_latent,fast_distractors,68,-0.30756262,0.0,0.0,1.0,4.0212927
0,D_latent,fast_distractors,69,0.07024572,0.0,0.28888888888888886,1.0,2.000082
0,D_latent,fast_distractors,70,-0.09122371,0.0,0.0,1.0,2.9451857
0,D_latent,fast_distractors,71,-0.26724592,0.0,0.0,1.0,3.2421088
0,D_latent,fast_distractors,72,0.080864765,0.0,0.17777777777777778,1.0,2.7269497
0,D_latent,fast_distractors,73,0.03671816,0.0,0.28888888888888886,1.0,1.7861933
0,D_latent,fast_distractors,74,-0.07402769,1.0,0.3111111111111111,1.0,1.5123696
0,D_latent,fast_distractors,75,-0.12209002,0.0,0.0,1.0,2.1530025
0,D_latent,fast_distractors,76,0.039223272,0.0,0.26666666666666666,1.0,2.2544594
0,D_latent,fast_distractors,77,-0.26688036,0.0,0.0,1.0,3.3627055
0,D_latent,fast_distractors,78,-0.17788897,0.0,0.0,1.0,2.9820828
0,D_latent,fast_distractors,79,-0.111289,0.0,0.0,1.0,3.0112078
0,D_latent,fast_distractors,80,-0.30802986,0.0,0.0,1.0,2.7068684
0,D_latent,fast_distractors,81,-0.3217744,0.0,0.0,1.0,6.9925666
0,D_latent,fast_distractors,82,-0.3076515,0.0,0.0,1.0,7.7684813
0,D_latent,fast_distractors,83,-0.33727312,0.0,0.0,1.0,4.445229
0,D_latent,fast_distractors,84,-0.16518237,0.0,0.0,1.0,3.118381
0,D_latent,fast_distractors,85,-0.25275236,0.0,0.0,1.0,2.3941295
0,D_latent,fast_distractors,86,-0.20426407,0.0,0.0,1.0,3.1594532
0,D_latent,fast_distractors,87,0.0060722497,0.0,0.08888888888888889,1.0,1.5769763
0,D_latent,fast_distractors,88,0.09933757,0.0,0.26666666666666666,1.0,2.806142
0,D_latent,fast_distractors,89,-0.21717027,0.0,0.0,1.0,6.203363
0,D_latent,fast_distractors,90,-0.21402445,0.0,0.0,1.0,2.5717206
0,D_latent,fast_distractors,91,-0.16893362,1.0,0.3111111111111111,1.0,1.0322725
0,D_latent,fast_distractors,92,-0.14580658,0.0,0.0,1.0,2.655451
0,D_latent,fast_distractors,93,-0.24444234,0.0,0.0,1.0,3.378964
0,D_latent,fast_distractors,94,-0.20477451,0.0,0.0,1.0,5.923742
0,D_latent,fast_distractors,95,-0.22453058,0.0,0.0,1.0,7.404333
0,D_latent,fast_distractors,96,-0.15881512,1.0,0.1111111111111111,1.0,1.116873
0,D_latent,fast_distractors,97,-0.0012875497,1.0,0.2222222222222222,1.0,1.0617166
0,D_latent,fast_distractors,98,-0.024490682,0.0,0.0,1.0,3.3005
0,D_latent,fast_distractors,99,-0.100877166,0.0,0.13333333333333333,1.0,1.8998221
0,D_latent,unseen_distractor_hues,0,0.16018623,1.0,0.5777777777777777,1.0,0.30665573
0,D_latent,unseen_distractor_hues,1,-0.15233448,0.0,0.0,1.0,3.09705
0,D_latent,unseen_distractor_hues,2,-0.2392394,0.0,0.0,1.0,3.4748178
0,D_latent,unseen_distractor_hues,3,-0.22192976,0.0,0.0,1.0,5.0784726
0,D_latent,unseen_distractor_hues,4,-0.082623824,0.0,0.0,1.0,4.3221855
0,D_latent,unseen_distractor_hues,5,-0.1969363,1.0,0.13333333333333333,1.0,1.0721469
0,D_latent,unseen_distractor_hues,6,-0.0657054,0.0,0.1111111111111111,1.0,2.2408295
0,D_latent,unseen_distractor_hues,7,-0.2630937,0.0,0.0,1.0,5.5899315
0,D_latent,unseen_distractor_hues,8,-0.19117,0.0,0.0,1.0,3.1880283
0,D_latent,unseen_distractor_hues,9,-0.16089082,0.0,0.0,1.0,2.9841206
0,D_latent,unseen_distractor_hues,10,-0.118642084,0.0,0.0,1.0,2.0027378
0,D_latent,unseen_distractor_hues,11,-0.3497901,0.0,0.0,1.0,5.4509764
0,D_latent,unseen_distractor_hues,12,-0.23876144,0.0,0.0,1.0,7.4611573
0,D_latent,unseen_distractor_hues,13,-0.32257295,0.0,0.0,1.0,3.3561342
0,D_latent,unseen_distractor_hues,14,-0.26081073,0.0,0.0,1.0,6.69292
0,D_latent,unseen_distractor_hues,15,-0.4093131,0.0,0.0,1.0,9.086668
0,D_latent,unseen_distractor_hues,16,-0.13620707,0.0,0.0,1.0,3.9490137
0,D_latent,unseen_distractor_hues,17,-0.15957612,0.0,0.0,1.0,5.8651786
0,D_latent,unseen_distractor_hues,18,-0.19883554,0.0,0.0,1.0,3.3056254
0,D_latent,unseen_distractor_hues,19,-0.25387073,0.0,0.0,1.0,4.3161354
0,D_latent,unseen_distractor_hues,20,-0.11233707,0.0,0.0,1.0,2.8571923
0,D_latent,unseen_distractor_hues,21,-0.1127022,0.0,0.0,1.0,4.728174
0,D_latent,unseen_distractor_hues,22,-0.0047228197,0.0,0.0,1.0,1.8702216
0,D_latent,unseen_distractor_hues,23,-0.0035447439,0.0,0.17777777777777778,1.0,5.4332314
0,D_latent,unseen_distractor_hues,24,-0.03291464,0.0,0.15555555555555556,1.0,3.9751916
0,D_latent,unseen_distractor_hues,25,0.0004952523,0.0,0.28888888888888886,1.0,2.062793
0,D_latent,unseen_distractor_hues,26,-0.15136808,0.0,0.0,1.0,5.490011
0,D_latent,unseen_distractor_hues,27,-0.120615,0.0,0.0,1.0,4.621342
0,D_latent,unseen_distractor_hues,28,-0.12849759,0.0,0.0,1.0,3.2138827
0,D_latent,unseen_distractor_hues,29,-0.24190071,0.0,0.0,1.0,6.028899
0,D_latent,unseen_distractor_hues,30,-0.23208056,0.0,0.0,1.0,4.2481093
0,D_latent,unseen_distractor_hues,31,-0.00204746,1.0,0.26666666666666666,1.0,0.46577367
0,D_latent,unseen_distractor_hues,32,-0.32216406,0.0,0.0,1.0,5.3049397
0,D_latent,unseen_distractor_hues,33,-0.13779734,0.0,0.0,1.0,2.2644062
0,D_latent,unseen_distractor_hues,34,-0.08935258,0.0,0.15555555555555556,1.0,3.4703612
0,D_latent,unseen_distractor_hues,35,-0.23079951,0.0,0.0,1.0,8.440555
0,D_latent,unseen_distractor_hues,36,-0.045649543,0.0,0.0,1.0,4.1256895
0,D_latent,unseen_distractor_hues,37,-0.18826318,1.0,0.2,1.0,1.406799
0,D_latent,unseen_distractor_hues,38,-0.12802193,0.0,0.0,1.0,2.0072005
0,D_latent,unseen_distractor_hues,39,-0.1258379,0.0,0.1111111111111111,1.0,2.0858564
0,D_latent,unseen_distractor_hues,40,-0.077893935,0.0,0.13333333333333333,1.0,4.1111636
0,D_latent,unseen_distractor_hues,41,0.03527672,0.0,0.2,1.0,2.3748312
0,D_latent,unseen_distractor_hues,42,-0.101913504,0.0,0.0,1.0,2.435808
0,D_latent,unseen_distractor_hues,43,0.08393748,0.0,0.4,1.0,1.9799293
0,D_latent,unseen_distractor_hues,44,-0.18580697,0.0,0.0,1.0,4.313655
0,D_latent,unseen_distractor_hues,45,-0.054517433,0.0,0.0,1.0,2.7559974
0,D_latent,unseen_distractor_hues,46,-0.29845476,0.0,0.0,1.0,6.068116
0,D_latent,unseen_distractor_hues,47,-0.15577915,0.0,0.0,1.0,5.5221972
0,D_latent,unseen_distractor_hues,48,-0.19273084,0.0,0.0,1.0,2.624478
0,D_latent,unseen_distractor_hues,49,-0.20763156,0.0,0.0,1.0,3.808157
0,D_latent,unseen_distractor_hues,50,-0.15510502,0.0,0.0,1.0,6.9943957
0,D_latent,unseen_distractor_hues,51,-0.25973177,0.0,0.044444444444444446,1.0,1.5961434
0,D_latent,unseen_distractor_hues,52,-0.023181017,0.0,0.0,1.0,2.9988048
0,D_latent,unseen_distractor_hues,53,-0.22541544,0.0,0.0,1.0,4.62278
0,D_latent,unseen_distractor_hues,54,0.06770348,0.0,0.0,1.0,1.9808922
0,D_latent,unseen_distractor_hues,55,-0.17263485,0.0,0.0,1.0,2.4096844
0,D_latent,unseen_distractor_hues,56,0.28498164,1.0,0.5777777777777777,1.0,0.7238927
0,D_latent,unseen_distractor_hues,57,-0.24431002,1.0,0.2,1.0,0.29011238
0,D_latent,unseen_distractor_hues,58,-0.01589977,0.0,0.13333333333333333,1.0,2.5394166
0,D_latent,unseen_distractor_hues,59,-0.2242245,0.0,0.0,1.0,3.4612286
0,D_latent,unseen_distractor_hues,60,-0.34074393,0.0,0.0,1.0,4.8796406
0,D_latent,unseen_distractor_hues,61,-0.2892127,0.0,0.0,1.0,10.387075
0,D_latent,unseen_distractor_hues,62,-0.12909384,1.0,0.044444444444444446,1.0,1.3438287
0,D_latent,unseen_distractor_hues,63,-0.19997512,0.0,0.0,1.0,4.9129825
0,D_latent,unseen_distractor_hues,64,-0.21081677,0.0,0.0,1.0,4.8296084
0,D_latent,unseen_distractor_hues,65,0.16774954,0.0,0.3111111111111111,1.0,2.1864736
0,D_latent,unseen_distractor_hues,66,-0.101267986,0.0,0.1111111111111111,1.0,6.629458
0,D_latent,unseen_distractor_hues,67,-0.1156925,0.0,0.0,1.0,3.5494711
0,D_latent,unseen_distractor_hues,68,-0.313638,0.0,0.0,1.0,3.9695537
0,D_latent,unseen_distractor_hues,69,0.0642895,0.0,0.26666666666666666,1.0,2.196228
0,D_latent,unseen_distractor_hues,70,-0.062157396,0.0,0.0,1.0,2.4560976
0,D_latent,unseen_distractor_hues,71,-0.2864628,0.0,0.0,1.0,3.8006895
0,D_latent,unseen_distractor_hues,72,0.04651902,0.0,0.15555555555555556,1.0,3.0913296
0,D_latent,unseen_distractor_hues,73,-0.043717675,0.0,0.0,1.0,2.499277
0,D_latent,unseen_distractor_hues,74,-0.09310389,0.0,0.17777777777777778,1.0,2.1799986
0,D_latent,unseen_distractor_hues,75,-0.1238629,0.0,0.0,1.0,2.1542103
0,D_latent,unseen_distractor_hues,76,0.08410709,0.0,0.28888888888888886,1.0,2.6866164
0,D_latent,unseen_distractor_hues,77,-0.22650276,0.0,0.0,1.0,2.489462
0,D_latent,unseen_distractor_hues,78,-0.1396524,0.0,0.0,1.0,2.5237203
0,D_latent,unseen_distractor_hues,79,-0.178813,0.0,0.0,1.0,4.7655416
0,D_latent,unseen_distractor_hues,80,-0.31250533,0.0,0.0,1.0,2.6818848
0,D_latent,unseen_distractor_hues,81,-0.31624684,0.0,0.0,1.0,6.211648
0,D_latent,unseen_distractor_hues,82,-0.2878347,0.0,0.0,1.0,6.378844
0,D_latent,unseen_distractor_hues,83,-0.3432384,0.0,0.0,1.0,4.650297
0,D_latent,unseen_distractor_hues,84,-0.170356,0.0,0.0,1.0,2.4018745
0,D_latent,unseen_distractor_hues,85,-0.20751977,1.0,0.17777777777777778,1.0,1.1526202
0,D_latent,unseen_distractor_hues,86,-0.20645998,0.0,0.0,1.0,2.9060757
0,D_latent,unseen_distractor_hues,87,0.09617148,1.0,0.4666666666666667,1.0,1.2756882
0,D_latent,unseen_distractor_hues,88,0.09132938,0.0,0.24444444444444444,1.0,3.1846237
0,D_latent,unseen_distractor_hues,89,-0.21416685,0.0,0.0,1.0,6.181081
0,D_latent,unseen_distractor_hues,90,-0.11183207,1.0,0.3111111111111111,1.0,1.2783256
0,D_latent,unseen_distractor_hues,91,-0.18477494,1.0,0.26666666666666666,1.0,1.0747724
0,D_latent,unseen_distractor_hues,92,-0.1524332,0.0,0.0,1.0,2.7181678
0,D_latent,unseen_distractor_hues,93,-0.22844984,0.0,0.0,1.0,2.746309
0,D_latent,unseen_distractor_hues,94,-0.20552915,0.0,0.0,1.0,6.583055
0,D_latent,unseen_distractor_hues,95,-0.22798184,0.0,0.0,1.0,7.039477
0,D_latent,unseen_distractor_hues,96,-0.16655248,1.0,0.08888888888888889,1.0,1.1793599
0,D_latent,unseen_distractor_hues,97,-0.048207823,1.0,0.044444444444444446,1.0,1.4643661
0,D_latent,unseen_distractor_hues,98,-0.04084012,0.0,0.0,1.0,3.4347188
0,D_latent,unseen_distractor_hues,99,-0.09221097,0.0,0.13333333333333333,1.0,1.6829894
0,D_latent,heavy_pixel_noise,0,0.16394368,1.0,0.5555555555555556,1.0,1.4585587
0,D_latent,heavy_pixel_noise,1,-0.23478504,0.0,0.0,1.0,7.150083
0,D_latent,heavy_pixel_noise,2,-0.14801313,0.0,0.0,1.0,1.5926042
0,D_latent,heavy_pixel_noise,3,-0.22496197,0.0,0.0,1.0,5.084504
0,D_latent,heavy_pixel_noise,4,-0.14007188,0.0,0.0,1.0,4.7066107
0,D_latent,heavy_pixel_noise,5,-0.33683237,0.0,0.0,1.0,5.4178734
0,D_latent,heavy_pixel_noise,6,0.07125553,1.0,0.4,1.0,1.1565168
0,D_latent,heavy_pixel_noise,7,-0.24768052,0.0,0.0,1.0,5.3389206
0,D_latent,heavy_pixel_noise,8,-0.23644176,0.0,0.0,1.0,4.0429196
0,D_latent,heavy_pixel_noise,9,-0.13524354,0.0,0.1111111111111111,1.0,3.8041313
0,D_latent,heavy_pixel_noise,10,-0.03996205,1.0,0.37777777777777777,1.0,1.1620286
0,D_latent,heavy_pixel_noise,11,-0.3054452,0.0,0.0,1.0,2.6561184
0,D_latent,heavy_pixel_noise,12,-0.22019653,0.0,0.0,1.0,5.3971534
0,D_latent,heavy_pixel_noise,13,-0.316474,0.0,0.0,1.0,6.03132
0,D_latent,heavy_pixel_noise,14,-0.28124225,0.0,0.0,1.0,6.928256
0,D_latent,heavy_pixel_noise,15,-0.33015403,0.0,0.0,1.0,6.5053673
0,D_latent,heavy_pixel_noise,16,-0.06490597,0.0,0.0,1.0,2.377617
0,D_latent,heavy_pixel_noise,17,-0.15837593,0.0,0.0,1.0,6.0505548
0,D_latent,heavy_pixel_noise,18,-0.18540598,0.0,0.0,1.0,3.1661959
0,D_latent,heavy_pixel_noise,19,-0.25030872,0.0,0.0,1.0,3.8082743
0,D_latent,heavy_pixel_noise,20,-0.19196919,0.0,0.0,1.0,4.303144
0,D_latent,heavy_pixel_noise,21,-0.108417764,0.0,0.0,1.0,4.6982794
0,D_latent,heavy_pixel_noise,22,-0.019838342,0.0,0.0,1.0,1.9724948
0,D_latent,heavy_pixel_noise,23,0.030355183,0.0,0.17777777777777778,1.0,3.5836568
0,D_latent,heavy_pixel_noise,24,-0.042365823,0.0,0.0,1.0,2.7166288
0,D_latent,heavy_pixel_noise,25,0.009631897,0.0,0.28888888888888886,1.0,1.7929257
0,D_latent,heavy_pixel_noise,26,-0.1560123,0.0,0.0,1.0,6.094684
0,D_latent,heavy_pixel_noise,27,-0.1699572,0.0,0.0,1.0,5.9595137
0,D_latent,heavy_pixel_noise,28,-0.13693735,0.0,0.0,1.0,3.6878417
0,D_latent,heavy_pixel_noise,29,-0.2893595,0.0,0.0,1.0,9.173721
0,D_latent,heavy_pixel_noise,30,-0.25349087,0.0,0.0,1.0,5.329689
0,D_latent,heavy_pixel_noise,31,-0.025749149,1.0,0.2,1.0,0.8962038
0,D_latent,heavy_pixel_noise,32,-0.31970885,0.0,0.0,1.0,5.793881
0,D_latent,heavy_pixel_noise,33,-0.11757414,0.0,0.0,1.0,1.999123
0,D_latent,heavy_pixel_noise,34,-0.07119972,0.0,0.15555555555555556,1.0,3.0192192
0,D_latent,heavy_pixel_noise,35,-0.06326891,0.0,0.0,1.0,3.185777
0,D_latent,heavy_pixel_noise,36,0.1683557,1.0,0.5333333333333333,1.0,1.3951931
0,D_latent,heavy_pixel_noise,37,-0.21968436,0.0,0.0,1.0,1.9059154
0,D_latent,heavy_pixel_noise,38,-0.063810214,0.0,0.0,1.0,1.5799354
0,D_latent,heavy_pixel_noise,39,-0.16315837,0.0,0.1111111111111111,1.0,3.6581967
0,D_latent,heavy_pixel_noise,40,0.06122309,1.0,0.4888888888888889,1.0,1.3983568
0,D_latent,heavy_pixel_noise,41,-0.062296726,0.0,0.08888888888888889,1.0,3.5885835
0,D_latent,heavy_pixel_noise,42,0.124965765,1.0,0.4666666666666667,1.0,1.3597317
0,D_latent,heavy_pixel_noise,43,0.044510324,0.0,0.26666666666666666,1.0,2.6781092
0,D_latent,heavy_pixel_noise,44,-0.18265246,0.0,0.0,1.0,4.281965
0,D_latent,heavy_pixel_noise,45,-0.11998354,0.0,0.0,1.0,2.6878846
0,D_latent,heavy_pixel_noise,46,-0.31662282,0.0,0.0,1.0,6.794397
0,D_latent,heavy_pixel_noise,47,-0.16877958,0.0,0.0,1.0,5.9881115
0,D_latent,heavy_pixel_noise,48,-0.21705341,0.0,0.0,1.0,4.720092
0,D_latent,heavy_pixel_noise,49,0.081489645,1.0,0.4666666666666667,1.0,1.4297379
0,D_latent,heavy_pixel_noise,50,-0.14362043,0.0,0.0,1.0,5.955563
0,D_latent,heavy_pixel_noise,51,-0.2626847,0.0,0.0,1.0,2.1005898
0,D_latent,heavy_pixel_noise,52,-0.041596286,0.0,0.0,1.0,2.9297318
0,D_latent,heavy_pixel_noise,53,-0.22129561,0.0,0.0,1.0,4.6135592
0,D_latent,heavy_pixel_noise,54,0.008264469,0.0,0.0,1.0,2.2076097
0,D_latent,heavy_pixel_noise,55,-0.1338608,0.0,0.0,1.0,1.6100283
0,D_latent,heavy_pixel_noise,56,0.22999848,0.0,0.4,1.0,2.4946816
0,D_latent,heavy_pixel_noise,57,-0.31133613,0.0,0.0,1.0,1.8252156
0,D_latent,heavy_pixel_noise,58,-0.039813537,0.0,0.0,1.0,2.5597517
0,D_latent,heavy_pixel_noise,59,-0.28970543,0.0,0.0,0.0,7.8180246
0,D_latent,heavy_pixel_noise,60,-0.33262643,0.0,0.0,1.0,4.2713866
0,D_latent,heavy_pixel_noise,61,-0.004121991,0.0,0.15555555555555556,1.0,4.977405
0,D_latent,heavy_pixel_noise,62,-0.23879789,0.0,0.0,1.0,5.1185536
0,D_latent,heavy_pixel_noise,63,-0.2492866,0.0,0.0,1.0,7.7330794
0,D_latent,heavy_pixel_noise,64,-0.3149689,0.0,0.0,1.0,9.520496
0,D_latent,heavy_pixel_noise,65,0.11347544,0.0,0.26666666666666666,1.0,2.8529327
0,D_latent,heavy_pixel_noise,66,-0.18501991,0.0,0.06666666666666667,1.0,10.066699
0,D_latent,heavy_pixel_noise,67,-0.22890788,0.0,0.0,1.0,6.535788
0,D_latent,heavy_pixel_noise,68,-0.32461396,0.0,0.0,1.0,4.5436797
0,D_latent,heavy_pixel_noise,69,-0.031661972,0.0,0.044444444444444446,1.0,2.658577
0,D_latent,heavy_pixel_noise,70,-0.039542362,0.0,0.0,1.0,2.2976918
0,D_latent,heavy_pixel_noise,71,-0.26947927,0.0,0.0,1.0,5.309996
0,D_latent,heavy_pixel_noise,72,0.14422493,0.0,0.24444444444444444,1.0,2.275744
0,D_latent,heavy_pixel_noise,73,-0.24299675,0.0,0.0,1.0,8.923586
0,D_latent,heavy_pixel_noise,74,-0.10137397,1.0,0.2222222222222222,1.0,0.5187257
0,D_latent,heavy_pixel_noise,75,-0.13308598,0.0,0.0,1.0,2.0712893
0,D_latent,heavy_pixel_noise,76,0.021036847,0.0,0.2,1.0,1.7541503
0,D_latent,heavy_pixel_noise,77,-0.22191907,0.0,0.0,1.0,2.12064
0,D_latent,heavy_pixel_noise,78,-0.22329706,0.0,0.0,1.0,5.749462
0,D_latent,heavy_pixel_noise,79,-0.18960004,0.0,0.0,1.0,6.4089613
0,D_latent,heavy_pixel_noise,80,-0.20635651,1.0,0.2222222222222222,1.0,1.5018525
0,D_latent,heavy_pixel_noise,81,-0.2793808,0.0,0.0,1.0,3.6694975
0,D_latent,heavy_pixel_noise,82,-0.2344761,0.0,0.0,1.0,3.3247297
0,D_latent,heavy_pixel_noise,83,-0.17625006,1.0,0.28888888888888886,1.0,1.4677721
0,D_latent,heavy_pixel_noise,84,-0.24265273,0.0,0.0,1.0,7.5700784
0,D_latent,heavy_pixel_noise,85,-0.20361559,0.0,0.13333333333333333,1.0,3.7623043
0,D_latent,heavy_pixel_noise,86,-0.22194456,0.0,0.0,1.0,3.4397333
0,D_latent,heavy_pixel_noise,87,-0.17732629,0.0,0.0,1.0,5.178903
0,D_latent,heavy_pixel_noise,88,-0.20477104,0.0,0.0,1.0,7.43891
0,D_latent,heavy_pixel_noise,89,-0.21974614,0.0,0.0,1.0,6.7481756
0,D_latent,heavy_pixel_noise,90,-0.29438594,0.0,0.0,1.0,3.9202116
0,D_latent,heavy_pixel_noise,91,-0.39224085,0.0,0.0,1.0,6.1018224
0,D_latent,heavy_pixel_noise,92,-0.14506073,0.0,0.0,1.0,2.8675408
0,D_latent,heavy_pixel_noise,93,-0.3945205,0.0,0.0,1.0,11.622783
0,D_latent,heavy_pixel_noise,94,-0.18908511,0.0,0.0,1.0,2.7064605
0,D_latent,heavy_pixel_noise,95,-0.23055199,0.0,0.0,1.0,3.5782557
0,D_latent,heavy_pixel_noise,96,-0.25838378,0.0,0.0,1.0,4.0652514
0,D_latent,heavy_pixel_noise,97,0.07825695,1.0,0.4666666666666667,1.0,1.1316261
0,D_latent,heavy_pixel_noise,98,-0.028109958,0.0,0.0,1.0,2.978033
0,D_latent,heavy_pixel_noise,99,-0.025955152,1.0,0.4888888888888889,1.0,0.7977891
1,A_recon,in_distribution,0,-0.21762967,0.0,0.0,1.0,5.6122403
1,A_recon,in_distribution,1,-0.21675232,0.0,0.0,1.0,4.4437556
1,A_recon,in_distribution,2,-0.30310157,0.0,0.0,1.0,4.003631
1,A_recon,in_distribution,3,-0.23612703,0.0,0.0,1.0,4.5244045
1,A_recon,in_distribution,4,-0.0736266,0.0,0.0,1.0,2.765633
1,A_recon,in_distribution,5,-0.3512559,0.0,0.0,1.0,6.05501
1,A_recon,in_distribution,6,-0.056818184,0.0,0.1111111111111111,1.0,3.7966309
1,A_recon,in_distribution,7,-0.31990117,0.0,0.0,1.0,3.8907604
1,A_recon,in_distribution,8,-0.3035451,0.0,0.0,1.0,6.283833
1,A_recon,in_distribution,9,-0.045388397,0.0,0.3111111111111111,1.0,1.8046724
1,A_recon,in_distribution,10,-0.30926672,0.0,0.0,1.0,6.690115
1,A_recon,in_distribution,11,-0.32199574,0.0,0.0,1.0,3.8680346
1,A_recon,in_distribution,12,-0.2522265,0.0,0.0,1.0,8.348515
1,A_recon,in_distribution,13,-0.38614556,0.0,0.0,1.0,5.825604
1,A_recon,in_distribution,14,-0.25135925,0.0,0.0,1.0,6.725149
1,A_recon,in_distribution,15,-0.41647005,0.0,0.0,0.0,10.249028
1,A_recon,in_distribution,16,-0.1789167,0.0,0.0,1.0,7.361674
1,A_recon,in_distribution,17,-0.1740071,0.0,0.0,1.0,6.99216
1,A_recon,in_distribution,18,-0.2861378,0.0,0.0,1.0,6.5086718
1,A_recon,in_distribution,19,-0.2895533,0.0,0.0,1.0,2.5238175
1,A_recon,in_distribution,20,-0.20882973,0.0,0.0,0.0,7.6370864
1,A_recon,in_distribution,21,-0.07108645,0.0,0.0,1.0,4.5996466
1,A_recon,in_distribution,22,0.047494717,0.0,0.24444444444444444,1.0,1.711833
1,A_recon,in_distribution,23,-0.06110771,0.0,0.13333333333333333,1.0,7.503446
1,A_recon,in_distribution,24,0.062097926,0.0,0.37777777777777777,1.0,2.0138962
1,A_recon,in_distribution,25,-0.36749187,0.0,0.0,0.0,12.568883
1,A_recon,in_distribution,26,-0.040864125,0.0,0.0,1.0,4.841244
1,A_recon,in_distribution,27,-0.12029826,0.0,0.0,1.0,4.9575205
1,A_recon,in_distribution,28,0.15726341,0.0,0.6,1.0,1.5656623
1,A_recon,in_distribution,29,-0.32317504,0.0,0.0,1.0,10.464045
1,A_recon,in_distribution,30,-0.3171691,0.0,0.0,1.0,8.197983
1,A_recon,in_distribution,31,-0.22968768,0.0,0.0,1.0,5.065406
1,A_recon,in_distribution,32,-0.37301895,0.0,0.0,1.0,4.296775
1,A_recon,in_distribution,33,-0.19705175,0.0,0.0,1.0,5.785415
1,A_recon,in_distribution,34,-0.14649677,0.0,0.0,1.0,3.3711503
1,A_recon,in_distribution,35,-0.18949935,0.0,0.0,1.0,5.104437
1,A_recon,in_distribution,36,-0.15264751,0.0,0.0,1.0,4.8756967
1,A_recon,in_distribution,37,-0.3948872,0.0,0.0,0.0,8.715378
1,A_recon,in_distribution,38,-0.2661775,0.0,0.0,1.0,9.97053
1,A_recon,in_distribution,39,-0.14130113,1.0,0.2222222222222222,1.0,1.076091
1,A_recon,in_distribution,40,-0.22501126,0.0,0.0,1.0,4.426805
1,A_recon,in_distribution,41,-0.02574925,0.0,0.022222222222222223,1.0,3.4183388
1,A_recon,in_distribution,42,-0.16659646,0.0,0.0,1.0,3.337741
1,A_recon,in_distribution,43,-0.13543662,0.0,0.0,1.0,3.9487004
1,A_recon,in_distribution,44,-0.18986216,0.0,0.0,1.0,3.8139896
1,A_recon,in_distribution,45,-0.18756495,0.0,0.0,1.0,4.5737314
1,A_recon,in_distribution,46,-0.33039135,0.0,0.0,1.0,4.839075
1,A_recon,in_distribution,47,-0.17593037,0.0,0.0,1.0,5.4773784
1,A_recon,in_distribution,48,-0.23809679,0.0,0.0,1.0,5.631549
1,A_recon,in_distribution,49,-0.3093516,0.0,0.0,0.0,11.576764
1,A_recon,in_distribution,50,-0.20609924,0.0,0.0,1.0,6.068899
1,A_recon,in_distribution,51,-0.3533818,0.0,0.0,1.0,3.595255
1,A_recon,in_distribution,52,-0.21785726,0.0,0.0,1.0,7.3722515
1,A_recon,in_distribution,53,-0.21704778,0.0,0.0,1.0,4.6772757
1,A_recon,in_distribution,54,0.014639792,0.0,0.0,1.0,2.2471123
1,A_recon,in_distribution,55,-0.27800748,0.0,0.0,1.0,4.370974
1,A_recon,in_distribution,56,0.12484638,0.0,0.17777777777777778,1.0,2.673096
1,A_recon,in_distribution,57,-0.40045506,0.0,0.0,1.0,3.860565
1,A_recon,in_distribution,58,-0.22463207,0.0,0.0,1.0,7.138687
1,A_recon,in_distribution,59,-0.23271163,0.0,0.0,1.0,4.897276
1,A_recon,in_distribution,60,-0.33419642,0.0,0.0,1.0,3.6011384
1,A_recon,in_distribution,61,-0.2886422,0.0,0.0,1.0,10.299043
1,A_recon,in_distribution,62,-0.32139525,0.0,0.0,1.0,10.645731
1,A_recon,in_distribution,63,-0.22120517,0.0,0.0,1.0,6.142899
1,A_recon,in_distribution,64,-0.27001593,0.0,0.0,1.0,3.90384
1,A_recon,in_distribution,65,0.2633351,1.0,0.7111111111111111,1.0,0.83138883
1,A_recon,in_distribution,66,0.016754068,0.0,0.13333333333333333,1.0,4.0193768
1,A_recon,in_distribution,67,0.105856694,0.0,0.3333333333333333,1.0,2.2151597
1,A_recon,in_distribution,68,-0.39123276,0.0,0.0,1.0,2.2636626
1,A_recon,in_distribution,69,-0.16103494,0.0,0.0,1.0,4.4842134
1,A_recon,in_distribution,70,-0.237919,0.0,0.0,1.0,7.9130874
1,A_recon,in_distribution,71,-0.31127417,0.0,0.0,1.0,4.215537
1,A_recon,in_distribution,72,0.04046989,0.0,0.17777777777777778,1.0,4.391148
1,A_recon,in_distribution,73,-0.22018854,0.0,0.0,1.0,7.902534
1,A_recon,in_distribution,74,-0.32140926,0.0,0.0,1.0,7.474557
1,A_recon,in_distribution,75,-0.2701657,0.0,0.0,1.0,6.911447
1,A_recon,in_distribution,76,-0.24362428,0.0,0.0,1.0,7.7233734
1,A_recon,in_distribution,77,-0.34992778,0.0,0.0,1.0,4.805074
1,A_recon,in_distribution,78,-0.194908,0.0,0.0,1.0,3.8750641
1,A_recon,in_distribution,79,-0.065439545,0.0,0.0,1.0,3.5761304
1,A_recon,in_distribution,80,-0.31800702,0.0,0.0,1.0,3.1312776
1,A_recon,in_distribution,81,-0.3111561,0.0,0.0,1.0,6.4280186
1,A_recon,in_distribution,82,-0.2252793,0.0,0.0,1.0,4.4732733
1,A_recon,in_distribution,83,-0.2748243,0.0,0.0,1.0,2.2672083
1,A_recon,in_distribution,84,-0.28171805,0.0,0.0,1.0,7.5323286
1,A_recon,in_distribution,85,-0.22310363,1.0,0.17777777777777778,1.0,1.428284
1,A_recon,in_distribution,86,-0.2922146,0.0,0.0,0.0,8.845071
1,A_recon,in_distribution,87,-0.20906726,0.0,0.0,1.0,7.2804694
1,A_recon,in_distribution,88,0.12841341,0.0,0.4444444444444444,1.0,1.5715051
1,A_recon,in_distribution,89,-0.21742155,0.0,0.0,1.0,7.8544188
1,A_recon,in_distribution,90,-0.20706865,1.0,0.1111111111111111,1.0,1.5014794
1,A_recon,in_distribution,91,-0.23076615,1.0,0.2,1.0,1.10621
1,A_recon,in_distribution,92,-0.1312812,0.0,0.0,1.0,2.0482888
1,A_recon,in_distribution,93,-0.28100795,0.0,0.0,1.0,5.4071026
1,A_recon,in_distribution,94,-0.24260381,0.0,0.0,1.0,8.962099
1,A_recon,in_distribution,95,-0.30238518,0.0,0.0,1.0,7.068123
1,A_recon,in_distribution,96,-0.33240217,0.0,0.0,1.0,4.9971642
1,A_recon,in_distribution,97,-0.20469496,0.0,0.0,1.0,4.3327208
1,A_recon,in_distribution,98,-0.11728684,0.0,0.0,1.0,3.7025511
1,A_recon,in_distribution,99,-0.3075514,0.0,0.0,1.0,5.094665
1,A_recon,4_distractors,0,-0.21347496,0.0,0.0,1.0,5.643504
1,A_recon,4_distractors,1,-0.20961249,0.0,0.0,1.0,4.0821557
1,A_recon,4_distractors,2,-0.27958292,0.0,0.0,1.0,3.0887377
1,A_recon,4_distractors,3,-0.2207518,0.0,0.0,1.0,3.888493
1,A_recon,4_distractors,4,-0.09770757,0.0,0.0,1.0,2.7103293
1,A_recon,4_distractors,5,-0.37350658,0.0,0.0,1.0,7.3819957
1,A_recon,4_distractors,6,-0.0800828,0.0,0.06666666666666667,1.0,4.4458838
1,A_recon,4_distractors,7,-0.3164558,0.0,0.0,1.0,3.8004851
1,A_recon,4_distractors,8,-0.31922665,0.0,0.0,1.0,6.6026764
1,A_recon,4_distractors,9,-0.26076505,0.0,0.0,1.0,6.789358
1,A_recon,4_distractors,10,-0.33554098,0.0,0.0,1.0,7.592418
1,A_recon,4_distractors,11,-0.37029156,0.0,0.0,1.0,6.6904407
1,A_recon,4_distractors,12,-0.2396265,0.0,0.0,1.0,7.845047
1,A_recon,4_distractors,13,-0.39240417,0.0,0.0,1.0,5.5294075
1,A_recon,4_distractors,14,-0.21854146,0.0,0.0,1.0,5.595904
1,A_recon,4_distractors,15,-0.44730318,0.0,0.0,0.0,12.092603
1,A_recon,4_distractors,16,-0.16379376,0.0,0.0,1.0,6.530201
1,A_recon,4_distractors,17,-0.17352548,0.0,0.0,1.0,7.1004405
1,A_recon,4_distractors,18,-0.32529894,0.0,0.0,1.0,8.923115
1,A_recon,4_distractors,19,-0.33429226,0.0,0.0,1.0,3.2889867
1,A_recon,4_distractors,20,-0.23150188,0.0,0.0,0.0,7.894407
1,A_recon,4_distractors,21,-0.050736178,0.0,0.0,1.0,3.621295
1,A_recon,4_distractors,22,0.07503672,0.0,0.26666666666666666,1.0,3.051878
1,A_recon,4_distractors,23,-0.054631133,0.0,0.13333333333333333,1.0,8.290741
1,A_recon,4_distractors,24,0.06277602,0.0,0.3333333333333333,1.0,2.5186682
1,A_recon,4_distractors,25,-0.4133157,0.0,0.0,0.0,15.169643
1,A_recon,4_distractors,26,-0.12206775,0.0,0.0,0.0,6.302149
1,A_recon,4_distractors,27,-0.08968492,0.0,0.0,1.0,4.219732
1,A_recon,4_distractors,28,0.06226351,0.0,0.13333333333333333,1.0,2.7292395
1,A_recon,4_distractors,29,-0.38651916,0.0,0.0,1.0,13.827062
1,A_recon,4_distractors,30,-0.32905278,0.0,0.0,1.0,8.992028
1,A_recon,4_distractors,31,-0.26009572,0.0,0.0,1.0,6.116016
1,A_recon,4_distractors,32,-0.38055027,0.0,0.0,1.0,4.244848
1,A_recon,4_distractors,33,-0.19103423,0.0,0.0,1.0,5.797775
1,A_recon,4_distractors,34,-0.2390324,0.0,0.0,1.0,3.7331793
1,A_recon,4_distractors,35,-0.190222,0.0,0.0,1.0,5.0595574
1,A_recon,4_distractors,36,-0.122451864,0.0,0.0,1.0,3.8452659
1,A_recon,4_distractors,37,-0.3563602,0.0,0.0,1.0,6.723782
1,A_recon,4_distractors,38,-0.2606834,0.0,0.0,1.0,9.58418
1,A_recon,4_distractors,39,-0.0922689,1.0,0.28888888888888886,1.0,0.13437425
1,A_recon,4_distractors,40,-0.2150035,0.0,0.0,1.0,3.986254
1,A_recon,4_distractors,41,-0.11597962,0.0,0.0,1.0,4.400733
1,A_recon,4_distractors,42,-0.13596192,0.0,0.0,1.0,2.8057437
1,A_recon,4_distractors,43,-0.09176905,0.0,0.0,1.0,3.1283891
1,A_recon,4_distractors,44,-0.13448225,0.0,0.0,1.0,2.9387212
1,A_recon,4_distractors,45,-0.013004498,0.0,0.2,1.0,1.8749577
1,A_recon,4_distractors,46,-0.3210483,0.0,0.0,1.0,4.7130165
1,A_recon,4_distractors,47,-0.18640171,0.0,0.0,1.0,6.4308167
1,A_recon,4_distractors,48,-0.23683235,0.0,0.0,1.0,4.898101
1,A_recon,4_distractors,49,-0.28278604,0.0,0.0,0.0,7.066151
1,A_recon,4_distractors,50,-0.1962341,0.0,0.0,1.0,4.7894244
1,A_recon,4_distractors,51,-0.3237129,0.0,0.0,1.0,2.9241211
1,A_recon,4_distractors,52,-0.20330179,0.0,0.0,1.0,6.3884606
1,A_recon,4_distractors,53,-0.20390183,0.0,0.0,1.0,4.679287
1,A_recon,4_distractors,54,-0.009046134,0.0,0.0,1.0,2.1870637
1,A_recon,4_distractors,55,-0.29398656,0.0,0.0,1.0,5.38529
1,A_recon,4_distractors,56,0.11857414,0.0,0.13333333333333333,1.0,2.3916268
1,A_recon,4_distractors,57,-0.3782527,0.0,0.0,1.0,2.7528212
1,A_recon,4_distractors,58,-0.23928437,0.0,0.0,1.0,7.9077263
1,A_recon,4_distractors,59,-0.23537469,0.0,0.0,1.0,5.0632014
1,A_recon,4_distractors,60,-0.3282229,0.0,0.0,1.0,2.792031
1,A_recon,4_distractors,61,-0.2713906,0.0,0.0,1.0,9.156481
1,A_recon,4_distractors,62,-0.3350509,0.0,0.0,1.0,12.022148
1,A_recon,4_distractors,63,-0.23585044,0.0,0.0,1.0,7.0365753
1,A_recon,4_distractors,64,-0.3317048,0.0,0.0,1.0,3.9779725
1,A_recon,4_distractors,65,0.2773073,1.0,0.7111111111111111,1.0,0.8058739
1,A_recon,4_distractors,66,-0.0034658986,0.0,0.13333333333333333,1.0,4.5229545
1,A_recon,4_distractors,67,0.1290782,1.0,0.4222222222222222,1.0,0.8315384
1,A_recon,4_distractors,68,-0.39725697,0.0,0.0,1.0,2.9268837
1,A_recon,4_distractors,69,-0.15637185,0.0,0.0,1.0,4.451458
1,A_recon,4_distractors,70,-0.1834401,0.0,0.0,1.0,5.8776803
1,A_recon,4_distractors,71,-0.2999801,0.0,0.0,1.0,3.6252558
1,A_recon,4_distractors,72,0.32034844,0.0,0.7555555555555555,1.0,1.7016855
1,A_recon,4_distractors,73,-0.21615797,0.0,0.0,0.0,7.976022
1,A_recon,4_distractors,74,-0.28290516,0.0,0.0,1.0,5.405486
1,A_recon,4_distractors,75,-0.24494386,0.0,0.0,1.0,5.955663
1,A_recon,4_distractors,76,-0.22035539,0.0,0.0,1.0,6.402457
1,A_recon,4_distractors,77,-0.36630055,0.0,0.0,1.0,7.4258385
1,A_recon,4_distractors,78,-0.078099474,0.0,0.0,1.0,2.3016462
1,A_recon,4_distractors,79,-0.020894108,0.0,0.0,1.0,3.129224
1,A_recon,4_distractors,80,-0.22851376,1.0,0.15555555555555556,1.0,1.3138288
1,A_recon,4_distractors,81,-0.3257999,0.0,0.0,1.0,7.6850495
1,A_recon,4_distractors,82,-0.28584623,0.0,0.0,1.0,6.6860914
1,A_recon,4_distractors,83,-0.2511119,0.0,0.13333333333333333,1.0,1.5620407
1,A_recon,4_distractors,84,-0.2876205,0.0,0.0,1.0,8.056899
1,A_recon,4_distractors,85,-0.20800811,1.0,0.2,1.0,0.9286931
1,A_recon,4_distractors,86,-0.29273286,0.0,0.0,1.0,8.744312
1,A_recon,4_distractors,87,-0.16887456,0.0,0.0,1.0,6.316475
1,A_recon,4_distractors,88,0.102024235,0.0,0.28888888888888886,1.0,3.2881603
1,A_recon,4_distractors,89,-0.20523688,0.0,0.0,1.0,7.4017577
1,A_recon,4_distractors,90,-0.2707944,0.0,0.0,1.0,2.5862443
1,A_recon,4_distractors,91,-0.23365037,1.0,0.2,1.0,1.085707
1,A_recon,4_distractors,92,-0.1561246,0.0,0.0,1.0,2.064408
1,A_recon,4_distractors,93,-0.30801943,0.0,0.0,1.0,6.1994185
1,A_recon,4_distractors,94,-0.24025743,0.0,0.0,1.0,8.951404
1,A_recon,4_distractors,95,-0.2955415,0.0,0.0,1.0,6.604385
1,A_recon,4_distractors,96,-0.32408026,0.0,0.0,1.0,5.3938756
1,A_recon,4_distractors,97,-0.1519921,0.0,0.0,1.0,3.9186566
1,A_recon,4_distractors,98,-0.17852783,0.0,0.0,1.0,5.4160132
1,A_recon,4_distractors,99,-0.3161602,0.0,0.0,1.0,5.2337937
1,A_recon,fast_distractors,0,-0.21950796,0.0,0.0,1.0,5.896418
1,A_recon,fast_distractors,1,-0.21076605,0.0,0.0,1.0,4.3005013
1,A_recon,fast_distractors,2,-0.28199038,0.0,0.0,1.0,3.3154175
1,A_recon,fast_distractors,3,-0.23374262,0.0,0.0,1.0,4.4758034
1,A_recon,fast_distractors,4,-0.10384183,0.0,0.0,1.0,3.0544045
1,A_recon,fast_distractors,5,-0.37870035,0.0,0.0,1.0,7.663441
1,A_recon,fast_distractors,6,-0.06165757,0.0,0.1111111111111111,1.0,4.0056496
1,A_recon,fast_distractors,7,-0.32693374,0.0,0.0,1.0,3.8869226
1,A_recon,fast_distractors,8,-0.2971602,0.0,0.0,1.0,5.905331
1,A_recon,fast_distractors,9,-0.18698992,0.0,0.0,1.0,4.823031
1,A_recon,fast_distractors,10,-0.30792493,0.0,0.0,1.0,6.557859
1,A_recon,fast_distractors,11,-0.3058444,0.0,0.0,1.0,3.0882702
1,A_recon,fast_distractors,12,-0.239948,0.0,0.0,1.0,7.534538
1,A_recon,fast_distractors,13,-0.3838277,0.0,0.0,1.0,5.4952946
1,A_recon,fast_distractors,14,-0.25020215,0.0,0.0,1.0,6.7963533
1,A_recon,fast_distractors,15,-0.39434513,0.0,0.0,1.0,9.196708
1,A_recon,fast_distractors,16,-0.18183717,0.0,0.0,1.0,7.571056
1,A_recon,fast_distractors,17,-0.17422189,0.0,0.0,1.0,7.0947623
1,A_recon,fast_distractors,18,-0.26803416,0.0,0.0,1.0,5.914966
1,A_recon,fast_distractors,19,-0.2813449,0.0,0.0,1.0,2.546175
1,A_recon,fast_distractors,20,-0.23331179,0.0,0.0,0.0,8.186025
1,A_recon,fast_distractors,21,-0.07931937,0.0,0.0,1.0,4.5831842
1,A_recon,fast_distractors,22,0.013039231,0.0,0.044444444444444446,1.0,2.8436646
1,A_recon,fast_distractors,23,-0.04306768,0.0,0.15555555555555556,1.0,7.33977
1,A_recon,fast_distractors,24,0.046856266,0.0,0.28888888888888886,1.0,2.4429076
1,A_recon,fast_distractors,25,-0.40538737,0.0,0.0,0.0,14.611538
1,A_recon,fast_distractors,26,-0.048577346,0.0,0.0,1.0,5.075927
1,A_recon,fast_distractors,27,-0.1345757,0.0,0.0,1.0,5.710716
1,A_recon,fast_distractors,28,0.15793274,0.0,0.4,1.0,1.8920276
1,A_recon,fast_distractors,29,-0.31992954,0.0,0.0,1.0,10.459162
1,A_recon,fast_distractors,30,-0.31426275,0.0,0.0,1.0,8.097388
1,A_recon,fast_distractors,31,-0.2300504,0.0,0.0,1.0,5.0315037
1,A_recon,fast_distractors,32,-0.3720697,0.0,0.0,1.0,3.988074
1,A_recon,fast_distractors,33,-0.19825555,0.0,0.0,1.0,6.039289
1,A_recon,fast_distractors,34,-0.08490975,0.0,0.0,1.0,1.7511805
1,A_recon,fast_distractors,35,-0.18087752,0.0,0.0,1.0,3.7565806
1,A_recon,fast_distractors,36,-0.15427415,0.0,0.0,1.0,4.9526987
1,A_recon,fast_distractors,37,-0.32872665,0.0,0.0,1.0,4.5460453
1,A_recon,fast_distractors,38,-0.2450696,0.0,0.0,1.0,8.563958
1,A_recon,fast_distractors,39,-0.13295062,1.0,0.24444444444444444,1.0,0.99016386
1,A_recon,fast_distractors,40,-0.23116292,0.0,0.0,1.0,4.686912
1,A_recon,fast_distractors,41,-0.019120567,0.0,0.022222222222222223,1.0,3.2292051
1,A_recon,fast_distractors,42,-0.16486475,0.0,0.0,1.0,3.4008734
1,A_recon,fast_distractors,43,-0.14260943,0.0,0.0,1.0,3.9139051
1,A_recon,fast_distractors,44,-0.124911,0.0,0.0,1.0,2.712588
1,A_recon,fast_distractors,45,-0.18089108,0.0,0.0,1.0,4.641967
1,A_recon,fast_distractors,46,-0.31447095,0.0,0.0,1.0,4.1541233
1,A_recon,fast_distractors,47,-0.19413972,0.0,0.0,1.0,6.919434
1,A_recon,fast_distractors,48,-0.23799837,0.0,0.0,1.0,6.059983
1,A_recon,fast_distractors,49,-0.29692772,0.0,0.0,0.0,11.095472
1,A_recon,fast_distractors,50,-0.20673409,0.0,0.0,1.0,6.129614
1,A_recon,fast_distractors,51,-0.33972332,0.0,0.0,1.0,3.3377907
1,A_recon,fast_distractors,52,-0.20989825,0.0,0.0,1.0,7.0801945
1,A_recon,fast_distractors,53,-0.2065552,0.0,0.0,1.0,4.67785
1,A_recon,fast_distractors,54,0.053107854,0.0,0.0,1.0,1.6063527
1,A_recon,fast_distractors,55,-0.28723383,0.0,0.0,1.0,4.901345
1,A_recon,fast_distractors,56,0.12180015,0.0,0.17777777777777778,1.0,2.8317053
1,A_recon,fast_distractors,57,-0.40469012,0.0,0.0,1.0,3.9619553
1,A_recon,fast_distractors,58,-0.23722379,0.0,0.0,0.0,8.022987
1,A_recon,fast_distractors,59,-0.24573441,0.0,0.0,1.0,6.1123033
1,A_recon,fast_distractors,60,-0.34955996,0.0,0.0,1.0,2.9240763
1,A_recon,fast_distractors,61,-0.28522208,0.0,0.0,1.0,9.868513
1,A_recon,fast_distractors,62,-0.31956178,0.0,0.0,1.0,10.141769
1,A_recon,fast_distractors,63,-0.22517155,0.0,0.0,1.0,6.6955914
1,A_recon,fast_distractors,64,-0.29869422,0.0,0.0,1.0,4.5520744
1,A_recon,fast_distractors,65,0.29478246,1.0,0.7111111111111111,1.0,1.2019485
1,A_recon,fast_distractors,66,0.014129858,0.0,0.13333333333333333,1.0,4.0676217
1,A_recon,fast_distractors,67,0.10078418,0.0,0.3111111111111111,1.0,2.3602028
1,A_recon,fast_distractors,68,-0.3868604,0.0,0.0,1.0,2.5493855
1,A_recon,fast_distractors,69,-0.17222993,0.0,0.0,1.0,4.852909
1,A_recon,fast_distractors,70,-0.23692694,0.0,0.0,1.0,7.562547
1,A_recon,fast_distractors,71,-0.30745798,0.0,0.0,1.0,3.7589755
1,A_recon,fast_distractors,72,0.019777428,0.0,0.17777777777777778,1.0,4.5807734
1,A_recon,fast_distractors,73,-0.20807819,0.0,0.0,1.0,7.266758
1,A_recon,fast_distractors,74,-0.3073131,0.0,0.0,1.0,6.6546855
1,A_recon,fast_distractors,75,-0.282515,0.0,0.0,1.0,7.7771564
1,A_recon,fast_distractors,76,-0.22772314,0.0,0.0,1.0,7.0182686
1,A_recon,fast_distractors,77,-0.34212154,0.0,0.0,1.0,4.7576847
1,A_recon,fast_distractors,78,-0.12535739,0.0,0.0,1.0,2.743772
1,A_recon,fast_distractors,79,-0.09343732,0.0,0.0,1.0,3.817901
1,A_recon,fast_distractors,80,-0.24310057,1.0,0.1111111111111111,1.0,1.5138371
1,A_recon,fast_distractors,81,-0.30704832,0.0,0.0,1.0,6.648537
1,A_recon,fast_distractors,82,-0.24861658,0.0,0.0,1.0,5.2948723
1,A_recon,fast_distractors,83,-0.2765438,0.0,0.0,1.0,2.1527662
1,A_recon,fast_distractors,84,-0.30033737,0.0,0.0,1.0,8.672619
1,A_recon,fast_distractors,85,-0.20561777,0.0,0.17777777777777778,1.0,1.9977217
1,A_recon,fast_distractors,86,-0.29725382,0.0,0.0,0.0,9.306852
1,A_recon,fast_distractors,87,-0.21041887,0.0,0.0,1.0,7.391291
1,A_recon,fast_distractors,88,0.16848093,1.0,0.5333333333333333,1.0,1.4026614
1,A_recon,fast_distractors,89,-0.21924025,0.0,0.0,1.0,7.884163
1,A_recon,fast_distractors,90,-0.24963348,0.0,0.0,1.0,1.9832605
1,A_recon,fast_distractors,91,-0.23469941,1.0,0.2,1.0,1.4075333
1,A_recon,fast_distractors,92,-0.123500675,0.0,0.0,1.0,1.9723357
1,A_recon,fast_distractors,93,-0.29842427,0.0,0.0,1.0,5.4388857
1,A_recon,fast_distractors,94,-0.24227364,0.0,0.0,1.0,8.846526
1,A_recon,fast_distractors,95,-0.28859663,0.0,0.0,1.0,6.1640687
1,A_recon,fast_distractors,96,-0.31765923,0.0,0.0,1.0,4.969911
1,A_recon,fast_distractors,97,-0.19684109,0.0,0.0,1.0,4.2874265
1,A_recon,fast_distractors,98,-0.09449685,0.0,0.0,1.0,2.9935462
1,A_recon,fast_distractors,99,-0.2969522,0.0,0.0,1.0,4.7703032
1,A_recon,unseen_distractor_hues,0,-0.21211168,0.0,0.0,1.0,5.394284
1,A_recon,unseen_distractor_hues,1,-0.20870757,0.0,0.0,1.0,3.8501427
1,A_recon,unseen_distractor_hues,2,-0.2511643,0.0,0.0,1.0,2.4346673
1,A_recon,unseen_distractor_hues,3,-0.22355345,0.0,0.0,1.0,4.0045424
1,A_recon,unseen_distractor_hues,4,-0.063844204,0.0,0.0,1.0,2.5274856
1,A_recon,unseen_distractor_hues,5,-0.35364917,0.0,0.0,1.0,5.9859314
1,A_recon,unseen_distractor_hues,6,-0.036865514,0.0,0.17777777777777778,1.0,3.9254606
1,A_recon,unseen_distractor_hues,7,-0.32152626,0.0,0.0,1.0,3.6651633
1,A_recon,unseen_distractor_hues,8,-0.29609883,0.0,0.0,1.0,5.5879035
1,A_recon,unseen_distractor_hues,9,-0.21936668,0.0,0.0,1.0,5.017123
1,A_recon,unseen_distractor_hues,10,-0.2975258,0.0,0.0,1.0,5.75072
1,A_recon,unseen_distractor_hues,11,-0.299415,0.0,0.0,1.0,3.2865422
1,A_recon,unseen_distractor_hues,12,-0.32391065,0.0,0.0,0.0,12.189847
1,A_recon,unseen_distractor_hues,13,-0.38692924,0.0,0.0,1.0,5.354497
1,A_recon,unseen_distractor_hues,14,-0.2277336,0.0,0.0,1.0,5.91026
1,A_recon,unseen_distractor_hues,15,-0.4037429,0.0,0.0,0.0,9.601869
1,A_recon,unseen_distractor_hues,16,-0.18071026,0.0,0.0,1.0,7.400144
1,A_recon,unseen_distractor_hues,17,-0.18871062,0.0,0.0,1.0,7.7044086
1,A_recon,unseen_distractor_hues,18,-0.29544532,0.0,0.0,1.0,7.5454187
1,A_recon,unseen_distractor_hues,19,-0.2975674,0.0,0.0,1.0,2.3519697
1,A_recon,unseen_distractor_hues,20,-0.23159464,0.0,0.0,0.0,7.9762073
1,A_recon,unseen_distractor_hues,21,-0.028273176,0.0,0.1111111111111111,1.0,4.595892
1,A_recon,unseen_distractor_hues,22,0.0057419324,0.0,0.0,1.0,2.4877648
1,A_recon,unseen_distractor_hues,23,0.030019019,0.0,0.2222222222222222,1.0,5.5560074
1,A_recon,unseen_distractor_hues,24,0.035458643,0.0,0.26666666666666666,1.0,2.88826
1,A_recon,unseen_distractor_hues,25,-0.46671113,0.0,0.0,0.0,16.43218
1,A_recon,unseen_distractor_hues,26,-0.069413066,0.0,0.0,0.0,6.0448194
1,A_recon,unseen_distractor_hues,27,-0.13002615,0.0,0.0,1.0,5.189563
1,A_recon,unseen_distractor_hues,28,0.013520964,0.0,0.1111111111111111,1.0,3.5923703
1,A_recon,unseen_distractor_hues,29,-0.338767,0.0,0.0,1.0,11.184172
1,A_recon,unseen_distractor_hues,30,-0.31313652,0.0,0.0,1.0,7.807317
1,A_recon,unseen_distractor_hues,31,-0.22004725,0.0,0.0,1.0,5.0985665
1,A_recon,unseen_distractor_hues,32,-0.38307,0.0,0.0,1.0,4.258008
1,A_recon,unseen_distractor_hues,33,-0.19614138,0.0,0.0,1.0,5.8956113
1,A_recon,unseen_distractor_hues,34,-0.09326593,0.0,0.0,1.0,1.7224177
1,A_recon,unseen_distractor_hues,35,-0.16801828,0.0,0.0,1.0,5.6080494
1,A_recon,unseen_distractor_hues,36,-0.15143397,0.0,0.0,1.0,4.776063
1,A_recon,unseen_distractor_hues,37,-0.37922722,0.0,0.0,0.0,7.5749164
1,A_recon,unseen_distractor_hues,38,-0.2682544,0.0,0.0,1.0,9.449135
1,A_recon,unseen_distractor_hues,39,-0.18595907,1.0,0.1111111111111111,1.0,1.2763683
1,A_recon,unseen_distractor_hues,40,-0.29046312,0.0,0.0,1.0,7.341658
1,A_recon,unseen_distractor_hues,41,-0.03383214,0.0,0.1111111111111111,1.0,3.9902198
1,A_recon,unseen_distractor_hues,42,-0.11322232,0.0,0.0,1.0,2.9658558
1,A_recon,unseen_distractor_hues,43,-0.032026157,0.0,0.0,1.0,2.28316
1,A_recon,unseen_distractor_hues,44,-0.09310763,0.0,0.0,1.0,2.0849407
1,A_recon,unseen_distractor_hues,45,-0.14553006,0.0,0.0,1.0,3.7918074
1,A_recon,unseen_distractor_hues,46,-0.33187643,0.0,0.0,1.0,4.9684505
1,A_recon,unseen_distractor_hues,47,-0.17398869,0.0,0.0,1.0,5.239605
1,A_recon,unseen_distractor_hues,48,-0.22688872,0.0,0.0,1.0,4.7415195
1,A_recon,unseen_distractor_hues,49,-0.33727065,0.0,0.0,0.0,13.354546
1,A_recon,unseen_distractor_hues,50,-0.20630364,0.0,0.0,1.0,5.9933915
1,A_recon,unseen_distractor_hues,51,-0.35432076,0.0,0.0,1.0,3.8142278
1,A_recon,unseen_distractor_hues,52,-0.20160423,0.0,0.0,0.0,7.9215355
1,A_recon,unseen_distractor_hues,53,-0.20903829,0.0,0.0,1.0,4.675959
1,A_recon,unseen_distractor_hues,54,0.031406075,0.0,0.0,1.0,1.7643219
1,A_recon,unseen_distractor_hues,55,-0.28598827,0.0,0.0,1.0,5.0454955
1,A_recon,unseen_distractor_hues,56,0.14977305,0.0,0.26666666666666666,1.0,2.9091675
1,A_recon,unseen_distractor_hues,57,-0.3902622,0.0,0.0,1.0,3.4625113
1,A_recon,unseen_distractor_hues,58,-0.23873375,0.0,0.0,1.0,8.202937
1,A_recon,unseen_distractor_hues,59,-0.2890422,0.0,0.0,1.0,7.798741
1,A_recon,unseen_distractor_hues,60,-0.29288054,0.0,0.0,1.0,2.0978107
1,A_recon,unseen_distractor_hues,61,-0.27384558,0.0,0.0,1.0,9.158959
1,A_recon,unseen_distractor_hues,62,-0.33131507,0.0,0.0,1.0,10.338744
1,A_recon,unseen_distractor_hues,63,-0.22879958,0.0,0.0,1.0,6.2538614
1,A_recon,unseen_distractor_hues,64,-0.26890734,0.0,0.0,1.0,3.949592
1,A_recon,unseen_distractor_hues,65,0.29836202,1.0,0.7111111111111111,1.0,0.40594643
1,A_recon,unseen_distractor_hues,66,0.020915642,0.0,0.15555555555555556,1.0,4.080845
1,A_recon,unseen_distractor_hues,67,-0.023087723,0.0,0.0,1.0,1.903042
1,A_recon,unseen_distractor_hues,68,-0.38322788,0.0,0.0,1.0,2.2972426
1,A_recon,unseen_distractor_hues,69,-0.14588718,0.0,0.0,1.0,4.259067
1,A_recon,unseen_distractor_hues,70,-0.18506067,0.0,0.0,1.0,5.5835776
1,A_recon,unseen_distractor_hues,71,-0.3253316,0.0,0.0,1.0,4.5871816
1,A_recon,unseen_distractor_hues,72,-0.0070039635,0.0,0.08888888888888889,1.0,4.709922
1,A_recon,unseen_distractor_hues,73,-0.20266196,0.0,0.0,1.0,6.7312555
1,A_recon,unseen_distractor_hues,74,-0.2977003,0.0,0.0,1.0,6.9533
1,A_recon,unseen_distractor_hues,75,-0.2704694,0.0,0.0,1.0,7.050555
1,A_recon,unseen_distractor_hues,76,-0.18075337,0.0,0.0,1.0,5.550514
1,A_recon,unseen_distractor_hues,77,-0.3561832,0.0,0.0,1.0,5.2199244
1,A_recon,unseen_distractor_hues,78,-0.14055967,0.0,0.0,1.0,3.3426912
1,A_recon,unseen_distractor_hues,79,-0.08103252,0.0,0.0,1.0,3.2061818
1,A_recon,unseen_distractor_hues,80,-0.33079693,0.0,0.0,1.0,3.1453495
1,A_recon,unseen_distractor_hues,81,-0.2996882,0.0,0.0,1.0,6.293426
1,A_recon,unseen_distractor_hues,82,-0.21638234,0.0,0.0,1.0,4.4972925
1,A_recon,unseen_distractor_hues,83,-0.30576134,0.0,0.0,1.0,4.033865
1,A_recon,unseen_distractor_hues,84,-0.25547805,0.0,0.0,1.0,6.099954
1,A_recon,unseen_distractor_hues,85,-0.28120577,1.0,0.022222222222222223,1.0,1.511702
1,A_recon,unseen_distractor_hues,86,-0.31081718,0.0,0.0,0.0,9.224485
1,A_recon,unseen_distractor_hues,87,-0.17819968,0.0,0.0,1.0,6.9734254
1,A_recon,unseen_distractor_hues,88,0.13409829,0.0,0.35555555555555557,1.0,2.796839
1,A_recon,unseen_distractor_hues,89,-0.22065854,0.0,0.0,1.0,7.9319787
1,A_recon,unseen_distractor_hues,90,-0.19392818,1.0,0.13333333333333333,1.0,1.1962581
1,A_recon,unseen_distractor_hues,91,-0.21564573,1.0,0.2222222222222222,1.0,1.0531039
1,A_recon,unseen_distractor_hues,92,-0.13226824,0.0,0.0,1.0,2.073373
1,A_recon,unseen_distractor_hues,93,-0.31091452,0.0,0.0,1.0,6.2931156
1,A_recon,unseen_distractor_hues,94,-0.24264164,0.0,0.0,1.0,8.975782
1,A_recon,unseen_distractor_hues,95,-0.3076924,0.0,0.0,1.0,7.3052073
1,A_recon,unseen_distractor_hues,96,-0.37706402,0.0,0.0,0.0,8.797936
1,A_recon,unseen_distractor_hues,97,-0.115793355,0.0,0.0,1.0,3.0346482
1,A_recon,unseen_distractor_hues,98,-0.18874986,0.0,0.0,1.0,7.4734125
1,A_recon,unseen_distractor_hues,99,-0.24371126,0.0,0.0,1.0,2.8836818
1,A_recon,heavy_pixel_noise,0,-0.24296857,0.0,0.0,1.0,7.2891965
1,A_recon,heavy_pixel_noise,1,-0.15029918,0.0,0.0,1.0,3.4992466
1,A_recon,heavy_pixel_noise,2,-0.26039067,0.0,0.0,1.0,3.1527267
1,A_recon,heavy_pixel_noise,3,-0.270383,0.0,0.0,1.0,5.8062115
1,A_recon,heavy_pixel_noise,4,-0.105812505,0.0,0.0,1.0,3.435767
1,A_recon,heavy_pixel_noise,5,-0.4632935,0.0,0.0,1.0,13.010758
1,A_recon,heavy_pixel_noise,6,0.14507264,1.0,0.5333333333333333,1.0,0.37143466
1,A_recon,heavy_pixel_noise,7,-0.32725728,0.0,0.0,1.0,3.666851
1,A_recon,heavy_pixel_noise,8,-0.28530058,0.0,0.0,1.0,5.2096424
1,A_recon,heavy_pixel_noise,9,-0.12046508,0.0,0.06666666666666667,1.0,3.7274601
1,A_recon,heavy_pixel_noise,10,-0.32375142,0.0,0.0,1.0,7.50894
1,A_recon,heavy_pixel_noise,11,-0.34329656,0.0,0.0,1.0,3.4631064
1,A_recon,heavy_pixel_noise,12,-0.28191352,0.0,0.0,1.0,8.776151
1,A_recon,heavy_pixel_noise,13,-0.38950357,0.0,0.0,1.0,6.8942604
1,A_recon,heavy_pixel_noise,14,-0.117362626,0.0,0.0,1.0,2.2762408
1,A_recon,heavy_pixel_noise,15,-0.3729724,0.0,0.0,1.0,6.8794255
1,A_recon,heavy_pixel_noise,16,-0.17113549,0.0,0.0,1.0,6.597308
1,A_recon,heavy_pixel_noise,17,-0.1709643,0.0,0.0,1.0,6.3816915
1,A_recon,heavy_pixel_noise,18,-0.26384893,0.0,0.0,1.0,4.8514576
1,A_recon,heavy_pixel_noise,19,-0.23515934,1.0,0.13333333333333333,1.0,1.2273871
1,A_recon,heavy_pixel_noise,20,-0.22665617,0.0,0.0,0.0,8.2659445
1,A_recon,heavy_pixel_noise,21,-0.03999123,0.0,0.0,1.0,4.116752
1,A_recon,heavy_pixel_noise,22,-0.13597716,0.0,0.0,1.0,6.028434
1,A_recon,heavy_pixel_noise,23,-0.012727772,0.0,0.17777777777777778,1.0,6.45163
1,A_recon,heavy_pixel_noise,24,0.03584522,0.0,0.26666666666666666,1.0,2.8335845
1,A_recon,heavy_pixel_noise,25,-0.28833374,0.0,0.0,0.0,9.105585
1,A_recon,heavy_pixel_noise,26,-0.12143551,0.0,0.0,1.0,5.9691525
1,A_recon,heavy_pixel_noise,27,-0.1841534,0.0,0.0,0.0,7.8086004
1,A_recon,heavy_pixel_noise,28,0.087608166,0.0,0.17777777777777778,1.0,2.209411
1,A_recon,heavy_pixel_noise,29,-0.28067803,0.0,0.0,1.0,5.629063
1,A_recon,heavy_pixel_noise,30,-0.28509128,0.0,0.0,1.0,6.8506923
1,A_recon,heavy_pixel_noise,31,-0.264739,0.0,0.0,0.0,6.829896
1,A_recon,heavy_pixel_noise,32,-0.38258445,0.0,0.0,1.0,4.0301886
1,A_recon,heavy_pixel_noise,33,-0.20120937,0.0,0.0,1.0,5.732256
1,A_recon,heavy_pixel_noise,34,-0.0014000515,1.0,0.35555555555555557,1.0,0.29950836
1,A_recon,heavy_pixel_noise,35,0.08832832,0.0,0.3333333333333333,1.0,2.1581519
1,A_recon,heavy_pixel_noise,36,-0.13542406,0.0,0.0,1.0,4.7543755
1,A_recon,heavy_pixel_noise,37,-0.31246373,0.0,0.0,1.0,3.7182405
1,A_recon,heavy_pixel_noise,38,-0.19658561,0.0,0.0,1.0,4.3910007
1,A_recon,heavy_pixel_noise,39,-0.13964292,1.0,0.2222222222222222,1.0,1.2439684
1,A_recon,heavy_pixel_noise,40,-0.1884552,0.0,0.0,1.0,3.4803202
1,A_recon,heavy_pixel_noise,41,-0.1801953,0.0,0.0,1.0,4.7018213
1,A_recon,heavy_pixel_noise,42,-0.19418499,0.0,0.0,1.0,3.7792556
1,A_recon,heavy_pixel_noise,43,-0.012055096,0.0,0.0,1.0,2.7754126
1,A_recon,heavy_pixel_noise,44,-0.18928185,0.0,0.0,1.0,3.85535
1,A_recon,heavy_pixel_noise,45,-0.07559614,0.0,0.0,1.0,2.0071132
1,A_recon,heavy_pixel_noise,46,-0.35110015,0.0,0.0,1.0,5.8080516
1,A_recon,heavy_pixel_noise,47,-0.23551708,0.0,0.0,1.0,8.109563
1,A_recon,heavy_pixel_noise,48,-0.21571937,0.0,0.0,1.0,4.2984233
1,A_recon,heavy_pixel_noise,49,-0.2086251,0.0,0.0,1.0,5.5080256
1,A_recon,heavy_pixel_noise,50,-0.20634437,0.0,0.0,1.0,5.7384906
1,A_recon,heavy_pixel_noise,51,-0.3478232,0.0,0.0,1.0,2.4815676
1,A_recon,heavy_pixel_noise,52,-0.21377222,0.0,0.0,0.0,7.4796863
1,A_recon,heavy_pixel_noise,53,-0.21518385,0.0,0.0,1.0,4.705412
1,A_recon,heavy_pixel_noise,54,-0.030056767,0.0,0.0,1.0,3.0472329
1,A_recon,heavy_pixel_noise,55,-0.30864188,0.0,0.0,1.0,6.3893304
1,A_recon,heavy_pixel_noise,56,0.14607063,0.0,0.15555555555555556,1.0,2.538729
1,A_recon,heavy_pixel_noise,57,-0.42186475,0.0,0.0,1.0,4.6599913
1,A_recon,heavy_pixel_noise,58,-0.26196975,0.0,0.0,0.0,9.107751
1,A_recon,heavy_pixel_noise,59,-0.4440358,0.0,0.0,0.0,14.087503
1,A_recon,heavy_pixel_noise,60,-0.37302953,0.0,0.0,1.0,4.812131
1,A_recon,heavy_pixel_noise,61,0.011449406,1.0,0.24444444444444444,1.0,1.0979618
1,A_recon,heavy_pixel_noise,62,-0.30290902,0.0,0.0,1.0,8.685479
1,A_recon,heavy_pixel_noise,63,-0.24019793,0.0,0.0,1.0,6.8315763
1,A_recon,heavy_pixel_noise,64,-0.34083888,0.0,0.0,1.0,5.8988385
1,A_recon,heavy_pixel_noise,65,-0.038635757,0.0,0.0,1.0,4.1156187
1,A_recon,heavy_pixel_noise,66,-0.13395017,0.0,0.0,1.0,7.5824776
1,A_recon,heavy_pixel_noise,67,-0.159725,0.0,0.0,1.0,4.7752666
1,A_recon,heavy_pixel_noise,68,-0.39757484,0.0,0.0,1.0,2.3544393
1,A_recon,heavy_pixel_noise,69,-0.1758514,0.0,0.0,1.0,4.387154
1,A_recon,heavy_pixel_noise,70,-0.25594947,0.0,0.0,1.0,8.751721
1,A_recon,heavy_pixel_noise,71,-0.37446502,0.0,0.0,1.0,6.9191666
1,A_recon,heavy_pixel_noise,72,0.15681364,0.0,0.28888888888888886,1.0,2.670352
1,A_recon,heavy_pixel_noise,73,-0.11381895,0.0,0.0,1.0,5.1155553
1,A_recon,heavy_pixel_noise,74,-0.3054184,0.0,0.0,1.0,6.9416738
1,A_recon,heavy_pixel_noise,75,-0.33907726,0.0,0.0,1.0,10.584583
1,A_recon,heavy_pixel_noise,76,-0.2017904,0.0,0.0,1.0,6.0994115
1,A_recon,heavy_pixel_noise,77,-0.38336837,0.0,0.0,1.0,6.6124554
1,A_recon,heavy_pixel_noise,78,-0.15582116,0.0,0.0,1.0,3.205737
1,A_recon,heavy_pixel_noise,79,-0.24818762,0.0,0.0,1.0,9.720028
1,A_recon,heavy_pixel_noise,80,-0.31171066,0.0,0.0,1.0,3.2086403
1,A_recon,heavy_pixel_noise,81,-0.31216344,0.0,0.0,1.0,3.586847
1,A_recon,heavy_pixel_noise,82,-0.00049293705,1.0,0.37777777777777777,1.0,0.19778651
1,A_recon,heavy_pixel_noise,83,-0.30595592,1.0,0.022222222222222223,1.0,1.460663
1,A_recon,heavy_pixel_noise,84,-0.2673217,0.0,0.0,1.0,5.1559777
1,A_recon,heavy_pixel_noise,85,-0.24048163,0.0,0.0,1.0,2.2247283
1,A_recon,heavy_pixel_noise,86,-0.28454566,0.0,0.0,1.0,8.203229
1,A_recon,heavy_pixel_noise,87,-0.2056934,0.0,0.0,1.0,6.0576425
1,A_recon,heavy_pixel_noise,88,-0.027892245,0.0,0.13333333333333333,1.0,4.4035068
1,A_recon,heavy_pixel_noise,89,-0.21632148,0.0,0.0,1.0,8.026502
1,A_recon,heavy_pixel_noise,90,-0.32846743,0.0,0.0,1.0,5.0732336
1,A_recon,heavy_pixel_noise,91,-0.33123344,0.0,0.0,1.0,2.5798457
1,A_recon,heavy_pixel_noise,92,-0.14806058,0.0,0.0,1.0,2.1419334
1,A_recon,heavy_pixel_noise,93,-0.27082214,0.0,0.0,1.0,5.9845557
1,A_recon,heavy_pixel_noise,94,-0.22548519,0.0,0.0,1.0,8.94513
1,A_recon,heavy_pixel_noise,95,-0.27828544,0.0,0.0,1.0,5.8365874
1,A_recon,heavy_pixel_noise,96,-0.42130443,0.0,0.0,0.0,11.715184
1,A_recon,heavy_pixel_noise,97,-0.23248759,0.0,0.0,1.0,5.6063857
1,A_recon,heavy_pixel_noise,98,-0.20079288,0.0,0.0,1.0,7.063929
1,A_recon,heavy_pixel_noise,99,-0.31905025,0.0,0.0,1.0,5.7278814
1,B_task,in_distribution,0,0.08596168,0.0,0.24444444444444444,1.0,1.8600174
1,B_task,in_distribution,1,-0.13073996,0.0,0.044444444444444446,1.0,5.975967
1,B_task,in_distribution,2,-0.14464742,0.0,0.2,1.0,1.5659053
1,B_task,in_distribution,3,-0.07407453,0.0,0.0,1.0,2.5287921
1,B_task,in_distribution,4,-0.012021394,0.0,0.0,1.0,1.6168311
1,B_task,in_distribution,5,-0.32184333,0.0,0.0,1.0,5.04144
1,B_task,in_distribution,6,-0.1179931,0.0,0.044444444444444446,1.0,3.0912423
1,B_task,in_distribution,7,-0.24697658,0.0,0.0,1.0,2.778473
1,B_task,in_distribution,8,-0.09483753,1.0,0.26666666666666666,1.0,1.490216
1,B_task,in_distribution,9,-0.202519,0.0,0.0,1.0,4.2203555
1,B_task,in_distribution,10,-0.0904265,0.0,0.15555555555555556,1.0,2.152696
1,B_task,in_distribution,11,-0.17147647,1.0,0.2222222222222222,1.0,0.9261733
1,B_task,in_distribution,12,-0.22211301,0.0,0.0,1.0,6.9044423
1,B_task,in_distribution,13,-0.34084305,0.0,0.0,1.0,5.435999
1,B_task,in_distribution,14,0.044971645,1.0,0.4222222222222222,1.0,1.4737188
1,B_task,in_distribution,15,-0.2065522,1.0,0.13333333333333333,1.0,1.2276144
1,B_task,in_distribution,16,-0.119728364,0.0,0.0,1.0,4.004179
1,B_task,in_distribution,17,-0.1307427,0.0,0.0,1.0,5.9451466
1,B_task,in_distribution,18,-0.138425,0.0,0.0,1.0,1.5952848
1,B_task,in_distribution,19,-0.124703854,1.0,0.3333333333333333,1.0,1.0048826
1,B_task,in_distribution,20,-0.15602508,0.0,0.0,1.0,3.3907323
1,B_task,in_distribution,21,-0.08783602,0.0,0.0,1.0,2.1354303
1,B_task,in_distribution,22,-0.030985372,0.0,0.0,1.0,1.7298926
1,B_task,in_distribution,23,0.09449609,0.0,0.17777777777777778,1.0,1.8655387
1,B_task,in_distribution,24,0.07010284,1.0,0.4888888888888889,1.0,1.5219069
1,B_task,in_distribution,25,-0.27135575,0.0,0.0,1.0,2.7904189
1,B_task,in_distribution,26,-0.04912543,0.0,0.0,1.0,4.4319654
1,B_task,in_distribution,27,-0.11473335,0.0,0.0,1.0,4.236955
1,B_task,in_distribution,28,-0.0136274155,0.0,0.13333333333333333,1.0,2.9417503
1,B_task,in_distribution,29,-0.12268606,0.0,0.0,1.0,2.2954655
1,B_task,in_distribution,30,-0.23470391,0.0,0.0,1.0,4.2217736
1,B_task,in_distribution,31,-0.09787324,0.0,0.0,1.0,2.7776833
1,B_task,in_distribution,32,-0.3263297,0.0,0.0,1.0,3.2258224
1,B_task,in_distribution,33,-0.18549451,0.0,0.0,1.0,3.9356015
1,B_task,in_distribution,34,0.027850773,1.0,0.4,1.0,0.38631725
1,B_task,in_distribution,35,-0.013374969,0.0,0.0,1.0,2.6987033
1,B_task,in_distribution,36,-0.14708583,0.0,0.0,1.0,3.4032397
1,B_task,in_distribution,37,-0.24771847,0.0,0.0,1.0,1.8717533
1,B_task,in_distribution,38,-0.18098238,0.0,0.0,1.0,4.0867333
1,B_task,in_distribution,39,-0.21752864,0.0,0.0,1.0,2.8058605
1,B_task,in_distribution,40,-0.056479502,0.0,0.0,1.0,1.6203325
1,B_task,in_distribution,41,-0.045459896,0.0,0.13333333333333333,1.0,3.2277515
1,B_task,in_distribution,42,0.13525452,1.0,0.4666666666666667,1.0,1.0414544
1,B_task,in_distribution,43,-0.013491863,0.0,0.2,1.0,3.6337101
1,B_task,in_distribution,44,-0.11863449,0.0,0.022222222222222223,1.0,3.7331994
1,B_task,in_distribution,45,-0.045177564,1.0,0.06666666666666667,1.0,1.5154533
1,B_task,in_distribution,46,-0.2311444,0.0,0.0,1.0,2.1358726
1,B_task,in_distribution,47,-0.15872836,0.0,0.0,1.0,5.57035
1,B_task,in_distribution,48,-0.065937676,0.0,0.17777777777777778,1.0,2.9618313
1,B_task,in_distribution,49,-0.10501187,0.0,0.0,1.0,2.518853
1,B_task,in_distribution,50,-0.17519176,0.0,0.0,1.0,6.841412
1,B_task,in_distribution,51,-0.35781783,0.0,0.0,1.0,4.815544
1,B_task,in_distribution,52,0.07380793,1.0,0.3111111111111111,1.0,1.1751692
1,B_task,in_distribution,53,-0.09829521,0.0,0.0,1.0,2.3481972
1,B_task,in_distribution,54,-0.07430734,0.0,0.0,1.0,3.4530344
1,B_task,in_distribution,55,-0.09171804,1.0,0.3111111111111111,1.0,1.4577585
1,B_task,in_distribution,56,0.09304019,0.0,0.2222222222222222,1.0,3.2152011
1,B_task,in_distribution,57,-0.36618054,0.0,0.0,1.0,2.4568474
1,B_task,in_distribution,58,-0.12857255,0.0,0.0,1.0,2.3550663
1,B_task,in_distribution,59,-0.16232324,0.0,0.0,1.0,2.4196718
1,B_task,in_distribution,60,-0.3311408,0.0,0.0,1.0,4.353394
1,B_task,in_distribution,61,-0.123336665,0.0,0.0,1.0,2.5209718
1,B_task,in_distribution,62,-0.19895844,0.0,0.0,1.0,3.358039
1,B_task,in_distribution,63,-0.22816668,0.0,0.0,1.0,6.8219094
1,B_task,in_distribution,64,-0.28911638,0.0,0.0,1.0,4.6836085
1,B_task,in_distribution,65,0.01163072,0.0,0.0,1.0,2.7577348
1,B_task,in_distribution,66,-0.11135667,0.0,0.0,1.0,6.424594
1,B_task,in_distribution,67,0.17774858,1.0,0.6444444444444445,1.0,0.86661816
1,B_task,in_distribution,68,-0.32105473,0.0,0.0,1.0,2.0161583
1,B_task,in_distribution,69,-0.08732759,0.0,0.0,1.0,2.9644938
1,B_task,in_distribution,70,0.08032826,1.0,0.28888888888888886,1.0,1.1083153
1,B_task,in_distribution,71,-0.24130097,0.0,0.0,1.0,2.11444
1,B_task,in_distribution,72,0.2488288,0.0,0.5111111111111111,1.0,2.0804095
1,B_task,in_distribution,73,-0.15206473,0.0,0.0,1.0,3.257197
1,B_task,in_distribution,74,-0.10285283,0.0,0.13333333333333333,1.0,2.5770895
1,B_task,in_distribution,75,0.08562994,1.0,0.4444444444444444,1.0,0.6253363
1,B_task,in_distribution,76,-0.112184644,0.0,0.0,1.0,2.657268
1,B_task,in_distribution,77,-0.31568223,0.0,0.0,1.0,3.8735
1,B_task,in_distribution,78,-0.16903502,0.0,0.0,1.0,3.5054185
1,B_task,in_distribution,79,-0.052294794,0.0,0.0,1.0,2.251251
1,B_task,in_distribution,80,-0.28524217,0.0,0.0,1.0,2.2594883
1,B_task,in_distribution,81,-0.25874546,0.0,0.0,1.0,4.6636553
1,B_task,in_distribution,82,-0.24662414,0.0,0.0,1.0,4.1733394
1,B_task,in_distribution,83,-0.25122568,0.0,0.0,1.0,1.7982563
1,B_task,in_distribution,84,-0.29951772,0.0,0.0,1.0,7.7353063
1,B_task,in_distribution,85,-0.32017305,0.0,0.0,1.0,2.0508282
1,B_task,in_distribution,86,-0.21032088,0.0,0.0,1.0,4.0138173
1,B_task,in_distribution,87,-0.076079085,0.0,0.0,1.0,2.46621
1,B_task,in_distribution,88,0.14084443,1.0,0.35555555555555557,1.0,1.0515994
1,B_task,in_distribution,89,-0.18692711,0.0,0.0,1.0,3.699648
1,B_task,in_distribution,90,-0.18938622,0.0,0.0,1.0,1.5861353
1,B_task,in_distribution,91,-0.31348458,0.0,0.0,1.0,3.229747
1,B_task,in_distribution,92,-0.07925014,0.0,0.0,1.0,2.6879928
1,B_task,in_distribution,93,-0.23952605,0.0,0.0,1.0,5.472067
1,B_task,in_distribution,94,-0.2191421,0.0,0.0,1.0,9.05842
1,B_task,in_distribution,95,-0.21397755,0.0,0.0,1.0,3.5091891
1,B_task,in_distribution,96,-0.08278487,0.0,0.2222222222222222,1.0,2.0187182
1,B_task,in_distribution,97,0.058939606,1.0,0.4666666666666667,1.0,1.3101473
1,B_task,in_distribution,98,-0.10134949,0.0,0.0,1.0,4.0963335
1,B_task,in_distribution,99,-0.067512445,0.0,0.2,1.0,1.6179063
1,B_task,4_distractors,0,0.09983713,0.0,0.4222222222222222,1.0,1.7938863
1,B_task,4_distractors,1,-0.09726926,0.0,0.1111111111111111,1.0,5.4723034
1,B_task,4_distractors,2,-0.14847083,1.0,0.2,1.0,1.4488978
1,B_task,4_distractors,3,-0.045728955,1.0,0.24444444444444444,1.0,1.5499074
1,B_task,4_distractors,4,-0.04689971,0.0,0.0,1.0,2.039588
1,B_task,4_distractors,5,-0.330764,0.0,0.0,1.0,5.878585
1,B_task,4_distractors,6,-0.11961154,0.0,0.08888888888888889,1.0,3.4488978
1,B_task,4_distractors,7,-0.2624939,0.0,0.0,1.0,3.5877347
1,B_task,4_distractors,8,-0.12637521,1.0,0.17777777777777778,1.0,1.437565
1,B_task,4_distractors,9,-0.1801163,0.0,0.0,1.0,4.5731735
1,B_task,4_distractors,10,-0.076145895,1.0,0.35555555555555557,1.0,1.5023673
1,B_task,4_distractors,11,-0.16430105,1.0,0.24444444444444444,1.0,1.1012481
1,B_task,4_distractors,12,-0.18897492,0.0,0.0,1.0,5.621509
1,B_task,4_distractors,13,-0.3131645,0.0,0.0,1.0,4.8671427
1,B_task,4_distractors,14,0.03852788,1.0,0.35555555555555557,1.0,0.8033296
1,B_task,4_distractors,15,-0.27623847,0.0,0.0,1.0,1.6988313
1,B_task,4_distractors,16,-0.10882127,0.0,0.0,1.0,3.7333918
1,B_task,4_distractors,17,-0.11703955,0.0,0.0,1.0,5.9130363
1,B_task,4_distractors,18,-0.17707385,0.0,0.0,1.0,2.1806638
1,B_task,4_distractors,19,-0.15882339,0.0,0.15555555555555556,1.0,2.3297877
1,B_task,4_distractors,20,-0.112196274,0.0,0.0,1.0,2.9659982
1,B_task,4_distractors,21,-0.08102788,0.0,0.0,1.0,2.2780669
1,B_task,4_distractors,22,0.023266418,0.0,0.0,1.0,1.593069
1,B_task,4_distractors,23,0.06905706,0.0,0.15555555555555556,1.0,2.1393683
1,B_task,4_distractors,24,0.06927966,0.0,0.4888888888888889,1.0,1.5596166
1,B_task,4_distractors,25,-0.25281864,0.0,0.0,1.0,1.8238406
1,B_task,4_distractors,26,-0.11696422,0.0,0.0,1.0,5.3186245
1,B_task,4_distractors,27,-0.14412558,0.0,0.0,1.0,4.59691
1,B_task,4_distractors,28,-0.0043554734,0.0,0.13333333333333333,1.0,3.07701
1,B_task,4_distractors,29,-0.122252434,0.0,0.0,1.0,2.795899
1,B_task,4_distractors,30,-0.24271311,0.0,0.0,1.0,4.3685484
1,B_task,4_distractors,31,-0.1118271,0.0,0.0,1.0,2.5930452
1,B_task,4_distractors,32,-0.3457677,0.0,0.0,1.0,3.7656372
1,B_task,4_distractors,33,-0.16736749,0.0,0.0,1.0,3.9777946
1,B_task,4_distractors,34,0.017067622,1.0,0.4222222222222222,1.0,0.8989218
1,B_task,4_distractors,35,-0.037549317,0.0,0.0,1.0,2.6754956
1,B_task,4_distractors,36,-0.1172539,0.0,0.0,1.0,3.1991177
1,B_task,4_distractors,37,-0.2822921,0.0,0.0,1.0,2.5861783
1,B_task,4_distractors,38,-0.19539973,0.0,0.0,1.0,4.680444
1,B_task,4_distractors,39,-0.25272402,0.0,0.0,1.0,3.3769999
1,B_task,4_distractors,40,-0.042386226,0.0,0.0,1.0,1.7480909
1,B_task,4_distractors,41,0.00074882293,0.0,0.13333333333333333,1.0,2.4504924
1,B_task,4_distractors,42,0.12309972,1.0,0.4444444444444444,1.0,0.75205684
1,B_task,4_distractors,43,-0.057142347,0.0,0.13333333333333333,1.0,4.5069513
1,B_task,4_distractors,44,-0.12701061,0.0,0.0,1.0,3.8486714
1,B_task,4_distractors,45,0.0073373276,1.0,0.1111111111111111,1.0,1.1723611
1,B_task,4_distractors,46,-0.23100492,0.0,0.0,1.0,2.1502728
1,B_task,4_distractors,47,-0.16059469,0.0,0.0,1.0,5.47456
1,B_task,4_distractors,48,-0.08801635,0.0,0.15555555555555556,1.0,3.4321213
1,B_task,4_distractors,49,-0.093714185,0.0,0.0,1.0,2.2552214
1,B_task,4_distractors,50,-0.18174332,0.0,0.0,1.0,7.3237495
1,B_task,4_distractors,51,-0.3456416,0.0,0.0,1.0,3.8370955
1,B_task,4_distractors,52,0.06282229,1.0,0.28888888888888886,1.0,1.1743374
1,B_task,4_distractors,53,-0.10875529,0.0,0.0,1.0,2.6243913
1,B_task,4_distractors,54,-0.06056511,0.0,0.0,1.0,3.50283
1,B_task,4_distractors,55,-0.05198416,0.0,0.3333333333333333,1.0,1.5895823
1,B_task,4_distractors,56,0.080034226,0.0,0.2222222222222222,1.0,3.71704
1,B_task,4_distractors,57,-0.4052083,0.0,0.0,1.0,4.8193846
1,B_task,4_distractors,58,-0.08813571,0.0,0.0,1.0,2.1319795
1,B_task,4_distractors,59,-0.19315131,0.0,0.0,1.0,2.852263
1,B_task,4_distractors,60,-0.34784913,0.0,0.0,1.0,4.9676547
1,B_task,4_distractors,61,-0.02097867,0.0,0.0,1.0,1.6400048
1,B_task,4_distractors,62,-0.22685803,0.0,0.0,1.0,4.614194
1,B_task,4_distractors,63,-0.23206751,0.0,0.0,1.0,6.7120266
1,B_task,4_distractors,64,-0.3250803,0.0,0.0,1.0,5.438591
1,B_task,4_distractors,65,0.024341019,0.0,0.0,1.0,2.7857306
1,B_task,4_distractors,66,-0.09339835,0.0,0.0,1.0,5.841514
1,B_task,4_distractors,67,0.12327859,0.0,0.24444444444444444,1.0,2.0489318
1,B_task,4_distractors,68,-0.30765513,0.0,0.0,1.0,2.0052845
1,B_task,4_distractors,69,-0.07543533,0.0,0.0,1.0,3.1346617
1,B_task,4_distractors,70,0.09517693,1.0,0.5333333333333333,1.0,1.0136765
1,B_task,4_distractors,71,-0.26059228,0.0,0.0,1.0,2.6377723
1,B_task,4_distractors,72,0.024569625,0.0,0.17777777777777778,1.0,5.5409493
1,B_task,4_distractors,73,-0.16406171,0.0,0.0,1.0,3.8244567
1,B_task,4_distractors,74,-0.07043686,1.0,0.26666666666666666,1.0,0.53803325
1,B_task,4_distractors,75,0.06841512,1.0,0.4444444444444444,1.0,0.94852066
1,B_task,4_distractors,76,-0.03224303,0.0,0.0,1.0,2.6674087
1,B_task,4_distractors,77,-0.3103567,0.0,0.0,1.0,3.6275055
1,B_task,4_distractors,78,-0.16452102,0.0,0.0,1.0,3.1796942
1,B_task,4_distractors,79,0.05737912,0.0,0.2222222222222222,1.0,1.6417949
1,B_task,4_distractors,80,-0.2708099,0.0,0.0,1.0,1.9734583
1,B_task,4_distractors,81,-0.25256675,0.0,0.0,1.0,3.9615808
1,B_task,4_distractors,82,-0.24187878,0.0,0.0,1.0,3.7140896
1,B_task,4_distractors,83,-0.32973227,0.0,0.0,1.0,3.0697553
1,B_task,4_distractors,84,-0.30608755,0.0,0.0,1.0,7.8067737
1,B_task,4_distractors,85,-0.3086524,0.0,0.0,1.0,1.9086835
1,B_task,4_distractors,86,-0.21906653,0.0,0.0,1.0,4.1749673
1,B_task,4_distractors,87,0.001652156,0.0,0.0,1.0,1.9418498
1,B_task,4_distractors,88,0.13032174,0.0,0.26666666666666666,1.0,1.6551381
1,B_task,4_distractors,89,-0.13515925,0.0,0.0,1.0,2.4183075
1,B_task,4_distractors,90,-0.1626769,1.0,0.17777777777777778,1.0,1.2334851
1,B_task,4_distractors,91,-0.29801938,0.0,0.0,1.0,2.9581108
1,B_task,4_distractors,92,-0.09371617,0.0,0.0,1.0,2.5106564
1,B_task,4_distractors,93,-0.21600293,0.0,0.0,1.0,4.833989
1,B_task,4_distractors,94,-0.22065383,0.0,0.0,1.0,9.095503
1,B_task,4_distractors,95,-0.2051532,0.0,0.0,1.0,3.2289162
1,B_task,4_distractors,96,-0.023829,1.0,0.35555555555555557,1.0,0.9013663
1,B_task,4_distractors,97,0.029093917,1.0,0.4444444444444444,1.0,1.3133852
1,B_task,4_distractors,98,-0.113279864,0.0,0.0,1.0,4.1883817
1,B_task,4_distractors,99,-0.08587159,0.0,0.17777777777777778,1.0,1.9962196
1,B_task,fast_distractors,0,-0.025427485,0.0,0.0,1.0,2.286632
1,B_task,fast_distractors,1,-0.12930036,0.0,0.044444444444444446,1.0,5.835837
1,B_task,fast_distractors,2,-0.15256017,0.0,0.13333333333333333,1.0,1.610842
1,B_task,fast_distractors,3,-0.07338037,0.0,0.0,1.0,2.4511542
1,B_task,fast_distractors,4,-0.01003542,0.0,0.0,1.0,1.8244464
1,B_task,fast_distractors,5,-0.32669652,0.0,0.0,1.0,5.525829
1,B_task,fast_distractors,6,-0.12439893,0.0,0.08888888888888889,1.0,3.8605175
1,B_task,fast_distractors,7,-0.24177773,0.0,0.0,1.0,2.664601
1,B_task,fast_distractors,8,-0.11500492,0.0,0.0,1.0,1.7481503
1,B_task,fast_distractors,9,-0.17393646,0.0,0.0,1.0,3.9504733
1,B_task,fast_distractors,10,-0.10548762,0.0,0.1111111111111111,1.0,2.3722851
1,B_task,fast_distractors,11,-0.15902965,1.0,0.24444444444444444,1.0,0.40219906
1,B_task,fast_distractors,12,-0.23708308,0.0,0.0,1.0,6.747961
1,B_task,fast_distractors,13,-0.31417984,0.0,0.0,1.0,4.582513
1,B_task,fast_distractors,14,0.01202412,0.0,0.26666666666666666,1.0,1.7043247
1,B_task,fast_distractors,15,-0.21876405,1.0,0.1111111111111111,1.0,0.9699397
1,B_task,fast_distractors,16,-0.123655014,0.0,0.0,1.0,4.059504
1,B_task,fast_distractors,17,-0.12828815,0.0,0.0,1.0,5.949266
1,B_task,fast_distractors,18,-0.0621658,1.0,0.26666666666666666,1.0,0.5159714
1,B_task,fast_distractors,19,-0.12207333,1.0,0.35555555555555557,1.0,1.200643
1,B_task,fast_distractors,20,-0.1392541,0.0,0.0,1.0,2.9014432
1,B_task,fast_distractors,21,-0.09238576,0.0,0.0,1.0,2.2447288
1,B_task,fast_distractors,22,-0.05220456,0.0,0.0,1.0,1.9350541
1,B_task,fast_distractors,23,0.09972765,0.0,0.15555555555555556,1.0,1.8151699
1,B_task,fast_distractors,24,0.017219994,0.0,0.15555555555555556,1.0,2.1199274
1,B_task,fast_distractors,25,-0.2721451,0.0,0.0,1.0,3.1333542
1,B_task,fast_distractors,26,-0.05006732,0.0,0.0,1.0,4.380891
1,B_task,fast_distractors,27,-0.11493755,0.0,0.0,1.0,4.4054666
1,B_task,fast_distractors,28,-0.0042700646,0.0,0.13333333333333333,1.0,3.0877693
1,B_task,fast_distractors,29,-0.12120636,0.0,0.0,1.0,2.5623155
1,B_task,fast_distractors,30,-0.21948278,0.0,0.0,1.0,3.717577
1,B_task,fast_distractors,31,-0.1341422,0.0,0.0,1.0,3.0214643
1,B_task,fast_distractors,32,-0.33163434,0.0,0.0,1.0,3.4464083
1,B_task,fast_distractors,33,-0.17535107,0.0,0.0,1.0,3.9111636
1,B_task,fast_distractors,34,0.03814185,1.0,0.4444444444444444,1.0,0.48952973
1,B_task,fast_distractors,35,-0.0061095436,0.0,0.0,1.0,2.2691958
1,B_task,fast_distractors,36,-0.14213888,0.0,0.0,1.0,3.4402015
1,B_task,fast_distractors,37,-0.1850641,1.0,0.17777777777777778,1.0,0.80683124
1,B_task,fast_distractors,38,-0.19369908,0.0,0.0,1.0,4.259555
1,B_task,fast_distractors,39,-0.19179825,0.0,0.0,1.0,2.2928195
1,B_task,fast_distractors,40,-0.054051828,1.0,0.08888888888888889,1.0,1.4880981
1,B_task,fast_distractors,41,-0.04336745,0.0,0.1111111111111111,1.0,3.0193653
1,B_task,fast_distractors,42,0.133802,1.0,0.4444444444444444,1.0,0.94038105
1,B_task,fast_distractors,43,-0.012739269,0.0,0.17777777777777778,1.0,3.636875
1,B_task,fast_distractors,44,-0.10198438,0.0,0.06666666666666667,1.0,3.5891492
1,B_task,fast_distractors,45,-0.00049461855,1.0,0.24444444444444444,1.0,0.95439744
1,B_task,fast_distractors,46,-0.22588101,0.0,0.0,1.0,2.0158617
1,B_task,fast_distractors,47,-0.16092673,0.0,0.0,1.0,5.5140586
1,B_task,fast_distractors,48,-0.07626582,0.0,0.15555555555555556,1.0,3.1855397
1,B_task,fast_distractors,49,-0.102473564,0.0,0.0,1.0,2.3773031
1,B_task,fast_distractors,50,-0.17225084,0.0,0.0,1.0,6.57658
1,B_task,fast_distractors,51,-0.36591512,0.0,0.0,1.0,5.7512283
1,B_task,fast_distractors,52,0.052882977,1.0,0.24444444444444444,1.0,1.3464713
1,B_task,fast_distractors,53,-0.082713835,0.0,0.0,1.0,2.1481416
1,B_task,fast_distractors,54,-0.06990076,0.0,0.0,1.0,3.447909
1,B_task,fast_distractors,55,-0.07320785,0.0,0.28888888888888886,1.0,1.6787099
1,B_task,fast_distractors,56,0.10883088,0.0,0.2222222222222222,1.0,3.2418332
1,B_task,fast_distractors,57,-0.36493996,0.0,0.0,1.0,2.4319386
1,B_task,fast_distractors,58,-0.102391474,0.0,0.0,1.0,2.213044
1,B_task,fast_distractors,59,-0.15523608,0.0,0.0,1.0,2.4665565
1,B_task,fast_distractors,60,-0.34163383,0.0,0.0,1.0,4.3666267
1,B_task,fast_distractors,61,-0.123405285,0.0,0.0,1.0,2.5389037
1,B_task,fast_distractors,62,-0.17975937,0.0,0.0,1.0,3.0419378
1,B_task,fast_distractors,63,-0.22286251,0.0,0.0,1.0,6.3816013
1,B_task,fast_distractors,64,-0.28745544,0.0,0.0,1.0,4.6471095
1,B_task,fast_distractors,65,0.01814295,0.0,0.0,1.0,2.753516
1,B_task,fast_distractors,66,-0.09090775,0.0,0.0,1.0,5.970931
1,B_task,fast_distractors,67,0.19182687,1.0,0.6444444444444445,1.0,0.8868589
1,B_task,fast_distractors,68,-0.3146791,0.0,0.0,1.0,2.0866647
1,B_task,fast_distractors,69,-0.14037794,0.0,0.0,1.0,3.770221
1,B_task,fast_distractors,70,0.07831565,1.0,0.28888888888888886,1.0,1.2317194
1,B_task,fast_distractors,71,-0.17728606,1.0,0.1111111111111111,1.0,1.0571616
1,B_task,fast_distractors,72,0.36150682,1.0,0.8666666666666667,1.0,1.2392994
1,B_task,fast_distractors,73,-0.14456235,0.0,0.0,1.0,3.2387788
1,B_task,fast_distractors,74,-0.033988588,1.0,0.4,1.0,1.4159206
1,B_task,fast_distractors,75,0.07485001,1.0,0.4444444444444444,1.0,0.9779611
1,B_task,fast_distractors,76,-0.09714147,0.0,0.0,1.0,2.732459
1,B_task,fast_distractors,77,-0.26696232,0.0,0.0,1.0,2.59565
1,B_task,fast_distractors,78,-0.14559542,0.0,0.0,1.0,2.9930367
1,B_task,fast_distractors,79,-0.024933556,0.0,0.0,1.0,2.244254
1,B_task,fast_distractors,80,-0.2849087,0.0,0.0,1.0,2.2300928
1,B_task,fast_distractors,81,-0.24397387,0.0,0.0,1.0,3.5988264
1,B_task,fast_distractors,82,-0.2487529,0.0,0.0,1.0,4.198098
1,B_task,fast_distractors,83,-0.31872612,0.0,0.0,1.0,2.72696
1,B_task,fast_distractors,84,-0.28667995,0.0,0.0,1.0,7.1668034
1,B_task,fast_distractors,85,-0.28802422,0.0,0.0,1.0,1.5687053
1,B_task,fast_distractors,86,-0.21842645,0.0,0.0,1.0,4.1411695
1,B_task,fast_distractors,87,-0.04310944,0.0,0.0,1.0,1.7225571
1,B_task,fast_distractors,88,0.1393418,1.0,0.28888888888888886,1.0,1.467297
1,B_task,fast_distractors,89,-0.18578762,0.0,0.0,1.0,3.7230783
1,B_task,fast_distractors,90,-0.17940778,1.0,0.06666666666666667,1.0,1.4931018
1,B_task,fast_distractors,91,-0.29913557,0.0,0.0,1.0,3.0035849
1,B_task,fast_distractors,92,-0.06718783,0.0,0.0,1.0,2.6833766
1,B_task,fast_distractors,93,-0.2356066,0.0,0.0,1.0,5.2313905
1,B_task,fast_distractors,94,-0.22103596,0.0,0.0,1.0,9.016634
1,B_task,fast_distractors,95,-0.23221065,0.0,0.0,1.0,3.7580419
1,B_task,fast_distractors,96,-0.07102884,0.0,0.26666666666666666,1.0,1.7766185
1,B_task,fast_distractors,97,0.068915814,1.0,0.4444444444444444,1.0,0.85939384
1,B_task,fast_distractors,98,-0.11233673,0.0,0.0,1.0,4.301148
1,B_task,fast_distractors,99,-0.06208069,0.0,0.2,1.0,1.6865296
1,B_task,unseen_distractor_hues,0,0.10171066,1.0,0.35555555555555557,1.0,1.5236769
1,B_task,unseen_distractor_hues,1,-0.09732834,0.0,0.13333333333333333,1.0,5.682274
1,B_task,unseen_distractor_hues,2,-0.15668544,0.0,0.0,1.0,1.8153696
1,B_task,unseen_distractor_hues,3,-0.072257966,0.0,0.0,1.0,2.1973374
1,B_task,unseen_distractor_hues,4,-0.011977431,0.0,0.0,1.0,1.804214
1,B_task,unseen_distractor_hues,5,-0.319719,0.0,0.0,1.0,5.079519
1,B_task,unseen_distractor_hues,6,-0.11654824,0.0,0.08888888888888889,1.0,3.64636
1,B_task,unseen_distractor_hues,7,-0.24526475,0.0,0.0,1.0,2.806392
1,B_task,unseen_distractor_hues,8,-0.16439709,0.0,0.0,1.0,2.0844684
1,B_task,unseen_distractor_hues,9,-0.18706115,0.0,0.0,1.0,3.9795482
1,B_task,unseen_distractor_hues,10,-0.04659055,1.0,0.4222222222222222,1.0,1.4991387
1,B_task,unseen_distractor_hues,11,-0.14038286,1.0,0.26666666666666666,1.0,0.14434747
1,B_task,unseen_distractor_hues,12,-0.24739477,0.0,0.0,1.0,8.054156
1,B_task,unseen_distractor_hues,13,-0.3719921,0.0,0.0,1.0,6.9857373
1,B_task,unseen_distractor_hues,14,0.08625816,1.0,0.4444444444444444,1.0,1.1524863
1,B_task,unseen_distractor_hues,15,-0.22324373,1.0,0.08888888888888889,1.0,1.3116698
1,B_task,unseen_distractor_hues,16,-0.11639264,0.0,0.0,1.0,3.8443093
1,B_task,unseen_distractor_hues,17,-0.12039927,0.0,0.0,1.0,5.9423275
1,B_task,unseen_distractor_hues,18,-0.099716835,1.0,0.17777777777777778,1.0,0.9014598
1,B_task,unseen_distractor_hues,19,-0.13073052,1.0,0.35555555555555557,1.0,1.158725
1,B_task,unseen_distractor_hues,20,-0.08559479,0.0,0.0,1.0,2.065353
1,B_task,unseen_distractor_hues,21,-0.102100804,0.0,0.0,1.0,3.363082
1,B_task,unseen_distractor_hues,22,-0.05753384,0.0,0.0,1.0,1.8318763
1,B_task,unseen_distractor_hues,23,0.0752689,0.0,0.15555555555555556,1.0,2.1149418
1,B_task,unseen_distractor_hues,24,0.10849229,1.0,0.5333333333333333,1.0,1.3551958
1,B_task,unseen_distractor_hues,25,-0.27119863,0.0,0.0,1.0,2.8201132
1,B_task,unseen_distractor_hues,26,-0.06416328,0.0,0.0,1.0,4.503317
1,B_task,unseen_distractor_hues,27,-0.11665193,0.0,0.0,1.0,4.4896364
1,B_task,unseen_distractor_hues,28,-0.0234725,0.0,0.1111111111111111,1.0,2.9553692
1,B_task,unseen_distractor_hues,29,-0.0925169,0.0,0.0,1.0,2.4089446
1,B_task,unseen_distractor_hues,30,-0.23493555,0.0,0.0,1.0,3.877081
1,B_task,unseen_distractor_hues,31,-0.11448669,0.0,0.0,1.0,2.8003466
1,B_task,unseen_distractor_hues,32,-0.32423902,0.0,0.0,1.0,3.1081972
1,B_task,unseen_distractor_hues,33,-0.17794593,0.0,0.0,1.0,4.027243
1,B_task,unseen_distractor_hues,34,0.0011949791,1.0,0.37777777777777777,1.0,0.47506186
1,B_task,unseen_distractor_hues,35,0.006104462,0.0,0.0,1.0,2.5508208
1,B_task,unseen_distractor_hues,36,-0.14739376,0.0,0.0,1.0,3.7117577
1,B_task,unseen_distractor_hues,37,-0.28011024,0.0,0.0,1.0,2.3879762
1,B_task,unseen_distractor_hues,38,-0.19765255,0.0,0.0,1.0,4.3028173
1,B_task,unseen_distractor_hues,39,-0.21632384,0.0,0.0,1.0,2.6623585
1,B_task,unseen_distractor_hues,40,-0.03936009,0.0,0.08888888888888889,1.0,1.8126719
1,B_task,unseen_distractor_hues,41,-0.05296802,0.0,0.1111111111111111,1.0,3.26056
1,B_task,unseen_distractor_hues,42,0.11433825,1.0,0.4222222222222222,1.0,0.7555359
1,B_task,unseen_distractor_hues,43,-0.013064209,0.0,0.17777777777777778,1.0,3.4053233
1,B_task,unseen_distractor_hues,44,-0.11757921,0.0,0.044444444444444446,1.0,3.7128842
1,B_task,unseen_distractor_hues,45,-0.0042001633,1.0,0.2222222222222222,1.0,1.0786122
1,B_task,unseen_distractor_hues,46,-0.20159908,0.0,0.0,1.0,1.7125537
1,B_task,unseen_distractor_hues,47,-0.15664586,0.0,0.0,1.0,5.6852727
1,B_task,unseen_distractor_hues,48,-0.05218516,0.0,0.17777777777777778,1.0,2.627078
1,B_task,unseen_distractor_hues,49,-0.118239775,0.0,0.0,1.0,2.3985672
1,B_task,unseen_distractor_hues,50,-0.16940026,0.0,0.0,1.0,6.8440933
1,B_task,unseen_distractor_hues,51,-0.33607835,0.0,0.0,1.0,3.6003807
1,B_task,unseen_distractor_hues,52,0.041716184,1.0,0.2222222222222222,1.0,1.2888544
1,B_task,unseen_distractor_hues,53,-0.110913604,0.0,0.0,1.0,2.6173842
1,B_task,unseen_distractor_hues,54,-0.0664092,0.0,0.0,1.0,3.4647696
1,B_task,unseen_distractor_hues,55,-0.05984344,0.0,0.26666666666666666,1.0,1.9152124
1,B_task,unseen_distractor_hues,56,0.10988113,0.0,0.2222222222222222,1.0,3.1660903
1,B_task,unseen_distractor_hues,57,-0.36303985,0.0,0.0,1.0,2.3847737
1,B_task,unseen_distractor_hues,58,-0.1019772,0.0,0.0,1.0,2.3382726
1,B_task,unseen_distractor_hues,59,-0.22060063,0.0,0.0,1.0,3.8902175
1,B_task,unseen_distractor_hues,60,-0.34394237,0.0,0.0,1.0,4.364374
1,B_task,unseen_distractor_hues,61,-0.14238521,0.0,0.0,1.0,2.8563392
1,B_task,unseen_distractor_hues,62,-0.14518811,0.0,0.0,1.0,2.836059
1,B_task,unseen_distractor_hues,63,-0.22785841,0.0,0.0,1.0,6.8558073
1,B_task,unseen_distractor_hues,64,-0.28533146,0.0,0.0,1.0,4.610364
1,B_task,unseen_distractor_hues,65,0.0019220316,0.0,0.0,1.0,2.8853905
1,B_task,unseen_distractor_hues,66,-0.08839098,0.0,0.0,1.0,6.0453115
1,B_task,unseen_distractor_hues,67,0.23169789,1.0,0.6444444444444445,1.0,0.89807534
1,B_task,unseen_distractor_hues,68,-0.33266315,0.0,0.0,1.0,2.2470996
1,B_task,unseen_distractor_hues,69,-0.10411999,0.0,0.0,1.0,3.402943
1,B_task,unseen_distractor_hues,70,0.07678951,1.0,0.26666666666666666,1.0,1.185921
1,B_task,unseen_distractor_hues,71,-0.2532181,0.0,0.0,1.0,2.6599014
1,B_task,unseen_distractor_hues,72,0.35718334,1.0,0.8666666666666667,1.0,0.44582304
1,B_task,unseen_distractor_hues,73,-0.16759089,0.0,0.0,1.0,3.439031
1,B_task,unseen_distractor_hues,74,-0.037260614,1.0,0.4,1.0,1.5348499
1,B_task,unseen_distractor_hues,75,0.06595369,1.0,0.4222222222222222,1.0,0.757568
1,B_task,unseen_distractor_hues,76,-0.020507261,0.0,0.0,1.0,2.8970172
1,B_task,unseen_distractor_hues,77,-0.31194088,0.0,0.0,1.0,3.7444715
1,B_task,unseen_distractor_hues,78,-0.13579051,0.0,0.0,1.0,2.8190506
1,B_task,unseen_distractor_hues,79,-0.06685898,0.0,0.0,1.0,2.4466782
1,B_task,unseen_distractor_hues,80,-0.27560237,0.0,0.0,1.0,1.9252464
1,B_task,unseen_distractor_hues,81,-0.25931025,0.0,0.0,1.0,4.8149033
1,B_task,unseen_distractor_hues,82,-0.24790828,0.0,0.0,1.0,4.380178
1,B_task,unseen_distractor_hues,83,-0.27063045,0.0,0.0,1.0,2.011325
1,B_task,unseen_distractor_hues,84,-0.29888737,0.0,0.0,1.0,7.475126
1,B_task,unseen_distractor_hues,85,-0.27693766,1.0,0.044444444444444446,1.0,1.1080402
1,B_task,unseen_distractor_hues,86,-0.22520863,0.0,0.0,1.0,4.006145
1,B_task,unseen_distractor_hues,87,-0.060315445,0.0,0.0,1.0,2.3198256
1,B_task,unseen_distractor_hues,88,0.09797854,1.0,0.15555555555555556,1.0,1.3818728
1,B_task,unseen_distractor_hues,89,-0.18370923,0.0,0.0,1.0,3.753299
1,B_task,unseen_distractor_hues,90,-0.18632677,0.0,0.0,1.0,1.633332
1,B_task,unseen_distractor_hues,91,-0.30962205,0.0,0.0,1.0,3.0728753
1,B_task,unseen_distractor_hues,92,-0.07292739,0.0,0.0,1.0,2.6663187
1,B_task,unseen_distractor_hues,93,-0.23870152,0.0,0.0,1.0,5.31764
1,B_task,unseen_distractor_hues,94,-0.22420272,0.0,0.0,1.0,9.000738
1,B_task,unseen_distractor_hues,95,-0.23127773,0.0,0.0,1.0,4.1462426
1,B_task,unseen_distractor_hues,96,-0.05640499,0.0,0.3333333333333333,1.0,1.5866873
1,B_task,unseen_distractor_hues,97,0.0602839,1.0,0.4666666666666667,1.0,1.3132586
1,B_task,unseen_distractor_hues,98,-0.08382687,0.0,0.0,1.0,3.436088
1,B_task,unseen_distractor_hues,99,-0.06423612,0.0,0.2,1.0,1.6673884
1,B_task,heavy_pixel_noise,0,0.0042327316,0.0,0.0,1.0,2.4009488
1,B_task,heavy_pixel_noise,1,-0.071355484,0.0,0.0,1.0,4.158436
1,B_task,heavy_pixel_noise,2,-0.20875774,0.0,0.0,1.0,2.2548041
1,B_task,heavy_pixel_noise,3,-0.04607351,1.0,0.24444444444444444,1.0,1.4424243
1,B_task,heavy_pixel_noise,4,-0.018207368,0.0,0.0,1.0,1.6552793
1,B_task,heavy_pixel_noise,5,-0.3515053,0.0,0.0,1.0,5.9774413
1,B_task,heavy_pixel_noise,6,0.072179064,1.0,0.3111111111111111,1.0,1.3076771
1,B_task,heavy_pixel_noise,7,-0.25453946,0.0,0.0,1.0,2.9373028
1,B_task,heavy_pixel_noise,8,-0.18653128,0.0,0.0,1.0,1.8758105
1,B_task,heavy_pixel_noise,9,-0.1451757,0.0,0.0,1.0,2.8502753
1,B_task,heavy_pixel_noise,10,-0.08812843,0.0,0.15555555555555556,1.0,1.9281257
1,B_task,heavy_pixel_noise,11,-0.19167171,0.0,0.13333333333333333,1.0,2.0171473
1,B_task,heavy_pixel_noise,12,-0.28170544,0.0,0.0,1.0,8.266129
1,B_task,heavy_pixel_noise,13,-0.36901194,0.0,0.0,1.0,5.730304
1,B_task,heavy_pixel_noise,14,-0.12287051,0.0,0.0,1.0,2.079891
1,B_task,heavy_pixel_noise,15,-0.3097928,0.0,0.0,1.0,4.091244
1,B_task,heavy_pixel_noise,16,-0.12625033,0.0,0.0,1.0,4.149523
1,B_task,heavy_pixel_noise,17,-0.110128105,0.0,0.0,1.0,5.897008
1,B_task,heavy_pixel_noise,18,-0.02900769,1.0,0.3333333333333333,1.0,1.0622331
1,B_task,heavy_pixel_noise,19,-0.123712584,1.0,0.37777777777777777,1.0,1.4109594
1,B_task,heavy_pixel_noise,20,-0.19276921,0.0,0.0,1.0,4.4361887
1,B_task,heavy_pixel_noise,21,-0.10639179,0.0,0.0,1.0,1.8976935
1,B_task,heavy_pixel_noise,22,0.033236682,1.0,0.13333333333333333,1.0,1.4416652
1,B_task,heavy_pixel_noise,23,0.18841165,1.0,0.6222222222222222,1.0,0.6619937
1,B_task,heavy_pixel_noise,24,-0.072254494,0.0,0.0,1.0,3.746288
1,B_task,heavy_pixel_noise,25,-0.3281449,0.0,0.0,1.0,7.1688995
1,B_task,heavy_pixel_noise,26,-0.10817501,0.0,0.0,1.0,5.672184
1,B_task,heavy_pixel_noise,27,-0.14698231,0.0,0.0,1.0,5.656174
1,B_task,heavy_pixel_noise,28,-0.013270569,0.0,0.13333333333333333,1.0,3.0538545
1,B_task,heavy_pixel_noise,29,-0.124406636,0.0,0.0,1.0,1.5676279
1,B_task,heavy_pixel_noise,30,-0.2574477,0.0,0.0,1.0,4.557146
1,B_task,heavy_pixel_noise,31,-0.07635428,0.0,0.0,1.0,2.4275918
1,B_task,heavy_pixel_noise,32,-0.3352928,0.0,0.0,1.0,3.4717581
1,B_task,heavy_pixel_noise,33,-0.19144605,0.0,0.0,1.0,4.189608
1,B_task,heavy_pixel_noise,34,0.035618275,1.0,0.4222222222222222,1.0,0.36619246
1,B_task,heavy_pixel_noise,35,0.002741853,0.0,0.0,1.0,1.8802742
1,B_task,heavy_pixel_noise,36,-0.1628348,0.0,0.0,1.0,3.8980188
1,B_task,heavy_pixel_noise,37,-0.22932464,0.0,0.0,1.0,1.772005
1,B_task,heavy_pixel_noise,38,-0.17808779,0.0,0.0,1.0,3.4245954
1,B_task,heavy_pixel_noise,39,-0.24442787,0.0,0.0,1.0,3.3842726
1,B_task,heavy_pixel_noise,40,-0.032237444,1.0,0.28888888888888886,1.0,1.0328923
1,B_task,heavy_pixel_noise,41,-0.081010416,0.0,0.08888888888888889,1.0,3.7760267
1,B_task,heavy_pixel_noise,42,-0.076371126,0.0,0.0,1.0,1.9587414
1,B_task,heavy_pixel_noise,43,-0.054440677,0.0,0.1111111111111111,1.0,3.7412782
1,B_task,heavy_pixel_noise,44,-0.14643356,0.0,0.0,1.0,3.7041106
1,B_task,heavy_pixel_noise,45,0.024946,1.0,0.24444444444444444,1.0,1.3758109
1,B_task,heavy_pixel_noise,46,-0.15775138,1.0,0.2,1.0,1.375544
1,B_task,heavy_pixel_noise,47,-0.1623623,0.0,0.0,1.0,5.689817
1,B_task,heavy_pixel_noise,48,-0.15351316,0.0,0.0,1.0,3.6707606
1,B_task,heavy_pixel_noise,49,0.020344006,0.0,0.13333333333333333,1.0,2.373301
1,B_task,heavy_pixel_noise,50,-0.14862537,0.0,0.044444444444444446,1.0,7.003203
1,B_task,heavy_pixel_noise,51,-0.35170352,0.0,0.0,1.0,5.1135497
1,B_task,heavy_pixel_noise,52,0.035679415,1.0,0.24444444444444444,1.0,1.3858687
1,B_task,heavy_pixel_noise,53,-0.15159982,0.0,0.0,1.0,2.584049
1,B_task,heavy_pixel_noise,54,-0.073865205,0.0,0.0,1.0,3.4435272
1,B_task,heavy_pixel_noise,55,-0.049378347,1.0,0.3333333333333333,1.0,0.8941518
1,B_task,heavy_pixel_noise,56,0.1337451,0.0,0.35555555555555557,1.0,4.8614945
1,B_task,heavy_pixel_noise,57,-0.3838032,0.0,0.0,1.0,2.9380744
1,B_task,heavy_pixel_noise,58,-0.12504028,0.0,0.0,1.0,2.3264854
1,B_task,heavy_pixel_noise,59,-0.3855327,0.0,0.0,0.0,11.153298
1,B_task,heavy_pixel_noise,60,-0.32258517,0.0,0.0,1.0,3.6556537
1,B_task,heavy_pixel_noise,61,-0.106611796,0.0,0.08888888888888889,1.0,7.4446507
1,B_task,heavy_pixel_noise,62,-0.27774337,0.0,0.0,1.0,6.8915305
1,B_task,heavy_pixel_noise,63,-0.21762295,0.0,0.0,1.0,7.1836987
1,B_task,heavy_pixel_noise,64,-0.42564556,0.0,0.0,1.0,8.530615
1,B_task,heavy_pixel_noise,65,0.00087572535,0.0,0.0,1.0,2.8494494
1,B_task,heavy_pixel_noise,66,-0.16303925,0.0,0.0,1.0,5.53411
1,B_task,heavy_pixel_noise,67,-0.22528243,0.0,0.0,1.0,6.9158626
1,B_task,heavy_pixel_noise,68,-0.31453788,0.0,0.0,1.0,1.8009869
1,B_task,heavy_pixel_noise,69,-0.08728647,0.0,0.0,1.0,3.0849745
1,B_task,heavy_pixel_noise,70,0.107028365,1.0,0.5555555555555556,1.0,1.0064247
1,B_task,heavy_pixel_noise,71,-0.2943776,0.0,0.0,1.0,3.927095
1,B_task,heavy_pixel_noise,72,-0.011737363,0.0,0.13333333333333333,1.0,5.163863
1,B_task,heavy_pixel_noise,73,-0.1490955,0.0,0.044444444444444446,1.0,7.3709116
1,B_task,heavy_pixel_noise,74,-0.16084845,0.0,0.0,1.0,2.9604852
1,B_task,heavy_pixel_noise,75,0.10425768,1.0,0.5111111111111111,1.0,1.1942114
1,B_task,heavy_pixel_noise,76,-0.053047568,0.0,0.0,1.0,1.9330978
1,B_task,heavy_pixel_noise,77,-0.3498745,0.0,0.0,1.0,5.5547504
1,B_task,heavy_pixel_noise,78,-0.19948712,0.0,0.0,1.0,3.8831906
1,B_task,heavy_pixel_noise,79,-0.23385398,0.0,0.0,1.0,6.965079
1,B_task,heavy_pixel_noise,80,-0.25524548,1.0,0.08888888888888889,1.0,1.2454975
1,B_task,heavy_pixel_noise,81,-0.19335988,0.0,0.0,1.0,4.365007
1,B_task,heavy_pixel_noise,82,-0.19383208,0.0,0.0,1.0,2.8913016
1,B_task,heavy_pixel_noise,83,-0.16385446,0.0,0.28888888888888886,1.0,1.6164387
1,B_task,heavy_pixel_noise,84,-0.26025882,0.0,0.0,1.0,6.110551
1,B_task,heavy_pixel_noise,85,-0.20238177,0.0,0.15555555555555556,1.0,3.369384
1,B_task,heavy_pixel_noise,86,-0.24263538,0.0,0.0,1.0,5.913676
1,B_task,heavy_pixel_noise,87,-0.24791716,0.0,0.0,1.0,7.664152
1,B_task,heavy_pixel_noise,88,-0.2121331,0.0,0.0,1.0,8.830523
1,B_task,heavy_pixel_noise,89,-0.18328214,0.0,0.0,1.0,3.548333
1,B_task,heavy_pixel_noise,90,-0.21050023,0.0,0.0,1.0,2.0025804
1,B_task,heavy_pixel_noise,91,-0.3748263,0.0,0.0,1.0,7.027894
1,B_task,heavy_pixel_noise,92,-0.0779527,0.0,0.0,1.0,2.7696037
1,B_task,heavy_pixel_noise,93,-0.28514183,0.0,0.0,1.0,6.7819576
1,B_task,heavy_pixel_noise,94,-0.19331387,0.0,0.0,1.0,7.469605
1,B_task,heavy_pixel_noise,95,-0.21473874,0.0,0.0,1.0,3.2098258
1,B_task,heavy_pixel_noise,96,-0.24618895,0.0,0.0,1.0,1.6704327
1,B_task,heavy_pixel_noise,97,0.06953914,1.0,0.4444444444444444,1.0,0.8039397
1,B_task,heavy_pixel_noise,98,-0.05006911,0.0,0.0,1.0,2.506138
1,B_task,heavy_pixel_noise,99,-0.030691674,1.0,0.4444444444444444,1.0,1.070206
1,C_scene,in_distribution,0,0.0077375052,0.0,0.2,1.0,3.5974245
1,C_scene,in_distribution,1,0.023701973,1.0,0.2,1.0,0.7806268
1,C_scene,in_distribution,2,-0.15213333,1.0,0.15555555555555556,1.0,0.7024675
1,C_scene,in_distribution,3,-0.08296873,0.0,0.044444444444444446,1.0,3.2921011
1,C_scene,in_distribution,4,-0.019392818,0.0,0.0,1.0,1.8181216
1,C_scene,in_distribution,5,-0.1417312,1.0,0.2222222222222222,1.0,0.7878181
1,C_scene,in_distribution,6,-0.14579083,0.0,0.044444444444444446,1.0,4.5225506
1,C_scene,in_distribution,7,-0.15694721,0.0,0.0,1.0,1.7344029
1,C_scene,in_distribution,8,-0.061945673,1.0,0.28888888888888886,1.0,1.0126017
1,C_scene,in_distribution,9,-0.014957248,1.0,0.4444444444444444,1.0,1.0715021
1,C_scene,in_distribution,10,-0.21314731,0.0,0.0,1.0,2.3370752
1,C_scene,in_distribution,11,-0.28100017,0.0,0.0,1.0,2.4902153
1,C_scene,in_distribution,12,-0.24915971,0.0,0.0,1.0,6.535992
1,C_scene,in_distribution,13,-0.21156105,0.0,0.17777777777777778,1.0,1.7927456
1,C_scene,in_distribution,14,0.03719631,0.0,0.24444444444444444,1.0,2.0248857
1,C_scene,in_distribution,15,-0.22263302,0.0,0.0,1.0,1.6868887
1,C_scene,in_distribution,16,-0.0044905515,1.0,0.022222222222222223,1.0,1.4526932
1,C_scene,in_distribution,17,-0.1861603,0.0,0.0,1.0,7.8749795
1,C_scene,in_distribution,18,-0.16529055,0.0,0.0,1.0,1.6762601
1,C_scene,in_distribution,19,-0.2513606,0.0,0.0,1.0,4.0205984
1,C_scene,in_distribution,20,-0.01504773,1.0,0.1111111111111111,1.0,1.3352271
1,C_scene,in_distribution,21,-0.117431216,0.0,0.0,1.0,2.407899
1,C_scene,in_distribution,22,-0.04339314,0.0,0.0,1.0,3.063401
1,C_scene,in_distribution,23,0.1293876,1.0,0.2222222222222222,1.0,1.4881644
1,C_scene,in_distribution,24,-0.049280703,0.0,0.1111111111111111,1.0,2.5295904
1,C_scene,in_distribution,25,-0.18460833,0.0,0.0,1.0,6.2010746
1,C_scene,in_distribution,26,-0.084416024,0.0,0.0,1.0,3.9393616
1,C_scene,in_distribution,27,-0.14520338,0.0,0.0,1.0,6.149468
1,C_scene,in_distribution,28,0.20228998,1.0,0.5111111111111111,1.0,0.77375346
1,C_scene,in_distribution,29,-0.1736034,0.0,0.0,1.0,2.9878054
1,C_scene,in_distribution,30,-0.21350224,0.0,0.0,1.0,2.520526
1,C_scene,in_distribution,31,0.022738544,1.0,0.35555555555555557,1.0,0.927643
1,C_scene,in_distribution,32,-0.11892155,1.0,0.35555555555555557,1.0,0.50651217
1,C_scene,in_distribution,33,-0.005922117,0.0,0.1111111111111111,1.0,2.0702703
1,C_scene,in_distribution,34,0.009438957,0.0,0.3111111111111111,1.0,1.6298354
1,C_scene,in_distribution,35,0.061961263,0.0,0.0,1.0,2.534225
1,C_scene,in_distribution,36,-0.07372995,0.0,0.0,1.0,3.990209
1,C_scene,in_distribution,37,-0.23392677,0.0,0.0,1.0,1.6011968
1,C_scene,in_distribution,38,-0.19436525,0.0,0.0,1.0,5.417551
1,C_scene,in_distribution,39,-0.08815682,1.0,0.2,1.0,1.1742021
1,C_scene,in_distribution,40,0.02416833,1.0,0.35555555555555557,1.0,0.29770568
1,C_scene,in_distribution,41,-0.01108823,0.0,0.1111111111111111,1.0,3.0239828
1,C_scene,in_distribution,42,0.19263336,1.0,0.5777777777777777,1.0,0.2813957
1,C_scene,in_distribution,43,-0.040172905,0.0,0.17777777777777778,1.0,5.323107
1,C_scene,in_distribution,44,-0.08372758,0.0,0.044444444444444446,1.0,2.2757127
1,C_scene,in_distribution,45,-0.052998476,0.0,0.0,1.0,2.7853644
1,C_scene,in_distribution,46,-0.09538987,0.0,0.28888888888888886,1.0,1.6216259
1,C_scene,in_distribution,47,-0.12059626,0.0,0.0,1.0,5.675856
1,C_scene,in_distribution,48,-0.03944632,0.0,0.2,1.0,2.337606
1,C_scene,in_distribution,49,0.1294057,1.0,0.5111111111111111,1.0,1.2515883
1,C_scene,in_distribution,50,-0.13966036,0.0,0.0,1.0,5.851305
1,C_scene,in_distribution,51,-0.24595538,0.0,0.0,1.0,1.9656799
1,C_scene,in_distribution,52,-0.055521738,0.0,0.0,1.0,2.9278464
1,C_scene,in_distribution,53,-0.1551409,0.0,0.0,1.0,3.5815258
1,C_scene,in_distribution,54,-0.09828769,0.0,0.0,1.0,4.216067
1,C_scene,in_distribution,55,-0.034409672,0.0,0.37777777777777777,1.0,1.6844269
1,C_scene,in_distribution,56,0.27992475,1.0,0.5777777777777777,1.0,0.9604866
1,C_scene,in_distribution,57,-0.3631348,0.0,0.0,1.0,2.6454642
1,C_scene,in_distribution,58,-0.13544962,0.0,0.0,1.0,3.505869
1,C_scene,in_distribution,59,-0.06195358,1.0,0.2222222222222222,1.0,1.1232841
1,C_scene,in_distribution,60,-0.22092508,1.0,0.044444444444444446,1.0,1.3869332
1,C_scene,in_distribution,61,-0.19023289,0.0,0.0,1.0,6.692482
1,C_scene,in_distribution,62,-0.07819829,1.0,0.13333333333333333,1.0,1.4050336
1,C_scene,in_distribution,63,-0.16475111,0.0,0.0,1.0,5.2872095
1,C_scene,in_distribution,64,-0.20872156,0.0,0.0,1.0,4.009119
1,C_scene,in_distribution,65,0.09156686,0.0,0.2222222222222222,1.0,2.7602432
1,C_scene,in_distribution,66,0.053649325,1.0,0.044444444444444446,1.0,1.3745364
1,C_scene,in_distribution,67,-0.13106894,0.0,0.0,1.0,4.596811
1,C_scene,in_distribution,68,-0.22369927,1.0,0.2,1.0,1.0529597
1,C_scene,in_distribution,69,0.038932264,0.0,0.2,1.0,2.1952522
1,C_scene,in_distribution,70,0.15236375,1.0,0.5555555555555556,1.0,1.2923683
1,C_scene,in_distribution,71,-0.26058355,0.0,0.0,1.0,5.4138412
1,C_scene,in_distribution,72,0.24209967,0.0,0.35555555555555557,1.0,1.6585937
1,C_scene,in_distribution,73,-0.022006288,0.0,0.15555555555555556,1.0,1.8224694
1,C_scene,in_distribution,74,-0.015080597,1.0,0.4,1.0,0.8951895
1,C_scene,in_distribution,75,0.06455851,1.0,0.35555555555555557,1.0,1.4959276
1,C_scene,in_distribution,76,-0.059234247,0.0,0.0,1.0,2.8820584
1,C_scene,in_distribution,77,-0.16235681,1.0,0.2222222222222222,1.0,1.4127811
1,C_scene,in_distribution,78,-0.2052414,0.0,0.0,1.0,4.207885
1,C_scene,in_distribution,79,0.20420736,1.0,0.6222222222222222,1.0,1.1123627
1,C_scene,in_distribution,80,-0.23825464,0.0,0.08888888888888889,1.0,2.048418
1,C_scene,in_distribution,81,-0.20167711,0.0,0.0,1.0,3.0897346
1,C_scene,in_distribution,82,-0.17774914,0.0,0.0,1.0,1.9541851
1,C_scene,in_distribution,83,-0.21234162,0.0,0.13333333333333333,1.0,2.435012
1,C_scene,in_distribution,84,-0.026924223,1.0,0.26666666666666666,1.0,1.2627985
1,C_scene,in_distribution,85,-0.3388717,0.0,0.0,1.0,3.4176455
1,C_scene,in_distribution,86,-0.24183832,0.0,0.0,1.0,5.096161
1,C_scene,in_distribution,87,0.05430199,0.0,0.26666666666666666,1.0,2.5347955
1,C_scene,in_distribution,88,0.09003827,0.0,0.15555555555555556,1.0,1.6584008
1,C_scene,in_distribution,89,-0.0070469882,1.0,0.17777777777777778,1.0,0.7341644
1,C_scene,in_distribution,90,-0.17831779,0.0,0.0,1.0,2.2611485
1,C_scene,in_distribution,91,-0.2368665,0.0,0.08888888888888889,1.0,3.121632
1,C_scene,in_distribution,92,-0.12943666,0.0,0.0,1.0,4.8685656
1,C_scene,in_distribution,93,-0.2716348,0.0,0.0,1.0,5.285504
1,C_scene,in_distribution,94,-0.14372016,0.0,0.0,1.0,3.7839482
1,C_scene,in_distribution,95,-0.16848555,0.0,0.0,1.0,3.4966526
1,C_scene,in_distribution,96,-0.16011225,0.0,0.0,1.0,3.6260476
1,C_scene,in_distribution,97,0.068624705,1.0,0.4666666666666667,1.0,1.2476246
1,C_scene,in_distribution,98,-0.04861448,0.0,0.0,1.0,2.7034783
1,C_scene,in_distribution,99,-0.04753108,1.0,0.4444444444444444,1.0,1.3054446
1,C_scene,4_distractors,0,0.004059868,0.0,0.2,1.0,4.0237365
1,C_scene,4_distractors,1,0.024405072,1.0,0.2,1.0,0.8738669
1,C_scene,4_distractors,2,-0.15603288,1.0,0.08888888888888889,1.0,1.2606955
1,C_scene,4_distractors,3,-0.041193627,0.0,0.15555555555555556,1.0,2.4400072
1,C_scene,4_distractors,4,-0.110389784,0.0,0.0,1.0,2.8759735
1,C_scene,4_distractors,5,-0.20368169,0.0,0.0,1.0,1.9621543
1,C_scene,4_distractors,6,-0.13069741,0.0,0.06666666666666667,1.0,4.390246
1,C_scene,4_distractors,7,-0.208748,0.0,0.0,1.0,2.294993
1,C_scene,4_distractors,8,-0.070313305,0.0,0.28888888888888886,1.0,1.6601031
1,C_scene,4_distractors,9,-0.14890017,0.0,0.0,1.0,2.3445468
1,C_scene,4_distractors,10,-0.24435495,0.0,0.0,1.0,2.917463
1,C_scene,4_distractors,11,-0.27632204,0.0,0.0,1.0,2.3329666
1,C_scene,4_distractors,12,-0.22579274,0.0,0.0,1.0,5.605642
1,C_scene,4_distractors,13,-0.27592736,0.0,0.0,1.0,2.347673
1,C_scene,4_distractors,14,0.0791202,0.0,0.4666666666666667,1.0,1.5928851
1,C_scene,4_distractors,15,-0.33814237,0.0,0.0,1.0,4.293586
1,C_scene,4_distractors,16,-0.07824984,0.0,0.0,1.0,2.417292
1,C_scene,4_distractors,17,-0.17017534,0.0,0.0,1.0,7.1739535
1,C_scene,4_distractors,18,-0.1588228,0.0,0.0,1.0,1.577284
1,C_scene,4_distractors,19,-0.25152364,0.0,0.022222222222222223,1.0,5.2365575
1,C_scene,4_distractors,20,0.05342406,0.0,0.17777777777777778,1.0,2.267738
1,C_scene,4_distractors,21,-0.09882435,0.0,0.0,1.0,1.8457112
1,C_scene,4_distractors,22,0.04841198,0.0,0.044444444444444446,1.0,2.538619
1,C_scene,4_distractors,23,0.18222441,1.0,0.7111111111111111,1.0,1.5322735
1,C_scene,4_distractors,24,0.043148007,0.0,0.15555555555555556,1.0,2.078917
1,C_scene,4_distractors,25,-0.20501924,0.0,0.0,1.0,5.0186176
1,C_scene,4_distractors,26,-0.06098974,0.0,0.0,1.0,2.7106469
1,C_scene,4_distractors,27,-0.15392758,0.0,0.0,0.0,6.346698
1,C_scene,4_distractors,28,0.11454946,0.0,0.15555555555555556,1.0,1.6122831
1,C_scene,4_distractors,29,-0.10356442,1.0,0.044444444444444446,1.0,1.3243102
1,C_scene,4_distractors,30,-0.24602698,0.0,0.0,1.0,3.5953112
1,C_scene,4_distractors,31,0.010022534,0.0,0.3333333333333333,1.0,1.7728648
1,C_scene,4_distractors,32,-0.10546963,1.0,0.3333333333333333,1.0,0.7060208
1,C_scene,4_distractors,33,-0.049500123,0.0,0.0,1.0,2.9837744
1,C_scene,4_distractors,34,0.021017969,1.0,0.4,1.0,0.67910963
1,C_scene,4_distractors,35,0.02423543,0.0,0.0,1.0,3.0219624
1,C_scene,4_distractors,36,0.025455922,0.0,0.0,1.0,2.6817324
1,C_scene,4_distractors,37,-0.1653316,1.0,0.24444444444444444,1.0,1.3764908
1,C_scene,4_distractors,38,-0.20744409,0.0,0.0,1.0,5.6531606
1,C_scene,4_distractors,39,-0.14914471,0.0,0.06666666666666667,1.0,2.2764866
1,C_scene,4_distractors,40,0.07233392,1.0,0.4666666666666667,1.0,0.6565902
1,C_scene,4_distractors,41,-0.07258176,0.0,0.0,1.0,3.2932673
1,C_scene,4_distractors,42,0.163234,1.0,0.6,1.0,0.7074559
1,C_scene,4_distractors,43,-0.03159352,0.0,0.15555555555555556,1.0,4.0060573
1,C_scene,4_distractors,44,-0.07976925,0.0,0.08888888888888889,1.0,2.0756254
1,C_scene,4_distractors,45,0.02047789,0.0,0.28888888888888886,1.0,2.1698837
1,C_scene,4_distractors,46,-0.09318292,0.0,0.2222222222222222,1.0,1.702642
1,C_scene,4_distractors,47,-0.14584851,0.0,0.0,1.0,5.386552
1,C_scene,4_distractors,48,-0.012681306,0.0,0.28888888888888886,1.0,1.844296
1,C_scene,4_distractors,49,0.16901101,1.0,0.5555555555555556,1.0,0.7311635
1,C_scene,4_distractors,50,-0.13021015,0.0,0.0,1.0,4.8126307
1,C_scene,4_distractors,51,-0.15629414,1.0,0.26666666666666666,1.0,0.39588758
1,C_scene,4_distractors,52,-0.04039784,0.0,0.0,1.0,2.7200663
1,C_scene,4_distractors,53,-0.13219275,0.0,0.0,1.0,2.7013278
1,C_scene,4_distractors,54,-0.09730251,0.0,0.0,1.0,4.3632894
1,C_scene,4_distractors,55,-0.0576811,0.0,0.26666666666666666,1.0,2.0638132
1,C_scene,4_distractors,56,0.27097645,1.0,0.4444444444444444,1.0,1.3113528
1,C_scene,4_distractors,57,-0.3521022,0.0,0.0,1.0,2.374023
1,C_scene,4_distractors,58,-0.100135624,0.0,0.0,1.0,3.3407536
1,C_scene,4_distractors,59,0.07146077,1.0,0.4444444444444444,1.0,1.0788792
1,C_scene,4_distractors,60,-0.21865158,1.0,0.06666666666666667,1.0,1.3241347
1,C_scene,4_distractors,61,-0.17857587,0.0,0.0,1.0,5.1322193
1,C_scene,4_distractors,62,-0.07993236,1.0,0.17777777777777778,1.0,1.214042
1,C_scene,4_distractors,63,-0.16683356,0.0,0.0,1.0,4.853334
1,C_scene,4_distractors,64,-0.19004864,0.0,0.0,1.0,4.081901
1,C_scene,4_distractors,65,0.06558779,0.0,0.2,1.0,2.9906194
1,C_scene,4_distractors,66,0.06924617,0.0,0.08888888888888889,1.0,1.5735668
1,C_scene,4_distractors,67,-0.15178305,0.0,0.0,1.0,4.9937654
1,C_scene,4_distractors,68,-0.30093968,0.0,0.0,1.0,2.6788309
1,C_scene,4_distractors,69,0.00028989746,0.0,0.0,1.0,1.7642274
1,C_scene,4_distractors,70,0.10229662,1.0,0.4666666666666667,1.0,1.2512265
1,C_scene,4_distractors,71,-0.24997303,0.0,0.0,1.0,5.1528225
1,C_scene,4_distractors,72,0.31470922,1.0,0.8888888888888888,1.0,1.5179851
1,C_scene,4_distractors,73,-0.084021606,0.0,0.0,1.0,2.4310668
1,C_scene,4_distractors,74,-0.027975373,1.0,0.37777777777777777,1.0,0.37765032
1,C_scene,4_distractors,75,0.095427796,1.0,0.4666666666666667,1.0,0.30341822
1,C_scene,4_distractors,76,-0.0872233,0.0,0.0,1.0,3.3899567
1,C_scene,4_distractors,77,-0.24465805,0.0,0.0,1.0,2.6784165
1,C_scene,4_distractors,78,-0.20136403,0.0,0.0,1.0,5.202369
1,C_scene,4_distractors,79,0.18545945,1.0,0.5777777777777777,1.0,0.26174432
1,C_scene,4_distractors,80,-0.22100942,0.0,0.13333333333333333,1.0,1.9329925
1,C_scene,4_distractors,81,-0.19273959,0.0,0.0,1.0,3.1700268
1,C_scene,4_distractors,82,-0.2378543,0.0,0.0,1.0,3.030359
1,C_scene,4_distractors,83,-0.21705508,0.0,0.13333333333333333,1.0,2.6861231
1,C_scene,4_distractors,84,-0.041101757,0.0,0.0,1.0,1.7874719
1,C_scene,4_distractors,85,-0.34014794,0.0,0.0,1.0,3.1286106
1,C_scene,4_distractors,86,-0.24925135,0.0,0.0,1.0,5.7426047
1,C_scene,4_distractors,87,0.08143956,0.0,0.3111111111111111,1.0,2.9577289
1,C_scene,4_distractors,88,0.122238085,0.0,0.24444444444444444,1.0,2.1677933
1,C_scene,4_distractors,89,0.033993483,1.0,0.26666666666666666,1.0,0.70804673
1,C_scene,4_distractors,90,-0.09349027,1.0,0.3333333333333333,1.0,0.50593585
1,C_scene,4_distractors,91,-0.20211042,0.0,0.15555555555555556,1.0,2.4119768
1,C_scene,4_distractors,92,-0.09024878,0.0,0.0,1.0,4.5216904
1,C_scene,4_distractors,93,-0.27232248,0.0,0.0,1.0,4.7686825
1,C_scene,4_distractors,94,-0.1474442,0.0,0.0,1.0,4.077588
1,C_scene,4_distractors,95,-0.14429061,0.0,0.0,1.0,2.6501377
1,C_scene,4_distractors,96,-0.16169861,0.0,0.0,1.0,2.8607423
1,C_scene,4_distractors,97,0.05616686,0.0,0.37777777777777777,1.0,1.885508
1,C_scene,4_distractors,98,-0.058871895,0.0,0.0,1.0,2.7922692
1,C_scene,4_distractors,99,-0.1199886,0.0,0.0,1.0,2.049217
1,C_scene,fast_distractors,0,0.021818511,0.0,0.2222222222222222,1.0,3.7403238
1,C_scene,fast_distractors,1,0.091666564,1.0,0.4666666666666667,1.0,0.88889796
1,C_scene,fast_distractors,2,-0.16756405,1.0,0.08888888888888889,1.0,1.0521581
1,C_scene,fast_distractors,3,-0.09454024,0.0,0.0,1.0,3.01333
1,C_scene,fast_distractors,4,-0.041958056,0.0,0.0,1.0,2.2653797
1,C_scene,fast_distractors,5,-0.18927056,1.0,0.022222222222222223,1.0,1.5072538
1,C_scene,fast_distractors,6,-0.13817525,0.0,0.044444444444444446,1.0,4.4904795
1,C_scene,fast_distractors,7,-0.19199175,0.0,0.0,1.0,2.3419306
1,C_scene,fast_distractors,8,-0.09337207,0.0,0.2,1.0,1.6303542
1,C_scene,fast_distractors,9,-0.06912073,0.0,0.15555555555555556,1.0,2.0952134
1,C_scene,fast_distractors,10,-0.22985323,0.0,0.0,1.0,2.9675817
1,C_scene,fast_distractors,11,-0.31699052,0.0,0.0,1.0,3.7506185
1,C_scene,fast_distractors,12,-0.22942938,0.0,0.0,1.0,5.7620335
1,C_scene,fast_distractors,13,-0.20164077,1.0,0.28888888888888886,1.0,1.2296212
1,C_scene,fast_distractors,14,0.03657402,0.0,0.2222222222222222,1.0,1.7152814
1,C_scene,fast_distractors,15,-0.21990967,0.0,0.0,1.0,1.8728997
1,C_scene,fast_distractors,16,-0.11159882,0.0,0.0,1.0,2.7967982
1,C_scene,fast_distractors,17,-0.18066166,0.0,0.0,1.0,8.0928955
1,C_scene,fast_distractors,18,-0.17235868,0.0,0.0,1.0,1.913011
1,C_scene,fast_distractors,19,-0.24121276,0.0,0.0,1.0,4.321088
1,C_scene,fast_distractors,20,0.017590571,1.0,0.08888888888888889,1.0,1.5272593
1,C_scene,fast_distractors,21,-0.12281848,0.0,0.0,1.0,2.553697
1,C_scene,fast_distractors,22,-0.007448448,0.0,0.0,1.0,2.6647356
1,C_scene,fast_distractors,23,0.17465569,1.0,0.5333333333333333,1.0,1.3290563
1,C_scene,fast_distractors,24,-0.0013404246,0.0,0.13333333333333333,1.0,1.6263616
1,C_scene,fast_distractors,25,-0.20338961,0.0,0.0,1.0,5.345823
1,C_scene,fast_distractors,26,-0.08447875,0.0,0.0,1.0,4.000613
1,C_scene,fast_distractors,27,-0.1383648,0.0,0.0,0.0,6.355872
1,C_scene,fast_distractors,28,0.17439449,1.0,0.4,1.0,0.5698782
1,C_scene,fast_distractors,29,-0.1737042,0.0,0.0,1.0,3.0555294
1,C_scene,fast_distractors,30,-0.23455054,0.0,0.0,1.0,3.302193
1,C_scene,fast_distractors,31,-0.04290345,1.0,0.2222222222222222,1.0,1.2919116
1,C_scene,fast_distractors,32,-0.09794712,1.0,0.35555555555555557,1.0,0.4503151
1,C_scene,fast_distractors,33,-0.011300545,0.0,0.0,1.0,2.0771153
1,C_scene,fast_distractors,34,0.021886459,1.0,0.4666666666666667,1.0,1.1676149
1,C_scene,fast_distractors,35,0.062465854,0.0,0.0,1.0,2.635031
1,C_scene,fast_distractors,36,-0.06623486,0.0,0.0,1.0,3.4929018
1,C_scene,fast_distractors,37,-0.2225024,1.0,0.06666666666666667,1.0,1.3782816
1,C_scene,fast_distractors,38,-0.19844195,0.0,0.0,1.0,5.7303996
1,C_scene,fast_distractors,39,-0.11368551,1.0,0.15555555555555556,1.0,1.5332346
1,C_scene,fast_distractors,40,0.015237913,1.0,0.28888888888888886,1.0,0.23120716
1,C_scene,fast_distractors,41,-0.11320202,0.0,0.0,1.0,3.7068524
1,C_scene,fast_distractors,42,0.17996082,1.0,0.6,1.0,0.1206234
1,C_scene,fast_distractors,43,-0.012454908,0.0,0.2,1.0,4.228324
1,C_scene,fast_distractors,44,-0.0809532,0.0,0.08888888888888889,1.0,2.2118046
1,C_scene,fast_distractors,45,-0.065098375,0.0,0.0,1.0,2.95784
1,C_scene,fast_distractors,46,-0.107013755,0.0,0.24444444444444444,1.0,1.685604
1,C_scene,fast_distractors,47,-0.12770142,0.0,0.0,1.0,5.5233693
1,C_scene,fast_distractors,48,-0.04521478,0.0,0.2,1.0,2.5598118
1,C_scene,fast_distractors,49,0.07952566,1.0,0.4444444444444444,1.0,1.3655405
1,C_scene,fast_distractors,50,-0.13543633,0.0,0.0,1.0,5.5822697
1,C_scene,fast_distractors,51,-0.17275819,1.0,0.24444444444444444,1.0,0.8009112
1,C_scene,fast_distractors,52,-0.0477668,0.0,0.0,1.0,2.8406827
1,C_scene,fast_distractors,53,-0.14251436,0.0,0.0,1.0,3.0204444
1,C_scene,fast_distractors,54,-0.09173938,0.0,0.0,1.0,3.8196588
1,C_scene,fast_distractors,55,-0.071027234,0.0,0.26666666666666666,1.0,2.0520246
1,C_scene,fast_distractors,56,0.25836545,1.0,0.4222222222222222,1.0,1.2881122
1,C_scene,fast_distractors,57,-0.36433893,0.0,0.0,1.0,2.5124438
1,C_scene,fast_distractors,58,-0.15216015,0.0,0.0,1.0,4.084705
1,C_scene,fast_distractors,59,0.061124347,1.0,0.4222222222222222,1.0,0.7015146
1,C_scene,fast_distractors,60,-0.23229016,0.0,0.0,1.0,1.725284
1,C_scene,fast_distractors,61,-0.19090126,0.0,0.0,1.0,6.566449
1,C_scene,fast_distractors,62,-0.09124726,1.0,0.1111111111111111,1.0,1.4011316
1,C_scene,fast_distractors,63,-0.1628513,0.0,0.0,1.0,5.1984086
1,C_scene,fast_distractors,64,-0.18468803,0.0,0.0,1.0,3.553625
1,C_scene,fast_distractors,65,0.09112368,0.0,0.2222222222222222,1.0,2.9626107
1,C_scene,fast_distractors,66,0.041671403,1.0,0.022222222222222223,1.0,1.4985394
1,C_scene,fast_distractors,67,-0.13272025,0.0,0.0,1.0,4.9288473
1,C_scene,fast_distractors,68,-0.23232305,1.0,0.1111111111111111,1.0,1.251784
1,C_scene,fast_distractors,69,0.0942883,0.0,0.5555555555555556,1.0,1.6073493
1,C_scene,fast_distractors,70,0.15393871,1.0,0.5555555555555556,1.0,1.1994573
1,C_scene,fast_distractors,71,-0.2370993,0.0,0.0,1.0,3.9616995
1,C_scene,fast_distractors,72,0.25870544,0.0,0.4222222222222222,1.0,1.7489935
1,C_scene,fast_distractors,73,0.0073081427,0.0,0.26666666666666666,1.0,1.8249424
1,C_scene,fast_distractors,74,-0.010791454,1.0,0.4,1.0,0.8930761
1,C_scene,fast_distractors,75,0.042708695,0.0,0.26666666666666666,1.0,2.0319984
1,C_scene,fast_distractors,76,-0.046637356,0.0,0.0,1.0,3.0867422
1,C_scene,fast_distractors,77,-0.18376581,0.0,0.022222222222222223,1.0,1.6605785
1,C_scene,fast_distractors,78,-0.19703649,0.0,0.0,1.0,4.1094513
1,C_scene,fast_distractors,79,0.17335805,1.0,0.4888888888888889,1.0,0.444123
1,C_scene,fast_distractors,80,-0.23357256,0.0,0.1111111111111111,1.0,1.8761417
1,C_scene,fast_distractors,81,-0.17926943,0.0,0.0,1.0,2.8465889
1,C_scene,fast_distractors,82,-0.23518656,0.0,0.0,1.0,3.8166296
1,C_scene,fast_distractors,83,-0.18182057,0.0,0.2,1.0,2.0722144
1,C_scene,fast_distractors,84,0.01575155,1.0,0.3333333333333333,1.0,0.87628657
1,C_scene,fast_distractors,85,-0.3237603,0.0,0.0,1.0,2.7234454
1,C_scene,fast_distractors,86,-0.24232394,0.0,0.0,1.0,5.063489
1,C_scene,fast_distractors,87,0.071299165,0.0,0.28888888888888886,1.0,2.9599204
1,C_scene,fast_distractors,88,0.16692665,1.0,0.4222222222222222,1.0,1.1011531
1,C_scene,fast_distractors,89,-0.052735116,1.0,0.022222222222222223,1.0,1.5177516
1,C_scene,fast_distractors,90,-0.22834587,0.0,0.0,1.0,2.540682
1,C_scene,fast_distractors,91,-0.22902258,0.0,0.1111111111111111,1.0,2.8816955
1,C_scene,fast_distractors,92,-0.09898858,0.0,0.0,1.0,4.5331464
1,C_scene,fast_distractors,93,-0.26994437,0.0,0.0,1.0,4.92967
1,C_scene,fast_distractors,94,-0.14604759,0.0,0.0,1.0,3.797446
1,C_scene,fast_distractors,95,-0.16767868,0.0,0.0,1.0,3.271973
1,C_scene,fast_distractors,96,-0.17597283,0.0,0.0,1.0,3.670541
1,C_scene,fast_distractors,97,0.026349919,0.0,0.28888888888888886,1.0,2.2294478
1,C_scene,fast_distractors,98,-0.034528036,0.0,0.0,1.0,2.6161568
1,C_scene,fast_distractors,99,-0.1077522,1.0,0.06666666666666667,1.0,1.4984932
1,C_scene,unseen_distractor_hues,0,0.046057124,0.0,0.26666666666666666,1.0,3.4753196
1,C_scene,unseen_distractor_hues,1,0.09853777,1.0,0.4444444444444444,1.0,0.8858688
1,C_scene,unseen_distractor_hues,2,-0.09546652,1.0,0.3111111111111111,1.0,0.69720525
1,C_scene,unseen_distractor_hues,3,-0.08044231,0.0,0.0,1.0,2.5347123
1,C_scene,unseen_distractor_hues,4,-0.03416927,0.0,0.0,1.0,2.4743507
1,C_scene,unseen_distractor_hues,5,-0.15503971,1.0,0.2222222222222222,1.0,1.1753113
1,C_scene,unseen_distractor_hues,6,-0.13595805,0.0,0.06666666666666667,1.0,4.2330556
1,C_scene,unseen_distractor_hues,7,-0.2198417,0.0,0.0,1.0,2.5984342
1,C_scene,unseen_distractor_hues,8,-0.083353266,1.0,0.24444444444444444,1.0,1.3346066
1,C_scene,unseen_distractor_hues,9,-0.0974876,0.0,0.0,1.0,1.6486806
1,C_scene,unseen_distractor_hues,10,-0.19511198,0.0,0.0,1.0,2.0483418
1,C_scene,unseen_distractor_hues,11,-0.26723167,0.0,0.0,1.0,2.2360773
1,C_scene,unseen_distractor_hues,12,-0.26502964,0.0,0.0,1.0,8.371734
1,C_scene,unseen_distractor_hues,13,-0.25661987,1.0,0.2,1.0,1.470684
1,C_scene,unseen_distractor_hues,14,0.026292657,0.0,0.2,1.0,1.8921812
1,C_scene,unseen_distractor_hues,15,-0.2164399,1.0,0.06666666666666667,1.0,1.1676699
1,C_scene,unseen_distractor_hues,16,-0.03762319,0.0,0.0,1.0,1.7234827
1,C_scene,unseen_distractor_hues,17,-0.1797551,0.0,0.0,1.0,7.818404
1,C_scene,unseen_distractor_hues,18,-0.1812873,0.0,0.0,1.0,1.9086498
1,C_scene,unseen_distractor_hues,19,-0.22228839,0.0,0.0,1.0,3.7555647
1,C_scene,unseen_distractor_hues,20,0.06758566,0.0,0.24444444444444444,1.0,2.3369083
1,C_scene,unseen_distractor_hues,21,-0.12536609,0.0,0.0,1.0,2.756559
1,C_scene,unseen_distractor_hues,22,-0.088314414,0.0,0.0,1.0,3.2460356
1,C_scene,unseen_distractor_hues,23,0.1739576,1.0,0.5333333333333333,1.0,1.2602649
1,C_scene,unseen_distractor_hues,24,-0.08682193,0.0,0.08888888888888889,1.0,3.3679833
1,C_scene,unseen_distractor_hues,25,-0.14033407,0.0,0.0,1.0,4.336007
1,C_scene,unseen_distractor_hues,26,-0.07254552,0.0,0.0,1.0,3.9864628
1,C_scene,unseen_distractor_hues,27,-0.14049567,0.0,0.0,1.0,5.797052
1,C_scene,unseen_distractor_hues,28,0.14989945,1.0,0.35555555555555557,1.0,1.0319368
1,C_scene,unseen_distractor_hues,29,-0.066088945,0.0,0.022222222222222223,1.0,2.2035174
1,C_scene,unseen_distractor_hues,30,-0.23323947,0.0,0.0,1.0,3.032369
1,C_scene,unseen_distractor_hues,31,0.046207592,1.0,0.37777777777777777,1.0,0.71514046
1,C_scene,unseen_distractor_hues,32,-0.09890652,1.0,0.35555555555555557,1.0,0.46717957
1,C_scene,unseen_distractor_hues,33,-0.04552625,0.0,0.0,1.0,2.5470936
1,C_scene,unseen_distractor_hues,34,0.012927786,1.0,0.4444444444444444,1.0,1.3882253
1,C_scene,unseen_distractor_hues,35,0.10357633,0.0,0.1111111111111111,1.0,2.145108
1,C_scene,unseen_distractor_hues,36,-0.08149468,0.0,0.0,1.0,3.888245
1,C_scene,unseen_distractor_hues,37,-0.28922337,0.0,0.0,1.0,2.478941
1,C_scene,unseen_distractor_hues,38,-0.19861297,0.0,0.0,1.0,5.417612
1,C_scene,unseen_distractor_hues,39,-0.11265607,1.0,0.13333333333333333,1.0,1.4189029
1,C_scene,unseen_distractor_hues,40,0.038721584,1.0,0.37777777777777777,1.0,0.6145522
1,C_scene,unseen_distractor_hues,41,-0.09422886,0.0,0.0,1.0,3.5451941
1,C_scene,unseen_distractor_hues,42,0.1681332,1.0,0.6,1.0,1.2002925
1,C_scene,unseen_distractor_hues,43,-0.044110596,0.0,0.13333333333333333,1.0,4.47447
1,C_scene,unseen_distractor_hues,44,-0.0876194,0.0,0.08888888888888889,1.0,2.2153394
1,C_scene,unseen_distractor_hues,45,-0.01980813,0.0,0.2,1.0,2.9977732
1,C_scene,unseen_distractor_hues,46,-0.095912725,1.0,0.35555555555555557,1.0,1.4868398
1,C_scene,unseen_distractor_hues,47,-0.13356104,0.0,0.0,1.0,5.451276
1,C_scene,unseen_distractor_hues,48,-0.08377084,0.0,0.06666666666666667,1.0,2.6234434
1,C_scene,unseen_distractor_hues,49,0.030010862,1.0,0.28888888888888886,1.0,1.0452167
1,C_scene,unseen_distractor_hues,50,-0.13134892,0.0,0.0,1.0,5.4265003
1,C_scene,unseen_distractor_hues,51,-0.2851181,0.0,0.0,1.0,2.8629284
1,C_scene,unseen_distractor_hues,52,-0.051263932,0.0,0.0,1.0,2.72533
1,C_scene,unseen_distractor_hues,53,-0.11568225,0.0,0.0,1.0,2.4089801
1,C_scene,unseen_distractor_hues,54,-0.07616821,0.0,0.0,1.0,3.4311776
1,C_scene,unseen_distractor_hues,55,-0.029620629,1.0,0.4,1.0,1.5113425
1,C_scene,unseen_distractor_hues,56,0.26648065,1.0,0.4888888888888889,1.0,1.0411502
1,C_scene,unseen_distractor_hues,57,-0.32965764,0.0,0.0,1.0,1.826189
1,C_scene,unseen_distractor_hues,58,-0.12173567,0.0,0.0,1.0,3.54309
1,C_scene,unseen_distractor_hues,59,-0.028657248,1.0,0.28888888888888886,1.0,1.428866
1,C_scene,unseen_distractor_hues,60,-0.20512532,1.0,0.022222222222222223,1.0,1.4686332
1,C_scene,unseen_distractor_hues,61,-0.18489006,0.0,0.0,1.0,6.096563
1,C_scene,unseen_distractor_hues,62,-0.047304794,1.0,0.2222222222222222,1.0,0.8229248
1,C_scene,unseen_distractor_hues,63,-0.16796964,0.0,0.0,1.0,5.0778656
1,C_scene,unseen_distractor_hues,64,-0.19539382,0.0,0.0,1.0,3.7486055
1,C_scene,unseen_distractor_hues,65,0.08751531,0.0,0.2222222222222222,1.0,2.9156039
1,C_scene,unseen_distractor_hues,66,0.022573747,1.0,0.022222222222222223,1.0,1.5128545
1,C_scene,unseen_distractor_hues,67,-0.1420675,0.0,0.0,1.0,4.5041013
1,C_scene,unseen_distractor_hues,68,-0.26549765,0.0,0.0,1.0,1.7167788
1,C_scene,unseen_distractor_hues,69,0.037735928,0.0,0.17777777777777778,1.0,1.9235935
1,C_scene,unseen_distractor_hues,70,0.13778986,1.0,0.5555555555555556,1.0,1.4905314
1,C_scene,unseen_distractor_hues,71,-0.22418037,0.0,0.0,1.0,3.1168547
1,C_scene,unseen_distractor_hues,72,0.27123612,0.0,0.4888888888888889,1.0,1.6532388
1,C_scene,unseen_distractor_hues,73,-0.0011782984,0.0,0.28888888888888886,1.0,1.5516051
1,C_scene,unseen_distractor_hues,74,-0.018009556,1.0,0.4222222222222222,1.0,1.1706562
1,C_scene,unseen_distractor_hues,75,0.07906966,1.0,0.5111111111111111,1.0,1.0122061
1,C_scene,unseen_distractor_hues,76,-0.07600317,0.0,0.0,1.0,3.411263
1,C_scene,unseen_distractor_hues,77,-0.18402195,0.0,0.0,1.0,1.7890615
1,C_scene,unseen_distractor_hues,78,-0.18425119,0.0,0.0,1.0,4.1335044
1,C_scene,unseen_distractor_hues,79,0.17765233,1.0,0.6,1.0,1.260918
1,C_scene,unseen_distractor_hues,80,-0.19495705,1.0,0.26666666666666666,1.0,1.4739031
1,C_scene,unseen_distractor_hues,81,-0.21020792,0.0,0.0,1.0,3.091727
1,C_scene,unseen_distractor_hues,82,-0.17774121,0.0,0.0,1.0,2.0219445
1,C_scene,unseen_distractor_hues,83,-0.28534377,0.0,0.0,1.0,3.3846219
1,C_scene,unseen_distractor_hues,84,-0.06295078,0.0,0.022222222222222223,1.0,2.1046865
1,C_scene,unseen_distractor_hues,85,-0.3251305,0.0,0.0,1.0,2.4748244
1,C_scene,unseen_distractor_hues,86,-0.24036357,0.0,0.0,1.0,4.8188577
1,C_scene,unseen_distractor_hues,87,-0.096900634,0.0,0.0,1.0,2.9632118
1,C_scene,unseen_distractor_hues,88,0.14865106,1.0,0.3333333333333333,1.0,1.3618103
1,C_scene,unseen_distractor_hues,89,-0.04218829,0.0,0.0,1.0,1.6395744
1,C_scene,unseen_distractor_hues,90,-0.2069491,0.0,0.0,1.0,2.1298478
1,C_scene,unseen_distractor_hues,91,-0.19827908,0.0,0.15555555555555556,1.0,2.2238367
1,C_scene,unseen_distractor_hues,92,-0.11615339,0.0,0.0,1.0,4.830702
1,C_scene,unseen_distractor_hues,93,-0.27327603,0.0,0.0,1.0,5.2351985
1,C_scene,unseen_distractor_hues,94,-0.15374279,0.0,0.0,1.0,4.323289
1,C_scene,unseen_distractor_hues,95,-0.16904227,0.0,0.0,1.0,3.4303436
1,C_scene,unseen_distractor_hues,96,-0.16685213,0.0,0.0,1.0,3.6921475
1,C_scene,unseen_distractor_hues,97,0.017331548,0.0,0.24444444444444444,1.0,2.2648273
1,C_scene,unseen_distractor_hues,98,-0.04378949,0.0,0.0,1.0,2.7886136
1,C_scene,unseen_distractor_hues,99,-0.118845485,1.0,0.044444444444444446,1.0,1.4344088
1,C_scene,heavy_pixel_noise,0,-0.07967526,0.0,0.0,1.0,3.398021
1,C_scene,heavy_pixel_noise,1,-0.20879835,0.0,0.0,1.0,6.6847205
1,C_scene,heavy_pixel_noise,2,-0.2705688,0.0,0.0,1.0,4.303162
1,C_scene,heavy_pixel_noise,3,-0.03901984,0.0,0.17777777777777778,1.0,2.5577078
1,C_scene,heavy_pixel_noise,4,-0.055705532,0.0,0.0,1.0,2.4674854
1,C_scene,heavy_pixel_noise,5,-0.34464282,0.0,0.0,1.0,5.597131
1,C_scene,heavy_pixel_noise,6,-0.07610624,0.0,0.0,1.0,3.8260427
1,C_scene,heavy_pixel_noise,7,-0.22742496,0.0,0.0,1.0,2.559755
1,C_scene,heavy_pixel_noise,8,-0.17304678,0.0,0.0,1.0,3.332868
1,C_scene,heavy_pixel_noise,9,0.009728727,1.0,0.4222222222222222,1.0,0.66381854
1,C_scene,heavy_pixel_noise,10,-0.21163648,0.0,0.0,1.0,2.3775985
1,C_scene,heavy_pixel_noise,11,-0.2312895,1.0,0.13333333333333333,1.0,1.4931687
1,C_scene,heavy_pixel_noise,12,-0.30680043,0.0,0.0,1.0,9.023042
1,C_scene,heavy_pixel_noise,13,-0.22491813,0.0,0.15555555555555556,1.0,2.0467732
1,C_scene,heavy_pixel_noise,14,-0.22353217,0.0,0.0,1.0,4.739233
1,C_scene,heavy_pixel_noise,15,-0.29415098,0.0,0.0,1.0,3.193968
1,C_scene,heavy_pixel_noise,16,-0.082003936,0.0,0.0,1.0,2.2268574
1,C_scene,heavy_pixel_noise,17,-0.18294667,0.0,0.0,1.0,8.43724
1,C_scene,heavy_pixel_noise,18,-0.07992767,0.0,0.24444444444444444,1.0,1.6524043
1,C_scene,heavy_pixel_noise,19,-0.13340671,1.0,0.24444444444444444,1.0,0.7136507
1,C_scene,heavy_pixel_noise,20,-0.12977575,0.0,0.0,1.0,2.8795192
1,C_scene,heavy_pixel_noise,21,-0.13129546,0.0,0.0,1.0,2.3460348
1,C_scene,heavy_pixel_noise,22,-0.06337916,0.0,0.0,1.0,3.3559594
1,C_scene,heavy_pixel_noise,23,0.19117492,1.0,0.5555555555555556,1.0,0.5102757
1,C_scene,heavy_pixel_noise,24,-0.13321503,0.0,0.022222222222222223,1.0,5.0682483
1,C_scene,heavy_pixel_noise,25,-0.21682183,0.0,0.0,1.0,6.8891096
1,C_scene,heavy_pixel_noise,26,-0.1151394,0.0,0.0,1.0,4.3652873
1,C_scene,heavy_pixel_noise,27,-0.17528097,0.0,0.0,0.0,7.686389
1,C_scene,heavy_pixel_noise,28,0.15505031,1.0,0.3333333333333333,1.0,0.19720067
1,C_scene,heavy_pixel_noise,29,-0.16602404,0.0,0.0,1.0,3.4510143
1,C_scene,heavy_pixel_noise,30,-0.30117434,0.0,0.0,1.0,5.791541
1,C_scene,heavy_pixel_noise,31,0.027008189,1.0,0.4,1.0,1.2444755
1,C_scene,heavy_pixel_noise,32,-0.33298296,0.0,0.0,1.0,6.028643
1,C_scene,heavy_pixel_noise,33,0.035751328,0.0,0.28888888888888886,1.0,1.7210469
1,C_scene,heavy_pixel_noise,34,-0.04862528,0.0,0.15555555555555556,1.0,2.1074078
1,C_scene,heavy_pixel_noise,35,0.031877354,0.0,0.1111111111111111,1.0,1.7177802
1,C_scene,heavy_pixel_noise,36,0.11428481,0.0,0.3333333333333333,1.0,2.463904
1,C_scene,heavy_pixel_noise,37,-0.29029286,0.0,0.0,1.0,2.5687582
1,C_scene,heavy_pixel_noise,38,-0.16640764,0.0,0.0,1.0,3.4365568
1,C_scene,heavy_pixel_noise,39,-0.038173642,1.0,0.4222222222222222,1.0,0.9481534
1,C_scene,heavy_pixel_noise,40,-0.117381476,0.0,0.0,1.0,3.6112387
1,C_scene,heavy_pixel_noise,41,-0.12577994,0.0,0.0,1.0,5.0879006
1,C_scene,heavy_pixel_noise,42,-0.12837522,0.0,0.0,1.0,2.4723341
1,C_scene,heavy_pixel_noise,43,-0.201541,0.0,0.0,1.0,4.8200107
1,C_scene,heavy_pixel_noise,44,-0.043347,0.0,0.13333333333333333,1.0,2.3863053
1,C_scene,heavy_pixel_noise,45,0.02810147,0.0,0.4222222222222222,1.0,1.5803905
1,C_scene,heavy_pixel_noise,46,-0.05654826,1.0,0.37777777777777777,1.0,0.6388487
1,C_scene,heavy_pixel_noise,47,-0.14922105,0.0,0.0,1.0,5.360675
1,C_scene,heavy_pixel_noise,48,-0.27901003,0.0,0.0,1.0,7.5839477
1,C_scene,heavy_pixel_noise,49,0.12793888,0.0,0.4888888888888889,1.0,1.6730752
1,C_scene,heavy_pixel_noise,50,-0.13604107,0.0,0.0,1.0,6.443727
1,C_scene,heavy_pixel_noise,51,-0.36021566,0.0,0.0,1.0,4.857214
1,C_scene,heavy_pixel_noise,52,-0.05327939,0.0,0.0,1.0,2.3623495
1,C_scene,heavy_pixel_noise,53,-0.20335789,0.0,0.0,1.0,4.7625513
1,C_scene,heavy_pixel_noise,54,-0.13625652,0.0,0.0,1.0,5.8646107
1,C_scene,heavy_pixel_noise,55,-0.08768107,0.0,0.26666666666666666,1.0,1.7018933
1,C_scene,heavy_pixel_noise,56,0.24556877,0.0,0.37777777777777777,1.0,2.0583482
1,C_scene,heavy_pixel_noise,57,-0.39229944,0.0,0.0,1.0,3.2059293
1,C_scene,heavy_pixel_noise,58,-0.13650753,0.0,0.0,1.0,3.6515305
1,C_scene,heavy_pixel_noise,59,-0.28522918,0.0,0.0,0.0,7.6614466
1,C_scene,heavy_pixel_noise,60,-0.18589403,1.0,0.24444444444444444,1.0,1.1231456
1,C_scene,heavy_pixel_noise,61,-0.0671273,0.0,0.13333333333333333,1.0,5.185658
1,C_scene,heavy_pixel_noise,62,-0.27000585,0.0,0.0,1.0,7.4339504
1,C_scene,heavy_pixel_noise,63,-0.18150847,0.0,0.0,1.0,5.181813
1,C_scene,heavy_pixel_noise,64,-0.34629926,0.0,0.0,1.0,9.511913
1,C_scene,heavy_pixel_noise,65,0.13259585,0.0,0.3333333333333333,1.0,3.0630538
1,C_scene,heavy_pixel_noise,66,-0.18309173,0.0,0.0,1.0,6.520046
1,C_scene,heavy_pixel_noise,67,-0.2254954,0.0,0.0,1.0,8.151716
1,C_scene,heavy_pixel_noise,68,-0.19361089,1.0,0.26666666666666666,1.0,0.8888401
1,C_scene,heavy_pixel_noise,69,0.15284735,1.0,0.5555555555555556,1.0,0.61640465
1,C_scene,heavy_pixel_noise,70,0.18690713,1.0,0.5777777777777777,1.0,0.6619613
1,C_scene,heavy_pixel_noise,71,-0.17442745,0.0,0.1111111111111111,1.0,1.7176297
1,C_scene,heavy_pixel_noise,72,0.119856805,0.0,0.17777777777777778,1.0,2.642057
1,C_scene,heavy_pixel_noise,73,-0.11755815,0.0,0.1111111111111111,1.0,6.051603
1,C_scene,heavy_pixel_noise,74,-0.20653756,0.0,0.0,1.0,2.8940675
1,C_scene,heavy_pixel_noise,75,0.043175884,0.0,0.24444444444444444,1.0,1.7178568
1,C_scene,heavy_pixel_noise,76,0.020760091,0.0,0.0,1.0,2.1582203
1,C_scene,heavy_pixel_noise,77,-0.30634877,0.0,0.0,1.0,3.8750453
1,C_scene,heavy_pixel_noise,78,-0.22040427,0.0,0.0,1.0,5.4472394
1,C_scene,heavy_pixel_noise,79,-0.19913055,0.0,0.0,1.0,4.8301673
1,C_scene,heavy_pixel_noise,80,-0.23609868,0.0,0.08888888888888889,1.0,2.9403923
1,C_scene,heavy_pixel_noise,81,-0.26116318,0.0,0.0,1.0,6.5397353
1,C_scene,heavy_pixel_noise,82,-0.1982734,0.0,0.0,1.0,1.5655315
1,C_scene,heavy_pixel_noise,83,-0.27122635,1.0,0.044444444444444446,1.0,1.4593338
1,C_scene,heavy_pixel_noise,84,-0.21126151,0.0,0.0,1.0,4.918749
1,C_scene,heavy_pixel_noise,85,-0.32808214,0.0,0.0,1.0,4.004432
1,C_scene,heavy_pixel_noise,86,-0.25569618,0.0,0.0,1.0,6.2044125
1,C_scene,heavy_pixel_noise,87,-0.2482329,0.0,0.0,1.0,8.772445
1,C_scene,heavy_pixel_noise,88,-0.12790686,0.0,0.0,1.0,7.5442896
1,C_scene,heavy_pixel_noise,89,-0.12149498,0.0,0.0,1.0,2.3302145
1,C_scene,heavy_pixel_noise,90,-0.26086923,0.0,0.0,1.0,2.4372497
1,C_scene,heavy_pixel_noise,91,-0.31924245,0.0,0.0,1.0,4.7161083
1,C_scene,heavy_pixel_noise,92,-0.11351038,0.0,0.0,1.0,4.4460864
1,C_scene,heavy_pixel_noise,93,-0.31447124,0.0,0.0,1.0,7.685348
1,C_scene,heavy_pixel_noise,94,-0.08002026,0.0,0.0,1.0,3.1674771
1,C_scene,heavy_pixel_noise,95,-0.16074906,0.0,0.0,1.0,2.5922215
1,C_scene,heavy_pixel_noise,96,-0.24049,0.0,0.0,1.0,4.6426897
1,C_scene,heavy_pixel_noise,97,0.09348782,1.0,0.4666666666666667,1.0,0.35798416
1,C_scene,heavy_pixel_noise,98,-0.075532764,0.0,0.0,1.0,2.6130507
1,C_scene,heavy_pixel_noise,99,-0.02882325,1.0,0.4444444444444444,1.0,1.0173671
1,D_latent,in_distribution,0,0.10685808,0.0,0.4444444444444444,1.0,1.7472224
1,D_latent,in_distribution,1,-0.025329115,0.0,0.15555555555555556,1.0,3.280135
1,D_latent,in_distribution,2,-0.087907836,0.0,0.24444444444444444,1.0,2.0325859
1,D_latent,in_distribution,3,0.06822581,1.0,0.5333333333333333,1.0,1.4262304
1,D_latent,in_distribution,4,0.0070129144,0.0,0.0,1.0,2.2020442
1,D_latent,in_distribution,5,-0.16992648,0.0,0.0,1.0,1.7840135
1,D_latent,in_distribution,6,-0.10510799,0.0,0.08888888888888889,1.0,4.862067
1,D_latent,in_distribution,7,-0.01116283,1.0,0.4222222222222222,1.0,0.19451411
1,D_latent,in_distribution,8,-0.21857971,0.0,0.0,1.0,4.4278135
1,D_latent,in_distribution,9,-0.24527764,0.0,0.0,1.0,7.5445385
1,D_latent,in_distribution,10,-0.04187438,0.0,0.3111111111111111,1.0,1.6391186
1,D_latent,in_distribution,11,-0.122309856,1.0,0.3333333333333333,1.0,0.9029936
1,D_latent,in_distribution,12,-0.17801327,0.0,0.0,1.0,5.4810214
1,D_latent,in_distribution,13,-0.21390763,0.0,0.2,1.0,2.355836
1,D_latent,in_distribution,14,0.122019224,1.0,0.5333333333333333,1.0,1.1870444
1,D_latent,in_distribution,15,-0.20663185,0.0,0.022222222222222223,1.0,3.0256743
1,D_latent,in_distribution,16,0.029013371,0.0,0.0,1.0,2.2651286
1,D_latent,in_distribution,17,-0.1790244,0.0,0.0,1.0,6.908258
1,D_latent,in_distribution,18,-0.002155478,0.0,0.37777777777777777,1.0,1.6940956
1,D_latent,in_distribution,19,-0.18176219,0.0,0.1111111111111111,1.0,2.8697052
1,D_latent,in_distribution,20,-0.09324898,0.0,0.0,1.0,2.6443372
1,D_latent,in_distribution,21,-0.06733394,0.0,0.022222222222222223,1.0,2.424093
1,D_latent,in_distribution,22,0.19569522,1.0,0.6,1.0,1.0462168
1,D_latent,in_distribution,23,0.20532006,1.0,0.7111111111111111,1.0,1.0504764
1,D_latent,in_distribution,24,-0.051329352,0.0,0.13333333333333333,1.0,3.2213004
1,D_latent,in_distribution,25,-0.05374858,1.0,0.26666666666666666,1.0,1.0390643
1,D_latent,in_distribution,26,0.10984456,1.0,0.24444444444444444,1.0,0.5990844
1,D_latent,in_distribution,27,-0.066251144,0.0,0.0,1.0,2.5174487
1,D_latent,in_distribution,28,-0.04645631,0.0,0.0,1.0,2.5312202
1,D_latent,in_distribution,29,-0.007984051,0.0,0.17777777777777778,1.0,2.5345237
1,D_latent,in_distribution,30,-0.25887868,0.0,0.0,1.0,4.2660174
1,D_latent,in_distribution,31,-0.06490677,0.0,0.0,1.0,2.3268218
1,D_latent,in_distribution,32,-0.16063383,1.0,0.17777777777777778,1.0,1.2806287
1,D_latent,in_distribution,33,-0.116122164,0.0,0.0,1.0,2.48432
1,D_latent,in_distribution,34,-0.0005505032,1.0,0.26666666666666666,1.0,0.72405326
1,D_latent,in_distribution,35,-0.07497077,0.0,0.0,1.0,2.7475634
1,D_latent,in_distribution,36,0.017702948,0.0,0.0,1.0,2.2617602
1,D_latent,in_distribution,37,-0.14091901,0.0,0.2222222222222222,1.0,2.0207334
1,D_latent,in_distribution,38,0.0057980916,1.0,0.08888888888888889,1.0,1.4285688
1,D_latent,in_distribution,39,-0.1227891,0.0,0.1111111111111111,1.0,1.770049
1,D_latent,in_distribution,40,-0.20290303,0.0,0.0,1.0,4.5288935
1,D_latent,in_distribution,41,-0.111402996,0.0,0.0,1.0,3.566718
1,D_latent,in_distribution,42,0.10916445,1.0,0.37777777777777777,1.0,1.3275445
1,D_latent,in_distribution,43,-0.0071753603,0.0,0.13333333333333333,1.0,2.3855457
1,D_latent,in_distribution,44,-0.124597095,0.0,0.08888888888888889,1.0,2.121764
1,D_latent,in_distribution,45,0.13130851,1.0,0.4888888888888889,1.0,0.23517272
1,D_latent,in_distribution,46,-0.096132375,0.0,0.2,1.0,1.869519
1,D_latent,in_distribution,47,-0.106918365,0.0,0.0,1.0,5.4622765
1,D_latent,in_distribution,48,-0.11492249,0.0,0.0,1.0,2.8515701
1,D_latent,in_distribution,49,0.03501518,0.0,0.2,1.0,3.2280316
1,D_latent,in_distribution,50,-0.13846205,0.0,0.022222222222222223,1.0,6.0254135
1,D_latent,in_distribution,51,-0.12501143,1.0,0.3333333333333333,1.0,0.45220786
1,D_latent,in_distribution,52,0.20241426,1.0,0.6,1.0,1.2997346
1,D_latent,in_distribution,53,-0.12879473,0.0,0.044444444444444446,1.0,3.5892496
1,D_latent,in_distribution,54,0.190241,1.0,0.6666666666666666,1.0,1.4108238
1,D_latent,in_distribution,55,-0.13486888,0.0,0.0,1.0,1.9667332
1,D_latent,in_distribution,56,0.11005386,0.0,0.2,1.0,2.1537755
1,D_latent,in_distribution,57,-0.2716539,0.0,0.06666666666666667,1.0,1.9565889
1,D_latent,in_distribution,58,0.03141386,1.0,0.3333333333333333,1.0,0.9518939
1,D_latent,in_distribution,59,0.0061287773,0.0,0.26666666666666666,1.0,1.5824876
1,D_latent,in_distribution,60,-0.22459263,0.0,0.06666666666666667,1.0,2.2467027
1,D_latent,in_distribution,61,-0.11250767,0.0,0.0,1.0,3.2313228
1,D_latent,in_distribution,62,-0.120660976,0.0,0.0,1.0,3.6172233
1,D_latent,in_distribution,63,-0.09617352,0.0,0.0,1.0,2.7209034
1,D_latent,in_distribution,64,-0.15591224,0.0,0.0,1.0,2.2464511
1,D_latent,in_distribution,65,0.15096927,0.0,0.2222222222222222,1.0,1.8878944
1,D_latent,in_distribution,66,0.037173912,1.0,0.08888888888888889,1.0,1.544136
1,D_latent,in_distribution,67,-0.01606083,0.0,0.0,1.0,1.6692029
1,D_latent,in_distribution,68,-0.16004546,1.0,0.3333333333333333,1.0,0.71132183
1,D_latent,in_distribution,69,-0.07007503,0.0,0.044444444444444446,1.0,3.415067
1,D_latent,in_distribution,70,0.050051108,0.0,0.2,1.0,2.406838
1,D_latent,in_distribution,71,-0.16187024,0.0,0.0,1.0,2.6699743
1,D_latent,in_distribution,72,0.04080542,0.0,0.17777777777777778,1.0,3.9011774
1,D_latent,in_distribution,73,0.025931507,0.0,0.0,1.0,1.6805307
1,D_latent,in_distribution,74,0.008325427,1.0,0.4444444444444444,1.0,0.9685698
1,D_latent,in_distribution,75,0.010385967,0.0,0.17777777777777778,1.0,1.9820399
1,D_latent,in_distribution,76,-0.12356722,0.0,0.0,1.0,2.62822
1,D_latent,in_distribution,77,-0.09424993,1.0,0.3333333333333333,1.0,0.4671902
1,D_latent,in_distribution,78,-0.13750738,0.0,0.0,1.0,1.7505472
1,D_latent,in_distribution,79,0.02612478,1.0,0.13333333333333333,1.0,0.9652755
1,D_latent,in_distribution,80,-0.21704103,0.0,0.13333333333333333,1.0,2.284185
1,D_latent,in_distribution,81,-0.22260836,0.0,0.0,1.0,2.4340832
1,D_latent,in_distribution,82,-0.18436587,1.0,0.08888888888888889,1.0,1.1958927
1,D_latent,in_distribution,83,-0.12707266,1.0,0.3333333333333333,1.0,0.5791155
1,D_latent,in_distribution,84,-0.17630868,0.0,0.0,1.0,3.1600084
1,D_latent,in_distribution,85,-0.22552595,0.0,0.06666666666666667,1.0,2.4045053
1,D_latent,in_distribution,86,0.0054913247,1.0,0.3333333333333333,1.0,0.8462264
1,D_latent,in_distribution,87,-0.109836355,0.0,0.022222222222222223,1.0,5.4273043
1,D_latent,in_distribution,88,0.06726196,0.0,0.2222222222222222,1.0,2.7086515
1,D_latent,in_distribution,89,-0.0897841,0.0,0.0,1.0,2.9124339
1,D_latent,in_distribution,90,-0.14069149,1.0,0.2,1.0,1.0502341
1,D_latent,in_distribution,91,-0.17924513,1.0,0.26666666666666666,1.0,0.8589264
1,D_latent,in_distribution,92,-0.08335252,0.0,0.0,1.0,3.1616282
1,D_latent,in_distribution,93,-0.24237527,0.0,0.0,1.0,5.7874746
1,D_latent,in_distribution,94,-0.1110822,0.0,0.0,1.0,3.268053
1,D_latent,in_distribution,95,-0.11665748,0.0,0.0,1.0,2.363156
1,D_latent,in_distribution,96,-0.014348472,1.0,0.4222222222222222,1.0,1.1459541
1,D_latent,in_distribution,97,-0.084759325,0.0,0.06666666666666667,1.0,3.1443515
1,D_latent,in_distribution,98,0.14162563,1.0,0.4,1.0,0.61300325
1,D_latent,in_distribution,99,-0.13717428,0.0,0.1111111111111111,1.0,2.7981093
1,D_latent,4_distractors,0,0.12050945,0.0,0.5333333333333333,1.0,1.5930684
1,D_latent,4_distractors,1,0.034948412,0.0,0.24444444444444444,1.0,2.4387333
1,D_latent,4_distractors,2,-0.08381148,0.0,0.24444444444444444,1.0,1.8150142
1,D_latent,4_distractors,3,0.071780056,1.0,0.5111111111111111,1.0,1.239479
1,D_latent,4_distractors,4,-0.0063459524,0.0,0.0,1.0,1.9716653
1,D_latent,4_distractors,5,-0.14609072,1.0,0.26666666666666666,1.0,1.3571651
1,D_latent,4_distractors,6,-0.15397047,0.0,0.08888888888888889,1.0,8.010091
1,D_latent,4_distractors,7,-0.054468982,1.0,0.4,1.0,1.3705673
1,D_latent,4_distractors,8,-0.2339859,0.0,0.0,1.0,4.962238
1,D_latent,4_distractors,9,-0.21791607,0.0,0.0,1.0,6.444021
1,D_latent,4_distractors,10,-0.09428561,0.0,0.15555555555555556,1.0,2.218265
1,D_latent,4_distractors,11,-0.13220404,1.0,0.3333333333333333,1.0,1.2712988
1,D_latent,4_distractors,12,-0.15483916,0.0,0.0,1.0,4.0140357
1,D_latent,4_distractors,13,-0.19731872,0.0,0.2222222222222222,1.0,1.983298
1,D_latent,4_distractors,14,0.08429183,1.0,0.35555555555555557,1.0,1.3695198
1,D_latent,4_distractors,15,-0.20840289,0.0,0.0,1.0,2.8527799
1,D_latent,4_distractors,16,-0.010755118,0.0,0.0,1.0,2.4532642
1,D_latent,4_distractors,17,-0.17521705,0.0,0.0,1.0,7.0192266
1,D_latent,4_distractors,18,0.0091085015,1.0,0.4222222222222222,1.0,1.3139472
1,D_latent,4_distractors,19,-0.2084964,0.0,0.1111111111111111,1.0,4.8022776
1,D_latent,4_distractors,20,0.09585052,1.0,0.26666666666666666,1.0,0.83299553
1,D_latent,4_distractors,21,-0.06028263,0.0,0.044444444444444446,1.0,2.2900326
1,D_latent,4_distractors,22,0.16041468,1.0,0.6,1.0,1.262005
1,D_latent,4_distractors,23,0.20467943,1.0,0.7111111111111111,1.0,1.1961975
1,D_latent,4_distractors,24,-0.017822523,0.0,0.15555555555555556,1.0,2.76795
1,D_latent,4_distractors,25,-0.11718946,1.0,0.2,1.0,1.0359764
1,D_latent,4_distractors,26,0.06367496,1.0,0.15555555555555556,1.0,0.9041164
1,D_latent,4_distractors,27,-0.07684052,0.0,0.0,1.0,2.797035
1,D_latent,4_distractors,28,-0.06761097,0.0,0.0,1.0,2.595273
1,D_latent,4_distractors,29,0.035767402,0.0,0.26666666666666666,1.0,2.0398788
1,D_latent,4_distractors,30,-0.2596469,0.0,0.0,1.0,4.0916576
1,D_latent,4_distractors,31,-0.072168835,0.0,0.0,1.0,2.4068625
1,D_latent,4_distractors,32,-0.15461506,1.0,0.24444444444444444,1.0,0.9250536
1,D_latent,4_distractors,33,-0.105449274,0.0,0.0,1.0,2.3661125
1,D_latent,4_distractors,34,-0.023763526,1.0,0.2222222222222222,1.0,1.0850198
1,D_latent,4_distractors,35,-0.116182044,0.0,0.0,1.0,3.0727293
1,D_latent,4_distractors,36,0.10358419,1.0,0.3333333333333333,1.0,1.3374776
1,D_latent,4_distractors,37,-0.13783246,0.0,0.2222222222222222,1.0,2.0409307
1,D_latent,4_distractors,38,-0.09452833,0.0,0.0,1.0,1.8389454
1,D_latent,4_distractors,39,-0.11174481,0.0,0.13333333333333333,1.0,1.7317748
1,D_latent,4_distractors,40,-0.21406323,0.0,0.0,1.0,4.8319564
1,D_latent,4_distractors,41,-0.09965839,0.0,0.044444444444444446,1.0,3.4169142
1,D_latent,4_distractors,42,0.15999964,1.0,0.5777777777777777,1.0,0.9031932
1,D_latent,4_distractors,43,-0.09019166,0.0,0.0,1.0,1.7373238
1,D_latent,4_distractors,44,-0.13087751,0.0,0.06666666666666667,1.0,2.237086
1,D_latent,4_distractors,45,0.069171675,1.0,0.5111111111111111,1.0,1.2070115
1,D_latent,4_distractors,46,-0.098236434,0.0,0.2,1.0,1.8558971
1,D_latent,4_distractors,47,-0.13397582,0.0,0.0,1.0,5.42549
1,D_latent,4_distractors,48,-0.11766627,0.0,0.0,1.0,2.9186738
1,D_latent,4_distractors,49,0.001954113,0.0,0.17777777777777778,1.0,3.7450373
1,D_latent,4_distractors,50,-0.14707673,0.0,0.0,1.0,6.0442276
1,D_latent,4_distractors,51,-0.17200166,1.0,0.28888888888888886,1.0,0.8646411
1,D_latent,4_distractors,52,0.21772175,1.0,0.6,1.0,1.1707165
1,D_latent,4_distractors,53,-0.11899343,0.0,0.06666666666666667,1.0,3.6230364
1,D_latent,4_distractors,54,0.0929069,0.0,0.0,1.0,2.002118
1,D_latent,4_distractors,55,-0.16531478,0.0,0.0,1.0,1.9425704
1,D_latent,4_distractors,56,0.065178335,0.0,0.17777777777777778,1.0,2.7357395
1,D_latent,4_distractors,57,-0.27387604,0.0,0.022222222222222223,1.0,1.7545199
1,D_latent,4_distractors,58,0.045478635,1.0,0.37777777777777777,1.0,1.2098843
1,D_latent,4_distractors,59,-0.03386366,0.0,0.13333333333333333,1.0,2.2114735
1,D_latent,4_distractors,60,-0.22796856,0.0,0.06666666666666667,1.0,2.3190672
1,D_latent,4_distractors,61,-0.12624873,0.0,0.0,1.0,3.710065
1,D_latent,4_distractors,62,-0.0911615,0.0,0.1111111111111111,1.0,3.3965378
1,D_latent,4_distractors,63,-0.08326205,0.0,0.0,1.0,2.5074348
1,D_latent,4_distractors,64,-0.14489795,0.0,0.0,1.0,2.073803
1,D_latent,4_distractors,65,0.13215038,0.0,0.2,1.0,1.7973895
1,D_latent,4_distractors,66,0.055475034,1.0,0.15555555555555556,1.0,1.3490939
1,D_latent,4_distractors,67,-0.048749372,0.0,0.0,1.0,1.8828231
1,D_latent,4_distractors,68,-0.21267168,1.0,0.2222222222222222,1.0,1.3178798
1,D_latent,4_distractors,69,-0.066306435,0.0,0.08888888888888889,1.0,3.36028
1,D_latent,4_distractors,70,0.111787826,0.0,0.26666666666666666,1.0,1.556056
1,D_latent,4_distractors,71,-0.044459708,1.0,0.37777777777777777,1.0,0.81633556
1,D_latent,4_distractors,72,0.0075088423,0.0,0.15555555555555556,1.0,4.3689017
1,D_latent,4_distractors,73,0.054737102,1.0,0.4222222222222222,1.0,1.4300965
1,D_latent,4_distractors,74,0.011425258,1.0,0.4444444444444444,1.0,0.65199584
1,D_latent,4_distractors,75,0.08217185,1.0,0.5333333333333333,1.0,1.0420581
1,D_latent,4_distractors,76,-0.07194742,0.0,0.0,1.0,2.1179404
1,D_latent,4_distractors,77,-0.09542107,1.0,0.37777777777777777,1.0,1.4465922
1,D_latent,4_distractors,78,-0.15358077,0.0,0.0,1.0,2.4823442
1,D_latent,4_distractors,79,0.020263605,1.0,0.08888888888888889,1.0,1.1629711
1,D_latent,4_distractors,80,-0.23678015,0.0,0.0,1.0,2.3313951
1,D_latent,4_distractors,81,-0.22679877,0.0,0.0,1.0,2.4284413
1,D_latent,4_distractors,82,-0.22479099,0.0,0.0,1.0,2.0473855
1,D_latent,4_distractors,83,-0.12234711,1.0,0.3333333333333333,1.0,0.48882616
1,D_latent,4_distractors,84,-0.16177051,0.0,0.0,1.0,2.78253
1,D_latent,4_distractors,85,-0.19905747,1.0,0.2222222222222222,1.0,1.1378917
1,D_latent,4_distractors,86,0.01788706,1.0,0.3111111111111111,1.0,0.14531259
1,D_latent,4_distractors,87,-0.11953553,0.0,0.0,1.0,5.704748
1,D_latent,4_distractors,88,-0.00054989534,0.0,0.0,1.0,3.284491
1,D_latent,4_distractors,89,-0.07448535,0.0,0.0,1.0,3.030932
1,D_latent,4_distractors,90,-0.16576831,1.0,0.044444444444444446,1.0,1.4658167
1,D_latent,4_distractors,91,-0.15798822,1.0,0.28888888888888886,1.0,0.5252569
1,D_latent,4_distractors,92,-0.084856376,0.0,0.0,1.0,3.0894015
1,D_latent,4_distractors,93,-0.23826976,0.0,0.0,1.0,5.3401875
1,D_latent,4_distractors,94,-0.11731911,0.0,0.0,1.0,3.41604
1,D_latent,4_distractors,95,-0.07786213,0.0,0.0,1.0,2.0405672
1,D_latent,4_distractors,96,-0.0477096,1.0,0.37777777777777777,1.0,1.5028939
1,D_latent,4_distractors,97,-0.013061847,0.0,0.17777777777777778,1.0,2.3510063
1,D_latent,4_distractors,98,0.08728688,1.0,0.28888888888888886,1.0,1.201893
1,D_latent,4_distractors,99,-0.11827373,0.0,0.13333333333333333,1.0,2.518028
1,D_latent,fast_distractors,0,0.046061214,0.0,0.0,1.0,1.975413
1,D_latent,fast_distractors,1,-0.01533992,0.0,0.17777777777777778,1.0,3.2696087
1,D_latent,fast_distractors,2,-0.10232155,0.0,0.2,1.0,2.3225882
1,D_latent,fast_distractors,3,0.0687927,1.0,0.5333333333333333,1.0,1.1894796
1,D_latent,fast_distractors,4,0.018947603,0.0,0.0,1.0,2.0597131
1,D_latent,fast_distractors,5,-0.19137087,0.0,0.0,1.0,2.1915095
1,D_latent,fast_distractors,6,-0.122832425,0.0,0.08888888888888889,1.0,5.8739557
1,D_latent,fast_distractors,7,-0.0108090555,1.0,0.4222222222222222,1.0,0.01679013
1,D_latent,fast_distractors,8,-0.21749587,0.0,0.0,1.0,4.3976045
1,D_latent,fast_distractors,9,-0.25370815,0.0,0.0,1.0,7.536689
1,D_latent,fast_distractors,10,-0.080390885,0.0,0.17777777777777778,1.0,2.0883973
1,D_latent,fast_distractors,11,-0.1232741,1.0,0.3333333333333333,1.0,0.9027369
1,D_latent,fast_distractors,12,-0.17977089,0.0,0.0,1.0,5.664574
1,D_latent,fast_distractors,13,-0.19743638,0.0,0.2222222222222222,1.0,1.8922129
1,D_latent,fast_distractors,14,0.12846373,1.0,0.5333333333333333,1.0,0.9611896
1,D_latent,fast_distractors,15,-0.22290221,0.0,0.0,1.0,3.36983
1,D_latent,fast_distractors,16,0.020277612,0.0,0.0,1.0,2.3891685
1,D_latent,fast_distractors,17,-0.17813377,0.0,0.0,1.0,6.9350414
1,D_latent,fast_distractors,18,-0.06981003,0.0,0.15555555555555556,1.0,2.4101284
1,D_latent,fast_distractors,19,-0.17702061,0.0,0.13333333333333333,1.0,3.2112525
1,D_latent,fast_distractors,20,-0.03528212,0.0,0.0,1.0,2.0295346
1,D_latent,fast_distractors,21,-0.07555354,0.0,0.022222222222222223,1.0,2.7172565
1,D_latent,fast_distractors,22,0.17936715,1.0,0.6,1.0,1.0944458
1,D_latent,fast_distractors,23,0.2393972,1.0,0.7111111111111111,1.0,0.62600505
1,D_latent,fast_distractors,24,-0.044983108,0.0,0.1111111111111111,1.0,2.8638072
1,D_latent,fast_distractors,25,-0.11143305,1.0,0.08888888888888889,1.0,1.3108796
1,D_latent,fast_distractors,26,0.113348834,1.0,0.26666666666666666,1.0,0.6710614
1,D_latent,fast_distractors,27,-0.03878684,0.0,0.0,1.0,2.3777204
1,D_latent,fast_distractors,28,-0.05643885,0.0,0.0,1.0,2.6288364
1,D_latent,fast_distractors,29,-0.0038635689,0.0,0.2,1.0,2.5882018
1,D_latent,fast_distractors,30,-0.25516295,0.0,0.0,1.0,4.122664
1,D_latent,fast_distractors,31,-0.06554206,0.0,0.0,1.0,2.320022
1,D_latent,fast_distractors,32,-0.1489081,1.0,0.28888888888888886,1.0,0.8404437
1,D_latent,fast_distractors,33,-0.111536056,0.0,0.0,1.0,2.5692825
1,D_latent,fast_distractors,34,0.013562397,1.0,0.3111111111111111,1.0,1.3237833
1,D_latent,fast_distractors,35,-0.098272756,0.0,0.0,1.0,3.055181
1,D_latent,fast_distractors,36,0.037854448,0.0,0.0,1.0,1.8625296
1,D_latent,fast_distractors,37,-0.1548705,0.0,0.17777777777777778,1.0,2.1785781
1,D_latent,fast_distractors,38,-0.027094143,1.0,0.044444444444444446,1.0,1.4610367
1,D_latent,fast_distractors,39,-0.11247735,0.0,0.1111111111111111,1.0,1.6939741
1,D_latent,fast_distractors,40,-0.20291191,0.0,0.0,1.0,4.436554
1,D_latent,fast_distractors,41,-0.114047185,0.0,0.0,1.0,3.4996715
1,D_latent,fast_distractors,42,0.1338378,1.0,0.6,1.0,1.1902574
1,D_latent,fast_distractors,43,-0.024615534,0.0,0.044444444444444446,1.0,2.2888224
1,D_latent,fast_distractors,44,-0.11589609,0.0,0.08888888888888889,1.0,1.8253943
1,D_latent,fast_distractors,45,0.14249612,1.0,0.5333333333333333,1.0,0.3942144
1,D_latent,fast_distractors,46,-0.090978846,0.0,0.2222222222222222,1.0,1.8049281
1,D_latent,fast_distractors,47,-0.1130156,0.0,0.0,1.0,5.455095
1,D_latent,fast_distractors,48,-0.112951145,0.0,0.0,1.0,2.739309
1,D_latent,fast_distractors,49,0.02679894,0.0,0.2,1.0,3.303078
1,D_latent,fast_distractors,50,-0.14180681,0.0,0.022222222222222223,1.0,6.0529337
1,D_latent,fast_distractors,51,-0.13815643,1.0,0.3333333333333333,1.0,0.77604586
1,D_latent,fast_distractors,52,0.22029486,1.0,0.5777777777777777,1.0,0.9200621
1,D_latent,fast_distractors,53,-0.078647256,0.0,0.08888888888888889,1.0,2.959123
1,D_latent,fast_distractors,54,0.19046773,1.0,0.6666666666666666,1.0,1.3763182
1,D_latent,fast_distractors,55,-0.12858035,0.0,0.0,1.0,1.994444
1,D_latent,fast_distractors,56,0.09029371,0.0,0.2,1.0,2.5918288
1,D_latent,fast_distractors,57,-0.26801503,0.0,0.1111111111111111,1.0,1.9274503
1,D_latent,fast_distractors,58,0.009604391,1.0,0.26666666666666666,1.0,1.1252131
1,D_latent,fast_distractors,59,0.034633063,1.0,0.4666666666666667,1.0,1.3713053
1,D_latent,fast_distractors,60,-0.24019991,0.0,0.044444444444444446,1.0,2.8253915
1,D_latent,fast_distractors,61,-0.1097059,0.0,0.0,1.0,3.0896587
1,D_latent,fast_distractors,62,-0.11833226,0.0,0.0,1.0,3.5531201
1,D_latent,fast_distractors,63,-0.10128973,0.0,0.0,1.0,2.9426153
1,D_latent,fast_distractors,64,-0.15420368,0.0,0.0,1.0,2.16924
1,D_latent,fast_distractors,65,0.14559492,0.0,0.2222222222222222,1.0,1.839738
1,D_latent,fast_distractors,66,0.056824412,1.0,0.17777777777777778,1.0,1.2123635
1,D_latent,fast_distractors,67,-0.033380017,0.0,0.0,1.0,2.1856394
1,D_latent,fast_distractors,68,-0.20145455,1.0,0.3111111111111111,1.0,1.4416038
1,D_latent,fast_distractors,69,-0.042124707,0.0,0.1111111111111111,1.0,3.233359
1,D_latent,fast_distractors,70,0.04625318,0.0,0.17777777777777778,1.0,2.455926
1,D_latent,fast_distractors,71,-0.09337066,0.0,0.2,1.0,2.0360062
1,D_latent,fast_distractors,72,0.083854266,0.0,0.24444444444444444,1.0,3.9217603
1,D_latent,fast_distractors,73,0.03809622,1.0,0.2222222222222222,1.0,1.1705714
1,D_latent,fast_distractors,74,-0.009380397,1.0,0.4444444444444444,1.0,1.2110484
1,D_latent,fast_distractors,75,0.04848721,1.0,0.28888888888888886,1.0,1.3924171
1,D_latent,fast_distractors,76,-0.11353631,0.0,0.0,1.0,2.4175599
1,D_latent,fast_distractors,77,-0.101104766,1.0,0.3333333333333333,1.0,0.891708
1,D_latent,fast_distractors,78,-0.12596314,0.0,0.0,1.0,1.9246219
1,D_latent,fast_distractors,79,0.034567438,1.0,0.1111111111111111,1.0,1.0184245
1,D_latent,fast_distractors,80,-0.21751787,0.0,0.1111111111111111,1.0,2.2458808
1,D_latent,fast_distractors,81,-0.23064198,0.0,0.0,1.0,2.39709
1,D_latent,fast_distractors,82,-0.21579938,0.0,0.0,1.0,1.699305
1,D_latent,fast_distractors,83,-0.13337596,1.0,0.3333333333333333,1.0,0.569065
1,D_latent,fast_distractors,84,-0.17365754,0.0,0.0,1.0,3.1444688
1,D_latent,fast_distractors,85,-0.21695046,0.0,0.17777777777777778,1.0,1.6408095
1,D_latent,fast_distractors,86,0.014010472,1.0,0.3111111111111111,1.0,0.12512003
1,D_latent,fast_distractors,87,-0.13428888,0.0,0.0,1.0,5.7877593
1,D_latent,fast_distractors,88,0.06926605,0.0,0.2222222222222222,1.0,3.1252358
1,D_latent,fast_distractors,89,-0.075728916,0.0,0.0,1.0,2.7979567
1,D_latent,fast_distractors,90,-0.1339581,1.0,0.2222222222222222,1.0,0.85338587
1,D_latent,fast_distractors,91,-0.181869,1.0,0.26666666666666666,1.0,0.87138313
1,D_latent,fast_distractors,92,-0.07053106,0.0,0.0,1.0,3.1029787
1,D_latent,fast_distractors,93,-0.24189544,0.0,0.0,1.0,5.9107094
1,D_latent,fast_distractors,94,-0.12168812,0.0,0.0,1.0,4.1728315
1,D_latent,fast_distractors,95,-0.05881218,1.0,0.15555555555555556,1.0,1.3363181
1,D_latent,fast_distractors,96,-0.03406839,1.0,0.4222222222222222,1.0,1.3440008
1,D_latent,fast_distractors,97,-0.07819172,0.0,0.08888888888888889,1.0,3.0594194
1,D_latent,fast_distractors,98,0.1298784,1.0,0.4,1.0,0.92284036
1,D_latent,fast_distractors,99,-0.13486788,0.0,0.1111111111111111,1.0,2.3178685
1,D_latent,unseen_distractor_hues,0,0.051379267,0.0,0.0,1.0,2.0556917
1,D_latent,unseen_distractor_hues,1,-0.0018012825,0.0,0.15555555555555556,1.0,2.698763
1,D_latent,unseen_distractor_hues,2,-0.07010073,0.0,0.3333333333333333,1.0,1.5980351
1,D_latent,unseen_distractor_hues,3,0.06561603,1.0,0.5333333333333333,1.0,1.4029628
1,D_latent,unseen_distractor_hues,4,0.017534524,0.0,0.0,1.0,2.1152153
1,D_latent,unseen_distractor_hues,5,-0.20916599,0.0,0.0,1.0,2.319446
1,D_latent,unseen_distractor_hues,6,-0.12422399,0.0,0.1111111111111111,1.0,5.7985826
1,D_latent,unseen_distractor_hues,7,-0.01127482,1.0,0.4444444444444444,1.0,0.3285135
1,D_latent,unseen_distractor_hues,8,-0.21646413,0.0,0.0,1.0,4.4093685
1,D_latent,unseen_distractor_hues,9,-0.20288542,0.0,0.0,1.0,6.0546627
1,D_latent,unseen_distractor_hues,10,-0.062776215,0.0,0.2222222222222222,1.0,1.9193255
1,D_latent,unseen_distractor_hues,11,-0.119320214,1.0,0.3111111111111111,1.0,0.32791278
1,D_latent,unseen_distractor_hues,12,-0.19149378,0.0,0.0,1.0,5.6734834
1,D_latent,unseen_distractor_hues,13,-0.21113434,0.0,0.17777777777777778,1.0,2.3683577
1,D_latent,unseen_distractor_hues,14,0.13598762,1.0,0.5111111111111111,1.0,0.80859226
1,D_latent,unseen_distractor_hues,15,-0.18956648,0.0,0.1111111111111111,1.0,2.8785517
1,D_latent,unseen_distractor_hues,16,0.024328638,0.0,0.0,1.0,2.214675
1,D_latent,unseen_distractor_hues,17,-0.17881685,0.0,0.0,1.0,6.9971933
1,D_latent,unseen_distractor_hues,18,-0.038281303,0.0,0.2222222222222222,1.0,1.6644799
1,D_latent,unseen_distractor_hues,19,-0.1919466,0.0,0.08888888888888889,1.0,3.2195866
1,D_latent,unseen_distractor_hues,20,0.08180238,1.0,0.28888888888888886,1.0,0.7871164
1,D_latent,unseen_distractor_hues,21,-0.06290145,0.0,0.022222222222222223,1.0,2.358623
1,D_latent,unseen_distractor_hues,22,0.15192078,1.0,0.5555555555555556,1.0,1.1210601
1,D_latent,unseen_distractor_hues,23,0.1473259,0.0,0.24444444444444444,1.0,1.5819308
1,D_latent,unseen_distractor_hues,24,-0.042373493,0.0,0.13333333333333333,1.0,2.997855
1,D_latent,unseen_distractor_hues,25,-0.15715106,1.0,0.022222222222222223,1.0,1.5307349
1,D_latent,unseen_distractor_hues,26,0.10905324,1.0,0.24444444444444444,1.0,0.80036235
1,D_latent,unseen_distractor_hues,27,-0.016717693,0.0,0.0,1.0,2.2362695
1,D_latent,unseen_distractor_hues,28,-0.060896043,0.0,0.0,1.0,2.470532
1,D_latent,unseen_distractor_hues,29,0.016411867,0.0,0.24444444444444444,1.0,2.1994653
1,D_latent,unseen_distractor_hues,30,-0.24945892,0.0,0.0,1.0,3.8990483
1,D_latent,unseen_distractor_hues,31,-0.05969868,0.0,0.0,1.0,2.3255854
1,D_latent,unseen_distractor_hues,32,-0.15374729,1.0,0.3333333333333333,1.0,1.1651477
1,D_latent,unseen_distractor_hues,33,-0.11119993,0.0,0.0,1.0,2.478598
1,D_latent,unseen_distractor_hues,34,-0.013901114,1.0,0.24444444444444444,1.0,1.2235558
1,D_latent,unseen_distractor_hues,35,0.0092127,0.0,0.0,1.0,1.8589392
1,D_latent,unseen_distractor_hues,36,-0.06193534,0.0,0.0,1.0,3.6056402
1,D_latent,unseen_distractor_hues,37,-0.163444,0.0,0.15555555555555556,1.0,2.044968
1,D_latent,unseen_distractor_hues,38,-0.10267124,0.0,0.0,1.0,1.9880222
1,D_latent,unseen_distractor_hues,39,-0.11748046,0.0,0.13333333333333333,1.0,1.6978606
1,D_latent,unseen_distractor_hues,40,-0.097226374,0.0,0.0,1.0,2.9235814
1,D_latent,unseen_distractor_hues,41,-0.079375006,0.0,0.08888888888888889,1.0,2.8587787
1,D_latent,unseen_distractor_hues,42,0.17998163,1.0,0.5777777777777777,1.0,0.8149546
1,D_latent,unseen_distractor_hues,43,0.0064765415,0.0,0.15555555555555556,1.0,2.2528408
1,D_latent,unseen_distractor_hues,44,-0.12958731,0.0,0.06666666666666667,1.0,2.219514
1,D_latent,unseen_distractor_hues,45,0.1319858,1.0,0.5333333333333333,1.0,0.44523895
1,D_latent,unseen_distractor_hues,46,-0.10931309,0.0,0.17777777777777778,1.0,1.8678712
1,D_latent,unseen_distractor_hues,47,-0.12548272,0.0,0.0,1.0,5.367824
1,D_latent,unseen_distractor_hues,48,-0.12810007,0.0,0.0,1.0,2.318563
1,D_latent,unseen_distractor_hues,49,0.038000103,0.0,0.2222222222222222,1.0,3.1576705
1,D_latent,unseen_distractor_hues,50,-0.14332636,0.0,0.022222222222222223,1.0,6.0736613
1,D_latent,unseen_distractor_hues,51,-0.12066598,1.0,0.3333333333333333,1.0,0.41701883
1,D_latent,unseen_distractor_hues,52,0.2115782,1.0,0.6,1.0,1.2445049
1,D_latent,unseen_distractor_hues,53,-0.12552235,0.0,0.044444444444444446,1.0,3.7562447
1,D_latent,unseen_distractor_hues,54,0.19687945,1.0,0.6666666666666666,1.0,1.4532456
1,D_latent,unseen_distractor_hues,55,-0.12529588,0.0,0.0,1.0,2.081791
1,D_latent,unseen_distractor_hues,56,0.06547309,0.0,0.2,1.0,2.9939833
1,D_latent,unseen_distractor_hues,57,-0.26147845,0.0,0.13333333333333333,1.0,2.0174642
1,D_latent,unseen_distractor_hues,58,0.031633746,1.0,0.3111111111111111,1.0,1.043312
1,D_latent,unseen_distractor_hues,59,0.014034382,1.0,0.4444444444444444,1.0,1.3847103
1,D_latent,unseen_distractor_hues,60,-0.24075142,0.0,0.044444444444444446,1.0,2.7772462
1,D_latent,unseen_distractor_hues,61,-0.11424832,0.0,0.0,1.0,3.349104
1,D_latent,unseen_distractor_hues,62,-0.0385355,0.0,0.17777777777777778,1.0,2.8900971
1,D_latent,unseen_distractor_hues,63,-0.07354429,0.0,0.0,1.0,2.3625796
1,D_latent,unseen_distractor_hues,64,-0.13098241,0.0,0.0,1.0,1.813331
1,D_latent,unseen_distractor_hues,65,0.13964292,0.0,0.2,1.0,1.7431935
1,D_latent,unseen_distractor_hues,66,0.041279502,1.0,0.13333333333333333,1.0,1.3864088
1,D_latent,unseen_distractor_hues,67,-0.027997268,0.0,0.0,1.0,1.7418494
1,D_latent,unseen_distractor_hues,68,-0.21921802,0.0,0.06666666666666667,1.0,1.7849233
1,D_latent,unseen_distractor_hues,69,-0.070374146,0.0,0.06666666666666667,1.0,3.443907
1,D_latent,unseen_distractor_hues,70,0.03513671,0.0,0.17777777777777778,1.0,2.413966
1,D_latent,unseen_distractor_hues,71,-0.07131075,0.0,0.2222222222222222,1.0,2.0241387
1,D_latent,unseen_distractor_hues,72,0.16357315,0.0,0.35555555555555557,1.0,3.4955351
1,D_latent,unseen_distractor_hues,73,0.022501728,0.0,0.0,1.0,1.6559747
1,D_latent,unseen_distractor_hues,74,0.0058513335,1.0,0.4444444444444444,1.0,0.94426286
1,D_latent,unseen_distractor_hues,75,0.06727298,1.0,0.4444444444444444,1.0,1.1953498
1,D_latent,unseen_distractor_hues,76,-0.017342594,0.0,0.0,1.0,1.8628917
1,D_latent,unseen_distractor_hues,77,-0.09759148,1.0,0.35555555555555557,1.0,1.4316686
1,D_latent,unseen_distractor_hues,78,-0.05627185,1.0,0.06666666666666667,1.0,1.1010307
1,D_latent,unseen_distractor_hues,79,0.116226315,1.0,0.28888888888888886,1.0,0.69271296
1,D_latent,unseen_distractor_hues,80,-0.20432042,0.0,0.15555555555555556,1.0,2.11595
1,D_latent,unseen_distractor_hues,81,-0.22218785,0.0,0.0,1.0,2.620361
1,D_latent,unseen_distractor_hues,82,-0.19906527,0.0,0.0,1.0,2.1313462
1,D_latent,unseen_distractor_hues,83,-0.1212885,1.0,0.3333333333333333,1.0,0.31876993
1,D_latent,unseen_distractor_hues,84,-0.17594814,0.0,0.0,1.0,3.1645434
1,D_latent,unseen_distractor_hues,85,-0.21743989,0.0,0.1111111111111111,1.0,2.2399395
1,D_latent,unseen_distractor_hues,86,0.0009190036,1.0,0.28888888888888886,1.0,0.30107868
1,D_latent,unseen_distractor_hues,87,-0.1315695,0.0,0.0,1.0,5.810264
1,D_latent,unseen_distractor_hues,88,-0.014047961,0.0,0.08888888888888889,1.0,2.960886
1,D_latent,unseen_distractor_hues,89,-0.07131759,0.0,0.0,1.0,2.941733
1,D_latent,unseen_distractor_hues,90,-0.1804693,1.0,0.044444444444444446,1.0,1.4577053
1,D_latent,unseen_distractor_hues,91,-0.17337848,1.0,0.26666666666666666,1.0,0.8343612
1,D_latent,unseen_distractor_hues,92,-0.07525684,0.0,0.0,1.0,3.1304505
1,D_latent,unseen_distractor_hues,93,-0.24925853,0.0,0.0,1.0,6.0562673
1,D_latent,unseen_distractor_hues,94,-0.11333656,0.0,0.0,1.0,3.6360059
1,D_latent,unseen_distractor_hues,95,-0.058114804,1.0,0.1111111111111111,1.0,1.3444718
1,D_latent,unseen_distractor_hues,96,-0.039024964,1.0,0.4222222222222222,1.0,1.4037181
1,D_latent,unseen_distractor_hues,97,-0.082840756,0.0,0.1111111111111111,1.0,3.2621777
1,D_latent,unseen_distractor_hues,98,0.13647375,1.0,0.37777777777777777,1.0,0.6720219
1,D_latent,unseen_distractor_hues,99,-0.12295781,0.0,0.13333333333333333,1.0,2.567466
1,D_latent,heavy_pixel_noise,0,-0.037448388,0.0,0.0,1.0,2.6410143
1,D_latent,heavy_pixel_noise,1,-0.18281566,0.0,0.0,1.0,6.8046427
1,D_latent,heavy_pixel_noise,2,-0.15710732,0.0,0.08888888888888889,1.0,2.1651835
1,D_latent,heavy_pixel_noise,3,0.098417625,1.0,0.5333333333333333,1.0,1.0946018
1,D_latent,heavy_pixel_noise,4,-0.05543842,0.0,0.0,1.0,4.172539
1,D_latent,heavy_pixel_noise,5,-0.30194524,0.0,0.0,1.0,4.6359663
1,D_latent,heavy_pixel_noise,6,-0.11836554,0.0,0.022222222222222223,1.0,4.5235634
1,D_latent,heavy_pixel_noise,7,-0.04859529,1.0,0.4,1.0,0.6850417
1,D_latent,heavy_pixel_noise,8,-0.19299062,0.0,0.0,1.0,2.7043767
1,D_latent,heavy_pixel_noise,9,-0.18636532,0.0,0.08888888888888889,1.0,6.7307973
1,D_latent,heavy_pixel_noise,10,-0.030252174,1.0,0.37777777777777777,1.0,0.9594342
1,D_latent,heavy_pixel_noise,11,-0.3314532,0.0,0.0,1.0,5.1310835
1,D_latent,heavy_pixel_noise,12,-0.27280372,0.0,0.0,1.0,6.859868
1,D_latent,heavy_pixel_noise,13,-0.217071,0.0,0.2,1.0,2.693812
1,D_latent,heavy_pixel_noise,14,0.050189596,1.0,0.24444444444444444,1.0,0.18451197
1,D_latent,heavy_pixel_noise,15,-0.23446877,0.0,0.0,1.0,2.673755
1,D_latent,heavy_pixel_noise,16,0.13128605,1.0,0.08888888888888889,1.0,1.514851
1,D_latent,heavy_pixel_noise,17,-0.14494807,0.0,0.0,1.0,6.512185
1,D_latent,heavy_pixel_noise,18,-0.1728455,0.0,0.0,1.0,4.098681
1,D_latent,heavy_pixel_noise,19,-0.09793301,0.0,0.3333333333333333,1.0,1.9599711
1,D_latent,heavy_pixel_noise,20,-0.15510517,0.0,0.0,1.0,3.5161715
1,D_latent,heavy_pixel_noise,21,-0.047091212,0.0,0.0,1.0,1.9511743
1,D_latent,heavy_pixel_noise,22,0.18780456,1.0,0.5333333333333333,1.0,0.78071797
1,D_latent,heavy_pixel_noise,23,0.14563781,0.0,0.4888888888888889,1.0,2.0308077
1,D_latent,heavy_pixel_noise,24,-0.14109582,0.0,0.0,1.0,4.9403715
1,D_latent,heavy_pixel_noise,25,-0.26628202,0.0,0.0,1.0,7.161672
1,D_latent,heavy_pixel_noise,26,-0.05887103,0.0,0.0,1.0,2.8359334
1,D_latent,heavy_pixel_noise,27,-0.12622817,0.0,0.0,1.0,3.1965055
1,D_latent,heavy_pixel_noise,28,-0.034780405,0.0,0.0,1.0,2.617563
1,D_latent,heavy_pixel_noise,29,-0.04526988,0.0,0.0,1.0,2.67953
1,D_latent,heavy_pixel_noise,30,-0.22145979,0.0,0.0,1.0,1.6240022
1,D_latent,heavy_pixel_noise,31,-0.08538552,0.0,0.0,1.0,2.4271793
1,D_latent,heavy_pixel_noise,32,-0.31715515,0.0,0.0,1.0,6.714789
1,D_latent,heavy_pixel_noise,33,-0.13028866,0.0,0.0,1.0,2.975321
1,D_latent,heavy_pixel_noise,34,-0.11567989,0.0,0.06666666666666667,1.0,4.6490936
1,D_latent,heavy_pixel_noise,35,0.11251669,0.0,0.37777777777777777,1.0,1.5685763
1,D_latent,heavy_pixel_noise,36,0.21474327,1.0,0.5777777777777777,1.0,1.0235344
1,D_latent,heavy_pixel_noise,37,-0.15670212,1.0,0.17777777777777778,1.0,0.8920286
1,D_latent,heavy_pixel_noise,38,0.016324596,0.0,0.15555555555555556,1.0,2.5953763
1,D_latent,heavy_pixel_noise,39,-0.10703658,0.0,0.15555555555555556,1.0,1.8954607
1,D_latent,heavy_pixel_noise,40,-0.009520779,0.0,0.2222222222222222,1.0,3.194504
1,D_latent,heavy_pixel_noise,41,-0.09595457,0.0,0.0,1.0,2.7040079
1,D_latent,heavy_pixel_noise,42,-0.059784885,0.0,0.0,1.0,3.2220366
1,D_latent,heavy_pixel_noise,43,-0.019249318,0.0,0.13333333333333333,1.0,2.8536084
1,D_latent,heavy_pixel_noise,44,-0.07912275,0.0,0.1111111111111111,1.0,2.343369
1,D_latent,heavy_pixel_noise,45,-0.089718424,1.0,0.13333333333333333,1.0,0.97648454
1,D_latent,heavy_pixel_noise,46,-0.060092885,1.0,0.37777777777777777,1.0,1.0637912
1,D_latent,heavy_pixel_noise,47,-0.006322004,0.0,0.0,1.0,1.5877762
1,D_latent,heavy_pixel_noise,48,-0.22579776,0.0,0.0,1.0,6.065645
1,D_latent,heavy_pixel_noise,49,0.16401578,1.0,0.5777777777777777,1.0,1.2497485
1,D_latent,heavy_pixel_noise,50,-0.06090844,0.0,0.1111111111111111,1.0,3.4751728
1,D_latent,heavy_pixel_noise,51,-0.33767006,0.0,0.0,1.0,8.138401
1,D_latent,heavy_pixel_noise,52,0.20324221,1.0,0.5111111111111111,1.0,0.43493682
1,D_latent,heavy_pixel_noise,53,0.029443767,1.0,0.4888888888888889,1.0,0.79329395
1,D_latent,heavy_pixel_noise,54,-0.01435975,0.0,0.0,1.0,2.7634556
1,D_latent,heavy_pixel_noise,55,-0.13791041,1.0,0.08888888888888889,1.0,1.4084213
1,D_latent,heavy_pixel_noise,56,0.09179954,0.0,0.2222222222222222,1.0,2.784074
1,D_latent,heavy_pixel_noise,57,-0.31274962,0.0,0.0,1.0,2.9250557
1,D_latent,heavy_pixel_noise,58,-0.023805832,0.0,0.0,1.0,1.7032666
1,D_latent,heavy_pixel_noise,59,-0.2753012,0.0,0.0,1.0,3.617669
1,D_latent,heavy_pixel_noise,60,-0.16514544,1.0,0.17777777777777778,1.0,1.4523761
1,D_latent,heavy_pixel_noise,61,-0.08516327,0.0,0.06666666666666667,1.0,3.442595
1,D_latent,heavy_pixel_noise,62,-0.24174029,0.0,0.0,1.0,7.2775784
1,D_latent,heavy_pixel_noise,63,-0.08301123,0.0,0.0,1.0,3.4301598
1,D_latent,heavy_pixel_noise,64,-0.31680116,0.0,0.0,1.0,4.4949694
1,D_latent,heavy_pixel_noise,65,0.15358198,0.0,0.2222222222222222,1.0,1.6805838
1,D_latent,heavy_pixel_noise,66,-0.12970832,0.0,0.06666666666666667,1.0,3.2640653
1,D_latent,heavy_pixel_noise,67,-0.15649065,0.0,0.0,1.0,4.897413
1,D_latent,heavy_pixel_noise,68,-0.16698655,1.0,0.3111111111111111,1.0,0.35532668
1,D_latent,heavy_pixel_noise,69,0.076883435,0.0,0.24444444444444444,1.0,1.706
1,D_latent,heavy_pixel_noise,70,0.062302336,0.0,0.24444444444444444,1.0,2.8022387
1,D_latent,heavy_pixel_noise,71,-0.29519382,0.0,0.0,1.0,6.957679
1,D_latent,heavy_pixel_noise,72,-0.051659662,0.0,0.022222222222222223,1.0,4.839657
1,D_latent,heavy_pixel_noise,73,-0.18387108,0.0,0.0,1.0,2.4997332
1,D_latent,heavy_pixel_noise,74,-0.15092328,0.0,0.0,1.0,2.9887114
1,D_latent,heavy_pixel_noise,75,-0.02065568,0.0,0.15555555555555556,1.0,2.765383
1,D_latent,heavy_pixel_noise,76,-0.15803851,0.0,0.0,1.0,2.943598
1,D_latent,heavy_pixel_noise,77,-0.21963485,0.0,0.0,1.0,3.4976401
1,D_latent,heavy_pixel_noise,78,-0.1729994,0.0,0.0,1.0,2.4115174
1,D_latent,heavy_pixel_noise,79,-0.19222194,0.0,0.0,1.0,4.683542
1,D_latent,heavy_pixel_noise,80,-0.1945652,0.0,0.13333333333333333,1.0,2.0726793
1,D_latent,heavy_pixel_noise,81,-0.23156331,0.0,0.0,1.0,7.7909975
1,D_latent,heavy_pixel_noise,82,-0.0704495,1.0,0.28888888888888886,1.0,0.8505787
1,D_latent,heavy_pixel_noise,83,-0.23508759,0.0,0.0,1.0,2.7027292
1,D_latent,heavy_pixel_noise,84,-0.2745811,0.0,0.0,1.0,6.679824
1,D_latent,heavy_pixel_noise,85,-0.2802328,0.0,0.0,1.0,4.5648384
1,D_latent,heavy_pixel_noise,86,-0.14359793,0.0,0.0,1.0,4.8944244
1,D_latent,heavy_pixel_noise,87,-0.20030607,0.0,0.0,1.0,6.8491125
1,D_latent,heavy_pixel_noise,88,-0.085153185,0.0,0.08888888888888889,1.0,4.061504
1,D_latent,heavy_pixel_noise,89,-0.1017976,0.0,0.0,1.0,2.7828574
1,D_latent,heavy_pixel_noise,90,-0.23835756,0.0,0.0,1.0,2.9852834
1,D_latent,heavy_pixel_noise,91,-0.37835503,0.0,0.0,1.0,7.613618
1,D_latent,heavy_pixel_noise,92,-0.051665757,0.0,0.0,1.0,2.8164098
1,D_latent,heavy_pixel_noise,93,-0.18759704,0.0,0.06666666666666667,1.0,7.709944
1,D_latent,heavy_pixel_noise,94,0.017375488,0.0,0.1111111111111111,1.0,3.657795
1,D_latent,heavy_pixel_noise,95,-0.2353883,0.0,0.0,1.0,4.3997927
1,D_latent,heavy_pixel_noise,96,-0.30467463,0.0,0.0,1.0,5.2385545
1,D_latent,heavy_pixel_noise,97,-0.09336737,0.0,0.0,1.0,3.224907
1,D_latent,heavy_pixel_noise,98,0.092414804,1.0,0.26666666666666666,1.0,1.2505223
1,D_latent,heavy_pixel_noise,99,-0.119058,0.0,0.1111111111111111,1.0,2.4786093
2,A_recon,in_distribution,0,-0.20878151,0.0,0.0,1.0,3.3704133
2,A_recon,in_distribution,1,-0.55850345,0.0,0.0,0.0,27.032711
2,A_recon,in_distribution,2,-0.57858884,0.0,0.0,0.0,15.66148
2,A_recon,in_distribution,3,-0.3912931,0.0,0.0,0.0,8.592165
2,A_recon,in_distribution,4,-0.0940693,0.0,0.15555555555555556,1.0,2.4511633
2,A_recon,in_distribution,5,-0.6574517,0.0,0.0,0.0,20.216675
2,A_recon,in_distribution,6,-0.34159198,0.0,0.0,0.0,12.580532
2,A_recon,in_distribution,7,-0.6423572,0.0,0.0,0.0,20.109177
2,A_recon,in_distribution,8,-0.44522423,0.0,0.0,1.0,9.937383
2,A_recon,in_distribution,9,-0.61676735,0.0,0.0,0.0,25.667652
2,A_recon,in_distribution,10,-0.7882712,0.0,0.0,0.0,29.756115
2,A_recon,in_distribution,11,-0.76168644,0.0,0.0,1.0,26.616179
2,A_recon,in_distribution,12,-0.34485778,0.0,0.0,0.0,19.43184
2,A_recon,in_distribution,13,-0.78452355,0.0,0.0,0.0,25.08815
2,A_recon,in_distribution,14,-0.31849426,0.0,0.0,1.0,6.598916
2,A_recon,in_distribution,15,-0.61536026,0.0,0.0,0.0,16.75341
2,A_recon,in_distribution,16,-0.16212271,0.0,0.0,1.0,7.560131
2,A_recon,in_distribution,17,-0.22724557,0.0,0.0,1.0,11.226483
2,A_recon,in_distribution,18,-0.682638,0.0,0.0,0.0,28.464226
2,A_recon,in_distribution,19,-0.67644674,0.0,0.0,0.0,21.820564
2,A_recon,in_distribution,20,-0.1692073,0.0,0.0,1.0,2.948284
2,A_recon,in_distribution,21,-0.33155122,0.0,0.0,0.0,16.780823
2,A_recon,in_distribution,22,-0.370664,0.0,0.0,0.0,19.036943
2,A_recon,in_distribution,23,-0.23143081,0.0,0.0,1.0,11.949068
2,A_recon,in_distribution,24,-0.3279054,0.0,0.0,1.0,8.600406
2,A_recon,in_distribution,25,-0.5557139,0.0,0.0,0.0,19.561628
2,A_recon,in_distribution,26,-0.26432636,0.0,0.0,1.0,10.534385
2,A_recon,in_distribution,27,-0.035572525,0.0,0.1111111111111111,1.0,7.375298
2,A_recon,in_distribution,28,-0.35151032,0.0,0.0,1.0,15.902718
2,A_recon,in_distribution,29,-0.61391735,0.0,0.0,0.0,30.254473
2,A_recon,in_distribution,30,-0.63470924,0.0,0.0,1.0,24.108421
2,A_recon,in_distribution,31,-0.38188875,0.0,0.0,1.0,9.586286
2,A_recon,in_distribution,32,-0.750991,0.0,0.0,0.0,23.999954
2,A_recon,in_distribution,33,-0.21757767,0.0,0.0,1.0,8.227663
2,A_recon,in_distribution,34,-0.5115041,0.0,0.0,1.0,17.493996
2,A_recon,in_distribution,35,-0.26582125,0.0,0.0,1.0,8.310184
2,A_recon,in_distribution,36,-0.050974265,0.0,0.15555555555555556,1.0,2.7582083
2,A_recon,in_distribution,37,-0.6783863,0.0,0.0,0.0,20.480843
2,A_recon,in_distribution,38,-0.44586816,0.0,0.0,0.0,22.526806
2,A_recon,in_distribution,39,-0.5215956,0.0,0.0,0.0,11.96267
2,A_recon,in_distribution,40,-0.31695315,0.0,0.0,1.0,5.451087
2,A_recon,in_distribution,41,-0.3482522,0.0,0.0,1.0,11.4578905
2,A_recon,in_distribution,42,-0.35063,0.0,0.0,1.0,13.776063
2,A_recon,in_distribution,43,-0.27961412,0.0,0.0,1.0,4.8704147
2,A_recon,in_distribution,44,-0.29205546,0.0,0.0,1.0,3.5380054
2,A_recon,in_distribution,45,-0.36539602,0.0,0.0,1.0,8.181095
2,A_recon,in_distribution,46,-0.6036987,0.0,0.0,0.0,16.72927
2,A_recon,in_distribution,47,-0.36327308,0.0,0.0,0.0,17.529573
2,A_recon,in_distribution,48,-0.589819,0.0,0.0,1.0,22.722664
2,A_recon,in_distribution,49,-0.57485837,0.0,0.0,0.0,25.41874
2,A_recon,in_distribution,50,-0.38217542,0.0,0.0,0.0,17.653389
2,A_recon,in_distribution,51,-0.7153089,0.0,0.0,0.0,25.931211
2,A_recon,in_distribution,52,-0.4046758,0.0,0.0,0.0,24.205063
2,A_recon,in_distribution,53,-0.56857836,0.0,0.0,1.0,22.754654
2,A_recon,in_distribution,54,-0.251031,0.0,0.0,1.0,11.329986
2,A_recon,in_distribution,55,-0.68739134,0.0,0.0,0.0,29.382854
2,A_recon,in_distribution,56,-0.19603015,0.0,0.0,1.0,14.012656
2,A_recon,in_distribution,57,-0.84033024,0.0,0.0,0.0,27.731045
2,A_recon,in_distribution,58,-0.54629123,0.0,0.0,0.0,21.137472
2,A_recon,in_distribution,59,-0.51085466,0.0,0.0,1.0,16.866285
2,A_recon,in_distribution,60,-0.61731833,0.0,0.0,0.0,13.939166
2,A_recon,in_distribution,61,-0.36953583,0.0,0.0,0.0,13.18705
2,A_recon,in_distribution,62,-0.6024906,0.0,0.0,1.0,25.518461
2,A_recon,in_distribution,63,-0.3940251,0.0,0.0,0.0,20.63378
2,A_recon,in_distribution,64,-0.6627996,0.0,0.0,0.0,23.938057
2,A_recon,in_distribution,65,-0.099365205,0.0,0.0,1.0,9.564558
2,A_recon,in_distribution,66,-0.1281266,0.0,0.0,0.0,10.409284
2,A_recon,in_distribution,67,-0.21680179,0.0,0.0,1.0,7.186129
2,A_recon,in_distribution,68,-0.7893779,0.0,0.0,0.0,22.813118
2,A_recon,in_distribution,69,-0.47528902,0.0,0.0,0.0,17.126978
2,A_recon,in_distribution,70,-0.36754286,0.0,0.0,1.0,16.85857
2,A_recon,in_distribution,71,-0.5576004,0.0,0.0,0.0,13.935438
2,A_recon,in_distribution,72,-0.16048297,0.0,0.1111111111111111,1.0,13.290763
2,A_recon,in_distribution,73,-0.41853473,0.0,0.0,1.0,13.743943
2,A_recon,in_distribution,74,-0.693933,0.0,0.0,0.0,28.832178
2,A_recon,in_distribution,75,-0.5227753,0.0,0.0,1.0,19.351921
2,A_recon,in_distribution,76,-0.4199802,0.0,0.0,0.0,19.447098
2,A_recon,in_distribution,77,-0.6060641,0.0,0.0,0.0,16.993103
2,A_recon,in_distribution,78,-0.5465713,0.0,0.0,1.0,19.80143
2,A_recon,in_distribution,79,-0.4171696,0.0,0.0,0.0,17.514776
2,A_recon,in_distribution,80,-0.71422195,0.0,0.0,0.0,22.842438
2,A_recon,in_distribution,81,-0.6494437,0.0,0.0,1.0,23.312977
2,A_recon,in_distribution,82,-0.43054497,0.0,0.0,1.0,8.629534
2,A_recon,in_distribution,83,-0.8157321,0.0,0.0,0.0,28.95175
2,A_recon,in_distribution,84,-0.6148134,0.0,0.0,0.0,26.243513
2,A_recon,in_distribution,85,-0.8257501,0.0,0.0,0.0,27.720171
2,A_recon,in_distribution,86,-0.63722056,0.0,0.0,0.0,26.859716
2,A_recon,in_distribution,87,-0.022785945,0.0,0.2222222222222222,1.0,2.540246
2,A_recon,in_distribution,88,-0.32592803,0.0,0.0,1.0,11.146443
2,A_recon,in_distribution,89,-0.21737179,0.0,0.0,1.0,5.001646
2,A_recon,in_distribution,90,-0.73384714,0.0,0.0,0.0,27.238497
2,A_recon,in_distribution,91,-0.9205236,0.0,0.0,0.0,32.837765
2,A_recon,in_distribution,92,-0.45307413,0.0,0.0,0.0,18.430958
2,A_recon,in_distribution,93,-0.7542329,0.0,0.0,0.0,27.745226
2,A_recon,in_distribution,94,-0.39797744,0.0,0.0,1.0,19.071526
2,A_recon,in_distribution,95,-0.48727778,0.0,0.0,0.0,12.562693
2,A_recon,in_distribution,96,-0.6232119,0.0,0.0,0.0,21.294136
2,A_recon,in_distribution,97,-0.5411129,0.0,0.0,1.0,23.07253
2,A_recon,in_distribution,98,-0.2824252,0.0,0.0,0.0,16.976616
2,A_recon,in_distribution,99,-0.59474295,0.0,0.0,0.0,18.653236
2,A_recon,4_distractors,0,-0.21081541,0.0,0.0,1.0,3.442704
2,A_recon,4_distractors,1,-0.5453521,0.0,0.0,0.0,26.223871
2,A_recon,4_distractors,2,-0.5700127,0.0,0.0,0.0,15.277612
2,A_recon,4_distractors,3,-0.38103116,0.0,0.0,0.0,7.7830977
2,A_recon,4_distractors,4,-0.151439,0.0,0.0,1.0,2.5440435
2,A_recon,4_distractors,5,-0.654061,0.0,0.0,0.0,20.098316
2,A_recon,4_distractors,6,-0.36256462,0.0,0.0,0.0,14.516716
2,A_recon,4_distractors,7,-0.6519397,0.0,0.0,0.0,20.784204
2,A_recon,4_distractors,8,-0.4377575,0.0,0.0,1.0,10.004401
2,A_recon,4_distractors,9,-0.6115841,0.0,0.0,0.0,25.929226
2,A_recon,4_distractors,10,-0.8006319,0.0,0.0,0.0,29.780863
2,A_recon,4_distractors,11,-0.7670926,0.0,0.0,1.0,26.616179
2,A_recon,4_distractors,12,-0.37162352,0.0,0.0,0.0,22.226599
2,A_recon,4_distractors,13,-0.79988223,0.0,0.0,0.0,25.066364
2,A_recon,4_distractors,14,-0.29172948,0.0,0.0,1.0,4.9516406
2,A_recon,4_distractors,15,-0.62401474,0.0,0.0,0.0,17.661621
2,A_recon,4_distractors,16,-0.15476204,0.0,0.0,1.0,6.975662
2,A_recon,4_distractors,17,-0.23956576,0.0,0.0,1.0,11.979094
2,A_recon,4_distractors,18,-0.68467605,0.0,0.0,0.0,28.463442
2,A_recon,4_distractors,19,-0.7448628,0.0,0.0,0.0,25.562382
2,A_recon,4_distractors,20,-0.15721726,0.0,0.0,1.0,3.3542871
2,A_recon,4_distractors,21,-0.33870825,0.0,0.0,0.0,17.875637
2,A_recon,4_distractors,22,-0.37849826,0.0,0.0,0.0,19.437666
2,A_recon,4_distractors,23,-0.23488718,0.0,0.0,1.0,12.372266
2,A_recon,4_distractors,24,-0.33149597,0.0,0.0,1.0,9.49439
2,A_recon,4_distractors,25,-0.5157787,0.0,0.0,0.0,16.259367
2,A_recon,4_distractors,26,-0.24265872,0.0,0.0,0.0,11.240467
2,A_recon,4_distractors,27,-0.05007341,0.0,0.06666666666666667,1.0,8.366291
2,A_recon,4_distractors,28,-0.34919825,0.0,0.0,1.0,15.738065
2,A_recon,4_distractors,29,-0.6217413,0.0,0.0,0.0,29.077131
2,A_recon,4_distractors,30,-0.6340894,0.0,0.0,1.0,23.998732
2,A_recon,4_distractors,31,-0.33308527,0.0,0.0,1.0,6.3723817
2,A_recon,4_distractors,32,-0.7626096,0.0,0.0,0.0,24.883263
2,A_recon,4_distractors,33,-0.26168555,0.0,0.0,1.0,11.74285
2,A_recon,4_distractors,34,-0.49845886,0.0,0.0,1.0,16.751923
2,A_recon,4_distractors,35,-0.26450163,0.0,0.0,1.0,8.334126
2,A_recon,4_distractors,36,-0.15137878,0.0,0.0,1.0,4.375398
2,A_recon,4_distractors,37,-0.68109506,0.0,0.0,0.0,20.588894
2,A_recon,4_distractors,38,-0.4255918,0.0,0.0,0.0,20.779133
2,A_recon,4_distractors,39,-0.524386,0.0,0.0,0.0,12.35146
2,A_recon,4_distractors,40,-0.31634006,0.0,0.0,1.0,5.263693
2,A_recon,4_distractors,41,-0.34275246,0.0,0.0,1.0,10.822277
2,A_recon,4_distractors,42,-0.30398324,0.0,0.0,1.0,11.571547
2,A_recon,4_distractors,43,-0.28369203,0.0,0.0,1.0,5.209224
2,A_recon,4_distractors,44,-0.29819933,0.0,0.0,1.0,3.666658
2,A_recon,4_distractors,45,-0.3596076,0.0,0.0,1.0,7.935747
2,A_recon,4_distractors,46,-0.6001069,0.0,0.0,0.0,16.467983
2,A_recon,4_distractors,47,-0.36082688,0.0,0.0,0.0,17.528763
2,A_recon,4_distractors,48,-0.58553296,0.0,0.0,1.0,22.72366
2,A_recon,4_distractors,49,-0.57914215,0.0,0.0,0.0,25.617598
2,A_recon,4_distractors,50,-0.36984396,0.0,0.0,0.0,16.494154
2,A_recon,4_distractors,51,-0.72443986,0.0,0.0,0.0,26.498789
2,A_recon,4_distractors,52,-0.38929775,0.0,0.0,0.0,23.785374
2,A_recon,4_distractors,53,-0.571264,0.0,0.0,1.0,22.879536
2,A_recon,4_distractors,54,-0.24646929,0.0,0.0,1.0,11.08938
2,A_recon,4_distractors,55,-0.67522174,0.0,0.0,0.0,26.787045
2,A_recon,4_distractors,56,-0.19748062,0.0,0.0,1.0,14.041177
2,A_recon,4_distractors,57,-0.86581033,0.0,0.0,0.0,27.210386
2,A_recon,4_distractors,58,-0.5228563,0.0,0.0,0.0,21.141796
2,A_recon,4_distractors,59,-0.5084489,0.0,0.0,1.0,16.404177
2,A_recon,4_distractors,60,-0.6206623,0.0,0.0,0.0,14.632449
2,A_recon,4_distractors,61,-0.361742,0.0,0.0,0.0,12.5503025
2,A_recon,4_distractors,62,-0.57791173,0.0,0.0,1.0,24.586859
2,A_recon,4_distractors,63,-0.4017504,0.0,0.0,0.0,21.358454
2,A_recon,4_distractors,64,-0.60271776,0.0,0.0,0.0,21.109945
2,A_recon,4_distractors,65,-0.12617928,0.0,0.0,1.0,11.482992
2,A_recon,4_distractors,66,-0.12843022,0.0,0.0,0.0,10.78065
2,A_recon,4_distractors,67,-0.1771626,0.0,0.0,1.0,5.8412533
2,A_recon,4_distractors,68,-0.7714103,0.0,0.0,0.0,22.010578
2,A_recon,4_distractors,69,-0.46782744,0.0,0.0,0.0,16.528053
2,A_recon,4_distractors,70,-0.37067574,0.0,0.0,1.0,17.446152
2,A_recon,4_distractors,71,-0.53898305,0.0,0.0,0.0,12.271106
2,A_recon,4_distractors,72,-0.16874334,0.0,0.1111111111111111,1.0,13.565489
2,A_recon,4_distractors,73,-0.42631286,0.0,0.0,1.0,14.089652
2,A_recon,4_distractors,74,-0.67550933,0.0,0.0,0.0,27.74057
2,A_recon,4_distractors,75,-0.50747657,0.0,0.0,1.0,18.345583
2,A_recon,4_distractors,76,-0.40811074,0.0,0.0,0.0,18.840862
2,A_recon,4_distractors,77,-0.6175044,0.0,0.0,0.0,17.650892
2,A_recon,4_distractors,78,-0.5408682,0.0,0.0,1.0,19.48236
2,A_recon,4_distractors,79,-0.42983687,0.0,0.0,0.0,17.663877
2,A_recon,4_distractors,80,-0.7141356,0.0,0.0,0.0,22.8426
2,A_recon,4_distractors,81,-0.63310546,0.0,0.0,1.0,23.087183
2,A_recon,4_distractors,82,-0.3974228,0.0,0.0,1.0,6.556909
2,A_recon,4_distractors,83,-0.81387496,0.0,0.0,0.0,28.751274
2,A_recon,4_distractors,84,-0.59959966,0.0,0.0,0.0,25.860355
2,A_recon,4_distractors,85,-0.81861883,0.0,0.0,0.0,26.188328
2,A_recon,4_distractors,86,-0.6034874,0.0,0.0,0.0,23.360992
2,A_recon,4_distractors,87,-0.027719002,0.0,0.2222222222222222,1.0,2.91609
2,A_recon,4_distractors,88,-0.32838628,0.0,0.0,1.0,11.181082
2,A_recon,4_distractors,89,-0.22938693,0.0,0.0,1.0,5.056573
2,A_recon,4_distractors,90,-0.7431154,0.0,0.0,0.0,27.36651
2,A_recon,4_distractors,91,-0.9198655,0.0,0.0,0.0,32.838905
2,A_recon,4_distractors,92,-0.4667835,0.0,0.0,0.0,18.251015
2,A_recon,4_distractors,93,-0.7424455,0.0,0.0,0.0,30.640642
2,A_recon,4_distractors,94,-0.3783541,0.0,0.0,1.0,18.665754
2,A_recon,4_distractors,95,-0.46198514,0.0,0.0,0.0,9.89543
2,A_recon,4_distractors,96,-0.62679607,0.0,0.0,0.0,21.187119
2,A_recon,4_distractors,97,-0.54009384,0.0,0.0,1.0,23.091305
2,A_recon,4_distractors,98,-0.2539467,0.0,0.0,0.0,14.295696
2,A_recon,4_distractors,99,-0.58497703,0.0,0.0,0.0,18.389668
2,A_recon,fast_distractors,0,-0.20710005,0.0,0.0,1.0,3.2659261
2,A_recon,fast_distractors,1,-0.5542275,0.0,0.0,0.0,26.569267
2,A_recon,fast_distractors,2,-0.5761894,0.0,0.0,0.0,15.461185
2,A_recon,fast_distractors,3,-0.39050603,0.0,0.0,0.0,8.675699
2,A_recon,fast_distractors,4,-0.093530126,0.0,0.15555555555555556,1.0,1.9759055
2,A_recon,fast_distractors,5,-0.6599872,0.0,0.0,0.0,20.329006
2,A_recon,fast_distractors,6,-0.35105097,0.0,0.0,0.0,13.604918
2,A_recon,fast_distractors,7,-0.6412702,0.0,0.0,0.0,19.927902
2,A_recon,fast_distractors,8,-0.44419205,0.0,0.0,1.0,9.871712
2,A_recon,fast_distractors,9,-0.62354225,0.0,0.0,0.0,25.956516
2,A_recon,fast_distractors,10,-0.78068537,0.0,0.0,0.0,29.780863
2,A_recon,fast_distractors,11,-0.7643806,0.0,0.0,1.0,26.616179
2,A_recon,fast_distractors,12,-0.3525569,0.0,0.0,0.0,20.089298
2,A_recon,fast_distractors,13,-0.78495765,0.0,0.0,0.0,25.132051
2,A_recon,fast_distractors,14,-0.31884477,0.0,0.0,1.0,6.6961455
2,A_recon,fast_distractors,15,-0.6110229,0.0,0.0,0.0,16.334845
2,A_recon,fast_distractors,16,-0.1651161,0.0,0.0,1.0,7.609817
2,A_recon,fast_distractors,17,-0.22750644,0.0,0.0,1.0,11.219039
2,A_recon,fast_distractors,18,-0.6797457,0.0,0.0,0.0,28.495785
2,A_recon,fast_distractors,19,-0.6787681,0.0,0.0,0.0,21.965416
2,A_recon,fast_distractors,20,-0.13738787,0.0,0.0,1.0,2.8474135
2,A_recon,fast_distractors,21,-0.3350724,0.0,0.0,0.0,17.03455
2,A_recon,fast_distractors,22,-0.3698499,0.0,0.0,0.0,18.709227
2,A_recon,fast_distractors,23,-0.23269424,0.0,0.0,1.0,12.15699
2,A_recon,fast_distractors,24,-0.30919975,0.0,0.0,1.0,7.119095
2,A_recon,fast_distractors,25,-0.53857,0.0,0.0,0.0,18.11456
2,A_recon,fast_distractors,26,-0.2636879,0.0,0.0,1.0,10.467438
2,A_recon,fast_distractors,27,-0.042060323,0.0,0.06666666666666667,1.0,7.476978
2,A_recon,fast_distractors,28,-0.3526977,0.0,0.0,1.0,15.822938
2,A_recon,fast_distractors,29,-0.61381,0.0,0.0,0.0,30.13268
2,A_recon,fast_distractors,30,-0.635553,0.0,0.0,1.0,24.090248
2,A_recon,fast_distractors,31,-0.37539092,0.0,0.0,1.0,8.964013
2,A_recon,fast_distractors,32,-0.7523041,0.0,0.0,0.0,24.049673
2,A_recon,fast_distractors,33,-0.21923383,0.0,0.0,1.0,8.214347
2,A_recon,fast_distractors,34,-0.508262,0.0,0.0,1.0,17.190907
2,A_recon,fast_distractors,35,-0.26447138,0.0,0.0,1.0,8.084292
2,A_recon,fast_distractors,36,-0.037307315,0.0,0.17777777777777778,1.0,2.434695
2,A_recon,fast_distractors,37,-0.6819234,0.0,0.0,0.0,20.656706
2,A_recon,fast_distractors,38,-0.4526012,0.0,0.0,0.0,23.064043
2,A_recon,fast_distractors,39,-0.52247024,0.0,0.0,0.0,11.969172
2,A_recon,fast_distractors,40,-0.3189109,0.0,0.0,1.0,5.539002
2,A_recon,fast_distractors,41,-0.34704953,0.0,0.0,1.0,11.430826
2,A_recon,fast_distractors,42,-0.34497154,0.0,0.0,1.0,13.5313225
2,A_recon,fast_distractors,43,-0.2810252,0.0,0.0,1.0,4.9177866
2,A_recon,fast_distractors,44,-0.2924286,0.0,0.0,1.0,3.7747433
2,A_recon,fast_distractors,45,-0.37208748,0.0,0.0,1.0,8.775414
2,A_recon,fast_distractors,46,-0.60362655,0.0,0.0,0.0,16.772966
2,A_recon,fast_distractors,47,-0.36156696,0.0,0.0,0.0,17.528704
2,A_recon,fast_distractors,48,-0.5907557,0.0,0.0,1.0,22.733221
2,A_recon,fast_distractors,49,-0.57817805,0.0,0.0,0.0,25.77564
2,A_recon,fast_distractors,50,-0.3797958,0.0,0.0,0.0,17.381865
2,A_recon,fast_distractors,51,-0.7239435,0.0,0.0,0.0,26.31692
2,A_recon,fast_distractors,52,-0.4034127,0.0,0.0,0.0,24.232252
2,A_recon,fast_distractors,53,-0.5723912,0.0,0.0,1.0,23.101505
2,A_recon,fast_distractors,54,-0.24944992,0.0,0.0,1.0,11.236839
2,A_recon,fast_distractors,55,-0.6814796,0.0,0.0,0.0,27.536997
2,A_recon,fast_distractors,56,-0.19788149,0.0,0.0,1.0,14.0902
2,A_recon,fast_distractors,57,-0.8316853,0.0,0.0,0.0,27.221409
2,A_recon,fast_distractors,58,-0.5456654,0.0,0.0,0.0,21.157492
2,A_recon,fast_distractors,59,-0.5105027,0.0,0.0,1.0,16.722809
2,A_recon,fast_distractors,60,-0.6180843,0.0,0.0,0.0,13.851078
2,A_recon,fast_distractors,61,-0.36988115,0.0,0.0,0.0,13.257528
2,A_recon,fast_distractors,62,-0.60402113,0.0,0.0,1.0,25.518461
2,A_recon,fast_distractors,63,-0.3947435,0.0,0.0,0.0,20.690151
2,A_recon,fast_distractors,64,-0.6625953,0.0,0.0,0.0,23.985563
2,A_recon,fast_distractors,65,-0.10025385,0.0,0.0,1.0,9.772627
2,A_recon,fast_distractors,66,-0.12435417,0.0,0.0,0.0,10.274366
2,A_recon,fast_distractors,67,-0.21444906,0.0,0.0,1.0,7.084125
2,A_recon,fast_distractors,68,-0.78853905,0.0,0.0,0.0,22.901836
2,A_recon,fast_distractors,69,-0.46975106,0.0,0.0,0.0,16.618902
2,A_recon,fast_distractors,70,-0.36826563,0.0,0.0,1.0,16.947218
2,A_recon,fast_distractors,71,-0.5601898,0.0,0.0,0.0,14.277254
2,A_recon,fast_distractors,72,-0.15228455,0.0,0.1111111111111111,1.0,13.292014
2,A_recon,fast_distractors,73,-0.41779548,0.0,0.0,1.0,13.740659
2,A_recon,fast_distractors,74,-0.6930416,0.0,0.0,0.0,28.793493
2,A_recon,fast_distractors,75,-0.51902634,0.0,0.0,1.0,19.15046
2,A_recon,fast_distractors,76,-0.41308254,0.0,0.0,0.0,19.088768
2,A_recon,fast_distractors,77,-0.6046008,0.0,0.0,0.0,16.886635
2,A_recon,fast_distractors,78,-0.54541534,0.0,0.0,1.0,19.5339
2,A_recon,fast_distractors,79,-0.41560346,0.0,0.0,0.0,17.211945
2,A_recon,fast_distractors,80,-0.7142406,0.0,0.0,0.0,22.842436
2,A_recon,fast_distractors,81,-0.64870596,0.0,0.0,1.0,23.146124
2,A_recon,fast_distractors,82,-0.41674894,0.0,0.0,1.0,7.3861313
2,A_recon,fast_distractors,83,-0.8185523,0.0,0.0,0.0,29.107288
2,A_recon,fast_distractors,84,-0.61453915,0.0,0.0,0.0,26.209085
2,A_recon,fast_distractors,85,-0.80583537,0.0,0.0,0.0,25.424871
2,A_recon,fast_distractors,86,-0.637622,0.0,0.0,0.0,26.862553
2,A_recon,fast_distractors,87,-0.021677407,0.0,0.2222222222222222,1.0,2.8363729
2,A_recon,fast_distractors,88,-0.32566458,0.0,0.0,1.0,11.135889
2,A_recon,fast_distractors,89,-0.21517755,0.0,0.0,1.0,4.7387786
2,A_recon,fast_distractors,90,-0.74566746,0.0,0.0,0.0,27.387642
2,A_recon,fast_distractors,91,-0.9210106,0.0,0.0,0.0,32.85107
2,A_recon,fast_distractors,92,-0.4534567,0.0,0.0,0.0,18.47236
2,A_recon,fast_distractors,93,-0.7625278,0.0,0.0,0.0,28.952448
2,A_recon,fast_distractors,94,-0.39878124,0.0,0.0,1.0,19.071728
2,A_recon,fast_distractors,95,-0.48973444,0.0,0.0,0.0,12.634163
2,A_recon,fast_distractors,96,-0.61709636,0.0,0.0,0.0,20.807077
2,A_recon,fast_distractors,97,-0.54435915,0.0,0.0,1.0,23.186012
2,A_recon,fast_distractors,98,-0.28438732,0.0,0.0,0.0,17.103466
2,A_recon,fast_distractors,99,-0.59236413,0.0,0.0,0.0,18.172756
2,A_recon,unseen_distractor_hues,0,-0.26585484,0.0,0.0,1.0,4.9171
2,A_recon,unseen_distractor_hues,1,-0.5352897,0.0,0.0,0.0,25.75305
2,A_recon,unseen_distractor_hues,2,-0.59001446,0.0,0.0,0.0,16.74981
2,A_recon,unseen_distractor_hues,3,-0.39721236,0.0,0.0,0.0,9.071662
2,A_recon,unseen_distractor_hues,4,-0.12916443,0.0,0.0,1.0,2.4058073
2,A_recon,unseen_distractor_hues,5,-0.66074663,0.0,0.0,0.0,20.377165
2,A_recon,unseen_distractor_hues,6,-0.34666008,0.0,0.0,0.0,13.364313
2,A_recon,unseen_distractor_hues,7,-0.64998406,0.0,0.0,0.0,20.468134
2,A_recon,unseen_distractor_hues,8,-0.44649926,0.0,0.0,1.0,9.91729
2,A_recon,unseen_distractor_hues,9,-0.61512727,0.0,0.0,0.0,25.623117
2,A_recon,unseen_distractor_hues,10,-0.7968692,0.0,0.0,0.0,28.078743
2,A_recon,unseen_distractor_hues,11,-0.7658293,0.0,0.0,1.0,26.616179
2,A_recon,unseen_distractor_hues,12,-0.33897975,0.0,0.0,0.0,18.935991
2,A_recon,unseen_distractor_hues,13,-0.7987497,0.0,0.0,0.0,25.065344
2,A_recon,unseen_distractor_hues,14,-0.329184,0.0,0.0,1.0,7.0950036
2,A_recon,unseen_distractor_hues,15,-0.62180805,0.0,0.0,0.0,17.155256
2,A_recon,unseen_distractor_hues,16,-0.13000916,0.0,0.0,1.0,6.389184
2,A_recon,unseen_distractor_hues,17,-0.23977321,0.0,0.0,1.0,12.259968
2,A_recon,unseen_distractor_hues,18,-0.68365,0.0,0.0,0.0,28.481565
2,A_recon,unseen_distractor_hues,19,-0.73623914,0.0,0.0,0.0,24.642118
2,A_recon,unseen_distractor_hues,20,-0.10428589,0.0,0.08888888888888889,1.0,2.2361026
2,A_recon,unseen_distractor_hues,21,-0.34114796,0.0,0.0,0.0,17.376905
2,A_recon,unseen_distractor_hues,22,-0.39821535,0.0,0.0,0.0,20.399366
2,A_recon,unseen_distractor_hues,23,-0.24024191,0.0,0.0,1.0,12.876077
2,A_recon,unseen_distractor_hues,24,-0.31745625,0.0,0.0,1.0,7.574853
2,A_recon,unseen_distractor_hues,25,-0.5462725,0.0,0.0,0.0,18.206152
2,A_recon,unseen_distractor_hues,26,-0.26376197,0.0,0.0,1.0,10.544496
2,A_recon,unseen_distractor_hues,27,-0.04732141,0.0,0.044444444444444446,1.0,7.838339
2,A_recon,unseen_distractor_hues,28,-0.34896082,0.0,0.0,1.0,15.778202
2,A_recon,unseen_distractor_hues,29,-0.56446356,0.0,0.0,0.0,26.969439
2,A_recon,unseen_distractor_hues,30,-0.6375192,0.0,0.0,1.0,24.377022
2,A_recon,unseen_distractor_hues,31,-0.3760815,0.0,0.0,1.0,8.784932
2,A_recon,unseen_distractor_hues,32,-0.7618654,0.0,0.0,0.0,24.793674
2,A_recon,unseen_distractor_hues,33,-0.21765825,0.0,0.0,1.0,8.516989
2,A_recon,unseen_distractor_hues,34,-0.5087081,0.0,0.0,1.0,17.194073
2,A_recon,unseen_distractor_hues,35,-0.2594147,0.0,0.0,1.0,7.7226586
2,A_recon,unseen_distractor_hues,36,-0.06218605,1.0,0.15555555555555556,1.0,0.96331805
2,A_recon,unseen_distractor_hues,37,-0.6809368,0.0,0.0,0.0,20.597403
2,A_recon,unseen_distractor_hues,38,-0.43831486,0.0,0.0,0.0,21.644686
2,A_recon,unseen_distractor_hues,39,-0.52563125,0.0,0.0,0.0,12.31625
2,A_recon,unseen_distractor_hues,40,-0.3452736,0.0,0.0,1.0,6.3704553
2,A_recon,unseen_distractor_hues,41,-0.35201454,0.0,0.0,1.0,11.74925
2,A_recon,unseen_distractor_hues,42,-0.32437718,0.0,0.0,1.0,12.463997
2,A_recon,unseen_distractor_hues,43,-0.27647573,0.0,0.0,1.0,4.8418922
2,A_recon,unseen_distractor_hues,44,-0.29442298,0.0,0.0,1.0,3.5836914
2,A_recon,unseen_distractor_hues,45,-0.3312739,0.0,0.0,1.0,7.7259884
2,A_recon,unseen_distractor_hues,46,-0.60636276,0.0,0.0,0.0,16.929533
2,A_recon,unseen_distractor_hues,47,-0.36117205,0.0,0.0,0.0,17.538216
2,A_recon,unseen_distractor_hues,48,-0.57808834,0.0,0.0,1.0,22.44661
2,A_recon,unseen_distractor_hues,49,-0.58931607,0.0,0.0,0.0,26.172794
2,A_recon,unseen_distractor_hues,50,-0.37824076,0.0,0.0,0.0,17.33233
2,A_recon,unseen_distractor_hues,51,-0.7039108,0.0,0.0,0.0,24.295305
2,A_recon,unseen_distractor_hues,52,-0.38403845,0.0,0.0,0.0,23.39558
2,A_recon,unseen_distractor_hues,53,-0.5693254,0.0,0.0,1.0,22.772581
2,A_recon,unseen_distractor_hues,54,-0.25287998,0.0,0.0,1.0,11.599231
2,A_recon,unseen_distractor_hues,55,-0.6393915,0.0,0.0,0.0,22.907427
2,A_recon,unseen_distractor_hues,56,-0.20584328,0.0,0.0,1.0,14.279086
2,A_recon,unseen_distractor_hues,57,-0.862706,0.0,0.0,0.0,27.70734
2,A_recon,unseen_distractor_hues,58,-0.52763885,0.0,0.0,0.0,21.136496
2,A_recon,unseen_distractor_hues,59,-0.50871354,0.0,0.0,1.0,16.73513
2,A_recon,unseen_distractor_hues,60,-0.6229905,0.0,0.0,0.0,14.43668
2,A_recon,unseen_distractor_hues,61,-0.36879295,0.0,0.0,0.0,13.249527
2,A_recon,unseen_distractor_hues,62,-0.5907001,0.0,0.0,1.0,25.518461
2,A_recon,unseen_distractor_hues,63,-0.3956354,0.0,0.0,0.0,20.866692
2,A_recon,unseen_distractor_hues,64,-0.6615773,0.0,0.0,0.0,23.75041
2,A_recon,unseen_distractor_hues,65,-0.118070945,0.0,0.0,1.0,11.259436
2,A_recon,unseen_distractor_hues,66,-0.11939766,0.0,0.0,0.0,10.229002
2,A_recon,unseen_distractor_hues,67,-0.21658804,0.0,0.0,1.0,7.186506
2,A_recon,unseen_distractor_hues,68,-0.77678436,0.0,0.0,0.0,22.161564
2,A_recon,unseen_distractor_hues,69,-0.46883747,0.0,0.0,0.0,16.574842
2,A_recon,unseen_distractor_hues,70,-0.38117036,0.0,0.0,1.0,17.74276
2,A_recon,unseen_distractor_hues,71,-0.5490029,0.0,0.0,0.0,13.345856
2,A_recon,unseen_distractor_hues,72,-0.16052064,0.0,0.1111111111111111,1.0,13.318497
2,A_recon,unseen_distractor_hues,73,-0.41652897,0.0,0.0,1.0,13.743391
2,A_recon,unseen_distractor_hues,74,-0.69709384,0.0,0.0,0.0,29.034578
2,A_recon,unseen_distractor_hues,75,-0.51226044,0.0,0.0,1.0,18.57937
2,A_recon,unseen_distractor_hues,76,-0.41639608,0.0,0.0,0.0,19.26536
2,A_recon,unseen_distractor_hues,77,-0.60537374,0.0,0.0,0.0,16.862211
2,A_recon,unseen_distractor_hues,78,-0.53601533,0.0,0.0,1.0,19.150047
2,A_recon,unseen_distractor_hues,79,-0.4191678,0.0,0.0,0.0,17.34411
2,A_recon,unseen_distractor_hues,80,-0.7141751,0.0,0.0,0.0,22.851816
2,A_recon,unseen_distractor_hues,81,-0.6464751,0.0,0.0,1.0,22.96427
2,A_recon,unseen_distractor_hues,82,-0.44724798,0.0,0.0,1.0,9.447696
2,A_recon,unseen_distractor_hues,83,-0.8143725,0.0,0.0,0.0,29.090618
2,A_recon,unseen_distractor_hues,84,-0.6036969,0.0,0.0,0.0,26.221827
2,A_recon,unseen_distractor_hues,85,-0.82541883,0.0,0.0,0.0,26.86126
2,A_recon,unseen_distractor_hues,86,-0.63384074,0.0,0.0,0.0,26.863186
2,A_recon,unseen_distractor_hues,87,-0.02890452,0.0,0.2222222222222222,1.0,2.1946635
2,A_recon,unseen_distractor_hues,88,-0.32607824,0.0,0.0,1.0,11.159234
2,A_recon,unseen_distractor_hues,89,-0.21642232,0.0,0.0,1.0,4.4354644
2,A_recon,unseen_distractor_hues,90,-0.73307574,0.0,0.0,0.0,27.801155
2,A_recon,unseen_distractor_hues,91,-0.9158695,0.0,0.0,0.0,32.557667
2,A_recon,unseen_distractor_hues,92,-0.44277722,0.0,0.0,0.0,17.930462
2,A_recon,unseen_distractor_hues,93,-0.7424489,0.0,0.0,0.0,26.750246
2,A_recon,unseen_distractor_hues,94,-0.38862848,0.0,0.0,1.0,19.08103
2,A_recon,unseen_distractor_hues,95,-0.48777774,0.0,0.0,0.0,12.834414
2,A_recon,unseen_distractor_hues,96,-0.6019816,0.0,0.0,0.0,20.233896
2,A_recon,unseen_distractor_hues,97,-0.5455336,0.0,0.0,1.0,23.186012
2,A_recon,unseen_distractor_hues,98,-0.27526447,0.0,0.0,0.0,16.539625
2,A_recon,unseen_distractor_hues,99,-0.59415823,0.0,0.0,0.0,18.65147
2,A_recon,heavy_pixel_noise,0,-0.18515246,0.0,0.0,1.0,2.7794175
2,A_recon,heavy_pixel_noise,1,-0.54176605,0.0,0.0,0.0,26.02981
2,A_recon,heavy_pixel_noise,2,-0.59141636,0.0,0.0,0.0,16.549152
2,A_recon,heavy_pixel_noise,3,-0.38987833,0.0,0.0,0.0,8.752569
2,A_recon,heavy_pixel_noise,4,-0.07122226,0.0,0.17777777777777778,1.0,2.3700573
2,A_recon,heavy_pixel_noise,5,-0.6479101,0.0,0.0,0.0,19.55924
2,A_recon,heavy_pixel_noise,6,-0.378167,0.0,0.0,0.0,13.909588
2,A_recon,heavy_pixel_noise,7,-0.6448737,0.0,0.0,0.0,20.10802
2,A_recon,heavy_pixel_noise,8,-0.45013726,0.0,0.0,1.0,10.481773
2,A_recon,heavy_pixel_noise,9,-0.6190199,0.0,0.0,0.0,25.476614
2,A_recon,heavy_pixel_noise,10,-0.7989969,0.0,0.0,0.0,29.779537
2,A_recon,heavy_pixel_noise,11,-0.753687,0.0,0.0,1.0,26.616179
2,A_recon,heavy_pixel_noise,12,-0.3379368,0.0,0.0,0.0,18.975903
2,A_recon,heavy_pixel_noise,13,-0.79945177,0.0,0.0,0.0,25.069473
2,A_recon,heavy_pixel_noise,14,-0.32832205,0.0,0.0,1.0,7.4533043
2,A_recon,heavy_pixel_noise,15,-0.61364037,0.0,0.0,0.0,16.997791
2,A_recon,heavy_pixel_noise,16,-0.16262536,0.0,0.0,1.0,7.340032
2,A_recon,heavy_pixel_noise,17,-0.22164787,0.0,0.0,1.0,10.830049
2,A_recon,heavy_pixel_noise,18,-0.6828153,0.0,0.0,0.0,28.495785
2,A_recon,heavy_pixel_noise,19,-0.7542671,0.0,0.0,0.0,26.100647
2,A_recon,heavy_pixel_noise,20,-0.13547479,0.0,0.0,1.0,3.3494704
2,A_recon,heavy_pixel_noise,21,-0.33426338,0.0,0.0,0.0,17.256372
2,A_recon,heavy_pixel_noise,22,-0.36350012,0.0,0.0,0.0,18.009731
2,A_recon,heavy_pixel_noise,23,-0.25217372,0.0,0.0,1.0,13.611536
2,A_recon,heavy_pixel_noise,24,-0.32571465,0.0,0.0,1.0,8.3949375
2,A_recon,heavy_pixel_noise,25,-0.5512482,0.0,0.0,0.0,19.130394
2,A_recon,heavy_pixel_noise,26,-0.22998087,0.0,0.0,1.0,10.926427
2,A_recon,heavy_pixel_noise,27,-0.0057424773,0.0,0.17777777777777778,1.0,6.836831
2,A_recon,heavy_pixel_noise,28,-0.3541007,0.0,0.0,1.0,15.646866
2,A_recon,heavy_pixel_noise,29,-0.61142224,0.0,0.0,0.0,29.972874
2,A_recon,heavy_pixel_noise,30,-0.63563323,0.0,0.0,1.0,24.194735
2,A_recon,heavy_pixel_noise,31,-0.3677573,0.0,0.0,1.0,8.878614
2,A_recon,heavy_pixel_noise,32,-0.75812477,0.0,0.0,0.0,24.544586
2,A_recon,heavy_pixel_noise,33,-0.21004789,0.0,0.0,1.0,7.7566304
2,A_recon,heavy_pixel_noise,34,-0.50334454,0.0,0.0,1.0,17.176018
2,A_recon,heavy_pixel_noise,35,-0.2657045,0.0,0.0,1.0,8.3868065
2,A_recon,heavy_pixel_noise,36,-0.057899926,0.0,0.15555555555555556,1.0,3.7527966
2,A_recon,heavy_pixel_noise,37,-0.6801704,0.0,0.0,0.0,20.654676
2,A_recon,heavy_pixel_noise,38,-0.4550634,0.0,0.0,0.0,23.209219
2,A_recon,heavy_pixel_noise,39,-0.5238958,0.0,0.0,0.0,12.136668
2,A_recon,heavy_pixel_noise,40,-0.364565,0.0,0.0,1.0,8.061452
2,A_recon,heavy_pixel_noise,41,-0.3403747,0.0,0.0,1.0,10.776913
2,A_recon,heavy_pixel_noise,42,-0.3340142,0.0,0.0,1.0,12.68774
2,A_recon,heavy_pixel_noise,43,-0.28138664,0.0,0.0,1.0,5.0078135
2,A_recon,heavy_pixel_noise,44,-0.2917312,0.0,0.0,1.0,4.6644335
2,A_recon,heavy_pixel_noise,45,-0.34256783,0.0,0.0,1.0,7.892095
2,A_recon,heavy_pixel_noise,46,-0.60261834,0.0,0.0,0.0,16.909626
2,A_recon,heavy_pixel_noise,47,-0.3632341,0.0,0.0,0.0,17.537148
2,A_recon,heavy_pixel_noise,48,-0.60997784,0.0,0.0,1.0,22.589817
2,A_recon,heavy_pixel_noise,49,-0.5781863,0.0,0.0,0.0,25.654736
2,A_recon,heavy_pixel_noise,50,-0.37776726,0.0,0.0,0.0,17.33501
2,A_recon,heavy_pixel_noise,51,-0.6982573,0.0,0.0,0.0,23.964575
2,A_recon,heavy_pixel_noise,52,-0.37001768,0.0,0.0,0.0,22.164656
2,A_recon,heavy_pixel_noise,53,-0.57459104,0.0,0.0,1.0,23.159544
2,A_recon,heavy_pixel_noise,54,-0.25544682,0.0,0.0,1.0,11.664787
2,A_recon,heavy_pixel_noise,55,-0.6861813,0.0,0.0,0.0,29.836226
2,A_recon,heavy_pixel_noise,56,-0.19652046,0.0,0.0,1.0,14.084386
2,A_recon,heavy_pixel_noise,57,-0.8612333,0.0,0.0,0.0,27.261152
2,A_recon,heavy_pixel_noise,58,-0.54524803,0.0,0.0,0.0,21.137167
2,A_recon,heavy_pixel_noise,59,-0.5107862,0.0,0.0,1.0,16.828459
2,A_recon,heavy_pixel_noise,60,-0.62024903,0.0,0.0,0.0,14.137123
2,A_recon,heavy_pixel_noise,61,-0.3663048,0.0,0.0,0.0,12.874893
2,A_recon,heavy_pixel_noise,62,-0.59816164,0.0,0.0,1.0,25.518461
2,A_recon,heavy_pixel_noise,63,-0.3959885,0.0,0.0,0.0,20.738344
2,A_recon,heavy_pixel_noise,64,-0.65318793,0.0,0.0,0.0,23.300522
2,A_recon,heavy_pixel_noise,65,-0.102863215,0.0,0.0,1.0,9.725706
2,A_recon,heavy_pixel_noise,66,-0.1530133,0.0,0.0,0.0,10.693186
2,A_recon,heavy_pixel_noise,67,-0.21362685,0.0,0.0,1.0,6.8821106
2,A_recon,heavy_pixel_noise,68,-0.7885076,0.0,0.0,0.0,22.741037
2,A_recon,heavy_pixel_noise,69,-0.46533623,0.0,0.0,0.0,16.140026
2,A_recon,heavy_pixel_noise,70,-0.3578164,0.0,0.0,1.0,16.352844
2,A_recon,heavy_pixel_noise,71,-0.5574487,0.0,0.0,0.0,13.809997
2,A_recon,heavy_pixel_noise,72,-0.16559921,0.0,0.1111111111111111,1.0,13.338334
2,A_recon,heavy_pixel_noise,73,-0.41759202,0.0,0.0,1.0,13.740752
2,A_recon,heavy_pixel_noise,74,-0.6917561,0.0,0.0,0.0,28.737576
2,A_recon,heavy_pixel_noise,75,-0.51467425,0.0,0.0,1.0,18.672943
2,A_recon,heavy_pixel_noise,76,-0.41154513,0.0,0.0,0.0,18.660488
2,A_recon,heavy_pixel_noise,77,-0.6035444,0.0,0.0,0.0,16.490522
2,A_recon,heavy_pixel_noise,78,-0.5504806,0.0,0.0,1.0,20.175957
2,A_recon,heavy_pixel_noise,79,-0.42941502,0.0,0.0,0.0,17.943987
2,A_recon,heavy_pixel_noise,80,-0.71450406,0.0,0.0,0.0,22.850548
2,A_recon,heavy_pixel_noise,81,-0.6323316,0.0,0.0,1.0,23.291645
2,A_recon,heavy_pixel_noise,82,-0.41954222,0.0,0.0,1.0,7.6839285
2,A_recon,heavy_pixel_noise,83,-0.8200187,0.0,0.0,0.0,28.730711
2,A_recon,heavy_pixel_noise,84,-0.6129701,0.0,0.0,0.0,26.212963
2,A_recon,heavy_pixel_noise,85,-0.81817245,0.0,0.0,0.0,25.883781
2,A_recon,heavy_pixel_noise,86,-0.637243,0.0,0.0,0.0,26.85714
2,A_recon,heavy_pixel_noise,87,-0.04026518,0.0,0.2,1.0,3.1143706
2,A_recon,heavy_pixel_noise,88,-0.32623777,0.0,0.0,1.0,11.159881
2,A_recon,heavy_pixel_noise,89,-0.21456112,0.0,0.0,1.0,4.675929
2,A_recon,heavy_pixel_noise,90,-0.7422361,0.0,0.0,0.0,26.970196
2,A_recon,heavy_pixel_noise,91,-0.926403,0.0,0.0,0.0,32.84803
2,A_recon,heavy_pixel_noise,92,-0.49448615,0.0,0.0,0.0,20.841936
2,A_recon,heavy_pixel_noise,93,-0.6964127,0.0,0.0,0.0,25.392431
2,A_recon,heavy_pixel_noise,94,-0.38603565,0.0,0.0,1.0,19.047535
2,A_recon,heavy_pixel_noise,95,-0.47317415,0.0,0.0,0.0,11.280214
2,A_recon,heavy_pixel_noise,96,-0.6256291,0.0,0.0,0.0,21.47232
2,A_recon,heavy_pixel_noise,97,-0.5366775,0.0,0.0,1.0,22.783081
2,A_recon,heavy_pixel_noise,98,-0.27813584,0.0,0.0,0.0,16.666725
2,A_recon,heavy_pixel_noise,99,-0.5804601,0.0,0.0,0.0,17.396912
2,B_task,in_distribution,0,-0.050503697,0.0,0.06666666666666667,1.0,3.194204
2,B_task,in_distribution,1,0.07327468,0.0,0.4,1.0,1.7459309
2,B_task,in_distribution,2,-0.07306072,1.0,0.3111111111111111,1.0,0.27392513
2,B_task,in_distribution,3,0.013994752,1.0,0.4,1.0,1.4659461
2,B_task,in_distribution,4,0.05038458,0.0,0.26666666666666666,1.0,2.060891
2,B_task,in_distribution,5,-0.2889136,0.0,0.0,1.0,2.700603
2,B_task,in_distribution,6,-0.04463587,0.0,0.1111111111111111,1.0,2.446538
2,B_task,in_distribution,7,-0.20332718,0.0,0.0,1.0,1.6794102
2,B_task,in_distribution,8,-0.12444439,1.0,0.2,1.0,1.2094516
2,B_task,in_distribution,9,-0.1385801,0.0,0.0,1.0,2.5306997
2,B_task,in_distribution,10,-0.13385375,0.0,0.0,1.0,1.6457967
2,B_task,in_distribution,11,-0.34313098,0.0,0.0,1.0,6.514282
2,B_task,in_distribution,12,-0.2846381,0.0,0.0,0.0,12.038467
2,B_task,in_distribution,13,-0.36718327,0.0,0.0,1.0,5.1971016
2,B_task,in_distribution,14,-0.18723784,0.0,0.0,1.0,4.3007455
2,B_task,in_distribution,15,-0.37943447,0.0,0.0,1.0,6.7563386
2,B_task,in_distribution,16,-0.05620098,1.0,0.022222222222222223,1.0,1.5378057
2,B_task,in_distribution,17,-0.14315411,0.0,0.0,1.0,5.968847
2,B_task,in_distribution,18,-0.23984481,0.0,0.0,1.0,3.6488864
2,B_task,in_distribution,19,-0.34783474,0.0,0.0,1.0,5.5809712
2,B_task,in_distribution,20,-0.15800442,0.0,0.0,1.0,2.7881372
2,B_task,in_distribution,21,-0.096255735,0.0,0.0,1.0,4.79178
2,B_task,in_distribution,22,-0.10766168,0.0,0.0,1.0,3.7186568
2,B_task,in_distribution,23,-0.0070438744,0.0,0.15555555555555556,1.0,4.028171
2,B_task,in_distribution,24,-0.025966957,1.0,0.2,1.0,1.2579031
2,B_task,in_distribution,25,-0.3045249,0.0,0.0,0.0,6.2388773
2,B_task,in_distribution,26,-0.085068494,0.0,0.0,1.0,3.408774
2,B_task,in_distribution,27,-0.00046804233,0.0,0.0,1.0,4.230341
2,B_task,in_distribution,28,-0.14451864,0.0,0.0,1.0,4.914954
2,B_task,in_distribution,29,-0.19965653,0.0,0.0,1.0,3.4016485
2,B_task,in_distribution,30,-0.26917988,0.0,0.0,1.0,4.1652102
2,B_task,in_distribution,31,-0.11589125,0.0,0.0,1.0,2.0564482
2,B_task,in_distribution,32,-0.37244266,0.0,0.0,1.0,5.3800898
2,B_task,in_distribution,33,-0.19803283,0.0,0.0,1.0,5.7038155
2,B_task,in_distribution,34,-0.17342973,0.0,0.0,1.0,3.4264908
2,B_task,in_distribution,35,-0.17953089,0.0,0.0,1.0,4.680888
2,B_task,in_distribution,36,-0.14838523,0.0,0.0,1.0,3.1910236
2,B_task,in_distribution,37,-0.19360076,0.0,0.0,1.0,1.9103417
2,B_task,in_distribution,38,-0.20465489,0.0,0.0,1.0,6.4712505
2,B_task,in_distribution,39,-0.10351708,0.0,0.2,1.0,2.4274757
2,B_task,in_distribution,40,-0.08129599,1.0,0.15555555555555556,1.0,0.9666098
2,B_task,in_distribution,41,-0.09704731,0.0,0.08888888888888889,1.0,5.786189
2,B_task,in_distribution,42,0.0711846,1.0,0.28888888888888886,1.0,0.6658886
2,B_task,in_distribution,43,-0.074630395,1.0,0.06666666666666667,1.0,1.4717661
2,B_task,in_distribution,44,-0.061911017,0.0,0.08888888888888889,1.0,3.1457365
2,B_task,in_distribution,45,-0.13257164,0.0,0.0,1.0,3.084577
2,B_task,in_distribution,46,-0.104605176,1.0,0.28888888888888886,1.0,0.61306167
2,B_task,in_distribution,47,-0.18330078,0.0,0.0,1.0,5.24931
2,B_task,in_distribution,48,-0.19599518,0.0,0.0,1.0,3.6966743
2,B_task,in_distribution,49,-0.22950934,0.0,0.0,0.0,7.440281
2,B_task,in_distribution,50,-0.13164379,0.0,0.0,1.0,4.412046
2,B_task,in_distribution,51,-0.36605442,0.0,0.0,1.0,4.13779
2,B_task,in_distribution,52,-0.11251808,0.0,0.0,1.0,4.6374917
2,B_task,in_distribution,53,-0.19409104,0.0,0.0,1.0,4.763702
2,B_task,in_distribution,54,-0.07733536,0.0,0.0,1.0,3.124031
2,B_task,in_distribution,55,-0.13914987,0.0,0.0,1.0,2.2675412
2,B_task,in_distribution,56,0.004333792,0.0,0.15555555555555556,1.0,3.605084
2,B_task,in_distribution,57,-0.41189015,0.0,0.0,1.0,4.674633
2,B_task,in_distribution,58,-0.2294459,0.0,0.0,1.0,4.5491414
2,B_task,in_distribution,59,-0.3099603,0.0,0.0,1.0,8.298583
2,B_task,in_distribution,60,-0.34988546,0.0,0.0,1.0,3.2132807
2,B_task,in_distribution,61,-0.10379091,0.0,0.0,1.0,2.2935388
2,B_task,in_distribution,62,-0.2780599,0.0,0.0,1.0,6.0142856
2,B_task,in_distribution,63,-0.2541592,0.0,0.0,1.0,10.34416
2,B_task,in_distribution,64,-0.27422762,0.0,0.0,1.0,4.4121823
2,B_task,in_distribution,65,0.10725938,0.0,0.28888888888888886,1.0,3.0431733
2,B_task,in_distribution,66,0.047351334,0.0,0.17777777777777778,1.0,3.669768
2,B_task,in_distribution,67,-0.14493611,0.0,0.0,1.0,3.453214
2,B_task,in_distribution,68,-0.27549666,1.0,0.13333333333333333,1.0,1.1779652
2,B_task,in_distribution,69,-0.11089194,0.0,0.0,1.0,3.1591299
2,B_task,in_distribution,70,-0.06397807,0.0,0.0,1.0,3.6755219
2,B_task,in_distribution,71,-0.1788048,1.0,0.06666666666666667,1.0,1.1837809
2,B_task,in_distribution,72,0.0011827294,0.0,0.1111111111111111,1.0,4.0962844
2,B_task,in_distribution,73,-0.19700944,0.0,0.0,1.0,3.677525
2,B_task,in_distribution,74,-0.12234174,1.0,0.17777777777777778,1.0,0.7258748
2,B_task,in_distribution,75,-0.09104323,0.0,0.0,1.0,1.9422637
2,B_task,in_distribution,76,-0.13016978,0.0,0.0,1.0,2.0583735
2,B_task,in_distribution,77,-0.26685986,0.0,0.0,1.0,2.4816902
2,B_task,in_distribution,78,-0.18689673,0.0,0.0,1.0,4.7832336
2,B_task,in_distribution,79,-0.118955635,0.0,0.0,1.0,3.7119637
2,B_task,in_distribution,80,-0.34561,0.0,0.0,1.0,4.2673254
2,B_task,in_distribution,81,-0.30731714,0.0,0.0,1.0,5.4438
2,B_task,in_distribution,82,-0.13783525,0.0,0.0,1.0,1.9320718
2,B_task,in_distribution,83,-0.3753975,0.0,0.0,1.0,4.322651
2,B_task,in_distribution,84,-0.28898662,0.0,0.0,1.0,6.888106
2,B_task,in_distribution,85,-0.327443,1.0,0.044444444444444446,1.0,1.118933
2,B_task,in_distribution,86,-0.2539379,0.0,0.0,1.0,5.4528203
2,B_task,in_distribution,87,0.15628086,1.0,0.5333333333333333,1.0,1.1698617
2,B_task,in_distribution,88,-0.08611684,0.0,0.0,1.0,4.758506
2,B_task,in_distribution,89,-0.22425637,0.0,0.0,1.0,5.7770658
2,B_task,in_distribution,90,-0.12702902,1.0,0.24444444444444444,1.0,0.6082726
2,B_task,in_distribution,91,-0.22998604,0.0,0.13333333333333333,1.0,1.7073951
2,B_task,in_distribution,92,-0.13513619,0.0,0.0,1.0,2.7813108
2,B_task,in_distribution,93,-0.27014312,0.0,0.0,1.0,6.402109
2,B_task,in_distribution,94,-0.18901463,0.0,0.0,1.0,5.414682
2,B_task,in_distribution,95,-0.2817655,0.0,0.0,1.0,3.4779024
2,B_task,in_distribution,96,-0.22260363,0.0,0.0,1.0,3.22693
2,B_task,in_distribution,97,-0.12694468,0.0,0.0,1.0,3.9442253
2,B_task,in_distribution,98,-0.11727631,0.0,0.0,1.0,3.4447708
2,B_task,in_distribution,99,-0.11648313,0.0,0.15555555555555556,1.0,2.3394556
2,B_task,4_distractors,0,-0.043946672,0.0,0.08888888888888889,1.0,3.1403441
2,B_task,4_distractors,1,0.02333695,0.0,0.26666666666666666,1.0,1.9639513
2,B_task,4_distractors,2,-0.14928691,1.0,0.2,1.0,1.238595
2,B_task,4_distractors,3,0.017399877,1.0,0.4,1.0,1.3371229
2,B_task,4_distractors,4,-0.0009958881,0.0,0.0,1.0,2.562012
2,B_task,4_distractors,5,-0.30168247,0.0,0.0,1.0,2.9455988
2,B_task,4_distractors,6,-0.051213216,0.0,0.1111111111111111,1.0,2.4494543
2,B_task,4_distractors,7,-0.23005846,0.0,0.0,1.0,2.1567872
2,B_task,4_distractors,8,-0.1522307,1.0,0.08888888888888889,1.0,1.4935962
2,B_task,4_distractors,9,-0.27086633,0.0,0.0,1.0,5.434164
2,B_task,4_distractors,10,-0.14727175,0.0,0.0,1.0,1.8093411
2,B_task,4_distractors,11,-0.3321318,0.0,0.0,1.0,5.7418523
2,B_task,4_distractors,12,-0.28267777,0.0,0.0,0.0,11.823284
2,B_task,4_distractors,13,-0.3395832,0.0,0.0,1.0,3.847728
2,B_task,4_distractors,14,-0.122438505,0.0,0.0,1.0,2.6022322
2,B_task,4_distractors,15,-0.40975598,0.0,0.0,1.0,9.824763
2,B_task,4_distractors,16,-0.067900024,0.0,0.0,1.0,1.9709573
2,B_task,4_distractors,17,-0.106975876,0.0,0.0,1.0,6.0454154
2,B_task,4_distractors,18,-0.24234632,0.0,0.0,1.0,3.374014
2,B_task,4_distractors,19,-0.3413037,0.0,0.0,1.0,5.3382306
2,B_task,4_distractors,20,-0.1381993,0.0,0.0,1.0,2.6805937
2,B_task,4_distractors,21,-0.08943848,0.0,0.0,1.0,4.6101646
2,B_task,4_distractors,22,-0.063069254,0.0,0.0,1.0,3.4153242
2,B_task,4_distractors,23,-0.0024994316,0.0,0.13333333333333333,1.0,2.6614661
2,B_task,4_distractors,24,-0.19853957,0.0,0.0,1.0,3.6333086
2,B_task,4_distractors,25,-0.30528072,0.0,0.0,0.0,6.309597
2,B_task,4_distractors,26,-0.09030572,0.0,0.0,1.0,3.7337956
2,B_task,4_distractors,27,0.06930365,0.0,0.17777777777777778,1.0,3.5049505
2,B_task,4_distractors,28,-0.11378434,0.0,0.0,1.0,4.5946846
2,B_task,4_distractors,29,-0.2588678,0.0,0.0,1.0,6.758791
2,B_task,4_distractors,30,-0.2814533,0.0,0.0,1.0,4.3557935
2,B_task,4_distractors,31,-0.16620256,0.0,0.0,1.0,2.6064553
2,B_task,4_distractors,32,-0.37537184,0.0,0.0,1.0,5.4426236
2,B_task,4_distractors,33,-0.1807994,0.0,0.0,1.0,5.352318
2,B_task,4_distractors,34,-0.18517016,0.0,0.0,1.0,3.609269
2,B_task,4_distractors,35,-0.17862964,0.0,0.0,1.0,4.711615
2,B_task,4_distractors,36,-0.17228656,0.0,0.0,1.0,4.0888305
2,B_task,4_distractors,37,-0.2926633,0.0,0.0,1.0,3.4640126
2,B_task,4_distractors,38,-0.21170561,0.0,0.0,1.0,6.3997893
2,B_task,4_distractors,39,-0.1006565,0.0,0.24444444444444444,1.0,1.6627378
2,B_task,4_distractors,40,-0.05507773,1.0,0.2,1.0,0.88807416
2,B_task,4_distractors,41,-0.07518309,0.0,0.1111111111111111,1.0,5.174459
2,B_task,4_distractors,42,0.11439755,1.0,0.4444444444444444,1.0,0.972327
2,B_task,4_distractors,43,-0.22625573,0.0,0.0,1.0,3.9325294
2,B_task,4_distractors,44,-0.02970168,0.0,0.17777777777777778,1.0,2.8589315
2,B_task,4_distractors,45,-0.110588476,0.0,0.0,1.0,2.4483192
2,B_task,4_distractors,46,-0.095703594,1.0,0.28888888888888886,1.0,0.4175047
2,B_task,4_distractors,47,-0.19495788,0.0,0.0,1.0,5.506791
2,B_task,4_distractors,48,-0.18064554,0.0,0.0,1.0,3.8641624
2,B_task,4_distractors,49,-0.2519642,0.0,0.0,0.0,8.520253
2,B_task,4_distractors,50,-0.123528235,0.0,0.0,1.0,3.052888
2,B_task,4_distractors,51,-0.37796074,0.0,0.0,1.0,4.9533324
2,B_task,4_distractors,52,-0.12935758,0.0,0.0,1.0,4.7951856
2,B_task,4_distractors,53,-0.18670312,0.0,0.0,1.0,4.342413
2,B_task,4_distractors,54,-0.047380723,0.0,0.0,1.0,2.5338988
2,B_task,4_distractors,55,-0.14744805,0.0,0.0,1.0,2.2775695
2,B_task,4_distractors,56,0.008625086,0.0,0.17777777777777778,1.0,4.118992
2,B_task,4_distractors,57,-0.40160602,0.0,0.0,1.0,3.6951988
2,B_task,4_distractors,58,-0.18353392,0.0,0.0,1.0,3.8075094
2,B_task,4_distractors,59,-0.2868047,0.0,0.0,1.0,6.702378
2,B_task,4_distractors,60,-0.34462148,0.0,0.0,1.0,2.6013553
2,B_task,4_distractors,61,-0.121221244,0.0,0.0,1.0,2.675364
2,B_task,4_distractors,62,-0.2565493,0.0,0.0,1.0,4.5837374
2,B_task,4_distractors,63,-0.2607854,0.0,0.0,1.0,10.40996
2,B_task,4_distractors,64,-0.26354763,0.0,0.0,1.0,4.0900507
2,B_task,4_distractors,65,0.08316395,0.0,0.2222222222222222,1.0,3.0748036
2,B_task,4_distractors,66,0.11503209,0.0,0.24444444444444444,1.0,2.791005
2,B_task,4_distractors,67,-0.17415056,0.0,0.0,1.0,4.2329764
2,B_task,4_distractors,68,-0.28336608,1.0,0.08888888888888889,1.0,1.290775
2,B_task,4_distractors,69,-0.09113516,0.0,0.0,1.0,2.8516955
2,B_task,4_distractors,70,-0.058504432,0.0,0.0,1.0,3.5038767
2,B_task,4_distractors,71,-0.22387722,0.0,0.0,1.0,1.9248403
2,B_task,4_distractors,72,-0.022650229,0.0,0.13333333333333333,1.0,4.834741
2,B_task,4_distractors,73,-0.164184,0.0,0.0,1.0,2.5501926
2,B_task,4_distractors,74,-0.16701172,0.0,0.0,1.0,1.7930806
2,B_task,4_distractors,75,-0.10347386,0.0,0.0,1.0,2.0283132
2,B_task,4_distractors,76,-0.08846979,1.0,0.022222222222222223,1.0,1.5241996
2,B_task,4_distractors,77,-0.28101972,0.0,0.0,1.0,2.724206
2,B_task,4_distractors,78,-0.20188542,0.0,0.0,1.0,4.7561946
2,B_task,4_distractors,79,-0.10861688,0.0,0.0,1.0,3.4567127
2,B_task,4_distractors,80,-0.35046926,0.0,0.0,1.0,4.475639
2,B_task,4_distractors,81,-0.30577576,0.0,0.0,1.0,5.1594377
2,B_task,4_distractors,82,-0.25658125,0.0,0.0,1.0,4.034381
2,B_task,4_distractors,83,-0.35760468,0.0,0.0,1.0,4.2918725
2,B_task,4_distractors,84,-0.32831928,0.0,0.0,1.0,10.146906
2,B_task,4_distractors,85,-0.33268416,0.0,0.0,1.0,2.2908344
2,B_task,4_distractors,86,-0.25797582,0.0,0.0,1.0,6.03321
2,B_task,4_distractors,87,0.058034305,1.0,0.15555555555555556,1.0,1.2498236
2,B_task,4_distractors,88,-0.07596791,0.0,0.0,1.0,2.7033038
2,B_task,4_distractors,89,-0.22049795,0.0,0.0,1.0,5.5143642
2,B_task,4_distractors,90,-0.15385368,1.0,0.2,1.0,0.61863685
2,B_task,4_distractors,91,-0.22497825,0.0,0.13333333333333333,1.0,3.5521224
2,B_task,4_distractors,92,-0.17630848,0.0,0.0,1.0,2.8036118
2,B_task,4_distractors,93,-0.22292535,0.0,0.0,1.0,4.745255
2,B_task,4_distractors,94,-0.19179374,0.0,0.0,1.0,5.9339705
2,B_task,4_distractors,95,-0.25630802,0.0,0.0,1.0,2.9458928
2,B_task,4_distractors,96,-0.20995773,0.0,0.0,1.0,2.87868
2,B_task,4_distractors,97,-0.035700142,0.0,0.17777777777777778,1.0,3.2542732
2,B_task,4_distractors,98,-0.13740213,0.0,0.0,1.0,4.0780954
2,B_task,4_distractors,99,-0.08893626,1.0,0.35555555555555557,1.0,1.3588766
2,B_task,fast_distractors,0,-0.045943625,0.0,0.08888888888888889,1.0,3.072777
2,B_task,fast_distractors,1,0.057932578,0.0,0.35555555555555557,1.0,1.8447133
2,B_task,fast_distractors,2,-0.078271344,1.0,0.3111111111111111,1.0,0.5090584
2,B_task,fast_distractors,3,0.0017785383,1.0,0.4,1.0,1.3984022
2,B_task,fast_distractors,4,0.040222798,0.0,0.2222222222222222,1.0,2.1597412
2,B_task,fast_distractors,5,-0.31054464,0.0,0.0,1.0,3.7496386
2,B_task,fast_distractors,6,-0.03802414,0.0,0.1111111111111111,1.0,2.2855475
2,B_task,fast_distractors,7,-0.19828396,0.0,0.0,1.0,1.5787
2,B_task,fast_distractors,8,-0.13057242,1.0,0.2,1.0,1.0410304
2,B_task,fast_distractors,9,-0.14533626,0.0,0.0,1.0,2.592223
2,B_task,fast_distractors,10,-0.1316272,0.0,0.0,1.0,1.6544919
2,B_task,fast_distractors,11,-0.33565876,0.0,0.0,1.0,5.698417
2,B_task,fast_distractors,12,-0.28725678,0.0,0.0,0.0,12.398356
2,B_task,fast_distractors,13,-0.35321844,0.0,0.0,1.0,4.4782376
2,B_task,fast_distractors,14,-0.17003036,0.0,0.0,1.0,3.2567668
2,B_task,fast_distractors,15,-0.3839656,0.0,0.0,1.0,7.8884034
2,B_task,fast_distractors,16,-0.062247235,0.0,0.0,1.0,1.6353638
2,B_task,fast_distractors,17,-0.14147876,0.0,0.0,1.0,5.9812627
2,B_task,fast_distractors,18,-0.250189,0.0,0.0,1.0,3.8729265
2,B_task,fast_distractors,19,-0.35653135,0.0,0.0,1.0,5.7437925
2,B_task,fast_distractors,20,-0.11782623,0.0,0.0,1.0,1.9374589
2,B_task,fast_distractors,21,-0.0999466,0.0,0.0,1.0,4.8113995
2,B_task,fast_distractors,22,-0.11730709,0.0,0.0,1.0,3.4695592
2,B_task,fast_distractors,23,0.005730249,0.0,0.17777777777777778,1.0,3.7358701
2,B_task,fast_distractors,24,-0.033070788,1.0,0.15555555555555556,1.0,1.2732091
2,B_task,fast_distractors,25,-0.3046705,0.0,0.0,0.0,6.137021
2,B_task,fast_distractors,26,-0.08480769,0.0,0.0,1.0,3.3473647
2,B_task,fast_distractors,27,-0.00043199144,0.0,0.0,1.0,4.1766543
2,B_task,fast_distractors,28,-0.13902593,0.0,0.0,1.0,4.893956
2,B_task,fast_distractors,29,-0.18021567,0.0,0.0,1.0,2.9527152
2,B_task,fast_distractors,30,-0.26842237,0.0,0.0,1.0,4.147915
2,B_task,fast_distractors,31,-0.15746307,0.0,0.0,1.0,2.603585
2,B_task,fast_distractors,32,-0.36968502,0.0,0.0,1.0,5.06937
2,B_task,fast_distractors,33,-0.19223262,0.0,0.0,1.0,5.585803
2,B_task,fast_distractors,34,-0.18213388,0.0,0.0,1.0,3.4480507
2,B_task,fast_distractors,35,-0.17809704,0.0,0.0,1.0,4.587596
2,B_task,fast_distractors,36,-0.15315947,0.0,0.0,1.0,3.402949
2,B_task,fast_distractors,37,-0.22474647,0.0,0.0,1.0,2.571588
2,B_task,fast_distractors,38,-0.20275246,0.0,0.0,1.0,6.167909
2,B_task,fast_distractors,39,-0.095780924,0.0,0.2,1.0,2.1309352
2,B_task,fast_distractors,40,-0.0515768,1.0,0.2222222222222222,1.0,0.75644237
2,B_task,fast_distractors,41,-0.11494786,0.0,0.044444444444444446,1.0,6.0128374
2,B_task,fast_distractors,42,0.124341056,1.0,0.4222222222222222,1.0,0.47698438
2,B_task,fast_distractors,43,-0.1364835,0.0,0.0,1.0,2.6678128
2,B_task,fast_distractors,44,-0.10213526,0.0,0.0,1.0,3.7231843
2,B_task,fast_distractors,45,-0.12658714,0.0,0.0,1.0,2.9639304
2,B_task,fast_distractors,46,-0.118553594,1.0,0.24444444444444444,1.0,0.48093477
2,B_task,fast_distractors,47,-0.18233374,0.0,0.0,1.0,5.0658445
2,B_task,fast_distractors,48,-0.1884617,0.0,0.0,1.0,3.503801
2,B_task,fast_distractors,49,-0.22951333,0.0,0.0,0.0,7.505455
2,B_task,fast_distractors,50,-0.13054444,0.0,0.0,1.0,4.1485324
2,B_task,fast_distractors,51,-0.37120003,0.0,0.0,1.0,4.650728
2,B_task,fast_distractors,52,-0.10187895,0.0,0.0,1.0,4.771793
2,B_task,fast_distractors,53,-0.18705939,0.0,0.0,1.0,4.3112645
2,B_task,fast_distractors,54,-0.06597876,0.0,0.0,1.0,2.7951577
2,B_task,fast_distractors,55,-0.11813392,0.0,0.2222222222222222,1.0,1.6499089
2,B_task,fast_distractors,56,0.011286967,0.0,0.15555555555555556,1.0,3.4111545
2,B_task,fast_distractors,57,-0.41081238,0.0,0.0,1.0,4.4960656
2,B_task,fast_distractors,58,-0.21804701,0.0,0.0,1.0,3.9919534
2,B_task,fast_distractors,59,-0.31093234,0.0,0.0,1.0,7.8130083
2,B_task,fast_distractors,60,-0.35143238,0.0,0.0,1.0,3.0301683
2,B_task,fast_distractors,61,-0.09213096,0.0,0.0,1.0,2.0824287
2,B_task,fast_distractors,62,-0.28137344,0.0,0.0,1.0,6.004749
2,B_task,fast_distractors,63,-0.25318485,0.0,0.0,1.0,10.33913
2,B_task,fast_distractors,64,-0.25715113,0.0,0.0,1.0,3.8759608
2,B_task,fast_distractors,65,0.09470524,0.0,0.26666666666666666,1.0,3.1521761
2,B_task,fast_distractors,66,0.024463363,0.0,0.15555555555555556,1.0,3.9904692
2,B_task,fast_distractors,67,-0.17266226,0.0,0.0,1.0,4.0549927
2,B_task,fast_distractors,68,-0.18984824,1.0,0.26666666666666666,1.0,0.5665581
2,B_task,fast_distractors,69,-0.104811065,0.0,0.0,1.0,2.9249554
2,B_task,fast_distractors,70,-0.071489155,0.0,0.0,1.0,3.7792618
2,B_task,fast_distractors,71,-0.11192199,1.0,0.24444444444444444,1.0,0.6272137
2,B_task,fast_distractors,72,-0.008145208,0.0,0.1111111111111111,1.0,4.989865
2,B_task,fast_distractors,73,-0.19973776,0.0,0.0,1.0,3.703104
2,B_task,fast_distractors,74,-0.10560806,1.0,0.2222222222222222,1.0,0.37663102
2,B_task,fast_distractors,75,-0.11220219,0.0,0.0,1.0,2.0876088
2,B_task,fast_distractors,76,-0.11864586,0.0,0.0,1.0,1.8223677
2,B_task,fast_distractors,77,-0.2709427,0.0,0.0,1.0,2.580528
2,B_task,fast_distractors,78,-0.19818631,0.0,0.0,1.0,4.7101607
2,B_task,fast_distractors,79,-0.12388488,0.0,0.0,1.0,3.5676184
2,B_task,fast_distractors,80,-0.3431309,0.0,0.0,1.0,4.252855
2,B_task,fast_distractors,81,-0.307186,0.0,0.0,1.0,5.484938
2,B_task,fast_distractors,82,-0.1866457,0.0,0.0,1.0,2.6496317
2,B_task,fast_distractors,83,-0.34971684,0.0,0.0,1.0,3.9619894
2,B_task,fast_distractors,84,-0.30842477,0.0,0.0,1.0,8.72815
2,B_task,fast_distractors,85,-0.32242396,0.0,0.0,1.0,1.7650064
2,B_task,fast_distractors,86,-0.25620294,0.0,0.0,1.0,5.530889
2,B_task,fast_distractors,87,0.11565605,0.0,0.4222222222222222,1.0,1.7954983
2,B_task,fast_distractors,88,-0.09392068,0.0,0.0,1.0,4.834429
2,B_task,fast_distractors,89,-0.22202277,0.0,0.0,1.0,5.60194
2,B_task,fast_distractors,90,-0.112288065,1.0,0.28888888888888886,1.0,0.5892326
2,B_task,fast_distractors,91,-0.24618055,0.0,0.0,1.0,2.4716656
2,B_task,fast_distractors,92,-0.13890053,0.0,0.0,1.0,2.7620828
2,B_task,fast_distractors,93,-0.26384258,0.0,0.0,1.0,5.7606907
2,B_task,fast_distractors,94,-0.18803607,0.0,0.0,1.0,5.6386447
2,B_task,fast_distractors,95,-0.25763735,0.0,0.0,1.0,3.0597074
2,B_task,fast_distractors,96,-0.20621938,0.0,0.0,1.0,2.8230383
2,B_task,fast_distractors,97,-0.09145105,0.0,0.13333333333333333,1.0,4.0427256
2,B_task,fast_distractors,98,-0.12637773,0.0,0.0,1.0,3.6870348
2,B_task,fast_distractors,99,-0.11615891,0.0,0.15555555555555556,1.0,2.358004
2,B_task,unseen_distractor_hues,0,-0.021466661,0.0,0.1111111111111111,1.0,2.919618
2,B_task,unseen_distractor_hues,1,0.049953148,0.0,0.3333333333333333,1.0,2.1049993
2,B_task,unseen_distractor_hues,2,-0.14352521,0.0,0.15555555555555556,1.0,1.8528116
2,B_task,unseen_distractor_hues,3,-0.01500945,1.0,0.37777777777777777,1.0,1.5283202
2,B_task,unseen_distractor_hues,4,0.060832623,0.0,0.3111111111111111,1.0,1.9116374
2,B_task,unseen_distractor_hues,5,-0.2958921,0.0,0.0,1.0,3.335627
2,B_task,unseen_distractor_hues,6,-0.038575727,0.0,0.13333333333333333,1.0,2.4182692
2,B_task,unseen_distractor_hues,7,-0.20605445,0.0,0.0,1.0,1.7414156
2,B_task,unseen_distractor_hues,8,-0.1362211,1.0,0.15555555555555556,1.0,1.4131675
2,B_task,unseen_distractor_hues,9,-0.18502812,0.0,0.0,1.0,3.045779
2,B_task,unseen_distractor_hues,10,-0.13230029,0.0,0.0,1.0,1.600795
2,B_task,unseen_distractor_hues,11,-0.33917522,0.0,0.0,1.0,6.0368385
2,B_task,unseen_distractor_hues,12,-0.3197789,0.0,0.0,0.0,12.318785
2,B_task,unseen_distractor_hues,13,-0.36504376,0.0,0.0,1.0,5.320185
2,B_task,unseen_distractor_hues,14,-0.1800658,0.0,0.0,1.0,4.5468903
2,B_task,unseen_distractor_hues,15,-0.38127545,0.0,0.0,1.0,7.0878224
2,B_task,unseen_distractor_hues,16,-0.06694661,0.0,0.0,1.0,1.6836172
2,B_task,unseen_distractor_hues,17,-0.13838781,0.0,0.0,1.0,5.9836893
2,B_task,unseen_distractor_hues,18,-0.24583717,0.0,0.0,1.0,3.6586056
2,B_task,unseen_distractor_hues,19,-0.3321345,0.0,0.0,1.0,4.836218
2,B_task,unseen_distractor_hues,20,-0.09391414,0.0,0.0,1.0,2.3072236
2,B_task,unseen_distractor_hues,21,-0.103013165,0.0,0.0,1.0,4.942998
2,B_task,unseen_distractor_hues,22,-0.1011041,0.0,0.0,1.0,3.8418832
2,B_task,unseen_distractor_hues,23,-0.0029475251,0.0,0.15555555555555556,1.0,3.3297234
2,B_task,unseen_distractor_hues,24,-0.024333823,1.0,0.2,1.0,1.333144
2,B_task,unseen_distractor_hues,25,-0.30304942,0.0,0.0,0.0,7.276013
2,B_task,unseen_distractor_hues,26,-0.08092936,0.0,0.0,1.0,3.2889235
2,B_task,unseen_distractor_hues,27,0.015744606,0.0,0.0,1.0,3.9796453
2,B_task,unseen_distractor_hues,28,-0.1238438,0.0,0.0,1.0,4.5081434
2,B_task,unseen_distractor_hues,29,-0.27050307,0.0,0.0,1.0,7.4207788
2,B_task,unseen_distractor_hues,30,-0.26553273,0.0,0.0,1.0,3.9364967
2,B_task,unseen_distractor_hues,31,-0.14604288,0.0,0.0,1.0,2.459484
2,B_task,unseen_distractor_hues,32,-0.36588767,0.0,0.0,1.0,4.919783
2,B_task,unseen_distractor_hues,33,-0.1858747,0.0,0.0,1.0,5.642145
2,B_task,unseen_distractor_hues,34,-0.17740317,0.0,0.0,1.0,3.4470472
2,B_task,unseen_distractor_hues,35,-0.1559271,0.0,0.0,1.0,3.8107674
2,B_task,unseen_distractor_hues,36,-0.16441897,0.0,0.0,1.0,3.6858675
2,B_task,unseen_distractor_hues,37,-0.16705874,1.0,0.24444444444444444,1.0,0.94145316
2,B_task,unseen_distractor_hues,38,-0.19806546,0.0,0.0,1.0,6.1278095
2,B_task,unseen_distractor_hues,39,-0.11524333,0.0,0.15555555555555556,1.0,1.881904
2,B_task,unseen_distractor_hues,40,-0.056088883,1.0,0.2222222222222222,1.0,0.7975494
2,B_task,unseen_distractor_hues,41,-0.10562237,0.0,0.08888888888888889,1.0,5.9690876
2,B_task,unseen_distractor_hues,42,0.11900247,1.0,0.4444444444444444,1.0,1.0792751
2,B_task,unseen_distractor_hues,43,-0.1218543,0.0,0.0,1.0,2.0813646
2,B_task,unseen_distractor_hues,44,-0.03902022,0.0,0.17777777777777778,1.0,2.7997715
2,B_task,unseen_distractor_hues,45,-0.11137245,1.0,0.06666666666666667,1.0,1.3623558
2,B_task,unseen_distractor_hues,46,-0.13511336,1.0,0.2222222222222222,1.0,0.67122567
2,B_task,unseen_distractor_hues,47,-0.17680325,0.0,0.0,1.0,4.788555
2,B_task,unseen_distractor_hues,48,-0.18723005,0.0,0.0,1.0,3.7266238
2,B_task,unseen_distractor_hues,49,-0.27494553,0.0,0.0,0.0,9.166567
2,B_task,unseen_distractor_hues,50,-0.12006441,0.0,0.0,1.0,3.6160443
2,B_task,unseen_distractor_hues,51,-0.37769154,0.0,0.0,1.0,4.5080347
2,B_task,unseen_distractor_hues,52,-0.11925911,0.0,0.0,1.0,4.762343
2,B_task,unseen_distractor_hues,53,-0.19045103,0.0,0.0,1.0,4.660953
2,B_task,unseen_distractor_hues,54,-0.072359115,0.0,0.0,1.0,2.86406
2,B_task,unseen_distractor_hues,55,-0.12560187,0.0,0.1111111111111111,1.0,1.8959498
2,B_task,unseen_distractor_hues,56,-0.007656475,0.0,0.1111111111111111,1.0,3.5028753
2,B_task,unseen_distractor_hues,57,-0.39512393,0.0,0.0,1.0,3.8808503
2,B_task,unseen_distractor_hues,58,-0.19224367,0.0,0.0,1.0,3.7819173
2,B_task,unseen_distractor_hues,59,-0.30993208,0.0,0.0,1.0,8.245334
2,B_task,unseen_distractor_hues,60,-0.3593238,0.0,0.0,1.0,3.166013
2,B_task,unseen_distractor_hues,61,-0.16985925,0.0,0.0,1.0,3.7134902
2,B_task,unseen_distractor_hues,62,-0.30663177,0.0,0.0,1.0,6.842439
2,B_task,unseen_distractor_hues,63,-0.28878197,0.0,0.0,1.0,11.160197
2,B_task,unseen_distractor_hues,64,-0.2998456,0.0,0.0,1.0,5.4242992
2,B_task,unseen_distractor_hues,65,0.08407954,0.0,0.2222222222222222,1.0,3.0194626
2,B_task,unseen_distractor_hues,66,0.12640205,0.0,0.2,1.0,2.02775
2,B_task,unseen_distractor_hues,67,-0.14833613,0.0,0.0,1.0,3.6382298
2,B_task,unseen_distractor_hues,68,-0.26230845,1.0,0.15555555555555556,1.0,1.0423282
2,B_task,unseen_distractor_hues,69,-0.10918018,0.0,0.0,1.0,3.0535982
2,B_task,unseen_distractor_hues,70,-0.048212666,0.0,0.0,1.0,3.4536293
2,B_task,unseen_distractor_hues,71,-0.22837779,0.0,0.0,1.0,2.2287688
2,B_task,unseen_distractor_hues,72,-0.022219388,0.0,0.1111111111111111,1.0,5.325251
2,B_task,unseen_distractor_hues,73,-0.19823296,0.0,0.0,1.0,3.9142568
2,B_task,unseen_distractor_hues,74,-0.06112465,1.0,0.28888888888888886,1.0,0.2886391
2,B_task,unseen_distractor_hues,75,-0.10669027,0.0,0.0,1.0,2.1097965
2,B_task,unseen_distractor_hues,76,0.03770892,0.0,0.13333333333333333,1.0,2.8703523
2,B_task,unseen_distractor_hues,77,-0.2238103,0.0,0.0,1.0,1.899794
2,B_task,unseen_distractor_hues,78,-0.09900455,0.0,0.0,1.0,2.652231
2,B_task,unseen_distractor_hues,79,-0.075905494,0.0,0.0,1.0,3.0776155
2,B_task,unseen_distractor_hues,80,-0.33964825,0.0,0.0,1.0,3.9554636
2,B_task,unseen_distractor_hues,81,-0.3029107,0.0,0.0,1.0,5.7518854
2,B_task,unseen_distractor_hues,82,-0.04062754,1.0,0.3333333333333333,1.0,0.75341946
2,B_task,unseen_distractor_hues,83,-0.3428916,0.0,0.0,1.0,3.8753502
2,B_task,unseen_distractor_hues,84,-0.2768542,0.0,0.0,1.0,6.8120666
2,B_task,unseen_distractor_hues,85,-0.3941612,0.0,0.0,1.0,2.982082
2,B_task,unseen_distractor_hues,86,-0.24298131,0.0,0.0,1.0,4.53247
2,B_task,unseen_distractor_hues,87,0.023044724,1.0,0.15555555555555556,1.0,1.2152635
2,B_task,unseen_distractor_hues,88,-0.07727006,0.0,0.0,1.0,2.9161766
2,B_task,unseen_distractor_hues,89,-0.21431145,0.0,0.0,1.0,5.6027517
2,B_task,unseen_distractor_hues,90,-0.10578477,1.0,0.3111111111111111,1.0,0.9091126
2,B_task,unseen_distractor_hues,91,-0.23269702,1.0,0.17777777777777778,1.0,1.4818062
2,B_task,unseen_distractor_hues,92,-0.1516015,0.0,0.0,1.0,2.7273324
2,B_task,unseen_distractor_hues,93,-0.26012844,0.0,0.0,1.0,5.1704125
2,B_task,unseen_distractor_hues,94,-0.18958172,0.0,0.0,1.0,5.520088
2,B_task,unseen_distractor_hues,95,-0.16909482,0.0,0.0,1.0,2.242297
2,B_task,unseen_distractor_hues,96,-0.20060398,0.0,0.0,1.0,2.7034318
2,B_task,unseen_distractor_hues,97,-0.089595795,0.0,0.13333333333333333,1.0,4.1290765
2,B_task,unseen_distractor_hues,98,-0.13119604,0.0,0.0,1.0,3.7947185
2,B_task,unseen_distractor_hues,99,-0.11018537,0.0,0.15555555555555556,1.0,2.3188272
2,B_task,heavy_pixel_noise,0,-0.05208677,0.0,0.0,1.0,2.7341132
2,B_task,heavy_pixel_noise,1,-0.21033508,0.0,0.0,1.0,5.310966
2,B_task,heavy_pixel_noise,2,-0.30295196,0.0,0.0,1.0,4.440301
2,B_task,heavy_pixel_noise,3,-0.048619132,1.0,0.28888888888888886,1.0,1.4624817
2,B_task,heavy_pixel_noise,4,0.05109869,0.0,0.35555555555555557,1.0,1.7093334
2,B_task,heavy_pixel_noise,5,-0.34208384,0.0,0.0,1.0,5.575986
2,B_task,heavy_pixel_noise,6,-0.016543703,0.0,0.15555555555555556,1.0,3.2834291
2,B_task,heavy_pixel_noise,7,-0.22131227,0.0,0.0,1.0,1.8971123
2,B_task,heavy_pixel_noise,8,-0.2135895,1.0,0.022222222222222223,1.0,1.5155069
2,B_task,heavy_pixel_noise,9,-0.1363779,0.0,0.06666666666666667,1.0,3.2119431
2,B_task,heavy_pixel_noise,10,-0.12348697,1.0,0.15555555555555556,1.0,1.291819
2,B_task,heavy_pixel_noise,11,-0.21182865,0.0,0.1111111111111111,1.0,2.807872
2,B_task,heavy_pixel_noise,12,-0.40084398,0.0,0.0,0.0,16.109526
2,B_task,heavy_pixel_noise,13,-0.43679246,0.0,0.0,1.0,11.437174
2,B_task,heavy_pixel_noise,14,-0.1742211,0.0,0.0,1.0,3.2108204
2,B_task,heavy_pixel_noise,15,-0.3492024,0.0,0.0,1.0,6.0113726
2,B_task,heavy_pixel_noise,16,-0.059502814,1.0,0.022222222222222223,1.0,1.5033376
2,B_task,heavy_pixel_noise,17,-0.10439478,0.0,0.0,1.0,6.0592694
2,B_task,heavy_pixel_noise,18,-0.20957871,0.0,0.0,1.0,2.5649064
2,B_task,heavy_pixel_noise,19,-0.33140984,0.0,0.0,1.0,4.789052
2,B_task,heavy_pixel_noise,20,-0.17812318,0.0,0.0,1.0,2.8744035
2,B_task,heavy_pixel_noise,21,-0.16366668,0.0,0.0,1.0,5.7738385
2,B_task,heavy_pixel_noise,22,-0.09851125,0.0,0.0,1.0,3.923098
2,B_task,heavy_pixel_noise,23,0.020822909,0.0,0.17777777777777778,1.0,3.093159
2,B_task,heavy_pixel_noise,24,-0.22616616,0.0,0.0,1.0,5.803785
2,B_task,heavy_pixel_noise,25,-0.40026936,0.0,0.0,0.0,12.030368
2,B_task,heavy_pixel_noise,26,-0.07595507,0.0,0.0,1.0,3.384638
2,B_task,heavy_pixel_noise,27,-0.024925727,0.0,0.0,1.0,4.41536
2,B_task,heavy_pixel_noise,28,-0.13034815,0.0,0.0,1.0,4.476327
2,B_task,heavy_pixel_noise,29,-0.24654058,0.0,0.0,1.0,6.668674
2,B_task,heavy_pixel_noise,30,-0.33520797,0.0,0.0,1.0,7.0523915
2,B_task,heavy_pixel_noise,31,-0.13008256,0.0,0.0,1.0,2.0649989
2,B_task,heavy_pixel_noise,32,-0.39468515,0.0,0.0,1.0,6.459554
2,B_task,heavy_pixel_noise,33,-0.20519497,0.0,0.0,1.0,5.9945436
2,B_task,heavy_pixel_noise,34,-0.17054233,0.0,0.0,1.0,1.9986155
2,B_task,heavy_pixel_noise,35,-0.067318544,0.0,0.0,1.0,4.895717
2,B_task,heavy_pixel_noise,36,-0.16405503,0.0,0.0,1.0,3.612507
2,B_task,heavy_pixel_noise,37,-0.20264348,1.0,0.022222222222222223,1.0,1.5112654
2,B_task,heavy_pixel_noise,38,-0.20531337,0.0,0.0,1.0,6.792418
2,B_task,heavy_pixel_noise,39,-0.0801764,0.0,0.26666666666666666,1.0,1.8388981
2,B_task,heavy_pixel_noise,40,-0.10062952,0.0,0.0,1.0,1.6066589
2,B_task,heavy_pixel_noise,41,-0.1259235,0.0,0.0,1.0,4.747837
2,B_task,heavy_pixel_noise,42,-0.23360965,0.0,0.0,1.0,8.0697155
2,B_task,heavy_pixel_noise,43,-0.22190014,0.0,0.0,1.0,4.9201274
2,B_task,heavy_pixel_noise,44,-0.09677756,0.0,0.0,1.0,2.3430622
2,B_task,heavy_pixel_noise,45,-0.21134447,0.0,0.0,1.0,4.4825306
2,B_task,heavy_pixel_noise,46,-0.17961843,1.0,0.15555555555555556,1.0,1.1539515
2,B_task,heavy_pixel_noise,47,-0.20041376,0.0,0.0,1.0,5.5702753
2,B_task,heavy_pixel_noise,48,-0.24139857,0.0,0.0,1.0,5.3786225
2,B_task,heavy_pixel_noise,49,-0.15247065,0.0,0.0,1.0,4.091686
2,B_task,heavy_pixel_noise,50,-0.058981404,0.0,0.13333333333333333,1.0,4.329352
2,B_task,heavy_pixel_noise,51,-0.38398167,0.0,0.0,1.0,6.5454297
2,B_task,heavy_pixel_noise,52,-0.12246308,0.0,0.0,1.0,4.130331
2,B_task,heavy_pixel_noise,53,-0.1671335,0.0,0.0,1.0,3.3827453
2,B_task,heavy_pixel_noise,54,-0.057407275,0.0,0.0,1.0,2.7106757
2,B_task,heavy_pixel_noise,55,-0.1519302,0.0,0.0,1.0,1.7440712
2,B_task,heavy_pixel_noise,56,0.04091509,0.0,0.15555555555555556,1.0,3.112621
2,B_task,heavy_pixel_noise,57,-0.4378417,0.0,0.0,1.0,6.9310784
2,B_task,heavy_pixel_noise,58,-0.22486226,0.0,0.0,1.0,4.803515
2,B_task,heavy_pixel_noise,59,-0.3413003,0.0,0.0,0.0,9.096384
2,B_task,heavy_pixel_noise,60,-0.3660472,0.0,0.0,1.0,3.906631
2,B_task,heavy_pixel_noise,61,-0.19014776,0.0,0.0,1.0,11.191261
2,B_task,heavy_pixel_noise,62,-0.4196736,0.0,0.0,0.0,12.076419
2,B_task,heavy_pixel_noise,63,-0.35805193,0.0,0.0,1.0,13.749739
2,B_task,heavy_pixel_noise,64,-0.47062635,0.0,0.0,1.0,12.779864
2,B_task,heavy_pixel_noise,65,0.13698001,0.0,0.3111111111111111,1.0,2.8808355
2,B_task,heavy_pixel_noise,66,-0.1291468,0.0,0.06666666666666667,1.0,6.423709
2,B_task,heavy_pixel_noise,67,-0.24859211,0.0,0.0,1.0,7.2952013
2,B_task,heavy_pixel_noise,68,-0.28361923,1.0,0.1111111111111111,1.0,1.3378665
2,B_task,heavy_pixel_noise,69,-0.11241132,0.0,0.0,1.0,3.0848253
2,B_task,heavy_pixel_noise,70,-0.06317158,0.0,0.0,1.0,3.498469
2,B_task,heavy_pixel_noise,71,-0.33422437,0.0,0.0,0.0,7.917785
2,B_task,heavy_pixel_noise,72,0.018475618,0.0,0.13333333333333333,1.0,3.6932538
2,B_task,heavy_pixel_noise,73,0.010760297,0.0,0.17777777777777778,1.0,2.5033445
2,B_task,heavy_pixel_noise,74,-0.24685168,0.0,0.0,1.0,2.3876488
2,B_task,heavy_pixel_noise,75,-0.09945932,0.0,0.0,1.0,1.8274518
2,B_task,heavy_pixel_noise,76,-0.04518981,1.0,0.1111111111111111,1.0,1.1238383
2,B_task,heavy_pixel_noise,77,-0.3420806,0.0,0.0,1.0,4.383868
2,B_task,heavy_pixel_noise,78,-0.20904492,0.0,0.0,1.0,5.34466
2,B_task,heavy_pixel_noise,79,-0.26847172,0.0,0.0,1.0,9.269683
2,B_task,heavy_pixel_noise,80,-0.26714498,0.0,0.0,1.0,2.1923294
2,B_task,heavy_pixel_noise,81,-0.27393103,0.0,0.0,1.0,5.205841
2,B_task,heavy_pixel_noise,82,-0.076775424,1.0,0.2222222222222222,1.0,0.543736
2,B_task,heavy_pixel_noise,83,-0.36451608,0.0,0.0,1.0,3.809822
2,B_task,heavy_pixel_noise,84,-0.31956115,0.0,0.0,1.0,8.669643
2,B_task,heavy_pixel_noise,85,-0.29585657,0.0,0.0,1.0,2.277429
2,B_task,heavy_pixel_noise,86,-0.2477434,0.0,0.0,1.0,4.9694934
2,B_task,heavy_pixel_noise,87,-0.2066184,0.0,0.0,1.0,4.847202
2,B_task,heavy_pixel_noise,88,-0.12213787,0.0,0.0,1.0,6.0339437
2,B_task,heavy_pixel_noise,89,-0.224941,0.0,0.0,1.0,5.5733547
2,B_task,heavy_pixel_noise,90,-0.10153709,1.0,0.28888888888888886,1.0,0.26235333
2,B_task,heavy_pixel_noise,91,-0.3717389,0.0,0.0,1.0,6.4413285
2,B_task,heavy_pixel_noise,92,-0.15692355,0.0,0.0,1.0,2.937275
2,B_task,heavy_pixel_noise,93,-0.31041577,0.0,0.0,1.0,5.3590455
2,B_task,heavy_pixel_noise,94,-0.14566739,0.0,0.0,1.0,4.0361214
2,B_task,heavy_pixel_noise,95,-0.30061057,0.0,0.0,1.0,3.654628
2,B_task,heavy_pixel_noise,96,-0.3133619,0.0,0.0,1.0,7.688903
2,B_task,heavy_pixel_noise,97,-0.09959392,0.0,0.022222222222222223,1.0,3.4568465
2,B_task,heavy_pixel_noise,98,-0.13674584,0.0,0.0,1.0,4.2163873
2,B_task,heavy_pixel_noise,99,-0.11893029,0.0,0.13333333333333333,1.0,2.1425118
2,C_scene,in_distribution,0,0.16017479,1.0,0.5777777777777777,1.0,1.1707436
2,C_scene,in_distribution,1,0.0016119708,0.0,0.17777777777777778,1.0,2.0563123
2,C_scene,in_distribution,2,-0.15636393,0.0,0.15555555555555556,1.0,4.001863
2,C_scene,in_distribution,3,-0.08330507,0.0,0.06666666666666667,1.0,2.939514
2,C_scene,in_distribution,4,-0.14885582,0.0,0.0,1.0,5.6194105
2,C_scene,in_distribution,5,-0.16902894,1.0,0.2,1.0,1.2655019
2,C_scene,in_distribution,6,-0.11932192,0.0,0.06666666666666667,1.0,4.5612984
2,C_scene,in_distribution,7,-0.17936164,0.0,0.0,1.0,2.531234
2,C_scene,in_distribution,8,-0.15801987,0.0,0.08888888888888889,1.0,5.3872437
2,C_scene,in_distribution,9,-0.056203578,1.0,0.17777777777777778,1.0,1.0472631
2,C_scene,in_distribution,10,-0.15295258,0.0,0.0,1.0,2.3917346
2,C_scene,in_distribution,11,-0.18861254,1.0,0.15555555555555556,1.0,0.9611273
2,C_scene,in_distribution,12,-0.16616167,0.0,0.0,1.0,4.186441
2,C_scene,in_distribution,13,-0.32845876,0.0,0.0,1.0,4.14832
2,C_scene,in_distribution,14,-0.029212138,0.0,0.0,1.0,2.0965297
2,C_scene,in_distribution,15,-0.19094674,0.0,0.08888888888888889,1.0,1.720178
2,C_scene,in_distribution,16,-0.0102235265,0.0,0.0,1.0,2.1523542
2,C_scene,in_distribution,17,-0.13865131,0.0,0.0,1.0,6.062861
2,C_scene,in_distribution,18,-0.10035347,0.0,0.2,1.0,1.5588132
2,C_scene,in_distribution,19,-0.095509656,1.0,0.3333333333333333,1.0,0.38003618
2,C_scene,in_distribution,20,-0.21702506,0.0,0.0,1.0,3.6651812
2,C_scene,in_distribution,21,-0.09700291,0.0,0.0,1.0,4.1620445
2,C_scene,in_distribution,22,0.13912173,1.0,0.4444444444444444,1.0,0.8320249
2,C_scene,in_distribution,23,0.18001184,1.0,0.4222222222222222,1.0,0.4619183
2,C_scene,in_distribution,24,-0.13787349,1.0,0.06666666666666667,1.0,1.2856114
2,C_scene,in_distribution,25,-0.17213559,0.0,0.0,1.0,1.5670103
2,C_scene,in_distribution,26,-0.030139515,0.0,0.0,1.0,1.8815874
2,C_scene,in_distribution,27,-0.04536266,0.0,0.0,1.0,3.261882
2,C_scene,in_distribution,28,-0.043035273,0.0,0.0,1.0,2.8655012
2,C_scene,in_distribution,29,-0.1866839,0.0,0.0,1.0,2.813532
2,C_scene,in_distribution,30,-0.22895268,0.0,0.0,1.0,3.520695
2,C_scene,in_distribution,31,0.017058916,1.0,0.35555555555555557,1.0,0.94388616
2,C_scene,in_distribution,32,-0.17877162,0.0,0.1111111111111111,1.0,2.1467986
2,C_scene,in_distribution,33,-0.115866765,0.0,0.0,1.0,1.8656932
2,C_scene,in_distribution,34,-0.13784057,0.0,0.1111111111111111,1.0,5.3561783
2,C_scene,in_distribution,35,0.0009702534,0.0,0.0,1.0,1.761164
2,C_scene,in_distribution,36,-0.04067722,0.0,0.0,1.0,2.7555468
2,C_scene,in_distribution,37,-0.31100205,0.0,0.0,1.0,3.4716678
2,C_scene,in_distribution,38,-0.12244528,0.0,0.0,1.0,4.233506
2,C_scene,in_distribution,39,-0.1420215,0.0,0.13333333333333333,1.0,3.0276039
2,C_scene,in_distribution,40,-0.0072861253,0.0,0.2,1.0,2.4931479
2,C_scene,in_distribution,41,0.05130587,0.0,0.15555555555555556,1.0,1.6138108
2,C_scene,in_distribution,42,0.112011775,1.0,0.35555555555555557,1.0,1.3020866
2,C_scene,in_distribution,43,-0.028987084,0.0,0.13333333333333333,1.0,3.074488
2,C_scene,in_distribution,44,-0.14224507,0.0,0.0,1.0,3.4398296
2,C_scene,in_distribution,45,0.086820245,1.0,0.4666666666666667,1.0,1.2125624
2,C_scene,in_distribution,46,-0.24768463,0.0,0.0,1.0,4.6744237
2,C_scene,in_distribution,47,-0.16281903,0.0,0.0,1.0,5.7063355
2,C_scene,in_distribution,48,-0.21908313,0.0,0.0,1.0,3.5309603
2,C_scene,in_distribution,49,-0.14461787,0.0,0.0,1.0,2.7557704
2,C_scene,in_distribution,50,0.06673032,1.0,0.28888888888888886,1.0,1.033956
2,C_scene,in_distribution,51,-0.24048012,1.0,0.13333333333333333,1.0,0.82769674
2,C_scene,in_distribution,52,0.09753247,0.0,0.08888888888888889,1.0,1.8514134
2,C_scene,in_distribution,53,-0.04909559,1.0,0.13333333333333333,1.0,1.2135324
2,C_scene,in_distribution,54,0.21804859,0.0,0.4888888888888889,1.0,2.3355873
2,C_scene,in_distribution,55,-0.09633484,1.0,0.26666666666666666,1.0,1.1741314
2,C_scene,in_distribution,56,0.11372814,0.0,0.2222222222222222,1.0,2.662222
2,C_scene,in_distribution,57,-0.23618323,1.0,0.2222222222222222,1.0,1.0078593
2,C_scene,in_distribution,58,-0.08973466,0.0,0.0,1.0,1.7266465
2,C_scene,in_distribution,59,-0.2969825,0.0,0.0,1.0,6.883749
2,C_scene,in_distribution,60,-0.26917395,0.0,0.0,1.0,2.411342
2,C_scene,in_distribution,61,-0.24691543,0.0,0.0,1.0,7.541401
2,C_scene,in_distribution,62,-0.040718406,1.0,0.24444444444444444,1.0,0.74884146
2,C_scene,in_distribution,63,0.062011283,1.0,0.2222222222222222,1.0,0.14078215
2,C_scene,in_distribution,64,-0.20752344,0.0,0.0,1.0,3.8450956
2,C_scene,in_distribution,65,0.09022723,0.0,0.2222222222222222,1.0,3.0012918
2,C_scene,in_distribution,66,-0.005874012,0.0,0.08888888888888889,1.0,2.121312
2,C_scene,in_distribution,67,-0.033825025,0.0,0.0,1.0,2.1855705
2,C_scene,in_distribution,68,-0.337009,0.0,0.0,1.0,4.2404985
2,C_scene,in_distribution,69,0.10151279,1.0,0.4888888888888889,1.0,0.7759832
2,C_scene,in_distribution,70,-0.1452498,0.0,0.0,1.0,6.43976
2,C_scene,in_distribution,71,-0.30052093,0.0,0.0,1.0,5.233598
2,C_scene,in_distribution,72,0.0607584,0.0,0.2,1.0,3.6634765
2,C_scene,in_distribution,73,-0.06116158,0.0,0.0,1.0,1.747137
2,C_scene,in_distribution,74,-0.16113997,0.0,0.0,1.0,2.7817922
2,C_scene,in_distribution,75,-0.020967534,0.0,0.0,1.0,1.7273136
2,C_scene,in_distribution,76,-0.19989526,0.0,0.0,1.0,3.7480826
2,C_scene,in_distribution,77,-0.19610505,0.0,0.0,1.0,2.6104734
2,C_scene,in_distribution,78,-0.08150845,1.0,0.08888888888888889,1.0,1.4170778
2,C_scene,in_distribution,79,0.085833006,1.0,0.35555555555555557,1.0,1.3186754
2,C_scene,in_distribution,80,-0.2174085,0.0,0.1111111111111111,1.0,2.7258315
2,C_scene,in_distribution,81,-0.29169196,0.0,0.0,1.0,6.219672
2,C_scene,in_distribution,82,-0.064468175,0.0,0.17777777777777778,1.0,2.317545
2,C_scene,in_distribution,83,-0.3276903,0.0,0.0,1.0,4.0380464
2,C_scene,in_distribution,84,-0.18307254,0.0,0.0,1.0,1.7903591
2,C_scene,in_distribution,85,-0.34000263,0.0,0.0,1.0,3.0273318
2,C_scene,in_distribution,86,-0.1637434,0.0,0.0,1.0,1.7407742
2,C_scene,in_distribution,87,0.0785815,0.0,0.28888888888888886,1.0,2.831872
2,C_scene,in_distribution,88,-0.100844055,0.0,0.0,1.0,4.4121943
2,C_scene,in_distribution,89,-0.12298797,0.0,0.0,1.0,3.1361337
2,C_scene,in_distribution,90,-0.112190396,1.0,0.28888888888888886,1.0,1.2239603
2,C_scene,in_distribution,91,-0.1922361,0.0,0.15555555555555556,1.0,1.7106102
2,C_scene,in_distribution,92,0.028393935,1.0,0.15555555555555556,1.0,1.399953
2,C_scene,in_distribution,93,-0.23102234,0.0,0.0,1.0,2.7042224
2,C_scene,in_distribution,94,-0.08868488,0.0,0.0,1.0,2.1891418
2,C_scene,in_distribution,95,-0.07970787,0.0,0.0,1.0,1.5540811
2,C_scene,in_distribution,96,-0.13202447,1.0,0.044444444444444446,1.0,1.5078843
2,C_scene,in_distribution,97,-0.20211019,0.0,0.0,1.0,5.088175
2,C_scene,in_distribution,98,0.09419474,0.0,0.28888888888888886,1.0,2.0286622
2,C_scene,in_distribution,99,-0.1709648,0.0,0.13333333333333333,1.0,5.0935144
2,C_scene,4_distractors,0,0.117450565,1.0,0.5111111111111111,1.0,1.2412107
2,C_scene,4_distractors,1,0.067456275,0.0,0.4444444444444444,1.0,1.5543526
2,C_scene,4_distractors,2,-0.14580467,0.0,0.15555555555555556,1.0,3.7187126
2,C_scene,4_distractors,3,-0.1976584,0.0,0.0,1.0,3.3631902
2,C_scene,4_distractors,4,-0.061164543,0.0,0.0,1.0,2.8325217
2,C_scene,4_distractors,5,-0.16107471,0.0,0.17777777777777778,1.0,2.0995607
2,C_scene,4_distractors,6,-0.13222967,0.0,0.06666666666666667,1.0,5.0083933
2,C_scene,4_distractors,7,-0.20766583,0.0,0.0,1.0,2.453051
2,C_scene,4_distractors,8,-0.12480369,0.0,0.13333333333333333,1.0,5.388841
2,C_scene,4_distractors,9,-0.010410116,1.0,0.4222222222222222,1.0,0.8569666
2,C_scene,4_distractors,10,-0.18936253,0.0,0.0,1.0,2.431012
2,C_scene,4_distractors,11,-0.1204539,1.0,0.28888888888888886,1.0,0.29459327
2,C_scene,4_distractors,12,-0.13743009,0.0,0.0,1.0,3.109648
2,C_scene,4_distractors,13,-0.3620597,0.0,0.0,1.0,3.5546856
2,C_scene,4_distractors,14,-0.026646858,0.0,0.0,1.0,2.3869517
2,C_scene,4_distractors,15,-0.24953899,0.0,0.0,1.0,2.4297
2,C_scene,4_distractors,16,-0.0059064426,0.0,0.0,1.0,2.0982409
2,C_scene,4_distractors,17,-0.13579042,0.0,0.0,1.0,6.6980557
2,C_scene,4_distractors,18,-0.106750794,0.0,0.1111111111111111,1.0,1.7111242
2,C_scene,4_distractors,19,-0.13023156,1.0,0.3333333333333333,1.0,0.959518
2,C_scene,4_distractors,20,-0.06510023,0.0,0.0,1.0,2.0025263
2,C_scene,4_distractors,21,-0.014313387,0.0,0.06666666666666667,1.0,2.8130512
2,C_scene,4_distractors,22,0.16450702,1.0,0.5333333333333333,1.0,1.2740664
2,C_scene,4_distractors,23,0.14759746,1.0,0.37777777777777777,1.0,0.6189729
2,C_scene,4_distractors,24,-0.14092472,0.0,0.0,1.0,2.1979709
2,C_scene,4_distractors,25,-0.22667374,0.0,0.0,1.0,2.11083
2,C_scene,4_distractors,26,-0.025165632,0.0,0.0,1.0,2.166363
2,C_scene,4_distractors,27,0.10854204,0.0,0.28888888888888886,1.0,1.7477204
2,C_scene,4_distractors,28,-0.09277688,0.0,0.0,1.0,2.854711
2,C_scene,4_distractors,29,-0.19288406,0.0,0.0,1.0,2.7857509
2,C_scene,4_distractors,30,-0.27026644,0.0,0.0,1.0,3.9304578
2,C_scene,4_distractors,31,-0.12828758,0.0,0.0,1.0,1.931494
2,C_scene,4_distractors,32,-0.17528589,1.0,0.2222222222222222,1.0,1.1788301
2,C_scene,4_distractors,33,-0.13951899,0.0,0.0,1.0,2.3843298
2,C_scene,4_distractors,34,-0.15847327,0.0,0.06666666666666667,1.0,5.1394987
2,C_scene,4_distractors,35,-0.0025960114,0.0,0.0,1.0,1.968871
2,C_scene,4_distractors,36,-0.108890265,0.0,0.0,1.0,4.5602546
2,C_scene,4_distractors,37,-0.3229293,0.0,0.0,1.0,4.2731347
2,C_scene,4_distractors,38,-0.15094878,0.0,0.0,1.0,4.458191
2,C_scene,4_distractors,39,-0.10232526,0.0,0.15555555555555556,1.0,1.9302942
2,C_scene,4_distractors,40,0.0029736015,0.0,0.2222222222222222,1.0,2.2476132
2,C_scene,4_distractors,41,-0.02004153,0.0,0.0,1.0,1.6598257
2,C_scene,4_distractors,42,0.13803667,1.0,0.35555555555555557,1.0,1.5241374
2,C_scene,4_distractors,43,-0.02754418,0.0,0.15555555555555556,1.0,3.7278175
2,C_scene,4_distractors,44,-0.11469552,0.0,0.044444444444444446,1.0,3.8639202
2,C_scene,4_distractors,45,0.056823947,0.0,0.3333333333333333,1.0,1.6789672
2,C_scene,4_distractors,46,-0.24666597,0.0,0.0,1.0,5.0940776
2,C_scene,4_distractors,47,-0.19045433,0.0,0.0,1.0,6.323002
2,C_scene,4_distractors,48,-0.20691948,0.0,0.0,1.0,2.913634
2,C_scene,4_distractors,49,-0.15466069,0.0,0.0,1.0,3.289155
2,C_scene,4_distractors,50,0.060640674,1.0,0.2,1.0,1.5378833
2,C_scene,4_distractors,51,-0.17286523,1.0,0.24444444444444444,1.0,0.50681096
2,C_scene,4_distractors,52,0.17187624,1.0,0.5333333333333333,1.0,0.9498097
2,C_scene,4_distractors,53,-0.108891964,0.0,0.0,1.0,1.9389324
2,C_scene,4_distractors,54,0.11452948,0.0,0.2,1.0,2.816399
2,C_scene,4_distractors,55,-0.15218422,0.0,0.0,1.0,1.8392774
2,C_scene,4_distractors,56,0.091960534,0.0,0.17777777777777778,1.0,2.4032476
2,C_scene,4_distractors,57,-0.25682756,1.0,0.17777777777777778,1.0,0.8236963
2,C_scene,4_distractors,58,-0.11159157,0.0,0.0,1.0,1.7541361
2,C_scene,4_distractors,59,-0.2361959,0.0,0.0,1.0,6.047611
2,C_scene,4_distractors,60,-0.27934977,0.0,0.0,1.0,2.446626
2,C_scene,4_distractors,61,-0.22334845,0.0,0.0,1.0,7.2345705
2,C_scene,4_distractors,62,-0.022588372,1.0,0.26666666666666666,1.0,0.5158858
2,C_scene,4_distractors,63,0.07114509,1.0,0.28888888888888886,1.0,0.70241284
2,C_scene,4_distractors,64,-0.18615673,0.0,0.0,1.0,3.411354
2,C_scene,4_distractors,65,0.07672705,0.0,0.2,1.0,2.992502
2,C_scene,4_distractors,66,-0.053166553,0.0,0.08888888888888889,1.0,2.987061
2,C_scene,4_distractors,67,-0.035659824,0.0,0.0,1.0,2.2035775
2,C_scene,4_distractors,68,-0.3162038,0.0,0.0,1.0,3.4829977
2,C_scene,4_distractors,69,0.02558032,1.0,0.15555555555555556,1.0,1.4055552
2,C_scene,4_distractors,70,-0.09984703,0.0,0.0,1.0,3.6670997
2,C_scene,4_distractors,71,-0.29114395,0.0,0.0,1.0,4.7812014
2,C_scene,4_distractors,72,0.27431977,0.0,0.5555555555555556,1.0,1.9336092
2,C_scene,4_distractors,73,-0.021284994,0.0,0.0,1.0,1.8356824
2,C_scene,4_distractors,74,-0.19997813,0.0,0.0,1.0,3.6492255
2,C_scene,4_distractors,75,0.035806693,1.0,0.37777777777777777,1.0,0.9689201
2,C_scene,4_distractors,76,-0.14914885,0.0,0.0,1.0,2.5373511
2,C_scene,4_distractors,77,-0.1393121,0.0,0.24444444444444444,1.0,1.7533524
2,C_scene,4_distractors,78,0.019149426,0.0,0.28888888888888886,1.0,1.6126208
2,C_scene,4_distractors,79,0.1477807,1.0,0.5333333333333333,1.0,0.5892672
2,C_scene,4_distractors,80,-0.2553313,0.0,0.0,1.0,2.8750496
2,C_scene,4_distractors,81,-0.29993883,0.0,0.0,1.0,6.432585
2,C_scene,4_distractors,82,-0.104587905,0.0,0.0,1.0,2.430391
2,C_scene,4_distractors,83,-0.32806903,0.0,0.0,1.0,4.6461825
2,C_scene,4_distractors,84,-0.14449778,1.0,0.06666666666666667,1.0,0.9911398
2,C_scene,4_distractors,85,-0.3464507,0.0,0.0,1.0,3.9987452
2,C_scene,4_distractors,86,-0.15534827,0.0,0.0,1.0,1.9865588
2,C_scene,4_distractors,87,0.056172397,0.0,0.26666666666666666,1.0,2.9377556
2,C_scene,4_distractors,88,-0.05226603,0.0,0.0,1.0,3.6652334
2,C_scene,4_distractors,89,-0.118333384,0.0,0.0,1.0,3.622159
2,C_scene,4_distractors,90,-0.07898332,1.0,0.3333333333333333,1.0,1.2359315
2,C_scene,4_distractors,91,-0.22292444,0.0,0.0,1.0,2.128954
2,C_scene,4_distractors,92,0.015298435,1.0,0.06666666666666667,1.0,1.3230935
2,C_scene,4_distractors,93,-0.22014773,0.0,0.0,1.0,2.4886754
2,C_scene,4_distractors,94,-0.062506095,0.0,0.0,1.0,1.9819378
2,C_scene,4_distractors,95,-0.096673965,1.0,0.06666666666666667,1.0,1.3231342
2,C_scene,4_distractors,96,-0.047611438,1.0,0.3111111111111111,1.0,0.21412255
2,C_scene,4_distractors,97,0.0041687465,0.0,0.28888888888888886,1.0,2.0665069
2,C_scene,4_distractors,98,0.12493638,1.0,0.4666666666666667,1.0,1.4717205
2,C_scene,4_distractors,99,-0.12415003,0.0,0.17777777777777778,1.0,3.5158732
2,C_scene,fast_distractors,0,0.1199773,1.0,0.5111111111111111,1.0,0.9799576
2,C_scene,fast_distractors,1,0.022126317,0.0,0.28888888888888886,1.0,1.9684017
2,C_scene,fast_distractors,2,-0.1350025,0.0,0.17777777777777778,1.0,3.2306557
2,C_scene,fast_distractors,3,-0.120607905,0.0,0.0,1.0,2.835973
2,C_scene,fast_distractors,4,-0.12915604,0.0,0.0,1.0,4.5326176
2,C_scene,fast_distractors,5,-0.13140564,1.0,0.26666666666666666,1.0,1.3264164
2,C_scene,fast_distractors,6,-0.11890037,0.0,0.044444444444444446,1.0,4.4784007
2,C_scene,fast_distractors,7,-0.120185725,0.0,0.17777777777777778,1.0,1.9856502
2,C_scene,fast_distractors,8,-0.16662705,0.0,0.022222222222222223,1.0,5.404384
2,C_scene,fast_distractors,9,0.018587323,1.0,0.4222222222222222,1.0,0.47144344
2,C_scene,fast_distractors,10,-0.1491667,0.0,0.0,1.0,2.4297333
2,C_scene,fast_distractors,11,-0.18396613,1.0,0.17777777777777778,1.0,0.73398966
2,C_scene,fast_distractors,12,-0.16358654,0.0,0.0,1.0,4.235411
2,C_scene,fast_distractors,13,-0.28893378,0.0,0.0,1.0,3.2435644
2,C_scene,fast_distractors,14,-0.041678175,0.0,0.0,1.0,2.0044563
2,C_scene,fast_distractors,15,-0.21650878,0.0,0.0,1.0,2.6228652
2,C_scene,fast_distractors,16,0.0005157835,0.0,0.0,1.0,1.8398013
2,C_scene,fast_distractors,17,-0.13554509,0.0,0.0,1.0,6.49807
2,C_scene,fast_distractors,18,-0.088709176,1.0,0.2222222222222222,1.0,1.4096222
2,C_scene,fast_distractors,19,-0.09994494,1.0,0.3333333333333333,1.0,0.4000856
2,C_scene,fast_distractors,20,-0.12698439,0.0,0.0,1.0,2.050978
2,C_scene,fast_distractors,21,-0.09146774,0.0,0.0,1.0,3.7499552
2,C_scene,fast_distractors,22,0.19336607,1.0,0.5333333333333333,1.0,0.512842
2,C_scene,fast_distractors,23,0.19686082,1.0,0.4444444444444444,1.0,0.010410738
2,C_scene,fast_distractors,24,-0.19573416,0.0,0.0,1.0,2.4427657
2,C_scene,fast_distractors,25,-0.18855923,0.0,0.0,1.0,1.6546656
2,C_scene,fast_distractors,26,-0.00822462,0.0,0.0,1.0,1.9606283
2,C_scene,fast_distractors,27,-0.034365807,0.0,0.0,1.0,3.1640842
2,C_scene,fast_distractors,28,-0.039871324,0.0,0.06666666666666667,1.0,2.8149629
2,C_scene,fast_distractors,29,-0.18850882,0.0,0.0,1.0,2.8581438
2,C_scene,fast_distractors,30,-0.24376673,0.0,0.0,1.0,3.5718522
2,C_scene,fast_distractors,31,-0.043097362,0.0,0.2,1.0,1.6163862
2,C_scene,fast_distractors,32,-0.2459669,0.0,0.0,1.0,2.8036206
2,C_scene,fast_distractors,33,-0.12750301,0.0,0.0,1.0,2.3316057
2,C_scene,fast_distractors,34,-0.13330248,0.0,0.13333333333333333,1.0,5.201706
2,C_scene,fast_distractors,35,0.065258145,1.0,0.3333333333333333,1.0,1.3867084
2,C_scene,fast_distractors,36,-0.06443841,0.0,0.0,1.0,3.226699
2,C_scene,fast_distractors,37,-0.29619893,0.0,0.0,1.0,3.076871
2,C_scene,fast_distractors,38,-0.124449834,0.0,0.0,1.0,4.5279503
2,C_scene,fast_distractors,39,-0.11521786,0.0,0.15555555555555556,1.0,2.3274572
2,C_scene,fast_distractors,40,-0.0066705984,0.0,0.2,1.0,2.4407532
2,C_scene,fast_distractors,41,0.040097956,0.0,0.13333333333333333,1.0,1.7021406
2,C_scene,fast_distractors,42,0.14601612,1.0,0.6,1.0,1.1738741
2,C_scene,fast_distractors,43,-0.019802945,0.0,0.15555555555555556,1.0,3.015121
2,C_scene,fast_distractors,44,-0.15273492,0.0,0.0,1.0,3.089964
2,C_scene,fast_distractors,45,0.07982625,1.0,0.4444444444444444,1.0,0.95392585
2,C_scene,fast_distractors,46,-0.23420815,0.0,0.0,1.0,3.9844058
2,C_scene,fast_distractors,47,-0.16690765,0.0,0.0,1.0,5.7454066
2,C_scene,fast_distractors,48,-0.22156279,0.0,0.0,1.0,3.5246816
2,C_scene,fast_distractors,49,-0.15758511,0.0,0.0,1.0,2.9714425
2,C_scene,fast_distractors,50,0.07890578,1.0,0.26666666666666666,1.0,1.411112
2,C_scene,fast_distractors,51,-0.22393754,1.0,0.15555555555555556,1.0,0.18732995
2,C_scene,fast_distractors,52,0.083812706,0.0,0.0,1.0,1.9145979
2,C_scene,fast_distractors,53,-0.077286236,1.0,0.1111111111111111,1.0,1.2813275
2,C_scene,fast_distractors,54,0.20665519,0.0,0.4888888888888889,1.0,2.2851458
2,C_scene,fast_distractors,55,-0.054750346,1.0,0.3333333333333333,1.0,0.76406926
2,C_scene,fast_distractors,56,0.11998212,0.0,0.2222222222222222,1.0,2.7089572
2,C_scene,fast_distractors,57,-0.236337,1.0,0.2222222222222222,1.0,1.1073025
2,C_scene,fast_distractors,58,-0.119014464,0.0,0.0,1.0,1.9578011
2,C_scene,fast_distractors,59,-0.2353075,0.0,0.0,1.0,3.3100264
2,C_scene,fast_distractors,60,-0.2721655,0.0,0.0,1.0,3.1293476
2,C_scene,fast_distractors,61,-0.24678195,0.0,0.0,1.0,7.5218334
2,C_scene,fast_distractors,62,-0.045595482,1.0,0.2222222222222222,1.0,0.84195155
2,C_scene,fast_distractors,63,0.072339155,1.0,0.26666666666666666,1.0,1.0002997
2,C_scene,fast_distractors,64,-0.19777307,0.0,0.0,1.0,3.7479372
2,C_scene,fast_distractors,65,0.09814669,0.0,0.2222222222222222,1.0,2.9695592
2,C_scene,fast_distractors,66,-0.0136657525,0.0,0.08888888888888889,1.0,2.213746
2,C_scene,fast_distractors,67,-0.059203874,0.0,0.0,1.0,2.1506324
2,C_scene,fast_distractors,68,-0.33190715,0.0,0.0,1.0,4.271714
2,C_scene,fast_distractors,69,0.11076593,1.0,0.4666666666666667,1.0,0.5942463
2,C_scene,fast_distractors,70,-0.1323204,0.0,0.0,1.0,5.570093
2,C_scene,fast_distractors,71,-0.30039352,0.0,0.0,1.0,5.2280273
2,C_scene,fast_distractors,72,0.053930417,0.0,0.17777777777777778,1.0,3.6570556
2,C_scene,fast_distractors,73,0.0023681812,0.0,0.13333333333333333,1.0,2.081411
2,C_scene,fast_distractors,74,-0.17197552,0.0,0.0,1.0,3.0157018
2,C_scene,fast_distractors,75,0.02585108,1.0,0.4,1.0,1.3506517
2,C_scene,fast_distractors,76,-0.18681088,0.0,0.0,1.0,3.43774
2,C_scene,fast_distractors,77,-0.1962254,0.0,0.0,1.0,2.927973
2,C_scene,fast_distractors,78,0.010710609,1.0,0.3333333333333333,1.0,0.7464894
2,C_scene,fast_distractors,79,0.049496073,1.0,0.044444444444444446,1.0,1.5078346
2,C_scene,fast_distractors,80,-0.21224926,0.0,0.13333333333333333,1.0,2.5549588
2,C_scene,fast_distractors,81,-0.28769642,0.0,0.0,1.0,5.717456
2,C_scene,fast_distractors,82,-0.09976008,0.0,0.0,1.0,2.532767
2,C_scene,fast_distractors,83,-0.33232802,0.0,0.0,1.0,4.909131
2,C_scene,fast_distractors,84,-0.18649684,0.0,0.0,1.0,1.7171549
2,C_scene,fast_distractors,85,-0.33727252,0.0,0.0,1.0,3.1543534
2,C_scene,fast_distractors,86,-0.14566264,0.0,0.0,1.0,2.093174
2,C_scene,fast_distractors,87,0.042823885,0.0,0.2222222222222222,1.0,3.0481791
2,C_scene,fast_distractors,88,-0.112013385,0.0,0.0,1.0,4.4904413
2,C_scene,fast_distractors,89,-0.10717147,0.0,0.0,1.0,2.9545877
2,C_scene,fast_distractors,90,-0.13803463,0.0,0.2222222222222222,1.0,1.7652359
2,C_scene,fast_distractors,91,-0.1970496,0.0,0.1111111111111111,1.0,1.6762694
2,C_scene,fast_distractors,92,0.00749898,1.0,0.044444444444444446,1.0,1.4703003
2,C_scene,fast_distractors,93,-0.23411661,0.0,0.0,1.0,2.6421096
2,C_scene,fast_distractors,94,-0.05632924,0.0,0.0,1.0,1.7580291
2,C_scene,fast_distractors,95,-0.10703257,0.0,0.0,1.0,1.644482
2,C_scene,fast_distractors,96,-0.07428313,1.0,0.26666666666666666,1.0,0.6911333
2,C_scene,fast_distractors,97,-0.20135045,0.0,0.0,1.0,5.0798764
2,C_scene,fast_distractors,98,0.08568059,1.0,0.35555555555555557,1.0,1.5342722
2,C_scene,fast_distractors,99,-0.17544955,0.0,0.13333333333333333,1.0,5.2352448
2,C_scene,unseen_distractor_hues,0,0.1691074,1.0,0.5777777777777777,1.0,0.8666821
2,C_scene,unseen_distractor_hues,1,0.08143857,1.0,0.4666666666666667,1.0,1.3851004
2,C_scene,unseen_distractor_hues,2,-0.11335594,0.0,0.2,1.0,2.6287692
2,C_scene,unseen_distractor_hues,3,-0.14296116,0.0,0.0,1.0,2.79119
2,C_scene,unseen_distractor_hues,4,-0.14244486,0.0,0.0,1.0,5.5193286
2,C_scene,unseen_distractor_hues,5,-0.25867012,0.0,0.0,1.0,2.3283892
2,C_scene,unseen_distractor_hues,6,-0.12460551,0.0,0.044444444444444446,1.0,4.650722
2,C_scene,unseen_distractor_hues,7,-0.17923969,0.0,0.0,1.0,2.4565887
2,C_scene,unseen_distractor_hues,8,-0.168899,0.0,0.0,1.0,5.3985395
2,C_scene,unseen_distractor_hues,9,-0.042089675,1.0,0.3111111111111111,1.0,0.8044388
2,C_scene,unseen_distractor_hues,10,-0.14893164,0.0,0.0,1.0,2.3152497
2,C_scene,unseen_distractor_hues,11,-0.22197437,1.0,0.06666666666666667,1.0,1.4233614
2,C_scene,unseen_distractor_hues,12,-0.2295053,0.0,0.0,1.0,5.1727433
2,C_scene,unseen_distractor_hues,13,-0.3110995,0.0,0.0,1.0,4.4087434
2,C_scene,unseen_distractor_hues,14,0.021121552,0.0,0.2,1.0,2.020487
2,C_scene,unseen_distractor_hues,15,-0.19322301,0.0,0.0,1.0,1.9388435
2,C_scene,unseen_distractor_hues,16,-0.02948512,0.0,0.0,1.0,2.29848
2,C_scene,unseen_distractor_hues,17,-0.12655242,0.0,0.0,1.0,6.2525187
2,C_scene,unseen_distractor_hues,18,-0.1413131,0.0,0.0,1.0,1.9465069
2,C_scene,unseen_distractor_hues,19,-0.12706098,1.0,0.3111111111111111,1.0,0.5657038
2,C_scene,unseen_distractor_hues,20,-0.0028893335,0.0,0.0,1.0,1.7589715
2,C_scene,unseen_distractor_hues,21,-0.062177166,0.0,0.0,1.0,2.8171744
2,C_scene,unseen_distractor_hues,22,0.11710278,1.0,0.4222222222222222,1.0,1.2980292
2,C_scene,unseen_distractor_hues,23,0.17487998,1.0,0.4222222222222222,1.0,0.78729874
2,C_scene,unseen_distractor_hues,24,-0.18384291,0.0,0.0,1.0,2.200405
2,C_scene,unseen_distractor_hues,25,-0.26116452,0.0,0.0,1.0,2.8847418
2,C_scene,unseen_distractor_hues,26,-0.024866533,0.0,0.0,1.0,1.7817616
2,C_scene,unseen_distractor_hues,27,0.09342793,0.0,0.0,1.0,2.250285
2,C_scene,unseen_distractor_hues,28,-0.022347448,0.0,0.08888888888888889,1.0,2.590746
2,C_scene,unseen_distractor_hues,29,-0.17627366,0.0,0.0,1.0,2.3758302
2,C_scene,unseen_distractor_hues,30,-0.2570061,0.0,0.0,1.0,3.8349369
2,C_scene,unseen_distractor_hues,31,-0.03295876,1.0,0.26666666666666666,1.0,1.3303032
2,C_scene,unseen_distractor_hues,32,-0.18633808,0.0,0.13333333333333333,1.0,2.4545684
2,C_scene,unseen_distractor_hues,33,-0.12514779,0.0,0.0,1.0,2.1695375
2,C_scene,unseen_distractor_hues,34,-0.14660849,0.0,0.1111111111111111,1.0,5.6039257
2,C_scene,unseen_distractor_hues,35,-0.037034336,0.0,0.0,1.0,2.2067726
2,C_scene,unseen_distractor_hues,36,-0.106268436,0.0,0.0,1.0,4.023174
2,C_scene,unseen_distractor_hues,37,-0.31127214,0.0,0.0,1.0,3.718737
2,C_scene,unseen_distractor_hues,38,-0.15075359,0.0,0.0,1.0,3.9938025
2,C_scene,unseen_distractor_hues,39,-0.187191,0.0,0.0,1.0,2.9042835
2,C_scene,unseen_distractor_hues,40,-0.029752525,0.0,0.15555555555555556,1.0,2.2712076
2,C_scene,unseen_distractor_hues,41,0.026287572,0.0,0.13333333333333333,1.0,1.7875127
2,C_scene,unseen_distractor_hues,42,0.13340719,1.0,0.4,1.0,1.3366961
2,C_scene,unseen_distractor_hues,43,-0.019724151,0.0,0.15555555555555556,1.0,3.29786
2,C_scene,unseen_distractor_hues,44,-0.13930857,0.0,0.0,1.0,4.4479437
2,C_scene,unseen_distractor_hues,45,-0.14952081,0.0,0.0,1.0,2.8586745
2,C_scene,unseen_distractor_hues,46,-0.21313521,0.0,0.0,1.0,3.4410393
2,C_scene,unseen_distractor_hues,47,-0.17013542,0.0,0.0,1.0,6.042151
2,C_scene,unseen_distractor_hues,48,-0.21358572,0.0,0.0,1.0,3.1676226
2,C_scene,unseen_distractor_hues,49,-0.15209498,0.0,0.0,1.0,3.0539804
2,C_scene,unseen_distractor_hues,50,0.07352589,1.0,0.26666666666666666,1.0,1.368424
2,C_scene,unseen_distractor_hues,51,-0.24666788,1.0,0.13333333333333333,1.0,0.89747953
2,C_scene,unseen_distractor_hues,52,0.09864199,0.0,0.2,1.0,1.6513354
2,C_scene,unseen_distractor_hues,53,-0.040434565,1.0,0.2222222222222222,1.0,1.4488544
2,C_scene,unseen_distractor_hues,54,0.20225073,0.0,0.5333333333333333,1.0,1.8512789
2,C_scene,unseen_distractor_hues,55,-0.110530496,1.0,0.2222222222222222,1.0,1.3001466
2,C_scene,unseen_distractor_hues,56,0.15856436,0.0,0.26666666666666666,1.0,2.4414449
2,C_scene,unseen_distractor_hues,57,-0.23968002,1.0,0.2222222222222222,1.0,1.0913156
2,C_scene,unseen_distractor_hues,58,-0.097309835,0.0,0.0,1.0,1.7610679
2,C_scene,unseen_distractor_hues,59,-0.2759589,0.0,0.0,1.0,6.4564753
2,C_scene,unseen_distractor_hues,60,-0.27384156,0.0,0.0,1.0,3.0998292
2,C_scene,unseen_distractor_hues,61,-0.24480304,0.0,0.0,1.0,6.9553137
2,C_scene,unseen_distractor_hues,62,-0.056964498,1.0,0.15555555555555556,1.0,1.3028011
2,C_scene,unseen_distractor_hues,63,0.036637273,1.0,0.17777777777777778,1.0,0.59509647
2,C_scene,unseen_distractor_hues,64,-0.20225449,0.0,0.0,1.0,3.708898
2,C_scene,unseen_distractor_hues,65,0.061046,0.0,0.2,1.0,3.3018036
2,C_scene,unseen_distractor_hues,66,-0.01139419,0.0,0.08888888888888889,1.0,2.2121568
2,C_scene,unseen_distractor_hues,67,-0.038207013,0.0,0.0,1.0,2.3321936
2,C_scene,unseen_distractor_hues,68,-0.27215824,0.0,0.0,1.0,3.0180726
2,C_scene,unseen_distractor_hues,69,0.12774543,1.0,0.5111111111111111,1.0,0.4459416
2,C_scene,unseen_distractor_hues,70,-0.143763,0.0,0.0,1.0,6.4358726
2,C_scene,unseen_distractor_hues,71,-0.28971502,0.0,0.0,1.0,5.205949
2,C_scene,unseen_distractor_hues,72,0.055489726,0.0,0.2,1.0,3.7571208
2,C_scene,unseen_distractor_hues,73,0.044702902,1.0,0.3111111111111111,1.0,0.759919
2,C_scene,unseen_distractor_hues,74,-0.16424122,0.0,0.0,1.0,2.9762168
2,C_scene,unseen_distractor_hues,75,0.060551092,1.0,0.4222222222222222,1.0,0.97659826
2,C_scene,unseen_distractor_hues,76,-0.104439124,0.0,0.0,1.0,2.4407735
2,C_scene,unseen_distractor_hues,77,-0.17743024,0.0,0.13333333333333333,1.0,1.8860848
2,C_scene,unseen_distractor_hues,78,-0.011139892,0.0,0.17777777777777778,1.0,2.868051
2,C_scene,unseen_distractor_hues,79,0.17802912,1.0,0.5777777777777777,1.0,0.9073365
2,C_scene,unseen_distractor_hues,80,-0.22310871,0.0,0.08888888888888889,1.0,2.7917771
2,C_scene,unseen_distractor_hues,81,-0.28519854,0.0,0.0,1.0,5.623375
2,C_scene,unseen_distractor_hues,82,-0.069440976,0.0,0.2,1.0,2.8565276
2,C_scene,unseen_distractor_hues,83,-0.32927802,0.0,0.0,1.0,5.0480547
2,C_scene,unseen_distractor_hues,84,-0.17794079,0.0,0.0,1.0,1.9256005
2,C_scene,unseen_distractor_hues,85,-0.32113603,0.0,0.0,1.0,1.980673
2,C_scene,unseen_distractor_hues,86,-0.16752656,0.0,0.0,1.0,1.9675872
2,C_scene,unseen_distractor_hues,87,0.0483228,0.0,0.2222222222222222,1.0,3.0479972
2,C_scene,unseen_distractor_hues,88,-0.069816075,0.0,0.0,1.0,3.966493
2,C_scene,unseen_distractor_hues,89,-0.10654562,0.0,0.0,1.0,2.7846613
2,C_scene,unseen_distractor_hues,90,-0.090109125,1.0,0.3333333333333333,1.0,1.1581092
2,C_scene,unseen_distractor_hues,91,-0.17490825,1.0,0.3111111111111111,1.0,1.2322733
2,C_scene,unseen_distractor_hues,92,0.005474393,1.0,0.044444444444444446,1.0,1.5200874
2,C_scene,unseen_distractor_hues,93,-0.25472558,0.0,0.0,1.0,2.7505164
2,C_scene,unseen_distractor_hues,94,-0.055729076,0.0,0.0,1.0,1.9538018
2,C_scene,unseen_distractor_hues,95,-0.16771315,0.0,0.0,1.0,2.3510225
2,C_scene,unseen_distractor_hues,96,-0.071321756,1.0,0.28888888888888886,1.0,0.68532336
2,C_scene,unseen_distractor_hues,97,-0.174066,0.0,0.0,1.0,4.401011
2,C_scene,unseen_distractor_hues,98,0.08972701,0.0,0.3333333333333333,1.0,1.6083591
2,C_scene,unseen_distractor_hues,99,-0.15814307,0.0,0.13333333333333333,1.0,4.567304
2,C_scene,heavy_pixel_noise,0,0.12420578,1.0,0.5111111111111111,1.0,0.9606706
2,C_scene,heavy_pixel_noise,1,-0.2318835,0.0,0.0,1.0,5.925494
2,C_scene,heavy_pixel_noise,2,-0.2677938,0.0,0.0,1.0,4.4302807
2,C_scene,heavy_pixel_noise,3,-0.10418575,0.0,0.0,1.0,2.786
2,C_scene,heavy_pixel_noise,4,-0.08864249,0.0,0.0,1.0,2.3527768
2,C_scene,heavy_pixel_noise,5,-0.3119577,0.0,0.0,1.0,4.047544
2,C_scene,heavy_pixel_noise,6,-0.1973101,0.0,0.0,1.0,6.261836
2,C_scene,heavy_pixel_noise,7,-0.19285238,0.0,0.0,1.0,2.6458433
2,C_scene,heavy_pixel_noise,8,-0.1401575,0.0,0.13333333333333333,1.0,5.7768674
2,C_scene,heavy_pixel_noise,9,-0.124221355,1.0,0.08888888888888889,1.0,0.979408
2,C_scene,heavy_pixel_noise,10,-0.12480939,0.0,0.0,1.0,1.9493521
2,C_scene,heavy_pixel_noise,11,-0.34639418,0.0,0.0,1.0,6.4967017
2,C_scene,heavy_pixel_noise,12,-0.20032737,0.0,0.0,1.0,4.7233877
2,C_scene,heavy_pixel_noise,13,-0.30046314,0.0,0.0,1.0,2.873859
2,C_scene,heavy_pixel_noise,14,-0.07642783,0.0,0.0,1.0,2.6054919
2,C_scene,heavy_pixel_noise,15,-0.27997577,0.0,0.0,1.0,3.2962835
2,C_scene,heavy_pixel_noise,16,0.002338719,0.0,0.0,1.0,2.3861203
2,C_scene,heavy_pixel_noise,17,-0.17621467,0.0,0.0,1.0,7.477247
2,C_scene,heavy_pixel_noise,18,-0.116589725,0.0,0.06666666666666667,1.0,2.9333062
2,C_scene,heavy_pixel_noise,19,-0.21655735,0.0,0.0,1.0,1.6477797
2,C_scene,heavy_pixel_noise,20,-0.23963156,0.0,0.0,1.0,4.2749825
2,C_scene,heavy_pixel_noise,21,-0.047726646,0.0,0.1111111111111111,1.0,4.0169153
2,C_scene,heavy_pixel_noise,22,0.14722042,1.0,0.5555555555555556,1.0,1.4680306
2,C_scene,heavy_pixel_noise,23,0.20306689,1.0,0.4666666666666667,1.0,0.5868444
2,C_scene,heavy_pixel_noise,24,-0.20372254,0.0,0.0,1.0,5.776547
2,C_scene,heavy_pixel_noise,25,-0.26163304,0.0,0.0,1.0,3.9276567
2,C_scene,heavy_pixel_noise,26,-0.028622225,0.0,0.0,1.0,2.3296041
2,C_scene,heavy_pixel_noise,27,-0.12488358,0.0,0.0,1.0,5.2237806
2,C_scene,heavy_pixel_noise,28,-0.055144463,0.0,0.0,1.0,3.0628242
2,C_scene,heavy_pixel_noise,29,-0.1972489,0.0,0.0,1.0,2.2581255
2,C_scene,heavy_pixel_noise,30,-0.27889034,0.0,0.0,1.0,4.4001884
2,C_scene,heavy_pixel_noise,31,0.0034864692,1.0,0.3333333333333333,1.0,0.6809086
2,C_scene,heavy_pixel_noise,32,-0.2529896,0.0,0.0,1.0,3.5127883
2,C_scene,heavy_pixel_noise,33,-0.12400421,0.0,0.0,1.0,2.3611608
2,C_scene,heavy_pixel_noise,34,-0.17053749,0.0,0.022222222222222223,1.0,4.7431126
2,C_scene,heavy_pixel_noise,35,-0.08563506,0.0,0.0,1.0,4.2383547
2,C_scene,heavy_pixel_noise,36,0.08427696,1.0,0.3333333333333333,1.0,1.1538854
2,C_scene,heavy_pixel_noise,37,-0.27717614,0.0,0.0,1.0,2.7227628
2,C_scene,heavy_pixel_noise,38,-0.017041154,0.0,0.0,1.0,2.3094141
2,C_scene,heavy_pixel_noise,39,-0.1770362,0.0,0.08888888888888889,1.0,4.102195
2,C_scene,heavy_pixel_noise,40,0.088780954,1.0,0.5111111111111111,1.0,0.6297257
2,C_scene,heavy_pixel_noise,41,-0.010229305,1.0,0.044444444444444446,1.0,1.4287374
2,C_scene,heavy_pixel_noise,42,-0.19123244,0.0,0.0,1.0,5.237891
2,C_scene,heavy_pixel_noise,43,-0.12877591,0.0,0.0,1.0,3.5067153
2,C_scene,heavy_pixel_noise,44,-0.086597815,0.0,0.0,1.0,2.654483
2,C_scene,heavy_pixel_noise,45,-0.10336638,0.0,0.06666666666666667,1.0,2.608321
2,C_scene,heavy_pixel_noise,46,-0.2502029,0.0,0.0,1.0,5.0365663
2,C_scene,heavy_pixel_noise,47,-0.18821621,0.0,0.0,1.0,5.7781534
2,C_scene,heavy_pixel_noise,48,-0.2343392,0.0,0.0,1.0,4.0889378
2,C_scene,heavy_pixel_noise,49,0.07067936,0.0,0.37777777777777777,1.0,1.908781
2,C_scene,heavy_pixel_noise,50,0.027826559,0.0,0.1111111111111111,1.0,1.5616591
2,C_scene,heavy_pixel_noise,51,-0.34668317,0.0,0.0,1.0,3.6174383
2,C_scene,heavy_pixel_noise,52,0.007166987,0.0,0.0,1.0,3.1146567
2,C_scene,heavy_pixel_noise,53,-0.14872593,0.0,0.0,1.0,3.06165
2,C_scene,heavy_pixel_noise,54,0.044488944,0.0,0.0,1.0,2.9606705
2,C_scene,heavy_pixel_noise,55,-0.12227789,1.0,0.17777777777777778,1.0,1.3866951
2,C_scene,heavy_pixel_noise,56,0.17478564,0.0,0.3111111111111111,1.0,3.0512748
2,C_scene,heavy_pixel_noise,57,-0.37014532,0.0,0.0,1.0,3.1615937
2,C_scene,heavy_pixel_noise,58,-0.084134236,0.0,0.0,1.0,1.7532661
2,C_scene,heavy_pixel_noise,59,-0.2990671,0.0,0.0,1.0,5.16638
2,C_scene,heavy_pixel_noise,60,-0.3285669,0.0,0.0,1.0,3.5346234
2,C_scene,heavy_pixel_noise,61,-0.16841145,0.0,0.0,1.0,8.217158
2,C_scene,heavy_pixel_noise,62,-0.2335157,0.0,0.0,1.0,4.4674306
2,C_scene,heavy_pixel_noise,63,-0.23106359,0.0,0.0,1.0,6.4944124
2,C_scene,heavy_pixel_noise,64,-0.34393194,0.0,0.0,1.0,7.3088803
2,C_scene,heavy_pixel_noise,65,0.059936862,0.0,0.2,1.0,3.3442037
2,C_scene,heavy_pixel_noise,66,-0.13006663,0.0,0.06666666666666667,1.0,4.15032
2,C_scene,heavy_pixel_noise,67,-0.1967401,0.0,0.0,1.0,4.833754
2,C_scene,heavy_pixel_noise,68,-0.28882185,0.0,0.0,1.0,2.4145277
2,C_scene,heavy_pixel_noise,69,0.046804,1.0,0.4222222222222222,1.0,1.5458255
2,C_scene,heavy_pixel_noise,70,-0.1019313,0.0,0.0,1.0,4.7981405
2,C_scene,heavy_pixel_noise,71,-0.2710298,0.0,0.0,1.0,6.6016407
2,C_scene,heavy_pixel_noise,72,0.08851728,0.0,0.2,1.0,2.832846
2,C_scene,heavy_pixel_noise,73,-0.13716103,0.0,0.08888888888888889,1.0,6.085905
2,C_scene,heavy_pixel_noise,74,-0.19512026,0.0,0.0,1.0,2.5487552
2,C_scene,heavy_pixel_noise,75,0.057003725,1.0,0.37777777777777777,1.0,0.62695193
2,C_scene,heavy_pixel_noise,76,-0.24194291,0.0,0.0,1.0,7.055961
2,C_scene,heavy_pixel_noise,77,-0.2465237,0.0,0.0,1.0,2.8029687
2,C_scene,heavy_pixel_noise,78,-0.067889094,1.0,0.044444444444444446,1.0,1.4607903
2,C_scene,heavy_pixel_noise,79,-0.21546179,0.0,0.0,1.0,8.596588
2,C_scene,heavy_pixel_noise,80,-0.15863541,1.0,0.26666666666666666,1.0,0.649793
2,C_scene,heavy_pixel_noise,81,-0.28240347,0.0,0.0,1.0,6.3852105
2,C_scene,heavy_pixel_noise,82,-0.20410775,0.0,0.0,1.0,1.8321027
2,C_scene,heavy_pixel_noise,83,-0.34333766,0.0,0.0,1.0,3.5967717
2,C_scene,heavy_pixel_noise,84,-0.24168164,0.0,0.0,1.0,5.886
2,C_scene,heavy_pixel_noise,85,-0.15425839,0.0,0.24444444444444444,1.0,2.9385524
2,C_scene,heavy_pixel_noise,86,-0.22523509,0.0,0.0,1.0,3.1387014
2,C_scene,heavy_pixel_noise,87,-0.2532179,0.0,0.0,1.0,8.170073
2,C_scene,heavy_pixel_noise,88,0.08025943,0.0,0.2222222222222222,1.0,3.4204254
2,C_scene,heavy_pixel_noise,89,-0.13957763,0.0,0.0,1.0,3.484734
2,C_scene,heavy_pixel_noise,90,-0.27077037,0.0,0.0,1.0,3.6165195
2,C_scene,heavy_pixel_noise,91,-0.33506683,0.0,0.0,1.0,5.8894567
2,C_scene,heavy_pixel_noise,92,0.015942017,1.0,0.06666666666666667,1.0,1.3428444
2,C_scene,heavy_pixel_noise,93,-0.32382303,0.0,0.0,1.0,4.7126684
2,C_scene,heavy_pixel_noise,94,0.11643301,1.0,0.3333333333333333,1.0,0.71439314
2,C_scene,heavy_pixel_noise,95,-0.1296242,1.0,0.022222222222222223,1.0,1.5323521
2,C_scene,heavy_pixel_noise,96,-0.3112127,0.0,0.0,1.0,7.130144
2,C_scene,heavy_pixel_noise,97,-0.19629508,0.0,0.0,1.0,5.1001267
2,C_scene,heavy_pixel_noise,98,0.10984818,0.0,0.35555555555555557,1.0,1.7030085
2,C_scene,heavy_pixel_noise,99,-0.1695038,0.0,0.1111111111111111,1.0,5.196655
2,D_latent,in_distribution,0,0.1469871,0.0,0.4666666666666667,1.0,2.1814342
2,D_latent,in_distribution,1,0.055928078,0.0,0.24444444444444444,1.0,1.7319841
2,D_latent,in_distribution,2,-0.21598634,0.0,0.0,1.0,3.3745158
2,D_latent,in_distribution,3,0.04017748,0.0,0.26666666666666666,1.0,1.6205204
2,D_latent,in_distribution,4,-0.04418985,0.0,0.0,1.0,1.9887629
2,D_latent,in_distribution,5,-0.100494385,1.0,0.3111111111111111,1.0,1.0023844
2,D_latent,in_distribution,6,-0.1336448,0.0,0.08888888888888889,1.0,4.4504366
2,D_latent,in_distribution,7,-0.14036727,0.0,0.06666666666666667,1.0,2.2269952
2,D_latent,in_distribution,8,-0.035895508,0.0,0.24444444444444444,1.0,2.0603151
2,D_latent,in_distribution,9,-0.24048573,0.0,0.0,1.0,4.7569447
2,D_latent,in_distribution,10,-0.16904756,0.0,0.0,1.0,1.9572196
2,D_latent,in_distribution,11,-0.14543565,1.0,0.26666666666666666,1.0,0.42021978
2,D_latent,in_distribution,12,-0.19215924,0.0,0.0,1.0,5.2681584
2,D_latent,in_distribution,13,-0.32373336,0.0,0.0,1.0,4.1215816
2,D_latent,in_distribution,14,-0.0019229333,0.0,0.2222222222222222,1.0,3.211136
2,D_latent,in_distribution,15,-0.17153811,1.0,0.2,1.0,0.98917
2,D_latent,in_distribution,16,0.05941268,1.0,0.044444444444444446,1.0,1.5256661
2,D_latent,in_distribution,17,-0.049877215,0.0,0.0,1.0,3.0517433
2,D_latent,in_distribution,18,-0.16577825,0.0,0.0,1.0,3.2884104
2,D_latent,in_distribution,19,-0.26956204,0.0,0.0,1.0,3.4474454
2,D_latent,in_distribution,20,-0.06682919,0.0,0.0,1.0,1.6812443
2,D_latent,in_distribution,21,0.031264707,1.0,0.1111111111111111,1.0,1.1351154
2,D_latent,in_distribution,22,0.20138077,1.0,0.5777777777777777,1.0,0.9872734
2,D_latent,in_distribution,23,0.20033468,1.0,0.4222222222222222,1.0,0.10603059
2,D_latent,in_distribution,24,-0.10273735,0.0,0.08888888888888889,1.0,4.383824
2,D_latent,in_distribution,25,-0.09854178,0.0,0.0,1.0,2.2486682
2,D_latent,in_distribution,26,-0.01862726,0.0,0.0,1.0,2.500404
2,D_latent,in_distribution,27,-0.07036568,0.0,0.0,1.0,2.834599
2,D_latent,in_distribution,28,-0.028488157,0.0,0.1111111111111111,1.0,2.931479
2,D_latent,in_distribution,29,0.03188117,1.0,0.35555555555555557,1.0,1.49225
2,D_latent,in_distribution,30,-0.15137398,0.0,0.0,1.0,1.9408523
2,D_latent,in_distribution,31,-0.090431996,0.0,0.0,1.0,1.6840279
2,D_latent,in_distribution,32,-0.30539444,0.0,0.0,1.0,6.3435464
2,D_latent,in_distribution,33,-0.028495245,1.0,0.13333333333333333,1.0,0.9705012
2,D_latent,in_distribution,34,-0.07995004,0.0,0.13333333333333333,1.0,2.0941486
2,D_latent,in_distribution,35,-0.09680871,0.0,0.0,1.0,3.7467668
2,D_latent,in_distribution,36,0.22241266,1.0,0.6666666666666666,1.0,1.4431283
2,D_latent,in_distribution,37,-0.18073398,1.0,0.2222222222222222,1.0,1.4595225
2,D_latent,in_distribution,38,-0.093504235,0.0,0.0,1.0,3.1200452
2,D_latent,in_distribution,39,-0.16532966,0.0,0.08888888888888889,1.0,3.3395479
2,D_latent,in_distribution,40,-0.03803414,0.0,0.13333333333333333,1.0,2.5795362
2,D_latent,in_distribution,41,-0.043976247,0.0,0.0,1.0,2.1761594
2,D_latent,in_distribution,42,0.036935896,0.0,0.15555555555555556,1.0,2.0820246
2,D_latent,in_distribution,43,0.050858557,0.0,0.24444444444444444,1.0,2.261823
2,D_latent,in_distribution,44,-0.1263551,0.0,0.08888888888888889,1.0,3.9815369
2,D_latent,in_distribution,45,-0.13219261,0.0,0.0,1.0,2.7152436
2,D_latent,in_distribution,46,-0.2516112,0.0,0.0,1.0,4.422409
2,D_latent,in_distribution,47,-0.1418584,0.0,0.0,1.0,4.326833
2,D_latent,in_distribution,48,-0.14983717,0.0,0.0,1.0,3.6726973
2,D_latent,in_distribution,49,-0.13899043,0.0,0.0,1.0,4.614863
2,D_latent,in_distribution,50,-0.094296776,0.0,0.0,1.0,2.9341261
2,D_latent,in_distribution,51,-0.18211256,0.0,0.17777777777777778,1.0,2.3762338
2,D_latent,in_distribution,52,-0.007619306,0.0,0.0,1.0,2.5891767
2,D_latent,in_distribution,53,-0.08378798,0.0,0.0,1.0,1.9427737
2,D_latent,in_distribution,54,0.18411678,0.0,0.4888888888888889,1.0,1.9774563
2,D_latent,in_distribution,55,-0.04496561,0.0,0.28888888888888886,1.0,1.9343839
2,D_latent,in_distribution,56,0.23357275,0.0,0.6,1.0,3.0007172
2,D_latent,in_distribution,57,-0.30262494,0.0,0.0,1.0,2.2896683
2,D_latent,in_distribution,58,-0.09523607,0.0,0.0,1.0,3.043192
2,D_latent,in_distribution,59,-0.12703365,0.0,0.0,1.0,2.691553
2,D_latent,in_distribution,60,-0.1862759,1.0,0.17777777777777778,1.0,0.18615806
2,D_latent,in_distribution,61,-0.002381632,0.0,0.0,1.0,2.5351117
2,D_latent,in_distribution,62,-0.013239566,0.0,0.3111111111111111,1.0,1.58993
2,D_latent,in_distribution,63,-0.08561676,0.0,0.0,1.0,2.4886115
2,D_latent,in_distribution,64,-0.23601593,0.0,0.0,1.0,2.9866009
2,D_latent,in_distribution,65,-0.0008948837,0.0,0.13333333333333333,1.0,3.3084607
2,D_latent,in_distribution,66,0.13991116,1.0,0.28888888888888886,1.0,1.3271483
2,D_latent,in_distribution,67,0.034998283,0.0,0.0,1.0,2.2012012
2,D_latent,in_distribution,68,-0.21667165,0.0,0.13333333333333333,1.0,2.2399313
2,D_latent,in_distribution,69,-0.010986777,0.0,0.0,1.0,2.5772183
2,D_latent,in_distribution,70,-0.08755008,0.0,0.0,1.0,3.008828
2,D_latent,in_distribution,71,-0.14358194,1.0,0.15555555555555556,1.0,0.94028455
2,D_latent,in_distribution,72,0.059248213,0.0,0.2,1.0,3.6479578
2,D_latent,in_distribution,73,0.07813921,0.0,0.37777777777777777,1.0,1.5623217
2,D_latent,in_distribution,74,-0.08335734,0.0,0.06666666666666667,1.0,1.5904471
2,D_latent,in_distribution,75,-0.035943717,0.0,0.0,1.0,1.7513167
2,D_latent,in_distribution,76,-0.052232992,0.0,0.0,1.0,3.6225777
2,D_latent,in_distribution,77,-0.090493836,1.0,0.35555555555555557,1.0,1.464549
2,D_latent,in_distribution,78,-0.13028091,0.0,0.0,1.0,2.7727153
2,D_latent,in_distribution,79,0.12964413,0.0,0.4,1.0,2.0284
2,D_latent,in_distribution,80,-0.24852838,0.0,0.0,1.0,3.2469804
2,D_latent,in_distribution,81,-0.26461568,0.0,0.0,1.0,5.0801716
2,D_latent,in_distribution,82,-0.20658313,0.0,0.0,1.0,3.5571828
2,D_latent,in_distribution,83,-0.22685038,0.0,0.1111111111111111,1.0,3.4169557
2,D_latent,in_distribution,84,-0.2015811,0.0,0.0,1.0,2.6806293
2,D_latent,in_distribution,85,-0.21839082,0.0,0.044444444444444446,1.0,1.7473
2,D_latent,in_distribution,86,-0.088534564,1.0,0.1111111111111111,1.0,1.121526
2,D_latent,in_distribution,87,-0.02468041,0.0,0.15555555555555556,1.0,4.792124
2,D_latent,in_distribution,88,0.0101412665,0.0,0.0,1.0,2.9170244
2,D_latent,in_distribution,89,-0.14944707,0.0,0.0,1.0,3.0121427
2,D_latent,in_distribution,90,-0.082367115,1.0,0.3333333333333333,1.0,1.1398598
2,D_latent,in_distribution,91,-0.18919976,1.0,0.28888888888888886,1.0,1.3936847
2,D_latent,in_distribution,92,-0.018495081,0.0,0.022222222222222223,1.0,2.1840894
2,D_latent,in_distribution,93,-0.11351063,1.0,0.13333333333333333,1.0,0.9660869
2,D_latent,in_distribution,94,-0.12745683,0.0,0.0,1.0,2.7209177
2,D_latent,in_distribution,95,-0.03751579,0.0,0.2,1.0,2.0836084
2,D_latent,in_distribution,96,-0.043386318,1.0,0.37777777777777777,1.0,1.3641573
2,D_latent,in_distribution,97,-0.08579788,0.0,0.13333333333333333,1.0,3.8560946
2,D_latent,in_distribution,98,0.074762486,0.0,0.0,1.0,1.662039
2,D_latent,in_distribution,99,-0.1273695,0.0,0.15555555555555556,1.0,3.391419
2,D_latent,4_distractors,0,0.15221632,0.0,0.4888888888888889,1.0,2.078621
2,D_latent,4_distractors,1,0.08788622,1.0,0.5333333333333333,1.0,1.4005291
2,D_latent,4_distractors,2,-0.16414112,0.0,0.0,1.0,1.9825313
2,D_latent,4_distractors,3,0.0473968,0.0,0.3333333333333333,1.0,1.5605919
2,D_latent,4_distractors,4,-0.070943594,0.0,0.0,1.0,2.2337892
2,D_latent,4_distractors,5,-0.100367464,0.0,0.3111111111111111,1.0,1.5528575
2,D_latent,4_distractors,6,-0.14075692,0.0,0.08888888888888889,1.0,3.991376
2,D_latent,4_distractors,7,-0.16536021,0.0,0.0,1.0,2.2624583
2,D_latent,4_distractors,8,-0.025822582,0.0,0.24444444444444444,1.0,1.9446473
2,D_latent,4_distractors,9,-0.20788434,0.0,0.0,1.0,3.334464
2,D_latent,4_distractors,10,-0.19619371,0.0,0.0,1.0,2.217504
2,D_latent,4_distractors,11,-0.13511376,1.0,0.26666666666666666,1.0,0.36004806
2,D_latent,4_distractors,12,-0.1879698,0.0,0.0,1.0,4.4661393
2,D_latent,4_distractors,13,-0.3090668,0.0,0.0,1.0,3.995728
2,D_latent,4_distractors,14,0.07984275,0.0,0.37777777777777777,1.0,1.9602954
2,D_latent,4_distractors,15,-0.26754528,0.0,0.0,1.0,2.188531
2,D_latent,4_distractors,16,0.06179818,0.0,0.0,1.0,1.8918045
2,D_latent,4_distractors,17,-0.029938664,0.0,0.0,1.0,2.630735
2,D_latent,4_distractors,18,-0.16056731,0.0,0.0,1.0,2.8593137
2,D_latent,4_distractors,19,-0.2744839,0.0,0.0,1.0,3.8508472
2,D_latent,4_distractors,20,-0.08610192,0.0,0.0,1.0,2.3411293
2,D_latent,4_distractors,21,0.049954116,1.0,0.13333333333333333,1.0,0.9574385
2,D_latent,4_distractors,22,0.15358351,0.0,0.5111111111111111,1.0,1.715161
2,D_latent,4_distractors,23,0.2164634,1.0,0.4666666666666667,1.0,0.5767348
2,D_latent,4_distractors,24,-0.072729215,0.0,0.06666666666666667,1.0,3.726846
2,D_latent,4_distractors,25,-0.10450468,0.0,0.0,1.0,3.2049367
2,D_latent,4_distractors,26,-0.06176339,0.0,0.0,1.0,2.737409
2,D_latent,4_distractors,27,0.0035129276,0.0,0.0,1.0,2.671595
2,D_latent,4_distractors,28,-0.03262176,0.0,0.1111111111111111,1.0,3.023667
2,D_latent,4_distractors,29,0.034953106,0.0,0.3333333333333333,1.0,1.8043398
2,D_latent,4_distractors,30,-0.13568659,0.0,0.0,1.0,1.8712443
2,D_latent,4_distractors,31,-0.115494095,0.0,0.0,1.0,2.1532433
2,D_latent,4_distractors,32,-0.28440568,0.0,0.0,1.0,5.035025
2,D_latent,4_distractors,33,-0.03718104,1.0,0.044444444444444446,1.0,1.4328245
2,D_latent,4_distractors,34,-0.08773524,0.0,0.13333333333333333,1.0,2.4204638
2,D_latent,4_distractors,35,-0.11218055,0.0,0.0,1.0,3.8666806
2,D_latent,4_distractors,36,0.081899635,0.0,0.15555555555555556,1.0,2.1470656
2,D_latent,4_distractors,37,-0.2338147,0.0,0.0,1.0,2.2628167
2,D_latent,4_distractors,38,-0.100919366,0.0,0.0,1.0,3.1084137
2,D_latent,4_distractors,39,-0.14073499,0.0,0.1111111111111111,1.0,2.5289605
2,D_latent,4_distractors,40,-0.062365644,0.0,0.06666666666666667,1.0,2.9466732
2,D_latent,4_distractors,41,-0.025478356,0.0,0.08888888888888889,1.0,2.3480694
2,D_latent,4_distractors,42,0.015215226,1.0,0.022222222222222223,1.0,1.5240761
2,D_latent,4_distractors,43,-0.022575583,0.0,0.13333333333333333,1.0,2.3797307
2,D_latent,4_distractors,44,-0.14983565,0.0,0.06666666666666667,1.0,3.7365906
2,D_latent,4_distractors,45,-0.065454416,1.0,0.08888888888888889,1.0,1.1498864
2,D_latent,4_distractors,46,-0.2310636,0.0,0.0,1.0,3.987881
2,D_latent,4_distractors,47,-0.14028184,0.0,0.0,1.0,3.8355765
2,D_latent,4_distractors,48,-0.14123656,0.0,0.0,1.0,3.338192
2,D_latent,4_distractors,49,-0.1076816,0.0,0.0,1.0,4.10576
2,D_latent,4_distractors,50,-0.08402027,0.0,0.022222222222222223,1.0,3.1587248
2,D_latent,4_distractors,51,-0.16413964,0.0,0.2222222222222222,1.0,1.9897635
2,D_latent,4_distractors,52,-0.013308943,0.0,0.0,1.0,2.6008465
2,D_latent,4_distractors,53,-0.09486091,0.0,0.0,1.0,2.122088
2,D_latent,4_distractors,54,0.29888102,1.0,0.7111111111111111,1.0,0.8249234
2,D_latent,4_distractors,55,-0.035163842,0.0,0.3333333333333333,1.0,1.7913145
2,D_latent,4_distractors,56,0.2399335,1.0,0.35555555555555557,1.0,1.4652237
2,D_latent,4_distractors,57,-0.3069263,0.0,0.0,1.0,2.5946622
2,D_latent,4_distractors,58,-0.09254164,0.0,0.0,1.0,3.1357687
2,D_latent,4_distractors,59,-0.10951177,0.0,0.0,1.0,2.5674045
2,D_latent,4_distractors,60,-0.19089969,1.0,0.2,1.0,1.0848279
2,D_latent,4_distractors,61,0.025246715,0.0,0.0,1.0,2.019546
2,D_latent,4_distractors,62,-0.006917541,0.0,0.3111111111111111,1.0,1.6796947
2,D_latent,4_distractors,63,-0.07851036,0.0,0.0,1.0,2.231231
2,D_latent,4_distractors,64,-0.23789158,0.0,0.0,1.0,3.1947794
2,D_latent,4_distractors,65,-0.019392176,0.0,0.13333333333333333,1.0,3.1374636
2,D_latent,4_distractors,66,0.13743621,1.0,0.28888888888888886,1.0,0.46843392
2,D_latent,4_distractors,67,-0.036253117,0.0,0.0,1.0,2.9314759
2,D_latent,4_distractors,68,-0.22800627,0.0,0.1111111111111111,1.0,2.414505
2,D_latent,4_distractors,69,-0.06635119,0.0,0.0,1.0,2.7005422
2,D_latent,4_distractors,70,-0.083756484,0.0,0.0,1.0,2.669922
2,D_latent,4_distractors,71,-0.13828291,1.0,0.1111111111111111,1.0,1.3951069
2,D_latent,4_distractors,72,0.0794704,0.0,0.26666666666666666,1.0,3.0782058
2,D_latent,4_distractors,73,0.14101867,1.0,0.4888888888888889,1.0,0.4501401
2,D_latent,4_distractors,74,-0.09003951,0.0,0.0,1.0,1.5979857
2,D_latent,4_distractors,75,0.073430456,1.0,0.4444444444444444,1.0,1.0032609
2,D_latent,4_distractors,76,-0.07155769,0.0,0.0,1.0,3.1224308
2,D_latent,4_distractors,77,-0.17482258,0.0,0.0,1.0,1.6415672
2,D_latent,4_distractors,78,-0.08563496,0.0,0.0,1.0,2.1444535
2,D_latent,4_distractors,79,0.064379185,0.0,0.2222222222222222,1.0,2.6523526
2,D_latent,4_distractors,80,-0.2491945,0.0,0.0,1.0,3.14464
2,D_latent,4_distractors,81,-0.26398435,0.0,0.0,1.0,5.653446
2,D_latent,4_distractors,82,-0.23722222,0.0,0.0,1.0,3.3276017
2,D_latent,4_distractors,83,-0.20192909,0.0,0.15555555555555556,1.0,2.9805734
2,D_latent,4_distractors,84,-0.19833444,0.0,0.0,1.0,2.8022923
2,D_latent,4_distractors,85,-0.21781555,0.0,0.0,1.0,1.7086083
2,D_latent,4_distractors,86,-0.06478402,1.0,0.15555555555555556,1.0,0.8034675
2,D_latent,4_distractors,87,-0.027110377,0.0,0.15555555555555556,1.0,4.7191005
2,D_latent,4_distractors,88,-0.016629573,0.0,0.0,1.0,3.1062462
2,D_latent,4_distractors,89,-0.14067104,0.0,0.0,1.0,3.4298291
2,D_latent,4_distractors,90,-0.0761165,1.0,0.37777777777777777,1.0,1.2879932
2,D_latent,4_distractors,91,-0.19260779,1.0,0.28888888888888886,1.0,1.4916753
2,D_latent,4_distractors,92,-0.04445869,0.0,0.0,1.0,2.3909311
2,D_latent,4_distractors,93,-0.08986024,1.0,0.2,1.0,0.6302362
2,D_latent,4_distractors,94,-0.068151906,0.0,0.0,1.0,1.6287571
2,D_latent,4_distractors,95,-0.041851506,0.0,0.15555555555555556,1.0,1.8000106
2,D_latent,4_distractors,96,-0.023794327,1.0,0.37777777777777777,1.0,1.0522517
2,D_latent,4_distractors,97,-0.041052163,0.0,0.15555555555555556,1.0,3.0435781
2,D_latent,4_distractors,98,0.076787435,0.0,0.044444444444444446,1.0,1.7165608
2,D_latent,4_distractors,99,-0.06298527,0.0,0.28888888888888886,1.0,1.9073827
2,D_latent,fast_distractors,0,0.1247977,0.0,0.4444444444444444,1.0,2.007912
2,D_latent,fast_distractors,1,0.07847057,1.0,0.37777777777777777,1.0,1.518944
2,D_latent,fast_distractors,2,-0.19365433,0.0,0.0,1.0,3.1071327
2,D_latent,fast_distractors,3,0.051019307,1.0,0.37777777777777777,1.0,1.3310999
2,D_latent,fast_distractors,4,-0.050068144,0.0,0.0,1.0,2.1390162
2,D_latent,fast_distractors,5,-0.14598535,0.0,0.15555555555555556,1.0,1.9612246
2,D_latent,fast_distractors,6,-0.12795028,0.0,0.08888888888888889,1.0,4.191101
2,D_latent,fast_distractors,7,-0.15078124,0.0,0.06666666666666667,1.0,2.5183969
2,D_latent,fast_distractors,8,-0.038889363,0.0,0.2222222222222222,1.0,2.098566
2,D_latent,fast_distractors,9,-0.22722581,0.0,0.0,1.0,4.3501654
2,D_latent,fast_distractors,10,-0.18655275,0.0,0.0,1.0,2.234688
2,D_latent,fast_distractors,11,-0.18162891,1.0,0.2,1.0,1.093931
2,D_latent,fast_distractors,12,-0.19872846,0.0,0.0,1.0,5.3270073
2,D_latent,fast_distractors,13,-0.30193695,0.0,0.044444444444444446,1.0,4.680214
2,D_latent,fast_distractors,14,0.029496389,0.0,0.24444444444444444,1.0,2.8099751
2,D_latent,fast_distractors,15,-0.15018548,1.0,0.24444444444444444,1.0,0.64385384
2,D_latent,fast_distractors,16,0.041509382,0.0,0.0,1.0,1.7229811
2,D_latent,fast_distractors,17,-0.032654174,0.0,0.0,1.0,2.6790159
2,D_latent,fast_distractors,18,-0.15176992,0.0,0.0,1.0,2.7372985
2,D_latent,fast_distractors,19,-0.26300988,0.0,0.0,1.0,3.424996
2,D_latent,fast_distractors,20,-0.054434534,0.0,0.0,1.0,2.2404888
2,D_latent,fast_distractors,21,0.0010783378,1.0,0.044444444444444446,1.0,1.437124
2,D_latent,fast_distractors,22,0.19466645,1.0,0.5555555555555556,1.0,0.8931812
2,D_latent,fast_distractors,23,0.20725933,1.0,0.4444444444444444,1.0,0.5629798
2,D_latent,fast_distractors,24,-0.10119009,0.0,0.06666666666666667,1.0,3.8625872
2,D_latent,fast_distractors,25,-0.063825235,0.0,0.06666666666666667,1.0,2.278963
2,D_latent,fast_distractors,26,-0.016169576,0.0,0.0,1.0,2.371242
2,D_latent,fast_distractors,27,-0.06861777,0.0,0.0,1.0,2.6797686
2,D_latent,fast_distractors,28,-0.028805424,0.0,0.1111111111111111,1.0,3.3999667
2,D_latent,fast_distractors,29,0.03536173,1.0,0.35555555555555557,1.0,1.498691
2,D_latent,fast_distractors,30,-0.15484163,0.0,0.0,1.0,2.158641
2,D_latent,fast_distractors,31,-0.09899258,0.0,0.0,1.0,1.7813885
2,D_latent,fast_distractors,32,-0.30186957,0.0,0.0,1.0,5.786
2,D_latent,fast_distractors,33,-0.034004025,1.0,0.08888888888888889,1.0,1.1665953
2,D_latent,fast_distractors,34,-0.08134495,0.0,0.13333333333333333,1.0,2.0570312
2,D_latent,fast_distractors,35,-0.09766913,0.0,0.0,1.0,3.4991665
2,D_latent,fast_distractors,36,0.20071045,0.0,0.5333333333333333,1.0,1.5736617
2,D_latent,fast_distractors,37,-0.21880537,0.0,0.0,1.0,1.9974355
2,D_latent,fast_distractors,38,-0.098649025,0.0,0.0,1.0,3.1573987
2,D_latent,fast_distractors,39,-0.15941548,0.0,0.1111111111111111,1.0,3.511336
2,D_latent,fast_distractors,40,-0.033037186,0.0,0.13333333333333333,1.0,2.5139172
2,D_latent,fast_distractors,41,-0.0315263,0.0,0.0,1.0,1.9780861
2,D_latent,fast_distractors,42,0.030986553,0.0,0.13333333333333333,1.0,1.7280886
2,D_latent,fast_distractors,43,0.015973767,0.0,0.2,1.0,2.271848
2,D_latent,fast_distractors,44,-0.14778039,0.0,0.044444444444444446,1.0,3.960725
2,D_latent,fast_distractors,45,-0.13507716,0.0,0.0,1.0,2.8349779
2,D_latent,fast_distractors,46,-0.25079265,0.0,0.0,1.0,4.4045486
2,D_latent,fast_distractors,47,-0.12917131,0.0,0.0,1.0,3.871492
2,D_latent,fast_distractors,48,-0.15866436,0.0,0.0,1.0,3.6026967
2,D_latent,fast_distractors,49,-0.14274871,0.0,0.0,1.0,4.7217245
2,D_latent,fast_distractors,50,-0.09427716,0.0,0.0,1.0,3.130113
2,D_latent,fast_distractors,51,-0.1895341,0.0,0.17777777777777778,1.0,2.5464723
2,D_latent,fast_distractors,52,-0.019214977,0.0,0.0,1.0,2.7403674
2,D_latent,fast_distractors,53,-0.090114065,0.0,0.0,1.0,2.3984058
2,D_latent,fast_distractors,54,0.16505213,0.0,0.4,1.0,2.2828953
2,D_latent,fast_distractors,55,-0.045692094,0.0,0.35555555555555557,1.0,1.6271813
2,D_latent,fast_distractors,56,0.25288123,0.0,0.4444444444444444,1.0,2.2485716
2,D_latent,fast_distractors,57,-0.30407488,0.0,0.0,1.0,2.4223094
2,D_latent,fast_distractors,58,-0.08461852,0.0,0.0,1.0,2.9940524
2,D_latent,fast_distractors,59,-0.11973245,0.0,0.0,1.0,2.3646116
2,D_latent,fast_distractors,60,-0.19065937,1.0,0.2,1.0,0.3384251
2,D_latent,fast_distractors,61,-0.000741973,0.0,0.0,1.0,2.512651
2,D_latent,fast_distractors,62,-0.008040298,0.0,0.3333333333333333,1.0,1.6289812
2,D_latent,fast_distractors,63,-0.0879862,0.0,0.0,1.0,2.4851053
2,D_latent,fast_distractors,64,-0.22675379,0.0,0.0,1.0,2.652379
2,D_latent,fast_distractors,65,0.0018613358,0.0,0.13333333333333333,1.0,3.2919557
2,D_latent,fast_distractors,66,0.14413832,1.0,0.3111111111111111,1.0,1.2600996
2,D_latent,fast_distractors,67,-0.00027855535,0.0,0.0,1.0,2.5730045
2,D_latent,fast_distractors,68,-0.2753639,0.0,0.0,1.0,3.4007962
2,D_latent,fast_distractors,69,-0.0049168244,0.0,0.1111111111111111,1.0,2.6436856
2,D_latent,fast_distractors,70,-0.09445057,0.0,0.0,1.0,3.2027338
2,D_latent,fast_distractors,71,-0.13722856,1.0,0.15555555555555556,1.0,1.1307839
2,D_latent,fast_distractors,72,0.052403413,0.0,0.17777777777777778,1.0,3.8910832
2,D_latent,fast_distractors,73,0.083098754,0.0,0.3333333333333333,1.0,1.5663224
2,D_latent,fast_distractors,74,-0.08833587,0.0,0.1111111111111111,1.0,1.9195056
2,D_latent,fast_distractors,75,-0.01982944,0.0,0.0,1.0,1.8533117
2,D_latent,fast_distractors,76,-0.044327356,0.0,0.0,1.0,3.287281
2,D_latent,fast_distractors,77,-0.092373125,1.0,0.35555555555555557,1.0,1.4422433
2,D_latent,fast_distractors,78,-0.08117427,0.0,0.0,1.0,2.2469394
2,D_latent,fast_distractors,79,0.116461225,0.0,0.3333333333333333,1.0,2.156755
2,D_latent,fast_distractors,80,-0.2416693,0.0,0.044444444444444446,1.0,3.2098908
2,D_latent,fast_distractors,81,-0.2838422,0.0,0.0,1.0,6.3887887
2,D_latent,fast_distractors,82,-0.22666875,0.0,0.0,1.0,3.715701
2,D_latent,fast_distractors,83,-0.21273659,0.0,0.13333333333333333,1.0,3.326357
2,D_latent,fast_distractors,84,-0.21458595,0.0,0.0,1.0,3.2266283
2,D_latent,fast_distractors,85,-0.24164008,0.0,0.0,1.0,1.9630336
2,D_latent,fast_distractors,86,-0.11028917,1.0,0.06666666666666667,1.0,1.1441106
2,D_latent,fast_distractors,87,-0.021514395,0.0,0.17777777777777778,1.0,4.610257
2,D_latent,fast_distractors,88,0.006216774,0.0,0.0,1.0,2.7675486
2,D_latent,fast_distractors,89,-0.14436547,0.0,0.0,1.0,2.8740292
2,D_latent,fast_distractors,90,-0.0775581,1.0,0.3333333333333333,1.0,0.7371572
2,D_latent,fast_distractors,91,-0.198617,1.0,0.26666666666666666,1.0,1.4809053
2,D_latent,fast_distractors,92,-0.01572021,0.0,0.0,1.0,2.1860034
2,D_latent,fast_distractors,93,-0.10440103,1.0,0.15555555555555556,1.0,0.75949556
2,D_latent,fast_distractors,94,-0.12574121,0.0,0.0,1.0,2.6813185
2,D_latent,fast_distractors,95,-0.08635501,0.0,0.1111111111111111,1.0,1.8921144
2,D_latent,fast_distractors,96,-0.03711116,1.0,0.37777777777777777,1.0,1.2793283
2,D_latent,fast_distractors,97,-0.08716286,0.0,0.13333333333333333,1.0,3.7411358
2,D_latent,fast_distractors,98,0.07417835,0.0,0.044444444444444446,1.0,1.7223974
2,D_latent,fast_distractors,99,-0.12510823,0.0,0.15555555555555556,1.0,3.2553008
2,D_latent,unseen_distractor_hues,0,0.16376705,0.0,0.5333333333333333,1.0,1.8390071
2,D_latent,unseen_distractor_hues,1,0.07458283,0.0,0.3111111111111111,1.0,1.7435114
2,D_latent,unseen_distractor_hues,2,-0.1972598,0.0,0.0,1.0,2.6162682
2,D_latent,unseen_distractor_hues,3,0.03741989,0.0,0.26666666666666666,1.0,1.7506514
2,D_latent,unseen_distractor_hues,4,-0.07835045,0.0,0.0,1.0,2.5479975
2,D_latent,unseen_distractor_hues,5,-0.11332177,1.0,0.28888888888888886,1.0,0.8687488
2,D_latent,unseen_distractor_hues,6,-0.13075328,0.0,0.08888888888888889,1.0,4.424228
2,D_latent,unseen_distractor_hues,7,-0.12539321,0.0,0.1111111111111111,1.0,2.2061203
2,D_latent,unseen_distractor_hues,8,-0.06475137,0.0,0.17777777777777778,1.0,2.2908123
2,D_latent,unseen_distractor_hues,9,-0.2498276,0.0,0.0,1.0,4.793922
2,D_latent,unseen_distractor_hues,10,-0.1806197,0.0,0.0,1.0,2.148746
2,D_latent,unseen_distractor_hues,11,-0.19384041,1.0,0.15555555555555556,1.0,1.1823326
2,D_latent,unseen_distractor_hues,12,-0.22777066,0.0,0.0,1.0,7.3917747
2,D_latent,unseen_distractor_hues,13,-0.27299255,0.0,0.1111111111111111,1.0,3.816068
2,D_latent,unseen_distractor_hues,14,0.038029768,0.0,0.28888888888888886,1.0,2.5286248
2,D_latent,unseen_distractor_hues,15,-0.159136,1.0,0.2222222222222222,1.0,0.78297955
2,D_latent,unseen_distractor_hues,16,0.053562947,1.0,0.044444444444444446,1.0,1.5152917
2,D_latent,unseen_distractor_hues,17,-0.040475618,0.0,0.0,1.0,2.9247978
2,D_latent,unseen_distractor_hues,18,-0.11821026,0.0,0.0,1.0,2.196668
2,D_latent,unseen_distractor_hues,19,-0.24622971,0.0,0.0,1.0,3.1059577
2,D_latent,unseen_distractor_hues,20,-0.059256013,0.0,0.0,1.0,2.7236168
2,D_latent,unseen_distractor_hues,21,0.0019489354,1.0,0.022222222222222223,1.0,1.3826442
2,D_latent,unseen_distractor_hues,22,0.19004184,1.0,0.5555555555555556,1.0,0.7442904
2,D_latent,unseen_distractor_hues,23,0.1885714,1.0,0.4,1.0,0.20235462
2,D_latent,unseen_distractor_hues,24,-0.111280866,0.0,0.08888888888888889,1.0,4.65606
2,D_latent,unseen_distractor_hues,25,-0.14219819,0.0,0.0,1.0,2.485958
2,D_latent,unseen_distractor_hues,26,-0.016275264,0.0,0.0,1.0,2.5131948
2,D_latent,unseen_distractor_hues,27,-0.012863108,0.0,0.0,1.0,2.6624146
2,D_latent,unseen_distractor_hues,28,-0.033636093,0.0,0.1111111111111111,1.0,3.302678
2,D_latent,unseen_distractor_hues,29,0.040687036,0.0,0.35555555555555557,1.0,1.8196625
2,D_latent,unseen_distractor_hues,30,-0.19510855,0.0,0.0,1.0,3.0000215
2,D_latent,unseen_distractor_hues,31,-0.10388331,0.0,0.0,1.0,1.8519685
2,D_latent,unseen_distractor_hues,32,-0.30017543,0.0,0.0,1.0,6.107367
2,D_latent,unseen_distractor_hues,33,-0.03989509,1.0,0.08888888888888889,1.0,1.1639624
2,D_latent,unseen_distractor_hues,34,-0.09202187,0.0,0.13333333333333333,1.0,2.4975653
2,D_latent,unseen_distractor_hues,35,-0.09157075,0.0,0.0,1.0,3.828674
2,D_latent,unseen_distractor_hues,36,0.06485705,0.0,0.13333333333333333,1.0,2.3798697
2,D_latent,unseen_distractor_hues,37,-0.26780325,0.0,0.0,1.0,3.4885378
2,D_latent,unseen_distractor_hues,38,-0.09473371,0.0,0.0,1.0,2.9866717
2,D_latent,unseen_distractor_hues,39,-0.14126618,0.0,0.13333333333333333,1.0,2.754931
2,D_latent,unseen_distractor_hues,40,0.011345217,0.0,0.24444444444444444,1.0,2.0894003
2,D_latent,unseen_distractor_hues,41,-0.051543552,0.0,0.0,1.0,2.570337
2,D_latent,unseen_distractor_hues,42,0.091137804,0.0,0.2222222222222222,1.0,1.8827412
2,D_latent,unseen_distractor_hues,43,0.036410328,0.0,0.2222222222222222,1.0,2.1848502
2,D_latent,unseen_distractor_hues,44,-0.13709354,0.0,0.08888888888888889,1.0,4.299696
2,D_latent,unseen_distractor_hues,45,-0.12887138,0.0,0.0,1.0,3.0155783
2,D_latent,unseen_distractor_hues,46,-0.24523626,0.0,0.0,1.0,4.3048124
2,D_latent,unseen_distractor_hues,47,-0.12232936,0.0,0.0,1.0,3.6073222
2,D_latent,unseen_distractor_hues,48,-0.17894398,0.0,0.0,1.0,4.1721053
2,D_latent,unseen_distractor_hues,49,-0.13010831,0.0,0.0,1.0,4.491011
2,D_latent,unseen_distractor_hues,50,-0.08804839,0.0,0.0,1.0,3.0161848
2,D_latent,unseen_distractor_hues,51,-0.23839337,0.0,0.0,1.0,2.8170106
2,D_latent,unseen_distractor_hues,52,-0.0147325685,0.0,0.0,1.0,2.6725852
2,D_latent,unseen_distractor_hues,53,-0.08215504,0.0,0.0,1.0,1.9572108
2,D_latent,unseen_distractor_hues,54,0.17617576,0.0,0.4666666666666667,1.0,2.10827
2,D_latent,unseen_distractor_hues,55,-0.044624116,0.0,0.3333333333333333,1.0,1.7073563
2,D_latent,unseen_distractor_hues,56,0.11254449,0.0,0.26666666666666666,1.0,3.3991525
2,D_latent,unseen_distractor_hues,57,-0.29900977,0.0,0.0,1.0,2.2708127
2,D_latent,unseen_distractor_hues,58,-0.07155999,0.0,0.0,1.0,3.106109
2,D_latent,unseen_distractor_hues,59,-0.1322837,0.0,0.0,1.0,2.487971
2,D_latent,unseen_distractor_hues,60,-0.19698614,1.0,0.17777777777777778,1.0,0.17896718
2,D_latent,unseen_distractor_hues,61,0.018048523,1.0,0.022222222222222223,1.0,1.4981393
2,D_latent,unseen_distractor_hues,62,0.015174609,1.0,0.35555555555555557,1.0,1.3679876
2,D_latent,unseen_distractor_hues,63,-0.07332842,0.0,0.0,1.0,2.2285388
2,D_latent,unseen_distractor_hues,64,-0.2321178,0.0,0.0,1.0,3.0752077
2,D_latent,unseen_distractor_hues,65,-0.013454664,0.0,0.13333333333333333,1.0,3.2149215
2,D_latent,unseen_distractor_hues,66,0.11328599,1.0,0.24444444444444444,1.0,1.5131176
2,D_latent,unseen_distractor_hues,67,0.03084179,0.0,0.0,1.0,2.1374817
2,D_latent,unseen_distractor_hues,68,-0.30988023,0.0,0.0,1.0,4.529464
2,D_latent,unseen_distractor_hues,69,-0.019083077,0.0,0.0,1.0,2.277039
2,D_latent,unseen_distractor_hues,70,-0.1032294,0.0,0.0,1.0,3.3088255
2,D_latent,unseen_distractor_hues,71,-0.16044691,0.0,0.0,1.0,2.34423
2,D_latent,unseen_distractor_hues,72,0.062330946,0.0,0.2,1.0,3.6124148
2,D_latent,unseen_distractor_hues,73,0.082756035,1.0,0.5111111111111111,1.0,1.4167784
2,D_latent,unseen_distractor_hues,74,-0.10343667,0.0,0.06666666666666667,1.0,2.0143583
2,D_latent,unseen_distractor_hues,75,-0.028586006,0.0,0.0,1.0,1.7744642
2,D_latent,unseen_distractor_hues,76,-0.031614795,0.0,0.0,1.0,3.3102577
2,D_latent,unseen_distractor_hues,77,-0.09797222,1.0,0.35555555555555557,1.0,1.4499726
2,D_latent,unseen_distractor_hues,78,-0.057210617,0.0,0.0,1.0,1.872936
2,D_latent,unseen_distractor_hues,79,0.09454865,0.0,0.26666666666666666,1.0,1.9341543
2,D_latent,unseen_distractor_hues,80,-0.25753996,0.0,0.0,1.0,3.4063816
2,D_latent,unseen_distractor_hues,81,-0.26842305,0.0,0.0,1.0,4.791937
2,D_latent,unseen_distractor_hues,82,-0.21797532,0.0,0.0,1.0,3.7800496
2,D_latent,unseen_distractor_hues,83,-0.21365431,0.0,0.13333333333333333,1.0,3.20666
2,D_latent,unseen_distractor_hues,84,-0.21773112,0.0,0.0,1.0,3.3920178
2,D_latent,unseen_distractor_hues,85,-0.26799086,0.0,0.0,1.0,3.1027117
2,D_latent,unseen_distractor_hues,86,-0.07723741,1.0,0.13333333333333333,1.0,1.0394472
2,D_latent,unseen_distractor_hues,87,-0.04098837,0.0,0.15555555555555556,1.0,4.762817
2,D_latent,unseen_distractor_hues,88,0.026181297,0.0,0.0,1.0,2.6869526
2,D_latent,unseen_distractor_hues,89,-0.1483262,0.0,0.0,1.0,3.3547497
2,D_latent,unseen_distractor_hues,90,-0.07055578,1.0,0.35555555555555557,1.0,1.0485874
2,D_latent,unseen_distractor_hues,91,-0.18538445,1.0,0.28888888888888886,1.0,1.3218035
2,D_latent,unseen_distractor_hues,92,-0.02185587,0.0,0.0,1.0,2.2631829
2,D_latent,unseen_distractor_hues,93,-0.12706386,1.0,0.1111111111111111,1.0,0.83558184
2,D_latent,unseen_distractor_hues,94,-0.12577377,0.0,0.0,1.0,2.6578786
2,D_latent,unseen_distractor_hues,95,-0.12759754,0.0,0.08888888888888889,1.0,3.0063062
2,D_latent,unseen_distractor_hues,96,-0.04725593,1.0,0.37777777777777777,1.0,1.293021
2,D_latent,unseen_distractor_hues,97,-0.100282036,0.0,0.08888888888888889,1.0,3.8722026
2,D_latent,unseen_distractor_hues,98,0.07459186,0.0,0.0,1.0,1.7968348
2,D_latent,unseen_distractor_hues,99,-0.1196287,0.0,0.15555555555555556,1.0,3.261101
2,D_latent,heavy_pixel_noise,0,0.07455741,0.0,0.3333333333333333,1.0,2.6877792
2,D_latent,heavy_pixel_noise,1,-0.12251044,0.0,0.0,1.0,5.624879
2,D_latent,heavy_pixel_noise,2,-0.13044575,1.0,0.26666666666666666,1.0,0.94354236
2,D_latent,heavy_pixel_noise,3,0.08213483,1.0,0.5111111111111111,1.0,0.88523793
2,D_latent,heavy_pixel_noise,4,-0.08124514,0.0,0.0,1.0,4.638253
2,D_latent,heavy_pixel_noise,5,-0.3063112,0.0,0.0,1.0,4.947183
2,D_latent,heavy_pixel_noise,6,-0.07852775,0.0,0.17777777777777778,1.0,6.190763
2,D_latent,heavy_pixel_noise,7,-0.17572354,0.0,0.0,1.0,2.2584498
2,D_latent,heavy_pixel_noise,8,-0.061517272,0.0,0.17777777777777778,1.0,2.0851932
2,D_latent,heavy_pixel_noise,9,-0.23395337,0.0,0.0,1.0,5.606321
2,D_latent,heavy_pixel_noise,10,-0.08338118,1.0,0.13333333333333333,1.0,1.0660347
2,D_latent,heavy_pixel_noise,11,-0.33696485,0.0,0.0,1.0,4.7846622
2,D_latent,heavy_pixel_noise,12,-0.22115226,0.0,0.0,1.0,5.7198462
2,D_latent,heavy_pixel_noise,13,-0.28912315,0.0,0.0,1.0,2.2985685
2,D_latent,heavy_pixel_noise,14,0.012341057,0.0,0.1111111111111111,1.0,1.6571859
2,D_latent,heavy_pixel_noise,15,-0.27744853,0.0,0.0,1.0,4.6071377
2,D_latent,heavy_pixel_noise,16,0.10734113,0.0,0.0,1.0,1.7098395
2,D_latent,heavy_pixel_noise,17,0.019018684,0.0,0.0,1.0,1.7177055
2,D_latent,heavy_pixel_noise,18,-0.20206288,0.0,0.0,1.0,4.014624
2,D_latent,heavy_pixel_noise,19,-0.25609648,0.0,0.0,1.0,2.5351322
2,D_latent,heavy_pixel_noise,20,-0.094329886,0.0,0.0,1.0,1.7942269
2,D_latent,heavy_pixel_noise,21,-0.04020023,0.0,0.0,1.0,2.3555834
2,D_latent,heavy_pixel_noise,22,0.17444344,1.0,0.5555555555555556,1.0,0.970481
2,D_latent,heavy_pixel_noise,23,0.26609397,1.0,0.7111111111111111,1.0,1.1728892
2,D_latent,heavy_pixel_noise,24,-0.112317294,0.0,0.08888888888888889,1.0,4.7354946
2,D_latent,heavy_pixel_noise,25,-0.06853887,0.0,0.0,1.0,1.9341874
2,D_latent,heavy_pixel_noise,26,-0.1277753,0.0,0.0,1.0,4.4405227
2,D_latent,heavy_pixel_noise,27,-0.11689891,0.0,0.0,1.0,2.5436144
2,D_latent,heavy_pixel_noise,28,-0.018129302,0.0,0.08888888888888889,1.0,2.357004
2,D_latent,heavy_pixel_noise,29,-0.08697124,0.0,0.0,1.0,2.4885764
2,D_latent,heavy_pixel_noise,30,-0.08020753,1.0,0.17777777777777778,1.0,0.9265185
2,D_latent,heavy_pixel_noise,31,-0.11426098,0.0,0.0,1.0,2.0689688
2,D_latent,heavy_pixel_noise,32,-0.29896083,0.0,0.0,1.0,6.692033
2,D_latent,heavy_pixel_noise,33,-0.069537796,1.0,0.022222222222222223,1.0,1.5220044
2,D_latent,heavy_pixel_noise,34,-0.116549596,0.0,0.13333333333333333,1.0,3.9191167
2,D_latent,heavy_pixel_noise,35,0.08352181,0.0,0.0,1.0,1.6405505
2,D_latent,heavy_pixel_noise,36,-0.043050703,0.0,0.0,1.0,2.8963904
2,D_latent,heavy_pixel_noise,37,-0.13474903,0.0,0.28888888888888886,1.0,1.6782708
2,D_latent,heavy_pixel_noise,38,-0.0366561,0.0,0.0,1.0,2.4895992
2,D_latent,heavy_pixel_noise,39,-0.1496563,0.0,0.13333333333333333,1.0,3.0368054
2,D_latent,heavy_pixel_noise,40,0.08160951,1.0,0.4888888888888889,1.0,0.57555765
2,D_latent,heavy_pixel_noise,41,-0.15889658,0.0,0.0,1.0,4.1513443
2,D_latent,heavy_pixel_noise,42,-0.080965444,0.0,0.0,1.0,3.527943
2,D_latent,heavy_pixel_noise,43,-0.09068004,0.0,0.0,1.0,2.7904515
2,D_latent,heavy_pixel_noise,44,-0.15676875,0.0,0.0,1.0,3.2149496
2,D_latent,heavy_pixel_noise,45,-0.075541526,1.0,0.15555555555555556,1.0,1.1552975
2,D_latent,heavy_pixel_noise,46,-0.2255967,0.0,0.0,1.0,3.5328145
2,D_latent,heavy_pixel_noise,47,-0.17411843,0.0,0.0,1.0,5.61563
2,D_latent,heavy_pixel_noise,48,-0.14348085,0.0,0.0,1.0,4.416099
2,D_latent,heavy_pixel_noise,49,0.119260706,0.0,0.4888888888888889,1.0,1.7602662
2,D_latent,heavy_pixel_noise,50,-0.008624753,0.0,0.17777777777777778,1.0,2.720605
2,D_latent,heavy_pixel_noise,51,-0.27581173,0.0,0.0,1.0,4.355071
2,D_latent,heavy_pixel_noise,52,-0.009212008,0.0,0.0,1.0,3.2566829
2,D_latent,heavy_pixel_noise,53,-0.17010103,0.0,0.0,1.0,3.3146863
2,D_latent,heavy_pixel_noise,54,0.10886737,0.0,0.0,1.0,2.4189632
2,D_latent,heavy_pixel_noise,55,-0.031142436,1.0,0.37777777777777777,1.0,1.0936198
2,D_latent,heavy_pixel_noise,56,-0.002197395,0.0,0.2,1.0,4.306848
2,D_latent,heavy_pixel_noise,57,-0.23968768,1.0,0.2,1.0,0.4225962
2,D_latent,heavy_pixel_noise,58,-0.12355934,0.0,0.0,1.0,2.9572039
2,D_latent,heavy_pixel_noise,59,-0.26687154,0.0,0.0,1.0,4.552699
2,D_latent,heavy_pixel_noise,60,-0.16268137,1.0,0.2222222222222222,1.0,0.57322055
2,D_latent,heavy_pixel_noise,61,-0.0857442,0.0,0.1111111111111111,1.0,3.6949103
2,D_latent,heavy_pixel_noise,62,-0.20119415,0.0,0.0,1.0,4.8783627
2,D_latent,heavy_pixel_noise,63,-0.07270185,0.0,0.0,1.0,1.8395684
2,D_latent,heavy_pixel_noise,64,-0.31584114,0.0,0.0,1.0,4.6709027
2,D_latent,heavy_pixel_noise,65,-0.005291768,0.0,0.13333333333333333,1.0,3.3001802
2,D_latent,heavy_pixel_noise,66,-0.005343007,0.0,0.08888888888888889,1.0,1.717885
2,D_latent,heavy_pixel_noise,67,-0.16155949,0.0,0.0,1.0,5.1796284
2,D_latent,heavy_pixel_noise,68,-0.18302616,0.0,0.24444444444444444,1.0,1.6320568
2,D_latent,heavy_pixel_noise,69,0.071379565,0.0,0.4222222222222222,1.0,1.6157993
2,D_latent,heavy_pixel_noise,70,-0.022068081,0.0,0.08888888888888889,1.0,2.8465245
2,D_latent,heavy_pixel_noise,71,-0.34522387,0.0,0.0,0.0,8.832201
2,D_latent,heavy_pixel_noise,72,0.016648026,0.0,0.15555555555555556,1.0,3.9898927
2,D_latent,heavy_pixel_noise,73,-0.1410921,0.0,0.06666666666666667,1.0,4.3934584
2,D_latent,heavy_pixel_noise,74,-0.11482537,0.0,0.0,1.0,2.4821997
2,D_latent,heavy_pixel_noise,75,0.0453399,1.0,0.28888888888888886,1.0,0.40436172
2,D_latent,heavy_pixel_noise,76,-0.11217903,0.0,0.0,1.0,3.932049
2,D_latent,heavy_pixel_noise,77,-0.16306062,0.0,0.2,1.0,1.7922608
2,D_latent,heavy_pixel_noise,78,-0.16092639,0.0,0.0,1.0,2.744528
2,D_latent,heavy_pixel_noise,79,-0.21476515,0.0,0.0,1.0,5.8523445
2,D_latent,heavy_pixel_noise,80,-0.28189534,0.0,0.0,1.0,2.9563098
2,D_latent,heavy_pixel_noise,81,-0.24016361,0.0,0.0,1.0,5.5149975
2,D_latent,heavy_pixel_noise,82,-0.08566295,0.0,0.06666666666666667,1.0,1.9784231
2,D_latent,heavy_pixel_noise,83,-0.27917212,0.0,0.0,1.0,3.8658113
2,D_latent,heavy_pixel_noise,84,-0.22216843,0.0,0.0,1.0,6.9197183
2,D_latent,heavy_pixel_noise,85,-0.28930148,0.0,0.0,1.0,3.0136132
2,D_latent,heavy_pixel_noise,86,-0.13790205,0.0,0.0,1.0,2.2928185
2,D_latent,heavy_pixel_noise,87,-0.17845406,0.0,0.0,1.0,6.4998617
2,D_latent,heavy_pixel_noise,88,-0.1250789,0.0,0.044444444444444446,1.0,6.1527534
2,D_latent,heavy_pixel_noise,89,-0.15496251,0.0,0.0,1.0,2.9404948
2,D_latent,heavy_pixel_noise,90,-0.2863108,0.0,0.0,1.0,4.3770924
2,D_latent,heavy_pixel_noise,91,-0.3114861,0.0,0.0,1.0,3.7935948
2,D_latent,heavy_pixel_noise,92,-0.029550785,0.0,0.0,1.0,2.1944942
2,D_latent,heavy_pixel_noise,93,-0.2530033,0.0,0.0,1.0,4.7176194
2,D_latent,heavy_pixel_noise,94,0.022383822,1.0,0.24444444444444444,1.0,0.0684322
2,D_latent,heavy_pixel_noise,95,-0.0080261985,0.0,0.24444444444444444,1.0,1.8038952
2,D_latent,heavy_pixel_noise,96,-0.2762443,0.0,0.0,1.0,4.784201
2,D_latent,heavy_pixel_noise,97,-0.089422606,0.0,0.08888888888888889,1.0,3.368757
2,D_latent,heavy_pixel_noise,98,0.07306666,0.0,0.0,1.0,1.5621516
2,D_latent,heavy_pixel_noise,99,-0.086254366,0.0,0.2,1.0,2.476602
-1,noop,any,0,-0.31482232,0.0,0.0,0.0,9.120925
-1,noop,any,1,-0.3963659,0.0,0.0,1.0,11.820874
-1,noop,any,2,-0.63119507,0.0,0.0,0.0,19.241497
-1,noop,any,3,-0.4245801,0.0,0.0,0.0,12.490006
-1,noop,any,4,-0.24663982,0.0,0.0,1.0,5.669431
-1,noop,any,5,-0.70842963,0.0,0.0,0.0,24.041319
-1,noop,any,6,-0.3275274,0.0,0.0,1.0,7.1961994
-1,noop,any,7,-0.66857606,0.0,0.0,0.0,20.784227
-1,noop,any,8,-0.5263282,0.0,0.0,1.0,15.820347
-1,noop,any,9,-0.49098325,0.0,0.0,0.0,13.934536
-1,noop,any,10,-0.68539333,0.0,0.0,0.0,23.69147
-1,noop,any,11,-0.6896397,0.0,0.0,0.0,21.714155
-1,noop,any,12,-0.22755717,0.0,0.0,1.0,9.701203
-1,noop,any,13,-0.76480025,0.0,0.0,0.0,24.229721
-1,noop,any,14,-0.38203862,0.0,0.0,0.0,11.820255
-1,noop,any,15,-0.68232733,0.0,0.0,0.0,22.166113
-1,noop,any,16,-0.25191683,0.0,0.0,1.0,8.310646
-1,noop,any,17,-0.15144114,0.0,0.0,1.0,5.4813795
-1,noop,any,18,-0.56632364,0.0,0.0,0.0,19.34802
-1,noop,any,19,-0.7222591,0.0,0.0,0.0,22.249348
-1,noop,any,20,-0.31872568,0.0,0.0,0.0,10.724997
-1,noop,any,21,-0.19269039,0.0,0.0,1.0,4.981112
-1,noop,any,22,-0.23145002,0.0,0.0,1.0,6.983537
-1,noop,any,23,0.13445064,1.0,0.4222222222222222,1.0,0.41462412
-1,noop,any,24,-0.3351924,0.0,0.0,1.0,8.9138155
-1,noop,any,25,-0.5670314,0.0,0.0,0.0,20.582556
-1,noop,any,26,-0.16826697,0.0,0.0,1.0,6.0581527
-1,noop,any,27,-0.146933,0.0,0.0,1.0,4.612025
-1,noop,any,28,-0.19904819,0.0,0.0,1.0,5.6950765
-1,noop,any,29,-0.47858265,0.0,0.0,1.0,17.103813
-1,noop,any,30,-0.6060616,0.0,0.0,1.0,19.999184
-1,noop,any,31,-0.45435447,0.0,0.0,0.0,14.2312565
-1,noop,any,32,-0.75065976,0.0,0.0,0.0,23.258307
-1,noop,any,33,-0.26120186,0.0,0.0,1.0,9.3269415
-1,noop,any,34,-0.53613806,0.0,0.0,0.0,16.020594
-1,noop,any,35,-0.3026871,0.0,0.0,1.0,11.173578
-1,noop,any,36,-0.24329922,0.0,0.0,1.0,7.5837026
-1,noop,any,37,-0.73438424,0.0,0.0,0.0,23.925207
-1,noop,any,38,-0.37749925,0.0,0.0,0.0,12.554045
-1,noop,any,39,-0.55374855,0.0,0.0,0.0,15.278799
-1,noop,any,40,-0.42502987,0.0,0.0,0.0,12.620045
-1,noop,any,41,-0.28181285,0.0,0.0,1.0,6.815431
-1,noop,any,42,-0.30021358,0.0,0.0,1.0,9.26941
-1,noop,any,43,-0.3655866,0.0,0.0,1.0,11.335819
-1,noop,any,44,-0.332374,0.0,0.0,0.0,7.0254817
-1,noop,any,45,-0.40227124,0.0,0.0,0.0,12.145408
-1,noop,any,46,-0.65090764,0.0,0.0,0.0,19.96069
-1,noop,any,47,-0.19696285,0.0,0.0,1.0,7.525062
-1,noop,any,48,-0.54304713,0.0,0.0,1.0,16.965132
-1,noop,any,49,-0.45629528,0.0,0.0,0.0,17.874489
-1,noop,any,50,-0.2648388,0.0,0.0,1.0,5.282587
-1,noop,any,51,-0.7180549,0.0,0.0,0.0,23.012104
-1,noop,any,52,-0.24304667,0.0,0.0,0.0,8.4171505
-1,noop,any,53,-0.51193494,0.0,0.0,1.0,15.087857
-1,noop,any,54,-0.16287103,0.0,0.0,1.0,5.131866
-1,noop,any,55,-0.5661013,0.0,0.0,0.0,17.491718
-1,noop,any,56,-0.0021822485,0.0,0.13333333333333333,1.0,5.1330934
-1,noop,any,57,-0.846038,0.0,0.0,0.0,27.476673
-1,noop,any,58,-0.4475437,0.0,0.0,0.0,16.497774
-1,noop,any,59,-0.53086907,0.0,0.0,0.0,18.968018
-1,noop,any,60,-0.7053029,0.0,0.0,0.0,19.611567
-1,noop,any,61,-0.3524667,0.0,0.0,0.0,12.197972
-1,noop,any,62,-0.519162,0.0,0.0,1.0,18.801458
-1,noop,any,63,-0.2981401,0.0,0.0,0.0,12.314563
-1,noop,any,64,-0.62261784,0.0,0.0,0.0,19.719
-1,noop,any,65,0.050958805,1.0,0.17777777777777778,1.0,1.334888
-1,noop,any,66,0.13083613,0.0,0.3111111111111111,1.0,3.0383668
-1,noop,any,67,-0.19955926,0.0,0.0,1.0,5.1660256
-1,noop,any,68,-0.80571663,0.0,0.0,0.0,24.052546
-1,noop,any,69,-0.39895546,0.0,0.0,0.0,12.456481
-1,noop,any,70,-0.32355836,0.0,0.0,1.0,9.442893
-1,noop,any,71,-0.6261608,0.0,0.0,0.0,19.20482
-1,noop,any,72,0.019592272,0.0,0.044444444444444446,1.0,4.4181514
-1,noop,any,73,-0.39982447,0.0,0.0,1.0,13.699726
-1,noop,any,74,-0.64268327,0.0,0.0,0.0,21.731401
-1,noop,any,75,-0.48157278,0.0,0.0,1.0,15.958485
-1,noop,any,76,-0.27674773,0.0,0.0,1.0,8.6063795
-1,noop,any,77,-0.6685439,0.0,0.0,0.0,21.920822
-1,noop,any,78,-0.45922634,0.0,0.0,1.0,15.179196
-1,noop,any,79,-0.27586883,0.0,0.0,1.0,8.18692
-1,noop,any,80,-0.71389645,0.0,0.0,0.0,22.869066
-1,noop,any,81,-0.5621022,0.0,0.0,1.0,16.167608
-1,noop,any,82,-0.501495,0.0,0.0,1.0,14.644065
-1,noop,any,83,-0.7963639,0.0,0.0,0.0,25.987783
-1,noop,any,84,-0.49457178,0.0,0.0,0.0,17.756454
-1,noop,any,85,-0.7177154,0.0,0.0,0.0,21.751402
-1,noop,any,86,-0.49727702,0.0,0.0,0.0,16.052387
-1,noop,any,87,-0.25662372,0.0,0.0,1.0,6.384335
-1,noop,any,88,-0.25618163,0.0,0.0,1.0,8.365694
-1,noop,any,89,-0.30020925,0.0,0.0,0.0,9.686922
-1,noop,any,90,-0.64726675,0.0,0.0,0.0,20.513847
-1,noop,any,91,-0.8234291,0.0,0.0,0.0,26.16894
-1,noop,any,92,-0.38871405,0.0,0.0,0.0,12.167784
-1,noop,any,93,-0.6095736,0.0,0.0,0.0,18.088121
-1,noop,any,94,-0.26136512,0.0,0.0,1.0,8.717292
-1,noop,any,95,-0.50664854,0.0,0.0,0.0,14.113201
-1,noop,any,96,-0.61819124,0.0,0.0,0.0,20.576567
-1,noop,any,97,-0.4294626,0.0,0.0,1.0,12.992406
-1,noop,any,98,-0.23726065,0.0,0.0,1.0,8.311289
-1,noop,any,99,-0.6293498,0.0,0.0,0.0,18.827784
-1,random,any,0,-0.29949275,0.0,0.0,0.0,9.9933195
-1,random,any,1,-0.36747032,0.0,0.0,0.0,12.015854
-1,random,any,2,-0.5344339,0.0,0.0,0.0,13.703596
-1,random,any,3,-0.46489784,0.0,0.0,0.0,13.585479
-1,random,any,4,-0.18903741,0.0,0.0,1.0,3.126771
-1,random,any,5,-0.73786044,0.0,0.0,0.0,25.63985
-1,random,any,6,-0.2911997,0.0,0.0,1.0,5.8193965
-1,random,any,7,-0.647975,0.0,0.0,0.0,20.112131
-1,random,any,8,-0.3846262,0.0,0.0,1.0,7.6118736
-1,random,any,9,-0.5849707,0.0,0.0,0.0,18.272717
-1,random,any,10,-0.6614536,0.0,0.0,0.0,22.230516
-1,random,any,11,-0.718161,0.0,0.0,1.0,24.315126
-1,random,any,12,-0.21899414,0.0,0.0,1.0,9.815074
-1,random,any,13,-0.78942937,0.0,0.0,0.0,24.025106
-1,random,any,14,-0.4096658,0.0,0.0,0.0,14.269948
-1,random,any,15,-0.6736752,0.0,0.0,0.0,21.977297
-1,random,any,16,-0.30458552,0.0,0.0,1.0,12.585026
-1,random,any,17,-0.1902283,0.0,0.0,1.0,7.53292
-1,random,any,18,-0.47163543,0.0,0.0,1.0,15.567408
-1,random,any,19,-0.856294,0.0,0.0,0.0,28.130922
-1,random,any,20,-0.36336082,0.0,0.0,0.0,11.041198
-1,random,any,21,-0.07452553,0.0,0.13333333333333333,1.0,3.972802
-1,random,any,22,-0.07448094,1.0,0.022222222222222223,1.0,1.4430361
-1,random,any,23,0.06466527,0.0,0.28888888888888886,1.0,2.2807858
-1,random,any,24,-0.39868778,0.0,0.0,1.0,12.634387
-1,random,any,25,-0.47934863,0.0,0.0,0.0,14.695416
-1,random,any,26,-0.2754374,0.0,0.0,0.0,10.258276
-1,random,any,27,-0.16674322,0.0,0.0,1.0,4.8649564
-1,random,any,28,-0.30540293,0.0,0.0,1.0,11.295728
-1,random,any,29,-0.50235426,0.0,0.0,0.0,16.724987
-1,random,any,30,-0.58197546,0.0,0.0,0.0,18.273922
-1,random,any,31,-0.47978058,0.0,0.0,0.0,19.56684
-1,random,any,32,-0.79986084,0.0,0.0,0.0,26.898983
-1,random,any,33,-0.3016577,0.0,0.0,0.0,11.843459
-1,random,any,34,-0.5724292,0.0,0.0,0.0,18.426542
-1,random,any,35,-0.21854515,0.0,0.0,1.0,6.0748587
-1,random,any,36,-0.3040457,0.0,0.0,0.0,12.011922
-1,random,any,37,-0.6592879,0.0,0.0,0.0,21.992916
-1,random,any,38,-0.32994184,0.0,0.0,1.0,11.0859995
-1,random,any,39,-0.5224926,0.0,0.0,0.0,13.527826
-1,random,any,40,-0.47524634,0.0,0.0,0.0,16.391304
-1,random,any,41,-0.31551427,0.0,0.0,1.0,7.5029554
-1,random,any,42,-0.3504821,0.0,0.0,1.0,11.65462
-1,random,any,43,-0.47532532,0.0,0.0,1.0,17.660652
-1,random,any,44,-0.35894626,0.0,0.0,0.0,8.63965
-1,random,any,45,-0.43364564,0.0,0.0,0.0,14.974455
-1,random,any,46,-0.77751213,0.0,0.0,0.0,27.553024
-1,random,any,47,-0.20233178,0.0,0.0,1.0,7.6511297
-1,random,any,48,-0.6089889,0.0,0.0,1.0,21.036978
-1,random,any,49,-0.40427378,0.0,0.0,0.0,15.518701
-1,random,any,50,-0.3366078,0.0,0.0,0.0,10.709923
-1,random,any,51,-0.74122196,0.0,0.0,0.0,23.581738
-1,random,any,52,-0.2359195,0.0,0.0,1.0,6.291885
-1,random,any,53,-0.500347,0.0,0.0,1.0,17.330065
-1,random,any,54,-0.11003366,0.0,0.0,1.0,2.2675908
-1,random,any,55,-0.6485513,0.0,0.0,0.0,21.787054
-1,random,any,56,-0.1406451,0.0,0.08888888888888889,1.0,12.448368
-1,random,any,57,-0.88012314,0.0,0.0,0.0,30.75303
-1,random,any,58,-0.5620489,0.0,0.0,0.0,21.219706
-1,random,any,59,-0.48042247,0.0,0.0,1.0,16.403465
-1,random,any,60,-0.6586307,0.0,0.0,0.0,14.489524
-1,random,any,61,-0.29763034,0.0,0.0,1.0,8.648644
-1,random,any,62,-0.63123006,0.0,0.0,0.0,24.20966
-1,random,any,63,-0.21345283,0.0,0.0,0.0,8.455128
-1,random,any,64,-0.51085365,0.0,0.0,1.0,13.26058
-1,random,any,65,-0.09031123,0.0,0.0,1.0,8.393971
-1,random,any,66,-0.11650788,0.0,0.0,1.0,6.560964
-1,random,any,67,-0.3409666,0.0,0.0,1.0,13.065504
-1,random,any,68,-0.74322855,0.0,0.0,0.0,19.537277
-1,random,any,69,-0.32482213,0.0,0.0,1.0,7.6052585
-1,random,any,70,-0.33346993,0.0,0.0,1.0,9.645996
-1,random,any,71,-0.633882,0.0,0.0,1.0,19.666939
-1,random,any,72,-0.18702005,0.0,0.044444444444444446,1.0,14.011591
-1,random,any,73,-0.3853345,0.0,0.0,1.0,9.096124
-1,random,any,74,-0.7005797,0.0,0.0,0.0,23.681124
-1,random,any,75,-0.49660084,0.0,0.0,0.0,17.600266
-1,random,any,76,-0.26887524,0.0,0.0,1.0,8.125305
-1,random,any,77,-0.58236957,0.0,0.0,0.0,16.514181
-1,random,any,78,-0.46460313,0.0,0.0,1.0,15.338918
-1,random,any,79,-0.36204582,0.0,0.0,0.0,12.962006
-1,random,any,80,-0.7209938,0.0,0.0,0.0,23.35039
-1,random,any,81,-0.69165134,0.0,0.0,1.0,22.23183
-1,random,any,82,-0.51365626,0.0,0.0,1.0,17.64582
-1,random,any,83,-0.8023816,0.0,0.0,0.0,25.719236
-1,random,any,84,-0.5188347,0.0,0.0,0.0,21.444355
-1,random,any,85,-0.62269014,0.0,0.0,0.0,15.772627
-1,random,any,86,-0.58271366,0.0,0.0,0.0,21.079584
-1,random,any,87,-0.24096288,0.0,0.0,1.0,6.4634056
-1,random,any,88,-0.11182619,0.0,0.0,1.0,3.0909543
-1,random,any,89,-0.14822963,0.0,0.0,1.0,2.704071
-1,random,any,90,-0.67083246,0.0,0.0,0.0,24.07986
-1,random,any,91,-0.8466058,0.0,0.0,0.0,28.109722
-1,random,any,92,-0.32118458,0.0,0.0,1.0,7.4818335
-1,random,any,93,-0.52446663,0.0,0.0,1.0,13.190489
-1,random,any,94,-0.32577989,0.0,0.0,1.0,12.566277
-1,random,any,95,-0.50732553,0.0,0.0,0.0,13.835708
-1,random,any,96,-0.5253773,0.0,0.0,0.0,15.196635
-1,random,any,97,-0.28731453,0.0,0.0,1.0,5.800902
-1,random,any,98,-0.3722101,0.0,0.0,0.0,16.586712
-1,random,any,99,-0.6253335,0.0,0.0,0.0,18.537287
-1,oracle,any,0,0.2736137,1.0,0.6888888888888889,1.0,0.013338572
-1,oracle,any,1,0.19568485,1.0,0.6,1.0,0.009337971
-1,oracle,any,2,0.0096470555,1.0,0.4444444444444444,1.0,0.022493575
-1,oracle,any,3,0.15399058,1.0,0.5555555555555556,1.0,0.012799102
-1,oracle,any,4,0.2836228,1.0,0.7111111111111111,1.0,0.009672232
-1,oracle,any,5,-0.03553263,1.0,0.4,1.0,0.005436888
-1,oracle,any,6,0.23177841,1.0,0.6666666666666666,1.0,0.018953096
-1,oracle,any,7,0.0392027,1.0,0.4888888888888889,1.0,0.019692905
-1,oracle,any,8,0.08623613,1.0,0.5111111111111111,1.0,0.01602181
-1,oracle,any,9,0.092075996,1.0,0.5111111111111111,1.0,0.02358597
-1,oracle,any,10,0.057906553,1.0,0.4888888888888889,1.0,0.010787037
-1,oracle,any,11,-0.085640036,1.0,0.35555555555555557,1.0,0.015450175
-1,oracle,any,12,0.4140916,1.0,0.8444444444444444,1.0,0.01935879
-1,oracle,any,13,-0.13832247,1.0,0.3333333333333333,1.0,0.0070212814
-1,oracle,any,14,0.19731547,1.0,0.6,1.0,0.01162231
-1,oracle,any,15,-0.06265041,1.0,0.37777777777777777,1.0,0.016511386
-1,oracle,any,16,0.34282342,1.0,0.7555555555555555,1.0,0.011509782
-1,oracle,any,17,0.36495808,1.0,0.8,1.0,0.017494608
-1,oracle,any,18,0.068440184,1.0,0.4666666666666667,1.0,0.010372986
-1,oracle,any,19,-0.024776714,1.0,0.4444444444444444,1.0,0.007971386
-1,oracle,any,20,0.263458,1.0,0.6444444444444445,1.0,0.012206122
-1,oracle,any,21,0.33972117,1.0,0.7555555555555555,1.0,0.032259926
-1,oracle,any,22,0.32519794,1.0,0.7333333333333333,1.0,0.026395556
-1,oracle,any,23,0.3701534,1.0,0.8,1.0,0.011260068
-1,oracle,any,24,0.25278586,1.0,0.6888888888888889,1.0,0.010124314
-1,oracle,any,25,0.13595295,1.0,0.5333333333333333,1.0,0.010968808
-1,oracle,any,26,0.38388473,1.0,0.8,1.0,0.030175215
-1,oracle,any,27,0.37292382,1.0,0.8,1.0,0.0073724687
-1,oracle,any,28,0.34284502,1.0,0.7777777777777778,1.0,0.02609453
-1,oracle,any,29,0.16048521,1.0,0.5333333333333333,1.0,0.019943645
-1,oracle,any,30,0.062282257,1.0,0.4888888888888889,1.0,0.013829708
-1,oracle,any,31,0.16152938,1.0,0.5555555555555556,1.0,0.025000896
-1,oracle,any,32,-0.037693247,1.0,0.4444444444444444,1.0,0.0045778793
-1,oracle,any,33,0.32812357,1.0,0.7333333333333333,1.0,0.017703988
-1,oracle,any,34,0.13452515,1.0,0.5777777777777777,1.0,0.017419847
-1,oracle,any,35,0.34726638,1.0,0.7333333333333333,1.0,0.0057293093
-1,oracle,any,36,0.32200986,1.0,0.7333333333333333,1.0,0.00853879
-1,oracle,any,37,-0.06750403,1.0,0.37777777777777777,1.0,0.0070397193
-1,oracle,any,38,0.22224608,1.0,0.6222222222222222,1.0,0.032911934
-1,oracle,any,39,0.035878554,1.0,0.4888888888888889,1.0,0.02928224
-1,oracle,any,40,0.1641507,1.0,0.5777777777777777,1.0,0.008531888
-1,oracle,any,41,0.25805104,1.0,0.6666666666666666,1.0,0.031317934
-1,oracle,any,42,0.28160733,1.0,0.6888888888888889,1.0,0.020226544
-1,oracle,any,43,0.21455163,1.0,0.6222222222222222,1.0,0.01328931
-1,oracle,any,44,0.18858704,1.0,0.6222222222222222,1.0,0.025181435
-1,oracle,any,45,0.18918252,1.0,0.6,1.0,0.0049980404
-1,oracle,any,46,0.011456594,1.0,0.4666666666666667,1.0,0.010788467
-1,oracle,any,47,0.37430632,1.0,0.8,1.0,0.019073252
-1,oracle,any,48,0.10928274,1.0,0.5333333333333333,1.0,0.012611993
-1,oracle,any,49,0.23936012,1.0,0.6222222222222222,1.0,0.020518802
-1,oracle,any,50,0.24090496,1.0,0.6666666666666666,1.0,0.009416014
-1,oracle,any,51,-0.09442869,1.0,0.35555555555555557,1.0,0.019621
-1,oracle,any,52,0.33129856,1.0,0.7333333333333333,1.0,0.012080451
-1,oracle,any,53,0.14282203,1.0,0.5777777777777777,1.0,0.03506068
-1,oracle,any,54,0.37534264,1.0,0.8,1.0,0.011061132
-1,oracle,any,55,0.042406507,1.0,0.4666666666666667,1.0,0.018880056
-1,oracle,any,56,0.479838,1.0,0.9555555555555556,1.0,0.019137638
-1,oracle,any,57,-0.18109141,1.0,0.28888888888888886,1.0,0.023023501
-1,oracle,any,58,0.1875671,1.0,0.5555555555555556,1.0,0.008887796
-1,oracle,any,59,0.12851658,1.0,0.5111111111111111,1.0,0.021055691
-1,oracle,any,60,-0.06684611,1.0,0.4222222222222222,1.0,0.03077415
-1,oracle,any,61,0.26043946,1.0,0.6444444444444445,1.0,0.012506638
-1,oracle,any,62,0.1130169,1.0,0.4888888888888889,1.0,0.02155233
-1,oracle,any,63,0.35188207,1.0,0.7333333333333333,1.0,0.018117428
-1,oracle,any,64,0.055302735,1.0,0.5111111111111111,1.0,0.010006615
-1,oracle,any,65,0.37532797,1.0,0.8,1.0,0.0068678637
-1,oracle,any,66,0.41358557,1.0,0.8666666666666667,1.0,0.010460727
-1,oracle,any,67,0.32436994,1.0,0.7333333333333333,1.0,0.019781182
-1,oracle,any,68,-0.097604625,1.0,0.4,1.0,0.0063641053
-1,oracle,any,69,0.219597,1.0,0.6222222222222222,1.0,0.031561274
-1,oracle,any,70,0.26721585,1.0,0.6888888888888889,1.0,0.018608462
-1,oracle,any,71,0.026183961,1.0,0.4666666666666667,1.0,0.020586135
-1,oracle,any,72,0.45659488,1.0,0.9111111111111111,1.0,0.0110372035
-1,oracle,any,73,0.2074451,1.0,0.6,1.0,0.01052936
-1,oracle,any,74,0.06803863,1.0,0.4888888888888889,1.0,0.012571141
-1,oracle,any,75,0.17795578,1.0,0.5777777777777777,1.0,0.0389402
-1,oracle,any,76,0.29843917,1.0,0.7111111111111111,1.0,0.019472986
-1,oracle,any,77,-0.032535665,1.0,0.4,1.0,0.021135064
-1,oracle,any,78,0.17472632,1.0,0.5777777777777777,1.0,0.01950537
-1,oracle,any,79,0.2810743,1.0,0.6888888888888889,1.0,0.02124274
-1,oracle,any,80,-0.10925709,1.0,0.3333333333333333,1.0,0.018841803
-1,oracle,any,81,0.047984347,1.0,0.4888888888888889,1.0,0.03432169
-1,oracle,any,82,0.09132967,1.0,0.5111111111111111,1.0,0.025482627
-1,oracle,any,83,-0.0960007,1.0,0.37777777777777777,1.0,0.019413788
-1,oracle,any,84,0.13343403,1.0,0.5111111111111111,1.0,0.004644928
-1,oracle,any,85,-0.0747253,1.0,0.4,1.0,0.013937826
-1,oracle,any,86,0.12565313,1.0,0.5333333333333333,1.0,0.022231322
-1,oracle,any,87,0.2842767,1.0,0.7111111111111111,1.0,0.024479229
-1,oracle,any,88,0.32694954,1.0,0.7333333333333333,1.0,0.005225929
-1,oracle,any,89,0.26874113,1.0,0.6666666666666666,1.0,0.00849876
-1,oracle,any,90,-0.01001831,1.0,0.4222222222222222,1.0,0.009244536
-1,oracle,any,91,-0.06667917,1.0,0.4222222222222222,1.0,0.0053709797
-1,oracle,any,92,0.20706715,1.0,0.6,1.0,0.0026783217
-1,oracle,any,93,0.06109759,1.0,0.5111111111111111,1.0,0.012187726
-1,oracle,any,94,0.3043349,1.0,0.7111111111111111,1.0,0.016525673
-1,oracle,any,95,0.1382032,1.0,0.5777777777777777,1.0,0.0054200105
-1,oracle,any,96,0.055109285,1.0,0.4666666666666667,1.0,0.026904477
-1,oracle,any,97,0.15434048,1.0,0.5555555555555556,1.0,0.013348262
-1,oracle,any,98,0.35860232,1.0,0.7777777777777778,1.0,0.011928432
-1,oracle,any,99,0.06612324,1.0,0.5333333333333333,1.0,0.02325331
