seed,model,subset,horizon,n,err_px,median_px
0,A_recon,all,1,1500,0.912554144859314,0.8661907911300659
0,A_recon,all,2,1500,0.8786848187446594,0.8303787708282471
0,A_recon,all,3,1500,0.9293005466461182,0.867631196975708
0,A_recon,all,4,1500,1.018003225326538,0.9486920833587646
0,A_recon,all,5,1500,1.1047248840332031,1.0327249765396118
0,A_recon,all,6,1500,1.2012214660644531,1.146342158317566
0,A_recon,all,7,1500,1.2902964353561401,1.2141607999801636
0,A_recon,all,8,1500,1.380224585533142,1.286510705947876
0,A_recon,all,9,1500,1.4611696004867554,1.342954158782959
0,A_recon,all,10,1500,1.5505356788635254,1.433518648147583
0,A_recon,all,11,1500,1.6376936435699463,1.529296875
0,A_recon,all,12,1500,1.733076810836792,1.6218857765197754
0,A_recon,all,13,1500,1.8284146785736084,1.7018340826034546
0,A_recon,all,14,1500,1.9291719198226929,1.7734408378601074
0,A_recon,all,15,1500,2.0128555297851562,1.8617537021636963
0,A_recon,all,16,1500,2.1071696281433105,1.9508336782455444
0,A_recon,all,17,1500,2.1984572410583496,2.0357038974761963
0,A_recon,all,18,1500,2.288666248321533,2.10707688331604
0,A_recon,all,19,1500,2.3914034366607666,2.168438196182251
0,A_recon,all,20,1500,2.491931676864624,2.2759783267974854
0,A_recon,all,21,1500,2.5798654556274414,2.3604516983032227
0,A_recon,all,22,1500,2.693892002105713,2.4538815021514893
0,A_recon,all,23,1500,2.8026890754699707,2.5756709575653076
0,A_recon,all,24,1500,2.9082136154174805,2.687077522277832
0,A_recon,all,25,1500,3.0061230659484863,2.7526097297668457
0,A_recon,no_bounce,1,225,1.0234873294830322,0.9941117167472839
0,A_recon,no_bounce,2,225,0.9271392226219177,0.8482298851013184
0,A_recon,no_bounce,3,225,0.953668475151062,0.8785403370857239
0,A_recon,no_bounce,4,225,1.0424559116363525,0.989362895488739
0,A_recon,no_bounce,5,225,1.1127238273620605,1.0569974184036255
0,A_recon,no_bounce,6,225,1.1989468336105347,1.1182615756988525
0,A_recon,no_bounce,7,225,1.293671727180481,1.2147345542907715
0,A_recon,no_bounce,8,225,1.3922631740570068,1.3130428791046143
0,A_recon,no_bounce,9,225,1.5117874145507812,1.3724536895751953
0,A_recon,no_bounce,10,225,1.6136221885681152,1.44620680809021
0,A_recon,no_bounce,11,225,1.730161428451538,1.5859248638153076
0,A_recon,no_bounce,12,225,1.8386943340301514,1.6980550289154053
0,A_recon,no_bounce,13,225,1.9352033138275146,1.742485523223877
0,A_recon,no_bounce,14,225,2.0612823963165283,1.8781461715698242
0,A_recon,no_bounce,15,225,2.1766374111175537,1.9809881448745728
0,A_recon,no_bounce,16,225,2.2896318435668945,2.0193305015563965
0,A_recon,no_bounce,17,225,2.4111504554748535,2.0857927799224854
0,A_recon,no_bounce,18,225,2.521024227142334,2.16927433013916
0,A_recon,no_bounce,19,225,2.63383412361145,2.3216352462768555
0,A_recon,no_bounce,20,225,2.716003179550171,2.3613321781158447
0,A_recon,no_bounce,21,225,2.7911975383758545,2.3995180130004883
0,A_recon,no_bounce,22,225,2.8741953372955322,2.436098575592041
0,A_recon,no_bounce,23,225,2.936990261077881,2.4846694469451904
0,A_recon,no_bounce,24,225,3.023549795150757,2.4732253551483154
0,A_recon,no_bounce,25,225,3.1172163486480713,2.6484949588775635
0,A_recon,bounce,1,1275,0.8929776549339294,0.8470450043678284
0,A_recon,bounce,2,1275,0.8701340556144714,0.8232766389846802
0,A_recon,bounce,3,1275,0.9250003695487976,0.8670082092285156
0,A_recon,bounce,4,1275,1.013688087463379,0.9469277262687683
0,A_recon,bounce,5,1275,1.1033133268356323,1.0288422107696533
0,A_recon,bounce,6,1275,1.2016229629516602,1.1488230228424072
0,A_recon,bounce,7,1275,1.2897007465362549,1.2135870456695557
0,A_recon,bounce,8,1275,1.3781001567840576,1.281472086906433
0,A_recon,bounce,9,1275,1.4522371292114258,1.3371623754501343
0,A_recon,bounce,10,1275,1.539402723312378,1.4327917098999023
0,A_recon,bounce,11,1275,1.6213760375976562,1.5227110385894775
0,A_recon,bounce,12,1275,1.714438557624817,1.616815447807312
0,A_recon,bounce,13,1275,1.8095697164535522,1.6960530281066895
0,A_recon,bounce,14,1275,1.9058582782745361,1.740066647529602
0,A_recon,bounce,15,1275,1.9839529991149902,1.8464877605438232
0,A_recon,bounce,16,1275,2.074970245361328,1.9456678628921509
0,A_recon,bounce,17,1275,2.1609232425689697,2.0284156799316406
0,A_recon,bounce,18,1275,2.247662305831909,2.101902723312378
0,A_recon,bounce,19,1275,2.348621368408203,2.159916639328003
0,A_recon,bounce,20,1275,2.452389717102051,2.264763116836548
0,A_recon,bounce,21,1275,2.542571544647217,2.3444929122924805
0,A_recon,bounce,22,1275,2.662073850631714,2.460484027862549
0,A_recon,bounce,23,1275,2.77898907661438,2.5888051986694336
0,A_recon,bounce,24,1275,2.887860059738159,2.702547788619995
0,A_recon,bounce,25,1275,2.986518144607544,2.7574350833892822
0,B_task,all,1,1500,0.7290250658988953,0.6659729480743408
0,B_task,all,2,1500,0.7013121843338013,0.6391787528991699
0,B_task,all,3,1500,0.7755681872367859,0.6971134543418884
0,B_task,all,4,1500,0.8907397985458374,0.8191230297088623
0,B_task,all,5,1500,0.9942421913146973,0.9283156394958496
0,B_task,all,6,1500,1.0992757081985474,1.0065512657165527
0,B_task,all,7,1500,1.1872878074645996,1.109067678451538
0,B_task,all,8,1500,1.2821177244186401,1.1906366348266602
0,B_task,all,9,1500,1.3813815116882324,1.2825701236724854
0,B_task,all,10,1500,1.4760046005249023,1.3811997175216675
0,B_task,all,11,1500,1.5677326917648315,1.5030878782272339
0,B_task,all,12,1500,1.6663755178451538,1.593986988067627
0,B_task,all,13,1500,1.7605243921279907,1.6725515127182007
0,B_task,all,14,1500,1.8605496883392334,1.7497332096099854
0,B_task,all,15,1500,1.9523714780807495,1.8487892150878906
0,B_task,all,16,1500,2.049294948577881,1.915235996246338
0,B_task,all,17,1500,2.142857551574707,2.0019195079803467
0,B_task,all,18,1500,2.2398977279663086,2.112184524536133
0,B_task,all,19,1500,2.3504648208618164,2.2022225856781006
0,B_task,all,20,1500,2.4604156017303467,2.3177084922790527
0,B_task,all,21,1500,2.5549657344818115,2.3930583000183105
0,B_task,all,22,1500,2.6732125282287598,2.4752235412597656
0,B_task,all,23,1500,2.789155960083008,2.6253175735473633
0,B_task,all,24,1500,2.8975601196289062,2.706094264984131
0,B_task,all,25,1500,3.007375955581665,2.834916114807129
0,B_task,no_bounce,1,225,0.672217071056366,0.6197187900543213
0,B_task,no_bounce,2,225,0.6584340929985046,0.5975022315979004
0,B_task,no_bounce,3,225,0.717766523361206,0.637040376663208
0,B_task,no_bounce,4,225,0.8105108737945557,0.7486187219619751
0,B_task,no_bounce,5,225,0.9139143824577332,0.8551448583602905
0,B_task,no_bounce,6,225,1.0036160945892334,0.9083713293075562
0,B_task,no_bounce,7,225,1.1081651449203491,1.0201468467712402
0,B_task,no_bounce,8,225,1.2026747465133667,1.1045881509780884
0,B_task,no_bounce,9,225,1.3207454681396484,1.2645021677017212
0,B_task,no_bounce,10,225,1.422545075416565,1.3512262105941772
0,B_task,no_bounce,11,225,1.539203405380249,1.5008792877197266
0,B_task,no_bounce,12,225,1.6546642780303955,1.5823814868927002
0,B_task,no_bounce,13,225,1.7426302433013916,1.6571215391159058
0,B_task,no_bounce,14,225,1.8551071882247925,1.732497215270996
0,B_task,no_bounce,15,225,1.9815558195114136,1.8666373491287231
0,B_task,no_bounce,16,225,2.079028844833374,1.9611302614212036
0,B_task,no_bounce,17,225,2.2011313438415527,2.044978380203247
0,B_task,no_bounce,18,225,2.309824228286743,2.1236956119537354
0,B_task,no_bounce,19,225,2.426180362701416,2.272576332092285
0,B_task,no_bounce,20,225,2.5193440914154053,2.348407506942749
0,B_task,no_bounce,21,225,2.609435796737671,2.3671064376831055
0,B_task,no_bounce,22,225,2.706129550933838,2.5238664150238037
0,B_task,no_bounce,23,225,2.8018157482147217,2.5870230197906494
0,B_task,no_bounce,24,225,2.9021413326263428,2.641073226928711
0,B_task,no_bounce,25,225,3.0446579456329346,2.7971904277801514
0,B_task,bounce,1,1275,0.739050030708313,0.672463059425354
0,B_task,bounce,2,1275,0.7088788747787476,0.6465768218040466
0,B_task,bounce,3,1275,0.7857685089111328,0.7063776850700378
0,B_task,bounce,4,1275,0.904897928237915,0.8226811289787292
0,B_task,bounce,5,1275,1.0084177255630493,0.9390493631362915
0,B_task,bounce,6,1275,1.116156816482544,1.0298981666564941
0,B_task,bounce,7,1275,1.201250672340393,1.1243655681610107
0,B_task,bounce,8,1275,1.2961372137069702,1.2140913009643555
0,B_task,bounce,9,1275,1.3920818567276,1.2909862995147705
0,B_task,bounce,10,1275,1.4854387044906616,1.3986995220184326
0,B_task,bounce,11,1275,1.5727672576904297,1.5034984350204468
0,B_task,bounce,12,1275,1.6684422492980957,1.5960732698440552
0,B_task,bounce,13,1275,1.763682246208191,1.6726574897766113
0,B_task,bounce,14,1275,1.8615100383758545,1.7550179958343506
0,B_task,bounce,15,1275,1.9472211599349976,1.8458788394927979
0,B_task,bounce,16,1275,2.0440478324890137,1.91432785987854
0,B_task,bounce,17,1275,2.1325740814208984,1.984574794769287
0,B_task,bounce,18,1275,2.227558135986328,2.100468873977661
0,B_task,bounce,19,1275,2.3371031284332275,2.1920042037963867
0,B_task,bounce,20,1275,2.450016736984253,2.312582015991211
0,B_task,bounce,21,1275,2.545353651046753,2.394578695297241
0,B_task,bounce,22,1275,2.6674036979675293,2.455068349838257
0,B_task,bounce,23,1275,2.786921739578247,2.6287145614624023
0,B_task,bounce,24,1275,2.896751642227173,2.7213242053985596
0,B_task,bounce,25,1275,3.0007970333099365,2.8423006534576416
0,C_scene,all,1,1500,0.8684753179550171,0.8007102608680725
0,C_scene,all,2,1500,0.9337120652198792,0.8573826551437378
0,C_scene,all,3,1500,1.0289220809936523,0.9482884407043457
0,C_scene,all,4,1500,1.1415901184082031,1.0374913215637207
0,C_scene,all,5,1500,1.2542897462844849,1.1319289207458496
0,C_scene,all,6,1500,1.3740966320037842,1.2536489963531494
0,C_scene,all,7,1500,1.4851810932159424,1.3498128652572632
0,C_scene,all,8,1500,1.582959771156311,1.4691083431243896
0,C_scene,all,9,1500,1.6832877397537231,1.5391547679901123
0,C_scene,all,10,1500,1.7991493940353394,1.639639139175415
0,C_scene,all,11,1500,1.904878854751587,1.7329609394073486
0,C_scene,all,12,1500,2.020221471786499,1.842036247253418
0,C_scene,all,13,1500,2.1255364418029785,1.9323256015777588
0,C_scene,all,14,1500,2.2351205348968506,2.016629695892334
0,C_scene,all,15,1500,2.3391222953796387,2.1277108192443848
0,C_scene,all,16,1500,2.450349807739258,2.2229437828063965
0,C_scene,all,17,1500,2.5616939067840576,2.3334975242614746
0,C_scene,all,18,1500,2.662203550338745,2.435281753540039
0,C_scene,all,19,1500,2.7785184383392334,2.5098514556884766
0,C_scene,all,20,1500,2.8907763957977295,2.623905658721924
0,C_scene,all,21,1500,2.9971766471862793,2.7165982723236084
0,C_scene,all,22,1500,3.130168914794922,2.840815544128418
0,C_scene,all,23,1500,3.2547876834869385,2.9727883338928223
0,C_scene,all,24,1500,3.3643593788146973,3.07818341255188
0,C_scene,all,25,1500,3.471886157989502,3.2325689792633057
0,C_scene,no_bounce,1,225,0.9290140271186829,0.895149290561676
0,C_scene,no_bounce,2,225,0.980712354183197,0.9115648865699768
0,C_scene,no_bounce,3,225,1.0518333911895752,1.0002645254135132
0,C_scene,no_bounce,4,225,1.1480482816696167,1.1014374494552612
0,C_scene,no_bounce,5,225,1.2547783851623535,1.1722660064697266
0,C_scene,no_bounce,6,225,1.3482143878936768,1.2498975992202759
0,C_scene,no_bounce,7,225,1.4561830759048462,1.323615312576294
0,C_scene,no_bounce,8,225,1.5458914041519165,1.4087556600570679
0,C_scene,no_bounce,9,225,1.668405532836914,1.5160984992980957
0,C_scene,no_bounce,10,225,1.7878130674362183,1.625137448310852
0,C_scene,no_bounce,11,225,1.9126161336898804,1.773814082145691
0,C_scene,no_bounce,12,225,2.028273582458496,1.8491438627243042
0,C_scene,no_bounce,13,225,2.1368112564086914,2.028933048248291
0,C_scene,no_bounce,14,225,2.2552082538604736,2.037294387817383
0,C_scene,no_bounce,15,225,2.389068365097046,2.1857171058654785
0,C_scene,no_bounce,16,225,2.5014002323150635,2.2725670337677
0,C_scene,no_bounce,17,225,2.6157009601593018,2.3210196495056152
0,C_scene,no_bounce,18,225,2.7289257049560547,2.4098267555236816
0,C_scene,no_bounce,19,225,2.861708879470825,2.4996721744537354
0,C_scene,no_bounce,20,225,2.979327917098999,2.680372476577759
0,C_scene,no_bounce,21,225,3.071049451828003,2.7559432983398438
0,C_scene,no_bounce,22,225,3.145782709121704,2.9085686206817627
0,C_scene,no_bounce,23,225,3.2143235206604004,2.940028667449951
0,C_scene,no_bounce,24,225,3.2711360454559326,2.9353444576263428
0,C_scene,no_bounce,25,225,3.401527166366577,3.0308873653411865
0,C_scene,bounce,1,1275,0.8577920198440552,0.7816980481147766
0,C_scene,bounce,2,1275,0.9254179000854492,0.836613655090332
0,C_scene,bounce,3,1275,1.024878740310669,0.9363901615142822
0,C_scene,bounce,4,1275,1.140450358390808,1.0297521352767944
0,C_scene,bounce,5,1275,1.25420343875885,1.1238893270492554
0,C_scene,bounce,6,1275,1.378664255142212,1.2563527822494507
0,C_scene,bounce,7,1275,1.4902982711791992,1.3540657758712769
0,C_scene,bounce,8,1275,1.589501142501831,1.4885467290878296
0,C_scene,bounce,9,1275,1.6859139204025269,1.5419838428497314
0,C_scene,bounce,10,1275,1.8011500835418701,1.6408402919769287
0,C_scene,bounce,11,1275,1.9035133123397827,1.7313477993011475
0,C_scene,bounce,12,1275,2.0188004970550537,1.8279259204864502
0,C_scene,bounce,13,1275,2.123546600341797,1.9284507036209106
0,C_scene,bounce,14,1275,2.2315754890441895,2.016446828842163
0,C_scene,bounce,15,1275,2.330308198928833,2.1170740127563477
0,C_scene,bounce,16,1275,2.441340684890747,2.212747573852539
0,C_scene,bounce,17,1275,2.5521633625030518,2.334531784057617
0,C_scene,bounce,18,1275,2.6504290103912354,2.438749074935913
0,C_scene,bounce,19,1275,2.7638378143310547,2.5102596282958984
0,C_scene,bounce,20,1275,2.875149726867676,2.6210317611694336
0,C_scene,bounce,21,1275,2.984140157699585,2.7078144550323486
0,C_scene,bounce,22,1275,3.127413749694824,2.835847854614258
0,C_scene,bounce,23,1275,3.2619285583496094,2.996202230453491
0,C_scene,bounce,24,1275,3.380810260772705,3.1220269203186035
0,C_scene,bounce,25,1275,3.484302282333374,3.259594202041626
0,D_latent,all,1,1500,16.49221420288086,17.008697509765625
0,D_latent,all,2,1500,16.9735050201416,17.55978775024414
0,D_latent,all,3,1500,17.38368797302246,17.91839599609375
0,D_latent,all,4,1500,17.756887435913086,18.30310821533203
0,D_latent,all,5,1500,18.082408905029297,18.719188690185547
0,D_latent,all,6,1500,18.34662437438965,19.007314682006836
0,D_latent,all,7,1500,18.556106567382812,19.214866638183594
0,D_latent,all,8,1500,18.714881896972656,19.609539031982422
0,D_latent,all,9,1500,18.826202392578125,19.88019561767578
0,D_latent,all,10,1500,18.889867782592773,19.970888137817383
0,D_latent,all,11,1500,18.916851043701172,19.876384735107422
0,D_latent,all,12,1500,18.893962860107422,19.778799057006836
0,D_latent,all,13,1500,18.83876609802246,19.505332946777344
0,D_latent,all,14,1500,18.75287437438965,19.282957077026367
0,D_latent,all,15,1500,18.653926849365234,19.15210723876953
0,D_latent,all,16,1500,18.54840850830078,19.081274032592773
0,D_latent,all,17,1500,18.43450164794922,19.021514892578125
0,D_latent,all,18,1500,18.346702575683594,18.891401290893555
0,D_latent,all,19,1500,18.273542404174805,18.841537475585938
0,D_latent,all,20,1500,18.226776123046875,18.858030319213867
0,D_latent,all,21,1500,18.20029067993164,18.82640838623047
0,D_latent,all,22,1500,18.185684204101562,18.67315673828125
0,D_latent,all,23,1500,18.170198440551758,18.71554183959961
0,D_latent,all,24,1500,18.163297653198242,18.78997802734375
0,D_latent,all,25,1500,18.165180206298828,18.812156677246094
0,D_latent,no_bounce,1,225,13.331480979919434,12.319157600402832
0,D_latent,no_bounce,2,225,12.658971786499023,11.974634170532227
0,D_latent,no_bounce,3,225,12.043275833129883,11.986970901489258
0,D_latent,no_bounce,4,225,11.503986358642578,11.419299125671387
0,D_latent,no_bounce,5,225,11.068814277648926,10.715642929077148
0,D_latent,no_bounce,6,225,10.703821182250977,10.242461204528809
0,D_latent,no_bounce,7,225,10.40490436553955,10.310138702392578
0,D_latent,no_bounce,8,225,10.152763366699219,10.041437149047852
0,D_latent,no_bounce,9,225,10.0397367477417,9.638035774230957
0,D_latent,no_bounce,10,225,9.98714828491211,9.479022979736328
0,D_latent,no_bounce,11,225,10.038742065429688,9.667436599731445
0,D_latent,no_bounce,12,225,10.192493438720703,10.0437650680542
0,D_latent,no_bounce,13,225,10.460399627685547,10.366427421569824
0,D_latent,no_bounce,14,225,10.810457229614258,10.851229667663574
0,D_latent,no_bounce,15,225,11.27358627319336,11.35076904296875
0,D_latent,no_bounce,16,225,11.856317520141602,12.005014419555664
0,D_latent,no_bounce,17,225,12.501992225646973,12.791840553283691
0,D_latent,no_bounce,18,225,13.23680591583252,13.660964012145996
0,D_latent,no_bounce,19,225,14.007843017578125,14.553112030029297
0,D_latent,no_bounce,20,225,14.829705238342285,15.409842491149902
0,D_latent,no_bounce,21,225,15.669486999511719,16.255577087402344
0,D_latent,no_bounce,22,225,16.540401458740234,17.199243545532227
0,D_latent,no_bounce,23,225,17.442842483520508,18.016252517700195
0,D_latent,no_bounce,24,225,18.38873291015625,18.792903900146484
0,D_latent,no_bounce,25,225,19.352519989013672,19.557668685913086
0,D_latent,bounce,1,1275,17.049991607666016,17.663938522338867
0,D_latent,bounce,2,1275,17.734891891479492,18.25889015197754
0,D_latent,bounce,3,1275,18.326112747192383,18.96272087097168
0,D_latent,bounce,4,1275,18.860340118408203,19.54015350341797
0,D_latent,bounce,5,1275,19.320104598999023,19.995361328125
0,D_latent,bounce,6,1275,19.695354461669922,20.282318115234375
0,D_latent,bounce,7,1275,19.994556427001953,20.542387008666992
0,D_latent,bounce,8,1275,20.225845336914062,20.624879837036133
0,D_latent,bounce,9,1275,20.376754760742188,20.927064895629883
0,D_latent,bounce,10,1275,20.4609375,21.09923553466797
0,D_latent,bounce,11,1275,20.48357582092285,21.115938186645508
0,D_latent,bounce,12,1275,20.42951774597168,21.023773193359375
0,D_latent,bounce,13,1275,20.31730079650879,20.86173439025879
0,D_latent,bounce,14,1275,20.154478073120117,20.76889419555664
0,D_latent,bounce,15,1275,19.95633888244629,20.64053726196289
0,D_latent,bounce,16,1275,19.729366302490234,20.48470115661621
0,D_latent,bounce,17,1275,19.481414794921875,20.262964248657227
0,D_latent,bounce,18,1275,19.248449325561523,20.124189376831055
0,D_latent,bounce,19,1275,19.02631187438965,20.017744064331055
0,D_latent,bounce,20,1275,18.82625961303711,19.99462127685547
0,D_latent,bounce,21,1275,18.646902084350586,19.70336151123047
0,D_latent,bounce,22,1275,18.47602653503418,19.235252380371094
0,D_latent,bounce,23,1275,18.29855728149414,19.080503463745117
0,D_latent,bounce,24,1275,18.123516082763672,18.78989601135254
0,D_latent,bounce,25,1275,17.955650329589844,18.50730323791504
0,baseline_hold,all,1,1500,1.3987106084823608,1.3979511260986328
0,baseline_hold,all,2,1500,2.7430176734924316,2.736471652984619
0,baseline_hold,all,3,1500,4.020415782928467,3.9905714988708496
0,baseline_hold,all,4,1500,5.2644171714782715,5.232168197631836
0,baseline_hold,all,5,1500,6.458183765411377,6.400827407836914
0,baseline_hold,all,6,1500,7.597412586212158,7.5058979988098145
0,baseline_hold,all,7,1500,8.69164752960205,8.577857971191406
0,baseline_hold,all,8,1500,9.752842903137207,9.628421783447266
0,baseline_hold,all,9,1500,10.759262084960938,10.57913589477539
0,baseline_hold,all,10,1500,11.723161697387695,11.484049797058105
0,baseline_hold,all,11,1500,12.645574569702148,12.369941711425781
0,baseline_hold,all,12,1500,13.498687744140625,13.170503616333008
0,baseline_hold,all,13,1500,14.30322551727295,13.883543014526367
0,baseline_hold,all,14,1500,15.0473051071167,14.643293380737305
0,baseline_hold,all,15,1500,15.776845932006836,15.227628707885742
0,baseline_hold,all,16,1500,16.474233627319336,15.936200141906738
0,baseline_hold,all,17,1500,17.152008056640625,16.520462036132812
0,baseline_hold,all,18,1500,17.82943344116211,17.09801483154297
0,baseline_hold,all,19,1500,18.50261116027832,17.627288818359375
0,baseline_hold,all,20,1500,19.17491340637207,18.263656616210938
0,baseline_hold,all,21,1500,19.832550048828125,18.903839111328125
0,baseline_hold,all,22,1500,20.489017486572266,19.510841369628906
0,baseline_hold,all,23,1500,21.121564865112305,20.081470489501953
0,baseline_hold,all,24,1500,21.723848342895508,20.461259841918945
0,baseline_hold,all,25,1500,22.307693481445312,20.897056579589844
0,baseline_hold,no_bounce,1,225,1.104269027709961,1.0309903621673584
0,baseline_hold,no_bounce,2,225,2.210613489151001,2.05544114112854
0,baseline_hold,no_bounce,3,225,3.298084259033203,2.989220380783081
0,baseline_hold,no_bounce,4,225,4.390225887298584,3.9641542434692383
0,baseline_hold,no_bounce,5,225,5.461799144744873,4.893552303314209
0,baseline_hold,no_bounce,6,225,6.545914649963379,5.9413275718688965
0,baseline_hold,no_bounce,7,225,7.622814655303955,6.9293437004089355
0,baseline_hold,no_bounce,8,225,8.72760009765625,7.917333602905273
0,baseline_hold,no_bounce,9,225,9.820218086242676,8.87480640411377
0,baseline_hold,no_bounce,10,225,10.901209831237793,9.921666145324707
0,baseline_hold,no_bounce,11,225,11.994897842407227,10.947548866271973
0,baseline_hold,no_bounce,12,225,13.065319061279297,11.954590797424316
0,baseline_hold,no_bounce,13,225,14.178656578063965,12.978760719299316
0,baseline_hold,no_bounce,14,225,15.245182037353516,13.849210739135742
0,baseline_hold,no_bounce,15,225,16.346027374267578,14.773663520812988
0,baseline_hold,no_bounce,16,225,17.4403018951416,15.609173774719238
0,baseline_hold,no_bounce,17,225,18.538854598999023,16.681045532226562
0,baseline_hold,no_bounce,18,225,19.627408981323242,17.660680770874023
0,baseline_hold,no_bounce,19,225,20.6884765625,18.551843643188477
0,baseline_hold,no_bounce,20,225,21.76290512084961,19.708242416381836
0,baseline_hold,no_bounce,21,225,22.834718704223633,20.696657180786133
0,baseline_hold,no_bounce,22,225,23.906286239624023,21.635072708129883
0,baseline_hold,no_bounce,23,225,24.992538452148438,22.543413162231445
0,baseline_hold,no_bounce,24,225,26.082956314086914,23.571481704711914
0,baseline_hold,no_bounce,25,225,27.19246482849121,24.58033561706543
0,baseline_hold,bounce,1,1275,1.4506709575653076,1.4694589376449585
0,baseline_hold,bounce,2,1275,2.8369710445404053,2.867831230163574
0,baseline_hold,bounce,3,1275,4.147886276245117,4.1471099853515625
0,baseline_hold,bounce,4,1275,5.418686389923096,5.442763328552246
0,baseline_hold,bounce,5,1275,6.6340155601501465,6.663980484008789
0,baseline_hold,bounce,6,1275,7.782970905303955,7.729292869567871
0,baseline_hold,bounce,7,1275,8.880265235900879,8.84103775024414
0,baseline_hold,bounce,8,1275,9.933767318725586,9.838568687438965
0,baseline_hold,bounce,9,1275,10.924975395202637,10.791068077087402
0,baseline_hold,bounce,10,1275,11.868212699890137,11.785362243652344
0,baseline_hold,bounce,11,1275,12.76039981842041,12.554158210754395
0,baseline_hold,bounce,12,1275,13.575165748596191,13.336450576782227
0,baseline_hold,bounce,13,1275,14.32520866394043,14.019441604614258
0,baseline_hold,bounce,14,1275,15.012383460998535,14.753218650817871
0,baseline_hold,bounce,15,1275,15.676403045654297,15.44572639465332
0,baseline_hold,bounce,16,1275,16.303749084472656,15.947345733642578
0,baseline_hold,bounce,17,1275,16.907270431518555,16.49387550354004
0,baseline_hold,bounce,18,1275,17.512142181396484,16.99822235107422
0,baseline_hold,bounce,19,1275,18.116870880126953,17.399919509887695
0,baseline_hold,bounce,20,1275,18.71820831298828,17.945735931396484
0,baseline_hold,bounce,21,1275,19.302757263183594,18.43304443359375
0,baseline_hold,bounce,22,1275,19.885971069335938,19.062477111816406
0,baseline_hold,bounce,23,1275,20.438451766967773,19.47624969482422
0,baseline_hold,bounce,24,1275,20.9545955657959,19.671716690063477
0,baseline_hold,bounce,25,1275,21.445674896240234,20.11385154724121
0,baseline_linear,all,1,1500,0.5953856348302703,0.27053892782650657
0,baseline_linear,all,2,1500,1.1809476124446203,0.4271136787528113
0,baseline_linear,all,3,1500,1.8609560986639055,0.5497780925110481
0,baseline_linear,all,4,1500,2.6536409058196497,0.7033003939260962
0,baseline_linear,all,5,1500,3.550338831381825,0.885373709585511
0,baseline_linear,all,6,1500,4.563153900659461,1.089075708593637
0,baseline_linear,all,7,1500,5.65746340725211,1.3073489547475075
0,baseline_linear,all,8,1500,6.84946370518823,1.6136807085566542
0,baseline_linear,all,9,1500,8.143090181296415,2.0599820867624845
0,baseline_linear,all,10,1500,9.5448174788935,2.947459107880758
0,baseline_linear,all,11,1500,11.052938912027797,5.242048930808977
0,baseline_linear,all,12,1500,12.661067358224555,7.3186450830967384
0,baseline_linear,all,13,1500,14.380404384505177,10.003134385579806
0,baseline_linear,all,14,1500,16.180060062484642,12.73445886865494
0,baseline_linear,all,15,1500,18.073075207663134,15.03355875005386
0,baseline_linear,all,16,1500,20.03376919468324,17.70199523015227
0,baseline_linear,all,17,1500,22.05605886220302,20.17351339393455
0,baseline_linear,all,18,1500,24.12874457831165,22.854618260907856
0,baseline_linear,all,19,1500,26.267795507659827,25.6214534746182
0,baseline_linear,all,20,1500,28.424862426047785,27.829674784291093
0,baseline_linear,all,21,1500,30.611644173922038,30.574621912865865
0,baseline_linear,all,22,1500,32.81565782412888,33.05641443954612
0,baseline_linear,all,23,1500,35.036042940432374,35.57839651075609
0,baseline_linear,all,24,1500,37.25011485068334,37.976865178335146
0,baseline_linear,all,25,1500,39.45397157219024,40.57870883027876
0,baseline_linear,no_bounce,1,225,0.9674541866192408,0.3380575112808402
0,baseline_linear,no_bounce,2,225,1.8641460513670882,0.4773397445066123
0,baseline_linear,no_bounce,3,225,2.706644472340256,0.6118196253915387
0,baseline_linear,no_bounce,4,225,3.576728661550666,0.7435038680613647
0,baseline_linear,no_bounce,5,225,4.429960796565762,0.8710515488213447
0,baseline_linear,no_bounce,6,225,5.289658724267164,1.0457754046558707
0,baseline_linear,no_bounce,7,225,6.163068857796984,1.153514817740569
0,baseline_linear,no_bounce,8,225,7.038115927131428,1.2667858996091834
0,baseline_linear,no_bounce,9,225,7.896838416100317,1.4291040342827752
0,baseline_linear,no_bounce,10,225,8.741495782262607,1.5190402788576753
0,baseline_linear,no_bounce,11,225,9.605920342005115,1.6515736846752713
0,baseline_linear,no_bounce,12,225,10.451553932814988,1.7321949277845836
0,baseline_linear,no_bounce,13,225,11.301527829803911,1.8430451443522302
0,baseline_linear,no_bounce,14,225,12.144031534033186,1.890103550499192
0,baseline_linear,no_bounce,15,225,13.017896916362949,1.980826236503529
0,baseline_linear,no_bounce,16,225,13.876857531127929,2.1638619615701704
0,baseline_linear,no_bounce,17,225,14.73075068736898,2.317914566481463
0,baseline_linear,no_bounce,18,225,15.564068180959449,2.36024323545637
0,baseline_linear,no_bounce,19,225,16.412674199383403,2.49846486550597
0,baseline_linear,no_bounce,20,225,17.24546194751693,2.519271380122282
0,baseline_linear,no_bounce,21,225,18.089743689075576,2.7881387978708108
0,baseline_linear,no_bounce,22,225,18.95655699931132,2.8057935243927403
0,baseline_linear,no_bounce,23,225,19.828346043961904,2.9045957224438115
0,baseline_linear,no_bounce,24,225,20.682287633237728,3.2628913686111654
0,baseline_linear,no_bounce,25,225,21.544979995613605,3.3824353401723184
0,baseline_linear,bounce,1,1275,0.5297264786322167,0.26505043082432006
0,baseline_linear,bounce,2,1275,1.0603831820465377,0.41508680335650877
0,baseline_linear,bounce,3,1275,1.711716973897491,0.5428450584991729
0,baseline_linear,bounce,4,1275,2.4907430665729997,0.6948429183001885
0,baseline_linear,bounce,5,1275,3.395111425761131,0.888726388788105
0,baseline_linear,bounce,6,1275,4.4349471670816305,1.1086849944843558
0,baseline_linear,bounce,7,1275,5.568238915979486,1.3342531527788895
0,baseline_linear,bounce,8,1275,6.816172136610017,1.7283209746823287
0,baseline_linear,bounce,9,1275,8.18654637515455,2.3565975936210064
0,baseline_linear,bounce,10,1275,9.686580131240126,4.130642064472902
0,baseline_linear,bounce,11,1275,11.308295130267092,6.380838591316298
0,baseline_linear,bounce,12,1275,13.050981492120362,8.654019666272662
0,baseline_linear,bounce,13,1275,14.923735541217162,11.24140592957496
0,baseline_linear,bounce,14,1275,16.892300391034897,13.956600435999528
0,baseline_linear,bounce,15,1275,18.96516549436317,16.53224453180573
0,baseline_linear,bounce,16,1275,21.120283017663592,19.148641514113795
0,baseline_linear,bounce,17,1275,23.348760304820786,21.800216138719914
0,baseline_linear,bounce,18,1275,25.640158060197336,24.434001188797794
0,baseline_linear,bounce,19,1275,28.006934562061545,26.85627205344533
0,baseline_linear,bounce,20,1275,30.39769780461206,29.65536042148137
0,baseline_linear,bounce,21,1275,32.82139131830671,32.05540098309835
0,baseline_linear,bounce,22,1275,35.261381499096686,34.631975618639885
0,baseline_linear,bounce,23,1275,37.71975415745656,37.580632159095074
0,baseline_linear,bounce,24,1275,40.17384906552668,40.180697270996525
0,baseline_linear,bounce,25,1275,42.61438185040965,42.59188232482162
1,A_recon,all,1,1500,0.7318803668022156,0.6577377319335938
1,A_recon,all,2,1500,0.7776406407356262,0.7143580913543701
1,A_recon,all,3,1500,0.8563482165336609,0.7831765413284302
1,A_recon,all,4,1500,0.935293436050415,0.8746092915534973
1,A_recon,all,5,1500,1.0365684032440186,0.9581047892570496
1,A_recon,all,6,1500,1.1411408185958862,1.05059814453125
1,A_recon,all,7,1500,1.249121069908142,1.173055648803711
1,A_recon,all,8,1500,1.3665813207626343,1.2976922988891602
1,A_recon,all,9,1500,1.4737935066223145,1.4055907726287842
1,A_recon,all,10,1500,1.578808069229126,1.5007673501968384
1,A_recon,all,11,1500,1.6972264051437378,1.5941855907440186
1,A_recon,all,12,1500,1.797600269317627,1.6884052753448486
1,A_recon,all,13,1500,1.8986592292785645,1.7906913757324219
1,A_recon,all,14,1500,1.9993330240249634,1.9131863117218018
1,A_recon,all,15,1500,2.1080996990203857,2.0028014183044434
1,A_recon,all,16,1500,2.2174222469329834,2.1031007766723633
1,A_recon,all,17,1500,2.3249166011810303,2.2032470703125
1,A_recon,all,18,1500,2.4204516410827637,2.3137898445129395
1,A_recon,all,19,1500,2.5069539546966553,2.3981242179870605
1,A_recon,all,20,1500,2.6086437702178955,2.4494948387145996
1,A_recon,all,21,1500,2.714630126953125,2.5697884559631348
1,A_recon,all,22,1500,2.8189330101013184,2.670605182647705
1,A_recon,all,23,1500,2.9433541297912598,2.8102755546569824
1,A_recon,all,24,1500,3.0541465282440186,2.883612632751465
1,A_recon,all,25,1500,3.1587772369384766,2.973729133605957
1,A_recon,no_bounce,1,220,0.7105538249015808,0.6296693682670593
1,A_recon,no_bounce,2,220,0.7494041919708252,0.6921456456184387
1,A_recon,no_bounce,3,220,0.7954519391059875,0.7413825988769531
1,A_recon,no_bounce,4,220,0.8486458659172058,0.8168470859527588
1,A_recon,no_bounce,5,220,0.9527990221977234,0.9306923151016235
1,A_recon,no_bounce,6,220,1.0534511804580688,0.9998798966407776
1,A_recon,no_bounce,7,220,1.1754086017608643,1.1096007823944092
1,A_recon,no_bounce,8,220,1.2794173955917358,1.2260215282440186
1,A_recon,no_bounce,9,220,1.3899104595184326,1.3780128955841064
1,A_recon,no_bounce,10,220,1.5041276216506958,1.4621593952178955
1,A_recon,no_bounce,11,220,1.6238170862197876,1.5651676654815674
1,A_recon,no_bounce,12,220,1.7020443677902222,1.6580333709716797
1,A_recon,no_bounce,13,220,1.8353102207183838,1.8177064657211304
1,A_recon,no_bounce,14,220,1.9508353471755981,1.9825798273086548
1,A_recon,no_bounce,15,220,2.0458412170410156,2.0242109298706055
1,A_recon,no_bounce,16,220,2.1456923484802246,2.1744191646575928
1,A_recon,no_bounce,17,220,2.233999252319336,2.1965980529785156
1,A_recon,no_bounce,18,220,2.3259665966033936,2.2827534675598145
1,A_recon,no_bounce,19,220,2.402888536453247,2.3674206733703613
1,A_recon,no_bounce,20,220,2.501600503921509,2.451139211654663
1,A_recon,no_bounce,21,220,2.601018190383911,2.5873594284057617
1,A_recon,no_bounce,22,220,2.7134735584259033,2.705962657928467
1,A_recon,no_bounce,23,220,2.842473030090332,2.8360323905944824
1,A_recon,no_bounce,24,220,2.968738079071045,2.887820243835449
1,A_recon,no_bounce,25,220,3.1276512145996094,3.098695755004883
1,A_recon,bounce,1,1280,0.7355459928512573,0.6610245704650879
1,A_recon,bounce,2,1280,0.7824937105178833,0.7173357605934143
1,A_recon,bounce,3,1280,0.8668147325515747,0.7899789214134216
1,A_recon,bounce,4,1280,0.9501859545707703,0.8895971775054932
1,A_recon,bounce,5,1280,1.0509661436080933,0.9670521020889282
1,A_recon,bounce,6,1280,1.1562124490737915,1.0627591609954834
1,A_recon,bounce,7,1280,1.2617905139923096,1.1902966499328613
1,A_recon,bounce,8,1280,1.3815628290176392,1.303330421447754
1,A_recon,bounce,9,1280,1.488210916519165,1.4074125289916992
1,A_recon,bounce,10,1280,1.591644048690796,1.5111280679702759
1,A_recon,bounce,11,1280,1.709843397140503,1.603745460510254
1,A_recon,bounce,12,1280,1.8140239715576172,1.691968560218811
1,A_recon,bounce,13,1280,1.909547209739685,1.7806198596954346
1,A_recon,bounce,14,1280,2.0076687335968018,1.8989415168762207
1,A_recon,bounce,15,1280,2.118800163269043,1.99723482131958
1,A_recon,bounce,16,1280,2.229750871658325,2.097562789916992
1,A_recon,bounce,17,1280,2.340543031692505,2.205381155014038
1,A_recon,bounce,18,1280,2.4366912841796875,2.319831609725952
1,A_recon,bounce,19,1280,2.5248401165008545,2.400721788406372
1,A_recon,bounce,20,1280,2.6270415782928467,2.4494948387145996
1,A_recon,bounce,21,1280,2.734157085418701,2.563091516494751
1,A_recon,bounce,22,1280,2.8370585441589355,2.651090383529663
1,A_recon,bounce,23,1280,2.960692882537842,2.808201551437378
1,A_recon,bounce,24,1280,3.0688259601593018,2.883612632751465
1,A_recon,bounce,25,1280,3.1641273498535156,2.96004319190979
1,B_task,all,1,1500,0.6650601029396057,0.6094646453857422
1,B_task,all,2,1500,0.6980884075164795,0.63530433177948
1,B_task,all,3,1500,0.7799872756004333,0.7225029468536377
1,B_task,all,4,1500,0.8710227608680725,0.8079544305801392
1,B_task,all,5,1500,0.977406919002533,0.9245785474777222
1,B_task,all,6,1500,1.0894135236740112,1.031595230102539
1,B_task,all,7,1500,1.1874254941940308,1.109623670578003
1,B_task,all,8,1500,1.2914996147155762,1.2244443893432617
1,B_task,all,9,1500,1.3897731304168701,1.3200501203536987
1,B_task,all,10,1500,1.4979623556137085,1.4310081005096436
1,B_task,all,11,1500,1.6069165468215942,1.5179970264434814
1,B_task,all,12,1500,1.7082350254058838,1.6091636419296265
1,B_task,all,13,1500,1.8164845705032349,1.7097160816192627
1,B_task,all,14,1500,1.9142563343048096,1.8239390850067139
1,B_task,all,15,1500,2.0153043270111084,1.919318675994873
1,B_task,all,16,1500,2.114098310470581,2.0006964206695557
1,B_task,all,17,1500,2.2151527404785156,2.0958290100097656
1,B_task,all,18,1500,2.3099498748779297,2.2009992599487305
1,B_task,all,19,1500,2.4036824703216553,2.2677559852600098
1,B_task,all,20,1500,2.50193190574646,2.371035099029541
1,B_task,all,21,1500,2.6055638790130615,2.4581825733184814
1,B_task,all,22,1500,2.703920364379883,2.5017712116241455
1,B_task,all,23,1500,2.82641339302063,2.6384754180908203
1,B_task,all,24,1500,2.9337542057037354,2.771087646484375
1,B_task,all,25,1500,3.0297622680664062,2.8720638751983643
1,B_task,no_bounce,1,220,0.6703377366065979,0.613885223865509
1,B_task,no_bounce,2,220,0.6872966289520264,0.634658932685852
1,B_task,no_bounce,3,220,0.7434607744216919,0.6539051532745361
1,B_task,no_bounce,4,220,0.7963799834251404,0.7287373542785645
1,B_task,no_bounce,5,220,0.9107297658920288,0.8331517577171326
1,B_task,no_bounce,6,220,1.0157122611999512,0.9474381804466248
1,B_task,no_bounce,7,220,1.1156246662139893,1.0176043510437012
1,B_task,no_bounce,8,220,1.1944912672042847,1.1267406940460205
1,B_task,no_bounce,9,220,1.301917314529419,1.2480390071868896
1,B_task,no_bounce,10,220,1.397896647453308,1.4051892757415771
1,B_task,no_bounce,11,220,1.5139027833938599,1.4651644229888916
1,B_task,no_bounce,12,220,1.6123945713043213,1.540147066116333
1,B_task,no_bounce,13,220,1.7416656017303467,1.6394578218460083
1,B_task,no_bounce,14,220,1.846921443939209,1.7695605754852295
1,B_task,no_bounce,15,220,1.9486355781555176,1.8689939975738525
1,B_task,no_bounce,16,220,2.0585172176361084,2.02500057220459
1,B_task,no_bounce,17,220,2.146209478378296,2.0398178100585938
1,B_task,no_bounce,18,220,2.245932102203369,2.1238160133361816
1,B_task,no_bounce,19,220,2.337491989135742,2.1729869842529297
1,B_task,no_bounce,20,220,2.435913562774658,2.278749942779541
1,B_task,no_bounce,21,220,2.534409999847412,2.33742094039917
1,B_task,no_bounce,22,220,2.6259894371032715,2.4508399963378906
1,B_task,no_bounce,23,220,2.7224748134613037,2.5373337268829346
1,B_task,no_bounce,24,220,2.8215532302856445,2.734408378601074
1,B_task,no_bounce,25,220,2.9555513858795166,2.8322606086730957
1,B_task,bounce,1,1280,0.664152979850769,0.6083769798278809
1,B_task,bounce,2,1280,0.6999431848526001,0.6356351375579834
1,B_task,bounce,3,1280,0.7862652540206909,0.7325277924537659
1,B_task,bounce,4,1280,0.8838520050048828,0.8215802907943726
1,B_task,bounce,5,1280,0.9888671040534973,0.9397745132446289
1,B_task,bounce,6,1280,1.102081060409546,1.0480842590332031
1,B_task,bounce,7,1280,1.1997661590576172,1.1256862878799438
1,B_task,bounce,8,1280,1.3081728219985962,1.2394497394561768
1,B_task,bounce,9,1280,1.404873251914978,1.3327974081039429
1,B_task,bounce,10,1280,1.5151612758636475,1.4470810890197754
1,B_task,bounce,11,1280,1.6229032278060913,1.5289615392684937
1,B_task,bounce,12,1280,1.724707841873169,1.6268329620361328
1,B_task,bounce,13,1280,1.8293440341949463,1.7166337966918945
1,B_task,bounce,14,1280,1.9258296489715576,1.8392654657363892
1,B_task,bounce,15,1280,2.0267632007598877,1.9239239692687988
1,B_task,bounce,16,1280,2.1236512660980225,1.9988795518875122
1,B_task,bounce,17,1280,2.2270023822784424,2.11106014251709
1,B_task,bounce,18,1280,2.320952892303467,2.2118566036224365
1,B_task,bounce,19,1280,2.4150588512420654,2.299434185028076
1,B_task,bounce,20,1280,2.5132789611816406,2.383563995361328
1,B_task,bounce,21,1280,2.617793560028076,2.489806652069092
1,B_task,bounce,22,1280,2.7173144817352295,2.523949384689331
1,B_task,bounce,23,1280,2.844278335571289,2.640895366668701
1,B_task,bounce,24,1280,2.9530386924743652,2.7834296226501465
1,B_task,bounce,25,1280,3.0425174236297607,2.8745508193969727
1,C_scene,all,1,1500,0.7893388867378235,0.7200011014938354
1,C_scene,all,2,1500,0.8720211386680603,0.8029019832611084
1,C_scene,all,3,1500,0.9885745644569397,0.8985347151756287
1,C_scene,all,4,1500,1.0974467992782593,0.998651385307312
1,C_scene,all,5,1500,1.2128657102584839,1.1046013832092285
1,C_scene,all,6,1500,1.3318349123001099,1.2025487422943115
1,C_scene,all,7,1500,1.4379339218139648,1.3108258247375488
1,C_scene,all,8,1500,1.5433528423309326,1.3993148803710938
1,C_scene,all,9,1500,1.639131784439087,1.4899522066116333
1,C_scene,all,10,1500,1.7506643533706665,1.5955780744552612
1,C_scene,all,11,1500,1.874908208847046,1.7140016555786133
1,C_scene,all,12,1500,1.9826064109802246,1.8177380561828613
1,C_scene,all,13,1500,2.0987181663513184,1.9407589435577393
1,C_scene,all,14,1500,2.211777448654175,2.0554141998291016
1,C_scene,all,15,1500,2.327934980392456,2.156526565551758
1,C_scene,all,16,1500,2.4516825675964355,2.2683863639831543
1,C_scene,all,17,1500,2.5648205280303955,2.3735404014587402
1,C_scene,all,18,1500,2.669250249862671,2.4728593826293945
1,C_scene,all,19,1500,2.7734534740448,2.5879576206207275
1,C_scene,all,20,1500,2.8899459838867188,2.7015304565429688
1,C_scene,all,21,1500,3.00581955909729,2.8050684928894043
1,C_scene,all,22,1500,3.1123008728027344,2.912513017654419
1,C_scene,all,23,1500,3.249966859817505,2.99778413772583
1,C_scene,all,24,1500,3.3731744289398193,3.1197240352630615
1,C_scene,all,25,1500,3.4812357425689697,3.2202157974243164
1,C_scene,no_bounce,1,220,0.7571589946746826,0.6968791484832764
1,C_scene,no_bounce,2,220,0.8203814625740051,0.7720744609832764
1,C_scene,no_bounce,3,220,0.9227712750434875,0.8554404973983765
1,C_scene,no_bounce,4,220,1.0321810245513916,0.9445621967315674
1,C_scene,no_bounce,5,220,1.1579946279525757,1.091181755065918
1,C_scene,no_bounce,6,220,1.261634111404419,1.1122949123382568
1,C_scene,no_bounce,7,220,1.3681116104125977,1.246511459350586
1,C_scene,no_bounce,8,220,1.4946688413619995,1.414959192276001
1,C_scene,no_bounce,9,220,1.592865228652954,1.518094539642334
1,C_scene,no_bounce,10,220,1.7065283060073853,1.6331126689910889
1,C_scene,no_bounce,11,220,1.844268560409546,1.7506428956985474
1,C_scene,no_bounce,12,220,1.9449830055236816,1.8768831491470337
1,C_scene,no_bounce,13,220,2.0785410404205322,2.01338529586792
1,C_scene,no_bounce,14,220,2.200608968734741,2.0879058837890625
1,C_scene,no_bounce,15,220,2.3039677143096924,2.169041633605957
1,C_scene,no_bounce,16,220,2.453493356704712,2.2883787155151367
1,C_scene,no_bounce,17,220,2.5551929473876953,2.405057907104492
1,C_scene,no_bounce,18,220,2.672349452972412,2.5616817474365234
1,C_scene,no_bounce,19,220,2.7697160243988037,2.677532911300659
1,C_scene,no_bounce,20,220,2.8840439319610596,2.7655081748962402
1,C_scene,no_bounce,21,220,2.9852499961853027,2.896904706954956
1,C_scene,no_bounce,22,220,3.058798313140869,2.985901355743408
1,C_scene,no_bounce,23,220,3.133145332336426,3.0527849197387695
1,C_scene,no_bounce,24,220,3.2197554111480713,3.1456127166748047
1,C_scene,no_bounce,25,220,3.319075107574463,3.2572453022003174
1,C_scene,bounce,1,1280,0.7948697805404663,0.723907470703125
1,C_scene,bounce,2,1280,0.8808967471122742,0.8077901601791382
1,C_scene,bounce,3,1280,0.9998844265937805,0.9087613224983215
1,C_scene,bounce,4,1280,1.1086642742156982,1.0133423805236816
1,C_scene,bounce,5,1280,1.2222965955734253,1.106115698814392
1,C_scene,bounce,6,1280,1.3439006805419922,1.210002064704895
1,C_scene,bounce,7,1280,1.4499346017837524,1.3231744766235352
1,C_scene,bounce,8,1280,1.551720380783081,1.3971600532531738
1,C_scene,bounce,9,1280,1.6470836400985718,1.4859838485717773
1,C_scene,bounce,10,1280,1.7582502365112305,1.589560627937317
1,C_scene,bounce,11,1280,1.8801742792129517,1.713188886642456
1,C_scene,bounce,12,1280,1.9890730381011963,1.795698881149292
1,C_scene,bounce,13,1280,2.1021862030029297,1.9226640462875366
1,C_scene,bounce,14,1280,2.2136969566345215,2.0500898361206055
1,C_scene,bounce,15,1280,2.3320541381835938,2.1551246643066406
1,C_scene,bounce,16,1280,2.451371431350708,2.2594168186187744
1,C_scene,bounce,17,1280,2.5664753913879395,2.3685545921325684
1,C_scene,bounce,18,1280,2.668717861175537,2.4521865844726562
1,C_scene,bounce,19,1280,2.7740960121154785,2.5744261741638184
1,C_scene,bounce,20,1280,2.890960454940796,2.6856584548950195
1,C_scene,bounce,21,1280,3.009354829788208,2.802807331085205
1,C_scene,bounce,22,1280,3.1214966773986816,2.8924522399902344
1,C_scene,bounce,23,1280,3.270045518875122,2.994593381881714
1,C_scene,bounce,24,1280,3.399543046951294,3.117384910583496
1,C_scene,bounce,25,1280,3.5091068744659424,3.2167234420776367
1,D_latent,all,1,1500,16.81683921813965,17.826732635498047
1,D_latent,all,2,1500,17.241361618041992,18.199928283691406
1,D_latent,all,3,1500,17.628719329833984,18.648603439331055
1,D_latent,all,4,1500,17.94826889038086,18.992780685424805
1,D_latent,all,5,1500,18.20768165588379,19.23474884033203
1,D_latent,all,6,1500,18.420108795166016,19.275291442871094
1,D_latent,all,7,1500,18.582550048828125,19.472246170043945
1,D_latent,all,8,1500,18.709171295166016,19.54346466064453
1,D_latent,all,9,1500,18.78464126586914,19.52930450439453
1,D_latent,all,10,1500,18.793045043945312,19.704547882080078
1,D_latent,all,11,1500,18.742284774780273,19.73676300048828
1,D_latent,all,12,1500,18.6516170501709,19.501256942749023
1,D_latent,all,13,1500,18.531234741210938,19.260169982910156
1,D_latent,all,14,1500,18.404935836791992,18.971664428710938
1,D_latent,all,15,1500,18.290599822998047,18.899221420288086
1,D_latent,all,16,1500,18.192331314086914,18.868606567382812
1,D_latent,all,17,1500,18.124345779418945,18.85992431640625
1,D_latent,all,18,1500,18.062650680541992,18.72777557373047
1,D_latent,all,19,1500,18.015281677246094,18.582714080810547
1,D_latent,all,20,1500,18.001585006713867,18.690017700195312
1,D_latent,all,21,1500,18.006366729736328,18.763193130493164
1,D_latent,all,22,1500,18.03476905822754,18.840978622436523
1,D_latent,all,23,1500,18.089418411254883,18.894878387451172
1,D_latent,all,24,1500,18.15052032470703,18.991657257080078
1,D_latent,all,25,1500,18.211814880371094,19.137849807739258
1,D_latent,no_bounce,1,220,12.732224464416504,10.771658897399902
1,D_latent,no_bounce,2,220,12.089781761169434,10.501956939697266
1,D_latent,no_bounce,3,220,11.536142349243164,10.630560874938965
1,D_latent,no_bounce,4,220,11.073573112487793,10.726034164428711
1,D_latent,no_bounce,5,220,10.687917709350586,10.624095916748047
1,D_latent,no_bounce,6,220,10.390069007873535,10.419249534606934
1,D_latent,no_bounce,7,220,10.201217651367188,10.452936172485352
1,D_latent,no_bounce,8,220,10.08401107788086,10.140054702758789
1,D_latent,no_bounce,9,220,10.055259704589844,10.114006042480469
1,D_latent,no_bounce,10,220,10.095735549926758,10.165010452270508
1,D_latent,no_bounce,11,220,10.243077278137207,10.125288009643555
1,D_latent,no_bounce,12,220,10.462544441223145,10.68490982055664
1,D_latent,no_bounce,13,220,10.827950477600098,11.146074295043945
1,D_latent,no_bounce,14,220,11.291625022888184,11.46223258972168
1,D_latent,no_bounce,15,220,11.846863746643066,12.054105758666992
1,D_latent,no_bounce,16,220,12.493562698364258,12.895608901977539
1,D_latent,no_bounce,17,220,13.226106643676758,13.663009643554688
1,D_latent,no_bounce,18,220,14.001453399658203,14.45363712310791
1,D_latent,no_bounce,19,220,14.841957092285156,15.265068054199219
1,D_latent,no_bounce,20,220,15.718474388122559,16.125673294067383
1,D_latent,no_bounce,21,220,16.6192626953125,16.990039825439453
1,D_latent,no_bounce,22,220,17.544450759887695,17.97895622253418
1,D_latent,no_bounce,23,220,18.504234313964844,18.784183502197266
1,D_latent,no_bounce,24,220,19.48366928100586,20.03734588623047
1,D_latent,no_bounce,25,220,20.488311767578125,21.039358139038086
1,D_latent,bounce,1,1280,17.518882751464844,18.480127334594727
1,D_latent,bounce,2,1280,18.12679100036621,18.943029403686523
1,D_latent,bounce,3,1280,18.675878524780273,19.689958572387695
1,D_latent,bounce,4,1280,19.12985610961914,20.138172149658203
1,D_latent,bounce,5,1280,19.500141143798828,20.307695388793945
1,D_latent,bounce,6,1280,19.80027198791504,20.53191375732422
1,D_latent,bounce,7,1280,20.02309226989746,20.56328582763672
1,D_latent,bounce,8,1280,20.19162368774414,20.724815368652344
1,D_latent,bounce,9,1280,20.285003662109375,20.864492416381836
1,D_latent,bounce,10,1280,20.28789520263672,20.803054809570312
1,D_latent,bounce,11,1280,20.20308494567871,20.746356964111328
1,D_latent,bounce,12,1280,20.059112548828125,20.692249298095703
1,D_latent,bounce,13,1280,19.855236053466797,20.563098907470703
1,D_latent,bounce,14,1280,19.62753677368164,20.290550231933594
1,D_latent,bounce,15,1280,19.398113250732422,20.027610778808594
1,D_latent,bounce,16,1280,19.17180824279785,19.942102432250977
1,D_latent,bounce,17,1280,18.966228485107422,19.814844131469727
1,D_latent,bounce,18,1280,18.760669708251953,19.67327117919922
1,D_latent,bounce,19,1280,18.56069564819336,19.624191284179688
1,D_latent,bounce,20,1280,18.393993377685547,19.46581268310547
1,D_latent,bounce,21,1280,18.244775772094727,19.33841323852539
1,D_latent,bounce,22,1280,18.11903953552246,19.13836669921875
1,D_latent,bounce,23,1280,18.018123626708984,18.951080322265625
1,D_latent,bounce,24,1280,17.921382904052734,18.76195526123047
1,D_latent,bounce,25,1280,17.820541381835938,18.63521957397461
1,baseline_hold,all,1,1500,1.398789882659912,1.3977177143096924
1,baseline_hold,all,2,1500,2.735114574432373,2.7314035892486572
1,baseline_hold,all,3,1500,4.033712387084961,3.9936277866363525
1,baseline_hold,all,4,1500,5.273179531097412,5.180590629577637
1,baseline_hold,all,5,1500,6.458247184753418,6.371252059936523
1,baseline_hold,all,6,1500,7.600367069244385,7.513972759246826
1,baseline_hold,all,7,1500,8.697668075561523,8.579952239990234
1,baseline_hold,all,8,1500,9.756256103515625,9.548991203308105
1,baseline_hold,all,9,1500,10.760342597961426,10.494813919067383
1,baseline_hold,all,10,1500,11.71025276184082,11.39297103881836
1,baseline_hold,all,11,1500,12.580506324768066,12.123332977294922
1,baseline_hold,all,12,1500,13.393543243408203,12.873046875
1,baseline_hold,all,13,1500,14.16365909576416,13.4873685836792
1,baseline_hold,all,14,1500,14.928065299987793,14.369771003723145
1,baseline_hold,all,15,1500,15.681273460388184,14.983789443969727
1,baseline_hold,all,16,1500,16.442218780517578,15.584842681884766
1,baseline_hold,all,17,1500,17.200572967529297,16.304946899414062
1,baseline_hold,all,18,1500,17.949655532836914,17.121376037597656
1,baseline_hold,all,19,1500,18.69765853881836,17.77042007446289
1,baseline_hold,all,20,1500,19.444984436035156,18.488861083984375
1,baseline_hold,all,21,1500,20.176467895507812,19.040512084960938
1,baseline_hold,all,22,1500,20.891090393066406,19.75308609008789
1,baseline_hold,all,23,1500,21.609163284301758,20.389232635498047
1,baseline_hold,all,24,1500,22.292463302612305,21.143251419067383
1,baseline_hold,all,25,1500,22.930835723876953,21.903362274169922
1,baseline_hold,no_bounce,1,220,1.1301881074905396,1.0494390726089478
1,baseline_hold,no_bounce,2,220,2.238961696624756,2.048548936843872
1,baseline_hold,no_bounce,3,220,3.3584461212158203,3.015303134918213
1,baseline_hold,no_bounce,4,220,4.461517333984375,4.0044403076171875
1,baseline_hold,no_bounce,5,220,5.558225154876709,5.001833438873291
1,baseline_hold,no_bounce,6,220,6.650191783905029,5.892974853515625
1,baseline_hold,no_bounce,7,220,7.7649030685424805,6.954284191131592
1,baseline_hold,no_bounce,8,220,8.851408004760742,7.9136199951171875
1,baseline_hold,no_bounce,9,220,9.943236351013184,8.982765197753906
1,baseline_hold,no_bounce,10,220,11.054017066955566,9.866260528564453
1,baseline_hold,no_bounce,11,220,12.14416217803955,10.800989151000977
1,baseline_hold,no_bounce,12,220,13.252409934997559,11.751641273498535
1,baseline_hold,no_bounce,13,220,14.340744972229004,12.814155578613281
1,baseline_hold,no_bounce,14,220,15.457435607910156,13.828210830688477
1,baseline_hold,no_bounce,15,220,16.549604415893555,14.775179862976074
1,baseline_hold,no_bounce,16,220,17.659883499145508,15.735759735107422
1,baseline_hold,no_bounce,17,220,18.758930206298828,16.62362289428711
1,baseline_hold,no_bounce,18,220,19.846511840820312,17.599586486816406
1,baseline_hold,no_bounce,19,220,20.963573455810547,18.723224639892578
1,baseline_hold,no_bounce,20,220,22.07573890686035,19.629817962646484
1,baseline_hold,no_bounce,21,220,23.180330276489258,20.440345764160156
1,baseline_hold,no_bounce,22,220,24.270565032958984,21.337120056152344
1,baseline_hold,no_bounce,23,220,25.389835357666016,22.33843421936035
1,baseline_hold,no_bounce,24,220,26.492610931396484,23.3739013671875
1,baseline_hold,no_bounce,25,220,27.605712890625,24.405010223388672
1,baseline_hold,bounce,1,1280,1.444955825805664,1.4487502574920654
1,baseline_hold,bounce,2,1280,2.8203907012939453,2.8433821201324463
1,baseline_hold,bounce,3,1280,4.149773597717285,4.143021583557129
1,baseline_hold,bounce,4,1280,5.412683963775635,5.375832557678223
1,baseline_hold,bounce,5,1280,6.612937927246094,6.590824127197266
1,baseline_hold,bounce,6,1280,7.763678550720215,7.678989410400391
1,baseline_hold,bounce,7,1280,8.857986450195312,8.819183349609375
1,baseline_hold,bounce,8,1280,9.91177749633789,9.782918930053711
1,baseline_hold,bounce,9,1280,10.900781631469727,10.72028923034668
1,baseline_hold,bounce,10,1280,11.823041915893555,11.63217544555664
1,baseline_hold,bounce,11,1280,12.65550422668457,12.399496078491211
1,baseline_hold,bounce,12,1280,13.417800903320312,13.160797119140625
1,baseline_hold,bounce,13,1280,14.133222579956055,13.714617729187012
1,baseline_hold,bounce,14,1280,14.837079048156738,14.528043746948242
1,baseline_hold,bounce,15,1280,15.53203010559082,15.076210021972656
1,baseline_hold,bounce,16,1280,16.232933044433594,15.541487693786621
1,baseline_hold,bounce,17,1280,16.932729721069336,16.24001121520996
1,baseline_hold,bounce,18,1280,17.623632431030273,16.962024688720703
1,baseline_hold,bounce,19,1280,18.30820655822754,17.579452514648438
1,baseline_hold,bounce,20,1280,18.992822647094727,18.122005462646484
1,baseline_hold,bounce,21,1280,19.660179138183594,18.59721565246582
1,baseline_hold,bounce,22,1280,20.31024169921875,19.164371490478516
1,baseline_hold,bounce,23,1280,20.959360122680664,19.78466033935547
1,baseline_hold,bounce,24,1280,21.5705623626709,20.446815490722656
1,baseline_hold,bounce,25,1280,22.12734031677246,21.001893997192383
1,baseline_linear,all,1,1500,0.6261623320661819,0.27388054315277377
1,baseline_linear,all,2,1500,1.2704944081203244,0.43967463301668425
1,baseline_linear,all,3,1500,2.0090194869695273,0.6038876513729209
1,baseline_linear,all,4,1500,2.8611715301858123,0.7607199616642467
1,baseline_linear,all,5,1500,3.824571602926011,0.9977325245304438
1,baseline_linear,all,6,1500,4.90123528265629,1.2076538725141468
1,baseline_linear,all,7,1500,6.0726091577997865,1.4884762618459533
1,baseline_linear,all,8,1500,7.337849344871287,1.8086952116098471
1,baseline_linear,all,9,1500,8.704965303664046,2.9342500701585332
1,baseline_linear,all,10,1500,10.193518821202218,5.2031484752908845
1,baseline_linear,all,11,1500,11.811208326954528,7.474760903383663
1,baseline_linear,all,12,1500,13.525155456236025,9.859024334951087
1,baseline_linear,all,13,1500,15.329642618998186,12.171003653538298
1,baseline_linear,all,14,1500,17.209396680219246,14.889781441115975
1,baseline_linear,all,15,1500,19.15023121867726,17.547571229599917
1,baseline_linear,all,16,1500,21.141711569978884,20.37719858085952
1,baseline_linear,all,17,1500,23.183519272440623,22.786914957721628
1,baseline_linear,all,18,1500,25.275872545258483,25.31958542598474
1,baseline_linear,all,19,1500,27.41703402953273,28.062583539457737
1,baseline_linear,all,20,1500,29.5842876507685,30.498044557863864
1,baseline_linear,all,21,1500,31.766510429269868,32.84666946766183
1,baseline_linear,all,22,1500,33.95109995033925,35.19485376668591
1,baseline_linear,all,23,1500,36.14887353922228,37.61024830381108
1,baseline_linear,all,24,1500,38.34591531661479,40.105163622020484
1,baseline_linear,all,25,1500,40.51436844093307,42.50504393761566
1,baseline_linear,no_bounce,1,220,0.9631166958950917,0.31368097792938915
1,baseline_linear,no_bounce,2,220,1.8350728256297848,0.4963932310288739
1,baseline_linear,no_bounce,3,220,2.701207731900946,0.6331737134117319
1,baseline_linear,no_bounce,4,220,3.538148556441894,0.7182262045294516
1,baseline_linear,no_bounce,5,220,4.3862287760387435,0.8970457703978449
1,baseline_linear,no_bounce,6,220,5.252766738651914,0.9998034916239886
1,baseline_linear,no_bounce,7,220,6.112251582537974,1.1851936300403183
1,baseline_linear,no_bounce,8,220,6.938508195903323,1.298105162563505
1,baseline_linear,no_bounce,9,220,7.781455694685046,1.3550573514455744
1,baseline_linear,no_bounce,10,220,8.642668253782306,1.4989581843226567
1,baseline_linear,no_bounce,11,220,9.47714044866818,1.6211933549720512
1,baseline_linear,no_bounce,12,220,10.319585866776329,1.712964302715252
1,baseline_linear,no_bounce,13,220,11.149725473900553,1.8576224048488492
1,baseline_linear,no_bounce,14,220,11.995851410298918,1.922831585773507
1,baseline_linear,no_bounce,15,220,12.8368288576204,2.0321521431911886
1,baseline_linear,no_bounce,16,220,13.681656148318481,2.1147206695095795
1,baseline_linear,no_bounce,17,220,14.510620193799936,2.2438088695967897
1,baseline_linear,no_bounce,18,220,15.362671547231205,2.356516723606692
1,baseline_linear,no_bounce,19,220,16.21479760971895,2.5054374410113613
1,baseline_linear,no_bounce,20,220,17.06022609183117,2.561550078090539
1,baseline_linear,no_bounce,21,220,17.901025269043274,2.675488025790779
1,baseline_linear,no_bounce,22,220,18.758275627984496,2.8480525488412676
1,baseline_linear,no_bounce,23,220,19.60978708920425,2.9861277653889857
1,baseline_linear,no_bounce,24,220,20.45825112345556,3.1060839065808024
1,baseline_linear,no_bounce,25,220,21.307178493012266,3.1095626777795573
1,baseline_linear,bounce,1,1280,0.5682483007830881,0.2688050064499308
1,baseline_linear,bounce,2,1280,1.1734574926108863,0.43303235970514076
1,baseline_linear,bounce,3,1280,1.8900496323719398,0.6000146564183821
1,baseline_linear,bounce,4,1280,2.7448161037980485,0.7690028106344351
1,baseline_linear,bounce,5,1280,3.72803677629726,1.0119649137203066
1,baseline_linear,bounce,6,1280,4.840815813657042,1.245191778852941
1,baseline_linear,bounce,7,1280,6.06579561604791,1.5916456574768358
1,baseline_linear,bounce,8,1280,7.4064861048501545,2.124277211040573
1,baseline_linear,bounce,9,1280,8.863693517707311,4.043148309205341
1,baseline_linear,bounce,10,1280,10.460071262477516,6.03045375238709
1,baseline_linear,bounce,11,1280,12.212376243534994,8.396810546083877
1,baseline_linear,bounce,12,1280,14.076112729424409,11.115102079463144
1,baseline_linear,bounce,13,1280,16.048065878311842,13.735901549982412
1,baseline_linear,bounce,14,1280,18.105474773486797,16.332525865356857
1,baseline_linear,bounce,15,1280,20.235347249483908,19.129135534424364
1,baseline_linear,bounce,16,1280,22.423908595576766,21.714059709279574
1,baseline_linear,bounce,17,1280,24.674173801581997,24.40803934214005
1,baseline_linear,bounce,18,1280,26.97970396679442,26.722817109172762
1,baseline_linear,bounce,19,1280,29.342418414188217,29.037380392939916
1,baseline_linear,bounce,20,1280,31.736860731210857,31.591690505875818
1,baseline_linear,bounce,21,1280,34.14964069118381,34.26775783882671
1,baseline_linear,bounce,22,1280,36.56236663074397,36.63644019056343
1,baseline_linear,bounce,23,1280,38.99152902281913,38.984555686338595
1,baseline_linear,bounce,24,1280,41.42035759981404,41.46579500726266
1,baseline_linear,bounce,25,1280,43.81560421323196,44.21852548166958
2,A_recon,all,1,1500,0.8245366215705872,0.7770781517028809
2,A_recon,all,2,1500,0.8374952077865601,0.7773317098617554
2,A_recon,all,3,1500,0.8965592980384827,0.8310779929161072
2,A_recon,all,4,1500,0.97110915184021,0.8987058401107788
2,A_recon,all,5,1500,1.0628421306610107,0.98587965965271
2,A_recon,all,6,1500,1.1549646854400635,1.0744351148605347
2,A_recon,all,7,1500,1.2501170635223389,1.1648207902908325
2,A_recon,all,8,1500,1.337667465209961,1.2651479244232178
2,A_recon,all,9,1500,1.4293352365493774,1.334631085395813
2,A_recon,all,10,1500,1.5260357856750488,1.4084322452545166
2,A_recon,all,11,1500,1.6255595684051514,1.5137214660644531
2,A_recon,all,12,1500,1.721515417098999,1.6136970520019531
2,A_recon,all,13,1500,1.813570261001587,1.677716612815857
2,A_recon,all,14,1500,1.909796118736267,1.799057960510254
2,A_recon,all,15,1500,2.008021354675293,1.8435444831848145
2,A_recon,all,16,1500,2.117525815963745,1.9645127058029175
2,A_recon,all,17,1500,2.236755609512329,2.0739104747772217
2,A_recon,all,18,1500,2.3512930870056152,2.1939537525177
2,A_recon,all,19,1500,2.4611148834228516,2.296542167663574
2,A_recon,all,20,1500,2.573880434036255,2.412867546081543
2,A_recon,all,21,1500,2.687554121017456,2.518005609512329
2,A_recon,all,22,1500,2.7993202209472656,2.620818614959717
2,A_recon,all,23,1500,2.8994040489196777,2.695590019226074
2,A_recon,all,24,1500,3.0140480995178223,2.827892303466797
2,A_recon,all,25,1500,3.119298219680786,2.9351844787597656
2,A_recon,no_bounce,1,227,0.8521180748939514,0.8370435833930969
2,A_recon,no_bounce,2,227,0.8113575577735901,0.8155927658081055
2,A_recon,no_bounce,3,227,0.8629043102264404,0.8454229831695557
2,A_recon,no_bounce,4,227,0.9280551075935364,0.8708206415176392
2,A_recon,no_bounce,5,227,1.0190365314483643,0.973429799079895
2,A_recon,no_bounce,6,227,1.1135841608047485,0.9805180430412292
2,A_recon,no_bounce,7,227,1.215763807296753,1.0750070810317993
2,A_recon,no_bounce,8,227,1.3495066165924072,1.2489848136901855
2,A_recon,no_bounce,9,227,1.4596277475357056,1.3556926250457764
2,A_recon,no_bounce,10,227,1.5698145627975464,1.4623908996582031
2,A_recon,no_bounce,11,227,1.6861317157745361,1.5490694046020508
2,A_recon,no_bounce,12,227,1.809830904006958,1.714735507965088
2,A_recon,no_bounce,13,227,1.9040759801864624,1.7481045722961426
2,A_recon,no_bounce,14,227,2.029421806335449,1.8827491998672485
2,A_recon,no_bounce,15,227,2.1410863399505615,1.9731019735336304
2,A_recon,no_bounce,16,227,2.244229555130005,2.0604825019836426
2,A_recon,no_bounce,17,227,2.365244150161743,2.156503677368164
2,A_recon,no_bounce,18,227,2.469552516937256,2.3443551063537598
2,A_recon,no_bounce,19,227,2.5847480297088623,2.4500062465667725
2,A_recon,no_bounce,20,227,2.6950016021728516,2.5792810916900635
2,A_recon,no_bounce,21,227,2.7822964191436768,2.5670013427734375
2,A_recon,no_bounce,22,227,2.856816053390503,2.6535611152648926
2,A_recon,no_bounce,23,227,2.932494640350342,2.6507372856140137
2,A_recon,no_bounce,24,227,3.039032459259033,2.812044143676758
2,A_recon,no_bounce,25,227,3.1968724727630615,2.9959516525268555
2,A_recon,bounce,1,1273,0.8196182250976562,0.7708974480628967
2,A_recon,bounce,2,1273,0.8421561121940613,0.7704288959503174
2,A_recon,bounce,3,1273,0.9025605320930481,0.8259620070457458
2,A_recon,bounce,4,1273,0.9787865877151489,0.901512086391449
2,A_recon,bounce,5,1273,1.0706535577774048,0.9891053438186646
2,A_recon,bounce,6,1273,1.1623435020446777,1.0892772674560547
2,A_recon,bounce,7,1273,1.2562429904937744,1.1750445365905762
2,A_recon,bounce,8,1273,1.3355563879013062,1.267351508140564
2,A_recon,bounce,9,1273,1.4239336252212524,1.3343243598937988
2,A_recon,bounce,10,1273,1.5182292461395264,1.4011313915252686
2,A_recon,bounce,11,1273,1.6147581338882446,1.5101914405822754
2,A_recon,bounce,12,1273,1.7057671546936035,1.6033453941345215
2,A_recon,bounce,13,1273,1.7974313497543335,1.6661218404769897
2,A_recon,bounce,14,1273,1.8884645700454712,1.770429015159607
2,A_recon,bounce,15,1273,1.9842933416366577,1.830311894416809
2,A_recon,bounce,16,1273,2.0949320793151855,1.926208257675171
2,A_recon,bounce,17,1273,2.213843822479248,2.053117513656616
2,A_recon,bounce,18,1273,2.330205202102661,2.165436267852783
2,A_recon,bounce,19,1273,2.4390687942504883,2.261235475540161
2,A_recon,bounce,20,1273,2.5522823333740234,2.374410390853882
2,A_recon,bounce,21,1273,2.6706597805023193,2.5148260593414307
2,A_recon,bounce,22,1273,2.789067506790161,2.6163811683654785
2,A_recon,bounce,23,1273,2.893503189086914,2.6973953247070312
2,A_recon,bounce,24,1273,3.0095934867858887,2.829529047012329
2,A_recon,bounce,25,1273,3.1054654121398926,2.9259166717529297
2,B_task,all,1,1500,1.0201317071914673,0.9368329644203186
2,B_task,all,2,1500,0.9744178056716919,0.8923870921134949
2,B_task,all,3,1500,0.9768953323364258,0.8848420977592468
2,B_task,all,4,1500,1.0155456066131592,0.9123105406761169
2,B_task,all,5,1500,1.0793761014938354,0.9786563515663147
2,B_task,all,6,1500,1.1553447246551514,1.032224178314209
2,B_task,all,7,1500,1.2408344745635986,1.1147536039352417
2,B_task,all,8,1500,1.3272267580032349,1.2046352624893188
2,B_task,all,9,1500,1.424548864364624,1.2855923175811768
2,B_task,all,10,1500,1.5149781703948975,1.358209252357483
2,B_task,all,11,1500,1.5985000133514404,1.4478375911712646
2,B_task,all,12,1500,1.689054250717163,1.5536316633224487
2,B_task,all,13,1500,1.781815767288208,1.6264252662658691
2,B_task,all,14,1500,1.8844859600067139,1.7317527532577515
2,B_task,all,15,1500,1.9943046569824219,1.8406505584716797
2,B_task,all,16,1500,2.1055243015289307,1.919694185256958
2,B_task,all,17,1500,2.214996814727783,1.9800015687942505
2,B_task,all,18,1500,2.329472064971924,2.116778612136841
2,B_task,all,19,1500,2.439547061920166,2.2082295417785645
2,B_task,all,20,1500,2.5602598190307617,2.3399696350097656
2,B_task,all,21,1500,2.683222770690918,2.4125242233276367
2,B_task,all,22,1500,2.8017444610595703,2.504631996154785
2,B_task,all,23,1500,2.9205026626586914,2.6288516521453857
2,B_task,all,24,1500,3.054574966430664,2.752960681915283
2,B_task,all,25,1500,3.1853256225585938,2.926104784011841
2,B_task,no_bounce,1,227,0.960503101348877,0.843120813369751
2,B_task,no_bounce,2,227,0.9409337043762207,0.8455519080162048
2,B_task,no_bounce,3,227,0.957101583480835,0.8909386396408081
2,B_task,no_bounce,4,227,0.9759348034858704,0.8854625821113586
2,B_task,no_bounce,5,227,1.0086191892623901,0.8906620144844055
2,B_task,no_bounce,6,227,1.0464931726455688,0.9321014881134033
2,B_task,no_bounce,7,227,1.128090739250183,0.962059736251831
2,B_task,no_bounce,8,227,1.2196117639541626,1.0982102155685425
2,B_task,no_bounce,9,227,1.310774326324463,1.1913113594055176
2,B_task,no_bounce,10,227,1.405764102935791,1.2890608310699463
2,B_task,no_bounce,11,227,1.5036978721618652,1.3658627271652222
2,B_task,no_bounce,12,227,1.6211299896240234,1.4670571088790894
2,B_task,no_bounce,13,227,1.7229896783828735,1.5696476697921753
2,B_task,no_bounce,14,227,1.8457281589508057,1.6886093616485596
2,B_task,no_bounce,15,227,1.978411078453064,1.8113627433776855
2,B_task,no_bounce,16,227,2.081777811050415,1.9073177576065063
2,B_task,no_bounce,17,227,2.19943904876709,1.9745558500289917
2,B_task,no_bounce,18,227,2.300933361053467,2.0979952812194824
2,B_task,no_bounce,19,227,2.4257607460021973,2.2247791290283203
2,B_task,no_bounce,20,227,2.5500547885894775,2.2782576084136963
2,B_task,no_bounce,21,227,2.6356639862060547,2.347022533416748
2,B_task,no_bounce,22,227,2.69083571434021,2.4293949604034424
2,B_task,no_bounce,23,227,2.752525806427002,2.5343518257141113
2,B_task,no_bounce,24,227,2.8589730262756348,2.5134572982788086
2,B_task,no_bounce,25,227,3.0300657749176025,2.6771798133850098
2,B_task,bounce,1,1273,1.0307645797729492,0.9528392553329468
2,B_task,bounce,2,1273,0.9803885817527771,0.9021177887916565
2,B_task,bounce,3,1273,0.9804250001907349,0.8812819123268127
2,B_task,bounce,4,1273,1.0226088762283325,0.9152327179908752
2,B_task,bounce,5,1273,1.0919935703277588,0.9963283538818359
2,B_task,bounce,6,1273,1.1747549772262573,1.0536788702011108
2,B_task,bounce,7,1273,1.2609388828277588,1.1343979835510254
2,B_task,bounce,8,1273,1.3464165925979614,1.2192983627319336
2,B_task,bounce,9,1273,1.4448368549346924,1.3187100887298584
2,B_task,bounce,10,1273,1.534453272819519,1.3779029846191406
2,B_task,bounce,11,1273,1.6154050827026367,1.4790271520614624
2,B_task,bounce,12,1273,1.7011665105819702,1.5732009410858154
2,B_task,bounce,13,1273,1.792305588722229,1.6362091302871704
2,B_task,bounce,14,1273,1.8913971185684204,1.732603669166565
2,B_task,bounce,15,1273,1.9971387386322021,1.8416228294372559
2,B_task,bounce,16,1273,2.1097586154937744,1.9301947355270386
2,B_task,bounce,17,1273,2.21777081489563,1.9806796312332153
2,B_task,bounce,18,1273,2.3345608711242676,2.123121500015259
2,B_task,bounce,19,1273,2.442005157470703,2.2036631107330322
2,B_task,bounce,20,1273,2.562079668045044,2.347729444503784
2,B_task,bounce,21,1273,2.6917030811309814,2.4418115615844727
2,B_task,bounce,22,1273,2.821521759033203,2.5108847618103027
2,B_task,bounce,23,1273,2.950455665588379,2.6528356075286865
2,B_task,bounce,24,1273,3.0894548892974854,2.7844974994659424
2,B_task,bounce,25,1273,3.2130115032196045,2.9670069217681885
2,C_scene,all,1,1500,1.166765809059143,1.1240692138671875
2,C_scene,all,2,1500,1.1505237817764282,1.0761040449142456
2,C_scene,all,3,1500,1.1882461309432983,1.085912823677063
2,C_scene,all,4,1500,1.249953269958496,1.1388378143310547
2,C_scene,all,5,1500,1.334315538406372,1.22187077999115
2,C_scene,all,6,1500,1.418431043624878,1.287381649017334
2,C_scene,all,7,1500,1.5158382654190063,1.3847579956054688
2,C_scene,all,8,1500,1.601632833480835,1.4521934986114502
2,C_scene,all,9,1500,1.6945894956588745,1.525620460510254
2,C_scene,all,10,1500,1.802196741104126,1.633982539176941
2,C_scene,all,11,1500,1.904771327972412,1.7461588382720947
2,C_scene,all,12,1500,2.0046093463897705,1.8390564918518066
2,C_scene,all,13,1500,2.106342077255249,1.8913438320159912
2,C_scene,all,14,1500,2.209972858428955,2.0164241790771484
2,C_scene,all,15,1500,2.3135836124420166,2.1187353134155273
2,C_scene,all,16,1500,2.4190030097961426,2.2428674697875977
2,C_scene,all,17,1500,2.5241010189056396,2.3310415744781494
2,C_scene,all,18,1500,2.634230852127075,2.4118423461914062
2,C_scene,all,19,1500,2.734783887863159,2.483428478240967
2,C_scene,all,20,1500,2.8493120670318604,2.5999879837036133
2,C_scene,all,21,1500,2.969697952270508,2.685495376586914
2,C_scene,all,22,1500,3.0883138179779053,2.8044686317443848
2,C_scene,all,23,1500,3.1991608142852783,2.936678409576416
2,C_scene,all,24,1500,3.3243825435638428,3.0560431480407715
2,C_scene,all,25,1500,3.445173740386963,3.129237174987793
2,C_scene,no_bounce,1,227,1.134665846824646,1.1607227325439453
2,C_scene,no_bounce,2,227,1.1783207654953003,1.1143947839736938
2,C_scene,no_bounce,3,227,1.2331300973892212,1.1604502201080322
2,C_scene,no_bounce,4,227,1.320149302482605,1.2584552764892578
2,C_scene,no_bounce,5,227,1.3988293409347534,1.3347938060760498
2,C_scene,no_bounce,6,227,1.482871413230896,1.501254677772522
2,C_scene,no_bounce,7,227,1.5784449577331543,1.4697229862213135
2,C_scene,no_bounce,8,227,1.687801718711853,1.5026620626449585
2,C_scene,no_bounce,9,227,1.7897402048110962,1.6281750202178955
2,C_scene,no_bounce,10,227,1.8986009359359741,1.693042278289795
2,C_scene,no_bounce,11,227,2.0209944248199463,1.8169901371002197
2,C_scene,no_bounce,12,227,2.138890027999878,1.9338781833648682
2,C_scene,no_bounce,13,227,2.23876953125,2.0316131114959717
2,C_scene,no_bounce,14,227,2.3576300144195557,2.0751333236694336
2,C_scene,no_bounce,15,227,2.4825692176818848,2.1866455078125
2,C_scene,no_bounce,16,227,2.5956122875213623,2.3039803504943848
2,C_scene,no_bounce,17,227,2.7228078842163086,2.427443742752075
2,C_scene,no_bounce,18,227,2.820568561553955,2.510716438293457
2,C_scene,no_bounce,19,227,2.9340298175811768,2.643914222717285
2,C_scene,no_bounce,20,227,3.0467517375946045,2.648510456085205
2,C_scene,no_bounce,21,227,3.1261117458343506,2.739569902420044
2,C_scene,no_bounce,22,227,3.203669548034668,2.7513391971588135
2,C_scene,no_bounce,23,227,3.2686429023742676,2.937502861022949
2,C_scene,no_bounce,24,227,3.356248378753662,3.05385160446167
2,C_scene,no_bounce,25,227,3.47452449798584,3.0756101608276367
2,C_scene,bounce,1,1273,1.172489881515503,1.1207536458969116
2,C_scene,bounce,2,1273,1.1455669403076172,1.0691431760787964
2,C_scene,bounce,3,1273,1.1802424192428589,1.0699478387832642
2,C_scene,bounce,4,1273,1.2374359369277954,1.1271998882293701
2,C_scene,bounce,5,1273,1.3228116035461426,1.2094202041625977
2,C_scene,bounce,6,1273,1.40693998336792,1.2628507614135742
2,C_scene,bounce,7,1273,1.5046743154525757,1.374796748161316
2,C_scene,bounce,8,1273,1.5862674713134766,1.441062569618225
2,C_scene,bounce,9,1273,1.6776223182678223,1.515485405921936
2,C_scene,bounce,10,1273,1.785006046295166,1.6300910711288452
2,C_scene,bounce,11,1273,1.8840466737747192,1.7328497171401978
2,C_scene,bounce,12,1273,1.980664610862732,1.8217999935150146
2,C_scene,bounce,13,1273,2.0827279090881348,1.8786810636520386
2,C_scene,bounce,14,1273,2.183642864227295,2.010972023010254
2,C_scene,bounce,15,1273,2.283450126647949,2.097778081893921
2,C_scene,bounce,16,1273,2.387510299682617,2.2368175983428955
2,C_scene,bounce,17,1273,2.4886674880981445,2.313234329223633
2,C_scene,bounce,18,1273,2.6010031700134277,2.3857297897338867
2,C_scene,bounce,19,1273,2.6992545127868652,2.4544358253479004
2,C_scene,bounce,20,1273,2.8141050338745117,2.572483539581299
2,C_scene,bounce,21,1273,2.9418063163757324,2.6798057556152344
2,C_scene,bounce,22,1273,3.0677435398101807,2.8142127990722656
2,C_scene,bounce,23,1273,3.1867709159851074,2.935853958129883
2,C_scene,bounce,24,1273,3.3187003135681152,3.061675548553467
2,C_scene,bounce,25,1273,3.4399402141571045,3.131582498550415
2,D_latent,all,1,1500,16.758712768554688,17.46343994140625
2,D_latent,all,2,1500,17.22635841369629,17.986785888671875
2,D_latent,all,3,1500,17.655550003051758,18.381494522094727
2,D_latent,all,4,1500,18.04098892211914,18.923341751098633
2,D_latent,all,5,1500,18.345596313476562,19.205509185791016
2,D_latent,all,6,1500,18.577945709228516,19.369529724121094
2,D_latent,all,7,1500,18.76868438720703,19.39179229736328
2,D_latent,all,8,1500,18.88836669921875,19.624767303466797
2,D_latent,all,9,1500,18.951181411743164,19.67879867553711
2,D_latent,all,10,1500,18.98041343688965,19.752147674560547
2,D_latent,all,11,1500,18.98456573486328,19.743080139160156
2,D_latent,all,12,1500,18.968669891357422,19.743473052978516
2,D_latent,all,13,1500,18.92926025390625,19.742847442626953
2,D_latent,all,14,1500,18.859283447265625,19.67751693725586
2,D_latent,all,15,1500,18.778717041015625,19.536067962646484
2,D_latent,all,16,1500,18.690364837646484,19.339073181152344
2,D_latent,all,17,1500,18.60466957092285,19.3339786529541
2,D_latent,all,18,1500,18.51866340637207,19.342144012451172
2,D_latent,all,19,1500,18.4502010345459,19.13823699951172
2,D_latent,all,20,1500,18.396728515625,19.092588424682617
2,D_latent,all,21,1500,18.358041763305664,18.98455810546875
2,D_latent,all,22,1500,18.325944900512695,18.94618797302246
2,D_latent,all,23,1500,18.295530319213867,19.02153778076172
2,D_latent,all,24,1500,18.280160903930664,18.9565372467041
2,D_latent,all,25,1500,18.260343551635742,19.00291633605957
2,D_latent,no_bounce,1,227,12.810821533203125,11.213007926940918
2,D_latent,no_bounce,2,227,12.216940879821777,11.108670234680176
2,D_latent,no_bounce,3,227,11.684245109558105,10.635756492614746
2,D_latent,no_bounce,4,227,11.233650207519531,10.613300323486328
2,D_latent,no_bounce,5,227,10.865408897399902,10.526959419250488
2,D_latent,no_bounce,6,227,10.561749458312988,10.454057693481445
2,D_latent,no_bounce,7,227,10.367987632751465,10.04136848449707
2,D_latent,no_bounce,8,227,10.233688354492188,10.208048820495605
2,D_latent,no_bounce,9,227,10.191985130310059,10.197907447814941
2,D_latent,no_bounce,10,227,10.20011043548584,10.174566268920898
2,D_latent,no_bounce,11,227,10.296316146850586,10.433920860290527
2,D_latent,no_bounce,12,227,10.500090599060059,10.719301223754883
2,D_latent,no_bounce,13,227,10.797554969787598,11.0746488571167
2,D_latent,no_bounce,14,227,11.242379188537598,11.471942901611328
2,D_latent,no_bounce,15,227,11.780948638916016,12.165925025939941
2,D_latent,no_bounce,16,227,12.403477668762207,12.677026748657227
2,D_latent,no_bounce,17,227,13.079833984375,13.327878952026367
2,D_latent,no_bounce,18,227,13.809040069580078,14.100759506225586
2,D_latent,no_bounce,19,227,14.618313789367676,15.24555778503418
2,D_latent,no_bounce,20,227,15.462224006652832,16.133647918701172
2,D_latent,no_bounce,21,227,16.325180053710938,17.08698081970215
2,D_latent,no_bounce,22,227,17.226240158081055,18.062829971313477
2,D_latent,no_bounce,23,227,18.135793685913086,18.81004524230957
2,D_latent,no_bounce,24,227,19.081340789794922,19.731679916381836
2,D_latent,no_bounce,25,227,20.045757293701172,20.723716735839844
2,D_latent,bounce,1,1273,17.462697982788086,18.033937454223633
2,D_latent,bounce,2,1273,18.119630813598633,18.800493240356445
2,D_latent,bounce,3,1273,18.720346450805664,19.344928741455078
2,D_latent,bounce,4,1273,19.254867553710938,19.99533462524414
2,D_latent,bounce,5,1273,19.679454803466797,20.45814323425293
2,D_latent,bounce,6,1273,20.00738525390625,20.66288948059082
2,D_latent,bounce,7,1273,20.266687393188477,20.76749610900879
2,D_latent,bounce,8,1273,20.431659698486328,20.745655059814453
2,D_latent,bounce,9,1273,20.513111114501953,20.74972915649414
2,D_latent,bounce,10,1273,20.546104431152344,20.944610595703125
2,D_latent,bounce,11,1273,20.533845901489258,21.036470413208008
2,D_latent,bounce,12,1273,20.478778839111328,20.90705108642578
2,D_latent,bounce,13,1273,20.37929916381836,20.89150047302246
2,D_latent,bounce,14,1273,20.21752166748047,20.868913650512695
2,D_latent,bounce,15,1273,20.026552200317383,20.733322143554688
2,D_latent,bounce,16,1273,19.81143569946289,20.720542907714844
2,D_latent,bounce,17,1273,19.589853286743164,20.552207946777344
2,D_latent,bounce,18,1273,19.35848045349121,20.21225357055664
2,D_latent,bounce,19,1273,19.13349723815918,20.02041244506836
2,D_latent,bounce,20,1273,18.92000389099121,19.932453155517578
2,D_latent,bounce,21,1273,18.720539093017578,19.658538818359375
2,D_latent,bounce,22,1273,18.522043228149414,19.23943519592285
2,D_latent,bounce,23,1273,18.324016571044922,19.027084350585938
2,D_latent,bounce,24,1273,18.13729476928711,18.827274322509766
2,D_latent,bounce,25,1273,17.941972732543945,18.522594451904297
2,baseline_hold,all,1,1500,1.3728842735290527,1.3633556365966797
2,baseline_hold,all,2,1500,2.701704978942871,2.6637609004974365
2,baseline_hold,all,3,1500,3.994053602218628,3.937523365020752
2,baseline_hold,all,4,1500,5.22918701171875,5.194368362426758
2,baseline_hold,all,5,1500,6.393178462982178,6.271900177001953
2,baseline_hold,all,6,1500,7.493191242218018,7.362241744995117
2,baseline_hold,all,7,1500,8.545413970947266,8.428443908691406
2,baseline_hold,all,8,1500,9.552289009094238,9.512388229370117
2,baseline_hold,all,9,1500,10.498238563537598,10.428266525268555
2,baseline_hold,all,10,1500,11.429758071899414,11.284939765930176
2,baseline_hold,all,11,1500,12.331664085388184,11.994970321655273
2,baseline_hold,all,12,1500,13.215139389038086,12.989883422851562
2,baseline_hold,all,13,1500,14.04191780090332,13.695117950439453
2,baseline_hold,all,14,1500,14.823212623596191,14.349617004394531
2,baseline_hold,all,15,1500,15.570075988769531,15.015802383422852
2,baseline_hold,all,16,1500,16.30869483947754,15.703462600708008
2,baseline_hold,all,17,1500,17.03254508972168,16.366653442382812
2,baseline_hold,all,18,1500,17.734628677368164,17.038257598876953
2,baseline_hold,all,19,1500,18.413684844970703,17.629276275634766
2,baseline_hold,all,20,1500,19.0905818939209,18.11606216430664
2,baseline_hold,all,21,1500,19.754314422607422,18.783889770507812
2,baseline_hold,all,22,1500,20.393131256103516,19.367053985595703
2,baseline_hold,all,23,1500,21.012611389160156,19.91581153869629
2,baseline_hold,all,24,1500,21.62516212463379,20.552879333496094
2,baseline_hold,all,25,1500,22.208620071411133,21.246212005615234
2,baseline_hold,no_bounce,1,227,1.0985198020935059,1.0474945306777954
2,baseline_hold,no_bounce,2,227,2.2129290103912354,2.046535015106201
2,baseline_hold,no_bounce,3,227,3.2977306842803955,2.9953341484069824
2,baseline_hold,no_bounce,4,227,4.389986991882324,4.037354946136475
2,baseline_hold,no_bounce,5,227,5.498586177825928,5.0546159744262695
2,baseline_hold,no_bounce,6,227,6.605147838592529,6.107529640197754
2,baseline_hold,no_bounce,7,227,7.687849521636963,7.110507965087891
2,baseline_hold,no_bounce,8,227,8.79188060760498,8.127406120300293
2,baseline_hold,no_bounce,9,227,9.883191108703613,9.104842185974121
2,baseline_hold,no_bounce,10,227,10.967317581176758,10.106976509094238
2,baseline_hold,no_bounce,11,227,12.042811393737793,11.145174026489258
2,baseline_hold,no_bounce,12,227,13.145780563354492,12.114737510681152
2,baseline_hold,no_bounce,13,227,14.20213508605957,13.038700103759766
2,baseline_hold,no_bounce,14,227,15.289480209350586,13.955503463745117
2,baseline_hold,no_bounce,15,227,16.38262939453125,14.93683910369873
2,baseline_hold,no_bounce,16,227,17.48114585876465,15.986736297607422
2,baseline_hold,no_bounce,17,227,18.57328987121582,16.980737686157227
2,baseline_hold,no_bounce,18,227,19.651350021362305,17.996545791625977
2,baseline_hold,no_bounce,19,227,20.736520767211914,18.953811645507812
2,baseline_hold,no_bounce,20,227,21.83993148803711,20.016372680664062
2,baseline_hold,no_bounce,21,227,22.917428970336914,20.90262222290039
2,baseline_hold,no_bounce,22,227,24.01302146911621,22.022029876708984
2,baseline_hold,no_bounce,23,227,25.089679718017578,22.961450576782227
2,baseline_hold,no_bounce,24,227,26.178268432617188,23.85173988342285
2,baseline_hold,no_bounce,25,227,27.28101348876953,24.845623016357422
2,baseline_hold,bounce,1,1273,1.4218086004257202,1.4376401901245117
2,baseline_hold,bounce,2,1273,2.788862943649292,2.7571475505828857
2,baseline_hold,bounce,3,1273,4.118221282958984,4.085022449493408
2,baseline_hold,bounce,4,1273,5.378832817077637,5.338782787322998
2,baseline_hold,bounce,5,1273,6.552700519561768,6.472260475158691
2,baseline_hold,bounce,6,1273,7.651546001434326,7.557929039001465
2,baseline_hold,bounce,7,1273,8.698334693908691,8.669645309448242
2,baseline_hold,bounce,8,1273,9.687883377075195,9.809690475463867
2,baseline_hold,bounce,9,1273,10.607913970947266,10.773926734924316
2,baseline_hold,bounce,10,1273,11.512218475341797,11.591997146606445
2,baseline_hold,bounce,11,1273,12.383171081542969,12.319012641906738
2,baseline_hold,bounce,12,1273,13.227507591247559,13.16738224029541
2,baseline_hold,bounce,13,1273,14.013348579406738,13.91784954071045
2,baseline_hold,bounce,14,1273,14.740067481994629,14.402424812316895
2,baseline_hold,bounce,15,1273,15.425179481506348,15.046849250793457
2,baseline_hold,bounce,16,1273,16.099626541137695,15.590665817260742
2,baseline_hold,bounce,17,1273,16.757802963256836,16.159648895263672
2,baseline_hold,bounce,18,1273,17.392841339111328,16.678659439086914
2,baseline_hold,bounce,19,1273,17.999479293823242,17.068805694580078
2,baseline_hold,bounce,20,1273,18.600318908691406,17.586692810058594
2,baseline_hold,bounce,21,1273,19.19027328491211,18.112197875976562
2,baseline_hold,bounce,22,1273,19.747636795043945,18.55567741394043
2,baseline_hold,bounce,23,1273,20.285593032836914,18.987775802612305
2,baseline_hold,bounce,24,1273,20.813257217407227,19.793010711669922
2,baseline_hold,bounce,25,1273,21.304113388061523,20.390336990356445
2,baseline_linear,all,1,1500,0.5930630263769544,0.2651424787915014
2,baseline_linear,all,2,1500,1.1821438064439107,0.4188764892590785
2,baseline_linear,all,3,1500,1.8486302640688645,0.5603475214999951
2,baseline_linear,all,4,1500,2.6138461403092887,0.7111180099189163
2,baseline_linear,all,5,1500,3.506350937221129,0.8713757590491664
2,baseline_linear,all,6,1500,4.516730863998369,1.0720941997110862
2,baseline_linear,all,7,1500,5.631100933396358,1.3495345770473546
2,baseline_linear,all,8,1500,6.858087110243772,1.678112898416473
2,baseline_linear,all,9,1500,8.203788526327978,2.5465616659621952
2,baseline_linear,all,10,1500,9.638627582525107,4.365833829803883
2,baseline_linear,all,11,1500,11.152343226185204,6.4845203947338526
2,baseline_linear,all,12,1500,12.754752026563903,8.805308661167922
2,baseline_linear,all,13,1500,14.438849789879624,10.992852024167249
2,baseline_linear,all,14,1500,16.221144943333236,13.293968913875812
2,baseline_linear,all,15,1500,18.07515963964843,15.651664967504384
2,baseline_linear,all,16,1500,20.000017649965425,18.114038459617298
2,baseline_linear,all,17,1500,21.981442027971244,20.89837612100046
2,baseline_linear,all,18,1500,24.02497253899703,23.076177815926748
2,baseline_linear,all,19,1500,26.11060975272818,25.283191951347327
2,baseline_linear,all,20,1500,28.244540930141344,27.7435705409979
2,baseline_linear,all,21,1500,30.4111105245765,30.407729849584328
2,baseline_linear,all,22,1500,32.588882443834976,32.61526640705408
2,baseline_linear,all,23,1500,34.780930602992576,34.88131170238177
2,baseline_linear,all,24,1500,36.97878391018518,36.93327393967839
2,baseline_linear,all,25,1500,39.14987208286446,39.06928458110746
2,baseline_linear,no_bounce,1,227,0.923769304598567,0.32684905594157676
2,baseline_linear,no_bounce,2,227,1.767221809328197,0.5040108075459455
2,baseline_linear,no_bounce,3,227,2.5844019284300246,0.6217134372227147
2,baseline_linear,no_bounce,4,227,3.3815053360085914,0.7535241313873705
2,baseline_linear,no_bounce,5,227,4.196960149104807,0.8391029305727598
2,baseline_linear,no_bounce,6,227,5.004074769055953,0.965822690531818
2,baseline_linear,no_bounce,7,227,5.822700295807769,1.1216735230736108
2,baseline_linear,no_bounce,8,227,6.6603030835557755,1.23816086859412
2,baseline_linear,no_bounce,9,227,7.48443582419795,1.3960638910398757
2,baseline_linear,no_bounce,10,227,8.309970213851626,1.584584528519011
2,baseline_linear,no_bounce,11,227,9.129190683639973,1.685213516760283
2,baseline_linear,no_bounce,12,227,9.961749412387574,1.8406453187104341
2,baseline_linear,no_bounce,13,227,10.76394862091177,1.8879846369024014
2,baseline_linear,no_bounce,14,227,11.561931417890154,2.0483776202704047
2,baseline_linear,no_bounce,15,227,12.368362737265322,2.1874233506685146
2,baseline_linear,no_bounce,16,227,13.184684616414975,2.298836956144745
2,baseline_linear,no_bounce,17,227,14.002144898023927,2.4086364879575957
2,baseline_linear,no_bounce,18,227,14.80377974802575,2.4616039944514223
2,baseline_linear,no_bounce,19,227,15.623465787421939,2.647607349596697
2,baseline_linear,no_bounce,20,227,16.449180699056104,2.7521375914658486
2,baseline_linear,no_bounce,21,227,17.23785332945004,2.89797751166201
2,baseline_linear,no_bounce,22,227,18.04324700149029,2.9728101499280153
2,baseline_linear,no_bounce,23,227,18.852516461114963,3.0850535316178704
2,baseline_linear,no_bounce,24,227,19.661442123978542,3.1539856844082665
2,baseline_linear,no_bounce,25,227,20.474616486365413,3.2785306299657213
2,baseline_linear,bounce,1,1273,0.5340918361520479,0.2597177209817787
2,baseline_linear,bounce,2,1273,1.07781332203328,0.4070581462540518
2,baseline_linear,bounce,3,1273,1.7174282469361202,0.5507297207713481
2,baseline_linear,bounce,4,1273,2.4769579726551325,0.6971640215943157
2,baseline_linear,bounce,5,1273,3.3832022403652022,0.8738822672535678
2,baseline_linear,bounce,6,1273,4.429828219498705,1.0959073208653303
2,baseline_linear,bounce,7,1273,5.596935139784896,1.3800072393919072
2,baseline_linear,bounce,8,1273,6.893355746581694,1.9511518601772528
2,baseline_linear,bounce,9,1273,8.332062731656741,3.486233802598078
2,baseline_linear,bounce,10,1273,9.87555234504583,5.793370246089973
2,baseline_linear,bounce,11,1273,11.513109626152028,7.864150937682093
2,baseline_linear,bounce,12,1273,13.252797268840437,10.402633225763717
2,baseline_linear,bounce,13,1273,15.094154240276877,12.814611510284008
2,baseline_linear,bounce,14,1273,17.05197092155443,14.985771100694926
2,baseline_linear,bounce,15,1273,19.092789566467726,17.312770405919128
2,baseline_linear,bounce,16,1273,21.215320555398225,19.77937838173422
2,baseline_linear,bounce,17,1273,23.404301767561222,22.250479054275512
2,baseline_linear,bounce,18,1273,25.669285786090892,24.888724818445095
2,baseline_linear,bounce,19,1273,27.980666060760008,27.272495419741468
2,baseline_linear,bounce,20,1273,30.347876965063847,29.821267311162675
2,baseline_linear,bounce,21,1273,32.76015167406096,32.021597146487316
2,baseline_linear,bounce,22,1273,35.182644616193386,34.32574384488362
2,baseline_linear,bounce,23,1273,37.621268395770436,36.62798386406869
2,baseline_linear,bounce,24,1273,40.06679379664936,38.79894610792385
2,baseline_linear,bounce,25,1273,42.480023709262966,40.98350875477337
3,A_recon,all,1,1500,0.7117097973823547,0.6229804158210754
3,A_recon,all,2,1500,0.7757651209831238,0.6827538013458252
3,A_recon,all,3,1500,0.8733079433441162,0.7786732912063599
3,A_recon,all,4,1500,0.9775515794754028,0.8787474036216736
3,A_recon,all,5,1500,1.0665032863616943,0.9633018970489502
3,A_recon,all,6,1500,1.166128396987915,1.0657308101654053
3,A_recon,all,7,1500,1.2643346786499023,1.1570147275924683
3,A_recon,all,8,1500,1.3626717329025269,1.2585117816925049
3,A_recon,all,9,1500,1.4652100801467896,1.3478035926818848
3,A_recon,all,10,1500,1.568723440170288,1.4484062194824219
3,A_recon,all,11,1500,1.6612744331359863,1.5458143949508667
3,A_recon,all,12,1500,1.7482550144195557,1.62445867061615
3,A_recon,all,13,1500,1.8501536846160889,1.7058672904968262
3,A_recon,all,14,1500,1.9435741901397705,1.8103067874908447
3,A_recon,all,15,1500,2.0550196170806885,1.8911774158477783
3,A_recon,all,16,1500,2.169534921646118,1.9950426816940308
3,A_recon,all,17,1500,2.2694811820983887,2.0716423988342285
3,A_recon,all,18,1500,2.367357015609741,2.159925699234009
3,A_recon,all,19,1500,2.4676077365875244,2.2484617233276367
3,A_recon,all,20,1500,2.569875717163086,2.313227653503418
3,A_recon,all,21,1500,2.6784050464630127,2.4286203384399414
3,A_recon,all,22,1500,2.7794277667999268,2.550501823425293
3,A_recon,all,23,1500,2.879964590072632,2.651243209838867
3,A_recon,all,24,1500,2.9889235496520996,2.7621660232543945
3,A_recon,all,25,1500,3.093961477279663,2.8141255378723145
3,A_recon,no_bounce,1,214,0.739772617816925,0.6567261219024658
3,A_recon,no_bounce,2,214,0.7589888572692871,0.673697829246521
3,A_recon,no_bounce,3,214,0.829826295375824,0.7583473920822144
3,A_recon,no_bounce,4,214,0.9120141267776489,0.8044331669807434
3,A_recon,no_bounce,5,214,1.0076936483383179,0.9199860692024231
3,A_recon,no_bounce,6,214,1.1218104362487793,1.040360927581787
3,A_recon,no_bounce,7,214,1.2550550699234009,1.1474525928497314
3,A_recon,no_bounce,8,214,1.3693958520889282,1.250746488571167
3,A_recon,no_bounce,9,214,1.477213740348816,1.2966076135635376
3,A_recon,no_bounce,10,214,1.587383508682251,1.4109724760055542
3,A_recon,no_bounce,11,214,1.721035122871399,1.5351684093475342
3,A_recon,no_bounce,12,214,1.8266068696975708,1.625658631324768
3,A_recon,no_bounce,13,214,1.94288170337677,1.7357457876205444
3,A_recon,no_bounce,14,214,2.077613592147827,1.8560819625854492
3,A_recon,no_bounce,15,214,2.1845664978027344,1.8932230472564697
3,A_recon,no_bounce,16,214,2.259953022003174,1.9410333633422852
3,A_recon,no_bounce,17,214,2.3731162548065186,2.1021409034729004
3,A_recon,no_bounce,18,214,2.488914966583252,2.26213002204895
3,A_recon,no_bounce,19,214,2.6191954612731934,2.3273911476135254
3,A_recon,no_bounce,20,214,2.7298293113708496,2.3106918334960938
3,A_recon,no_bounce,21,214,2.8121790885925293,2.3081820011138916
3,A_recon,no_bounce,22,214,2.8440425395965576,2.3597424030303955
3,A_recon,no_bounce,23,214,2.868147850036621,2.4243826866149902
3,A_recon,no_bounce,24,214,2.9124293327331543,2.4384758472442627
3,A_recon,no_bounce,25,214,3.0747628211975098,2.5551464557647705
3,A_recon,bounce,1,1286,0.7070398926734924,0.6150212287902832
3,A_recon,bounce,2,1286,0.7785568237304688,0.6834179162979126
3,A_recon,bounce,3,1286,0.8805436491966248,0.7839359045028687
3,A_recon,bounce,4,1286,0.9884575009346008,0.8886821269989014
3,A_recon,bounce,5,1286,1.0762895345687866,0.9682319760322571
3,A_recon,bounce,6,1286,1.1735032796859741,1.0694048404693604
3,A_recon,bounce,7,1286,1.2658787965774536,1.1581218242645264
3,A_recon,bounce,8,1286,1.3615527153015137,1.2612128257751465
3,A_recon,bounce,9,1286,1.4632126092910767,1.3660993576049805
3,A_recon,bounce,10,1286,1.5656183958053589,1.4531519412994385
3,A_recon,bounce,11,1286,1.651329755783081,1.5491907596588135
3,A_recon,bounce,12,1286,1.735216736793518,1.62445867061615
3,A_recon,bounce,13,1286,1.834722876548767,1.6955301761627197
3,A_recon,bounce,14,1286,1.921269178390503,1.8066041469573975
3,A_recon,bounce,15,1286,2.033461809158325,1.8911774158477783
3,A_recon,bounce,16,1286,2.1544888019561768,1.9976320266723633
3,A_recon,bounce,17,1286,2.2522358894348145,2.0661048889160156
3,A_recon,bounce,18,1286,2.3471291065216064,2.151865005493164
3,A_recon,bounce,19,1286,2.442382335662842,2.2281665802001953
3,A_recon,bounce,20,1286,2.5432581901550293,2.3173108100891113
3,A_recon,bounce,21,1286,2.656144142150879,2.4373581409454346
3,A_recon,bounce,22,1286,2.7686753273010254,2.561534881591797
3,A_recon,bounce,23,1286,2.8819308280944824,2.6894454956054688
3,A_recon,bounce,24,1286,3.001652717590332,2.8077540397644043
3,A_recon,bounce,25,1286,3.097156286239624,2.8546199798583984
3,B_task,all,1,1500,0.8019404411315918,0.7542058229446411
3,B_task,all,2,1500,0.8100206851959229,0.7638115882873535
3,B_task,all,3,1500,0.8958200812339783,0.8290398120880127
3,B_task,all,4,1500,0.9949324727058411,0.9297257661819458
3,B_task,all,5,1500,1.0768094062805176,0.9981693625450134
3,B_task,all,6,1500,1.1552023887634277,1.0730788707733154
3,B_task,all,7,1500,1.2383097410202026,1.1358790397644043
3,B_task,all,8,1500,1.324402093887329,1.2365069389343262
3,B_task,all,9,1500,1.4310191869735718,1.2999483346939087
3,B_task,all,10,1500,1.5306851863861084,1.4180328845977783
3,B_task,all,11,1500,1.6217024326324463,1.4887263774871826
3,B_task,all,12,1500,1.6975992918014526,1.5536792278289795
3,B_task,all,13,1500,1.7924460172653198,1.6329445838928223
3,B_task,all,14,1500,1.8880480527877808,1.7233315706253052
3,B_task,all,15,1500,1.9890193939208984,1.8054946660995483
3,B_task,all,16,1500,2.1056735515594482,1.9035779237747192
3,B_task,all,17,1500,2.200876474380493,1.9842615127563477
3,B_task,all,18,1500,2.295713424682617,2.1104888916015625
3,B_task,all,19,1500,2.395951747894287,2.1688079833984375
3,B_task,all,20,1500,2.5056793689727783,2.279041290283203
3,B_task,all,21,1500,2.623760461807251,2.353647232055664
3,B_task,all,22,1500,2.732090473175049,2.451864719390869
3,B_task,all,23,1500,2.840533971786499,2.5661046504974365
3,B_task,all,24,1500,2.937509059906006,2.6586060523986816
3,B_task,all,25,1500,3.0468881130218506,2.7843685150146484
3,B_task,no_bounce,1,214,0.8346391916275024,0.8157895803451538
3,B_task,no_bounce,2,214,0.7853526473045349,0.7436667680740356
3,B_task,no_bounce,3,214,0.848915159702301,0.8161134123802185
3,B_task,no_bounce,4,214,0.904680609703064,0.8466520309448242
3,B_task,no_bounce,5,214,0.9867335557937622,0.9294307231903076
3,B_task,no_bounce,6,214,1.0799943208694458,1.0361871719360352
3,B_task,no_bounce,7,214,1.1831071376800537,1.0793333053588867
3,B_task,no_bounce,8,214,1.2681536674499512,1.1542537212371826
3,B_task,no_bounce,9,214,1.3724827766418457,1.2117805480957031
3,B_task,no_bounce,10,214,1.4772570133209229,1.3295879364013672
3,B_task,no_bounce,11,214,1.579339623451233,1.4406564235687256
3,B_task,no_bounce,12,214,1.6678194999694824,1.411467432975769
3,B_task,no_bounce,13,214,1.7731736898422241,1.4800097942352295
3,B_task,no_bounce,14,214,1.8809908628463745,1.633947730064392
3,B_task,no_bounce,15,214,1.995388388633728,1.708194613456726
3,B_task,no_bounce,16,214,2.069413185119629,1.71988844871521
3,B_task,no_bounce,17,214,2.1544713973999023,1.7816672325134277
3,B_task,no_bounce,18,214,2.2654848098754883,1.9473087787628174
3,B_task,no_bounce,19,214,2.3844094276428223,2.049361228942871
3,B_task,no_bounce,20,214,2.4790267944335938,2.1377487182617188
3,B_task,no_bounce,21,214,2.5827980041503906,2.227829694747925
3,B_task,no_bounce,22,214,2.634120464324951,2.2390079498291016
3,B_task,no_bounce,23,214,2.677009344100952,2.2405166625976562
3,B_task,no_bounce,24,214,2.7104570865631104,2.3368489742279053
3,B_task,no_bounce,25,214,2.8256077766418457,2.547555923461914
3,B_task,bounce,1,1286,0.7964991927146912,0.7440365552902222
3,B_task,bounce,2,1286,0.814125657081604,0.7647053003311157
3,B_task,bounce,3,1286,0.9036253690719604,0.8322427272796631
3,B_task,bounce,4,1286,1.009950876235962,0.9474965333938599
3,B_task,bounce,5,1286,1.0917987823486328,1.0064711570739746
3,B_task,bounce,6,1286,1.1677175760269165,1.0837825536727905
3,B_task,bounce,7,1286,1.2474958896636963,1.1564403772354126
3,B_task,bounce,8,1286,1.333762288093567,1.2465463876724243
3,B_task,bounce,9,1286,1.4407600164413452,1.312608003616333
3,B_task,bounce,10,1286,1.5395760536193848,1.4281541109085083
3,B_task,bounce,11,1286,1.6287521123886108,1.5032782554626465
3,B_task,bounce,12,1286,1.702554702758789,1.571863055229187
3,B_task,bounce,13,1286,1.7956531047821045,1.645064353942871
3,B_task,bounce,14,1286,1.8892220258712769,1.7600116729736328
3,B_task,bounce,15,1286,1.987959623336792,1.8182460069656372
3,B_task,bounce,16,1286,2.111707925796509,1.9154942035675049
3,B_task,bounce,17,1286,2.2085986137390137,1.9978876113891602
3,B_task,bounce,18,1286,2.300743818283081,2.1347837448120117
3,B_task,bounce,19,1286,2.3978724479675293,2.192056655883789
3,B_task,bounce,20,1286,2.5101146697998047,2.297973155975342
3,B_task,bounce,21,1286,2.6305766105651855,2.371610164642334
3,B_task,bounce,22,1286,2.7483935356140137,2.5025973320007324
3,B_task,bounce,23,1286,2.8677453994750977,2.605841636657715
3,B_task,bounce,24,1286,2.975292444229126,2.720741033554077
3,B_task,bounce,25,1286,3.083710193634033,2.812317371368408
3,C_scene,all,1,1500,0.9042263031005859,0.7535510659217834
3,C_scene,all,2,1500,0.9557584524154663,0.8362594842910767
3,C_scene,all,3,1500,1.0429513454437256,0.9076635837554932
3,C_scene,all,4,1500,1.1525393724441528,1.012502908706665
3,C_scene,all,5,1500,1.2458641529083252,1.0765762329101562
3,C_scene,all,6,1500,1.3487852811813354,1.1764307022094727
3,C_scene,all,7,1500,1.4639407396316528,1.2888970375061035
3,C_scene,all,8,1500,1.5697368383407593,1.3829245567321777
3,C_scene,all,9,1500,1.6878366470336914,1.494463324546814
3,C_scene,all,10,1500,1.8016269207000732,1.5916178226470947
3,C_scene,all,11,1500,1.9065370559692383,1.6919128894805908
3,C_scene,all,12,1500,1.999998688697815,1.8043192625045776
3,C_scene,all,13,1500,2.114497423171997,1.8760005235671997
3,C_scene,all,14,1500,2.222989797592163,1.996142864227295
3,C_scene,all,15,1500,2.3344292640686035,2.132803440093994
3,C_scene,all,16,1500,2.453638792037964,2.195007801055908
3,C_scene,all,17,1500,2.579453706741333,2.3331236839294434
3,C_scene,all,18,1500,2.6991183757781982,2.4086544513702393
3,C_scene,all,19,1500,2.812596321105957,2.5139951705932617
3,C_scene,all,20,1500,2.9187819957733154,2.63010573387146
3,C_scene,all,21,1500,3.0258777141571045,2.772261142730713
3,C_scene,all,22,1500,3.1453428268432617,2.8465652465820312
3,C_scene,all,23,1500,3.2702724933624268,2.9285666942596436
3,C_scene,all,24,1500,3.38246750831604,3.0169453620910645
3,C_scene,all,25,1500,3.4920530319213867,3.150270938873291
3,C_scene,no_bounce,1,214,0.9486949443817139,0.8525466918945312
3,C_scene,no_bounce,2,214,0.9670894742012024,0.8553137183189392
3,C_scene,no_bounce,3,214,1.0554100275039673,0.9471242427825928
3,C_scene,no_bounce,4,214,1.126115322113037,1.00291907787323
3,C_scene,no_bounce,5,214,1.2557131052017212,1.0799634456634521
3,C_scene,no_bounce,6,214,1.3660709857940674,1.1562261581420898
3,C_scene,no_bounce,7,214,1.5014476776123047,1.291108250617981
3,C_scene,no_bounce,8,214,1.6138968467712402,1.4341416358947754
3,C_scene,no_bounce,9,214,1.7546101808547974,1.6359825134277344
3,C_scene,no_bounce,10,214,1.8886045217514038,1.711961269378662
3,C_scene,no_bounce,11,214,2.034903049468994,1.8439221382141113
3,C_scene,no_bounce,12,214,2.1706249713897705,1.9622366428375244
3,C_scene,no_bounce,13,214,2.30804705619812,2.0400307178497314
3,C_scene,no_bounce,14,214,2.458808660507202,2.157578468322754
3,C_scene,no_bounce,15,214,2.5974624156951904,2.2532763481140137
3,C_scene,no_bounce,16,214,2.7117037773132324,2.4471635818481445
3,C_scene,no_bounce,17,214,2.8353755474090576,2.5148239135742188
3,C_scene,no_bounce,18,214,2.9590277671813965,2.6569552421569824
3,C_scene,no_bounce,19,214,3.0958640575408936,2.71929931640625
3,C_scene,no_bounce,20,214,3.2075326442718506,2.783097267150879
3,C_scene,no_bounce,21,214,3.3202836513519287,2.937910556793213
3,C_scene,no_bounce,22,214,3.399764060974121,3.051182270050049
3,C_scene,no_bounce,23,214,3.4394760131835938,2.9592418670654297
3,C_scene,no_bounce,24,214,3.4838318824768066,3.028449058532715
3,C_scene,no_bounce,25,214,3.628366708755493,3.2670657634735107
3,C_scene,bounce,1,1286,0.8968263864517212,0.7419313192367554
3,C_scene,bounce,2,1286,0.9538729190826416,0.8278986215591431
3,C_scene,bounce,3,1286,1.040878176689148,0.9014360904693604
3,C_scene,bounce,4,1286,1.156936526298523,1.0145163536071777
3,C_scene,bounce,5,1286,1.244225263595581,1.0763078927993774
3,C_scene,bounce,6,1286,1.3459088802337646,1.1841669082641602
3,C_scene,bounce,7,1286,1.457699179649353,1.2867372035980225
3,C_scene,bounce,8,1286,1.562388300895691,1.375415325164795
3,C_scene,bounce,9,1286,1.6767247915267944,1.4674277305603027
3,C_scene,bounce,10,1286,1.7871533632278442,1.5723848342895508
3,C_scene,bounce,11,1286,1.8851763010025024,1.6587071418762207
3,C_scene,bounce,12,1286,1.9716053009033203,1.7540090084075928
3,C_scene,bounce,13,1286,2.082288980484009,1.844736099243164
3,C_scene,bounce,14,1286,2.1837480068206787,1.9569590091705322
3,C_scene,bounce,15,1286,2.290658950805664,2.106598377227783
3,C_scene,bounce,16,1286,2.4106945991516113,2.1465909481048584
3,C_scene,bounce,17,1286,2.5368666648864746,2.290952444076538
3,C_scene,bounce,18,1286,2.655867338180542,2.356616497039795
3,C_scene,bounce,19,1286,2.765458583831787,2.465580940246582
3,C_scene,bounce,20,1286,2.870731830596924,2.591649293899536
3,C_scene,bounce,21,1286,2.97688627243042,2.7515292167663574
3,C_scene,bounce,22,1286,3.1030051708221436,2.834750175476074
3,C_scene,bounce,23,1286,3.2421157360076904,2.923232316970825
3,C_scene,bounce,24,1286,3.365600109100342,3.0101571083068848
3,C_scene,bounce,25,1286,3.469369649887085,3.1216912269592285
3,D_latent,all,1,1500,16.932729721069336,17.702489852905273
3,D_latent,all,2,1500,17.371971130371094,18.04718780517578
3,D_latent,all,3,1500,17.772865295410156,18.6121826171875
3,D_latent,all,4,1500,18.146541595458984,18.965627670288086
3,D_latent,all,5,1500,18.465316772460938,19.318727493286133
3,D_latent,all,6,1500,18.70576286315918,19.579505920410156
3,D_latent,all,7,1500,18.85467529296875,19.72792625427246
3,D_latent,all,8,1500,18.949241638183594,19.865989685058594
3,D_latent,all,9,1500,18.989591598510742,19.817161560058594
3,D_latent,all,10,1500,18.990705490112305,19.921558380126953
3,D_latent,all,11,1500,18.955108642578125,19.787845611572266
3,D_latent,all,12,1500,18.898916244506836,19.816429138183594
3,D_latent,all,13,1500,18.807010650634766,19.794511795043945
3,D_latent,all,14,1500,18.695960998535156,19.662315368652344
3,D_latent,all,15,1500,18.580419540405273,19.545215606689453
3,D_latent,all,16,1500,18.4617977142334,19.41677474975586
3,D_latent,all,17,1500,18.33326530456543,19.263891220092773
3,D_latent,all,18,1500,18.227012634277344,19.19278907775879
3,D_latent,all,19,1500,18.128890991210938,19.11412811279297
3,D_latent,all,20,1500,18.065216064453125,18.971115112304688
3,D_latent,all,21,1500,18.03083610534668,18.831329345703125
3,D_latent,all,22,1500,18.0241641998291,18.786874771118164
3,D_latent,all,23,1500,18.041961669921875,18.740413665771484
3,D_latent,all,24,1500,18.07098388671875,18.775371551513672
3,D_latent,all,25,1500,18.103919982910156,18.786348342895508
3,D_latent,no_bounce,1,214,13.863809585571289,13.590139389038086
3,D_latent,no_bounce,2,214,13.18013858795166,13.386710166931152
3,D_latent,no_bounce,3,214,12.561516761779785,13.38149642944336
3,D_latent,no_bounce,4,214,12.016487121582031,12.69125747680664
3,D_latent,no_bounce,5,214,11.543972969055176,12.255955696105957
3,D_latent,no_bounce,6,214,11.145630836486816,11.508279800415039
3,D_latent,no_bounce,7,214,10.831949234008789,10.975822448730469
3,D_latent,no_bounce,8,214,10.547027587890625,10.50737476348877
3,D_latent,no_bounce,9,214,10.343462944030762,9.89065170288086
3,D_latent,no_bounce,10,214,10.229147911071777,9.823925018310547
3,D_latent,no_bounce,11,214,10.2243013381958,9.828155517578125
3,D_latent,no_bounce,12,214,10.336710929870605,9.939905166625977
3,D_latent,no_bounce,13,214,10.561972618103027,10.461535453796387
3,D_latent,no_bounce,14,214,10.928468704223633,10.613275527954102
3,D_latent,no_bounce,15,214,11.420100212097168,11.113143920898438
3,D_latent,no_bounce,16,214,12.012467384338379,11.794290542602539
3,D_latent,no_bounce,17,214,12.672758102416992,12.294682502746582
3,D_latent,no_bounce,18,214,13.432158470153809,13.169329643249512
3,D_latent,no_bounce,19,214,14.231707572937012,13.875186920166016
3,D_latent,no_bounce,20,214,15.09506893157959,14.799775123596191
3,D_latent,no_bounce,21,214,15.985025405883789,16.235607147216797
3,D_latent,no_bounce,22,214,16.919084548950195,17.529586791992188
3,D_latent,no_bounce,23,214,17.869037628173828,18.743934631347656
3,D_latent,no_bounce,24,214,18.877111434936523,19.57634735107422
3,D_latent,no_bounce,25,214,19.88136100769043,20.96963119506836
3,D_latent,bounce,1,1286,17.44342041015625,18.000656127929688
3,D_latent,bounce,2,1286,18.069522857666016,18.682825088500977
3,D_latent,bounce,3,1286,18.640071868896484,19.40079116821289
3,D_latent,bounce,4,1286,19.1666259765625,19.986675262451172
3,D_latent,bounce,5,1286,19.617082595825195,20.331296920776367
3,D_latent,bounce,6,1286,19.96382713317871,20.582643508911133
3,D_latent,bounce,7,1286,20.189716339111328,20.86180305480957
3,D_latent,bounce,8,1286,20.34743309020996,20.993419647216797
3,D_latent,bounce,9,1286,20.42837142944336,21.031564712524414
3,D_latent,bounce,10,1286,20.448692321777344,21.042245864868164
3,D_latent,bounce,11,1286,20.407981872558594,20.979633331298828
3,D_latent,bounce,12,1286,20.323732376098633,20.857515335083008
3,D_latent,bounce,13,1286,20.179046630859375,20.848617553710938
3,D_latent,bounce,14,1286,19.9885311126709,20.87360191345215
3,D_latent,bounce,15,1286,19.77195167541504,20.72681999206543
3,D_latent,bounce,16,1286,19.53501319885254,20.47077178955078
3,D_latent,bounce,17,1286,19.27521514892578,20.273193359375
3,D_latent,bounce,18,1286,19.024913787841797,20.072952270507812
3,D_latent,bounce,19,1286,18.77741241455078,19.879655838012695
3,D_latent,bounce,20,1286,18.559471130371094,19.49401092529297
3,D_latent,bounce,21,1286,18.371273040771484,19.273841857910156
3,D_latent,bounce,22,1286,18.208057403564453,19.048839569091797
3,D_latent,bounce,23,1286,18.070735931396484,18.722354888916016
3,D_latent,bounce,24,1286,17.93683624267578,18.650634765625
3,D_latent,bounce,25,1286,17.808137893676758,18.476791381835938
3,baseline_hold,all,1,1500,1.4127122163772583,1.4052985906600952
3,baseline_hold,all,2,1500,2.767132043838501,2.7604587078094482
3,baseline_hold,all,3,1500,4.0732293128967285,4.083240509033203
3,baseline_hold,all,4,1500,5.349461078643799,5.3174028396606445
3,baseline_hold,all,5,1500,6.5698723793029785,6.487427711486816
3,baseline_hold,all,6,1500,7.712348937988281,7.643196105957031
3,baseline_hold,all,7,1500,8.776385307312012,8.640399932861328
3,baseline_hold,all,8,1500,9.798035621643066,9.606623649597168
3,baseline_hold,all,9,1500,10.77197265625,10.59849739074707
3,baseline_hold,all,10,1500,11.709432601928711,11.555146217346191
3,baseline_hold,all,11,1500,12.60586166381836,12.370737075805664
3,baseline_hold,all,12,1500,13.470616340637207,13.183868408203125
3,baseline_hold,all,13,1500,14.307785987854004,13.879964828491211
3,baseline_hold,all,14,1500,15.11704158782959,14.636555671691895
3,baseline_hold,all,15,1500,15.899770736694336,15.289484977722168
3,baseline_hold,all,16,1500,16.664873123168945,16.118003845214844
3,baseline_hold,all,17,1500,17.392507553100586,16.935949325561523
3,baseline_hold,all,18,1500,18.104738235473633,17.407920837402344
3,baseline_hold,all,19,1500,18.80303192138672,17.97286605834961
3,baseline_hold,all,20,1500,19.501251220703125,18.658130645751953
3,baseline_hold,all,21,1500,20.195146560668945,19.432918548583984
3,baseline_hold,all,22,1500,20.8844051361084,20.09356689453125
3,baseline_hold,all,23,1500,21.555835723876953,20.53580093383789
3,baseline_hold,all,24,1500,22.21931266784668,21.056684494018555
3,baseline_hold,all,25,1500,22.846546173095703,21.787281036376953
3,baseline_hold,no_bounce,1,214,1.1544463634490967,1.0849727392196655
3,baseline_hold,no_bounce,2,214,2.2878096103668213,2.1347320079803467
3,baseline_hold,no_bounce,3,214,3.442767858505249,3.2001678943634033
3,baseline_hold,no_bounce,4,214,4.588301181793213,4.179945945739746
3,baseline_hold,no_bounce,5,214,5.725598335266113,5.156216621398926
3,baseline_hold,no_bounce,6,214,6.862796306610107,6.282064437866211
3,baseline_hold,no_bounce,7,214,8.004056930541992,7.277959823608398
3,baseline_hold,no_bounce,8,214,9.147723197937012,8.308441162109375
3,baseline_hold,no_bounce,9,214,10.30909252166748,9.413745880126953
3,baseline_hold,no_bounce,10,214,11.441922187805176,10.369165420532227
3,baseline_hold,no_bounce,11,214,12.585334777832031,11.516192436218262
3,baseline_hold,no_bounce,12,214,13.73304271697998,12.518147468566895
3,baseline_hold,no_bounce,13,214,14.85263729095459,13.414190292358398
3,baseline_hold,no_bounce,14,214,16.006582260131836,14.533394813537598
3,baseline_hold,no_bounce,15,214,17.150238037109375,15.566963195800781
3,baseline_hold,no_bounce,16,214,18.306739807128906,16.601642608642578
3,baseline_hold,no_bounce,17,214,19.424711227416992,17.622652053833008
3,baseline_hold,no_bounce,18,214,20.57818031311035,18.62356948852539
3,baseline_hold,no_bounce,19,214,21.71886444091797,19.63933563232422
3,baseline_hold,no_bounce,20,214,22.868261337280273,20.683229446411133
3,baseline_hold,no_bounce,21,214,23.994905471801758,21.664731979370117
3,baseline_hold,no_bounce,22,214,25.138525009155273,22.76078224182129
3,baseline_hold,no_bounce,23,214,26.25227165222168,23.80638313293457
3,baseline_hold,no_bounce,24,214,27.421022415161133,24.916744232177734
3,baseline_hold,no_bounce,25,214,28.5572566986084,26.02698516845703
3,baseline_hold,bounce,1,1286,1.4556896686553955,1.4735987186431885
3,baseline_hold,bounce,2,1286,2.8468949794769287,2.861724853515625
3,baseline_hold,bounce,3,1286,4.17814302444458,4.234962463378906
3,baseline_hold,bounce,4,1286,5.476123809814453,5.532733917236328
3,baseline_hold,bounce,5,1286,6.710364818572998,6.724553108215332
3,baseline_hold,bounce,6,1286,7.853720664978027,7.898433685302734
3,baseline_hold,bounce,7,1286,8.904906272888184,8.990829467773438
3,baseline_hold,bounce,8,1286,9.906251907348633,9.815269470214844
3,baseline_hold,bounce,9,1286,10.848999977111816,10.786726951599121
3,baseline_hold,bounce,10,1286,11.753947257995605,11.70303726196289
3,baseline_hold,bounce,11,1286,12.609277725219727,12.515189170837402
3,baseline_hold,bounce,12,1286,13.426944732666016,13.434585571289062
3,baseline_hold,bounce,13,1286,14.217119216918945,13.912424087524414
3,baseline_hold,bounce,14,1286,14.969016075134277,14.65256118774414
3,baseline_hold,bounce,15,1286,15.691683769226074,15.225116729736328
3,baseline_hold,bounce,16,1286,16.39165496826172,16.05502700805664
3,baseline_hold,bounce,17,1286,17.05433464050293,16.696643829345703
3,baseline_hold,bounce,18,1286,17.693140029907227,17.161861419677734
3,baseline_hold,bounce,19,1286,18.31781578063965,17.64310646057129
3,baseline_hold,bounce,20,1286,18.940956115722656,18.057353973388672
3,baseline_hold,bounce,21,1286,19.562837600708008,18.82830810546875
3,baseline_hold,bounce,22,1286,20.176485061645508,19.346527099609375
3,baseline_hold,bounce,23,1286,20.77431297302246,19.77532958984375
3,baseline_hold,bounce,24,1286,21.353710174560547,20.252910614013672
3,baseline_hold,bounce,25,1286,21.896240234375,20.79656219482422
3,baseline_linear,all,1,1500,0.6387140460114744,0.2766623856874153
3,baseline_linear,all,2,1500,1.2844865645841559,0.4169797261213345
3,baseline_linear,all,3,1500,2.035951761861748,0.5744488294537263
3,baseline_linear,all,4,1500,2.868809336138408,0.7128938632840058
3,baseline_linear,all,5,1500,3.801169112055863,0.8930521409081404
3,baseline_linear,all,6,1500,4.872728782074136,1.13468855619711
3,baseline_linear,all,7,1500,6.073774158872687,1.429377792709676
3,baseline_linear,all,8,1500,7.393107592434249,1.9166221410933137
3,baseline_linear,all,9,1500,8.816924625517839,3.363920460035148
3,baseline_linear,all,10,1500,10.340318132616781,5.57227799133572
3,baseline_linear,all,11,1500,11.969344722913423,7.978062215924966
3,baseline_linear,all,12,1500,13.680345400069745,10.101825909517785
3,baseline_linear,all,13,1500,15.481213963155685,12.642855074364748
3,baseline_linear,all,14,1500,17.37411183301812,15.208454792933345
3,baseline_linear,all,15,1500,19.321892118734386,17.86012343353865
3,baseline_linear,all,16,1500,21.347728188575537,20.290898568890995
3,baseline_linear,all,17,1500,23.44546405715838,22.91506896403917
3,baseline_linear,all,18,1500,25.594061477806267,25.16188335887628
3,baseline_linear,all,19,1500,27.794495372993378,27.5806371483532
3,baseline_linear,all,20,1500,30.026838297871567,30.121990853160113
3,baseline_linear,all,21,1500,32.28129911633868,32.32308583764808
3,baseline_linear,all,22,1500,34.55912922178424,35.02329553406065
3,baseline_linear,all,23,1500,36.83121800333401,37.17417051869422
3,baseline_linear,all,24,1500,39.11606828223187,39.49532106777187
3,baseline_linear,all,25,1500,41.38725155442138,41.93140890264847
3,baseline_linear,no_bounce,1,214,1.095321444463463,0.41406508714131823
3,baseline_linear,no_bounce,2,214,2.1126547204033743,0.6196425135387611
3,baseline_linear,no_bounce,3,214,3.1550883020485383,0.8067338092979224
3,baseline_linear,no_bounce,4,214,4.152180169508846,0.9878578584516373
3,baseline_linear,no_bounce,5,214,5.174747173112265,1.133603908546921
3,baseline_linear,no_bounce,6,214,6.189066423850636,1.3502656459989653
3,baseline_linear,no_bounce,7,214,7.198199832177194,1.5424461123864768
3,baseline_linear,no_bounce,8,214,8.206908387042676,1.5984763464715346
3,baseline_linear,no_bounce,9,214,9.221796060826257,1.7005143728841334
3,baseline_linear,no_bounce,10,214,10.229310382164675,1.8644913990696677
3,baseline_linear,no_bounce,11,214,11.26777186844776,2.0588912462929176
3,baseline_linear,no_bounce,12,214,12.259240923306978,2.135769302616608
3,baseline_linear,no_bounce,13,214,13.263256148165844,2.251003959993664
3,baseline_linear,no_bounce,14,214,14.306803953530732,2.4080035594788187
3,baseline_linear,no_bounce,15,214,15.305309704433784,2.5386501269634056
3,baseline_linear,no_bounce,16,214,16.281098857978762,2.596601417159772
3,baseline_linear,no_bounce,17,214,17.284996231094997,2.795980602161527
3,baseline_linear,no_bounce,18,214,18.30101980389054,2.8548299356555242
3,baseline_linear,no_bounce,19,214,19.309533087243548,3.1466599868068923
3,baseline_linear,no_bounce,20,214,20.32174982516495,3.3154746169141527
3,baseline_linear,no_bounce,21,214,21.323215518506778,3.440468974698546
3,baseline_linear,no_bounce,22,214,22.34049291571591,3.503984715803583
3,baseline_linear,no_bounce,23,214,23.334562242856858,3.6125045721661864
3,baseline_linear,no_bounce,24,214,24.343256049322157,3.654343364474289
3,baseline_linear,no_bounce,25,214,25.34059479168502,3.827101589942152
3,baseline_linear,bounce,1,1286,0.5627311663312835,0.2633119421073149
3,baseline_linear,bounce,2,1286,1.1466732011741148,0.3983242909524593
3,baseline_linear,bounce,3,1286,1.8497190872116918,0.5499120438221624
3,baseline_linear,bounce,4,1286,2.6552468490923165,0.6839732172677473
3,baseline_linear,bounce,5,1286,3.5725954689251704,0.8613655395188731
3,baseline_linear,bounce,6,1286,4.653680372011793,1.0957335481648884
3,baseline_linear,bounce,7,1286,5.886661332988423,1.4207477030776126
3,baseline_linear,bounce,8,1286,7.257685065182147,2.0884466752340263
3,baseline_linear,bounce,9,1286,8.749550996314104,3.9644046113551
3,baseline_linear,bounce,10,1286,10.358790650965732,6.218797607631792
3,baseline_linear,bounce,11,1286,12.086091683143323,8.63071412573274
3,baseline_linear,bounce,12,1286,13.916827793559039,11.028778925791096
3,baseline_linear,bounce,13,1286,15.85029870064233,13.41839585167273
3,baseline_linear,bounce,14,1286,17.88453476164199,15.957326036360438
3,baseline_linear,bounce,15,1286,19.990281416292962,18.568515451726732
3,baseline_linear,bounce,16,1286,22.190853131614197,20.940504969801815
3,baseline_linear,bounce,17,1286,24.47061189135555,23.505025691562153
3,baseline_linear,bounce,18,1286,26.807678054958654,26.0415218052747
3,baseline_linear,bounce,19,1286,29.206456437651592,28.315471341264292
3,baseline_linear,bounce,20,1286,31.641837468290863,30.928876991505618
3,baseline_linear,bounce,21,1286,34.104806029197185,33.53014643333496
3,baseline_linear,bounce,22,1286,36.59240151532905,35.97463624464085
3,baseline_linear,bounce,23,1286,39.07716227451761,38.445919850186186
3,baseline_linear,bounce,24,1286,41.574374516946236,40.746262132031916
3,baseline_linear,bounce,25,1286,44.05753502815822,43.13178314071182
