seed,model,condition,episode,return,success,time_in_radius,chose_active,final_dist_px
-1,noop,planning,0,-0.6361871,0.0,0.0,0.0,20.137136
-1,noop,planning,1,-0.50281703,0.0,0.0,0.0,15.748118
-1,noop,planning,2,-0.67353916,0.0,0.0,0.0,22.78522
-1,noop,planning,3,-0.7752637,0.0,0.0,0.0,23.271494
-1,noop,planning,4,-0.51512164,0.0,0.0,1.0,17.699497
-1,noop,planning,5,-0.71569806,0.0,0.0,0.0,23.219152
-1,noop,planning,6,-0.26624572,0.0,0.0,1.0,10.735219
-1,noop,planning,7,-0.7837898,0.0,0.0,0.0,25.49616
-1,noop,planning,8,-0.45551512,0.0,0.0,0.0,13.868942
-1,noop,planning,9,0.16547225,0.0,0.5111111111111111,1.0,1.6428976
-1,noop,planning,10,-0.611246,0.0,0.0,0.0,20.420305
-1,noop,planning,11,-0.44921386,0.0,0.0,0.0,13.046231
-1,noop,planning,12,-0.46720153,0.0,0.0,0.0,13.312644
-1,noop,planning,13,-0.37437278,0.0,0.0,1.0,11.852777
-1,noop,planning,14,-0.18407921,0.0,0.0,1.0,5.6301484
-1,noop,planning,15,-0.8277054,0.0,0.0,0.0,27.005836
-1,noop,planning,16,-0.52031463,0.0,0.0,1.0,16.973692
-1,noop,planning,17,-0.1179786,0.0,0.0,1.0,1.9417921
-1,noop,planning,18,-0.40521523,0.0,0.0,0.0,12.365181
-1,noop,planning,19,-0.71315485,0.0,0.0,1.0,22.637636
-1,noop,planning,20,-0.69718224,0.0,0.0,0.0,23.18167
-1,noop,planning,21,-0.29077047,0.0,0.0,0.0,9.450085
-1,noop,planning,22,-0.37204525,0.0,0.0,1.0,11.452234
-1,noop,planning,23,-0.14335549,0.0,0.0,1.0,4.6333685
-1,noop,planning,24,-0.5269361,0.0,0.0,0.0,17.400494
-1,noop,planning,25,-0.43157077,0.0,0.0,1.0,12.963174
-1,noop,planning,26,-0.6200041,0.0,0.0,0.0,19.037668
-1,noop,planning,27,-0.2942432,0.0,0.0,1.0,6.8411374
-1,noop,planning,28,-0.51270616,0.0,0.0,1.0,12.592464
-1,noop,planning,29,-0.64904064,0.0,0.0,0.0,20.20504
-1,noop,planning,30,-0.6449561,0.0,0.0,0.0,23.729025
-1,noop,planning,31,-0.5361305,0.0,0.0,0.0,16.888754
-1,noop,planning,32,-0.51241285,0.0,0.0,1.0,16.098398
-1,noop,planning,33,-0.7672154,0.0,0.0,0.0,24.739176
-1,noop,planning,34,-0.89809936,0.0,0.0,0.0,28.582867
-1,noop,planning,35,-0.5564557,0.0,0.0,0.0,18.48683
-1,noop,planning,36,-0.23295437,0.0,0.0,1.0,9.152462
-1,noop,planning,37,-0.2082858,0.0,0.0,0.0,10.644393
-1,noop,planning,38,-0.6455214,0.0,0.0,0.0,21.045235
-1,noop,planning,39,-0.52713686,0.0,0.0,0.0,14.113793
-1,noop,planning,40,-0.7588192,0.0,0.0,0.0,23.642532
-1,noop,planning,41,-0.52250886,0.0,0.0,0.0,18.722204
-1,noop,planning,42,-0.53403157,0.0,0.0,0.0,19.161509
-1,noop,planning,43,-0.4119782,0.0,0.0,1.0,12.471611
-1,noop,planning,44,-0.23959881,0.0,0.0,1.0,7.696556
-1,noop,planning,45,-0.2985902,0.0,0.0,1.0,9.271261
-1,noop,planning,46,-0.28698498,0.0,0.0,1.0,7.771071
-1,noop,planning,47,-0.3045586,0.0,0.0,1.0,11.268746
-1,noop,planning,48,-0.61315554,0.0,0.0,0.0,22.834929
-1,noop,planning,49,-0.27743554,0.0,0.0,1.0,9.093105
-1,noop,planning,50,-0.69105554,0.0,0.0,0.0,21.263973
-1,noop,planning,51,-0.7482921,0.0,0.0,1.0,25.09914
-1,noop,planning,52,-0.34467933,0.0,0.0,0.0,13.3086405
-1,noop,planning,53,-0.4210721,0.0,0.0,1.0,14.65571
-1,noop,planning,54,-0.29076147,0.0,0.0,1.0,6.7677417
-1,noop,planning,55,-0.5092608,0.0,0.0,1.0,18.44325
-1,noop,planning,56,-0.5502331,0.0,0.0,0.0,19.01517
-1,noop,planning,57,-0.40569887,0.0,0.0,0.0,12.966645
-1,noop,planning,58,-0.38141042,0.0,0.0,0.0,11.284794
-1,noop,planning,59,-0.40732354,0.0,0.0,1.0,12.520736
-1,noop,planning,60,-0.1823461,0.0,0.0,1.0,3.464905
-1,noop,planning,61,-0.6154136,0.0,0.0,0.0,18.955822
-1,noop,planning,62,-0.73998964,0.0,0.0,0.0,23.32213
-1,noop,planning,63,-0.4664211,0.0,0.0,0.0,13.350597
-1,noop,planning,64,-0.3308879,0.0,0.0,1.0,6.1596885
-1,noop,planning,65,-0.22417639,0.0,0.0,1.0,7.4026146
-1,noop,planning,66,-0.35044307,0.0,0.0,0.0,12.220091
-1,noop,planning,67,-0.29924235,0.0,0.0,1.0,9.822808
-1,noop,planning,68,-0.2804944,0.0,0.0,0.0,10.30644
-1,noop,planning,69,-0.29319265,0.0,0.0,0.0,10.615368
-1,noop,planning,70,-0.33919704,0.0,0.0,1.0,10.98629
-1,noop,planning,71,-0.52435774,0.0,0.0,0.0,15.074148
-1,noop,planning,72,-0.8186192,0.0,0.0,0.0,26.069164
-1,noop,planning,73,-0.20044579,0.0,0.0,1.0,6.6575637
-1,noop,planning,74,-0.75049937,0.0,0.0,0.0,24.192291
-1,noop,planning,75,-0.79859847,0.0,0.0,0.0,27.96169
-1,noop,planning,76,-0.6477301,0.0,0.0,0.0,19.951931
-1,noop,planning,77,-0.38376182,0.0,0.0,0.0,9.974883
-1,noop,planning,78,-0.20344704,0.0,0.0,1.0,6.8238406
-1,noop,planning,79,-0.5547528,0.0,0.0,0.0,18.664366
-1,noop,planning,80,-0.10835715,0.0,0.0,1.0,3.3346598
-1,noop,planning,81,-0.4164082,0.0,0.0,1.0,12.567179
-1,noop,planning,82,-0.44080913,0.0,0.0,0.0,13.282387
-1,noop,planning,83,-0.36949426,0.0,0.0,0.0,12.646033
-1,noop,planning,84,-0.43393102,0.0,0.0,0.0,16.724808
-1,noop,planning,85,-0.55000734,0.0,0.0,0.0,17.41436
-1,noop,planning,86,-0.4948978,0.0,0.0,0.0,15.0476265
-1,noop,planning,87,-0.86111504,0.0,0.0,0.0,29.282803
-1,noop,planning,88,-0.30878755,0.0,0.0,1.0,9.4024105
-1,noop,planning,89,-0.4472612,0.0,0.0,0.0,14.721284
-1,noop,planning,90,-0.40710673,0.0,0.0,0.0,16.486622
-1,noop,planning,91,-0.47114706,0.0,0.0,0.0,14.690607
-1,noop,planning,92,-1.0508556,0.0,0.0,0.0,33.396706
-1,noop,planning,93,-0.22990657,0.0,0.0,1.0,6.5498767
-1,noop,planning,94,-0.47327587,0.0,0.0,1.0,16.873627
-1,noop,planning,95,-0.23973827,0.0,0.0,1.0,10.785144
-1,noop,planning,96,-0.26086643,0.0,0.0,1.0,9.099243
-1,noop,planning,97,-0.22919464,0.0,0.0,1.0,7.3753877
-1,noop,planning,98,-0.4836663,0.0,0.0,1.0,15.019381
-1,noop,planning,99,-0.6215186,0.0,0.0,0.0,19.216679
-1,noop,planning,100,-0.2861969,0.0,0.0,0.0,10.928949
-1,noop,planning,101,-0.23861092,0.0,0.0,1.0,4.2403307
-1,noop,planning,102,-0.34218037,0.0,0.0,1.0,7.047059
-1,noop,planning,103,-0.18251513,0.0,0.0,1.0,6.6860504
-1,noop,planning,104,-0.48390126,0.0,0.0,0.0,18.480654
-1,noop,planning,105,-0.61075646,0.0,0.0,0.0,19.41837
-1,noop,planning,106,-0.36773655,0.0,0.0,0.0,13.288738
-1,noop,planning,107,-0.60407555,0.0,0.0,0.0,21.049482
-1,noop,planning,108,-0.49642643,0.0,0.0,0.0,17.796694
-1,noop,planning,109,-0.25333482,0.0,0.0,1.0,7.1641345
-1,noop,planning,110,-0.48441374,0.0,0.0,0.0,14.567081
-1,noop,planning,111,-0.5062747,0.0,0.0,0.0,18.596321
-1,noop,planning,112,0.058443166,1.0,0.3333333333333333,1.0,1.3192705
-1,noop,planning,113,-0.027388759,0.0,0.0,1.0,3.7503412
-1,noop,planning,114,-0.75518966,0.0,0.0,0.0,26.098154
-1,noop,planning,115,-0.44759077,0.0,0.0,0.0,13.863371
-1,noop,planning,116,-0.42217395,0.0,0.0,1.0,15.407026
-1,noop,planning,117,-0.86535686,0.0,0.0,0.0,26.939407
-1,noop,planning,118,-0.12179382,0.0,0.0,1.0,4.356452
-1,noop,planning,119,-0.40217623,0.0,0.0,1.0,12.929916
-1,noop,planning,120,-0.47813487,0.0,0.0,1.0,17.20587
-1,noop,planning,121,-0.57820415,0.0,0.0,1.0,18.867496
-1,noop,planning,122,-0.72938037,0.0,0.0,1.0,23.880173
-1,noop,planning,123,-0.3169457,0.0,0.0,1.0,7.264509
-1,noop,planning,124,-0.55480725,0.0,0.0,0.0,17.794085
-1,noop,planning,125,-0.51440364,0.0,0.0,0.0,17.167358
-1,noop,planning,126,-0.46179682,0.0,0.0,0.0,17.148037
-1,noop,planning,127,-0.5391896,0.0,0.0,0.0,16.736115
-1,noop,planning,128,-0.24185447,0.0,0.0,1.0,9.385479
-1,noop,planning,129,-0.48394695,0.0,0.0,1.0,16.972624
-1,noop,planning,130,-0.48959544,0.0,0.0,0.0,16.030048
-1,noop,planning,131,-0.58110636,0.0,0.0,0.0,19.991545
-1,noop,planning,132,-0.23784918,0.0,0.0,1.0,7.7663608
-1,noop,planning,133,-0.39888853,0.0,0.0,1.0,13.055475
-1,noop,planning,134,-0.3285368,0.0,0.0,1.0,10.136257
-1,noop,planning,135,-0.59387547,0.0,0.0,0.0,18.160837
-1,noop,planning,136,-0.55431926,0.0,0.0,0.0,18.52207
-1,noop,planning,137,-0.53374106,0.0,0.0,0.0,18.816193
-1,noop,planning,138,-0.6729197,0.0,0.0,1.0,22.847652
-1,noop,planning,139,-0.210783,0.0,0.0,1.0,6.9426966
-1,noop,planning,140,-0.5534635,0.0,0.0,1.0,15.571231
-1,noop,planning,141,-0.5513355,0.0,0.0,0.0,19.677994
-1,noop,planning,142,-0.6011274,0.0,0.0,0.0,18.287941
-1,noop,planning,143,-0.48654947,0.0,0.0,1.0,17.11462
-1,noop,planning,144,-0.21416706,0.0,0.0,1.0,5.6465783
-1,noop,planning,145,-0.566383,0.0,0.0,1.0,17.008448
-1,noop,planning,146,-0.39857656,0.0,0.0,1.0,11.975175
-1,noop,planning,147,-0.28110436,0.0,0.0,1.0,10.306139
-1,noop,planning,148,-0.63139087,0.0,0.0,0.0,21.629297
-1,noop,planning,149,-0.2724301,0.0,0.0,1.0,8.415833
-1,noop,planning,150,-0.6160533,0.0,0.0,0.0,18.20754
-1,noop,planning,151,-0.5335034,0.0,0.0,0.0,20.032337
-1,noop,planning,152,-0.3567539,0.0,0.0,1.0,10.453425
-1,noop,planning,153,-0.39027384,0.0,0.0,0.0,12.011703
-1,noop,planning,154,-0.5227248,0.0,0.0,0.0,16.682898
-1,noop,planning,155,-0.56901073,0.0,0.0,0.0,16.396194
-1,noop,planning,156,-0.53820336,0.0,0.0,0.0,16.598347
-1,noop,planning,157,-0.2998788,0.0,0.0,1.0,11.52112
-1,noop,planning,158,-0.5782155,0.0,0.0,0.0,17.889223
-1,noop,planning,159,-0.2524767,0.0,0.0,1.0,4.949487
-1,noop,planning,160,-0.37912637,0.0,0.0,0.0,14.47906
-1,noop,planning,161,-0.49230403,0.0,0.0,0.0,15.923346
-1,noop,planning,162,-0.40225974,0.0,0.0,0.0,11.870051
-1,noop,planning,163,-0.46774566,0.0,0.0,1.0,14.619424
-1,noop,planning,164,-0.27367654,0.0,0.0,1.0,8.158012
-1,noop,planning,165,-0.42278612,0.0,0.0,0.0,15.711391
-1,noop,planning,166,-0.5286045,0.0,0.0,1.0,17.199518
-1,noop,planning,167,-0.7373591,0.0,0.0,0.0,23.296995
-1,noop,planning,168,-0.39836037,0.0,0.0,1.0,12.768896
-1,noop,planning,169,-0.37567398,0.0,0.0,1.0,12.673633
-1,noop,planning,170,-0.13804139,0.0,0.1111111111111111,0.0,9.25457
-1,noop,planning,171,-0.6341353,0.0,0.0,1.0,20.34091
-1,noop,planning,172,-0.21882735,0.0,0.0,1.0,6.8042374
-1,noop,planning,173,-0.28393212,0.0,0.0,1.0,10.953474
-1,noop,planning,174,-0.6987008,0.0,0.0,0.0,23.102022
-1,noop,planning,175,-0.554829,0.0,0.0,0.0,17.052608
-1,noop,planning,176,-0.83767414,0.0,0.0,0.0,26.878935
-1,noop,planning,177,-0.71343505,0.0,0.0,0.0,22.468126
-1,noop,planning,178,-0.6136638,0.0,0.0,0.0,20.447096
-1,noop,planning,179,-0.33725137,0.0,0.0,1.0,8.081633
-1,noop,planning,180,-0.5859015,0.0,0.0,0.0,17.783897
-1,noop,planning,181,-0.46977,0.0,0.0,1.0,17.21347
-1,noop,planning,182,-0.38976628,0.0,0.0,0.0,15.255177
-1,noop,planning,183,-0.62502074,0.0,0.0,1.0,21.280973
-1,noop,planning,184,-0.31579542,0.0,0.0,1.0,11.903595
-1,noop,planning,185,-0.49499393,0.0,0.0,0.0,17.040665
-1,noop,planning,186,-0.5637788,0.0,0.0,0.0,16.584543
-1,noop,planning,187,-0.59569544,0.0,0.0,0.0,19.562727
-1,noop,planning,188,-0.8142223,0.0,0.0,0.0,24.268305
-1,noop,planning,189,-0.5181973,0.0,0.0,0.0,14.751011
-1,noop,planning,190,-0.07456149,0.0,0.0,1.0,3.3905833
-1,noop,planning,191,-0.27411595,0.0,0.0,1.0,9.899993
-1,noop,planning,192,-0.37907317,0.0,0.0,0.0,12.219283
-1,noop,planning,193,-0.3621217,0.0,0.0,0.0,10.042416
-1,noop,planning,194,-0.114273414,0.0,0.0,1.0,5.999244
-1,noop,planning,195,-0.19881494,0.0,0.0,1.0,8.04202
-1,noop,planning,196,-0.32844442,0.0,0.0,1.0,9.8093815
-1,noop,planning,197,-0.30327475,0.0,0.0,1.0,8.369277
-1,noop,planning,198,-0.43068597,0.0,0.0,1.0,15.466134
-1,noop,planning,199,-0.61176777,0.0,0.0,0.0,21.947298
-1,random,planning,0,-0.64528775,0.0,0.0,0.0,19.27408
-1,random,planning,1,-0.6323036,0.0,0.0,0.0,23.658775
-1,random,planning,2,-0.7615369,0.0,0.0,0.0,27.131376
-1,random,planning,3,-0.7442794,0.0,0.0,0.0,23.155794
-1,random,planning,4,-0.5108557,0.0,0.0,1.0,17.133974
-1,random,planning,5,-0.72282547,0.0,0.0,0.0,23.55449
-1,random,planning,6,-0.22254276,0.0,0.0,1.0,8.793494
-1,random,planning,7,-0.7563794,0.0,0.0,0.0,24.834948
-1,random,planning,8,-0.5971688,0.0,0.0,0.0,22.163198
-1,random,planning,9,-0.08517833,0.0,0.0,1.0,5.9694643
-1,random,planning,10,-0.6373347,0.0,0.0,0.0,21.705364
-1,random,planning,11,-0.46879506,0.0,0.0,1.0,13.671053
-1,random,planning,12,-0.4709272,0.0,0.0,0.0,15.239086
-1,random,planning,13,-0.42108464,0.0,0.0,1.0,11.981422
-1,random,planning,14,-0.20318854,0.0,0.0,1.0,7.6480336
-1,random,planning,15,-0.73461354,0.0,0.0,0.0,20.494205
-1,random,planning,16,-0.5016267,0.0,0.0,0.0,16.097853
-1,random,planning,17,-0.041856095,0.0,0.15555555555555556,1.0,3.515923
-1,random,planning,18,-0.31943312,0.0,0.0,0.0,10.416575
-1,random,planning,19,-0.73356205,0.0,0.0,1.0,23.546606
-1,random,planning,20,-0.6532887,0.0,0.0,0.0,22.46519
-1,random,planning,21,-0.3550003,0.0,0.0,0.0,16.828506
-1,random,planning,22,-0.2740452,0.0,0.0,1.0,5.9692364
-1,random,planning,23,-0.14378087,0.0,0.0,1.0,3.8764584
-1,random,planning,24,-0.57553196,0.0,0.0,0.0,20.948236
-1,random,planning,25,-0.34711283,0.0,0.0,1.0,8.395704
-1,random,planning,26,-0.74750817,0.0,0.0,0.0,26.709768
-1,random,planning,27,-0.36676535,0.0,0.0,1.0,7.9044204
-1,random,planning,28,-0.43960774,0.0,0.0,1.0,8.314149
-1,random,planning,29,-0.75650847,0.0,0.0,0.0,26.621254
-1,random,planning,30,-0.71716654,0.0,0.0,0.0,26.265247
-1,random,planning,31,-0.50547963,0.0,0.0,1.0,13.2654705
-1,random,planning,32,-0.5667219,0.0,0.0,1.0,19.679214
-1,random,planning,33,-0.706922,0.0,0.0,0.0,21.13138
-1,random,planning,34,-0.92489237,0.0,0.0,0.0,30.164244
-1,random,planning,35,-0.4750903,0.0,0.0,1.0,12.316051
-1,random,planning,36,-0.16927625,0.0,0.0,1.0,6.0556035
-1,random,planning,37,-0.13420206,0.0,0.0,1.0,10.245242
-1,random,planning,38,-0.68840235,0.0,0.0,0.0,25.225069
-1,random,planning,39,-0.49965054,0.0,0.0,0.0,12.314073
-1,random,planning,40,-0.81433266,0.0,0.0,0.0,25.530268
-1,random,planning,41,-0.5784108,0.0,0.0,0.0,21.860197
-1,random,planning,42,-0.35751987,0.0,0.0,1.0,7.798117
-1,random,planning,43,-0.5262072,0.0,0.0,0.0,20.653908
-1,random,planning,44,-0.18907739,0.0,0.0,1.0,6.2624626
-1,random,planning,45,-0.28566515,0.0,0.0,1.0,9.079472
-1,random,planning,46,-0.25807887,0.0,0.0,1.0,7.0372076
-1,random,planning,47,-0.22474082,0.0,0.0,1.0,6.2433686
-1,random,planning,48,-0.6912655,0.0,0.0,0.0,24.456926
-1,random,planning,49,-0.30431208,0.0,0.0,1.0,11.002687
-1,random,planning,50,-0.66853577,0.0,0.0,0.0,18.032572
-1,random,planning,51,-0.72203505,0.0,0.0,1.0,20.439161
-1,random,planning,52,-0.33426687,0.0,0.0,1.0,10.802753
-1,random,planning,53,-0.38760084,0.0,0.0,1.0,10.954522
-1,random,planning,54,-0.24619575,0.0,0.0,1.0,2.4415529
-1,random,planning,55,-0.50326735,0.0,0.0,1.0,15.714825
-1,random,planning,56,-0.65314376,0.0,0.0,0.0,23.546211
-1,random,planning,57,-0.48241374,0.0,0.0,0.0,20.448946
-1,random,planning,58,-0.26017573,0.0,0.0,1.0,5.912611
-1,random,planning,59,-0.35952953,0.0,0.0,1.0,9.326304
-1,random,planning,60,-0.19410856,0.0,0.0,1.0,4.740872
-1,random,planning,61,-0.6321003,0.0,0.0,0.0,19.420374
-1,random,planning,62,-0.77917343,0.0,0.0,0.0,26.5018
-1,random,planning,63,-0.58610165,0.0,0.0,0.0,20.377138
-1,random,planning,64,-0.25242752,0.0,0.0,1.0,2.6081142
-1,random,planning,65,-0.32752445,0.0,0.0,1.0,11.015679
-1,random,planning,66,-0.2908903,0.0,0.0,1.0,9.946804
-1,random,planning,67,-0.37241513,0.0,0.0,1.0,14.291386
-1,random,planning,68,-0.19301592,0.0,0.0,1.0,4.2606893
-1,random,planning,69,-0.22455162,0.0,0.0,1.0,6.389024
-1,random,planning,70,-0.3746049,0.0,0.0,0.0,11.682617
-1,random,planning,71,-0.62476754,0.0,0.0,0.0,22.16428
-1,random,planning,72,-0.7242664,0.0,0.0,0.0,19.639841
-1,random,planning,73,-0.26567104,0.0,0.0,1.0,8.520377
-1,random,planning,74,-0.7351937,0.0,0.0,0.0,23.937656
-1,random,planning,75,-0.85752964,0.0,0.0,0.0,30.574574
-1,random,planning,76,-0.6462935,0.0,0.0,0.0,19.966972
-1,random,planning,77,-0.37692887,0.0,0.0,1.0,7.076684
-1,random,planning,78,-0.21652862,0.0,0.0,1.0,6.917091
-1,random,planning,79,-0.5277032,0.0,0.0,0.0,15.381622
-1,random,planning,80,-0.19964609,0.0,0.0,1.0,7.8606963
-1,random,planning,81,-0.55226266,0.0,0.0,0.0,20.383533
-1,random,planning,82,-0.42664108,0.0,0.0,0.0,11.340743
-1,random,planning,83,-0.43377155,0.0,0.0,0.0,17.869097
-1,random,planning,84,-0.41459537,0.0,0.0,0.0,13.488428
-1,random,planning,85,-0.5222618,0.0,0.0,0.0,14.954453
-1,random,planning,86,-0.5116723,0.0,0.0,0.0,19.817162
-1,random,planning,87,-0.88819826,0.0,0.0,0.0,30.24783
-1,random,planning,88,-0.34254685,0.0,0.0,1.0,11.815668
-1,random,planning,89,-0.5664144,0.0,0.0,0.0,23.511967
-1,random,planning,90,-0.46354395,0.0,0.0,0.0,21.108545
-1,random,planning,91,-0.507018,0.0,0.0,0.0,17.919798
-1,random,planning,92,-1.0050557,0.0,0.0,0.0,29.928465
-1,random,planning,93,-0.19612868,0.0,0.0,0.0,6.7294235
-1,random,planning,94,-0.48929965,0.0,0.0,1.0,15.463266
-1,random,planning,95,-0.23764631,0.0,0.0,1.0,11.065244
-1,random,planning,96,-0.35344264,0.0,0.0,1.0,15.109682
-1,random,planning,97,-0.34582528,0.0,0.0,0.0,15.055906
-1,random,planning,98,-0.5225232,0.0,0.0,1.0,17.024199
-1,random,planning,99,-0.6490243,0.0,0.0,0.0,22.107391
-1,random,planning,100,-0.3729289,0.0,0.0,0.0,17.362757
-1,random,planning,101,-0.2741349,0.0,0.0,1.0,4.937615
-1,random,planning,102,-0.3644331,0.0,0.0,1.0,6.5297
-1,random,planning,103,-0.08768157,0.0,0.0,1.0,2.0231745
-1,random,planning,104,-0.55943155,0.0,0.0,0.0,24.400263
-1,random,planning,105,-0.587277,0.0,0.0,0.0,19.749048
-1,random,planning,106,-0.42405117,0.0,0.0,0.0,16.661476
-1,random,planning,107,-0.6094123,0.0,0.0,0.0,20.990435
-1,random,planning,108,-0.48610082,0.0,0.0,0.0,17.862644
-1,random,planning,109,-0.31033224,0.0,0.0,1.0,10.126618
-1,random,planning,110,-0.5180353,0.0,0.0,0.0,16.152246
-1,random,planning,111,-0.52178293,0.0,0.0,0.0,22.049278
-1,random,planning,112,-0.09066956,0.0,0.0,1.0,2.7046745
-1,random,planning,113,0.06845896,0.0,0.13333333333333333,1.0,3.5107505
-1,random,planning,114,-0.73006576,0.0,0.0,0.0,22.830217
-1,random,planning,115,-0.4785133,0.0,0.0,0.0,13.123059
-1,random,planning,116,-0.2883687,0.0,0.0,1.0,7.4912095
-1,random,planning,117,-0.82920563,0.0,0.0,0.0,23.515175
-1,random,planning,118,-0.231584,0.0,0.0,1.0,9.978196
-1,random,planning,119,-0.46248046,0.0,0.0,1.0,15.432652
-1,random,planning,120,-0.45258746,0.0,0.0,1.0,14.617041
-1,random,planning,121,-0.55387974,0.0,0.0,1.0,15.265884
-1,random,planning,122,-0.7558018,0.0,0.0,1.0,24.578419
-1,random,planning,123,-0.31202263,0.0,0.0,1.0,8.606961
-1,random,planning,124,-0.4660795,0.0,0.0,0.0,13.56502
-1,random,planning,125,-0.55957144,0.0,0.0,0.0,20.573633
-1,random,planning,126,-0.43613923,0.0,0.0,0.0,16.709616
-1,random,planning,127,-0.54362917,0.0,0.0,0.0,19.958101
-1,random,planning,128,-0.19002293,0.0,0.0,1.0,6.730571
-1,random,planning,129,-0.48493707,0.0,0.0,1.0,13.606797
-1,random,planning,130,-0.5746139,0.0,0.0,0.0,20.926968
-1,random,planning,131,-0.58885425,0.0,0.0,0.0,20.871078
-1,random,planning,132,-0.26385534,0.0,0.0,1.0,8.684555
-1,random,planning,133,-0.4175613,0.0,0.0,1.0,14.818014
-1,random,planning,134,-0.40688443,0.0,0.0,1.0,16.184069
-1,random,planning,135,-0.59584814,0.0,0.0,0.0,18.667864
-1,random,planning,136,-0.58762765,0.0,0.0,0.0,21.044577
-1,random,planning,137,-0.5549518,0.0,0.0,0.0,21.025682
-1,random,planning,138,-0.6458097,0.0,0.0,1.0,24.311983
-1,random,planning,139,-0.15585491,0.0,0.0,1.0,4.8388586
-1,random,planning,140,-0.52476776,0.0,0.0,1.0,14.306449
-1,random,planning,141,-0.60961187,0.0,0.0,0.0,24.009808
-1,random,planning,142,-0.6516686,0.0,0.0,0.0,19.854313
-1,random,planning,143,-0.4836573,0.0,0.0,1.0,18.142107
-1,random,planning,144,-0.18420221,0.0,0.0,1.0,3.9050083
-1,random,planning,145,-0.5023439,0.0,0.0,1.0,12.789023
-1,random,planning,146,-0.45090526,0.0,0.0,1.0,16.691898
-1,random,planning,147,-0.35429174,0.0,0.0,1.0,13.845982
-1,random,planning,148,-0.6245642,0.0,0.0,0.0,19.824791
-1,random,planning,149,-0.26230937,0.0,0.0,1.0,7.5410905
-1,random,planning,150,-0.67977864,0.0,0.0,0.0,21.88131
-1,random,planning,151,-0.39503723,0.0,0.0,1.0,9.292591
-1,random,planning,152,-0.3100366,0.0,0.0,1.0,7.637461
-1,random,planning,153,-0.3724745,0.0,0.0,1.0,10.492778
-1,random,planning,154,-0.56649625,0.0,0.0,0.0,17.604565
-1,random,planning,155,-0.5165124,0.0,0.0,0.0,14.595426
-1,random,planning,156,-0.5597856,0.0,0.0,0.0,18.026468
-1,random,planning,157,-0.37221324,0.0,0.0,1.0,14.439225
-1,random,planning,158,-0.6025066,0.0,0.0,0.0,20.611065
-1,random,planning,159,-0.28648856,0.0,0.0,0.0,7.7837453
-1,random,planning,160,-0.46534747,0.0,0.0,0.0,18.814186
-1,random,planning,161,-0.4705973,0.0,0.0,0.0,13.85318
-1,random,planning,162,-0.49062496,0.0,0.0,0.0,18.864803
-1,random,planning,163,-0.47785166,0.0,0.0,1.0,13.473652
-1,random,planning,164,-0.29001278,0.0,0.0,1.0,9.075961
-1,random,planning,165,-0.39112815,0.0,0.0,0.0,11.768165
-1,random,planning,166,-0.55984735,0.0,0.0,1.0,18.35794
-1,random,planning,167,-0.7961887,0.0,0.0,0.0,26.873642
-1,random,planning,168,-0.34033376,0.0,0.0,1.0,9.408589
-1,random,planning,169,-0.41427702,0.0,0.0,1.0,15.343435
-1,random,planning,170,-0.2729464,0.0,0.06666666666666667,0.0,17.153582
-1,random,planning,171,-0.65137935,0.0,0.0,1.0,20.150167
-1,random,planning,172,-0.19726759,0.0,0.0,1.0,6.932041
-1,random,planning,173,-0.3674741,0.0,0.0,1.0,14.300007
-1,random,planning,174,-0.71610165,0.0,0.0,0.0,22.99029
-1,random,planning,175,-0.61672854,0.0,0.0,0.0,18.595787
-1,random,planning,176,-0.8277486,0.0,0.0,0.0,27.609898
-1,random,planning,177,-0.798337,0.0,0.0,0.0,27.075296
-1,random,planning,178,-0.58507425,0.0,0.0,0.0,20.110756
-1,random,planning,179,-0.37341583,0.0,0.0,0.0,11.445188
-1,random,planning,180,-0.7069116,0.0,0.0,0.0,23.769548
-1,random,planning,181,-0.38364026,0.0,0.0,1.0,12.127789
-1,random,planning,182,-0.4488438,0.0,0.0,0.0,20.200481
-1,random,planning,183,-0.6572515,0.0,0.0,1.0,22.858427
-1,random,planning,184,-0.32570815,0.0,0.0,1.0,13.463335
-1,random,planning,185,-0.55906886,0.0,0.0,0.0,18.389177
-1,random,planning,186,-0.6242732,0.0,0.0,0.0,20.547062
-1,random,planning,187,-0.5555846,0.0,0.0,0.0,15.878719
-1,random,planning,188,-0.86192083,0.0,0.0,0.0,27.395893
-1,random,planning,189,-0.5496875,0.0,0.0,0.0,19.192905
-1,random,planning,190,-0.18106848,0.0,0.0,1.0,7.8388443
-1,random,planning,191,-0.18603726,0.0,0.0,1.0,7.972413
-1,random,planning,192,-0.34176743,0.0,0.0,0.0,12.153842
-1,random,planning,193,-0.36716047,0.0,0.0,0.0,10.243177
-1,random,planning,194,-0.21026762,0.0,0.0,0.0,11.082043
-1,random,planning,195,-0.25136182,0.0,0.0,1.0,9.749639
-1,random,planning,196,-0.40875676,0.0,0.0,1.0,14.165366
-1,random,planning,197,-0.34954217,0.0,0.0,0.0,13.088179
-1,random,planning,198,-0.48321825,0.0,0.0,1.0,18.730028
-1,random,planning,199,-0.55333614,0.0,0.0,0.0,16.782381
-1,oracle,planning,0,0.0011642701,1.0,0.4444444444444444,1.0,0.016198263
-1,oracle,planning,1,0.1410157,1.0,0.5555555555555556,1.0,0.0067333463
-1,oracle,planning,2,0.06255803,1.0,0.4888888888888889,1.0,0.013133413
-1,oracle,planning,3,-0.09411149,1.0,0.4,1.0,0.0060964
-1,oracle,planning,4,0.1156575,1.0,0.4888888888888889,1.0,0.01798714
-1,oracle,planning,5,-0.1260448,1.0,0.3333333333333333,1.0,0.008913005
-1,oracle,planning,6,0.34849134,1.0,0.7333333333333333,1.0,0.025533168
-1,oracle,planning,7,-0.07780755,1.0,0.37777777777777777,1.0,0.019878585
-1,oracle,planning,8,0.15888017,1.0,0.5777777777777777,1.0,0.011029099
-1,oracle,planning,9,0.38969857,1.0,0.8222222222222222,1.0,0.007190725
-1,oracle,planning,10,0.012314259,1.0,0.4222222222222222,1.0,0.019767398
-1,oracle,planning,11,0.17254218,1.0,0.6,1.0,0.005427083
-1,oracle,planning,12,0.122820474,1.0,0.5333333333333333,1.0,0.0248602
-1,oracle,planning,13,0.2536185,1.0,0.6666666666666666,1.0,0.013758417
-1,oracle,planning,14,0.33780783,1.0,0.7555555555555555,1.0,0.012343043
-1,oracle,planning,15,-0.13445385,1.0,0.3333333333333333,1.0,0.00790446
-1,oracle,planning,16,0.09795526,1.0,0.4888888888888889,1.0,0.011796303
-1,oracle,planning,17,0.3018241,1.0,0.7333333333333333,1.0,0.016303254
-1,oracle,planning,18,0.18095317,1.0,0.5777777777777777,1.0,0.005572147
-1,oracle,planning,19,-0.11967644,1.0,0.3333333333333333,1.0,0.011568619
-1,oracle,planning,20,-0.022278203,1.0,0.4222222222222222,1.0,0.014653594
-1,oracle,planning,21,0.31464112,1.0,0.7333333333333333,1.0,0.04698918
-1,oracle,planning,22,0.20637412,1.0,0.6,1.0,0.020316092
-1,oracle,planning,23,0.38693315,1.0,0.8222222222222222,1.0,0.014564198
-1,oracle,planning,24,0.12379585,1.0,0.5333333333333333,1.0,0.0073658065
-1,oracle,planning,25,0.17185614,1.0,0.5777777777777777,1.0,0.010472594
-1,oracle,planning,26,0.029873524,1.0,0.4666666666666667,1.0,0.03268928
-1,oracle,planning,27,0.26270774,1.0,0.6888888888888889,1.0,0.011017164
-1,oracle,planning,28,0.11162722,1.0,0.5777777777777777,1.0,0.032719623
-1,oracle,planning,29,0.060578197,1.0,0.5111111111111111,1.0,0.020006618
-1,oracle,planning,30,-0.004665459,1.0,0.37777777777777777,1.0,0.0052570687
-1,oracle,planning,31,0.13955265,1.0,0.5777777777777777,1.0,0.012140094
-1,oracle,planning,32,0.097434394,1.0,0.5111111111111111,1.0,0.0056289914
-1,oracle,planning,33,-0.15357408,1.0,0.3111111111111111,1.0,0.0127487555
-1,oracle,planning,34,-0.15640187,1.0,0.35555555555555557,1.0,0.010035465
-1,oracle,planning,35,0.09018561,1.0,0.4888888888888889,1.0,0.00095658907
-1,oracle,planning,36,0.41226977,1.0,0.8,1.0,0.0052440725
-1,oracle,planning,37,0.4560532,1.0,0.9555555555555556,1.0,0.012334945
-1,oracle,planning,38,0.0003549874,1.0,0.4222222222222222,1.0,0.02765767
-1,oracle,planning,39,0.078063264,1.0,0.5333333333333333,1.0,0.031616244
-1,oracle,planning,40,-0.12658474,1.0,0.35555555555555557,1.0,0.005719365
-1,oracle,planning,41,0.17839943,1.0,0.5777777777777777,1.0,0.019402878
-1,oracle,planning,42,0.14755557,1.0,0.5333333333333333,1.0,0.021233518
-1,oracle,planning,43,0.17505708,1.0,0.5777777777777777,1.0,0.0062547866
-1,oracle,planning,44,0.32059672,1.0,0.7333333333333333,1.0,0.028660936
-1,oracle,planning,45,0.269979,1.0,0.6666666666666666,1.0,0.016708769
-1,oracle,planning,46,0.2823148,1.0,0.6888888888888889,1.0,0.004266984
-1,oracle,planning,47,0.29384753,1.0,0.6888888888888889,1.0,0.024352897
-1,oracle,planning,48,0.035624005,1.0,0.4222222222222222,1.0,0.01694522
-1,oracle,planning,49,0.2994902,1.0,0.7111111111111111,1.0,0.021991735
-1,oracle,planning,50,-0.1319853,1.0,0.3111111111111111,1.0,0.016634826
-1,oracle,planning,51,-0.034638602,1.0,0.4,1.0,0.015046924
-1,oracle,planning,52,0.2783859,1.0,0.6444444444444445,1.0,0.01551939
-1,oracle,planning,53,0.1896311,1.0,0.5777777777777777,1.0,0.047574375
-1,oracle,planning,54,0.2287252,1.0,0.6444444444444445,1.0,0.008260052
-1,oracle,planning,55,0.18498628,1.0,0.5777777777777777,1.0,0.026806584
-1,oracle,planning,56,0.08576864,1.0,0.4888888888888889,1.0,0.019976266
-1,oracle,planning,57,0.20748967,1.0,0.6222222222222222,1.0,0.02029208
-1,oracle,planning,58,0.19049947,1.0,0.6,1.0,0.012760427
-1,oracle,planning,59,0.17490436,1.0,0.5777777777777777,1.0,0.027215516
-1,oracle,planning,60,0.31064105,1.0,0.7333333333333333,1.0,0.025718823
-1,oracle,planning,61,0.046783306,1.0,0.4888888888888889,1.0,0.023609467
-1,oracle,planning,62,-0.1164472,1.0,0.35555555555555557,1.0,0.023046456
-1,oracle,planning,63,0.11337077,1.0,0.5333333333333333,1.0,0.02261747
-1,oracle,planning,64,0.17097735,1.0,0.6,1.0,0.0019504025
-1,oracle,planning,65,0.35188156,1.0,0.7555555555555555,1.0,0.0042561567
-1,oracle,planning,66,0.24713816,1.0,0.6444444444444445,1.0,0.017149916
-1,oracle,planning,67,0.28048486,1.0,0.6666666666666666,1.0,0.017371941
-1,oracle,planning,68,0.34610176,1.0,0.7555555555555555,1.0,0.02564803
-1,oracle,planning,69,0.31263563,1.0,0.7111111111111111,1.0,0.0299572
-1,oracle,planning,70,0.23928882,1.0,0.6222222222222222,1.0,0.018300155
-1,oracle,planning,71,0.104524836,1.0,0.5555555555555556,1.0,0.024148554
-1,oracle,planning,72,-0.13960144,1.0,0.3333333333333333,1.0,0.017464427
-1,oracle,planning,73,0.37919343,1.0,0.8,1.0,0.012857409
-1,oracle,planning,74,-0.14787082,1.0,0.3111111111111111,1.0,0.017920267
-1,oracle,planning,75,-0.054095935,1.0,0.37777777777777777,1.0,0.039041765
-1,oracle,planning,76,0.024301985,1.0,0.4666666666666667,1.0,0.029596664
-1,oracle,planning,77,0.16608287,1.0,0.6,1.0,0.019331366
-1,oracle,planning,78,0.38029784,1.0,0.8,1.0,0.018225484
-1,oracle,planning,79,0.12650165,1.0,0.5333333333333333,1.0,0.019744914
-1,oracle,planning,80,0.37230936,1.0,0.8,1.0,0.02451178
-1,oracle,planning,81,0.2135062,1.0,0.6222222222222222,1.0,0.026734196
-1,oracle,planning,82,0.14445382,1.0,0.5555555555555556,1.0,0.016766855
-1,oracle,planning,83,0.23332572,1.0,0.6222222222222222,1.0,0.017004486
-1,oracle,planning,84,0.19545634,1.0,0.5555555555555556,1.0,0.011652762
-1,oracle,planning,85,0.11494027,1.0,0.5333333333333333,1.0,0.0032270614
-1,oracle,planning,86,0.13169807,1.0,0.5555555555555556,1.0,0.028762281
-1,oracle,planning,87,-0.12941031,1.0,0.3333333333333333,1.0,0.03337969
-1,oracle,planning,88,0.2680085,1.0,0.6666666666666666,1.0,0.009891453
-1,oracle,planning,89,0.19817787,1.0,0.6,1.0,0.008737093
-1,oracle,planning,90,0.24847884,1.0,0.6,1.0,0.017238377
-1,oracle,planning,91,0.13646482,1.0,0.5333333333333333,1.0,0.018752666
-1,oracle,planning,92,-0.31240234,1.0,0.26666666666666666,1.0,0.018487545
-1,oracle,planning,93,0.32829612,1.0,0.7333333333333333,1.0,0.015786245
-1,oracle,planning,94,0.15005678,1.0,0.5111111111111111,1.0,0.009489139
-1,oracle,planning,95,0.41998312,1.0,0.8222222222222222,1.0,0.010151682
-1,oracle,planning,96,0.31519374,1.0,0.7333333333333333,1.0,0.027682994
-1,oracle,planning,97,0.33349144,1.0,0.7555555555555555,1.0,0.02341619
-1,oracle,planning,98,0.11628214,1.0,0.5333333333333333,1.0,0.008075349
-1,oracle,planning,99,0.007917173,1.0,0.4444444444444444,1.0,0.019245438
-1,oracle,planning,100,0.31723067,1.0,0.7111111111111111,1.0,0.010003665
-1,oracle,planning,101,0.24948387,1.0,0.6666666666666666,1.0,0.01668522
-1,oracle,planning,102,0.17625171,1.0,0.6222222222222222,1.0,0.0066231415
-1,oracle,planning,103,0.3923966,1.0,0.8,1.0,0.007052652
-1,oracle,planning,104,0.21443918,1.0,0.6,1.0,0.015216293
-1,oracle,planning,105,0.011183972,1.0,0.4444444444444444,1.0,0.013381872
-1,oracle,planning,106,0.2929195,1.0,0.6888888888888889,1.0,0.01911238
-1,oracle,planning,107,0.085801,1.0,0.4888888888888889,1.0,0.020901274
-1,oracle,planning,108,0.15814152,1.0,0.5333333333333333,1.0,0.021216212
-1,oracle,planning,109,0.2903036,1.0,0.7111111111111111,1.0,0.020216724
-1,oracle,planning,110,0.12990862,1.0,0.5555555555555556,1.0,0.027877161
-1,oracle,planning,111,0.16683194,1.0,0.5555555555555556,1.0,0.017848028
-1,oracle,planning,112,0.36188194,1.0,0.8,1.0,0.017096339
-1,oracle,planning,113,0.45781073,1.0,0.9111111111111111,1.0,0.011863436
-1,oracle,planning,114,-0.0950158,1.0,0.3333333333333333,1.0,0.02020055
-1,oracle,planning,115,0.14332256,1.0,0.5555555555555556,1.0,0.006756071
-1,oracle,planning,116,0.25009865,1.0,0.6444444444444445,1.0,0.008522849
-1,oracle,planning,117,-0.2970551,1.0,0.2222222222222222,1.0,0.27593237
-1,oracle,planning,118,0.42432222,1.0,0.8666666666666667,1.0,0.013109264
-1,oracle,planning,119,0.21499032,1.0,0.6222222222222222,1.0,0.02318722
-1,oracle,planning,120,0.2049676,1.0,0.5777777777777777,1.0,0.018418567
-1,oracle,planning,121,0.059349712,1.0,0.4666666666666667,1.0,0.0059038964
-1,oracle,planning,122,-0.09003813,1.0,0.35555555555555557,1.0,0.017577454
-1,oracle,planning,123,0.24405664,1.0,0.6666666666666666,1.0,0.011352646
-1,oracle,planning,124,0.06311557,1.0,0.4666666666666667,1.0,0.009144679
-1,oracle,planning,125,0.10029491,1.0,0.4888888888888889,1.0,0.020825878
-1,oracle,planning,126,0.18466333,1.0,0.5555555555555556,1.0,0.031296417
-1,oracle,planning,127,0.0670352,1.0,0.4888888888888889,1.0,0.014903803
-1,oracle,planning,128,0.3908898,1.0,0.8,1.0,0.0356955
-1,oracle,planning,129,0.1424598,1.0,0.5111111111111111,1.0,0.0075524775
-1,oracle,planning,130,0.15492211,1.0,0.5555555555555556,1.0,0.018657366
-1,oracle,planning,131,0.13715851,1.0,0.5555555555555556,1.0,0.0170828
-1,oracle,planning,132,0.32413527,1.0,0.7333333333333333,1.0,0.020235127
-1,oracle,planning,133,0.21597159,1.0,0.6,1.0,0.027475927
-1,oracle,planning,134,0.26710564,1.0,0.6666666666666666,1.0,0.008816209
-1,oracle,planning,135,0.018971257,1.0,0.4666666666666667,1.0,0.0076479577
-1,oracle,planning,136,0.11485238,1.0,0.5333333333333333,1.0,0.027944382
-1,oracle,planning,137,0.14281161,1.0,0.5333333333333333,1.0,0.012493138
-1,oracle,planning,138,0.06644892,1.0,0.4888888888888889,1.0,0.021060105
-1,oracle,planning,139,0.3742022,1.0,0.8,1.0,0.013829524
-1,oracle,planning,140,0.08886681,1.0,0.5333333333333333,1.0,0.015926361
-1,oracle,planning,141,0.08458295,1.0,0.4666666666666667,1.0,0.014403497
-1,oracle,planning,142,0.0324517,1.0,0.4666666666666667,1.0,0.010201125
-1,oracle,planning,143,0.14769247,1.0,0.5333333333333333,1.0,0.01753864
-1,oracle,planning,144,0.31128353,1.0,0.7333333333333333,1.0,0.018975211
-1,oracle,planning,145,0.062224146,1.0,0.4888888888888889,1.0,0.030357268
-1,oracle,planning,146,0.21016383,1.0,0.6222222222222222,1.0,0.020403143
-1,oracle,planning,147,0.3251727,1.0,0.7333333333333333,1.0,0.0039775656
-1,oracle,planning,148,0.04127575,1.0,0.4444444444444444,1.0,0.014164546
-1,oracle,planning,149,0.28503245,1.0,0.6888888888888889,1.0,0.016341481
-1,oracle,planning,150,0.07258254,1.0,0.5333333333333333,1.0,0.03991426
-1,oracle,planning,151,0.13028553,1.0,0.4888888888888889,1.0,0.026800498
-1,oracle,planning,152,0.22299805,1.0,0.6222222222222222,1.0,0.013265421
-1,oracle,planning,153,0.21187134,1.0,0.6222222222222222,1.0,0.008825559
-1,oracle,planning,154,0.08719924,1.0,0.4888888888888889,1.0,0.027528847
-1,oracle,planning,155,0.041421056,1.0,0.4888888888888889,1.0,0.022024611
-1,oracle,planning,156,0.10467524,1.0,0.5333333333333333,1.0,0.00813989
-1,oracle,planning,157,0.34936732,1.0,0.7555555555555555,1.0,0.0354761
-1,oracle,planning,158,0.04931124,1.0,0.4888888888888889,1.0,0.004323571
-1,oracle,planning,159,0.24969557,1.0,0.6666666666666666,1.0,0.019824978
-1,oracle,planning,160,0.253184,1.0,0.6222222222222222,1.0,0.013178662
-1,oracle,planning,161,0.11592762,1.0,0.5111111111111111,1.0,0.051586118
-1,oracle,planning,162,0.17191537,1.0,0.5777777777777777,1.0,0.044307657
-1,oracle,planning,163,0.12900594,1.0,0.5333333333333333,1.0,0.020656474
-1,oracle,planning,164,0.29667792,1.0,0.7111111111111111,1.0,0.03422318
-1,oracle,planning,165,0.19761828,1.0,0.5777777777777777,1.0,0.034194954
-1,oracle,planning,166,0.09508018,1.0,0.5111111111111111,1.0,0.030030547
-1,oracle,planning,167,-0.09440823,1.0,0.37777777777777777,1.0,0.0164725
-1,oracle,planning,168,0.22943437,1.0,0.6444444444444445,1.0,0.016054789
-1,oracle,planning,169,0.2063818,1.0,0.5777777777777777,1.0,0.038143583
-1,oracle,planning,170,0.49257034,1.0,1.0,1.0,0.01789967
-1,oracle,planning,171,0.005606008,1.0,0.4444444444444444,1.0,0.019145444
-1,oracle,planning,172,0.32968307,1.0,0.7333333333333333,1.0,0.004430486
-1,oracle,planning,173,0.3243011,1.0,0.7111111111111111,1.0,0.02275332
-1,oracle,planning,174,-0.066601284,1.0,0.35555555555555557,1.0,0.0046355575
-1,oracle,planning,175,0.102308854,1.0,0.5333333333333333,1.0,0.018625867
-1,oracle,planning,176,-0.089330666,1.0,0.4,1.0,0.0050118994
-1,oracle,planning,177,0.009542283,1.0,0.4666666666666667,1.0,0.026179109
-1,oracle,planning,178,0.09256826,1.0,0.5111111111111111,1.0,0.020327406
-1,oracle,planning,179,0.234358,1.0,0.6666666666666666,1.0,0.015336674
-1,oracle,planning,180,0.051087376,1.0,0.4888888888888889,1.0,0.01499638
-1,oracle,planning,181,0.16735901,1.0,0.5333333333333333,1.0,0.004866793
-1,oracle,planning,182,0.27691934,1.0,0.6444444444444445,1.0,0.018027753
-1,oracle,planning,183,0.040524524,1.0,0.4444444444444444,1.0,0.004424637
-1,oracle,planning,184,0.31202528,1.0,0.6888888888888889,1.0,0.004533249
-1,oracle,planning,185,0.19603595,1.0,0.6,1.0,0.010358188
-1,oracle,planning,186,0.04537447,1.0,0.4888888888888889,1.0,0.020333577
-1,oracle,planning,187,0.09933176,1.0,0.5111111111111111,1.0,0.026049515
-1,oracle,planning,188,-0.08738234,1.0,0.4222222222222222,1.0,0.015754916
-1,oracle,planning,189,0.13241938,1.0,0.5777777777777777,1.0,0.034524538
-1,oracle,planning,190,0.43063986,1.0,0.8666666666666667,1.0,0.013113062
-1,oracle,planning,191,0.31661624,1.0,0.7111111111111111,1.0,0.0063367267
-1,oracle,planning,192,0.25523442,1.0,0.6666666666666666,1.0,0.022508878
-1,oracle,planning,193,0.22774756,1.0,0.6444444444444445,1.0,0.034730706
-1,oracle,planning,194,0.43467754,1.0,0.8888888888888888,1.0,0.02096322
-1,oracle,planning,195,0.39824247,1.0,0.8,1.0,0.015130163
-1,oracle,planning,196,0.27032968,1.0,0.6888888888888889,1.0,0.017128354
-1,oracle,planning,197,0.25719067,1.0,0.6666666666666666,1.0,0.012637938
-1,oracle,planning,198,0.24360985,1.0,0.6444444444444445,1.0,0.017759614
-1,oracle,planning,199,0.06399071,1.0,0.4666666666666667,1.0,0.0058587766
-1,oracle_myopic,planning,0,-0.20387293,0.0,0.06666666666666667,1.0,1.942318
-1,oracle_myopic,planning,1,-0.07219591,1.0,0.15555555555555556,1.0,1.0112962
-1,oracle_myopic,planning,2,-0.14354457,1.0,0.15555555555555556,1.0,1.3481543
-1,oracle_myopic,planning,3,-0.3531948,0.0,0.0,1.0,3.5954742
-1,oracle_myopic,planning,4,0.0071952827,1.0,0.26666666666666666,1.0,0.9703169
-1,oracle_myopic,planning,5,-0.27413455,0.0,0.06666666666666667,1.0,4.019477
-1,oracle_myopic,planning,6,0.3066641,1.0,0.7111111111111111,1.0,0.00011861595
-1,oracle_myopic,planning,7,-0.31017065,0.0,0.0,1.0,3.6957512
-1,oracle_myopic,planning,8,-0.06270994,1.0,0.17777777777777778,1.0,1.1752748
-1,oracle_myopic,planning,9,0.25922486,1.0,0.6,1.0,3.3464068e-05
-1,oracle_myopic,planning,10,-0.1385943,1.0,0.13333333333333333,1.0,0.5996964
-1,oracle_myopic,planning,11,-0.051570576,1.0,0.2,1.0,1.0982053
-1,oracle_myopic,planning,12,-0.066652246,1.0,0.2,1.0,1.1758876
-1,oracle_myopic,planning,13,0.13281591,1.0,0.4222222222222222,1.0,0.13805513
-1,oracle_myopic,planning,14,0.14678034,1.0,0.4444444444444444,1.0,0.2971357
-1,oracle_myopic,planning,15,-0.34479374,0.0,0.0,1.0,3.6727684
-1,oracle_myopic,planning,16,-0.09412339,1.0,0.13333333333333333,1.0,0.7966801
-1,oracle_myopic,planning,17,0.03741261,1.0,0.3111111111111111,1.0,0.7353675
-1,oracle_myopic,planning,18,-0.006955299,1.0,0.26666666666666666,1.0,1.4449673
-1,oracle_myopic,planning,19,-0.2775084,0.0,0.06666666666666667,1.0,4.380125
-1,oracle_myopic,planning,20,-0.22628896,0.0,0.06666666666666667,1.0,2.704968
-1,oracle_myopic,planning,21,0.19323654,1.0,0.4888888888888889,1.0,0.1989748
-1,oracle_myopic,planning,22,0.030977,1.0,0.3111111111111111,1.0,1.2908376
-1,oracle_myopic,planning,23,0.28947136,1.0,0.6222222222222222,1.0,0.0001168762
-1,oracle_myopic,planning,24,-0.065228716,1.0,0.15555555555555556,1.0,1.1782334
-1,oracle_myopic,planning,25,-0.045681085,1.0,0.17777777777777778,1.0,1.3326678
-1,oracle_myopic,planning,26,-0.18366025,1.0,0.044444444444444446,1.0,0.488057
-1,oracle_myopic,planning,27,0.03719301,1.0,0.3333333333333333,1.0,0.53734434
-1,oracle_myopic,planning,28,-0.17130148,0.0,0.13333333333333333,1.0,1.733771
-1,oracle_myopic,planning,29,-0.15125635,0.0,0.15555555555555556,1.0,1.5872239
-1,oracle_myopic,planning,30,-0.13567732,1.0,0.1111111111111111,1.0,1.1535096
-1,oracle_myopic,planning,31,-0.11022838,0.0,0.1111111111111111,1.0,1.9300591
-1,oracle_myopic,planning,32,-0.084605135,1.0,0.17777777777777778,1.0,0.49139094
-1,oracle_myopic,planning,33,-0.28740013,0.0,0.06666666666666667,1.0,3.5899818
-1,oracle_myopic,planning,34,-0.38632783,0.0,0.0,1.0,3.0054471
-1,oracle_myopic,planning,35,-0.076430045,1.0,0.2,1.0,0.8193784
-1,oracle_myopic,planning,36,0.3979777,1.0,0.8,1.0,7.657695e-05
-1,oracle_myopic,planning,37,0.39926127,1.0,0.7555555555555555,1.0,0.00017000249
-1,oracle_myopic,planning,38,-0.17633739,1.0,0.08888888888888889,1.0,1.2254386
-1,oracle_myopic,planning,39,-0.18838611,1.0,0.06666666666666667,1.0,0.53725576
-1,oracle_myopic,planning,40,-0.2939822,0.0,0.06666666666666667,1.0,3.5021286
-1,oracle_myopic,planning,41,0.0067252456,1.0,0.24444444444444444,1.0,0.6297938
-1,oracle_myopic,planning,42,-0.017918224,1.0,0.2,1.0,1.067388
-1,oracle_myopic,planning,43,0.00030056172,1.0,0.28888888888888886,1.0,1.4537209
-1,oracle_myopic,planning,44,0.24687394,1.0,0.6,1.0,0.00012973743
-1,oracle_myopic,planning,45,0.079830915,1.0,0.35555555555555557,1.0,0.13038376
-1,oracle_myopic,planning,46,0.09546077,1.0,0.37777777777777777,1.0,0.4207361
-1,oracle_myopic,planning,47,0.2307389,1.0,0.5555555555555556,1.0,0.0042074923
-1,oracle_myopic,planning,48,-0.09575801,1.0,0.13333333333333333,1.0,0.45268852
-1,oracle_myopic,planning,49,0.15284353,1.0,0.4444444444444444,1.0,0.027449165
-1,oracle_myopic,planning,50,-0.27790564,0.0,0.06666666666666667,1.0,3.673936
-1,oracle_myopic,planning,51,-0.2378293,0.0,0.0,1.0,1.615335
-1,oracle_myopic,planning,52,0.18882677,1.0,0.4888888888888889,1.0,0.3067255
-1,oracle_myopic,planning,53,0.07824322,1.0,0.35555555555555557,1.0,0.68464273
-1,oracle_myopic,planning,54,0.014699751,1.0,0.24444444444444444,1.0,1.4930155
-1,oracle_myopic,planning,55,0.0044883145,1.0,0.2222222222222222,1.0,1.1280206
-1,oracle_myopic,planning,56,-0.08515116,1.0,0.15555555555555556,1.0,0.49034137
-1,oracle_myopic,planning,57,0.06893272,1.0,0.35555555555555557,1.0,0.3053009
-1,oracle_myopic,planning,58,0.0277157,1.0,0.28888888888888886,1.0,1.3219758
-1,oracle_myopic,planning,59,0.010164589,1.0,0.28888888888888886,1.0,1.2330375
-1,oracle_myopic,planning,60,0.14307801,1.0,0.4222222222222222,1.0,0.19444181
-1,oracle_myopic,planning,61,-0.21330643,1.0,0.044444444444444446,1.0,1.0321096
-1,oracle_myopic,planning,62,-0.27756304,0.0,0.06666666666666667,1.0,3.2883286
-1,oracle_myopic,planning,63,-0.112070315,1.0,0.15555555555555556,1.0,0.43862116
-1,oracle_myopic,planning,64,-0.087594435,1.0,0.17777777777777778,1.0,1.4586858
-1,oracle_myopic,planning,65,0.28176278,1.0,0.6,1.0,9.367169e-05
-1,oracle_myopic,planning,66,0.13304272,1.0,0.4222222222222222,1.0,7.549934e-05
-1,oracle_myopic,planning,67,0.1817651,1.0,0.4888888888888889,1.0,0.23281805
-1,oracle_myopic,planning,68,0.2706161,1.0,0.6,1.0,0.000238495
-1,oracle_myopic,planning,69,0.19088101,1.0,0.4666666666666667,1.0,0.0002805226
-1,oracle_myopic,planning,70,0.10568443,1.0,0.37777777777777777,1.0,0.14503497
-1,oracle_myopic,planning,71,-0.13657288,1.0,0.08888888888888889,1.0,0.6892799
-1,oracle_myopic,planning,72,-0.34355482,0.0,0.0,1.0,3.3854253
-1,oracle_myopic,planning,73,0.32794002,1.0,0.7111111111111111,1.0,0.00016479142
-1,oracle_myopic,planning,74,-0.29405433,0.0,0.06666666666666667,1.0,4.8199444
-1,oracle_myopic,planning,75,-0.2544049,0.0,0.0,1.0,1.7078137
-1,oracle_myopic,planning,76,-0.21864876,1.0,0.044444444444444446,1.0,1.2874973
-1,oracle_myopic,planning,77,-0.07897292,1.0,0.17777777777777778,1.0,1.2989788
-1,oracle_myopic,planning,78,0.3293007,1.0,0.6888888888888889,1.0,0.00014733658
-1,oracle_myopic,planning,79,-0.08513105,1.0,0.2,1.0,1.2016512
-1,oracle_myopic,planning,80,0.27740496,1.0,0.6,1.0,0.00021981166
-1,oracle_myopic,planning,81,-0.0008287357,1.0,0.28888888888888886,1.0,1.1685461
-1,oracle_myopic,planning,82,-0.03641924,1.0,0.24444444444444444,1.0,1.247484
-1,oracle_myopic,planning,83,0.069994144,1.0,0.35555555555555557,1.0,0.667127
-1,oracle_myopic,planning,84,0.10594618,1.0,0.35555555555555557,1.0,0.45903134
-1,oracle_myopic,planning,85,-0.13660085,1.0,0.1111111111111111,1.0,1.4724479
-1,oracle_myopic,planning,86,-0.08125912,1.0,0.17777777777777778,1.0,1.4023769
-1,oracle_myopic,planning,87,-0.33961967,0.0,0.0,1.0,3.7447944
-1,oracle_myopic,planning,88,0.14358808,1.0,0.4444444444444444,1.0,0.19180885
-1,oracle_myopic,planning,89,0.049462307,1.0,0.28888888888888886,1.0,0.17508362
-1,oracle_myopic,planning,90,0.16888547,1.0,0.4444444444444444,1.0,0.12061704
-1,oracle_myopic,planning,91,-0.018845387,1.0,0.26666666666666666,1.0,0.9702781
-1,oracle_myopic,planning,92,-0.457923,0.0,0.044444444444444446,1.0,6.293643
-1,oracle_myopic,planning,93,0.2215495,1.0,0.5333333333333333,1.0,0.000152078
-1,oracle_myopic,planning,94,0.058898948,1.0,0.3111111111111111,1.0,0.6571492
-1,oracle_myopic,planning,95,0.41344625,1.0,0.8222222222222222,1.0,0.0001412044
-1,oracle_myopic,planning,96,0.109071426,1.0,0.35555555555555557,1.0,0.30732232
-1,oracle_myopic,planning,97,0.20065005,1.0,0.5111111111111111,1.0,0.46263447
-1,oracle_myopic,planning,98,-0.04409759,1.0,0.2,1.0,0.8894808
-1,oracle_myopic,planning,99,-0.19400862,1.0,0.08888888888888889,1.0,1.4416431
-1,oracle_myopic,planning,100,0.2466139,1.0,0.5555555555555556,1.0,9.055831e-05
-1,oracle_myopic,planning,101,0.028093582,1.0,0.3111111111111111,1.0,1.0029665
-1,oracle_myopic,planning,102,-0.086409904,1.0,0.15555555555555556,1.0,1.3280494
-1,oracle_myopic,planning,103,0.36124256,1.0,0.8,1.0,0.00020041848
-1,oracle_myopic,planning,104,0.08564659,1.0,0.28888888888888886,1.0,0.089828074
-1,oracle_myopic,planning,105,-0.19049507,0.0,0.06666666666666667,1.0,1.7005606
-1,oracle_myopic,planning,106,0.20317076,1.0,0.5111111111111111,1.0,0.000111727415
-1,oracle_myopic,planning,107,-0.1131931,1.0,0.1111111111111111,1.0,0.11169243
-1,oracle_myopic,planning,108,0.007914708,1.0,0.2,1.0,0.9688627
-1,oracle_myopic,planning,109,0.09376345,1.0,0.3333333333333333,1.0,0.36724466
-1,oracle_myopic,planning,110,-0.07579114,1.0,0.17777777777777778,1.0,0.9610957
-1,oracle_myopic,planning,111,0.022103194,1.0,0.2222222222222222,1.0,0.7875214
-1,oracle_myopic,planning,112,0.18949202,1.0,0.5333333333333333,1.0,0.08319652
-1,oracle_myopic,planning,113,0.4371653,1.0,0.9111111111111111,1.0,0.00017063392
-1,oracle_myopic,planning,114,-0.24693324,0.0,0.06666666666666667,1.0,3.1924818
-1,oracle_myopic,planning,115,-0.02381463,1.0,0.2222222222222222,1.0,1.0500507
-1,oracle_myopic,planning,116,0.17571038,1.0,0.4888888888888889,1.0,0.026598275
-1,oracle_myopic,planning,117,-0.3862332,0.0,0.06666666666666667,1.0,4.459017
-1,oracle_myopic,planning,118,0.38654816,1.0,0.8222222222222222,1.0,0.00014708146
-1,oracle_myopic,planning,119,0.0069793607,1.0,0.28888888888888886,1.0,1.4491284
-1,oracle_myopic,planning,120,0.108370095,1.0,0.3333333333333333,1.0,0.07378419
-1,oracle_myopic,planning,121,-0.14015134,1.0,0.06666666666666667,1.0,0.14226218
-1,oracle_myopic,planning,122,-0.26377794,0.0,0.06666666666666667,1.0,3.5541706
-1,oracle_myopic,planning,123,0.01828124,1.0,0.3333333333333333,1.0,0.30415812
-1,oracle_myopic,planning,124,-0.10859107,1.0,0.15555555555555556,1.0,0.13752946
-1,oracle_myopic,planning,125,-0.061348226,1.0,0.17777777777777778,1.0,0.8554621
-1,oracle_myopic,planning,126,-0.011575288,1.0,0.2,1.0,1.0407574
-1,oracle_myopic,planning,127,-0.14068665,1.0,0.1111111111111111,1.0,0.493477
-1,oracle_myopic,planning,128,0.37539536,1.0,0.8,1.0,0.00020144858
-1,oracle_myopic,planning,129,0.051314928,1.0,0.28888888888888886,1.0,0.53302884
-1,oracle_myopic,planning,130,-0.040107656,1.0,0.17777777777777778,1.0,1.3961794
-1,oracle_myopic,planning,131,-0.008761444,1.0,0.3111111111111111,1.0,0.43496856
-1,oracle_myopic,planning,132,0.26787367,1.0,0.6,1.0,0.000126648
-1,oracle_myopic,planning,133,0.033175085,1.0,0.24444444444444444,1.0,0.8781283
-1,oracle_myopic,planning,134,0.13660304,1.0,0.35555555555555557,1.0,0.0663802
-1,oracle_myopic,planning,135,-0.18714081,1.0,0.08888888888888889,1.0,1.3736794
-1,oracle_myopic,planning,136,-0.066093095,1.0,0.15555555555555556,1.0,0.9914089
-1,oracle_myopic,planning,137,-0.0040563373,1.0,0.2,1.0,0.69175655
-1,oracle_myopic,planning,138,-0.12873186,1.0,0.2,1.0,1.4909748
-1,oracle_myopic,planning,139,0.30676025,1.0,0.6444444444444445,1.0,6.613917e-05
-1,oracle_myopic,planning,140,-0.16220035,1.0,0.08888888888888889,1.0,0.5262761
-1,oracle_myopic,planning,141,-0.08750364,1.0,0.15555555555555556,1.0,0.00016147488
-1,oracle_myopic,planning,142,-0.21411659,1.0,0.022222222222222223,1.0,1.112932
-1,oracle_myopic,planning,143,-0.029816903,1.0,0.2222222222222222,1.0,0.9802485
-1,oracle_myopic,planning,144,0.09988308,1.0,0.35555555555555557,1.0,0.34619886
-1,oracle_myopic,planning,145,-0.13530535,1.0,0.15555555555555556,1.0,0.20961365
-1,oracle_myopic,planning,146,0.0317995,1.0,0.26666666666666666,1.0,0.38623762
-1,oracle_myopic,planning,147,0.20089908,1.0,0.4888888888888889,1.0,0.00024202096
-1,oracle_myopic,planning,148,-0.121206135,1.0,0.13333333333333333,1.0,0.00021631434
-1,oracle_myopic,planning,149,0.10389112,1.0,0.3333333333333333,1.0,0.1874481
-1,oracle_myopic,planning,150,-0.14150077,0.0,0.15555555555555556,1.0,1.7481054
-1,oracle_myopic,planning,151,0.021010209,1.0,0.28888888888888886,1.0,1.0542266
-1,oracle_myopic,planning,152,0.029621521,1.0,0.28888888888888886,1.0,0.94123614
-1,oracle_myopic,planning,153,0.03046643,1.0,0.26666666666666666,1.0,1.1361223
-1,oracle_myopic,planning,154,-0.060359098,1.0,0.2222222222222222,1.0,0.6811246
-1,oracle_myopic,planning,155,-0.19859017,1.0,0.044444444444444446,1.0,1.0522348
-1,oracle_myopic,planning,156,-0.11753991,1.0,0.13333333333333333,1.0,1.0956202
-1,oracle_myopic,planning,157,0.28301996,1.0,0.6222222222222222,1.0,0.00010943985
-1,oracle_myopic,planning,158,-0.14650081,1.0,0.1111111111111111,1.0,0.37235093
-1,oracle_myopic,planning,159,0.036636792,1.0,0.26666666666666666,1.0,1.325844
-1,oracle_myopic,planning,160,0.1132536,1.0,0.3111111111111111,1.0,0.12740935
-1,oracle_myopic,planning,161,-0.073254086,1.0,0.15555555555555556,1.0,0.5718306
-1,oracle_myopic,planning,162,-0.016990704,1.0,0.26666666666666666,1.0,1.4027075
-1,oracle_myopic,planning,163,-0.05523119,1.0,0.2222222222222222,1.0,0.9851663
-1,oracle_myopic,planning,164,0.14353696,1.0,0.4,1.0,0.2147402
-1,oracle_myopic,planning,165,0.07959472,1.0,0.3333333333333333,1.0,0.87804055
-1,oracle_myopic,planning,166,-0.06885594,1.0,0.17777777777777778,1.0,0.8845446
-1,oracle_myopic,planning,167,-0.26477507,0.0,0.06666666666666667,1.0,2.8724108
-1,oracle_myopic,planning,168,0.0373713,1.0,0.24444444444444444,1.0,0.5576808
-1,oracle_myopic,planning,169,0.1023928,1.0,0.37777777777777777,1.0,0.53696734
-1,oracle_myopic,planning,170,0.44322687,1.0,0.9111111111111111,1.0,0.00021612286
-1,oracle_myopic,planning,171,-0.19286162,0.0,0.08888888888888889,1.0,1.683851
-1,oracle_myopic,planning,172,0.22657315,1.0,0.5333333333333333,1.0,0.06505632
-1,oracle_myopic,planning,173,0.29666382,1.0,0.7111111111111111,1.0,0.00019416265
-1,oracle_myopic,planning,174,-0.24141753,0.0,0.06666666666666667,1.0,3.3396902
-1,oracle_myopic,planning,175,-0.12130993,1.0,0.1111111111111111,1.0,0.725398
-1,oracle_myopic,planning,176,-0.3156947,0.0,0.0,1.0,2.6045315
-1,oracle_myopic,planning,177,-0.21697827,1.0,0.06666666666666667,1.0,0.85443026
-1,oracle_myopic,planning,178,-0.09169842,1.0,0.15555555555555556,1.0,0.89615196
-1,oracle_myopic,planning,179,-0.030769745,0.0,0.17777777777777778,1.0,1.5973334
-1,oracle_myopic,planning,180,-0.1825174,1.0,0.044444444444444446,1.0,0.5698812
-1,oracle_myopic,planning,181,0.041914918,1.0,0.28888888888888886,1.0,0.730682
-1,oracle_myopic,planning,182,0.18035944,1.0,0.4444444444444444,1.0,0.13123742
-1,oracle_myopic,planning,183,-0.11008878,1.0,0.13333333333333333,1.0,9.6808384e-05
-1,oracle_myopic,planning,184,0.28474796,1.0,0.6888888888888889,1.0,0.00013780875
-1,oracle_myopic,planning,185,0.008354613,1.0,0.3111111111111111,1.0,0.6346649
-1,oracle_myopic,planning,186,-0.20184383,1.0,0.044444444444444446,1.0,0.47521943
-1,oracle_myopic,planning,187,-0.09269759,0.0,0.15555555555555556,1.0,1.7374728
-1,oracle_myopic,planning,188,-0.33550045,0.0,0.0,1.0,2.0983512
-1,oracle_myopic,planning,189,-0.13154127,0.0,0.13333333333333333,1.0,1.7027065
-1,oracle_myopic,planning,190,0.40764046,1.0,0.8666666666666667,1.0,3.126184e-05
-1,oracle_myopic,planning,191,0.27503914,1.0,0.7111111111111111,1.0,0.00015097606
-1,oracle_myopic,planning,192,0.054766014,1.0,0.37777777777777777,1.0,0.6198128
-1,oracle_myopic,planning,193,0.015774697,1.0,0.3111111111111111,1.0,0.23076232
-1,oracle_myopic,planning,194,0.38269994,1.0,0.7555555555555555,1.0,0.00023048709
-1,oracle_myopic,planning,195,0.37408036,1.0,0.8,1.0,0.00015587175
-1,oracle_myopic,planning,196,0.06607216,1.0,0.3333333333333333,1.0,0.5499146
-1,oracle_myopic,planning,197,0.07568262,1.0,0.35555555555555557,1.0,0.5119156
-1,oracle_myopic,planning,198,0.12876505,1.0,0.4,1.0,0.18872583
-1,oracle_myopic,planning,199,-0.090684965,1.0,0.15555555555555556,1.0,0.061363123
-1,oracle_colourblind,planning,0,-0.64685583,0.0,0.0,0.0,21.278284
-1,oracle_colourblind,planning,1,-0.63841903,0.0,0.0,0.0,20.591812
-1,oracle_colourblind,planning,2,-0.6750728,0.0,0.0,0.0,21.57345
-1,oracle_colourblind,planning,3,-0.5063819,0.0,0.0,0.0,13.17648
-1,oracle_colourblind,planning,4,0.07222614,1.0,0.4444444444444444,1.0,0.06292201
-1,oracle_colourblind,planning,5,-0.54612786,0.0,0.0,0.0,16.332266
-1,oracle_colourblind,planning,6,0.34744444,1.0,0.7333333333333333,1.0,0.037700146
-1,oracle_colourblind,planning,7,-0.09316341,1.0,0.37777777777777777,1.0,0.04674798
-1,oracle_colourblind,planning,8,0.15610467,1.0,0.5555555555555556,1.0,0.06716814
-1,oracle_colourblind,planning,9,0.38749605,1.0,0.8222222222222222,1.0,0.055578474
-1,oracle_colourblind,planning,10,-0.45741814,0.0,0.0,0.0,13.939309
-1,oracle_colourblind,planning,11,0.16996892,1.0,0.5777777777777777,1.0,0.056633767
-1,oracle_colourblind,planning,12,-0.39090106,0.0,0.0,0.0,11.121522
-1,oracle_colourblind,planning,13,0.2514965,1.0,0.6666666666666666,1.0,0.0693729
-1,oracle_colourblind,planning,14,0.33552715,1.0,0.7555555555555555,1.0,0.060105678
-1,oracle_colourblind,planning,15,-0.14448868,1.0,0.3333333333333333,1.0,0.07400194
-1,oracle_colourblind,planning,16,-0.48340175,0.0,0.0,0.0,15.848267
-1,oracle_colourblind,planning,17,0.09479332,1.0,0.4444444444444444,1.0,0.05295366
-1,oracle_colourblind,planning,18,-0.43462595,0.0,0.0,0.0,13.683496
-1,oracle_colourblind,planning,19,-0.20101903,1.0,0.24444444444444444,1.0,0.05767531
-1,oracle_colourblind,planning,20,-0.6261466,0.0,0.0,0.0,19.495562
-1,oracle_colourblind,planning,21,-0.44006783,0.0,0.0,0.0,15.291367
-1,oracle_colourblind,planning,22,0.03793986,1.0,0.37777777777777777,1.0,0.091592565
-1,oracle_colourblind,planning,23,0.38579348,1.0,0.8222222222222222,1.0,0.055676244
-1,oracle_colourblind,planning,24,-0.47553384,0.0,0.0,0.0,14.835184
-1,oracle_colourblind,planning,25,0.16897868,1.0,0.5777777777777777,1.0,0.058175962
-1,oracle_colourblind,planning,26,-0.58729297,0.0,0.0,0.0,18.07685
-1,oracle_colourblind,planning,27,0.25148535,1.0,0.6666666666666666,1.0,0.07816608
-1,oracle_colourblind,planning,28,0.10871204,1.0,0.5777777777777777,1.0,0.082183845
-1,oracle_colourblind,planning,29,-0.6383913,0.0,0.0,0.0,19.723522
-1,oracle_colourblind,planning,30,-0.6319025,0.0,0.0,0.0,20.542849
-1,oracle_colourblind,planning,31,-0.55105805,0.0,0.0,0.0,17.051567
-1,oracle_colourblind,planning,32,-0.4431408,0.0,0.0,0.0,15.941236
-1,oracle_colourblind,planning,33,-0.4657425,0.0,0.0,0.0,11.615596
-1,oracle_colourblind,planning,34,-0.58093464,0.0,0.0,0.0,15.323455
-1,oracle_colourblind,planning,35,-0.4055203,0.0,0.0,0.0,11.79043
-1,oracle_colourblind,planning,36,0.41096625,1.0,0.8,1.0,0.07065138
-1,oracle_colourblind,planning,37,0.45492566,1.0,0.9555555555555556,1.0,0.046383873
-1,oracle_colourblind,planning,38,-0.36902377,0.0,0.0,1.0,9.191167
-1,oracle_colourblind,planning,39,-0.54228014,0.0,0.0,0.0,16.436438
-1,oracle_colourblind,planning,40,-0.5821755,0.0,0.0,0.0,16.1302
-1,oracle_colourblind,planning,41,-0.48711312,0.0,0.0,0.0,15.920552
-1,oracle_colourblind,planning,42,-0.0833857,1.0,0.26666666666666666,1.0,0.05584411
-1,oracle_colourblind,planning,43,0.160855,1.0,0.5555555555555556,1.0,0.06402362
-1,oracle_colourblind,planning,44,0.3198508,1.0,0.7333333333333333,1.0,0.025679627
-1,oracle_colourblind,planning,45,-0.03866732,1.0,0.28888888888888886,1.0,0.08438374
-1,oracle_colourblind,planning,46,-0.45474786,0.0,0.0,0.0,16.267706
-1,oracle_colourblind,planning,47,0.29039022,1.0,0.6888888888888889,1.0,0.035404578
-1,oracle_colourblind,planning,48,-0.40530887,0.0,0.0,0.0,12.459868
-1,oracle_colourblind,planning,49,0.28072977,1.0,0.6888888888888889,1.0,0.050583012
-1,oracle_colourblind,planning,50,-0.5815919,0.0,0.0,0.0,18.469923
-1,oracle_colourblind,planning,51,-0.03592157,1.0,0.4,1.0,0.039870042
-1,oracle_colourblind,planning,52,0.27457482,1.0,0.6444444444444445,1.0,0.07153735
-1,oracle_colourblind,planning,53,-0.2762906,0.0,0.0,1.0,6.73801
-1,oracle_colourblind,planning,54,-0.51466244,0.0,0.0,0.0,16.655977
-1,oracle_colourblind,planning,55,0.18393898,1.0,0.5777777777777777,1.0,0.09223652
-1,oracle_colourblind,planning,56,-0.47771707,0.0,0.0,0.0,15.090256
-1,oracle_colourblind,planning,57,-0.412034,0.0,0.0,0.0,12.857338
-1,oracle_colourblind,planning,58,-0.35272586,0.0,0.0,0.0,10.936093
-1,oracle_colourblind,planning,59,-0.34329182,0.0,0.0,0.0,12.799761
-1,oracle_colourblind,planning,60,0.22347857,1.0,0.6,1.0,0.02877883
-1,oracle_colourblind,planning,61,0.044200122,1.0,0.4666666666666667,1.0,0.06460153
-1,oracle_colourblind,planning,62,-0.584021,0.0,0.0,0.0,17.28424
-1,oracle_colourblind,planning,63,-0.4961763,0.0,0.0,0.0,15.347386
-1,oracle_colourblind,planning,64,0.0012194674,1.0,0.35555555555555557,1.0,0.0488946
-1,oracle_colourblind,planning,65,0.35078618,1.0,0.7555555555555555,1.0,0.067015894
-1,oracle_colourblind,planning,66,-0.4945062,0.0,0.0,0.0,16.888603
-1,oracle_colourblind,planning,67,-0.2985652,0.0,0.0,0.0,9.619688
-1,oracle_colourblind,planning,68,0.33137238,1.0,0.7333333333333333,1.0,0.07481612
-1,oracle_colourblind,planning,69,-0.4081699,0.0,0.0,0.0,15.170641
-1,oracle_colourblind,planning,70,0.10499673,1.0,0.4444444444444444,1.0,0.053110886
-1,oracle_colourblind,planning,71,-0.53054106,0.0,0.0,0.0,16.179022
-1,oracle_colourblind,planning,72,-0.18801348,1.0,0.28888888888888886,1.0,0.048176587
-1,oracle_colourblind,planning,73,0.37755406,1.0,0.8,1.0,0.060543075
-1,oracle_colourblind,planning,74,-0.5603897,0.0,0.0,0.0,16.382893
-1,oracle_colourblind,planning,75,-0.07097457,1.0,0.37777777777777777,1.0,0.032813523
-1,oracle_colourblind,planning,76,-0.46118143,0.0,0.0,0.0,12.897257
-1,oracle_colourblind,planning,77,-0.4379947,0.0,0.0,0.0,13.515451
-1,oracle_colourblind,planning,78,0.37759608,1.0,0.8,1.0,0.086336926
-1,oracle_colourblind,planning,79,-0.49699873,0.0,0.0,0.0,15.381098
-1,oracle_colourblind,planning,80,0.36931276,1.0,0.8,1.0,0.10088439
-1,oracle_colourblind,planning,81,0.2103802,1.0,0.6222222222222222,1.0,0.10738494
-1,oracle_colourblind,planning,82,-0.39905006,0.0,0.0,0.0,12.155023
-1,oracle_colourblind,planning,83,-0.3540015,0.0,0.0,0.0,11.627184
-1,oracle_colourblind,planning,84,-0.49020478,0.0,0.0,0.0,16.580235
-1,oracle_colourblind,planning,85,0.10615379,1.0,0.5333333333333333,1.0,0.056453224
-1,oracle_colourblind,planning,86,-0.5854982,0.0,0.0,0.0,18.331358
-1,oracle_colourblind,planning,87,-0.77317876,0.0,0.0,0.0,24.310843
-1,oracle_colourblind,planning,88,0.26320857,1.0,0.6666666666666666,1.0,0.08718494
-1,oracle_colourblind,planning,89,0.1946149,1.0,0.6,1.0,0.05220919
-1,oracle_colourblind,planning,90,-0.35642383,0.0,0.0,0.0,11.743539
-1,oracle_colourblind,planning,91,-0.019682426,1.0,0.3333333333333333,1.0,0.07724233
-1,oracle_colourblind,planning,92,-0.6992541,0.0,0.0,0.0,18.507494
-1,oracle_colourblind,planning,93,-0.3234228,0.0,0.0,0.0,10.87918
-1,oracle_colourblind,planning,94,0.13045174,1.0,0.4888888888888889,1.0,0.057308007
-1,oracle_colourblind,planning,95,0.41837722,1.0,0.8222222222222222,1.0,0.074088044
-1,oracle_colourblind,planning,96,0.31301922,1.0,0.7333333333333333,1.0,0.06183393
-1,oracle_colourblind,planning,97,0.31402692,1.0,0.7111111111111111,1.0,0.09151555
-1,oracle_colourblind,planning,98,0.10852543,1.0,0.5333333333333333,1.0,0.056110825
-1,oracle_colourblind,planning,99,-0.51188886,0.0,0.0,0.0,19.309374
-1,oracle_colourblind,planning,100,0.3142262,1.0,0.7111111111111111,1.0,0.07573416
-1,oracle_colourblind,planning,101,-0.37716845,0.0,0.0,0.0,11.69206
-1,oracle_colourblind,planning,102,-0.61120397,0.0,0.0,0.0,19.51534
-1,oracle_colourblind,planning,103,0.39037275,1.0,0.8,1.0,0.06152514
-1,oracle_colourblind,planning,104,-0.4209087,0.0,0.0,0.0,13.555762
-1,oracle_colourblind,planning,105,-0.5122457,0.0,0.0,0.0,15.507951
-1,oracle_colourblind,planning,106,-0.4446399,0.0,0.0,0.0,15.186714
-1,oracle_colourblind,planning,107,0.07810178,1.0,0.4888888888888889,1.0,0.05705754
-1,oracle_colourblind,planning,108,-0.46396154,0.0,0.0,0.0,15.275409
-1,oracle_colourblind,planning,109,0.27512825,1.0,0.6888888888888889,1.0,0.047976382
-1,oracle_colourblind,planning,110,-0.39561683,0.0,0.0,0.0,11.803552
-1,oracle_colourblind,planning,111,-0.50023437,0.0,0.0,0.0,16.120789
-1,oracle_colourblind,planning,112,0.36043727,1.0,0.8,1.0,0.05068507
-1,oracle_colourblind,planning,113,0.45630085,1.0,0.9111111111111111,1.0,0.072148144
-1,oracle_colourblind,planning,114,-0.4458752,0.0,0.0,0.0,12.125318
-1,oracle_colourblind,planning,115,-0.47286284,0.0,0.0,0.0,15.454949
-1,oracle_colourblind,planning,116,0.249744,1.0,0.6444444444444445,1.0,0.061957583
-1,oracle_colourblind,planning,117,-0.6185263,0.0,0.0,0.0,16.403774
-1,oracle_colourblind,planning,118,0.42314255,1.0,0.8666666666666667,1.0,0.07046077
-1,oracle_colourblind,planning,119,0.20128901,1.0,0.6222222222222222,1.0,0.09087347
-1,oracle_colourblind,planning,120,0.2041106,1.0,0.5777777777777777,1.0,0.06703671
-1,oracle_colourblind,planning,121,-0.36483738,0.0,0.0,0.0,12.311892
-1,oracle_colourblind,planning,122,-0.4457516,0.0,0.0,0.0,11.332382
-1,oracle_colourblind,planning,123,-0.35538894,0.0,0.0,1.0,9.665854
-1,oracle_colourblind,planning,124,-0.5450386,0.0,0.0,0.0,17.41574
-1,oracle_colourblind,planning,125,-0.51291525,0.0,0.0,0.0,16.49793
-1,oracle_colourblind,planning,126,-0.44361308,0.0,0.0,0.0,15.002796
-1,oracle_colourblind,planning,127,-0.47764078,0.0,0.0,0.0,14.992945
-1,oracle_colourblind,planning,128,0.38958922,1.0,0.8,1.0,0.048955865
-1,oracle_colourblind,planning,129,0.1216623,1.0,0.4888888888888889,1.0,0.07195469
-1,oracle_colourblind,planning,130,0.15031002,1.0,0.5555555555555556,1.0,0.071607366
-1,oracle_colourblind,planning,131,0.1329108,1.0,0.5555555555555556,1.0,0.052558016
-1,oracle_colourblind,planning,132,0.32248405,1.0,0.7333333333333333,1.0,0.036915164
-1,oracle_colourblind,planning,133,0.21517067,1.0,0.6222222222222222,1.0,0.06380479
-1,oracle_colourblind,planning,134,0.15258566,1.0,0.5111111111111111,1.0,0.06094167
-1,oracle_colourblind,planning,135,-0.42403913,0.0,0.0,0.0,11.785484
-1,oracle_colourblind,planning,136,-0.378884,0.0,0.0,0.0,11.952226
-1,oracle_colourblind,planning,137,-0.57127076,0.0,0.0,0.0,19.791235
-1,oracle_colourblind,planning,138,0.06520126,1.0,0.4888888888888889,1.0,0.059811033
-1,oracle_colourblind,planning,139,0.3729182,1.0,0.8,1.0,0.08089424
-1,oracle_colourblind,planning,140,0.08843016,1.0,0.5333333333333333,1.0,0.0789278
-1,oracle_colourblind,planning,141,-0.43237314,0.0,0.0,0.0,13.617958
-1,oracle_colourblind,planning,142,-0.5471056,0.0,0.0,0.0,16.556314
-1,oracle_colourblind,planning,143,0.14354792,1.0,0.5333333333333333,1.0,0.07721378
-1,oracle_colourblind,planning,144,0.305251,1.0,0.7333333333333333,1.0,0.07422596
-1,oracle_colourblind,planning,145,-0.07860334,1.0,0.28888888888888886,1.0,0.09676752
-1,oracle_colourblind,planning,146,0.2084678,1.0,0.6222222222222222,1.0,0.054465152
-1,oracle_colourblind,planning,147,0.32328483,1.0,0.7333333333333333,1.0,0.0658863
-1,oracle_colourblind,planning,148,-0.6174999,0.0,0.0,0.0,20.766483
-1,oracle_colourblind,planning,149,0.2842247,1.0,0.6888888888888889,1.0,0.04726625
-1,oracle_colourblind,planning,150,-0.6316683,0.0,0.0,0.0,19.531658
-1,oracle_colourblind,planning,151,-0.33194038,0.0,0.0,0.0,11.6342325
-1,oracle_colourblind,planning,152,0.22125119,1.0,0.6222222222222222,1.0,0.06300961
-1,oracle_colourblind,planning,153,0.20935279,1.0,0.6,1.0,0.045955993
-1,oracle_colourblind,planning,154,-0.3917708,0.0,0.0,0.0,11.620035
-1,oracle_colourblind,planning,155,-0.5684947,0.0,0.0,0.0,17.432037
-1,oracle_colourblind,planning,156,-0.5750567,0.0,0.0,0.0,17.886646
-1,oracle_colourblind,planning,157,0.31940466,1.0,0.7111111111111111,1.0,0.07394687
-1,oracle_colourblind,planning,158,-0.557938,0.0,0.0,0.0,17.660675
-1,oracle_colourblind,planning,159,0.24822083,1.0,0.6666666666666666,1.0,0.054382544
-1,oracle_colourblind,planning,160,-0.43109253,0.0,0.0,0.0,14.612376
-1,oracle_colourblind,planning,161,-0.42121106,0.0,0.0,0.0,12.942554
-1,oracle_colourblind,planning,162,-0.28325987,0.0,0.0,1.0,2.6916301
-1,oracle_colourblind,planning,163,0.08538672,1.0,0.4888888888888889,1.0,0.09139399
-1,oracle_colourblind,planning,164,0.29456437,1.0,0.7111111111111111,1.0,0.042390473
-1,oracle_colourblind,planning,165,-0.45423615,0.0,0.0,0.0,14.998781
-1,oracle_colourblind,planning,166,-0.4098581,0.0,0.0,0.0,14.969582
-1,oracle_colourblind,planning,167,-0.5923243,0.0,0.0,0.0,17.206406
-1,oracle_colourblind,planning,168,0.22626072,1.0,0.6222222222222222,1.0,0.04684508
-1,oracle_colourblind,planning,169,0.20464419,1.0,0.5777777777777777,1.0,0.10885187
-1,oracle_colourblind,planning,170,0.49118704,1.0,1.0,1.0,0.050776333
-1,oracle_colourblind,planning,171,-0.08232435,1.0,0.3333333333333333,1.0,0.04030074
-1,oracle_colourblind,planning,172,0.32725504,1.0,0.7333333333333333,1.0,0.051679358
-1,oracle_colourblind,planning,173,0.3220167,1.0,0.7111111111111111,1.0,0.02560477
-1,oracle_colourblind,planning,174,-0.56551653,0.0,0.0,0.0,17.458426
-1,oracle_colourblind,planning,175,0.09459298,1.0,0.5111111111111111,1.0,0.07092147
-1,oracle_colourblind,planning,176,-0.58331835,0.0,0.0,0.0,16.81053
-1,oracle_colourblind,planning,177,-0.57792884,0.0,0.0,0.0,17.402672
-1,oracle_colourblind,planning,178,-0.4708939,0.0,0.0,0.0,14.164553
-1,oracle_colourblind,planning,179,0.23147215,1.0,0.6666666666666666,1.0,0.09439216
-1,oracle_colourblind,planning,180,-0.5008932,0.0,0.0,0.0,15.129746
-1,oracle_colourblind,planning,181,-0.16803017,1.0,0.08888888888888889,1.0,0.07431848
-1,oracle_colourblind,planning,182,-0.40345356,0.0,0.0,0.0,13.65103
-1,oracle_colourblind,planning,183,0.029321626,1.0,0.4444444444444444,1.0,0.060852706
-1,oracle_colourblind,planning,184,0.31120804,1.0,0.6888888888888889,1.0,0.0609601
-1,oracle_colourblind,planning,185,0.18851376,1.0,0.6,1.0,0.06153243
-1,oracle_colourblind,planning,186,-0.5911638,0.0,0.0,0.0,18.7565
-1,oracle_colourblind,planning,187,-0.45742905,0.0,0.0,0.0,13.912066
-1,oracle_colourblind,planning,188,-0.20398399,1.0,0.26666666666666666,1.0,0.053403873
-1,oracle_colourblind,planning,189,-0.4278522,0.0,0.0,0.0,13.677537
-1,oracle_colourblind,planning,190,0.42921335,1.0,0.8666666666666667,1.0,0.05747859
-1,oracle_colourblind,planning,191,0.314492,1.0,0.7111111111111111,1.0,0.06771412
-1,oracle_colourblind,planning,192,-0.37779775,0.0,0.0,0.0,11.850719
-1,oracle_colourblind,planning,193,-0.3825498,0.0,0.0,0.0,11.672515
-1,oracle_colourblind,planning,194,0.43367186,1.0,0.8888888888888888,1.0,0.04226095
-1,oracle_colourblind,planning,195,0.39740703,1.0,0.8,1.0,0.04005476
-1,oracle_colourblind,planning,196,0.26915923,1.0,0.6888888888888889,1.0,0.038080476
-1,oracle_colourblind,planning,197,-0.36638725,0.0,0.0,0.0,12.032696
-1,oracle_colourblind,planning,198,0.24094056,1.0,0.6444444444444445,1.0,0.08640245
-1,oracle_colourblind,planning,199,-0.5959741,0.0,0.0,0.0,20.230125
-1,oracle_wrong,planning,0,-0.65093887,0.0,0.0,0.0,21.330051
-1,oracle_wrong,planning,1,-0.64108413,0.0,0.0,0.0,20.664764
-1,oracle_wrong,planning,2,-0.6772798,0.0,0.0,0.0,21.640137
-1,oracle_wrong,planning,3,-0.5290827,0.0,0.0,0.0,13.240827
-1,oracle_wrong,planning,4,-0.5645252,0.0,0.0,0.0,20.911346
-1,oracle_wrong,planning,5,-0.5481128,0.0,0.0,0.0,16.386595
-1,oracle_wrong,planning,6,-0.30325183,0.0,0.0,0.0,11.87559
-1,oracle_wrong,planning,7,-0.49045554,0.0,0.0,0.0,11.984712
-1,oracle_wrong,planning,8,-0.40872717,0.0,0.0,0.0,12.8973675
-1,oracle_wrong,planning,9,-0.41920048,0.0,0.0,0.0,15.390295
-1,oracle_wrong,planning,10,-0.4598422,0.0,0.0,0.0,13.98688
-1,oracle_wrong,planning,11,-0.4143969,0.0,0.0,0.0,12.435737
-1,oracle_wrong,planning,12,-0.394963,0.0,0.0,0.0,11.197362
-1,oracle_wrong,planning,13,-0.41446576,0.0,0.0,0.0,15.582588
-1,oracle_wrong,planning,14,-0.33038807,0.0,0.0,0.0,11.027125
-1,oracle_wrong,planning,15,-0.6569033,0.0,0.0,0.0,19.490387
-1,oracle_wrong,planning,16,-0.4871055,0.0,0.0,0.0,15.904819
-1,oracle_wrong,planning,17,-0.47628173,0.0,0.0,0.0,17.490324
-1,oracle_wrong,planning,18,-0.43914324,0.0,0.0,0.0,13.741442
-1,oracle_wrong,planning,19,-0.5514936,0.0,0.0,0.0,16.453009
-1,oracle_wrong,planning,20,-0.63082147,0.0,0.0,0.0,19.545923
-1,oracle_wrong,planning,21,-0.44905812,0.0,0.0,0.0,15.350918
-1,oracle_wrong,planning,22,-0.5166289,0.0,0.0,0.0,18.401785
-1,oracle_wrong,planning,23,-0.4073252,0.0,0.0,0.0,19.858948
-1,oracle_wrong,planning,24,-0.47740176,0.0,0.0,0.0,14.90118
-1,oracle_wrong,planning,25,-0.42908147,0.0,0.0,0.0,15.153269
-1,oracle_wrong,planning,26,-0.58916175,0.0,0.0,0.0,18.137142
-1,oracle_wrong,planning,27,-0.42376816,0.0,0.0,0.0,13.638351
-1,oracle_wrong,planning,28,-0.5611655,0.0,0.0,0.0,16.42059
-1,oracle_wrong,planning,29,-0.6401424,0.0,0.0,0.0,19.80413
-1,oracle_wrong,planning,30,-0.6339821,0.0,0.0,0.0,20.58668
-1,oracle_wrong,planning,31,-0.55286753,0.0,0.0,0.0,17.104816
-1,oracle_wrong,planning,32,-0.4488392,0.0,0.0,0.0,16.005623
-1,oracle_wrong,planning,33,-0.46733344,0.0,0.0,0.0,11.674744
-1,oracle_wrong,planning,34,-0.5827405,0.0,0.0,0.0,15.393244
-1,oracle_wrong,planning,35,-0.41306254,0.0,0.0,0.0,11.861014
-1,oracle_wrong,planning,36,-0.18861692,0.0,0.13333333333333333,0.0,17.101093
-1,oracle_wrong,planning,37,-0.46360576,0.0,0.0,0.0,19.549889
-1,oracle_wrong,planning,38,-0.5856481,0.0,0.0,0.0,18.834156
-1,oracle_wrong,planning,39,-0.54435635,0.0,0.0,0.0,16.496153
-1,oracle_wrong,planning,40,-0.5879998,0.0,0.0,0.0,16.187754
-1,oracle_wrong,planning,41,-0.4936607,0.0,0.0,0.0,15.980571
-1,oracle_wrong,planning,42,-0.49879533,0.0,0.0,0.0,16.567667
-1,oracle_wrong,planning,43,-0.4621112,0.0,0.0,0.0,15.007804
-1,oracle_wrong,planning,44,-0.2707119,0.0,0.0,0.0,11.486355
-1,oracle_wrong,planning,45,-0.47818047,0.0,0.0,0.0,19.564512
-1,oracle_wrong,planning,46,-0.4619326,0.0,0.0,0.0,16.31844
-1,oracle_wrong,planning,47,-0.36174995,0.0,0.0,0.0,14.929002
-1,oracle_wrong,planning,48,-0.40688753,0.0,0.0,0.0,12.512762
-1,oracle_wrong,planning,49,-0.4931014,0.0,0.0,0.0,17.046398
-1,oracle_wrong,planning,50,-0.5891864,0.0,0.0,0.0,18.533346
-1,oracle_wrong,planning,51,-0.3883942,0.0,0.0,0.0,11.657725
-1,oracle_wrong,planning,52,-0.54073775,0.0,0.0,0.0,19.920776
-1,oracle_wrong,planning,53,-0.5117107,0.0,0.0,0.0,20.956034
-1,oracle_wrong,planning,54,-0.51614285,0.0,0.0,0.0,16.687458
-1,oracle_wrong,planning,55,-0.2833538,0.0,0.0,0.0,11.048925
-1,oracle_wrong,planning,56,-0.48101342,0.0,0.0,0.0,15.152143
-1,oracle_wrong,planning,57,-0.41420135,0.0,0.0,0.0,12.922826
-1,oracle_wrong,planning,58,-0.355938,0.0,0.0,0.0,10.999824
-1,oracle_wrong,planning,59,-0.66714543,0.0,0.0,0.0,24.369762
-1,oracle_wrong,planning,60,-0.48541984,0.0,0.0,0.0,16.657898
-1,oracle_wrong,planning,61,-0.4525711,0.0,0.0,0.0,13.198862
-1,oracle_wrong,planning,62,-0.58588386,0.0,0.0,0.0,17.338745
-1,oracle_wrong,planning,63,-0.49937248,0.0,0.0,0.0,15.397865
-1,oracle_wrong,planning,64,-0.65051615,0.0,0.0,0.0,22.748676
-1,oracle_wrong,planning,65,-0.37272698,0.0,0.0,0.0,14.430412
-1,oracle_wrong,planning,66,-0.4969554,0.0,0.0,0.0,16.944845
-1,oracle_wrong,planning,67,-0.53437537,0.0,0.0,0.0,19.204533
-1,oracle_wrong,planning,68,-0.4556672,0.0,0.0,0.0,15.891801
-1,oracle_wrong,planning,69,-0.42317098,0.0,0.0,0.0,15.238118
-1,oracle_wrong,planning,70,-0.4649665,0.0,0.0,0.0,16.18823
-1,oracle_wrong,planning,71,-0.53273344,0.0,0.0,0.0,16.248749
-1,oracle_wrong,planning,72,-0.5860121,0.0,0.0,0.0,15.047181
-1,oracle_wrong,planning,73,-0.29305294,0.0,0.0,0.0,11.031443
-1,oracle_wrong,planning,74,-0.56268924,0.0,0.0,0.0,16.43782
-1,oracle_wrong,planning,75,-0.48739552,0.0,0.0,0.0,12.682405
-1,oracle_wrong,planning,76,-0.46429902,0.0,0.0,0.0,12.953772
-1,oracle_wrong,planning,77,-0.442049,0.0,0.0,0.0,13.56319
-1,oracle_wrong,planning,78,-0.3662746,0.0,0.0,0.0,13.379027
-1,oracle_wrong,planning,79,-0.49893138,0.0,0.0,0.0,15.437173
-1,oracle_wrong,planning,80,-0.30066347,0.0,0.0,0.0,11.481353
-1,oracle_wrong,planning,81,-0.5078141,0.0,0.0,0.0,17.669086
-1,oracle_wrong,planning,82,-0.40105027,0.0,0.0,0.0,12.24785
-1,oracle_wrong,planning,83,-0.35770875,0.0,0.0,0.0,11.667915
-1,oracle_wrong,planning,84,-0.49270028,0.0,0.0,0.0,16.64289
-1,oracle_wrong,planning,85,-0.55137223,0.0,0.0,0.0,17.152037
-1,oracle_wrong,planning,86,-0.58723104,0.0,0.0,0.0,18.405756
-1,oracle_wrong,planning,87,-0.7752023,0.0,0.0,0.0,24.37895
-1,oracle_wrong,planning,88,-0.4143911,0.0,0.0,0.0,15.410974
-1,oracle_wrong,planning,89,-0.3672304,0.0,0.0,0.0,11.223325
-1,oracle_wrong,planning,90,-0.35849288,0.0,0.0,0.0,11.796678
-1,oracle_wrong,planning,91,-0.50944,0.0,0.0,0.0,16.700756
-1,oracle_wrong,planning,92,-0.7013544,0.0,0.0,0.0,18.561535
-1,oracle_wrong,planning,93,-0.32640523,0.0,0.0,0.0,10.948736
-1,oracle_wrong,planning,94,-0.35961455,0.0,0.0,0.0,13.623616
-1,oracle_wrong,planning,95,-0.35613716,0.0,0.0,0.0,15.556382
-1,oracle_wrong,planning,96,-0.27644932,0.0,0.0,0.0,10.924741
-1,oracle_wrong,planning,97,-0.38363096,0.0,0.0,0.0,14.286151
-1,oracle_wrong,planning,98,-0.38784015,0.0,0.0,0.0,11.871037
-1,oracle_wrong,planning,99,-0.6241275,0.0,0.0,0.0,19.35847
-1,oracle_wrong,planning,100,-0.36193123,0.0,0.0,0.0,12.3577585
-1,oracle_wrong,planning,101,-0.379821,0.0,0.0,0.0,11.759623
-1,oracle_wrong,planning,102,-0.61270416,0.0,0.0,0.0,19.574688
-1,oracle_wrong,planning,103,-0.40797326,0.0,0.0,0.0,17.563639
-1,oracle_wrong,planning,104,-0.4228886,0.0,0.0,0.0,13.602441
-1,oracle_wrong,planning,105,-0.5140464,0.0,0.0,0.0,15.573257
-1,oracle_wrong,planning,106,-0.4495792,0.0,0.0,0.0,15.2510605
-1,oracle_wrong,planning,107,-0.5826273,0.0,0.0,0.0,18.65308
-1,oracle_wrong,planning,108,-0.46609882,0.0,0.0,0.0,15.34858
-1,oracle_wrong,planning,109,-0.4442015,0.0,0.0,0.0,17.906052
-1,oracle_wrong,planning,110,-0.39946172,0.0,0.0,0.0,11.864251
-1,oracle_wrong,planning,111,-0.50236785,0.0,0.0,0.0,16.188066
-1,oracle_wrong,planning,112,-0.35596624,0.0,0.0,0.0,12.415813
-1,oracle_wrong,planning,113,-0.3174388,0.0,0.0,0.0,16.40087
-1,oracle_wrong,planning,114,-0.44783875,0.0,0.0,0.0,12.186728
-1,oracle_wrong,planning,115,-0.4832908,0.0,0.0,0.0,15.514431
-1,oracle_wrong,planning,116,-0.24847469,0.0,0.06666666666666667,0.0,14.2918215
-1,oracle_wrong,planning,117,-0.62870854,0.0,0.0,0.0,16.455263
-1,oracle_wrong,planning,118,-0.30055836,0.0,0.0,0.0,11.402045
-1,oracle_wrong,planning,119,-0.38134277,0.0,0.0,0.0,12.521188
-1,oracle_wrong,planning,120,-0.28292844,0.0,0.0,0.0,12.044409
-1,oracle_wrong,planning,121,-0.37361786,0.0,0.0,0.0,12.376144
-1,oracle_wrong,planning,122,-0.4509252,0.0,0.0,0.0,11.407983
-1,oracle_wrong,planning,123,-0.71161216,0.0,0.0,0.0,25.19603
-1,oracle_wrong,planning,124,-0.5496627,0.0,0.0,0.0,17.48089
-1,oracle_wrong,planning,125,-0.51853806,0.0,0.0,0.0,16.56725
-1,oracle_wrong,planning,126,-0.44660506,0.0,0.0,0.0,15.074347
-1,oracle_wrong,planning,127,-0.4804197,0.0,0.0,0.0,15.051102
-1,oracle_wrong,planning,128,-0.17539163,0.0,0.08888888888888889,0.0,10.900427
-1,oracle_wrong,planning,129,-0.43337372,0.0,0.0,0.0,15.771343
-1,oracle_wrong,planning,130,-0.558859,0.0,0.0,0.0,18.461435
-1,oracle_wrong,planning,131,-0.4382863,0.0,0.0,0.0,13.324113
-1,oracle_wrong,planning,132,-0.39640668,0.0,0.0,0.0,17.729176
-1,oracle_wrong,planning,133,-0.28725597,0.0,0.0,0.0,13.030465
-1,oracle_wrong,planning,134,-0.4699901,0.0,0.0,0.0,17.009962
-1,oracle_wrong,planning,135,-0.42586988,0.0,0.0,0.0,11.840452
-1,oracle_wrong,planning,136,-0.41956317,0.0,0.0,0.0,12.004108
-1,oracle_wrong,planning,137,-0.5751565,0.0,0.0,0.0,19.84788
-1,oracle_wrong,planning,138,-0.36379606,0.0,0.0,0.0,11.347347
-1,oracle_wrong,planning,139,-0.25764924,0.0,0.06666666666666667,0.0,13.879795
-1,oracle_wrong,planning,140,-0.60748297,0.0,0.0,0.0,19.181675
-1,oracle_wrong,planning,141,-0.43549126,0.0,0.0,0.0,13.675673
-1,oracle_wrong,planning,142,-0.5522422,0.0,0.0,0.0,16.617977
-1,oracle_wrong,planning,143,-0.36479068,0.0,0.0,0.0,13.729777
-1,oracle_wrong,planning,144,-0.37616557,0.0,0.0,0.0,14.117268
-1,oracle_wrong,planning,145,-0.5010774,0.0,0.0,0.0,16.265402
-1,oracle_wrong,planning,146,-0.31682274,0.0,0.0,0.0,10.882358
-1,oracle_wrong,planning,147,-0.30117843,0.0,0.0,0.0,13.824099
-1,oracle_wrong,planning,148,-0.62156385,0.0,0.0,0.0,20.836834
-1,oracle_wrong,planning,149,-0.21030481,0.0,0.06666666666666667,0.0,11.5913725
-1,oracle_wrong,planning,150,-0.6387915,0.0,0.0,0.0,19.594723
-1,oracle_wrong,planning,151,-0.3380133,0.0,0.0,0.0,11.68652
-1,oracle_wrong,planning,152,-0.36885834,0.0,0.0,0.0,14.987629
-1,oracle_wrong,planning,153,-0.46367916,0.0,0.0,0.0,14.987391
-1,oracle_wrong,planning,154,-0.3933994,0.0,0.0,0.0,11.673379
-1,oracle_wrong,planning,155,-0.5723225,0.0,0.0,0.0,17.471107
-1,oracle_wrong,planning,156,-0.5769689,0.0,0.0,0.0,17.945265
-1,oracle_wrong,planning,157,-0.48365676,0.0,0.0,0.0,19.002644
-1,oracle_wrong,planning,158,-0.56094015,0.0,0.0,0.0,17.72845
-1,oracle_wrong,planning,159,-0.36218563,0.0,0.0,0.0,12.036025
-1,oracle_wrong,planning,160,-0.4337532,0.0,0.0,0.0,14.664517
-1,oracle_wrong,planning,161,-0.42314878,0.0,0.0,0.0,13.00566
-1,oracle_wrong,planning,162,-0.5508887,0.0,0.0,0.0,17.86969
-1,oracle_wrong,planning,163,-0.436511,0.0,0.0,0.0,14.606278
-1,oracle_wrong,planning,164,-0.43145892,0.0,0.0,0.0,16.796038
-1,oracle_wrong,planning,165,-0.45613152,0.0,0.0,0.0,15.047785
-1,oracle_wrong,planning,166,-0.41445762,0.0,0.0,0.0,15.030127
-1,oracle_wrong,planning,167,-0.5954949,0.0,0.0,0.0,17.26485
-1,oracle_wrong,planning,168,-0.5063697,0.0,0.0,0.0,17.333305
-1,oracle_wrong,planning,169,-0.29475772,0.0,0.0,0.0,14.693453
-1,oracle_wrong,planning,170,-0.2941393,0.0,0.06666666666666667,0.0,12.562134
-1,oracle_wrong,planning,171,-0.5316743,0.0,0.0,0.0,15.717365
-1,oracle_wrong,planning,172,-0.39125514,0.0,0.0,0.0,16.493717
-1,oracle_wrong,planning,173,-0.29819968,0.0,0.0,0.0,11.229665
-1,oracle_wrong,planning,174,-0.5671627,0.0,0.0,0.0,17.503756
-1,oracle_wrong,planning,175,-0.509255,0.0,0.0,0.0,15.405557
-1,oracle_wrong,planning,176,-0.5853328,0.0,0.0,0.0,16.869667
-1,oracle_wrong,planning,177,-0.57966137,0.0,0.0,0.0,17.460972
-1,oracle_wrong,planning,178,-0.47313195,0.0,0.0,0.0,14.225082
-1,oracle_wrong,planning,179,-0.38516644,0.0,0.0,0.0,11.88018
-1,oracle_wrong,planning,180,-0.5065895,0.0,0.0,0.0,15.204992
-1,oracle_wrong,planning,181,-0.5604335,0.0,0.0,0.0,21.001991
-1,oracle_wrong,planning,182,-0.40587163,0.0,0.0,0.0,13.710674
-1,oracle_wrong,planning,183,-0.46863395,0.0,0.0,0.0,14.33628
-1,oracle_wrong,planning,184,-0.20115034,0.0,0.08888888888888889,0.0,14.682386
-1,oracle_wrong,planning,185,-0.46842274,0.0,0.0,0.0,15.030625
-1,oracle_wrong,planning,186,-0.59478164,0.0,0.0,0.0,18.821875
-1,oracle_wrong,planning,187,-0.46103913,0.0,0.0,0.0,13.976466
-1,oracle_wrong,planning,188,-0.69602895,0.0,0.0,0.0,19.93627
-1,oracle_wrong,planning,189,-0.46935043,0.0,0.0,0.0,13.745873
-1,oracle_wrong,planning,190,-0.42997903,0.0,0.0,0.0,17.489502
-1,oracle_wrong,planning,191,-0.34988663,0.0,0.0,0.0,15.337416
-1,oracle_wrong,planning,192,-0.382012,0.0,0.0,0.0,11.907322
-1,oracle_wrong,planning,193,-0.38465145,0.0,0.0,0.0,11.729433
-1,oracle_wrong,planning,194,-0.3147528,0.0,0.0,0.0,13.629862
-1,oracle_wrong,planning,195,-0.33933988,0.0,0.0,0.0,16.897545
-1,oracle_wrong,planning,196,-0.3112916,0.0,0.0,0.0,12.9144745
-1,oracle_wrong,planning,197,-0.37025425,0.0,0.0,0.0,12.098761
-1,oracle_wrong,planning,198,-0.46167743,0.0,0.0,0.0,17.651655
-1,oracle_wrong,planning,199,-0.60121566,0.0,0.0,0.0,20.301353
0,A_recon,planning,0,-0.6063585,0.0,0.0,0.0,16.669281
0,A_recon,planning,1,-0.47234207,0.0,0.0,0.0,11.523705
0,A_recon,planning,2,-0.731673,0.0,0.0,0.0,25.388395
0,A_recon,planning,3,-0.72490376,0.0,0.0,0.0,17.97636
0,A_recon,planning,4,-0.5432877,0.0,0.0,1.0,20.230991
0,A_recon,planning,5,-0.69717646,0.0,0.0,0.0,22.493223
0,A_recon,planning,6,-0.32295278,0.0,0.0,1.0,13.767483
0,A_recon,planning,7,-0.76323605,0.0,0.0,0.0,24.187284
0,A_recon,planning,8,-0.37241054,0.0,0.0,0.0,9.527334
0,A_recon,planning,9,0.007904187,0.0,0.13333333333333333,1.0,4.847949
0,A_recon,planning,10,-0.5964639,0.0,0.0,1.0,16.566917
0,A_recon,planning,11,-0.4419449,0.0,0.0,0.0,13.737902
0,A_recon,planning,12,-0.4578762,0.0,0.0,0.0,12.082993
0,A_recon,planning,13,-0.34925357,0.0,0.0,1.0,7.3793144
0,A_recon,planning,14,-0.21936834,0.0,0.0,1.0,5.5046287
0,A_recon,planning,15,-0.72492164,0.0,0.0,0.0,21.298115
0,A_recon,planning,16,-0.4927537,0.0,0.0,0.0,11.442526
0,A_recon,planning,17,-0.2523187,0.0,0.0,1.0,8.781845
0,A_recon,planning,18,-0.40983793,0.0,0.0,0.0,12.291297
0,A_recon,planning,19,-0.6578741,0.0,0.0,1.0,19.563425
0,A_recon,planning,20,-0.64052314,0.0,0.0,0.0,20.54485
0,A_recon,planning,21,-0.29292336,0.0,0.0,0.0,10.166313
0,A_recon,planning,22,-0.3341934,0.0,0.0,1.0,8.196048
0,A_recon,planning,23,-0.17300501,0.0,0.0,1.0,5.9515023
0,A_recon,planning,24,-0.5829866,0.0,0.0,0.0,20.910822
0,A_recon,planning,25,-0.47521833,0.0,0.0,1.0,18.024473
0,A_recon,planning,26,-0.55672204,0.0,0.0,0.0,13.354064
0,A_recon,planning,27,-0.278734,0.0,0.0,1.0,7.1737733
0,A_recon,planning,28,-0.51879954,0.0,0.0,0.0,11.567456
0,A_recon,planning,29,-0.54402417,0.0,0.0,0.0,13.93079
0,A_recon,planning,30,-0.69697464,0.0,0.0,0.0,25.608025
0,A_recon,planning,31,-0.4408238,0.0,0.0,0.0,11.745566
0,A_recon,planning,32,-0.51150197,0.0,0.0,1.0,16.794355
0,A_recon,planning,33,-0.7471085,0.0,0.0,0.0,24.954967
0,A_recon,planning,34,-0.8178666,0.0,0.0,0.0,22.591215
0,A_recon,planning,35,-0.44846958,0.0,0.0,0.0,13.342344
0,A_recon,planning,36,-0.20031036,0.0,0.0,1.0,6.7638025
0,A_recon,planning,37,-0.2513913,0.0,0.0,0.0,13.589638
0,A_recon,planning,38,-0.5900514,0.0,0.0,0.0,19.326658
0,A_recon,planning,39,-0.47407976,0.0,0.0,1.0,9.698266
0,A_recon,planning,40,-0.69495225,0.0,0.0,0.0,18.942133
0,A_recon,planning,41,-0.51308656,0.0,0.0,0.0,20.768345
0,A_recon,planning,42,-0.48446614,0.0,0.0,0.0,16.551445
0,A_recon,planning,43,-0.46350533,0.0,0.0,0.0,16.8104
0,A_recon,planning,44,-0.23543848,0.0,0.0,1.0,7.505063
0,A_recon,planning,45,-0.3555761,0.0,0.0,1.0,12.755824
0,A_recon,planning,46,-0.35336003,0.0,0.0,1.0,8.458745
0,A_recon,planning,47,-0.28514883,0.0,0.0,1.0,8.896852
0,A_recon,planning,48,-0.5874145,0.0,0.0,0.0,18.968143
0,A_recon,planning,49,-0.22913136,0.0,0.0,1.0,8.773695
0,A_recon,planning,50,-0.6828134,0.0,0.0,0.0,20.9572
0,A_recon,planning,51,-0.75328004,0.0,0.0,1.0,22.797468
0,A_recon,planning,52,-0.43539461,0.0,0.0,0.0,18.664623
0,A_recon,planning,53,-0.5031054,0.0,0.0,1.0,19.837059
0,A_recon,planning,54,-0.1962625,0.0,0.0,1.0,2.5076635
0,A_recon,planning,55,-0.49919006,0.0,0.0,1.0,15.982359
0,A_recon,planning,56,-0.53412443,0.0,0.0,0.0,17.004232
0,A_recon,planning,57,-0.44293264,0.0,0.0,0.0,13.667772
0,A_recon,planning,58,-0.41319174,0.0,0.0,0.0,12.263941
0,A_recon,planning,59,-0.4176926,0.0,0.0,1.0,14.119907
0,A_recon,planning,60,-0.05958138,0.0,0.0,1.0,1.9552428
0,A_recon,planning,61,-0.6184908,0.0,0.0,0.0,19.072208
0,A_recon,planning,62,-0.6726405,0.0,0.0,0.0,20.25668
0,A_recon,planning,63,-0.484576,0.0,0.0,0.0,15.697674
0,A_recon,planning,64,-0.3514008,0.0,0.0,1.0,9.900608
0,A_recon,planning,65,-0.24575087,0.0,0.0,0.0,13.651287
0,A_recon,planning,66,-0.27228296,0.0,0.0,1.0,6.8284283
0,A_recon,planning,67,-0.30510044,0.0,0.0,0.0,12.300606
0,A_recon,planning,68,-0.2557598,0.0,0.0,0.0,10.367831
0,A_recon,planning,69,-0.23629333,0.0,0.0,1.0,7.112738
0,A_recon,planning,70,-0.35795784,0.0,0.0,1.0,12.667158
0,A_recon,planning,71,-0.5172988,0.0,0.0,0.0,14.39756
0,A_recon,planning,72,-0.8443891,0.0,0.0,0.0,27.445208
0,A_recon,planning,73,-0.23386319,0.0,0.0,1.0,9.669375
0,A_recon,planning,74,-0.7352355,0.0,0.0,0.0,24.119446
0,A_recon,planning,75,-0.792311,0.0,0.0,0.0,26.094084
0,A_recon,planning,76,-0.6662481,0.0,0.0,0.0,19.861746
0,A_recon,planning,77,-0.35797447,0.0,0.0,0.0,9.416056
0,A_recon,planning,78,-0.23606889,0.0,0.0,1.0,9.275736
0,A_recon,planning,79,-0.5777147,0.0,0.0,0.0,22.079594
0,A_recon,planning,80,-0.20954308,0.0,0.0,1.0,8.197701
0,A_recon,planning,81,-0.42168927,0.0,0.0,0.0,12.756775
0,A_recon,planning,82,-0.4307811,0.0,0.0,0.0,14.068112
0,A_recon,planning,83,-0.42291313,0.0,0.0,0.0,14.920942
0,A_recon,planning,84,-0.49355665,0.0,0.0,0.0,21.002438
0,A_recon,planning,85,-0.45490938,0.0,0.0,1.0,11.475143
0,A_recon,planning,86,-0.6344136,0.0,0.0,0.0,23.341675
0,A_recon,planning,87,-0.8234186,0.0,0.0,0.0,25.41338
0,A_recon,planning,88,-0.33803624,0.0,0.0,1.0,11.844722
0,A_recon,planning,89,-0.38552898,0.0,0.0,1.0,10.506072
0,A_recon,planning,90,-0.38067088,0.0,0.0,0.0,15.313543
0,A_recon,planning,91,-0.5911704,0.0,0.0,0.0,20.441963
0,A_recon,planning,92,-1.0387639,0.0,0.0,0.0,32.998703
0,A_recon,planning,93,-0.3458257,0.0,0.0,0.0,13.046774
0,A_recon,planning,94,-0.3550334,0.0,0.0,1.0,8.95225
0,A_recon,planning,95,-0.23569588,0.0,0.0,1.0,9.726322
0,A_recon,planning,96,-0.21953589,0.0,0.0,1.0,6.926384
0,A_recon,planning,97,-0.17864323,0.0,0.0,1.0,5.4033537
0,A_recon,planning,98,-0.40219536,0.0,0.0,1.0,11.742766
0,A_recon,planning,99,-0.6275698,0.0,0.0,0.0,21.661762
0,A_recon,planning,100,-0.2997792,0.0,0.0,0.0,13.034047
0,A_recon,planning,101,-0.26056886,0.0,0.0,1.0,4.5995603
0,A_recon,planning,102,-0.4042977,0.0,0.0,1.0,9.720605
0,A_recon,planning,103,-0.18053958,0.0,0.0,1.0,6.668121
0,A_recon,planning,104,-0.48691908,0.0,0.0,0.0,17.173405
0,A_recon,planning,105,-0.660389,0.0,0.0,0.0,22.82225
0,A_recon,planning,106,-0.37616917,0.0,0.0,0.0,14.514263
0,A_recon,planning,107,-0.54004383,0.0,0.0,0.0,16.509363
0,A_recon,planning,108,-0.52360934,0.0,0.0,0.0,19.039282
0,A_recon,planning,109,-0.2471224,0.0,0.0,1.0,6.9435143
0,A_recon,planning,110,-0.42284834,0.0,0.0,1.0,10.245263
0,A_recon,planning,111,-0.53081954,0.0,0.0,0.0,20.789423
0,A_recon,planning,112,-0.17075564,0.0,0.0,1.0,5.352034
0,A_recon,planning,113,-0.064056076,0.0,0.0,1.0,7.4355536
0,A_recon,planning,114,-0.73159605,0.0,0.0,0.0,25.860035
0,A_recon,planning,115,-0.47012883,0.0,0.0,1.0,15.017328
0,A_recon,planning,116,-0.3402286,0.0,0.0,1.0,9.514637
0,A_recon,planning,117,-0.86466223,0.0,0.0,0.0,27.104895
0,A_recon,planning,118,-0.1281057,0.0,0.0,1.0,5.6364846
0,A_recon,planning,119,-0.4321542,0.0,0.0,1.0,17.20236
0,A_recon,planning,120,-0.4187599,0.0,0.0,1.0,14.438908
0,A_recon,planning,121,-0.52213126,0.0,0.0,1.0,15.501837
0,A_recon,planning,122,-0.703059,0.0,0.0,1.0,21.887833
0,A_recon,planning,123,-0.27720654,0.0,0.0,1.0,5.824743
0,A_recon,planning,124,-0.61251575,0.0,0.0,0.0,20.40587
0,A_recon,planning,125,-0.4807317,0.0,0.0,0.0,14.387918
0,A_recon,planning,126,-0.4693675,0.0,0.0,1.0,18.46943
0,A_recon,planning,127,-0.49492797,0.0,0.0,0.0,13.473391
0,A_recon,planning,128,-0.27696288,0.0,0.0,1.0,10.239605
0,A_recon,planning,129,-0.47491005,0.0,0.0,1.0,15.345359
0,A_recon,planning,130,-0.5218344,0.0,0.0,0.0,18.51128
0,A_recon,planning,131,-0.71008337,0.0,0.0,0.0,25.374369
0,A_recon,planning,132,-0.26433918,0.0,0.0,1.0,8.886539
0,A_recon,planning,133,-0.3790272,0.0,0.0,1.0,10.11885
0,A_recon,planning,134,-0.3548734,0.0,0.0,1.0,10.828841
0,A_recon,planning,135,-0.5808634,0.0,0.0,0.0,14.632117
0,A_recon,planning,136,-0.5351208,0.0,0.0,0.0,16.566624
0,A_recon,planning,137,-0.5820718,0.0,0.0,0.0,21.998434
0,A_recon,planning,138,-0.6698674,0.0,0.0,1.0,22.733229
0,A_recon,planning,139,-0.19597399,0.0,0.0,1.0,6.3079166
0,A_recon,planning,140,-0.45638424,0.0,0.0,1.0,8.579868
0,A_recon,planning,141,-0.57217914,0.0,0.0,0.0,22.756508
0,A_recon,planning,142,-0.5437333,0.0,0.0,1.0,15.113982
0,A_recon,planning,143,-0.3763804,0.0,0.0,1.0,10.5351305
0,A_recon,planning,144,-0.1648176,0.0,0.0,1.0,5.688268
0,A_recon,planning,145,-0.6489438,0.0,0.0,0.0,22.345678
0,A_recon,planning,146,-0.43388888,0.0,0.0,1.0,15.662243
0,A_recon,planning,147,-0.24765617,0.0,0.0,1.0,8.118395
0,A_recon,planning,148,-0.6300775,0.0,0.0,0.0,23.390152
0,A_recon,planning,149,-0.28357613,0.0,0.0,1.0,9.968997
0,A_recon,planning,150,-0.57268703,0.0,0.0,0.0,16.753609
0,A_recon,planning,151,-0.42261022,0.0,0.0,0.0,15.275946
0,A_recon,planning,152,-0.3052676,0.0,0.0,1.0,9.675256
0,A_recon,planning,153,-0.42873862,0.0,0.0,0.0,15.349388
0,A_recon,planning,154,-0.46191448,0.0,0.0,0.0,13.611123
0,A_recon,planning,155,-0.6366722,0.0,0.0,0.0,21.294388
0,A_recon,planning,156,-0.55949736,0.0,0.0,0.0,18.807692
0,A_recon,planning,157,-0.3099295,0.0,0.0,1.0,14.434937
0,A_recon,planning,158,-0.60254014,0.0,0.0,0.0,20.135172
0,A_recon,planning,159,-0.26800522,0.0,0.0,0.0,8.496999
0,A_recon,planning,160,-0.38892072,0.0,0.0,0.0,16.258266
0,A_recon,planning,161,-0.5102033,0.0,0.0,0.0,14.654789
0,A_recon,planning,162,-0.49323773,0.0,0.0,0.0,15.798858
0,A_recon,planning,163,-0.46197265,0.0,0.0,1.0,15.407399
0,A_recon,planning,164,-0.215904,0.0,0.0,1.0,3.1390355
0,A_recon,planning,165,-0.42589065,0.0,0.0,0.0,14.576628
0,A_recon,planning,166,-0.44448,0.0,0.0,1.0,11.746264
0,A_recon,planning,167,-0.71442795,0.0,0.0,0.0,23.716377
0,A_recon,planning,168,-0.3503685,0.0,0.0,1.0,8.839325
0,A_recon,planning,169,-0.37490204,0.0,0.0,1.0,12.936316
0,A_recon,planning,170,-0.21489967,0.0,0.06666666666666667,0.0,11.889779
0,A_recon,planning,171,-0.64100546,0.0,0.0,1.0,23.671288
0,A_recon,planning,172,-0.20497875,0.0,0.0,1.0,7.143994
0,A_recon,planning,173,-0.16444033,0.0,0.0,1.0,3.1992776
0,A_recon,planning,174,-0.6549371,0.0,0.0,0.0,21.916334
0,A_recon,planning,175,-0.62771183,0.0,0.0,0.0,23.05574
0,A_recon,planning,176,-0.8519432,0.0,0.0,0.0,25.903233
0,A_recon,planning,177,-0.703095,0.0,0.0,0.0,19.689537
0,A_recon,planning,178,-0.6653534,0.0,0.0,0.0,23.6822
0,A_recon,planning,179,-0.41557172,0.0,0.0,0.0,11.744177
0,A_recon,planning,180,-0.512826,0.0,0.0,0.0,10.559498
0,A_recon,planning,181,-0.36055678,0.0,0.0,1.0,13.773226
0,A_recon,planning,182,-0.38631037,0.0,0.0,0.0,16.321459
0,A_recon,planning,183,-0.59890467,0.0,0.0,1.0,19.237667
0,A_recon,planning,184,-0.24213189,0.0,0.0,1.0,8.488983
0,A_recon,planning,185,-0.51789933,0.0,0.0,0.0,18.69387
0,A_recon,planning,186,-0.51540244,0.0,0.0,1.0,13.747588
0,A_recon,planning,187,-0.5828072,0.0,0.0,0.0,16.216158
0,A_recon,planning,188,-0.7583295,0.0,0.0,0.0,19.11051
0,A_recon,planning,189,-0.44550163,0.0,0.0,1.0,8.670094
0,A_recon,planning,190,-0.1163832,0.0,0.0,1.0,5.014981
0,A_recon,planning,191,-0.3001816,0.0,0.0,1.0,11.137664
0,A_recon,planning,192,-0.38177654,0.0,0.0,0.0,12.550751
0,A_recon,planning,193,-0.37537274,0.0,0.0,0.0,11.115148
0,A_recon,planning,194,-0.1843058,0.0,0.0,1.0,8.558396
0,A_recon,planning,195,-0.12943378,0.0,0.0,1.0,2.7434087
0,A_recon,planning,196,-0.25259995,0.0,0.0,1.0,3.7936397
0,A_recon,planning,197,-0.14563127,0.0,0.0,1.0,1.6413658
0,A_recon,planning,198,-0.40760693,0.0,0.0,1.0,13.69193
0,A_recon,planning,199,-0.5608916,0.0,0.0,0.0,16.31821
0,B_task,planning,0,-0.68988115,0.0,0.0,0.0,21.261078
0,B_task,planning,1,-0.557714,0.0,0.0,0.0,20.277405
0,B_task,planning,2,-0.6624032,0.0,0.0,0.0,22.662762
0,B_task,planning,3,-0.75199467,0.0,0.0,0.0,16.660706
0,B_task,planning,4,-0.5501645,0.0,0.0,1.0,20.831982
0,B_task,planning,5,-0.6987951,0.0,0.0,0.0,22.272762
0,B_task,planning,6,-0.31271678,0.0,0.0,0.0,14.712347
0,B_task,planning,7,-0.7968861,0.0,0.0,0.0,26.7125
0,B_task,planning,8,-0.3787147,0.0,0.0,1.0,10.575208
0,B_task,planning,9,0.043609113,0.0,0.17777777777777778,1.0,4.4252324
0,B_task,planning,10,-0.55078995,0.0,0.0,0.0,16.070648
0,B_task,planning,11,-0.456801,0.0,0.0,0.0,12.855742
0,B_task,planning,12,-0.36119503,0.0,0.0,1.0,8.456027
0,B_task,planning,13,-0.4788982,0.0,0.0,1.0,19.004555
0,B_task,planning,14,-0.18649392,0.0,0.0,1.0,7.5958467
0,B_task,planning,15,-0.8044621,0.0,0.0,0.0,27.790531
0,B_task,planning,16,-0.4504051,0.0,0.0,1.0,14.19916
0,B_task,planning,17,-0.28829986,0.0,0.0,0.0,11.955251
0,B_task,planning,18,-0.39974445,0.0,0.0,0.0,13.299543
0,B_task,planning,19,-0.68409956,0.0,0.0,1.0,22.617832
0,B_task,planning,20,-0.6597401,0.0,0.0,0.0,22.651241
0,B_task,planning,21,-0.29848513,0.0,0.0,0.0,10.037215
0,B_task,planning,22,-0.25786403,0.0,0.0,1.0,7.525422
0,B_task,planning,23,-0.14959879,0.0,0.0,1.0,10.012175
0,B_task,planning,24,-0.678904,0.0,0.0,0.0,26.77776
0,B_task,planning,25,-0.4582996,0.0,0.0,1.0,16.561937
0,B_task,planning,26,-0.6163563,0.0,0.0,0.0,17.044037
0,B_task,planning,27,-0.54489595,0.0,0.0,0.0,23.834574
0,B_task,planning,28,-0.4390612,0.0,0.0,0.0,8.970958
0,B_task,planning,29,-0.6359414,0.0,0.0,0.0,19.984919
0,B_task,planning,30,-0.5679471,0.0,0.0,0.0,19.36683
0,B_task,planning,31,-0.5530652,0.0,0.0,0.0,21.074774
0,B_task,planning,32,-0.568914,0.0,0.0,1.0,21.775177
0,B_task,planning,33,-0.7540771,0.0,0.0,0.0,24.074379
0,B_task,planning,34,-0.90487087,0.0,0.0,0.0,28.33567
0,B_task,planning,35,-0.49995193,0.0,0.0,0.0,14.914542
0,B_task,planning,36,-0.18087682,0.0,0.0,1.0,5.5142274
0,B_task,planning,37,-0.23301522,0.0,0.0,1.0,12.377563
0,B_task,planning,38,-0.6374899,0.0,0.0,0.0,20.740355
0,B_task,planning,39,-0.6083453,0.0,0.0,0.0,17.835646
0,B_task,planning,40,-0.8289176,0.0,0.0,0.0,27.991867
0,B_task,planning,41,-0.60628796,0.0,0.0,0.0,22.617819
0,B_task,planning,42,-0.4737047,0.0,0.0,0.0,14.353283
0,B_task,planning,43,-0.4986788,0.0,0.0,0.0,19.487274
0,B_task,planning,44,-0.2903001,0.0,0.0,1.0,11.268445
0,B_task,planning,45,-0.14169556,0.0,0.0,1.0,2.2530353
0,B_task,planning,46,-0.22357796,0.0,0.0,1.0,3.8817692
0,B_task,planning,47,-0.19979417,0.0,0.0,1.0,4.287562
0,B_task,planning,48,-0.66525203,0.0,0.0,0.0,25.614164
0,B_task,planning,49,-0.3903723,0.0,0.0,1.0,18.380295
0,B_task,planning,50,-0.68775266,0.0,0.0,0.0,21.4211
0,B_task,planning,51,-0.7487241,0.0,0.0,1.0,24.873375
0,B_task,planning,52,-0.43813366,0.0,0.0,0.0,18.717604
0,B_task,planning,53,-0.5592602,0.0,0.0,0.0,20.771685
0,B_task,planning,54,-0.36361143,0.0,0.0,0.0,12.721666
0,B_task,planning,55,-0.55930614,0.0,0.0,1.0,20.981915
0,B_task,planning,56,-0.45119718,0.0,0.0,0.0,14.979451
0,B_task,planning,57,-0.24944171,0.0,0.0,1.0,2.907611
0,B_task,planning,58,-0.46299213,0.0,0.0,0.0,17.896236
0,B_task,planning,59,-0.39205307,0.0,0.0,1.0,12.143409
0,B_task,planning,60,-0.23207201,0.0,0.0,1.0,6.2454944
0,B_task,planning,61,-0.43296182,0.0,0.0,1.0,5.710353
0,B_task,planning,62,-0.69661075,0.0,0.0,0.0,17.748707
0,B_task,planning,63,-0.6618772,0.0,0.0,0.0,26.571945
0,B_task,planning,64,-0.36715454,0.0,0.0,0.0,12.829391
0,B_task,planning,65,-0.18110196,0.0,0.0,1.0,7.26293
0,B_task,planning,66,-0.36768258,0.0,0.0,0.0,12.868437
0,B_task,planning,67,-0.3478741,0.0,0.0,1.0,13.38625
0,B_task,planning,68,-0.42382368,0.0,0.0,0.0,21.638544
0,B_task,planning,69,-0.0062834523,0.0,0.2,1.0,2.6179044
0,B_task,planning,70,-0.41659454,0.0,0.0,0.0,16.981833
0,B_task,planning,71,-0.5699679,0.0,0.0,0.0,18.705965
0,B_task,planning,72,-0.806375,0.0,0.0,0.0,24.943495
0,B_task,planning,73,-0.094869085,0.0,0.0,1.0,7.4063935
0,B_task,planning,74,-0.7510788,0.0,0.0,0.0,24.35613
0,B_task,planning,75,-0.7553342,0.0,0.0,0.0,28.929941
0,B_task,planning,76,-0.491593,0.0,0.0,1.0,10.39278
0,B_task,planning,77,-0.34392568,0.0,0.0,0.0,9.246661
0,B_task,planning,78,-0.2722544,0.0,0.0,1.0,13.649767
0,B_task,planning,79,-0.54233533,0.0,0.0,0.0,19.553646
0,B_task,planning,80,-0.20505749,0.0,0.0,1.0,9.122414
0,B_task,planning,81,-0.32267952,0.0,0.0,1.0,10.372296
0,B_task,planning,82,-0.59356654,0.0,0.0,0.0,22.354069
0,B_task,planning,83,-0.3393522,0.0,0.0,1.0,11.525923
0,B_task,planning,84,-0.5302969,0.0,0.0,0.0,24.071133
0,B_task,planning,85,-0.5822962,0.0,0.0,1.0,21.552473
0,B_task,planning,86,-0.6416328,0.0,0.0,0.0,24.645823
0,B_task,planning,87,-0.7257076,0.0,0.0,0.0,21.503216
0,B_task,planning,88,-0.3124527,0.0,0.0,1.0,8.588299
0,B_task,planning,89,-0.34735882,0.0,0.0,0.0,7.0515347
0,B_task,planning,90,-0.56037176,0.0,0.0,0.0,25.934202
0,B_task,planning,91,-0.43994844,0.0,0.0,0.0,16.415747
0,B_task,planning,92,-0.95859486,0.0,0.0,0.0,25.494503
0,B_task,planning,93,-0.30521473,0.0,0.0,0.0,15.116405
0,B_task,planning,94,-0.46683294,0.0,0.0,1.0,16.152424
0,B_task,planning,95,-0.11714586,0.0,0.0,1.0,2.292992
0,B_task,planning,96,-0.24149628,0.0,0.0,1.0,7.1055846
0,B_task,planning,97,-0.18769376,0.0,0.0,1.0,6.592143
0,B_task,planning,98,-0.544636,0.0,0.0,1.0,18.662733
0,B_task,planning,99,-0.6381991,0.0,0.0,0.0,19.690893
0,B_task,planning,100,-0.23819397,0.0,0.0,0.0,8.154132
0,B_task,planning,101,-0.31266963,0.0,0.0,1.0,9.545708
0,B_task,planning,102,-0.3641844,0.0,0.0,1.0,9.243757
0,B_task,planning,103,-0.43626064,0.0,0.0,0.0,24.368134
0,B_task,planning,104,-0.442093,0.0,0.0,0.0,14.392386
0,B_task,planning,105,-0.64211166,0.0,0.0,0.0,22.001467
0,B_task,planning,106,-0.41143033,0.0,0.0,0.0,18.616953
0,B_task,planning,107,-0.49514928,0.0,0.0,0.0,12.80553
0,B_task,planning,108,-0.3409168,0.0,0.0,1.0,7.5795813
0,B_task,planning,109,-0.39382893,0.0,0.0,1.0,15.261068
0,B_task,planning,110,-0.58228385,0.0,0.0,0.0,21.631687
0,B_task,planning,111,-0.5514943,0.0,0.0,0.0,20.537445
0,B_task,planning,112,-0.15508334,0.0,0.0,1.0,5.480083
0,B_task,planning,113,-0.12161316,0.0,0.0,1.0,9.491599
0,B_task,planning,114,-0.72274756,0.0,0.0,0.0,25.295729
0,B_task,planning,115,-0.43354917,0.0,0.0,1.0,15.428269
0,B_task,planning,116,-0.40026987,0.0,0.0,1.0,13.214299
0,B_task,planning,117,-0.92013323,0.0,0.0,0.0,31.860317
0,B_task,planning,118,-0.2060243,0.0,0.0,0.0,12.466475
0,B_task,planning,119,-0.39685276,0.0,0.0,0.0,14.954969
0,B_task,planning,120,-0.36665744,0.0,0.0,1.0,11.259788
0,B_task,planning,121,-0.53232294,0.0,0.0,1.0,16.353544
0,B_task,planning,122,-0.762164,0.0,0.0,1.0,25.632229
0,B_task,planning,123,-0.048253123,0.0,0.24444444444444444,1.0,2.9656715
0,B_task,planning,124,-0.7212842,0.0,0.0,0.0,28.862255
0,B_task,planning,125,-0.44866815,0.0,0.0,1.0,13.99411
0,B_task,planning,126,-0.4382577,0.0,0.0,0.0,12.082981
0,B_task,planning,127,-0.4859643,0.0,0.0,0.0,12.587116
0,B_task,planning,128,-0.23775433,0.0,0.0,1.0,8.800047
0,B_task,planning,129,-0.46074358,0.0,0.0,1.0,12.553915
0,B_task,planning,130,-0.40628636,0.0,0.0,1.0,12.04592
0,B_task,planning,131,-0.61991656,0.0,0.0,0.0,20.660482
0,B_task,planning,132,-0.24183966,0.0,0.0,1.0,8.791184
0,B_task,planning,133,-0.33525848,0.0,0.0,1.0,9.210941
0,B_task,planning,134,-0.24962178,0.0,0.0,1.0,5.44614
0,B_task,planning,135,-0.61321634,0.0,0.0,0.0,21.64155
0,B_task,planning,136,-0.5505928,0.0,0.0,0.0,19.818882
0,B_task,planning,137,-0.52055514,0.0,0.0,0.0,19.011337
0,B_task,planning,138,-0.76799875,0.0,0.0,1.0,27.93711
0,B_task,planning,139,-0.230062,0.0,0.0,1.0,5.5717783
0,B_task,planning,140,-0.68133587,0.0,0.0,1.0,26.163797
0,B_task,planning,141,-0.6218779,0.0,0.0,0.0,23.677584
0,B_task,planning,142,-0.66011214,0.0,0.0,1.0,21.436304
0,B_task,planning,143,-0.38932228,0.0,0.0,1.0,10.534551
0,B_task,planning,144,-0.33640552,0.0,0.0,1.0,15.093956
0,B_task,planning,145,-0.43264773,0.0,0.0,0.0,8.376257
0,B_task,planning,146,-0.4383202,0.0,0.0,1.0,15.715273
0,B_task,planning,147,-0.3398115,0.0,0.0,1.0,13.611691
0,B_task,planning,148,-0.6725251,0.0,0.0,0.0,26.724445
0,B_task,planning,149,-0.3804707,0.0,0.0,1.0,14.853959
0,B_task,planning,150,-0.66661,0.0,0.0,0.0,21.062294
0,B_task,planning,151,-0.51412934,0.0,0.0,0.0,19.76104
0,B_task,planning,152,-0.363995,0.0,0.0,1.0,14.151091
0,B_task,planning,153,-0.36934263,0.0,0.0,0.0,9.19474
0,B_task,planning,154,-0.59846723,0.0,0.0,0.0,19.287474
0,B_task,planning,155,-0.5823885,0.0,0.0,0.0,17.9445
0,B_task,planning,156,-0.6394905,0.0,0.0,0.0,21.744022
0,B_task,planning,157,-0.32345518,0.0,0.0,1.0,13.526666
0,B_task,planning,158,-0.72794724,0.0,0.0,0.0,24.665253
0,B_task,planning,159,-0.3572963,0.0,0.0,0.0,12.396866
0,B_task,planning,160,-0.43139318,0.0,0.0,0.0,19.078379
0,B_task,planning,161,-0.44662303,0.0,0.0,0.0,14.0209255
0,B_task,planning,162,-0.33027965,0.0,0.0,1.0,7.6365104
0,B_task,planning,163,-0.56516784,0.0,0.0,1.0,19.733793
0,B_task,planning,164,-0.085100606,0.0,0.0,1.0,3.965902
0,B_task,planning,165,-0.2674079,0.0,0.0,1.0,4.6719766
0,B_task,planning,166,-0.517896,0.0,0.0,1.0,16.831903
0,B_task,planning,167,-0.7000708,0.0,0.0,0.0,22.368002
0,B_task,planning,168,-0.34210068,0.0,0.0,1.0,9.406796
0,B_task,planning,169,-0.37084672,0.0,0.0,1.0,12.36215
0,B_task,planning,170,-0.13592252,0.0,0.1111111111111111,1.0,8.184017
0,B_task,planning,171,-0.6461266,0.0,0.0,1.0,22.190962
0,B_task,planning,172,-0.32093984,0.0,0.0,1.0,15.890129
0,B_task,planning,173,-0.1944285,0.0,0.0,1.0,4.0988674
0,B_task,planning,174,-0.68579,0.0,0.0,0.0,21.996382
0,B_task,planning,175,-0.5462341,0.0,0.0,0.0,18.989792
0,B_task,planning,176,-0.8038505,0.0,0.0,0.0,25.357588
0,B_task,planning,177,-0.69704896,0.0,0.0,0.0,19.847313
0,B_task,planning,178,-0.6077575,0.0,0.0,0.0,21.853758
0,B_task,planning,179,-0.34262204,0.0,0.0,1.0,5.260528
0,B_task,planning,180,-0.4443935,0.0,0.0,1.0,6.5820246
0,B_task,planning,181,-0.5088648,0.0,0.0,0.0,21.697563
0,B_task,planning,182,-0.48550594,0.0,0.0,0.0,19.339977
0,B_task,planning,183,-0.59001476,0.0,0.0,1.0,22.945473
0,B_task,planning,184,-0.27391407,0.0,0.0,1.0,10.6563425
0,B_task,planning,185,-0.60239697,0.0,0.0,0.0,24.481422
0,B_task,planning,186,-0.676923,0.0,0.0,1.0,22.624365
0,B_task,planning,187,-0.66715395,0.0,0.0,0.0,23.317528
0,B_task,planning,188,-0.6689018,0.0,0.0,0.0,14.108531
0,B_task,planning,189,-0.52207834,0.0,0.0,0.0,12.684546
0,B_task,planning,190,-0.21110739,0.0,0.0,1.0,11.487024
0,B_task,planning,191,-0.28718162,0.0,0.0,1.0,11.544086
0,B_task,planning,192,-0.4187494,0.0,0.0,0.0,16.955938
0,B_task,planning,193,-0.39347416,0.0,0.0,0.0,13.4518585
0,B_task,planning,194,-0.22939949,0.0,0.0,0.0,12.499656
0,B_task,planning,195,-0.05030642,0.0,0.0,1.0,2.8771553
0,B_task,planning,196,-0.33798373,0.0,0.0,0.0,13.745309
0,B_task,planning,197,-0.2560537,0.0,0.0,0.0,8.625916
0,B_task,planning,198,-0.34984642,0.0,0.0,1.0,7.2968082
0,B_task,planning,199,-0.59172785,0.0,0.0,0.0,15.766727
0,C_scene,planning,0,-0.52635014,0.0,0.0,1.0,11.939646
0,C_scene,planning,1,-0.5241147,0.0,0.0,0.0,18.359978
0,C_scene,planning,2,-0.69575876,0.0,0.0,0.0,23.711979
0,C_scene,planning,3,-0.7314702,0.0,0.0,0.0,21.83448
0,C_scene,planning,4,-0.5483715,0.0,0.0,1.0,17.975052
0,C_scene,planning,5,-0.70026064,0.0,0.0,0.0,22.00726
0,C_scene,planning,6,-0.31472,0.0,0.0,1.0,12.677297
0,C_scene,planning,7,-0.7702761,0.0,0.0,0.0,23.928436
0,C_scene,planning,8,-0.4487923,0.0,0.0,0.0,16.39941
0,C_scene,planning,9,0.16796166,0.0,0.4,1.0,2.0084836
0,C_scene,planning,10,-0.5508805,0.0,0.0,1.0,19.463127
0,C_scene,planning,11,-0.6095634,0.0,0.0,0.0,19.546728
0,C_scene,planning,12,-0.38724828,0.0,0.0,1.0,6.151442
0,C_scene,planning,13,-0.5208747,0.0,0.0,0.0,26.90003
0,C_scene,planning,14,-0.20872034,0.0,0.0,1.0,7.217892
0,C_scene,planning,15,-0.759654,0.0,0.0,0.0,18.170687
0,C_scene,planning,16,-0.5141458,0.0,0.0,1.0,16.954462
0,C_scene,planning,17,-0.193783,0.0,0.0,1.0,2.7776883
0,C_scene,planning,18,-0.48820427,0.0,0.0,0.0,23.071054
0,C_scene,planning,19,-0.6422224,0.0,0.0,1.0,19.4077
0,C_scene,planning,20,-0.5547627,0.0,0.0,0.0,17.774385
0,C_scene,planning,21,-0.3776962,0.0,0.0,0.0,10.940753
0,C_scene,planning,22,-0.20313045,0.0,0.0,1.0,5.150365
0,C_scene,planning,23,-0.29358542,0.0,0.0,0.0,16.114677
0,C_scene,planning,24,-0.52906454,0.0,0.0,0.0,18.062983
0,C_scene,planning,25,-0.32800835,0.0,0.0,1.0,6.1778784
0,C_scene,planning,26,-0.49939263,0.0,0.0,0.0,15.466797
0,C_scene,planning,27,-0.31796402,0.0,0.0,1.0,10.722896
0,C_scene,planning,28,-0.39240816,0.0,0.0,0.0,11.421135
0,C_scene,planning,29,-0.88816833,0.0,0.0,0.0,28.704643
0,C_scene,planning,30,-0.8618953,0.0,0.0,0.0,30.07035
0,C_scene,planning,31,-0.5806171,0.0,0.0,1.0,19.043255
0,C_scene,planning,32,-0.66924894,0.0,0.0,1.0,22.36018
0,C_scene,planning,33,-0.6735688,0.0,0.0,0.0,19.994602
0,C_scene,planning,34,-0.90146697,0.0,0.0,0.0,28.504786
0,C_scene,planning,35,-0.47323006,0.0,0.0,1.0,16.929367
0,C_scene,planning,36,-0.33885393,0.0,0.0,1.0,26.792295
0,C_scene,planning,37,-0.21959375,0.0,0.0,1.0,10.667283
0,C_scene,planning,38,-0.6908563,0.0,0.0,0.0,21.66712
0,C_scene,planning,39,-0.6295572,0.0,0.0,0.0,18.601223
0,C_scene,planning,40,-0.8252459,0.0,0.0,0.0,25.613543
0,C_scene,planning,41,-0.50181234,0.0,0.0,0.0,17.550625
0,C_scene,planning,42,-0.4595426,0.0,0.0,1.0,17.379333
0,C_scene,planning,43,-0.4175156,0.0,0.0,0.0,12.4386425
0,C_scene,planning,44,-0.27974528,0.0,0.0,1.0,7.6250176
0,C_scene,planning,45,-0.27108273,0.0,0.0,1.0,8.189659
0,C_scene,planning,46,-0.03899463,1.0,0.13333333333333333,1.0,1.1635618
0,C_scene,planning,47,-0.22311482,0.0,0.0,1.0,6.2378707
0,C_scene,planning,48,-0.71149784,0.0,0.0,0.0,26.225729
0,C_scene,planning,49,-0.25014335,0.0,0.0,1.0,8.98655
0,C_scene,planning,50,-0.6612577,0.0,0.0,0.0,19.817001
0,C_scene,planning,51,-0.58653754,0.0,0.0,1.0,5.226794
0,C_scene,planning,52,-0.34227094,0.0,0.0,1.0,12.731239
0,C_scene,planning,53,-0.18806343,0.0,0.0,1.0,4.3934684
0,C_scene,planning,54,-0.5417611,0.0,0.0,1.0,19.727896
0,C_scene,planning,55,-0.5345441,0.0,0.0,1.0,18.678967
0,C_scene,planning,56,-0.37408346,0.0,0.0,0.0,9.69867
0,C_scene,planning,57,-0.3875174,0.0,0.0,0.0,14.960334
0,C_scene,planning,58,-0.3172569,0.0,0.0,1.0,6.900305
0,C_scene,planning,59,-0.45672086,0.0,0.0,0.0,14.550158
0,C_scene,planning,60,-0.37314537,0.0,0.0,0.0,13.315939
0,C_scene,planning,61,-0.50161177,0.0,0.0,1.0,14.555301
0,C_scene,planning,62,-0.8561128,0.0,0.0,0.0,25.86259
0,C_scene,planning,63,-0.2828291,0.0,0.0,1.0,6.5463147
0,C_scene,planning,64,-0.4407656,0.0,0.0,0.0,12.333126
0,C_scene,planning,65,-0.20094815,0.0,0.0,1.0,8.748265
0,C_scene,planning,66,-0.4219522,0.0,0.0,0.0,15.032096
0,C_scene,planning,67,-0.4228384,0.0,0.0,0.0,14.672051
0,C_scene,planning,68,-0.3125312,0.0,0.0,0.0,11.769997
0,C_scene,planning,69,-0.206309,0.0,0.0,1.0,7.634102
0,C_scene,planning,70,-0.26460856,0.0,0.0,1.0,7.5694275
0,C_scene,planning,71,-0.50493616,0.0,0.0,0.0,14.167301
0,C_scene,planning,72,-0.7861391,0.0,0.0,0.0,22.117512
0,C_scene,planning,73,-0.105813384,0.0,0.0,1.0,3.7615542
0,C_scene,planning,74,-0.72474617,0.0,0.0,0.0,24.924007
0,C_scene,planning,75,-0.7774518,0.0,0.0,0.0,30.511635
0,C_scene,planning,76,-0.6091207,0.0,0.0,0.0,19.91996
0,C_scene,planning,77,-0.4799043,0.0,0.0,0.0,15.294161
0,C_scene,planning,78,-0.21117073,0.0,0.0,1.0,8.035233
0,C_scene,planning,79,-0.6083866,0.0,0.0,0.0,21.199137
0,C_scene,planning,80,-0.14551716,0.0,0.0,1.0,3.5980175
0,C_scene,planning,81,-0.23886636,0.0,0.0,1.0,6.189566
0,C_scene,planning,82,-0.6887107,0.0,0.0,0.0,22.068436
0,C_scene,planning,83,-0.3833862,0.0,0.0,0.0,14.137393
0,C_scene,planning,84,-0.5373655,0.0,0.0,0.0,17.818916
0,C_scene,planning,85,-0.5446776,0.0,0.0,0.0,16.918064
0,C_scene,planning,86,-0.55187327,0.0,0.0,0.0,19.828247
0,C_scene,planning,87,-0.6590554,0.0,0.0,0.0,20.974577
0,C_scene,planning,88,-0.32547817,0.0,0.0,1.0,9.059791
0,C_scene,planning,89,-0.49246284,0.0,0.0,0.0,19.347298
0,C_scene,planning,90,-0.52846384,0.0,0.0,0.0,21.07645
0,C_scene,planning,91,-0.34150925,0.0,0.0,1.0,7.950204
0,C_scene,planning,92,-1.0258971,0.0,0.0,0.0,33.251736
0,C_scene,planning,93,-0.27045467,0.0,0.0,0.0,8.826044
0,C_scene,planning,94,-0.48845842,0.0,0.0,1.0,16.71657
0,C_scene,planning,95,-0.26152647,0.0,0.0,1.0,12.178559
0,C_scene,planning,96,-0.25085947,0.0,0.0,1.0,10.283499
0,C_scene,planning,97,-0.18009602,0.0,0.0,1.0,5.293183
0,C_scene,planning,98,-0.5795473,0.0,0.0,1.0,19.104513
0,C_scene,planning,99,-0.5140493,0.0,0.0,0.0,13.908596
0,C_scene,planning,100,-0.239099,0.0,0.0,0.0,12.224483
0,C_scene,planning,101,-0.124768056,0.0,0.08888888888888889,1.0,5.2222376
0,C_scene,planning,102,-0.37639096,0.0,0.0,0.0,10.871388
0,C_scene,planning,103,-0.21834052,0.0,0.0,1.0,6.5878716
0,C_scene,planning,104,-0.5008662,0.0,0.0,0.0,20.991125
0,C_scene,planning,105,-0.5708689,0.0,0.0,0.0,20.910656
0,C_scene,planning,106,-0.28414637,0.0,0.0,0.0,8.073171
0,C_scene,planning,107,-0.5301046,0.0,0.0,0.0,18.359446
0,C_scene,planning,108,-0.3914289,0.0,0.0,0.0,13.47766
0,C_scene,planning,109,-0.38591182,0.0,0.0,1.0,11.901975
0,C_scene,planning,110,-0.6113027,0.0,0.0,0.0,22.132982
0,C_scene,planning,111,-0.5654631,0.0,0.0,0.0,20.398949
0,C_scene,planning,112,-0.35487014,0.0,0.0,0.0,10.33883
0,C_scene,planning,113,-0.17823696,0.0,0.0,1.0,8.023211
0,C_scene,planning,114,-0.7440867,0.0,0.0,0.0,25.881498
0,C_scene,planning,115,-0.43389893,0.0,0.0,0.0,16.080753
0,C_scene,planning,116,-0.27891308,0.0,0.0,1.0,7.556423
0,C_scene,planning,117,-0.85932606,0.0,0.0,0.0,26.348257
0,C_scene,planning,118,-0.19614683,0.0,0.0,1.0,9.241615
0,C_scene,planning,119,-0.49159244,0.0,0.0,1.0,19.621561
0,C_scene,planning,120,-0.4197652,0.0,0.0,1.0,13.247292
0,C_scene,planning,121,-0.5672869,0.0,0.0,1.0,18.46854
0,C_scene,planning,122,-0.8256693,0.0,0.0,1.0,27.760216
0,C_scene,planning,123,-0.25241905,0.0,0.0,1.0,6.3219643
0,C_scene,planning,124,-0.70512265,0.0,0.0,0.0,23.374647
0,C_scene,planning,125,-0.53751457,0.0,0.0,0.0,21.612135
0,C_scene,planning,126,-0.42745015,0.0,0.0,1.0,17.703793
0,C_scene,planning,127,-0.5693091,0.0,0.0,0.0,21.794575
0,C_scene,planning,128,-0.2558497,0.0,0.0,1.0,17.889145
0,C_scene,planning,129,-0.6799036,0.0,0.0,0.0,25.02454
0,C_scene,planning,130,-0.53529155,0.0,0.0,0.0,17.999321
0,C_scene,planning,131,-0.6219392,0.0,0.0,1.0,24.384619
0,C_scene,planning,132,-0.391657,0.0,0.0,1.0,13.220565
0,C_scene,planning,133,-0.40876126,0.0,0.0,1.0,15.957442
0,C_scene,planning,134,-0.27865818,0.0,0.0,1.0,7.585021
0,C_scene,planning,135,-0.50526714,0.0,0.0,0.0,14.872367
0,C_scene,planning,136,-0.49725133,0.0,0.0,0.0,17.082582
0,C_scene,planning,137,-0.7501634,0.0,0.0,0.0,28.915657
0,C_scene,planning,138,-0.7293805,0.0,0.0,1.0,26.331614
0,C_scene,planning,139,-0.017948877,0.0,0.06666666666666667,1.0,2.9341083
0,C_scene,planning,140,-0.53479403,0.0,0.0,1.0,15.479925
0,C_scene,planning,141,-0.64492786,0.0,0.0,0.0,24.610327
0,C_scene,planning,142,-0.61494005,0.0,0.0,1.0,18.965921
0,C_scene,planning,143,-0.4357534,0.0,0.0,1.0,17.106285
0,C_scene,planning,144,-0.36916402,0.0,0.0,1.0,14.601162
0,C_scene,planning,145,-0.59450316,0.0,0.0,1.0,18.86129
0,C_scene,planning,146,-0.436248,0.0,0.0,1.0,13.218941
0,C_scene,planning,147,-0.27251342,0.0,0.0,1.0,10.468157
0,C_scene,planning,148,-0.56177473,0.0,0.0,1.0,16.15568
0,C_scene,planning,149,-0.35205317,0.0,0.0,1.0,11.3076
0,C_scene,planning,150,-0.48103252,0.0,0.0,0.0,12.561708
0,C_scene,planning,151,-0.4039645,0.0,0.0,1.0,12.589727
0,C_scene,planning,152,-0.5290631,0.0,0.0,1.0,13.165443
0,C_scene,planning,153,-0.44858986,0.0,0.0,0.0,16.42844
0,C_scene,planning,154,-0.5151619,0.0,0.0,0.0,19.465782
0,C_scene,planning,155,-0.6008058,0.0,0.0,0.0,18.69766
0,C_scene,planning,156,-0.7069723,0.0,0.0,0.0,24.812473
0,C_scene,planning,157,-0.36748335,0.0,0.0,1.0,13.191983
0,C_scene,planning,158,-0.6881992,0.0,0.0,0.0,22.778765
0,C_scene,planning,159,-0.40564966,0.0,0.0,0.0,14.871885
0,C_scene,planning,160,-0.28159982,0.0,0.0,0.0,12.211947
0,C_scene,planning,161,-0.42794797,0.0,0.0,0.0,11.188862
0,C_scene,planning,162,-0.21588425,0.0,0.0,1.0,13.469427
0,C_scene,planning,163,-0.4806834,0.0,0.0,1.0,15.56308
0,C_scene,planning,164,-0.17686538,0.0,0.0,1.0,6.307208
0,C_scene,planning,165,-0.35033426,0.0,0.0,0.0,11.399683
0,C_scene,planning,166,-0.5267747,0.0,0.0,1.0,17.737343
0,C_scene,planning,167,-0.6887964,0.0,0.0,1.0,15.988853
0,C_scene,planning,168,-0.23026098,0.0,0.0,1.0,5.8957477
0,C_scene,planning,169,-0.4026201,0.0,0.0,1.0,13.85445
0,C_scene,planning,170,-0.15795341,0.0,0.08888888888888889,0.0,10.391506
0,C_scene,planning,171,-0.63548094,0.0,0.0,1.0,9.192084
0,C_scene,planning,172,-0.18377243,0.0,0.0,1.0,5.6743836
0,C_scene,planning,173,-0.26718074,0.0,0.0,1.0,7.083192
0,C_scene,planning,174,-0.6947523,0.0,0.0,0.0,23.913109
0,C_scene,planning,175,-0.568922,0.0,0.0,0.0,14.367545
0,C_scene,planning,176,-0.83366597,0.0,0.0,0.0,26.005116
0,C_scene,planning,177,-0.625099,0.0,0.0,0.0,20.449617
0,C_scene,planning,178,-0.50750816,0.0,0.0,0.0,13.901909
0,C_scene,planning,179,-0.30551937,0.0,0.0,1.0,11.96387
0,C_scene,planning,180,-0.45990732,0.0,0.0,1.0,11.3155155
0,C_scene,planning,181,-0.22928639,0.0,0.0,1.0,7.92084
0,C_scene,planning,182,-0.5612686,0.0,0.0,1.0,24.198313
0,C_scene,planning,183,-0.49110344,0.0,0.0,1.0,13.85335
0,C_scene,planning,184,-0.19120365,0.0,0.0,1.0,5.7335496
0,C_scene,planning,185,-0.58334917,0.0,0.0,0.0,19.648462
0,C_scene,planning,186,-0.6710641,0.0,0.0,0.0,18.95223
0,C_scene,planning,187,-0.4100669,0.0,0.0,1.0,10.790609
0,C_scene,planning,188,-0.6553648,0.0,0.0,0.0,11.206873
0,C_scene,planning,189,-0.4388964,0.0,0.0,1.0,8.409117
0,C_scene,planning,190,-0.1729323,0.0,0.0,1.0,6.727708
0,C_scene,planning,191,-0.1988825,0.0,0.0,1.0,5.4820676
0,C_scene,planning,192,-0.3794473,0.0,0.0,0.0,12.454159
0,C_scene,planning,193,-0.30555788,0.0,0.0,1.0,8.577155
0,C_scene,planning,194,-0.14541484,0.0,0.0,1.0,5.227298
0,C_scene,planning,195,-0.16587713,0.0,0.0,1.0,7.882874
0,C_scene,planning,196,-0.37769467,0.0,0.0,1.0,13.209419
0,C_scene,planning,197,-0.25932345,0.0,0.0,0.0,8.202005
0,C_scene,planning,198,-0.43345588,0.0,0.0,1.0,14.98356
0,C_scene,planning,199,-0.71770555,0.0,0.0,1.0,19.485636
0,D_latent,planning,0,-0.23689884,0.0,0.0,1.0,5.550659
0,D_latent,planning,1,-0.11643794,0.0,0.13333333333333333,1.0,6.3018103
0,D_latent,planning,2,-0.44526243,0.0,0.0,1.0,10.194918
0,D_latent,planning,3,-0.27580237,0.0,0.0,1.0,2.396035
0,D_latent,planning,4,-0.4520611,0.0,0.0,1.0,13.15145
0,D_latent,planning,5,-0.34958088,0.0,0.0,1.0,3.4098368
0,D_latent,planning,6,-0.3488311,0.0,0.0,1.0,14.868375
0,D_latent,planning,7,-0.38720343,0.0,0.0,1.0,9.105938
0,D_latent,planning,8,-0.30288473,0.0,0.0,1.0,6.547758
0,D_latent,planning,9,0.03429572,0.0,0.24444444444444444,1.0,6.637041
0,D_latent,planning,10,-0.43096313,0.0,0.0,1.0,10.135186
0,D_latent,planning,11,-0.088291086,0.0,0.0,1.0,3.3852708
0,D_latent,planning,12,-0.32049027,0.0,0.0,1.0,8.646394
0,D_latent,planning,13,-0.23885706,0.0,0.0,1.0,7.3859587
0,D_latent,planning,14,-0.03601233,0.0,0.17777777777777778,1.0,1.606159
0,D_latent,planning,15,-0.4079833,0.0,0.0,1.0,4.4069047
0,D_latent,planning,16,-0.38305783,0.0,0.0,1.0,13.7756605
0,D_latent,planning,17,-0.004325581,0.0,0.17777777777777778,1.0,4.212982
0,D_latent,planning,18,-0.20609157,0.0,0.0,1.0,6.596642
0,D_latent,planning,19,-0.36565155,0.0,0.0,1.0,5.4884887
0,D_latent,planning,20,-0.28653634,0.0,0.0,1.0,4.7924237
0,D_latent,planning,21,-0.1655955,0.0,0.0,1.0,1.9818151
0,D_latent,planning,22,-0.2217034,0.0,0.0,1.0,6.6645546
0,D_latent,planning,23,-0.21691592,0.0,0.0,1.0,11.132746
0,D_latent,planning,24,-0.32283458,0.0,0.0,1.0,9.273294
0,D_latent,planning,25,-0.36658087,0.0,0.0,1.0,9.082574
0,D_latent,planning,26,-0.28845266,0.0,0.0,1.0,3.859145
0,D_latent,planning,27,-0.063334614,0.0,0.1111111111111111,1.0,5.5562153
0,D_latent,planning,28,-0.18992405,0.0,0.08888888888888889,1.0,7.28392
0,D_latent,planning,29,-0.3098974,0.0,0.0,1.0,6.0332484
0,D_latent,planning,30,-0.4409475,0.0,0.0,0.0,13.57967
0,D_latent,planning,31,-0.3670082,0.0,0.0,1.0,7.8954906
0,D_latent,planning,32,-0.49185693,0.0,0.0,1.0,16.6088
0,D_latent,planning,33,-0.6949908,0.0,0.0,0.0,21.469381
0,D_latent,planning,34,-0.4348203,0.0,0.0,1.0,6.362287
0,D_latent,planning,35,-0.07261789,1.0,0.24444444444444444,1.0,1.4901671
0,D_latent,planning,36,-0.19670664,0.0,0.0,1.0,6.90175
0,D_latent,planning,37,-0.2680607,0.0,0.0,0.0,13.120686
0,D_latent,planning,38,-0.33545822,0.0,0.0,1.0,5.737717
0,D_latent,planning,39,-0.49761674,0.0,0.0,0.0,14.331796
0,D_latent,planning,40,-0.670222,0.0,0.0,0.0,19.355673
0,D_latent,planning,41,-0.32977724,0.0,0.0,0.0,11.0536375
0,D_latent,planning,42,-0.3035278,0.0,0.0,1.0,7.9933543
0,D_latent,planning,43,-0.3921093,0.0,0.0,1.0,13.720984
0,D_latent,planning,44,-0.26088956,0.0,0.0,1.0,9.166832
0,D_latent,planning,45,-0.3033932,0.0,0.0,1.0,11.435446
0,D_latent,planning,46,-0.19520839,0.0,0.0,1.0,7.428887
0,D_latent,planning,47,-0.25864273,0.0,0.0,1.0,10.090808
0,D_latent,planning,48,-0.4996881,0.0,0.0,0.0,18.948807
0,D_latent,planning,49,-0.078808844,1.0,0.06666666666666667,1.0,1.3884286
0,D_latent,planning,50,-0.21849807,1.0,0.17777777777777778,1.0,0.40842068
0,D_latent,planning,51,-0.70322573,0.0,0.0,1.0,24.834492
0,D_latent,planning,52,-0.40396237,0.0,0.0,0.0,16.816925
0,D_latent,planning,53,-0.39872822,0.0,0.0,1.0,12.668751
0,D_latent,planning,54,-0.19449429,0.0,0.0,1.0,8.840376
0,D_latent,planning,55,-0.35274887,0.0,0.0,1.0,12.298417
0,D_latent,planning,56,-0.27037314,0.0,0.0,1.0,7.6710477
0,D_latent,planning,57,-0.25730357,0.0,0.0,1.0,6.7828236
0,D_latent,planning,58,-0.29763377,0.0,0.0,0.0,9.1056795
0,D_latent,planning,59,-0.21584061,0.0,0.0,1.0,3.1220448
0,D_latent,planning,60,-0.094785064,0.0,0.0,1.0,4.1459756
0,D_latent,planning,61,-0.25302535,0.0,0.0,1.0,4.5070314
0,D_latent,planning,62,-0.5910428,0.0,0.0,0.0,15.6287565
0,D_latent,planning,63,-0.19539864,0.0,0.0,1.0,4.584431
0,D_latent,planning,64,-0.2736221,0.0,0.0,1.0,9.625988
0,D_latent,planning,65,-0.16106185,0.0,0.0,1.0,5.027987
0,D_latent,planning,66,-0.3094185,0.0,0.0,0.0,11.753544
0,D_latent,planning,67,-0.10608641,0.0,0.0,1.0,2.473342
0,D_latent,planning,68,-0.17060825,0.0,0.0,1.0,4.444383
0,D_latent,planning,69,-0.2840459,0.0,0.0,0.0,11.700581
0,D_latent,planning,70,-0.23311463,0.0,0.0,1.0,6.602501
0,D_latent,planning,71,-0.47170693,0.0,0.0,0.0,14.105127
0,D_latent,planning,72,-0.745702,0.0,0.0,0.0,23.252817
0,D_latent,planning,73,-0.24039017,0.0,0.0,1.0,10.145095
0,D_latent,planning,74,-0.61374664,0.0,0.0,0.0,20.46717
0,D_latent,planning,75,-0.34142974,0.0,0.0,1.0,4.399822
0,D_latent,planning,76,-0.36133385,0.0,0.0,1.0,6.2745996
0,D_latent,planning,77,-0.21678802,0.0,0.0,1.0,1.9249955
0,D_latent,planning,78,-0.16561593,0.0,0.0,1.0,6.4735703
0,D_latent,planning,79,-0.38027522,0.0,0.0,1.0,11.864101
0,D_latent,planning,80,-0.08212241,0.0,0.0,1.0,6.7317963
0,D_latent,planning,81,-0.27611646,0.0,0.0,1.0,7.262722
0,D_latent,planning,82,-0.33567756,0.0,0.0,0.0,7.629434
0,D_latent,planning,83,-0.2843397,0.0,0.0,0.0,10.743629
0,D_latent,planning,84,-0.41982812,0.0,0.0,0.0,16.728148
0,D_latent,planning,85,-0.33719298,0.0,0.0,1.0,6.80957
0,D_latent,planning,86,-0.3194642,0.0,0.0,1.0,6.8922625
0,D_latent,planning,87,-0.6233503,0.0,0.0,0.0,15.612544
0,D_latent,planning,88,-0.3116622,0.0,0.0,1.0,10.717748
0,D_latent,planning,89,-0.21512753,0.0,0.0,1.0,5.301492
0,D_latent,planning,90,-0.30377445,0.0,0.0,0.0,9.845681
0,D_latent,planning,91,-0.10548908,0.0,0.0,1.0,2.3163211
0,D_latent,planning,92,-0.93287855,0.0,0.0,0.0,28.378855
0,D_latent,planning,93,-0.13933937,0.0,0.0,1.0,6.277473
0,D_latent,planning,94,-0.3908817,0.0,0.0,1.0,13.740915
0,D_latent,planning,95,-0.16626371,0.0,0.0,1.0,4.361976
0,D_latent,planning,96,-0.28744602,0.0,0.0,1.0,9.965517
0,D_latent,planning,97,-0.2061753,0.0,0.0,1.0,6.305311
0,D_latent,planning,98,-0.2827168,0.0,0.0,1.0,7.1193476
0,D_latent,planning,99,-0.39429122,0.0,0.0,1.0,8.356741
0,D_latent,planning,100,-0.24079162,0.0,0.0,0.0,9.73251
0,D_latent,planning,101,-0.19580704,0.0,0.0,1.0,4.7506194
0,D_latent,planning,102,-0.17162502,0.0,0.0,1.0,4.9188166
0,D_latent,planning,103,-0.1568547,0.0,0.0,1.0,6.8932233
0,D_latent,planning,104,-0.3778351,0.0,0.0,0.0,14.326066
0,D_latent,planning,105,-0.12547712,0.0,0.17777777777777778,1.0,3.6065602
0,D_latent,planning,106,-0.30394354,0.0,0.0,0.0,12.266382
0,D_latent,planning,107,-0.1707096,0.0,0.0,1.0,3.780807
0,D_latent,planning,108,-0.275364,0.0,0.0,1.0,9.583452
0,D_latent,planning,109,-0.15952206,0.0,0.0,1.0,6.256022
0,D_latent,planning,110,-0.38436237,0.0,0.0,1.0,8.400175
0,D_latent,planning,111,-0.4077922,0.0,0.0,0.0,16.609047
0,D_latent,planning,112,-0.018441644,0.0,0.17777777777777778,1.0,6.0685496
0,D_latent,planning,113,0.17439713,0.0,0.4,1.0,5.0606384
0,D_latent,planning,114,-0.23891869,0.0,0.0,1.0,3.7130914
0,D_latent,planning,115,-0.20956613,0.0,0.0,1.0,4.7383876
0,D_latent,planning,116,-0.45774922,0.0,0.0,1.0,17.038456
0,D_latent,planning,117,-0.49465212,0.0,0.0,1.0,8.522732
0,D_latent,planning,118,-0.122777484,0.0,0.0,1.0,7.677771
0,D_latent,planning,119,-0.22723204,0.0,0.0,1.0,5.134956
0,D_latent,planning,120,-0.46065792,0.0,0.0,1.0,15.557666
0,D_latent,planning,121,-0.50092083,0.0,0.0,1.0,15.887823
0,D_latent,planning,122,-0.53577167,0.0,0.0,1.0,15.102405
0,D_latent,planning,123,-0.039829858,0.0,0.0,1.0,4.2231946
0,D_latent,planning,124,-0.3728511,0.0,0.0,1.0,10.492222
0,D_latent,planning,125,-0.17389093,1.0,0.044444444444444446,1.0,1.2319092
0,D_latent,planning,126,-0.36815846,0.0,0.0,1.0,11.002934
0,D_latent,planning,127,-0.39418083,0.0,0.0,1.0,9.693156
0,D_latent,planning,128,-0.31908566,0.0,0.0,1.0,14.369313
0,D_latent,planning,129,-0.40593365,0.0,0.0,1.0,12.988099
0,D_latent,planning,130,-0.18079989,0.0,0.0,1.0,5.0005064
0,D_latent,planning,131,0.08346842,0.0,0.4666666666666667,1.0,2.236238
0,D_latent,planning,132,0.031238567,0.0,0.2222222222222222,1.0,4.555603
0,D_latent,planning,133,-0.2142106,0.0,0.0,1.0,7.9824295
0,D_latent,planning,134,-0.33139664,0.0,0.0,1.0,12.437541
0,D_latent,planning,135,-0.4198832,0.0,0.0,0.0,8.895856
0,D_latent,planning,136,-0.20555751,0.0,0.0,1.0,4.9273963
0,D_latent,planning,137,-0.4310296,0.0,0.0,1.0,14.504792
0,D_latent,planning,138,-0.54446775,0.0,0.0,1.0,17.7842
0,D_latent,planning,139,-0.24756514,0.0,0.0,1.0,9.71159
0,D_latent,planning,140,-0.18385234,0.0,0.0,1.0,2.7133238
0,D_latent,planning,141,-0.4690043,0.0,0.0,0.0,18.238129
0,D_latent,planning,142,-0.3337592,0.0,0.0,1.0,9.670547
0,D_latent,planning,143,-0.32293248,0.0,0.0,1.0,10.14004
0,D_latent,planning,144,-0.19329432,0.0,0.0,1.0,4.9728427
0,D_latent,planning,145,-0.3111017,0.0,0.0,1.0,6.565669
0,D_latent,planning,146,-0.2506043,0.0,0.0,1.0,5.5391636
0,D_latent,planning,147,-0.26255715,0.0,0.0,1.0,11.703533
0,D_latent,planning,148,-0.30126795,0.0,0.0,1.0,5.8904705
0,D_latent,planning,149,-0.1587279,0.0,0.0,1.0,4.472138
0,D_latent,planning,150,-0.34673417,0.0,0.0,1.0,7.2208776
0,D_latent,planning,151,-0.44735608,0.0,0.0,1.0,16.597876
0,D_latent,planning,152,-0.29237992,0.0,0.0,1.0,9.318973
0,D_latent,planning,153,-0.2687203,0.0,0.0,1.0,6.657925
0,D_latent,planning,154,0.036969926,1.0,0.4444444444444444,1.0,1.0500697
0,D_latent,planning,155,-0.044229884,1.0,0.4444444444444444,1.0,1.1291169
0,D_latent,planning,156,-0.3307568,0.0,0.0,1.0,6.3229575
0,D_latent,planning,157,-0.1587645,0.0,0.0,1.0,2.277876
0,D_latent,planning,158,-0.48543528,0.0,0.0,0.0,15.212476
0,D_latent,planning,159,-0.27851197,0.0,0.0,1.0,7.8242674
0,D_latent,planning,160,-0.23752633,0.0,0.0,0.0,9.589413
0,D_latent,planning,161,-0.2998053,0.0,0.0,1.0,7.5819516
0,D_latent,planning,162,-0.27455965,0.0,0.0,1.0,6.949125
0,D_latent,planning,163,-0.26344705,0.0,0.0,1.0,4.400306
0,D_latent,planning,164,-0.051786263,0.0,0.0,1.0,2.7032473
0,D_latent,planning,165,-0.30696654,0.0,0.0,0.0,10.558439
0,D_latent,planning,166,-0.28849488,0.0,0.0,1.0,8.347915
0,D_latent,planning,167,-0.47454867,0.0,0.0,1.0,12.106538
0,D_latent,planning,168,-0.2156993,0.0,0.0,1.0,6.95275
0,D_latent,planning,169,-0.29944783,0.0,0.0,1.0,8.230464
0,D_latent,planning,170,-0.15527014,0.0,0.1111111111111111,0.0,10.461661
0,D_latent,planning,171,-0.43056837,0.0,0.0,1.0,13.033966
0,D_latent,planning,172,-0.008086754,1.0,0.13333333333333333,1.0,0.58833486
0,D_latent,planning,173,-0.265488,0.0,0.0,1.0,11.905844
0,D_latent,planning,174,-0.37837932,0.0,0.0,1.0,7.8437057
0,D_latent,planning,175,-0.29808533,0.0,0.0,1.0,4.934953
0,D_latent,planning,176,-0.36728194,0.0,0.0,1.0,4.4423
0,D_latent,planning,177,-0.26052558,0.0,0.0,1.0,3.9864933
0,D_latent,planning,178,-0.17840165,0.0,0.0,1.0,2.0033195
0,D_latent,planning,179,-0.2584682,0.0,0.0,1.0,5.5477233
0,D_latent,planning,180,-0.008906723,0.0,0.4,1.0,1.5523063
0,D_latent,planning,181,-0.41191098,0.0,0.0,1.0,15.612201
0,D_latent,planning,182,-0.28702167,0.0,0.0,0.0,10.145283
0,D_latent,planning,183,-0.41799608,0.0,0.0,1.0,11.507984
0,D_latent,planning,184,-0.3110963,0.0,0.0,1.0,11.926489
0,D_latent,planning,185,-0.15528996,0.0,0.0,1.0,2.5113945
0,D_latent,planning,186,-0.36509818,0.0,0.0,1.0,8.090329
0,D_latent,planning,187,-0.105791114,0.0,0.0,1.0,2.999745
0,D_latent,planning,188,-0.6185418,0.0,0.0,0.0,13.779853
0,D_latent,planning,189,-0.45105982,0.0,0.0,0.0,13.713452
0,D_latent,planning,190,0.2147227,0.0,0.4444444444444444,1.0,2.4749584
0,D_latent,planning,191,-0.28473878,0.0,0.0,1.0,10.583982
0,D_latent,planning,192,-0.22297427,0.0,0.0,0.0,7.7248626
0,D_latent,planning,193,-0.28118837,0.0,0.0,0.0,8.712936
0,D_latent,planning,194,-0.18792969,0.0,0.0,1.0,7.593363
0,D_latent,planning,195,-0.16505273,0.0,0.0,1.0,5.626225
0,D_latent,planning,196,-0.27898502,0.0,0.0,1.0,9.677789
0,D_latent,planning,197,-0.04405323,0.0,0.15555555555555556,1.0,1.8048856
0,D_latent,planning,198,-0.31883395,0.0,0.0,1.0,10.75923
0,D_latent,planning,199,-0.33105937,0.0,0.0,1.0,8.070028
0,B_task_nopark,planning,0,-0.20955612,0.0,0.0,1.0,3.658549
0,B_task_nopark,planning,1,-0.13185653,0.0,0.06666666666666667,1.0,2.8606558
0,B_task_nopark,planning,2,-0.06871778,0.0,0.2222222222222222,1.0,2.3698142
0,B_task_nopark,planning,3,-0.29023224,0.0,0.0,1.0,2.1311975
0,B_task_nopark,planning,4,-0.19212216,0.0,0.0,1.0,2.384382
0,B_task_nopark,planning,5,-0.2125042,0.0,0.17777777777777778,1.0,2.5529537
0,B_task_nopark,planning,6,-0.12877737,0.0,0.0,1.0,4.20799
0,B_task_nopark,planning,7,-0.23134743,0.0,0.0,1.0,2.4879282
0,B_task_nopark,planning,8,-0.18001501,0.0,0.0,1.0,4.5930314
0,B_task_nopark,planning,9,-0.10372018,0.0,0.06666666666666667,1.0,5.685407
0,B_task_nopark,planning,10,-0.04381079,1.0,0.35555555555555557,1.0,0.796982
0,B_task_nopark,planning,11,-0.14187174,0.0,0.0,1.0,3.3624144
0,B_task_nopark,planning,12,-0.09674699,0.0,0.1111111111111111,1.0,3.2025707
0,B_task_nopark,planning,13,0.13851751,0.0,0.4666666666666667,1.0,2.4723709
0,B_task_nopark,planning,14,-0.05395729,0.0,0.0,1.0,4.2384925
0,B_task_nopark,planning,15,-0.34205276,0.0,0.0,1.0,3.659165
0,B_task_nopark,planning,16,-0.14044318,0.0,0.0,1.0,1.8832502
0,B_task_nopark,planning,17,-0.13269544,0.0,0.06666666666666667,1.0,6.28255
0,B_task_nopark,planning,18,0.113597386,1.0,0.5111111111111111,1.0,0.7917682
0,B_task_nopark,planning,19,-0.21243045,0.0,0.1111111111111111,1.0,2.3687449
0,B_task_nopark,planning,20,-0.108407274,1.0,0.3333333333333333,1.0,1.0697964
0,B_task_nopark,planning,21,-0.018290473,0.0,0.17777777777777778,1.0,6.3888307
0,B_task_nopark,planning,22,-0.0126182595,0.0,0.2222222222222222,1.0,4.976032
0,B_task_nopark,planning,23,0.08180658,0.0,0.1111111111111111,1.0,1.948282
0,B_task_nopark,planning,24,-0.14777146,0.0,0.0,1.0,4.5833473
0,B_task_nopark,planning,25,-0.09821733,0.0,0.0,1.0,2.28523
0,B_task_nopark,planning,26,-0.10564253,0.0,0.1111111111111111,1.0,1.7746832
0,B_task_nopark,planning,27,-0.0808522,0.0,0.1111111111111111,1.0,4.240014
0,B_task_nopark,planning,28,-0.22861274,0.0,0.06666666666666667,1.0,7.8294144
0,B_task_nopark,planning,29,-0.11900906,0.0,0.13333333333333333,1.0,2.2017643
0,B_task_nopark,planning,30,-0.19912006,0.0,0.0,1.0,2.960981
0,B_task_nopark,planning,31,-0.22800556,0.0,0.0,1.0,5.364556
0,B_task_nopark,planning,32,-0.22073781,0.0,0.0,1.0,4.0615897
0,B_task_nopark,planning,33,-0.23885119,0.0,0.13333333333333333,1.0,3.2563066
0,B_task_nopark,planning,34,-0.24854012,0.0,0.15555555555555556,1.0,2.7695446
0,B_task_nopark,planning,35,-0.014520616,0.0,0.24444444444444444,1.0,1.772954
0,B_task_nopark,planning,36,0.07412938,1.0,0.2,1.0,0.9883245
0,B_task_nopark,planning,37,-0.021726584,0.0,0.0,1.0,2.053264
0,B_task_nopark,planning,38,-0.13589124,0.0,0.17777777777777778,1.0,3.7876542
0,B_task_nopark,planning,39,-0.27230477,0.0,0.0,1.0,7.096995
0,B_task_nopark,planning,40,-0.3422739,0.0,0.0,1.0,4.324345
0,B_task_nopark,planning,41,0.064247206,1.0,0.4,1.0,0.41511795
0,B_task_nopark,planning,42,-0.01884703,0.0,0.24444444444444444,1.0,1.7661482
0,B_task_nopark,planning,43,-0.19254744,0.0,0.0,1.0,6.6118903
0,B_task_nopark,planning,44,-0.052585136,0.0,0.0,1.0,3.1590567
0,B_task_nopark,planning,45,-0.17994122,0.0,0.0,1.0,5.0297785
0,B_task_nopark,planning,46,-0.113731734,0.0,0.06666666666666667,1.0,5.176898
0,B_task_nopark,planning,47,0.02780637,0.0,0.0,1.0,3.2016509
0,B_task_nopark,planning,48,-0.19624697,0.0,0.0,1.0,3.3143075
0,B_task_nopark,planning,49,-0.15149206,0.0,0.0,1.0,4.669176
0,B_task_nopark,planning,50,-0.3093276,0.0,0.0,1.0,3.643008
0,B_task_nopark,planning,51,-0.2234882,0.0,0.0,1.0,3.3999636
0,B_task_nopark,planning,52,0.09210612,1.0,0.37777777777777777,1.0,0.6976924
0,B_task_nopark,planning,53,-0.012590794,0.0,0.2,1.0,2.9271984
0,B_task_nopark,planning,54,-0.10809766,0.0,0.08888888888888889,1.0,4.6224766
0,B_task_nopark,planning,55,-0.1680488,0.0,0.0,1.0,4.3687253
0,B_task_nopark,planning,56,-0.17691225,0.0,0.0,1.0,4.2642093
0,B_task_nopark,planning,57,-0.07237075,0.0,0.0,1.0,2.7121494
0,B_task_nopark,planning,58,-0.03509127,1.0,0.24444444444444444,1.0,1.2949324
0,B_task_nopark,planning,59,-0.05180318,0.0,0.15555555555555556,1.0,3.5957663
0,B_task_nopark,planning,60,0.042023964,0.0,0.2,1.0,3.649831
0,B_task_nopark,planning,61,-0.174214,0.0,0.0,1.0,2.17103
0,B_task_nopark,planning,62,-0.27864307,0.0,0.0,1.0,4.599633
0,B_task_nopark,planning,63,-0.18663837,0.0,0.0,1.0,5.9985027
0,B_task_nopark,planning,64,-0.17728883,0.0,0.0,1.0,4.1919565
0,B_task_nopark,planning,65,0.020235632,1.0,0.1111111111111111,1.0,1.2456967
0,B_task_nopark,planning,66,-0.09436231,0.0,0.0,1.0,3.285996
0,B_task_nopark,planning,67,0.04929743,0.0,0.26666666666666666,1.0,2.9494998
0,B_task_nopark,planning,68,0.0408473,0.0,0.2222222222222222,1.0,4.3387976
0,B_task_nopark,planning,69,-0.10956059,0.0,0.0,1.0,3.6654937
0,B_task_nopark,planning,70,0.09353587,0.0,0.28888888888888886,1.0,2.068782
0,B_task_nopark,planning,71,-0.14997189,0.0,0.13333333333333333,1.0,6.253285
0,B_task_nopark,planning,72,-0.2954838,0.0,0.0,1.0,2.297075
0,B_task_nopark,planning,73,-0.12739132,0.0,0.0,1.0,5.4296727
0,B_task_nopark,planning,74,-0.22520156,0.0,0.17777777777777778,1.0,2.0723615
0,B_task_nopark,planning,75,-0.18837759,0.0,0.1111111111111111,1.0,3.0177898
0,B_task_nopark,planning,76,-0.09938208,0.0,0.15555555555555556,1.0,1.7821039
0,B_task_nopark,planning,77,-0.18317609,0.0,0.0,1.0,2.3562064
0,B_task_nopark,planning,78,0.2570964,1.0,0.7111111111111111,1.0,1.3057506
0,B_task_nopark,planning,79,-0.2270704,0.0,0.0,1.0,4.7444496
0,B_task_nopark,planning,80,-0.07913068,0.0,0.022222222222222223,1.0,6.347512
0,B_task_nopark,planning,81,-0.09880591,0.0,0.0,1.0,4.4726896
0,B_task_nopark,planning,82,-0.16413224,0.0,0.0,1.0,4.044474
0,B_task_nopark,planning,83,-0.1329987,0.0,0.0,1.0,2.850635
0,B_task_nopark,planning,84,0.06416709,0.0,0.3333333333333333,1.0,1.8553202
0,B_task_nopark,planning,85,-0.15092161,0.0,0.0,1.0,4.7177496
0,B_task_nopark,planning,86,-0.09013903,0.0,0.13333333333333333,1.0,4.2798834
0,B_task_nopark,planning,87,-0.29220313,0.0,0.0,1.0,3.6334205
0,B_task_nopark,planning,88,0.0064186016,0.0,0.08888888888888889,1.0,2.8078268
0,B_task_nopark,planning,89,0.021594549,1.0,0.3111111111111111,1.0,0.89749
0,B_task_nopark,planning,90,0.0045337062,0.0,0.17777777777777778,1.0,3.0138848
0,B_task_nopark,planning,91,0.014524117,0.0,0.35555555555555557,1.0,1.5999905
0,B_task_nopark,planning,92,-0.40319747,0.0,0.1111111111111111,1.0,3.3548076
0,B_task_nopark,planning,93,0.035411444,0.0,0.17777777777777778,1.0,2.183717
0,B_task_nopark,planning,94,-0.036058225,0.0,0.1111111111111111,1.0,3.14815
0,B_task_nopark,planning,95,0.0025229275,0.0,0.0,1.0,1.582541
0,B_task_nopark,planning,96,-0.12788573,0.0,0.0,1.0,3.6962774
0,B_task_nopark,planning,97,-0.010454338,0.0,0.17777777777777778,1.0,5.0955806
0,B_task_nopark,planning,98,-0.039245624,0.0,0.2,1.0,2.4635992
0,B_task_nopark,planning,99,-0.08321078,0.0,0.26666666666666666,1.0,2.3694863
0,B_task_nopark,planning,100,0.10161698,0.0,0.26666666666666666,1.0,1.8955967
0,B_task_nopark,planning,101,-0.04253709,0.0,0.13333333333333333,1.0,2.8044105
0,B_task_nopark,planning,102,-0.15635005,0.0,0.0,1.0,3.4235635
0,B_task_nopark,planning,103,0.09491067,0.0,0.24444444444444444,1.0,3.2750392
0,B_task_nopark,planning,104,0.044785466,1.0,0.35555555555555557,1.0,1.1459665
0,B_task_nopark,planning,105,-0.23183984,0.0,0.0,1.0,5.2898107
0,B_task_nopark,planning,106,0.1305215,0.0,0.28888888888888886,1.0,1.8842187
0,B_task_nopark,planning,107,0.019243535,1.0,0.4,1.0,0.66123873
0,B_task_nopark,planning,108,0.09145785,1.0,0.4666666666666667,1.0,0.74545956
0,B_task_nopark,planning,109,-0.19676712,0.0,0.0,1.0,7.02896
0,B_task_nopark,planning,110,-0.14436457,0.0,0.08888888888888889,1.0,4.888513
0,B_task_nopark,planning,111,-0.15142056,0.0,0.0,1.0,4.5772963
0,B_task_nopark,planning,112,0.04261174,0.0,0.13333333333333333,1.0,2.6763802
0,B_task_nopark,planning,113,0.13940687,0.0,0.0,1.0,1.7930391
0,B_task_nopark,planning,114,-0.25090572,0.0,0.044444444444444446,1.0,4.3873444
0,B_task_nopark,planning,115,-0.016581787,0.0,0.06666666666666667,1.0,1.8226535
0,B_task_nopark,planning,116,0.040419042,1.0,0.3111111111111111,1.0,1.3466675
0,B_task_nopark,planning,117,-0.37866646,0.0,0.044444444444444446,1.0,2.31761
0,B_task_nopark,planning,118,0.078194596,0.0,0.26666666666666666,1.0,5.497472
0,B_task_nopark,planning,119,-0.10679079,0.0,0.0,1.0,3.735941
0,B_task_nopark,planning,120,-0.15608433,0.0,0.0,1.0,4.6779056
0,B_task_nopark,planning,121,-0.018404325,0.0,0.3111111111111111,1.0,1.7412369
0,B_task_nopark,planning,122,-0.21519405,0.0,0.13333333333333333,1.0,3.798095
0,B_task_nopark,planning,123,-0.05052767,0.0,0.06666666666666667,1.0,2.0222962
0,B_task_nopark,planning,124,-0.11680393,0.0,0.13333333333333333,1.0,4.1191216
0,B_task_nopark,planning,125,-0.09725335,0.0,0.15555555555555556,1.0,4.1940713
0,B_task_nopark,planning,126,-0.090511344,0.0,0.0,1.0,1.8517365
0,B_task_nopark,planning,127,-0.10998099,0.0,0.15555555555555556,1.0,3.3232374
0,B_task_nopark,planning,128,-0.008438546,0.0,0.0,1.0,3.9457362
0,B_task_nopark,planning,129,-0.017568003,0.0,0.2,1.0,3.52819
0,B_task_nopark,planning,130,-9.9700526e-05,0.0,0.26666666666666666,1.0,3.1624384
0,B_task_nopark,planning,131,-0.047461323,0.0,0.15555555555555556,1.0,2.377933
0,B_task_nopark,planning,132,0.044587262,0.0,0.2222222222222222,1.0,3.9710133
0,B_task_nopark,planning,133,-0.10679426,0.0,0.044444444444444446,1.0,4.400087
0,B_task_nopark,planning,134,0.19173639,1.0,0.6,1.0,0.5470895
0,B_task_nopark,planning,135,-0.21524963,0.0,0.0,1.0,4.6824293
0,B_task_nopark,planning,136,-0.024491707,0.0,0.26666666666666666,1.0,3.0819728
0,B_task_nopark,planning,137,-0.09720434,0.0,0.0,1.0,1.5602913
0,B_task_nopark,planning,138,-0.13579981,0.0,0.13333333333333333,1.0,3.4313548
0,B_task_nopark,planning,139,-0.050248582,0.0,0.08888888888888889,1.0,6.242103
0,B_task_nopark,planning,140,-0.16977546,0.0,0.1111111111111111,1.0,6.345838
0,B_task_nopark,planning,141,-0.07039679,0.0,0.2222222222222222,1.0,1.5845441
0,B_task_nopark,planning,142,-0.23613955,0.0,0.0,1.0,4.058607
0,B_task_nopark,planning,143,0.014879166,1.0,0.4,1.0,1.3275046
0,B_task_nopark,planning,144,-0.16959588,0.0,0.0,1.0,5.0940495
0,B_task_nopark,planning,145,-0.047376297,1.0,0.35555555555555557,1.0,0.8295854
0,B_task_nopark,planning,146,-0.09621417,0.0,0.08888888888888889,1.0,5.850319
0,B_task_nopark,planning,147,-0.111988895,0.0,0.0,1.0,5.0027037
0,B_task_nopark,planning,148,-0.12416561,0.0,0.13333333333333333,1.0,3.0219798
0,B_task_nopark,planning,149,-0.051882602,0.0,0.0,1.0,3.1963515
0,B_task_nopark,planning,150,-0.12255388,0.0,0.15555555555555556,1.0,3.226431
0,B_task_nopark,planning,151,-0.10180366,0.0,0.0,1.0,2.1328444
0,B_task_nopark,planning,152,-0.13013746,0.0,0.022222222222222223,1.0,4.920577
0,B_task_nopark,planning,153,0.015541582,0.0,0.2222222222222222,1.0,1.9713379
0,B_task_nopark,planning,154,-0.034779374,0.0,0.3333333333333333,1.0,1.7216244
0,B_task_nopark,planning,155,-0.16933621,0.0,0.0,1.0,2.4284756
0,B_task_nopark,planning,156,-0.14992452,0.0,0.08888888888888889,1.0,5.9972034
0,B_task_nopark,planning,157,0.0057009645,0.0,0.2222222222222222,1.0,1.58736
0,B_task_nopark,planning,158,-0.07881608,0.0,0.2222222222222222,1.0,2.8597295
0,B_task_nopark,planning,159,-0.1443073,0.0,0.08888888888888889,1.0,7.9818854
0,B_task_nopark,planning,160,-0.02569582,0.0,0.0,1.0,2.7081966
0,B_task_nopark,planning,161,-0.0034968727,0.0,0.3111111111111111,1.0,2.197258
0,B_task_nopark,planning,162,-0.009520159,1.0,0.26666666666666666,1.0,0.5008494
0,B_task_nopark,planning,163,-0.11388598,0.0,0.1111111111111111,1.0,4.12446
0,B_task_nopark,planning,164,0.0344715,0.0,0.13333333333333333,1.0,2.0451813
0,B_task_nopark,planning,165,0.005761829,1.0,0.2,1.0,1.1126151
0,B_task_nopark,planning,166,-0.04464037,0.0,0.17777777777777778,1.0,2.2600527
0,B_task_nopark,planning,167,-0.21983637,0.0,0.13333333333333333,1.0,2.2301223
0,B_task_nopark,planning,168,0.113207266,0.0,0.5111111111111111,1.0,1.6139678
0,B_task_nopark,planning,169,0.028911935,0.0,0.24444444444444444,1.0,2.6861846
0,B_task_nopark,planning,170,-0.078769736,0.0,0.08888888888888889,1.0,3.4348261
0,B_task_nopark,planning,171,-0.14339079,0.0,0.15555555555555556,1.0,3.7386446
0,B_task_nopark,planning,172,0.05694398,0.0,0.24444444444444444,1.0,3.3426232
0,B_task_nopark,planning,173,0.0895965,0.0,0.0,1.0,1.8541787
0,B_task_nopark,planning,174,-0.31974855,0.0,0.0,1.0,5.562499
0,B_task_nopark,planning,175,-0.08651552,0.0,0.15555555555555556,1.0,3.1381762
0,B_task_nopark,planning,176,-0.1494968,1.0,0.35555555555555557,1.0,1.2573211
0,B_task_nopark,planning,177,-0.13692757,0.0,0.15555555555555556,1.0,2.4543943
0,B_task_nopark,planning,178,-0.13241917,0.0,0.0,1.0,2.726081
0,B_task_nopark,planning,179,-0.13471092,0.0,0.08888888888888889,1.0,4.249341
0,B_task_nopark,planning,180,-0.06013116,0.0,0.28888888888888886,1.0,2.2106197
0,B_task_nopark,planning,181,-0.045861684,0.0,0.0,1.0,2.8759065
0,B_task_nopark,planning,182,0.026658867,0.0,0.2222222222222222,1.0,3.0541744
0,B_task_nopark,planning,183,-0.04841218,1.0,0.4222222222222222,1.0,1.2327799
0,B_task_nopark,planning,184,-0.098779924,0.0,0.0,1.0,4.2934265
0,B_task_nopark,planning,185,-0.045938905,0.0,0.17777777777777778,1.0,3.9973178
0,B_task_nopark,planning,186,-0.2688428,0.0,0.0,1.0,4.551917
0,B_task_nopark,planning,187,-0.032396127,0.0,0.24444444444444444,1.0,2.4171088
0,B_task_nopark,planning,188,-0.305261,0.0,0.06666666666666667,1.0,6.488429
0,B_task_nopark,planning,189,-0.05647945,0.0,0.15555555555555556,1.0,2.5382414
0,B_task_nopark,planning,190,0.19943568,0.0,0.4,1.0,2.9433808
0,B_task_nopark,planning,191,0.03107391,0.0,0.2,1.0,4.149322
0,B_task_nopark,planning,192,-0.12866503,0.0,0.0,1.0,4.784027
0,B_task_nopark,planning,193,-0.18640031,0.0,0.0,1.0,4.748656
0,B_task_nopark,planning,194,0.027050545,0.0,0.0,1.0,1.9063908
0,B_task_nopark,planning,195,-0.088682145,0.0,0.0,1.0,3.5325189
0,B_task_nopark,planning,196,0.059222583,0.0,0.24444444444444444,1.0,2.8379042
0,B_task_nopark,planning,197,0.054114684,0.0,0.24444444444444444,1.0,2.0823245
0,B_task_nopark,planning,198,-0.10414367,0.0,0.0,1.0,3.798452
0,B_task_nopark,planning,199,-0.07101051,0.0,0.2,1.0,3.1403203
0,D_latent_nopark,planning,0,-0.17158876,0.0,0.1111111111111111,1.0,4.508501
0,D_latent_nopark,planning,1,-0.1585595,0.0,0.044444444444444446,1.0,6.828796
0,D_latent_nopark,planning,2,-0.18977992,0.0,0.06666666666666667,1.0,5.28934
0,D_latent_nopark,planning,3,-0.23706536,0.0,0.0,1.0,2.274256
0,D_latent_nopark,planning,4,-0.3252651,0.0,0.0,1.0,9.43674
0,D_latent_nopark,planning,5,-0.26057,0.0,0.044444444444444446,1.0,3.032195
0,D_latent_nopark,planning,6,-0.24992065,0.0,0.0,1.0,7.6293745
0,D_latent_nopark,planning,7,-0.2054924,0.0,0.06666666666666667,1.0,2.265365
0,D_latent_nopark,planning,8,-0.22351882,0.0,0.0,1.0,6.54177
0,D_latent_nopark,planning,9,-0.14505532,0.0,0.08888888888888889,1.0,8.511232
0,D_latent_nopark,planning,10,-0.07941471,1.0,0.3333333333333333,1.0,1.0719649
0,D_latent_nopark,planning,11,-0.152054,0.0,0.0,1.0,4.2743845
0,D_latent_nopark,planning,12,-0.20089547,0.0,0.0,1.0,7.065855
0,D_latent_nopark,planning,13,0.00077978754,0.0,0.17777777777777778,1.0,3.4340346
0,D_latent_nopark,planning,14,-0.09643949,0.0,0.0,1.0,3.570211
0,D_latent_nopark,planning,15,-0.3498034,0.0,0.0,1.0,5.926777
0,D_latent_nopark,planning,16,-0.24523726,0.0,0.0,1.0,5.5302434
0,D_latent_nopark,planning,17,-0.094147615,0.0,0.1111111111111111,1.0,6.227697
0,D_latent_nopark,planning,18,-0.07899666,0.0,0.0,1.0,2.4734876
0,D_latent_nopark,planning,19,-0.28423008,0.0,0.0,1.0,3.120616
0,D_latent_nopark,planning,20,-0.23056099,0.0,0.0,1.0,3.0004735
0,D_latent_nopark,planning,21,-0.018974748,0.0,0.0,1.0,1.9354495
0,D_latent_nopark,planning,22,-0.07476175,0.0,0.0,1.0,4.3090677
0,D_latent_nopark,planning,23,-0.031682715,0.0,0.0,1.0,2.147311
0,D_latent_nopark,planning,24,-0.08407922,0.0,0.13333333333333333,1.0,3.9992368
0,D_latent_nopark,planning,25,-0.096644476,0.0,0.0,1.0,3.0727155
0,D_latent_nopark,planning,26,-0.07364849,0.0,0.24444444444444444,1.0,1.9227625
0,D_latent_nopark,planning,27,-0.09512133,0.0,0.08888888888888889,1.0,5.3725276
0,D_latent_nopark,planning,28,-0.24118099,0.0,0.06666666666666667,1.0,8.520511
0,D_latent_nopark,planning,29,-0.0849367,0.0,0.2,1.0,2.278234
0,D_latent_nopark,planning,30,-0.16077976,1.0,0.1111111111111111,1.0,1.0428919
0,D_latent_nopark,planning,31,-0.21044853,0.0,0.0,1.0,6.3670025
0,D_latent_nopark,planning,32,-0.1882113,0.0,0.0,1.0,4.3107886
0,D_latent_nopark,planning,33,-0.27931467,0.0,0.1111111111111111,1.0,3.6791785
0,D_latent_nopark,planning,34,-0.28126696,0.0,0.0,1.0,1.6999809
0,D_latent_nopark,planning,35,-0.012978383,1.0,0.4222222222222222,1.0,1.5385245
0,D_latent_nopark,planning,36,-0.19201037,0.0,0.0,1.0,9.152462
0,D_latent_nopark,planning,37,-0.075000934,0.0,0.0,1.0,1.9987892
0,D_latent_nopark,planning,38,-0.14244379,0.0,0.15555555555555556,1.0,3.13542
0,D_latent_nopark,planning,39,-0.3139431,0.0,0.0,1.0,9.7466
0,D_latent_nopark,planning,40,-0.21517728,0.0,0.2,1.0,1.9468048
0,D_latent_nopark,planning,41,-0.06067704,0.0,0.0,1.0,2.1024914
0,D_latent_nopark,planning,42,0.011824547,1.0,0.3333333333333333,1.0,0.9523758
0,D_latent_nopark,planning,43,-0.27164257,0.0,0.0,1.0,4.1963296
0,D_latent_nopark,planning,44,0.13673301,1.0,0.4444444444444444,1.0,1.3810487
0,D_latent_nopark,planning,45,-0.21869981,0.0,0.0,1.0,7.9313855
0,D_latent_nopark,planning,46,-0.08246428,0.0,0.08888888888888889,1.0,5.210562
0,D_latent_nopark,planning,47,-0.16413398,0.0,0.0,1.0,4.2620087
0,D_latent_nopark,planning,48,-0.2146369,0.0,0.0,1.0,2.7248685
0,D_latent_nopark,planning,49,-0.1984409,0.0,0.0,1.0,9.00656
0,D_latent_nopark,planning,50,-0.27892622,0.0,0.0,1.0,3.655724
0,D_latent_nopark,planning,51,-0.2042194,0.0,0.1111111111111111,1.0,4.30672
0,D_latent_nopark,planning,52,-0.16523041,0.0,0.0,1.0,2.6055443
0,D_latent_nopark,planning,53,0.002668794,0.0,0.2222222222222222,1.0,2.667416
0,D_latent_nopark,planning,54,-0.1545413,0.0,0.0,1.0,5.755684
0,D_latent_nopark,planning,55,-0.23302208,0.0,0.0,1.0,5.569685
0,D_latent_nopark,planning,56,-0.2559126,0.0,0.0,1.0,4.6125727
0,D_latent_nopark,planning,57,0.029761435,1.0,0.3333333333333333,1.0,0.5526616
0,D_latent_nopark,planning,58,-0.16516326,0.0,0.0,1.0,4.533673
0,D_latent_nopark,planning,59,-0.02880827,0.0,0.17777777777777778,1.0,3.2350895
0,D_latent_nopark,planning,60,0.05633062,0.0,0.15555555555555556,1.0,1.9302127
0,D_latent_nopark,planning,61,-0.18247038,0.0,0.0,1.0,2.5050023
0,D_latent_nopark,planning,62,-0.23080094,0.0,0.13333333333333333,1.0,4.1025586
0,D_latent_nopark,planning,63,-0.18566227,0.0,0.0,1.0,5.488328
0,D_latent_nopark,planning,64,-0.1975622,0.0,0.022222222222222223,1.0,8.451248
0,D_latent_nopark,planning,65,0.022935988,0.0,0.0,1.0,1.8132715
0,D_latent_nopark,planning,66,-0.16432579,0.0,0.0,1.0,3.2412317
0,D_latent_nopark,planning,67,-0.066858046,0.0,0.0,1.0,2.970462
0,D_latent_nopark,planning,68,-0.06457189,0.0,0.0,1.0,2.7428985
0,D_latent_nopark,planning,69,-0.15149401,0.0,0.0,1.0,3.7030723
0,D_latent_nopark,planning,70,0.01359464,1.0,0.044444444444444446,1.0,1.4636544
0,D_latent_nopark,planning,71,-0.13038512,0.0,0.1111111111111111,1.0,3.7962308
0,D_latent_nopark,planning,72,-0.369841,0.0,0.0,1.0,5.758916
0,D_latent_nopark,planning,73,-0.1333238,0.0,0.0,1.0,4.3273005
0,D_latent_nopark,planning,74,-0.34375483,0.0,0.0,1.0,3.1437988
0,D_latent_nopark,planning,75,-0.2941953,0.0,0.0,1.0,4.668631
0,D_latent_nopark,planning,76,-0.13379925,0.0,0.13333333333333333,1.0,2.7632017
0,D_latent_nopark,planning,77,-0.21553853,0.0,0.0,1.0,7.021306
0,D_latent_nopark,planning,78,0.2320879,1.0,0.7333333333333333,1.0,1.2387102
0,D_latent_nopark,planning,79,-0.23728245,0.0,0.0,1.0,6.5969253
0,D_latent_nopark,planning,80,0.084433,0.0,0.24444444444444444,1.0,3.4876566
0,D_latent_nopark,planning,81,0.07302589,1.0,0.4444444444444444,1.0,0.9554474
0,D_latent_nopark,planning,82,-0.09648273,0.0,0.13333333333333333,1.0,4.493258
0,D_latent_nopark,planning,83,-0.11411991,0.0,0.0,1.0,2.5682812
0,D_latent_nopark,planning,84,0.011732871,1.0,0.28888888888888886,1.0,0.7507371
0,D_latent_nopark,planning,85,-0.21433334,0.0,0.0,1.0,7.1219926
0,D_latent_nopark,planning,86,-0.197596,0.0,0.0,1.0,3.672274
0,D_latent_nopark,planning,87,-0.37836477,0.0,0.0,1.0,8.359547
0,D_latent_nopark,planning,88,-0.18301551,0.0,0.0,1.0,5.098694
0,D_latent_nopark,planning,89,0.065087214,0.0,0.4222222222222222,1.0,1.6235873
0,D_latent_nopark,planning,90,-0.17186616,0.0,0.0,1.0,4.6028266
0,D_latent_nopark,planning,91,-0.07820917,0.0,0.1111111111111111,1.0,3.2876728
0,D_latent_nopark,planning,92,-0.43022105,0.0,0.06666666666666667,1.0,5.7823706
0,D_latent_nopark,planning,93,0.027092006,0.0,0.2,1.0,3.5889702
0,D_latent_nopark,planning,94,0.01812165,0.0,0.28888888888888886,1.0,1.8041519
0,D_latent_nopark,planning,95,-0.12170018,0.0,0.0,1.0,2.818779
0,D_latent_nopark,planning,96,-0.1793628,0.0,0.0,1.0,4.533788
0,D_latent_nopark,planning,97,0.019890128,0.0,0.2,1.0,4.542485
0,D_latent_nopark,planning,98,0.05242547,1.0,0.4444444444444444,1.0,0.8718651
0,D_latent_nopark,planning,99,-0.11592085,0.0,0.2,1.0,2.5435863
0,D_latent_nopark,planning,100,0.077227786,1.0,0.3111111111111111,1.0,0.36176482
0,D_latent_nopark,planning,101,-0.02374871,0.0,0.13333333333333333,1.0,2.6278746
0,D_latent_nopark,planning,102,-0.17305285,0.0,0.0,1.0,3.4388807
0,D_latent_nopark,planning,103,-0.0890834,0.0,0.0,1.0,4.5987253
0,D_latent_nopark,planning,104,0.00432765,1.0,0.28888888888888886,1.0,1.1554639
0,D_latent_nopark,planning,105,-0.15737998,0.0,0.13333333333333333,1.0,4.5567746
0,D_latent_nopark,planning,106,-0.16828938,0.0,0.0,1.0,4.607228
0,D_latent_nopark,planning,107,0.0021671408,1.0,0.4,1.0,1.2656169
0,D_latent_nopark,planning,108,-0.08595763,0.0,0.0,1.0,3.086138
0,D_latent_nopark,planning,109,-0.118683636,0.0,0.0,1.0,4.385838
0,D_latent_nopark,planning,110,-0.10735929,0.0,0.13333333333333333,1.0,4.686843
0,D_latent_nopark,planning,111,-0.2013308,0.0,0.0,1.0,4.6954794
0,D_latent_nopark,planning,112,0.06436913,0.0,0.1111111111111111,1.0,3.019247
0,D_latent_nopark,planning,113,0.31442264,1.0,0.6444444444444445,1.0,0.3184705
0,D_latent_nopark,planning,114,-0.21507551,0.0,0.1111111111111111,1.0,3.604012
0,D_latent_nopark,planning,115,-0.00033006884,0.0,0.26666666666666666,1.0,2.8314908
0,D_latent_nopark,planning,116,-0.19973825,0.0,0.0,1.0,3.7702572
0,D_latent_nopark,planning,117,-0.4484478,0.0,0.0,1.0,3.901722
0,D_latent_nopark,planning,118,0.26787254,1.0,0.6666666666666666,1.0,0.79004824
0,D_latent_nopark,planning,119,-0.10312392,0.0,0.06666666666666667,1.0,5.6322803
0,D_latent_nopark,planning,120,-0.13349797,0.0,0.0,1.0,2.1998405
0,D_latent_nopark,planning,121,-0.08315546,0.0,0.2222222222222222,1.0,1.7476224
0,D_latent_nopark,planning,122,-0.23276375,0.0,0.08888888888888889,1.0,3.597754
0,D_latent_nopark,planning,123,-0.16477992,0.0,0.0,1.0,6.304949
0,D_latent_nopark,planning,124,-0.054088313,0.0,0.2222222222222222,1.0,2.2934403
0,D_latent_nopark,planning,125,-0.17728615,0.0,0.0,1.0,5.3108387
0,D_latent_nopark,planning,126,-0.18593812,0.0,0.0,1.0,3.4930723
0,D_latent_nopark,planning,127,-0.08807057,0.0,0.2,1.0,3.2785084
0,D_latent_nopark,planning,128,-0.20663689,0.0,0.0,1.0,6.4672823
0,D_latent_nopark,planning,129,-0.15084125,0.0,0.0,1.0,3.086291
0,D_latent_nopark,planning,130,-0.088088706,0.0,0.0,1.0,2.3289962
0,D_latent_nopark,planning,131,-0.036945723,0.0,0.15555555555555556,1.0,2.2435627
0,D_latent_nopark,planning,132,0.015861204,0.0,0.2,1.0,5.847099
0,D_latent_nopark,planning,133,-0.16477385,0.0,0.0,1.0,5.983467
0,D_latent_nopark,planning,134,-0.0017236455,0.0,0.0,1.0,1.8261476
0,D_latent_nopark,planning,135,-0.18400642,0.0,0.1111111111111111,1.0,5.6398935
0,D_latent_nopark,planning,136,-0.15316465,0.0,0.0,1.0,4.3386917
0,D_latent_nopark,planning,137,-0.22157945,0.0,0.0,1.0,5.5386596
0,D_latent_nopark,planning,138,-0.13027039,0.0,0.15555555555555556,1.0,3.881881
0,D_latent_nopark,planning,139,0.05935744,0.0,0.2,1.0,3.6863775
0,D_latent_nopark,planning,140,-0.15377076,0.0,0.1111111111111111,1.0,4.325636
0,D_latent_nopark,planning,141,-0.12882301,0.0,0.044444444444444446,1.0,4.1134815
0,D_latent_nopark,planning,142,-0.1774074,0.0,0.1111111111111111,1.0,5.7729273
0,D_latent_nopark,planning,143,-0.047812045,1.0,0.044444444444444446,1.0,1.4836091
0,D_latent_nopark,planning,144,-0.1654591,0.0,0.0,1.0,4.7912045
0,D_latent_nopark,planning,145,-0.056865226,1.0,0.4,1.0,1.3377221
0,D_latent_nopark,planning,146,0.01839318,0.0,0.2,1.0,2.423148
0,D_latent_nopark,planning,147,-0.13155183,0.0,0.0,1.0,5.895455
0,D_latent_nopark,planning,148,-0.11006922,0.0,0.15555555555555556,1.0,3.3558261
0,D_latent_nopark,planning,149,-0.060844474,0.0,0.0,1.0,2.2606556
0,D_latent_nopark,planning,150,-0.10939884,0.0,0.13333333333333333,1.0,2.3451903
0,D_latent_nopark,planning,151,-0.16051489,0.0,0.0,1.0,2.4072607
0,D_latent_nopark,planning,152,-0.08504623,0.0,0.1111111111111111,1.0,5.5077243
0,D_latent_nopark,planning,153,-0.17052004,0.0,0.0,1.0,2.6708245
0,D_latent_nopark,planning,154,-0.06900073,0.0,0.17777777777777778,1.0,2.5178816
0,D_latent_nopark,planning,155,-0.16697112,0.0,0.06666666666666667,1.0,3.431328
0,D_latent_nopark,planning,156,-0.1451755,0.0,0.044444444444444446,1.0,4.2202644
0,D_latent_nopark,planning,157,-0.11370998,0.0,0.0,1.0,2.9123232
0,D_latent_nopark,planning,158,-0.21053545,0.0,0.0,1.0,2.7322958
0,D_latent_nopark,planning,159,-0.06959631,0.0,0.0,1.0,3.2683191
0,D_latent_nopark,planning,160,-0.003287269,0.0,0.0,1.0,1.8990307
0,D_latent_nopark,planning,161,-0.06316672,0.0,0.1111111111111111,1.0,2.111705
0,D_latent_nopark,planning,162,-0.11812082,0.0,0.0,1.0,2.4720469
0,D_latent_nopark,planning,163,-0.18948686,0.0,0.0,1.0,4.18846
0,D_latent_nopark,planning,164,0.14290394,1.0,0.4,1.0,1.5246384
0,D_latent_nopark,planning,165,0.0034009966,1.0,0.24444444444444444,1.0,1.18778
0,D_latent_nopark,planning,166,-0.106984586,0.0,0.044444444444444446,1.0,2.646565
0,D_latent_nopark,planning,167,-0.18185115,1.0,0.24444444444444444,1.0,0.8305066
0,D_latent_nopark,planning,168,0.035475187,0.0,0.17777777777777778,1.0,1.9084738
0,D_latent_nopark,planning,169,-0.15149505,0.0,0.0,1.0,4.698308
0,D_latent_nopark,planning,170,0.062755935,1.0,0.2222222222222222,1.0,0.99787205
0,D_latent_nopark,planning,171,-0.1496701,0.0,0.15555555555555556,1.0,1.8857653
0,D_latent_nopark,planning,172,-0.038590506,0.0,0.0,1.0,4.0419817
0,D_latent_nopark,planning,173,-0.09367755,0.0,0.0,1.0,1.9771277
0,D_latent_nopark,planning,174,-0.26497295,0.0,0.0,1.0,4.8707542
0,D_latent_nopark,planning,175,-0.16827855,0.0,0.044444444444444446,1.0,3.8209617
0,D_latent_nopark,planning,176,-0.19536945,0.0,0.17777777777777778,1.0,2.5373743
0,D_latent_nopark,planning,177,-0.09965816,0.0,0.2222222222222222,1.0,2.0566118
0,D_latent_nopark,planning,178,-0.0811679,0.0,0.2,1.0,2.8115518
0,D_latent_nopark,planning,179,-0.023617212,0.0,0.13333333333333333,1.0,1.8040415
0,D_latent_nopark,planning,180,-0.086503275,0.0,0.15555555555555556,1.0,2.3802419
0,D_latent_nopark,planning,181,0.053401116,1.0,0.4,1.0,1.2023746
0,D_latent_nopark,planning,182,-0.060188644,1.0,0.15555555555555556,1.0,0.69417787
0,D_latent_nopark,planning,183,-0.028014515,1.0,0.37777777777777777,1.0,1.4274778
0,D_latent_nopark,planning,184,-0.09850257,0.0,0.0,1.0,2.5924656
0,D_latent_nopark,planning,185,-0.09362033,0.0,0.08888888888888889,1.0,4.5554347
0,D_latent_nopark,planning,186,-0.26915497,0.0,0.0,1.0,5.4137034
0,D_latent_nopark,planning,187,-0.13762854,0.0,0.0,1.0,2.3064008
0,D_latent_nopark,planning,188,-0.31897447,0.0,0.044444444444444446,1.0,7.485842
0,D_latent_nopark,planning,189,-0.12007694,0.0,0.1111111111111111,1.0,3.423783
0,D_latent_nopark,planning,190,0.3035055,1.0,0.6666666666666666,1.0,0.60818464
0,D_latent_nopark,planning,191,0.08806981,0.0,0.28888888888888886,1.0,3.7973819
0,D_latent_nopark,planning,192,-0.11306103,0.0,0.0,1.0,4.8973107
0,D_latent_nopark,planning,193,-0.102889195,0.0,0.0,1.0,3.4353669
0,D_latent_nopark,planning,194,-0.15917751,0.0,0.0,1.0,5.286723
0,D_latent_nopark,planning,195,-0.13121395,0.0,0.0,1.0,4.5098696
0,D_latent_nopark,planning,196,-0.016198969,0.0,0.0,1.0,2.127943
0,D_latent_nopark,planning,197,-0.046016265,0.0,0.15555555555555556,1.0,5.567724
0,D_latent_nopark,planning,198,-0.05077543,0.0,0.08888888888888889,1.0,3.4662595
0,D_latent_nopark,planning,199,-0.10016891,0.0,0.24444444444444444,1.0,1.5723702
1,A_recon,planning,0,-0.35647646,0.0,0.0,1.0,7.4762735
1,A_recon,planning,1,-0.21974905,0.0,0.0,1.0,3.3622737
1,A_recon,planning,2,-0.5472033,0.0,0.0,0.0,15.8412485
1,A_recon,planning,3,-0.65439284,0.0,0.0,0.0,18.414534
1,A_recon,planning,4,-0.49999908,0.0,0.0,1.0,17.854923
1,A_recon,planning,5,-0.4233401,0.0,0.0,1.0,9.820431
1,A_recon,planning,6,-0.29631758,0.0,0.0,0.0,12.95257
1,A_recon,planning,7,-0.3690305,0.0,0.0,1.0,4.2088084
1,A_recon,planning,8,-0.35842493,0.0,0.0,1.0,8.640584
1,A_recon,planning,9,-0.0033368792,0.0,0.24444444444444444,1.0,8.071841
1,A_recon,planning,10,-0.64275825,0.0,0.0,0.0,24.811745
1,A_recon,planning,11,-0.3783571,0.0,0.0,0.0,10.48579
1,A_recon,planning,12,-0.34245408,0.0,0.0,1.0,7.2617455
1,A_recon,planning,13,-0.34983924,0.0,0.0,1.0,11.734703
1,A_recon,planning,14,-0.22031198,0.0,0.0,1.0,9.535462
1,A_recon,planning,15,-0.28061035,0.0,0.0,1.0,1.9639752
1,A_recon,planning,16,-0.45280856,0.0,0.0,1.0,16.416782
1,A_recon,planning,17,-0.11956428,0.0,0.0,1.0,5.738137
1,A_recon,planning,18,-0.33799446,0.0,0.0,0.0,9.755038
1,A_recon,planning,19,-0.660752,0.0,0.0,1.0,22.407526
1,A_recon,planning,20,-0.3670537,0.0,0.0,1.0,7.71525
1,A_recon,planning,21,-0.16766734,0.0,0.0,1.0,4.7102547
1,A_recon,planning,22,-0.27377012,0.0,0.0,1.0,8.620055
1,A_recon,planning,23,-0.17183612,0.0,0.0,1.0,7.2938
1,A_recon,planning,24,-0.16083257,1.0,0.08888888888888889,1.0,0.7670458
1,A_recon,planning,25,-0.2260818,0.0,0.0,1.0,2.4923
1,A_recon,planning,26,-0.35461354,0.0,0.0,1.0,7.9227715
1,A_recon,planning,27,-0.021117562,0.0,0.2,1.0,5.1063356
1,A_recon,planning,28,-0.054005783,0.0,0.26666666666666666,1.0,3.409157
1,A_recon,planning,29,-0.3146328,0.0,0.0,1.0,3.8632693
1,A_recon,planning,30,-0.57371485,0.0,0.0,0.0,21.954435
1,A_recon,planning,31,-0.36754963,0.0,0.0,1.0,8.343431
1,A_recon,planning,32,-0.2978901,0.0,0.0,1.0,7.4602637
1,A_recon,planning,33,-0.7745676,0.0,0.0,0.0,26.22195
1,A_recon,planning,34,-0.70398146,0.0,0.0,0.0,16.121143
1,A_recon,planning,35,-0.34614262,0.0,0.0,1.0,8.824345
1,A_recon,planning,36,-0.21512638,0.0,0.0,1.0,7.74666
1,A_recon,planning,37,-0.23584497,0.0,0.044444444444444446,0.0,13.746889
1,A_recon,planning,38,-0.339503,0.0,0.0,1.0,5.0737596
1,A_recon,planning,39,-0.27205107,0.0,0.0,1.0,2.0843549
1,A_recon,planning,40,-0.5323236,0.0,0.0,1.0,12.01001
1,A_recon,planning,41,-0.3349116,0.0,0.0,1.0,7.7269473
1,A_recon,planning,42,-0.5275889,0.0,0.0,0.0,21.07277
1,A_recon,planning,43,-0.30288485,0.0,0.0,1.0,9.610175
1,A_recon,planning,44,-0.20426068,0.0,0.0,1.0,5.779182
1,A_recon,planning,45,-0.28335625,0.0,0.0,1.0,9.103
1,A_recon,planning,46,-0.24981046,0.0,0.0,1.0,7.363609
1,A_recon,planning,47,-0.2973178,0.0,0.0,1.0,11.656348
1,A_recon,planning,48,-0.5062456,0.0,0.0,0.0,17.917423
1,A_recon,planning,49,-0.21923159,0.0,0.0,1.0,6.064334
1,A_recon,planning,50,-0.4060696,0.0,0.0,1.0,2.573343
1,A_recon,planning,51,-0.5734542,0.0,0.0,1.0,16.238098
1,A_recon,planning,52,-0.38944107,0.0,0.0,0.0,15.8175125
1,A_recon,planning,53,-0.3232809,0.0,0.0,1.0,8.8511915
1,A_recon,planning,54,-0.22363493,0.0,0.0,1.0,7.9365582
1,A_recon,planning,55,-0.4633799,0.0,0.0,1.0,15.269927
1,A_recon,planning,56,-0.4504857,0.0,0.0,0.0,15.368801
1,A_recon,planning,57,-0.34904712,0.0,0.0,0.0,12.736757
1,A_recon,planning,58,-0.27526858,0.0,0.0,1.0,7.308049
1,A_recon,planning,59,-0.25278074,0.0,0.0,1.0,5.705976
1,A_recon,planning,60,-0.17413054,0.0,0.0,1.0,5.3743324
1,A_recon,planning,61,-0.52868253,0.0,0.0,0.0,17.630226
1,A_recon,planning,62,-0.32267043,0.0,0.0,1.0,2.3940566
1,A_recon,planning,63,-0.18890189,0.0,0.0,1.0,3.1191144
1,A_recon,planning,64,-0.19815288,0.0,0.0,1.0,8.70168
1,A_recon,planning,65,-0.2796884,0.0,0.0,1.0,12.890253
1,A_recon,planning,66,-0.2794084,0.0,0.0,1.0,9.312889
1,A_recon,planning,67,-0.21479312,0.0,0.0,1.0,7.2901793
1,A_recon,planning,68,-0.09286964,0.0,0.0,1.0,2.592416
1,A_recon,planning,69,-0.30371466,0.0,0.0,0.0,10.879153
1,A_recon,planning,70,-0.31897056,0.0,0.0,1.0,11.36094
1,A_recon,planning,71,-0.26293832,0.0,0.0,1.0,6.5385494
1,A_recon,planning,72,-0.6692343,0.0,0.0,0.0,18.002123
1,A_recon,planning,73,-0.27533272,0.0,0.0,1.0,14.374904
1,A_recon,planning,74,-0.61547756,0.0,0.0,0.0,18.74621
1,A_recon,planning,75,-0.6311961,0.0,0.0,0.0,20.359013
1,A_recon,planning,76,-0.55453455,0.0,0.0,0.0,17.252495
1,A_recon,planning,77,-0.17631261,0.0,0.0,1.0,2.3494208
1,A_recon,planning,78,-0.16196626,0.0,0.0,1.0,5.5950627
1,A_recon,planning,79,-0.33882785,0.0,0.0,1.0,7.9888577
1,A_recon,planning,80,-0.1031775,0.0,0.0,1.0,7.5391116
1,A_recon,planning,81,-0.38939744,0.0,0.0,1.0,12.070798
1,A_recon,planning,82,-0.34435412,0.0,0.0,0.0,9.172547
1,A_recon,planning,83,-0.26166138,0.0,0.0,0.0,6.579762
1,A_recon,planning,84,-0.30521888,0.0,0.0,1.0,9.052185
1,A_recon,planning,85,-0.4361008,0.0,0.0,0.0,13.359956
1,A_recon,planning,86,-0.32089362,0.0,0.0,1.0,5.959189
1,A_recon,planning,87,-0.7640427,0.0,0.0,0.0,26.271198
1,A_recon,planning,88,-0.3569778,0.0,0.0,1.0,11.27767
1,A_recon,planning,89,-0.42207158,0.0,0.0,0.0,17.036589
1,A_recon,planning,90,-0.4137311,0.0,0.0,0.0,18.17542
1,A_recon,planning,91,-0.43909374,0.0,0.0,1.0,15.924959
1,A_recon,planning,92,-0.94929546,0.0,0.0,0.0,28.905205
1,A_recon,planning,93,-0.09773925,0.0,0.0,1.0,2.7330205
1,A_recon,planning,94,-0.39516884,0.0,0.0,1.0,14.825833
1,A_recon,planning,95,-0.29317865,0.0,0.0,1.0,16.311663
1,A_recon,planning,96,-0.26088607,0.0,0.0,1.0,7.8791037
1,A_recon,planning,97,-0.22906435,0.0,0.0,0.0,8.95884
1,A_recon,planning,98,-0.213232,0.0,0.0,1.0,3.5282302
1,A_recon,planning,99,-0.51953626,0.0,0.0,0.0,14.528458
1,A_recon,planning,100,-0.3187852,0.0,0.0,0.0,14.254188
1,A_recon,planning,101,-0.16926427,0.0,0.0,1.0,3.1155179
1,A_recon,planning,102,-0.21274681,0.0,0.0,1.0,6.953926
1,A_recon,planning,103,-0.19102404,0.0,0.0,1.0,6.937977
1,A_recon,planning,104,-0.38596717,0.0,0.0,0.0,13.527716
1,A_recon,planning,105,-0.2765358,0.0,0.0,1.0,3.46311
1,A_recon,planning,106,-0.2985518,0.0,0.0,1.0,10.409644
1,A_recon,planning,107,-0.37454987,0.0,0.0,1.0,11.788878
1,A_recon,planning,108,-0.45736083,0.0,0.0,0.0,18.671154
1,A_recon,planning,109,-0.21072735,0.0,0.0,1.0,6.4225717
1,A_recon,planning,110,-0.4534209,0.0,0.0,0.0,14.162112
1,A_recon,planning,111,-0.33295062,0.0,0.0,0.0,10.8627405
1,A_recon,planning,112,0.049311396,1.0,0.13333333333333333,1.0,1.4628863
1,A_recon,planning,113,-0.0006692383,0.0,0.0,1.0,4.0519085
1,A_recon,planning,114,-0.28459972,0.0,0.0,1.0,1.6913502
1,A_recon,planning,115,-0.39688292,0.0,0.0,0.0,13.119193
1,A_recon,planning,116,-0.4341359,0.0,0.0,1.0,15.041579
1,A_recon,planning,117,-0.5188132,0.0,0.0,1.0,5.2676516
1,A_recon,planning,118,-0.052889187,0.0,0.0,1.0,5.704081
1,A_recon,planning,119,-0.3284818,0.0,0.0,1.0,9.920106
1,A_recon,planning,120,-0.43677327,0.0,0.0,1.0,16.26484
1,A_recon,planning,121,-0.5319819,0.0,0.0,1.0,18.20615
1,A_recon,planning,122,-0.29105577,0.0,0.0,1.0,1.7111388
1,A_recon,planning,123,-0.13014245,0.0,0.0,1.0,1.7244735
1,A_recon,planning,124,-0.30798107,0.0,0.0,1.0,4.869173
1,A_recon,planning,125,-0.39187804,0.0,0.0,0.0,13.872726
1,A_recon,planning,126,-0.33860746,0.0,0.0,1.0,9.289337
1,A_recon,planning,127,-0.44687423,0.0,0.0,1.0,13.384934
1,A_recon,planning,128,-0.19601813,0.0,0.0,1.0,8.16397
1,A_recon,planning,129,-0.3728642,0.0,0.0,1.0,11.679392
1,A_recon,planning,130,-0.42838952,0.0,0.0,1.0,12.242703
1,A_recon,planning,131,-0.36969584,0.0,0.0,0.0,9.673188
1,A_recon,planning,132,-0.17903036,0.0,0.0,1.0,3.840749
1,A_recon,planning,133,-0.33246574,0.0,0.0,1.0,12.138434
1,A_recon,planning,134,-0.34044537,0.0,0.0,1.0,10.839741
1,A_recon,planning,135,-0.5338741,0.0,0.0,0.0,16.426714
1,A_recon,planning,136,-0.38356563,0.0,0.0,1.0,10.844059
1,A_recon,planning,137,-0.46860507,0.0,0.0,0.0,17.921864
1,A_recon,planning,138,-0.5123714,0.0,0.0,1.0,14.168116
1,A_recon,planning,139,-0.25393608,0.0,0.0,1.0,8.688495
1,A_recon,planning,140,-0.09113525,0.0,0.2222222222222222,1.0,3.6617975
1,A_recon,planning,141,-0.3919509,0.0,0.0,1.0,10.822183
1,A_recon,planning,142,-0.12064673,0.0,0.17777777777777778,1.0,2.5749269
1,A_recon,planning,143,-0.41601935,0.0,0.0,1.0,10.332607
1,A_recon,planning,144,-0.19106829,0.0,0.0,1.0,5.0115385
1,A_recon,planning,145,-0.27619913,0.0,0.0,1.0,4.5122576
1,A_recon,planning,146,-0.13655281,0.0,0.0,1.0,2.6595018
1,A_recon,planning,147,-0.25946435,0.0,0.0,1.0,10.714374
1,A_recon,planning,148,-0.2527841,0.0,0.0,1.0,2.7982297
1,A_recon,planning,149,-0.15478416,0.0,0.0,1.0,3.6186996
1,A_recon,planning,150,-0.27516904,0.0,0.0,1.0,5.809438
1,A_recon,planning,151,-0.5428482,0.0,0.0,0.0,20.164299
1,A_recon,planning,152,-0.20861334,0.0,0.0,1.0,3.3064442
1,A_recon,planning,153,-0.3051242,0.0,0.0,1.0,10.295648
1,A_recon,planning,154,-0.40011322,0.0,0.0,1.0,11.136965
1,A_recon,planning,155,-0.30548415,0.0,0.0,1.0,5.063713
1,A_recon,planning,156,-0.23908915,0.0,0.0,1.0,3.1866224
1,A_recon,planning,157,-0.31797025,0.0,0.0,1.0,12.305574
1,A_recon,planning,158,-0.35327712,0.0,0.0,1.0,5.773175
1,A_recon,planning,159,-0.15645254,0.0,0.0,1.0,5.0556865
1,A_recon,planning,160,-0.3379385,0.0,0.0,0.0,14.564413
1,A_recon,planning,161,-0.4418653,0.0,0.0,0.0,15.56398
1,A_recon,planning,162,-0.36683434,0.0,0.0,1.0,10.371028
1,A_recon,planning,163,-0.31712338,0.0,0.0,1.0,7.966137
1,A_recon,planning,164,-0.2766211,0.0,0.0,1.0,11.827855
1,A_recon,planning,165,-0.42493087,0.0,0.0,0.0,17.36357
1,A_recon,planning,166,-0.429249,0.0,0.0,1.0,12.617974
1,A_recon,planning,167,-0.6063296,0.0,0.0,0.0,17.525633
1,A_recon,planning,168,-0.3615814,0.0,0.0,1.0,13.244281
1,A_recon,planning,169,-0.368833,0.0,0.0,1.0,12.050101
1,A_recon,planning,170,0.019183028,0.0,0.15555555555555556,1.0,2.550418
1,A_recon,planning,171,-0.38387147,0.0,0.0,1.0,4.7528543
1,A_recon,planning,172,-0.15220787,0.0,0.0,1.0,3.0790224
1,A_recon,planning,173,-0.18732384,0.0,0.0,1.0,5.656571
1,A_recon,planning,174,-0.3349475,0.0,0.0,1.0,4.9623446
1,A_recon,planning,175,-0.20316459,0.0,0.0,1.0,4.1766615
1,A_recon,planning,176,-0.72886884,0.0,0.0,0.0,25.139849
1,A_recon,planning,177,-0.108251825,1.0,0.24444444444444444,1.0,0.09089252
1,A_recon,planning,178,-0.4318857,0.0,0.0,0.0,12.109499
1,A_recon,planning,179,-0.26944885,0.0,0.0,1.0,5.403373
1,A_recon,planning,180,-0.52201504,0.0,0.0,0.0,15.477598
1,A_recon,planning,181,-0.39341897,0.0,0.0,1.0,12.767303
1,A_recon,planning,182,-0.23103413,0.0,0.0,1.0,6.3756123
1,A_recon,planning,183,-0.5880464,0.0,0.0,1.0,21.02522
1,A_recon,planning,184,-0.3261392,0.0,0.0,1.0,13.707854
1,A_recon,planning,185,-0.2963916,0.0,0.0,1.0,7.155447
1,A_recon,planning,186,-0.38088617,0.0,0.0,1.0,5.4371123
1,A_recon,planning,187,-0.37735647,0.0,0.0,1.0,9.649446
1,A_recon,planning,188,-0.6814453,0.0,0.0,0.0,17.047457
1,A_recon,planning,189,-0.3458338,0.0,0.0,1.0,7.9056935
1,A_recon,planning,190,-0.066369906,0.0,0.0,1.0,4.4271436
1,A_recon,planning,191,-0.26086184,0.0,0.0,1.0,9.962578
1,A_recon,planning,192,-0.29075497,0.0,0.0,0.0,9.140473
1,A_recon,planning,193,-0.27513844,0.0,0.0,1.0,7.0663304
1,A_recon,planning,194,-0.13349105,0.0,0.0,1.0,9.040131
1,A_recon,planning,195,-0.19103445,0.0,0.0,1.0,6.60097
1,A_recon,planning,196,-0.2677298,0.0,0.0,1.0,9.691853
1,A_recon,planning,197,-0.22324517,0.0,0.0,1.0,4.5541725
1,A_recon,planning,198,-0.30462775,0.0,0.0,1.0,9.89816
1,A_recon,planning,199,-0.47878808,0.0,0.0,0.0,15.341967
1,B_task,planning,0,-0.47564217,0.0,0.0,0.0,12.263636
1,B_task,planning,1,-0.3357609,0.0,0.0,1.0,6.149538
1,B_task,planning,2,-0.61676633,0.0,0.0,0.0,19.318022
1,B_task,planning,3,-0.77170235,0.0,0.0,0.0,24.394382
1,B_task,planning,4,-0.5252242,0.0,0.0,1.0,17.737055
1,B_task,planning,5,-0.59634316,0.0,0.0,0.0,18.323734
1,B_task,planning,6,-0.24918836,0.0,0.0,1.0,9.286086
1,B_task,planning,7,-0.7002027,0.0,0.0,0.0,20.405909
1,B_task,planning,8,-0.3892549,0.0,0.0,1.0,8.369023
1,B_task,planning,9,0.11124453,0.0,0.35555555555555557,1.0,3.9299667
1,B_task,planning,10,-0.6596595,0.0,0.0,0.0,24.259808
1,B_task,planning,11,-0.5844136,0.0,0.0,0.0,23.9935
1,B_task,planning,12,-0.49021712,0.0,0.0,0.0,14.876619
1,B_task,planning,13,-0.30099928,0.0,0.0,1.0,7.7959776
1,B_task,planning,14,-0.17170107,0.0,0.0,1.0,4.2722435
1,B_task,planning,15,-0.51925474,0.0,0.0,1.0,7.7712917
1,B_task,planning,16,-0.5183221,0.0,0.0,1.0,16.92346
1,B_task,planning,17,-0.081341736,0.0,0.0,1.0,4.1450334
1,B_task,planning,18,-0.42939687,0.0,0.0,0.0,13.255862
1,B_task,planning,19,-0.6702595,0.0,0.0,1.0,20.223518
1,B_task,planning,20,-0.62951434,0.0,0.0,0.0,19.668097
1,B_task,planning,21,-0.3151418,0.0,0.0,1.0,11.951651
1,B_task,planning,22,-0.3019623,0.0,0.0,1.0,6.851693
1,B_task,planning,23,-0.1682719,0.0,0.0,1.0,5.7660494
1,B_task,planning,24,-0.38753346,0.0,0.0,0.0,11.791226
1,B_task,planning,25,-0.27802646,0.0,0.0,0.0,8.299621
1,B_task,planning,26,-0.5803514,0.0,0.0,0.0,18.203667
1,B_task,planning,27,-0.21371517,0.0,0.0,1.0,6.9651823
1,B_task,planning,28,-0.28998834,0.0,0.0,1.0,4.102048
1,B_task,planning,29,-0.5340061,0.0,0.0,0.0,14.146148
1,B_task,planning,30,-0.6791601,0.0,0.0,0.0,25.983706
1,B_task,planning,31,-0.48017886,0.0,0.0,0.0,16.452211
1,B_task,planning,32,-0.63271046,0.0,0.0,0.0,23.222317
1,B_task,planning,33,-0.74302596,0.0,0.0,0.0,23.860384
1,B_task,planning,34,-0.8938,0.0,0.0,0.0,28.416363
1,B_task,planning,35,-0.50999385,0.0,0.0,0.0,15.8924
1,B_task,planning,36,-0.20186841,0.0,0.0,1.0,9.152462
1,B_task,planning,37,-0.250178,0.0,0.044444444444444446,0.0,15.154101
1,B_task,planning,38,-0.6064747,0.0,0.0,0.0,19.122534
1,B_task,planning,39,-0.57978976,0.0,0.0,0.0,15.857802
1,B_task,planning,40,-0.8180241,0.0,0.0,0.0,27.760593
1,B_task,planning,41,-0.54480577,0.0,0.0,0.0,21.90896
1,B_task,planning,42,-0.5476034,0.0,0.0,0.0,21.072588
1,B_task,planning,43,-0.39950472,0.0,0.0,0.0,13.094333
1,B_task,planning,44,-0.23780696,0.0,0.0,1.0,6.298507
1,B_task,planning,45,-0.3155655,0.0,0.0,1.0,11.810538
1,B_task,planning,46,-0.10211189,1.0,0.1111111111111111,1.0,0.81327826
1,B_task,planning,47,-0.410351,0.0,0.0,1.0,15.970622
1,B_task,planning,48,-0.55982685,0.0,0.0,0.0,21.003656
1,B_task,planning,49,-0.26325965,0.0,0.0,1.0,10.672357
1,B_task,planning,50,-0.54493326,0.0,0.0,1.0,11.93226
1,B_task,planning,51,-0.6972981,0.0,0.0,1.0,21.332014
1,B_task,planning,52,-0.40603304,0.0,0.0,0.0,17.850761
1,B_task,planning,53,-0.37645593,0.0,0.0,1.0,12.684739
1,B_task,planning,54,-0.22169048,0.0,0.0,1.0,5.276499
1,B_task,planning,55,-0.45501822,0.0,0.0,1.0,15.771729
1,B_task,planning,56,-0.5097746,0.0,0.0,0.0,15.242692
1,B_task,planning,57,-0.28313714,0.0,0.0,1.0,6.048294
1,B_task,planning,58,-0.35211456,0.0,0.0,0.0,11.88268
1,B_task,planning,59,-0.26444644,0.0,0.0,1.0,6.5888443
1,B_task,planning,60,0.0754766,1.0,0.24444444444444444,1.0,1.127504
1,B_task,planning,61,-0.46037716,0.0,0.0,0.0,12.6049795
1,B_task,planning,62,-0.68600535,0.0,0.0,0.0,21.131243
1,B_task,planning,63,-0.48844722,0.0,0.0,0.0,14.595757
1,B_task,planning,64,-0.23380756,0.0,0.0,1.0,5.851252
1,B_task,planning,65,-0.18763211,0.0,0.0,1.0,5.096469
1,B_task,planning,66,-0.22459787,0.0,0.0,1.0,6.952699
1,B_task,planning,67,-0.32374138,0.0,0.0,0.0,11.112218
1,B_task,planning,68,-0.23354441,0.0,0.0,0.0,11.913881
1,B_task,planning,69,-0.33727077,0.0,0.0,0.0,15.929545
1,B_task,planning,70,-0.28914866,0.0,0.0,1.0,9.012309
1,B_task,planning,71,-0.5691091,0.0,0.0,0.0,18.516123
1,B_task,planning,72,-0.74365014,0.0,0.0,0.0,22.16541
1,B_task,planning,73,-0.3091568,0.0,0.0,1.0,13.631045
1,B_task,planning,74,-0.7472317,0.0,0.0,0.0,23.24198
1,B_task,planning,75,-0.6703421,0.0,0.0,0.0,19.091301
1,B_task,planning,76,-0.6829234,0.0,0.0,0.0,23.400398
1,B_task,planning,77,-0.36210564,0.0,0.0,0.0,12.15239
1,B_task,planning,78,-0.20128495,0.0,0.0,1.0,9.000841
1,B_task,planning,79,-0.3886798,0.0,0.0,1.0,13.233613
1,B_task,planning,80,-0.16999118,0.0,0.0,1.0,8.677485
1,B_task,planning,81,-0.4146813,0.0,0.0,1.0,14.405381
1,B_task,planning,82,-0.4561921,0.0,0.0,0.0,12.606294
1,B_task,planning,83,-0.33317158,0.0,0.0,0.0,14.189998
1,B_task,planning,84,-0.48763677,0.0,0.0,0.0,21.292433
1,B_task,planning,85,-0.515948,0.0,0.0,0.0,16.424358
1,B_task,planning,86,-0.50895005,0.0,0.0,0.0,15.645715
1,B_task,planning,87,-0.72011983,0.0,0.0,0.0,20.635857
1,B_task,planning,88,-0.3955101,0.0,0.0,1.0,16.888393
1,B_task,planning,89,-0.36891243,0.0,0.0,0.0,10.913263
1,B_task,planning,90,-0.44393438,0.0,0.0,0.0,17.296274
1,B_task,planning,91,-0.37259713,0.0,0.0,1.0,10.022293
1,B_task,planning,92,-0.9761149,0.0,0.0,0.0,29.413174
1,B_task,planning,93,0.039199274,0.0,0.24444444444444444,1.0,3.1712708
1,B_task,planning,94,-0.3976031,0.0,0.0,1.0,14.584747
1,B_task,planning,95,-0.22130162,0.0,0.0,1.0,8.715566
1,B_task,planning,96,-0.3006806,0.0,0.0,1.0,9.192876
1,B_task,planning,97,-0.005389898,0.0,0.15555555555555556,1.0,1.665728
1,B_task,planning,98,-0.30713922,0.0,0.0,1.0,6.621595
1,B_task,planning,99,-0.56524724,0.0,0.0,0.0,15.465736
1,B_task,planning,100,-0.3004605,0.0,0.0,0.0,12.820113
1,B_task,planning,101,-0.23239842,0.0,0.0,1.0,6.4773283
1,B_task,planning,102,-0.3041323,0.0,0.0,1.0,5.3302746
1,B_task,planning,103,-0.3189285,0.0,0.0,1.0,16.252836
1,B_task,planning,104,-0.48433623,0.0,0.0,0.0,21.240528
1,B_task,planning,105,-0.40737724,0.0,0.0,0.0,8.617449
1,B_task,planning,106,-0.38602838,0.0,0.0,0.0,15.028417
1,B_task,planning,107,-0.46159244,0.0,0.0,0.0,14.862733
1,B_task,planning,108,-0.44999367,0.0,0.0,0.0,14.699503
1,B_task,planning,109,-0.19257683,0.0,0.0,1.0,6.2775702
1,B_task,planning,110,-0.3444565,0.0,0.0,1.0,5.764733
1,B_task,planning,111,-0.4496466,0.0,0.0,0.0,16.940678
1,B_task,planning,112,-0.05344504,0.0,0.0,1.0,3.488584
1,B_task,planning,113,-0.08394453,0.0,0.0,1.0,4.34056
1,B_task,planning,114,-0.46234483,0.0,0.0,1.0,8.791877
1,B_task,planning,115,-0.36842066,0.0,0.0,1.0,9.905454
1,B_task,planning,116,-0.47182345,0.0,0.0,1.0,18.460287
1,B_task,planning,117,-0.63616246,0.0,0.0,0.0,14.527373
1,B_task,planning,118,0.05637073,0.0,0.0,1.0,2.8951995
1,B_task,planning,119,-0.30839732,0.0,0.0,1.0,7.7268457
1,B_task,planning,120,-0.44835615,0.0,0.0,1.0,15.519193
1,B_task,planning,121,-0.5663073,0.0,0.0,1.0,17.5234
1,B_task,planning,122,-0.3405722,0.0,0.0,1.0,3.5720117
1,B_task,planning,123,-0.22596495,0.0,0.0,1.0,4.8119206
1,B_task,planning,124,-0.39191976,0.0,0.0,0.0,10.484506
1,B_task,planning,125,-0.4713717,0.0,0.0,0.0,18.519228
1,B_task,planning,126,-0.38247487,0.0,0.0,1.0,13.28624
1,B_task,planning,127,-0.49523476,0.0,0.0,1.0,13.766803
1,B_task,planning,128,-0.23959371,0.0,0.0,1.0,8.368682
1,B_task,planning,129,-0.4865885,0.0,0.0,1.0,17.278822
1,B_task,planning,130,-0.5462576,0.0,0.0,0.0,20.32628
1,B_task,planning,131,-0.45890892,0.0,0.0,1.0,14.438427
1,B_task,planning,132,-0.16755588,0.0,0.0,1.0,5.520688
1,B_task,planning,133,-0.29491156,0.0,0.0,1.0,5.3323727
1,B_task,planning,134,-0.33424446,0.0,0.0,1.0,11.004671
1,B_task,planning,135,-0.53708756,0.0,0.0,0.0,14.184078
1,B_task,planning,136,-0.4145839,0.0,0.0,1.0,12.173283
1,B_task,planning,137,-0.5041816,0.0,0.0,1.0,17.229616
1,B_task,planning,138,-0.3753052,0.0,0.0,1.0,5.579168
1,B_task,planning,139,-0.29388863,0.0,0.0,1.0,13.117885
1,B_task,planning,140,-0.30375487,0.0,0.0,1.0,4.701257
1,B_task,planning,141,-0.62131274,0.0,0.0,0.0,24.968815
1,B_task,planning,142,-0.51437634,0.0,0.0,0.0,11.549143
1,B_task,planning,143,-0.43842858,0.0,0.0,1.0,13.703833
1,B_task,planning,144,-0.22738253,0.0,0.0,1.0,9.613499
1,B_task,planning,145,-0.54671806,0.0,0.0,1.0,18.24457
1,B_task,planning,146,-0.29653558,0.0,0.0,1.0,7.5239053
1,B_task,planning,147,-0.33440626,0.0,0.0,1.0,12.086259
1,B_task,planning,148,-0.46008393,0.0,0.0,1.0,12.750845
1,B_task,planning,149,-0.09253604,0.0,0.0,1.0,3.045668
1,B_task,planning,150,-0.39120272,0.0,0.0,1.0,5.698906
1,B_task,planning,151,-0.53073597,0.0,0.0,0.0,19.553299
1,B_task,planning,152,-0.30701375,0.0,0.0,1.0,8.837099
1,B_task,planning,153,-0.29868665,0.0,0.0,1.0,7.367491
1,B_task,planning,154,-0.447383,0.0,0.0,0.0,12.568909
1,B_task,planning,155,-0.45862067,0.0,0.0,0.0,11.440826
1,B_task,planning,156,-0.55832344,0.0,0.0,0.0,18.285725
1,B_task,planning,157,-0.4343535,0.0,0.0,1.0,19.043884
1,B_task,planning,158,-0.54464465,0.0,0.0,0.0,16.58063
1,B_task,planning,159,-0.3517505,0.0,0.0,1.0,11.091241
1,B_task,planning,160,-0.27683988,0.0,0.0,0.0,7.534417
1,B_task,planning,161,-0.4596465,0.0,0.0,0.0,15.588287
1,B_task,planning,162,-0.41667634,0.0,0.0,0.0,14.51419
1,B_task,planning,163,-0.4017833,0.0,0.0,1.0,11.9732895
1,B_task,planning,164,-0.17803413,0.0,0.0,1.0,3.0037591
1,B_task,planning,165,-0.39082778,0.0,0.0,0.0,15.485793
1,B_task,planning,166,-0.54436886,0.0,0.0,1.0,19.310692
1,B_task,planning,167,-0.65056205,0.0,0.0,0.0,17.93268
1,B_task,planning,168,-0.4168315,0.0,0.0,1.0,14.761475
1,B_task,planning,169,-0.37766144,0.0,0.0,1.0,12.363064
1,B_task,planning,170,-0.07982151,0.0,0.08888888888888889,1.0,5.0391803
1,B_task,planning,171,-0.638436,0.0,0.0,1.0,21.815224
1,B_task,planning,172,-0.1726283,0.0,0.0,1.0,6.5387726
1,B_task,planning,173,-0.4119965,0.0,0.0,0.0,20.077375
1,B_task,planning,174,-0.6560812,0.0,0.0,0.0,23.261414
1,B_task,planning,175,-0.5234116,0.0,0.0,0.0,15.805574
1,B_task,planning,176,-0.7903569,0.0,0.0,0.0,23.212448
1,B_task,planning,177,-0.7584799,0.0,0.0,0.0,27.260118
1,B_task,planning,178,-0.4608085,0.0,0.0,0.0,11.781278
1,B_task,planning,179,-0.3577384,0.0,0.0,1.0,9.165554
1,B_task,planning,180,-0.61845315,0.0,0.0,0.0,21.633486
1,B_task,planning,181,-0.47702616,0.0,0.0,1.0,21.26703
1,B_task,planning,182,-0.32243133,0.0,0.0,0.0,14.464607
1,B_task,planning,183,-0.6466321,0.0,0.0,1.0,24.946115
1,B_task,planning,184,-0.33848727,0.0,0.0,1.0,10.80352
1,B_task,planning,185,-0.4067433,0.0,0.0,0.0,13.211437
1,B_task,planning,186,-0.4949865,0.0,0.0,1.0,15.128054
1,B_task,planning,187,-0.57133687,0.0,0.0,0.0,17.352676
1,B_task,planning,188,-0.67348605,0.0,0.0,0.0,17.367813
1,B_task,planning,189,-0.65184283,0.0,0.0,0.0,25.535353
1,B_task,planning,190,-0.17661476,0.0,0.0,1.0,8.0773325
1,B_task,planning,191,-0.30201623,0.0,0.0,1.0,12.432662
1,B_task,planning,192,-0.28188577,0.0,0.0,0.0,6.654012
1,B_task,planning,193,-0.3779107,0.0,0.0,0.0,11.32633
1,B_task,planning,194,-0.050477996,0.0,0.0,1.0,4.989455
1,B_task,planning,195,-0.15991029,0.0,0.0,1.0,8.024122
1,B_task,planning,196,-0.35311028,0.0,0.0,1.0,12.901269
1,B_task,planning,197,-0.2737473,0.0,0.0,1.0,5.8842983
1,B_task,planning,198,-0.4053711,0.0,0.0,1.0,15.096407
1,B_task,planning,199,-0.68905455,0.0,0.0,0.0,25.713434
1,C_scene,planning,0,-0.31236565,0.0,0.0,1.0,6.391353
1,C_scene,planning,1,-0.13379665,0.0,0.0,1.0,2.098716
1,C_scene,planning,2,-0.6098847,0.0,0.0,0.0,20.465647
1,C_scene,planning,3,-0.50795645,0.0,0.0,1.0,10.82061
1,C_scene,planning,4,-0.45337448,0.0,0.0,1.0,12.895224
1,C_scene,planning,5,-0.6458614,0.0,0.0,0.0,21.342232
1,C_scene,planning,6,-0.19966315,0.0,0.0,0.0,8.515344
1,C_scene,planning,7,-0.5219768,0.0,0.0,0.0,11.487361
1,C_scene,planning,8,-0.33000818,0.0,0.0,0.0,9.74342
1,C_scene,planning,9,0.22358167,1.0,0.6,1.0,0.8405699
1,C_scene,planning,10,-0.546946,0.0,0.0,1.0,18.49521
1,C_scene,planning,11,-0.3872166,0.0,0.0,0.0,11.117573
1,C_scene,planning,12,-0.33185667,0.0,0.0,1.0,6.623907
1,C_scene,planning,13,-0.23975657,0.0,0.0,1.0,5.637144
1,C_scene,planning,14,-0.21211216,0.0,0.0,1.0,8.771173
1,C_scene,planning,15,-0.58929837,0.0,0.0,0.0,13.209102
1,C_scene,planning,16,-0.43265867,0.0,0.0,1.0,15.007579
1,C_scene,planning,17,-0.25518268,0.0,0.0,1.0,8.459195
1,C_scene,planning,18,-0.3007025,0.0,0.0,1.0,6.5366015
1,C_scene,planning,19,-0.661529,0.0,0.0,1.0,21.490742
1,C_scene,planning,20,-0.46836042,0.0,0.0,0.0,14.254194
1,C_scene,planning,21,-0.08080698,0.0,0.0,1.0,2.912607
1,C_scene,planning,22,0.047181204,0.0,0.4,1.0,1.6041548
1,C_scene,planning,23,0.075694665,0.0,0.26666666666666666,1.0,2.0862665
1,C_scene,planning,24,-0.2878573,0.0,0.0,1.0,6.95267
1,C_scene,planning,25,-0.25723007,0.0,0.0,1.0,5.067491
1,C_scene,planning,26,-0.45825908,0.0,0.0,1.0,7.9217377
1,C_scene,planning,27,-0.088148735,0.0,0.0,1.0,5.735232
1,C_scene,planning,28,-0.35629022,0.0,0.0,1.0,9.202586
1,C_scene,planning,29,-0.50788397,0.0,0.0,0.0,14.781035
1,C_scene,planning,30,-0.64876574,0.0,0.0,0.0,25.330149
1,C_scene,planning,31,-0.39243174,0.0,0.0,1.0,12.247607
1,C_scene,planning,32,-0.29084596,0.0,0.0,1.0,5.834922
1,C_scene,planning,33,-0.7575859,0.0,0.0,0.0,25.635612
1,C_scene,planning,34,-0.71210605,0.0,0.0,0.0,15.384249
1,C_scene,planning,35,-0.45271018,0.0,0.0,0.0,12.9276
1,C_scene,planning,36,-0.22705781,0.0,0.0,1.0,8.552845
1,C_scene,planning,37,-0.17288063,0.0,0.0,1.0,8.383478
1,C_scene,planning,38,-0.389283,0.0,0.0,1.0,7.0366373
1,C_scene,planning,39,-0.31615236,0.0,0.0,1.0,7.27123
1,C_scene,planning,40,-0.61305916,0.0,0.0,1.0,16.34324
1,C_scene,planning,41,-0.37750497,0.0,0.0,0.0,10.874765
1,C_scene,planning,42,-0.45503357,0.0,0.0,0.0,15.78769
1,C_scene,planning,43,-0.27213943,0.0,0.0,1.0,7.2443466
1,C_scene,planning,44,-0.3140673,0.0,0.0,1.0,10.595133
1,C_scene,planning,45,-0.2868112,0.0,0.0,1.0,8.420992
1,C_scene,planning,46,-0.1538601,0.0,0.0,1.0,6.0358486
1,C_scene,planning,47,-0.31522352,0.0,0.0,1.0,12.488434
1,C_scene,planning,48,-0.40500915,0.0,0.0,0.0,8.985453
1,C_scene,planning,49,-0.19774893,0.0,0.0,1.0,6.111616
1,C_scene,planning,50,-0.43770418,0.0,0.0,0.0,10.166875
1,C_scene,planning,51,-0.6601094,0.0,0.0,1.0,21.625252
1,C_scene,planning,52,-0.3225379,0.0,0.0,1.0,12.031106
1,C_scene,planning,53,-0.29065752,0.0,0.0,1.0,7.387404
1,C_scene,planning,54,-0.1076296,0.0,0.0,1.0,5.4767804
1,C_scene,planning,55,-0.46973538,0.0,0.0,1.0,17.950699
1,C_scene,planning,56,-0.40276715,0.0,0.0,0.0,13.724964
1,C_scene,planning,57,-0.32214138,0.0,0.0,1.0,10.69079
1,C_scene,planning,58,-0.33039907,0.0,0.0,0.0,9.126001
1,C_scene,planning,59,-0.33847788,0.0,0.0,1.0,9.551612
1,C_scene,planning,60,-0.066540875,0.0,0.0,1.0,1.9716387
1,C_scene,planning,61,-0.30137303,0.0,0.0,1.0,3.602612
1,C_scene,planning,62,-0.6053093,0.0,0.0,0.0,16.11461
1,C_scene,planning,63,-0.36200404,0.0,0.0,0.0,9.74496
1,C_scene,planning,64,-0.10979725,0.0,0.15555555555555556,1.0,3.2776191
1,C_scene,planning,65,0.14497958,0.0,0.4222222222222222,1.0,2.0705726
1,C_scene,planning,66,-0.293453,0.0,0.0,1.0,9.737813
1,C_scene,planning,67,-0.2711759,0.0,0.0,1.0,8.495857
1,C_scene,planning,68,-0.22291073,0.0,0.0,1.0,8.129165
1,C_scene,planning,69,-0.24645302,0.0,0.0,0.0,9.866992
1,C_scene,planning,70,-0.24418245,0.0,0.0,1.0,5.7912803
1,C_scene,planning,71,-0.3931232,0.0,0.0,0.0,9.394642
1,C_scene,planning,72,-0.7199892,0.0,0.0,0.0,21.527044
1,C_scene,planning,73,-0.106261574,0.0,0.0,1.0,4.2031455
1,C_scene,planning,74,-0.5469704,0.0,0.0,1.0,12.969182
1,C_scene,planning,75,-0.6921577,0.0,0.0,0.0,23.760206
1,C_scene,planning,76,-0.44832623,0.0,0.0,0.0,12.184139
1,C_scene,planning,77,-0.4397585,0.0,0.0,0.0,11.6353445
1,C_scene,planning,78,-0.108375795,0.0,0.0,1.0,2.6308312
1,C_scene,planning,79,-0.35027286,0.0,0.0,1.0,8.798858
1,C_scene,planning,80,-0.10868075,0.0,0.0,1.0,6.196762
1,C_scene,planning,81,-0.39089987,0.0,0.0,1.0,12.603711
1,C_scene,planning,82,-0.30827072,0.0,0.0,1.0,6.9027104
1,C_scene,planning,83,-0.23469058,0.0,0.0,1.0,2.4868057
1,C_scene,planning,84,-0.4632763,0.0,0.0,0.0,15.153887
1,C_scene,planning,85,-0.36223754,0.0,0.0,0.0,11.065558
1,C_scene,planning,86,-0.33991197,0.0,0.0,1.0,6.3574734
1,C_scene,planning,87,-0.6014201,0.0,0.0,0.0,16.688528
1,C_scene,planning,88,-0.2432398,0.0,0.0,1.0,5.5828247
1,C_scene,planning,89,-0.36734703,0.0,0.0,0.0,13.058293
1,C_scene,planning,90,-0.40032852,0.0,0.0,0.0,14.655251
1,C_scene,planning,91,-0.3506134,0.0,0.0,0.0,11.042326
1,C_scene,planning,92,-0.8710419,0.0,0.0,0.0,25.917105
1,C_scene,planning,93,-0.2359531,0.0,0.0,1.0,8.626389
1,C_scene,planning,94,-0.382027,0.0,0.0,1.0,13.3729315
1,C_scene,planning,95,-0.27089006,0.0,0.0,1.0,14.8203335
1,C_scene,planning,96,-0.24984953,0.0,0.0,1.0,8.213184
1,C_scene,planning,97,-0.167979,0.0,0.0,1.0,4.674778
1,C_scene,planning,98,-0.36618,0.0,0.0,1.0,10.596528
1,C_scene,planning,99,-0.49423578,0.0,0.0,0.0,14.873225
1,C_scene,planning,100,-0.26633474,0.0,0.0,0.0,11.639539
1,C_scene,planning,101,-0.03285789,1.0,0.2222222222222222,1.0,1.048596
1,C_scene,planning,102,-0.3899781,0.0,0.0,1.0,6.4282866
1,C_scene,planning,103,-0.18985398,0.0,0.0,1.0,5.43907
1,C_scene,planning,104,-0.47486132,0.0,0.0,0.0,18.815739
1,C_scene,planning,105,-0.5000771,0.0,0.0,0.0,14.569727
1,C_scene,planning,106,-0.24272984,0.0,0.0,1.0,7.802751
1,C_scene,planning,107,-0.37534523,0.0,0.0,1.0,11.023647
1,C_scene,planning,108,-0.43019086,0.0,0.0,0.0,15.5858
1,C_scene,planning,109,-0.13837567,0.0,0.0,1.0,4.0381064
1,C_scene,planning,110,-0.36749446,0.0,0.0,1.0,9.091581
1,C_scene,planning,111,-0.15464397,0.0,0.0,1.0,3.6193528
1,C_scene,planning,112,-0.08906287,0.0,0.0,1.0,2.1275065
1,C_scene,planning,113,-0.10305704,0.0,0.0,1.0,4.433643
1,C_scene,planning,114,-0.559133,0.0,0.0,0.0,17.543034
1,C_scene,planning,115,-0.4585207,0.0,0.0,1.0,14.33919
1,C_scene,planning,116,-0.4268615,0.0,0.0,1.0,15.026333
1,C_scene,planning,117,-0.6028689,0.0,0.0,1.0,13.35018
1,C_scene,planning,118,0.08700271,1.0,0.26666666666666666,1.0,1.2502683
1,C_scene,planning,119,-0.3606502,0.0,0.0,1.0,14.2126
1,C_scene,planning,120,-0.4124274,0.0,0.0,1.0,15.630848
1,C_scene,planning,121,-0.5840158,0.0,0.0,1.0,20.075712
1,C_scene,planning,122,-0.41067746,0.0,0.0,1.0,8.207465
1,C_scene,planning,123,-0.11954991,0.0,0.0,1.0,4.673567
1,C_scene,planning,124,-0.29458472,0.0,0.0,1.0,4.2667627
1,C_scene,planning,125,-0.23789205,0.0,0.0,1.0,4.568793
1,C_scene,planning,126,-0.37329787,0.0,0.0,1.0,12.671706
1,C_scene,planning,127,-0.41893247,0.0,0.0,0.0,11.660214
1,C_scene,planning,128,-0.22024481,0.0,0.0,1.0,7.099004
1,C_scene,planning,129,-0.43143544,0.0,0.0,1.0,16.577763
1,C_scene,planning,130,-0.24191248,0.0,0.0,1.0,5.688079
1,C_scene,planning,131,-0.35414532,0.0,0.0,0.0,9.445829
1,C_scene,planning,132,-0.29677492,0.0,0.0,1.0,10.191962
1,C_scene,planning,133,-0.31834236,0.0,0.0,1.0,10.778954
1,C_scene,planning,134,-0.27169502,0.0,0.0,1.0,8.358933
1,C_scene,planning,135,-0.40290734,0.0,0.0,0.0,8.945353
1,C_scene,planning,136,-0.38982552,0.0,0.0,1.0,11.996233
1,C_scene,planning,137,-0.41080245,0.0,0.0,1.0,13.8408375
1,C_scene,planning,138,-0.5086667,0.0,0.0,1.0,15.349597
1,C_scene,planning,139,-0.27491698,0.0,0.0,1.0,10.078478
1,C_scene,planning,140,-0.31067464,0.0,0.0,1.0,7.4313135
1,C_scene,planning,141,-0.2806149,0.0,0.0,1.0,5.01901
1,C_scene,planning,142,-0.27232188,0.0,0.0,1.0,3.6394258
1,C_scene,planning,143,-0.31788117,0.0,0.0,1.0,7.756783
1,C_scene,planning,144,-0.15805325,0.0,0.0,1.0,5.3942375
1,C_scene,planning,145,-0.422082,0.0,0.0,1.0,8.074482
1,C_scene,planning,146,-0.099415734,0.0,0.0,1.0,2.886083
1,C_scene,planning,147,-0.23283714,0.0,0.0,1.0,9.306968
1,C_scene,planning,148,-0.3718364,0.0,0.0,0.0,10.700084
1,C_scene,planning,149,-0.20758048,0.0,0.0,1.0,7.059456
1,C_scene,planning,150,-0.2938878,0.0,0.0,1.0,4.9234705
1,C_scene,planning,151,-0.46355492,0.0,0.0,1.0,17.215176
1,C_scene,planning,152,-0.2255887,0.0,0.0,1.0,4.5877247
1,C_scene,planning,153,-0.22000815,0.0,0.0,1.0,4.7958546
1,C_scene,planning,154,-0.40240517,0.0,0.0,0.0,11.330273
1,C_scene,planning,155,-0.2786197,0.0,0.0,1.0,3.323371
1,C_scene,planning,156,-0.48400646,0.0,0.0,0.0,13.159661
1,C_scene,planning,157,-0.326278,0.0,0.0,1.0,10.942163
1,C_scene,planning,158,-0.40696758,0.0,0.0,0.0,10.442046
1,C_scene,planning,159,-0.1412905,0.0,0.0,1.0,3.370824
1,C_scene,planning,160,-0.25374356,0.0,0.0,0.0,8.515268
1,C_scene,planning,161,-0.38734996,0.0,0.0,0.0,11.319433
1,C_scene,planning,162,-0.2785764,0.0,0.0,1.0,5.811266
1,C_scene,planning,163,-0.3488269,0.0,0.0,1.0,9.177279
1,C_scene,planning,164,-0.19125949,0.0,0.0,1.0,5.606667
1,C_scene,planning,165,-0.3272568,0.0,0.0,0.0,12.0468445
1,C_scene,planning,166,-0.4191819,0.0,0.0,1.0,12.047764
1,C_scene,planning,167,-0.5249779,0.0,0.0,1.0,9.062381
1,C_scene,planning,168,-0.2868729,0.0,0.0,1.0,8.805056
1,C_scene,planning,169,-0.37231866,0.0,0.0,1.0,10.781115
1,C_scene,planning,170,-0.052733272,0.0,0.15555555555555556,0.0,7.6460767
1,C_scene,planning,171,-0.38449043,0.0,0.0,1.0,7.0596657
1,C_scene,planning,172,-0.16969271,0.0,0.0,1.0,6.993582
1,C_scene,planning,173,-0.28612158,0.0,0.0,1.0,10.12348
1,C_scene,planning,174,-0.5022886,0.0,0.0,0.0,15.9111395
1,C_scene,planning,175,-0.30108482,0.0,0.0,1.0,5.744984
1,C_scene,planning,176,-0.6832249,0.0,0.0,0.0,20.109798
1,C_scene,planning,177,-0.43260688,0.0,0.0,0.0,10.986159
1,C_scene,planning,178,-0.29467532,0.0,0.0,1.0,6.740203
1,C_scene,planning,179,-0.33441722,0.0,0.0,1.0,6.149337
1,C_scene,planning,180,-0.43545872,0.0,0.0,0.0,11.338982
1,C_scene,planning,181,-0.42419335,0.0,0.0,1.0,13.313107
1,C_scene,planning,182,-0.38835356,0.0,0.0,0.0,11.293903
1,C_scene,planning,183,-0.52973247,0.0,0.0,1.0,18.080463
1,C_scene,planning,184,-0.28318182,0.0,0.0,1.0,11.47001
1,C_scene,planning,185,-0.114843525,0.0,0.0,1.0,2.631475
1,C_scene,planning,186,-0.27299237,0.0,0.0,1.0,2.809443
1,C_scene,planning,187,-0.309529,0.0,0.0,1.0,7.9538765
1,C_scene,planning,188,-0.58955866,0.0,0.0,1.0,14.477518
1,C_scene,planning,189,-0.39776343,0.0,0.0,0.0,10.00303
1,C_scene,planning,190,-0.13663153,0.0,0.0,1.0,4.072972
1,C_scene,planning,191,-0.29637265,0.0,0.0,1.0,8.9957695
1,C_scene,planning,192,-0.36986834,0.0,0.0,0.0,13.00309
1,C_scene,planning,193,-0.28036746,0.0,0.0,1.0,7.9448724
1,C_scene,planning,194,-0.22039886,0.0,0.0,1.0,10.953975
1,C_scene,planning,195,-0.12363156,0.0,0.0,1.0,3.3124099
1,C_scene,planning,196,-0.21722147,0.0,0.0,1.0,4.666504
1,C_scene,planning,197,-0.38933313,0.0,0.0,0.0,14.777111
1,C_scene,planning,198,-0.31147835,0.0,0.0,1.0,8.939606
1,C_scene,planning,199,-0.37763914,0.0,0.0,0.0,11.604929
1,D_latent,planning,0,-0.22385101,0.0,0.0,1.0,2.9612334
1,D_latent,planning,1,-0.14332317,0.0,0.0,1.0,3.28113
1,D_latent,planning,2,-0.13164066,0.0,0.1111111111111111,1.0,3.4059584
1,D_latent,planning,3,-0.3475892,0.0,0.0,1.0,4.189649
1,D_latent,planning,4,-0.44932738,0.0,0.0,1.0,15.570314
1,D_latent,planning,5,-0.38962495,0.0,0.0,1.0,7.101235
1,D_latent,planning,6,-0.18526985,0.0,0.0,1.0,5.432036
1,D_latent,planning,7,-0.25208825,0.0,0.0,1.0,3.1992717
1,D_latent,planning,8,-0.17882419,0.0,0.0,1.0,2.5423768
1,D_latent,planning,9,-0.11382069,0.0,0.06666666666666667,1.0,7.2742977
1,D_latent,planning,10,-0.26723734,0.0,0.0,1.0,2.9204988
1,D_latent,planning,11,-0.039256725,1.0,0.24444444444444444,1.0,1.2668489
1,D_latent,planning,12,-0.0964194,1.0,0.044444444444444446,1.0,1.5078762
1,D_latent,planning,13,-0.23853101,0.0,0.0,1.0,6.232278
1,D_latent,planning,14,-0.18285571,0.0,0.0,1.0,7.395139
1,D_latent,planning,15,-0.22688895,1.0,0.2,1.0,0.6268752
1,D_latent,planning,16,-0.32945284,0.0,0.0,1.0,9.224769
1,D_latent,planning,17,0.05740634,1.0,0.2,1.0,0.9253431
1,D_latent,planning,18,0.018204946,1.0,0.3333333333333333,1.0,0.8076685
1,D_latent,planning,19,-0.36201778,0.0,0.0,1.0,5.11365
1,D_latent,planning,20,-0.059617206,1.0,0.37777777777777777,1.0,0.81988
1,D_latent,planning,21,-0.14779149,0.0,0.0,1.0,4.983387
1,D_latent,planning,22,0.047805782,0.0,0.3333333333333333,1.0,2.9789593
1,D_latent,planning,23,-0.1294623,0.0,0.0,1.0,3.9675465
1,D_latent,planning,24,-0.16528685,0.0,0.0,1.0,2.9442136
1,D_latent,planning,25,-0.00011228273,0.0,0.2,1.0,2.7042344
1,D_latent,planning,26,-0.28707448,0.0,0.0,1.0,4.484815
1,D_latent,planning,27,-0.08511563,0.0,0.1111111111111111,1.0,6.4091234
1,D_latent,planning,28,-0.20196055,0.0,0.08888888888888889,1.0,6.0448465
1,D_latent,planning,29,-0.14142685,0.0,0.15555555555555556,1.0,4.080599
1,D_latent,planning,30,-0.3375294,0.0,0.0,1.0,8.430012
1,D_latent,planning,31,-0.20753212,0.0,0.0,1.0,4.702587
1,D_latent,planning,32,-0.21829766,0.0,0.0,1.0,4.4390564
1,D_latent,planning,33,-0.3100907,0.0,0.0,1.0,2.3519142
1,D_latent,planning,34,-0.4411064,0.0,0.0,1.0,9.319349
1,D_latent,planning,35,-0.2301717,0.0,0.0,1.0,3.7258034
1,D_latent,planning,36,-0.15414208,0.0,0.0,1.0,7.263671
1,D_latent,planning,37,-0.22463688,0.0,0.0,0.0,11.034318
1,D_latent,planning,38,-0.27750573,0.0,0.0,1.0,3.8285468
1,D_latent,planning,39,-0.33453417,0.0,0.0,1.0,8.772174
1,D_latent,planning,40,-0.42757317,0.0,0.0,1.0,7.3438773
1,D_latent,planning,41,-0.2165689,0.0,0.0,1.0,5.993936
1,D_latent,planning,42,-0.26828808,0.0,0.0,1.0,6.247377
1,D_latent,planning,43,0.06965156,0.0,0.4222222222222222,1.0,1.9173627
1,D_latent,planning,44,-0.22590448,0.0,0.0,1.0,8.195212
1,D_latent,planning,45,0.06958513,1.0,0.3333333333333333,1.0,1.4794981
1,D_latent,planning,46,-0.16463725,0.0,0.0,1.0,5.0834584
1,D_latent,planning,47,-0.37843436,0.0,0.0,1.0,13.9758005
1,D_latent,planning,48,-0.22020817,0.0,0.0,1.0,4.442122
1,D_latent,planning,49,-0.12034885,0.0,0.0,1.0,4.6107917
1,D_latent,planning,50,-0.23965739,0.0,0.0,1.0,1.6714839
1,D_latent,planning,51,-0.29941803,0.0,0.0,1.0,3.281902
1,D_latent,planning,52,-0.25737253,0.0,0.0,1.0,8.680399
1,D_latent,planning,53,-0.30855662,0.0,0.0,1.0,9.406341
1,D_latent,planning,54,-0.19635938,0.0,0.0,1.0,7.6043897
1,D_latent,planning,55,-0.41517627,0.0,0.0,1.0,13.569289
1,D_latent,planning,56,-0.26001707,0.0,0.0,1.0,5.4427347
1,D_latent,planning,57,-0.18145138,0.0,0.0,1.0,4.8332443
1,D_latent,planning,58,-0.124203324,0.0,0.0,1.0,2.1586313
1,D_latent,planning,59,-0.0035511295,0.0,0.24444444444444444,1.0,3.9233923
1,D_latent,planning,60,-0.062302943,0.0,0.044444444444444446,1.0,3.9169679
1,D_latent,planning,61,-0.27944094,0.0,0.0,1.0,5.783853
1,D_latent,planning,62,-0.20601484,1.0,0.24444444444444444,1.0,1.4231474
1,D_latent,planning,63,0.06371934,1.0,0.4888888888888889,1.0,0.6228567
1,D_latent,planning,64,-0.3545506,0.0,0.0,1.0,11.556916
1,D_latent,planning,65,-0.20011179,0.0,0.0,1.0,5.896023
1,D_latent,planning,66,-0.13370307,0.0,0.0,1.0,1.7160262
1,D_latent,planning,67,-0.22731926,0.0,0.0,1.0,7.5980163
1,D_latent,planning,68,-0.037144817,0.0,0.0,1.0,3.4362836
1,D_latent,planning,69,-0.17123494,0.0,0.0,1.0,5.4480457
1,D_latent,planning,70,-0.25938746,0.0,0.0,1.0,6.692815
1,D_latent,planning,71,-0.010018537,1.0,0.28888888888888886,1.0,1.2739165
1,D_latent,planning,72,-0.39152598,0.0,0.0,1.0,6.058537
1,D_latent,planning,73,0.029242847,1.0,0.24444444444444444,1.0,0.8938042
1,D_latent,planning,74,-0.36864,0.0,0.0,1.0,5.6270204
1,D_latent,planning,75,-0.48685628,0.0,0.0,1.0,12.748906
1,D_latent,planning,76,-0.31017905,0.0,0.0,1.0,6.970994
1,D_latent,planning,77,-0.2291505,0.0,0.0,1.0,7.4120574
1,D_latent,planning,78,-0.060971476,0.0,0.0,1.0,3.250395
1,D_latent,planning,79,-0.27494046,0.0,0.0,1.0,9.281603
1,D_latent,planning,80,0.16978383,0.0,0.4444444444444444,1.0,2.32112
1,D_latent,planning,81,0.035706073,0.0,0.28888888888888886,1.0,3.4917428
1,D_latent,planning,82,-0.16623597,0.0,0.0,1.0,3.310911
1,D_latent,planning,83,-0.15858161,0.0,0.0,1.0,6.7698
1,D_latent,planning,84,-0.3864194,0.0,0.0,0.0,14.382129
1,D_latent,planning,85,-0.23357141,0.0,0.0,1.0,3.2692406
1,D_latent,planning,86,-0.27289742,0.0,0.0,1.0,8.778131
1,D_latent,planning,87,-0.36855677,0.0,0.0,1.0,5.554341
1,D_latent,planning,88,-0.3305216,0.0,0.0,1.0,11.343712
1,D_latent,planning,89,-0.1426847,0.0,0.0,1.0,2.8419242
1,D_latent,planning,90,-0.2749709,0.0,0.0,0.0,9.455339
1,D_latent,planning,91,-0.20135492,0.0,0.0,1.0,3.1246436
1,D_latent,planning,92,-0.6989039,0.0,0.0,1.0,16.965664
1,D_latent,planning,93,-0.17138138,0.0,0.0,1.0,7.303437
1,D_latent,planning,94,-0.1914691,0.0,0.0,1.0,3.753816
1,D_latent,planning,95,-0.20435809,0.0,0.0,1.0,7.7175536
1,D_latent,planning,96,-0.23464333,0.0,0.0,1.0,7.295236
1,D_latent,planning,97,-0.047898993,0.0,0.0,1.0,2.755518
1,D_latent,planning,98,0.0077592772,0.0,0.4222222222222222,1.0,1.5842017
1,D_latent,planning,99,-0.050305493,1.0,0.35555555555555557,1.0,0.584824
1,D_latent,planning,100,-0.2642234,0.0,0.0,0.0,9.92227
1,D_latent,planning,101,-0.14270237,0.0,0.0,1.0,3.115384
1,D_latent,planning,102,-0.10718911,0.0,0.13333333333333333,1.0,4.8405805
1,D_latent,planning,103,-0.17666146,0.0,0.0,1.0,5.51141
1,D_latent,planning,104,-0.24393204,0.0,0.0,1.0,7.4036107
1,D_latent,planning,105,-0.06646006,1.0,0.35555555555555557,1.0,1.3664324
1,D_latent,planning,106,-0.18882315,0.0,0.0,1.0,7.1260138
1,D_latent,planning,107,-0.15459535,0.0,0.0,1.0,3.2608614
1,D_latent,planning,108,-0.23784316,0.0,0.0,1.0,5.18474
1,D_latent,planning,109,-0.14539589,0.0,0.0,1.0,3.9540484
1,D_latent,planning,110,-0.21036759,0.0,0.0,1.0,4.4518733
1,D_latent,planning,111,-0.19103055,0.0,0.0,1.0,6.0416856
1,D_latent,planning,112,-0.01846707,0.0,0.13333333333333333,1.0,4.5866785
1,D_latent,planning,113,0.3713436,1.0,0.7777777777777778,1.0,0.956679
1,D_latent,planning,114,-0.25090837,0.0,0.0,1.0,2.897706
1,D_latent,planning,115,-0.00058115425,0.0,0.26666666666666666,1.0,2.2089174
1,D_latent,planning,116,-0.29170218,0.0,0.0,1.0,9.6736765
1,D_latent,planning,117,-0.3952666,0.0,0.0,1.0,2.3900783
1,D_latent,planning,118,0.02599462,0.0,0.0,1.0,5.291717
1,D_latent,planning,119,0.09414569,0.0,0.35555555555555557,1.0,1.9033504
1,D_latent,planning,120,-0.23263775,0.0,0.0,1.0,5.953972
1,D_latent,planning,121,-0.292177,0.0,0.0,1.0,3.4348893
1,D_latent,planning,122,-0.2859583,0.0,0.0,1.0,2.6305377
1,D_latent,planning,123,-0.044649377,0.0,0.0,1.0,2.4421697
1,D_latent,planning,124,-0.18642712,0.0,0.0,1.0,4.2518625
1,D_latent,planning,125,-0.26213712,0.0,0.0,1.0,6.012245
1,D_latent,planning,126,-0.20360468,0.0,0.0,1.0,5.506199
1,D_latent,planning,127,-0.27248445,0.0,0.0,1.0,4.39389
1,D_latent,planning,128,-0.21230982,0.0,0.0,1.0,7.3049974
1,D_latent,planning,129,-0.40648684,0.0,0.0,1.0,13.904762
1,D_latent,planning,130,-0.21746175,0.0,0.0,1.0,4.2330647
1,D_latent,planning,131,-0.0071189213,0.0,0.3111111111111111,1.0,1.8941084
1,D_latent,planning,132,0.02516806,0.0,0.0,1.0,2.5168576
1,D_latent,planning,133,-0.27848953,0.0,0.0,1.0,10.155556
1,D_latent,planning,134,-0.23526113,0.0,0.0,1.0,5.3851347
1,D_latent,planning,135,-0.26554215,0.0,0.0,1.0,4.0637975
1,D_latent,planning,136,-0.16801563,0.0,0.0,1.0,3.939617
1,D_latent,planning,137,-0.37474012,0.0,0.0,1.0,11.9435005
1,D_latent,planning,138,-0.20705009,0.0,0.0,1.0,2.0613914
1,D_latent,planning,139,-0.25844285,0.0,0.0,1.0,9.334424
1,D_latent,planning,140,0.011115257,0.0,0.4222222222222222,1.0,2.464044
1,D_latent,planning,141,-0.25232247,0.0,0.0,1.0,6.119278
1,D_latent,planning,142,-0.04792655,0.0,0.3111111111111111,1.0,1.7673049
1,D_latent,planning,143,-0.18200582,0.0,0.0,1.0,2.715393
1,D_latent,planning,144,-0.15901092,0.0,0.0,1.0,4.824558
1,D_latent,planning,145,-0.20904987,0.0,0.0,1.0,5.8393025
1,D_latent,planning,146,0.08696449,0.0,0.4222222222222222,1.0,2.7774587
1,D_latent,planning,147,-0.23558547,0.0,0.0,1.0,6.4523168
1,D_latent,planning,148,-0.26796055,0.0,0.0,1.0,4.6823797
1,D_latent,planning,149,-0.04217693,0.0,0.0,1.0,2.4417875
1,D_latent,planning,150,-0.19750269,0.0,0.0,1.0,3.6827903
1,D_latent,planning,151,-0.42073196,0.0,0.0,0.0,14.408057
1,D_latent,planning,152,0.029866647,0.0,0.26666666666666666,1.0,3.7991319
1,D_latent,planning,153,-0.20843886,0.0,0.0,1.0,4.338127
1,D_latent,planning,154,-0.285066,0.0,0.0,1.0,5.1658106
1,D_latent,planning,155,-0.32964805,0.0,0.0,1.0,8.450888
1,D_latent,planning,156,-0.1972578,0.0,0.0,1.0,4.344427
1,D_latent,planning,157,-0.27687788,0.0,0.0,1.0,10.17735
1,D_latent,planning,158,-0.30760548,0.0,0.0,1.0,7.096556
1,D_latent,planning,159,0.010539973,0.0,0.044444444444444446,1.0,2.5121508
1,D_latent,planning,160,-0.13041139,0.0,0.0,1.0,3.737414
1,D_latent,planning,161,-0.24754827,0.0,0.0,1.0,6.1464934
1,D_latent,planning,162,-0.09195011,0.0,0.0,1.0,3.3608
1,D_latent,planning,163,-0.2544571,0.0,0.0,1.0,4.71891
1,D_latent,planning,164,-0.12063426,0.0,0.0,1.0,2.0230432
1,D_latent,planning,165,-0.33094868,0.0,0.0,0.0,11.316784
1,D_latent,planning,166,-0.2946331,0.0,0.0,1.0,4.0110054
1,D_latent,planning,167,-0.19470023,0.0,0.17777777777777778,1.0,3.408599
1,D_latent,planning,168,-0.011339259,0.0,0.2,1.0,2.8124142
1,D_latent,planning,169,-0.35794872,0.0,0.0,1.0,11.888635
1,D_latent,planning,170,-0.14473005,0.0,0.1111111111111111,0.0,9.527771
1,D_latent,planning,171,-0.3297688,0.0,0.0,1.0,6.7884707
1,D_latent,planning,172,0.12594229,0.0,0.28888888888888886,1.0,1.6727891
1,D_latent,planning,173,-0.15588076,0.0,0.0,1.0,5.684409
1,D_latent,planning,174,-0.3252949,0.0,0.0,1.0,5.475671
1,D_latent,planning,175,0.0019348526,0.0,0.35555555555555557,1.0,1.7965933
1,D_latent,planning,176,-0.25494006,1.0,0.022222222222222223,1.0,1.4627613
1,D_latent,planning,177,-0.28508994,0.0,0.0,1.0,3.528392
1,D_latent,planning,178,-0.022568187,0.0,0.37777777777777777,1.0,1.6369392
1,D_latent,planning,179,0.094661035,0.0,0.4,1.0,1.9946692
1,D_latent,planning,180,-0.12892815,0.0,0.0,1.0,2.3695292
1,D_latent,planning,181,-0.2192324,0.0,0.0,1.0,5.4926844
1,D_latent,planning,182,-0.27916405,0.0,0.0,1.0,9.93581
1,D_latent,planning,183,-0.32665795,0.0,0.0,1.0,6.6073823
1,D_latent,planning,184,-0.17576903,0.0,0.0,1.0,5.5488205
1,D_latent,planning,185,-0.037098404,0.0,0.08888888888888889,1.0,3.5107517
1,D_latent,planning,186,-0.25132096,0.0,0.0,1.0,3.1483302
1,D_latent,planning,187,-0.01105397,1.0,0.4444444444444444,1.0,1.170075
1,D_latent,planning,188,-0.43951407,0.0,0.0,1.0,7.659579
1,D_latent,planning,189,-0.0846314,0.0,0.08888888888888889,1.0,2.8651896
1,D_latent,planning,190,-0.08018982,0.0,0.0,1.0,3.7596426
1,D_latent,planning,191,-0.23190981,0.0,0.0,1.0,8.6199465
1,D_latent,planning,192,-0.22306247,0.0,0.0,1.0,7.361014
1,D_latent,planning,193,-0.09200724,0.0,0.0,1.0,2.4085093
1,D_latent,planning,194,-0.20038119,0.0,0.0,0.0,11.5303545
1,D_latent,planning,195,-0.14380024,0.0,0.0,1.0,3.8448763
1,D_latent,planning,196,-0.105743416,0.0,0.0,1.0,2.9346154
1,D_latent,planning,197,0.009477119,1.0,0.2222222222222222,1.0,1.3100733
1,D_latent,planning,198,-0.20675276,0.0,0.0,1.0,4.471835
1,D_latent,planning,199,-0.08751533,0.0,0.044444444444444446,1.0,2.3423765
1,B_task_nopark,planning,0,-0.11204463,0.0,0.2222222222222222,1.0,2.1756585
1,B_task_nopark,planning,1,-0.13103169,0.0,0.044444444444444446,1.0,4.2359986
1,B_task_nopark,planning,2,-0.11100696,0.0,0.13333333333333333,1.0,2.2381933
1,B_task_nopark,planning,3,-0.3047109,0.0,0.0,1.0,3.4906785
1,B_task_nopark,planning,4,-0.13593566,0.0,0.0,1.0,3.8763492
1,B_task_nopark,planning,5,-0.23970217,0.0,0.1111111111111111,1.0,2.7358167
1,B_task_nopark,planning,6,-0.13308968,0.0,0.0,1.0,4.261642
1,B_task_nopark,planning,7,-0.26132265,0.0,0.0,1.0,4.0799346
1,B_task_nopark,planning,8,-0.08235283,0.0,0.13333333333333333,1.0,4.5473056
1,B_task_nopark,planning,9,-0.108343735,0.0,0.08888888888888889,1.0,8.645874
1,B_task_nopark,planning,10,-0.2409516,1.0,0.022222222222222223,1.0,1.5392238
1,B_task_nopark,planning,11,-0.043042168,0.0,0.0,1.0,2.032851
1,B_task_nopark,planning,12,-0.18899271,0.0,0.0,1.0,4.836873
1,B_task_nopark,planning,13,0.023586262,0.0,0.0,1.0,1.9140095
1,B_task_nopark,planning,14,-0.11669074,0.0,0.0,1.0,4.008008
1,B_task_nopark,planning,15,-0.262704,0.0,0.08888888888888889,1.0,3.102252
1,B_task_nopark,planning,16,-0.25887543,0.0,0.0,1.0,4.9699564
1,B_task_nopark,planning,17,-0.058203608,0.0,0.1111111111111111,1.0,4.058337
1,B_task_nopark,planning,18,-0.13161974,0.0,0.0,1.0,2.8271341
1,B_task_nopark,planning,19,-0.26451302,0.0,0.0,1.0,1.7257367
1,B_task_nopark,planning,20,-0.10622813,1.0,0.3111111111111111,1.0,1.1478852
1,B_task_nopark,planning,21,0.06958313,0.0,0.15555555555555556,1.0,1.8272647
1,B_task_nopark,planning,22,-0.067091495,0.0,0.0,1.0,3.07833
1,B_task_nopark,planning,23,0.17389604,0.0,0.28888888888888886,1.0,1.8225869
1,B_task_nopark,planning,24,-0.029748222,1.0,0.28888888888888886,1.0,0.5231341
1,B_task_nopark,planning,25,-0.1659686,0.0,0.0,1.0,3.276614
1,B_task_nopark,planning,26,-0.06321991,1.0,0.3333333333333333,1.0,0.48131752
1,B_task_nopark,planning,27,0.0447436,0.0,0.17777777777777778,1.0,1.5648098
1,B_task_nopark,planning,28,-0.25576162,0.0,0.0,1.0,8.795543
1,B_task_nopark,planning,29,-0.07263594,0.0,0.26666666666666666,1.0,2.1793547
1,B_task_nopark,planning,30,-0.2207206,0.0,0.0,1.0,2.246877
1,B_task_nopark,planning,31,-0.205466,0.0,0.0,1.0,4.7795763
1,B_task_nopark,planning,32,-0.100274295,0.0,0.15555555555555556,1.0,4.1797667
1,B_task_nopark,planning,33,-0.30926773,0.0,0.0,1.0,2.1353304
1,B_task_nopark,planning,34,-0.36953908,0.0,0.0,1.0,5.0788884
1,B_task_nopark,planning,35,-0.06302029,0.0,0.2,1.0,2.6591942
1,B_task_nopark,planning,36,0.012784117,0.0,0.0,1.0,2.4463792
1,B_task_nopark,planning,37,-0.11440667,0.0,0.0,1.0,5.5398884
1,B_task_nopark,planning,38,-0.20152198,0.0,0.0,1.0,3.1436713
1,B_task_nopark,planning,39,-0.102697656,0.0,0.2,1.0,2.377952
1,B_task_nopark,planning,40,-0.2759172,0.0,0.0,1.0,2.0592034
1,B_task_nopark,planning,41,-0.20530811,0.0,0.0,1.0,3.0483234
1,B_task_nopark,planning,42,-0.20820111,0.0,0.0,1.0,4.5754614
1,B_task_nopark,planning,43,-0.16087246,0.0,0.0,1.0,4.110322
1,B_task_nopark,planning,44,0.092931494,0.0,0.17777777777777778,1.0,2.2347429
1,B_task_nopark,planning,45,-0.12545194,0.0,0.0,1.0,4.2388453
1,B_task_nopark,planning,46,-0.08164334,0.0,0.06666666666666667,1.0,5.2402844
1,B_task_nopark,planning,47,-0.16725282,0.0,0.0,1.0,4.70175
1,B_task_nopark,planning,48,-0.18741976,1.0,0.022222222222222223,1.0,1.4355108
1,B_task_nopark,planning,49,-0.18134116,0.0,0.0,1.0,4.824319
1,B_task_nopark,planning,50,-0.34649506,0.0,0.0,1.0,3.9750166
1,B_task_nopark,planning,51,-0.28376526,0.0,0.0,1.0,3.8977416
1,B_task_nopark,planning,52,-0.18864411,0.0,0.0,1.0,4.2921724
1,B_task_nopark,planning,53,-0.10259836,0.0,0.0,1.0,2.8940997
1,B_task_nopark,planning,54,-0.20536594,0.0,0.0,1.0,7.3428874
1,B_task_nopark,planning,55,-0.036476847,1.0,0.24444444444444444,1.0,1.4061129
1,B_task_nopark,planning,56,-0.20552544,0.0,0.0,1.0,3.4085867
1,B_task_nopark,planning,57,-0.19486,0.0,0.0,1.0,5.405003
1,B_task_nopark,planning,58,-0.11531,0.0,0.0,1.0,3.380486
1,B_task_nopark,planning,59,0.06498334,1.0,0.4888888888888889,1.0,1.2501878
1,B_task_nopark,planning,60,-0.061368793,0.0,0.1111111111111111,1.0,4.406995
1,B_task_nopark,planning,61,-0.27126816,0.0,0.0,1.0,4.5061355
1,B_task_nopark,planning,62,-0.24764885,0.0,0.06666666666666667,1.0,2.581363
1,B_task_nopark,planning,63,-0.12235584,0.0,0.1111111111111111,1.0,3.7449722
1,B_task_nopark,planning,64,-0.20980334,0.0,0.0,1.0,5.283706
1,B_task_nopark,planning,65,-0.009119557,0.0,0.0,1.0,2.7966394
1,B_task_nopark,planning,66,0.082764864,1.0,0.35555555555555557,1.0,0.95840853
1,B_task_nopark,planning,67,-0.19331345,0.0,0.0,1.0,3.5489206
1,B_task_nopark,planning,68,-0.07313296,0.0,0.0,1.0,1.7933612
1,B_task_nopark,planning,69,-0.123066194,0.0,0.0,1.0,4.822339
1,B_task_nopark,planning,70,-0.06270182,0.0,0.0,1.0,4.0145297
1,B_task_nopark,planning,71,-0.20399971,0.0,0.044444444444444446,1.0,5.6827435
1,B_task_nopark,planning,72,-0.3721123,0.0,0.0,1.0,5.6876273
1,B_task_nopark,planning,73,-0.05977004,0.0,0.0,1.0,5.748026
1,B_task_nopark,planning,74,-0.22016053,0.0,0.17777777777777778,1.0,2.3874216
1,B_task_nopark,planning,75,-0.2902664,0.0,0.0,1.0,4.212648
1,B_task_nopark,planning,76,-0.12207679,0.0,0.2222222222222222,1.0,2.0403144
1,B_task_nopark,planning,77,-0.22074614,0.0,0.0,1.0,6.914481
1,B_task_nopark,planning,78,0.11864532,1.0,0.37777777777777777,1.0,1.472975
1,B_task_nopark,planning,79,-0.23604618,0.0,0.0,1.0,2.687722
1,B_task_nopark,planning,80,0.19843195,0.0,0.4666666666666667,1.0,1.748543
1,B_task_nopark,planning,81,-0.18753453,0.0,0.0,1.0,5.2609897
1,B_task_nopark,planning,82,-0.12804611,0.0,0.0,1.0,3.5432262
1,B_task_nopark,planning,83,-0.21416599,0.0,0.0,1.0,4.668881
1,B_task_nopark,planning,84,-0.18270501,0.0,0.0,1.0,3.358762
1,B_task_nopark,planning,85,-0.13231136,0.0,0.0,1.0,3.5596435
1,B_task_nopark,planning,86,-0.20098913,0.0,0.0,1.0,5.654327
1,B_task_nopark,planning,87,-0.2933229,0.0,0.0,1.0,3.0662222
1,B_task_nopark,planning,88,-0.13598657,0.0,0.0,1.0,3.077447
1,B_task_nopark,planning,89,-0.11562348,0.0,0.0,1.0,2.2145305
1,B_task_nopark,planning,90,-0.12184102,0.0,0.0,1.0,2.037468
1,B_task_nopark,planning,91,0.033241414,1.0,0.4222222222222222,1.0,1.1358507
1,B_task_nopark,planning,92,-0.4501459,0.0,0.0,1.0,3.8677006
1,B_task_nopark,planning,93,0.08116535,0.0,0.24444444444444444,1.0,3.0533788
1,B_task_nopark,planning,94,-0.18435898,0.0,0.0,1.0,4.6076126
1,B_task_nopark,planning,95,-0.0804705,0.0,0.0,1.0,3.4122949
1,B_task_nopark,planning,96,-0.19590458,0.0,0.0,1.0,5.6352253
1,B_task_nopark,planning,97,0.1599844,0.0,0.37777777777777777,1.0,2.301838
1,B_task_nopark,planning,98,0.010061557,1.0,0.4,1.0,1.4909903
1,B_task_nopark,planning,99,-0.24473071,0.0,0.0,1.0,2.606462
1,B_task_nopark,planning,100,-0.10362334,0.0,0.0,1.0,2.6952457
1,B_task_nopark,planning,101,-0.17891769,0.0,0.0,1.0,6.580533
1,B_task_nopark,planning,102,-0.21904899,0.0,0.0,1.0,5.381202
1,B_task_nopark,planning,103,0.22663036,0.0,0.4888888888888889,1.0,1.7542204
1,B_task_nopark,planning,104,-0.14298189,0.0,0.0,1.0,2.6262634
1,B_task_nopark,planning,105,-0.105526164,0.0,0.2222222222222222,1.0,2.0942938
1,B_task_nopark,planning,106,-0.03522852,0.0,0.0,1.0,3.3246024
1,B_task_nopark,planning,107,-0.25743622,0.0,0.0,1.0,4.9771104
1,B_task_nopark,planning,108,0.08779747,1.0,0.4666666666666667,1.0,0.8608026
1,B_task_nopark,planning,109,-0.013476729,0.0,0.0,1.0,2.0903718
1,B_task_nopark,planning,110,-0.16076323,0.0,0.044444444444444446,1.0,5.9289484
1,B_task_nopark,planning,111,-0.17307484,0.0,0.0,1.0,1.8922867
1,B_task_nopark,planning,112,-0.0166758,0.0,0.13333333333333333,1.0,2.8708806
1,B_task_nopark,planning,113,0.13689744,0.0,0.0,1.0,1.927157
1,B_task_nopark,planning,114,-0.34267694,0.0,0.0,1.0,5.5795693
1,B_task_nopark,planning,115,-0.10101462,0.0,0.0,1.0,2.370089
1,B_task_nopark,planning,116,-0.09056885,0.0,0.0,1.0,3.7485054
1,B_task_nopark,planning,117,-0.34882498,0.0,0.13333333333333333,1.0,1.7842833
1,B_task_nopark,planning,118,0.3696825,1.0,0.8,1.0,0.532889
1,B_task_nopark,planning,119,-0.09455781,0.0,0.0,1.0,2.3121877
1,B_task_nopark,planning,120,0.09666711,1.0,0.4444444444444444,1.0,1.1641375
1,B_task_nopark,planning,121,-0.06319678,1.0,0.26666666666666666,1.0,1.5101751
1,B_task_nopark,planning,122,-0.25341505,0.0,0.0,1.0,2.5452957
1,B_task_nopark,planning,123,-0.12752485,0.0,0.044444444444444446,1.0,3.6347342
1,B_task_nopark,planning,124,-0.078084916,1.0,0.28888888888888886,1.0,1.3906649
1,B_task_nopark,planning,125,-0.20908917,0.0,0.0,1.0,4.5630193
1,B_task_nopark,planning,126,-0.16604443,0.0,0.0,1.0,2.6901011
1,B_task_nopark,planning,127,-0.02057923,1.0,0.4,1.0,1.2208792
1,B_task_nopark,planning,128,-0.028604513,0.0,0.0,1.0,4.316723
1,B_task_nopark,planning,129,-0.012289885,0.0,0.2,1.0,2.631854
1,B_task_nopark,planning,130,-0.16416214,0.0,0.0,1.0,3.6989336
1,B_task_nopark,planning,131,-0.07857756,0.0,0.13333333333333333,1.0,3.4509068
1,B_task_nopark,planning,132,0.14438888,1.0,0.4888888888888889,1.0,1.4744729
1,B_task_nopark,planning,133,0.04839453,0.0,0.2222222222222222,1.0,2.164276
1,B_task_nopark,planning,134,0.086263955,1.0,0.37777777777777777,1.0,0.6644304
1,B_task_nopark,planning,135,-0.13974316,0.0,0.0,1.0,2.0894222
1,B_task_nopark,planning,136,-0.08940785,0.0,0.0,1.0,2.0565083
1,B_task_nopark,planning,137,-0.10720767,0.0,0.0,1.0,1.6011227
1,B_task_nopark,planning,138,-0.20423397,0.0,0.0,1.0,1.9600009
1,B_task_nopark,planning,139,0.17063165,0.0,0.35555555555555557,1.0,2.4725459
1,B_task_nopark,planning,140,-0.0054717944,1.0,0.4444444444444444,1.0,0.94211257
1,B_task_nopark,planning,141,-0.22840767,0.0,0.0,1.0,4.099094
1,B_task_nopark,planning,142,-0.26087448,0.0,0.0,1.0,5.0753775
1,B_task_nopark,planning,143,-0.11398943,0.0,0.0,1.0,2.6986852
1,B_task_nopark,planning,144,-0.077932954,0.0,0.1111111111111111,1.0,5.85636
1,B_task_nopark,planning,145,-0.18453611,0.0,0.0,1.0,4.1791472
1,B_task_nopark,planning,146,-0.0015516357,0.0,0.2222222222222222,1.0,1.7270193
1,B_task_nopark,planning,147,-0.1602085,0.0,0.0,1.0,4.1178226
1,B_task_nopark,planning,148,-0.24461219,0.0,0.0,1.0,3.1346729
1,B_task_nopark,planning,149,-0.06922729,0.0,0.0,1.0,2.6322727
1,B_task_nopark,planning,150,-0.16160583,0.0,0.1111111111111111,1.0,4.009481
1,B_task_nopark,planning,151,-0.14950351,0.0,0.0,1.0,2.6135023
1,B_task_nopark,planning,152,0.061457094,0.0,0.24444444444444444,1.0,2.198076
1,B_task_nopark,planning,153,0.08112468,1.0,0.4444444444444444,1.0,1.2109807
1,B_task_nopark,planning,154,-0.098406315,0.0,0.1111111111111111,1.0,2.776669
1,B_task_nopark,planning,155,-0.19088985,0.0,0.0,1.0,3.5065331
1,B_task_nopark,planning,156,-0.12697726,0.0,0.13333333333333333,1.0,4.7556815
1,B_task_nopark,planning,157,-0.060511462,0.0,0.0,1.0,1.8044474
1,B_task_nopark,planning,158,-0.055828158,1.0,0.35555555555555557,1.0,1.4078327
1,B_task_nopark,planning,159,0.041664302,0.0,0.2,1.0,1.6850547
1,B_task_nopark,planning,160,-0.130635,0.0,0.0,1.0,3.4964514
1,B_task_nopark,planning,161,-0.23571055,0.0,0.0,1.0,4.250415
1,B_task_nopark,planning,162,-0.0030633681,1.0,0.26666666666666666,1.0,0.9683625
1,B_task_nopark,planning,163,-0.14061666,0.0,0.0,1.0,2.9398246
1,B_task_nopark,planning,164,0.07581756,0.0,0.28888888888888886,1.0,3.1910353
1,B_task_nopark,planning,165,-0.17422135,0.0,0.0,1.0,3.342448
1,B_task_nopark,planning,166,-0.09491509,0.0,0.06666666666666667,1.0,2.4806616
1,B_task_nopark,planning,167,-0.22993559,1.0,0.15555555555555556,1.0,0.7972003
1,B_task_nopark,planning,168,-0.20068932,0.0,0.0,1.0,5.594282
1,B_task_nopark,planning,169,-0.01960428,0.0,0.15555555555555556,1.0,3.976553
1,B_task_nopark,planning,170,0.052784983,1.0,0.17777777777777778,1.0,1.3066984
1,B_task_nopark,planning,171,-0.11363147,0.0,0.2,1.0,2.2558331
1,B_task_nopark,planning,172,-0.1493662,0.0,0.0,1.0,5.835217
1,B_task_nopark,planning,173,0.008922721,0.0,0.0,1.0,1.7630886
1,B_task_nopark,planning,174,-0.20993824,0.0,0.06666666666666667,1.0,3.8464534
1,B_task_nopark,planning,175,-0.21378985,0.0,0.0,1.0,5.808088
1,B_task_nopark,planning,176,-0.24423459,0.0,0.0,1.0,2.2456844
1,B_task_nopark,planning,177,-0.22469841,0.0,0.0,1.0,3.4495282
1,B_task_nopark,planning,178,-0.056640852,0.0,0.24444444444444444,1.0,2.2971706
1,B_task_nopark,planning,179,-0.11165267,0.0,0.06666666666666667,1.0,4.696455
1,B_task_nopark,planning,180,-0.061174568,0.0,0.3333333333333333,1.0,1.8062881
1,B_task_nopark,planning,181,-0.011394203,0.0,0.2,1.0,3.3034093
1,B_task_nopark,planning,182,-0.21808432,0.0,0.0,1.0,3.2119796
1,B_task_nopark,planning,183,-0.2507474,0.0,0.0,1.0,3.755836
1,B_task_nopark,planning,184,-0.070141,0.0,0.0,1.0,3.3041024
1,B_task_nopark,planning,185,0.03582194,1.0,0.37777777777777777,1.0,1.1868172
1,B_task_nopark,planning,186,-0.23626132,0.0,0.0,1.0,4.775616
1,B_task_nopark,planning,187,-0.21492054,0.0,0.0,1.0,3.5185351
1,B_task_nopark,planning,188,-0.29908845,0.0,0.044444444444444446,1.0,5.4675183
1,B_task_nopark,planning,189,-0.17961688,0.0,0.044444444444444446,1.0,4.422051
1,B_task_nopark,planning,190,0.07470905,0.0,0.0,1.0,1.8440186
1,B_task_nopark,planning,191,0.24426486,1.0,0.6,1.0,0.6266198
1,B_task_nopark,planning,192,0.10770999,1.0,0.4,1.0,1.2258513
1,B_task_nopark,planning,193,0.06481514,1.0,0.2222222222222222,1.0,1.5221133
1,B_task_nopark,planning,194,-0.07710967,0.0,0.0,1.0,3.8537724
1,B_task_nopark,planning,195,-0.08679413,0.0,0.0,1.0,3.5665393
1,B_task_nopark,planning,196,-0.025006631,0.0,0.022222222222222223,1.0,2.341496
1,B_task_nopark,planning,197,-0.083580986,0.0,0.0,1.0,4.7826076
1,B_task_nopark,planning,198,-0.0330582,0.0,0.0,1.0,2.3411176
1,B_task_nopark,planning,199,-0.208885,0.0,0.0,1.0,2.4746642
1,D_latent_nopark,planning,0,-0.108448975,0.0,0.15555555555555556,1.0,2.112485
1,D_latent_nopark,planning,1,0.016469197,0.0,0.26666666666666666,1.0,1.6334808
1,D_latent_nopark,planning,2,-0.08297383,1.0,0.08888888888888889,1.0,1.2535292
1,D_latent_nopark,planning,3,-0.1967533,0.0,0.24444444444444444,1.0,1.6612083
1,D_latent_nopark,planning,4,-0.010655944,1.0,0.35555555555555557,1.0,1.4568601
1,D_latent_nopark,planning,5,-0.18319528,0.0,0.2222222222222222,1.0,1.9183748
1,D_latent_nopark,planning,6,-0.08386083,0.0,0.0,1.0,2.06377
1,D_latent_nopark,planning,7,-0.19900595,0.0,0.1111111111111111,1.0,2.4718676
1,D_latent_nopark,planning,8,-0.07704169,1.0,0.06666666666666667,1.0,1.3452724
1,D_latent_nopark,planning,9,0.18133505,1.0,0.37777777777777777,1.0,1.5215526
1,D_latent_nopark,planning,10,-0.13787018,0.0,0.13333333333333333,1.0,3.2364664
1,D_latent_nopark,planning,11,-0.18679231,0.0,0.0,1.0,3.8901908
1,D_latent_nopark,planning,12,-0.19648811,0.0,0.0,1.0,4.8258214
1,D_latent_nopark,planning,13,0.01757431,0.0,0.15555555555555556,1.0,2.118496
1,D_latent_nopark,planning,14,-0.10355801,0.0,0.0,1.0,3.8778982
1,D_latent_nopark,planning,15,-0.19631763,0.0,0.24444444444444444,1.0,1.836573
1,D_latent_nopark,planning,16,-0.08665286,1.0,0.13333333333333333,1.0,1.3135622
1,D_latent_nopark,planning,17,-0.12059375,0.0,0.06666666666666667,1.0,6.643607
1,D_latent_nopark,planning,18,0.005142413,0.0,0.2,1.0,2.3738039
1,D_latent_nopark,planning,19,-0.18175778,0.0,0.2,1.0,1.9376092
1,D_latent_nopark,planning,20,-0.2432902,0.0,0.0,1.0,2.6239333
1,D_latent_nopark,planning,21,0.16253383,1.0,0.5777777777777777,1.0,1.056511
1,D_latent_nopark,planning,22,0.036528096,0.0,0.1111111111111111,1.0,1.7519277
1,D_latent_nopark,planning,23,-0.01095216,0.0,0.08888888888888889,1.0,3.0136652
1,D_latent_nopark,planning,24,0.018537277,0.0,0.28888888888888886,1.0,1.8358773
1,D_latent_nopark,planning,25,-0.04185057,0.0,0.0,1.0,1.6467775
1,D_latent_nopark,planning,26,-0.16072561,0.0,0.1111111111111111,1.0,3.8143487
1,D_latent_nopark,planning,27,-0.09720845,0.0,0.1111111111111111,1.0,6.5825953
1,D_latent_nopark,planning,28,-0.15987268,0.0,0.08888888888888889,1.0,1.9850706
1,D_latent_nopark,planning,29,-0.105350375,0.0,0.24444444444444444,1.0,1.7038894
1,D_latent_nopark,planning,30,-0.06359062,1.0,0.3111111111111111,1.0,1.0214891
1,D_latent_nopark,planning,31,-0.238081,0.0,0.0,1.0,7.4260254
1,D_latent_nopark,planning,32,-0.089305654,0.0,0.13333333333333333,1.0,3.2728662
1,D_latent_nopark,planning,33,-0.2113117,0.0,0.17777777777777778,1.0,2.232447
1,D_latent_nopark,planning,34,-0.24539882,0.0,0.17777777777777778,1.0,2.1177611
1,D_latent_nopark,planning,35,-0.004464111,0.0,0.28888888888888886,1.0,1.771271
1,D_latent_nopark,planning,36,0.2587792,1.0,0.6222222222222222,1.0,1.4928176
1,D_latent_nopark,planning,37,-0.009823129,1.0,0.044444444444444446,1.0,1.4976821
1,D_latent_nopark,planning,38,-0.07177501,1.0,0.4,1.0,1.2598714
1,D_latent_nopark,planning,39,-0.09410698,0.0,0.1111111111111111,1.0,2.2195795
1,D_latent_nopark,planning,40,-0.23829386,0.0,0.1111111111111111,1.0,1.9999156
1,D_latent_nopark,planning,41,-0.19590715,0.0,0.0,1.0,8.6047735
1,D_latent_nopark,planning,42,0.028530072,0.0,0.35555555555555557,1.0,1.8024173
1,D_latent_nopark,planning,43,0.12715352,1.0,0.5555555555555556,1.0,0.8414529
1,D_latent_nopark,planning,44,0.06029049,0.0,0.13333333333333333,1.0,2.1571364
1,D_latent_nopark,planning,45,0.00560196,1.0,0.08888888888888889,1.0,1.2146368
1,D_latent_nopark,planning,46,-0.07236078,0.0,0.0,1.0,3.5038438
1,D_latent_nopark,planning,47,0.082294345,1.0,0.15555555555555556,1.0,1.31592
1,D_latent_nopark,planning,48,-0.09701442,1.0,0.2222222222222222,1.0,1.0161936
1,D_latent_nopark,planning,49,-0.08588867,0.0,0.0,1.0,2.6729803
1,D_latent_nopark,planning,50,-0.18516941,0.0,0.2,1.0,1.9379557
1,D_latent_nopark,planning,51,-0.18038242,0.0,0.0,1.0,2.0041165
1,D_latent_nopark,planning,52,0.008846613,1.0,0.24444444444444444,1.0,0.7276707
1,D_latent_nopark,planning,53,0.0014281167,0.0,0.17777777777777778,1.0,2.386878
1,D_latent_nopark,planning,54,0.13523565,1.0,0.6222222222222222,1.0,0.8849553
1,D_latent_nopark,planning,55,0.021577483,0.0,0.2,1.0,2.1163461
1,D_latent_nopark,planning,56,-0.024397643,0.0,0.2222222222222222,1.0,1.7688046
1,D_latent_nopark,planning,57,-0.013619191,0.0,0.1111111111111111,1.0,2.2616236
1,D_latent_nopark,planning,58,0.015291373,0.0,0.24444444444444444,1.0,2.6620524
1,D_latent_nopark,planning,59,-0.02987465,0.0,0.17777777777777778,1.0,3.3463252
1,D_latent_nopark,planning,60,0.023543878,1.0,0.15555555555555556,1.0,1.4155641
1,D_latent_nopark,planning,61,-0.115052834,0.0,0.13333333333333333,1.0,2.952002
1,D_latent_nopark,planning,62,-0.25295967,0.0,0.1111111111111111,1.0,3.93188
1,D_latent_nopark,planning,63,-0.053508792,0.0,0.13333333333333333,1.0,2.116912
1,D_latent_nopark,planning,64,-0.23857464,0.0,0.0,1.0,5.2906475
1,D_latent_nopark,planning,65,0.18266854,0.0,0.4,1.0,1.7368846
1,D_latent_nopark,planning,66,-0.20611468,0.0,0.0,1.0,7.5664754
1,D_latent_nopark,planning,67,0.11362402,1.0,0.4666666666666667,1.0,1.1338031
1,D_latent_nopark,planning,68,0.2678555,1.0,0.6666666666666666,1.0,1.141273
1,D_latent_nopark,planning,69,-0.039209366,0.0,0.0,1.0,1.992518
1,D_latent_nopark,planning,70,0.16160233,1.0,0.5333333333333333,1.0,0.9363372
1,D_latent_nopark,planning,71,-0.057776287,0.0,0.13333333333333333,1.0,1.5825701
1,D_latent_nopark,planning,72,-0.22800906,0.0,0.13333333333333333,1.0,2.6533618
1,D_latent_nopark,planning,73,0.16342355,0.0,0.4222222222222222,1.0,1.8035333
1,D_latent_nopark,planning,74,-0.20402232,0.0,0.2,1.0,1.9394854
1,D_latent_nopark,planning,75,-0.15334901,1.0,0.24444444444444444,1.0,0.9968967
1,D_latent_nopark,planning,76,-0.08400067,1.0,0.28888888888888886,1.0,1.1418258
1,D_latent_nopark,planning,77,-0.18256405,0.0,0.0,1.0,3.3790185
1,D_latent_nopark,planning,78,0.2961426,1.0,0.7111111111111111,1.0,0.33598202
1,D_latent_nopark,planning,79,-0.1740041,0.0,0.0,1.0,3.6065211
1,D_latent_nopark,planning,80,0.19448768,1.0,0.6444444444444445,1.0,1.5187649
1,D_latent_nopark,planning,81,-0.0041357633,0.0,0.17777777777777778,1.0,2.8050616
1,D_latent_nopark,planning,82,0.10237303,1.0,0.5333333333333333,1.0,0.5031774
1,D_latent_nopark,planning,83,-0.09489271,0.0,0.0,1.0,2.9026973
1,D_latent_nopark,planning,84,0.08844794,1.0,0.4,1.0,0.7631201
1,D_latent_nopark,planning,85,-0.039488032,1.0,0.08888888888888889,1.0,1.1586977
1,D_latent_nopark,planning,86,-0.11921606,0.0,0.0,1.0,2.2397966
1,D_latent_nopark,planning,87,-0.20566836,0.0,0.17777777777777778,1.0,2.3030834
1,D_latent_nopark,planning,88,0.22424467,1.0,0.6,1.0,0.41959807
1,D_latent_nopark,planning,89,-0.0025666154,0.0,0.1111111111111111,1.0,2.234718
1,D_latent_nopark,planning,90,-0.031704143,0.0,0.0,1.0,1.7802765
1,D_latent_nopark,planning,91,-0.0014943401,0.0,0.17777777777777778,1.0,1.9818338
1,D_latent_nopark,planning,92,-0.43904647,0.0,0.0,1.0,3.857908
1,D_latent_nopark,planning,93,0.23385029,1.0,0.6444444444444445,1.0,0.952922
1,D_latent_nopark,planning,94,-0.04026451,0.0,0.15555555555555556,1.0,3.8364444
1,D_latent_nopark,planning,95,0.11095989,0.0,0.0,1.0,1.6164098
1,D_latent_nopark,planning,96,-0.06967553,0.0,0.0,1.0,3.2443902
1,D_latent_nopark,planning,97,0.097756416,1.0,0.37777777777777777,1.0,1.3494704
1,D_latent_nopark,planning,98,0.049217563,1.0,0.4666666666666667,1.0,0.69839203
1,D_latent_nopark,planning,99,-0.17430663,0.0,0.06666666666666667,1.0,3.0436375
1,D_latent_nopark,planning,100,0.23619144,0.0,0.6222222222222222,1.0,1.7023542
1,D_latent_nopark,planning,101,-0.09760274,0.0,0.0,1.0,2.5288079
1,D_latent_nopark,planning,102,-0.07173132,0.0,0.1111111111111111,1.0,2.4607766
1,D_latent_nopark,planning,103,0.3086124,1.0,0.7333333333333333,1.0,0.7519095
1,D_latent_nopark,planning,104,-0.025523959,0.0,0.13333333333333333,1.0,4.180524
1,D_latent_nopark,planning,105,-0.1284588,0.0,0.0,1.0,1.9924436
1,D_latent_nopark,planning,106,0.20133962,1.0,0.6,1.0,0.9070474
1,D_latent_nopark,planning,107,-0.06441085,0.0,0.17777777777777778,1.0,2.591791
1,D_latent_nopark,planning,108,0.039707355,1.0,0.24444444444444444,1.0,1.2988333
1,D_latent_nopark,planning,109,0.02663752,0.0,0.1111111111111111,1.0,1.573178
1,D_latent_nopark,planning,110,-0.08544241,0.0,0.13333333333333333,1.0,3.2871945
1,D_latent_nopark,planning,111,-0.100572534,0.0,0.0,1.0,3.757138
1,D_latent_nopark,planning,112,-0.0572211,0.0,0.0,1.0,2.3423777
1,D_latent_nopark,planning,113,0.26585895,1.0,0.8666666666666667,1.0,1.4625205
1,D_latent_nopark,planning,114,-0.14855444,0.0,0.24444444444444444,1.0,1.6509308
1,D_latent_nopark,planning,115,0.022692977,1.0,0.4888888888888889,1.0,0.9792186
1,D_latent_nopark,planning,116,-0.02278266,0.0,0.0,1.0,2.5856187
1,D_latent_nopark,planning,117,-0.32323432,1.0,0.17777777777777778,1.0,0.439967
1,D_latent_nopark,planning,118,0.10840911,0.0,0.17777777777777778,1.0,2.648174
1,D_latent_nopark,planning,119,0.043996304,1.0,0.24444444444444444,1.0,1.0806181
1,D_latent_nopark,planning,120,0.11835156,1.0,0.4888888888888889,1.0,0.9034542
1,D_latent_nopark,planning,121,-0.016741104,1.0,0.4222222222222222,1.0,1.3876966
1,D_latent_nopark,planning,122,-0.18140016,0.0,0.2222222222222222,1.0,2.0146265
1,D_latent_nopark,planning,123,-0.072418585,0.0,0.0,1.0,2.1235776
1,D_latent_nopark,planning,124,-0.01502165,1.0,0.4222222222222222,1.0,1.275753
1,D_latent_nopark,planning,125,0.00534944,1.0,0.37777777777777777,1.0,0.9272171
1,D_latent_nopark,planning,126,0.06450365,1.0,0.4,1.0,1.0993783
1,D_latent_nopark,planning,127,-0.073125996,0.0,0.15555555555555556,1.0,2.423778
1,D_latent_nopark,planning,128,0.18346491,0.0,0.5111111111111111,1.0,1.6188685
1,D_latent_nopark,planning,129,0.002393474,1.0,0.28888888888888886,1.0,1.3366706
1,D_latent_nopark,planning,130,0.002058251,0.0,0.17777777777777778,1.0,1.8000064
1,D_latent_nopark,planning,131,-0.09992577,0.0,0.0,1.0,2.2548985
1,D_latent_nopark,planning,132,0.2907315,1.0,0.6888888888888889,1.0,0.8849904
1,D_latent_nopark,planning,133,-0.012933434,0.0,0.0,1.0,2.3038042
1,D_latent_nopark,planning,134,0.04849351,0.0,0.2222222222222222,1.0,2.8283658
1,D_latent_nopark,planning,135,-0.13565953,0.0,0.13333333333333333,1.0,2.9132135
1,D_latent_nopark,planning,136,-0.08783353,0.0,0.0,1.0,2.4607835
1,D_latent_nopark,planning,137,0.019805288,0.0,0.37777777777777777,1.0,1.6360848
1,D_latent_nopark,planning,138,-0.079009205,0.0,0.2,1.0,2.408536
1,D_latent_nopark,planning,139,0.2641239,1.0,0.7111111111111111,1.0,1.4521874
1,D_latent_nopark,planning,140,-0.08500086,0.0,0.13333333333333333,1.0,2.0758736
1,D_latent_nopark,planning,141,-0.04609616,0.0,0.17777777777777778,1.0,2.364872
1,D_latent_nopark,planning,142,-0.026427433,1.0,0.4444444444444444,1.0,0.98605263
1,D_latent_nopark,planning,143,-0.0957556,0.0,0.0,1.0,2.5231316
1,D_latent_nopark,planning,144,-0.171281,0.0,0.0,1.0,5.756156
1,D_latent_nopark,planning,145,-0.21125297,0.0,0.0,1.0,4.2094164
1,D_latent_nopark,planning,146,0.0039107725,0.0,0.13333333333333333,1.0,2.2350717
1,D_latent_nopark,planning,147,-0.081508845,0.0,0.0,1.0,3.4271522
1,D_latent_nopark,planning,148,-0.027217224,1.0,0.4222222222222222,1.0,1.3422251
1,D_latent_nopark,planning,149,0.11417727,1.0,0.26666666666666666,1.0,1.2421921
1,D_latent_nopark,planning,150,-0.15585166,0.0,0.08888888888888889,1.0,2.5595925
1,D_latent_nopark,planning,151,-0.09195348,0.0,0.0,1.0,1.8708671
1,D_latent_nopark,planning,152,-0.06127177,0.0,0.08888888888888889,1.0,3.1060607
1,D_latent_nopark,planning,153,0.14779492,1.0,0.5555555555555556,1.0,0.48218313
1,D_latent_nopark,planning,154,-0.16395457,0.0,0.0,1.0,2.260655
1,D_latent_nopark,planning,155,-0.2578122,0.0,0.0,1.0,5.970194
1,D_latent_nopark,planning,156,0.009099698,1.0,0.4444444444444444,1.0,0.8859177
1,D_latent_nopark,planning,157,-0.036400616,0.0,0.0,1.0,2.1656394
1,D_latent_nopark,planning,158,-0.14392482,0.0,0.08888888888888889,1.0,2.914034
1,D_latent_nopark,planning,159,0.0819747,1.0,0.3111111111111111,1.0,0.48648062
1,D_latent_nopark,planning,160,-0.056050364,0.0,0.0,1.0,2.2410283
1,D_latent_nopark,planning,161,-0.17893003,0.0,0.0,1.0,4.7038865
1,D_latent_nopark,planning,162,0.114146285,1.0,0.5333333333333333,1.0,0.32583722
1,D_latent_nopark,planning,163,0.022641433,0.0,0.35555555555555557,1.0,1.6822778
1,D_latent_nopark,planning,164,0.079892226,1.0,0.13333333333333333,1.0,1.263505
1,D_latent_nopark,planning,165,-0.04279647,0.0,0.0,1.0,1.8375953
1,D_latent_nopark,planning,166,-0.07236751,0.0,0.13333333333333333,1.0,1.8112321
1,D_latent_nopark,planning,167,-0.201549,0.0,0.13333333333333333,1.0,3.1371763
1,D_latent_nopark,planning,168,0.0014170711,0.0,0.15555555555555556,1.0,2.3391392
1,D_latent_nopark,planning,169,0.09406928,1.0,0.4,1.0,0.651264
1,D_latent_nopark,planning,170,0.17450012,1.0,0.4222222222222222,1.0,1.194889
1,D_latent_nopark,planning,171,-0.13170825,0.0,0.13333333333333333,1.0,2.6872816
1,D_latent_nopark,planning,172,0.0054802466,0.0,0.0,1.0,2.2137992
1,D_latent_nopark,planning,173,0.01800559,1.0,0.13333333333333333,1.0,1.4406438
1,D_latent_nopark,planning,174,-0.18774022,0.0,0.1111111111111111,1.0,2.8703566
1,D_latent_nopark,planning,175,-0.14317037,0.0,0.08888888888888889,1.0,4.3728075
1,D_latent_nopark,planning,176,-0.16604616,0.0,0.2222222222222222,1.0,1.6791445
1,D_latent_nopark,planning,177,-0.12952417,0.0,0.17777777777777778,1.0,2.6580257
1,D_latent_nopark,planning,178,-0.11408207,0.0,0.1111111111111111,1.0,2.9314308
1,D_latent_nopark,planning,179,-0.06224376,0.0,0.08888888888888889,1.0,2.0294118
1,D_latent_nopark,planning,180,-0.058136888,0.0,0.15555555555555556,1.0,1.6736652
1,D_latent_nopark,planning,181,0.05651197,1.0,0.4222222222222222,1.0,1.1447185
1,D_latent_nopark,planning,182,0.19738182,1.0,0.6,1.0,1.0862844
1,D_latent_nopark,planning,183,-0.08912577,1.0,0.28888888888888886,1.0,1.4269016
1,D_latent_nopark,planning,184,0.18561889,1.0,0.6222222222222222,1.0,1.2041277
1,D_latent_nopark,planning,185,0.06771821,1.0,0.4666666666666667,1.0,1.4304857
1,D_latent_nopark,planning,186,-0.14125258,0.0,0.06666666666666667,1.0,2.5855772
1,D_latent_nopark,planning,187,0.014868543,1.0,0.4444444444444444,1.0,1.2964445
1,D_latent_nopark,planning,188,-0.33107582,0.0,0.022222222222222223,1.0,7.1895013
1,D_latent_nopark,planning,189,-0.08373971,0.0,0.13333333333333333,1.0,2.3639607
1,D_latent_nopark,planning,190,0.18945329,0.0,0.37777777777777777,1.0,2.1753266
1,D_latent_nopark,planning,191,0.014046547,0.0,0.0,1.0,1.5898417
1,D_latent_nopark,planning,192,-0.14510252,0.0,0.0,1.0,2.6852674
1,D_latent_nopark,planning,193,-0.0038797716,0.0,0.13333333333333333,1.0,3.0035238
1,D_latent_nopark,planning,194,0.25660357,1.0,0.5555555555555556,1.0,1.0208006
1,D_latent_nopark,planning,195,-0.043338977,0.0,0.0,1.0,3.0562027
1,D_latent_nopark,planning,196,0.025600862,0.0,0.1111111111111111,1.0,1.7918406
1,D_latent_nopark,planning,197,0.028762838,0.0,0.2,1.0,2.7307289
1,D_latent_nopark,planning,198,-0.0141831925,0.0,0.0,1.0,1.9245636
1,D_latent_nopark,planning,199,-0.10624787,1.0,0.24444444444444444,1.0,1.1677041
2,A_recon,planning,0,-0.3150984,0.0,0.0,1.0,3.6536245
2,A_recon,planning,1,-0.09949155,0.0,0.0,1.0,1.907397
2,A_recon,planning,2,-0.35013697,0.0,0.0,1.0,7.2434816
2,A_recon,planning,3,-0.39655527,0.0,0.0,1.0,4.343798
2,A_recon,planning,4,-0.42481655,0.0,0.0,1.0,15.512962
2,A_recon,planning,5,-0.26047504,0.0,0.0,1.0,1.7000474
2,A_recon,planning,6,-0.27326384,0.0,0.0,1.0,11.181974
2,A_recon,planning,7,-0.33962098,0.0,0.0,1.0,6.241693
2,A_recon,planning,8,-0.08085339,0.0,0.13333333333333333,1.0,1.9285926
2,A_recon,planning,9,0.11670668,0.0,0.4,1.0,5.757482
2,A_recon,planning,10,-0.3580225,0.0,0.0,1.0,5.0915356
2,A_recon,planning,11,-0.36225772,0.0,0.0,0.0,9.310102
2,A_recon,planning,12,-0.34131062,0.0,0.0,1.0,7.1096525
2,A_recon,planning,13,-0.19066013,0.0,0.0,1.0,4.729559
2,A_recon,planning,14,-0.25542122,0.0,0.0,1.0,11.735212
2,A_recon,planning,15,-0.29451117,1.0,0.08888888888888889,1.0,1.0515146
2,A_recon,planning,16,-0.29106644,0.0,0.0,1.0,6.3655314
2,A_recon,planning,17,0.024763463,0.0,0.26666666666666666,1.0,5.5380483
2,A_recon,planning,18,-0.29859126,0.0,0.0,0.0,8.645573
2,A_recon,planning,19,-0.28350142,1.0,0.044444444444444446,1.0,1.4981322
2,A_recon,planning,20,-0.09421145,1.0,0.3111111111111111,1.0,0.93212825
2,A_recon,planning,21,-0.1893198,0.0,0.0,1.0,5.213357
2,A_recon,planning,22,-0.1217491,0.0,0.0,1.0,2.3331423
2,A_recon,planning,23,-0.15676218,0.0,0.0,1.0,8.220853
2,A_recon,planning,24,-0.17902865,0.0,0.0,1.0,2.7757611
2,A_recon,planning,25,-0.1817517,0.0,0.0,1.0,4.0464797
2,A_recon,planning,26,-0.3119655,0.0,0.0,1.0,6.6217923
2,A_recon,planning,27,0.089247406,0.0,0.4,1.0,1.9074295
2,A_recon,planning,28,-0.16968188,0.0,0.1111111111111111,1.0,6.085781
2,A_recon,planning,29,-0.37811497,0.0,0.0,1.0,8.4636755
2,A_recon,planning,30,-0.4147682,0.0,0.0,0.0,11.427562
2,A_recon,planning,31,-0.31069764,0.0,0.0,1.0,9.252533
2,A_recon,planning,32,-0.09454349,0.0,0.1111111111111111,1.0,3.354206
2,A_recon,planning,33,-0.47478142,0.0,0.0,1.0,11.298119
2,A_recon,planning,34,-0.35783705,0.0,0.0,1.0,2.289693
2,A_recon,planning,35,-0.2607444,0.0,0.0,1.0,5.0963254
2,A_recon,planning,36,-0.23375717,0.0,0.0,1.0,9.048412
2,A_recon,planning,37,-0.24736084,0.0,0.0,0.0,11.977264
2,A_recon,planning,38,-0.43152776,0.0,0.0,1.0,10.790362
2,A_recon,planning,39,-0.093548544,0.0,0.2,1.0,3.592734
2,A_recon,planning,40,-0.44690195,0.0,0.0,1.0,8.304954
2,A_recon,planning,41,-0.39399305,0.0,0.0,0.0,13.6739855
2,A_recon,planning,42,-0.32531443,0.0,0.0,0.0,9.476444
2,A_recon,planning,43,-0.31125766,0.0,0.0,1.0,9.223113
2,A_recon,planning,44,-0.23039159,0.0,0.0,1.0,5.0591674
2,A_recon,planning,45,-0.27668348,0.0,0.0,1.0,11.481777
2,A_recon,planning,46,0.12988962,1.0,0.6,1.0,0.84074306
2,A_recon,planning,47,-0.27395484,0.0,0.0,1.0,11.898079
2,A_recon,planning,48,-0.27934328,0.0,0.0,1.0,5.8161826
2,A_recon,planning,49,-0.2174526,0.0,0.0,1.0,8.3151245
2,A_recon,planning,50,-0.30287594,0.0,0.0,1.0,3.0696187
2,A_recon,planning,51,-0.4402276,0.0,0.0,1.0,9.817217
2,A_recon,planning,52,-0.3592157,0.0,0.0,0.0,15.172772
2,A_recon,planning,53,-0.036909647,1.0,0.26666666666666666,1.0,1.0887228
2,A_recon,planning,54,-0.18240872,0.0,0.0,1.0,5.5699353
2,A_recon,planning,55,-0.32656297,0.0,0.0,1.0,10.884636
2,A_recon,planning,56,-0.29862168,0.0,0.0,1.0,8.182779
2,A_recon,planning,57,-0.085991696,0.0,0.0,1.0,2.4532304
2,A_recon,planning,58,-0.28919655,0.0,0.0,0.0,5.8703136
2,A_recon,planning,59,-0.041781448,1.0,0.2222222222222222,1.0,0.8572256
2,A_recon,planning,60,0.12025703,0.0,0.3333333333333333,1.0,2.3239012
2,A_recon,planning,61,-0.24505073,0.0,0.0,1.0,4.31307
2,A_recon,planning,62,-0.30871266,0.0,0.0,1.0,2.4996998
2,A_recon,planning,63,-0.24134982,0.0,0.0,1.0,3.2523246
2,A_recon,planning,64,-0.07043516,0.0,0.15555555555555556,1.0,4.3914948
2,A_recon,planning,65,-0.036901996,0.0,0.0,1.0,4.54394
2,A_recon,planning,66,-0.24816377,0.0,0.0,1.0,7.713585
2,A_recon,planning,67,-0.21631953,0.0,0.0,1.0,5.7556076
2,A_recon,planning,68,-0.14343452,0.0,0.0,1.0,3.7429242
2,A_recon,planning,69,-0.2447682,0.0,0.0,1.0,8.793487
2,A_recon,planning,70,-0.2975395,0.0,0.0,1.0,10.213624
2,A_recon,planning,71,-0.075913295,0.0,0.17777777777777778,1.0,3.6362312
2,A_recon,planning,72,-0.43281054,0.0,0.0,1.0,6.71451
2,A_recon,planning,73,-0.2357762,0.0,0.0,1.0,7.8475084
2,A_recon,planning,74,-0.32246503,0.0,0.0,1.0,2.428714
2,A_recon,planning,75,-0.3324975,0.0,0.0,1.0,3.0233064
2,A_recon,planning,76,-0.14559466,1.0,0.17777777777777778,1.0,1.0140475
2,A_recon,planning,77,-0.29280117,0.0,0.0,1.0,10.097304
2,A_recon,planning,78,-0.14300147,0.0,0.0,1.0,4.8965254
2,A_recon,planning,79,-0.33621,0.0,0.0,1.0,9.322895
2,A_recon,planning,80,-0.17193793,0.0,0.0,1.0,9.534579
2,A_recon,planning,81,-0.27648506,0.0,0.0,1.0,5.1067834
2,A_recon,planning,82,-0.26936314,0.0,0.0,1.0,4.884625
2,A_recon,planning,83,-0.20587665,0.0,0.0,1.0,3.7986648
2,A_recon,planning,84,-0.4061243,0.0,0.0,0.0,15.408931
2,A_recon,planning,85,-0.0733897,0.0,0.2222222222222222,1.0,2.2180147
2,A_recon,planning,86,-0.21071449,0.0,0.0,1.0,3.2763186
2,A_recon,planning,87,-0.32290795,0.0,0.0,1.0,1.7379428
2,A_recon,planning,88,-0.28310445,0.0,0.0,1.0,10.208907
2,A_recon,planning,89,-0.08836043,0.0,0.0,1.0,2.4180198
2,A_recon,planning,90,-0.25516975,0.0,0.0,0.0,7.9128537
2,A_recon,planning,91,-0.16090576,0.0,0.0,1.0,4.142489
2,A_recon,planning,92,-0.4257996,0.0,0.1111111111111111,1.0,1.777016
2,A_recon,planning,93,0.13928969,1.0,0.4666666666666667,1.0,0.36046925
2,A_recon,planning,94,-0.31807008,0.0,0.0,1.0,8.767645
2,A_recon,planning,95,-0.22638121,0.0,0.0,1.0,9.408225
2,A_recon,planning,96,-0.16367584,0.0,0.0,1.0,3.2308443
2,A_recon,planning,97,-0.2273568,0.0,0.0,0.0,11.567549
2,A_recon,planning,98,-0.1884223,0.0,0.0,1.0,3.0555987
2,A_recon,planning,99,-0.3311003,0.0,0.0,1.0,5.9617767
2,A_recon,planning,100,-0.184665,0.0,0.0,1.0,5.481696
2,A_recon,planning,101,-0.21022585,0.0,0.0,1.0,5.3131495
2,A_recon,planning,102,-0.14658119,0.0,0.0,1.0,3.817312
2,A_recon,planning,103,-0.11407222,0.0,0.0,1.0,3.5085564
2,A_recon,planning,104,-0.28786528,0.0,0.0,1.0,8.532047
2,A_recon,planning,105,-0.18858789,1.0,0.1111111111111111,1.0,1.1437294
2,A_recon,planning,106,-0.27610466,0.0,0.0,0.0,9.881758
2,A_recon,planning,107,-0.15507817,0.0,0.0,1.0,2.0071042
2,A_recon,planning,108,-0.26104978,0.0,0.0,1.0,7.194285
2,A_recon,planning,109,-0.21406767,0.0,0.0,1.0,7.6846147
2,A_recon,planning,110,-0.31539258,0.0,0.0,1.0,9.042792
2,A_recon,planning,111,-0.24633141,0.0,0.0,1.0,4.9185085
2,A_recon,planning,112,-0.16121928,0.0,0.0,1.0,7.6788745
2,A_recon,planning,113,-0.06769822,0.0,0.0,1.0,6.8327713
2,A_recon,planning,114,-0.38348258,0.0,0.0,1.0,6.937161
2,A_recon,planning,115,-0.1395268,0.0,0.0,1.0,2.2293744
2,A_recon,planning,116,-0.44690436,0.0,0.0,1.0,17.673414
2,A_recon,planning,117,-0.4748184,0.0,0.0,1.0,6.8310256
2,A_recon,planning,118,0.3106493,1.0,0.6666666666666666,1.0,0.81119597
2,A_recon,planning,119,-0.21309718,0.0,0.0,0.0,7.269445
2,A_recon,planning,120,-0.33424735,0.0,0.0,1.0,11.406857
2,A_recon,planning,121,-0.42582464,0.0,0.0,1.0,11.44104
2,A_recon,planning,122,-0.14817184,1.0,0.3333333333333333,1.0,1.4435906
2,A_recon,planning,123,-0.08815642,0.0,0.08888888888888889,1.0,5.2225304
2,A_recon,planning,124,-0.24353066,0.0,0.0,1.0,6.186919
2,A_recon,planning,125,-0.3331909,0.0,0.0,1.0,9.286822
2,A_recon,planning,126,-0.31080726,0.0,0.0,1.0,7.73573
2,A_recon,planning,127,-0.19111969,1.0,0.1111111111111111,1.0,0.82087946
2,A_recon,planning,128,-0.25019345,0.0,0.0,1.0,11.737163
2,A_recon,planning,129,-0.41947654,0.0,0.0,1.0,16.022196
2,A_recon,planning,130,-0.32043162,0.0,0.0,1.0,8.573727
2,A_recon,planning,131,-0.077867486,0.0,0.0,1.0,3.2646432
2,A_recon,planning,132,-0.22849691,0.0,0.0,1.0,8.315336
2,A_recon,planning,133,-0.15720898,0.0,0.0,1.0,2.8605738
2,A_recon,planning,134,-0.17539366,0.0,0.0,1.0,2.4339132
2,A_recon,planning,135,-0.25452662,0.0,0.0,1.0,4.0042977
2,A_recon,planning,136,-0.11258704,0.0,0.0,1.0,1.8478042
2,A_recon,planning,137,-0.37224135,0.0,0.0,1.0,9.654774
2,A_recon,planning,138,-0.3072597,0.0,0.0,1.0,5.5849323
2,A_recon,planning,139,-0.2133351,0.0,0.0,1.0,6.173246
2,A_recon,planning,140,-0.096443646,0.0,0.2,1.0,3.778658
2,A_recon,planning,141,-0.4619838,0.0,0.0,0.0,15.828139
2,A_recon,planning,142,-0.20428553,1.0,0.06666666666666667,1.0,1.258289
2,A_recon,planning,143,-0.2364076,0.0,0.0,1.0,3.0944614
2,A_recon,planning,144,-0.13867016,0.0,0.0,1.0,5.156943
2,A_recon,planning,145,-0.28222397,0.0,0.0,1.0,7.472954
2,A_recon,planning,146,-0.1383563,0.0,0.0,1.0,2.9233851
2,A_recon,planning,147,-0.26554993,0.0,0.0,1.0,7.3231273
2,A_recon,planning,148,-0.37902972,0.0,0.0,1.0,7.459291
2,A_recon,planning,149,-0.16562663,0.0,0.0,1.0,3.569663
2,A_recon,planning,150,-0.03964232,0.0,0.3111111111111111,1.0,2.7598898
2,A_recon,planning,151,-0.4072388,0.0,0.0,1.0,10.042255
2,A_recon,planning,152,-0.23509678,0.0,0.0,1.0,7.267389
2,A_recon,planning,153,-0.21822813,0.0,0.0,1.0,3.3808708
2,A_recon,planning,154,-0.026742892,1.0,0.3111111111111111,1.0,1.0396074
2,A_recon,planning,155,-0.27482724,0.0,0.0,1.0,4.792432
2,A_recon,planning,156,-0.3027782,0.0,0.0,1.0,6.816036
2,A_recon,planning,157,-0.2837345,0.0,0.0,1.0,9.43496
2,A_recon,planning,158,-0.28766048,0.0,0.0,1.0,5.319173
2,A_recon,planning,159,0.045496147,0.0,0.28888888888888886,1.0,2.1085055
2,A_recon,planning,160,-0.27846715,0.0,0.0,0.0,11.182701
2,A_recon,planning,161,-0.35975784,0.0,0.0,0.0,10.048581
2,A_recon,planning,162,-0.08718616,0.0,0.0,1.0,1.6076806
2,A_recon,planning,163,-0.3040679,0.0,0.0,1.0,8.98842
2,A_recon,planning,164,0.11303094,0.0,0.3111111111111111,1.0,2.4860659
2,A_recon,planning,165,-0.2691745,0.0,0.0,0.0,8.814139
2,A_recon,planning,166,-0.3966295,0.0,0.0,1.0,13.1596
2,A_recon,planning,167,-0.3393438,0.0,0.0,1.0,4.758267
2,A_recon,planning,168,-0.3493597,0.0,0.0,1.0,11.611814
2,A_recon,planning,169,-0.36808056,0.0,0.0,1.0,12.441441
2,A_recon,planning,170,-0.101918064,0.0,0.1111111111111111,1.0,5.883694
2,A_recon,planning,171,-0.18314748,0.0,0.0,1.0,2.6631262
2,A_recon,planning,172,-0.20212114,0.0,0.0,1.0,8.575727
2,A_recon,planning,173,-0.28463593,0.0,0.0,1.0,12.376969
2,A_recon,planning,174,-0.40877154,0.0,0.0,1.0,11.409031
2,A_recon,planning,175,-0.26159668,0.0,0.0,1.0,5.5811706
2,A_recon,planning,176,-0.20060836,1.0,0.2222222222222222,1.0,0.91114604
2,A_recon,planning,177,-0.11009259,1.0,0.26666666666666666,1.0,0.30759692
2,A_recon,planning,178,-0.2657038,0.0,0.0,1.0,7.3385744
2,A_recon,planning,179,-0.22732347,0.0,0.0,1.0,4.025937
2,A_recon,planning,180,-0.28496063,0.0,0.0,1.0,7.037142
2,A_recon,planning,181,-0.41644517,0.0,0.0,1.0,15.960178
2,A_recon,planning,182,-0.27378976,0.0,0.0,1.0,6.960871
2,A_recon,planning,183,-0.38173935,0.0,0.0,1.0,9.626317
2,A_recon,planning,184,-0.2955412,0.0,0.0,1.0,11.804525
2,A_recon,planning,185,-0.27386537,0.0,0.0,1.0,6.448173
2,A_recon,planning,186,-0.33250687,0.0,0.0,1.0,7.2581997
2,A_recon,planning,187,-0.21118928,0.0,0.0,1.0,4.141949
2,A_recon,planning,188,-0.51411456,0.0,0.0,1.0,10.251571
2,A_recon,planning,189,-0.048002433,0.0,0.24444444444444444,1.0,4.2374163
2,A_recon,planning,190,-0.069913544,0.0,0.0,1.0,3.7222393
2,A_recon,planning,191,-0.21473321,0.0,0.0,1.0,7.668721
2,A_recon,planning,192,-0.26505238,0.0,0.0,0.0,9.850495
2,A_recon,planning,193,-0.17193237,0.0,0.0,1.0,7.183929
2,A_recon,planning,194,-0.20566708,0.0,0.0,1.0,7.503628
2,A_recon,planning,195,-0.16989687,0.0,0.0,1.0,6.3939962
2,A_recon,planning,196,-0.26580855,0.0,0.0,1.0,8.89408
2,A_recon,planning,197,-0.08752909,0.0,0.0,1.0,1.9903713
2,A_recon,planning,198,-0.21103287,0.0,0.0,1.0,3.5648818
2,A_recon,planning,199,-0.39709324,0.0,0.0,0.0,11.053169
2,B_task,planning,0,-0.32353786,0.0,0.0,1.0,3.3305845
2,B_task,planning,1,-0.1074234,0.0,0.0,1.0,2.091536
2,B_task,planning,2,-0.5543624,0.0,0.0,0.0,17.262749
2,B_task,planning,3,-0.6555118,0.0,0.0,0.0,19.157848
2,B_task,planning,4,-0.49356347,0.0,0.0,1.0,15.849837
2,B_task,planning,5,-0.3642043,0.0,0.0,1.0,4.584207
2,B_task,planning,6,-0.29056847,0.0,0.0,1.0,14.369076
2,B_task,planning,7,-0.68525654,0.0,0.0,0.0,22.39144
2,B_task,planning,8,-0.3295422,0.0,0.0,1.0,6.8490705
2,B_task,planning,9,-0.026294261,0.0,0.17777777777777778,1.0,6.679761
2,B_task,planning,10,-0.31658745,0.0,0.0,1.0,6.7346354
2,B_task,planning,11,-0.42061785,0.0,0.0,0.0,13.844693
2,B_task,planning,12,-0.3554938,0.0,0.0,0.0,9.283426
2,B_task,planning,13,-0.36227357,0.0,0.0,1.0,11.004774
2,B_task,planning,14,-0.16404334,0.0,0.0,1.0,6.5505514
2,B_task,planning,15,-0.39499095,0.0,0.0,1.0,5.839013
2,B_task,planning,16,-0.46882412,0.0,0.0,1.0,17.000309
2,B_task,planning,17,0.06296397,0.0,0.26666666666666666,1.0,3.660484
2,B_task,planning,18,-0.33110768,0.0,0.0,0.0,10.7344
2,B_task,planning,19,-0.65766114,0.0,0.0,1.0,20.61344
2,B_task,planning,20,-0.37838385,0.0,0.0,1.0,7.2648296
2,B_task,planning,21,-0.23781155,0.0,0.0,1.0,8.244597
2,B_task,planning,22,-0.2665241,0.0,0.0,1.0,7.036058
2,B_task,planning,23,-0.22177243,0.0,0.0,1.0,9.14584
2,B_task,planning,24,-0.33893585,0.0,0.0,1.0,10.859428
2,B_task,planning,25,-0.284736,0.0,0.0,0.0,8.511255
2,B_task,planning,26,-0.23248005,0.0,0.0,1.0,2.2098813
2,B_task,planning,27,-0.11351681,0.0,0.0,1.0,2.6309288
2,B_task,planning,28,-0.16213135,0.0,0.1111111111111111,1.0,6.088082
2,B_task,planning,29,-0.34569117,0.0,0.0,1.0,6.041544
2,B_task,planning,30,-0.54130113,0.0,0.0,0.0,17.446991
2,B_task,planning,31,-0.33481914,0.0,0.0,1.0,8.335044
2,B_task,planning,32,-0.39572644,0.0,0.0,1.0,12.940884
2,B_task,planning,33,-0.6787499,0.0,0.0,0.0,21.900963
2,B_task,planning,34,-0.76635677,0.0,0.0,0.0,23.488497
2,B_task,planning,35,-0.36410865,0.0,0.0,0.0,9.745984
2,B_task,planning,36,-0.2240343,0.0,0.0,1.0,9.009614
2,B_task,planning,37,-0.29914883,0.0,0.0,0.0,18.648964
2,B_task,planning,38,-0.45683157,0.0,0.0,0.0,12.144688
2,B_task,planning,39,-0.29963544,0.0,0.0,1.0,7.087843
2,B_task,planning,40,-0.4935955,0.0,0.0,1.0,9.399685
2,B_task,planning,41,-0.4756494,0.0,0.0,0.0,18.452375
2,B_task,planning,42,-0.43868202,0.0,0.0,0.0,16.929684
2,B_task,planning,43,-0.32436228,0.0,0.0,1.0,10.326307
2,B_task,planning,44,-0.291441,0.0,0.0,1.0,14.459801
2,B_task,planning,45,-0.21982016,0.0,0.0,1.0,6.546472
2,B_task,planning,46,-0.092586346,0.0,0.0,1.0,2.2975073
2,B_task,planning,47,-0.26710612,0.0,0.0,1.0,10.668166
2,B_task,planning,48,-0.4527715,0.0,0.0,0.0,15.446173
2,B_task,planning,49,-0.20090775,0.0,0.0,1.0,9.521688
2,B_task,planning,50,-0.6037544,0.0,0.0,0.0,15.812991
2,B_task,planning,51,-0.60293454,0.0,0.0,1.0,18.54995
2,B_task,planning,52,-0.33669552,0.0,0.0,0.0,14.827051
2,B_task,planning,53,-0.38874558,0.0,0.0,1.0,13.462385
2,B_task,planning,54,-0.12624793,0.0,0.0,1.0,7.441523
2,B_task,planning,55,-0.4780276,0.0,0.0,1.0,16.622255
2,B_task,planning,56,-0.31527343,0.0,0.0,0.0,8.716795
2,B_task,planning,57,-0.22850159,0.0,0.0,1.0,5.881847
2,B_task,planning,58,-0.3739129,0.0,0.0,0.0,13.332519
2,B_task,planning,59,-0.13786744,0.0,0.0,1.0,3.7514613
2,B_task,planning,60,0.10023617,0.0,0.35555555555555557,1.0,2.231564
2,B_task,planning,61,-0.26660243,0.0,0.0,1.0,3.0866144
2,B_task,planning,62,-0.60179746,0.0,0.0,0.0,17.177954
2,B_task,planning,63,-0.36130545,0.0,0.0,0.0,9.916472
2,B_task,planning,64,-0.20522504,0.0,0.0,1.0,5.087606
2,B_task,planning,65,-0.056659073,0.0,0.0,1.0,3.8863738
2,B_task,planning,66,-0.27097934,0.0,0.0,1.0,8.88941
2,B_task,planning,67,-0.28323624,0.0,0.0,1.0,9.203134
2,B_task,planning,68,-0.23801252,0.0,0.0,1.0,8.510955
2,B_task,planning,69,-0.255851,0.0,0.0,0.0,10.115811
2,B_task,planning,70,-0.28645995,0.0,0.0,1.0,9.593014
2,B_task,planning,71,-0.44787857,0.0,0.0,0.0,12.396573
2,B_task,planning,72,-0.7616637,0.0,0.0,0.0,24.062614
2,B_task,planning,73,-0.04023577,0.0,0.0,1.0,3.983665
2,B_task,planning,74,-0.43863216,0.0,0.0,1.0,9.631189
2,B_task,planning,75,-0.7114707,0.0,0.0,0.0,25.497055
2,B_task,planning,76,-0.5239195,0.0,0.0,0.0,15.383072
2,B_task,planning,77,-0.30136827,0.0,0.0,1.0,10.225279
2,B_task,planning,78,-0.22160734,0.0,0.0,1.0,7.4438353
2,B_task,planning,79,-0.47323906,0.0,0.0,0.0,16.439676
2,B_task,planning,80,0.07666956,1.0,0.24444444444444444,1.0,1.4544346
2,B_task,planning,81,-0.3575414,0.0,0.0,1.0,9.827755
2,B_task,planning,82,-0.2793765,0.0,0.0,1.0,5.4788136
2,B_task,planning,83,-0.24615023,0.0,0.0,0.0,6.7076764
2,B_task,planning,84,-0.45906448,0.0,0.0,0.0,16.951576
2,B_task,planning,85,-0.13229264,1.0,0.24444444444444444,1.0,1.1080438
2,B_task,planning,86,-0.2481793,0.0,0.0,1.0,4.596334
2,B_task,planning,87,-0.7407253,0.0,0.0,0.0,25.06817
2,B_task,planning,88,-0.26084325,0.0,0.0,1.0,6.319791
2,B_task,planning,89,-0.28720337,0.0,0.0,0.0,8.071728
2,B_task,planning,90,-0.36688682,0.0,0.0,0.0,14.152001
2,B_task,planning,91,-0.23528957,0.0,0.0,1.0,3.6029594
2,B_task,planning,92,-0.721392,0.0,0.0,1.0,5.982884
2,B_task,planning,93,-0.04173148,0.0,0.0,1.0,1.7823957
2,B_task,planning,94,-0.31603053,0.0,0.0,1.0,6.9386683
2,B_task,planning,95,-0.15760711,0.0,0.0,1.0,7.854468
2,B_task,planning,96,-0.2120948,0.0,0.0,1.0,8.222158
2,B_task,planning,97,-0.08917961,0.0,0.0,1.0,5.0514846
2,B_task,planning,98,-0.27842346,0.0,0.0,1.0,8.156414
2,B_task,planning,99,-0.2643028,0.0,0.0,1.0,3.32687
2,B_task,planning,100,-0.18145616,0.0,0.0,1.0,5.7374725
2,B_task,planning,101,-0.20716016,0.0,0.0,1.0,5.991794
2,B_task,planning,102,0.112630844,1.0,0.5555555555555556,1.0,1.5278282
2,B_task,planning,103,-0.2098832,0.0,0.0,1.0,5.6072607
2,B_task,planning,104,-0.46340322,0.0,0.0,0.0,19.511578
2,B_task,planning,105,-0.15940619,1.0,0.13333333333333333,1.0,0.8729613
2,B_task,planning,106,-0.31301588,0.0,0.0,0.0,9.793264
2,B_task,planning,107,-0.32572088,0.0,0.0,1.0,8.05609
2,B_task,planning,108,-0.38821656,0.0,0.0,0.0,13.931773
2,B_task,planning,109,-0.16927062,0.0,0.0,1.0,5.522963
2,B_task,planning,110,-0.25269443,0.0,0.0,1.0,7.312669
2,B_task,planning,111,-0.33756056,0.0,0.0,1.0,11.051025
2,B_task,planning,112,-0.04459795,0.0,0.0,1.0,4.0192757
2,B_task,planning,113,-0.078247316,0.0,0.0,1.0,6.5789804
2,B_task,planning,114,-0.34456557,0.0,0.0,1.0,4.203722
2,B_task,planning,115,-0.25303552,0.0,0.0,1.0,4.4713855
2,B_task,planning,116,-0.44345215,0.0,0.0,1.0,14.659507
2,B_task,planning,117,-0.5261287,0.0,0.0,1.0,9.75161
2,B_task,planning,118,-0.12664932,0.0,0.0,1.0,5.295254
2,B_task,planning,119,-0.2328595,0.0,0.0,1.0,5.6069956
2,B_task,planning,120,-0.43097484,0.0,0.0,1.0,16.278425
2,B_task,planning,121,-0.5238503,0.0,0.0,0.0,14.324848
2,B_task,planning,122,-0.39523375,0.0,0.0,0.0,7.6386847
2,B_task,planning,123,0.09085535,1.0,0.4666666666666667,1.0,1.1227775
2,B_task,planning,124,-0.19981825,0.0,0.0,1.0,2.954199
2,B_task,planning,125,-0.33372098,0.0,0.0,1.0,7.6896415
2,B_task,planning,126,-0.3978697,0.0,0.0,1.0,14.206835
2,B_task,planning,127,-0.41785008,0.0,0.0,0.0,11.102065
2,B_task,planning,128,-0.27268076,0.0,0.0,1.0,11.813775
2,B_task,planning,129,-0.44894126,0.0,0.0,1.0,17.05706
2,B_task,planning,130,-0.40449354,0.0,0.0,1.0,12.879192
2,B_task,planning,131,-0.108450145,0.0,0.0,1.0,2.5650284
2,B_task,planning,132,-0.2640559,0.0,0.0,1.0,9.018441
2,B_task,planning,133,-0.21048966,0.0,0.0,1.0,3.4298832
2,B_task,planning,134,-0.23321283,0.0,0.0,1.0,7.3692613
2,B_task,planning,135,-0.42542395,0.0,0.0,0.0,10.3171215
2,B_task,planning,136,-0.22994278,0.0,0.0,1.0,2.8693817
2,B_task,planning,137,-0.41214645,0.0,0.0,1.0,11.489699
2,B_task,planning,138,-0.18693541,0.0,0.0,1.0,1.8828423
2,B_task,planning,139,-0.26874194,0.0,0.0,1.0,7.344992
2,B_task,planning,140,-0.09764022,0.0,0.15555555555555556,1.0,3.926535
2,B_task,planning,141,-0.42533994,0.0,0.0,0.0,13.193601
2,B_task,planning,142,-0.15922034,0.0,0.15555555555555556,1.0,1.6393669
2,B_task,planning,143,-0.30013192,0.0,0.0,1.0,7.587119
2,B_task,planning,144,-0.18990788,0.0,0.0,1.0,5.9340467
2,B_task,planning,145,-0.43686807,0.0,0.0,1.0,12.322902
2,B_task,planning,146,-0.114842065,0.0,0.0,1.0,1.7213597
2,B_task,planning,147,-0.05043503,0.0,0.0,1.0,2.110201
2,B_task,planning,148,-0.40097308,0.0,0.0,0.0,12.704516
2,B_task,planning,149,-0.11828906,0.0,0.0,1.0,3.1827784
2,B_task,planning,150,-0.17473003,0.0,0.08888888888888889,1.0,5.379367
2,B_task,planning,151,-0.47004038,0.0,0.0,0.0,18.581429
2,B_task,planning,152,-0.21134485,0.0,0.0,1.0,2.712009
2,B_task,planning,153,-0.23982637,0.0,0.0,1.0,4.4421725
2,B_task,planning,154,-0.42188415,0.0,0.0,0.0,14.150825
2,B_task,planning,155,-0.058215402,0.0,0.28888888888888886,1.0,1.7567211
2,B_task,planning,156,-0.36173537,0.0,0.0,1.0,6.580637
2,B_task,planning,157,-0.39729497,0.0,0.0,1.0,18.412384
2,B_task,planning,158,-0.3814163,0.0,0.0,1.0,8.744977
2,B_task,planning,159,-0.16015506,0.0,0.0,1.0,3.1410177
2,B_task,planning,160,-0.26855958,0.0,0.0,0.0,9.6746855
2,B_task,planning,161,-0.40304834,0.0,0.0,0.0,12.626854
2,B_task,planning,162,-0.23578624,0.0,0.0,1.0,5.2349606
2,B_task,planning,163,-0.16609661,0.0,0.0,1.0,4.240009
2,B_task,planning,164,-0.060233,0.0,0.0,1.0,2.7063415
2,B_task,planning,165,-0.34334075,0.0,0.0,0.0,14.698111
2,B_task,planning,166,-0.4493597,0.0,0.0,1.0,15.183674
2,B_task,planning,167,-0.4018919,0.0,0.0,1.0,7.2900934
2,B_task,planning,168,-0.32103378,0.0,0.0,1.0,10.136087
2,B_task,planning,169,-0.3436014,0.0,0.0,1.0,9.51634
2,B_task,planning,170,-0.084216684,0.0,0.13333333333333333,0.0,8.265539
2,B_task,planning,171,-0.40569064,0.0,0.0,1.0,10.5189
2,B_task,planning,172,-0.20669982,0.0,0.0,1.0,6.272661
2,B_task,planning,173,-0.27626005,0.0,0.0,1.0,9.645699
2,B_task,planning,174,-0.33957165,0.0,0.0,1.0,5.0872436
2,B_task,planning,175,-0.031737633,0.0,0.28888888888888886,1.0,2.508106
2,B_task,planning,176,-0.6473986,0.0,0.0,0.0,14.508082
2,B_task,planning,177,-0.20312707,1.0,0.08888888888888889,1.0,1.4535939
2,B_task,planning,178,-0.42233002,0.0,0.0,0.0,11.780476
2,B_task,planning,179,-0.12241783,0.0,0.06666666666666667,1.0,4.6792192
2,B_task,planning,180,-0.42187533,0.0,0.0,0.0,10.857858
2,B_task,planning,181,-0.4727481,0.0,0.0,1.0,15.608929
2,B_task,planning,182,-0.40772858,0.0,0.0,0.0,14.610105
2,B_task,planning,183,-0.5782438,0.0,0.0,1.0,22.342712
2,B_task,planning,184,-0.30940074,0.0,0.0,1.0,13.100724
2,B_task,planning,185,-0.36602923,0.0,0.0,1.0,11.459599
2,B_task,planning,186,-0.23785123,0.0,0.0,1.0,3.284466
2,B_task,planning,187,-0.32638636,0.0,0.0,0.0,8.16571
2,B_task,planning,188,-0.46901354,0.0,0.0,1.0,6.6348467
2,B_task,planning,189,-0.43727753,0.0,0.0,0.0,11.614503
2,B_task,planning,190,-0.15409674,0.0,0.0,1.0,5.097961
2,B_task,planning,191,-0.34223557,0.0,0.0,1.0,14.426208
2,B_task,planning,192,-0.23625177,0.0,0.0,1.0,5.928298
2,B_task,planning,193,-0.22253779,0.0,0.0,1.0,3.9062426
2,B_task,planning,194,-0.22085653,0.0,0.0,0.0,14.028984
2,B_task,planning,195,-0.07225342,0.0,0.0,1.0,1.6129886
2,B_task,planning,196,-0.25892004,0.0,0.0,1.0,7.442798
2,B_task,planning,197,-0.18985341,0.0,0.0,1.0,3.4494126
2,B_task,planning,198,-0.36255032,0.0,0.0,1.0,11.353505
2,B_task,planning,199,-0.48847774,0.0,0.0,0.0,15.132103
2,C_scene,planning,0,-0.66988105,0.0,0.0,1.0,20.186499
2,C_scene,planning,1,-0.81314856,0.0,0.0,0.0,29.035477
2,C_scene,planning,2,-0.6602027,0.0,0.0,0.0,24.394096
2,C_scene,planning,3,-0.71823084,0.0,0.0,0.0,20.21724
2,C_scene,planning,4,-0.55392563,0.0,0.0,1.0,19.073072
2,C_scene,planning,5,-0.6725119,0.0,0.0,0.0,23.385645
2,C_scene,planning,6,-0.22409303,0.0,0.0,1.0,8.279947
2,C_scene,planning,7,-0.68556786,0.0,0.0,0.0,24.817722
2,C_scene,planning,8,-0.4237189,0.0,0.0,0.0,12.693532
2,C_scene,planning,9,-0.50421035,0.0,0.0,0.0,25.179863
2,C_scene,planning,10,-0.4760705,0.0,0.0,1.0,12.28952
2,C_scene,planning,11,-0.34439927,0.0,0.0,0.0,12.5571785
2,C_scene,planning,12,-0.28914815,0.0,0.0,1.0,4.8449817
2,C_scene,planning,13,-0.33505875,0.0,0.0,1.0,9.931007
2,C_scene,planning,14,-0.49509472,0.0,0.0,1.0,20.360394
2,C_scene,planning,15,-0.7104486,0.0,0.0,1.0,9.187482
2,C_scene,planning,16,-0.50725013,0.0,0.0,1.0,14.4260235
2,C_scene,planning,17,-0.21907221,0.0,0.0,1.0,6.9887424
2,C_scene,planning,18,-0.41278958,0.0,0.0,0.0,15.035869
2,C_scene,planning,19,-0.47938058,0.0,0.0,1.0,11.61537
2,C_scene,planning,20,-0.64236474,0.0,0.0,1.0,11.127117
2,C_scene,planning,21,-0.07507217,0.0,0.0,1.0,5.4603715
2,C_scene,planning,22,-0.4202719,0.0,0.0,1.0,16.036398
2,C_scene,planning,23,-0.047408078,0.0,0.0,1.0,2.3404949
2,C_scene,planning,24,-0.3387977,0.0,0.0,0.0,13.341665
2,C_scene,planning,25,-0.4125807,0.0,0.0,1.0,13.779925
2,C_scene,planning,26,-0.5563985,0.0,0.0,0.0,16.267363
2,C_scene,planning,27,-0.09338699,1.0,0.022222222222222223,1.0,1.4845399
2,C_scene,planning,28,-0.4951227,0.0,0.0,1.0,10.929527
2,C_scene,planning,29,-0.49582192,0.0,0.0,0.0,13.804662
2,C_scene,planning,30,-0.5457471,0.0,0.0,0.0,18.925568
2,C_scene,planning,31,-0.6121632,0.0,0.0,0.0,21.493912
2,C_scene,planning,32,-0.42339867,0.0,0.0,0.0,16.597544
2,C_scene,planning,33,-0.70017,0.0,0.0,0.0,23.37863
2,C_scene,planning,34,-0.75877744,0.0,0.0,0.0,24.910854
2,C_scene,planning,35,-0.5280613,0.0,0.0,0.0,16.975737
2,C_scene,planning,36,-0.18408248,0.0,0.0,1.0,7.1269226
2,C_scene,planning,37,-0.27869964,0.0,0.0,0.0,14.307201
2,C_scene,planning,38,-0.42168805,0.0,0.0,1.0,11.573299
2,C_scene,planning,39,-0.70047414,0.0,0.0,1.0,24.002075
2,C_scene,planning,40,-0.82995665,0.0,0.0,0.0,27.794556
2,C_scene,planning,41,-0.5461489,0.0,0.0,0.0,22.111038
2,C_scene,planning,42,-0.2456739,0.0,0.0,1.0,1.966113
2,C_scene,planning,43,-0.35279226,0.0,0.0,0.0,14.362044
2,C_scene,planning,44,-0.19469884,0.0,0.0,1.0,6.669107
2,C_scene,planning,45,-0.22836056,0.0,0.0,1.0,4.793267
2,C_scene,planning,46,-0.21982907,0.0,0.0,1.0,4.881044
2,C_scene,planning,47,-0.29798737,0.0,0.0,1.0,10.567348
2,C_scene,planning,48,-0.54502416,0.0,0.0,0.0,22.13192
2,C_scene,planning,49,-0.22411755,0.0,0.0,1.0,10.328998
2,C_scene,planning,50,-0.50282854,0.0,0.0,1.0,10.087571
2,C_scene,planning,51,-0.7205024,0.0,0.0,1.0,25.038197
2,C_scene,planning,52,-0.28053638,0.0,0.0,1.0,9.608747
2,C_scene,planning,53,-0.30508757,0.0,0.0,1.0,11.26112
2,C_scene,planning,54,-0.26617455,0.0,0.0,1.0,4.663122
2,C_scene,planning,55,-0.45469803,0.0,0.0,1.0,16.179596
2,C_scene,planning,56,-0.47262353,0.0,0.0,0.0,12.770642
2,C_scene,planning,57,-0.22286083,0.0,0.0,1.0,4.5877833
2,C_scene,planning,58,-0.46590656,0.0,0.0,0.0,16.384848
2,C_scene,planning,59,-0.68815005,0.0,0.0,1.0,24.585377
2,C_scene,planning,60,-0.081858255,0.0,0.0,1.0,5.1864257
2,C_scene,planning,61,-0.57033515,0.0,0.0,0.0,15.146383
2,C_scene,planning,62,-0.5059285,0.0,0.0,1.0,6.956153
2,C_scene,planning,63,-0.44592485,0.0,0.0,0.0,16.296232
2,C_scene,planning,64,-0.524753,0.0,0.0,1.0,10.951545
2,C_scene,planning,65,-0.22946385,0.0,0.0,1.0,4.0837617
2,C_scene,planning,66,-0.29971454,0.0,0.0,0.0,10.176301
2,C_scene,planning,67,-0.32709464,0.0,0.0,0.0,13.0969715
2,C_scene,planning,68,-0.41662687,0.0,0.0,0.0,16.613712
2,C_scene,planning,69,-0.21309626,0.0,0.0,1.0,6.9919896
2,C_scene,planning,70,-0.32959992,0.0,0.0,1.0,9.030628
2,C_scene,planning,71,-0.44560048,0.0,0.0,0.0,13.269971
2,C_scene,planning,72,-0.72618824,0.0,0.0,0.0,23.357664
2,C_scene,planning,73,-0.22417778,0.0,0.0,1.0,7.3234873
2,C_scene,planning,74,-0.7270942,0.0,0.0,0.0,24.06962
2,C_scene,planning,75,-0.753231,0.0,0.0,0.0,26.277452
2,C_scene,planning,76,-0.59049916,0.0,0.0,1.0,17.05001
2,C_scene,planning,77,-0.3681668,0.0,0.0,0.0,12.732215
2,C_scene,planning,78,-0.2933959,0.0,0.0,0.0,12.269112
2,C_scene,planning,79,-0.6005134,0.0,0.0,0.0,20.129496
2,C_scene,planning,80,-0.15849052,0.0,0.0,0.0,6.645746
2,C_scene,planning,81,-0.36901918,0.0,0.0,1.0,8.95992
2,C_scene,planning,82,-0.48779276,0.0,0.0,0.0,14.7337675
2,C_scene,planning,83,-0.24753831,0.0,0.0,1.0,4.4372897
2,C_scene,planning,84,-0.47097787,0.0,0.0,0.0,21.557568
2,C_scene,planning,85,-0.42211625,0.0,0.0,0.0,11.207352
2,C_scene,planning,86,-0.4508595,0.0,0.0,0.0,16.713137
2,C_scene,planning,87,-0.76566553,0.0,0.0,0.0,24.121014
2,C_scene,planning,88,-0.30059227,0.0,0.0,1.0,12.434392
2,C_scene,planning,89,-0.46385947,0.0,0.0,0.0,16.35286
2,C_scene,planning,90,-0.42230156,0.0,0.0,0.0,15.31184
2,C_scene,planning,91,-0.46889275,0.0,0.0,0.0,18.046017
2,C_scene,planning,92,-0.85949713,0.0,0.0,0.0,18.98478
2,C_scene,planning,93,-0.15723754,0.0,0.0,1.0,3.643365
2,C_scene,planning,94,-0.49497673,0.0,0.0,1.0,16.545954
2,C_scene,planning,95,-0.19872597,0.0,0.0,1.0,8.124302
2,C_scene,planning,96,-0.2110499,0.0,0.0,1.0,5.8017573
2,C_scene,planning,97,-0.05010089,0.0,0.0,1.0,3.70355
2,C_scene,planning,98,-0.5612051,0.0,0.0,1.0,17.971691
2,C_scene,planning,99,-0.5657144,0.0,0.0,0.0,16.65475
2,C_scene,planning,100,-0.2424778,0.0,0.0,0.0,9.233481
2,C_scene,planning,101,-0.18813616,0.0,0.0,1.0,4.50815
2,C_scene,planning,102,-0.013140519,0.0,0.26666666666666666,1.0,2.3700821
2,C_scene,planning,103,-0.22005072,0.0,0.06666666666666667,0.0,20.824009
2,C_scene,planning,104,-0.3255931,0.0,0.0,0.0,11.211319
2,C_scene,planning,105,-0.6919455,0.0,0.0,0.0,22.582447
2,C_scene,planning,106,-0.36928338,0.0,0.0,0.0,16.88382
2,C_scene,planning,107,-0.4682404,0.0,0.0,0.0,14.735521
2,C_scene,planning,108,-0.43133014,0.0,0.0,1.0,15.098095
2,C_scene,planning,109,-0.2786298,0.0,0.0,1.0,3.5244882
2,C_scene,planning,110,-0.43844676,0.0,0.0,1.0,11.786085
2,C_scene,planning,111,-0.443738,0.0,0.0,0.0,19.799814
2,C_scene,planning,112,-0.08035947,0.0,0.0,1.0,5.4432817
2,C_scene,planning,113,-0.16867991,0.0,0.0,1.0,8.879405
2,C_scene,planning,114,-0.8940801,0.0,0.0,0.0,30.533838
2,C_scene,planning,115,-0.35484573,0.0,0.0,1.0,10.397548
2,C_scene,planning,116,-0.32717544,0.0,0.0,1.0,8.937647
2,C_scene,planning,117,-0.7545553,0.0,0.0,0.0,21.96935
2,C_scene,planning,118,-0.15106992,0.0,0.0,1.0,5.2127924
2,C_scene,planning,119,-0.5673933,0.0,0.0,0.0,21.671907
2,C_scene,planning,120,-0.44450018,0.0,0.0,1.0,16.248478
2,C_scene,planning,121,-0.5321223,0.0,0.0,1.0,16.39651
2,C_scene,planning,122,-0.59446365,0.0,0.0,1.0,17.825216
2,C_scene,planning,123,-0.32415104,0.0,0.0,1.0,8.473961
2,C_scene,planning,124,-0.43527594,0.0,0.0,0.0,13.330025
2,C_scene,planning,125,-0.4585186,0.0,0.0,1.0,8.112408
2,C_scene,planning,126,-0.4519589,0.0,0.0,0.0,18.327686
2,C_scene,planning,127,-0.52476096,0.0,0.0,0.0,17.820982
2,C_scene,planning,128,-0.24965006,0.0,0.0,1.0,9.958018
2,C_scene,planning,129,-0.37116867,0.0,0.0,1.0,14.700638
2,C_scene,planning,130,-0.43885893,0.0,0.0,1.0,15.746169
2,C_scene,planning,131,-0.48042285,0.0,0.0,1.0,19.878069
2,C_scene,planning,132,-0.29385847,0.0,0.0,1.0,9.670431
2,C_scene,planning,133,-0.66133285,0.0,0.0,1.0,25.455347
2,C_scene,planning,134,-0.22577453,0.0,0.0,1.0,4.9477
2,C_scene,planning,135,-0.707448,0.0,0.0,0.0,20.191605
2,C_scene,planning,136,-0.56624675,0.0,0.0,0.0,17.506926
2,C_scene,planning,137,-0.47422326,0.0,0.0,0.0,15.354066
2,C_scene,planning,138,-0.6024727,0.0,0.0,1.0,15.746389
2,C_scene,planning,139,-0.11498173,0.0,0.08888888888888889,0.0,14.430179
2,C_scene,planning,140,-0.56394947,0.0,0.0,1.0,12.012065
2,C_scene,planning,141,-0.5759535,0.0,0.0,0.0,25.691025
2,C_scene,planning,142,-0.6203902,0.0,0.0,1.0,15.630813
2,C_scene,planning,143,-0.58105767,0.0,0.0,1.0,19.22612
2,C_scene,planning,144,-0.2474172,0.0,0.0,1.0,5.24148
2,C_scene,planning,145,-0.38810346,0.0,0.0,1.0,7.319519
2,C_scene,planning,146,-0.26359737,0.0,0.0,1.0,7.290725
2,C_scene,planning,147,-0.2864831,0.0,0.0,1.0,10.797903
2,C_scene,planning,148,-0.58381116,0.0,0.0,1.0,10.415199
2,C_scene,planning,149,-0.33045664,0.0,0.0,1.0,9.086975
2,C_scene,planning,150,-0.40465698,0.0,0.0,1.0,10.97171
2,C_scene,planning,151,-0.37092763,0.0,0.0,1.0,9.444535
2,C_scene,planning,152,-0.5661298,0.0,0.0,1.0,19.124834
2,C_scene,planning,153,-0.31742746,0.0,0.0,1.0,7.3340325
2,C_scene,planning,154,-0.44113,0.0,0.0,0.0,14.578099
2,C_scene,planning,155,-0.46293607,0.0,0.0,0.0,11.666519
2,C_scene,planning,156,-0.527032,0.0,0.0,0.0,19.199804
2,C_scene,planning,157,-0.2843707,0.0,0.0,1.0,15.695244
2,C_scene,planning,158,-0.42434523,0.0,0.0,1.0,7.092381
2,C_scene,planning,159,-0.1247908,0.0,0.0,1.0,3.6212163
2,C_scene,planning,160,-0.30602628,0.0,0.0,0.0,12.270306
2,C_scene,planning,161,-0.34016117,0.0,0.0,0.0,10.637152
2,C_scene,planning,162,-0.18997619,0.0,0.0,1.0,3.438375
2,C_scene,planning,163,-0.63011426,0.0,0.0,1.0,20.256302
2,C_scene,planning,164,-0.2837772,0.0,0.0,0.0,10.958094
2,C_scene,planning,165,-0.43080541,0.0,0.0,0.0,14.624082
2,C_scene,planning,166,-0.51027673,0.0,0.0,1.0,17.954058
2,C_scene,planning,167,-0.610813,0.0,0.0,1.0,7.240263
2,C_scene,planning,168,-0.29791102,0.0,0.0,1.0,8.389884
2,C_scene,planning,169,-0.3699973,0.0,0.0,1.0,12.541098
2,C_scene,planning,170,-0.20986107,0.0,0.08888888888888889,0.0,11.0023575
2,C_scene,planning,171,-0.54017735,0.0,0.0,1.0,18.82441
2,C_scene,planning,172,-0.28895542,0.0,0.0,1.0,13.8046055
2,C_scene,planning,173,-0.078882284,0.0,0.0,1.0,4.377275
2,C_scene,planning,174,-0.8203708,0.0,0.0,0.0,27.575342
2,C_scene,planning,175,-0.5245691,0.0,0.0,0.0,16.37271
2,C_scene,planning,176,-0.6902631,0.0,0.0,0.0,19.843424
2,C_scene,planning,177,-0.50336015,0.0,0.0,0.0,12.648049
2,C_scene,planning,178,-0.46939796,0.0,0.0,0.0,14.880625
2,C_scene,planning,179,-0.21337463,0.0,0.0,0.0,8.594507
2,C_scene,planning,180,-0.5525062,0.0,0.0,0.0,18.129929
2,C_scene,planning,181,-0.502735,0.0,0.0,1.0,15.46569
2,C_scene,planning,182,-0.39619935,0.0,0.0,0.0,14.280701
2,C_scene,planning,183,-0.34341428,0.0,0.0,1.0,7.2799273
2,C_scene,planning,184,-0.23494625,0.0,0.0,1.0,8.298242
2,C_scene,planning,185,-0.5320588,0.0,0.0,1.0,18.025148
2,C_scene,planning,186,-0.69834685,0.0,0.0,1.0,18.058907
2,C_scene,planning,187,-0.49999216,0.0,0.0,0.0,14.630362
2,C_scene,planning,188,-0.72285664,0.0,0.0,0.0,17.21462
2,C_scene,planning,189,-0.5643319,0.0,0.0,0.0,18.059498
2,C_scene,planning,190,-0.18474966,0.0,0.0,1.0,8.090028
2,C_scene,planning,191,-0.25970265,0.0,0.0,1.0,11.149052
2,C_scene,planning,192,-0.3706912,0.0,0.0,0.0,12.047562
2,C_scene,planning,193,-0.30010095,0.0,0.0,0.0,9.739757
2,C_scene,planning,194,-0.109969586,0.0,0.0,0.0,9.988554
2,C_scene,planning,195,-0.21602765,0.0,0.0,1.0,7.0937586
2,C_scene,planning,196,-0.32733834,0.0,0.0,1.0,12.041904
2,C_scene,planning,197,-0.27699062,0.0,0.0,1.0,4.180238
2,C_scene,planning,198,-0.43568248,0.0,0.0,1.0,14.908582
2,C_scene,planning,199,-0.71887755,0.0,0.0,0.0,25.143274
2,D_latent,planning,0,-0.2430879,0.0,0.0,1.0,3.1855981
2,D_latent,planning,1,-0.028380029,1.0,0.28888888888888886,1.0,1.2844806
2,D_latent,planning,2,-0.15689301,0.0,0.0,1.0,1.9935234
2,D_latent,planning,3,-0.41673994,0.0,0.0,1.0,4.836169
2,D_latent,planning,4,-0.49508888,0.0,0.0,1.0,16.814835
2,D_latent,planning,5,-0.4593011,0.0,0.0,0.0,9.307931
2,D_latent,planning,6,-0.20602463,0.0,0.0,1.0,5.215239
2,D_latent,planning,7,-0.33235165,0.0,0.0,1.0,5.532256
2,D_latent,planning,8,-0.32699263,0.0,0.0,1.0,9.739431
2,D_latent,planning,9,0.16961172,0.0,0.3333333333333333,1.0,2.1707733
2,D_latent,planning,10,-0.2774103,0.0,0.0,1.0,4.3316174
2,D_latent,planning,11,-0.2972,0.0,0.0,1.0,5.5801578
2,D_latent,planning,12,-0.22057359,0.0,0.0,1.0,1.8234555
2,D_latent,planning,13,-0.2232021,0.0,0.0,1.0,4.0626974
2,D_latent,planning,14,-0.1948114,0.0,0.0,1.0,7.1459017
2,D_latent,planning,15,-0.40880686,0.0,0.0,1.0,5.909121
2,D_latent,planning,16,-0.33402765,0.0,0.0,1.0,12.073553
2,D_latent,planning,17,-0.022253232,0.0,0.08888888888888889,1.0,3.5344074
2,D_latent,planning,18,-0.16431019,0.0,0.0,1.0,2.9599764
2,D_latent,planning,19,-0.40841764,0.0,0.0,1.0,8.697601
2,D_latent,planning,20,-0.29510355,0.0,0.0,1.0,5.220751
2,D_latent,planning,21,-0.23077519,0.0,0.0,1.0,6.8703394
2,D_latent,planning,22,0.08123959,0.0,0.4,1.0,1.7691271
2,D_latent,planning,23,0.042655177,0.0,0.17777777777777778,1.0,4.812334
2,D_latent,planning,24,-0.1212479,0.0,0.0,1.0,1.874328
2,D_latent,planning,25,-0.10227426,0.0,0.0,1.0,1.8713799
2,D_latent,planning,26,-0.11368868,1.0,0.24444444444444444,1.0,1.1755278
2,D_latent,planning,27,-0.10197054,0.0,0.0,1.0,2.7499006
2,D_latent,planning,28,-0.15543285,0.0,0.0,1.0,2.2366793
2,D_latent,planning,29,-0.25102255,0.0,0.0,1.0,3.4952002
2,D_latent,planning,30,-0.49787444,0.0,0.0,0.0,16.77372
2,D_latent,planning,31,-0.3130405,0.0,0.0,1.0,8.064152
2,D_latent,planning,32,-0.43520948,0.0,0.0,1.0,12.477771
2,D_latent,planning,33,-0.25462073,1.0,0.13333333333333333,1.0,0.49637726
2,D_latent,planning,34,-0.42618132,0.0,0.0,1.0,6.964266
2,D_latent,planning,35,-0.22078842,0.0,0.0,1.0,2.6700575
2,D_latent,planning,36,-0.15159543,0.0,0.0,1.0,6.8953505
2,D_latent,planning,37,-0.2182204,0.0,0.0,1.0,8.615868
2,D_latent,planning,38,-0.36226937,0.0,0.0,1.0,6.3086195
2,D_latent,planning,39,-0.11147379,0.0,0.0,1.0,2.0311396
2,D_latent,planning,40,-0.4150291,0.0,0.0,1.0,6.3975525
2,D_latent,planning,41,-0.38482258,0.0,0.0,0.0,12.164494
2,D_latent,planning,42,-0.43963975,0.0,0.0,1.0,13.831581
2,D_latent,planning,43,-0.28474987,0.0,0.0,1.0,6.0164
2,D_latent,planning,44,-0.2264534,0.0,0.0,1.0,8.06442
2,D_latent,planning,45,-0.20133229,0.0,0.0,1.0,5.8688297
2,D_latent,planning,46,0.08456008,1.0,0.3111111111111111,1.0,0.67809147
2,D_latent,planning,47,-0.16760685,0.0,0.0,1.0,3.839653
2,D_latent,planning,48,-0.32902372,0.0,0.0,1.0,5.4037275
2,D_latent,planning,49,-0.16672221,0.0,0.0,1.0,4.345676
2,D_latent,planning,50,-0.3520838,0.0,0.0,1.0,3.1805706
2,D_latent,planning,51,-0.5788275,0.0,0.0,1.0,17.429188
2,D_latent,planning,52,-0.32595688,0.0,0.0,1.0,9.768456
2,D_latent,planning,53,-0.22829507,0.0,0.0,1.0,4.3307376
2,D_latent,planning,54,-0.24223545,0.0,0.0,1.0,7.3006015
2,D_latent,planning,55,-0.36371723,0.0,0.0,1.0,9.804503
2,D_latent,planning,56,-0.2689309,0.0,0.0,1.0,5.790614
2,D_latent,planning,57,-0.27505487,0.0,0.0,1.0,6.871869
2,D_latent,planning,58,-0.30334237,0.0,0.0,0.0,7.510165
2,D_latent,planning,59,-0.16800907,0.0,0.0,1.0,3.2364295
2,D_latent,planning,60,0.08812969,0.0,0.3111111111111111,1.0,2.8601377
2,D_latent,planning,61,-0.39378896,0.0,0.0,0.0,9.51982
2,D_latent,planning,62,-0.38694927,0.0,0.0,1.0,4.1477485
2,D_latent,planning,63,-0.26131588,0.0,0.0,1.0,4.413904
2,D_latent,planning,64,-0.02767133,0.0,0.17777777777777778,1.0,2.7542436
2,D_latent,planning,65,-0.1874195,0.0,0.0,1.0,6.5656624
2,D_latent,planning,66,-0.296778,0.0,0.0,0.0,11.088824
2,D_latent,planning,67,-0.27365783,0.0,0.0,1.0,7.3141403
2,D_latent,planning,68,-0.20656984,0.0,0.0,1.0,6.21211
2,D_latent,planning,69,-0.14304855,0.0,0.0,1.0,4.3518424
2,D_latent,planning,70,-0.23429571,0.0,0.0,1.0,5.5348883
2,D_latent,planning,71,-0.23508371,0.0,0.0,1.0,3.717014
2,D_latent,planning,72,-0.49100503,0.0,0.0,1.0,10.371511
2,D_latent,planning,73,-0.027615333,0.0,0.0,1.0,1.7261574
2,D_latent,planning,74,-0.37898666,0.0,0.0,1.0,4.8587136
2,D_latent,planning,75,-0.33934402,0.0,0.0,1.0,6.291364
2,D_latent,planning,76,-0.16628717,0.0,0.0,1.0,2.6778862
2,D_latent,planning,77,-0.23418704,0.0,0.0,1.0,4.916565
2,D_latent,planning,78,-0.111845024,0.0,0.0,1.0,4.3208346
2,D_latent,planning,79,-0.3460234,0.0,0.0,1.0,8.12533
2,D_latent,planning,80,-0.12972203,0.0,0.0,1.0,6.1564684
2,D_latent,planning,81,-0.31874678,0.0,0.0,1.0,8.074825
2,D_latent,planning,82,-0.27995014,0.0,0.0,1.0,7.317043
2,D_latent,planning,83,-0.2658748,0.0,0.0,1.0,7.0929837
2,D_latent,planning,84,-0.36770135,0.0,0.0,0.0,11.474129
2,D_latent,planning,85,-0.3397035,0.0,0.0,1.0,9.469758
2,D_latent,planning,86,-0.30721763,0.0,0.0,1.0,6.4159718
2,D_latent,planning,87,-0.47468546,0.0,0.0,1.0,10.875185
2,D_latent,planning,88,-0.20065291,0.0,0.0,1.0,3.4664936
2,D_latent,planning,89,-0.25560915,0.0,0.0,0.0,7.8926744
2,D_latent,planning,90,-0.35596764,0.0,0.0,0.0,10.123403
2,D_latent,planning,91,-0.14829126,0.0,0.0,1.0,3.4840784
2,D_latent,planning,92,-0.39748493,1.0,0.13333333333333333,1.0,1.1935077
2,D_latent,planning,93,-0.18614087,0.0,0.0,1.0,7.1042247
2,D_latent,planning,94,-0.4134023,0.0,0.0,1.0,15.291043
2,D_latent,planning,95,-0.15398836,0.0,0.0,1.0,5.704883
2,D_latent,planning,96,-0.22825602,0.0,0.0,1.0,8.213184
2,D_latent,planning,97,-0.16906267,0.0,0.0,1.0,6.0051937
2,D_latent,planning,98,-0.26698807,0.0,0.0,1.0,6.117444
2,D_latent,planning,99,-0.24506637,0.0,0.0,1.0,2.6324894
2,D_latent,planning,100,-0.21091889,0.0,0.0,1.0,6.967818
2,D_latent,planning,101,-0.057600774,0.0,0.0,1.0,2.3865502
2,D_latent,planning,102,-0.23170997,0.0,0.0,1.0,7.309513
2,D_latent,planning,103,-0.16770157,0.0,0.0,1.0,5.645227
2,D_latent,planning,104,-0.27563164,0.0,0.0,0.0,7.3545804
2,D_latent,planning,105,-0.25780958,0.0,0.0,1.0,3.3261771
2,D_latent,planning,106,-0.25276634,0.0,0.0,1.0,7.4457154
2,D_latent,planning,107,-0.30910203,0.0,0.0,1.0,6.624277
2,D_latent,planning,108,-0.22858596,0.0,0.0,1.0,3.5726254
2,D_latent,planning,109,-0.17826301,0.0,0.0,1.0,5.5107317
2,D_latent,planning,110,-0.026631527,1.0,0.3111111111111111,1.0,1.0372612
2,D_latent,planning,111,-0.29647872,0.0,0.0,1.0,6.902892
2,D_latent,planning,112,-0.026891014,0.0,0.0,1.0,3.5336254
2,D_latent,planning,113,-0.08396588,0.0,0.0,1.0,5.8335238
2,D_latent,planning,114,-0.35219634,0.0,0.0,1.0,5.02252
2,D_latent,planning,115,-0.21467234,0.0,0.0,1.0,4.8635006
2,D_latent,planning,116,-0.33428854,0.0,0.0,1.0,11.29236
2,D_latent,planning,117,-0.43523487,0.0,0.0,1.0,2.8311493
2,D_latent,planning,118,-0.17055644,0.0,0.0,1.0,8.652287
2,D_latent,planning,119,-0.2394072,0.0,0.0,1.0,6.6632066
2,D_latent,planning,120,-0.33208412,0.0,0.0,1.0,8.542562
2,D_latent,planning,121,-0.5518811,0.0,0.0,1.0,17.814823
2,D_latent,planning,122,-0.38488656,0.0,0.0,1.0,6.585675
2,D_latent,planning,123,-0.22060554,0.0,0.0,1.0,7.1669006
2,D_latent,planning,124,-0.3267748,0.0,0.0,1.0,7.987464
2,D_latent,planning,125,-0.3811711,0.0,0.0,0.0,11.788538
2,D_latent,planning,126,-0.3505309,0.0,0.0,1.0,13.060171
2,D_latent,planning,127,-0.2863464,0.0,0.0,1.0,6.7793036
2,D_latent,planning,128,-0.24402864,0.0,0.0,1.0,8.66977
2,D_latent,planning,129,-0.378426,0.0,0.0,1.0,12.071521
2,D_latent,planning,130,-0.30009454,0.0,0.0,1.0,7.0630116
2,D_latent,planning,131,-0.0512524,0.0,0.2222222222222222,1.0,1.7279793
2,D_latent,planning,132,-0.21094984,0.0,0.0,1.0,7.0559025
2,D_latent,planning,133,-0.32016462,0.0,0.0,1.0,10.766057
2,D_latent,planning,134,-0.21357155,0.0,0.0,1.0,2.7512164
2,D_latent,planning,135,-0.36014536,0.0,0.0,1.0,9.741693
2,D_latent,planning,136,-0.2340672,0.0,0.0,1.0,5.5410123
2,D_latent,planning,137,-0.42285317,0.0,0.0,0.0,14.2653055
2,D_latent,planning,138,-0.49567834,0.0,0.0,1.0,15.022702
2,D_latent,planning,139,-0.22212335,0.0,0.0,1.0,7.4389553
2,D_latent,planning,140,-0.3127794,0.0,0.0,1.0,7.8284755
2,D_latent,planning,141,-0.39524472,0.0,0.0,1.0,9.341172
2,D_latent,planning,142,-0.23383914,0.0,0.0,1.0,4.3925447
2,D_latent,planning,143,-0.2798073,0.0,0.0,1.0,8.892393
2,D_latent,planning,144,-0.16378847,0.0,0.0,1.0,4.726012
2,D_latent,planning,145,-0.35943916,0.0,0.0,1.0,6.903637
2,D_latent,planning,146,-0.05521629,0.0,0.0,1.0,1.9831767
2,D_latent,planning,147,-0.2734522,0.0,0.0,1.0,10.722497
2,D_latent,planning,148,-0.3133645,0.0,0.0,1.0,6.93053
2,D_latent,planning,149,-0.2905665,0.0,0.0,1.0,9.848214
2,D_latent,planning,150,-0.12817384,0.0,0.15555555555555556,1.0,3.9641953
2,D_latent,planning,151,-0.44344822,0.0,0.0,1.0,14.977292
2,D_latent,planning,152,-0.31618255,0.0,0.0,1.0,9.258996
2,D_latent,planning,153,-0.18777016,0.0,0.0,1.0,3.2880101
2,D_latent,planning,154,-0.17814535,0.0,0.0,1.0,2.3381321
2,D_latent,planning,155,-0.1340806,1.0,0.2,1.0,1.2882365
2,D_latent,planning,156,-0.21829319,0.0,0.0,1.0,2.7063782
2,D_latent,planning,157,-0.31116754,0.0,0.0,1.0,10.809997
2,D_latent,planning,158,-0.40836322,0.0,0.0,0.0,9.492409
2,D_latent,planning,159,0.1289992,1.0,0.5111111111111111,1.0,1.0075337
2,D_latent,planning,160,-0.16658804,0.0,0.0,1.0,3.990072
2,D_latent,planning,161,-0.31679726,0.0,0.0,1.0,6.428254
2,D_latent,planning,162,-0.27681056,0.0,0.0,1.0,5.334
2,D_latent,planning,163,-0.14886858,0.0,0.0,1.0,2.8944032
2,D_latent,planning,164,-0.15122525,0.0,0.0,1.0,3.528634
2,D_latent,planning,165,-0.32676393,0.0,0.0,0.0,11.621428
2,D_latent,planning,166,-0.40797272,0.0,0.0,1.0,10.599181
2,D_latent,planning,167,-0.40168303,0.0,0.0,1.0,5.3139853
2,D_latent,planning,168,-0.30762964,0.0,0.0,1.0,8.267137
2,D_latent,planning,169,-0.37602186,0.0,0.0,1.0,12.19745
2,D_latent,planning,170,-0.18764894,0.0,0.08888888888888889,0.0,12.383862
2,D_latent,planning,171,-0.29588047,0.0,0.0,1.0,3.7841535
2,D_latent,planning,172,-0.23036385,0.0,0.0,1.0,9.969004
2,D_latent,planning,173,-0.19153453,0.0,0.0,1.0,5.2999377
2,D_latent,planning,174,-0.31363952,0.0,0.0,1.0,4.0335293
2,D_latent,planning,175,-0.14425254,0.0,0.0,1.0,2.4013772
2,D_latent,planning,176,-0.32669213,0.0,0.0,1.0,4.608384
2,D_latent,planning,177,-0.26965204,0.0,0.0,1.0,2.7678428
2,D_latent,planning,178,-0.3579207,0.0,0.0,0.0,10.646239
2,D_latent,planning,179,-0.06712935,0.0,0.0,1.0,1.9626709
2,D_latent,planning,180,-0.09608173,0.0,0.2,1.0,3.1760812
2,D_latent,planning,181,-0.3365953,0.0,0.0,1.0,9.464228
2,D_latent,planning,182,-0.3475407,0.0,0.0,0.0,12.8864155
2,D_latent,planning,183,-0.52223533,0.0,0.0,1.0,15.846081
2,D_latent,planning,184,-0.28723252,0.0,0.0,1.0,11.285401
2,D_latent,planning,185,-0.31467956,0.0,0.0,1.0,8.094152
2,D_latent,planning,186,-0.26293266,0.0,0.0,1.0,4.734525
2,D_latent,planning,187,-0.41926384,0.0,0.0,1.0,13.621315
2,D_latent,planning,188,-0.57547265,0.0,0.0,1.0,12.502506
2,D_latent,planning,189,-0.28757092,0.0,0.0,1.0,3.3438442
2,D_latent,planning,190,0.028145848,0.0,0.0,1.0,2.1079335
2,D_latent,planning,191,-0.36799723,0.0,0.0,1.0,15.390162
2,D_latent,planning,192,-0.18327484,0.0,0.0,1.0,4.7878094
2,D_latent,planning,193,-0.15902431,0.0,0.0,1.0,2.8886979
2,D_latent,planning,194,-0.13018629,0.0,0.0,1.0,5.558111
2,D_latent,planning,195,-0.17323434,0.0,0.0,1.0,7.93765
2,D_latent,planning,196,-0.18312523,0.0,0.0,1.0,3.9994469
2,D_latent,planning,197,-0.24889699,0.0,0.0,0.0,8.15931
2,D_latent,planning,198,-0.3017324,0.0,0.0,1.0,8.049432
2,D_latent,planning,199,-0.4783279,0.0,0.0,0.0,14.984785
2,B_task_nopark,planning,0,-0.18385848,0.0,0.06666666666666667,1.0,3.9139864
2,B_task_nopark,planning,1,-0.070553906,0.0,0.17777777777777778,1.0,3.3459702
2,B_task_nopark,planning,2,-0.12348654,0.0,0.17777777777777778,1.0,1.9096569
2,B_task_nopark,planning,3,-0.34879276,0.0,0.0,1.0,5.0640554
2,B_task_nopark,planning,4,-0.34947988,0.0,0.0,1.0,8.720724
2,B_task_nopark,planning,5,-0.24224763,0.0,0.13333333333333333,1.0,2.99938
2,B_task_nopark,planning,6,-0.021655044,0.0,0.0,1.0,2.125613
2,B_task_nopark,planning,7,-0.23244406,0.0,0.0,1.0,3.2375126
2,B_task_nopark,planning,8,-0.13931227,0.0,0.0,1.0,4.451985
2,B_task_nopark,planning,9,-0.11329257,0.0,0.08888888888888889,1.0,6.7825975
2,B_task_nopark,planning,10,-0.30609602,0.0,0.0,1.0,5.4216976
2,B_task_nopark,planning,11,-0.1699705,0.0,0.06666666666666667,1.0,6.953494
2,B_task_nopark,planning,12,-0.13036634,0.0,0.022222222222222223,1.0,3.1328669
2,B_task_nopark,planning,13,0.05420554,0.0,0.24444444444444444,1.0,1.8580248
2,B_task_nopark,planning,14,-0.11160664,0.0,0.0,1.0,2.4619296
2,B_task_nopark,planning,15,-0.34318092,0.0,0.0,1.0,2.9138753
2,B_task_nopark,planning,16,-0.2155394,1.0,0.022222222222222223,1.0,1.5331837
2,B_task_nopark,planning,17,-0.09068684,0.0,0.08888888888888889,1.0,4.694926
2,B_task_nopark,planning,18,-0.15071213,0.0,0.0,1.0,3.586638
2,B_task_nopark,planning,19,-0.26612613,1.0,0.08888888888888889,1.0,1.5105785
2,B_task_nopark,planning,20,-0.14163989,0.0,0.17777777777777778,1.0,2.5517368
2,B_task_nopark,planning,21,-0.074333884,1.0,0.1111111111111111,1.0,1.3082722
2,B_task_nopark,planning,22,0.015852373,0.0,0.2222222222222222,1.0,2.0325773
2,B_task_nopark,planning,23,-0.15838555,0.0,0.0,1.0,7.6075196
2,B_task_nopark,planning,24,-0.015194119,1.0,0.3333333333333333,1.0,1.0489302
2,B_task_nopark,planning,25,-0.079297766,0.0,0.08888888888888889,1.0,3.397453
2,B_task_nopark,planning,26,-0.14766021,0.0,0.15555555555555556,1.0,2.9010909
2,B_task_nopark,planning,27,-0.055822875,0.0,0.1111111111111111,1.0,3.3131328
2,B_task_nopark,planning,28,-0.19892964,0.0,0.08888888888888889,1.0,6.594916
2,B_task_nopark,planning,29,-0.20489115,0.0,0.0,1.0,2.9116478
2,B_task_nopark,planning,30,-0.28868067,0.0,0.0,1.0,3.11789
2,B_task_nopark,planning,31,-0.11724656,1.0,0.15555555555555556,1.0,1.3851091
2,B_task_nopark,planning,32,-0.1127489,1.0,0.1111111111111111,1.0,1.4976827
2,B_task_nopark,planning,33,-0.30647072,0.0,0.0,1.0,1.85752
2,B_task_nopark,planning,34,-0.3348967,0.0,0.0,1.0,2.1206813
2,B_task_nopark,planning,35,-0.029799249,0.0,0.2,1.0,1.9124969
2,B_task_nopark,planning,36,-0.12446802,0.0,0.0,1.0,3.8075523
2,B_task_nopark,planning,37,-0.17919907,0.0,0.0,1.0,7.023306
2,B_task_nopark,planning,38,-0.17308134,1.0,0.1111111111111111,1.0,1.4013666
2,B_task_nopark,planning,39,-0.049104795,0.0,0.24444444444444444,1.0,2.157118
2,B_task_nopark,planning,40,-0.41544715,0.0,0.0,1.0,5.6294727
2,B_task_nopark,planning,41,-0.19208507,0.0,0.0,1.0,2.908126
2,B_task_nopark,planning,42,-0.28643852,0.0,0.0,1.0,7.3009505
2,B_task_nopark,planning,43,-0.11427677,0.0,0.1111111111111111,1.0,5.5631576
2,B_task_nopark,planning,44,0.12878868,1.0,0.4444444444444444,1.0,0.84341
2,B_task_nopark,planning,45,-0.12954138,0.0,0.0,1.0,2.272677
2,B_task_nopark,planning,46,-0.14981206,0.0,0.0,1.0,5.1521115
2,B_task_nopark,planning,47,-0.06838425,0.0,0.0,1.0,2.4197886
2,B_task_nopark,planning,48,-0.19862667,1.0,0.044444444444444446,1.0,1.1957809
2,B_task_nopark,planning,49,-0.15657637,0.0,0.0,1.0,6.9752955
2,B_task_nopark,planning,50,-0.3487108,0.0,0.0,1.0,3.2564044
2,B_task_nopark,planning,51,-0.29029524,0.0,0.0,1.0,2.3781917
2,B_task_nopark,planning,52,-0.22971223,0.0,0.0,1.0,6.5632863
2,B_task_nopark,planning,53,-0.01762174,0.0,0.15555555555555556,1.0,2.7906225
2,B_task_nopark,planning,54,-0.17062949,0.0,0.0,1.0,5.635804
2,B_task_nopark,planning,55,-0.1710992,0.0,0.0,1.0,3.568081
2,B_task_nopark,planning,56,-0.23077458,0.0,0.0,1.0,4.577061
2,B_task_nopark,planning,57,-0.14292917,0.0,0.0,1.0,3.4748712
2,B_task_nopark,planning,58,-0.18864681,0.0,0.0,1.0,3.4989133
2,B_task_nopark,planning,59,-0.028988184,0.0,0.24444444444444444,1.0,2.0558426
2,B_task_nopark,planning,60,-0.032773767,0.0,0.08888888888888889,1.0,2.738125
2,B_task_nopark,planning,61,-0.15258603,0.0,0.15555555555555556,1.0,1.627602
2,B_task_nopark,planning,62,-0.23787116,1.0,0.15555555555555556,1.0,0.5946216
2,B_task_nopark,planning,63,-0.11243443,0.0,0.13333333333333333,1.0,4.1802983
2,B_task_nopark,planning,64,-0.19693772,0.0,0.0,1.0,4.0365024
2,B_task_nopark,planning,65,-0.12475451,0.0,0.0,1.0,3.0289268
2,B_task_nopark,planning,66,0.028725397,1.0,0.3111111111111111,1.0,1.0146543
2,B_task_nopark,planning,67,-0.22540575,0.0,0.0,1.0,5.258259
2,B_task_nopark,planning,68,-0.022871193,1.0,0.17777777777777778,1.0,0.28586128
2,B_task_nopark,planning,69,-0.11514814,0.0,0.0,1.0,4.8568096
2,B_task_nopark,planning,70,0.09755958,1.0,0.3111111111111111,1.0,1.1919252
2,B_task_nopark,planning,71,-0.10939362,0.0,0.15555555555555556,1.0,3.5023665
2,B_task_nopark,planning,72,-0.3441619,0.0,0.0,1.0,3.932759
2,B_task_nopark,planning,73,0.24709116,1.0,0.6888888888888889,1.0,1.2224544
2,B_task_nopark,planning,74,-0.26878735,0.0,0.0,1.0,1.8941964
2,B_task_nopark,planning,75,-0.3550453,0.0,0.0,1.0,6.208744
2,B_task_nopark,planning,76,-0.20698681,0.0,0.0,1.0,2.5468884
2,B_task_nopark,planning,77,-0.28516853,0.0,0.0,1.0,7.914595
2,B_task_nopark,planning,78,0.042991847,0.0,0.022222222222222223,1.0,2.9036381
2,B_task_nopark,planning,79,-0.24402007,0.0,0.0,1.0,3.606663
2,B_task_nopark,planning,80,0.016028741,0.0,0.0,1.0,3.3323176
2,B_task_nopark,planning,81,-0.10645048,0.0,0.08888888888888889,1.0,4.054261
2,B_task_nopark,planning,82,-0.12386008,0.0,0.0,1.0,3.724228
2,B_task_nopark,planning,83,-0.07503022,1.0,0.2,1.0,0.9159073
2,B_task_nopark,planning,84,-0.2116399,0.0,0.0,1.0,3.9145648
2,B_task_nopark,planning,85,-0.20755553,0.0,0.0,1.0,4.89969
2,B_task_nopark,planning,86,-0.016868033,1.0,0.3111111111111111,1.0,0.64294225
2,B_task_nopark,planning,87,-0.40217286,0.0,0.0,1.0,5.247766
2,B_task_nopark,planning,88,0.107314885,1.0,0.4888888888888889,1.0,0.9041753
2,B_task_nopark,planning,89,-0.19256932,0.0,0.0,1.0,4.1821465
2,B_task_nopark,planning,90,-0.24761195,0.0,0.0,1.0,4.8883867
2,B_task_nopark,planning,91,-0.03336471,0.0,0.2,1.0,2.6003587
2,B_task_nopark,planning,92,-0.4018359,0.0,0.13333333333333333,1.0,1.8827994
2,B_task_nopark,planning,93,-0.109758325,0.0,0.0,1.0,5.2668195
2,B_task_nopark,planning,94,-0.12611927,1.0,0.06666666666666667,1.0,1.0705926
2,B_task_nopark,planning,95,-0.12056569,0.0,0.0,1.0,2.6961434
2,B_task_nopark,planning,96,-0.20535415,0.0,0.0,1.0,7.3204117
2,B_task_nopark,planning,97,0.015671616,1.0,0.06666666666666667,1.0,1.3721974
2,B_task_nopark,planning,98,-0.05535122,0.0,0.17777777777777778,1.0,2.8767226
2,B_task_nopark,planning,99,-0.23820224,0.0,0.0,1.0,1.6198691
2,B_task_nopark,planning,100,-0.18867806,0.0,0.0,1.0,4.83012
2,B_task_nopark,planning,101,0.09301193,1.0,0.3111111111111111,1.0,0.5729601
2,B_task_nopark,planning,102,-0.12849832,0.0,0.0,1.0,1.9886231
2,B_task_nopark,planning,103,-0.056243207,0.0,0.0,1.0,1.7386688
2,B_task_nopark,planning,104,-0.20829485,0.0,0.0,1.0,6.6493673
2,B_task_nopark,planning,105,-0.2187514,0.0,0.0,1.0,3.1734598
2,B_task_nopark,planning,106,0.14775363,1.0,0.4666666666666667,1.0,0.44683015
2,B_task_nopark,planning,107,-0.164921,0.0,0.0,1.0,2.4410255
2,B_task_nopark,planning,108,-0.01038072,1.0,0.26666666666666666,1.0,0.89656556
2,B_task_nopark,planning,109,-0.085329875,0.0,0.0,1.0,1.7738285
2,B_task_nopark,planning,110,-0.018482523,0.0,0.24444444444444444,1.0,2.5893471
2,B_task_nopark,planning,111,-0.15050425,0.0,0.0,1.0,2.9979331
2,B_task_nopark,planning,112,-0.10350925,0.0,0.08888888888888889,1.0,4.5906796
2,B_task_nopark,planning,113,0.1559194,0.0,0.1111111111111111,1.0,2.8684638
2,B_task_nopark,planning,114,-0.21025664,0.0,0.15555555555555556,1.0,1.5538688
2,B_task_nopark,planning,115,-0.031458337,1.0,0.26666666666666666,1.0,0.6736843
2,B_task_nopark,planning,116,-0.24089581,0.0,0.0,1.0,6.6092114
2,B_task_nopark,planning,117,-0.4269343,0.0,0.0,1.0,2.401763
2,B_task_nopark,planning,118,0.18194853,1.0,0.5555555555555556,1.0,1.5351201
2,B_task_nopark,planning,119,-0.17208889,0.0,0.0,1.0,3.3561828
2,B_task_nopark,planning,120,-0.016123107,0.0,0.0,1.0,1.6720773
2,B_task_nopark,planning,121,-0.1826204,1.0,0.044444444444444446,1.0,1.3388983
2,B_task_nopark,planning,122,-0.20114593,0.0,0.15555555555555556,1.0,2.7720535
2,B_task_nopark,planning,123,-0.12122172,0.0,0.0,1.0,3.472211
2,B_task_nopark,planning,124,-0.099314824,0.0,0.17777777777777778,1.0,3.4176023
2,B_task_nopark,planning,125,-0.12370315,1.0,0.13333333333333333,1.0,1.081772
2,B_task_nopark,planning,126,-0.20191744,0.0,0.0,1.0,3.0762734
2,B_task_nopark,planning,127,-0.18325837,1.0,0.022222222222222223,1.0,1.4401906
2,B_task_nopark,planning,128,-0.20020142,0.0,0.0,1.0,7.1747046
2,B_task_nopark,planning,129,-0.265381,0.0,0.0,1.0,5.3289604
2,B_task_nopark,planning,130,-0.12353581,1.0,0.044444444444444446,1.0,1.3525708
2,B_task_nopark,planning,131,-0.02428715,0.0,0.24444444444444444,1.0,2.6090813
2,B_task_nopark,planning,132,0.12560402,1.0,0.4444444444444444,1.0,1.5431516
2,B_task_nopark,planning,133,-0.052952953,0.0,0.0,1.0,3.4924695
2,B_task_nopark,planning,134,-0.14995159,0.0,0.0,1.0,3.5126977
2,B_task_nopark,planning,135,-0.12616634,1.0,0.2222222222222222,1.0,1.3033661
2,B_task_nopark,planning,136,-0.099999234,0.0,0.13333333333333333,1.0,3.6873326
2,B_task_nopark,planning,137,-0.40676787,0.0,0.0,1.0,10.921342
2,B_task_nopark,planning,138,-0.15435122,1.0,0.15555555555555556,1.0,1.1805694
2,B_task_nopark,planning,139,-0.10659105,0.0,0.0,1.0,3.3675172
2,B_task_nopark,planning,140,-0.14556259,0.0,0.13333333333333333,1.0,4.0860076
2,B_task_nopark,planning,141,-0.24624602,0.0,0.0,1.0,4.053851
2,B_task_nopark,planning,142,-0.1533385,0.0,0.1111111111111111,1.0,4.1906524
2,B_task_nopark,planning,143,0.017952781,1.0,0.35555555555555557,1.0,0.6582013
2,B_task_nopark,planning,144,-0.061540425,0.0,0.0,1.0,4.822667
2,B_task_nopark,planning,145,-0.1863202,0.0,0.0,1.0,3.2482471
2,B_task_nopark,planning,146,-0.014168429,0.0,0.2,1.0,3.3036573
2,B_task_nopark,planning,147,-0.17553015,0.0,0.0,1.0,5.038606
2,B_task_nopark,planning,148,-0.111767486,0.0,0.17777777777777778,1.0,2.8559601
2,B_task_nopark,planning,149,-0.13532244,0.0,0.0,1.0,3.9434848
2,B_task_nopark,planning,150,-0.07966922,0.0,0.2222222222222222,1.0,2.5954697
2,B_task_nopark,planning,151,-0.27376857,0.0,0.0,1.0,5.030896
2,B_task_nopark,planning,152,-0.094809555,0.0,0.0,1.0,2.7201378
2,B_task_nopark,planning,153,0.052962188,0.0,0.3333333333333333,1.0,1.7361242
2,B_task_nopark,planning,154,-0.13508226,0.0,0.08888888888888889,1.0,3.1070588
2,B_task_nopark,planning,155,-0.21075752,0.0,0.0,1.0,2.8616695
2,B_task_nopark,planning,156,-0.16655149,0.0,0.0,1.0,2.4810524
2,B_task_nopark,planning,157,-0.2077448,0.0,0.0,1.0,3.5848444
2,B_task_nopark,planning,158,-0.088339254,1.0,0.24444444444444444,1.0,0.41076463
2,B_task_nopark,planning,159,-0.08991358,0.0,0.08888888888888889,1.0,4.0093517
2,B_task_nopark,planning,160,-0.119988725,0.0,0.0,1.0,3.6274555
2,B_task_nopark,planning,161,-0.093125686,0.0,0.15555555555555556,1.0,4.5781837
2,B_task_nopark,planning,162,-0.22007075,0.0,0.0,1.0,4.048227
2,B_task_nopark,planning,163,-0.07832084,0.0,0.0,1.0,1.770159
2,B_task_nopark,planning,164,-0.00255051,0.0,0.06666666666666667,1.0,3.5398464
2,B_task_nopark,planning,165,-0.30897138,0.0,0.0,0.0,8.791065
2,B_task_nopark,planning,166,-0.12976402,0.0,0.1111111111111111,1.0,3.509766
2,B_task_nopark,planning,167,-0.23606962,1.0,0.17777777777777778,1.0,1.2944907
2,B_task_nopark,planning,168,-0.033268027,0.0,0.13333333333333333,1.0,3.3615963
2,B_task_nopark,planning,169,-0.17139907,0.0,0.0,1.0,2.98771
2,B_task_nopark,planning,170,-0.10254356,0.0,0.08888888888888889,1.0,7.2193174
2,B_task_nopark,planning,171,-0.19863531,0.0,0.0,1.0,1.9150239
2,B_task_nopark,planning,172,0.049349166,0.0,0.24444444444444444,1.0,1.9392285
2,B_task_nopark,planning,173,0.026117355,0.0,0.13333333333333333,1.0,1.852794
2,B_task_nopark,planning,174,-0.23769234,1.0,0.06666666666666667,1.0,1.439383
2,B_task_nopark,planning,175,-0.14718263,0.0,0.08888888888888889,1.0,3.7482297
2,B_task_nopark,planning,176,-0.2503789,0.0,0.0,1.0,2.457461
2,B_task_nopark,planning,177,-0.17890836,0.0,0.1111111111111111,1.0,3.3574197
2,B_task_nopark,planning,178,-0.091184735,0.0,0.17777777777777778,1.0,3.177205
2,B_task_nopark,planning,179,-0.14181274,0.0,0.06666666666666667,1.0,3.8754213
2,B_task_nopark,planning,180,-0.23588194,0.0,0.0,1.0,3.3281775
2,B_task_nopark,planning,181,-0.038773764,0.0,0.0,1.0,2.4163094
2,B_task_nopark,planning,182,-0.25845143,0.0,0.0,1.0,5.5058694
2,B_task_nopark,planning,183,-0.21929862,0.0,0.0,1.0,3.1054103
2,B_task_nopark,planning,184,-0.2025311,0.0,0.0,1.0,4.7854586
2,B_task_nopark,planning,185,-0.09820305,0.0,0.0,1.0,1.991859
2,B_task_nopark,planning,186,-0.26013744,0.0,0.0,1.0,4.084973
2,B_task_nopark,planning,187,-0.09645259,0.0,0.2,1.0,1.7623198
2,B_task_nopark,planning,188,-0.24608406,0.0,0.13333333333333333,1.0,3.743082
2,B_task_nopark,planning,189,-0.17413248,0.0,0.022222222222222223,1.0,3.616257
2,B_task_nopark,planning,190,0.18275608,0.0,0.37777777777777777,1.0,3.1052082
2,B_task_nopark,planning,191,0.12421688,1.0,0.5111111111111111,1.0,1.432317
2,B_task_nopark,planning,192,0.075920224,1.0,0.4666666666666667,1.0,0.9451237
2,B_task_nopark,planning,193,-0.033656865,0.0,0.06666666666666667,1.0,1.5713035
2,B_task_nopark,planning,194,-0.06685172,0.0,0.06666666666666667,1.0,4.372705
2,B_task_nopark,planning,195,-0.121266484,0.0,0.0,1.0,3.6437924
2,B_task_nopark,planning,196,-0.11951417,0.0,0.0,1.0,4.3560376
2,B_task_nopark,planning,197,0.06509665,1.0,0.4222222222222222,1.0,1.1199716
2,B_task_nopark,planning,198,-0.18081605,0.0,0.0,1.0,2.331731
2,B_task_nopark,planning,199,-0.27125126,0.0,0.0,1.0,3.2093592
2,D_latent_nopark,planning,0,-0.1218465,0.0,0.15555555555555556,1.0,2.4447973
2,D_latent_nopark,planning,1,-0.0112950485,0.0,0.2,1.0,2.3070936
2,D_latent_nopark,planning,2,-0.14982463,0.0,0.1111111111111111,1.0,4.3292356
2,D_latent_nopark,planning,3,-0.15903555,1.0,0.3333333333333333,1.0,1.3070481
2,D_latent_nopark,planning,4,-0.14329773,0.0,0.0,1.0,2.5564277
2,D_latent_nopark,planning,5,-0.23055284,0.0,0.1111111111111111,1.0,1.982683
2,D_latent_nopark,planning,6,0.07445685,1.0,0.3111111111111111,1.0,1.3316374
2,D_latent_nopark,planning,7,-0.19190256,0.0,0.1111111111111111,1.0,2.4374864
2,D_latent_nopark,planning,8,-0.06229479,0.0,0.0,1.0,1.9433768
2,D_latent_nopark,planning,9,0.062131505,0.0,0.08888888888888889,1.0,2.5996149
2,D_latent_nopark,planning,10,-0.03815182,1.0,0.35555555555555557,1.0,0.53479964
2,D_latent_nopark,planning,11,-0.09514374,0.0,0.1111111111111111,1.0,3.8968453
2,D_latent_nopark,planning,12,-0.19160943,0.0,0.0,1.0,4.842563
2,D_latent_nopark,planning,13,0.1500035,1.0,0.5555555555555556,1.0,1.319498
2,D_latent_nopark,planning,14,0.22682987,1.0,0.7111111111111111,1.0,1.2189735
2,D_latent_nopark,planning,15,-0.23233177,0.0,0.1111111111111111,1.0,2.648101
2,D_latent_nopark,planning,16,-0.08490698,1.0,0.08888888888888889,1.0,1.4485933
2,D_latent_nopark,planning,17,-0.10182293,0.0,0.08888888888888889,1.0,6.177144
2,D_latent_nopark,planning,18,-0.09338296,0.0,0.0,1.0,2.3536446
2,D_latent_nopark,planning,19,-0.17499575,1.0,0.26666666666666666,1.0,1.1859188
2,D_latent_nopark,planning,20,-0.074086264,1.0,0.35555555555555557,1.0,0.92766595
2,D_latent_nopark,planning,21,0.092126876,0.0,0.26666666666666666,1.0,2.4659543
2,D_latent_nopark,planning,22,0.07831486,0.0,0.4,1.0,1.6901696
2,D_latent_nopark,planning,23,0.0071797213,0.0,0.0,1.0,2.1249242
2,D_latent_nopark,planning,24,-0.008742052,0.0,0.2222222222222222,1.0,2.2602897
2,D_latent_nopark,planning,25,-0.06612241,1.0,0.08888888888888889,1.0,1.4285704
2,D_latent_nopark,planning,26,-0.0735362,1.0,0.24444444444444444,1.0,1.5351473
2,D_latent_nopark,planning,27,-0.05721376,0.0,0.08888888888888889,1.0,2.1979318
2,D_latent_nopark,planning,28,-0.13339998,0.0,0.1111111111111111,1.0,2.534744
2,D_latent_nopark,planning,29,-0.08005548,0.0,0.2,1.0,2.0574858
2,D_latent_nopark,planning,30,-0.13099818,1.0,0.17777777777777778,1.0,1.0901345
2,D_latent_nopark,planning,31,-0.15833096,0.0,0.0,1.0,2.6040773
2,D_latent_nopark,planning,32,-0.07153861,0.0,0.15555555555555556,1.0,2.835051
2,D_latent_nopark,planning,33,-0.19185108,1.0,0.26666666666666666,1.0,1.2194215
2,D_latent_nopark,planning,34,-0.21177217,1.0,0.26666666666666666,1.0,0.5746178
2,D_latent_nopark,planning,35,-0.10143767,0.0,0.0,1.0,2.5691109
2,D_latent_nopark,planning,36,-0.00032563094,0.0,0.0,1.0,3.321735
2,D_latent_nopark,planning,37,0.07677592,1.0,0.26666666666666666,1.0,0.9629192
2,D_latent_nopark,planning,38,-0.04581652,1.0,0.4222222222222222,1.0,0.907528
2,D_latent_nopark,planning,39,-0.21204649,0.0,0.0,1.0,2.7163303
2,D_latent_nopark,planning,40,-0.27435544,0.0,0.044444444444444446,1.0,4.0029755
2,D_latent_nopark,planning,41,0.038969122,1.0,0.4222222222222222,1.0,1.2842543
2,D_latent_nopark,planning,42,-0.06406776,0.0,0.0,1.0,1.7977887
2,D_latent_nopark,planning,43,0.045909252,0.0,0.28888888888888886,1.0,1.5836895
2,D_latent_nopark,planning,44,0.13575819,0.0,0.4,1.0,2.6639996
2,D_latent_nopark,planning,45,-0.13379385,0.0,0.0,1.0,4.8077636
2,D_latent_nopark,planning,46,-0.05164952,0.0,0.0,1.0,2.7957184
2,D_latent_nopark,planning,47,0.03965971,0.0,0.06666666666666667,1.0,2.6393356
2,D_latent_nopark,planning,48,-0.050581884,1.0,0.28888888888888886,1.0,0.68023235
2,D_latent_nopark,planning,49,-0.0467034,0.0,0.0,1.0,2.534042
2,D_latent_nopark,planning,50,-0.16807464,1.0,0.28888888888888886,1.0,1.2838411
2,D_latent_nopark,planning,51,-0.16298601,0.0,0.13333333333333333,1.0,3.1233544
2,D_latent_nopark,planning,52,-0.0350406,0.0,0.0,1.0,1.7458427
2,D_latent_nopark,planning,53,-0.21676731,0.0,0.0,1.0,4.198061
2,D_latent_nopark,planning,54,-0.053850163,0.0,0.1111111111111111,1.0,2.9471035
2,D_latent_nopark,planning,55,-0.16127457,0.0,0.0,1.0,3.1252074
2,D_latent_nopark,planning,56,0.009080008,1.0,0.37777777777777777,1.0,0.4076978
2,D_latent_nopark,planning,57,-0.079172574,0.0,0.0,1.0,3.1833801
2,D_latent_nopark,planning,58,0.055152215,1.0,0.4,1.0,0.81497604
2,D_latent_nopark,planning,59,-0.019932348,0.0,0.15555555555555556,1.0,2.56994
2,D_latent_nopark,planning,60,-0.014514575,0.0,0.06666666666666667,1.0,1.853654
2,D_latent_nopark,planning,61,-0.027618615,1.0,0.4222222222222222,1.0,0.8773816
2,D_latent_nopark,planning,62,-0.15256938,1.0,0.3111111111111111,1.0,0.8828693
2,D_latent_nopark,planning,63,0.032520913,1.0,0.4888888888888889,1.0,0.9578403
2,D_latent_nopark,planning,64,-0.19621748,0.0,0.0,1.0,6.399687
2,D_latent_nopark,planning,65,-0.028443096,0.0,0.0,1.0,2.78293
2,D_latent_nopark,planning,66,0.08733196,0.0,0.3111111111111111,1.0,1.8886794
2,D_latent_nopark,planning,67,0.01929586,0.0,0.0,1.0,1.731401
2,D_latent_nopark,planning,68,0.26364622,1.0,0.6666666666666666,1.0,0.83079433
2,D_latent_nopark,planning,69,-0.024235975,0.0,0.0,1.0,2.9269698
2,D_latent_nopark,planning,70,0.075087026,0.0,0.28888888888888886,1.0,2.426169
2,D_latent_nopark,planning,71,-0.035713788,0.0,0.15555555555555556,1.0,1.5965174
2,D_latent_nopark,planning,72,-0.2791391,0.0,0.0,1.0,2.1733582
2,D_latent_nopark,planning,73,0.09001834,1.0,0.1111111111111111,1.0,1.4947233
2,D_latent_nopark,planning,74,-0.17999649,1.0,0.24444444444444444,1.0,0.35116014
2,D_latent_nopark,planning,75,-0.15948874,0.0,0.17777777777777778,1.0,1.9160397
2,D_latent_nopark,planning,76,-0.19325602,0.0,0.0,1.0,2.4084198
2,D_latent_nopark,planning,77,0.031104434,1.0,0.24444444444444444,1.0,1.4703163
2,D_latent_nopark,planning,78,0.17038225,0.0,0.3333333333333333,1.0,2.546875
2,D_latent_nopark,planning,79,-0.15559833,0.0,0.0,1.0,3.0851066
2,D_latent_nopark,planning,80,0.17771722,0.0,0.3333333333333333,1.0,2.1912951
2,D_latent_nopark,planning,81,-0.0075366907,0.0,0.13333333333333333,1.0,2.0762784
2,D_latent_nopark,planning,82,0.011882631,0.0,0.26666666666666666,1.0,1.7397683
2,D_latent_nopark,planning,83,0.039602898,0.0,0.17777777777777778,1.0,2.3246899
2,D_latent_nopark,planning,84,0.0463553,1.0,0.3333333333333333,1.0,1.2765288
2,D_latent_nopark,planning,85,-0.041563008,0.0,0.13333333333333333,1.0,1.7831459
2,D_latent_nopark,planning,86,-0.030092943,1.0,0.15555555555555556,1.0,0.6222282
2,D_latent_nopark,planning,87,-0.22930196,0.0,0.13333333333333333,1.0,2.9371505
2,D_latent_nopark,planning,88,-0.015645076,0.0,0.1111111111111111,1.0,3.0817888
2,D_latent_nopark,planning,89,-0.024466636,0.0,0.0,1.0,2.1269426
2,D_latent_nopark,planning,90,0.015662061,0.0,0.022222222222222223,1.0,2.112299
2,D_latent_nopark,planning,91,0.058216706,1.0,0.4888888888888889,1.0,1.1967282
2,D_latent_nopark,planning,92,-0.44008285,0.0,0.0,1.0,2.9962966
2,D_latent_nopark,planning,93,0.0668888,0.0,0.17777777777777778,1.0,2.5685287
2,D_latent_nopark,planning,94,0.016455615,0.0,0.2,1.0,1.8081563
2,D_latent_nopark,planning,95,-0.08248723,0.0,0.0,1.0,4.3952007
2,D_latent_nopark,planning,96,-0.058022853,0.0,0.0,1.0,3.0999873
2,D_latent_nopark,planning,97,0.061893728,0.0,0.0,1.0,2.0990913
2,D_latent_nopark,planning,98,-0.0362409,0.0,0.17777777777777778,1.0,2.7149117
2,D_latent_nopark,planning,99,-0.15597382,0.0,0.1111111111111111,1.0,2.8223174
2,D_latent_nopark,planning,100,0.21352659,1.0,0.5333333333333333,1.0,0.591555
2,D_latent_nopark,planning,101,0.041279368,0.0,0.24444444444444444,1.0,2.93698
2,D_latent_nopark,planning,102,-0.17362541,0.0,0.0,1.0,2.509076
2,D_latent_nopark,planning,103,-0.027180139,0.0,0.0,1.0,2.4899573
2,D_latent_nopark,planning,104,-0.053325202,0.0,0.0,1.0,1.6281016
2,D_latent_nopark,planning,105,-0.13355494,0.0,0.15555555555555556,1.0,3.1878037
2,D_latent_nopark,planning,106,0.09583255,0.0,0.2222222222222222,1.0,2.102023
2,D_latent_nopark,planning,107,-0.016502557,1.0,0.4,1.0,1.3205483
2,D_latent_nopark,planning,108,0.029667778,1.0,0.35555555555555557,1.0,0.97368973
2,D_latent_nopark,planning,109,0.11624495,1.0,0.26666666666666666,1.0,1.0312822
2,D_latent_nopark,planning,110,-0.12120921,0.0,0.08888888888888889,1.0,3.3248668
2,D_latent_nopark,planning,111,-0.049984004,0.0,0.0,1.0,2.2897687
2,D_latent_nopark,planning,112,0.03143477,0.0,0.06666666666666667,1.0,1.6997852
2,D_latent_nopark,planning,113,0.23283601,0.0,0.4666666666666667,1.0,3.1391668
2,D_latent_nopark,planning,114,-0.21407951,0.0,0.08888888888888889,1.0,2.9111729
2,D_latent_nopark,planning,115,0.0049458663,1.0,0.26666666666666666,1.0,1.2543187
2,D_latent_nopark,planning,116,0.1451335,1.0,0.5777777777777777,1.0,1.1694022
2,D_latent_nopark,planning,117,-0.3225568,1.0,0.17777777777777778,1.0,0.49460676
2,D_latent_nopark,planning,118,0.36844432,1.0,0.8222222222222222,1.0,0.89596844
2,D_latent_nopark,planning,119,-0.10825349,0.0,0.0,1.0,3.034046
2,D_latent_nopark,planning,120,0.052869786,1.0,0.3333333333333333,1.0,0.60998267
2,D_latent_nopark,planning,121,0.036133204,1.0,0.4444444444444444,1.0,0.31491697
2,D_latent_nopark,planning,122,-0.14411129,0.0,0.3111111111111111,1.0,1.5686527
2,D_latent_nopark,planning,123,-0.04931686,0.0,0.06666666666666667,1.0,2.5732281
2,D_latent_nopark,planning,124,-0.02398538,0.0,0.26666666666666666,1.0,1.6623455
2,D_latent_nopark,planning,125,-0.03535251,0.0,0.2,1.0,2.7261012
2,D_latent_nopark,planning,126,-0.0047758343,1.0,0.15555555555555556,1.0,1.2976503
2,D_latent_nopark,planning,127,-0.05940129,0.0,0.2222222222222222,1.0,1.7436757
2,D_latent_nopark,planning,128,0.24754952,1.0,0.6666666666666666,1.0,0.93352157
2,D_latent_nopark,planning,129,-0.10202418,0.0,0.0,1.0,3.1245713
2,D_latent_nopark,planning,130,0.07237969,1.0,0.4888888888888889,1.0,1.3351889
2,D_latent_nopark,planning,131,-0.026491122,0.0,0.17777777777777778,1.0,2.1974945
2,D_latent_nopark,planning,132,0.24906446,1.0,0.6888888888888889,1.0,1.0342913
2,D_latent_nopark,planning,133,-0.13359725,0.0,0.0,1.0,3.6434944
2,D_latent_nopark,planning,134,0.037319735,0.0,0.17777777777777778,1.0,2.8259537
2,D_latent_nopark,planning,135,-0.17221865,0.0,0.1111111111111111,1.0,4.5588756
2,D_latent_nopark,planning,136,0.0058785155,1.0,0.4666666666666667,1.0,1.2442204
2,D_latent_nopark,planning,137,-0.07639508,0.0,0.0,1.0,2.2558699
2,D_latent_nopark,planning,138,-0.006558064,1.0,0.4888888888888889,1.0,0.9615256
2,D_latent_nopark,planning,139,-0.024290528,0.0,0.0,1.0,3.2692645
2,D_latent_nopark,planning,140,-0.05246159,1.0,0.2,1.0,1.1924634
2,D_latent_nopark,planning,141,0.0076785902,0.0,0.37777777777777777,1.0,1.6683327
2,D_latent_nopark,planning,142,-0.16967556,0.0,0.08888888888888889,1.0,3.4185834
2,D_latent_nopark,planning,143,0.029856231,1.0,0.4,1.0,0.3381233
2,D_latent_nopark,planning,144,-0.022906166,0.0,0.0,1.0,2.8183937
2,D_latent_nopark,planning,145,-0.082449324,0.0,0.15555555555555556,1.0,2.24636
2,D_latent_nopark,planning,146,0.10569254,1.0,0.6,1.0,0.9508257
2,D_latent_nopark,planning,147,0.24824384,1.0,0.6444444444444445,1.0,0.6608169
2,D_latent_nopark,planning,148,-0.16799913,0.0,0.0,1.0,2.95536
2,D_latent_nopark,planning,149,-0.013005752,0.0,0.0,1.0,1.8478482
2,D_latent_nopark,planning,150,-0.09852748,0.0,0.13333333333333333,1.0,1.9179003
2,D_latent_nopark,planning,151,-0.091960825,0.0,0.0,1.0,1.9647043
2,D_latent_nopark,planning,152,0.06985837,0.0,0.28888888888888886,1.0,1.9979926
2,D_latent_nopark,planning,153,-0.15710744,0.0,0.0,1.0,4.65463
2,D_latent_nopark,planning,154,-0.12589934,0.0,0.08888888888888889,1.0,3.601321
2,D_latent_nopark,planning,155,-0.020394262,1.0,0.4222222222222222,1.0,0.70688736
2,D_latent_nopark,planning,156,-0.069410846,0.0,0.08888888888888889,1.0,1.9710696
2,D_latent_nopark,planning,157,0.14038338,0.0,0.37777777777777777,1.0,2.1683433
2,D_latent_nopark,planning,158,-0.17450881,0.0,0.0,1.0,3.5461752
2,D_latent_nopark,planning,159,0.06008437,1.0,0.2,1.0,1.4317236
2,D_latent_nopark,planning,160,0.18298033,1.0,0.5111111111111111,1.0,0.2048074
2,D_latent_nopark,planning,161,-0.15374567,0.0,0.0,1.0,4.6662383
2,D_latent_nopark,planning,162,0.079711355,1.0,0.5111111111111111,1.0,0.9364062
2,D_latent_nopark,planning,163,-0.069203034,0.0,0.13333333333333333,1.0,3.350389
2,D_latent_nopark,planning,164,0.106304176,0.0,0.3111111111111111,1.0,2.7492156
2,D_latent_nopark,planning,165,0.07847897,1.0,0.4222222222222222,1.0,1.0384218
2,D_latent_nopark,planning,166,-0.084957235,0.0,0.13333333333333333,1.0,2.9346652
2,D_latent_nopark,planning,167,-0.21841231,0.0,0.13333333333333333,1.0,3.198928
2,D_latent_nopark,planning,168,0.079629965,1.0,0.2222222222222222,1.0,1.5104743
2,D_latent_nopark,planning,169,-0.112025544,0.0,0.0,1.0,2.3957603
2,D_latent_nopark,planning,170,0.21864896,1.0,0.5111111111111111,1.0,0.8594036
2,D_latent_nopark,planning,171,-0.11561966,0.0,0.17777777777777778,1.0,1.7963488
2,D_latent_nopark,planning,172,0.2512398,1.0,0.6888888888888889,1.0,0.7030546
2,D_latent_nopark,planning,173,0.05344329,0.0,0.0,1.0,2.081314
2,D_latent_nopark,planning,174,-0.12649633,0.0,0.24444444444444444,1.0,1.7390921
2,D_latent_nopark,planning,175,-0.08640825,0.0,0.1111111111111111,1.0,2.287984
2,D_latent_nopark,planning,176,-0.21942993,0.0,0.08888888888888889,1.0,2.368096
2,D_latent_nopark,planning,177,-0.037797254,1.0,0.4222222222222222,1.0,0.796185
2,D_latent_nopark,planning,178,-0.06426544,0.0,0.17777777777777778,1.0,2.3910937
2,D_latent_nopark,planning,179,0.06289228,1.0,0.3111111111111111,1.0,0.1972312
2,D_latent_nopark,planning,180,-0.061373916,0.0,0.2222222222222222,1.0,2.1022568
2,D_latent_nopark,planning,181,0.058672864,0.0,0.4,1.0,1.6969262
2,D_latent_nopark,planning,182,-0.036205873,0.0,0.0,1.0,2.4160104
2,D_latent_nopark,planning,183,-0.16190003,0.0,0.0,1.0,2.3505812
2,D_latent_nopark,planning,184,-0.17069836,0.0,0.0,1.0,4.0503254
2,D_latent_nopark,planning,185,0.03232305,0.0,0.3111111111111111,1.0,1.859767
2,D_latent_nopark,planning,186,-0.07511327,0.0,0.2,1.0,2.380057
2,D_latent_nopark,planning,187,0.03226842,1.0,0.4666666666666667,1.0,1.3124697
2,D_latent_nopark,planning,188,-0.2664914,1.0,0.022222222222222223,1.0,1.2737494
2,D_latent_nopark,planning,189,-0.13246128,0.0,0.1111111111111111,1.0,4.2232103
2,D_latent_nopark,planning,190,0.15928018,0.0,0.3111111111111111,1.0,2.0279994
2,D_latent_nopark,planning,191,0.20828718,1.0,0.5555555555555556,1.0,0.15923142
2,D_latent_nopark,planning,192,0.124579586,1.0,0.5555555555555556,1.0,0.7617032
2,D_latent_nopark,planning,193,0.026027191,0.0,0.2222222222222222,1.0,1.6912463
2,D_latent_nopark,planning,194,-0.034365036,0.0,0.0,1.0,3.3285396
2,D_latent_nopark,planning,195,0.09238309,0.0,0.0,1.0,2.5024366
2,D_latent_nopark,planning,196,0.15727122,1.0,0.6444444444444445,1.0,1.0467457
2,D_latent_nopark,planning,197,0.08605779,1.0,0.37777777777777777,1.0,1.5005087
2,D_latent_nopark,planning,198,0.12831606,1.0,0.5111111111111111,1.0,1.0027634
2,D_latent_nopark,planning,199,-0.01874274,1.0,0.4,1.0,1.5410082
3,A_recon,planning,0,-0.5764574,0.0,0.0,1.0,11.370037
3,A_recon,planning,1,-0.50917,0.0,0.0,0.0,13.1837015
3,A_recon,planning,2,-0.5430768,0.0,0.0,0.0,13.607964
3,A_recon,planning,3,-0.8149806,0.0,0.0,0.0,23.85129
3,A_recon,planning,4,-0.51154226,0.0,0.0,1.0,15.932132
3,A_recon,planning,5,-0.71125126,0.0,0.0,0.0,22.996473
3,A_recon,planning,6,-0.24869825,0.0,0.0,1.0,9.742969
3,A_recon,planning,7,-0.7697063,0.0,0.0,0.0,24.493767
3,A_recon,planning,8,-0.38269767,0.0,0.0,0.0,9.524651
3,A_recon,planning,9,-0.11989214,0.0,0.0,1.0,10.654733
3,A_recon,planning,10,-0.51668257,0.0,0.0,0.0,12.638507
3,A_recon,planning,11,-0.5196123,0.0,0.0,0.0,20.373726
3,A_recon,planning,12,-0.4614349,0.0,0.0,1.0,15.636715
3,A_recon,planning,13,-0.36439866,0.0,0.0,1.0,12.516003
3,A_recon,planning,14,-0.17809235,0.0,0.0,1.0,7.483847
3,A_recon,planning,15,-0.7903579,0.0,0.0,0.0,22.51816
3,A_recon,planning,16,-0.43935004,0.0,0.0,1.0,12.888259
3,A_recon,planning,17,-0.2792129,0.0,0.0,0.0,9.149216
3,A_recon,planning,18,-0.49087888,0.0,0.0,0.0,16.090235
3,A_recon,planning,19,-0.64838314,0.0,0.0,1.0,15.591988
3,A_recon,planning,20,-0.61903375,0.0,0.0,0.0,16.030874
3,A_recon,planning,21,-0.42418197,0.0,0.0,0.0,18.299109
3,A_recon,planning,22,-0.33321366,0.0,0.0,1.0,11.446305
3,A_recon,planning,23,-0.11503922,0.0,0.0,1.0,6.4580274
3,A_recon,planning,24,-0.49375573,0.0,0.0,0.0,17.792759
3,A_recon,planning,25,-0.46096614,0.0,0.0,0.0,18.265022
3,A_recon,planning,26,-0.60017383,0.0,0.0,0.0,17.978956
3,A_recon,planning,27,-0.3269818,0.0,0.0,0.0,11.9938545
3,A_recon,planning,28,-0.43995428,0.0,0.0,1.0,5.475314
3,A_recon,planning,29,-0.6510252,0.0,0.0,0.0,20.565035
3,A_recon,planning,30,-0.6557498,0.0,0.0,0.0,21.91208
3,A_recon,planning,31,-0.53781325,0.0,0.0,1.0,15.530048
3,A_recon,planning,32,-0.55393195,0.0,0.0,0.0,22.622065
3,A_recon,planning,33,-0.6661335,0.0,0.0,0.0,18.526628
3,A_recon,planning,34,-0.9427448,0.0,0.0,0.0,31.809921
3,A_recon,planning,35,-0.6083953,0.0,0.0,0.0,23.546791
3,A_recon,planning,36,-0.21228121,0.0,0.0,1.0,8.43829
3,A_recon,planning,37,-0.25326696,0.0,0.0,0.0,14.542546
3,A_recon,planning,38,-0.6838858,0.0,0.0,0.0,23.533535
3,A_recon,planning,39,-0.54040843,0.0,0.0,0.0,17.933094
3,A_recon,planning,40,-0.71755755,0.0,0.0,0.0,21.574629
3,A_recon,planning,41,-0.6170419,0.0,0.0,0.0,24.254644
3,A_recon,planning,42,-0.49726224,0.0,0.0,0.0,17.831573
3,A_recon,planning,43,-0.48232862,0.0,0.0,0.0,19.859283
3,A_recon,planning,44,-0.30232778,0.0,0.0,1.0,12.174791
3,A_recon,planning,45,-0.45328254,0.0,0.0,1.0,19.822605
3,A_recon,planning,46,-0.1454245,0.0,0.0,1.0,3.3583245
3,A_recon,planning,47,-0.3400976,0.0,0.0,1.0,14.708039
3,A_recon,planning,48,-0.6974589,0.0,0.0,0.0,26.111921
3,A_recon,planning,49,-0.287691,0.0,0.0,1.0,10.1107025
3,A_recon,planning,50,-0.5932492,0.0,0.0,0.0,13.468797
3,A_recon,planning,51,-0.7461391,0.0,0.0,1.0,23.116005
3,A_recon,planning,52,-0.39446476,0.0,0.0,0.0,17.63931
3,A_recon,planning,53,-0.53546137,0.0,0.0,1.0,21.32936
3,A_recon,planning,54,-0.22797464,0.0,0.0,1.0,2.4362228
3,A_recon,planning,55,-0.5027194,0.0,0.0,1.0,16.033476
3,A_recon,planning,56,-0.47476158,0.0,0.0,0.0,14.224964
3,A_recon,planning,57,-0.50117576,0.0,0.0,0.0,18.908663
3,A_recon,planning,58,-0.4218728,0.0,0.0,0.0,18.559639
3,A_recon,planning,59,-0.331266,0.0,0.0,1.0,10.520368
3,A_recon,planning,60,-0.29117906,0.0,0.0,0.0,14.0035095
3,A_recon,planning,61,-0.5302725,0.0,0.0,1.0,15.085817
3,A_recon,planning,62,-0.77201945,0.0,0.0,0.0,26.253574
3,A_recon,planning,63,-0.4704675,0.0,0.0,0.0,18.369474
3,A_recon,planning,64,-0.32299858,0.0,0.0,1.0,10.563847
3,A_recon,planning,65,-0.025688134,0.0,0.17777777777777778,1.0,3.0199933
3,A_recon,planning,66,-0.3845425,0.0,0.0,0.0,13.602898
3,A_recon,planning,67,-0.3206575,0.0,0.0,0.0,13.537493
3,A_recon,planning,68,-0.3543753,0.0,0.0,0.0,15.3181305
3,A_recon,planning,69,-0.2405468,0.0,0.0,0.0,11.020942
3,A_recon,planning,70,-0.39908037,0.0,0.0,1.0,17.04697
3,A_recon,planning,71,-0.6563356,0.0,0.0,0.0,25.263756
3,A_recon,planning,72,-0.78558874,0.0,0.0,0.0,25.624372
3,A_recon,planning,73,-0.23689283,0.0,0.0,0.0,10.905801
3,A_recon,planning,74,-0.74797577,0.0,0.0,0.0,24.73012
3,A_recon,planning,75,-0.67888427,0.0,0.0,0.0,16.898466
3,A_recon,planning,76,-0.4878712,0.0,0.0,0.0,10.635074
3,A_recon,planning,77,-0.38662067,0.0,0.0,0.0,11.955366
3,A_recon,planning,78,-0.30055803,0.0,0.0,1.0,13.589025
3,A_recon,planning,79,-0.5556021,0.0,0.0,0.0,21.483908
3,A_recon,planning,80,0.032130823,0.0,0.24444444444444444,1.0,2.1089752
3,A_recon,planning,81,-0.39585122,0.0,0.0,0.0,15.483878
3,A_recon,planning,82,-0.32576236,0.0,0.0,1.0,7.7527375
3,A_recon,planning,83,-0.38514036,0.0,0.0,0.0,17.886831
3,A_recon,planning,84,-0.47929975,0.0,0.0,0.0,21.635084
3,A_recon,planning,85,-0.43544972,0.0,0.0,1.0,7.564027
3,A_recon,planning,86,-0.51549846,0.0,0.0,0.0,19.110107
3,A_recon,planning,87,-0.7367591,0.0,0.0,0.0,19.97762
3,A_recon,planning,88,-0.27205116,0.0,0.0,1.0,9.317762
3,A_recon,planning,89,-0.36029384,0.0,0.0,1.0,10.25568
3,A_recon,planning,90,-0.39051098,0.0,0.0,0.0,15.713773
3,A_recon,planning,91,-0.4470461,0.0,0.0,1.0,13.408908
3,A_recon,planning,92,-1.0002228,0.0,0.0,0.0,27.5323
3,A_recon,planning,93,-0.18196689,0.0,0.0,1.0,4.5621457
3,A_recon,planning,94,-0.50407654,0.0,0.0,1.0,18.722317
3,A_recon,planning,95,-0.27338028,0.0,0.0,0.0,13.412701
3,A_recon,planning,96,-0.18168941,0.0,0.0,1.0,5.187192
3,A_recon,planning,97,-0.22215277,0.0,0.0,1.0,4.953788
3,A_recon,planning,98,-0.5591643,0.0,0.0,1.0,18.722473
3,A_recon,planning,99,-0.47937205,0.0,0.0,0.0,11.45236
3,A_recon,planning,100,-0.2830816,0.0,0.0,0.0,12.968242
3,A_recon,planning,101,-0.34401354,0.0,0.0,0.0,13.297266
3,A_recon,planning,102,-0.37049153,0.0,0.0,0.0,10.335733
3,A_recon,planning,103,-0.29848176,0.0,0.0,1.0,15.183135
3,A_recon,planning,104,-0.58429796,0.0,0.0,0.0,24.335855
3,A_recon,planning,105,-0.5641948,0.0,0.0,0.0,13.342381
3,A_recon,planning,106,-0.38587642,0.0,0.0,0.0,17.682222
3,A_recon,planning,107,-0.6697758,0.0,0.0,0.0,25.62537
3,A_recon,planning,108,-0.49770564,0.0,0.0,0.0,18.460718
3,A_recon,planning,109,-0.20786041,0.0,0.0,1.0,5.72335
3,A_recon,planning,110,-0.53887373,0.0,0.0,1.0,13.695488
3,A_recon,planning,111,-0.5648192,0.0,0.0,0.0,22.153048
3,A_recon,planning,112,-0.21918638,0.0,0.0,1.0,8.911444
3,A_recon,planning,113,-0.17369226,0.0,0.0,1.0,8.98962
3,A_recon,planning,114,-0.7067483,0.0,0.0,0.0,19.769678
3,A_recon,planning,115,-0.3845532,0.0,0.0,0.0,12.1062355
3,A_recon,planning,116,-0.4168598,0.0,0.0,1.0,16.285328
3,A_recon,planning,117,-0.87885004,0.0,0.0,0.0,27.296942
3,A_recon,planning,118,0.053979985,0.0,0.2222222222222222,1.0,5.3693743
3,A_recon,planning,119,-0.32302442,0.0,0.0,1.0,6.230878
3,A_recon,planning,120,-0.40731376,0.0,0.0,1.0,14.677572
3,A_recon,planning,121,-0.5465257,0.0,0.0,1.0,15.94703
3,A_recon,planning,122,-0.7715482,0.0,0.0,1.0,25.204285
3,A_recon,planning,123,-0.35081676,0.0,0.0,1.0,10.342216
3,A_recon,planning,124,-0.6605259,0.0,0.0,0.0,25.090227
3,A_recon,planning,125,-0.5028157,0.0,0.0,1.0,16.504026
3,A_recon,planning,126,-0.5126787,0.0,0.0,0.0,19.251745
3,A_recon,planning,127,-0.35707045,0.0,0.0,1.0,4.712688
3,A_recon,planning,128,-0.2945218,0.0,0.0,1.0,14.108444
3,A_recon,planning,129,-0.4730554,0.0,0.0,1.0,16.811247
3,A_recon,planning,130,-0.3790273,0.0,0.0,1.0,11.121129
3,A_recon,planning,131,-0.6835839,0.0,0.0,0.0,25.89691
3,A_recon,planning,132,-0.23102027,0.0,0.0,1.0,6.360079
3,A_recon,planning,133,-0.33531207,0.0,0.0,1.0,7.3605947
3,A_recon,planning,134,-0.3419388,0.0,0.0,1.0,9.564196
3,A_recon,planning,135,-0.45846617,0.0,0.0,0.0,8.669612
3,A_recon,planning,136,-0.48991355,0.0,0.0,1.0,12.782933
3,A_recon,planning,137,-0.4373692,0.0,0.0,1.0,11.997674
3,A_recon,planning,138,-0.77442485,0.0,0.0,1.0,27.466501
3,A_recon,planning,139,-0.3201929,0.0,0.0,1.0,15.364597
3,A_recon,planning,140,-0.5760874,0.0,0.0,0.0,20.482473
3,A_recon,planning,141,-0.60097593,0.0,0.0,0.0,25.074543
3,A_recon,planning,142,-0.55709237,0.0,0.0,1.0,11.551801
3,A_recon,planning,143,-0.38244227,0.0,0.0,1.0,11.256838
3,A_recon,planning,144,-0.32658383,0.0,0.0,1.0,13.708767
3,A_recon,planning,145,-0.5314418,0.0,0.0,0.0,18.42773
3,A_recon,planning,146,-0.45060772,0.0,0.0,1.0,18.117628
3,A_recon,planning,147,-0.152116,0.0,0.0,1.0,3.8453734
3,A_recon,planning,148,-0.5607976,0.0,0.0,1.0,13.351341
3,A_recon,planning,149,-0.26475784,0.0,0.0,1.0,7.5487366
3,A_recon,planning,150,-0.69221294,0.0,0.0,0.0,25.002777
3,A_recon,planning,151,-0.38568234,0.0,0.0,1.0,9.814462
3,A_recon,planning,152,-0.20473813,0.0,0.0,1.0,2.123103
3,A_recon,planning,153,-0.4300544,0.0,0.0,0.0,17.434809
3,A_recon,planning,154,-0.4902116,0.0,0.0,0.0,17.486486
3,A_recon,planning,155,-0.73122543,0.0,0.0,0.0,25.360868
3,A_recon,planning,156,-0.59243387,0.0,0.0,0.0,22.323364
3,A_recon,planning,157,-0.3900174,0.0,0.0,1.0,17.778158
3,A_recon,planning,158,-0.6050919,0.0,0.0,0.0,21.03602
3,A_recon,planning,159,-0.39025456,0.0,0.0,1.0,15.503563
3,A_recon,planning,160,-0.4388036,0.0,0.0,0.0,20.522453
3,A_recon,planning,161,-0.52034724,0.0,0.0,0.0,21.981441
3,A_recon,planning,162,-0.48853412,0.0,0.0,0.0,19.611477
3,A_recon,planning,163,-0.48609796,0.0,0.0,1.0,14.095508
3,A_recon,planning,164,-0.23284073,0.0,0.0,1.0,7.7685328
3,A_recon,planning,165,-0.3826586,0.0,0.0,0.0,11.0875225
3,A_recon,planning,166,-0.58088535,0.0,0.0,1.0,18.72809
3,A_recon,planning,167,-0.78486115,0.0,0.0,0.0,27.334728
3,A_recon,planning,168,-0.4349275,0.0,0.0,0.0,19.366085
3,A_recon,planning,169,-0.3599812,0.0,0.0,1.0,12.334955
3,A_recon,planning,170,-0.07366897,0.0,0.06666666666666667,1.0,2.3987808
3,A_recon,planning,171,-0.6284399,0.0,0.0,1.0,23.006134
3,A_recon,planning,172,-0.18023317,0.0,0.0,1.0,4.281082
3,A_recon,planning,173,-0.37626687,0.0,0.0,1.0,18.253551
3,A_recon,planning,174,-0.71241605,0.0,0.0,0.0,22.819145
3,A_recon,planning,175,-0.5650228,0.0,0.0,0.0,19.362572
3,A_recon,planning,176,-0.7846021,0.0,0.0,0.0,25.087486
3,A_recon,planning,177,-0.7642923,0.0,0.0,0.0,26.53917
3,A_recon,planning,178,-0.53258646,0.0,0.0,0.0,13.142641
3,A_recon,planning,179,-0.39120513,0.0,0.0,0.0,15.51207
3,A_recon,planning,180,-0.61530006,0.0,0.0,0.0,21.410822
3,A_recon,planning,181,-0.4895031,0.0,0.0,1.0,21.44941
3,A_recon,planning,182,-0.475576,0.0,0.0,0.0,22.388414
3,A_recon,planning,183,-0.5027457,0.0,0.0,1.0,13.609313
3,A_recon,planning,184,-0.3237976,0.0,0.0,1.0,10.081639
3,A_recon,planning,185,-0.5350262,0.0,0.0,1.0,17.887863
3,A_recon,planning,186,-0.5460803,0.0,0.0,1.0,13.058011
3,A_recon,planning,187,-0.63001406,0.0,0.0,0.0,22.576935
3,A_recon,planning,188,-0.8380356,0.0,0.0,0.0,26.487192
3,A_recon,planning,189,-0.5563866,0.0,0.0,0.0,19.725836
3,A_recon,planning,190,-0.16135257,0.0,0.0,0.0,8.909573
3,A_recon,planning,191,-0.283426,0.0,0.0,1.0,10.655184
3,A_recon,planning,192,-0.34982663,0.0,0.0,0.0,11.025518
3,A_recon,planning,193,-0.43192533,0.0,0.0,0.0,16.647383
3,A_recon,planning,194,-0.16951805,0.0,0.0,0.0,11.404629
3,A_recon,planning,195,-0.17515202,0.0,0.0,1.0,5.8126206
3,A_recon,planning,196,-0.41750357,0.0,0.0,1.0,17.13676
3,A_recon,planning,197,-0.1359997,1.0,0.1111111111111111,1.0,0.20360708
3,A_recon,planning,198,-0.4600739,0.0,0.0,1.0,14.936584
3,A_recon,planning,199,-0.7364233,0.0,0.0,0.0,27.244865
3,B_task,planning,0,-0.6461411,0.0,0.0,0.0,20.487844
3,B_task,planning,1,-0.52214134,0.0,0.0,0.0,17.245113
3,B_task,planning,2,-0.6680775,0.0,0.0,0.0,24.513987
3,B_task,planning,3,-0.77071476,0.0,0.0,0.0,20.49821
3,B_task,planning,4,-0.53708553,0.0,0.0,1.0,20.257154
3,B_task,planning,5,-0.7032683,0.0,0.0,0.0,22.174902
3,B_task,planning,6,-0.26254994,0.0,0.0,1.0,5.01035
3,B_task,planning,7,-0.74859864,0.0,0.0,1.0,21.997446
3,B_task,planning,8,-0.3731647,0.0,0.0,1.0,11.093695
3,B_task,planning,9,-0.10316657,0.0,0.0,1.0,6.9896193
3,B_task,planning,10,-0.5940938,0.0,0.0,1.0,17.987413
3,B_task,planning,11,-0.44358322,0.0,0.0,0.0,14.199031
3,B_task,planning,12,-0.39160728,0.0,0.0,1.0,5.810362
3,B_task,planning,13,-0.25543416,0.0,0.0,1.0,5.5976505
3,B_task,planning,14,-0.19609697,0.0,0.0,1.0,5.840659
3,B_task,planning,15,-0.84932387,0.0,0.0,0.0,26.472544
3,B_task,planning,16,-0.5268829,0.0,0.0,1.0,18.017096
3,B_task,planning,17,-0.2005464,0.0,0.0,1.0,7.485802
3,B_task,planning,18,-0.38287246,0.0,0.0,0.0,8.579124
3,B_task,planning,19,-0.69018036,0.0,0.0,1.0,20.24534
3,B_task,planning,20,-0.7062985,0.0,0.0,0.0,24.165377
3,B_task,planning,21,-0.33319402,0.0,0.0,0.0,16.578342
3,B_task,planning,22,-0.33330598,0.0,0.0,1.0,7.149902
3,B_task,planning,23,-0.19584389,0.0,0.0,1.0,8.264512
3,B_task,planning,24,-0.60168964,0.0,0.0,0.0,22.710327
3,B_task,planning,25,-0.4688581,0.0,0.0,1.0,15.523339
3,B_task,planning,26,-0.58951914,0.0,0.0,0.0,11.882689
3,B_task,planning,27,-0.40720066,0.0,0.0,0.0,18.66049
3,B_task,planning,28,-0.52762246,0.0,0.0,0.0,14.6792555
3,B_task,planning,29,-0.67168546,0.0,0.0,0.0,21.068056
3,B_task,planning,30,-0.67997074,0.0,0.0,0.0,27.486414
3,B_task,planning,31,-0.527741,0.0,0.0,0.0,14.315596
3,B_task,planning,32,-0.59027153,0.0,0.0,1.0,19.905651
3,B_task,planning,33,-0.70479643,0.0,0.0,0.0,18.428925
3,B_task,planning,34,-0.91099805,0.0,0.0,0.0,28.498323
3,B_task,planning,35,-0.5028126,0.0,0.0,0.0,13.481004
3,B_task,planning,36,-0.17943352,0.0,0.0,1.0,7.9726105
3,B_task,planning,37,-0.2025143,0.0,0.0,1.0,8.532319
3,B_task,planning,38,-0.72961986,0.0,0.0,0.0,26.53367
3,B_task,planning,39,-0.5971557,0.0,0.0,0.0,17.334312
3,B_task,planning,40,-0.8451611,0.0,0.0,0.0,29.498898
3,B_task,planning,41,-0.5204254,0.0,0.0,0.0,18.53314
3,B_task,planning,42,-0.524293,0.0,0.0,1.0,17.06647
3,B_task,planning,43,-0.44463187,0.0,0.0,0.0,16.709473
3,B_task,planning,44,-0.31324455,0.0,0.0,1.0,12.392795
3,B_task,planning,45,-0.20601016,0.0,0.0,1.0,3.3006094
3,B_task,planning,46,-0.23914412,0.0,0.0,1.0,7.166914
3,B_task,planning,47,-0.23280917,0.0,0.0,1.0,7.894608
3,B_task,planning,48,-0.64697176,0.0,0.0,0.0,25.373478
3,B_task,planning,49,-0.3307137,0.0,0.0,1.0,15.797566
3,B_task,planning,50,-0.6787671,0.0,0.0,0.0,20.891705
3,B_task,planning,51,-0.7707634,0.0,0.0,1.0,24.667494
3,B_task,planning,52,-0.19914627,0.0,0.0,1.0,5.675032
3,B_task,planning,53,-0.4443764,0.0,0.0,0.0,19.012304
3,B_task,planning,54,-0.31327894,0.0,0.0,0.0,8.444756
3,B_task,planning,55,-0.4166071,0.0,0.0,1.0,8.602226
3,B_task,planning,56,-0.564213,0.0,0.0,0.0,18.946287
3,B_task,planning,57,-0.3608362,0.0,0.0,0.0,9.530665
3,B_task,planning,58,-0.46533802,0.0,0.0,0.0,19.388987
3,B_task,planning,59,-0.5571048,0.0,0.0,0.0,23.116144
3,B_task,planning,60,-0.17628671,0.0,0.0,1.0,4.2999644
3,B_task,planning,61,-0.5334254,0.0,0.0,0.0,13.755552
3,B_task,planning,62,-0.7948918,0.0,0.0,0.0,26.230442
3,B_task,planning,63,-0.52335274,0.0,0.0,0.0,17.487974
3,B_task,planning,64,-0.49469054,0.0,0.0,0.0,20.468752
3,B_task,planning,65,-0.20945169,0.0,0.0,1.0,6.1453943
3,B_task,planning,66,-0.38065642,0.0,0.0,0.0,15.788963
3,B_task,planning,67,-0.37149358,0.0,0.0,1.0,17.201002
3,B_task,planning,68,-0.31447393,0.0,0.0,0.0,11.579619
3,B_task,planning,69,-0.20836337,0.0,0.0,1.0,2.6151812
3,B_task,planning,70,-0.28042805,0.0,0.0,1.0,6.0605083
3,B_task,planning,71,-0.5392293,0.0,0.0,0.0,16.84702
3,B_task,planning,72,-0.806104,0.0,0.0,0.0,23.73291
3,B_task,planning,73,-0.054297343,1.0,0.15555555555555556,1.0,1.2038287
3,B_task,planning,74,-0.726287,0.0,0.0,0.0,20.19817
3,B_task,planning,75,-0.83917516,0.0,0.0,0.0,29.976664
3,B_task,planning,76,-0.7462222,0.0,0.0,0.0,23.00878
3,B_task,planning,77,-0.4341799,0.0,0.0,0.0,16.394049
3,B_task,planning,78,-0.28688157,0.0,0.0,1.0,12.938103
3,B_task,planning,79,-0.5639103,0.0,0.0,0.0,21.33924
3,B_task,planning,80,-0.12177942,0.0,0.0,0.0,7.420786
3,B_task,planning,81,-0.3640147,0.0,0.0,1.0,7.692744
3,B_task,planning,82,-0.4917512,0.0,0.0,0.0,19.909819
3,B_task,planning,83,-0.38879368,0.0,0.0,0.0,11.800187
3,B_task,planning,84,-0.39890268,0.0,0.0,0.0,17.383463
3,B_task,planning,85,-0.581198,0.0,0.0,0.0,18.892687
3,B_task,planning,86,-0.4928055,0.0,0.0,0.0,14.152588
3,B_task,planning,87,-0.77594113,0.0,0.0,0.0,26.202892
3,B_task,planning,88,-0.29710305,0.0,0.0,1.0,9.199731
3,B_task,planning,89,-0.4071831,0.0,0.0,0.0,13.496513
3,B_task,planning,90,-0.44199923,0.0,0.0,0.0,18.467121
3,B_task,planning,91,-0.41655868,0.0,0.0,0.0,10.328603
3,B_task,planning,92,-0.9864502,0.0,0.0,0.0,29.209106
3,B_task,planning,93,-0.2407427,0.0,0.0,0.0,10.652121
3,B_task,planning,94,-0.4553057,0.0,0.0,1.0,17.093937
3,B_task,planning,95,-0.19386001,0.0,0.0,1.0,8.460916
3,B_task,planning,96,-0.27449802,0.0,0.0,1.0,7.62056
3,B_task,planning,97,-0.25286984,0.0,0.0,0.0,13.019732
3,B_task,planning,98,-0.5264921,0.0,0.0,1.0,17.991325
3,B_task,planning,99,-0.5372595,0.0,0.0,0.0,15.1217785
3,B_task,planning,100,-0.2296258,0.0,0.0,1.0,7.758421
3,B_task,planning,101,-0.2376805,0.0,0.0,1.0,4.993032
3,B_task,planning,102,-0.31827033,0.0,0.0,1.0,6.0100164
3,B_task,planning,103,-0.20698598,0.0,0.0,1.0,11.547905
3,B_task,planning,104,-0.35819563,0.0,0.0,0.0,8.435746
3,B_task,planning,105,-0.6151246,0.0,0.0,0.0,21.519249
3,B_task,planning,106,-0.3699175,0.0,0.0,0.0,12.988998
3,B_task,planning,107,-0.4920327,0.0,0.0,1.0,12.92085
3,B_task,planning,108,-0.32211107,0.0,0.0,1.0,4.686976
3,B_task,planning,109,-0.36371833,0.0,0.0,1.0,16.684038
3,B_task,planning,110,-0.569882,0.0,0.0,0.0,21.166754
3,B_task,planning,111,-0.5904668,0.0,0.0,0.0,24.636562
3,B_task,planning,112,-0.13683292,0.0,0.0,1.0,10.228267
3,B_task,planning,113,-0.09205434,0.0,0.0,1.0,5.8099275
3,B_task,planning,114,-0.7083851,0.0,0.0,0.0,21.085865
3,B_task,planning,115,-0.47985578,0.0,0.0,1.0,19.231634
3,B_task,planning,116,-0.48213595,0.0,0.0,1.0,18.35971
3,B_task,planning,117,-0.84883946,0.0,0.0,0.0,26.181116
3,B_task,planning,118,-0.16707602,0.0,0.0,1.0,7.581285
3,B_task,planning,119,-0.45622224,0.0,0.0,0.0,19.099535
3,B_task,planning,120,-0.42484647,0.0,0.0,1.0,15.655733
3,B_task,planning,121,-0.5696579,0.0,0.0,1.0,17.188028
3,B_task,planning,122,-0.81221265,0.0,0.0,1.0,28.331562
3,B_task,planning,123,-0.12804426,0.0,0.13333333333333333,1.0,2.0385711
3,B_task,planning,124,-0.65313333,0.0,0.0,0.0,24.752598
3,B_task,planning,125,-0.5507335,0.0,0.0,0.0,22.16165
3,B_task,planning,126,-0.50205106,0.0,0.0,1.0,18.31601
3,B_task,planning,127,-0.52294576,0.0,0.0,0.0,17.310242
3,B_task,planning,128,-0.2252437,0.0,0.0,1.0,9.351883
3,B_task,planning,129,-0.4812004,0.0,0.0,1.0,18.11083
3,B_task,planning,130,-0.42805192,0.0,0.0,0.0,12.22565
3,B_task,planning,131,-0.6279204,0.0,0.0,1.0,24.098251
3,B_task,planning,132,-0.38724628,0.0,0.0,1.0,19.057848
3,B_task,planning,133,-0.43251532,0.0,0.0,1.0,16.811508
3,B_task,planning,134,-0.2545535,0.0,0.0,1.0,6.516071
3,B_task,planning,135,-0.58074826,0.0,0.0,0.0,15.463588
3,B_task,planning,136,-0.5883307,0.0,0.0,0.0,21.07125
3,B_task,planning,137,-0.5580651,0.0,0.0,0.0,20.991657
3,B_task,planning,138,-0.6775503,0.0,0.0,1.0,25.089024
3,B_task,planning,139,-0.24640283,0.0,0.0,1.0,11.07625
3,B_task,planning,140,-0.62184846,0.0,0.0,0.0,20.384192
3,B_task,planning,141,-0.43459722,0.0,0.0,0.0,14.976798
3,B_task,planning,142,-0.61184037,0.0,0.0,0.0,21.115295
3,B_task,planning,143,-0.48681778,0.0,0.0,1.0,17.960028
3,B_task,planning,144,-0.26197085,0.0,0.0,1.0,11.648902
3,B_task,planning,145,-0.45984015,0.0,0.0,1.0,7.668662
3,B_task,planning,146,-0.40582946,0.0,0.0,1.0,11.673092
3,B_task,planning,147,-0.28788996,0.0,0.0,1.0,12.651024
3,B_task,planning,148,-0.66558385,0.0,0.0,0.0,24.520973
3,B_task,planning,149,-0.27438542,0.0,0.0,1.0,8.407247
3,B_task,planning,150,-0.6816661,0.0,0.0,0.0,24.961014
3,B_task,planning,151,-0.5011346,0.0,0.0,1.0,19.668682
3,B_task,planning,152,-0.31479335,0.0,0.0,1.0,8.518952
3,B_task,planning,153,-0.30680797,0.0,0.0,1.0,5.526049
3,B_task,planning,154,-0.48067653,0.0,0.0,0.0,14.811461
3,B_task,planning,155,-0.4507898,0.0,0.0,1.0,7.05046
3,B_task,planning,156,-0.5730722,0.0,0.0,0.0,20.117159
3,B_task,planning,157,-0.27575934,0.0,0.0,1.0,12.924639
3,B_task,planning,158,-0.5994099,0.0,0.0,0.0,23.263224
3,B_task,planning,159,-0.36447403,0.0,0.0,0.0,15.69126
3,B_task,planning,160,-0.30755135,0.0,0.0,0.0,11.715841
3,B_task,planning,161,-0.43607715,0.0,0.0,0.0,12.225351
3,B_task,planning,162,-0.28050706,1.0,0.022222222222222223,1.0,1.4431342
3,B_task,planning,163,-0.54916054,0.0,0.0,1.0,19.028236
3,B_task,planning,164,-0.2310279,0.0,0.0,1.0,6.1117873
3,B_task,planning,165,-0.43155915,0.0,0.0,0.0,14.718058
3,B_task,planning,166,-0.42191264,0.0,0.0,1.0,9.022384
3,B_task,planning,167,-0.6572443,0.0,0.0,0.0,15.827021
3,B_task,planning,168,-0.3992676,0.0,0.0,1.0,11.4911785
3,B_task,planning,169,-0.3856767,0.0,0.0,1.0,14.122278
3,B_task,planning,170,-0.2218726,0.0,0.06666666666666667,0.0,14.027684
3,B_task,planning,171,-0.6440144,0.0,0.0,0.0,25.010244
3,B_task,planning,172,-0.34133956,0.0,0.0,1.0,16.804985
3,B_task,planning,173,-0.24317314,0.0,0.0,1.0,8.59635
3,B_task,planning,174,-0.7019971,0.0,0.0,0.0,22.826118
3,B_task,planning,175,-0.57191414,0.0,0.0,0.0,18.24134
3,B_task,planning,176,-0.69531685,0.0,0.0,0.0,14.764066
3,B_task,planning,177,-0.7734975,0.0,0.0,0.0,22.794573
3,B_task,planning,178,-0.5584902,0.0,0.0,0.0,16.73905
3,B_task,planning,179,-0.3363638,0.0,0.0,0.0,11.500034
3,B_task,planning,180,-0.58653533,0.0,0.0,0.0,15.2057
3,B_task,planning,181,-0.4496172,0.0,0.0,0.0,17.573002
3,B_task,planning,182,-0.51707995,0.0,0.0,0.0,25.821833
3,B_task,planning,183,-0.44444335,0.0,0.0,1.0,10.8498335
3,B_task,planning,184,-0.2774925,0.0,0.0,1.0,10.195922
3,B_task,planning,185,-0.5692264,0.0,0.0,0.0,22.720894
3,B_task,planning,186,-0.5986797,0.0,0.0,0.0,20.066895
3,B_task,planning,187,-0.6053177,0.0,0.0,0.0,21.039808
3,B_task,planning,188,-0.69661087,0.0,0.0,0.0,17.892794
3,B_task,planning,189,-0.59003466,0.0,0.0,0.0,19.820684
3,B_task,planning,190,-0.16241388,0.0,0.0,1.0,4.6936316
3,B_task,planning,191,-0.18977846,0.0,0.0,1.0,5.186298
3,B_task,planning,192,-0.25747097,0.0,0.0,1.0,3.7862167
3,B_task,planning,193,-0.4155946,0.0,0.0,0.0,15.01844
3,B_task,planning,194,-0.10603033,0.0,0.0,0.0,9.445745
3,B_task,planning,195,-0.2487514,0.0,0.0,1.0,9.979159
3,B_task,planning,196,-0.35016343,0.0,0.0,1.0,14.03992
3,B_task,planning,197,-0.37983233,0.0,0.0,0.0,15.586656
3,B_task,planning,198,-0.45888275,0.0,0.0,1.0,15.416632
3,B_task,planning,199,-0.67059773,0.0,0.0,0.0,28.009995
3,C_scene,planning,0,-0.6380845,0.0,0.0,0.0,22.52781
3,C_scene,planning,1,-0.59868157,0.0,0.0,0.0,22.708477
3,C_scene,planning,2,-0.75290626,0.0,0.0,0.0,26.218302
3,C_scene,planning,3,-0.793553,0.0,0.0,1.0,24.066586
3,C_scene,planning,4,-0.22838823,0.0,0.08888888888888889,1.0,8.306958
3,C_scene,planning,5,-0.6788626,0.0,0.0,0.0,19.567093
3,C_scene,planning,6,-0.16687964,0.0,0.0,1.0,4.986261
3,C_scene,planning,7,-0.71315324,0.0,0.0,1.0,19.18887
3,C_scene,planning,8,-0.44576406,0.0,0.0,0.0,13.275651
3,C_scene,planning,9,-0.012943026,0.0,0.0,1.0,2.9276006
3,C_scene,planning,10,-0.58646166,0.0,0.0,0.0,18.084944
3,C_scene,planning,11,-0.40530384,0.0,0.0,1.0,9.340563
3,C_scene,planning,12,-0.37287495,0.0,0.0,0.0,8.7024975
3,C_scene,planning,13,-0.34672505,0.0,0.0,1.0,11.929036
3,C_scene,planning,14,-0.2449412,0.0,0.0,1.0,11.134274
3,C_scene,planning,15,-0.83926314,0.0,0.0,0.0,26.936844
3,C_scene,planning,16,-0.41294733,0.0,0.0,1.0,14.700519
3,C_scene,planning,17,-0.13684973,0.0,0.0,1.0,3.8165462
3,C_scene,planning,18,-0.78177077,0.0,0.0,0.0,28.861296
3,C_scene,planning,19,-0.7062419,0.0,0.0,1.0,22.272778
3,C_scene,planning,20,-0.7009309,0.0,0.0,0.0,24.967897
3,C_scene,planning,21,-0.38133156,0.0,0.0,0.0,14.001055
3,C_scene,planning,22,-0.33696482,0.0,0.0,1.0,8.734671
3,C_scene,planning,23,0.063328385,0.0,0.17777777777777778,1.0,1.8369073
3,C_scene,planning,24,-0.51920885,0.0,0.0,0.0,14.447056
3,C_scene,planning,25,-0.44978386,0.0,0.0,1.0,13.151844
3,C_scene,planning,26,-0.53471226,0.0,0.0,0.0,14.6000805
3,C_scene,planning,27,-0.5318901,0.0,0.0,0.0,19.868994
3,C_scene,planning,28,-0.54303724,0.0,0.0,0.0,14.595547
3,C_scene,planning,29,-0.6783055,0.0,0.0,0.0,20.9972
3,C_scene,planning,30,-0.6145167,0.0,0.0,0.0,22.10623
3,C_scene,planning,31,-0.5612696,0.0,0.0,0.0,18.78627
3,C_scene,planning,32,-0.5830089,0.0,0.0,1.0,18.884567
3,C_scene,planning,33,-0.73030096,0.0,0.0,0.0,23.028065
3,C_scene,planning,34,-0.9091267,0.0,0.0,0.0,26.61955
3,C_scene,planning,35,-0.44421852,0.0,0.0,0.0,10.789067
3,C_scene,planning,36,-0.23549287,0.0,0.0,1.0,7.6239314
3,C_scene,planning,37,-0.26332512,0.0,0.0,0.0,12.027718
3,C_scene,planning,38,-0.66636664,0.0,0.0,0.0,21.291468
3,C_scene,planning,39,-0.5301064,0.0,0.0,1.0,9.43947
3,C_scene,planning,40,-0.7780416,0.0,0.0,1.0,23.520151
3,C_scene,planning,41,-0.48052236,0.0,0.0,0.0,15.744892
3,C_scene,planning,42,-0.44725877,0.0,0.0,0.0,14.752582
3,C_scene,planning,43,-0.47405106,0.0,0.0,0.0,15.702123
3,C_scene,planning,44,-0.31221828,0.0,0.0,1.0,10.663845
3,C_scene,planning,45,-0.23595975,0.0,0.0,1.0,6.098234
3,C_scene,planning,46,-0.40886608,0.0,0.0,0.0,13.530737
3,C_scene,planning,47,-0.33943713,0.0,0.0,1.0,14.810021
3,C_scene,planning,48,-0.6053566,0.0,0.0,0.0,23.379776
3,C_scene,planning,49,-0.24383473,0.0,0.0,1.0,8.754986
3,C_scene,planning,50,-0.6758349,0.0,0.0,0.0,19.77472
3,C_scene,planning,51,-0.66198665,0.0,0.0,0.0,25.746151
3,C_scene,planning,52,-0.29787073,0.0,0.0,1.0,11.042263
3,C_scene,planning,53,-0.42628238,0.0,0.0,1.0,14.602941
3,C_scene,planning,54,-0.3868175,0.0,0.0,0.0,12.140773
3,C_scene,planning,55,-0.5083218,0.0,0.0,1.0,18.716795
3,C_scene,planning,56,-0.4851014,0.0,0.0,0.0,15.57218
3,C_scene,planning,57,-0.29689905,0.0,0.0,0.0,8.486726
3,C_scene,planning,58,-0.3703777,0.0,0.0,0.0,12.108965
3,C_scene,planning,59,-0.46766007,0.0,0.0,0.0,15.815249
3,C_scene,planning,60,-0.041544992,0.0,0.0,1.0,3.7295082
3,C_scene,planning,61,-0.58155394,0.0,0.0,0.0,18.793169
3,C_scene,planning,62,-0.73015374,0.0,0.0,0.0,21.491549
3,C_scene,planning,63,-0.43228483,0.0,0.0,1.0,6.993288
3,C_scene,planning,64,-0.42529386,0.0,0.0,1.0,17.636805
3,C_scene,planning,65,-0.23928267,0.0,0.0,1.0,9.103316
3,C_scene,planning,66,-0.45539904,0.0,0.0,0.0,18.146439
3,C_scene,planning,67,-0.62534696,0.0,0.0,0.0,23.382753
3,C_scene,planning,68,-0.27876404,0.0,0.0,0.0,10.570735
3,C_scene,planning,69,-0.3120765,0.0,0.0,0.0,10.913501
3,C_scene,planning,70,-0.28936973,0.0,0.0,1.0,7.4432263
3,C_scene,planning,71,-0.502303,0.0,0.0,0.0,11.874104
3,C_scene,planning,72,-0.7523894,0.0,0.0,0.0,21.816708
3,C_scene,planning,73,-0.16794592,0.0,0.0,1.0,6.5168633
3,C_scene,planning,74,-0.7533831,0.0,0.0,0.0,23.65645
3,C_scene,planning,75,-0.8281927,0.0,0.0,0.0,29.481907
3,C_scene,planning,76,-0.56927454,0.0,0.0,0.0,15.178763
3,C_scene,planning,77,-0.6778014,0.0,0.0,0.0,20.634459
3,C_scene,planning,78,-0.20492174,0.0,0.0,1.0,7.023406
3,C_scene,planning,79,-0.5872406,0.0,0.0,0.0,20.365711
3,C_scene,planning,80,-0.20226595,0.0,0.0,1.0,6.808604
3,C_scene,planning,81,-0.37633747,0.0,0.0,1.0,11.440298
3,C_scene,planning,82,-0.4515712,0.0,0.0,0.0,12.262218
3,C_scene,planning,83,-0.4006227,0.0,0.0,0.0,14.909108
3,C_scene,planning,84,-0.52800816,0.0,0.0,0.0,20.95655
3,C_scene,planning,85,-0.63500905,0.0,0.0,0.0,21.8504
3,C_scene,planning,86,-0.4524953,0.0,0.0,0.0,13.394275
3,C_scene,planning,87,-0.8624884,0.0,0.0,0.0,29.367226
3,C_scene,planning,88,-0.3671953,0.0,0.0,1.0,15.148287
3,C_scene,planning,89,-0.42793497,0.0,0.0,0.0,13.089656
3,C_scene,planning,90,-0.41579595,0.0,0.0,0.0,17.57052
3,C_scene,planning,91,-0.51170063,0.0,0.0,0.0,17.515938
3,C_scene,planning,92,-1.0495509,0.0,0.0,0.0,33.32068
3,C_scene,planning,93,-0.24207406,0.0,0.0,0.0,7.744274
3,C_scene,planning,94,-0.49800992,0.0,0.0,1.0,16.363916
3,C_scene,planning,95,-0.13016896,0.0,0.0,1.0,5.137514
3,C_scene,planning,96,-0.23702241,0.0,0.0,1.0,8.051282
3,C_scene,planning,97,-0.22663166,0.0,0.0,1.0,8.033782
3,C_scene,planning,98,-0.5640898,0.0,0.0,1.0,18.404625
3,C_scene,planning,99,-0.7036654,0.0,0.0,0.0,17.061975
3,C_scene,planning,100,-0.25421035,0.0,0.0,0.0,6.7715673
3,C_scene,planning,101,-0.2006365,0.0,0.0,1.0,3.2516305
3,C_scene,planning,102,-0.31272128,0.0,0.0,1.0,4.326212
3,C_scene,planning,103,-0.23369296,0.0,0.0,1.0,8.271074
3,C_scene,planning,104,-0.42437586,0.0,0.0,0.0,14.793558
3,C_scene,planning,105,-0.674076,0.0,0.0,0.0,22.107447
3,C_scene,planning,106,-0.3604179,0.0,0.0,0.0,12.646338
3,C_scene,planning,107,-0.5657053,0.0,0.0,1.0,20.256813
3,C_scene,planning,108,-0.4485045,0.0,0.0,0.0,16.284597
3,C_scene,planning,109,-0.25342137,0.0,0.0,1.0,14.402017
3,C_scene,planning,110,-0.5653234,0.0,0.0,0.0,17.150972
3,C_scene,planning,111,-0.58718425,0.0,0.0,0.0,23.298323
3,C_scene,planning,112,-0.21431679,0.0,0.0,1.0,10.073964
3,C_scene,planning,113,-0.05253277,0.0,0.0,1.0,4.0369897
3,C_scene,planning,114,-0.7954767,0.0,0.0,0.0,29.208054
3,C_scene,planning,115,-0.4664971,0.0,0.0,0.0,17.568111
3,C_scene,planning,116,-0.41542253,0.0,0.0,1.0,12.403257
3,C_scene,planning,117,-0.876924,0.0,0.0,0.0,27.323786
3,C_scene,planning,118,-0.1880801,0.0,0.0,1.0,7.4229193
3,C_scene,planning,119,-0.48856506,0.0,0.0,1.0,16.295143
3,C_scene,planning,120,-0.40314552,0.0,0.0,1.0,12.827345
3,C_scene,planning,121,-0.48126078,0.0,0.0,1.0,3.9710934
3,C_scene,planning,122,-0.7575067,0.0,0.0,1.0,23.524359
3,C_scene,planning,123,-0.30770105,0.0,0.0,1.0,8.698214
3,C_scene,planning,124,-0.5813882,0.0,0.0,0.0,20.042465
3,C_scene,planning,125,-0.5858749,0.0,0.0,0.0,22.549538
3,C_scene,planning,126,-0.44731635,0.0,0.0,0.0,14.940764
3,C_scene,planning,127,-0.5008685,0.0,0.0,0.0,15.49257
3,C_scene,planning,128,-0.17592679,0.0,0.0,1.0,5.4539948
3,C_scene,planning,129,-0.45677838,0.0,0.0,1.0,15.401593
3,C_scene,planning,130,-0.4072286,0.0,0.0,1.0,11.566225
3,C_scene,planning,131,-0.52888834,0.0,0.0,0.0,15.85129
3,C_scene,planning,132,-0.27156365,0.0,0.0,1.0,10.129038
3,C_scene,planning,133,-0.41976696,0.0,0.0,1.0,13.655158
3,C_scene,planning,134,-0.31684557,0.0,0.0,1.0,10.277136
3,C_scene,planning,135,-0.6347616,0.0,0.0,0.0,21.52093
3,C_scene,planning,136,-0.56431717,0.0,0.0,0.0,18.688046
3,C_scene,planning,137,-0.5715707,0.0,0.0,0.0,21.458746
3,C_scene,planning,138,-0.70541894,0.0,0.0,1.0,24.67182
3,C_scene,planning,139,-0.1916815,0.0,0.0,1.0,4.5142546
3,C_scene,planning,140,-0.6613271,0.0,0.0,1.0,19.986921
3,C_scene,planning,141,-0.63008016,0.0,0.0,0.0,17.287277
3,C_scene,planning,142,-0.6382526,0.0,0.0,0.0,19.044159
3,C_scene,planning,143,-0.49218255,0.0,0.0,1.0,17.402817
3,C_scene,planning,144,-0.13890496,0.0,0.0,1.0,3.2756968
3,C_scene,planning,145,-0.42936715,0.0,0.0,1.0,9.713087
3,C_scene,planning,146,-0.377803,0.0,0.0,1.0,10.31146
3,C_scene,planning,147,-0.24112336,0.0,0.0,1.0,7.73119
3,C_scene,planning,148,-0.5993097,0.0,0.0,0.0,21.61689
3,C_scene,planning,149,-0.33809745,0.0,0.0,1.0,11.288446
3,C_scene,planning,150,-0.56136185,0.0,0.0,0.0,11.945437
3,C_scene,planning,151,-0.5078788,0.0,0.0,0.0,20.244274
3,C_scene,planning,152,-0.40488517,0.0,0.0,1.0,13.007721
3,C_scene,planning,153,-0.48994383,0.0,0.0,1.0,13.497556
3,C_scene,planning,154,-0.67033005,0.0,0.0,0.0,28.489258
3,C_scene,planning,155,-0.5871662,0.0,0.0,0.0,19.12149
3,C_scene,planning,156,-0.5890084,0.0,0.0,0.0,19.995007
3,C_scene,planning,157,-0.36011738,0.0,0.0,1.0,14.163192
3,C_scene,planning,158,-0.57237023,0.0,0.0,0.0,16.366379
3,C_scene,planning,159,-0.39024273,0.0,0.0,0.0,10.331373
3,C_scene,planning,160,-0.29207614,0.0,0.0,0.0,10.753103
3,C_scene,planning,161,-0.3511076,0.0,0.0,0.0,10.902598
3,C_scene,planning,162,-0.3156914,0.0,0.0,1.0,6.9953194
3,C_scene,planning,163,-0.57262015,0.0,0.0,1.0,19.852308
3,C_scene,planning,164,-0.39515126,0.0,0.0,1.0,12.968163
3,C_scene,planning,165,-0.4581575,0.0,0.0,0.0,18.168114
3,C_scene,planning,166,-0.5070251,0.0,0.0,1.0,16.25794
3,C_scene,planning,167,-0.79508966,0.0,0.0,0.0,24.69227
3,C_scene,planning,168,-0.3794599,0.0,0.0,1.0,14.549731
3,C_scene,planning,169,-0.37076247,0.0,0.0,1.0,12.513011
3,C_scene,planning,170,-0.12717634,0.0,0.06666666666666667,1.0,6.053753
3,C_scene,planning,171,-0.5664651,0.0,0.0,1.0,16.46195
3,C_scene,planning,172,-0.2527974,0.0,0.0,1.0,11.835762
3,C_scene,planning,173,-0.31627238,0.0,0.0,0.0,17.60028
3,C_scene,planning,174,-0.55154455,0.0,0.0,0.0,12.378556
3,C_scene,planning,175,-0.5024526,0.0,0.0,0.0,15.978214
3,C_scene,planning,176,-0.70356876,0.0,0.0,0.0,22.362381
3,C_scene,planning,177,-0.4727122,0.0,0.0,0.0,9.018585
3,C_scene,planning,178,-0.6636148,0.0,0.0,1.0,17.610037
3,C_scene,planning,179,-0.37407994,0.0,0.0,1.0,10.9874115
3,C_scene,planning,180,-0.5522281,0.0,0.0,0.0,15.236968
3,C_scene,planning,181,-0.7692692,0.0,0.0,0.0,33.071735
3,C_scene,planning,182,-0.368644,0.0,0.0,0.0,15.896239
3,C_scene,planning,183,-0.56410366,0.0,0.0,1.0,18.094368
3,C_scene,planning,184,-0.29177174,0.0,0.0,1.0,10.454908
3,C_scene,planning,185,-0.30342466,0.0,0.0,1.0,4.186323
3,C_scene,planning,186,-0.61763036,0.0,0.0,0.0,17.816845
3,C_scene,planning,187,-0.62585485,0.0,0.0,0.0,18.752611
3,C_scene,planning,188,-0.8724397,0.0,0.0,0.0,28.20028
3,C_scene,planning,189,-0.5612621,0.0,0.0,0.0,19.638214
3,C_scene,planning,190,-0.2867967,0.0,0.0,1.0,13.309867
3,C_scene,planning,191,-0.277464,0.0,0.0,1.0,8.832659
3,C_scene,planning,192,-0.32056957,0.0,0.0,0.0,8.752551
3,C_scene,planning,193,-0.3105231,0.0,0.0,0.0,7.4748216
3,C_scene,planning,194,-0.102977574,0.0,0.0,1.0,5.7774844
3,C_scene,planning,195,-0.16762751,0.0,0.0,1.0,4.693287
3,C_scene,planning,196,-0.31932178,0.0,0.0,1.0,8.94474
3,C_scene,planning,197,-0.31124836,0.0,0.0,0.0,9.458689
3,C_scene,planning,198,-0.3025191,0.0,0.0,1.0,3.4297123
3,C_scene,planning,199,-0.5660769,0.0,0.0,0.0,18.650934
3,D_latent,planning,0,-0.58447385,0.0,0.0,0.0,15.498507
3,D_latent,planning,1,-0.4752685,0.0,0.0,0.0,13.31282
3,D_latent,planning,2,-0.619561,0.0,0.0,0.0,19.886105
3,D_latent,planning,3,-0.86841947,0.0,0.0,0.0,28.317633
3,D_latent,planning,4,-0.4560908,0.0,0.0,1.0,15.470024
3,D_latent,planning,5,-0.6994272,0.0,0.0,0.0,22.2273
3,D_latent,planning,6,-0.34217614,0.0,0.0,1.0,14.931841
3,D_latent,planning,7,-0.727822,0.0,0.0,0.0,22.316368
3,D_latent,planning,8,-0.341198,0.0,0.0,1.0,2.793772
3,D_latent,planning,9,-0.11054107,0.0,0.0,1.0,6.4404593
3,D_latent,planning,10,-0.5643874,0.0,0.0,0.0,13.344416
3,D_latent,planning,11,-0.301983,0.0,0.0,1.0,3.215676
3,D_latent,planning,12,-0.56546193,0.0,0.0,0.0,18.412128
3,D_latent,planning,13,-0.42739338,0.0,0.0,1.0,14.093866
3,D_latent,planning,14,-0.33233982,0.0,0.0,1.0,15.988262
3,D_latent,planning,15,-0.80176723,0.0,0.0,0.0,22.79114
3,D_latent,planning,16,-0.5207403,0.0,0.0,1.0,14.021338
3,D_latent,planning,17,-0.104228474,0.0,0.0,1.0,3.0744083
3,D_latent,planning,18,-0.3742916,0.0,0.0,0.0,10.041065
3,D_latent,planning,19,-0.6968004,0.0,0.0,1.0,19.298052
3,D_latent,planning,20,-0.6828131,0.0,0.0,0.0,16.927094
3,D_latent,planning,21,-0.28461674,0.0,0.0,1.0,6.833938
3,D_latent,planning,22,-0.3704062,0.0,0.0,1.0,9.848236
3,D_latent,planning,23,-0.1674155,0.0,0.0,1.0,10.231287
3,D_latent,planning,24,-0.5128046,0.0,0.0,0.0,18.486206
3,D_latent,planning,25,-0.33099258,0.0,0.0,1.0,9.753357
3,D_latent,planning,26,-0.6877539,0.0,0.0,0.0,22.888763
3,D_latent,planning,27,-0.3400145,0.0,0.0,0.0,13.417711
3,D_latent,planning,28,-0.43609375,0.0,0.0,1.0,3.742721
3,D_latent,planning,29,-0.78282386,0.0,0.0,0.0,26.539467
3,D_latent,planning,30,-0.6818458,0.0,0.0,0.0,22.287111
3,D_latent,planning,31,-0.5978827,0.0,0.0,0.0,15.057039
3,D_latent,planning,32,-0.6097363,0.0,0.0,0.0,22.238232
3,D_latent,planning,33,-0.7633386,0.0,0.0,0.0,25.01836
3,D_latent,planning,34,-0.79708,0.0,0.0,0.0,20.734753
3,D_latent,planning,35,-0.638381,0.0,0.0,0.0,26.178532
3,D_latent,planning,36,-0.23509738,0.0,0.0,1.0,9.105499
3,D_latent,planning,37,-0.22937281,0.0,0.0,1.0,13.87855
3,D_latent,planning,38,-0.6958843,0.0,0.0,0.0,24.708433
3,D_latent,planning,39,-0.5096017,0.0,0.0,0.0,10.074889
3,D_latent,planning,40,-0.65313876,0.0,0.0,0.0,15.068846
3,D_latent,planning,41,-0.4652646,0.0,0.0,0.0,11.817986
3,D_latent,planning,42,-0.6000276,0.0,0.0,0.0,21.924162
3,D_latent,planning,43,-0.340109,0.0,0.0,1.0,9.003892
3,D_latent,planning,44,-0.2212854,0.0,0.0,1.0,5.419101
3,D_latent,planning,45,-0.34029308,0.0,0.0,1.0,14.528918
3,D_latent,planning,46,-0.20298998,0.0,0.0,1.0,5.1577487
3,D_latent,planning,47,-0.3370052,0.0,0.0,1.0,12.292838
3,D_latent,planning,48,-0.5890489,0.0,0.0,0.0,23.527536
3,D_latent,planning,49,-0.29473963,0.0,0.0,1.0,7.690921
3,D_latent,planning,50,-0.6903683,0.0,0.0,0.0,21.739445
3,D_latent,planning,51,-0.7353964,0.0,0.0,1.0,22.025478
3,D_latent,planning,52,-0.32405025,0.0,0.0,0.0,13.46392
3,D_latent,planning,53,-0.49982324,0.0,0.0,1.0,22.45056
3,D_latent,planning,54,-0.17094432,0.0,0.0,1.0,5.0798936
3,D_latent,planning,55,-0.5759422,0.0,0.0,1.0,24.975271
3,D_latent,planning,56,-0.67767066,0.0,0.0,0.0,23.620472
3,D_latent,planning,57,-0.46787152,0.0,0.0,0.0,18.412493
3,D_latent,planning,58,-0.29077438,0.0,0.0,1.0,8.426498
3,D_latent,planning,59,-0.42991737,0.0,0.0,0.0,14.282544
3,D_latent,planning,60,-0.17055379,0.0,0.0,1.0,4.083101
3,D_latent,planning,61,-0.6549372,0.0,0.0,0.0,21.771715
3,D_latent,planning,62,-0.5897831,0.0,0.0,0.0,12.059727
3,D_latent,planning,63,-0.59744245,0.0,0.0,0.0,23.50247
3,D_latent,planning,64,-0.375213,0.0,0.0,1.0,9.478618
3,D_latent,planning,65,-0.27976188,0.0,0.0,0.0,15.4557
3,D_latent,planning,66,-0.30577677,0.0,0.0,1.0,7.862405
3,D_latent,planning,67,-0.27863038,0.0,0.0,0.0,12.646621
3,D_latent,planning,68,-0.25784335,0.0,0.0,0.0,10.248107
3,D_latent,planning,69,-0.30417025,0.0,0.0,0.0,11.402177
3,D_latent,planning,70,-0.38575423,0.0,0.0,0.0,14.486773
3,D_latent,planning,71,-0.47863126,0.0,0.0,0.0,12.1308155
3,D_latent,planning,72,-0.7408401,0.0,0.0,0.0,17.306242
3,D_latent,planning,73,-0.28466198,0.0,0.0,0.0,12.167741
3,D_latent,planning,74,-0.69412374,0.0,0.0,0.0,21.11725
3,D_latent,planning,75,-0.8189902,0.0,0.0,0.0,27.727694
3,D_latent,planning,76,-0.74126273,0.0,0.0,0.0,23.121637
3,D_latent,planning,77,-0.39156073,0.0,0.0,0.0,8.467951
3,D_latent,planning,78,-0.28638622,0.0,0.0,0.0,13.472186
3,D_latent,planning,79,-0.4282246,0.0,0.0,0.0,10.846921
3,D_latent,planning,80,-0.16261895,0.0,0.0,1.0,4.4399257
3,D_latent,planning,81,-0.43703845,0.0,0.0,0.0,17.780277
3,D_latent,planning,82,-0.4400481,0.0,0.0,0.0,12.140986
3,D_latent,planning,83,-0.36540255,0.0,0.0,0.0,15.421799
3,D_latent,planning,84,-0.32758358,0.0,0.0,0.0,10.803767
3,D_latent,planning,85,-0.53207904,0.0,0.0,0.0,13.395375
3,D_latent,planning,86,-0.41882163,0.0,0.0,0.0,11.76463
3,D_latent,planning,87,-0.7531989,0.0,0.0,0.0,22.10591
3,D_latent,planning,88,-0.434809,0.0,0.0,1.0,19.514154
3,D_latent,planning,89,-0.4961144,0.0,0.0,0.0,18.570402
3,D_latent,planning,90,-0.4341481,0.0,0.0,0.0,17.179611
3,D_latent,planning,91,-0.4661263,0.0,0.0,1.0,12.963497
3,D_latent,planning,92,-1.0112197,0.0,0.0,0.0,30.779646
3,D_latent,planning,93,-0.21239431,0.0,0.0,1.0,5.4996414
3,D_latent,planning,94,-0.4065233,0.0,0.0,1.0,10.528214
3,D_latent,planning,95,-0.2747765,0.0,0.0,1.0,12.8474455
3,D_latent,planning,96,-0.30136162,0.0,0.0,1.0,10.239376
3,D_latent,planning,97,-0.16431975,0.0,0.0,1.0,5.3656645
3,D_latent,planning,98,-0.45468915,0.0,0.0,1.0,15.9349575
3,D_latent,planning,99,-0.6045288,0.0,0.0,0.0,18.32535
3,D_latent,planning,100,-0.2666756,0.0,0.0,0.0,8.709264
3,D_latent,planning,101,-0.30010828,0.0,0.0,0.0,8.26689
3,D_latent,planning,102,-0.45432308,0.0,0.0,0.0,17.75421
3,D_latent,planning,103,-0.14380099,0.0,0.0,1.0,9.898185
3,D_latent,planning,104,-0.62072176,0.0,0.0,0.0,29.806252
3,D_latent,planning,105,-0.52495414,0.0,0.0,0.0,13.615075
3,D_latent,planning,106,-0.31141308,0.0,0.0,0.0,12.924184
3,D_latent,planning,107,-0.66589874,0.0,0.0,0.0,24.932013
3,D_latent,planning,108,-0.53293645,0.0,0.0,1.0,18.610582
3,D_latent,planning,109,-0.18283452,0.0,0.0,1.0,5.5229588
3,D_latent,planning,110,-0.46125755,0.0,0.0,1.0,12.226045
3,D_latent,planning,111,-0.53582627,0.0,0.0,0.0,21.901382
3,D_latent,planning,112,-0.10187907,0.0,0.0,1.0,3.4809403
3,D_latent,planning,113,-0.054355346,0.0,0.0,1.0,6.7102017
3,D_latent,planning,114,-0.7252332,0.0,0.0,0.0,24.310766
3,D_latent,planning,115,-0.36237678,0.0,0.0,1.0,5.959503
3,D_latent,planning,116,-0.46008202,0.0,0.0,1.0,17.991423
3,D_latent,planning,117,-0.8464404,0.0,0.0,0.0,25.958796
3,D_latent,planning,118,-0.011781621,0.0,0.15555555555555556,1.0,7.8224363
3,D_latent,planning,119,-0.44037154,0.0,0.0,1.0,13.467435
3,D_latent,planning,120,-0.47176582,0.0,0.0,1.0,14.651649
3,D_latent,planning,121,-0.5371545,0.0,0.0,1.0,14.797956
3,D_latent,planning,122,-0.6850995,0.0,0.0,1.0,26.047068
3,D_latent,planning,123,-0.35931036,0.0,0.0,1.0,10.56976
3,D_latent,planning,124,-0.61483806,0.0,0.0,0.0,24.927158
3,D_latent,planning,125,-0.47689185,0.0,0.0,0.0,15.718231
3,D_latent,planning,126,-0.41859338,0.0,0.0,0.0,14.44968
3,D_latent,planning,127,-0.6604655,0.0,0.0,0.0,20.199009
3,D_latent,planning,128,-0.2933658,0.0,0.0,1.0,14.016808
3,D_latent,planning,129,-0.40048838,0.0,0.0,1.0,9.527787
3,D_latent,planning,130,-0.44545096,0.0,0.0,1.0,16.02684
3,D_latent,planning,131,-0.6724597,0.0,0.0,0.0,27.012388
3,D_latent,planning,132,-0.1965422,0.0,0.0,1.0,5.493843
3,D_latent,planning,133,-0.43538272,0.0,0.0,1.0,13.925134
3,D_latent,planning,134,-0.40373722,0.0,0.0,1.0,14.009523
3,D_latent,planning,135,-0.6855094,0.0,0.0,0.0,20.824343
3,D_latent,planning,136,-0.4969839,0.0,0.0,1.0,9.506114
3,D_latent,planning,137,-0.5355403,0.0,0.0,0.0,17.521294
3,D_latent,planning,138,-0.6018941,0.0,0.0,1.0,19.869959
3,D_latent,planning,139,-0.18761449,0.0,0.0,1.0,9.337855
3,D_latent,planning,140,-0.604846,0.0,0.0,0.0,24.242393
3,D_latent,planning,141,-0.51315665,0.0,0.0,0.0,18.861858
3,D_latent,planning,142,-0.5358777,0.0,0.0,1.0,12.17319
3,D_latent,planning,143,-0.4787754,0.0,0.0,1.0,13.108801
3,D_latent,planning,144,-0.24968226,0.0,0.0,1.0,8.880866
3,D_latent,planning,145,-0.66766703,0.0,0.0,0.0,22.621738
3,D_latent,planning,146,-0.39881232,0.0,0.0,1.0,14.596811
3,D_latent,planning,147,-0.21354531,0.0,0.0,1.0,5.408753
3,D_latent,planning,148,-0.49273592,0.0,0.0,1.0,11.485346
3,D_latent,planning,149,-0.23015147,0.0,0.0,1.0,3.6307828
3,D_latent,planning,150,-0.68580383,0.0,0.0,0.0,25.55226
3,D_latent,planning,151,-0.4609167,0.0,0.0,0.0,17.864874
3,D_latent,planning,152,-0.32878563,0.0,0.0,1.0,9.6592245
3,D_latent,planning,153,-0.46807158,0.0,0.0,0.0,19.540707
3,D_latent,planning,154,-0.54652894,0.0,0.0,0.0,18.798355
3,D_latent,planning,155,-0.6643882,0.0,0.0,0.0,22.674782
3,D_latent,planning,156,-0.3618397,0.0,0.0,1.0,4.411242
3,D_latent,planning,157,-0.18961369,0.0,0.0,1.0,5.0505123
3,D_latent,planning,158,-0.6429133,0.0,0.0,0.0,22.653467
3,D_latent,planning,159,-0.24533893,0.0,0.0,1.0,9.170067
3,D_latent,planning,160,-0.47657362,0.0,0.0,0.0,20.970568
3,D_latent,planning,161,-0.58489656,0.0,0.0,0.0,19.990793
3,D_latent,planning,162,-0.45524448,0.0,0.0,0.0,17.50242
3,D_latent,planning,163,-0.4801458,0.0,0.0,1.0,11.764362
3,D_latent,planning,164,-0.3389799,0.0,0.0,1.0,12.635846
3,D_latent,planning,165,-0.5442661,0.0,0.0,0.0,22.743444
3,D_latent,planning,166,-0.5440377,0.0,0.0,1.0,16.139559
3,D_latent,planning,167,-0.71301645,0.0,0.0,0.0,21.571926
3,D_latent,planning,168,-0.4562991,0.0,0.0,1.0,14.323223
3,D_latent,planning,169,-0.260931,0.0,0.0,1.0,3.7855198
3,D_latent,planning,170,-0.01751399,0.0,0.08888888888888889,1.0,9.535013
3,D_latent,planning,171,-0.6337828,0.0,0.0,1.0,16.792036
3,D_latent,planning,172,-0.21298407,0.0,0.0,1.0,5.6044607
3,D_latent,planning,173,-0.2719223,0.0,0.0,1.0,10.089482
3,D_latent,planning,174,-0.7605699,0.0,0.0,0.0,27.371414
3,D_latent,planning,175,-0.54916006,0.0,0.0,0.0,14.635579
3,D_latent,planning,176,-0.8548518,0.0,0.0,0.0,28.475079
3,D_latent,planning,177,-0.79709405,0.0,0.0,0.0,26.891216
3,D_latent,planning,178,-0.6238902,0.0,0.0,0.0,18.498219
3,D_latent,planning,179,-0.32180578,0.0,0.0,0.0,11.620294
3,D_latent,planning,180,-0.6204159,0.0,0.0,1.0,17.397673
3,D_latent,planning,181,-0.42097422,0.0,0.0,1.0,16.442097
3,D_latent,planning,182,-0.33133814,0.0,0.0,0.0,13.171634
3,D_latent,planning,183,-0.64163345,0.0,0.0,1.0,22.115614
3,D_latent,planning,184,-0.32000354,0.0,0.0,1.0,12.38887
3,D_latent,planning,185,-0.45327026,0.0,0.0,1.0,15.332961
3,D_latent,planning,186,-0.47998512,0.0,0.0,1.0,11.848245
3,D_latent,planning,187,-0.60610646,0.0,0.0,0.0,20.301022
3,D_latent,planning,188,-0.7652564,0.0,0.0,0.0,23.932384
3,D_latent,planning,189,-0.46855593,0.0,0.0,0.0,8.346953
3,D_latent,planning,190,-0.16618349,0.0,0.0,1.0,9.495127
3,D_latent,planning,191,-0.27368835,0.0,0.0,1.0,9.762767
3,D_latent,planning,192,-0.48641554,0.0,0.0,0.0,21.686892
3,D_latent,planning,193,-0.39154923,0.0,0.0,0.0,12.628182
3,D_latent,planning,194,-0.21941847,0.0,0.0,0.0,15.800535
3,D_latent,planning,195,-0.24448547,0.0,0.0,1.0,9.062215
3,D_latent,planning,196,-0.29884025,0.0,0.0,1.0,8.715778
3,D_latent,planning,197,-0.49471888,0.0,0.0,0.0,22.217196
3,D_latent,planning,198,-0.3637124,0.0,0.0,1.0,9.569528
3,D_latent,planning,199,-0.56567407,0.0,0.0,0.0,22.984396
3,B_task_nopark,planning,0,-0.17759897,1.0,0.1111111111111111,1.0,1.5114267
3,B_task_nopark,planning,1,-0.105709605,0.0,0.0,1.0,3.039813
3,B_task_nopark,planning,2,-0.23798746,0.0,0.0,1.0,3.7307642
3,B_task_nopark,planning,3,-0.2728734,1.0,0.1111111111111111,1.0,0.40210417
3,B_task_nopark,planning,4,-0.31269947,0.0,0.0,1.0,8.031791
3,B_task_nopark,planning,5,-0.33919713,0.0,0.0,1.0,2.7682242
3,B_task_nopark,planning,6,-0.1530341,0.0,0.0,1.0,3.5417879
3,B_task_nopark,planning,7,-0.2654931,1.0,0.022222222222222223,1.0,1.4083245
3,B_task_nopark,planning,8,-0.14323947,0.0,0.0,1.0,3.1125307
3,B_task_nopark,planning,9,0.06493487,0.0,0.24444444444444444,1.0,4.3036675
3,B_task_nopark,planning,10,-0.21626046,1.0,0.044444444444444446,1.0,1.4572086
3,B_task_nopark,planning,11,-0.0034555674,1.0,0.3333333333333333,1.0,1.0197933
3,B_task_nopark,planning,12,-0.16684197,0.0,0.0,1.0,3.9971678
3,B_task_nopark,planning,13,-0.10568352,0.0,0.0,1.0,4.453669
3,B_task_nopark,planning,14,-0.21289995,0.0,0.0,1.0,7.3130345
3,B_task_nopark,planning,15,-0.3617853,0.0,0.0,1.0,3.9553773
3,B_task_nopark,planning,16,-0.25740945,0.0,0.0,1.0,4.8034406
3,B_task_nopark,planning,17,-0.034457393,0.0,0.08888888888888889,1.0,1.9283631
3,B_task_nopark,planning,18,-0.09306277,0.0,0.0,1.0,3.0400455
3,B_task_nopark,planning,19,-0.3077176,0.0,0.0,1.0,2.620867
3,B_task_nopark,planning,20,-0.2507235,0.0,0.0,1.0,3.3568707
3,B_task_nopark,planning,21,-0.22826496,0.0,0.0,1.0,7.1829276
3,B_task_nopark,planning,22,-0.12246316,0.0,0.0,1.0,2.5349698
3,B_task_nopark,planning,23,-0.087887414,0.0,0.0,1.0,3.6210902
3,B_task_nopark,planning,24,-0.23052445,0.0,0.0,1.0,4.1668034
3,B_task_nopark,planning,25,-0.013660343,0.0,0.24444444444444444,1.0,3.302153
3,B_task_nopark,planning,26,-0.21163723,0.0,0.0,1.0,2.08747
3,B_task_nopark,planning,27,0.012891491,0.0,0.13333333333333333,1.0,2.707738
3,B_task_nopark,planning,28,-0.21127008,0.0,0.044444444444444446,1.0,5.67139
3,B_task_nopark,planning,29,-0.21330361,0.0,0.0,1.0,2.2684364
3,B_task_nopark,planning,30,-0.28337663,0.0,0.0,1.0,5.487857
3,B_task_nopark,planning,31,-0.24092655,0.0,0.0,1.0,5.38501
3,B_task_nopark,planning,32,-0.08640292,1.0,0.2,1.0,1.0369463
3,B_task_nopark,planning,33,-0.30306137,0.0,0.0,1.0,2.564343
3,B_task_nopark,planning,34,-0.38264447,0.0,0.0,1.0,3.8413327
3,B_task_nopark,planning,35,-0.027805403,0.0,0.3333333333333333,1.0,1.6335437
3,B_task_nopark,planning,36,0.0030988322,1.0,0.15555555555555556,1.0,1.1469833
3,B_task_nopark,planning,37,-0.16619399,0.0,0.0,1.0,6.4952483
3,B_task_nopark,planning,38,-0.18698812,0.0,0.0,1.0,3.104214
3,B_task_nopark,planning,39,-0.06589159,1.0,0.35555555555555557,1.0,1.368221
3,B_task_nopark,planning,40,-0.38447744,0.0,0.0,1.0,4.430794
3,B_task_nopark,planning,41,-0.27386177,0.0,0.0,1.0,4.664943
3,B_task_nopark,planning,42,-0.23314086,0.0,0.0,1.0,3.4378757
3,B_task_nopark,planning,43,-0.13191548,0.0,0.0,1.0,2.5741994
3,B_task_nopark,planning,44,-0.15784478,0.0,0.0,1.0,2.7605455
3,B_task_nopark,planning,45,-0.17934105,0.0,0.0,1.0,5.2749
3,B_task_nopark,planning,46,0.05993682,0.0,0.28888888888888886,1.0,4.4736037
3,B_task_nopark,planning,47,0.029087644,1.0,0.2,1.0,0.46260306
3,B_task_nopark,planning,48,-0.2930287,0.0,0.0,0.0,6.3909855
3,B_task_nopark,planning,49,-0.18563215,0.0,0.0,1.0,5.0780005
3,B_task_nopark,planning,50,-0.33441934,0.0,0.0,1.0,3.2881134
3,B_task_nopark,planning,51,-0.23959982,1.0,0.06666666666666667,1.0,1.3256838
3,B_task_nopark,planning,52,-0.2406819,0.0,0.0,1.0,6.818447
3,B_task_nopark,planning,53,-0.27639535,0.0,0.0,1.0,7.999413
3,B_task_nopark,planning,54,-0.09587855,0.0,0.0,1.0,3.099842
3,B_task_nopark,planning,55,-0.22421238,0.0,0.0,1.0,3.7304323
3,B_task_nopark,planning,56,-0.21049061,0.0,0.0,1.0,2.109165
3,B_task_nopark,planning,57,-0.2495596,0.0,0.0,1.0,6.0136547
3,B_task_nopark,planning,58,-0.27069494,0.0,0.0,0.0,6.5956182
3,B_task_nopark,planning,59,-0.21497722,0.0,0.0,1.0,5.0787888
3,B_task_nopark,planning,60,0.20225012,1.0,0.6,1.0,0.34049624
3,B_task_nopark,planning,61,-0.26201773,0.0,0.0,1.0,3.719084
3,B_task_nopark,planning,62,-0.32153922,0.0,0.0,1.0,2.908487
3,B_task_nopark,planning,63,-0.074719496,1.0,0.2222222222222222,1.0,0.8620902
3,B_task_nopark,planning,64,-0.22954018,0.0,0.0,1.0,6.496912
3,B_task_nopark,planning,65,0.14160678,0.0,0.37777777777777777,1.0,2.5118182
3,B_task_nopark,planning,66,-0.19670562,0.0,0.0,1.0,6.568445
3,B_task_nopark,planning,67,-0.268784,0.0,0.0,1.0,8.0686655
3,B_task_nopark,planning,68,-0.17621076,0.0,0.0,1.0,4.9770994
3,B_task_nopark,planning,69,0.00871238,1.0,0.1111111111111111,1.0,1.1793844
3,B_task_nopark,planning,70,-0.13264704,0.0,0.0,1.0,3.3537982
3,B_task_nopark,planning,71,-0.07909108,1.0,0.2,1.0,1.0622286
3,B_task_nopark,planning,72,-0.31529793,0.0,0.0,1.0,2.703683
3,B_task_nopark,planning,73,0.18475956,1.0,0.5555555555555556,1.0,0.99623126
3,B_task_nopark,planning,74,-0.405481,0.0,0.0,1.0,9.039355
3,B_task_nopark,planning,75,-0.27602467,0.0,0.0,1.0,2.2543635
3,B_task_nopark,planning,76,-0.263509,0.0,0.0,1.0,2.792707
3,B_task_nopark,planning,77,-0.22056001,0.0,0.0,1.0,5.8601174
3,B_task_nopark,planning,78,0.06652509,1.0,0.24444444444444444,1.0,1.4115608
3,B_task_nopark,planning,79,-0.24282841,0.0,0.0,1.0,5.173617
3,B_task_nopark,planning,80,0.01330215,0.0,0.0,1.0,3.018802
3,B_task_nopark,planning,81,-0.031956892,0.0,0.2222222222222222,1.0,1.8398136
3,B_task_nopark,planning,82,-0.22527203,0.0,0.0,1.0,4.288403
3,B_task_nopark,planning,83,-0.25222588,0.0,0.0,0.0,7.3587294
3,B_task_nopark,planning,84,-0.21165751,0.0,0.0,1.0,3.2618356
3,B_task_nopark,planning,85,-0.00013757481,0.0,0.3333333333333333,1.0,1.9977683
3,B_task_nopark,planning,86,-0.22607116,0.0,0.0,1.0,3.8925545
3,B_task_nopark,planning,87,-0.26884282,1.0,0.1111111111111111,1.0,0.96865565
3,B_task_nopark,planning,88,0.14371522,1.0,0.5333333333333333,1.0,0.8834965
3,B_task_nopark,planning,89,-0.18314819,0.0,0.0,1.0,3.0976439
3,B_task_nopark,planning,90,-0.24777173,0.0,0.0,1.0,6.369806
3,B_task_nopark,planning,91,-0.16239554,0.0,0.0,1.0,3.081608
3,B_task_nopark,planning,92,-0.39467812,1.0,0.17777777777777778,1.0,1.4497207
3,B_task_nopark,planning,93,0.04117882,0.0,0.17777777777777778,1.0,3.5914981
3,B_task_nopark,planning,94,-0.20363136,0.0,0.0,1.0,5.217139
3,B_task_nopark,planning,95,-0.14143234,0.0,0.0,1.0,4.633705
3,B_task_nopark,planning,96,-0.0829061,1.0,0.022222222222222223,1.0,1.4306954
3,B_task_nopark,planning,97,-0.12777525,0.0,0.0,1.0,3.9855602
3,B_task_nopark,planning,98,-0.040569704,1.0,0.28888888888888886,1.0,0.5502105
3,B_task_nopark,planning,99,-0.28150776,0.0,0.0,1.0,5.669117
3,B_task_nopark,planning,100,-0.17634366,0.0,0.0,1.0,3.7438362
3,B_task_nopark,planning,101,-0.059594605,0.0,0.1111111111111111,1.0,4.0188575
3,B_task_nopark,planning,102,-0.21146692,0.0,0.0,1.0,4.892895
3,B_task_nopark,planning,103,-0.18726315,0.0,0.0,1.0,6.009095
3,B_task_nopark,planning,104,-0.18925643,0.0,0.0,1.0,3.3429892
3,B_task_nopark,planning,105,-0.25144446,0.0,0.0,1.0,3.9373364
3,B_task_nopark,planning,106,-0.21032566,0.0,0.0,1.0,5.0448103
3,B_task_nopark,planning,107,-0.26553297,0.0,0.0,1.0,3.3264532
3,B_task_nopark,planning,108,-0.17632596,0.0,0.0,1.0,2.7529004
3,B_task_nopark,planning,109,-0.059568577,1.0,0.06666666666666667,1.0,1.235804
3,B_task_nopark,planning,110,-0.14576836,0.0,0.0,1.0,3.5345323
3,B_task_nopark,planning,111,-0.23564598,0.0,0.0,1.0,4.485517
3,B_task_nopark,planning,112,-0.058435865,0.0,0.08888888888888889,1.0,3.7433186
3,B_task_nopark,planning,113,0.25092265,0.0,0.5333333333333333,1.0,1.6486698
3,B_task_nopark,planning,114,-0.30215108,0.0,0.0,1.0,2.6596928
3,B_task_nopark,planning,115,0.028297676,1.0,0.37777777777777777,1.0,0.81003803
3,B_task_nopark,planning,116,-0.22547497,0.0,0.0,1.0,4.045242
3,B_task_nopark,planning,117,-0.44366896,0.0,0.0,1.0,2.9817402
3,B_task_nopark,planning,118,0.18895364,0.0,0.4222222222222222,1.0,2.61641
3,B_task_nopark,planning,119,-0.25122598,0.0,0.0,0.0,6.791201
3,B_task_nopark,planning,120,-0.14883195,0.0,0.0,1.0,3.4081118
3,B_task_nopark,planning,121,-0.23371221,0.0,0.0,1.0,3.4615614
3,B_task_nopark,planning,122,-0.26380807,0.0,0.0,1.0,2.7358525
3,B_task_nopark,planning,123,-0.109593615,0.0,0.0,1.0,2.2506201
3,B_task_nopark,planning,124,-0.23351924,0.0,0.0,1.0,3.0347934
3,B_task_nopark,planning,125,-0.16532947,0.0,0.0,1.0,3.146759
3,B_task_nopark,planning,126,-0.24491334,0.0,0.0,1.0,5.70653
3,B_task_nopark,planning,127,-0.22893704,0.0,0.0,1.0,3.3235848
3,B_task_nopark,planning,128,-0.1440256,0.0,0.0,1.0,3.491418
3,B_task_nopark,planning,129,-0.23450841,0.0,0.0,1.0,4.649317
3,B_task_nopark,planning,130,-0.1864609,0.0,0.0,1.0,3.7531962
3,B_task_nopark,planning,131,-0.07237161,1.0,0.24444444444444444,1.0,0.8849357
3,B_task_nopark,planning,132,0.08753058,0.0,0.28888888888888886,1.0,2.1808798
3,B_task_nopark,planning,133,-0.003445143,0.0,0.24444444444444444,1.0,2.0164607
3,B_task_nopark,planning,134,-0.18203583,0.0,0.0,1.0,4.8308544
3,B_task_nopark,planning,135,-0.17052901,0.0,0.0,1.0,2.7247868
3,B_task_nopark,planning,136,0.029569179,1.0,0.4444444444444444,1.0,0.7050559
3,B_task_nopark,planning,137,-0.19956754,0.0,0.0,1.0,3.899635
3,B_task_nopark,planning,138,-0.32519445,0.0,0.0,1.0,6.008002
3,B_task_nopark,planning,139,-0.20593135,0.0,0.0,1.0,6.6756387
3,B_task_nopark,planning,140,-0.19169916,0.0,0.0,1.0,2.959129
3,B_task_nopark,planning,141,-0.276135,0.0,0.0,1.0,3.8653295
3,B_task_nopark,planning,142,-0.10225198,1.0,0.24444444444444444,1.0,0.5727356
3,B_task_nopark,planning,143,-0.23205185,0.0,0.0,1.0,2.4245257
3,B_task_nopark,planning,144,-0.023879329,0.0,0.0,1.0,2.6397393
3,B_task_nopark,planning,145,-0.17096376,0.0,0.0,1.0,2.2637768
3,B_task_nopark,planning,146,-0.056956295,0.0,0.0,1.0,2.2664087
3,B_task_nopark,planning,147,-0.2039047,0.0,0.0,1.0,4.5764146
3,B_task_nopark,planning,148,-0.23082684,0.0,0.0,1.0,2.2731612
3,B_task_nopark,planning,149,-0.06275915,0.0,0.0,1.0,2.1551688
3,B_task_nopark,planning,150,-0.083226115,0.0,0.17777777777777778,1.0,1.7014755
3,B_task_nopark,planning,151,-0.18599963,0.0,0.0,1.0,2.7601225
3,B_task_nopark,planning,152,-0.07522906,0.0,0.08888888888888889,1.0,4.264978
3,B_task_nopark,planning,153,0.001383743,1.0,0.3333333333333333,1.0,1.443913
3,B_task_nopark,planning,154,-0.25859332,0.0,0.0,1.0,4.2920313
3,B_task_nopark,planning,155,-0.16144255,0.0,0.0,1.0,2.14181
3,B_task_nopark,planning,156,-0.2631507,0.0,0.0,1.0,4.632231
3,B_task_nopark,planning,157,-0.22492854,0.0,0.0,1.0,7.2188115
3,B_task_nopark,planning,158,-0.18193425,0.0,0.0,1.0,2.5484009
3,B_task_nopark,planning,159,-0.020187132,0.0,0.15555555555555556,1.0,3.5972757
3,B_task_nopark,planning,160,-0.095887035,0.0,0.0,1.0,1.7893556
3,B_task_nopark,planning,161,-0.15532637,1.0,0.08888888888888889,1.0,0.6654266
3,B_task_nopark,planning,162,-0.26831907,0.0,0.0,1.0,6.6199565
3,B_task_nopark,planning,163,-0.15067476,0.0,0.0,1.0,2.0151422
3,B_task_nopark,planning,164,0.03509885,0.0,0.0,1.0,1.5835817
3,B_task_nopark,planning,165,-0.20225644,0.0,0.0,1.0,5.222371
3,B_task_nopark,planning,166,-0.03980441,1.0,0.28888888888888886,1.0,1.3978578
3,B_task_nopark,planning,167,-0.39965367,0.0,0.0,1.0,6.980788
3,B_task_nopark,planning,168,-0.08012202,0.0,0.0,1.0,3.3464358
3,B_task_nopark,planning,169,-0.069227174,1.0,0.1111111111111111,1.0,0.9217068
3,B_task_nopark,planning,170,-0.09782094,0.0,0.1111111111111111,1.0,6.4289923
3,B_task_nopark,planning,171,-0.2756763,0.0,0.0,1.0,3.5737813
3,B_task_nopark,planning,172,-0.06470731,0.0,0.0,1.0,2.2010303
3,B_task_nopark,planning,173,-0.16114753,0.0,0.0,1.0,3.52587
3,B_task_nopark,planning,174,-0.31438082,0.0,0.0,1.0,4.484095
3,B_task_nopark,planning,175,-0.06812212,0.0,0.24444444444444444,1.0,2.0528858
3,B_task_nopark,planning,176,-0.3051089,0.0,0.0,1.0,3.23368
3,B_task_nopark,planning,177,-0.27361804,0.0,0.0,1.0,2.430206
3,B_task_nopark,planning,178,-0.20182942,0.0,0.0,1.0,4.0639057
3,B_task_nopark,planning,179,-0.050766546,0.0,0.044444444444444446,1.0,2.0213687
3,B_task_nopark,planning,180,-0.24133207,0.0,0.0,1.0,3.6336365
3,B_task_nopark,planning,181,-0.21165365,0.0,0.0,1.0,3.9240062
3,B_task_nopark,planning,182,-0.36721057,0.0,0.0,0.0,10.117665
3,B_task_nopark,planning,183,-0.28494704,0.0,0.0,1.0,2.8602264
3,B_task_nopark,planning,184,0.0067671165,0.0,0.1111111111111111,1.0,1.7049127
3,B_task_nopark,planning,185,-0.21327822,0.0,0.0,1.0,4.1995583
3,B_task_nopark,planning,186,-0.2299663,0.0,0.0,1.0,3.1039567
3,B_task_nopark,planning,187,0.025130458,1.0,0.4666666666666667,1.0,1.003525
3,B_task_nopark,planning,188,-0.24638589,0.0,0.1111111111111111,1.0,2.7010198
3,B_task_nopark,planning,189,-0.0056638056,1.0,0.37777777777777777,1.0,1.4061078
3,B_task_nopark,planning,190,-0.057589225,0.0,0.0,1.0,2.572127
3,B_task_nopark,planning,191,-0.15244031,0.0,0.0,1.0,4.7805314
3,B_task_nopark,planning,192,0.07213339,1.0,0.4,1.0,1.0874791
3,B_task_nopark,planning,193,-0.13098957,0.0,0.0,1.0,3.5255973
3,B_task_nopark,planning,194,-0.15571612,0.0,0.0,1.0,5.5171566
3,B_task_nopark,planning,195,-0.10396684,0.0,0.0,1.0,2.5778077
3,B_task_nopark,planning,196,-0.0014598327,0.0,0.17777777777777778,1.0,3.443162
3,B_task_nopark,planning,197,-0.17245866,0.0,0.0,1.0,3.8733132
3,B_task_nopark,planning,198,-0.119519785,0.0,0.0,1.0,3.323952
3,B_task_nopark,planning,199,-0.32523847,0.0,0.0,1.0,7.8288155
3,D_latent_nopark,planning,0,-0.16381295,0.0,0.13333333333333333,1.0,3.46041
3,D_latent_nopark,planning,1,-0.20880756,0.0,0.0,1.0,5.1209974
3,D_latent_nopark,planning,2,-0.070047595,0.0,0.24444444444444444,1.0,2.32189
3,D_latent_nopark,planning,3,-0.3640781,0.0,0.0,1.0,5.110591
3,D_latent_nopark,planning,4,-0.06303067,1.0,0.2,1.0,0.24598695
3,D_latent_nopark,planning,5,-0.1983088,0.0,0.15555555555555556,1.0,2.4027069
3,D_latent_nopark,planning,6,-0.10859183,0.0,0.0,1.0,4.2427583
3,D_latent_nopark,planning,7,-0.23303713,0.0,0.0,1.0,3.192373
3,D_latent_nopark,planning,8,-0.12609127,0.0,0.06666666666666667,1.0,4.187243
3,D_latent_nopark,planning,9,-0.05863099,0.0,0.1111111111111111,1.0,5.6275506
3,D_latent_nopark,planning,10,-0.12907848,0.0,0.17777777777777778,1.0,2.3079827
3,D_latent_nopark,planning,11,-0.13732325,0.0,0.08888888888888889,1.0,4.4157515
3,D_latent_nopark,planning,12,-0.17588754,0.0,0.0,1.0,3.3609755
3,D_latent_nopark,planning,13,0.1745942,1.0,0.5555555555555556,1.0,1.0047804
3,D_latent_nopark,planning,14,-0.15640818,0.0,0.0,1.0,4.3173437
3,D_latent_nopark,planning,15,-0.3422321,0.0,0.0,1.0,3.441523
3,D_latent_nopark,planning,16,-0.067458116,0.0,0.15555555555555556,1.0,2.563909
3,D_latent_nopark,planning,17,-0.15500647,0.0,0.0,1.0,4.950584
3,D_latent_nopark,planning,18,-0.012604951,1.0,0.1111111111111111,1.0,1.4931061
3,D_latent_nopark,planning,19,-0.21007504,0.0,0.15555555555555556,1.0,2.4919236
3,D_latent_nopark,planning,20,-0.14991918,0.0,0.15555555555555556,1.0,2.7756221
3,D_latent_nopark,planning,21,-0.123156674,0.0,0.0,1.0,5.0275583
3,D_latent_nopark,planning,22,-0.060177337,0.0,0.08888888888888889,1.0,3.3669593
3,D_latent_nopark,planning,23,0.13645016,0.0,0.3333333333333333,1.0,2.1993752
3,D_latent_nopark,planning,24,-0.060860567,0.0,0.2,1.0,3.5945282
3,D_latent_nopark,planning,25,0.040489793,0.0,0.26666666666666666,1.0,1.8287123
3,D_latent_nopark,planning,26,-0.10745083,0.0,0.2,1.0,2.6832085
3,D_latent_nopark,planning,27,-0.17277063,0.0,0.0,1.0,6.193599
3,D_latent_nopark,planning,28,-0.18276265,0.0,0.08888888888888889,1.0,4.5152802
3,D_latent_nopark,planning,29,-0.22088845,0.0,0.0,1.0,2.7826824
3,D_latent_nopark,planning,30,-0.27140936,0.0,0.0,1.0,4.133011
3,D_latent_nopark,planning,31,-0.13790825,0.0,0.0,1.0,3.7576027
3,D_latent_nopark,planning,32,-0.21018079,0.0,0.0,1.0,2.5981598
3,D_latent_nopark,planning,33,-0.23400757,0.0,0.13333333333333333,1.0,2.6694574
3,D_latent_nopark,planning,34,-0.39349553,0.0,0.0,1.0,4.646951
3,D_latent_nopark,planning,35,-0.15235227,0.0,0.0,1.0,4.018256
3,D_latent_nopark,planning,36,-0.1670121,0.0,0.0,1.0,6.815098
3,D_latent_nopark,planning,37,-0.09182855,0.0,0.0,1.0,4.128575
3,D_latent_nopark,planning,38,-0.15444688,0.0,0.13333333333333333,1.0,3.657316
3,D_latent_nopark,planning,39,-0.24511087,0.0,0.0,1.0,7.2096815
3,D_latent_nopark,planning,40,-0.31492275,1.0,0.022222222222222223,1.0,1.5038337
3,D_latent_nopark,planning,41,-0.17404595,0.0,0.0,1.0,4.080989
3,D_latent_nopark,planning,42,-0.015204301,1.0,0.28888888888888886,1.0,1.1134897
3,D_latent_nopark,planning,43,-0.17305383,0.0,0.0,1.0,6.1579566
3,D_latent_nopark,planning,44,-0.10168708,1.0,0.022222222222222223,1.0,1.5467303
3,D_latent_nopark,planning,45,0.0067693437,0.0,0.0,1.0,1.7400216
3,D_latent_nopark,planning,46,-0.09705398,0.0,0.08888888888888889,1.0,5.407011
3,D_latent_nopark,planning,47,-0.07598835,0.0,0.0,1.0,2.9278882
3,D_latent_nopark,planning,48,-0.07254297,0.0,0.2222222222222222,1.0,2.617906
3,D_latent_nopark,planning,49,-0.1781952,0.0,0.0,1.0,5.767632
3,D_latent_nopark,planning,50,-0.33085108,0.0,0.0,1.0,3.4888964
3,D_latent_nopark,planning,51,-0.33102274,0.0,0.0,1.0,4.3656425
3,D_latent_nopark,planning,52,-0.056318894,0.0,0.0,1.0,3.7493918
3,D_latent_nopark,planning,53,-0.13494544,0.0,0.0,1.0,5.099013
3,D_latent_nopark,planning,54,-0.13625304,0.0,0.044444444444444446,1.0,5.7660413
3,D_latent_nopark,planning,55,-0.32717428,0.0,0.0,1.0,8.544678
3,D_latent_nopark,planning,56,-0.07751366,0.0,0.13333333333333333,1.0,2.401134
3,D_latent_nopark,planning,57,0.07351317,0.0,0.4222222222222222,1.0,1.7380596
3,D_latent_nopark,planning,58,-0.1584749,0.0,0.0,1.0,4.5792274
3,D_latent_nopark,planning,59,-0.08907406,0.0,0.1111111111111111,1.0,5.25098
3,D_latent_nopark,planning,60,0.0033177766,0.0,0.13333333333333333,1.0,3.0862746
3,D_latent_nopark,planning,61,-0.13783434,0.0,0.13333333333333333,1.0,3.3255584
3,D_latent_nopark,planning,62,-0.20287405,0.0,0.17777777777777778,1.0,2.3668184
3,D_latent_nopark,planning,63,-0.11109788,0.0,0.1111111111111111,1.0,3.6136024
3,D_latent_nopark,planning,64,-0.18819894,0.0,0.08888888888888889,1.0,8.32855
3,D_latent_nopark,planning,65,-0.20654996,0.0,0.0,1.0,5.9546056
3,D_latent_nopark,planning,66,0.0026708131,0.0,0.15555555555555556,1.0,2.5403218
3,D_latent_nopark,planning,67,-0.2914565,0.0,0.0,1.0,7.9886656
3,D_latent_nopark,planning,68,0.015694888,0.0,0.0,1.0,2.8264782
3,D_latent_nopark,planning,69,-0.19147407,0.0,0.0,1.0,5.6948833
3,D_latent_nopark,planning,70,-0.18320987,0.0,0.0,1.0,3.9627137
3,D_latent_nopark,planning,71,-0.22498089,0.0,0.0,1.0,4.254647
3,D_latent_nopark,planning,72,-0.31165215,0.0,0.0,1.0,3.1961198
3,D_latent_nopark,planning,73,-0.07223677,0.0,0.0,1.0,3.3158484
3,D_latent_nopark,planning,74,-0.21796733,0.0,0.17777777777777778,1.0,2.0399964
3,D_latent_nopark,planning,75,-0.22910796,0.0,0.0,1.0,3.9220471
3,D_latent_nopark,planning,76,-0.12743837,0.0,0.17777777777777778,1.0,2.8254635
3,D_latent_nopark,planning,77,-0.30785874,0.0,0.0,1.0,9.243452
3,D_latent_nopark,planning,78,0.08699649,1.0,0.26666666666666666,1.0,1.3726263
3,D_latent_nopark,planning,79,-0.12368453,0.0,0.0,1.0,4.21986
3,D_latent_nopark,planning,80,0.0059673907,0.0,0.0,1.0,3.0777156
3,D_latent_nopark,planning,81,-0.23713055,0.0,0.0,1.0,5.470661
3,D_latent_nopark,planning,82,-0.08903672,1.0,0.15555555555555556,1.0,0.8254419
3,D_latent_nopark,planning,83,-0.12306913,0.0,0.0,1.0,2.5347881
3,D_latent_nopark,planning,84,-0.010020206,1.0,0.2222222222222222,1.0,0.59211004
3,D_latent_nopark,planning,85,-0.17667794,0.0,0.0,1.0,4.8277016
3,D_latent_nopark,planning,86,-0.23617585,0.0,0.0,1.0,6.011024
3,D_latent_nopark,planning,87,-0.3526449,0.0,0.0,1.0,7.586408
3,D_latent_nopark,planning,88,-0.0002281977,0.0,0.0,1.0,1.6197997
3,D_latent_nopark,planning,89,0.0735204,0.0,0.28888888888888886,1.0,1.5832582
3,D_latent_nopark,planning,90,-0.22248995,0.0,0.0,1.0,5.949344
3,D_latent_nopark,planning,91,-0.044850107,0.0,0.13333333333333333,1.0,2.1997998
3,D_latent_nopark,planning,92,-0.43595114,0.0,0.08888888888888889,1.0,3.9824338
3,D_latent_nopark,planning,93,-0.007984204,0.0,0.13333333333333333,1.0,3.3245957
3,D_latent_nopark,planning,94,-0.13895832,0.0,0.0,1.0,5.441414
3,D_latent_nopark,planning,95,-0.10169613,0.0,0.0,1.0,3.7839258
3,D_latent_nopark,planning,96,-0.16445348,0.0,0.0,1.0,4.251485
3,D_latent_nopark,planning,97,-0.042713467,0.0,0.0,1.0,3.8831208
3,D_latent_nopark,planning,98,-0.13419576,0.0,0.0,1.0,3.2953656
3,D_latent_nopark,planning,99,-0.092363514,0.0,0.26666666666666666,1.0,1.5901035
3,D_latent_nopark,planning,100,-0.19508265,0.0,0.0,1.0,4.9908323
3,D_latent_nopark,planning,101,-0.20634426,0.0,0.0,1.0,7.1513653
3,D_latent_nopark,planning,102,-0.11484059,0.0,0.044444444444444446,1.0,2.2458553
3,D_latent_nopark,planning,103,-0.147505,0.0,0.0,1.0,4.239132
3,D_latent_nopark,planning,104,-0.08110998,0.0,0.0,1.0,1.8070909
3,D_latent_nopark,planning,105,-0.14549664,0.0,0.06666666666666667,1.0,2.39432
3,D_latent_nopark,planning,106,-0.22018512,0.0,0.0,1.0,6.2446113
3,D_latent_nopark,planning,107,-0.024026584,1.0,0.4222222222222222,1.0,1.1791847
3,D_latent_nopark,planning,108,-0.16232023,0.0,0.0,1.0,2.9921818
3,D_latent_nopark,planning,109,0.025156548,0.0,0.044444444444444446,1.0,1.5884588
3,D_latent_nopark,planning,110,-0.066144764,0.0,0.15555555555555556,1.0,2.803782
3,D_latent_nopark,planning,111,0.0032382524,0.0,0.2,1.0,2.75345
3,D_latent_nopark,planning,112,0.11928782,0.0,0.37777777777777777,1.0,3.210694
3,D_latent_nopark,planning,113,-0.07915481,0.0,0.0,1.0,4.2063913
3,D_latent_nopark,planning,114,-0.30857977,0.0,0.0,1.0,4.053036
3,D_latent_nopark,planning,115,-0.15026192,0.0,0.044444444444444446,1.0,4.7153625
3,D_latent_nopark,planning,116,-0.13909043,0.0,0.0,1.0,3.0249438
3,D_latent_nopark,planning,117,-0.35690045,0.0,0.08888888888888889,1.0,1.982905
3,D_latent_nopark,planning,118,-0.0873713,0.0,0.0,1.0,5.172305
3,D_latent_nopark,planning,119,-0.1619574,0.0,0.0,1.0,3.6100473
3,D_latent_nopark,planning,120,0.018913629,0.0,0.24444444444444444,1.0,2.2795677
3,D_latent_nopark,planning,121,-0.16953279,0.0,0.0,1.0,3.4390693
3,D_latent_nopark,planning,122,-0.20807187,0.0,0.13333333333333333,1.0,2.6738703
3,D_latent_nopark,planning,123,-0.10905273,0.0,0.08888888888888889,1.0,4.56668
3,D_latent_nopark,planning,124,-0.082660794,0.0,0.17777777777777778,1.0,2.565455
3,D_latent_nopark,planning,125,-0.1916554,0.0,0.0,1.0,3.8131545
3,D_latent_nopark,planning,126,-0.13961,0.0,0.0,1.0,3.6791723
3,D_latent_nopark,planning,127,-0.19096483,0.0,0.0,1.0,4.944998
3,D_latent_nopark,planning,128,-0.10324682,0.0,0.0,1.0,2.130748
3,D_latent_nopark,planning,129,-0.02887404,0.0,0.0,1.0,2.0186646
3,D_latent_nopark,planning,130,0.059703615,1.0,0.4444444444444444,1.0,0.29441097
3,D_latent_nopark,planning,131,-0.08534691,0.0,0.08888888888888889,1.0,2.7119706
3,D_latent_nopark,planning,132,-0.042290777,1.0,0.044444444444444446,1.0,1.43286
3,D_latent_nopark,planning,133,-0.049981423,0.0,0.13333333333333333,1.0,4.233949
3,D_latent_nopark,planning,134,0.06081418,1.0,0.13333333333333333,1.0,1.5298113
3,D_latent_nopark,planning,135,-0.20225932,0.0,0.0,1.0,3.8926895
3,D_latent_nopark,planning,136,-0.102146074,0.0,0.1111111111111111,1.0,3.1567206
3,D_latent_nopark,planning,137,-0.18950108,0.0,0.0,1.0,6.019926
3,D_latent_nopark,planning,138,-0.14864582,0.0,0.0,1.0,2.1349692
3,D_latent_nopark,planning,139,-0.13638271,0.0,0.0,1.0,4.4016137
3,D_latent_nopark,planning,140,-0.12390937,0.0,0.13333333333333333,1.0,3.6121922
3,D_latent_nopark,planning,141,-0.18936457,0.0,0.0,1.0,3.274228
3,D_latent_nopark,planning,142,-0.26258123,0.0,0.0,1.0,4.1523905
3,D_latent_nopark,planning,143,-0.090013236,0.0,0.0,1.0,2.567672
3,D_latent_nopark,planning,144,-0.057189364,0.0,0.0,1.0,1.8895295
3,D_latent_nopark,planning,145,-0.2235913,0.0,0.0,1.0,6.0408664
3,D_latent_nopark,planning,146,-0.0046903966,0.0,0.17777777777777778,1.0,2.8091238
3,D_latent_nopark,planning,147,-0.21866457,0.0,0.0,1.0,5.8312387
3,D_latent_nopark,planning,148,-0.25294164,0.0,0.0,1.0,3.8443851
3,D_latent_nopark,planning,149,0.12049177,1.0,0.4666666666666667,1.0,1.1450025
3,D_latent_nopark,planning,150,-0.17848442,0.0,0.1111111111111111,1.0,3.8642983
3,D_latent_nopark,planning,151,-0.13115272,1.0,0.08888888888888889,1.0,0.9105275
3,D_latent_nopark,planning,152,-0.035061494,0.0,0.17777777777777778,1.0,3.832321
3,D_latent_nopark,planning,153,0.01004033,0.0,0.17777777777777778,1.0,1.9527434
3,D_latent_nopark,planning,154,-0.09811269,0.0,0.13333333333333333,1.0,2.7546997
3,D_latent_nopark,planning,155,-0.2344029,0.0,0.0,1.0,4.5109496
3,D_latent_nopark,planning,156,-0.12471129,0.0,0.13333333333333333,1.0,4.2932143
3,D_latent_nopark,planning,157,-0.23164976,0.0,0.0,1.0,5.792655
3,D_latent_nopark,planning,158,-0.25595915,0.0,0.0,1.0,3.6374533
3,D_latent_nopark,planning,159,-0.10907171,0.0,0.0,1.0,3.7197132
3,D_latent_nopark,planning,160,-0.14313109,0.0,0.0,1.0,3.4773848
3,D_latent_nopark,planning,161,-0.016019095,1.0,0.37777777777777777,1.0,1.0438199
3,D_latent_nopark,planning,162,-0.14309172,0.0,0.0,1.0,2.952599
3,D_latent_nopark,planning,163,-0.057525624,0.0,0.17777777777777778,1.0,3.6465244
3,D_latent_nopark,planning,164,-0.06727614,0.0,0.0,1.0,2.8371344
3,D_latent_nopark,planning,165,-0.30345848,0.0,0.0,1.0,8.721735
3,D_latent_nopark,planning,166,-0.21989486,0.0,0.0,1.0,4.3871856
3,D_latent_nopark,planning,167,-0.28440416,0.0,0.0,1.0,5.0025105
3,D_latent_nopark,planning,168,-0.04411574,0.0,0.13333333333333333,1.0,3.457403
3,D_latent_nopark,planning,169,-0.14196442,1.0,0.022222222222222223,1.0,1.4286386
3,D_latent_nopark,planning,170,-0.031843696,0.0,0.1111111111111111,1.0,3.7022698
3,D_latent_nopark,planning,171,-0.123990856,0.0,0.17777777777777778,1.0,2.6335309
3,D_latent_nopark,planning,172,0.11248883,0.0,0.35555555555555557,1.0,1.862383
3,D_latent_nopark,planning,173,-0.21096069,0.0,0.0,1.0,6.310321
3,D_latent_nopark,planning,174,-0.20465074,0.0,0.08888888888888889,1.0,3.9044497
3,D_latent_nopark,planning,175,-0.10483518,0.0,0.15555555555555556,1.0,3.3819647
3,D_latent_nopark,planning,176,-0.34579408,0.0,0.0,1.0,4.8363295
3,D_latent_nopark,planning,177,-0.21198241,0.0,0.08888888888888889,1.0,4.4566073
3,D_latent_nopark,planning,178,-0.07724766,0.0,0.17777777777777778,1.0,3.277276
3,D_latent_nopark,planning,179,-0.23057291,0.0,0.0,1.0,6.646106
3,D_latent_nopark,planning,180,-0.15109324,0.0,0.1111111111111111,1.0,3.765635
3,D_latent_nopark,planning,181,0.06435181,0.0,0.37777777777777777,1.0,1.8099551
3,D_latent_nopark,planning,182,-0.16094014,0.0,0.0,1.0,3.3313003
3,D_latent_nopark,planning,183,-0.071252406,0.0,0.28888888888888886,1.0,1.6844051
3,D_latent_nopark,planning,184,-0.06381201,0.0,0.0,1.0,3.2245984
3,D_latent_nopark,planning,185,-0.031817373,0.0,0.2,1.0,4.279799
3,D_latent_nopark,planning,186,-0.1483873,0.0,0.13333333333333333,1.0,4.0381093
3,D_latent_nopark,planning,187,-0.16596866,0.0,0.0,1.0,2.1954088
3,D_latent_nopark,planning,188,-0.35923496,0.0,0.0,1.0,7.9347086
3,D_latent_nopark,planning,189,-0.17511795,0.0,0.06666666666666667,1.0,4.71515
3,D_latent_nopark,planning,190,0.038334586,0.0,0.0,1.0,2.0064785
3,D_latent_nopark,planning,191,-0.1777895,0.0,0.0,1.0,4.7720227
3,D_latent_nopark,planning,192,-0.12250416,0.0,0.0,1.0,4.6522083
3,D_latent_nopark,planning,193,-0.016208533,0.0,0.13333333333333333,1.0,2.6630585
3,D_latent_nopark,planning,194,-0.08215846,0.0,0.0,1.0,3.6680899
3,D_latent_nopark,planning,195,-0.08070181,0.0,0.0,1.0,2.2052522
3,D_latent_nopark,planning,196,-0.035553947,0.0,0.044444444444444446,1.0,2.5012808
3,D_latent_nopark,planning,197,-0.1671518,0.0,0.0,1.0,5.148945
3,D_latent_nopark,planning,198,0.07572162,0.0,0.28888888888888886,1.0,2.7095172
3,D_latent_nopark,planning,199,-0.08721777,0.0,0.17777777777777778,1.0,2.513989
4,A_recon,planning,0,-0.31793863,0.0,0.0,1.0,5.2819614
4,A_recon,planning,1,-0.3519813,0.0,0.0,1.0,8.734013
4,A_recon,planning,2,-0.44053185,0.0,0.0,0.0,13.144423
4,A_recon,planning,3,-0.43033308,0.0,0.0,1.0,6.3504615
4,A_recon,planning,4,-0.4644926,0.0,0.0,1.0,16.28207
4,A_recon,planning,5,-0.34859544,0.0,0.0,1.0,4.0589128
4,A_recon,planning,6,-0.29103303,0.0,0.0,0.0,14.292288
4,A_recon,planning,7,-0.17816663,0.0,0.17777777777777778,1.0,2.4784565
4,A_recon,planning,8,-0.2900695,0.0,0.0,1.0,6.3703146
4,A_recon,planning,9,0.27582136,1.0,0.6888888888888889,1.0,1.2169566
4,A_recon,planning,10,-0.28877288,0.0,0.0,1.0,4.5078588
4,A_recon,planning,11,0.0345243,0.0,0.4,1.0,1.7243869
4,A_recon,planning,12,-0.19968982,0.0,0.0,1.0,2.5790193
4,A_recon,planning,13,-0.21381183,0.0,0.0,1.0,6.884882
4,A_recon,planning,14,-0.22653124,0.0,0.0,1.0,9.908734
4,A_recon,planning,15,-0.4000838,0.0,0.0,1.0,7.1357365
4,A_recon,planning,16,-0.3696524,0.0,0.0,1.0,4.165086
4,A_recon,planning,17,-0.0723415,0.0,0.1111111111111111,1.0,7.200563
4,A_recon,planning,18,-0.21108943,0.0,0.0,1.0,3.4102833
4,A_recon,planning,19,-0.48259073,0.0,0.0,1.0,6.3943887
4,A_recon,planning,20,-0.34310123,0.0,0.0,1.0,7.3777633
4,A_recon,planning,21,-0.22563699,0.0,0.0,1.0,7.5804524
4,A_recon,planning,22,-0.32261118,0.0,0.0,1.0,9.065616
4,A_recon,planning,23,0.068438224,0.0,0.26666666666666666,1.0,4.245478
4,A_recon,planning,24,-0.033179395,1.0,0.3333333333333333,1.0,1.4511844
4,A_recon,planning,25,-0.1511348,0.0,0.0,1.0,3.3509347
4,A_recon,planning,26,-0.33766884,0.0,0.0,1.0,6.6375084
4,A_recon,planning,27,0.03458842,1.0,0.3333333333333333,1.0,0.82635766
4,A_recon,planning,28,0.017734492,1.0,0.4888888888888889,1.0,1.1137902
4,A_recon,planning,29,-0.2958855,0.0,0.0,1.0,4.6504407
4,A_recon,planning,30,-0.32533985,0.0,0.0,1.0,7.069407
4,A_recon,planning,31,-0.3613927,0.0,0.0,1.0,10.389367
4,A_recon,planning,32,-0.30574906,0.0,0.0,1.0,6.832889
4,A_recon,planning,33,-0.24067181,1.0,0.17777777777777778,1.0,1.003916
4,A_recon,planning,34,-0.38785142,0.0,0.0,1.0,4.3468475
4,A_recon,planning,35,-0.29851583,0.0,0.0,1.0,6.016264
4,A_recon,planning,36,0.052147377,0.0,0.17777777777777778,1.0,5.0377564
4,A_recon,planning,37,-0.09768501,0.0,0.0,1.0,4.683547
4,A_recon,planning,38,-0.32746753,0.0,0.0,1.0,6.4466243
4,A_recon,planning,39,-0.069848605,0.0,0.24444444444444444,1.0,3.0247278
4,A_recon,planning,40,-0.39807972,0.0,0.0,1.0,5.6047163
4,A_recon,planning,41,-0.3219521,0.0,0.0,1.0,8.18304
4,A_recon,planning,42,-0.3566758,0.0,0.0,1.0,7.967872
4,A_recon,planning,43,-0.25443444,0.0,0.0,1.0,6.782745
4,A_recon,planning,44,-0.29408452,0.0,0.0,1.0,10.431437
4,A_recon,planning,45,-0.21004847,0.0,0.0,1.0,5.3220534
4,A_recon,planning,46,-0.19252396,0.0,0.0,1.0,6.2076907
4,A_recon,planning,47,-0.2075765,0.0,0.0,1.0,6.7161717
4,A_recon,planning,48,-0.25982043,0.0,0.0,1.0,4.05768
4,A_recon,planning,49,-0.25058648,0.0,0.0,1.0,10.232378
4,A_recon,planning,50,-0.3824703,0.0,0.0,1.0,6.45564
4,A_recon,planning,51,-0.39929923,0.0,0.0,1.0,8.649592
4,A_recon,planning,52,-0.2823469,0.0,0.0,1.0,7.320139
4,A_recon,planning,53,-0.36672992,0.0,0.0,1.0,11.721346
4,A_recon,planning,54,-0.10355906,0.0,0.0,1.0,3.857977
4,A_recon,planning,55,-0.38212773,0.0,0.0,1.0,6.669589
4,A_recon,planning,56,-0.29071015,0.0,0.0,1.0,7.3952622
4,A_recon,planning,57,-0.20381205,0.0,0.0,1.0,5.576805
4,A_recon,planning,58,-0.18533154,0.0,0.0,1.0,3.5749395
4,A_recon,planning,59,-0.12893087,0.0,0.0,1.0,2.1073802
4,A_recon,planning,60,-0.04134005,0.0,0.15555555555555556,1.0,5.926228
4,A_recon,planning,61,-0.2577532,0.0,0.0,1.0,4.2389555
4,A_recon,planning,62,-0.36350098,0.0,0.0,1.0,4.573856
4,A_recon,planning,63,-0.18129134,0.0,0.0,1.0,2.3495321
4,A_recon,planning,64,-0.09746965,0.0,0.0,1.0,2.2906141
4,A_recon,planning,65,-0.18734998,0.0,0.0,1.0,7.3827286
4,A_recon,planning,66,-0.21239766,0.0,0.0,1.0,5.281632
4,A_recon,planning,67,-0.25799313,0.0,0.0,1.0,8.363256
4,A_recon,planning,68,-0.25574028,0.0,0.0,0.0,9.410776
4,A_recon,planning,69,-0.22476532,0.0,0.0,1.0,6.2383213
4,A_recon,planning,70,-0.19010428,0.0,0.0,1.0,3.1045403
4,A_recon,planning,71,-0.035767715,0.0,0.24444444444444444,1.0,2.3154893
4,A_recon,planning,72,-0.3609377,0.0,0.0,1.0,4.2394986
4,A_recon,planning,73,-0.21564066,0.0,0.0,1.0,8.4089775
4,A_recon,planning,74,-0.2696908,1.0,0.08888888888888889,1.0,1.2460605
4,A_recon,planning,75,-0.15067726,1.0,0.24444444444444444,1.0,0.8266988
4,A_recon,planning,76,-0.33812279,0.0,0.0,1.0,9.586202
4,A_recon,planning,77,-0.2669089,0.0,0.0,1.0,6.2541375
4,A_recon,planning,78,-0.021215687,0.0,0.0,1.0,2.731251
4,A_recon,planning,79,-0.47068012,0.0,0.0,0.0,15.300666
4,A_recon,planning,80,0.059924327,0.0,0.0,1.0,2.080219
4,A_recon,planning,81,-0.32708856,0.0,0.0,1.0,12.830192
4,A_recon,planning,82,-0.25337538,0.0,0.0,1.0,5.130873
4,A_recon,planning,83,-0.27713478,0.0,0.0,0.0,9.543565
4,A_recon,planning,84,-0.18365188,0.0,0.0,1.0,4.695723
4,A_recon,planning,85,-0.12311428,1.0,0.044444444444444446,1.0,1.4367683
4,A_recon,planning,86,-0.017007722,0.0,0.26666666666666666,1.0,1.9050522
4,A_recon,planning,87,-0.35411105,0.0,0.0,1.0,5.350049
4,A_recon,planning,88,-0.19401152,0.0,0.0,1.0,2.8875728
4,A_recon,planning,89,-0.30480924,0.0,0.0,0.0,9.506037
4,A_recon,planning,90,-0.3469694,0.0,0.0,0.0,13.089141
4,A_recon,planning,91,-0.35909373,0.0,0.0,1.0,9.033496
4,A_recon,planning,92,-0.49783897,0.0,0.0,1.0,4.405339
4,A_recon,planning,93,-0.18005702,0.0,0.0,1.0,6.205957
4,A_recon,planning,94,-0.41262096,0.0,0.0,1.0,11.445457
4,A_recon,planning,95,-0.20216319,0.0,0.0,1.0,9.233079
4,A_recon,planning,96,-0.23911847,0.0,0.0,1.0,9.198793
4,A_recon,planning,97,-0.14622715,0.0,0.0,1.0,3.4544554
4,A_recon,planning,98,-0.222799,0.0,0.0,1.0,4.3313837
4,A_recon,planning,99,-0.28495857,0.0,0.0,1.0,5.1516657
4,A_recon,planning,100,-0.30558944,0.0,0.0,0.0,14.498307
4,A_recon,planning,101,-0.17004262,0.0,0.0,1.0,8.433931
4,A_recon,planning,102,-0.18835609,0.0,0.0,1.0,4.703599
4,A_recon,planning,103,-0.18664956,0.0,0.0,1.0,8.069809
4,A_recon,planning,104,-0.2926794,0.0,0.0,0.0,7.45241
4,A_recon,planning,105,-0.36849886,0.0,0.0,1.0,9.425096
4,A_recon,planning,106,-0.12729727,0.0,0.0,1.0,2.4751613
4,A_recon,planning,107,-0.33470103,0.0,0.0,1.0,7.5242796
4,A_recon,planning,108,-0.25812677,0.0,0.0,1.0,2.0792866
4,A_recon,planning,109,-0.20415094,0.0,0.0,1.0,6.437869
4,A_recon,planning,110,-0.2230826,0.0,0.0,1.0,4.004488
4,A_recon,planning,111,-0.2278641,0.0,0.0,1.0,5.6544485
4,A_recon,planning,112,-0.039053604,0.0,0.0,1.0,4.7884064
4,A_recon,planning,113,-0.060549334,0.0,0.0,1.0,5.469132
4,A_recon,planning,114,-0.37991655,0.0,0.0,1.0,7.1845474
4,A_recon,planning,115,-0.22229816,0.0,0.0,1.0,4.7891235
4,A_recon,planning,116,-0.4245541,0.0,0.0,1.0,14.399169
4,A_recon,planning,117,-0.412792,0.0,0.0,1.0,1.8880231
4,A_recon,planning,118,-0.061527707,0.0,0.0,1.0,3.3096404
4,A_recon,planning,119,-0.3078874,0.0,0.0,0.0,10.767506
4,A_recon,planning,120,-0.3000342,0.0,0.0,1.0,7.493871
4,A_recon,planning,121,-0.55721277,0.0,0.0,1.0,18.418036
4,A_recon,planning,122,-0.36441314,0.0,0.0,1.0,5.220229
4,A_recon,planning,123,-0.17389192,0.0,0.0,1.0,6.09084
4,A_recon,planning,124,-0.063317224,1.0,0.28888888888888886,1.0,1.1653755
4,A_recon,planning,125,-0.30451855,0.0,0.0,1.0,8.65007
4,A_recon,planning,126,-0.22076131,0.0,0.0,1.0,6.561899
4,A_recon,planning,127,-0.35286063,0.0,0.0,0.0,8.48875
4,A_recon,planning,128,-0.16002099,0.0,0.0,1.0,6.182606
4,A_recon,planning,129,-0.22614133,0.0,0.0,1.0,6.8373585
4,A_recon,planning,130,-0.34145778,0.0,0.0,1.0,8.520116
4,A_recon,planning,131,-0.14492157,0.0,0.0,1.0,3.8539035
4,A_recon,planning,132,-0.2086912,0.0,0.0,1.0,6.59559
4,A_recon,planning,133,-0.28581235,0.0,0.0,1.0,4.723259
4,A_recon,planning,134,-0.25876892,0.0,0.0,1.0,9.757851
4,A_recon,planning,135,-0.35088548,0.0,0.0,1.0,6.5690536
4,A_recon,planning,136,-0.269927,0.0,0.0,0.0,7.2375073
4,A_recon,planning,137,-0.36409718,0.0,0.0,0.0,11.309305
4,A_recon,planning,138,-0.42206827,0.0,0.0,1.0,12.044691
4,A_recon,planning,139,0.018226843,0.0,0.0,1.0,1.6797354
4,A_recon,planning,140,-0.2516599,0.0,0.0,1.0,5.1001744
4,A_recon,planning,141,-0.26719663,0.0,0.0,1.0,8.230503
4,A_recon,planning,142,-0.34755775,0.0,0.0,1.0,7.727697
4,A_recon,planning,143,-0.3578196,0.0,0.0,1.0,5.4216247
4,A_recon,planning,144,-0.15547091,0.0,0.0,1.0,6.039776
4,A_recon,planning,145,-0.30231947,0.0,0.0,1.0,5.99921
4,A_recon,planning,146,-0.1205593,0.0,0.0,1.0,2.799848
4,A_recon,planning,147,-0.24347822,0.0,0.0,1.0,8.328068
4,A_recon,planning,148,-0.39069286,0.0,0.0,0.0,10.890774
4,A_recon,planning,149,-0.23954841,0.0,0.0,1.0,7.9788995
4,A_recon,planning,150,-0.14887883,0.0,0.06666666666666667,1.0,3.962113
4,A_recon,planning,151,-0.2918195,1.0,0.044444444444444446,1.0,1.1930467
4,A_recon,planning,152,-0.34290522,0.0,0.0,1.0,11.719458
4,A_recon,planning,153,-0.22986166,0.0,0.0,1.0,5.043248
4,A_recon,planning,154,-0.04360943,1.0,0.28888888888888886,1.0,0.26880842
4,A_recon,planning,155,-0.07755506,0.0,0.24444444444444444,1.0,2.6369402
4,A_recon,planning,156,-0.07727186,0.0,0.26666666666666666,1.0,1.7856215
4,A_recon,planning,157,-0.27670544,0.0,0.0,1.0,10.892796
4,A_recon,planning,158,-0.06634768,1.0,0.28888888888888886,1.0,1.0888808
4,A_recon,planning,159,0.18867989,1.0,0.6222222222222222,1.0,1.2703468
4,A_recon,planning,160,-0.22059435,0.0,0.0,1.0,4.1640205
4,A_recon,planning,161,-0.14835127,0.0,0.0,1.0,2.7045116
4,A_recon,planning,162,-0.20445351,0.0,0.0,1.0,4.67591
4,A_recon,planning,163,-0.24169047,0.0,0.0,1.0,4.43702
4,A_recon,planning,164,-0.20159075,0.0,0.0,1.0,6.789714
4,A_recon,planning,165,-0.34159964,0.0,0.0,0.0,13.497579
4,A_recon,planning,166,-0.23598035,0.0,0.0,1.0,6.493347
4,A_recon,planning,167,-0.30349705,0.0,0.0,1.0,1.857443
4,A_recon,planning,168,-0.21197715,0.0,0.0,1.0,7.110536
4,A_recon,planning,169,-0.38683426,0.0,0.0,1.0,15.830347
4,A_recon,planning,170,-0.14486513,0.0,0.08888888888888889,0.0,9.224177
4,A_recon,planning,171,-0.208535,0.0,0.0,1.0,2.0424905
4,A_recon,planning,172,-0.19661818,0.0,0.0,1.0,6.554467
4,A_recon,planning,173,-0.25746742,0.0,0.0,1.0,10.434071
4,A_recon,planning,174,-0.32212648,0.0,0.0,1.0,5.884843
4,A_recon,planning,175,-0.26288077,0.0,0.0,1.0,5.3372817
4,A_recon,planning,176,-0.45740637,0.0,0.0,1.0,3.8925028
4,A_recon,planning,177,-0.087886326,1.0,0.3333333333333333,1.0,1.2254832
4,A_recon,planning,178,-0.30941784,0.0,0.0,1.0,8.085544
4,A_recon,planning,179,-0.2370124,0.0,0.0,1.0,5.3964615
4,A_recon,planning,180,-0.3295276,0.0,0.0,1.0,2.8652506
4,A_recon,planning,181,-0.22769277,0.0,0.0,1.0,4.952727
4,A_recon,planning,182,-0.25825953,0.0,0.0,0.0,9.578585
4,A_recon,planning,183,-0.38962835,0.0,0.0,1.0,6.563443
4,A_recon,planning,184,-0.28029728,0.0,0.0,1.0,10.470952
4,A_recon,planning,185,-0.21785592,0.0,0.0,1.0,3.9675891
4,A_recon,planning,186,-0.34008682,0.0,0.0,1.0,8.694775
4,A_recon,planning,187,-0.37583926,0.0,0.0,1.0,11.158976
4,A_recon,planning,188,-0.3783745,0.0,0.0,1.0,6.5601835
4,A_recon,planning,189,0.095291205,1.0,0.5555555555555556,1.0,0.29404357
4,A_recon,planning,190,0.008607169,0.0,0.0,1.0,3.3990529
4,A_recon,planning,191,-0.24147813,0.0,0.0,1.0,6.9665394
4,A_recon,planning,192,-0.32806352,0.0,0.0,0.0,11.125896
4,A_recon,planning,193,-0.14609832,0.0,0.0,1.0,6.2363253
4,A_recon,planning,194,-0.14553902,0.0,0.0,1.0,7.766759
4,A_recon,planning,195,-0.19808854,0.0,0.0,1.0,8.909014
4,A_recon,planning,196,-0.20289743,0.0,0.0,1.0,4.663142
4,A_recon,planning,197,-0.18728557,0.0,0.0,1.0,4.703097
4,A_recon,planning,198,-0.2666787,0.0,0.0,1.0,7.558952
4,A_recon,planning,199,-0.27867416,0.0,0.0,1.0,5.0739493
4,B_task,planning,0,-0.15880276,0.0,0.13333333333333333,1.0,4.105178
4,B_task,planning,1,-0.1684572,0.0,0.0,1.0,4.3103075
4,B_task,planning,2,-0.29056367,0.0,0.0,1.0,6.938293
4,B_task,planning,3,-0.3962307,0.0,0.0,1.0,6.4393473
4,B_task,planning,4,-0.31792885,0.0,0.0,1.0,9.4339905
4,B_task,planning,5,-0.3804651,0.0,0.0,1.0,6.287329
4,B_task,planning,6,-0.24522942,0.0,0.0,0.0,9.998386
4,B_task,planning,7,-0.33879116,0.0,0.0,1.0,4.998929
4,B_task,planning,8,-0.2835859,0.0,0.0,0.0,7.042303
4,B_task,planning,9,0.20332044,0.0,0.4888888888888889,1.0,2.202758
4,B_task,planning,10,-0.28512695,0.0,0.0,1.0,6.1548696
4,B_task,planning,11,-0.0078158025,0.0,0.0,1.0,2.022011
4,B_task,planning,12,-0.11021009,0.0,0.0,1.0,3.9189718
4,B_task,planning,13,-0.1711424,0.0,0.0,1.0,3.6622093
4,B_task,planning,14,-0.23221102,0.0,0.0,1.0,10.421801
4,B_task,planning,15,-0.38687956,0.0,0.0,1.0,6.747825
4,B_task,planning,16,-0.3440836,0.0,0.0,1.0,10.783122
4,B_task,planning,17,0.22873197,1.0,0.7111111111111111,1.0,0.95935255
4,B_task,planning,18,-0.19959572,0.0,0.0,1.0,4.3871226
4,B_task,planning,19,-0.27266902,0.0,0.0,1.0,1.6023173
4,B_task,planning,20,-0.2143117,0.0,0.0,1.0,2.917617
4,B_task,planning,21,-0.18268329,0.0,0.0,1.0,6.2023497
4,B_task,planning,22,-0.20790909,0.0,0.0,1.0,4.7855015
4,B_task,planning,23,-0.17632206,0.0,0.0,1.0,6.679432
4,B_task,planning,24,-0.03528564,1.0,0.24444444444444444,1.0,1.230313
4,B_task,planning,25,0.019726394,0.0,0.3111111111111111,1.0,4.2889056
4,B_task,planning,26,-0.24139275,0.0,0.0,1.0,4.8461866
4,B_task,planning,27,0.12017553,0.0,0.4222222222222222,1.0,2.1763115
4,B_task,planning,28,-0.02465388,0.0,0.4,1.0,4.007553
4,B_task,planning,29,-0.10875584,0.0,0.0,1.0,1.7270882
4,B_task,planning,30,-0.31950516,0.0,0.0,1.0,7.7887506
4,B_task,planning,31,-0.26403198,0.0,0.0,1.0,7.1948695
4,B_task,planning,32,-0.13800605,0.0,0.0,1.0,1.7859857
4,B_task,planning,33,-0.40004128,0.0,0.0,1.0,5.809156
4,B_task,planning,34,-0.40343764,0.0,0.0,1.0,5.784081
4,B_task,planning,35,-0.16279699,0.0,0.0,1.0,2.6552353
4,B_task,planning,36,-0.07715054,0.0,0.0,1.0,4.641672
4,B_task,planning,37,-0.23966739,0.0,0.0,1.0,9.641455
4,B_task,planning,38,-0.23326829,0.0,0.0,1.0,2.718823
4,B_task,planning,39,-0.22547813,0.0,0.0,1.0,5.011147
4,B_task,planning,40,-0.37204614,0.0,0.0,1.0,4.4268274
4,B_task,planning,41,-0.21380043,0.0,0.0,1.0,6.1261854
4,B_task,planning,42,-0.20541938,0.0,0.0,1.0,5.210824
4,B_task,planning,43,-0.22122224,0.0,0.0,1.0,5.723638
4,B_task,planning,44,-0.13428631,0.0,0.0,1.0,4.659699
4,B_task,planning,45,-0.21415433,0.0,0.0,1.0,5.804718
4,B_task,planning,46,-0.034984775,0.0,0.0,1.0,4.136492
4,B_task,planning,47,-0.20858452,0.0,0.0,1.0,6.3619823
4,B_task,planning,48,-0.29432175,0.0,0.0,0.0,6.64475
4,B_task,planning,49,-0.16024208,0.0,0.0,1.0,5.489752
4,B_task,planning,50,-0.4366283,0.0,0.0,1.0,9.105685
4,B_task,planning,51,-0.38841587,0.0,0.0,1.0,6.9431195
4,B_task,planning,52,-0.27830648,0.0,0.0,1.0,9.968583
4,B_task,planning,53,-0.048308313,0.0,0.06666666666666667,1.0,3.9459372
4,B_task,planning,54,-0.12331681,0.0,0.0,1.0,4.515705
4,B_task,planning,55,-0.33774266,0.0,0.0,1.0,9.410671
4,B_task,planning,56,-0.23761941,0.0,0.0,1.0,4.350039
4,B_task,planning,57,-0.104084894,0.0,0.0,1.0,3.1685395
4,B_task,planning,58,-0.13997337,0.0,0.0,1.0,3.0905728
4,B_task,planning,59,-0.109146625,0.0,0.0,1.0,2.4601808
4,B_task,planning,60,0.13689598,0.0,0.37777777777777777,1.0,3.4968839
4,B_task,planning,61,-0.28237683,0.0,0.0,1.0,6.7002096
4,B_task,planning,62,-0.30361173,1.0,0.022222222222222223,1.0,1.4522374
4,B_task,planning,63,-0.13605465,0.0,0.0,1.0,4.365644
4,B_task,planning,64,-0.23373386,0.0,0.0,1.0,5.15464
4,B_task,planning,65,-0.12307832,0.0,0.0,1.0,4.2161093
4,B_task,planning,66,-0.2136478,0.0,0.0,1.0,3.899756
4,B_task,planning,67,-0.19439417,0.0,0.0,1.0,6.524654
4,B_task,planning,68,-0.17302357,0.0,0.0,1.0,5.4283957
4,B_task,planning,69,-0.24553265,0.0,0.0,1.0,6.875149
4,B_task,planning,70,-0.20659089,0.0,0.0,1.0,3.261147
4,B_task,planning,71,-0.039182324,1.0,0.24444444444444444,1.0,0.527139
4,B_task,planning,72,-0.38138834,0.0,0.0,1.0,6.1335573
4,B_task,planning,73,0.2384416,1.0,0.5777777777777777,1.0,0.557279
4,B_task,planning,74,-0.3792282,0.0,0.0,1.0,5.7837553
4,B_task,planning,75,-0.34926188,0.0,0.0,1.0,6.686869
4,B_task,planning,76,-0.17383385,0.0,0.0,1.0,2.7543433
4,B_task,planning,77,-0.16415061,0.0,0.0,1.0,4.626017
4,B_task,planning,78,-0.029164791,0.0,0.0,1.0,2.5973158
4,B_task,planning,79,-0.10523021,0.0,0.0,1.0,2.3432887
4,B_task,planning,80,-0.09746611,0.0,0.0,1.0,4.7028475
4,B_task,planning,81,-0.2844896,0.0,0.0,1.0,6.9015865
4,B_task,planning,82,-0.08470816,0.0,0.0,1.0,2.396956
4,B_task,planning,83,-0.2628706,0.0,0.0,0.0,9.324487
4,B_task,planning,84,-0.3417564,0.0,0.0,0.0,12.78959
4,B_task,planning,85,-0.239979,0.0,0.0,1.0,3.9698932
4,B_task,planning,86,-0.21403202,0.0,0.0,1.0,3.5438285
4,B_task,planning,87,-0.31002265,0.0,0.0,1.0,1.9287219
4,B_task,planning,88,-0.054379653,0.0,0.0,1.0,1.6677812
4,B_task,planning,89,-0.14635889,0.0,0.0,1.0,4.0972614
4,B_task,planning,90,-0.31891495,0.0,0.0,0.0,11.515737
4,B_task,planning,91,-0.18052657,0.0,0.0,1.0,2.975013
4,B_task,planning,92,-0.39679447,1.0,0.17777777777777778,1.0,1.5335994
4,B_task,planning,93,-0.13944092,0.0,0.0,1.0,4.5929284
4,B_task,planning,94,-0.25746408,0.0,0.0,1.0,7.959598
4,B_task,planning,95,-0.20956239,0.0,0.0,1.0,9.013377
4,B_task,planning,96,-0.24209684,0.0,0.0,1.0,7.7152033
4,B_task,planning,97,-0.25378752,0.0,0.0,1.0,12.233563
4,B_task,planning,98,-0.21617411,0.0,0.0,1.0,2.773519
4,B_task,planning,99,-0.28419822,0.0,0.0,1.0,5.234836
4,B_task,planning,100,-0.23625661,0.0,0.0,0.0,10.255801
4,B_task,planning,101,-0.19480845,0.0,0.0,1.0,5.5879073
4,B_task,planning,102,-0.26041085,0.0,0.0,1.0,8.768772
4,B_task,planning,103,-0.18838993,0.0,0.0,1.0,9.755935
4,B_task,planning,104,-0.32398227,0.0,0.0,0.0,9.641153
4,B_task,planning,105,-0.17683621,0.0,0.0,1.0,2.1332593
4,B_task,planning,106,-0.14791529,0.0,0.0,1.0,2.4590726
4,B_task,planning,107,-0.24560949,0.0,0.0,1.0,5.816494
4,B_task,planning,108,-0.2672785,0.0,0.0,1.0,3.3188734
4,B_task,planning,109,-0.17417233,0.0,0.0,1.0,4.9488034
4,B_task,planning,110,0.056278907,1.0,0.4888888888888889,1.0,0.7326884
4,B_task,planning,111,-0.2394935,0.0,0.0,1.0,6.0292125
4,B_task,planning,112,-0.106946476,0.0,0.06666666666666667,1.0,6.3631268
4,B_task,planning,113,-0.09832688,0.0,0.0,1.0,5.407175
4,B_task,planning,114,-0.3488268,0.0,0.0,1.0,5.660133
4,B_task,planning,115,-0.2985516,0.0,0.0,1.0,9.47181
4,B_task,planning,116,-0.3600798,0.0,0.0,1.0,9.555122
4,B_task,planning,117,-0.42255926,0.0,0.0,1.0,2.2901006
4,B_task,planning,118,0.04888419,0.0,0.0,1.0,3.2189171
4,B_task,planning,119,-0.14110735,0.0,0.0,1.0,6.362918
4,B_task,planning,120,-0.26881573,0.0,0.0,1.0,5.407086
4,B_task,planning,121,-0.22787395,0.0,0.0,1.0,4.2069035
4,B_task,planning,122,-0.23739137,1.0,0.08888888888888889,1.0,1.1806704
4,B_task,planning,123,-0.12765384,0.0,0.08888888888888889,1.0,7.012979
4,B_task,planning,124,-0.18739192,0.0,0.0,1.0,3.5224202
4,B_task,planning,125,-0.27515173,0.0,0.0,1.0,7.2795687
4,B_task,planning,126,-0.27918756,0.0,0.0,1.0,4.8401346
4,B_task,planning,127,-0.293496,0.0,0.0,1.0,6.718765
4,B_task,planning,128,-0.19520298,0.0,0.0,1.0,4.6642084
4,B_task,planning,129,-0.31196687,0.0,0.0,1.0,9.665877
4,B_task,planning,130,-0.22280584,0.0,0.0,1.0,4.7676816
4,B_task,planning,131,-0.11540593,0.0,0.0,1.0,2.9218519
4,B_task,planning,132,-0.08454085,0.0,0.0,1.0,3.9074214
4,B_task,planning,133,-0.18783861,0.0,0.0,1.0,3.5768576
4,B_task,planning,134,-0.27916858,0.0,0.0,1.0,7.3484163
4,B_task,planning,135,-0.31591463,0.0,0.0,1.0,5.5805397
4,B_task,planning,136,-0.09897272,0.0,0.0,1.0,2.220751
4,B_task,planning,137,-0.35018942,0.0,0.0,1.0,11.465732
4,B_task,planning,138,-0.2961041,0.0,0.0,1.0,4.090921
4,B_task,planning,139,-0.223094,0.0,0.0,1.0,6.5093455
4,B_task,planning,140,-0.08671652,0.0,0.2,1.0,3.6712594
4,B_task,planning,141,-0.2895606,0.0,0.0,1.0,5.3281536
4,B_task,planning,142,-0.17126465,0.0,0.0,1.0,4.8818846
4,B_task,planning,143,-0.24743919,0.0,0.0,1.0,5.766093
4,B_task,planning,144,-0.046369888,0.0,0.0,1.0,1.7590748
4,B_task,planning,145,-0.22499508,0.0,0.0,1.0,5.4981775
4,B_task,planning,146,-0.20232084,0.0,0.0,1.0,3.0564897
4,B_task,planning,147,-0.22192805,0.0,0.0,1.0,6.8348775
4,B_task,planning,148,-0.2591273,0.0,0.0,1.0,3.714231
4,B_task,planning,149,-0.13731112,0.0,0.0,1.0,3.7119887
4,B_task,planning,150,0.021212334,1.0,0.4888888888888889,1.0,0.81928545
4,B_task,planning,151,-0.115766145,0.0,0.0,1.0,2.5891976
4,B_task,planning,152,0.0013758421,1.0,0.2,1.0,0.8500071
4,B_task,planning,153,-0.06723664,1.0,0.15555555555555556,1.0,1.0176992
4,B_task,planning,154,-0.29645747,0.0,0.0,1.0,6.2240868
4,B_task,planning,155,-0.26179507,0.0,0.0,1.0,4.345414
4,B_task,planning,156,-0.14168252,0.0,0.0,1.0,1.7146405
4,B_task,planning,157,-0.22563288,0.0,0.0,1.0,8.469437
4,B_task,planning,158,-0.25099418,0.0,0.0,1.0,4.5543866
4,B_task,planning,159,0.11786707,0.0,0.4444444444444444,1.0,3.454734
4,B_task,planning,160,-0.24430244,0.0,0.0,1.0,5.784187
4,B_task,planning,161,-0.24942976,0.0,0.0,1.0,5.475401
4,B_task,planning,162,-0.2371381,0.0,0.0,1.0,7.496995
4,B_task,planning,163,-0.2842329,0.0,0.0,1.0,8.232404
4,B_task,planning,164,-0.170243,0.0,0.0,1.0,6.185597
4,B_task,planning,165,-0.29735267,0.0,0.0,0.0,8.114356
4,B_task,planning,166,-0.322425,0.0,0.0,1.0,7.4424114
4,B_task,planning,167,-0.37470445,0.0,0.0,1.0,5.0261197
4,B_task,planning,168,-0.21576375,0.0,0.0,1.0,6.3762217
4,B_task,planning,169,-0.3282966,0.0,0.0,1.0,10.432118
4,B_task,planning,170,-0.12841725,0.0,0.1111111111111111,0.0,9.841373
4,B_task,planning,171,-0.14499465,1.0,0.17777777777777778,1.0,1.2573723
4,B_task,planning,172,-0.10912207,0.0,0.0,1.0,5.579016
4,B_task,planning,173,-0.17830522,0.0,0.0,1.0,3.306652
4,B_task,planning,174,-0.35690802,0.0,0.0,1.0,7.6559024
4,B_task,planning,175,-0.04972256,0.0,0.24444444444444444,1.0,2.476991
4,B_task,planning,176,-0.23869215,0.0,0.1111111111111111,1.0,3.6138575
4,B_task,planning,177,-0.15533207,0.0,0.1111111111111111,1.0,2.401339
4,B_task,planning,178,-0.24649951,0.0,0.0,1.0,4.636083
4,B_task,planning,179,-0.104471855,0.0,0.0,1.0,4.798877
4,B_task,planning,180,-0.26569545,0.0,0.0,1.0,6.395325
4,B_task,planning,181,-0.013983328,1.0,0.26666666666666666,1.0,0.8648157
4,B_task,planning,182,-0.31794807,0.0,0.0,0.0,10.423572
4,B_task,planning,183,-0.07434332,1.0,0.3333333333333333,1.0,1.4076676
4,B_task,planning,184,-0.17393407,0.0,0.0,1.0,3.449173
4,B_task,planning,185,-0.18879715,0.0,0.0,1.0,4.6151347
4,B_task,planning,186,-0.31884536,0.0,0.0,1.0,7.361334
4,B_task,planning,187,-0.2078607,0.0,0.0,1.0,2.9762511
4,B_task,planning,188,-0.32992524,0.0,0.0,1.0,5.7987385
4,B_task,planning,189,0.028549133,0.0,0.4444444444444444,1.0,2.0352318
4,B_task,planning,190,0.012805875,0.0,0.0,1.0,4.3507347
4,B_task,planning,191,-0.18373846,0.0,0.0,1.0,4.200923
4,B_task,planning,192,-0.04281738,1.0,0.06666666666666667,1.0,1.1944299
4,B_task,planning,193,-0.15748408,0.0,0.0,1.0,5.197183
4,B_task,planning,194,-0.10076287,0.0,0.0,1.0,3.0443647
4,B_task,planning,195,-0.1345959,0.0,0.0,1.0,6.299837
4,B_task,planning,196,0.12136844,1.0,0.4444444444444444,1.0,0.7911515
4,B_task,planning,197,-0.1489156,0.0,0.0,1.0,3.5405247
4,B_task,planning,198,-0.19180815,0.0,0.0,1.0,5.238758
4,B_task,planning,199,-0.38373995,0.0,0.0,1.0,9.626991
4,C_scene,planning,0,-0.37173218,0.0,0.0,1.0,7.220904
4,C_scene,planning,1,-0.15925476,0.0,0.0,1.0,2.6221979
4,C_scene,planning,2,-0.3693136,0.0,0.0,1.0,8.719318
4,C_scene,planning,3,-0.3977299,0.0,0.0,1.0,5.7077913
4,C_scene,planning,4,-0.3486862,0.0,0.0,1.0,12.367067
4,C_scene,planning,5,-0.4228911,0.0,0.0,1.0,6.877823
4,C_scene,planning,6,-0.22822976,0.0,0.0,0.0,10.856926
4,C_scene,planning,7,-0.25168532,0.0,0.0,1.0,3.1573002
4,C_scene,planning,8,-0.3720694,0.0,0.0,1.0,9.184223
4,C_scene,planning,9,-0.11147497,0.0,0.0,1.0,4.8078785
4,C_scene,planning,10,-0.39727545,0.0,0.0,1.0,10.820695
4,C_scene,planning,11,-0.2633462,0.0,0.0,1.0,5.312978
4,C_scene,planning,12,-0.12045269,0.0,0.0,1.0,1.9744359
4,C_scene,planning,13,-0.17474693,0.0,0.0,1.0,7.146179
4,C_scene,planning,14,-0.26148278,0.0,0.0,1.0,12.331571
4,C_scene,planning,15,-0.4558761,0.0,0.0,1.0,8.341065
4,C_scene,planning,16,-0.35329506,0.0,0.0,1.0,11.08084
4,C_scene,planning,17,-0.08899016,0.0,0.1111111111111111,1.0,6.5312867
4,C_scene,planning,18,-0.08537536,0.0,0.0,1.0,4.6837225
4,C_scene,planning,19,-0.3550035,0.0,0.0,1.0,5.5797586
4,C_scene,planning,20,-0.33855808,0.0,0.0,1.0,3.485367
4,C_scene,planning,21,-0.22749723,0.0,0.0,0.0,9.431784
4,C_scene,planning,22,-0.2111731,0.0,0.0,1.0,6.130757
4,C_scene,planning,23,-0.066065915,0.0,0.0,1.0,5.4126716
4,C_scene,planning,24,-0.2695292,0.0,0.0,1.0,6.232866
4,C_scene,planning,25,-0.29761055,0.0,0.0,1.0,7.8395166
4,C_scene,planning,26,-0.32731557,0.0,0.0,1.0,8.095693
4,C_scene,planning,27,0.16373509,1.0,0.6,1.0,1.2868444
4,C_scene,planning,28,-0.09904119,0.0,0.17777777777777778,1.0,4.3176565
4,C_scene,planning,29,-0.31414098,0.0,0.0,1.0,4.3578825
4,C_scene,planning,30,-0.5144315,0.0,0.0,0.0,17.191896
4,C_scene,planning,31,-0.3030877,0.0,0.0,1.0,7.444623
4,C_scene,planning,32,-0.27713174,0.0,0.0,1.0,5.588196
4,C_scene,planning,33,-0.42105773,0.0,0.0,0.0,7.471553
4,C_scene,planning,34,-0.44055378,0.0,0.0,1.0,5.5743403
4,C_scene,planning,35,-0.30956367,0.0,0.0,0.0,6.990276
4,C_scene,planning,36,-0.054895412,0.0,0.0,1.0,7.1700544
4,C_scene,planning,37,-0.23988406,0.0,0.0,0.0,10.741786
4,C_scene,planning,38,-0.4421836,0.0,0.0,1.0,11.59074
4,C_scene,planning,39,-0.3219112,0.0,0.0,1.0,7.8634663
4,C_scene,planning,40,-0.48658755,0.0,0.0,1.0,10.828511
4,C_scene,planning,41,-0.25156832,0.0,0.0,1.0,7.779913
4,C_scene,planning,42,-0.3553068,0.0,0.0,1.0,12.135255
4,C_scene,planning,43,-0.27123615,0.0,0.0,1.0,6.318819
4,C_scene,planning,44,-0.17056587,0.0,0.0,1.0,5.2303805
4,C_scene,planning,45,-0.14431119,0.0,0.0,1.0,2.9581218
4,C_scene,planning,46,-0.15438394,0.0,0.0,1.0,4.756629
4,C_scene,planning,47,-0.24853276,0.0,0.0,1.0,10.544328
4,C_scene,planning,48,-0.32243097,0.0,0.0,1.0,7.940303
4,C_scene,planning,49,-0.24976851,0.0,0.0,1.0,10.140316
4,C_scene,planning,50,-0.44234335,0.0,0.0,1.0,10.819063
4,C_scene,planning,51,-0.41748777,0.0,0.0,1.0,10.825318
4,C_scene,planning,52,-0.29731122,0.0,0.0,0.0,11.519133
4,C_scene,planning,53,-0.26299852,0.0,0.0,1.0,9.60267
4,C_scene,planning,54,-0.2916616,0.0,0.0,1.0,8.422966
4,C_scene,planning,55,-0.31362516,0.0,0.0,1.0,9.054617
4,C_scene,planning,56,-0.26607686,0.0,0.0,1.0,5.226385
4,C_scene,planning,57,-0.13926537,0.0,0.0,1.0,3.6280801
4,C_scene,planning,58,-0.33096072,0.0,0.0,0.0,10.791097
4,C_scene,planning,59,-0.13098535,0.0,0.0,1.0,1.9525249
4,C_scene,planning,60,-0.11248021,0.0,0.08888888888888889,1.0,8.588397
4,C_scene,planning,61,-0.2833886,0.0,0.0,1.0,3.7779813
4,C_scene,planning,62,-0.5075454,0.0,0.0,1.0,12.247583
4,C_scene,planning,63,-0.21936437,0.0,0.0,1.0,2.6916752
4,C_scene,planning,64,-0.3433968,0.0,0.0,1.0,12.605886
4,C_scene,planning,65,-0.17528656,0.0,0.0,1.0,4.8672805
4,C_scene,planning,66,-0.26413554,0.0,0.0,1.0,8.303851
4,C_scene,planning,67,-0.31314945,0.0,0.0,1.0,9.613394
4,C_scene,planning,68,-0.1504469,0.0,0.0,1.0,4.813134
4,C_scene,planning,69,-0.19226201,0.0,0.0,1.0,7.171633
4,C_scene,planning,70,-0.21422653,0.0,0.0,1.0,9.591596
4,C_scene,planning,71,-0.093814254,1.0,0.24444444444444444,1.0,1.3814472
4,C_scene,planning,72,-0.42287043,0.0,0.0,1.0,6.218671
4,C_scene,planning,73,-0.08261581,0.0,0.0,1.0,3.9066575
4,C_scene,planning,74,-0.31178284,1.0,0.06666666666666667,1.0,0.80492514
4,C_scene,planning,75,-0.4118344,0.0,0.0,1.0,9.348449
4,C_scene,planning,76,-0.26281452,0.0,0.0,1.0,3.1188626
4,C_scene,planning,77,-0.30402428,0.0,0.0,1.0,7.6890225
4,C_scene,planning,78,-0.07285022,0.0,0.0,1.0,4.341584
4,C_scene,planning,79,-0.17919962,0.0,0.0,1.0,4.3541856
4,C_scene,planning,80,0.26861805,1.0,0.7111111111111111,1.0,1.4560734
4,C_scene,planning,81,-0.2398649,0.0,0.0,1.0,4.778263
4,C_scene,planning,82,-0.23652598,0.0,0.0,1.0,4.7895303
4,C_scene,planning,83,-0.17220765,0.0,0.0,1.0,5.5754037
4,C_scene,planning,84,-0.3192388,0.0,0.0,0.0,12.51419
4,C_scene,planning,85,-0.24212469,0.0,0.0,1.0,3.6710753
4,C_scene,planning,86,-0.33738083,0.0,0.0,1.0,8.705963
4,C_scene,planning,87,-0.3662646,0.0,0.0,1.0,3.7465289
4,C_scene,planning,88,-0.2141937,0.0,0.0,1.0,6.1562333
4,C_scene,planning,89,-0.32465535,0.0,0.0,0.0,11.970578
4,C_scene,planning,90,-0.43329832,0.0,0.0,0.0,18.514832
4,C_scene,planning,91,-0.0757642,0.0,0.044444444444444446,1.0,1.6985282
4,C_scene,planning,92,-0.58240443,0.0,0.0,1.0,9.210425
4,C_scene,planning,93,-0.15201999,0.0,0.0,1.0,4.8074536
4,C_scene,planning,94,-0.3266657,0.0,0.0,1.0,10.940592
4,C_scene,planning,95,-0.16575782,0.0,0.0,1.0,8.791644
4,C_scene,planning,96,-0.24419428,0.0,0.0,1.0,8.195808
4,C_scene,planning,97,-0.20764628,0.0,0.0,1.0,7.235872
4,C_scene,planning,98,-0.31344545,0.0,0.0,1.0,10.003063
4,C_scene,planning,99,-0.26599982,0.0,0.0,1.0,4.406289
4,C_scene,planning,100,-0.314512,0.0,0.0,0.0,15.164665
4,C_scene,planning,101,-0.21056883,0.0,0.0,1.0,8.706698
4,C_scene,planning,102,-0.16299744,0.0,0.0,1.0,2.8941593
4,C_scene,planning,103,-0.26173595,0.0,0.0,1.0,11.37533
4,C_scene,planning,104,-0.38696587,0.0,0.0,0.0,14.86763
4,C_scene,planning,105,-0.35489604,0.0,0.0,1.0,7.5639763
4,C_scene,planning,106,-0.26351252,0.0,0.0,0.0,9.347208
4,C_scene,planning,107,-0.26370037,0.0,0.0,1.0,5.317271
4,C_scene,planning,108,-0.25190935,0.0,0.0,1.0,7.8602633
4,C_scene,planning,109,-0.18693842,0.0,0.0,1.0,6.4488006
4,C_scene,planning,110,-0.32235304,0.0,0.0,0.0,10.098076
4,C_scene,planning,111,-0.29188964,0.0,0.0,1.0,9.682063
4,C_scene,planning,112,-0.22010313,0.0,0.044444444444444446,1.0,13.411881
4,C_scene,planning,113,0.29309186,0.0,0.6888888888888889,1.0,1.7587924
4,C_scene,planning,114,-0.35780928,0.0,0.0,1.0,5.9542384
4,C_scene,planning,115,-0.27387434,0.0,0.0,1.0,7.2171946
4,C_scene,planning,116,-0.40351614,0.0,0.0,1.0,14.075588
4,C_scene,planning,117,-0.5243157,0.0,0.0,1.0,10.121293
4,C_scene,planning,118,0.05321479,0.0,0.0,1.0,2.4504442
4,C_scene,planning,119,-0.3038346,0.0,0.0,0.0,9.347207
4,C_scene,planning,120,-0.26753667,0.0,0.0,1.0,9.83886
4,C_scene,planning,121,-0.40633765,0.0,0.0,1.0,10.880041
4,C_scene,planning,122,-0.45805922,0.0,0.0,1.0,9.619955
4,C_scene,planning,123,-0.14662763,0.0,0.0,1.0,7.7603827
4,C_scene,planning,124,-0.42929167,0.0,0.0,0.0,12.3794775
4,C_scene,planning,125,-0.289877,0.0,0.0,1.0,7.5607076
4,C_scene,planning,126,-0.32022542,0.0,0.0,1.0,11.556622
4,C_scene,planning,127,-0.22265436,0.0,0.0,1.0,3.1771648
4,C_scene,planning,128,0.019095516,1.0,0.13333333333333333,1.0,1.3827507
4,C_scene,planning,129,-0.3006875,0.0,0.0,1.0,8.748506
4,C_scene,planning,130,-0.32318434,0.0,0.0,1.0,9.967427
4,C_scene,planning,131,-0.27220187,0.0,0.0,1.0,5.3138633
4,C_scene,planning,132,-0.17311612,0.0,0.0,1.0,6.381744
4,C_scene,planning,133,-0.20169032,0.0,0.0,1.0,5.3455133
4,C_scene,planning,134,-0.1474414,0.0,0.0,1.0,1.8153245
4,C_scene,planning,135,-0.4061493,0.0,0.0,1.0,10.819585
4,C_scene,planning,136,-0.26641873,0.0,0.0,1.0,5.571694
4,C_scene,planning,137,-0.1722945,0.0,0.0,1.0,2.9767687
4,C_scene,planning,138,-0.372072,0.0,0.0,1.0,8.882482
4,C_scene,planning,139,-0.19979566,0.0,0.0,1.0,5.7595353
4,C_scene,planning,140,-0.0050719534,1.0,0.4,1.0,0.20863944
4,C_scene,planning,141,-0.39321992,0.0,0.0,1.0,12.222944
4,C_scene,planning,142,-0.28792807,0.0,0.0,1.0,5.2950444
4,C_scene,planning,143,-0.37895918,0.0,0.0,1.0,10.434489
4,C_scene,planning,144,0.046941955,0.0,0.15555555555555556,1.0,3.6457126
4,C_scene,planning,145,-0.13268806,1.0,0.1111111111111111,1.0,0.92117774
4,C_scene,planning,146,-0.16720884,0.0,0.0,1.0,4.964197
4,C_scene,planning,147,-0.22610857,0.0,0.0,1.0,9.010247
4,C_scene,planning,148,-0.33085018,0.0,0.0,1.0,7.812242
4,C_scene,planning,149,-0.26848695,0.0,0.0,1.0,10.291273
4,C_scene,planning,150,-0.31364807,0.0,0.0,1.0,5.7517323
4,C_scene,planning,151,-0.30313843,0.0,0.0,0.0,8.363848
4,C_scene,planning,152,-0.20395961,0.0,0.0,1.0,6.9236336
4,C_scene,planning,153,-0.21658613,0.0,0.0,1.0,5.274795
4,C_scene,planning,154,-0.20226224,0.0,0.0,1.0,3.7984097
4,C_scene,planning,155,-0.28849998,0.0,0.0,1.0,6.1194234
4,C_scene,planning,156,-0.32085657,0.0,0.0,1.0,7.1985006
4,C_scene,planning,157,-0.23982993,0.0,0.0,1.0,6.74485
4,C_scene,planning,158,-0.25774464,0.0,0.0,1.0,3.874217
4,C_scene,planning,159,-0.21297248,0.0,0.0,1.0,5.0220838
4,C_scene,planning,160,-0.24559067,0.0,0.0,0.0,8.062842
4,C_scene,planning,161,-0.32447293,0.0,0.0,0.0,10.217293
4,C_scene,planning,162,-0.019884525,0.0,0.2,1.0,3.283342
4,C_scene,planning,163,-0.3579806,0.0,0.0,1.0,10.773396
4,C_scene,planning,164,-0.1131206,0.0,0.0,1.0,3.8689606
4,C_scene,planning,165,-0.27403247,0.0,0.0,0.0,9.26802
4,C_scene,planning,166,-0.38977435,0.0,0.0,1.0,9.18323
4,C_scene,planning,167,-0.4793223,0.0,0.0,0.0,10.805519
4,C_scene,planning,168,-0.21681024,0.0,0.0,1.0,5.381407
4,C_scene,planning,169,-0.34256652,0.0,0.0,1.0,12.417357
4,C_scene,planning,170,-0.122062616,0.0,0.13333333333333333,0.0,10.481016
4,C_scene,planning,171,-0.17449258,1.0,0.15555555555555556,1.0,0.4342266
4,C_scene,planning,172,-0.19732516,0.0,0.0,1.0,8.208427
4,C_scene,planning,173,-0.07266431,0.0,0.0,1.0,3.757597
4,C_scene,planning,174,-0.4478402,0.0,0.0,1.0,12.358509
4,C_scene,planning,175,-0.20859228,0.0,0.0,1.0,3.1269596
4,C_scene,planning,176,-0.36850193,0.0,0.0,1.0,4.2319694
4,C_scene,planning,177,-0.2985577,0.0,0.0,1.0,4.128148
4,C_scene,planning,178,-0.34719506,0.0,0.0,0.0,8.729271
4,C_scene,planning,179,-0.13049601,0.0,0.0,1.0,3.8060427
4,C_scene,planning,180,-0.28146285,0.0,0.0,1.0,5.293906
4,C_scene,planning,181,-0.38243964,0.0,0.0,0.0,13.780557
4,C_scene,planning,182,-0.32341117,0.0,0.0,0.0,12.462241
4,C_scene,planning,183,-0.39629436,0.0,0.0,1.0,11.852797
4,C_scene,planning,184,-0.21804833,0.0,0.0,1.0,8.33756
4,C_scene,planning,185,-0.2733564,0.0,0.0,1.0,7.834882
4,C_scene,planning,186,-0.32705948,0.0,0.0,1.0,8.663893
4,C_scene,planning,187,-0.41490632,0.0,0.0,1.0,13.630193
4,C_scene,planning,188,-0.22990786,0.0,0.17777777777777778,1.0,2.330295
4,C_scene,planning,189,-0.2508402,0.0,0.0,1.0,3.9028852
4,C_scene,planning,190,-0.17577595,0.0,0.0,1.0,7.0740986
4,C_scene,planning,191,-0.17859094,0.0,0.0,1.0,4.5458775
4,C_scene,planning,192,-0.24679494,0.0,0.0,0.0,6.914263
4,C_scene,planning,193,-0.23816225,0.0,0.0,1.0,5.6386557
4,C_scene,planning,194,-0.10633439,0.0,0.0,1.0,4.796887
4,C_scene,planning,195,-0.17563403,0.0,0.0,1.0,8.138587
4,C_scene,planning,196,0.09606959,1.0,0.4444444444444444,1.0,1.0039419
4,C_scene,planning,197,-0.19407055,0.0,0.0,1.0,6.729243
4,C_scene,planning,198,-0.1562488,0.0,0.0,1.0,6.400978
4,C_scene,planning,199,-0.43358755,0.0,0.0,1.0,11.930671
4,D_latent,planning,0,-0.30084783,0.0,0.0,1.0,6.45443
4,D_latent,planning,1,-0.16283752,0.0,0.0,1.0,4.869577
4,D_latent,planning,2,-0.27773052,0.0,0.0,1.0,6.38323
4,D_latent,planning,3,-0.42379472,0.0,0.0,1.0,9.6987
4,D_latent,planning,4,-0.4362899,0.0,0.0,1.0,15.275899
4,D_latent,planning,5,-0.20992674,1.0,0.24444444444444444,1.0,1.335773
4,D_latent,planning,6,-0.1535597,0.0,0.0,1.0,4.6385446
4,D_latent,planning,7,-0.3444182,0.0,0.0,1.0,5.32989
4,D_latent,planning,8,-0.2725332,0.0,0.0,1.0,5.0515747
4,D_latent,planning,9,-0.007953619,0.0,0.15555555555555556,1.0,4.817346
4,D_latent,planning,10,-0.3324348,0.0,0.0,1.0,5.645677
4,D_latent,planning,11,0.04485704,1.0,0.4,1.0,1.0843565
4,D_latent,planning,12,-0.26043257,0.0,0.0,1.0,5.7136436
4,D_latent,planning,13,-0.06374565,0.0,0.15555555555555556,1.0,1.5916126
4,D_latent,planning,14,-0.1470414,0.0,0.0,1.0,8.490671
4,D_latent,planning,15,-0.38860923,0.0,0.0,1.0,7.650058
4,D_latent,planning,16,-0.32561898,0.0,0.0,1.0,10.232477
4,D_latent,planning,17,0.06812315,0.0,0.24444444444444444,1.0,1.7730672
4,D_latent,planning,18,-0.2119457,0.0,0.0,1.0,4.417889
4,D_latent,planning,19,-0.3790563,0.0,0.0,1.0,6.376487
4,D_latent,planning,20,-0.28739646,0.0,0.0,1.0,4.2966204
4,D_latent,planning,21,-0.17388363,0.0,0.0,1.0,4.53844
4,D_latent,planning,22,-0.08137501,0.0,0.0,1.0,4.4860625
4,D_latent,planning,23,0.07319824,0.0,0.24444444444444444,1.0,3.42661
4,D_latent,planning,24,-0.115500495,0.0,0.0,1.0,3.469338
4,D_latent,planning,25,0.06117789,0.0,0.4444444444444444,1.0,1.7651635
4,D_latent,planning,26,-0.3630188,0.0,0.0,1.0,6.683535
4,D_latent,planning,27,0.19477424,1.0,0.6444444444444445,1.0,1.5170772
4,D_latent,planning,28,-0.23532473,0.0,0.0,1.0,7.458049
4,D_latent,planning,29,-0.1052023,1.0,0.24444444444444444,1.0,0.9630682
4,D_latent,planning,30,-0.38438568,0.0,0.0,1.0,9.284797
4,D_latent,planning,31,-0.33570784,0.0,0.0,1.0,11.157301
4,D_latent,planning,32,-0.128926,0.0,0.0,1.0,1.7093621
4,D_latent,planning,33,-0.34533688,0.0,0.0,1.0,2.793595
4,D_latent,planning,34,-0.38928452,0.0,0.0,1.0,5.296379
4,D_latent,planning,35,-0.1917749,0.0,0.0,1.0,3.5614834
4,D_latent,planning,36,-0.17761628,0.0,0.0,1.0,9.048939
4,D_latent,planning,37,-0.20625068,0.0,0.0,1.0,8.312414
4,D_latent,planning,38,-0.26400143,0.0,0.0,1.0,4.3310723
4,D_latent,planning,39,-0.2619577,0.0,0.0,1.0,3.9100466
4,D_latent,planning,40,-0.56418276,0.0,0.0,0.0,14.572723
4,D_latent,planning,41,0.012689001,1.0,0.24444444444444444,1.0,0.26383117
4,D_latent,planning,42,-0.2453539,0.0,0.0,1.0,5.673965
4,D_latent,planning,43,-0.23017457,0.0,0.0,1.0,3.0704727
4,D_latent,planning,44,-0.22405688,0.0,0.0,1.0,7.8706436
4,D_latent,planning,45,-0.19603573,0.0,0.0,1.0,5.801537
4,D_latent,planning,46,0.049870808,0.0,0.26666666666666666,1.0,4.0176497
4,D_latent,planning,47,-0.19653898,0.0,0.0,1.0,5.0797906
4,D_latent,planning,48,-0.22211342,0.0,0.0,1.0,3.3668263
4,D_latent,planning,49,-0.20119992,0.0,0.0,1.0,8.763682
4,D_latent,planning,50,-0.38953298,0.0,0.0,1.0,7.210281
4,D_latent,planning,51,-0.29399678,0.0,0.0,1.0,4.343853
4,D_latent,planning,52,-0.2869132,0.0,0.0,1.0,8.961439
4,D_latent,planning,53,-0.27333263,0.0,0.0,1.0,7.5759535
4,D_latent,planning,54,-0.06290617,0.0,0.0,1.0,4.1374507
4,D_latent,planning,55,-0.3270325,0.0,0.0,1.0,8.430505
4,D_latent,planning,56,-0.2567825,0.0,0.0,1.0,3.595329
4,D_latent,planning,57,-0.1884339,0.0,0.0,1.0,3.8021927
4,D_latent,planning,58,-0.18513897,0.0,0.0,1.0,3.3412442
4,D_latent,planning,59,-0.18510266,0.0,0.0,1.0,4.505845
4,D_latent,planning,60,0.13821106,0.0,0.4,1.0,2.273866
4,D_latent,planning,61,-0.0899094,0.0,0.2222222222222222,1.0,2.647266
4,D_latent,planning,62,-0.38189566,0.0,0.0,1.0,6.178315
4,D_latent,planning,63,-0.056517158,0.0,0.0,1.0,1.7592282
4,D_latent,planning,64,-0.2842658,0.0,0.0,1.0,10.212073
4,D_latent,planning,65,-0.18109934,0.0,0.0,1.0,4.4763412
4,D_latent,planning,66,-0.27859184,0.0,0.0,0.0,9.876222
4,D_latent,planning,67,-0.2095758,0.0,0.0,1.0,4.5285916
4,D_latent,planning,68,-0.15919892,0.0,0.0,1.0,4.013273
4,D_latent,planning,69,-0.23636827,0.0,0.0,1.0,7.463068
4,D_latent,planning,70,-0.25330102,0.0,0.0,1.0,7.1753244
4,D_latent,planning,71,-0.060795046,0.0,0.2,1.0,2.5420485
4,D_latent,planning,72,-0.38959727,0.0,0.0,1.0,5.6578617
4,D_latent,planning,73,-0.09341223,0.0,0.0,1.0,4.418716
4,D_latent,planning,74,-0.41975787,0.0,0.0,1.0,7.2812414
4,D_latent,planning,75,-0.41606152,0.0,0.0,1.0,9.237475
4,D_latent,planning,76,-0.35510582,0.0,0.0,1.0,5.9073834
4,D_latent,planning,77,-0.28554395,0.0,0.0,1.0,9.043627
4,D_latent,planning,78,-0.16259083,0.0,0.0,1.0,6.029739
4,D_latent,planning,79,-0.29202604,0.0,0.0,1.0,8.50575
4,D_latent,planning,80,0.16669169,0.0,0.4222222222222222,1.0,3.179707
4,D_latent,planning,81,-0.31103402,0.0,0.0,1.0,10.2779045
4,D_latent,planning,82,-0.055469826,0.0,0.06666666666666667,1.0,2.3093016
4,D_latent,planning,83,-0.25069183,0.0,0.0,1.0,4.35929
4,D_latent,planning,84,-0.27986604,0.0,0.0,0.0,9.822354
4,D_latent,planning,85,-0.24011467,0.0,0.0,1.0,3.0231938
4,D_latent,planning,86,-0.1659526,0.0,0.0,1.0,2.3827078
4,D_latent,planning,87,-0.3896076,0.0,0.0,1.0,5.930919
4,D_latent,planning,88,-0.22141194,0.0,0.0,1.0,5.3485236
4,D_latent,planning,89,0.024079664,0.0,0.28888888888888886,1.0,2.1497004
4,D_latent,planning,90,-0.3889158,0.0,0.0,0.0,14.637436
4,D_latent,planning,91,-0.16278987,0.0,0.0,1.0,4.685254
4,D_latent,planning,92,-0.54020214,0.0,0.0,1.0,6.1790333
4,D_latent,planning,93,0.054015514,0.0,0.2222222222222222,1.0,3.3448026
4,D_latent,planning,94,-0.19754055,0.0,0.0,1.0,3.846483
4,D_latent,planning,95,-0.15100639,0.0,0.0,1.0,5.710574
4,D_latent,planning,96,-0.23067652,0.0,0.0,1.0,8.074987
4,D_latent,planning,97,-0.18747725,0.0,0.0,1.0,6.910348
4,D_latent,planning,98,-0.20120044,0.0,0.0,1.0,3.885099
4,D_latent,planning,99,-0.26770055,0.0,0.0,1.0,1.6802899
4,D_latent,planning,100,-0.20220675,0.0,0.0,0.0,6.7452326
4,D_latent,planning,101,-0.14243875,0.0,0.0,1.0,4.6497025
4,D_latent,planning,102,-0.084495254,0.0,0.13333333333333333,1.0,1.7098024
4,D_latent,planning,103,-0.22372407,0.0,0.0,1.0,8.831502
4,D_latent,planning,104,-0.34091106,0.0,0.0,0.0,11.589741
4,D_latent,planning,105,-0.33524063,0.0,0.0,1.0,8.877523
4,D_latent,planning,106,-0.13686472,0.0,0.0,1.0,3.764081
4,D_latent,planning,107,-0.17831397,0.0,0.0,1.0,2.5112364
4,D_latent,planning,108,-0.20237547,0.0,0.0,1.0,4.2876115
4,D_latent,planning,109,-0.18994331,0.0,0.0,1.0,6.4527035
4,D_latent,planning,110,-0.30223995,0.0,0.0,1.0,8.713862
4,D_latent,planning,111,-0.002174289,0.0,0.17777777777777778,1.0,1.8676653
4,D_latent,planning,112,-0.22768213,0.0,0.0,1.0,8.746736
4,D_latent,planning,113,-0.16540666,0.0,0.0,1.0,8.1373
4,D_latent,planning,114,-0.37518066,0.0,0.0,1.0,5.549713
4,D_latent,planning,115,-0.21834877,0.0,0.0,1.0,4.094128
4,D_latent,planning,116,-0.458442,0.0,0.0,1.0,17.481226
4,D_latent,planning,117,-0.522031,0.0,0.0,1.0,10.246381
4,D_latent,planning,118,0.020554435,0.0,0.044444444444444446,1.0,1.9584961
4,D_latent,planning,119,-0.17564519,0.0,0.0,1.0,6.033195
4,D_latent,planning,120,-0.1886951,0.0,0.0,1.0,4.112435
4,D_latent,planning,121,-0.41532564,0.0,0.0,1.0,11.448995
4,D_latent,planning,122,-0.37919396,0.0,0.0,1.0,5.7753954
4,D_latent,planning,123,-0.06506963,0.0,0.15555555555555556,1.0,5.253398
4,D_latent,planning,124,-0.15733714,0.0,0.0,1.0,2.490744
4,D_latent,planning,125,-0.32178652,0.0,0.0,1.0,11.379955
4,D_latent,planning,126,-0.31087235,0.0,0.0,1.0,5.3938665
4,D_latent,planning,127,-0.3128124,0.0,0.0,1.0,4.409561
4,D_latent,planning,128,-0.23200631,0.0,0.0,1.0,8.806765
4,D_latent,planning,129,-0.2754981,0.0,0.0,1.0,8.411031
4,D_latent,planning,130,-0.27479368,0.0,0.0,1.0,4.848066
4,D_latent,planning,131,0.035941053,0.0,0.4444444444444444,1.0,2.1239526
4,D_latent,planning,132,-0.16884832,0.0,0.0,1.0,4.89161
4,D_latent,planning,133,-0.052419238,1.0,0.2,1.0,1.4353026
4,D_latent,planning,134,-0.20342499,0.0,0.0,1.0,5.4964623
4,D_latent,planning,135,-0.118460126,1.0,0.24444444444444444,1.0,1.2607136
4,D_latent,planning,136,-0.14667815,0.0,0.0,1.0,4.266805
4,D_latent,planning,137,-0.29897496,0.0,0.0,1.0,7.299751
4,D_latent,planning,138,-0.3195095,0.0,0.0,1.0,5.4919987
4,D_latent,planning,139,-0.22595346,0.0,0.0,1.0,7.9279137
4,D_latent,planning,140,-0.03468375,0.0,0.28888888888888886,1.0,2.412221
4,D_latent,planning,141,-0.0773942,0.0,0.0,1.0,1.8373694
4,D_latent,planning,142,-0.3092129,0.0,0.0,1.0,9.465929
4,D_latent,planning,143,-0.026425896,0.0,0.2222222222222222,1.0,2.977428
4,D_latent,planning,144,-0.24286723,0.0,0.0,1.0,7.7449455
4,D_latent,planning,145,-0.3087169,0.0,0.0,1.0,6.146203
4,D_latent,planning,146,-0.13620459,0.0,0.0,1.0,2.6823812
4,D_latent,planning,147,-0.15456092,0.0,0.0,1.0,4.334727
4,D_latent,planning,148,-0.18050013,0.0,0.0,1.0,3.734352
4,D_latent,planning,149,-0.14119697,0.0,0.0,1.0,4.5745783
4,D_latent,planning,150,-0.09479931,0.0,0.2,1.0,4.2270255
4,D_latent,planning,151,-0.08959486,1.0,0.15555555555555556,1.0,0.79594046
4,D_latent,planning,152,-0.08996313,1.0,0.06666666666666667,1.0,1.2957139
4,D_latent,planning,153,-0.22131266,0.0,0.0,1.0,5.049425
4,D_latent,planning,154,-0.09014094,1.0,0.2,1.0,1.3148797
4,D_latent,planning,155,-0.31953883,0.0,0.0,1.0,8.858069
4,D_latent,planning,156,-0.19658875,0.0,0.0,1.0,3.6755548
4,D_latent,planning,157,-0.30134264,0.0,0.0,1.0,11.026994
4,D_latent,planning,158,-0.34764245,0.0,0.0,1.0,6.973231
4,D_latent,planning,159,-0.047901444,0.0,0.17777777777777778,1.0,5.93472
4,D_latent,planning,160,-0.19629021,0.0,0.0,1.0,6.715903
4,D_latent,planning,161,-0.26209134,0.0,0.0,1.0,6.109777
4,D_latent,planning,162,-0.16231874,0.0,0.0,1.0,2.9145339
4,D_latent,planning,163,-0.03510004,1.0,0.3111111111111111,1.0,1.416479
4,D_latent,planning,164,0.019793393,0.0,0.15555555555555556,1.0,3.2501817
4,D_latent,planning,165,-0.3083379,0.0,0.0,0.0,10.478526
4,D_latent,planning,166,-0.439056,0.0,0.0,1.0,16.076221
4,D_latent,planning,167,-0.25809637,0.0,0.0,1.0,3.3781474
4,D_latent,planning,168,-0.12528872,0.0,0.0,1.0,2.8908796
4,D_latent,planning,169,-0.3589319,0.0,0.0,1.0,12.289474
4,D_latent,planning,170,-0.025029887,0.0,0.15555555555555556,1.0,4.7610216
4,D_latent,planning,171,-0.31924814,0.0,0.0,1.0,4.6612134
4,D_latent,planning,172,-0.14717534,0.0,0.0,1.0,4.952351
4,D_latent,planning,173,-0.23948705,0.0,0.0,1.0,8.882874
4,D_latent,planning,174,-0.33164123,0.0,0.0,1.0,7.735104
4,D_latent,planning,175,-0.0826094,0.0,0.0,1.0,2.254108
4,D_latent,planning,176,-0.24458072,1.0,0.15555555555555556,1.0,1.238902
4,D_latent,planning,177,-0.30286956,0.0,0.0,1.0,3.8452947
4,D_latent,planning,178,-0.26369452,0.0,0.0,1.0,5.4518394
4,D_latent,planning,179,-0.11050802,0.0,0.0,1.0,5.301084
4,D_latent,planning,180,-0.115037575,0.0,0.2,1.0,1.8183455
4,D_latent,planning,181,-0.2567797,0.0,0.0,1.0,8.826616
4,D_latent,planning,182,-0.32584736,0.0,0.0,0.0,11.409401
4,D_latent,planning,183,-0.400099,0.0,0.0,1.0,10.03155
4,D_latent,planning,184,-0.11900553,0.0,0.0,1.0,3.2045996
4,D_latent,planning,185,-0.24418013,0.0,0.0,1.0,7.078333
4,D_latent,planning,186,-0.31712,0.0,0.0,1.0,8.136242
4,D_latent,planning,187,-0.03515065,1.0,0.28888888888888886,1.0,1.171852
4,D_latent,planning,188,-0.2656301,1.0,0.15555555555555556,1.0,0.21124996
4,D_latent,planning,189,0.064309716,0.0,0.4888888888888889,1.0,1.5532142
4,D_latent,planning,190,-0.029536638,0.0,0.0,1.0,3.027572
4,D_latent,planning,191,-0.2128828,0.0,0.0,1.0,8.788874
4,D_latent,planning,192,-0.15567695,0.0,0.0,1.0,2.992243
4,D_latent,planning,193,-0.17550924,0.0,0.0,1.0,4.391307
4,D_latent,planning,194,-0.07818619,0.0,0.0,1.0,3.3544152
4,D_latent,planning,195,-0.054087654,0.0,0.0,1.0,2.2756379
4,D_latent,planning,196,0.038876172,0.0,0.24444444444444444,1.0,4.116333
4,D_latent,planning,197,-0.15205586,0.0,0.0,1.0,4.5059943
4,D_latent,planning,198,-0.27133137,0.0,0.0,1.0,7.749668
4,D_latent,planning,199,-0.2695686,0.0,0.0,1.0,5.0622945
4,B_task_nopark,planning,0,-0.054305993,1.0,0.35555555555555557,1.0,0.49616864
4,B_task_nopark,planning,1,-0.106108785,1.0,0.08888888888888889,1.0,1.0845925
4,B_task_nopark,planning,2,-0.18242423,0.0,0.0,1.0,3.7515996
4,B_task_nopark,planning,3,-0.19295968,0.0,0.2,1.0,1.5862675
4,B_task_nopark,planning,4,-0.2337961,0.0,0.0,1.0,3.8511472
4,B_task_nopark,planning,5,-0.21617664,0.0,0.13333333333333333,1.0,2.873766
4,B_task_nopark,planning,6,-0.064533204,0.0,0.0,1.0,3.1110742
4,B_task_nopark,planning,7,-0.24430831,0.0,0.0,1.0,2.8803382
4,B_task_nopark,planning,8,0.015973136,0.0,0.2222222222222222,1.0,1.7426391
4,B_task_nopark,planning,9,0.12121401,0.0,0.17777777777777778,1.0,2.6528835
4,B_task_nopark,planning,10,-0.0634178,1.0,0.35555555555555557,1.0,1.3260437
4,B_task_nopark,planning,11,-0.10081323,0.0,0.08888888888888889,1.0,3.3818681
4,B_task_nopark,planning,12,-0.06659083,1.0,0.13333333333333333,1.0,1.4326625
4,B_task_nopark,planning,13,0.050125938,0.0,0.2222222222222222,1.0,2.5128407
4,B_task_nopark,planning,14,-0.18410236,0.0,0.0,1.0,6.2674913
4,B_task_nopark,planning,15,-0.21654938,1.0,0.2222222222222222,1.0,1.163935
4,B_task_nopark,planning,16,-0.20712882,0.0,0.0,1.0,3.8169687
4,B_task_nopark,planning,17,-0.13839135,0.0,0.08888888888888889,1.0,8.03178
4,B_task_nopark,planning,18,0.023574451,1.0,0.4222222222222222,1.0,1.4178313
4,B_task_nopark,planning,19,-0.23517053,0.0,0.1111111111111111,1.0,3.9818306
4,B_task_nopark,planning,20,-0.19784716,0.0,0.08888888888888889,1.0,3.6278012
4,B_task_nopark,planning,21,0.12285632,1.0,0.4888888888888889,1.0,0.85512656
4,B_task_nopark,planning,22,-0.046416223,0.0,0.13333333333333333,1.0,3.5451198
4,B_task_nopark,planning,23,-0.053170368,0.0,0.1111111111111111,1.0,4.2304535
4,B_task_nopark,planning,24,0.04657408,1.0,0.4888888888888889,1.0,0.7925744
4,B_task_nopark,planning,25,-0.058830913,0.0,0.0,1.0,2.030082
4,B_task_nopark,planning,26,-0.16695723,0.0,0.1111111111111111,1.0,3.2155223
4,B_task_nopark,planning,27,0.0024857575,0.0,0.1111111111111111,1.0,2.0828125
4,B_task_nopark,planning,28,-0.18587716,0.0,0.08888888888888889,1.0,3.8223016
4,B_task_nopark,planning,29,-0.17106612,0.0,0.022222222222222223,1.0,3.5192978
4,B_task_nopark,planning,30,-0.08506649,1.0,0.28888888888888886,1.0,1.4250392
4,B_task_nopark,planning,31,-0.25044614,0.0,0.0,1.0,6.7120614
4,B_task_nopark,planning,32,-0.019746253,0.0,0.2,1.0,1.8073478
4,B_task_nopark,planning,33,-0.22668576,0.0,0.17777777777777778,1.0,1.8672514
4,B_task_nopark,planning,34,-0.339401,0.0,0.0,1.0,2.9974015
4,B_task_nopark,planning,35,-0.046458986,0.0,0.2,1.0,2.2199879
4,B_task_nopark,planning,36,0.1469804,1.0,0.3333333333333333,1.0,0.8984917
4,B_task_nopark,planning,37,-0.0074590207,1.0,0.022222222222222223,1.0,1.5329626
4,B_task_nopark,planning,38,-0.090830356,0.0,0.24444444444444444,1.0,2.0749292
4,B_task_nopark,planning,39,-0.20301579,0.0,0.0,1.0,2.7477398
4,B_task_nopark,planning,40,-0.22183159,1.0,0.2222222222222222,1.0,1.0929875
4,B_task_nopark,planning,41,-0.07139303,0.0,0.0,1.0,2.3937879
4,B_task_nopark,planning,42,-0.1651025,0.0,0.0,1.0,3.745181
4,B_task_nopark,planning,43,-0.06189468,0.0,0.13333333333333333,1.0,3.9215724
4,B_task_nopark,planning,44,0.20221338,1.0,0.6444444444444445,1.0,0.87464416
4,B_task_nopark,planning,45,0.024843179,0.0,0.0,1.0,1.7991543
4,B_task_nopark,planning,46,0.118216716,1.0,0.26666666666666666,1.0,1.5442332
4,B_task_nopark,planning,47,0.11171639,1.0,0.5333333333333333,1.0,1.437584
4,B_task_nopark,planning,48,-0.026171591,1.0,0.3333333333333333,1.0,1.1307034
4,B_task_nopark,planning,49,-0.087608896,0.0,0.0,1.0,1.8365647
4,B_task_nopark,planning,50,-0.2632443,0.0,0.0,1.0,1.6212225
4,B_task_nopark,planning,51,-0.10168926,1.0,0.3111111111111111,1.0,0.21674044
4,B_task_nopark,planning,52,0.049189363,1.0,0.28888888888888886,1.0,0.22048321
4,B_task_nopark,planning,53,-0.10813492,0.0,0.0,1.0,2.5016918
4,B_task_nopark,planning,54,-0.02030786,0.0,0.1111111111111111,1.0,2.2906902
4,B_task_nopark,planning,55,-0.1526045,0.0,0.0,1.0,1.8640426
4,B_task_nopark,planning,56,-0.041048814,0.0,0.2,1.0,2.3978977
4,B_task_nopark,planning,57,-0.050093777,0.0,0.022222222222222223,1.0,2.3816435
4,B_task_nopark,planning,58,-0.08006259,1.0,0.044444444444444446,1.0,1.4664824
4,B_task_nopark,planning,59,0.03148836,0.0,0.24444444444444444,1.0,1.9390299
4,B_task_nopark,planning,60,-0.08796828,0.0,0.08888888888888889,1.0,4.806655
4,B_task_nopark,planning,61,-0.1820095,0.0,0.0,1.0,3.6336403
4,B_task_nopark,planning,62,-0.21809332,0.0,0.13333333333333333,1.0,2.8016405
4,B_task_nopark,planning,63,-0.103289105,0.0,0.0,1.0,2.2041626
4,B_task_nopark,planning,64,-0.207149,0.0,0.0,1.0,4.2112226
4,B_task_nopark,planning,65,0.10834612,0.0,0.2,1.0,1.9640211
4,B_task_nopark,planning,66,0.055515077,1.0,0.13333333333333333,1.0,1.3169849
4,B_task_nopark,planning,67,-0.060263693,0.0,0.0,1.0,1.8286595
4,B_task_nopark,planning,68,0.16398369,1.0,0.5111111111111111,1.0,0.76633006
4,B_task_nopark,planning,69,0.026710272,1.0,0.06666666666666667,1.0,1.2374316
4,B_task_nopark,planning,70,0.13989912,1.0,0.5111111111111111,1.0,0.89768916
4,B_task_nopark,planning,71,-0.11232908,0.0,0.13333333333333333,1.0,3.019398
4,B_task_nopark,planning,72,-0.3173736,0.0,0.0,1.0,3.4234707
4,B_task_nopark,planning,73,-0.10021489,0.0,0.0,1.0,4.992153
4,B_task_nopark,planning,74,-0.29613072,1.0,0.1111111111111111,1.0,1.3309959
4,B_task_nopark,planning,75,-0.13265719,0.0,0.24444444444444444,1.0,1.6951517
4,B_task_nopark,planning,76,-0.26103923,0.0,0.0,1.0,4.749251
4,B_task_nopark,planning,77,0.0994046,1.0,0.5555555555555556,1.0,0.6472885
4,B_task_nopark,planning,78,0.064559355,0.0,0.2,1.0,3.1979933
4,B_task_nopark,planning,79,-0.094736874,0.0,0.0,1.0,1.7120817
4,B_task_nopark,planning,80,0.2143848,1.0,0.6888888888888889,1.0,1.2682556
4,B_task_nopark,planning,81,-0.024654968,0.0,0.0,1.0,2.5268629
4,B_task_nopark,planning,82,-0.14287554,0.0,0.0,1.0,2.6362562
4,B_task_nopark,planning,83,-0.03225319,1.0,0.13333333333333333,1.0,0.96161693
4,B_task_nopark,planning,84,-0.18911687,0.0,0.0,1.0,4.505355
4,B_task_nopark,planning,85,-0.008125402,0.0,0.3333333333333333,1.0,1.7491068
4,B_task_nopark,planning,86,-0.1599506,0.0,0.0,1.0,3.5294116
4,B_task_nopark,planning,87,-0.26183638,0.0,0.08888888888888889,1.0,3.9336271
4,B_task_nopark,planning,88,-0.0035890664,0.0,0.15555555555555556,1.0,3.379695
4,B_task_nopark,planning,89,-0.019091612,0.0,0.2,1.0,3.3044422
4,B_task_nopark,planning,90,0.06325371,1.0,0.28888888888888886,1.0,0.8367874
4,B_task_nopark,planning,91,-0.045671914,0.0,0.17777777777777778,1.0,2.717629
4,B_task_nopark,planning,92,-0.39333677,0.0,0.1111111111111111,1.0,3.0657485
4,B_task_nopark,planning,93,0.039108273,0.0,0.15555555555555556,1.0,2.9696357
4,B_task_nopark,planning,94,-0.07850274,1.0,0.08888888888888889,1.0,1.3876611
4,B_task_nopark,planning,95,-0.08062185,0.0,0.0,1.0,2.418753
4,B_task_nopark,planning,96,-0.07914652,0.0,0.0,1.0,2.2556431
4,B_task_nopark,planning,97,0.0034532717,0.0,0.0,1.0,2.7300665
4,B_task_nopark,planning,98,-0.033058114,0.0,0.2,1.0,2.6145647
4,B_task_nopark,planning,99,-0.1778424,0.0,0.1111111111111111,1.0,4.024004
4,B_task_nopark,planning,100,0.05225257,0.0,0.2,1.0,2.3492324
4,B_task_nopark,planning,101,-0.13246918,0.0,0.0,1.0,3.577779
4,B_task_nopark,planning,102,-0.20183152,0.0,0.0,1.0,4.7574415
4,B_task_nopark,planning,103,0.1522884,1.0,0.5111111111111111,1.0,1.1964425
4,B_task_nopark,planning,104,-0.124522865,1.0,0.08888888888888889,1.0,0.96374774
4,B_task_nopark,planning,105,-0.04076418,1.0,0.37777777777777777,1.0,0.39731425
4,B_task_nopark,planning,106,0.117423736,0.0,0.26666666666666666,1.0,1.9182383
4,B_task_nopark,planning,107,-0.05455342,1.0,0.35555555555555557,1.0,1.4764411
4,B_task_nopark,planning,108,-0.038745962,0.0,0.1111111111111111,1.0,2.3309615
4,B_task_nopark,planning,109,-0.04160099,0.0,0.0,1.0,3.1941373
4,B_task_nopark,planning,110,-0.046179183,0.0,0.022222222222222223,1.0,2.2104251
4,B_task_nopark,planning,111,0.09796823,1.0,0.4666666666666667,1.0,1.0976765
4,B_task_nopark,planning,112,-0.029854158,0.0,0.1111111111111111,1.0,3.7388754
4,B_task_nopark,planning,113,0.09659356,0.0,0.0,1.0,2.1269941
4,B_task_nopark,planning,114,-0.14142762,1.0,0.28888888888888886,1.0,0.7801665
4,B_task_nopark,planning,115,-0.12719163,0.0,0.06666666666666667,1.0,3.7978184
4,B_task_nopark,planning,116,-0.07441337,1.0,0.1111111111111111,1.0,1.2472271
4,B_task_nopark,planning,117,-0.32755762,1.0,0.17777777777777778,1.0,1.4639891
4,B_task_nopark,planning,118,0.24361286,1.0,0.6222222222222222,1.0,1.0842023
4,B_task_nopark,planning,119,-0.12602684,0.0,0.0,1.0,3.023071
4,B_task_nopark,planning,120,0.07565648,1.0,0.3333333333333333,1.0,0.18628697
4,B_task_nopark,planning,121,-0.2034486,0.0,0.0,1.0,2.3873045
4,B_task_nopark,planning,122,-0.19532476,0.0,0.15555555555555556,1.0,2.390806
4,B_task_nopark,planning,123,-0.14225337,0.0,0.08888888888888889,1.0,4.887651
4,B_task_nopark,planning,124,-0.17273282,0.0,0.0,1.0,3.1849995
4,B_task_nopark,planning,125,-0.09917576,0.0,0.0,1.0,1.6304088
4,B_task_nopark,planning,126,-0.16358978,0.0,0.0,1.0,3.144913
4,B_task_nopark,planning,127,-0.12128514,0.0,0.13333333333333333,1.0,3.490386
4,B_task_nopark,planning,128,0.07440371,0.0,0.0,1.0,1.594857
4,B_task_nopark,planning,129,-0.098232575,1.0,0.13333333333333333,1.0,1.0756792
4,B_task_nopark,planning,130,-0.08050142,0.0,0.1111111111111111,1.0,3.5059
4,B_task_nopark,planning,131,-0.08094552,0.0,0.13333333333333333,1.0,3.138347
4,B_task_nopark,planning,132,0.023435788,0.0,0.0,1.0,1.8896226
4,B_task_nopark,planning,133,-0.06939971,0.0,0.0,1.0,2.4339294
4,B_task_nopark,planning,134,-0.009825696,0.0,0.0,1.0,2.3848565
4,B_task_nopark,planning,135,-0.18085933,0.0,0.08888888888888889,1.0,4.4168777
4,B_task_nopark,planning,136,-0.1052823,0.0,0.13333333333333333,1.0,4.114286
4,B_task_nopark,planning,137,0.052239947,1.0,0.4666666666666667,1.0,1.1828182
4,B_task_nopark,planning,138,-0.12837951,0.0,0.0,1.0,1.5930262
4,B_task_nopark,planning,139,-0.032299303,0.0,0.0,1.0,2.757725
4,B_task_nopark,planning,140,-0.12832105,0.0,0.1111111111111111,1.0,3.2029517
4,B_task_nopark,planning,141,-0.21342704,0.0,0.0,1.0,3.3891819
4,B_task_nopark,planning,142,-0.1426076,1.0,0.08888888888888889,1.0,1.4504582
4,B_task_nopark,planning,143,-0.17550185,0.0,0.0,1.0,3.042904
4,B_task_nopark,planning,144,0.12751922,0.0,0.2,1.0,1.5936841
4,B_task_nopark,planning,145,-0.16135898,0.0,0.06666666666666667,1.0,3.69886
4,B_task_nopark,planning,146,-0.0032356149,0.0,0.15555555555555556,1.0,2.984497
4,B_task_nopark,planning,147,0.14783953,1.0,0.4666666666666667,1.0,0.9242699
4,B_task_nopark,planning,148,-0.1534189,0.0,0.0,1.0,2.938953
4,B_task_nopark,planning,149,-0.038599305,0.0,0.0,1.0,2.226815
4,B_task_nopark,planning,150,-0.16929713,0.0,0.1111111111111111,1.0,5.1825404
4,B_task_nopark,planning,151,-0.07514129,0.0,0.1111111111111111,1.0,3.6665986
4,B_task_nopark,planning,152,-0.118848756,0.0,0.0,1.0,2.4206648
4,B_task_nopark,planning,153,0.009527054,0.0,0.2,1.0,2.694548
4,B_task_nopark,planning,154,-0.14845975,0.0,0.06666666666666667,1.0,4.3236866
4,B_task_nopark,planning,155,-0.21895997,0.0,0.0,1.0,4.263922
4,B_task_nopark,planning,156,-0.053447034,0.0,0.1111111111111111,1.0,1.8460503
4,B_task_nopark,planning,157,0.18749331,1.0,0.5333333333333333,1.0,0.92803806
4,B_task_nopark,planning,158,-0.2482511,0.0,0.0,1.0,5.2140307
4,B_task_nopark,planning,159,-0.068914846,0.0,0.1111111111111111,1.0,3.6524205
4,B_task_nopark,planning,160,-0.15974976,0.0,0.0,1.0,3.008445
4,B_task_nopark,planning,161,-0.067550726,0.0,0.17777777777777778,1.0,3.4741962
4,B_task_nopark,planning,162,0.019087702,0.0,0.26666666666666666,1.0,2.1352124
4,B_task_nopark,planning,163,0.018690202,0.0,0.24444444444444444,1.0,1.5687845
4,B_task_nopark,planning,164,0.08500515,0.0,0.17777777777777778,1.0,1.858793
4,B_task_nopark,planning,165,-0.072181135,0.0,0.0,1.0,1.970534
4,B_task_nopark,planning,166,-0.17388414,0.0,0.0,1.0,3.2656229
4,B_task_nopark,planning,167,-0.2539106,0.0,0.0,1.0,2.427539
4,B_task_nopark,planning,168,0.058595285,0.0,0.28888888888888886,1.0,2.3974063
4,B_task_nopark,planning,169,-0.1517804,0.0,0.0,1.0,2.7682645
4,B_task_nopark,planning,170,-0.04719841,0.0,0.08888888888888889,1.0,3.7495134
4,B_task_nopark,planning,171,-0.11176746,0.0,0.2,1.0,2.814603
4,B_task_nopark,planning,172,0.23833421,1.0,0.6222222222222222,1.0,0.5517273
4,B_task_nopark,planning,173,0.17230621,1.0,0.5111111111111111,1.0,1.1268607
4,B_task_nopark,planning,174,-0.15931295,1.0,0.24444444444444444,1.0,1.3137461
4,B_task_nopark,planning,175,-0.13057616,0.0,0.1111111111111111,1.0,3.0831618
4,B_task_nopark,planning,176,-0.20561641,0.0,0.13333333333333333,1.0,2.6305017
4,B_task_nopark,planning,177,-0.18807015,0.0,0.08888888888888889,1.0,3.0171647
4,B_task_nopark,planning,178,-0.22862822,0.0,0.0,1.0,5.321353
4,B_task_nopark,planning,179,-0.15347347,0.0,0.044444444444444446,1.0,4.442857
4,B_task_nopark,planning,180,-0.06975487,0.0,0.2,1.0,1.9708458
4,B_task_nopark,planning,181,0.013531135,1.0,0.3111111111111111,1.0,0.19357355
4,B_task_nopark,planning,182,-0.21930549,0.0,0.0,1.0,5.3650584
4,B_task_nopark,planning,183,-0.16566397,0.0,0.0,1.0,2.7853806
4,B_task_nopark,planning,184,-0.07084004,0.0,0.0,1.0,2.1535554
4,B_task_nopark,planning,185,0.08783774,1.0,0.5111111111111111,1.0,1.4720442
4,B_task_nopark,planning,186,-0.17984445,0.0,0.0,1.0,1.724154
4,B_task_nopark,planning,187,-0.010800265,1.0,0.4,1.0,1.2249713
4,B_task_nopark,planning,188,-0.35993996,0.0,0.0,1.0,5.1874905
4,B_task_nopark,planning,189,-0.19371155,0.0,0.044444444444444446,1.0,5.7433987
4,B_task_nopark,planning,190,0.24106878,1.0,0.7555555555555555,1.0,1.4351008
4,B_task_nopark,planning,191,-0.058241226,0.0,0.0,1.0,2.9813573
4,B_task_nopark,planning,192,-0.07912607,0.0,0.0,1.0,3.2476158
4,B_task_nopark,planning,193,-0.12108406,0.0,0.0,1.0,4.8153005
4,B_task_nopark,planning,194,0.21176927,1.0,0.4222222222222222,1.0,0.9468976
4,B_task_nopark,planning,195,-0.08632202,0.0,0.0,1.0,3.5474434
4,B_task_nopark,planning,196,-0.06304542,0.0,0.08888888888888889,1.0,3.1178222
4,B_task_nopark,planning,197,-0.01453063,0.0,0.1111111111111111,1.0,2.884382
4,B_task_nopark,planning,198,0.09099774,1.0,0.4888888888888889,1.0,1.301408
4,B_task_nopark,planning,199,-0.07036496,0.0,0.2,1.0,1.8583958
4,D_latent_nopark,planning,0,-0.21159905,0.0,0.0,1.0,3.8637292
4,D_latent_nopark,planning,1,-0.15036479,0.0,0.0,1.0,3.1606953
4,D_latent_nopark,planning,2,-0.13783085,0.0,0.06666666666666667,1.0,2.6994648
4,D_latent_nopark,planning,3,-0.33241555,0.0,0.0,1.0,4.553029
4,D_latent_nopark,planning,4,-0.1335594,0.0,0.0,1.0,3.1775386
4,D_latent_nopark,planning,5,-0.22071187,0.0,0.13333333333333333,1.0,2.0828915
4,D_latent_nopark,planning,6,-0.020553024,0.0,0.0,1.0,1.8305918
4,D_latent_nopark,planning,7,-0.23213054,0.0,0.0,1.0,2.6431777
4,D_latent_nopark,planning,8,0.00031650165,0.0,0.17777777777777778,1.0,1.7918588
4,D_latent_nopark,planning,9,0.03602769,0.0,0.13333333333333333,1.0,2.7288451
4,D_latent_nopark,planning,10,-0.07640755,0.0,0.28888888888888886,1.0,1.8601927
4,D_latent_nopark,planning,11,0.058795877,1.0,0.5333333333333333,1.0,1.1645402
4,D_latent_nopark,planning,12,-0.03836704,0.0,0.15555555555555556,1.0,2.371382
4,D_latent_nopark,planning,13,-0.0092006475,0.0,0.17777777777777778,1.0,4.7221165
4,D_latent_nopark,planning,14,-0.15044695,0.0,0.0,1.0,4.885989
4,D_latent_nopark,planning,15,-0.3357896,0.0,0.0,1.0,3.4014254
4,D_latent_nopark,planning,16,-0.19858655,0.0,0.0,1.0,2.9046686
4,D_latent_nopark,planning,17,0.12411632,1.0,0.3333333333333333,1.0,0.29928574
4,D_latent_nopark,planning,18,0.058523495,0.0,0.4,1.0,1.8442779
4,D_latent_nopark,planning,19,-0.24783334,0.0,0.0,1.0,2.8718987
4,D_latent_nopark,planning,20,-0.1659503,0.0,0.1111111111111111,1.0,2.944285
4,D_latent_nopark,planning,21,0.20701033,1.0,0.6444444444444445,1.0,0.13805792
4,D_latent_nopark,planning,22,-0.096603796,0.0,0.0,1.0,4.4068875
4,D_latent_nopark,planning,23,0.081724785,0.0,0.13333333333333333,1.0,1.9272057
4,D_latent_nopark,planning,24,0.0485534,1.0,0.5111111111111111,1.0,0.8045124
4,D_latent_nopark,planning,25,0.05137621,0.0,0.35555555555555557,1.0,1.6389753
4,D_latent_nopark,planning,26,-0.1608417,0.0,0.0,1.0,2.0647929
4,D_latent_nopark,planning,27,0.08370788,1.0,0.3333333333333333,1.0,0.8492771
4,D_latent_nopark,planning,28,-0.17855357,0.0,0.044444444444444446,1.0,3.5155632
4,D_latent_nopark,planning,29,-0.12786244,0.0,0.13333333333333333,1.0,2.6432552
4,D_latent_nopark,planning,30,-0.13845503,0.0,0.13333333333333333,1.0,2.2692096
4,D_latent_nopark,planning,31,-0.24299224,0.0,0.0,1.0,4.545346
4,D_latent_nopark,planning,32,0.008134155,1.0,0.4666666666666667,1.0,1.0969619
4,D_latent_nopark,planning,33,-0.2502221,0.0,0.1111111111111111,1.0,1.639724
4,D_latent_nopark,planning,34,-0.29521286,0.0,0.0,1.0,1.6502484
4,D_latent_nopark,planning,35,-0.012352635,1.0,0.3333333333333333,1.0,1.5255386
4,D_latent_nopark,planning,36,0.03791912,0.0,0.0,1.0,3.5802698
4,D_latent_nopark,planning,37,0.0056610466,0.0,0.0,1.0,2.4588099
4,D_latent_nopark,planning,38,-0.19560009,0.0,0.0,1.0,2.7616599
4,D_latent_nopark,planning,39,-0.18340813,0.0,0.0,1.0,2.7472775
4,D_latent_nopark,planning,40,-0.25570384,1.0,0.13333333333333333,1.0,0.9836093
4,D_latent_nopark,planning,41,-0.08750748,0.0,0.0,1.0,2.1866238
4,D_latent_nopark,planning,42,-0.04164722,1.0,0.044444444444444446,1.0,1.4564097
4,D_latent_nopark,planning,43,-0.024087995,0.0,0.0,1.0,1.6969277
4,D_latent_nopark,planning,44,0.11594764,0.0,0.28888888888888886,1.0,2.0616713
4,D_latent_nopark,planning,45,0.1013873,1.0,0.35555555555555557,1.0,0.8899844
4,D_latent_nopark,planning,46,-0.05500511,0.0,0.0,1.0,1.877696
4,D_latent_nopark,planning,47,0.038289055,0.0,0.0,1.0,1.7799448
4,D_latent_nopark,planning,48,-0.10064715,0.0,0.0,1.0,1.6095434
4,D_latent_nopark,planning,49,-0.03152936,0.0,0.0,1.0,2.297236
4,D_latent_nopark,planning,50,-0.2982429,0.0,0.0,1.0,3.0646572
4,D_latent_nopark,planning,51,-0.103716984,0.0,0.3111111111111111,1.0,1.5915836
4,D_latent_nopark,planning,52,-0.13131805,0.0,0.0,1.0,3.7643456
4,D_latent_nopark,planning,53,0.052019235,1.0,0.4222222222222222,1.0,1.4652377
4,D_latent_nopark,planning,54,-0.00766487,0.0,0.17777777777777778,1.0,2.9836514
4,D_latent_nopark,planning,55,-0.015266782,0.0,0.1111111111111111,1.0,2.0633912
4,D_latent_nopark,planning,56,-0.032868654,1.0,0.3333333333333333,1.0,0.9539579
4,D_latent_nopark,planning,57,0.14258552,1.0,0.6,1.0,0.2606225
4,D_latent_nopark,planning,58,0.025280701,0.0,0.2,1.0,1.6642638
4,D_latent_nopark,planning,59,0.046554968,0.0,0.2222222222222222,1.0,1.824911
4,D_latent_nopark,planning,60,0.00015141036,1.0,0.1111111111111111,1.0,1.4411781
4,D_latent_nopark,planning,61,-0.13891849,0.0,0.0,1.0,3.184194
4,D_latent_nopark,planning,62,-0.28212228,0.0,0.0,1.0,3.0718005
4,D_latent_nopark,planning,63,-0.07949611,0.0,0.0,1.0,1.9360693
4,D_latent_nopark,planning,64,-0.1339783,0.0,0.0,1.0,2.607168
4,D_latent_nopark,planning,65,0.006636696,0.0,0.0,1.0,2.4598567
4,D_latent_nopark,planning,66,0.14110017,1.0,0.4888888888888889,1.0,0.85824895
4,D_latent_nopark,planning,67,0.15793759,1.0,0.6222222222222222,1.0,1.2601199
4,D_latent_nopark,planning,68,0.09915078,0.0,0.1111111111111111,1.0,2.2179747
4,D_latent_nopark,planning,69,-0.10710061,0.0,0.0,1.0,2.8335595
4,D_latent_nopark,planning,70,0.04342507,0.0,0.24444444444444444,1.0,2.841881
4,D_latent_nopark,planning,71,-0.16500615,0.0,0.0,1.0,3.0197413
4,D_latent_nopark,planning,72,-0.31694615,0.0,0.0,1.0,2.5491624
4,D_latent_nopark,planning,73,0.18722071,0.0,0.35555555555555557,1.0,2.2831252
4,D_latent_nopark,planning,74,-0.31904182,0.0,0.0,1.0,2.4561985
4,D_latent_nopark,planning,75,-0.19658104,0.0,0.1111111111111111,1.0,3.5141683
4,D_latent_nopark,planning,76,-0.084278174,1.0,0.3111111111111111,1.0,0.84180266
4,D_latent_nopark,planning,77,-0.22479108,0.0,0.0,1.0,4.8762436
4,D_latent_nopark,planning,78,0.3266929,1.0,0.7111111111111111,1.0,0.1885027
4,D_latent_nopark,planning,79,-0.09642222,0.0,0.0,1.0,1.9299142
4,D_latent_nopark,planning,80,0.26566532,1.0,0.7333333333333333,1.0,0.075477645
4,D_latent_nopark,planning,81,0.0381705,0.0,0.17777777777777778,1.0,1.8814598
4,D_latent_nopark,planning,82,-0.02859538,0.0,0.17777777777777778,1.0,2.5951443
4,D_latent_nopark,planning,83,0.018958773,0.0,0.13333333333333333,1.0,2.421562
4,D_latent_nopark,planning,84,-0.11219776,0.0,0.0,1.0,2.5840511
4,D_latent_nopark,planning,85,-0.059834696,0.0,0.2,1.0,3.0971124
4,D_latent_nopark,planning,86,-0.0010494047,1.0,0.26666666666666666,1.0,0.26568595
4,D_latent_nopark,planning,87,-0.27907717,0.0,0.044444444444444446,1.0,3.7164443
4,D_latent_nopark,planning,88,-0.06798573,0.0,0.0,1.0,4.845357
4,D_latent_nopark,planning,89,0.002451139,0.0,0.15555555555555556,1.0,2.863608
4,D_latent_nopark,planning,90,-0.08338239,0.0,0.0,1.0,2.686015
4,D_latent_nopark,planning,91,-0.08809599,0.0,0.0,1.0,2.195652
4,D_latent_nopark,planning,92,-0.41220364,0.0,0.08888888888888889,1.0,3.5013223
4,D_latent_nopark,planning,93,0.03391768,0.0,0.1111111111111111,1.0,2.3517292
4,D_latent_nopark,planning,94,0.04000577,0.0,0.35555555555555557,1.0,1.8283825
4,D_latent_nopark,planning,95,0.16659206,1.0,0.4444444444444444,1.0,0.6293379
4,D_latent_nopark,planning,96,0.024569236,0.0,0.0,1.0,1.5568402
4,D_latent_nopark,planning,97,0.061123706,0.0,0.0,1.0,1.7802943
4,D_latent_nopark,planning,98,-0.0072346083,1.0,0.4222222222222222,1.0,1.0622839
4,D_latent_nopark,planning,99,-0.22966753,0.0,0.0,1.0,2.906822
4,D_latent_nopark,planning,100,0.1574951,0.0,0.4,1.0,2.3649647
4,D_latent_nopark,planning,101,-0.03772087,0.0,0.0,1.0,2.2253249
4,D_latent_nopark,planning,102,0.041384492,1.0,0.3111111111111111,1.0,0.9020902
4,D_latent_nopark,planning,103,0.0075578922,0.0,0.0,1.0,2.254756
4,D_latent_nopark,planning,104,-0.09371933,0.0,0.0,1.0,4.7823834
4,D_latent_nopark,planning,105,-0.12820125,0.0,0.1111111111111111,1.0,2.4234724
4,D_latent_nopark,planning,106,0.119532615,1.0,0.4444444444444444,1.0,0.90222794
4,D_latent_nopark,planning,107,0.01784501,1.0,0.4666666666666667,1.0,0.929802
4,D_latent_nopark,planning,108,-0.061841,0.0,0.1111111111111111,1.0,4.196001
4,D_latent_nopark,planning,109,0.014743625,1.0,0.2222222222222222,1.0,0.63274044
4,D_latent_nopark,planning,110,-0.11466832,0.0,0.0,1.0,1.6819494
4,D_latent_nopark,planning,111,0.051627997,1.0,0.37777777777777777,1.0,0.8069059
4,D_latent_nopark,planning,112,0.079117596,0.0,0.15555555555555556,1.0,2.0566123
4,D_latent_nopark,planning,113,0.23818678,0.0,0.4888888888888889,1.0,2.6454306
4,D_latent_nopark,planning,114,-0.18521696,0.0,0.2,1.0,1.8098028
4,D_latent_nopark,planning,115,-0.1686567,0.0,0.0,1.0,3.9315271
4,D_latent_nopark,planning,116,-0.012639139,0.0,0.0,1.0,2.0755277
4,D_latent_nopark,planning,117,-0.33732814,1.0,0.17777777777777778,1.0,0.9949855
4,D_latent_nopark,planning,118,0.030788315,0.0,0.0,1.0,2.361877
4,D_latent_nopark,planning,119,-0.1350907,0.0,0.0,1.0,3.7906604
4,D_latent_nopark,planning,120,0.011507045,1.0,0.1111111111111111,1.0,1.1020279
4,D_latent_nopark,planning,121,-0.14752376,0.0,0.0,1.0,2.897464
4,D_latent_nopark,planning,122,-0.15590936,0.0,0.26666666666666666,1.0,1.68836
4,D_latent_nopark,planning,123,0.0032654617,1.0,0.2,1.0,1.0336369
4,D_latent_nopark,planning,124,-0.07194144,1.0,0.15555555555555556,1.0,1.3052003
4,D_latent_nopark,planning,125,-0.021603804,0.0,0.24444444444444444,1.0,1.7721483
4,D_latent_nopark,planning,126,-0.13075303,0.0,0.0,1.0,2.7371764
4,D_latent_nopark,planning,127,-0.17789268,0.0,0.06666666666666667,1.0,4.488264
4,D_latent_nopark,planning,128,0.0061383345,0.0,0.0,1.0,3.2796662
4,D_latent_nopark,planning,129,-0.06914505,0.0,0.0,1.0,2.1451807
4,D_latent_nopark,planning,130,-0.113869034,0.0,0.0,1.0,3.1253996
4,D_latent_nopark,planning,131,-0.080339804,0.0,0.08888888888888889,1.0,2.7354188
4,D_latent_nopark,planning,132,0.074289665,0.0,0.26666666666666666,1.0,4.234988
4,D_latent_nopark,planning,133,0.046807628,0.0,0.17777777777777778,1.0,1.9286233
4,D_latent_nopark,planning,134,0.05534686,0.0,0.0,1.0,1.643615
4,D_latent_nopark,planning,135,-0.19028328,0.0,0.06666666666666667,1.0,4.6647453
4,D_latent_nopark,planning,136,-0.106211536,0.0,0.13333333333333333,1.0,4.324689
4,D_latent_nopark,planning,137,-0.09802519,0.0,0.08888888888888889,1.0,4.27891
4,D_latent_nopark,planning,138,0.0042792084,1.0,0.4444444444444444,1.0,1.0963031
4,D_latent_nopark,planning,139,-0.046445407,0.0,0.0,1.0,2.5776742
4,D_latent_nopark,planning,140,-0.096229635,0.0,0.1111111111111111,1.0,1.9533541
4,D_latent_nopark,planning,141,-0.019906377,1.0,0.3333333333333333,1.0,0.70590985
4,D_latent_nopark,planning,142,-0.20954554,0.0,0.0,1.0,3.695658
4,D_latent_nopark,planning,143,-0.13373381,0.0,0.0,1.0,2.3511372
4,D_latent_nopark,planning,144,0.099857055,0.0,0.2222222222222222,1.0,2.1354012
4,D_latent_nopark,planning,145,-0.089699596,0.0,0.1111111111111111,1.0,1.7499837
4,D_latent_nopark,planning,146,0.03958708,0.0,0.17777777777777778,1.0,1.6193987
4,D_latent_nopark,planning,147,0.12541993,0.0,0.4888888888888889,1.0,1.561721
4,D_latent_nopark,planning,148,-0.1107454,0.0,0.15555555555555556,1.0,2.8685613
4,D_latent_nopark,planning,149,0.11682069,1.0,0.35555555555555557,1.0,0.5581149
4,D_latent_nopark,planning,150,-0.040436957,1.0,0.3111111111111111,1.0,1.3140585
4,D_latent_nopark,planning,151,-0.095346205,0.0,0.0,1.0,2.521745
4,D_latent_nopark,planning,152,-0.05545237,0.0,0.0,1.0,2.1419606
4,D_latent_nopark,planning,153,0.15706599,1.0,0.5555555555555556,1.0,0.6472039
4,D_latent_nopark,planning,154,-0.03564592,0.0,0.15555555555555556,1.0,1.5807784
4,D_latent_nopark,planning,155,-0.20177446,0.0,0.0,1.0,2.8924787
4,D_latent_nopark,planning,156,-0.029637506,1.0,0.3111111111111111,1.0,0.6730273
4,D_latent_nopark,planning,157,-0.0010074596,0.0,0.0,1.0,2.2677855
4,D_latent_nopark,planning,158,-0.09779931,0.0,0.13333333333333333,1.0,2.296347
4,D_latent_nopark,planning,159,0.034754336,1.0,0.08888888888888889,1.0,1.2749605
4,D_latent_nopark,planning,160,-0.08006246,0.0,0.0,1.0,2.6243188
4,D_latent_nopark,planning,161,-0.046316307,1.0,0.26666666666666666,1.0,0.96979547
4,D_latent_nopark,planning,162,-0.09838193,0.0,0.0,1.0,2.0984056
4,D_latent_nopark,planning,163,0.00978314,0.0,0.2,1.0,1.6238124
4,D_latent_nopark,planning,164,0.084011234,0.0,0.2,1.0,2.1730382
4,D_latent_nopark,planning,165,0.065623194,0.0,0.28888888888888886,1.0,2.435649
4,D_latent_nopark,planning,166,-0.04120253,0.0,0.2,1.0,2.2337341
4,D_latent_nopark,planning,167,-0.18491024,0.0,0.17777777777777778,1.0,2.222715
4,D_latent_nopark,planning,168,0.048034497,0.0,0.17777777777777778,1.0,1.9970269
4,D_latent_nopark,planning,169,-0.07037174,0.0,0.0,1.0,1.766392
4,D_latent_nopark,planning,170,0.07394701,1.0,0.28888888888888886,1.0,0.81534904
4,D_latent_nopark,planning,171,-0.07247111,1.0,0.37777777777777777,1.0,1.3093381
4,D_latent_nopark,planning,172,0.23304993,1.0,0.6666666666666666,1.0,1.5390235
4,D_latent_nopark,planning,173,0.11844492,1.0,0.3111111111111111,1.0,0.96556795
4,D_latent_nopark,planning,174,-0.14227033,0.0,0.2,1.0,2.224484
4,D_latent_nopark,planning,175,-0.07764828,0.0,0.13333333333333333,1.0,2.1618052
4,D_latent_nopark,planning,176,-0.29297245,0.0,0.022222222222222223,1.0,4.753211
4,D_latent_nopark,planning,177,-0.12813696,0.0,0.17777777777777778,1.0,2.3419957
4,D_latent_nopark,planning,178,-0.19692235,0.0,0.0,1.0,4.7323637
4,D_latent_nopark,planning,179,-0.04457038,0.0,0.0,1.0,2.3780897
4,D_latent_nopark,planning,180,-0.20350145,0.0,0.0,1.0,2.2818596
4,D_latent_nopark,planning,181,-0.14329806,0.0,0.0,1.0,4.2801986
4,D_latent_nopark,planning,182,0.061034266,1.0,0.37777777777777777,1.0,1.5311022
4,D_latent_nopark,planning,183,-0.14298639,0.0,0.0,1.0,2.6178877
4,D_latent_nopark,planning,184,-0.012371682,0.0,0.0,1.0,2.5034251
4,D_latent_nopark,planning,185,-0.06913548,0.0,0.0,1.0,2.9091182
4,D_latent_nopark,planning,186,-0.14288057,0.0,0.1111111111111111,1.0,3.5457811
4,D_latent_nopark,planning,187,0.043541994,1.0,0.4666666666666667,1.0,0.94494766
4,D_latent_nopark,planning,188,-0.3404066,0.0,0.0,1.0,7.7623134
4,D_latent_nopark,planning,189,-0.077059224,0.0,0.0,1.0,1.6917903
4,D_latent_nopark,planning,190,0.25676903,0.0,0.5777777777777777,1.0,1.5827334
4,D_latent_nopark,planning,191,-0.057340257,0.0,0.0,1.0,3.1221778
4,D_latent_nopark,planning,192,-0.03900566,0.0,0.0,1.0,2.88949
4,D_latent_nopark,planning,193,-0.02083794,0.0,0.0,1.0,3.0351083
4,D_latent_nopark,planning,194,0.03683884,0.0,0.0,1.0,1.5818449
4,D_latent_nopark,planning,195,-0.082216315,0.0,0.0,1.0,2.8945522
4,D_latent_nopark,planning,196,0.12186831,1.0,0.4,1.0,1.2096639
4,D_latent_nopark,planning,197,-0.02034887,0.0,0.13333333333333333,1.0,2.3443055
4,D_latent_nopark,planning,198,0.116724215,1.0,0.4888888888888889,1.0,1.4578782
4,D_latent_nopark,planning,199,-0.111328244,1.0,0.15555555555555556,1.0,1.1487674
