seed,model,condition,episode,return,success,time_in_radius,chose_active,final_dist_px
0,A_recon,in_distribution,0,-0.30883908,0.0,0.0,0.0,10.244319
0,A_recon,in_distribution,1,-0.3707132,0.0,0.0,1.0,10.8161745
0,A_recon,in_distribution,2,-0.6553016,0.0,0.0,0.0,23.597116
0,A_recon,in_distribution,3,-0.38840765,0.0,0.0,0.0,10.291665
0,A_recon,in_distribution,4,-0.2504795,0.0,0.0,1.0,6.7684703
0,A_recon,in_distribution,5,-0.7416197,0.0,0.0,0.0,25.971558
0,A_recon,in_distribution,6,-0.40008402,0.0,0.0,1.0,11.399442
0,A_recon,in_distribution,7,-0.61304116,0.0,0.0,0.0,17.720062
0,A_recon,in_distribution,8,-0.53472054,0.0,0.0,0.0,16.361416
0,A_recon,in_distribution,9,-0.62355703,0.0,0.0,0.0,21.556414
0,A_recon,in_distribution,10,-0.6485856,0.0,0.0,0.0,20.133972
0,A_recon,in_distribution,11,-0.6189137,0.0,0.0,0.0,16.880821
0,A_recon,in_distribution,12,-0.21459237,0.0,0.0,0.0,14.816412
0,A_recon,in_distribution,13,-0.7451081,0.0,0.0,0.0,24.781055
0,A_recon,in_distribution,14,-0.4067151,0.0,0.0,0.0,14.149098
0,A_recon,in_distribution,15,-0.6700562,0.0,0.0,0.0,22.111622
0,A_recon,in_distribution,16,-0.3059838,0.0,0.0,1.0,12.383359
0,A_recon,in_distribution,17,-0.17314968,0.0,0.0,1.0,4.878311
0,A_recon,in_distribution,18,-0.5725609,0.0,0.0,1.0,18.73182
0,A_recon,in_distribution,19,-0.74719876,0.0,0.0,0.0,23.081066
0,A_recon,in_distribution,20,-0.3408191,0.0,0.0,0.0,11.801662
0,A_recon,in_distribution,21,-0.13417932,0.0,0.0,1.0,3.3055134
0,A_recon,in_distribution,22,-0.120946124,0.0,0.0,1.0,3.4359279
0,A_recon,in_distribution,23,-0.18389367,0.0,0.0,1.0,5.792186
0,A_recon,in_distribution,24,-0.2986224,0.0,0.0,1.0,8.793542
0,A_recon,in_distribution,25,-0.5340069,0.0,0.0,0.0,18.929796
0,A_recon,in_distribution,26,-0.17014407,0.0,0.0,0.0,7.4466357
0,A_recon,in_distribution,27,-0.15403716,0.0,0.0,1.0,3.8879318
0,A_recon,in_distribution,28,-0.2982315,0.0,0.0,1.0,11.283985
0,A_recon,in_distribution,29,-0.51107985,0.0,0.0,1.0,18.062952
0,A_recon,in_distribution,30,-0.5558246,0.0,0.0,1.0,18.77704
0,A_recon,in_distribution,31,-0.46671143,0.0,0.0,0.0,15.436229
0,A_recon,in_distribution,32,-0.66528136,0.0,0.0,1.0,19.345398
0,A_recon,in_distribution,33,-0.22818184,0.0,0.0,1.0,5.444086
0,A_recon,in_distribution,34,-0.60937345,0.0,0.0,0.0,19.898012
0,A_recon,in_distribution,35,-0.32328147,0.0,0.0,1.0,12.059525
0,A_recon,in_distribution,36,-0.29731068,0.0,0.0,1.0,10.95158
0,A_recon,in_distribution,37,-0.6934498,0.0,0.0,0.0,24.229057
0,A_recon,in_distribution,38,-0.4250458,0.0,0.0,1.0,15.393375
0,A_recon,in_distribution,39,-0.58720094,0.0,0.0,0.0,13.899911
0,A_recon,in_distribution,40,-0.34761804,0.0,0.0,1.0,8.079767
0,A_recon,in_distribution,41,-0.5114977,0.0,0.0,1.0,16.993935
0,A_recon,in_distribution,42,-0.24613921,0.0,0.0,1.0,7.173622
0,A_recon,in_distribution,43,-0.38961524,0.0,0.0,1.0,13.0337715
0,A_recon,in_distribution,44,-0.39614317,0.0,0.0,0.0,10.688738
0,A_recon,in_distribution,45,-0.44200513,0.0,0.0,0.0,16.906166
0,A_recon,in_distribution,46,-0.56068474,0.0,0.0,0.0,17.45403
0,A_recon,in_distribution,47,-0.25213817,0.0,0.0,0.0,12.539513
0,A_recon,in_distribution,48,-0.6328444,0.0,0.0,1.0,22.50516
0,A_recon,in_distribution,49,-0.5324247,0.0,0.0,0.0,23.169926
0,A_recon,in_distribution,50,-0.24356727,0.0,0.0,1.0,4.300798
0,A_recon,in_distribution,51,-0.6539067,0.0,0.0,0.0,20.306414
0,A_recon,in_distribution,52,-0.259141,0.0,0.0,0.0,9.6295395
0,A_recon,in_distribution,53,-0.48518544,0.0,0.0,1.0,12.734136
0,A_recon,in_distribution,54,-0.031549346,0.0,0.044444444444444446,1.0,4.217714
0,A_recon,in_distribution,55,-0.641738,0.0,0.0,0.0,21.321463
0,A_recon,in_distribution,56,0.088829316,0.0,0.28888888888888886,1.0,6.598641
0,A_recon,in_distribution,57,-0.7920912,0.0,0.0,0.0,23.330393
0,A_recon,in_distribution,58,-0.5387089,0.0,0.0,0.0,21.697407
0,A_recon,in_distribution,59,-0.5339143,0.0,0.0,1.0,15.753252
0,A_recon,in_distribution,60,-0.7492418,0.0,0.0,0.0,21.854574
0,A_recon,in_distribution,61,-0.30749556,0.0,0.0,0.0,10.383086
0,A_recon,in_distribution,62,-0.5268742,0.0,0.0,0.0,18.627445
0,A_recon,in_distribution,63,-0.28425938,0.0,0.0,1.0,9.710629
0,A_recon,in_distribution,64,-0.64078623,0.0,0.0,0.0,20.962763
0,A_recon,in_distribution,65,-0.09335003,0.0,0.0,1.0,3.905713
0,A_recon,in_distribution,66,-0.085848175,0.0,0.15555555555555556,1.0,11.438849
0,A_recon,in_distribution,67,-0.18251084,0.0,0.0,1.0,6.142034
0,A_recon,in_distribution,68,-0.8548357,0.0,0.0,0.0,27.429415
0,A_recon,in_distribution,69,-0.38705054,0.0,0.0,0.0,11.82311
0,A_recon,in_distribution,70,-0.30810037,0.0,0.0,1.0,9.328782
0,A_recon,in_distribution,71,-0.6756023,0.0,0.0,0.0,22.320084
0,A_recon,in_distribution,72,-0.031847544,0.0,0.13333333333333333,1.0,6.0268936
0,A_recon,in_distribution,73,-0.40872815,0.0,0.0,1.0,13.74306
0,A_recon,in_distribution,74,-0.5371234,0.0,0.0,0.0,16.420982
0,A_recon,in_distribution,75,-0.53709424,0.0,0.0,0.0,20.886082
0,A_recon,in_distribution,76,-0.19839142,0.0,0.0,1.0,3.3580666
0,A_recon,in_distribution,77,-0.6602204,0.0,0.0,0.0,20.608004
0,A_recon,in_distribution,78,-0.3210949,0.0,0.0,1.0,6.9499583
0,A_recon,in_distribution,79,-0.19272652,0.0,0.0,1.0,3.5462942
0,A_recon,in_distribution,80,-0.70858335,0.0,0.0,0.0,22.85974
0,A_recon,in_distribution,81,-0.59172744,0.0,0.0,1.0,17.884848
0,A_recon,in_distribution,82,-0.59371656,0.0,0.0,1.0,18.961351
0,A_recon,in_distribution,83,-0.7899559,0.0,0.0,0.0,23.5286
0,A_recon,in_distribution,84,-0.40385565,0.0,0.0,0.0,14.443798
0,A_recon,in_distribution,85,-0.64474815,0.0,0.0,0.0,16.877882
0,A_recon,in_distribution,86,-0.58942705,0.0,0.0,0.0,21.318836
0,A_recon,in_distribution,87,-0.31351042,0.0,0.0,1.0,11.118686
0,A_recon,in_distribution,88,-0.35019335,0.0,0.0,1.0,11.159008
0,A_recon,in_distribution,89,-0.2910021,0.0,0.0,0.0,10.033442
0,A_recon,in_distribution,90,-0.6898589,0.0,0.0,0.0,25.08812
0,A_recon,in_distribution,91,-0.8308593,0.0,0.0,0.0,23.92939
0,A_recon,in_distribution,92,-0.3203062,0.0,0.0,0.0,9.257607
0,A_recon,in_distribution,93,-0.59449536,0.0,0.0,0.0,15.1653385
0,A_recon,in_distribution,94,-0.31153917,0.0,0.0,1.0,11.335787
0,A_recon,in_distribution,95,-0.3047935,1.0,0.06666666666666667,1.0,0.6446168
0,A_recon,in_distribution,96,-0.6966278,0.0,0.0,0.0,25.099987
0,A_recon,in_distribution,97,-0.48074362,0.0,0.0,1.0,15.933634
0,A_recon,in_distribution,98,-0.21225439,0.0,0.0,1.0,6.8995867
0,A_recon,in_distribution,99,-0.55808234,0.0,0.0,0.0,15.892056
0,A_recon,4_distractors,0,-0.30098733,0.0,0.0,0.0,7.6333632
0,A_recon,4_distractors,1,-0.35560963,0.0,0.0,1.0,9.223449
0,A_recon,4_distractors,2,-0.68232244,0.0,0.0,0.0,21.974731
0,A_recon,4_distractors,3,-0.3918466,0.0,0.0,0.0,9.490205
0,A_recon,4_distractors,4,-0.27727938,0.0,0.0,1.0,5.6856327
0,A_recon,4_distractors,5,-0.72688735,0.0,0.0,0.0,24.964594
0,A_recon,4_distractors,6,-0.3735673,0.0,0.0,1.0,8.799806
0,A_recon,4_distractors,7,-0.5768719,0.0,0.0,0.0,13.960364
0,A_recon,4_distractors,8,-0.5093527,0.0,0.0,0.0,14.630072
0,A_recon,4_distractors,9,-0.5198674,0.0,0.0,0.0,17.952091
0,A_recon,4_distractors,10,-0.6461743,0.0,0.0,0.0,20.916538
0,A_recon,4_distractors,11,-0.61128736,0.0,0.0,0.0,16.30015
0,A_recon,4_distractors,12,-0.34494302,0.0,0.0,0.0,19.219547
0,A_recon,4_distractors,13,-0.772524,0.0,0.0,0.0,25.57379
0,A_recon,4_distractors,14,-0.4235097,0.0,0.0,0.0,13.832737
0,A_recon,4_distractors,15,-0.6940351,0.0,0.0,0.0,23.385641
0,A_recon,4_distractors,16,-0.27747914,0.0,0.0,1.0,9.689721
0,A_recon,4_distractors,17,-0.18560001,0.0,0.0,1.0,5.8106503
0,A_recon,4_distractors,18,-0.55077755,0.0,0.0,1.0,18.271805
0,A_recon,4_distractors,19,-0.6164138,0.0,0.0,0.0,16.283186
0,A_recon,4_distractors,20,-0.39368793,0.0,0.0,0.0,14.833659
0,A_recon,4_distractors,21,-0.12570707,0.0,0.0,1.0,1.845101
0,A_recon,4_distractors,22,-0.3630032,0.0,0.0,0.0,13.2396
0,A_recon,4_distractors,23,-0.17478402,0.0,0.0,1.0,5.725191
0,A_recon,4_distractors,24,-0.32143992,0.0,0.0,1.0,9.542306
0,A_recon,4_distractors,25,-0.5195013,0.0,0.0,0.0,18.531248
0,A_recon,4_distractors,26,-0.24702509,0.0,0.0,0.0,8.809532
0,A_recon,4_distractors,27,-0.11022286,0.0,0.0,1.0,10.638327
0,A_recon,4_distractors,28,-0.13748239,0.0,0.0,1.0,5.607709
0,A_recon,4_distractors,29,-0.39217547,0.0,0.0,1.0,13.734054
0,A_recon,4_distractors,30,-0.60426676,0.0,0.0,1.0,20.505638
0,A_recon,4_distractors,31,-0.44884112,0.0,0.0,0.0,15.722457
0,A_recon,4_distractors,32,-0.7327974,0.0,0.0,0.0,22.56345
0,A_recon,4_distractors,33,-0.25329772,0.0,0.0,1.0,4.486314
0,A_recon,4_distractors,34,-0.58087957,0.0,0.0,0.0,16.006973
0,A_recon,4_distractors,35,-0.22919957,0.0,0.0,1.0,5.7918777
0,A_recon,4_distractors,36,-0.29379123,0.0,0.0,1.0,10.257162
0,A_recon,4_distractors,37,-0.76287645,0.0,0.0,0.0,25.863924
0,A_recon,4_distractors,38,-0.44444013,0.0,0.0,0.0,15.210493
0,A_recon,4_distractors,39,-0.64874566,0.0,0.0,0.0,18.085777
0,A_recon,4_distractors,40,-0.34400693,0.0,0.0,1.0,8.471169
0,A_recon,4_distractors,41,-0.29871622,0.0,0.0,1.0,8.087241
0,A_recon,4_distractors,42,-0.27218685,0.0,0.0,1.0,6.8889327
0,A_recon,4_distractors,43,-0.43048579,0.0,0.0,1.0,15.853425
0,A_recon,4_distractors,44,-0.31876686,0.0,0.0,0.0,7.9930983
0,A_recon,4_distractors,45,-0.42190307,0.0,0.0,0.0,15.256197
0,A_recon,4_distractors,46,-0.71404105,0.0,0.0,0.0,23.548569
0,A_recon,4_distractors,47,-0.20381314,0.0,0.0,0.0,8.021069
0,A_recon,4_distractors,48,-0.55378217,0.0,0.0,1.0,18.614548
0,A_recon,4_distractors,49,-0.4728523,0.0,0.0,0.0,18.513391
0,A_recon,4_distractors,50,-0.30325586,0.0,0.0,1.0,7.6402736
0,A_recon,4_distractors,51,-0.68895787,0.0,0.0,0.0,22.207619
0,A_recon,4_distractors,52,-0.22672658,0.0,0.0,1.0,6.7800694
0,A_recon,4_distractors,53,-0.39076212,0.0,0.0,1.0,7.74067
0,A_recon,4_distractors,54,-0.16061762,0.0,0.0,1.0,3.847939
0,A_recon,4_distractors,55,-0.55671734,0.0,0.0,0.0,16.240267
0,A_recon,4_distractors,56,0.12036175,0.0,0.3333333333333333,1.0,5.7035356
0,A_recon,4_distractors,57,-0.8112428,0.0,0.0,0.0,24.984362
0,A_recon,4_distractors,58,-0.432961,0.0,0.0,0.0,16.267496
0,A_recon,4_distractors,59,-0.5044562,0.0,0.0,0.0,18.829067
0,A_recon,4_distractors,60,-0.7926167,0.0,0.0,0.0,25.473999
0,A_recon,4_distractors,61,-0.31831455,0.0,0.0,0.0,9.714928
0,A_recon,4_distractors,62,-0.5789441,0.0,0.0,0.0,22.218164
0,A_recon,4_distractors,63,-0.2774198,0.0,0.0,0.0,10.259176
0,A_recon,4_distractors,64,-0.69267005,0.0,0.0,0.0,25.580267
0,A_recon,4_distractors,65,-0.15365627,0.0,0.0,1.0,6.2406325
0,A_recon,4_distractors,66,-0.09860127,0.0,0.15555555555555556,1.0,11.192349
0,A_recon,4_distractors,67,-0.24014509,0.0,0.0,1.0,9.90111
0,A_recon,4_distractors,68,-0.7529546,0.0,0.0,0.0,20.315998
0,A_recon,4_distractors,69,-0.44736564,0.0,0.0,0.0,13.2885275
0,A_recon,4_distractors,70,-0.38567644,0.0,0.0,1.0,15.909562
0,A_recon,4_distractors,71,-0.6303338,0.0,0.0,0.0,21.37877
0,A_recon,4_distractors,72,0.02038214,0.0,0.0,1.0,2.789373
0,A_recon,4_distractors,73,-0.41021085,0.0,0.0,1.0,13.703954
0,A_recon,4_distractors,74,-0.5917955,0.0,0.0,0.0,20.039886
0,A_recon,4_distractors,75,-0.5318802,0.0,0.0,1.0,20.923588
0,A_recon,4_distractors,76,-0.35437825,0.0,0.0,0.0,11.932129
0,A_recon,4_distractors,77,-0.67929906,0.0,0.0,0.0,23.839617
0,A_recon,4_distractors,78,-0.4319528,0.0,0.0,1.0,13.939112
0,A_recon,4_distractors,79,-0.40873155,0.0,0.0,0.0,13.715582
0,A_recon,4_distractors,80,-0.70494515,0.0,0.0,0.0,22.63641
0,A_recon,4_distractors,81,-0.5682506,0.0,0.0,1.0,14.839499
0,A_recon,4_distractors,82,-0.41269752,0.0,0.0,1.0,5.830393
0,A_recon,4_distractors,83,-0.8130049,0.0,0.0,0.0,25.343466
0,A_recon,4_distractors,84,-0.47922364,0.0,0.0,0.0,15.7374
0,A_recon,4_distractors,85,-0.72775024,0.0,0.0,0.0,19.373888
0,A_recon,4_distractors,86,-0.42062938,0.0,0.0,0.0,10.284339
0,A_recon,4_distractors,87,-0.34518388,0.0,0.0,1.0,10.67581
0,A_recon,4_distractors,88,-0.24142139,0.0,0.0,1.0,7.3199854
0,A_recon,4_distractors,89,-0.2177013,0.0,0.0,1.0,5.7278943
0,A_recon,4_distractors,90,-0.6118031,0.0,0.0,0.0,18.697437
0,A_recon,4_distractors,91,-0.84185797,0.0,0.0,0.0,26.027943
0,A_recon,4_distractors,92,-0.29271796,0.0,0.0,1.0,6.558694
0,A_recon,4_distractors,93,-0.5596516,0.0,0.0,0.0,12.764814
0,A_recon,4_distractors,94,-0.43799692,0.0,0.0,1.0,19.881983
0,A_recon,4_distractors,95,-0.4621781,0.0,0.0,0.0,12.308776
0,A_recon,4_distractors,96,-0.6081917,0.0,0.0,0.0,21.260742
0,A_recon,4_distractors,97,-0.4917698,0.0,0.0,0.0,17.58614
0,A_recon,4_distractors,98,-0.28826,0.0,0.0,1.0,9.2272005
0,A_recon,4_distractors,99,-0.6239066,0.0,0.0,0.0,20.116253
0,A_recon,fast_distractors,0,-0.32237327,0.0,0.0,0.0,11.39648
0,A_recon,fast_distractors,1,-0.3711089,0.0,0.0,1.0,10.801201
0,A_recon,fast_distractors,2,-0.7259267,0.0,0.0,0.0,25.113512
0,A_recon,fast_distractors,3,-0.44774678,0.0,0.0,0.0,13.376843
0,A_recon,fast_distractors,4,-0.24613342,0.0,0.0,1.0,6.994202
0,A_recon,fast_distractors,5,-0.7360221,0.0,0.0,0.0,26.005127
0,A_recon,fast_distractors,6,-0.39196134,0.0,0.0,1.0,10.853716
0,A_recon,fast_distractors,7,-0.63151455,0.0,0.0,0.0,18.521347
0,A_recon,fast_distractors,8,-0.5410673,0.0,0.0,0.0,16.914364
0,A_recon,fast_distractors,9,-0.5492732,0.0,0.0,0.0,16.625916
0,A_recon,fast_distractors,10,-0.60615116,0.0,0.0,0.0,17.39465
0,A_recon,fast_distractors,11,-0.6292583,0.0,0.0,0.0,17.17414
0,A_recon,fast_distractors,12,-0.33400932,0.0,0.0,0.0,19.844795
0,A_recon,fast_distractors,13,-0.7495725,0.0,0.0,0.0,25.37387
0,A_recon,fast_distractors,14,-0.41018814,0.0,0.0,0.0,14.615075
0,A_recon,fast_distractors,15,-0.67500484,0.0,0.0,0.0,22.31165
0,A_recon,fast_distractors,16,-0.3426511,0.0,0.0,1.0,14.911102
0,A_recon,fast_distractors,17,-0.17702588,0.0,0.0,1.0,5.4311843
0,A_recon,fast_distractors,18,-0.564577,0.0,0.0,1.0,17.613647
0,A_recon,fast_distractors,19,-0.72882,0.0,0.0,0.0,21.48645
0,A_recon,fast_distractors,20,-0.42365077,0.0,0.0,0.0,17.085718
0,A_recon,fast_distractors,21,-0.18379502,0.0,0.0,1.0,5.2379103
0,A_recon,fast_distractors,22,-0.2544448,0.0,0.0,0.0,9.416705
0,A_recon,fast_distractors,23,-0.17938091,0.0,0.0,1.0,5.307311
0,A_recon,fast_distractors,24,-0.32594594,0.0,0.0,1.0,10.053537
0,A_recon,fast_distractors,25,-0.56507546,0.0,0.0,0.0,20.831373
0,A_recon,fast_distractors,26,-0.1894176,0.0,0.0,0.0,11.264319
0,A_recon,fast_distractors,27,-0.13474202,0.0,0.0,1.0,3.0457032
0,A_recon,fast_distractors,28,-0.30815113,0.0,0.0,1.0,12.037215
0,A_recon,fast_distractors,29,-0.5015216,0.0,0.0,1.0,18.084404
0,A_recon,fast_distractors,30,-0.5592065,0.0,0.0,1.0,18.600443
0,A_recon,fast_distractors,31,-0.47359645,0.0,0.0,0.0,16.373905
0,A_recon,fast_distractors,32,-0.72811204,0.0,0.0,0.0,24.982637
0,A_recon,fast_distractors,33,-0.23658225,0.0,0.0,1.0,6.6204443
0,A_recon,fast_distractors,34,-0.56170136,0.0,0.0,0.0,16.941359
0,A_recon,fast_distractors,35,-0.32477063,0.0,0.0,1.0,11.679506
0,A_recon,fast_distractors,36,-0.29691988,0.0,0.0,1.0,10.665113
0,A_recon,fast_distractors,37,-0.68386143,0.0,0.0,0.0,21.62949
0,A_recon,fast_distractors,38,-0.45103663,0.0,0.0,0.0,17.00317
0,A_recon,fast_distractors,39,-0.587855,0.0,0.0,0.0,17.137167
0,A_recon,fast_distractors,40,-0.37965363,0.0,0.0,1.0,9.492199
0,A_recon,fast_distractors,41,-0.43156707,0.0,0.0,1.0,11.289696
0,A_recon,fast_distractors,42,-0.2246403,0.0,0.0,1.0,5.265694
0,A_recon,fast_distractors,43,-0.39148384,0.0,0.0,1.0,13.485591
0,A_recon,fast_distractors,44,-0.16602284,1.0,0.17777777777777778,1.0,0.8267735
0,A_recon,fast_distractors,45,-0.44717708,0.0,0.0,0.0,16.695013
0,A_recon,fast_distractors,46,-0.58772004,0.0,0.0,0.0,19.109056
0,A_recon,fast_distractors,47,-0.20716573,0.0,0.0,0.0,10.397346
0,A_recon,fast_distractors,48,-0.59355843,0.0,0.0,1.0,19.761982
0,A_recon,fast_distractors,49,-0.5304584,0.0,0.0,0.0,23.051239
0,A_recon,fast_distractors,50,-0.28999603,0.0,0.0,1.0,8.390828
0,A_recon,fast_distractors,51,-0.6301099,0.0,0.0,0.0,17.868265
0,A_recon,fast_distractors,52,-0.31309396,0.0,0.0,0.0,14.233541
0,A_recon,fast_distractors,53,-0.47201037,0.0,0.0,0.0,13.354946
0,A_recon,fast_distractors,54,0.029276371,0.0,0.15555555555555556,1.0,2.4047165
0,A_recon,fast_distractors,55,-0.66326064,0.0,0.0,0.0,22.61153
0,A_recon,fast_distractors,56,0.11705458,0.0,0.35555555555555557,1.0,6.239705
0,A_recon,fast_distractors,57,-0.78895104,0.0,0.0,0.0,23.626547
0,A_recon,fast_distractors,58,-0.53366846,0.0,0.0,0.0,21.822567
0,A_recon,fast_distractors,59,-0.528625,0.0,0.0,1.0,15.722206
0,A_recon,fast_distractors,60,-0.7503768,0.0,0.0,0.0,22.481
0,A_recon,fast_distractors,61,-0.30593342,0.0,0.0,0.0,10.260925
0,A_recon,fast_distractors,62,-0.5078392,0.0,0.0,0.0,17.729443
0,A_recon,fast_distractors,63,-0.30384508,0.0,0.0,1.0,11.875666
0,A_recon,fast_distractors,64,-0.6314073,0.0,0.0,0.0,20.59527
0,A_recon,fast_distractors,65,-0.112380676,0.0,0.0,1.0,4.4382777
0,A_recon,fast_distractors,66,-0.053304154,0.0,0.15555555555555556,1.0,9.779448
0,A_recon,fast_distractors,67,-0.074436635,0.0,0.0,1.0,2.2928138
0,A_recon,fast_distractors,68,-0.8360274,0.0,0.0,0.0,26.602837
0,A_recon,fast_distractors,69,-0.3752329,0.0,0.0,0.0,11.196213
0,A_recon,fast_distractors,70,-0.22285773,0.0,0.0,1.0,3.0735495
0,A_recon,fast_distractors,71,-0.6634067,0.0,0.0,0.0,21.793436
0,A_recon,fast_distractors,72,-0.22958128,0.0,0.08888888888888889,1.0,21.991812
0,A_recon,fast_distractors,73,-0.4035275,0.0,0.0,1.0,13.660337
0,A_recon,fast_distractors,74,-0.52785593,0.0,0.0,0.0,15.638631
0,A_recon,fast_distractors,75,-0.5138864,0.0,0.0,1.0,19.334024
0,A_recon,fast_distractors,76,-0.1958166,0.0,0.0,1.0,3.0334797
0,A_recon,fast_distractors,77,-0.68252057,0.0,0.0,0.0,21.559551
0,A_recon,fast_distractors,78,-0.33425575,0.0,0.0,1.0,7.8915353
0,A_recon,fast_distractors,79,-0.08310471,1.0,0.13333333333333333,1.0,0.50489086
0,A_recon,fast_distractors,80,-0.6871977,0.0,0.0,0.0,20.50087
0,A_recon,fast_distractors,81,-0.552045,0.0,0.0,1.0,14.082272
0,A_recon,fast_distractors,82,-0.5905891,0.0,0.0,1.0,18.839025
0,A_recon,fast_distractors,83,-0.7720682,0.0,0.0,0.0,22.71709
0,A_recon,fast_distractors,84,-0.4369239,0.0,0.0,0.0,14.548633
0,A_recon,fast_distractors,85,-0.63459975,0.0,0.0,0.0,15.951906
0,A_recon,fast_distractors,86,-0.5677373,0.0,0.0,0.0,19.722897
0,A_recon,fast_distractors,87,-0.26184717,0.0,0.0,1.0,8.0348625
0,A_recon,fast_distractors,88,-0.35185584,0.0,0.0,1.0,11.79041
0,A_recon,fast_distractors,89,-0.28901598,0.0,0.0,0.0,10.372902
0,A_recon,fast_distractors,90,-0.6438909,0.0,0.0,0.0,20.431904
0,A_recon,fast_distractors,91,-0.8711728,0.0,0.0,0.0,28.234735
0,A_recon,fast_distractors,92,-0.31271923,0.0,0.0,0.0,9.740471
0,A_recon,fast_distractors,93,-0.5685136,0.0,0.0,0.0,13.265895
0,A_recon,fast_distractors,94,-0.33828396,0.0,0.0,1.0,13.661464
0,A_recon,fast_distractors,95,-0.3901906,0.0,0.0,1.0,8.622932
0,A_recon,fast_distractors,96,-0.69227904,0.0,0.0,0.0,24.742743
0,A_recon,fast_distractors,97,-0.46674198,0.0,0.0,1.0,15.63243
0,A_recon,fast_distractors,98,-0.2690871,0.0,0.0,1.0,9.785149
0,A_recon,fast_distractors,99,-0.5727078,0.0,0.0,0.0,17.821684
0,A_recon,unseen_distractor_hues,0,-0.31184995,0.0,0.0,0.0,10.683952
0,A_recon,unseen_distractor_hues,1,-0.3642459,0.0,0.0,1.0,10.548805
0,A_recon,unseen_distractor_hues,2,-0.77650046,0.0,0.0,0.0,25.843233
0,A_recon,unseen_distractor_hues,3,-0.48869568,0.0,0.0,0.0,17.727375
0,A_recon,unseen_distractor_hues,4,-0.2416178,0.0,0.0,1.0,8.115311
0,A_recon,unseen_distractor_hues,5,-0.73892456,0.0,0.0,0.0,25.844124
0,A_recon,unseen_distractor_hues,6,-0.41391626,0.0,0.0,1.0,12.787322
0,A_recon,unseen_distractor_hues,7,-0.6630841,0.0,0.0,0.0,21.396868
0,A_recon,unseen_distractor_hues,8,-0.49731585,0.0,0.0,0.0,14.176031
0,A_recon,unseen_distractor_hues,9,-0.56506747,0.0,0.0,0.0,20.495651
0,A_recon,unseen_distractor_hues,10,-0.6268573,0.0,0.0,0.0,19.223274
0,A_recon,unseen_distractor_hues,11,-0.6229193,0.0,0.0,0.0,17.30677
0,A_recon,unseen_distractor_hues,12,-0.30781677,0.0,0.0,0.0,18.464643
0,A_recon,unseen_distractor_hues,13,-0.74351424,0.0,0.0,0.0,20.19752
0,A_recon,unseen_distractor_hues,14,-0.42678463,0.0,0.0,0.0,14.992463
0,A_recon,unseen_distractor_hues,15,-0.6361389,0.0,0.0,0.0,20.68514
0,A_recon,unseen_distractor_hues,16,-0.28516796,0.0,0.0,1.0,9.803637
0,A_recon,unseen_distractor_hues,17,-0.14832178,0.0,0.0,1.0,6.7205777
0,A_recon,unseen_distractor_hues,18,-0.59475195,0.0,0.0,1.0,19.812796
0,A_recon,unseen_distractor_hues,19,-0.5968868,0.0,0.0,0.0,14.939057
0,A_recon,unseen_distractor_hues,20,-0.3318806,0.0,0.0,0.0,10.903454
0,A_recon,unseen_distractor_hues,21,-0.08459919,0.0,0.0,1.0,1.6182983
0,A_recon,unseen_distractor_hues,22,-0.255023,0.0,0.0,1.0,7.5710726
0,A_recon,unseen_distractor_hues,23,-0.1641183,0.0,0.0,1.0,4.6945386
0,A_recon,unseen_distractor_hues,24,-0.3420098,0.0,0.0,1.0,9.815854
0,A_recon,unseen_distractor_hues,25,-0.50248295,0.0,0.0,0.0,17.086718
0,A_recon,unseen_distractor_hues,26,-0.14119844,0.0,0.0,1.0,4.2741203
0,A_recon,unseen_distractor_hues,27,0.02799263,0.0,0.17777777777777778,1.0,1.9110296
0,A_recon,unseen_distractor_hues,28,-0.08752952,0.0,0.0,1.0,2.9998703
0,A_recon,unseen_distractor_hues,29,-0.5515416,0.0,0.0,1.0,20.779541
0,A_recon,unseen_distractor_hues,30,-0.56114686,0.0,0.0,1.0,19.194824
0,A_recon,unseen_distractor_hues,31,-0.45297238,0.0,0.0,0.0,14.262512
0,A_recon,unseen_distractor_hues,32,-0.8174135,0.0,0.0,0.0,28.857147
0,A_recon,unseen_distractor_hues,33,-0.26504865,0.0,0.0,1.0,10.181272
0,A_recon,unseen_distractor_hues,34,-0.5313226,0.0,0.0,0.0,15.966764
0,A_recon,unseen_distractor_hues,35,-0.28407565,0.0,0.0,1.0,9.488775
0,A_recon,unseen_distractor_hues,36,-0.24350905,0.0,0.0,1.0,9.281942
0,A_recon,unseen_distractor_hues,37,-0.7709144,0.0,0.0,0.0,26.28268
0,A_recon,unseen_distractor_hues,38,-0.42518127,0.0,0.0,1.0,15.508834
0,A_recon,unseen_distractor_hues,39,-0.64314926,0.0,0.0,0.0,18.974848
0,A_recon,unseen_distractor_hues,40,-0.3434604,0.0,0.0,1.0,7.8606253
0,A_recon,unseen_distractor_hues,41,-0.4936923,0.0,0.0,1.0,17.920448
0,A_recon,unseen_distractor_hues,42,-0.2956424,0.0,0.0,1.0,11.812397
0,A_recon,unseen_distractor_hues,43,-0.46617186,0.0,0.0,1.0,17.343653
0,A_recon,unseen_distractor_hues,44,-0.40147722,0.0,0.0,0.0,10.425809
0,A_recon,unseen_distractor_hues,45,-0.46477276,0.0,0.0,0.0,17.663637
0,A_recon,unseen_distractor_hues,46,-0.63010156,0.0,0.0,0.0,16.469135
0,A_recon,unseen_distractor_hues,47,-0.1820597,0.0,0.0,0.0,7.7022047
0,A_recon,unseen_distractor_hues,48,-0.5913234,0.0,0.0,1.0,20.80643
0,A_recon,unseen_distractor_hues,49,-0.47749972,0.0,0.0,0.0,18.937986
0,A_recon,unseen_distractor_hues,50,-0.30882156,0.0,0.0,0.0,9.737326
0,A_recon,unseen_distractor_hues,51,-0.6434869,0.0,0.0,1.0,17.922514
0,A_recon,unseen_distractor_hues,52,-0.2818707,0.0,0.0,0.0,10.678797
0,A_recon,unseen_distractor_hues,53,-0.4749758,0.0,0.0,1.0,12.077548
0,A_recon,unseen_distractor_hues,54,-0.07931973,0.0,0.0,1.0,1.9815779
0,A_recon,unseen_distractor_hues,55,-0.53477895,0.0,0.0,0.0,17.05068
0,A_recon,unseen_distractor_hues,56,0.06961634,0.0,0.28888888888888886,1.0,7.224581
0,A_recon,unseen_distractor_hues,57,-0.83262473,0.0,0.0,0.0,27.054825
0,A_recon,unseen_distractor_hues,58,-0.58218056,0.0,0.0,0.0,23.192799
0,A_recon,unseen_distractor_hues,59,-0.5361188,0.0,0.0,1.0,16.54921
0,A_recon,unseen_distractor_hues,60,-0.7052449,0.0,0.0,0.0,20.154545
0,A_recon,unseen_distractor_hues,61,-0.30848718,0.0,0.0,0.0,10.634112
0,A_recon,unseen_distractor_hues,62,-0.543741,0.0,0.0,0.0,19.512424
0,A_recon,unseen_distractor_hues,63,-0.27020833,0.0,0.0,0.0,9.96058
0,A_recon,unseen_distractor_hues,64,-0.6655602,0.0,0.0,0.0,23.535198
0,A_recon,unseen_distractor_hues,65,-0.13558082,0.0,0.0,1.0,6.4963255
0,A_recon,unseen_distractor_hues,66,-0.072871074,0.0,0.15555555555555556,1.0,10.649214
0,A_recon,unseen_distractor_hues,67,-0.22878443,0.0,0.0,1.0,7.6373377
0,A_recon,unseen_distractor_hues,68,-0.7903383,0.0,0.0,0.0,23.429445
0,A_recon,unseen_distractor_hues,69,-0.40435272,0.0,0.0,0.0,12.657583
0,A_recon,unseen_distractor_hues,70,-0.37171334,0.0,0.0,1.0,12.468005
0,A_recon,unseen_distractor_hues,71,-0.66904426,0.0,0.0,0.0,21.718307
0,A_recon,unseen_distractor_hues,72,0.28091794,0.0,0.7333333333333333,1.0,1.5592942
0,A_recon,unseen_distractor_hues,73,-0.41264585,0.0,0.0,1.0,13.741412
0,A_recon,unseen_distractor_hues,74,-0.5582769,0.0,0.0,0.0,16.861738
0,A_recon,unseen_distractor_hues,75,-0.53381205,0.0,0.0,1.0,19.219936
0,A_recon,unseen_distractor_hues,76,-0.23602605,0.0,0.0,1.0,4.7719655
0,A_recon,unseen_distractor_hues,77,-0.67824644,0.0,0.0,0.0,21.415964
0,A_recon,unseen_distractor_hues,78,-0.41105157,0.0,0.0,1.0,12.629956
0,A_recon,unseen_distractor_hues,79,-0.12957484,1.0,0.022222222222222223,1.0,1.4415915
0,A_recon,unseen_distractor_hues,80,-0.70310116,0.0,0.0,0.0,22.195555
0,A_recon,unseen_distractor_hues,81,-0.6108759,0.0,0.0,1.0,18.037548
0,A_recon,unseen_distractor_hues,82,-0.5099186,0.0,0.0,1.0,15.64022
0,A_recon,unseen_distractor_hues,83,-0.81786144,0.0,0.0,0.0,23.76248
0,A_recon,unseen_distractor_hues,84,-0.46675605,0.0,0.0,0.0,15.303355
0,A_recon,unseen_distractor_hues,85,-0.699415,0.0,0.0,0.0,19.12741
0,A_recon,unseen_distractor_hues,86,-0.49226302,0.0,0.0,0.0,16.8953
0,A_recon,unseen_distractor_hues,87,-0.3361492,0.0,0.0,1.0,11.448081
0,A_recon,unseen_distractor_hues,88,-0.3329978,0.0,0.0,1.0,10.346771
0,A_recon,unseen_distractor_hues,89,-0.24435893,0.0,0.0,0.0,7.9996414
0,A_recon,unseen_distractor_hues,90,-0.5885797,0.0,0.0,0.0,16.614796
0,A_recon,unseen_distractor_hues,91,-0.86036175,0.0,0.0,0.0,28.052057
0,A_recon,unseen_distractor_hues,92,-0.35369968,0.0,0.0,1.0,9.986367
0,A_recon,unseen_distractor_hues,93,-0.5727944,0.0,0.0,0.0,13.867319
0,A_recon,unseen_distractor_hues,94,-0.30958846,0.0,0.0,1.0,12.6888895
0,A_recon,unseen_distractor_hues,95,-0.5094557,0.0,0.0,0.0,16.194948
0,A_recon,unseen_distractor_hues,96,-0.68704236,0.0,0.0,0.0,24.412615
0,A_recon,unseen_distractor_hues,97,-0.46747747,0.0,0.0,1.0,15.458572
0,A_recon,unseen_distractor_hues,98,-0.25499657,0.0,0.0,1.0,8.802004
0,A_recon,unseen_distractor_hues,99,-0.6556406,0.0,0.0,0.0,19.76676
0,A_recon,heavy_pixel_noise,0,-0.3037844,0.0,0.0,0.0,9.569581
0,A_recon,heavy_pixel_noise,1,-0.3676771,0.0,0.0,1.0,10.337707
0,A_recon,heavy_pixel_noise,2,-0.7747497,0.0,0.0,0.0,26.205782
0,A_recon,heavy_pixel_noise,3,-0.4241511,0.0,0.0,0.0,13.177467
0,A_recon,heavy_pixel_noise,4,-0.23443854,0.0,0.0,1.0,6.5929794
0,A_recon,heavy_pixel_noise,5,-0.78063285,0.0,0.0,0.0,26.952675
0,A_recon,heavy_pixel_noise,6,-0.41734746,0.0,0.0,0.0,13.170023
0,A_recon,heavy_pixel_noise,7,-0.63746583,0.0,0.0,0.0,18.710085
0,A_recon,heavy_pixel_noise,8,-0.53854275,0.0,0.0,0.0,16.139744
0,A_recon,heavy_pixel_noise,9,-0.5077932,0.0,0.0,0.0,14.119183
0,A_recon,heavy_pixel_noise,10,-0.6057394,0.0,0.0,0.0,18.034899
0,A_recon,heavy_pixel_noise,11,-0.71274745,0.0,0.0,1.0,22.923464
0,A_recon,heavy_pixel_noise,12,-0.27472433,0.0,0.0,0.0,14.198057
0,A_recon,heavy_pixel_noise,13,-0.7640022,0.0,0.0,0.0,25.545752
0,A_recon,heavy_pixel_noise,14,-0.41141227,0.0,0.0,0.0,14.38464
0,A_recon,heavy_pixel_noise,15,-0.6796506,0.0,0.0,0.0,22.16274
0,A_recon,heavy_pixel_noise,16,-0.2510441,0.0,0.0,1.0,8.939575
0,A_recon,heavy_pixel_noise,17,-0.1783353,0.0,0.0,1.0,5.2573867
0,A_recon,heavy_pixel_noise,18,-0.5621407,0.0,0.0,1.0,18.070118
0,A_recon,heavy_pixel_noise,19,-0.7691912,0.0,0.0,0.0,25.032553
0,A_recon,heavy_pixel_noise,20,-0.34716684,0.0,0.0,0.0,11.466523
0,A_recon,heavy_pixel_noise,21,-0.12548314,0.0,0.0,1.0,2.6103652
0,A_recon,heavy_pixel_noise,22,-0.21319363,0.0,0.0,1.0,5.533593
0,A_recon,heavy_pixel_noise,23,-0.18574008,0.0,0.0,1.0,5.2897887
0,A_recon,heavy_pixel_noise,24,-0.32961884,0.0,0.0,1.0,10.318423
0,A_recon,heavy_pixel_noise,25,-0.5392514,0.0,0.0,0.0,18.404564
0,A_recon,heavy_pixel_noise,26,-0.17097189,0.0,0.0,0.0,7.2945356
0,A_recon,heavy_pixel_noise,27,-0.11433677,0.0,0.0,1.0,3.985233
0,A_recon,heavy_pixel_noise,28,-0.30851567,0.0,0.0,1.0,12.356517
0,A_recon,heavy_pixel_noise,29,-0.48860723,0.0,0.0,1.0,17.228945
0,A_recon,heavy_pixel_noise,30,-0.5523079,0.0,0.0,1.0,18.476046
0,A_recon,heavy_pixel_noise,31,-0.45027435,0.0,0.0,0.0,14.227947
0,A_recon,heavy_pixel_noise,32,-0.8179916,0.0,0.0,0.0,29.891151
0,A_recon,heavy_pixel_noise,33,-0.2490796,0.0,0.0,1.0,6.966977
0,A_recon,heavy_pixel_noise,34,-0.6018705,0.0,0.0,0.0,19.069979
0,A_recon,heavy_pixel_noise,35,-0.31576705,0.0,0.0,1.0,11.121827
0,A_recon,heavy_pixel_noise,36,-0.2989566,0.0,0.0,1.0,11.336678
0,A_recon,heavy_pixel_noise,37,-0.69104946,0.0,0.0,0.0,24.460623
0,A_recon,heavy_pixel_noise,38,-0.42262518,0.0,0.0,1.0,15.700524
0,A_recon,heavy_pixel_noise,39,-0.5868788,0.0,0.0,0.0,13.815961
0,A_recon,heavy_pixel_noise,40,-0.3582603,0.0,0.0,1.0,7.891018
0,A_recon,heavy_pixel_noise,41,-0.500504,0.0,0.0,1.0,15.811253
0,A_recon,heavy_pixel_noise,42,-0.2498974,0.0,0.0,1.0,5.6986294
0,A_recon,heavy_pixel_noise,43,-0.3946309,0.0,0.0,1.0,13.69866
0,A_recon,heavy_pixel_noise,44,-0.39990658,0.0,0.0,0.0,11.106906
0,A_recon,heavy_pixel_noise,45,-0.433522,0.0,0.0,0.0,15.912943
0,A_recon,heavy_pixel_noise,46,-0.5634093,0.0,0.0,0.0,18.454744
0,A_recon,heavy_pixel_noise,47,-0.28182966,0.0,0.0,0.0,14.043399
0,A_recon,heavy_pixel_noise,48,-0.62245274,0.0,0.0,1.0,21.785675
0,A_recon,heavy_pixel_noise,49,-0.5053748,0.0,0.0,0.0,19.525883
0,A_recon,heavy_pixel_noise,50,-0.25384322,0.0,0.0,1.0,4.798539
0,A_recon,heavy_pixel_noise,51,-0.6429742,0.0,0.0,0.0,19.348347
0,A_recon,heavy_pixel_noise,52,-0.26568896,0.0,0.0,0.0,9.489667
0,A_recon,heavy_pixel_noise,53,-0.49624956,0.0,0.0,0.0,12.937371
0,A_recon,heavy_pixel_noise,54,0.026913064,0.0,0.2222222222222222,1.0,2.165514
0,A_recon,heavy_pixel_noise,55,-0.6240841,0.0,0.0,0.0,20.703327
0,A_recon,heavy_pixel_noise,56,0.19403312,0.0,0.4444444444444444,1.0,5.646129
0,A_recon,heavy_pixel_noise,57,-0.776112,0.0,0.0,0.0,22.572906
0,A_recon,heavy_pixel_noise,58,-0.43284675,0.0,0.0,0.0,15.874039
0,A_recon,heavy_pixel_noise,59,-0.53093845,0.0,0.0,0.0,14.447137
0,A_recon,heavy_pixel_noise,60,-0.7109989,0.0,0.0,0.0,19.452179
0,A_recon,heavy_pixel_noise,61,-0.29742286,0.0,0.0,0.0,9.014264
0,A_recon,heavy_pixel_noise,62,-0.5292363,0.0,0.0,0.0,18.172865
0,A_recon,heavy_pixel_noise,63,-0.2582372,0.0,0.0,1.0,9.29594
0,A_recon,heavy_pixel_noise,64,-0.62210876,0.0,0.0,0.0,19.530697
0,A_recon,heavy_pixel_noise,65,-0.11085878,0.0,0.0,1.0,4.007642
0,A_recon,heavy_pixel_noise,66,-0.1359662,0.0,0.08888888888888889,1.0,12.590179
0,A_recon,heavy_pixel_noise,67,-0.17169541,0.0,0.0,1.0,4.1597958
0,A_recon,heavy_pixel_noise,68,-0.886526,0.0,0.0,0.0,29.31014
0,A_recon,heavy_pixel_noise,69,-0.34942764,0.0,0.0,1.0,8.165399
0,A_recon,heavy_pixel_noise,70,-0.30928853,0.0,0.0,1.0,9.167978
0,A_recon,heavy_pixel_noise,71,-0.67296153,0.0,0.0,0.0,21.60729
0,A_recon,heavy_pixel_noise,72,-0.11616641,0.0,0.0,1.0,11.1286
0,A_recon,heavy_pixel_noise,73,-0.40566373,0.0,0.0,1.0,13.802964
0,A_recon,heavy_pixel_noise,74,-0.55056155,0.0,0.0,0.0,16.307274
0,A_recon,heavy_pixel_noise,75,-0.5244078,0.0,0.0,1.0,20.115139
0,A_recon,heavy_pixel_noise,76,-0.14503929,0.0,0.0,1.0,2.9581957
0,A_recon,heavy_pixel_noise,77,-0.66174984,0.0,0.0,0.0,21.203188
0,A_recon,heavy_pixel_noise,78,-0.33084646,0.0,0.0,1.0,7.056779
0,A_recon,heavy_pixel_noise,79,-0.17421274,0.0,0.0,1.0,3.1657536
0,A_recon,heavy_pixel_noise,80,-0.7049179,0.0,0.0,0.0,23.128082
0,A_recon,heavy_pixel_noise,81,-0.5626371,0.0,0.0,1.0,15.348818
0,A_recon,heavy_pixel_noise,82,-0.59782726,0.0,0.0,1.0,19.926172
0,A_recon,heavy_pixel_noise,83,-0.77147853,0.0,0.0,0.0,22.931078
0,A_recon,heavy_pixel_noise,84,-0.42803493,0.0,0.0,0.0,16.425436
0,A_recon,heavy_pixel_noise,85,-0.59691447,0.0,0.0,1.0,14.143893
0,A_recon,heavy_pixel_noise,86,-0.5643624,0.0,0.0,0.0,19.566614
0,A_recon,heavy_pixel_noise,87,-0.2620473,0.0,0.0,1.0,8.300664
0,A_recon,heavy_pixel_noise,88,-0.3374283,0.0,0.0,1.0,10.882701
0,A_recon,heavy_pixel_noise,89,-0.27244118,0.0,0.0,0.0,8.819698
0,A_recon,heavy_pixel_noise,90,-0.66829306,0.0,0.0,0.0,23.06065
0,A_recon,heavy_pixel_noise,91,-0.8552137,0.0,0.0,0.0,24.949194
0,A_recon,heavy_pixel_noise,92,-0.30065045,0.0,0.0,0.0,8.854556
0,A_recon,heavy_pixel_noise,93,-0.62158537,0.0,0.0,0.0,16.778467
0,A_recon,heavy_pixel_noise,94,-0.26447216,0.0,0.0,1.0,9.784344
0,A_recon,heavy_pixel_noise,95,-0.47798538,0.0,0.0,0.0,13.879566
0,A_recon,heavy_pixel_noise,96,-0.6847109,0.0,0.0,0.0,25.17254
0,A_recon,heavy_pixel_noise,97,-0.48088783,0.0,0.0,0.0,16.39014
0,A_recon,heavy_pixel_noise,98,-0.23189133,0.0,0.0,1.0,7.094449
0,A_recon,heavy_pixel_noise,99,-0.55175,0.0,0.0,0.0,15.51583
0,B_task,in_distribution,0,-0.4191837,0.0,0.0,0.0,14.811665
0,B_task,in_distribution,1,-0.38582227,0.0,0.0,1.0,9.987962
0,B_task,in_distribution,2,-0.6015451,0.0,0.0,0.0,16.716572
0,B_task,in_distribution,3,-0.5292952,0.0,0.0,0.0,18.806799
0,B_task,in_distribution,4,-0.34714812,0.0,0.0,0.0,13.707787
0,B_task,in_distribution,5,-0.71177566,0.0,0.0,0.0,23.3359
0,B_task,in_distribution,6,-0.4622804,0.0,0.0,1.0,13.408837
0,B_task,in_distribution,7,-0.75434077,0.0,0.0,0.0,28.283932
0,B_task,in_distribution,8,-0.60928255,0.0,0.0,0.0,21.730453
0,B_task,in_distribution,9,-0.46107894,0.0,0.0,0.0,11.889946
0,B_task,in_distribution,10,-0.6443381,0.0,0.0,1.0,19.919054
0,B_task,in_distribution,11,-0.60892975,0.0,0.0,1.0,16.44579
0,B_task,in_distribution,12,-0.26774713,0.0,0.0,0.0,13.980495
0,B_task,in_distribution,13,-0.74498594,0.0,0.0,0.0,24.173645
0,B_task,in_distribution,14,-0.2687454,0.0,0.0,1.0,7.280966
0,B_task,in_distribution,15,-0.66784114,0.0,0.0,0.0,19.495155
0,B_task,in_distribution,16,-0.2872773,0.0,0.0,1.0,8.2059355
0,B_task,in_distribution,17,-0.12337765,0.0,0.0,1.0,5.5482273
0,B_task,in_distribution,18,-0.61449265,0.0,0.0,0.0,22.493994
0,B_task,in_distribution,19,-0.77144295,0.0,0.0,0.0,25.679056
0,B_task,in_distribution,20,-0.41383746,0.0,0.0,0.0,17.139486
0,B_task,in_distribution,21,-0.18519537,0.0,0.0,1.0,4.1791677
0,B_task,in_distribution,22,-0.23726715,0.0,0.0,1.0,8.068076
0,B_task,in_distribution,23,-0.11477268,0.0,0.0,1.0,5.455033
0,B_task,in_distribution,24,-0.37962273,0.0,0.0,1.0,11.437514
0,B_task,in_distribution,25,-0.5489239,0.0,0.0,0.0,18.72746
0,B_task,in_distribution,26,-0.13567281,0.0,0.0,1.0,9.181445
0,B_task,in_distribution,27,-0.121675424,0.0,0.0,1.0,4.1028996
0,B_task,in_distribution,28,-0.18789782,0.0,0.0,1.0,8.2759495
0,B_task,in_distribution,29,-0.37802416,0.0,0.0,1.0,12.061093
0,B_task,in_distribution,30,-0.5890686,0.0,0.0,1.0,20.06202
0,B_task,in_distribution,31,-0.52772075,0.0,0.0,0.0,19.582651
0,B_task,in_distribution,32,-0.6774739,0.0,0.0,0.0,12.109124
0,B_task,in_distribution,33,-0.4644588,0.0,0.0,0.0,24.787634
0,B_task,in_distribution,34,-0.67810005,0.0,0.0,0.0,25.982635
0,B_task,in_distribution,35,-0.28635237,0.0,0.0,1.0,8.359562
0,B_task,in_distribution,36,-0.28507033,0.0,0.0,1.0,10.776789
0,B_task,in_distribution,37,-0.71522266,0.0,0.0,0.0,20.98573
0,B_task,in_distribution,38,-0.3808443,0.0,0.0,1.0,13.229583
0,B_task,in_distribution,39,-0.6342877,0.0,0.0,0.0,20.272964
0,B_task,in_distribution,40,-0.46403235,0.0,0.0,0.0,14.511918
0,B_task,in_distribution,41,-0.28461325,0.0,0.0,1.0,6.144375
0,B_task,in_distribution,42,-0.3659862,0.0,0.0,1.0,12.089634
0,B_task,in_distribution,43,-0.4277424,0.0,0.0,1.0,14.880392
0,B_task,in_distribution,44,-0.4570428,0.0,0.0,0.0,15.872494
0,B_task,in_distribution,45,-0.40847972,0.0,0.0,1.0,10.936616
0,B_task,in_distribution,46,-0.7176032,0.0,0.0,0.0,25.55549
0,B_task,in_distribution,47,-0.13016151,0.0,0.0,1.0,6.9050136
0,B_task,in_distribution,48,-0.5251138,0.0,0.0,1.0,16.573202
0,B_task,in_distribution,49,-0.370902,0.0,0.0,0.0,14.254
0,B_task,in_distribution,50,-0.33389392,0.0,0.0,0.0,9.092935
0,B_task,in_distribution,51,-0.7930199,0.0,0.0,1.0,26.66987
0,B_task,in_distribution,52,-0.15987362,0.0,0.0,1.0,5.1975503
0,B_task,in_distribution,53,-0.5265716,0.0,0.0,0.0,17.892923
0,B_task,in_distribution,54,-0.33773556,0.0,0.0,0.0,19.08708
0,B_task,in_distribution,55,-0.450454,0.0,0.0,0.0,11.540632
0,B_task,in_distribution,56,-0.16746603,0.0,0.08888888888888889,1.0,12.189595
0,B_task,in_distribution,57,-0.86663556,0.0,0.0,0.0,26.73453
0,B_task,in_distribution,58,-0.40516227,0.0,0.0,0.0,15.358349
0,B_task,in_distribution,59,-0.5195103,0.0,0.0,1.0,15.43212
0,B_task,in_distribution,60,-0.79784936,0.0,0.0,0.0,26.735332
0,B_task,in_distribution,61,-0.4266819,0.0,0.0,0.0,19.680714
0,B_task,in_distribution,62,-0.46459892,0.0,0.0,0.0,14.591219
0,B_task,in_distribution,63,-0.2013429,0.0,0.0,1.0,5.1118445
0,B_task,in_distribution,64,-0.6685263,0.0,0.0,0.0,20.837513
0,B_task,in_distribution,65,-0.22069976,0.0,0.0,1.0,11.110785
0,B_task,in_distribution,66,-0.027811626,0.0,0.15555555555555556,1.0,7.7813015
0,B_task,in_distribution,67,-0.40631023,0.0,0.0,1.0,18.495026
0,B_task,in_distribution,68,-0.8782087,0.0,0.0,0.0,29.22647
0,B_task,in_distribution,69,-0.22895573,0.0,0.0,1.0,2.216722
0,B_task,in_distribution,70,-0.339078,0.0,0.0,0.0,13.534234
0,B_task,in_distribution,71,-0.7409063,0.0,0.0,0.0,27.076319
0,B_task,in_distribution,72,-0.13679777,0.0,0.06666666666666667,0.0,14.598518
0,B_task,in_distribution,73,-0.464601,0.0,0.0,1.0,16.760054
0,B_task,in_distribution,74,-0.6456248,0.0,0.0,0.0,22.091537
0,B_task,in_distribution,75,-0.4523494,0.0,0.0,1.0,14.38554
0,B_task,in_distribution,76,-0.29054195,0.0,0.0,0.0,9.690745
0,B_task,in_distribution,77,-0.76845926,0.0,0.0,0.0,27.091375
0,B_task,in_distribution,78,-0.45139956,0.0,0.0,1.0,18.325357
0,B_task,in_distribution,79,-0.27417868,0.0,0.0,1.0,9.255174
0,B_task,in_distribution,80,-0.71888816,0.0,0.0,0.0,23.15967
0,B_task,in_distribution,81,-0.53652865,0.0,0.0,1.0,17.317724
0,B_task,in_distribution,82,-0.55139863,0.0,0.0,1.0,17.273806
0,B_task,in_distribution,83,-0.8246211,0.0,0.0,0.0,25.929659
0,B_task,in_distribution,84,-0.4414246,0.0,0.0,0.0,16.31755
0,B_task,in_distribution,85,-0.7551517,0.0,0.0,0.0,22.693525
0,B_task,in_distribution,86,-0.32504463,0.0,0.0,1.0,3.6678357
0,B_task,in_distribution,87,-0.30188468,0.0,0.0,1.0,6.81587
0,B_task,in_distribution,88,-0.267127,0.0,0.0,1.0,11.841088
0,B_task,in_distribution,89,-0.46237978,0.0,0.0,0.0,21.775785
0,B_task,in_distribution,90,-0.5665458,0.0,0.0,0.0,14.43072
0,B_task,in_distribution,91,-0.81077904,0.0,0.0,0.0,23.30225
0,B_task,in_distribution,92,-0.35616103,0.0,0.0,0.0,13.939158
0,B_task,in_distribution,93,-0.7119095,0.0,0.0,0.0,22.963161
0,B_task,in_distribution,94,-0.27802375,0.0,0.0,1.0,10.187979
0,B_task,in_distribution,95,-0.59699064,0.0,0.0,0.0,22.687458
0,B_task,in_distribution,96,-0.6971995,0.0,0.0,0.0,25.312487
0,B_task,in_distribution,97,-0.3402144,0.0,0.0,1.0,9.521429
0,B_task,in_distribution,98,-0.3053966,0.0,0.0,0.0,14.361192
0,B_task,in_distribution,99,-0.62705255,0.0,0.0,0.0,22.619402
0,B_task,4_distractors,0,-0.41327566,0.0,0.0,0.0,13.964776
0,B_task,4_distractors,1,-0.4376481,0.0,0.0,1.0,11.005918
0,B_task,4_distractors,2,-0.5721574,0.0,0.0,0.0,17.35412
0,B_task,4_distractors,3,-0.5060159,0.0,0.0,0.0,17.971199
0,B_task,4_distractors,4,-0.19070901,0.0,0.0,1.0,2.569701
0,B_task,4_distractors,5,-0.6315455,0.0,0.0,0.0,17.617964
0,B_task,4_distractors,6,-0.3780606,0.0,0.0,1.0,10.075168
0,B_task,4_distractors,7,-0.69175124,0.0,0.0,0.0,22.369743
0,B_task,4_distractors,8,-0.62103206,0.0,0.0,0.0,22.533579
0,B_task,4_distractors,9,-0.5066321,0.0,0.0,0.0,15.896702
0,B_task,4_distractors,10,-0.5834247,0.0,0.0,1.0,18.824612
0,B_task,4_distractors,11,-0.6551903,0.0,0.0,0.0,19.351408
0,B_task,4_distractors,12,0.06275893,1.0,0.24444444444444444,1.0,1.0963079
0,B_task,4_distractors,13,-0.67416567,0.0,0.0,0.0,19.528559
0,B_task,4_distractors,14,-0.48070645,0.0,0.0,0.0,18.902863
0,B_task,4_distractors,15,-0.6607958,0.0,0.0,0.0,17.140392
0,B_task,4_distractors,16,-0.2737384,0.0,0.0,1.0,6.5668736
0,B_task,4_distractors,17,-0.14197767,0.0,0.0,1.0,6.6053324
0,B_task,4_distractors,18,-0.61594635,0.0,0.0,1.0,22.812092
0,B_task,4_distractors,19,-0.8480996,0.0,0.0,0.0,29.365294
0,B_task,4_distractors,20,-0.32051173,0.0,0.0,0.0,6.918727
0,B_task,4_distractors,21,-0.24170434,0.0,0.0,1.0,9.726315
0,B_task,4_distractors,22,-0.29336566,0.0,0.0,0.0,14.69858
0,B_task,4_distractors,23,-0.14724977,0.0,0.06666666666666667,1.0,8.290741
0,B_task,4_distractors,24,-0.35450158,0.0,0.0,1.0,10.886113
0,B_task,4_distractors,25,-0.6576951,0.0,0.0,0.0,28.38973
0,B_task,4_distractors,26,-0.27089843,0.0,0.0,1.0,10.598772
0,B_task,4_distractors,27,-0.253195,0.0,0.0,1.0,12.817795
0,B_task,4_distractors,28,-0.14061324,0.0,0.0,1.0,8.417244
0,B_task,4_distractors,29,-0.5333883,0.0,0.0,1.0,22.017475
0,B_task,4_distractors,30,-0.57358766,0.0,0.0,1.0,19.610537
0,B_task,4_distractors,31,-0.5450143,0.0,0.0,0.0,19.634832
0,B_task,4_distractors,32,-0.84116787,0.0,0.0,0.0,29.700485
0,B_task,4_distractors,33,-0.3374178,0.0,0.0,0.0,16.094252
0,B_task,4_distractors,34,-0.5826616,0.0,0.0,0.0,19.093237
0,B_task,4_distractors,35,-0.30158496,0.0,0.0,1.0,10.914682
0,B_task,4_distractors,36,-0.25130343,0.0,0.0,1.0,6.794325
0,B_task,4_distractors,37,-0.7072988,0.0,0.0,0.0,22.08275
0,B_task,4_distractors,38,-0.2926227,0.0,0.0,1.0,6.2873063
0,B_task,4_distractors,39,-0.5679814,0.0,0.0,0.0,16.37891
0,B_task,4_distractors,40,-0.47142363,0.0,0.0,0.0,15.065493
0,B_task,4_distractors,41,-0.13300835,0.0,0.1111111111111111,1.0,9.237311
0,B_task,4_distractors,42,-0.3240295,0.0,0.0,1.0,11.140104
0,B_task,4_distractors,43,-0.5064501,0.0,0.0,0.0,20.13388
0,B_task,4_distractors,44,-0.25736767,0.0,0.0,1.0,5.176193
0,B_task,4_distractors,45,-0.4802502,0.0,0.0,0.0,16.98512
0,B_task,4_distractors,46,-0.6409369,0.0,0.0,0.0,20.373257
0,B_task,4_distractors,47,0.012510627,0.0,0.13333333333333333,1.0,2.2348368
0,B_task,4_distractors,48,-0.54798245,0.0,0.0,1.0,20.413107
0,B_task,4_distractors,49,-0.3189783,0.0,0.0,0.0,8.767531
0,B_task,4_distractors,50,-0.34412545,0.0,0.0,1.0,9.6516075
0,B_task,4_distractors,51,-0.70159155,0.0,0.0,0.0,23.229122
0,B_task,4_distractors,52,-0.20834653,0.0,0.0,1.0,5.1371756
0,B_task,4_distractors,53,-0.5158026,0.0,0.0,1.0,15.360495
0,B_task,4_distractors,54,-0.2114265,0.0,0.0,1.0,8.851138
0,B_task,4_distractors,55,-0.6155296,0.0,0.0,0.0,20.3596
0,B_task,4_distractors,56,-0.20025997,0.0,0.0,1.0,14.17363
0,B_task,4_distractors,57,-0.70173943,0.0,0.0,1.0,16.415089
0,B_task,4_distractors,58,-0.37710673,0.0,0.0,1.0,13.391968
0,B_task,4_distractors,59,-0.60134,0.0,0.0,0.0,24.57707
0,B_task,4_distractors,60,-0.71538126,0.0,0.0,0.0,19.453312
0,B_task,4_distractors,61,-0.43604317,0.0,0.0,0.0,20.429827
0,B_task,4_distractors,62,-0.42341283,0.0,0.0,1.0,13.208743
0,B_task,4_distractors,63,-0.32760888,0.0,0.0,1.0,17.71813
0,B_task,4_distractors,64,-0.5286495,0.0,0.0,0.0,13.531549
0,B_task,4_distractors,65,-0.2214994,0.0,0.0,1.0,10.336046
0,B_task,4_distractors,66,-0.21925329,0.0,0.0,1.0,12.34132
0,B_task,4_distractors,67,-0.35092542,0.0,0.0,1.0,18.551176
0,B_task,4_distractors,68,-0.8685102,0.0,0.0,0.0,28.824055
0,B_task,4_distractors,69,-0.42328185,0.0,0.0,0.0,17.046381
0,B_task,4_distractors,70,-0.40082914,0.0,0.0,0.0,13.209907
0,B_task,4_distractors,71,-0.5990606,0.0,0.0,0.0,18.466803
0,B_task,4_distractors,72,8.120603e-05,0.0,0.0,1.0,6.9185553
0,B_task,4_distractors,73,-0.36684328,0.0,0.0,1.0,12.729603
0,B_task,4_distractors,74,-0.6193985,0.0,0.0,0.0,22.966423
0,B_task,4_distractors,75,-0.4559757,0.0,0.0,1.0,13.911652
0,B_task,4_distractors,76,-0.28998387,0.0,0.0,0.0,10.6272335
0,B_task,4_distractors,77,-0.7037425,0.0,0.0,0.0,23.50116
0,B_task,4_distractors,78,-0.33537912,0.0,0.0,1.0,8.010649
0,B_task,4_distractors,79,-0.30780587,0.0,0.0,1.0,11.086186
0,B_task,4_distractors,80,-0.67712855,0.0,0.0,0.0,20.762232
0,B_task,4_distractors,81,-0.43776363,0.0,0.0,0.0,11.042322
0,B_task,4_distractors,82,-0.6141316,0.0,0.0,1.0,23.78052
0,B_task,4_distractors,83,-0.79745364,0.0,0.0,0.0,23.014658
0,B_task,4_distractors,84,-0.4569723,0.0,0.0,0.0,15.713743
0,B_task,4_distractors,85,-0.6679582,0.0,0.0,0.0,19.900057
0,B_task,4_distractors,86,-0.43514138,0.0,0.0,0.0,13.082139
0,B_task,4_distractors,87,-0.35665643,0.0,0.0,1.0,13.435577
0,B_task,4_distractors,88,-0.23839483,0.0,0.0,1.0,10.321204
0,B_task,4_distractors,89,-0.392475,0.0,0.0,0.0,17.531319
0,B_task,4_distractors,90,-0.6905213,0.0,0.0,0.0,25.508265
0,B_task,4_distractors,91,-0.70918,0.0,0.0,0.0,16.970638
0,B_task,4_distractors,92,-0.39741173,0.0,0.0,0.0,14.524553
0,B_task,4_distractors,93,-0.5189569,0.0,0.0,1.0,12.263808
0,B_task,4_distractors,94,-0.25129807,0.0,0.0,1.0,8.056026
0,B_task,4_distractors,95,-0.59764904,0.0,0.0,0.0,22.910109
0,B_task,4_distractors,96,-0.54258484,0.0,0.0,0.0,16.089626
0,B_task,4_distractors,97,-0.47491717,0.0,0.0,0.0,15.342669
0,B_task,4_distractors,98,-0.2229412,0.0,0.0,1.0,6.519698
0,B_task,4_distractors,99,-0.6264258,0.0,0.0,0.0,17.44007
0,B_task,fast_distractors,0,-0.39144576,0.0,0.0,0.0,13.954819
0,B_task,fast_distractors,1,-0.40700257,0.0,0.0,1.0,11.888778
0,B_task,fast_distractors,2,-0.6525153,0.0,0.0,0.0,20.796206
0,B_task,fast_distractors,3,-0.5120098,0.0,0.0,0.0,18.134068
0,B_task,fast_distractors,4,-0.3328048,0.0,0.0,0.0,13.342601
0,B_task,fast_distractors,5,-0.68246543,0.0,0.0,0.0,21.204603
0,B_task,fast_distractors,6,-0.43926102,0.0,0.0,1.0,12.324142
0,B_task,fast_distractors,7,-0.75801957,0.0,0.0,0.0,28.556988
0,B_task,fast_distractors,8,-0.6072048,0.0,0.0,0.0,21.98735
0,B_task,fast_distractors,9,-0.4830333,0.0,0.0,0.0,14.259013
0,B_task,fast_distractors,10,-0.6340663,0.0,0.0,1.0,19.564123
0,B_task,fast_distractors,11,-0.6035741,0.0,0.0,1.0,13.939809
0,B_task,fast_distractors,12,-0.23528737,0.0,0.0,0.0,12.843566
0,B_task,fast_distractors,13,-0.7555638,0.0,0.0,0.0,25.620071
0,B_task,fast_distractors,14,-0.19883583,0.0,0.0,1.0,2.6861734
0,B_task,fast_distractors,15,-0.6720317,0.0,0.0,0.0,21.890093
0,B_task,fast_distractors,16,-0.30807382,0.0,0.0,1.0,10.303535
0,B_task,fast_distractors,17,-0.124468856,0.0,0.0,1.0,5.4251475
0,B_task,fast_distractors,18,-0.6313682,0.0,0.0,0.0,22.57373
0,B_task,fast_distractors,19,-0.74424106,0.0,0.0,0.0,24.05073
0,B_task,fast_distractors,20,-0.4075105,0.0,0.0,0.0,17.311588
0,B_task,fast_distractors,21,-0.1815455,0.0,0.0,1.0,3.780515
0,B_task,fast_distractors,22,-0.23054583,0.0,0.0,1.0,7.5098205
0,B_task,fast_distractors,23,-0.13296902,0.0,0.0,1.0,4.2911673
0,B_task,fast_distractors,24,-0.34665465,0.0,0.0,1.0,9.905478
0,B_task,fast_distractors,25,-0.5788654,0.0,0.0,0.0,19.22768
0,B_task,fast_distractors,26,-0.041151587,0.0,0.0,1.0,5.671754
0,B_task,fast_distractors,27,-0.103712276,0.0,0.0,1.0,4.5194626
0,B_task,fast_distractors,28,-0.09189196,0.0,0.13333333333333333,0.0,9.344031
0,B_task,fast_distractors,29,-0.41823897,0.0,0.0,1.0,13.563303
0,B_task,fast_distractors,30,-0.59910727,0.0,0.0,1.0,20.307644
0,B_task,fast_distractors,31,-0.5025945,0.0,0.0,0.0,17.024546
0,B_task,fast_distractors,32,-0.81213325,0.0,0.0,0.0,23.836216
0,B_task,fast_distractors,33,-0.4638252,0.0,0.0,0.0,24.349932
0,B_task,fast_distractors,34,-0.624935,0.0,0.0,0.0,22.642838
0,B_task,fast_distractors,35,-0.3258853,0.0,0.0,1.0,10.903932
0,B_task,fast_distractors,36,-0.28196436,0.0,0.0,1.0,9.980274
0,B_task,fast_distractors,37,-0.6783548,0.0,0.0,0.0,18.31772
0,B_task,fast_distractors,38,-0.44013622,0.0,0.0,1.0,17.598713
0,B_task,fast_distractors,39,-0.59812313,0.0,0.0,0.0,19.050404
0,B_task,fast_distractors,40,-0.49650672,0.0,0.0,0.0,16.65173
0,B_task,fast_distractors,41,-0.13706705,1.0,0.06666666666666667,1.0,1.0300355
0,B_task,fast_distractors,42,-0.36788258,0.0,0.0,1.0,12.668676
0,B_task,fast_distractors,43,-0.35670775,0.0,0.0,1.0,8.975647
0,B_task,fast_distractors,44,-0.40201777,0.0,0.0,0.0,12.98913
0,B_task,fast_distractors,45,-0.41298422,0.0,0.0,0.0,11.294257
0,B_task,fast_distractors,46,-0.6528345,0.0,0.0,0.0,21.762074
0,B_task,fast_distractors,47,-0.13596503,0.0,0.0,1.0,4.8370934
0,B_task,fast_distractors,48,-0.5405224,0.0,0.0,1.0,16.75517
0,B_task,fast_distractors,49,-0.36708322,0.0,0.0,0.0,13.415911
0,B_task,fast_distractors,50,-0.32731217,0.0,0.0,1.0,9.295604
0,B_task,fast_distractors,51,-0.7545084,0.0,0.0,0.0,27.11219
0,B_task,fast_distractors,52,-0.17512968,0.0,0.0,1.0,7.5703206
0,B_task,fast_distractors,53,-0.52818614,0.0,0.0,0.0,19.040733
0,B_task,fast_distractors,54,-0.3257973,0.0,0.0,1.0,17.405111
0,B_task,fast_distractors,55,-0.50330985,0.0,0.0,0.0,14.390018
0,B_task,fast_distractors,56,-0.19704857,0.0,0.08888888888888889,1.0,14.233965
0,B_task,fast_distractors,57,-0.8563652,0.0,0.0,0.0,26.410536
0,B_task,fast_distractors,58,-0.41910183,0.0,0.0,0.0,16.531164
0,B_task,fast_distractors,59,-0.5190398,0.0,0.0,1.0,16.559832
0,B_task,fast_distractors,60,-0.78631204,0.0,0.0,0.0,26.261864
0,B_task,fast_distractors,61,-0.42003056,0.0,0.0,0.0,19.316528
0,B_task,fast_distractors,62,-0.5671762,0.0,0.0,0.0,21.589987
0,B_task,fast_distractors,63,-0.18330683,0.0,0.0,1.0,5.635441
0,B_task,fast_distractors,64,-0.6503794,0.0,0.0,0.0,23.012772
0,B_task,fast_distractors,65,-0.2165873,0.0,0.0,1.0,11.294162
0,B_task,fast_distractors,66,-0.022899685,0.0,0.1111111111111111,1.0,4.413705
0,B_task,fast_distractors,67,-0.43377358,0.0,0.0,1.0,21.162992
0,B_task,fast_distractors,68,-0.8959548,0.0,0.0,0.0,32.044037
0,B_task,fast_distractors,69,-0.23472375,0.0,0.0,1.0,2.5266924
0,B_task,fast_distractors,70,-0.3843853,0.0,0.0,0.0,13.293695
0,B_task,fast_distractors,71,-0.7356295,0.0,0.0,0.0,26.801113
0,B_task,fast_distractors,72,-0.12048086,0.0,0.044444444444444446,0.0,14.19553
0,B_task,fast_distractors,73,-0.4554384,0.0,0.0,1.0,15.531249
0,B_task,fast_distractors,74,-0.63285744,0.0,0.0,0.0,20.801361
0,B_task,fast_distractors,75,-0.45755598,0.0,0.0,1.0,16.04881
0,B_task,fast_distractors,76,-0.31970108,0.0,0.0,0.0,12.616324
0,B_task,fast_distractors,77,-0.7656358,0.0,0.0,0.0,27.232958
0,B_task,fast_distractors,78,-0.46312526,0.0,0.0,1.0,18.774757
0,B_task,fast_distractors,79,-0.14716642,0.0,0.0,1.0,9.206972
0,B_task,fast_distractors,80,-0.7058906,0.0,0.0,0.0,21.628479
0,B_task,fast_distractors,81,-0.4566564,0.0,0.0,0.0,13.472407
0,B_task,fast_distractors,82,-0.5782789,0.0,0.0,1.0,19.659904
0,B_task,fast_distractors,83,-0.81443703,0.0,0.0,0.0,25.626345
0,B_task,fast_distractors,84,-0.45313075,0.0,0.0,0.0,15.259576
0,B_task,fast_distractors,85,-0.7208329,0.0,0.0,0.0,21.861591
0,B_task,fast_distractors,86,-0.4067918,0.0,0.0,0.0,11.786495
0,B_task,fast_distractors,87,-0.35726997,0.0,0.0,1.0,13.318141
0,B_task,fast_distractors,88,-0.25501555,0.0,0.0,1.0,10.295573
0,B_task,fast_distractors,89,-0.48545626,0.0,0.0,0.0,22.73405
0,B_task,fast_distractors,90,-0.59443766,0.0,0.0,0.0,16.919935
0,B_task,fast_distractors,91,-0.7866925,0.0,0.0,0.0,21.535131
0,B_task,fast_distractors,92,-0.49432382,0.0,0.0,0.0,20.173
0,B_task,fast_distractors,93,-0.71517664,0.0,0.0,0.0,22.639393
0,B_task,fast_distractors,94,-0.25858638,0.0,0.0,1.0,8.769736
0,B_task,fast_distractors,95,-0.5658703,0.0,0.0,0.0,20.073776
0,B_task,fast_distractors,96,-0.7039625,0.0,0.0,0.0,25.076567
0,B_task,fast_distractors,97,-0.37418717,0.0,0.0,0.0,10.418519
0,B_task,fast_distractors,98,-0.2880668,0.0,0.0,0.0,11.764202
0,B_task,fast_distractors,99,-0.5587614,0.0,0.0,0.0,14.407507
0,B_task,unseen_distractor_hues,0,-0.3700231,0.0,0.0,0.0,13.423283
0,B_task,unseen_distractor_hues,1,-0.3610652,0.0,0.0,1.0,10.020765
0,B_task,unseen_distractor_hues,2,-0.72169876,0.0,0.0,0.0,23.905125
0,B_task,unseen_distractor_hues,3,-0.5277123,0.0,0.0,0.0,19.937628
0,B_task,unseen_distractor_hues,4,-0.4398571,0.0,0.0,0.0,19.815943
0,B_task,unseen_distractor_hues,5,-0.74106216,0.0,0.0,0.0,25.476048
0,B_task,unseen_distractor_hues,6,-0.39925674,0.0,0.0,1.0,10.450982
0,B_task,unseen_distractor_hues,7,-0.7697025,0.0,0.0,0.0,28.199486
0,B_task,unseen_distractor_hues,8,-0.59210575,0.0,0.0,0.0,22.70659
0,B_task,unseen_distractor_hues,9,-0.47234824,0.0,0.0,0.0,14.068745
0,B_task,unseen_distractor_hues,10,-0.64829385,0.0,0.0,1.0,19.787552
0,B_task,unseen_distractor_hues,11,-0.6798788,0.0,0.0,1.0,19.787735
0,B_task,unseen_distractor_hues,12,-0.1742521,0.0,0.0,1.0,8.64268
0,B_task,unseen_distractor_hues,13,-0.6436201,0.0,0.0,0.0,14.8485365
0,B_task,unseen_distractor_hues,14,-0.37006718,0.0,0.0,0.0,14.759916
0,B_task,unseen_distractor_hues,15,-0.6737384,0.0,0.0,0.0,20.809456
0,B_task,unseen_distractor_hues,16,-0.2423653,0.0,0.0,1.0,7.4984646
0,B_task,unseen_distractor_hues,17,-0.14712988,0.0,0.0,1.0,6.088791
0,B_task,unseen_distractor_hues,18,-0.55717975,0.0,0.0,1.0,20.609373
0,B_task,unseen_distractor_hues,19,-0.7258401,0.0,0.0,0.0,18.760801
0,B_task,unseen_distractor_hues,20,-0.36176008,0.0,0.0,0.0,14.850826
0,B_task,unseen_distractor_hues,21,-0.04534047,0.0,0.08888888888888889,1.0,3.1510725
0,B_task,unseen_distractor_hues,22,-0.1731833,0.0,0.0,1.0,4.2540164
0,B_task,unseen_distractor_hues,23,-0.073626414,0.0,0.0,1.0,5.9244213
0,B_task,unseen_distractor_hues,24,-0.38178816,0.0,0.0,1.0,11.237343
0,B_task,unseen_distractor_hues,25,-0.64814353,0.0,0.0,0.0,22.66184
0,B_task,unseen_distractor_hues,26,-0.10107889,0.0,0.0,1.0,7.7075405
0,B_task,unseen_distractor_hues,27,-0.21663298,0.0,0.0,1.0,8.901454
0,B_task,unseen_distractor_hues,28,-0.0965875,0.0,0.1111111111111111,0.0,9.498498
0,B_task,unseen_distractor_hues,29,-0.4712404,0.0,0.0,0.0,22.910944
0,B_task,unseen_distractor_hues,30,-0.6261939,0.0,0.0,1.0,20.428867
0,B_task,unseen_distractor_hues,31,-0.53197837,0.0,0.0,0.0,19.553278
0,B_task,unseen_distractor_hues,32,-0.8299615,0.0,0.0,0.0,27.047388
0,B_task,unseen_distractor_hues,33,-0.47394392,0.0,0.0,0.0,24.353426
0,B_task,unseen_distractor_hues,34,-0.6491526,0.0,0.0,0.0,25.058966
0,B_task,unseen_distractor_hues,35,-0.24656758,0.0,0.0,1.0,6.2305393
0,B_task,unseen_distractor_hues,36,-0.3423048,0.0,0.0,0.0,15.64562
0,B_task,unseen_distractor_hues,37,-0.75111395,0.0,0.0,0.0,25.074303
0,B_task,unseen_distractor_hues,38,-0.34871733,0.0,0.0,1.0,11.676873
0,B_task,unseen_distractor_hues,39,-0.6817562,0.0,0.0,0.0,26.341448
0,B_task,unseen_distractor_hues,40,-0.56037164,0.0,0.0,0.0,21.331806
0,B_task,unseen_distractor_hues,41,-0.13247298,0.0,0.1111111111111111,1.0,8.865546
0,B_task,unseen_distractor_hues,42,-0.23784833,0.0,0.0,1.0,6.6374187
0,B_task,unseen_distractor_hues,43,-0.4542655,0.0,0.0,1.0,15.894717
0,B_task,unseen_distractor_hues,44,-0.39136627,0.0,0.0,0.0,12.186937
0,B_task,unseen_distractor_hues,45,-0.4667571,0.0,0.0,0.0,13.8217535
0,B_task,unseen_distractor_hues,46,-0.80684936,0.0,0.0,0.0,31.315668
0,B_task,unseen_distractor_hues,47,-0.11330356,0.0,0.0,1.0,1.6524249
0,B_task,unseen_distractor_hues,48,-0.6277659,0.0,0.0,1.0,20.366476
0,B_task,unseen_distractor_hues,49,-0.2764599,0.0,0.0,0.0,8.346607
0,B_task,unseen_distractor_hues,50,-0.2860467,0.0,0.0,1.0,4.4067163
0,B_task,unseen_distractor_hues,51,-0.79584384,0.0,0.0,0.0,26.536882
0,B_task,unseen_distractor_hues,52,-0.15313905,0.0,0.0,1.0,9.665323
0,B_task,unseen_distractor_hues,53,-0.50715935,0.0,0.0,0.0,17.240604
0,B_task,unseen_distractor_hues,54,-0.17670362,0.0,0.0,1.0,8.61488
0,B_task,unseen_distractor_hues,55,-0.64534163,0.0,0.0,0.0,23.458069
0,B_task,unseen_distractor_hues,56,-0.103642136,0.0,0.13333333333333333,1.0,12.812741
0,B_task,unseen_distractor_hues,57,-0.8442487,0.0,0.0,0.0,28.210804
0,B_task,unseen_distractor_hues,58,-0.39653456,0.0,0.0,0.0,15.3539715
0,B_task,unseen_distractor_hues,59,-0.55092335,0.0,0.0,0.0,19.043686
0,B_task,unseen_distractor_hues,60,-0.7645034,0.0,0.0,0.0,24.363422
0,B_task,unseen_distractor_hues,61,-0.45738605,0.0,0.0,0.0,22.224796
0,B_task,unseen_distractor_hues,62,-0.5643051,0.0,0.0,1.0,20.39482
0,B_task,unseen_distractor_hues,63,-0.20683184,0.0,0.0,1.0,5.7323136
0,B_task,unseen_distractor_hues,64,-0.6077491,0.0,0.0,0.0,16.905277
0,B_task,unseen_distractor_hues,65,-0.22533591,0.0,0.0,1.0,11.786238
0,B_task,unseen_distractor_hues,66,-0.059256155,0.0,0.17777777777777778,0.0,12.698552
0,B_task,unseen_distractor_hues,67,-0.44307435,0.0,0.0,1.0,21.425865
0,B_task,unseen_distractor_hues,68,-0.9197466,0.0,0.0,0.0,31.819065
0,B_task,unseen_distractor_hues,69,-0.26545233,0.0,0.0,1.0,3.9437435
0,B_task,unseen_distractor_hues,70,-0.32675922,0.0,0.0,1.0,8.760323
0,B_task,unseen_distractor_hues,71,-0.6619469,0.0,0.0,0.0,20.790775
0,B_task,unseen_distractor_hues,72,-0.008503223,0.0,0.0,1.0,4.1278286
0,B_task,unseen_distractor_hues,73,-0.44893655,0.0,0.0,1.0,14.481412
0,B_task,unseen_distractor_hues,74,-0.6904183,0.0,0.0,0.0,24.178051
0,B_task,unseen_distractor_hues,75,-0.44740835,0.0,0.0,1.0,13.974672
0,B_task,unseen_distractor_hues,76,-0.30595192,0.0,0.0,1.0,11.410991
0,B_task,unseen_distractor_hues,77,-0.76586074,0.0,0.0,0.0,27.064514
0,B_task,unseen_distractor_hues,78,-0.5706856,0.0,0.0,1.0,19.108858
0,B_task,unseen_distractor_hues,79,-0.29941818,0.0,0.0,0.0,12.920695
0,B_task,unseen_distractor_hues,80,-0.72096133,0.0,0.0,0.0,22.842466
0,B_task,unseen_distractor_hues,81,-0.6400691,0.0,0.0,1.0,17.928654
0,B_task,unseen_distractor_hues,82,-0.57299584,0.0,0.0,1.0,18.455538
0,B_task,unseen_distractor_hues,83,-0.80590576,0.0,0.0,0.0,24.761879
0,B_task,unseen_distractor_hues,84,-0.40556997,0.0,0.0,1.0,13.54843
0,B_task,unseen_distractor_hues,85,-0.7043048,0.0,0.0,0.0,17.761393
0,B_task,unseen_distractor_hues,86,-0.34138158,0.0,0.0,1.0,4.793799
0,B_task,unseen_distractor_hues,87,-0.33351263,0.0,0.0,1.0,11.664844
0,B_task,unseen_distractor_hues,88,-0.2204493,0.0,0.0,1.0,6.6243696
0,B_task,unseen_distractor_hues,89,-0.43115786,0.0,0.0,0.0,17.106113
0,B_task,unseen_distractor_hues,90,-0.6332404,0.0,0.0,0.0,19.89461
0,B_task,unseen_distractor_hues,91,-0.8148159,0.0,0.0,0.0,24.781252
0,B_task,unseen_distractor_hues,92,-0.48877478,0.0,0.0,0.0,17.786827
0,B_task,unseen_distractor_hues,93,-0.4624489,0.0,0.0,0.0,9.1789255
0,B_task,unseen_distractor_hues,94,-0.17754067,0.0,0.0,1.0,4.181065
0,B_task,unseen_distractor_hues,95,-0.59881014,0.0,0.0,0.0,23.53065
0,B_task,unseen_distractor_hues,96,-0.6908065,0.0,0.0,0.0,25.27104
0,B_task,unseen_distractor_hues,97,-0.4267334,0.0,0.0,0.0,12.764315
0,B_task,unseen_distractor_hues,98,-0.27353117,0.0,0.0,0.0,11.825364
0,B_task,unseen_distractor_hues,99,-0.6830953,0.0,0.0,0.0,22.06422
0,B_task,heavy_pixel_noise,0,-0.41846925,0.0,0.0,0.0,14.638576
0,B_task,heavy_pixel_noise,1,-0.3843112,0.0,0.0,1.0,9.129262
0,B_task,heavy_pixel_noise,2,-0.68103755,0.0,0.0,0.0,23.429726
0,B_task,heavy_pixel_noise,3,-0.5034987,0.0,0.0,0.0,16.631565
0,B_task,heavy_pixel_noise,4,-0.34215248,0.0,0.0,0.0,13.390844
0,B_task,heavy_pixel_noise,5,-0.70943505,0.0,0.0,0.0,24.051397
0,B_task,heavy_pixel_noise,6,-0.4192532,0.0,0.0,1.0,12.087612
0,B_task,heavy_pixel_noise,7,-0.7270345,0.0,0.0,0.0,25.831512
0,B_task,heavy_pixel_noise,8,-0.60057306,0.0,0.0,0.0,21.619009
0,B_task,heavy_pixel_noise,9,-0.468412,0.0,0.0,0.0,12.486863
0,B_task,heavy_pixel_noise,10,-0.62812626,0.0,0.0,1.0,19.15953
0,B_task,heavy_pixel_noise,11,-0.6264451,0.0,0.0,0.0,17.37968
0,B_task,heavy_pixel_noise,12,-0.24781187,0.0,0.0,0.0,11.267809
0,B_task,heavy_pixel_noise,13,-0.75441587,0.0,0.0,0.0,24.61683
0,B_task,heavy_pixel_noise,14,-0.27562094,0.0,0.0,1.0,7.7834616
0,B_task,heavy_pixel_noise,15,-0.6611773,0.0,0.0,0.0,19.50304
0,B_task,heavy_pixel_noise,16,-0.29064405,0.0,0.0,1.0,9.360223
0,B_task,heavy_pixel_noise,17,-0.19356817,0.0,0.0,1.0,9.283075
0,B_task,heavy_pixel_noise,18,-0.61059004,0.0,0.0,0.0,22.405174
0,B_task,heavy_pixel_noise,19,-0.7774482,0.0,0.0,0.0,26.070456
0,B_task,heavy_pixel_noise,20,-0.3965485,0.0,0.0,0.0,16.330004
0,B_task,heavy_pixel_noise,21,-0.21394458,0.0,0.0,1.0,5.2520475
0,B_task,heavy_pixel_noise,22,-0.23676385,0.0,0.0,1.0,7.835884
0,B_task,heavy_pixel_noise,23,-0.093092576,0.0,0.0,1.0,5.0605993
0,B_task,heavy_pixel_noise,24,-0.3836207,0.0,0.0,1.0,11.612761
0,B_task,heavy_pixel_noise,25,-0.5520631,0.0,0.0,0.0,19.32705
0,B_task,heavy_pixel_noise,26,-0.11618911,0.0,0.0,1.0,7.46069
0,B_task,heavy_pixel_noise,27,-0.19761789,0.0,0.0,1.0,5.062788
0,B_task,heavy_pixel_noise,28,-0.23477088,0.0,0.0,1.0,11.7081785
0,B_task,heavy_pixel_noise,29,-0.44962943,0.0,0.0,1.0,15.998191
0,B_task,heavy_pixel_noise,30,-0.5783193,0.0,0.0,1.0,19.43942
0,B_task,heavy_pixel_noise,31,-0.4950619,0.0,0.0,0.0,15.931095
0,B_task,heavy_pixel_noise,32,-0.6609641,0.0,0.0,0.0,10.5898075
0,B_task,heavy_pixel_noise,33,-0.45782468,0.0,0.0,0.0,23.852541
0,B_task,heavy_pixel_noise,34,-0.657848,0.0,0.0,0.0,24.39706
0,B_task,heavy_pixel_noise,35,-0.31776094,0.0,0.0,1.0,12.033976
0,B_task,heavy_pixel_noise,36,-0.3114985,0.0,0.0,1.0,12.499758
0,B_task,heavy_pixel_noise,37,-0.71132845,0.0,0.0,0.0,21.210161
0,B_task,heavy_pixel_noise,38,-0.39716268,0.0,0.0,1.0,13.431902
0,B_task,heavy_pixel_noise,39,-0.60988975,0.0,0.0,0.0,18.224157
0,B_task,heavy_pixel_noise,40,-0.50526553,0.0,0.0,0.0,17.782564
0,B_task,heavy_pixel_noise,41,-0.35775107,0.0,0.0,1.0,11.902388
0,B_task,heavy_pixel_noise,42,-0.37758163,0.0,0.0,1.0,12.999402
0,B_task,heavy_pixel_noise,43,-0.4220489,0.0,0.0,1.0,15.470756
0,B_task,heavy_pixel_noise,44,-0.45249897,0.0,0.0,0.0,15.932839
0,B_task,heavy_pixel_noise,45,-0.41200107,0.0,0.0,1.0,11.38306
0,B_task,heavy_pixel_noise,46,-0.72795975,0.0,0.0,0.0,27.090748
0,B_task,heavy_pixel_noise,47,-0.18863738,0.0,0.0,1.0,4.9074883
0,B_task,heavy_pixel_noise,48,-0.5155696,0.0,0.0,1.0,15.694191
0,B_task,heavy_pixel_noise,49,-0.33800817,0.0,0.0,0.0,11.579863
0,B_task,heavy_pixel_noise,50,-0.3400911,0.0,0.0,0.0,9.033438
0,B_task,heavy_pixel_noise,51,-0.8127743,0.0,0.0,0.0,28.305786
0,B_task,heavy_pixel_noise,52,-0.08350186,0.0,0.0,1.0,2.9132173
0,B_task,heavy_pixel_noise,53,-0.5060075,0.0,0.0,0.0,17.777887
0,B_task,heavy_pixel_noise,54,-0.28149638,0.0,0.0,0.0,15.748625
0,B_task,heavy_pixel_noise,55,-0.63286805,0.0,0.0,0.0,24.539383
0,B_task,heavy_pixel_noise,56,-0.16497245,0.0,0.08888888888888889,1.0,12.425687
0,B_task,heavy_pixel_noise,57,-0.8419165,0.0,0.0,0.0,25.722229
0,B_task,heavy_pixel_noise,58,-0.3909335,0.0,0.0,1.0,14.775571
0,B_task,heavy_pixel_noise,59,-0.50771224,0.0,0.0,1.0,16.97286
0,B_task,heavy_pixel_noise,60,-0.79846734,0.0,0.0,0.0,26.385677
0,B_task,heavy_pixel_noise,61,-0.43089184,0.0,0.0,0.0,20.813807
0,B_task,heavy_pixel_noise,62,-0.46264577,0.0,0.0,0.0,15.70675
0,B_task,heavy_pixel_noise,63,-0.31175262,0.0,0.0,1.0,16.16794
0,B_task,heavy_pixel_noise,64,-0.7389866,0.0,0.0,0.0,27.881302
0,B_task,heavy_pixel_noise,65,-0.15082116,0.0,0.0,1.0,6.769791
0,B_task,heavy_pixel_noise,66,-0.0024242732,0.0,0.2,1.0,8.44035
0,B_task,heavy_pixel_noise,67,-0.39782253,0.0,0.0,1.0,16.983559
0,B_task,heavy_pixel_noise,68,-0.80482584,0.0,0.0,0.0,22.628773
0,B_task,heavy_pixel_noise,69,-0.3133039,0.0,0.0,1.0,6.2375436
0,B_task,heavy_pixel_noise,70,-0.34152666,0.0,0.0,0.0,14.085069
0,B_task,heavy_pixel_noise,71,-0.73565716,0.0,0.0,0.0,26.450727
0,B_task,heavy_pixel_noise,72,-0.09353901,0.0,0.06666666666666667,0.0,12.043921
0,B_task,heavy_pixel_noise,73,-0.45092633,0.0,0.0,1.0,15.1307
0,B_task,heavy_pixel_noise,74,-0.6496266,0.0,0.0,0.0,23.38722
0,B_task,heavy_pixel_noise,75,-0.46472138,0.0,0.0,1.0,16.018454
0,B_task,heavy_pixel_noise,76,-0.32191038,0.0,0.0,0.0,10.856172
0,B_task,heavy_pixel_noise,77,-0.7699452,0.0,0.0,0.0,27.604559
0,B_task,heavy_pixel_noise,78,-0.46139744,0.0,0.0,1.0,18.645016
0,B_task,heavy_pixel_noise,79,-0.30579695,0.0,0.0,1.0,11.068859
0,B_task,heavy_pixel_noise,80,-0.6849611,0.0,0.0,0.0,23.268648
0,B_task,heavy_pixel_noise,81,-0.56446093,0.0,0.0,1.0,17.99505
0,B_task,heavy_pixel_noise,82,-0.5593897,0.0,0.0,1.0,16.363363
0,B_task,heavy_pixel_noise,83,-0.7902783,0.0,0.0,0.0,25.028307
0,B_task,heavy_pixel_noise,84,-0.40812927,0.0,0.0,0.0,14.014875
0,B_task,heavy_pixel_noise,85,-0.6787163,0.0,0.0,0.0,19.096294
0,B_task,heavy_pixel_noise,86,-0.32352933,0.0,0.0,1.0,3.3482802
0,B_task,heavy_pixel_noise,87,-0.3099639,0.0,0.0,1.0,9.627375
0,B_task,heavy_pixel_noise,88,-0.21835409,0.0,0.0,1.0,8.207353
0,B_task,heavy_pixel_noise,89,-0.3970512,0.0,0.0,0.0,17.242327
0,B_task,heavy_pixel_noise,90,-0.58519256,0.0,0.0,0.0,15.799084
0,B_task,heavy_pixel_noise,91,-0.85857755,0.0,0.0,0.0,27.39705
0,B_task,heavy_pixel_noise,92,-0.36230883,0.0,0.0,0.0,10.905252
0,B_task,heavy_pixel_noise,93,-0.6751731,0.0,0.0,0.0,20.522528
0,B_task,heavy_pixel_noise,94,-0.27433887,0.0,0.0,1.0,10.171466
0,B_task,heavy_pixel_noise,95,-0.6073683,0.0,0.0,0.0,22.550674
0,B_task,heavy_pixel_noise,96,-0.67483383,0.0,0.0,0.0,22.955223
0,B_task,heavy_pixel_noise,97,-0.32345253,0.0,0.0,1.0,7.8715587
0,B_task,heavy_pixel_noise,98,-0.23238254,0.0,0.0,1.0,9.49188
0,B_task,heavy_pixel_noise,99,-0.6362138,0.0,0.0,0.0,23.317007
0,C_scene,in_distribution,0,-0.37799284,0.0,0.0,0.0,12.928263
0,C_scene,in_distribution,1,-0.3351845,0.0,0.0,1.0,8.4241905
0,C_scene,in_distribution,2,-0.71347505,0.0,0.0,0.0,23.017292
0,C_scene,in_distribution,3,-0.44935578,0.0,0.0,0.0,16.32638
0,C_scene,in_distribution,4,-0.228098,0.0,0.0,1.0,6.2414203
0,C_scene,in_distribution,5,-0.75755537,0.0,0.0,0.0,25.58793
0,C_scene,in_distribution,6,-0.38029692,0.0,0.0,1.0,10.821405
0,C_scene,in_distribution,7,-0.74128056,0.0,0.0,0.0,24.014385
0,C_scene,in_distribution,8,-0.5735031,0.0,0.0,0.0,19.656908
0,C_scene,in_distribution,9,-0.42940995,0.0,0.0,0.0,13.10759
0,C_scene,in_distribution,10,-0.5831251,0.0,0.0,0.0,19.793657
0,C_scene,in_distribution,11,-0.6607571,0.0,0.0,1.0,21.173882
0,C_scene,in_distribution,12,-0.13384601,0.0,0.0,1.0,7.0828137
0,C_scene,in_distribution,13,-0.7498113,0.0,0.0,0.0,24.707678
0,C_scene,in_distribution,14,-0.44797087,0.0,0.0,0.0,13.211104
0,C_scene,in_distribution,15,-0.6204209,0.0,0.0,0.0,15.175593
0,C_scene,in_distribution,16,-0.16287556,0.0,0.0,1.0,2.593759
0,C_scene,in_distribution,17,-0.03303113,0.0,0.1111111111111111,1.0,5.6455126
0,C_scene,in_distribution,18,-0.59009516,0.0,0.0,0.0,21.34928
0,C_scene,in_distribution,19,-0.8997415,0.0,0.0,0.0,26.270794
0,C_scene,in_distribution,20,-0.42810223,0.0,0.0,0.0,15.0758915
0,C_scene,in_distribution,21,-0.34496132,0.0,0.0,1.0,12.30133
0,C_scene,in_distribution,22,-0.38475198,0.0,0.0,1.0,13.541238
0,C_scene,in_distribution,23,-0.11334434,0.0,0.08888888888888889,1.0,6.3784914
0,C_scene,in_distribution,24,-0.50921184,0.0,0.0,1.0,14.56812
0,C_scene,in_distribution,25,-0.42370617,0.0,0.0,0.0,11.779873
0,C_scene,in_distribution,26,-0.32468733,0.0,0.0,1.0,19.378033
0,C_scene,in_distribution,27,-0.1957519,0.0,0.0,1.0,5.410627
0,C_scene,in_distribution,28,-0.18873546,0.0,0.0,1.0,4.724944
0,C_scene,in_distribution,29,-0.5374307,0.0,0.0,1.0,19.783556
0,C_scene,in_distribution,30,-0.597083,0.0,0.0,1.0,21.203213
0,C_scene,in_distribution,31,-0.47587678,0.0,0.0,0.0,16.2732
0,C_scene,in_distribution,32,-0.7452351,0.0,0.0,0.0,23.156399
0,C_scene,in_distribution,33,-0.26714402,0.0,0.0,1.0,9.011466
0,C_scene,in_distribution,34,-0.5538646,0.0,0.0,0.0,18.573843
0,C_scene,in_distribution,35,-0.3735556,0.0,0.0,0.0,27.925528
0,C_scene,in_distribution,36,-0.22952525,0.0,0.0,0.0,10.80308
0,C_scene,in_distribution,37,-0.56538856,0.0,0.0,0.0,14.711656
0,C_scene,in_distribution,38,-0.46711853,0.0,0.0,0.0,18.59401
0,C_scene,in_distribution,39,-0.56178963,0.0,0.0,0.0,12.7327
0,C_scene,in_distribution,40,-0.56155765,0.0,0.0,0.0,18.06181
0,C_scene,in_distribution,41,-0.16268288,1.0,0.08888888888888889,1.0,1.0727012
0,C_scene,in_distribution,42,-0.2717874,0.0,0.0,1.0,7.2769036
0,C_scene,in_distribution,43,-0.46382746,0.0,0.0,1.0,14.813399
0,C_scene,in_distribution,44,-0.3897147,0.0,0.0,1.0,9.726764
0,C_scene,in_distribution,45,-0.23668264,0.0,0.0,1.0,5.184931
0,C_scene,in_distribution,46,-0.6456123,0.0,0.0,0.0,13.245399
0,C_scene,in_distribution,47,-0.10014909,0.0,0.0,1.0,5.0748763
0,C_scene,in_distribution,48,-0.40405384,0.0,0.0,0.0,11.906486
0,C_scene,in_distribution,49,-0.44365022,0.0,0.0,0.0,16.346071
0,C_scene,in_distribution,50,-0.10996086,0.0,0.0,1.0,3.8111064
0,C_scene,in_distribution,51,-0.62624294,0.0,0.0,0.0,19.782043
0,C_scene,in_distribution,52,-0.24054392,0.0,0.0,0.0,8.677957
0,C_scene,in_distribution,53,-0.49766347,0.0,0.0,0.0,12.998811
0,C_scene,in_distribution,54,-0.3382653,0.0,0.0,0.0,15.500323
0,C_scene,in_distribution,55,-0.6107254,0.0,0.0,0.0,19.649973
0,C_scene,in_distribution,56,-0.071371436,0.0,0.13333333333333333,1.0,8.721683
0,C_scene,in_distribution,57,-0.80178297,0.0,0.0,0.0,28.406544
0,C_scene,in_distribution,58,-0.30607367,0.0,0.0,1.0,9.584728
0,C_scene,in_distribution,59,-0.5474096,0.0,0.0,0.0,19.710358
0,C_scene,in_distribution,60,-0.73189044,0.0,0.0,0.0,21.614723
0,C_scene,in_distribution,61,-0.33995977,0.0,0.0,0.0,11.831501
0,C_scene,in_distribution,62,-0.391435,0.0,0.0,1.0,12.176293
0,C_scene,in_distribution,63,-0.24966095,0.0,0.0,1.0,6.761743
0,C_scene,in_distribution,64,-0.621773,0.0,0.0,0.0,20.357264
0,C_scene,in_distribution,65,0.009491409,0.0,0.0,1.0,3.019839
0,C_scene,in_distribution,66,-0.6054508,0.0,0.0,0.0,23.695087
0,C_scene,in_distribution,67,-0.28650978,0.0,0.0,1.0,8.54504
0,C_scene,in_distribution,68,-0.8273752,0.0,0.0,0.0,25.574736
0,C_scene,in_distribution,69,-0.29316658,0.0,0.0,0.0,9.577687
0,C_scene,in_distribution,70,-0.31901923,0.0,0.0,0.0,10.725367
0,C_scene,in_distribution,71,-0.6610407,0.0,0.0,0.0,20.412659
0,C_scene,in_distribution,72,-0.035850037,0.0,0.0,1.0,6.397628
0,C_scene,in_distribution,73,-0.30209595,0.0,0.0,1.0,10.395793
0,C_scene,in_distribution,74,-0.6130537,0.0,0.0,0.0,19.318678
0,C_scene,in_distribution,75,-0.3155578,0.0,0.0,1.0,5.696659
0,C_scene,in_distribution,76,-0.2753216,0.0,0.0,1.0,9.906023
0,C_scene,in_distribution,77,-0.68334097,0.0,0.0,0.0,18.047499
0,C_scene,in_distribution,78,-0.58483255,0.0,0.0,1.0,19.257387
0,C_scene,in_distribution,79,-0.10241903,0.0,0.0,1.0,3.0013556
0,C_scene,in_distribution,80,-0.6792677,0.0,0.0,0.0,23.507437
0,C_scene,in_distribution,81,-0.41020903,0.0,0.0,1.0,12.946985
0,C_scene,in_distribution,82,-0.5216483,0.0,0.0,1.0,13.178754
0,C_scene,in_distribution,83,-0.7985721,0.0,0.0,0.0,25.350607
0,C_scene,in_distribution,84,-0.45461616,0.0,0.0,0.0,16.27201
0,C_scene,in_distribution,85,-0.70197636,0.0,0.0,0.0,24.67441
0,C_scene,in_distribution,86,-0.48236954,0.0,0.0,0.0,15.313199
0,C_scene,in_distribution,87,-0.13189247,0.0,0.044444444444444446,1.0,3.6836424
0,C_scene,in_distribution,88,-0.30009368,0.0,0.0,1.0,4.997276
0,C_scene,in_distribution,89,-0.39666525,0.0,0.0,0.0,13.952047
0,C_scene,in_distribution,90,-0.5667494,0.0,0.0,0.0,18.924555
0,C_scene,in_distribution,91,-0.7795506,0.0,0.0,0.0,23.416441
0,C_scene,in_distribution,92,-0.6084494,0.0,0.0,1.0,17.03327
0,C_scene,in_distribution,93,-0.49909735,0.0,0.0,1.0,14.384874
0,C_scene,in_distribution,94,-0.25132486,0.0,0.0,1.0,7.135228
0,C_scene,in_distribution,95,-0.5709645,0.0,0.0,0.0,15.974837
0,C_scene,in_distribution,96,-0.5592944,0.0,0.0,0.0,17.27683
0,C_scene,in_distribution,97,-0.40100843,0.0,0.0,1.0,14.492145
0,C_scene,in_distribution,98,-0.21433966,0.0,0.0,1.0,5.284236
0,C_scene,in_distribution,99,-0.6763337,0.0,0.0,0.0,23.396605
0,C_scene,4_distractors,0,-0.40056872,0.0,0.0,0.0,13.649881
0,C_scene,4_distractors,1,-0.3977811,0.0,0.0,0.0,13.838126
0,C_scene,4_distractors,2,-0.50722337,0.0,0.0,0.0,10.156762
0,C_scene,4_distractors,3,-0.22964638,0.0,0.08888888888888889,1.0,5.8400035
0,C_scene,4_distractors,4,-0.390651,0.0,0.0,0.0,12.893763
0,C_scene,4_distractors,5,-0.7040215,0.0,0.0,0.0,21.43839
0,C_scene,4_distractors,6,-0.42700827,0.0,0.0,1.0,12.798012
0,C_scene,4_distractors,7,-0.7433239,0.0,0.0,0.0,24.100908
0,C_scene,4_distractors,8,-0.57455945,0.0,0.0,0.0,19.622396
0,C_scene,4_distractors,9,-0.44421226,0.0,0.0,0.0,16.306253
0,C_scene,4_distractors,10,-0.71184444,0.0,0.0,0.0,27.185379
0,C_scene,4_distractors,11,-0.6148932,0.0,0.0,0.0,17.798864
0,C_scene,4_distractors,12,-0.4753498,0.0,0.0,0.0,26.948927
0,C_scene,4_distractors,13,-0.77161753,0.0,0.0,0.0,22.92477
0,C_scene,4_distractors,14,-0.49092466,0.0,0.0,0.0,15.357162
0,C_scene,4_distractors,15,-0.69276303,0.0,0.0,0.0,20.873693
0,C_scene,4_distractors,16,-0.26591083,0.0,0.0,1.0,9.95373
0,C_scene,4_distractors,17,-0.07235858,0.0,0.08888888888888889,1.0,5.8738947
0,C_scene,4_distractors,18,-0.58208483,0.0,0.0,1.0,20.234453
0,C_scene,4_distractors,19,-0.6804334,0.0,0.0,0.0,21.138687
0,C_scene,4_distractors,20,-0.254591,0.0,0.0,1.0,15.45194
0,C_scene,4_distractors,21,0.10586605,0.0,0.35555555555555557,1.0,3.0481458
0,C_scene,4_distractors,22,-0.6506097,0.0,0.0,0.0,29.43028
0,C_scene,4_distractors,23,-0.15611522,0.0,0.06666666666666667,1.0,5.6370306
0,C_scene,4_distractors,24,-0.44650218,0.0,0.0,1.0,13.044646
0,C_scene,4_distractors,25,-0.6299181,0.0,0.0,0.0,23.244068
0,C_scene,4_distractors,26,-0.10909175,0.0,0.06666666666666667,1.0,10.104399
0,C_scene,4_distractors,27,-0.12405235,0.0,0.0,1.0,2.9510877
0,C_scene,4_distractors,28,-0.041240852,0.0,0.0,1.0,4.3700376
0,C_scene,4_distractors,29,-0.466797,0.0,0.0,0.0,25.443731
0,C_scene,4_distractors,30,-0.6383733,0.0,0.0,1.0,20.971245
0,C_scene,4_distractors,31,-0.48117253,0.0,0.0,0.0,16.778324
0,C_scene,4_distractors,32,-0.69925886,0.0,0.0,1.0,19.907553
0,C_scene,4_distractors,33,-0.32440802,0.0,0.0,0.0,11.070039
0,C_scene,4_distractors,34,-0.6970729,0.0,0.0,0.0,26.43954
0,C_scene,4_distractors,35,-0.25960785,0.0,0.0,1.0,10.936232
0,C_scene,4_distractors,36,-0.19092017,0.0,0.0,1.0,3.3399718
0,C_scene,4_distractors,37,-0.7465206,0.0,0.0,0.0,24.489658
0,C_scene,4_distractors,38,-0.23010953,0.0,0.0,1.0,3.5163856
0,C_scene,4_distractors,39,-0.51838696,0.0,0.0,0.0,12.560572
0,C_scene,4_distractors,40,-0.4826851,0.0,0.0,0.0,16.722294
0,C_scene,4_distractors,41,-0.21057816,0.0,0.0,1.0,4.827487
0,C_scene,4_distractors,42,-0.22516847,0.0,0.0,1.0,6.340875
0,C_scene,4_distractors,43,-0.4891508,0.0,0.0,1.0,13.7310295
0,C_scene,4_distractors,44,-0.67637736,0.0,0.0,0.0,24.308823
0,C_scene,4_distractors,45,-0.52954376,0.0,0.0,0.0,16.450409
0,C_scene,4_distractors,46,-0.5375963,0.0,0.0,1.0,10.828788
0,C_scene,4_distractors,47,-0.18725027,0.0,0.0,0.0,8.315404
0,C_scene,4_distractors,48,-0.37405697,0.0,0.0,1.0,9.801234
0,C_scene,4_distractors,49,-0.56602305,0.0,0.0,0.0,21.065552
0,C_scene,4_distractors,50,-0.2349837,0.0,0.0,1.0,5.3470397
0,C_scene,4_distractors,51,-0.7291846,0.0,0.0,0.0,18.830545
0,C_scene,4_distractors,52,-0.19339769,0.0,0.0,1.0,6.701555
0,C_scene,4_distractors,53,-0.49211654,0.0,0.0,0.0,12.747489
0,C_scene,4_distractors,54,-0.25618744,0.0,0.0,1.0,8.561241
0,C_scene,4_distractors,55,-0.5832997,0.0,0.0,0.0,13.872649
0,C_scene,4_distractors,56,-0.09491376,0.0,0.1111111111111111,1.0,7.649703
0,C_scene,4_distractors,57,-0.7333179,0.0,0.0,0.0,25.746634
0,C_scene,4_distractors,58,-0.49484673,0.0,0.0,0.0,21.798088
0,C_scene,4_distractors,59,-0.5018062,0.0,0.0,0.0,18.32341
0,C_scene,4_distractors,60,-0.66050875,0.0,0.0,0.0,17.448334
0,C_scene,4_distractors,61,-0.32804638,0.0,0.0,0.0,10.771534
0,C_scene,4_distractors,62,-0.43104857,0.0,0.0,1.0,13.703285
0,C_scene,4_distractors,63,-0.22943738,0.0,0.0,1.0,7.8018165
0,C_scene,4_distractors,64,-0.58014673,0.0,0.0,0.0,15.394949
0,C_scene,4_distractors,65,-0.1321798,0.0,0.0,1.0,4.8327975
0,C_scene,4_distractors,66,-0.1529965,0.0,0.0,1.0,4.573654
0,C_scene,4_distractors,67,-0.47613594,0.0,0.0,0.0,17.547497
0,C_scene,4_distractors,68,-0.91739476,0.0,0.0,0.0,28.777946
0,C_scene,4_distractors,69,-0.32162791,0.0,0.0,0.0,9.154998
0,C_scene,4_distractors,70,-0.3574306,0.0,0.0,1.0,11.969281
0,C_scene,4_distractors,71,-0.69182974,0.0,0.0,0.0,19.783747
0,C_scene,4_distractors,72,-0.09156632,0.0,0.08888888888888889,1.0,6.080568
0,C_scene,4_distractors,73,-0.41681468,0.0,0.0,1.0,13.216236
0,C_scene,4_distractors,74,-0.61101735,0.0,0.0,0.0,18.731703
0,C_scene,4_distractors,75,-0.49984008,0.0,0.0,1.0,17.70874
0,C_scene,4_distractors,76,-0.3024233,0.0,0.0,0.0,11.824191
0,C_scene,4_distractors,77,-0.6311368,0.0,0.0,0.0,22.001398
0,C_scene,4_distractors,78,-0.3517256,0.0,0.0,1.0,8.373626
0,C_scene,4_distractors,79,-0.30229908,0.0,0.044444444444444446,1.0,17.11888
0,C_scene,4_distractors,80,-0.44003475,0.0,0.0,1.0,13.997178
0,C_scene,4_distractors,81,-0.6184369,0.0,0.0,0.0,19.492079
0,C_scene,4_distractors,82,-0.5055504,0.0,0.0,1.0,13.143313
0,C_scene,4_distractors,83,-0.75550604,0.0,0.0,0.0,25.1867
0,C_scene,4_distractors,84,-0.46651867,0.0,0.0,0.0,16.774443
0,C_scene,4_distractors,85,-0.79788756,0.0,0.0,0.0,21.2958
0,C_scene,4_distractors,86,-0.55279773,0.0,0.0,0.0,20.7944
0,C_scene,4_distractors,87,-0.32136196,0.0,0.0,1.0,9.096879
0,C_scene,4_distractors,88,-0.2188668,0.0,0.0,1.0,6.9119277
0,C_scene,4_distractors,89,-0.4120381,0.0,0.0,0.0,14.594824
0,C_scene,4_distractors,90,-0.7405144,0.0,0.0,0.0,28.121874
0,C_scene,4_distractors,91,-0.7258214,0.0,0.0,0.0,21.722841
0,C_scene,4_distractors,92,-0.53420836,0.0,0.0,0.0,18.001364
0,C_scene,4_distractors,93,-0.6396252,0.0,0.0,0.0,19.249434
0,C_scene,4_distractors,94,0.06513667,0.0,0.3333333333333333,1.0,1.8758845
0,C_scene,4_distractors,95,-0.6289558,0.0,0.0,0.0,19.496296
0,C_scene,4_distractors,96,-0.5886149,0.0,0.0,0.0,17.929209
0,C_scene,4_distractors,97,-0.38340005,0.0,0.0,1.0,10.030294
0,C_scene,4_distractors,98,-0.24885279,0.0,0.0,1.0,8.761425
0,C_scene,4_distractors,99,-0.6715535,0.0,0.0,0.0,21.480797
0,C_scene,fast_distractors,0,-0.36107785,0.0,0.0,1.0,11.974179
0,C_scene,fast_distractors,1,-0.3860647,0.0,0.0,1.0,12.4112625
0,C_scene,fast_distractors,2,-0.69700634,0.0,0.0,0.0,21.38308
0,C_scene,fast_distractors,3,-0.4704522,0.0,0.0,0.0,16.148144
0,C_scene,fast_distractors,4,-0.10451409,0.0,0.0,1.0,4.5707626
0,C_scene,fast_distractors,5,-0.7536833,0.0,0.0,0.0,25.093832
0,C_scene,fast_distractors,6,-0.39813295,0.0,0.0,1.0,12.283908
0,C_scene,fast_distractors,7,-0.72920996,0.0,0.0,0.0,20.614162
0,C_scene,fast_distractors,8,-0.58069247,0.0,0.0,0.0,19.624462
0,C_scene,fast_distractors,9,-0.43046647,0.0,0.0,0.0,13.232501
0,C_scene,fast_distractors,10,-0.62611014,0.0,0.0,0.0,20.822853
0,C_scene,fast_distractors,11,-0.67773736,0.0,0.0,1.0,22.493221
0,C_scene,fast_distractors,12,-0.11335737,0.0,0.0,1.0,7.2903886
0,C_scene,fast_distractors,13,-0.7896566,0.0,0.0,0.0,24.321218
0,C_scene,fast_distractors,14,-0.4202661,0.0,0.0,0.0,11.918193
0,C_scene,fast_distractors,15,-0.6411637,0.0,0.0,0.0,16.8855
0,C_scene,fast_distractors,16,-0.18163033,0.0,0.0,1.0,2.9871554
0,C_scene,fast_distractors,17,-0.0013984878,0.0,0.2,1.0,6.265379
0,C_scene,fast_distractors,18,-0.5578395,0.0,0.0,0.0,18.482265
0,C_scene,fast_distractors,19,-0.74350846,0.0,0.0,0.0,16.411327
0,C_scene,fast_distractors,20,-0.4453102,0.0,0.0,0.0,16.146528
0,C_scene,fast_distractors,21,-0.288222,0.0,0.0,1.0,8.485843
0,C_scene,fast_distractors,22,-0.5667718,0.0,0.0,1.0,22.445793
0,C_scene,fast_distractors,23,-0.09896057,0.0,0.1111111111111111,1.0,7.752655
0,C_scene,fast_distractors,24,-0.4214965,0.0,0.0,0.0,11.556528
0,C_scene,fast_distractors,25,-0.44677025,0.0,0.0,0.0,13.6333065
0,C_scene,fast_distractors,26,-0.20479277,0.0,0.0,0.0,9.66046
0,C_scene,fast_distractors,27,-0.19604757,0.0,0.0,1.0,5.4805756
0,C_scene,fast_distractors,28,-0.20721324,0.0,0.0,1.0,5.874047
0,C_scene,fast_distractors,29,-0.47491613,0.0,0.0,1.0,15.679689
0,C_scene,fast_distractors,30,-0.6197163,0.0,0.0,1.0,22.193357
0,C_scene,fast_distractors,31,-0.48010615,0.0,0.0,0.0,16.964958
0,C_scene,fast_distractors,32,-0.7719341,0.0,0.0,0.0,24.91152
0,C_scene,fast_distractors,33,-0.30156246,0.0,0.0,0.0,10.974566
0,C_scene,fast_distractors,34,-0.53709036,0.0,0.0,0.0,16.957787
0,C_scene,fast_distractors,35,-0.122835815,0.0,0.06666666666666667,1.0,7.3374343
0,C_scene,fast_distractors,36,-0.21361041,0.0,0.0,1.0,6.17311
0,C_scene,fast_distractors,37,-0.64926505,0.0,0.0,0.0,21.543154
0,C_scene,fast_distractors,38,-0.44018477,0.0,0.0,0.0,14.200219
0,C_scene,fast_distractors,39,-0.5158405,0.0,0.0,0.0,9.686632
0,C_scene,fast_distractors,40,-0.56042635,0.0,0.0,0.0,19.282898
0,C_scene,fast_distractors,41,-0.31559208,0.0,0.0,1.0,7.917797
0,C_scene,fast_distractors,42,-0.35626963,0.0,0.0,1.0,13.6957855
0,C_scene,fast_distractors,43,-0.42416924,0.0,0.0,1.0,12.736734
0,C_scene,fast_distractors,44,-0.3528814,0.0,0.0,1.0,7.1403513
0,C_scene,fast_distractors,45,-0.23211664,0.0,0.0,1.0,4.113213
0,C_scene,fast_distractors,46,-0.864485,0.0,0.0,0.0,17.51833
0,C_scene,fast_distractors,47,-0.07418536,0.0,0.0,1.0,4.814393
0,C_scene,fast_distractors,48,-0.46289462,0.0,0.0,1.0,15.836106
0,C_scene,fast_distractors,49,-0.43514225,0.0,0.0,0.0,15.71561
0,C_scene,fast_distractors,50,-0.15074569,0.0,0.0,1.0,4.188089
0,C_scene,fast_distractors,51,-0.6738402,0.0,0.0,0.0,21.417713
0,C_scene,fast_distractors,52,-0.24757881,0.0,0.0,0.0,9.462869
0,C_scene,fast_distractors,53,-0.4663545,0.0,0.0,1.0,10.134391
0,C_scene,fast_distractors,54,-0.30705002,0.0,0.0,1.0,12.7431965
0,C_scene,fast_distractors,55,-0.640823,0.0,0.0,0.0,18.849407
0,C_scene,fast_distractors,56,-0.09637408,0.0,0.15555555555555556,1.0,12.368908
0,C_scene,fast_distractors,57,-0.7809817,0.0,0.0,0.0,25.875551
0,C_scene,fast_distractors,58,-0.2938668,0.0,0.0,0.0,8.122977
0,C_scene,fast_distractors,59,-0.5171008,0.0,0.0,0.0,17.17348
0,C_scene,fast_distractors,60,-0.7021943,0.0,0.0,0.0,20.005589
0,C_scene,fast_distractors,61,-0.33159202,0.0,0.0,0.0,11.042754
0,C_scene,fast_distractors,62,-0.40112543,0.0,0.0,0.0,13.811744
0,C_scene,fast_distractors,63,-0.24032296,0.0,0.0,0.0,7.865324
0,C_scene,fast_distractors,64,-0.63980395,0.0,0.0,0.0,20.11435
0,C_scene,fast_distractors,65,0.059570484,0.0,0.13333333333333333,1.0,2.5315704
0,C_scene,fast_distractors,66,-0.31040335,0.0,0.0,0.0,11.253735
0,C_scene,fast_distractors,67,-0.31927443,0.0,0.0,1.0,11.408898
0,C_scene,fast_distractors,68,-0.8090271,0.0,0.0,0.0,23.312418
0,C_scene,fast_distractors,69,-0.3066434,0.0,0.0,0.0,9.880816
0,C_scene,fast_distractors,70,-0.5248979,0.0,0.0,0.0,24.410742
0,C_scene,fast_distractors,71,-0.6636695,0.0,0.0,0.0,19.631645
0,C_scene,fast_distractors,72,-0.025271697,0.0,0.17777777777777778,1.0,9.327248
0,C_scene,fast_distractors,73,-0.31527448,0.0,0.0,1.0,13.424964
0,C_scene,fast_distractors,74,-0.60611445,0.0,0.0,0.0,18.82881
0,C_scene,fast_distractors,75,-0.37362608,0.0,0.0,1.0,9.217897
0,C_scene,fast_distractors,76,-0.23976079,0.0,0.0,1.0,7.2603164
0,C_scene,fast_distractors,77,-0.7286256,0.0,0.0,0.0,23.883419
0,C_scene,fast_distractors,78,-0.59740233,0.0,0.0,1.0,18.901968
0,C_scene,fast_distractors,79,-0.23334116,0.0,0.0,1.0,6.3081183
0,C_scene,fast_distractors,80,-0.66138107,0.0,0.0,0.0,22.710938
0,C_scene,fast_distractors,81,-0.49424666,0.0,0.0,1.0,17.219007
0,C_scene,fast_distractors,82,-0.53862786,0.0,0.0,1.0,15.319194
0,C_scene,fast_distractors,83,-0.7036241,0.0,0.0,0.0,23.121866
0,C_scene,fast_distractors,84,-0.50215286,0.0,0.0,0.0,19.881596
0,C_scene,fast_distractors,85,-0.7271542,0.0,0.0,0.0,25.651464
0,C_scene,fast_distractors,86,-0.4964723,0.0,0.0,0.0,16.452593
0,C_scene,fast_distractors,87,-0.18114261,0.0,0.06666666666666667,1.0,8.261931
0,C_scene,fast_distractors,88,-0.34058243,0.0,0.0,1.0,10.927472
0,C_scene,fast_distractors,89,-0.23476301,0.0,0.0,1.0,4.2165036
0,C_scene,fast_distractors,90,-0.5587251,0.0,0.0,0.0,18.247738
0,C_scene,fast_distractors,91,-0.7435526,0.0,0.0,0.0,24.075237
0,C_scene,fast_distractors,92,-0.5345083,0.0,0.0,1.0,14.94415
0,C_scene,fast_distractors,93,-0.47316334,0.0,0.0,0.0,12.312759
0,C_scene,fast_distractors,94,-0.23452888,0.0,0.0,1.0,9.8991785
0,C_scene,fast_distractors,95,-0.5474721,0.0,0.0,0.0,14.418894
0,C_scene,fast_distractors,96,-0.62391603,0.0,0.0,0.0,21.467503
0,C_scene,fast_distractors,97,-0.4156153,0.0,0.0,1.0,13.201693
0,C_scene,fast_distractors,98,-0.21882057,0.0,0.0,1.0,6.8064556
0,C_scene,fast_distractors,99,-0.65845764,0.0,0.0,0.0,22.300104
0,C_scene,unseen_distractor_hues,0,-0.3244933,0.0,0.0,0.0,8.282437
0,C_scene,unseen_distractor_hues,1,-0.34988737,0.0,0.0,1.0,9.778185
0,C_scene,unseen_distractor_hues,2,-0.71209013,0.0,0.0,0.0,22.454552
0,C_scene,unseen_distractor_hues,3,-0.43130827,0.0,0.0,0.0,15.751273
0,C_scene,unseen_distractor_hues,4,-0.2921829,0.0,0.0,1.0,7.010375
0,C_scene,unseen_distractor_hues,5,-0.8123307,0.0,0.0,0.0,22.696707
0,C_scene,unseen_distractor_hues,6,-0.36298028,0.0,0.0,1.0,10.099628
0,C_scene,unseen_distractor_hues,7,-0.6369904,0.0,0.0,0.0,17.283634
0,C_scene,unseen_distractor_hues,8,-0.58973587,0.0,0.0,0.0,21.1129
0,C_scene,unseen_distractor_hues,9,-0.49480963,0.0,0.0,0.0,13.253166
0,C_scene,unseen_distractor_hues,10,-0.5535701,0.0,0.0,1.0,18.454304
0,C_scene,unseen_distractor_hues,11,-0.6487284,0.0,0.0,0.0,20.216902
0,C_scene,unseen_distractor_hues,12,-0.047089063,0.0,0.0,1.0,4.60441
0,C_scene,unseen_distractor_hues,13,-0.69087917,0.0,0.0,0.0,20.618387
0,C_scene,unseen_distractor_hues,14,-0.24425486,0.0,0.0,1.0,2.3664396
0,C_scene,unseen_distractor_hues,15,-0.6087714,0.0,0.0,0.0,17.063337
0,C_scene,unseen_distractor_hues,16,-0.25406742,0.0,0.0,1.0,9.50101
0,C_scene,unseen_distractor_hues,17,-0.06641187,0.0,0.08888888888888889,1.0,6.8876705
0,C_scene,unseen_distractor_hues,18,-0.45194063,0.0,0.0,0.0,13.078242
0,C_scene,unseen_distractor_hues,19,-0.7237953,0.0,0.0,1.0,16.777037
0,C_scene,unseen_distractor_hues,20,-0.43875703,0.0,0.0,0.0,16.144953
0,C_scene,unseen_distractor_hues,21,-0.32641578,0.0,0.0,1.0,11.323305
0,C_scene,unseen_distractor_hues,22,-0.34599686,0.0,0.0,1.0,5.771315
0,C_scene,unseen_distractor_hues,23,-0.09086045,0.0,0.1111111111111111,1.0,6.495764
0,C_scene,unseen_distractor_hues,24,-0.4475142,0.0,0.0,1.0,13.294835
0,C_scene,unseen_distractor_hues,25,-0.36557743,0.0,0.0,0.0,10.66866
0,C_scene,unseen_distractor_hues,26,0.071509026,0.0,0.24444444444444444,1.0,3.99376
0,C_scene,unseen_distractor_hues,27,-0.18230464,0.0,0.0,1.0,4.5330896
0,C_scene,unseen_distractor_hues,28,-0.21542822,0.0,0.0,1.0,6.537431
0,C_scene,unseen_distractor_hues,29,-0.4145713,0.0,0.0,1.0,10.87431
0,C_scene,unseen_distractor_hues,30,-0.5713858,0.0,0.0,1.0,19.81477
0,C_scene,unseen_distractor_hues,31,-0.44847566,0.0,0.0,0.0,15.149048
0,C_scene,unseen_distractor_hues,32,-0.80346745,0.0,0.0,0.0,25.15917
0,C_scene,unseen_distractor_hues,33,-0.33161622,0.0,0.0,0.0,11.919391
0,C_scene,unseen_distractor_hues,34,-0.5305,0.0,0.0,0.0,15.61956
0,C_scene,unseen_distractor_hues,35,-0.29078615,0.0,0.0,1.0,10.642451
0,C_scene,unseen_distractor_hues,36,-0.21182954,0.0,0.0,1.0,6.1878486
0,C_scene,unseen_distractor_hues,37,-0.76400435,0.0,0.0,0.0,24.348856
0,C_scene,unseen_distractor_hues,38,-0.3622097,0.0,0.0,0.0,12.884374
0,C_scene,unseen_distractor_hues,39,-0.6504488,0.0,0.0,0.0,18.25237
0,C_scene,unseen_distractor_hues,40,-0.47847003,0.0,0.0,1.0,13.068564
0,C_scene,unseen_distractor_hues,41,-0.34516725,0.0,0.0,0.0,14.355289
0,C_scene,unseen_distractor_hues,42,-0.26927835,0.0,0.0,1.0,11.633201
0,C_scene,unseen_distractor_hues,43,-0.3264413,0.0,0.0,1.0,8.372411
0,C_scene,unseen_distractor_hues,44,-0.67714727,0.0,0.0,0.0,18.805832
0,C_scene,unseen_distractor_hues,45,-0.38215485,0.0,0.0,1.0,11.968341
0,C_scene,unseen_distractor_hues,46,-0.80671847,0.0,0.0,0.0,27.20239
0,C_scene,unseen_distractor_hues,47,-0.05718008,0.0,0.0,1.0,5.025946
0,C_scene,unseen_distractor_hues,48,-0.54118866,0.0,0.0,1.0,18.263523
0,C_scene,unseen_distractor_hues,49,-0.44045135,0.0,0.0,0.0,16.26808
0,C_scene,unseen_distractor_hues,50,-0.34886953,0.0,0.0,1.0,8.220406
0,C_scene,unseen_distractor_hues,51,-0.60145974,0.0,0.0,1.0,18.35902
0,C_scene,unseen_distractor_hues,52,-0.257076,0.0,0.0,0.0,9.210077
0,C_scene,unseen_distractor_hues,53,-0.48113674,0.0,0.0,0.0,11.686812
0,C_scene,unseen_distractor_hues,54,-0.25320247,0.0,0.0,1.0,9.812269
0,C_scene,unseen_distractor_hues,55,-0.61919117,0.0,0.0,0.0,19.612358
0,C_scene,unseen_distractor_hues,56,-0.0973662,0.0,0.1111111111111111,1.0,4.941819
0,C_scene,unseen_distractor_hues,57,-0.67679805,0.0,0.0,0.0,22.758938
0,C_scene,unseen_distractor_hues,58,-0.3575503,0.0,0.0,0.0,11.852532
0,C_scene,unseen_distractor_hues,59,-0.5656821,0.0,0.0,0.0,19.394175
0,C_scene,unseen_distractor_hues,60,-0.6700117,0.0,0.0,0.0,18.126965
0,C_scene,unseen_distractor_hues,61,-0.33897737,0.0,0.0,0.0,11.710507
0,C_scene,unseen_distractor_hues,62,-0.3984913,0.0,0.0,0.0,15.010703
0,C_scene,unseen_distractor_hues,63,-0.31680816,0.0,0.0,0.0,14.558365
0,C_scene,unseen_distractor_hues,64,-0.70088106,0.0,0.0,0.0,25.922825
0,C_scene,unseen_distractor_hues,65,-0.11968476,0.0,0.0,1.0,4.35189
0,C_scene,unseen_distractor_hues,66,-0.5782328,0.0,0.0,0.0,23.362375
0,C_scene,unseen_distractor_hues,67,-0.3165962,0.0,0.0,1.0,9.953958
0,C_scene,unseen_distractor_hues,68,-0.71323377,0.0,0.0,0.0,19.337982
0,C_scene,unseen_distractor_hues,69,-0.44796053,0.0,0.0,1.0,13.749475
0,C_scene,unseen_distractor_hues,70,-0.5655537,0.0,0.0,1.0,20.428614
0,C_scene,unseen_distractor_hues,71,-0.6085078,0.0,0.0,0.0,18.761776
0,C_scene,unseen_distractor_hues,72,0.024753425,0.0,0.0,1.0,4.446297
0,C_scene,unseen_distractor_hues,73,-0.34010637,0.0,0.0,1.0,12.5868845
0,C_scene,unseen_distractor_hues,74,-0.62745273,0.0,0.0,0.0,18.58469
0,C_scene,unseen_distractor_hues,75,-0.13419692,0.0,0.0,1.0,5.4709444
0,C_scene,unseen_distractor_hues,76,-0.34229472,0.0,0.0,0.0,13.504789
0,C_scene,unseen_distractor_hues,77,-0.5939259,0.0,0.0,0.0,21.169678
0,C_scene,unseen_distractor_hues,78,-0.23120181,0.0,0.0,1.0,2.1400793
0,C_scene,unseen_distractor_hues,79,-0.14884834,0.0,0.0,1.0,2.6728718
0,C_scene,unseen_distractor_hues,80,-0.6660427,0.0,0.0,0.0,22.07787
0,C_scene,unseen_distractor_hues,81,-0.34669313,0.0,0.0,0.0,10.253191
0,C_scene,unseen_distractor_hues,82,-0.61952436,0.0,0.0,1.0,20.042616
0,C_scene,unseen_distractor_hues,83,-0.85855347,0.0,0.0,0.0,29.25744
0,C_scene,unseen_distractor_hues,84,-0.5106212,0.0,0.0,0.0,21.049982
0,C_scene,unseen_distractor_hues,85,-0.7129789,0.0,0.0,0.0,26.134415
0,C_scene,unseen_distractor_hues,86,-0.54386216,0.0,0.0,0.0,19.123585
0,C_scene,unseen_distractor_hues,87,-0.3052987,0.0,0.0,1.0,10.10209
0,C_scene,unseen_distractor_hues,88,-0.2933659,0.0,0.0,1.0,10.524743
0,C_scene,unseen_distractor_hues,89,-0.31043953,0.0,0.0,0.0,10.162434
0,C_scene,unseen_distractor_hues,90,-0.48329324,0.0,0.0,0.0,14.449929
0,C_scene,unseen_distractor_hues,91,-0.8313729,0.0,0.0,0.0,26.17907
0,C_scene,unseen_distractor_hues,92,-0.29822266,0.0,0.0,0.0,9.426735
0,C_scene,unseen_distractor_hues,93,-0.46606082,0.0,0.0,0.0,9.979607
0,C_scene,unseen_distractor_hues,94,-0.17876495,0.0,0.0,1.0,7.224119
0,C_scene,unseen_distractor_hues,95,-0.6294159,0.0,0.0,0.0,19.926895
0,C_scene,unseen_distractor_hues,96,-0.550302,0.0,0.0,0.0,17.950846
0,C_scene,unseen_distractor_hues,97,-0.34018263,0.0,0.0,1.0,9.322377
0,C_scene,unseen_distractor_hues,98,-0.20885618,0.0,0.0,1.0,5.7284985
0,C_scene,unseen_distractor_hues,99,-0.56527615,0.0,0.0,0.0,17.203722
0,C_scene,heavy_pixel_noise,0,-0.40471682,0.0,0.0,0.0,13.677252
0,C_scene,heavy_pixel_noise,1,-0.43040496,0.0,0.0,1.0,14.295441
0,C_scene,heavy_pixel_noise,2,-0.706482,0.0,0.0,0.0,19.489616
0,C_scene,heavy_pixel_noise,3,-0.49627483,0.0,0.0,0.0,18.700014
0,C_scene,heavy_pixel_noise,4,-0.27355033,0.0,0.0,1.0,7.233622
0,C_scene,heavy_pixel_noise,5,-0.7430041,0.0,0.0,0.0,24.031857
0,C_scene,heavy_pixel_noise,6,-0.3739597,0.0,0.0,1.0,9.806728
0,C_scene,heavy_pixel_noise,7,-0.7148708,0.0,0.0,0.0,21.46503
0,C_scene,heavy_pixel_noise,8,-0.556519,0.0,0.0,0.0,17.064575
0,C_scene,heavy_pixel_noise,9,-0.4534098,0.0,0.0,0.0,12.522527
0,C_scene,heavy_pixel_noise,10,-0.60510576,0.0,0.0,1.0,19.592422
0,C_scene,heavy_pixel_noise,11,-0.6281931,0.0,0.0,0.0,18.566828
0,C_scene,heavy_pixel_noise,12,-0.116598204,0.0,0.0,1.0,8.69118
0,C_scene,heavy_pixel_noise,13,-0.6749208,0.0,0.0,0.0,19.360981
0,C_scene,heavy_pixel_noise,14,-0.44699064,0.0,0.0,0.0,14.691983
0,C_scene,heavy_pixel_noise,15,-0.7244297,0.0,0.0,0.0,22.646105
0,C_scene,heavy_pixel_noise,16,-0.31375954,0.0,0.0,1.0,12.279938
0,C_scene,heavy_pixel_noise,17,-0.07139377,0.0,0.06666666666666667,1.0,7.566827
0,C_scene,heavy_pixel_noise,18,-0.49599856,0.0,0.0,1.0,16.150225
0,C_scene,heavy_pixel_noise,19,-0.74607205,0.0,0.0,0.0,16.286251
0,C_scene,heavy_pixel_noise,20,-0.4130453,0.0,0.0,0.0,15.07968
0,C_scene,heavy_pixel_noise,21,-0.18608208,0.0,0.0,1.0,5.050797
0,C_scene,heavy_pixel_noise,22,-0.5406188,0.0,0.0,0.0,15.678531
0,C_scene,heavy_pixel_noise,23,-0.080604345,0.0,0.1111111111111111,1.0,6.210186
0,C_scene,heavy_pixel_noise,24,-0.5749482,0.0,0.0,0.0,22.66124
0,C_scene,heavy_pixel_noise,25,-0.5869178,0.0,0.0,0.0,20.865217
0,C_scene,heavy_pixel_noise,26,-0.23854607,0.0,0.0,1.0,13.674745
0,C_scene,heavy_pixel_noise,27,-0.18640076,0.0,0.0,1.0,4.557253
0,C_scene,heavy_pixel_noise,28,-0.17005304,0.0,0.0,1.0,3.575984
0,C_scene,heavy_pixel_noise,29,-0.4849963,0.0,0.0,1.0,18.568817
0,C_scene,heavy_pixel_noise,30,-0.592483,0.0,0.0,1.0,19.730822
0,C_scene,heavy_pixel_noise,31,-0.5069072,0.0,0.0,0.0,18.095295
0,C_scene,heavy_pixel_noise,32,-0.76667523,0.0,0.0,0.0,24.852901
0,C_scene,heavy_pixel_noise,33,-0.25666142,0.0,0.0,1.0,8.2216015
0,C_scene,heavy_pixel_noise,34,-0.56303203,0.0,0.0,0.0,19.364046
0,C_scene,heavy_pixel_noise,35,-0.29248917,0.0,0.0,1.0,10.431991
0,C_scene,heavy_pixel_noise,36,-0.19952735,0.0,0.0,1.0,5.7248626
0,C_scene,heavy_pixel_noise,37,-0.7586471,0.0,0.0,0.0,22.553984
0,C_scene,heavy_pixel_noise,38,-0.45553234,0.0,0.0,0.0,16.634827
0,C_scene,heavy_pixel_noise,39,-0.61522496,0.0,0.0,0.0,16.363281
0,C_scene,heavy_pixel_noise,40,-0.5386824,0.0,0.0,0.0,17.724163
0,C_scene,heavy_pixel_noise,41,-0.16571529,1.0,0.044444444444444446,1.0,1.3892189
0,C_scene,heavy_pixel_noise,42,-0.31495744,0.0,0.0,1.0,10.024793
0,C_scene,heavy_pixel_noise,43,-0.48659474,0.0,0.0,1.0,16.806274
0,C_scene,heavy_pixel_noise,44,-0.4678693,0.0,0.0,1.0,11.707112
0,C_scene,heavy_pixel_noise,45,-0.4121956,0.0,0.0,0.0,13.091018
0,C_scene,heavy_pixel_noise,46,-0.7738626,0.0,0.0,0.0,22.191116
0,C_scene,heavy_pixel_noise,47,-0.08598754,0.0,0.0,1.0,4.6346784
0,C_scene,heavy_pixel_noise,48,-0.54487365,0.0,0.0,1.0,18.570791
0,C_scene,heavy_pixel_noise,49,-0.38966683,0.0,0.0,0.0,14.416895
0,C_scene,heavy_pixel_noise,50,-0.17189187,0.0,0.0,1.0,2.7503588
0,C_scene,heavy_pixel_noise,51,-0.8008244,0.0,0.0,0.0,25.512957
0,C_scene,heavy_pixel_noise,52,-0.25239912,0.0,0.0,0.0,9.990309
0,C_scene,heavy_pixel_noise,53,-0.4584529,0.0,0.0,1.0,10.737566
0,C_scene,heavy_pixel_noise,54,-0.22651197,0.0,0.0,1.0,9.08683
0,C_scene,heavy_pixel_noise,55,-0.57897896,0.0,0.0,0.0,17.198576
0,C_scene,heavy_pixel_noise,56,-0.1217958,0.0,0.1111111111111111,1.0,9.504698
0,C_scene,heavy_pixel_noise,57,-0.73890305,0.0,0.0,0.0,23.314743
0,C_scene,heavy_pixel_noise,58,-0.23854086,0.0,0.0,1.0,9.409256
0,C_scene,heavy_pixel_noise,59,-0.5533302,0.0,0.0,0.0,20.341793
0,C_scene,heavy_pixel_noise,60,-0.6956114,0.0,0.0,0.0,16.794188
0,C_scene,heavy_pixel_noise,61,-0.3304461,0.0,0.0,0.0,10.838038
0,C_scene,heavy_pixel_noise,62,-0.42759034,0.0,0.0,0.0,16.611864
0,C_scene,heavy_pixel_noise,63,-0.26054943,0.0,0.0,0.0,9.674831
0,C_scene,heavy_pixel_noise,64,-0.61302763,0.0,0.0,0.0,19.329311
0,C_scene,heavy_pixel_noise,65,0.13731258,1.0,0.4,1.0,0.63081336
0,C_scene,heavy_pixel_noise,66,-0.30391395,0.0,0.0,0.0,12.414628
0,C_scene,heavy_pixel_noise,67,-0.27665097,0.0,0.0,1.0,7.7819557
0,C_scene,heavy_pixel_noise,68,-0.8773001,0.0,0.0,0.0,27.112425
0,C_scene,heavy_pixel_noise,69,-0.27396506,0.0,0.0,0.0,8.582146
0,C_scene,heavy_pixel_noise,70,-0.43809667,0.0,0.0,0.0,14.97919
0,C_scene,heavy_pixel_noise,71,-0.7170099,0.0,0.0,0.0,22.853378
0,C_scene,heavy_pixel_noise,72,0.03654086,0.0,0.06666666666666667,1.0,4.6404924
0,C_scene,heavy_pixel_noise,73,-0.2960441,0.0,0.0,1.0,7.674351
0,C_scene,heavy_pixel_noise,74,-0.5789359,0.0,0.0,0.0,16.192486
0,C_scene,heavy_pixel_noise,75,-0.528887,0.0,0.0,1.0,18.672762
0,C_scene,heavy_pixel_noise,76,-0.27117828,0.0,0.0,1.0,8.3995285
0,C_scene,heavy_pixel_noise,77,-0.56551194,0.0,0.0,0.0,13.457074
0,C_scene,heavy_pixel_noise,78,-0.5776798,0.0,0.0,1.0,16.677198
0,C_scene,heavy_pixel_noise,79,-0.14480823,0.0,0.0,1.0,3.4454908
0,C_scene,heavy_pixel_noise,80,-0.6929858,0.0,0.0,0.0,22.82607
0,C_scene,heavy_pixel_noise,81,-0.3740592,0.0,0.0,1.0,8.133683
0,C_scene,heavy_pixel_noise,82,-0.46517664,0.0,0.0,1.0,10.945311
0,C_scene,heavy_pixel_noise,83,-0.6511674,0.0,0.0,0.0,19.418043
0,C_scene,heavy_pixel_noise,84,-0.43990505,0.0,0.0,1.0,15.638897
0,C_scene,heavy_pixel_noise,85,-0.698534,0.0,0.0,0.0,23.745663
0,C_scene,heavy_pixel_noise,86,-0.4197033,0.0,0.0,0.0,12.368872
0,C_scene,heavy_pixel_noise,87,-0.32333657,0.0,0.0,1.0,9.771191
0,C_scene,heavy_pixel_noise,88,-0.14453617,0.0,0.0,1.0,4.5752497
0,C_scene,heavy_pixel_noise,89,-0.34138927,0.0,0.0,0.0,10.99482
0,C_scene,heavy_pixel_noise,90,-0.54426837,0.0,0.0,0.0,17.959541
0,C_scene,heavy_pixel_noise,91,-0.8490029,0.0,0.0,0.0,27.118443
0,C_scene,heavy_pixel_noise,92,-0.41682333,0.0,0.0,0.0,13.876586
0,C_scene,heavy_pixel_noise,93,-0.53963596,0.0,0.0,0.0,17.523048
0,C_scene,heavy_pixel_noise,94,-0.19984056,0.0,0.0,1.0,8.963851
0,C_scene,heavy_pixel_noise,95,-0.55915785,0.0,0.0,0.0,15.317642
0,C_scene,heavy_pixel_noise,96,-0.64987135,0.0,0.0,0.0,22.44688
0,C_scene,heavy_pixel_noise,97,-0.43769857,0.0,0.0,0.0,13.913757
0,C_scene,heavy_pixel_noise,98,-0.2401271,0.0,0.0,1.0,6.4064674
0,C_scene,heavy_pixel_noise,99,-0.67376804,0.0,0.0,0.0,22.663673
0,D_latent,in_distribution,0,-0.3405781,0.0,0.0,0.0,12.381697
0,D_latent,in_distribution,1,-0.24150366,0.0,0.0,1.0,7.1239448
0,D_latent,in_distribution,2,-0.4937991,0.0,0.0,0.0,13.972242
0,D_latent,in_distribution,3,-0.34291315,0.0,0.0,1.0,12.091093
0,D_latent,in_distribution,4,-0.186608,0.0,0.0,1.0,6.9378176
0,D_latent,in_distribution,5,-0.3239658,0.0,0.0,1.0,4.8209147
0,D_latent,in_distribution,6,-0.27743357,0.0,0.0,1.0,6.954812
0,D_latent,in_distribution,7,-0.29328772,0.0,0.0,1.0,7.7277455
0,D_latent,in_distribution,8,-0.50528663,0.0,0.0,1.0,16.77731
0,D_latent,in_distribution,9,-0.3191633,0.0,0.0,1.0,7.854874
0,D_latent,in_distribution,10,-0.15989247,0.0,0.0,1.0,2.4808474
0,D_latent,in_distribution,11,-0.64959913,0.0,0.0,0.0,20.926666
0,D_latent,in_distribution,12,-0.21738781,0.0,0.0,1.0,10.209902
0,D_latent,in_distribution,13,-0.64853626,0.0,0.0,0.0,19.680353
0,D_latent,in_distribution,14,-0.3474858,0.0,0.0,0.0,11.145952
0,D_latent,in_distribution,15,-0.6091773,0.0,0.0,0.0,21.673164
0,D_latent,in_distribution,16,-0.18965748,0.0,0.0,1.0,6.9135528
0,D_latent,in_distribution,17,-0.1573567,0.0,0.0,1.0,6.5448503
0,D_latent,in_distribution,18,-0.23507866,0.0,0.0,1.0,3.871985
0,D_latent,in_distribution,19,-0.63364947,0.0,0.0,0.0,17.880436
0,D_latent,in_distribution,20,-0.3207832,0.0,0.0,0.0,9.952945
0,D_latent,in_distribution,21,-0.13928328,0.0,0.0,1.0,6.918552
0,D_latent,in_distribution,22,-0.22478199,0.0,0.0,0.0,9.1815605
0,D_latent,in_distribution,23,0.24927688,0.0,0.6222222222222222,1.0,3.3627355
0,D_latent,in_distribution,24,-0.09612437,1.0,0.2,1.0,1.4143242
0,D_latent,in_distribution,25,-0.45342636,0.0,0.0,0.0,13.367201
0,D_latent,in_distribution,26,-0.05177347,0.0,0.0,1.0,5.9253793
0,D_latent,in_distribution,27,-0.22266434,0.0,0.0,0.0,10.100312
0,D_latent,in_distribution,28,-0.15378265,0.0,0.0,1.0,6.506851
0,D_latent,in_distribution,29,-0.39523906,0.0,0.0,1.0,14.561291
0,D_latent,in_distribution,30,-0.30691656,0.0,0.0,1.0,7.2861614
0,D_latent,in_distribution,31,-0.050188176,0.0,0.13333333333333333,1.0,1.62313
0,D_latent,in_distribution,32,-0.64288056,0.0,0.0,0.0,14.957489
0,D_latent,in_distribution,33,0.013901225,1.0,0.24444444444444444,1.0,0.94147766
0,D_latent,in_distribution,34,-0.39148492,0.0,0.0,0.0,10.943261
0,D_latent,in_distribution,35,-0.29196188,0.0,0.0,1.0,10.352161
0,D_latent,in_distribution,36,-0.15492676,0.0,0.0,1.0,6.20283
0,D_latent,in_distribution,37,-0.48403952,0.0,0.0,0.0,13.696308
0,D_latent,in_distribution,38,-0.34924304,0.0,0.0,0.0,12.6316
0,D_latent,in_distribution,39,-0.15919702,1.0,0.13333333333333333,1.0,1.4839303
0,D_latent,in_distribution,40,-0.35626733,0.0,0.0,0.0,10.173936
0,D_latent,in_distribution,41,-0.08288319,0.0,0.0,1.0,3.934115
0,D_latent,in_distribution,42,-0.1719601,0.0,0.0,1.0,4.3050838
0,D_latent,in_distribution,43,-0.31764063,0.0,0.0,1.0,10.280049
0,D_latent,in_distribution,44,-0.21413141,0.0,0.0,1.0,5.10005
0,D_latent,in_distribution,45,-0.3704227,0.0,0.0,1.0,11.966005
0,D_latent,in_distribution,46,-0.33520105,0.0,0.0,1.0,6.920042
0,D_latent,in_distribution,47,-0.093029596,0.0,0.0,1.0,5.3208117
0,D_latent,in_distribution,48,-0.49812248,0.0,0.0,1.0,16.240688
0,D_latent,in_distribution,49,-0.27354178,0.0,0.0,0.0,10.330842
0,D_latent,in_distribution,50,-0.20893194,0.0,0.0,1.0,5.327926
0,D_latent,in_distribution,51,-0.62583405,0.0,0.0,0.0,18.013
0,D_latent,in_distribution,52,-0.18466133,0.0,0.0,1.0,6.857206
0,D_latent,in_distribution,53,-0.21385261,0.0,0.0,1.0,5.951267
0,D_latent,in_distribution,54,0.088640064,0.0,0.2,1.0,3.7720208
0,D_latent,in_distribution,55,-0.118151456,0.0,0.13333333333333333,1.0,1.9720912
0,D_latent,in_distribution,56,0.039983533,0.0,0.13333333333333333,1.0,4.593826
0,D_latent,in_distribution,57,-0.65154654,0.0,0.0,0.0,17.049551
0,D_latent,in_distribution,58,-0.3183039,0.0,0.0,0.0,9.3551445
0,D_latent,in_distribution,59,-0.47978392,0.0,0.0,0.0,17.70357
0,D_latent,in_distribution,60,-0.3890753,0.0,0.0,1.0,5.4799714
0,D_latent,in_distribution,61,-0.31969297,0.0,0.0,0.0,12.210339
0,D_latent,in_distribution,62,-0.36958432,0.0,0.0,0.0,13.006701
0,D_latent,in_distribution,63,-0.31922448,0.0,0.0,1.0,12.822954
0,D_latent,in_distribution,64,-0.459349,0.0,0.0,1.0,11.526609
0,D_latent,in_distribution,65,0.02064083,0.0,0.2222222222222222,1.0,6.4480886
0,D_latent,in_distribution,66,0.014598602,0.0,0.2222222222222222,1.0,7.4378963
0,D_latent,in_distribution,67,0.0061974945,0.0,0.17777777777777778,1.0,4.0728097
0,D_latent,in_distribution,68,-0.37182438,0.0,0.0,1.0,6.670256
0,D_latent,in_distribution,69,-0.16860649,0.0,0.0,1.0,4.004741
0,D_latent,in_distribution,70,-0.15078887,0.0,0.0,1.0,6.6051455
0,D_latent,in_distribution,71,-0.5581351,0.0,0.0,0.0,16.19355
0,D_latent,in_distribution,72,-0.0016152597,0.0,0.2,1.0,6.5584545
0,D_latent,in_distribution,73,-0.3286227,0.0,0.0,1.0,10.5107565
0,D_latent,in_distribution,74,-0.13355951,0.0,0.0,1.0,3.5432515
0,D_latent,in_distribution,75,-0.3563933,0.0,0.0,1.0,10.611092
0,D_latent,in_distribution,76,-0.22431308,0.0,0.0,1.0,7.511968
0,D_latent,in_distribution,77,-0.49940956,0.0,0.0,0.0,14.587731
0,D_latent,in_distribution,78,-0.33057198,0.0,0.0,1.0,8.600751
0,D_latent,in_distribution,79,-0.26573095,0.0,0.0,1.0,10.6993685
0,D_latent,in_distribution,80,-0.54734606,0.0,0.0,0.0,14.859412
0,D_latent,in_distribution,81,-0.33449608,0.0,0.0,1.0,9.519383
0,D_latent,in_distribution,82,-0.4608117,0.0,0.0,1.0,12.863582
0,D_latent,in_distribution,83,-0.5951135,0.0,0.0,1.0,11.184018
0,D_latent,in_distribution,84,-0.40003794,0.0,0.0,1.0,13.703095
0,D_latent,in_distribution,85,-0.38401723,0.0,0.0,1.0,5.7782106
0,D_latent,in_distribution,86,-0.35014832,0.0,0.0,0.0,11.483542
0,D_latent,in_distribution,87,-0.18956937,0.0,0.0,1.0,4.513731
0,D_latent,in_distribution,88,-0.16756853,0.0,0.0,1.0,5.96722
0,D_latent,in_distribution,89,-0.1849565,0.0,0.0,1.0,4.069572
0,D_latent,in_distribution,90,-0.2770256,0.0,0.0,1.0,3.377085
0,D_latent,in_distribution,91,-0.694723,0.0,0.0,0.0,19.887653
0,D_latent,in_distribution,92,-0.18663616,0.0,0.0,1.0,2.6737657
0,D_latent,in_distribution,93,-0.26498166,0.0,0.0,1.0,4.961337
0,D_latent,in_distribution,94,-0.2365811,0.0,0.0,1.0,8.635868
0,D_latent,in_distribution,95,-0.42055652,0.0,0.0,1.0,11.505761
0,D_latent,in_distribution,96,-0.26201698,0.0,0.0,1.0,5.1482744
0,D_latent,in_distribution,97,-0.15384673,0.0,0.0,1.0,4.49726
0,D_latent,in_distribution,98,-0.16242748,0.0,0.0,1.0,6.713346
0,D_latent,in_distribution,99,-0.1250079,0.0,0.15555555555555556,1.0,4.4095464
0,D_latent,4_distractors,0,-0.3521051,0.0,0.0,0.0,12.887994
0,D_latent,4_distractors,1,-0.27672207,0.0,0.0,1.0,8.739486
0,D_latent,4_distractors,2,-0.47535363,0.0,0.0,0.0,13.697233
0,D_latent,4_distractors,3,-0.37067753,0.0,0.0,1.0,12.812004
0,D_latent,4_distractors,4,-0.18029122,0.0,0.0,1.0,6.7415237
0,D_latent,4_distractors,5,-0.34357804,0.0,0.0,1.0,6.595522
0,D_latent,4_distractors,6,-0.26214176,0.0,0.0,1.0,5.7522354
0,D_latent,4_distractors,7,-0.25926146,0.0,0.0,1.0,6.1718206
0,D_latent,4_distractors,8,-0.4941018,0.0,0.0,1.0,16.211472
0,D_latent,4_distractors,9,-0.3348022,0.0,0.0,1.0,9.139212
0,D_latent,4_distractors,10,-0.24062067,0.0,0.0,1.0,4.254076
0,D_latent,4_distractors,11,-0.6395183,0.0,0.0,0.0,20.617506
0,D_latent,4_distractors,12,-0.22263107,0.0,0.0,1.0,10.315809
0,D_latent,4_distractors,13,-0.6517496,0.0,0.0,0.0,20.079487
0,D_latent,4_distractors,14,-0.29747286,0.0,0.0,1.0,7.9847875
0,D_latent,4_distractors,15,-0.61369455,0.0,0.0,0.0,22.313675
0,D_latent,4_distractors,16,-0.08884953,0.0,0.0,1.0,2.3734827
0,D_latent,4_distractors,17,-0.15702862,0.0,0.0,1.0,6.549343
0,D_latent,4_distractors,18,-0.33675224,0.0,0.0,1.0,9.961014
0,D_latent,4_distractors,19,-0.6560698,0.0,0.0,0.0,18.860985
0,D_latent,4_distractors,20,-0.2573277,0.0,0.0,0.0,8.326066
0,D_latent,4_distractors,21,-0.15687138,0.0,0.0,1.0,7.3352046
0,D_latent,4_distractors,22,-0.18083721,0.0,0.0,0.0,6.8062615
0,D_latent,4_distractors,23,0.23307128,0.0,0.6,1.0,3.2210798
0,D_latent,4_distractors,24,-0.13159582,0.0,0.0,1.0,2.3001475
0,D_latent,4_distractors,25,-0.4457847,0.0,0.0,0.0,12.47896
0,D_latent,4_distractors,26,-0.09316043,0.0,0.0,1.0,6.4173584
0,D_latent,4_distractors,27,-0.22307813,0.0,0.0,0.0,10.042809
0,D_latent,4_distractors,28,-0.15231347,0.0,0.0,1.0,6.574327
0,D_latent,4_distractors,29,-0.36335543,0.0,0.0,1.0,12.892264
0,D_latent,4_distractors,30,-0.30864587,0.0,0.0,1.0,7.097646
0,D_latent,4_distractors,31,-0.08300033,0.0,0.022222222222222223,1.0,4.186172
0,D_latent,4_distractors,32,-0.65682065,0.0,0.0,0.0,15.766627
0,D_latent,4_distractors,33,-0.06573956,1.0,0.13333333333333333,1.0,0.38255426
0,D_latent,4_distractors,34,-0.38245007,0.0,0.0,0.0,10.505929
0,D_latent,4_distractors,35,-0.2889894,0.0,0.0,1.0,10.174276
0,D_latent,4_distractors,36,-0.15905419,0.0,0.0,1.0,7.033849
0,D_latent,4_distractors,37,-0.6281943,0.0,0.0,0.0,22.207647
0,D_latent,4_distractors,38,-0.34995228,0.0,0.0,0.0,12.397655
0,D_latent,4_distractors,39,-0.13348293,1.0,0.17777777777777778,1.0,0.5907939
0,D_latent,4_distractors,40,-0.35775274,0.0,0.0,0.0,10.325866
0,D_latent,4_distractors,41,-0.068616785,0.0,0.0,1.0,3.2178931
0,D_latent,4_distractors,42,-0.15921521,0.0,0.0,1.0,3.499254
0,D_latent,4_distractors,43,-0.28724864,0.0,0.0,1.0,8.324815
0,D_latent,4_distractors,44,-0.1790633,0.0,0.0,1.0,4.5709057
0,D_latent,4_distractors,45,-0.37376928,0.0,0.0,1.0,12.0007305
0,D_latent,4_distractors,46,-0.33579034,0.0,0.0,1.0,6.9313064
0,D_latent,4_distractors,47,-0.02950418,0.0,0.0,1.0,4.4950285
0,D_latent,4_distractors,48,-0.4972439,0.0,0.0,1.0,16.13243
0,D_latent,4_distractors,49,-0.23971397,0.0,0.0,0.0,8.593643
0,D_latent,4_distractors,50,-0.20884047,0.0,0.0,1.0,5.216001
0,D_latent,4_distractors,51,-0.62458104,0.0,0.0,0.0,17.897263
0,D_latent,4_distractors,52,-0.17749763,0.0,0.0,1.0,6.63149
0,D_latent,4_distractors,53,-0.22390474,0.0,0.0,1.0,5.7613797
0,D_latent,4_distractors,54,0.18464985,0.0,0.4444444444444444,1.0,2.320259
0,D_latent,4_distractors,55,-0.1930058,0.0,0.0,1.0,4.052878
0,D_latent,4_distractors,56,0.016972158,0.0,0.15555555555555556,1.0,5.3637743
0,D_latent,4_distractors,57,-0.6525617,0.0,0.0,0.0,17.2572
0,D_latent,4_distractors,58,-0.358754,0.0,0.0,0.0,11.683836
0,D_latent,4_distractors,59,-0.47005776,0.0,0.0,0.0,16.831045
0,D_latent,4_distractors,60,-0.3862329,0.0,0.0,1.0,5.42895
0,D_latent,4_distractors,61,-0.31524858,0.0,0.0,0.0,11.785901
0,D_latent,4_distractors,62,-0.36608034,0.0,0.0,0.0,13.037466
0,D_latent,4_distractors,63,-0.30846936,0.0,0.0,1.0,12.5616865
0,D_latent,4_distractors,64,-0.59546596,0.0,0.0,0.0,19.50833
0,D_latent,4_distractors,65,0.022892872,0.0,0.2222222222222222,1.0,5.9861393
0,D_latent,4_distractors,66,0.00398291,0.0,0.2,1.0,7.092956
0,D_latent,4_distractors,67,0.028065097,0.0,0.2,1.0,3.8602877
0,D_latent,4_distractors,68,-0.3625709,0.0,0.0,1.0,5.734758
0,D_latent,4_distractors,69,-0.17308743,0.0,0.0,1.0,4.216323
0,D_latent,4_distractors,70,-0.19340008,0.0,0.0,1.0,5.765863
0,D_latent,4_distractors,71,-0.5426553,0.0,0.0,0.0,14.055532
0,D_latent,4_distractors,72,0.059541184,0.0,0.15555555555555556,1.0,3.7573519
0,D_latent,4_distractors,73,-0.34967,0.0,0.0,1.0,11.924282
0,D_latent,4_distractors,74,-0.1501953,0.0,0.0,1.0,2.9360259
0,D_latent,4_distractors,75,-0.34568235,0.0,0.0,1.0,9.73642
0,D_latent,4_distractors,76,-0.1748234,0.0,0.0,1.0,6.1355777
0,D_latent,4_distractors,77,-0.46069413,0.0,0.0,1.0,13.288718
0,D_latent,4_distractors,78,-0.2531646,0.0,0.0,1.0,5.659936
0,D_latent,4_distractors,79,-0.25346124,0.0,0.0,1.0,10.741101
0,D_latent,4_distractors,80,-0.42179763,0.0,0.0,1.0,8.240027
0,D_latent,4_distractors,81,-0.34562004,0.0,0.0,1.0,10.7371025
0,D_latent,4_distractors,82,-0.45107487,0.0,0.0,1.0,11.899265
0,D_latent,4_distractors,83,-0.65378344,0.0,0.0,0.0,18.811369
0,D_latent,4_distractors,84,-0.39512345,0.0,0.0,1.0,13.512703
0,D_latent,4_distractors,85,-0.40378362,0.0,0.0,1.0,6.679847
0,D_latent,4_distractors,86,-0.34266916,0.0,0.0,0.0,10.841872
0,D_latent,4_distractors,87,-0.21046041,0.0,0.0,1.0,3.1523273
0,D_latent,4_distractors,88,-0.184798,0.0,0.0,1.0,5.6288605
0,D_latent,4_distractors,89,-0.19723715,0.0,0.0,1.0,5.655393
0,D_latent,4_distractors,90,-0.30201468,0.0,0.0,1.0,3.619001
0,D_latent,4_distractors,91,-0.6797451,0.0,0.0,0.0,18.907694
0,D_latent,4_distractors,92,-0.22687781,0.0,0.0,1.0,3.3775747
0,D_latent,4_distractors,93,-0.26390126,0.0,0.0,1.0,4.871511
0,D_latent,4_distractors,94,-0.2382307,0.0,0.0,1.0,9.265397
0,D_latent,4_distractors,95,-0.3823896,0.0,0.0,1.0,9.406762
0,D_latent,4_distractors,96,-0.2623809,0.0,0.0,1.0,5.0667896
0,D_latent,4_distractors,97,-0.05394,0.0,0.13333333333333333,1.0,3.7074523
0,D_latent,4_distractors,98,-0.17724636,0.0,0.0,1.0,7.6546607
0,D_latent,4_distractors,99,-0.22977188,0.0,0.0,1.0,5.2094727
0,D_latent,fast_distractors,0,-0.33652267,0.0,0.0,0.0,12.175365
0,D_latent,fast_distractors,1,-0.2684385,0.0,0.0,1.0,8.290099
0,D_latent,fast_distractors,2,-0.49505326,0.0,0.0,0.0,13.841659
0,D_latent,fast_distractors,3,-0.34909546,0.0,0.0,1.0,11.981991
0,D_latent,fast_distractors,4,-0.21268986,0.0,0.0,1.0,8.45533
0,D_latent,fast_distractors,5,-0.28787917,0.0,0.0,1.0,2.7216678
0,D_latent,fast_distractors,6,-0.2771354,0.0,0.0,1.0,6.9004025
0,D_latent,fast_distractors,7,-0.2357033,0.0,0.0,1.0,5.3196883
0,D_latent,fast_distractors,8,-0.50361234,0.0,0.0,1.0,16.67543
0,D_latent,fast_distractors,9,-0.3178694,0.0,0.0,1.0,7.7076864
0,D_latent,fast_distractors,10,-0.17269944,0.0,0.0,1.0,2.8167927
0,D_latent,fast_distractors,11,-0.6537206,0.0,0.0,0.0,20.864893
0,D_latent,fast_distractors,12,-0.21779718,0.0,0.0,1.0,10.10423
0,D_latent,fast_distractors,13,-0.6482149,0.0,0.0,0.0,19.647726
0,D_latent,fast_distractors,14,-0.3480733,0.0,0.0,0.0,11.365439
0,D_latent,fast_distractors,15,-0.61103994,0.0,0.0,0.0,21.920416
0,D_latent,fast_distractors,16,-0.19198091,0.0,0.0,1.0,7.0618653
0,D_latent,fast_distractors,17,-0.15174681,0.0,0.0,1.0,6.346891
0,D_latent,fast_distractors,18,-0.16528308,0.0,0.0,1.0,2.9244492
0,D_latent,fast_distractors,19,-0.62962025,0.0,0.0,0.0,17.633144
0,D_latent,fast_distractors,20,-0.30366805,0.0,0.0,1.0,6.2803154
0,D_latent,fast_distractors,21,-0.13545768,0.0,0.0,1.0,7.016128
0,D_latent,fast_distractors,22,-0.21638384,0.0,0.0,0.0,8.684605
0,D_latent,fast_distractors,23,0.27683154,0.0,0.6444444444444445,1.0,2.7854886
0,D_latent,fast_distractors,24,-0.107429095,1.0,0.17777777777777778,1.0,1.505713
0,D_latent,fast_distractors,25,-0.4532003,0.0,0.0,0.0,13.483389
0,D_latent,fast_distractors,26,-0.06512628,0.0,0.0,1.0,6.4120975
0,D_latent,fast_distractors,27,-0.22190933,0.0,0.0,0.0,9.992303
0,D_latent,fast_distractors,28,-0.1529341,0.0,0.0,1.0,6.464801
0,D_latent,fast_distractors,29,-0.3937945,0.0,0.0,1.0,14.362499
0,D_latent,fast_distractors,30,-0.30060518,0.0,0.0,1.0,7.168583
0,D_latent,fast_distractors,31,-0.03683647,0.0,0.15555555555555556,1.0,1.9371957
0,D_latent,fast_distractors,32,-0.64285153,0.0,0.0,0.0,14.888426
0,D_latent,fast_distractors,33,0.012527773,1.0,0.2222222222222222,1.0,0.62467957
0,D_latent,fast_distractors,34,-0.39295158,0.0,0.0,0.0,11.216148
0,D_latent,fast_distractors,35,-0.28655148,0.0,0.0,1.0,9.988118
0,D_latent,fast_distractors,36,-0.1536077,0.0,0.0,1.0,6.1504593
0,D_latent,fast_distractors,37,-0.53490555,0.0,0.0,0.0,16.841145
0,D_latent,fast_distractors,38,-0.35062233,0.0,0.0,0.0,12.627101
0,D_latent,fast_distractors,39,-0.1902024,0.0,0.0,1.0,2.0092425
0,D_latent,fast_distractors,40,-0.3561498,0.0,0.0,0.0,10.231772
0,D_latent,fast_distractors,41,-0.09011528,0.0,0.0,1.0,3.9037163
0,D_latent,fast_distractors,42,-0.16841632,0.0,0.0,1.0,4.0153227
0,D_latent,fast_distractors,43,-0.31768665,0.0,0.0,1.0,10.215602
0,D_latent,fast_distractors,44,-0.18850091,0.0,0.0,1.0,5.2808075
0,D_latent,fast_distractors,45,-0.37015525,0.0,0.0,1.0,11.909847
0,D_latent,fast_distractors,46,-0.3351483,0.0,0.0,1.0,6.915032
0,D_latent,fast_distractors,47,-0.099259004,0.0,0.0,1.0,5.662031
0,D_latent,fast_distractors,48,-0.49792573,0.0,0.0,1.0,16.250925
0,D_latent,fast_distractors,49,-0.2711825,0.0,0.0,0.0,10.041555
0,D_latent,fast_distractors,50,-0.21324897,0.0,0.0,1.0,5.6477838
0,D_latent,fast_distractors,51,-0.6202376,0.0,0.0,0.0,17.056915
0,D_latent,fast_distractors,52,-0.18551977,0.0,0.0,1.0,6.8615727
0,D_latent,fast_distractors,53,-0.22266322,0.0,0.0,1.0,5.6351156
0,D_latent,fast_distractors,54,0.1345329,0.0,0.3333333333333333,1.0,3.2098062
0,D_latent,fast_distractors,55,-0.13038169,0.0,0.022222222222222223,1.0,2.7830238
0,D_latent,fast_distractors,56,0.042437036,0.0,0.15555555555555556,1.0,4.863218
0,D_latent,fast_distractors,57,-0.6539622,0.0,0.0,0.0,17.322788
0,D_latent,fast_distractors,58,-0.32928795,0.0,0.0,0.0,10.119906
0,D_latent,fast_distractors,59,-0.47700652,0.0,0.0,0.0,17.433788
0,D_latent,fast_distractors,60,-0.38324046,0.0,0.0,1.0,6.885825
0,D_latent,fast_distractors,61,-0.32032838,0.0,0.0,0.0,12.166742
0,D_latent,fast_distractors,62,-0.35986793,0.0,0.0,0.0,12.496007
0,D_latent,fast_distractors,63,-0.3149042,0.0,0.0,1.0,12.670087
0,D_latent,fast_distractors,64,-0.45896256,0.0,0.0,1.0,11.858794
0,D_latent,fast_distractors,65,0.019948522,0.0,0.2222222222222222,1.0,6.4169464
0,D_latent,fast_distractors,66,0.014163946,0.0,0.2222222222222222,1.0,7.7593136
0,D_latent,fast_distractors,67,0.015180441,0.0,0.17777777777777778,1.0,3.8539364
0,D_latent,fast_distractors,68,-0.36485404,0.0,0.0,1.0,6.1139603
0,D_latent,fast_distractors,69,-0.09067731,0.0,0.0,1.0,2.0584495
0,D_latent,fast_distractors,70,-0.15852505,0.0,0.0,1.0,7.165794
0,D_latent,fast_distractors,71,-0.5589659,0.0,0.0,1.0,16.1736
0,D_latent,fast_distractors,72,-0.0265438,0.0,0.15555555555555556,1.0,6.249151
0,D_latent,fast_distractors,73,-0.33072552,0.0,0.0,1.0,10.743242
0,D_latent,fast_distractors,74,-0.13981831,0.0,0.0,1.0,3.954459
0,D_latent,fast_distractors,75,-0.34812453,0.0,0.0,1.0,10.731645
0,D_latent,fast_distractors,76,-0.221083,0.0,0.0,1.0,7.204887
0,D_latent,fast_distractors,77,-0.5023749,0.0,0.0,0.0,14.80522
0,D_latent,fast_distractors,78,-0.32530385,0.0,0.0,1.0,7.9488664
0,D_latent,fast_distractors,79,-0.27186114,0.0,0.0,1.0,11.014945
0,D_latent,fast_distractors,80,-0.54702765,0.0,0.0,0.0,14.892806
0,D_latent,fast_distractors,81,-0.33675933,0.0,0.0,1.0,9.776923
0,D_latent,fast_distractors,82,-0.45631889,0.0,0.0,1.0,12.28712
0,D_latent,fast_distractors,83,-0.62322056,0.0,0.0,0.0,17.347713
0,D_latent,fast_distractors,84,-0.39938366,0.0,0.0,1.0,13.70128
0,D_latent,fast_distractors,85,-0.37004057,0.0,0.0,1.0,5.1090355
0,D_latent,fast_distractors,86,-0.34510282,0.0,0.0,0.0,11.149355
0,D_latent,fast_distractors,87,-0.17583786,0.0,0.0,1.0,4.1719847
0,D_latent,fast_distractors,88,-0.18890405,0.0,0.0,1.0,6.9865294
0,D_latent,fast_distractors,89,-0.22599515,0.0,0.0,1.0,7.1351867
0,D_latent,fast_distractors,90,-0.30855,0.0,0.0,1.0,4.3781943
0,D_latent,fast_distractors,91,-0.6940252,0.0,0.0,0.0,19.852566
0,D_latent,fast_distractors,92,-0.17946002,0.0,0.0,1.0,2.7310905
0,D_latent,fast_distractors,93,-0.2563362,0.0,0.0,1.0,4.1574435
0,D_latent,fast_distractors,94,-0.23810592,0.0,0.0,1.0,8.62079
0,D_latent,fast_distractors,95,-0.42455018,0.0,0.0,1.0,11.8488245
0,D_latent,fast_distractors,96,-0.26399234,0.0,0.0,1.0,5.3668437
0,D_latent,fast_distractors,97,-0.14517991,0.0,0.0,1.0,4.8173175
0,D_latent,fast_distractors,98,-0.15548338,0.0,0.0,1.0,6.3185163
0,D_latent,fast_distractors,99,-0.12754774,0.0,0.2,1.0,4.674575
0,D_latent,unseen_distractor_hues,0,-0.26516807,0.0,0.0,1.0,8.378368
0,D_latent,unseen_distractor_hues,1,-0.2848759,0.0,0.0,1.0,8.740093
0,D_latent,unseen_distractor_hues,2,-0.5236318,0.0,0.0,0.0,16.25079
0,D_latent,unseen_distractor_hues,3,-0.3500264,0.0,0.0,1.0,12.029886
0,D_latent,unseen_distractor_hues,4,-0.20766686,0.0,0.0,1.0,8.175055
0,D_latent,unseen_distractor_hues,5,-0.34198678,0.0,0.0,1.0,6.3201194
0,D_latent,unseen_distractor_hues,6,-0.263681,0.0,0.0,1.0,6.5938005
0,D_latent,unseen_distractor_hues,7,-0.27764913,0.0,0.0,1.0,6.8656907
0,D_latent,unseen_distractor_hues,8,-0.50571495,0.0,0.0,1.0,16.818996
0,D_latent,unseen_distractor_hues,9,-0.28392038,0.0,0.0,1.0,5.9621086
0,D_latent,unseen_distractor_hues,10,-0.16643299,0.0,0.0,1.0,2.8681138
0,D_latent,unseen_distractor_hues,11,-0.6476201,0.0,0.0,0.0,20.78173
0,D_latent,unseen_distractor_hues,12,-0.2505903,0.0,0.0,0.0,10.415912
0,D_latent,unseen_distractor_hues,13,-0.6383136,0.0,0.0,0.0,18.987347
0,D_latent,unseen_distractor_hues,14,-0.3449298,0.0,0.0,0.0,11.077759
0,D_latent,unseen_distractor_hues,15,-0.6566278,0.0,0.0,0.0,22.598953
0,D_latent,unseen_distractor_hues,16,-0.16961657,0.0,0.0,1.0,5.9308186
0,D_latent,unseen_distractor_hues,17,-0.15264258,0.0,0.0,1.0,6.239018
0,D_latent,unseen_distractor_hues,18,-0.20924282,0.0,0.0,1.0,3.0154817
0,D_latent,unseen_distractor_hues,19,-0.65334284,0.0,0.0,0.0,18.73334
0,D_latent,unseen_distractor_hues,20,-0.22130303,0.0,0.0,0.0,7.449643
0,D_latent,unseen_distractor_hues,21,-0.1460584,0.0,0.0,1.0,7.210992
0,D_latent,unseen_distractor_hues,22,-0.21958855,0.0,0.0,0.0,8.7729845
0,D_latent,unseen_distractor_hues,23,0.25017002,0.0,0.6444444444444445,1.0,2.2963798
0,D_latent,unseen_distractor_hues,24,-0.12635253,1.0,0.13333333333333333,1.0,0.8724154
0,D_latent,unseen_distractor_hues,25,-0.45711458,0.0,0.0,0.0,13.800109
0,D_latent,unseen_distractor_hues,26,-0.02790263,0.0,0.0,1.0,5.3759212
0,D_latent,unseen_distractor_hues,27,-0.22014382,0.0,0.0,0.0,9.814846
0,D_latent,unseen_distractor_hues,28,-0.15371312,0.0,0.0,1.0,6.5996995
0,D_latent,unseen_distractor_hues,29,-0.38688713,0.0,0.0,1.0,13.918239
0,D_latent,unseen_distractor_hues,30,-0.30393547,0.0,0.0,1.0,7.144021
0,D_latent,unseen_distractor_hues,31,0.012195586,0.0,0.3333333333333333,1.0,3.1943276
0,D_latent,unseen_distractor_hues,32,-0.64712054,0.0,0.0,0.0,15.324626
0,D_latent,unseen_distractor_hues,33,-0.060949963,1.0,0.13333333333333333,1.0,0.24698141
0,D_latent,unseen_distractor_hues,34,-0.38943946,0.0,0.0,0.0,10.957503
0,D_latent,unseen_distractor_hues,35,-0.29350495,0.0,0.0,1.0,10.527482
0,D_latent,unseen_distractor_hues,36,-0.14472629,0.0,0.0,1.0,6.125505
0,D_latent,unseen_distractor_hues,37,-0.4725872,0.0,0.0,0.0,12.806752
0,D_latent,unseen_distractor_hues,38,-0.34610996,0.0,0.0,0.0,12.374803
0,D_latent,unseen_distractor_hues,39,-0.16249982,0.0,0.06666666666666667,1.0,1.5901957
0,D_latent,unseen_distractor_hues,40,-0.3676791,0.0,0.0,0.0,10.981768
0,D_latent,unseen_distractor_hues,41,-0.17399362,0.0,0.0,1.0,4.3886333
0,D_latent,unseen_distractor_hues,42,-0.1684653,0.0,0.0,1.0,4.0537353
0,D_latent,unseen_distractor_hues,43,-0.28882903,0.0,0.0,1.0,8.484099
0,D_latent,unseen_distractor_hues,44,-0.13001774,0.0,0.0,1.0,4.587652
0,D_latent,unseen_distractor_hues,45,-0.37679017,0.0,0.0,1.0,11.759434
0,D_latent,unseen_distractor_hues,46,-0.3311702,0.0,0.0,1.0,7.0446043
0,D_latent,unseen_distractor_hues,47,-0.08004102,0.0,0.0,1.0,5.3760223
0,D_latent,unseen_distractor_hues,48,-0.47187343,0.0,0.0,1.0,14.761385
0,D_latent,unseen_distractor_hues,49,-0.2605816,0.0,0.0,0.0,10.1097765
0,D_latent,unseen_distractor_hues,50,-0.20846738,0.0,0.0,1.0,5.1922626
0,D_latent,unseen_distractor_hues,51,-0.5721475,0.0,0.0,0.0,14.789294
0,D_latent,unseen_distractor_hues,52,-0.1829725,0.0,0.0,1.0,6.908189
0,D_latent,unseen_distractor_hues,53,-0.21796133,0.0,0.0,1.0,5.5386744
0,D_latent,unseen_distractor_hues,54,0.060692035,0.0,0.13333333333333333,1.0,2.6754503
0,D_latent,unseen_distractor_hues,55,-0.18915448,0.0,0.0,1.0,2.8475964
0,D_latent,unseen_distractor_hues,56,0.041887745,0.0,0.15555555555555556,1.0,4.7447987
0,D_latent,unseen_distractor_hues,57,-0.65299636,0.0,0.0,0.0,17.58827
0,D_latent,unseen_distractor_hues,58,-0.31848457,0.0,0.0,0.0,9.769734
0,D_latent,unseen_distractor_hues,59,-0.42290327,0.0,0.0,1.0,14.784226
0,D_latent,unseen_distractor_hues,60,-0.3873449,0.0,0.0,1.0,5.5267777
0,D_latent,unseen_distractor_hues,61,-0.31526372,0.0,0.0,0.0,12.106595
0,D_latent,unseen_distractor_hues,62,-0.37149513,0.0,0.0,0.0,13.089268
0,D_latent,unseen_distractor_hues,63,-0.3186837,0.0,0.0,1.0,12.666158
0,D_latent,unseen_distractor_hues,64,-0.46883455,0.0,0.0,1.0,12.937959
0,D_latent,unseen_distractor_hues,65,-0.008325235,0.0,0.17777777777777778,1.0,6.492577
0,D_latent,unseen_distractor_hues,66,-0.013582076,0.0,0.2,1.0,8.131223
0,D_latent,unseen_distractor_hues,67,0.026136924,0.0,0.2,1.0,3.5335128
0,D_latent,unseen_distractor_hues,68,-0.36471936,0.0,0.0,1.0,6.066062
0,D_latent,unseen_distractor_hues,69,-0.16495815,0.0,0.0,1.0,3.974386
0,D_latent,unseen_distractor_hues,70,-0.16377579,0.0,0.0,1.0,7.234105
0,D_latent,unseen_distractor_hues,71,-0.55057985,0.0,0.0,1.0,15.438585
0,D_latent,unseen_distractor_hues,72,-0.059603818,0.0,0.15555555555555556,1.0,7.774417
0,D_latent,unseen_distractor_hues,73,-0.33521003,0.0,0.0,1.0,11.038819
0,D_latent,unseen_distractor_hues,74,-0.04787451,0.0,0.26666666666666666,1.0,2.6357243
0,D_latent,unseen_distractor_hues,75,-0.35363048,0.0,0.0,1.0,10.057946
0,D_latent,unseen_distractor_hues,76,-0.20017216,0.0,0.0,1.0,6.681054
0,D_latent,unseen_distractor_hues,77,-0.5019227,0.0,0.0,0.0,14.758242
0,D_latent,unseen_distractor_hues,78,-0.27416167,0.0,0.0,1.0,4.2351637
0,D_latent,unseen_distractor_hues,79,-0.2611649,0.0,0.0,1.0,10.577631
0,D_latent,unseen_distractor_hues,80,-0.5509542,0.0,0.0,0.0,15.138561
0,D_latent,unseen_distractor_hues,81,-0.390529,0.0,0.0,1.0,11.217979
0,D_latent,unseen_distractor_hues,82,-0.42548713,0.0,0.0,1.0,11.064638
0,D_latent,unseen_distractor_hues,83,-0.62715256,0.0,0.0,0.0,17.557878
0,D_latent,unseen_distractor_hues,84,-0.41648194,0.0,0.0,1.0,14.657297
0,D_latent,unseen_distractor_hues,85,-0.40132764,0.0,0.0,1.0,6.4595995
0,D_latent,unseen_distractor_hues,86,-0.31836718,0.0,0.0,0.0,10.138351
0,D_latent,unseen_distractor_hues,87,-0.16458708,0.0,0.0,1.0,3.2791378
0,D_latent,unseen_distractor_hues,88,-0.16238067,0.0,0.0,1.0,5.7056866
0,D_latent,unseen_distractor_hues,89,-0.20589648,0.0,0.0,1.0,5.252767
0,D_latent,unseen_distractor_hues,90,-0.26490933,0.0,0.0,1.0,4.1365337
0,D_latent,unseen_distractor_hues,91,-0.6882327,0.0,0.0,0.0,19.312407
0,D_latent,unseen_distractor_hues,92,-0.11478346,0.0,0.0,1.0,4.6056385
0,D_latent,unseen_distractor_hues,93,-0.22742714,0.0,0.0,1.0,3.5806298
0,D_latent,unseen_distractor_hues,94,-0.23735388,0.0,0.0,1.0,9.001082
0,D_latent,unseen_distractor_hues,95,-0.31431395,0.0,0.0,1.0,6.431419
0,D_latent,unseen_distractor_hues,96,-0.24183047,0.0,0.0,1.0,3.368421
0,D_latent,unseen_distractor_hues,97,-0.10757923,0.0,0.0,1.0,3.9814951
0,D_latent,unseen_distractor_hues,98,-0.1644445,0.0,0.0,1.0,6.3033247
0,D_latent,unseen_distractor_hues,99,-0.2397559,0.0,0.0,1.0,6.126715
0,D_latent,heavy_pixel_noise,0,-0.3688597,0.0,0.0,0.0,13.472409
0,D_latent,heavy_pixel_noise,1,-0.28267795,0.0,0.0,1.0,7.879671
0,D_latent,heavy_pixel_noise,2,-0.4884597,0.0,0.0,0.0,14.787844
0,D_latent,heavy_pixel_noise,3,-0.34264076,0.0,0.0,1.0,12.050506
0,D_latent,heavy_pixel_noise,4,-0.18485317,0.0,0.0,1.0,6.7558627
0,D_latent,heavy_pixel_noise,5,-0.32347122,0.0,0.0,1.0,5.525509
0,D_latent,heavy_pixel_noise,6,-0.29186037,0.0,0.0,1.0,8.410591
0,D_latent,heavy_pixel_noise,7,-0.26694402,0.0,0.0,1.0,6.6259613
0,D_latent,heavy_pixel_noise,8,-0.52540743,0.0,0.0,1.0,18.005795
0,D_latent,heavy_pixel_noise,9,-0.33124545,0.0,0.0,1.0,8.565228
0,D_latent,heavy_pixel_noise,10,-0.22269394,0.0,0.0,1.0,4.2238903
0,D_latent,heavy_pixel_noise,11,-0.62146336,0.0,0.0,0.0,19.150412
0,D_latent,heavy_pixel_noise,12,-0.16211896,0.0,0.0,1.0,10.318576
0,D_latent,heavy_pixel_noise,13,-0.6430468,0.0,0.0,0.0,19.094624
0,D_latent,heavy_pixel_noise,14,-0.23075797,0.0,0.0,1.0,6.5837626
0,D_latent,heavy_pixel_noise,15,-0.5841593,0.0,0.0,0.0,21.32476
0,D_latent,heavy_pixel_noise,16,-0.055969566,0.0,0.0,1.0,3.9552093
0,D_latent,heavy_pixel_noise,17,-0.15457337,0.0,0.0,1.0,6.425772
0,D_latent,heavy_pixel_noise,18,-0.31044567,0.0,0.0,1.0,6.9642296
0,D_latent,heavy_pixel_noise,19,-0.6594153,0.0,0.0,0.0,18.755358
0,D_latent,heavy_pixel_noise,20,-0.32640675,0.0,0.0,0.0,11.9504595
0,D_latent,heavy_pixel_noise,21,-0.09481359,0.0,0.0,1.0,6.716451
0,D_latent,heavy_pixel_noise,22,-0.22276096,0.0,0.0,0.0,9.057236
0,D_latent,heavy_pixel_noise,23,0.21151547,0.0,0.5555555555555556,1.0,4.1121116
0,D_latent,heavy_pixel_noise,24,-0.18263727,1.0,0.022222222222222223,1.0,1.4193177
0,D_latent,heavy_pixel_noise,25,-0.4643473,0.0,0.0,0.0,14.561717
0,D_latent,heavy_pixel_noise,26,-0.12984751,0.0,0.0,1.0,6.810725
0,D_latent,heavy_pixel_noise,27,-0.22835091,0.0,0.0,0.0,10.21909
0,D_latent,heavy_pixel_noise,28,-0.15488072,0.0,0.0,1.0,6.5363135
0,D_latent,heavy_pixel_noise,29,-0.39592543,0.0,0.0,1.0,14.501025
0,D_latent,heavy_pixel_noise,30,-0.29980195,0.0,0.0,1.0,7.45557
0,D_latent,heavy_pixel_noise,31,0.049959786,0.0,0.35555555555555557,1.0,2.6737251
0,D_latent,heavy_pixel_noise,32,-0.66998035,0.0,0.0,0.0,20.890493
0,D_latent,heavy_pixel_noise,33,0.054256406,0.0,0.28888888888888886,1.0,1.5683031
0,D_latent,heavy_pixel_noise,34,-0.3307687,0.0,0.0,1.0,5.1754417
0,D_latent,heavy_pixel_noise,35,-0.28803974,0.0,0.0,1.0,11.960239
0,D_latent,heavy_pixel_noise,36,-0.1683543,0.0,0.0,1.0,5.5791664
0,D_latent,heavy_pixel_noise,37,-0.39843783,0.0,0.0,1.0,7.555608
0,D_latent,heavy_pixel_noise,38,-0.33483648,0.0,0.0,0.0,11.972021
0,D_latent,heavy_pixel_noise,39,-0.20655568,0.0,0.0,1.0,2.293053
0,D_latent,heavy_pixel_noise,40,-0.36471584,0.0,0.0,0.0,11.024167
0,D_latent,heavy_pixel_noise,41,-0.14601277,0.0,0.0,1.0,3.068674
0,D_latent,heavy_pixel_noise,42,-0.13554238,0.0,0.0,1.0,2.6821826
0,D_latent,heavy_pixel_noise,43,-0.3236874,0.0,0.0,1.0,10.683868
0,D_latent,heavy_pixel_noise,44,-0.21763772,0.0,0.0,1.0,4.52739
0,D_latent,heavy_pixel_noise,45,-0.1945237,0.0,0.0,1.0,2.864304
0,D_latent,heavy_pixel_noise,46,-0.33152384,0.0,0.0,1.0,7.0772924
0,D_latent,heavy_pixel_noise,47,-0.080538616,0.0,0.0,1.0,4.9573216
0,D_latent,heavy_pixel_noise,48,-0.5167954,0.0,0.0,1.0,17.518253
0,D_latent,heavy_pixel_noise,49,-0.25954068,0.0,0.0,0.0,9.276776
0,D_latent,heavy_pixel_noise,50,-0.22740455,0.0,0.0,1.0,6.456386
0,D_latent,heavy_pixel_noise,51,-0.58757967,0.0,0.0,0.0,16.338902
0,D_latent,heavy_pixel_noise,52,-0.19233936,0.0,0.0,0.0,7.365083
0,D_latent,heavy_pixel_noise,53,-0.21215735,0.0,0.0,1.0,5.3763843
0,D_latent,heavy_pixel_noise,54,0.16581629,0.0,0.37777777777777777,1.0,2.729243
0,D_latent,heavy_pixel_noise,55,-0.1358569,0.0,0.06666666666666667,1.0,1.8053464
0,D_latent,heavy_pixel_noise,56,0.11942342,0.0,0.17777777777777778,1.0,2.9491017
0,D_latent,heavy_pixel_noise,57,-0.6108254,0.0,0.0,0.0,15.108692
0,D_latent,heavy_pixel_noise,58,-0.3840001,0.0,0.0,0.0,12.403758
0,D_latent,heavy_pixel_noise,59,-0.5200996,0.0,0.0,0.0,19.656322
0,D_latent,heavy_pixel_noise,60,-0.38727477,0.0,0.0,1.0,5.1192317
0,D_latent,heavy_pixel_noise,61,-0.24946651,0.0,0.0,1.0,7.1118603
0,D_latent,heavy_pixel_noise,62,-0.4291685,0.0,0.0,0.0,16.216793
0,D_latent,heavy_pixel_noise,63,-0.29303187,0.0,0.0,1.0,11.445704
0,D_latent,heavy_pixel_noise,64,-0.5042419,0.0,0.0,1.0,15.280859
0,D_latent,heavy_pixel_noise,65,0.010136453,0.0,0.2,1.0,6.6052003
0,D_latent,heavy_pixel_noise,66,-0.012130928,0.0,0.13333333333333333,1.0,5.387009
0,D_latent,heavy_pixel_noise,67,-0.2688535,0.0,0.0,1.0,10.229463
0,D_latent,heavy_pixel_noise,68,-0.3749986,0.0,0.0,1.0,6.6450415
0,D_latent,heavy_pixel_noise,69,-0.16756977,0.0,0.0,1.0,3.9023416
0,D_latent,heavy_pixel_noise,70,-0.14265701,0.0,0.0,1.0,5.8840065
0,D_latent,heavy_pixel_noise,71,-0.45156598,0.0,0.0,1.0,14.034827
0,D_latent,heavy_pixel_noise,72,0.10181764,0.0,0.28888888888888886,1.0,5.148289
0,D_latent,heavy_pixel_noise,73,-0.28333452,0.0,0.0,1.0,6.6424513
0,D_latent,heavy_pixel_noise,74,-0.09144311,0.0,0.2,1.0,2.2531002
0,D_latent,heavy_pixel_noise,75,-0.34607548,0.0,0.0,1.0,10.995123
0,D_latent,heavy_pixel_noise,76,-0.16874157,0.0,0.0,1.0,4.264975
0,D_latent,heavy_pixel_noise,77,-0.5166167,0.0,0.0,0.0,15.976241
0,D_latent,heavy_pixel_noise,78,-0.2826509,0.0,0.0,1.0,7.044775
0,D_latent,heavy_pixel_noise,79,0.018557262,0.0,0.15555555555555556,1.0,2.8529682
0,D_latent,heavy_pixel_noise,80,-0.5412764,0.0,0.0,0.0,14.4203205
0,D_latent,heavy_pixel_noise,81,-0.3053171,0.0,0.0,1.0,6.9700637
0,D_latent,heavy_pixel_noise,82,-0.4871437,0.0,0.0,1.0,14.427192
0,D_latent,heavy_pixel_noise,83,-0.61865366,0.0,0.0,0.0,16.946478
0,D_latent,heavy_pixel_noise,84,-0.31627113,0.0,0.0,1.0,9.660492
0,D_latent,heavy_pixel_noise,85,-0.37720075,0.0,0.0,1.0,6.0156307
0,D_latent,heavy_pixel_noise,86,-0.37784317,0.0,0.0,0.0,13.016616
0,D_latent,heavy_pixel_noise,87,-0.24342999,0.0,0.0,1.0,4.133612
0,D_latent,heavy_pixel_noise,88,-0.121182375,0.0,0.0,1.0,4.2097416
0,D_latent,heavy_pixel_noise,89,-0.18313543,0.0,0.0,1.0,3.9858327
0,D_latent,heavy_pixel_noise,90,-0.3546662,0.0,0.0,1.0,6.7516584
0,D_latent,heavy_pixel_noise,91,-0.6727368,0.0,0.0,0.0,19.681376
0,D_latent,heavy_pixel_noise,92,-0.19044463,0.0,0.0,1.0,2.9269516
0,D_latent,heavy_pixel_noise,93,-0.31286,0.0,0.0,1.0,6.9412556
0,D_latent,heavy_pixel_noise,94,-0.24258831,0.0,0.0,1.0,9.058713
0,D_latent,heavy_pixel_noise,95,-0.41866672,0.0,0.0,1.0,11.216476
0,D_latent,heavy_pixel_noise,96,-0.2582887,0.0,0.0,1.0,4.13524
0,D_latent,heavy_pixel_noise,97,-0.14224467,0.0,0.0,1.0,4.324394
0,D_latent,heavy_pixel_noise,98,-0.126736,0.0,0.0,1.0,6.1710296
0,D_latent,heavy_pixel_noise,99,-0.16231549,0.0,0.08888888888888889,1.0,4.6971674
1,A_recon,in_distribution,0,-0.2570267,0.0,0.0,1.0,8.972328
1,A_recon,in_distribution,1,-0.34067562,0.0,0.0,1.0,8.854896
1,A_recon,in_distribution,2,-0.19640547,1.0,0.08888888888888889,1.0,1.5004593
1,A_recon,in_distribution,3,-0.30636182,0.0,0.0,1.0,8.882592
1,A_recon,in_distribution,4,-0.16143806,0.0,0.0,1.0,6.7437716
1,A_recon,in_distribution,5,-0.4793741,0.0,0.0,0.0,11.788222
1,A_recon,in_distribution,6,-0.2730904,0.0,0.0,1.0,7.3525085
1,A_recon,in_distribution,7,-0.2858718,0.0,0.0,1.0,5.0225263
1,A_recon,in_distribution,8,-0.2504017,0.0,0.0,1.0,4.0067377
1,A_recon,in_distribution,9,-0.17652088,0.0,0.0,1.0,2.5450504
1,A_recon,in_distribution,10,-0.35151336,0.0,0.0,1.0,9.503279
1,A_recon,in_distribution,11,-0.6691278,0.0,0.0,0.0,20.948177
1,A_recon,in_distribution,12,-0.16798432,0.0,0.0,1.0,4.2195654
1,A_recon,in_distribution,13,-0.7066265,0.0,0.0,0.0,23.342928
1,A_recon,in_distribution,14,-0.27454782,0.0,0.0,1.0,7.844295
1,A_recon,in_distribution,15,-0.4442935,0.0,0.0,1.0,13.118435
1,A_recon,in_distribution,16,-0.14280626,0.0,0.0,1.0,5.596573
1,A_recon,in_distribution,17,-0.20269237,0.0,0.0,1.0,8.687418
1,A_recon,in_distribution,18,-0.42476848,0.0,0.0,1.0,13.718392
1,A_recon,in_distribution,19,-0.2866792,0.0,0.0,1.0,1.9307547
1,A_recon,in_distribution,20,-0.30200434,0.0,0.0,0.0,8.42755
1,A_recon,in_distribution,21,-0.1948885,0.0,0.0,1.0,6.614084
1,A_recon,in_distribution,22,-0.22214971,0.0,0.0,1.0,6.101209
1,A_recon,in_distribution,23,-0.064795084,0.0,0.0,1.0,4.4790854
1,A_recon,in_distribution,24,-0.063113056,0.0,0.08888888888888889,1.0,3.45005
1,A_recon,in_distribution,25,-0.47225714,0.0,0.0,0.0,17.364595
1,A_recon,in_distribution,26,-0.20829065,0.0,0.0,0.0,11.263082
1,A_recon,in_distribution,27,-0.19652155,0.0,0.0,0.0,7.8390236
1,A_recon,in_distribution,28,-0.14947361,0.0,0.0,1.0,6.3647637
1,A_recon,in_distribution,29,-0.4111214,0.0,0.0,1.0,12.173347
1,A_recon,in_distribution,30,-0.3009316,0.0,0.0,1.0,6.2786465
1,A_recon,in_distribution,31,-0.31964767,0.0,0.0,1.0,8.771555
1,A_recon,in_distribution,32,-0.5802933,0.0,0.0,0.0,16.47654
1,A_recon,in_distribution,33,-0.08693946,0.0,0.0,1.0,2.5271683
1,A_recon,in_distribution,34,-0.3617357,0.0,0.0,1.0,6.860205
1,A_recon,in_distribution,35,-0.27920115,0.0,0.0,1.0,9.435432
1,A_recon,in_distribution,36,-0.20423609,0.0,0.0,1.0,7.410652
1,A_recon,in_distribution,37,-0.35871977,0.0,0.0,1.0,5.31629
1,A_recon,in_distribution,38,-0.33978495,0.0,0.0,1.0,10.370575
1,A_recon,in_distribution,39,-0.23943079,0.0,0.0,1.0,1.8852527
1,A_recon,in_distribution,40,-0.22729142,0.0,0.0,1.0,5.3723607
1,A_recon,in_distribution,41,-0.17903008,0.0,0.0,1.0,4.6092076
1,A_recon,in_distribution,42,-0.33290806,0.0,0.0,1.0,12.836178
1,A_recon,in_distribution,43,-0.18443072,0.0,0.0,1.0,5.0691876
1,A_recon,in_distribution,44,-0.17290914,0.0,0.0,1.0,7.12983
1,A_recon,in_distribution,45,-0.25328273,0.0,0.0,1.0,5.0830035
1,A_recon,in_distribution,46,-0.3317415,0.0,0.0,1.0,2.8313625
1,A_recon,in_distribution,47,-0.22758594,0.0,0.0,0.0,13.040578
1,A_recon,in_distribution,48,-0.53306824,0.0,0.0,1.0,16.240131
1,A_recon,in_distribution,49,-0.4698427,0.0,0.0,0.0,21.255867
1,A_recon,in_distribution,50,-0.11569076,0.0,0.0,1.0,2.7945704
1,A_recon,in_distribution,51,-0.61299086,0.0,0.0,0.0,16.983738
1,A_recon,in_distribution,52,-0.24730563,0.0,0.0,0.0,10.580832
1,A_recon,in_distribution,53,-0.276477,0.0,0.0,1.0,7.547506
1,A_recon,in_distribution,54,-0.09753598,0.0,0.0,1.0,4.5537524
1,A_recon,in_distribution,55,-0.3298132,0.0,0.0,0.0,7.3380857
1,A_recon,in_distribution,56,0.10648896,0.0,0.17777777777777778,1.0,5.053157
1,A_recon,in_distribution,57,-0.78270483,0.0,0.0,0.0,26.161602
1,A_recon,in_distribution,58,-0.4166788,0.0,0.0,0.0,17.031012
1,A_recon,in_distribution,59,-0.5118951,0.0,0.0,0.0,19.07949
1,A_recon,in_distribution,60,-0.37110817,0.0,0.0,1.0,6.2878275
1,A_recon,in_distribution,61,-0.33429793,0.0,0.0,0.0,13.261338
1,A_recon,in_distribution,62,-0.3905204,0.0,0.0,1.0,12.206371
1,A_recon,in_distribution,63,-0.28436038,0.0,0.0,0.0,12.078262
1,A_recon,in_distribution,64,-0.4096226,0.0,0.0,1.0,10.114005
1,A_recon,in_distribution,65,0.097263284,0.0,0.28888888888888886,1.0,3.8402367
1,A_recon,in_distribution,66,-0.04463444,0.0,0.044444444444444446,1.0,7.6212854
1,A_recon,in_distribution,67,-0.03694808,0.0,0.0,1.0,3.8667474
1,A_recon,in_distribution,68,-0.5497876,0.0,0.0,1.0,5.9102383
1,A_recon,in_distribution,69,-0.33327642,0.0,0.0,0.0,12.397316
1,A_recon,in_distribution,70,-0.27310863,0.0,0.0,1.0,10.049182
1,A_recon,in_distribution,71,-0.4588691,0.0,0.0,0.0,11.292089
1,A_recon,in_distribution,72,-0.047939263,0.0,0.13333333333333333,1.0,6.7046127
1,A_recon,in_distribution,73,-0.3838734,0.0,0.0,1.0,13.71368
1,A_recon,in_distribution,74,-0.46382943,0.0,0.0,1.0,12.185559
1,A_recon,in_distribution,75,-0.4052597,0.0,0.0,1.0,13.49973
1,A_recon,in_distribution,76,-0.2423003,0.0,0.0,1.0,6.6488767
1,A_recon,in_distribution,77,-0.35176018,0.0,0.0,1.0,4.411889
1,A_recon,in_distribution,78,-0.36561355,0.0,0.0,1.0,11.277886
1,A_recon,in_distribution,79,-0.25930545,0.0,0.0,1.0,6.2343674
1,A_recon,in_distribution,80,-0.42643735,0.0,0.0,1.0,9.087235
1,A_recon,in_distribution,81,-0.4710062,0.0,0.0,1.0,14.30204
1,A_recon,in_distribution,82,-0.23818304,0.0,0.0,1.0,3.9397488
1,A_recon,in_distribution,83,-0.49731407,0.0,0.0,1.0,6.4344015
1,A_recon,in_distribution,84,-0.47650638,0.0,0.0,0.0,18.343517
1,A_recon,in_distribution,85,-0.67193013,0.0,0.0,0.0,22.342878
1,A_recon,in_distribution,86,-0.2925977,0.0,0.0,0.0,7.903131
1,A_recon,in_distribution,87,-0.20309876,0.0,0.0,1.0,7.3819275
1,A_recon,in_distribution,88,-0.23356338,0.0,0.0,1.0,10.637229
1,A_recon,in_distribution,89,-0.19083284,0.0,0.0,1.0,4.835467
1,A_recon,in_distribution,90,-0.5071584,0.0,0.0,0.0,14.713634
1,A_recon,in_distribution,91,-0.7787168,0.0,0.0,0.0,27.28088
1,A_recon,in_distribution,92,-0.2702238,0.0,0.0,1.0,6.4868736
1,A_recon,in_distribution,93,-0.49109057,0.0,0.0,0.0,12.882075
1,A_recon,in_distribution,94,-0.24823837,0.0,0.0,1.0,10.425471
1,A_recon,in_distribution,95,-0.2902966,0.0,0.0,1.0,6.563306
1,A_recon,in_distribution,96,-0.29635483,0.0,0.0,1.0,3.7925355
1,A_recon,in_distribution,97,-0.3651271,0.0,0.0,1.0,13.331901
1,A_recon,in_distribution,98,-0.184893,0.0,0.0,1.0,5.453271
1,A_recon,in_distribution,99,-0.30683059,0.0,0.0,1.0,4.3511906
1,A_recon,4_distractors,0,-0.26241928,0.0,0.0,1.0,9.603287
1,A_recon,4_distractors,1,-0.37171042,0.0,0.0,1.0,11.101681
1,A_recon,4_distractors,2,-0.24387915,0.0,0.0,1.0,2.6296425
1,A_recon,4_distractors,3,-0.30512863,0.0,0.0,1.0,8.529198
1,A_recon,4_distractors,4,-0.17382967,0.0,0.0,1.0,6.8808155
1,A_recon,4_distractors,5,-0.4946714,0.0,0.0,0.0,12.27787
1,A_recon,4_distractors,6,-0.24876212,0.0,0.0,1.0,6.9197793
1,A_recon,4_distractors,7,-0.28657314,0.0,0.0,1.0,5.0190263
1,A_recon,4_distractors,8,-0.27986816,0.0,0.0,1.0,4.435418
1,A_recon,4_distractors,9,-0.2379462,0.0,0.0,1.0,4.6360235
1,A_recon,4_distractors,10,-0.5314109,0.0,0.0,0.0,18.324514
1,A_recon,4_distractors,11,-0.6711771,0.0,0.0,0.0,20.948166
1,A_recon,4_distractors,12,-0.16352138,0.0,0.0,1.0,3.9957948
1,A_recon,4_distractors,13,-0.7011835,0.0,0.0,0.0,22.50043
1,A_recon,4_distractors,14,-0.2689408,0.0,0.0,1.0,7.1381884
1,A_recon,4_distractors,15,-0.42425546,0.0,0.0,0.0,8.753102
1,A_recon,4_distractors,16,-0.15918593,0.0,0.0,1.0,5.768203
1,A_recon,4_distractors,17,-0.17158657,0.0,0.0,1.0,6.6159163
1,A_recon,4_distractors,18,-0.45885625,0.0,0.0,0.0,15.188135
1,A_recon,4_distractors,19,-0.54401153,0.0,0.0,0.0,15.133749
1,A_recon,4_distractors,20,-0.2836436,0.0,0.0,1.0,6.986451
1,A_recon,4_distractors,21,-0.17589545,0.0,0.0,1.0,5.887531
1,A_recon,4_distractors,22,-0.21905367,0.0,0.0,1.0,5.78841
1,A_recon,4_distractors,23,-0.008863152,0.0,0.0,1.0,3.2624006
1,A_recon,4_distractors,24,-0.04109905,0.0,0.2,1.0,2.4979792
1,A_recon,4_distractors,25,-0.47829688,0.0,0.0,0.0,17.841152
1,A_recon,4_distractors,26,-0.22594316,0.0,0.0,0.0,11.46499
1,A_recon,4_distractors,27,-0.16718309,0.0,0.0,0.0,7.55151
1,A_recon,4_distractors,28,-0.13783124,0.0,0.0,1.0,5.890518
1,A_recon,4_distractors,29,-0.3533333,0.0,0.0,1.0,10.123414
1,A_recon,4_distractors,30,-0.31641495,0.0,0.0,1.0,3.2038674
1,A_recon,4_distractors,31,-0.32570094,0.0,0.0,1.0,8.611298
1,A_recon,4_distractors,32,-0.5717692,0.0,0.0,0.0,15.664425
1,A_recon,4_distractors,33,-0.08542897,0.0,0.0,1.0,2.180279
1,A_recon,4_distractors,34,-0.3308571,0.0,0.0,1.0,4.871285
1,A_recon,4_distractors,35,-0.28270027,0.0,0.0,1.0,9.618893
1,A_recon,4_distractors,36,-0.17843437,0.0,0.0,1.0,6.730054
1,A_recon,4_distractors,37,-0.34748062,0.0,0.0,1.0,5.0764403
1,A_recon,4_distractors,38,-0.34800056,0.0,0.0,1.0,11.015496
1,A_recon,4_distractors,39,-0.23040299,1.0,0.022222222222222223,1.0,1.4663695
1,A_recon,4_distractors,40,-0.22437853,0.0,0.0,1.0,4.8566566
1,A_recon,4_distractors,41,-0.22996978,0.0,0.0,1.0,5.982781
1,A_recon,4_distractors,42,-0.32897586,0.0,0.0,1.0,12.166429
1,A_recon,4_distractors,43,-0.20636322,0.0,0.0,1.0,7.031428
1,A_recon,4_distractors,44,-0.0951973,0.0,0.1111111111111111,1.0,5.259185
1,A_recon,4_distractors,45,-0.2663552,0.0,0.0,1.0,6.41162
1,A_recon,4_distractors,46,-0.29230502,0.0,0.0,1.0,2.1007125
1,A_recon,4_distractors,47,-0.2520292,0.0,0.0,0.0,13.483232
1,A_recon,4_distractors,48,-0.49418178,0.0,0.0,1.0,14.090234
1,A_recon,4_distractors,49,-0.45635083,0.0,0.0,0.0,20.290142
1,A_recon,4_distractors,50,-0.1416694,0.0,0.0,1.0,3.3768
1,A_recon,4_distractors,51,-0.63868445,0.0,0.0,0.0,20.248947
1,A_recon,4_distractors,52,-0.23210615,0.0,0.0,0.0,9.805859
1,A_recon,4_distractors,53,-0.25168884,0.0,0.0,1.0,7.565431
1,A_recon,4_distractors,54,-0.0038905872,0.0,0.0,1.0,3.0788875
1,A_recon,4_distractors,55,-0.35704008,0.0,0.0,0.0,8.325898
1,A_recon,4_distractors,56,0.10499621,0.0,0.13333333333333333,1.0,4.121622
1,A_recon,4_distractors,57,-0.77295196,0.0,0.0,0.0,26.148258
1,A_recon,4_distractors,58,-0.4087334,0.0,0.0,0.0,15.945682
1,A_recon,4_distractors,59,-0.40651795,0.0,0.0,1.0,15.09703
1,A_recon,4_distractors,60,-0.36788097,0.0,0.0,1.0,5.8733077
1,A_recon,4_distractors,61,-0.34147573,0.0,0.0,0.0,13.785032
1,A_recon,4_distractors,62,-0.41092533,0.0,0.0,1.0,13.410155
1,A_recon,4_distractors,63,-0.3015811,0.0,0.0,0.0,12.857323
1,A_recon,4_distractors,64,-0.40528008,0.0,0.0,1.0,9.766518
1,A_recon,4_distractors,65,0.12694228,0.0,0.3333333333333333,1.0,3.6004534
1,A_recon,4_distractors,66,-0.01425068,0.0,0.044444444444444446,1.0,6.388615
1,A_recon,4_distractors,67,-0.06947467,0.0,0.0,1.0,4.698936
1,A_recon,4_distractors,68,-0.5451374,0.0,0.0,1.0,6.3507776
1,A_recon,4_distractors,69,-0.34845692,0.0,0.0,0.0,13.14246
1,A_recon,4_distractors,70,-0.26534945,0.0,0.0,1.0,9.928667
1,A_recon,4_distractors,71,-0.47476706,0.0,0.0,0.0,11.613866
1,A_recon,4_distractors,72,-0.103916034,0.0,0.1111111111111111,1.0,10.325913
1,A_recon,4_distractors,73,-0.36666897,0.0,0.0,1.0,13.575396
1,A_recon,4_distractors,74,-0.168248,0.0,0.0,1.0,1.5679001
1,A_recon,4_distractors,75,-0.40446064,0.0,0.0,1.0,13.366995
1,A_recon,4_distractors,76,-0.23468111,0.0,0.0,1.0,6.2772293
1,A_recon,4_distractors,77,-0.34632972,0.0,0.0,1.0,6.6785426
1,A_recon,4_distractors,78,-0.32450974,0.0,0.0,1.0,11.0866
1,A_recon,4_distractors,79,-0.21615866,0.0,0.0,1.0,3.8682768
1,A_recon,4_distractors,80,-0.40717778,0.0,0.0,1.0,7.911562
1,A_recon,4_distractors,81,-0.48620856,0.0,0.0,1.0,15.712385
1,A_recon,4_distractors,82,-0.27467328,0.0,0.0,1.0,3.8583205
1,A_recon,4_distractors,83,-0.65719944,0.0,0.0,1.0,17.990953
1,A_recon,4_distractors,84,-0.47499463,0.0,0.0,0.0,17.807291
1,A_recon,4_distractors,85,-0.67479473,0.0,0.0,0.0,22.829325
1,A_recon,4_distractors,86,-0.3382277,0.0,0.0,0.0,9.186897
1,A_recon,4_distractors,87,-0.1735207,0.0,0.0,1.0,6.7975235
1,A_recon,4_distractors,88,-0.26659453,0.0,0.0,1.0,9.464155
1,A_recon,4_distractors,89,-0.17173654,0.0,0.0,1.0,3.4059427
1,A_recon,4_distractors,90,-0.34337512,0.0,0.0,1.0,7.1952643
1,A_recon,4_distractors,91,-0.7391458,0.0,0.0,0.0,24.509075
1,A_recon,4_distractors,92,-0.24137136,0.0,0.0,1.0,4.2772293
1,A_recon,4_distractors,93,-0.5257707,0.0,0.0,0.0,13.424732
1,A_recon,4_distractors,94,-0.269354,0.0,0.0,1.0,11.292623
1,A_recon,4_distractors,95,-0.27309954,0.0,0.0,1.0,7.308055
1,A_recon,4_distractors,96,-0.25078255,0.0,0.0,1.0,1.8929306
1,A_recon,4_distractors,97,-0.35165122,0.0,0.0,1.0,11.9394
1,A_recon,4_distractors,98,-0.2021545,0.0,0.0,1.0,6.791287
1,A_recon,4_distractors,99,-0.3873255,0.0,0.0,1.0,7.920165
1,A_recon,fast_distractors,0,-0.2508852,0.0,0.0,1.0,8.669163
1,A_recon,fast_distractors,1,-0.3395729,0.0,0.0,1.0,8.934156
1,A_recon,fast_distractors,2,-0.2465697,0.0,0.0,1.0,2.7997696
1,A_recon,fast_distractors,3,-0.30661222,0.0,0.0,1.0,8.553652
1,A_recon,fast_distractors,4,-0.16677077,0.0,0.0,1.0,7.186787
1,A_recon,fast_distractors,5,-0.49701157,0.0,0.0,0.0,12.136147
1,A_recon,fast_distractors,6,-0.28571814,0.0,0.0,1.0,8.268664
1,A_recon,fast_distractors,7,-0.2496774,0.0,0.0,1.0,4.453379
1,A_recon,fast_distractors,8,-0.2506103,0.0,0.0,1.0,4.504469
1,A_recon,fast_distractors,9,-0.034014605,1.0,0.3111111111111111,1.0,0.34785673
1,A_recon,fast_distractors,10,-0.37516662,0.0,0.0,1.0,11.605064
1,A_recon,fast_distractors,11,-0.67780524,0.0,0.0,0.0,21.807327
1,A_recon,fast_distractors,12,-0.17705314,0.0,0.0,1.0,4.9337773
1,A_recon,fast_distractors,13,-0.70385253,0.0,0.0,0.0,22.943178
1,A_recon,fast_distractors,14,-0.267639,0.0,0.0,1.0,6.694923
1,A_recon,fast_distractors,15,-0.34672454,0.0,0.0,1.0,5.4843793
1,A_recon,fast_distractors,16,-0.14086056,0.0,0.0,1.0,5.6049943
1,A_recon,fast_distractors,17,-0.19953363,0.0,0.0,1.0,8.400436
1,A_recon,fast_distractors,18,-0.42048678,0.0,0.0,0.0,14.101538
1,A_recon,fast_distractors,19,-0.37682998,0.0,0.0,1.0,4.929696
1,A_recon,fast_distractors,20,-0.33783725,0.0,0.0,0.0,9.225723
1,A_recon,fast_distractors,21,-0.19425175,0.0,0.0,1.0,6.6764235
1,A_recon,fast_distractors,22,-0.23226151,0.0,0.0,1.0,6.5590158
1,A_recon,fast_distractors,23,-0.052583076,0.0,0.0,1.0,4.581426
1,A_recon,fast_distractors,24,-0.019563008,0.0,0.2222222222222222,1.0,3.042511
1,A_recon,fast_distractors,25,-0.4765433,0.0,0.0,0.0,17.686903
1,A_recon,fast_distractors,26,-0.20936002,0.0,0.0,0.0,11.39167
1,A_recon,fast_distractors,27,-0.17828128,0.0,0.0,0.0,7.844621
1,A_recon,fast_distractors,28,-0.05631059,0.0,0.0,1.0,2.7263918
1,A_recon,fast_distractors,29,-0.4159227,0.0,0.0,1.0,12.588027
1,A_recon,fast_distractors,30,-0.31369516,0.0,0.0,1.0,4.049988
1,A_recon,fast_distractors,31,-0.31401104,0.0,0.0,1.0,8.304467
1,A_recon,fast_distractors,32,-0.579138,0.0,0.0,0.0,16.022749
1,A_recon,fast_distractors,33,-0.10580743,0.0,0.0,1.0,2.666412
1,A_recon,fast_distractors,34,-0.35103703,0.0,0.0,1.0,5.485163
1,A_recon,fast_distractors,35,-0.27245224,0.0,0.0,1.0,8.6980295
1,A_recon,fast_distractors,36,-0.18655968,0.0,0.0,1.0,6.712895
1,A_recon,fast_distractors,37,-0.358885,0.0,0.0,1.0,5.385598
1,A_recon,fast_distractors,38,-0.3426387,0.0,0.0,1.0,10.620437
1,A_recon,fast_distractors,39,-0.22341238,1.0,0.022222222222222223,1.0,1.4015307
1,A_recon,fast_distractors,40,-0.21865474,0.0,0.0,1.0,4.28023
1,A_recon,fast_distractors,41,-0.15946282,0.0,0.0,1.0,3.847463
1,A_recon,fast_distractors,42,-0.3199621,0.0,0.0,1.0,12.515358
1,A_recon,fast_distractors,43,-0.18499167,0.0,0.0,1.0,4.849027
1,A_recon,fast_distractors,44,-0.19252175,0.0,0.0,1.0,7.750414
1,A_recon,fast_distractors,45,-0.25610065,0.0,0.0,1.0,5.8202043
1,A_recon,fast_distractors,46,-0.33800903,0.0,0.0,1.0,3.4861288
1,A_recon,fast_distractors,47,-0.19430968,0.0,0.0,0.0,10.847428
1,A_recon,fast_distractors,48,-0.5322706,0.0,0.0,1.0,16.306488
1,A_recon,fast_distractors,49,-0.45814943,0.0,0.0,0.0,20.401379
1,A_recon,fast_distractors,50,-0.10007755,0.0,0.0,1.0,2.3371544
1,A_recon,fast_distractors,51,-0.5873174,0.0,0.0,0.0,15.898863
1,A_recon,fast_distractors,52,-0.22916001,0.0,0.0,0.0,8.971655
1,A_recon,fast_distractors,53,-0.27598208,0.0,0.0,1.0,7.4337287
1,A_recon,fast_distractors,54,-0.09660613,0.0,0.0,1.0,4.431373
1,A_recon,fast_distractors,55,-0.33381432,0.0,0.0,0.0,7.6004567
1,A_recon,fast_distractors,56,0.08191565,0.0,0.17777777777777778,1.0,5.5299087
1,A_recon,fast_distractors,57,-0.78610456,0.0,0.0,0.0,26.530582
1,A_recon,fast_distractors,58,-0.4170234,0.0,0.0,0.0,16.694649
1,A_recon,fast_distractors,59,-0.4897352,0.0,0.0,0.0,18.12434
1,A_recon,fast_distractors,60,-0.35317975,0.0,0.0,1.0,4.8743086
1,A_recon,fast_distractors,61,-0.33247906,0.0,0.0,0.0,13.143133
1,A_recon,fast_distractors,62,-0.39341888,0.0,0.0,1.0,12.529734
1,A_recon,fast_distractors,63,-0.30158255,0.0,0.0,0.0,13.091367
1,A_recon,fast_distractors,64,-0.38901973,0.0,0.0,1.0,8.835317
1,A_recon,fast_distractors,65,0.14481226,0.0,0.35555555555555557,1.0,3.3167799
1,A_recon,fast_distractors,66,-0.032088578,0.0,0.044444444444444446,1.0,6.8549485
1,A_recon,fast_distractors,67,-0.06197952,0.0,0.0,1.0,4.1122103
1,A_recon,fast_distractors,68,-0.5571109,0.0,0.0,1.0,5.853536
1,A_recon,fast_distractors,69,-0.3463501,0.0,0.0,0.0,13.4777
1,A_recon,fast_distractors,70,-0.27547592,0.0,0.0,1.0,10.727831
1,A_recon,fast_distractors,71,-0.4569109,0.0,0.0,0.0,11.374987
1,A_recon,fast_distractors,72,0.10881034,0.0,0.17777777777777778,1.0,3.1767714
1,A_recon,fast_distractors,73,-0.38622978,0.0,0.0,1.0,13.625219
1,A_recon,fast_distractors,74,-0.46547717,0.0,0.0,1.0,12.169958
1,A_recon,fast_distractors,75,-0.40144065,0.0,0.0,1.0,13.174808
1,A_recon,fast_distractors,76,-0.24159762,0.0,0.0,1.0,6.7014055
1,A_recon,fast_distractors,77,-0.35217237,0.0,0.0,1.0,4.460126
1,A_recon,fast_distractors,78,-0.36245137,0.0,0.0,1.0,12.331413
1,A_recon,fast_distractors,79,-0.26279628,0.0,0.0,1.0,7.3337917
1,A_recon,fast_distractors,80,-0.3973177,0.0,0.0,1.0,7.0651364
1,A_recon,fast_distractors,81,-0.45327014,0.0,0.0,1.0,13.293052
1,A_recon,fast_distractors,82,-0.26524982,0.0,0.0,1.0,4.914371
1,A_recon,fast_distractors,83,-0.5016562,0.0,0.0,1.0,5.8302298
1,A_recon,fast_distractors,84,-0.47382164,0.0,0.0,0.0,18.214445
1,A_recon,fast_distractors,85,-0.67097795,0.0,0.0,0.0,22.079176
1,A_recon,fast_distractors,86,-0.29007593,0.0,0.0,0.0,7.7732353
1,A_recon,fast_distractors,87,-0.123655014,0.0,0.0,1.0,5.088856
1,A_recon,fast_distractors,88,-0.24751881,0.0,0.0,1.0,11.130704
1,A_recon,fast_distractors,89,-0.18869074,0.0,0.0,1.0,4.4043674
1,A_recon,fast_distractors,90,-0.5056304,0.0,0.0,0.0,14.605239
1,A_recon,fast_distractors,91,-0.76098335,0.0,0.0,0.0,26.212791
1,A_recon,fast_distractors,92,-0.2312882,0.0,0.0,1.0,4.9362507
1,A_recon,fast_distractors,93,-0.4926842,0.0,0.0,0.0,13.083223
1,A_recon,fast_distractors,94,-0.25167236,0.0,0.0,1.0,10.718248
1,A_recon,fast_distractors,95,-0.25754625,0.0,0.0,1.0,7.1650653
1,A_recon,fast_distractors,96,-0.33834144,0.0,0.0,0.0,6.687769
1,A_recon,fast_distractors,97,-0.36159968,0.0,0.0,1.0,12.539614
1,A_recon,fast_distractors,98,-0.18559682,0.0,0.0,1.0,5.468293
1,A_recon,fast_distractors,99,-0.25823167,0.0,0.0,1.0,2.7090762
1,A_recon,unseen_distractor_hues,0,-0.25894952,0.0,0.0,1.0,9.074501
1,A_recon,unseen_distractor_hues,1,-0.3526695,0.0,0.0,1.0,9.409364
1,A_recon,unseen_distractor_hues,2,-0.26233032,0.0,0.0,1.0,3.29547
1,A_recon,unseen_distractor_hues,3,-0.3047558,0.0,0.0,1.0,8.844344
1,A_recon,unseen_distractor_hues,4,-0.14509481,0.0,0.0,1.0,7.98863
1,A_recon,unseen_distractor_hues,5,-0.38409293,0.0,0.0,1.0,7.03584
1,A_recon,unseen_distractor_hues,6,-0.25152752,0.0,0.0,1.0,6.457421
1,A_recon,unseen_distractor_hues,7,-0.22310527,0.0,0.0,1.0,3.8941815
1,A_recon,unseen_distractor_hues,8,-0.23827738,0.0,0.0,1.0,4.040321
1,A_recon,unseen_distractor_hues,9,-0.27090913,0.0,0.0,1.0,6.703861
1,A_recon,unseen_distractor_hues,10,-0.3872056,0.0,0.0,1.0,12.074053
1,A_recon,unseen_distractor_hues,11,-0.67745644,0.0,0.0,0.0,21.463417
1,A_recon,unseen_distractor_hues,12,-0.12772603,0.0,0.0,1.0,2.6010344
1,A_recon,unseen_distractor_hues,13,-0.70416033,0.0,0.0,0.0,23.073683
1,A_recon,unseen_distractor_hues,14,-0.28199542,0.0,0.0,1.0,7.7087493
1,A_recon,unseen_distractor_hues,15,-0.5667806,0.0,0.0,0.0,17.465637
1,A_recon,unseen_distractor_hues,16,-0.16051283,0.0,0.0,1.0,5.48683
1,A_recon,unseen_distractor_hues,17,-0.15889661,0.0,0.0,1.0,6.2098594
1,A_recon,unseen_distractor_hues,18,-0.406295,0.0,0.0,1.0,12.279382
1,A_recon,unseen_distractor_hues,19,-0.27450448,0.0,0.0,1.0,1.5655473
1,A_recon,unseen_distractor_hues,20,-0.2554174,0.0,0.0,1.0,6.6575284
1,A_recon,unseen_distractor_hues,21,-0.1911212,0.0,0.0,1.0,6.4489956
1,A_recon,unseen_distractor_hues,22,-0.21651787,0.0,0.0,1.0,5.6903744
1,A_recon,unseen_distractor_hues,23,-0.05644325,0.0,0.0,1.0,4.526301
1,A_recon,unseen_distractor_hues,24,-0.011041889,1.0,0.2222222222222222,1.0,0.28206718
1,A_recon,unseen_distractor_hues,25,-0.46627536,0.0,0.0,0.0,16.844522
1,A_recon,unseen_distractor_hues,26,-0.20780574,0.0,0.0,0.0,11.245791
1,A_recon,unseen_distractor_hues,27,-0.1201911,0.0,0.0,1.0,5.6398444
1,A_recon,unseen_distractor_hues,28,-0.13299125,0.0,0.0,1.0,6.3263216
1,A_recon,unseen_distractor_hues,29,-0.35072064,0.0,0.0,1.0,10.157042
1,A_recon,unseen_distractor_hues,30,-0.3006714,0.0,0.0,1.0,6.035405
1,A_recon,unseen_distractor_hues,31,-0.3143732,0.0,0.0,1.0,7.446224
1,A_recon,unseen_distractor_hues,32,-0.4274613,0.0,0.0,1.0,6.5192823
1,A_recon,unseen_distractor_hues,33,-0.18737894,0.0,0.0,1.0,5.799467
1,A_recon,unseen_distractor_hues,34,-0.2972639,0.0,0.0,1.0,6.1436276
1,A_recon,unseen_distractor_hues,35,-0.26982203,0.0,0.0,1.0,7.984023
1,A_recon,unseen_distractor_hues,36,-0.19829275,0.0,0.0,1.0,7.654096
1,A_recon,unseen_distractor_hues,37,-0.35643137,0.0,0.0,1.0,4.2709756
1,A_recon,unseen_distractor_hues,38,-0.33861807,0.0,0.0,1.0,10.586516
1,A_recon,unseen_distractor_hues,39,-0.21661878,1.0,0.044444444444444446,1.0,1.3559545
1,A_recon,unseen_distractor_hues,40,-0.24284853,0.0,0.0,1.0,5.5443335
1,A_recon,unseen_distractor_hues,41,-0.19311328,0.0,0.0,1.0,4.6406465
1,A_recon,unseen_distractor_hues,42,-0.29589924,0.0,0.0,1.0,11.12534
1,A_recon,unseen_distractor_hues,43,-0.20180291,0.0,0.0,1.0,7.435375
1,A_recon,unseen_distractor_hues,44,-0.1822957,0.0,0.0,1.0,7.414414
1,A_recon,unseen_distractor_hues,45,-0.28172868,0.0,0.0,1.0,6.9831896
1,A_recon,unseen_distractor_hues,46,-0.28697324,1.0,0.044444444444444446,1.0,1.1651222
1,A_recon,unseen_distractor_hues,47,-0.211189,0.0,0.0,0.0,12.053036
1,A_recon,unseen_distractor_hues,48,-0.49294975,0.0,0.0,1.0,13.818379
1,A_recon,unseen_distractor_hues,49,-0.4461765,0.0,0.0,0.0,19.667252
1,A_recon,unseen_distractor_hues,50,-0.1727009,0.0,0.0,1.0,3.4178512
1,A_recon,unseen_distractor_hues,51,-0.6016561,0.0,0.0,0.0,16.649448
1,A_recon,unseen_distractor_hues,52,-0.23754026,0.0,0.0,0.0,10.118955
1,A_recon,unseen_distractor_hues,53,-0.2643102,0.0,0.0,1.0,7.0009584
1,A_recon,unseen_distractor_hues,54,-0.094124645,0.0,0.0,1.0,4.5004535
1,A_recon,unseen_distractor_hues,55,-0.33566537,0.0,0.0,0.0,7.7880754
1,A_recon,unseen_distractor_hues,56,0.20374653,0.0,0.4222222222222222,1.0,3.029206
1,A_recon,unseen_distractor_hues,57,-0.78468347,0.0,0.0,0.0,26.449457
1,A_recon,unseen_distractor_hues,58,-0.4103494,0.0,0.0,0.0,16.217667
1,A_recon,unseen_distractor_hues,59,-0.50910383,0.0,0.0,0.0,19.137257
1,A_recon,unseen_distractor_hues,60,-0.37496054,0.0,0.0,1.0,7.709372
1,A_recon,unseen_distractor_hues,61,-0.32373837,0.0,0.0,0.0,12.289023
1,A_recon,unseen_distractor_hues,62,-0.4042792,0.0,0.0,1.0,14.046756
1,A_recon,unseen_distractor_hues,63,-0.31959257,0.0,0.0,0.0,13.412799
1,A_recon,unseen_distractor_hues,64,-0.40148884,0.0,0.0,1.0,9.475487
1,A_recon,unseen_distractor_hues,65,0.10093796,0.0,0.28888888888888886,1.0,3.9493246
1,A_recon,unseen_distractor_hues,66,-0.024986934,0.0,0.06666666666666667,1.0,6.656593
1,A_recon,unseen_distractor_hues,67,-0.06330407,0.0,0.0,1.0,2.896081
1,A_recon,unseen_distractor_hues,68,-0.5476894,0.0,0.0,1.0,4.444497
1,A_recon,unseen_distractor_hues,69,-0.3407242,0.0,0.0,0.0,12.953783
1,A_recon,unseen_distractor_hues,70,-0.2591562,0.0,0.0,1.0,9.394963
1,A_recon,unseen_distractor_hues,71,-0.52126807,0.0,0.0,0.0,14.829782
1,A_recon,unseen_distractor_hues,72,0.03512836,0.0,0.17777777777777778,1.0,4.679737
1,A_recon,unseen_distractor_hues,73,-0.37236357,0.0,0.0,1.0,13.502872
1,A_recon,unseen_distractor_hues,74,-0.3205552,0.0,0.0,1.0,6.4003143
1,A_recon,unseen_distractor_hues,75,-0.4149389,0.0,0.0,1.0,12.82084
1,A_recon,unseen_distractor_hues,76,-0.22075747,0.0,0.0,1.0,6.0520864
1,A_recon,unseen_distractor_hues,77,-0.33057666,0.0,0.0,1.0,3.3002298
1,A_recon,unseen_distractor_hues,78,-0.31749892,0.0,0.0,1.0,9.602315
1,A_recon,unseen_distractor_hues,79,-0.23299018,0.0,0.0,1.0,4.76117
1,A_recon,unseen_distractor_hues,80,-0.39432192,0.0,0.0,1.0,6.839447
1,A_recon,unseen_distractor_hues,81,-0.40651715,0.0,0.0,1.0,11.554077
1,A_recon,unseen_distractor_hues,82,-0.1875252,0.0,0.0,1.0,2.8447711
1,A_recon,unseen_distractor_hues,83,-0.5103555,0.0,0.0,1.0,6.954134
1,A_recon,unseen_distractor_hues,84,-0.4603519,0.0,0.0,0.0,16.538689
1,A_recon,unseen_distractor_hues,85,-0.6679999,0.0,0.0,0.0,21.698568
1,A_recon,unseen_distractor_hues,86,-0.31707698,0.0,0.0,0.0,9.055105
1,A_recon,unseen_distractor_hues,87,-0.1356132,0.0,0.0,1.0,5.038101
1,A_recon,unseen_distractor_hues,88,-0.10568462,0.0,0.0,1.0,3.0441065
1,A_recon,unseen_distractor_hues,89,-0.18888964,0.0,0.0,1.0,4.5483418
1,A_recon,unseen_distractor_hues,90,-0.4725816,0.0,0.0,1.0,13.321728
1,A_recon,unseen_distractor_hues,91,-0.7396887,0.0,0.0,0.0,24.15571
1,A_recon,unseen_distractor_hues,92,-0.23278236,0.0,0.0,1.0,5.1885953
1,A_recon,unseen_distractor_hues,93,-0.4698633,0.0,0.0,1.0,11.760678
1,A_recon,unseen_distractor_hues,94,-0.25113854,0.0,0.0,1.0,10.550138
1,A_recon,unseen_distractor_hues,95,-0.27410123,0.0,0.0,1.0,7.488866
1,A_recon,unseen_distractor_hues,96,-0.2644112,0.0,0.0,1.0,2.417276
1,A_recon,unseen_distractor_hues,97,-0.36578408,0.0,0.0,1.0,13.361608
1,A_recon,unseen_distractor_hues,98,-0.19941264,0.0,0.0,1.0,6.301098
1,A_recon,unseen_distractor_hues,99,-0.26280662,0.0,0.0,1.0,3.0678978
1,A_recon,heavy_pixel_noise,0,-0.2535907,0.0,0.0,1.0,8.597193
1,A_recon,heavy_pixel_noise,1,-0.2683596,0.0,0.0,1.0,4.282338
1,A_recon,heavy_pixel_noise,2,-0.2368146,0.0,0.0,1.0,2.0091174
1,A_recon,heavy_pixel_noise,3,-0.3423543,0.0,0.0,1.0,9.999251
1,A_recon,heavy_pixel_noise,4,-0.17073542,0.0,0.0,1.0,5.5447235
1,A_recon,heavy_pixel_noise,5,-0.45354936,0.0,0.0,1.0,9.44262
1,A_recon,heavy_pixel_noise,6,-0.2918334,0.0,0.0,1.0,8.987737
1,A_recon,heavy_pixel_noise,7,-0.2562876,0.0,0.0,1.0,5.140903
1,A_recon,heavy_pixel_noise,8,-0.25237045,0.0,0.0,1.0,4.7551165
1,A_recon,heavy_pixel_noise,9,-0.33246696,0.0,0.0,1.0,7.360174
1,A_recon,heavy_pixel_noise,10,-0.41135988,0.0,0.0,1.0,13.104827
1,A_recon,heavy_pixel_noise,11,-0.5842038,0.0,0.0,0.0,19.237162
1,A_recon,heavy_pixel_noise,12,0.019066382,0.0,0.0,1.0,2.2179813
1,A_recon,heavy_pixel_noise,13,-0.702038,0.0,0.0,0.0,22.336575
1,A_recon,heavy_pixel_noise,14,-0.21646568,0.0,0.0,1.0,5.0773377
1,A_recon,heavy_pixel_noise,15,-0.3955477,0.0,0.0,1.0,9.8687315
1,A_recon,heavy_pixel_noise,16,-0.16386458,0.0,0.0,1.0,5.6341867
1,A_recon,heavy_pixel_noise,17,-0.18216288,0.0,0.0,1.0,7.3734026
1,A_recon,heavy_pixel_noise,18,-0.4878734,0.0,0.0,0.0,16.49255
1,A_recon,heavy_pixel_noise,19,-0.20149978,1.0,0.2,1.0,0.6299815
1,A_recon,heavy_pixel_noise,20,-0.3441175,0.0,0.0,1.0,9.203565
1,A_recon,heavy_pixel_noise,21,-0.1895276,0.0,0.0,1.0,5.952335
1,A_recon,heavy_pixel_noise,22,-0.24554119,0.0,0.0,0.0,8.656827
1,A_recon,heavy_pixel_noise,23,0.03625798,0.0,0.044444444444444446,1.0,3.9669821
1,A_recon,heavy_pixel_noise,24,0.042273737,0.0,0.35555555555555557,1.0,1.6426562
1,A_recon,heavy_pixel_noise,25,-0.4686408,0.0,0.0,0.0,17.137142
1,A_recon,heavy_pixel_noise,26,-0.22966589,0.0,0.0,0.0,11.910266
1,A_recon,heavy_pixel_noise,27,-0.19936901,0.0,0.0,0.0,8.589832
1,A_recon,heavy_pixel_noise,28,-0.14521381,0.0,0.0,1.0,6.5822725
1,A_recon,heavy_pixel_noise,29,-0.3299381,0.0,0.0,1.0,8.6960745
1,A_recon,heavy_pixel_noise,30,-0.29207996,0.0,0.0,1.0,2.3584151
1,A_recon,heavy_pixel_noise,31,-0.36548406,0.0,0.0,0.0,9.981897
1,A_recon,heavy_pixel_noise,32,-0.37402546,0.0,0.0,1.0,3.2985144
1,A_recon,heavy_pixel_noise,33,-0.08960302,0.0,0.0,1.0,2.3067575
1,A_recon,heavy_pixel_noise,34,-0.30052236,0.0,0.0,1.0,5.531669
1,A_recon,heavy_pixel_noise,35,-0.26949963,0.0,0.0,1.0,8.59829
1,A_recon,heavy_pixel_noise,36,-0.19342692,0.0,0.0,1.0,7.638687
1,A_recon,heavy_pixel_noise,37,-0.26863247,1.0,0.1111111111111111,1.0,0.27096167
1,A_recon,heavy_pixel_noise,38,-0.3245476,0.0,0.0,1.0,10.378128
1,A_recon,heavy_pixel_noise,39,-0.19612406,1.0,0.08888888888888889,1.0,1.066252
1,A_recon,heavy_pixel_noise,40,-0.14899896,0.0,0.0,1.0,3.1597266
1,A_recon,heavy_pixel_noise,41,-0.17574522,0.0,0.0,1.0,4.044247
1,A_recon,heavy_pixel_noise,42,-0.2608142,0.0,0.0,1.0,9.41879
1,A_recon,heavy_pixel_noise,43,-0.11246224,0.0,0.0,1.0,2.6563337
1,A_recon,heavy_pixel_noise,44,-0.19351342,0.0,0.0,1.0,6.9214816
1,A_recon,heavy_pixel_noise,45,-0.2223588,0.0,0.0,1.0,7.2605057
1,A_recon,heavy_pixel_noise,46,-0.557604,0.0,0.0,0.0,16.047512
1,A_recon,heavy_pixel_noise,47,-0.21428485,0.0,0.0,0.0,11.145585
1,A_recon,heavy_pixel_noise,48,-0.43177253,0.0,0.0,1.0,12.679878
1,A_recon,heavy_pixel_noise,49,-0.40085092,0.0,0.0,0.0,17.231766
1,A_recon,heavy_pixel_noise,50,-0.09316617,0.0,0.0,1.0,2.055672
1,A_recon,heavy_pixel_noise,51,-0.52180225,0.0,0.0,1.0,10.827007
1,A_recon,heavy_pixel_noise,52,-0.28576863,0.0,0.0,0.0,13.055156
1,A_recon,heavy_pixel_noise,53,-0.24685614,0.0,0.0,1.0,6.1952543
1,A_recon,heavy_pixel_noise,54,-0.057454262,0.0,0.0,1.0,3.8959973
1,A_recon,heavy_pixel_noise,55,-0.3354129,0.0,0.0,0.0,8.053475
1,A_recon,heavy_pixel_noise,56,0.12755598,0.0,0.2,1.0,3.702644
1,A_recon,heavy_pixel_noise,57,-0.765346,0.0,0.0,0.0,26.375977
1,A_recon,heavy_pixel_noise,58,-0.42437094,0.0,0.0,0.0,17.298615
1,A_recon,heavy_pixel_noise,59,-0.29818773,0.0,0.0,0.0,6.890281
1,A_recon,heavy_pixel_noise,60,-0.36068022,0.0,0.0,1.0,4.054488
1,A_recon,heavy_pixel_noise,61,-0.17041795,0.0,0.0,1.0,3.72881
1,A_recon,heavy_pixel_noise,62,-0.3724528,0.0,0.0,1.0,11.537111
1,A_recon,heavy_pixel_noise,63,-0.29537645,0.0,0.0,0.0,13.130585
1,A_recon,heavy_pixel_noise,64,-0.39727047,0.0,0.0,1.0,9.986961
1,A_recon,heavy_pixel_noise,65,0.09310982,0.0,0.28888888888888886,1.0,4.078669
1,A_recon,heavy_pixel_noise,66,0.02649924,0.0,0.24444444444444444,1.0,6.504763
1,A_recon,heavy_pixel_noise,67,0.19628435,1.0,0.6666666666666666,1.0,1.2623087
1,A_recon,heavy_pixel_noise,68,-0.59489805,0.0,0.0,1.0,10.10851
1,A_recon,heavy_pixel_noise,69,-0.35039002,0.0,0.0,0.0,14.015733
1,A_recon,heavy_pixel_noise,70,-0.2536776,0.0,0.0,1.0,8.2797365
1,A_recon,heavy_pixel_noise,71,-0.44322497,0.0,0.0,1.0,11.067847
1,A_recon,heavy_pixel_noise,72,0.0778703,0.0,0.2222222222222222,1.0,3.266574
1,A_recon,heavy_pixel_noise,73,-0.30228627,0.0,0.0,1.0,12.219866
1,A_recon,heavy_pixel_noise,74,-0.4736523,0.0,0.0,0.0,12.956644
1,A_recon,heavy_pixel_noise,75,-0.41005188,0.0,0.0,1.0,13.155184
1,A_recon,heavy_pixel_noise,76,-0.21210796,0.0,0.0,1.0,5.594204
1,A_recon,heavy_pixel_noise,77,-0.3296696,0.0,0.0,1.0,3.73595
1,A_recon,heavy_pixel_noise,78,-0.3713845,0.0,0.0,1.0,12.460976
1,A_recon,heavy_pixel_noise,79,-0.18066192,0.0,0.0,1.0,6.129838
1,A_recon,heavy_pixel_noise,80,-0.39145142,0.0,0.0,1.0,6.441029
1,A_recon,heavy_pixel_noise,81,-0.46022958,0.0,0.0,1.0,14.577115
1,A_recon,heavy_pixel_noise,82,-0.18423477,0.0,0.0,1.0,2.6336844
1,A_recon,heavy_pixel_noise,83,-0.49655074,0.0,0.0,1.0,7.83779
1,A_recon,heavy_pixel_noise,84,-0.44753665,0.0,0.0,0.0,17.383266
1,A_recon,heavy_pixel_noise,85,-0.40491152,0.0,0.0,1.0,6.5627246
1,A_recon,heavy_pixel_noise,86,-0.30074793,0.0,0.0,0.0,7.895812
1,A_recon,heavy_pixel_noise,87,0.05182195,1.0,0.35555555555555557,1.0,1.3765982
1,A_recon,heavy_pixel_noise,88,0.025513666,0.0,0.17777777777777778,1.0,4.3593507
1,A_recon,heavy_pixel_noise,89,-0.16268395,0.0,0.0,1.0,3.3994586
1,A_recon,heavy_pixel_noise,90,-0.5379801,0.0,0.0,0.0,16.73101
1,A_recon,heavy_pixel_noise,91,-0.5956545,0.0,0.0,0.0,17.032679
1,A_recon,heavy_pixel_noise,92,-0.2458498,0.0,0.0,1.0,4.822105
1,A_recon,heavy_pixel_noise,93,-0.63956857,0.0,0.0,1.0,21.668514
1,A_recon,heavy_pixel_noise,94,-0.25056335,0.0,0.0,1.0,10.533913
1,A_recon,heavy_pixel_noise,95,-0.30003455,0.0,0.0,1.0,7.451941
1,A_recon,heavy_pixel_noise,96,-0.26583177,0.0,0.0,1.0,4.53868
1,A_recon,heavy_pixel_noise,97,-0.32944602,0.0,0.0,1.0,10.137972
1,A_recon,heavy_pixel_noise,98,-0.1868662,0.0,0.0,1.0,6.022098
1,A_recon,heavy_pixel_noise,99,-0.31925365,0.0,0.0,1.0,5.464398
1,B_task,in_distribution,0,-0.38972968,0.0,0.0,0.0,13.69442
1,B_task,in_distribution,1,-0.32528466,0.0,0.0,1.0,9.644945
1,B_task,in_distribution,2,-0.64330304,0.0,0.0,0.0,20.921434
1,B_task,in_distribution,3,-0.3501833,0.0,0.0,0.0,9.62839
1,B_task,in_distribution,4,-0.1979846,0.0,0.0,1.0,6.1526213
1,B_task,in_distribution,5,-0.6640052,0.0,0.0,0.0,21.475319
1,B_task,in_distribution,6,-0.34032014,0.0,0.0,0.0,11.045213
1,B_task,in_distribution,7,-0.38985044,0.0,0.0,1.0,5.114796
1,B_task,in_distribution,8,-0.44364378,0.0,0.0,1.0,11.401172
1,B_task,in_distribution,9,-0.36788288,0.0,0.0,1.0,9.525839
1,B_task,in_distribution,10,-0.39196417,0.0,0.0,1.0,10.184431
1,B_task,in_distribution,11,-0.6463642,0.0,0.0,0.0,18.812737
1,B_task,in_distribution,12,-0.19278868,0.0,0.0,1.0,10.190701
1,B_task,in_distribution,13,-0.71309483,0.0,0.0,0.0,21.910284
1,B_task,in_distribution,14,-0.42287192,0.0,0.0,0.0,13.25094
1,B_task,in_distribution,15,-0.66408443,0.0,0.0,0.0,21.564386
1,B_task,in_distribution,16,-0.27888557,0.0,0.0,1.0,11.281328
1,B_task,in_distribution,17,-0.14646567,0.0,0.0,1.0,7.3824935
1,B_task,in_distribution,18,-0.48011982,0.0,0.0,1.0,15.174442
1,B_task,in_distribution,19,-0.65517265,0.0,0.0,0.0,18.269997
1,B_task,in_distribution,20,-0.32428628,0.0,0.0,0.0,11.12343
1,B_task,in_distribution,21,-0.16498241,0.0,0.0,1.0,4.1634126
1,B_task,in_distribution,22,-0.20260175,0.0,0.0,1.0,8.692948
1,B_task,in_distribution,23,0.03719907,0.0,0.2222222222222222,1.0,5.7158375
1,B_task,in_distribution,24,-0.32917848,0.0,0.0,1.0,7.8743663
1,B_task,in_distribution,25,-0.5062287,0.0,0.0,0.0,15.108246
1,B_task,in_distribution,26,-0.15090844,0.0,0.0,0.0,6.8503428
1,B_task,in_distribution,27,-0.222826,0.0,0.0,0.0,9.672655
1,B_task,in_distribution,28,0.06009149,0.0,0.2222222222222222,1.0,3.0702767
1,B_task,in_distribution,29,-0.50226444,0.0,0.0,0.0,17.853819
1,B_task,in_distribution,30,-0.4925309,0.0,0.0,1.0,11.819789
1,B_task,in_distribution,31,-0.33473003,0.0,0.0,0.0,8.877781
1,B_task,in_distribution,32,-0.82051605,0.0,0.0,0.0,28.18754
1,B_task,in_distribution,33,-0.27052882,0.0,0.0,1.0,12.195088
1,B_task,in_distribution,34,-0.3968237,0.0,0.0,1.0,7.902934
1,B_task,in_distribution,35,-0.265406,0.0,0.0,1.0,8.58049
1,B_task,in_distribution,36,-0.3334037,0.0,0.0,1.0,15.248655
1,B_task,in_distribution,37,-0.7146334,0.0,0.0,0.0,23.311531
1,B_task,in_distribution,38,-0.40983522,0.0,0.0,0.0,15.737804
1,B_task,in_distribution,39,-0.4211775,0.0,0.0,0.0,8.81211
1,B_task,in_distribution,40,-0.4681325,0.0,0.0,0.0,16.695295
1,B_task,in_distribution,41,-0.13014768,0.0,0.0,1.0,2.2282803
1,B_task,in_distribution,42,-0.25007516,0.0,0.0,1.0,6.8890467
1,B_task,in_distribution,43,-0.42903435,0.0,0.0,1.0,16.061043
1,B_task,in_distribution,44,-0.16143271,0.0,0.0,1.0,4.381137
1,B_task,in_distribution,45,-0.50060266,0.0,0.0,0.0,17.768703
1,B_task,in_distribution,46,-0.4002744,0.0,0.0,1.0,7.1790214
1,B_task,in_distribution,47,-0.20625816,0.0,0.0,1.0,6.7433286
1,B_task,in_distribution,48,-0.64968204,0.0,0.0,1.0,22.248837
1,B_task,in_distribution,49,-0.45965174,0.0,0.0,0.0,19.749529
1,B_task,in_distribution,50,-0.21477619,0.0,0.0,1.0,5.225733
1,B_task,in_distribution,51,-0.62255543,0.0,0.0,0.0,17.671864
1,B_task,in_distribution,52,-0.19361977,0.0,0.0,1.0,6.116548
1,B_task,in_distribution,53,-0.42143312,0.0,0.0,1.0,11.489408
1,B_task,in_distribution,54,-0.10948282,0.0,0.0,1.0,4.0976524
1,B_task,in_distribution,55,-0.41726664,0.0,0.0,0.0,9.250535
1,B_task,in_distribution,56,0.36102834,0.0,0.9111111111111111,1.0,1.7787068
1,B_task,in_distribution,57,-0.8476241,0.0,0.0,0.0,28.608358
1,B_task,in_distribution,58,-0.33657673,0.0,0.0,0.0,8.361049
1,B_task,in_distribution,59,-0.47803906,0.0,0.0,0.0,19.267227
1,B_task,in_distribution,60,-0.48340034,0.0,0.0,1.0,8.18636
1,B_task,in_distribution,61,-0.23680492,0.0,0.0,1.0,4.12716
1,B_task,in_distribution,62,-0.582629,0.0,0.0,0.0,24.370716
1,B_task,in_distribution,63,-0.25943637,0.0,0.0,1.0,6.5827456
1,B_task,in_distribution,64,-0.4783022,0.0,0.0,0.0,13.754515
1,B_task,in_distribution,65,0.2301538,0.0,0.5555555555555556,1.0,2.6587915
1,B_task,in_distribution,66,-0.043928005,0.0,0.13333333333333333,1.0,8.956098
1,B_task,in_distribution,67,-0.16253044,0.0,0.0,1.0,4.119279
1,B_task,in_distribution,68,-0.6680918,0.0,0.0,0.0,15.517772
1,B_task,in_distribution,69,-0.34280106,0.0,0.0,0.0,10.7602005
1,B_task,in_distribution,70,-0.25781065,0.0,0.0,1.0,7.018631
1,B_task,in_distribution,71,-0.5700645,0.0,0.0,0.0,16.246058
1,B_task,in_distribution,72,0.1326847,0.0,0.2222222222222222,1.0,2.6492715
1,B_task,in_distribution,73,-0.3777064,0.0,0.0,1.0,14.069127
1,B_task,in_distribution,74,-0.49952766,0.0,0.0,1.0,13.063427
1,B_task,in_distribution,75,-0.39112562,0.0,0.0,1.0,12.411901
1,B_task,in_distribution,76,-0.2533541,0.0,0.0,1.0,8.366282
1,B_task,in_distribution,77,-0.5875086,0.0,0.0,0.0,18.594496
1,B_task,in_distribution,78,-0.35470715,0.0,0.0,1.0,10.348827
1,B_task,in_distribution,79,-0.23280278,0.0,0.0,0.0,9.08295
1,B_task,in_distribution,80,-0.7077334,0.0,0.0,0.0,22.42532
1,B_task,in_distribution,81,-0.49642706,0.0,0.0,1.0,13.460043
1,B_task,in_distribution,82,-0.42988366,0.0,0.0,1.0,11.23138
1,B_task,in_distribution,83,-0.62599987,0.0,0.0,1.0,14.762348
1,B_task,in_distribution,84,-0.42694452,0.0,0.0,0.0,13.08083
1,B_task,in_distribution,85,-0.72336704,0.0,0.0,0.0,24.425694
1,B_task,in_distribution,86,-0.5015744,0.0,0.0,0.0,14.241936
1,B_task,in_distribution,87,-0.07073171,0.0,0.0,1.0,1.6830459
1,B_task,in_distribution,88,-0.31634033,0.0,0.0,1.0,12.116251
1,B_task,in_distribution,89,-0.29219785,0.0,0.0,0.0,11.554234
1,B_task,in_distribution,90,-0.6075094,0.0,0.0,0.0,18.247236
1,B_task,in_distribution,91,-0.8035072,0.0,0.0,0.0,26.24324
1,B_task,in_distribution,92,-0.2933205,0.0,0.0,0.0,9.705678
1,B_task,in_distribution,93,-0.5425372,0.0,0.0,0.0,15.128164
1,B_task,in_distribution,94,-0.24178083,0.0,0.0,1.0,7.992775
1,B_task,in_distribution,95,-0.47166795,0.0,0.0,0.0,11.639057
1,B_task,in_distribution,96,-0.506304,0.0,0.0,0.0,14.949409
1,B_task,in_distribution,97,-0.33641085,0.0,0.0,1.0,8.532611
1,B_task,in_distribution,98,-0.1885064,0.0,0.0,1.0,5.831673
1,B_task,in_distribution,99,-0.4200723,0.0,0.0,1.0,9.35605
1,B_task,4_distractors,0,-0.3968856,0.0,0.0,0.0,14.8791895
1,B_task,4_distractors,1,-0.31830513,0.0,0.0,1.0,10.01548
1,B_task,4_distractors,2,-0.64992,0.0,0.0,0.0,21.894201
1,B_task,4_distractors,3,-0.35631773,0.0,0.0,0.0,10.771834
1,B_task,4_distractors,4,-0.25732502,0.0,0.0,1.0,10.087751
1,B_task,4_distractors,5,-0.70448416,0.0,0.0,0.0,24.135244
1,B_task,4_distractors,6,-0.38165796,0.0,0.0,0.0,13.329254
1,B_task,4_distractors,7,-0.49306616,0.0,0.0,0.0,10.338346
1,B_task,4_distractors,8,-0.4533265,0.0,0.0,1.0,12.239152
1,B_task,4_distractors,9,-0.36598638,0.0,0.0,1.0,8.665856
1,B_task,4_distractors,10,-0.5047196,0.0,0.0,0.0,15.0721445
1,B_task,4_distractors,11,-0.6546232,0.0,0.0,0.0,19.0275
1,B_task,4_distractors,12,-0.17573895,0.0,0.0,1.0,7.8690143
1,B_task,4_distractors,13,-0.6962543,0.0,0.0,0.0,20.725061
1,B_task,4_distractors,14,-0.43849325,0.0,0.0,0.0,15.81035
1,B_task,4_distractors,15,-0.6966098,0.0,0.0,0.0,22.010208
1,B_task,4_distractors,16,-0.27575642,0.0,0.0,1.0,10.3763485
1,B_task,4_distractors,17,-0.14588428,0.0,0.0,1.0,7.709564
1,B_task,4_distractors,18,-0.5132045,0.0,0.0,1.0,17.109997
1,B_task,4_distractors,19,-0.6176818,0.0,0.0,0.0,17.01504
1,B_task,4_distractors,20,-0.37365562,0.0,0.0,0.0,13.963912
1,B_task,4_distractors,21,-0.15959746,0.0,0.0,1.0,4.431838
1,B_task,4_distractors,22,-0.24257636,0.0,0.0,1.0,10.4414
1,B_task,4_distractors,23,0.08996761,0.0,0.3111111111111111,1.0,4.9909143
1,B_task,4_distractors,24,-0.3229559,0.0,0.0,1.0,8.14614
1,B_task,4_distractors,25,-0.52268595,0.0,0.0,0.0,16.583307
1,B_task,4_distractors,26,-0.14966685,0.0,0.0,1.0,8.044713
1,B_task,4_distractors,27,-0.16639315,0.0,0.0,0.0,7.4671655
1,B_task,4_distractors,28,-0.084395565,0.0,0.0,1.0,2.0149443
1,B_task,4_distractors,29,-0.49752203,0.0,0.0,0.0,16.611183
1,B_task,4_distractors,30,-0.48446125,0.0,0.0,1.0,12.164262
1,B_task,4_distractors,31,-0.34303385,0.0,0.0,0.0,9.169632
1,B_task,4_distractors,32,-0.81247365,0.0,0.0,0.0,27.266945
1,B_task,4_distractors,33,-0.23643173,0.0,0.0,1.0,10.267434
1,B_task,4_distractors,34,-0.4859048,0.0,0.0,0.0,13.439011
1,B_task,4_distractors,35,-0.26755807,0.0,0.0,1.0,8.467073
1,B_task,4_distractors,36,-0.3364408,0.0,0.0,1.0,13.923884
1,B_task,4_distractors,37,-0.7117056,0.0,0.0,0.0,25.167366
1,B_task,4_distractors,38,-0.45118958,0.0,0.0,0.0,19.553387
1,B_task,4_distractors,39,-0.44378936,0.0,0.0,0.0,9.762421
1,B_task,4_distractors,40,-0.46896636,0.0,0.0,0.0,16.985367
1,B_task,4_distractors,41,-0.140163,0.0,0.0,1.0,2.3407366
1,B_task,4_distractors,42,-0.26235387,0.0,0.0,1.0,6.08224
1,B_task,4_distractors,43,-0.4531155,0.0,0.0,1.0,17.329645
1,B_task,4_distractors,44,-0.16480525,0.0,0.0,1.0,6.52525
1,B_task,4_distractors,45,-0.4034128,0.0,0.0,0.0,15.078061
1,B_task,4_distractors,46,-0.46170488,0.0,0.0,0.0,9.392293
1,B_task,4_distractors,47,-0.13934796,0.0,0.0,1.0,4.5947785
1,B_task,4_distractors,48,-0.65034926,0.0,0.0,1.0,22.173557
1,B_task,4_distractors,49,-0.43055215,0.0,0.0,0.0,17.347368
1,B_task,4_distractors,50,-0.2083286,0.0,0.0,1.0,5.439189
1,B_task,4_distractors,51,-0.6457322,0.0,0.0,0.0,20.001469
1,B_task,4_distractors,52,-0.17728378,0.0,0.0,1.0,5.8758416
1,B_task,4_distractors,53,-0.42542657,0.0,0.0,1.0,11.836593
1,B_task,4_distractors,54,-0.04333154,0.0,0.0,1.0,4.842685
1,B_task,4_distractors,55,-0.45116767,0.0,0.0,0.0,10.66428
1,B_task,4_distractors,56,0.34500626,0.0,0.7555555555555555,1.0,2.4790418
1,B_task,4_distractors,57,-0.8388989,0.0,0.0,0.0,27.90835
1,B_task,4_distractors,58,-0.31530184,0.0,0.0,0.0,6.836956
1,B_task,4_distractors,59,-0.5460404,0.0,0.0,0.0,21.454414
1,B_task,4_distractors,60,-0.47912776,0.0,0.0,1.0,7.844706
1,B_task,4_distractors,61,-0.31531242,0.0,0.0,0.0,11.854221
1,B_task,4_distractors,62,-0.60301447,0.0,0.0,0.0,24.491196
1,B_task,4_distractors,63,-0.29947057,0.0,0.0,1.0,8.988267
1,B_task,4_distractors,64,-0.5708203,0.0,0.0,0.0,18.272121
1,B_task,4_distractors,65,0.27578256,1.0,0.7111111111111111,1.0,1.2850931
1,B_task,4_distractors,66,-0.090499595,0.0,0.0,1.0,8.097276
1,B_task,4_distractors,67,-0.1901962,0.0,0.0,1.0,6.435265
1,B_task,4_distractors,68,-0.6687384,0.0,0.0,0.0,15.569846
1,B_task,4_distractors,69,-0.32593653,0.0,0.0,1.0,9.117768
1,B_task,4_distractors,70,-0.29618913,0.0,0.0,1.0,8.678506
1,B_task,4_distractors,71,-0.5730685,0.0,0.0,0.0,15.932727
1,B_task,4_distractors,72,0.15150185,0.0,0.2,1.0,2.3472235
1,B_task,4_distractors,73,-0.3388951,0.0,0.0,1.0,13.917661
1,B_task,4_distractors,74,-0.48181483,0.0,0.0,1.0,12.249583
1,B_task,4_distractors,75,-0.38420835,0.0,0.0,1.0,11.695005
1,B_task,4_distractors,76,-0.23474613,0.0,0.0,1.0,8.985014
1,B_task,4_distractors,77,-0.5391388,0.0,0.0,0.0,17.064207
1,B_task,4_distractors,78,-0.3536152,0.0,0.0,1.0,10.952954
1,B_task,4_distractors,79,-0.23141891,0.0,0.0,0.0,7.6011095
1,B_task,4_distractors,80,-0.70286393,0.0,0.0,0.0,22.008238
1,B_task,4_distractors,81,-0.48696038,0.0,0.0,1.0,12.777306
1,B_task,4_distractors,82,-0.4488429,0.0,0.0,1.0,11.742464
1,B_task,4_distractors,83,-0.68380904,0.0,0.0,1.0,19.144087
1,B_task,4_distractors,84,-0.3993217,0.0,0.0,1.0,10.125105
1,B_task,4_distractors,85,-0.71654695,0.0,0.0,0.0,21.952341
1,B_task,4_distractors,86,-0.52880013,0.0,0.0,0.0,17.809383
1,B_task,4_distractors,87,-0.13171755,0.0,0.0,1.0,2.4414153
1,B_task,4_distractors,88,-0.29037938,0.0,0.0,1.0,12.128975
1,B_task,4_distractors,89,-0.3025259,0.0,0.0,0.0,11.71873
1,B_task,4_distractors,90,-0.4759635,0.0,0.0,1.0,8.867869
1,B_task,4_distractors,91,-0.79323775,0.0,0.0,0.0,26.721268
1,B_task,4_distractors,92,-0.30135843,0.0,0.0,0.0,9.843426
1,B_task,4_distractors,93,-0.5378604,0.0,0.0,1.0,14.105161
1,B_task,4_distractors,94,-0.19587843,0.0,0.0,1.0,5.609139
1,B_task,4_distractors,95,-0.52859724,0.0,0.0,0.0,15.0305605
1,B_task,4_distractors,96,-0.5085161,0.0,0.0,0.0,15.420805
1,B_task,4_distractors,97,-0.35180542,0.0,0.0,1.0,9.587975
1,B_task,4_distractors,98,-0.18773594,0.0,0.0,1.0,6.0523305
1,B_task,4_distractors,99,-0.4061136,0.0,0.0,1.0,6.3170953
1,B_task,fast_distractors,0,-0.39165133,0.0,0.0,0.0,14.235126
1,B_task,fast_distractors,1,-0.32387233,0.0,0.0,1.0,10.194412
1,B_task,fast_distractors,2,-0.64474094,0.0,0.0,0.0,20.3779
1,B_task,fast_distractors,3,-0.34994686,0.0,0.0,0.0,9.77149
1,B_task,fast_distractors,4,-0.20827645,0.0,0.0,1.0,6.464496
1,B_task,fast_distractors,5,-0.6751106,0.0,0.0,0.0,22.97564
1,B_task,fast_distractors,6,-0.33877507,0.0,0.0,0.0,9.92178
1,B_task,fast_distractors,7,-0.43433583,0.0,0.0,1.0,7.81722
1,B_task,fast_distractors,8,-0.44192111,0.0,0.0,1.0,11.284101
1,B_task,fast_distractors,9,-0.36623642,0.0,0.0,1.0,9.651838
1,B_task,fast_distractors,10,-0.40913254,0.0,0.0,1.0,11.062888
1,B_task,fast_distractors,11,-0.6479394,0.0,0.0,0.0,18.80717
1,B_task,fast_distractors,12,-0.1751363,0.0,0.0,1.0,8.455911
1,B_task,fast_distractors,13,-0.70714194,0.0,0.0,0.0,21.573444
1,B_task,fast_distractors,14,-0.41267243,0.0,0.0,0.0,12.404998
1,B_task,fast_distractors,15,-0.6676433,0.0,0.0,0.0,22.109247
1,B_task,fast_distractors,16,-0.27769563,0.0,0.0,1.0,11.237909
1,B_task,fast_distractors,17,-0.15734611,0.0,0.0,1.0,7.524144
1,B_task,fast_distractors,18,-0.4722443,0.0,0.0,1.0,14.654161
1,B_task,fast_distractors,19,-0.63839185,0.0,0.0,0.0,16.775778
1,B_task,fast_distractors,20,-0.31800658,0.0,0.0,0.0,10.645808
1,B_task,fast_distractors,21,-0.09547878,0.0,0.0,1.0,1.9537328
1,B_task,fast_distractors,22,-0.19359519,0.0,0.0,1.0,8.903213
1,B_task,fast_distractors,23,0.062483344,0.0,0.26666666666666666,1.0,4.8420405
1,B_task,fast_distractors,24,-0.33457634,0.0,0.0,1.0,8.794995
1,B_task,fast_distractors,25,-0.5080103,0.0,0.0,0.0,15.050378
1,B_task,fast_distractors,26,-0.16757284,0.0,0.0,0.0,7.5804906
1,B_task,fast_distractors,27,-0.20398758,0.0,0.0,0.0,8.490576
1,B_task,fast_distractors,28,0.058013327,0.0,0.24444444444444444,1.0,3.1480832
1,B_task,fast_distractors,29,-0.50197506,0.0,0.0,0.0,16.921066
1,B_task,fast_distractors,30,-0.47352347,0.0,0.0,1.0,11.949042
1,B_task,fast_distractors,31,-0.30735832,0.0,0.0,1.0,6.8830357
1,B_task,fast_distractors,32,-0.81130886,0.0,0.0,0.0,27.902403
1,B_task,fast_distractors,33,-0.26057562,0.0,0.0,1.0,11.689043
1,B_task,fast_distractors,34,-0.37381783,0.0,0.0,1.0,6.489646
1,B_task,fast_distractors,35,-0.26509815,0.0,0.0,1.0,8.6326
1,B_task,fast_distractors,36,-0.3438624,0.0,0.0,1.0,15.7246065
1,B_task,fast_distractors,37,-0.7186372,0.0,0.0,0.0,23.76871
1,B_task,fast_distractors,38,-0.43075368,0.0,0.0,0.0,18.153461
1,B_task,fast_distractors,39,-0.42222196,0.0,0.0,0.0,9.256436
1,B_task,fast_distractors,40,-0.46801132,0.0,0.0,0.0,16.60879
1,B_task,fast_distractors,41,-0.13048601,0.0,0.0,1.0,2.9038866
1,B_task,fast_distractors,42,-0.2507172,0.0,0.0,1.0,6.2276917
1,B_task,fast_distractors,43,-0.4300668,0.0,0.0,1.0,15.791837
1,B_task,fast_distractors,44,-0.17889923,0.0,0.0,1.0,4.793613
1,B_task,fast_distractors,45,-0.5053321,0.0,0.0,0.0,18.268759
1,B_task,fast_distractors,46,-0.3964147,0.0,0.0,1.0,7.3214674
1,B_task,fast_distractors,47,-0.20909485,0.0,0.0,0.0,7.263253
1,B_task,fast_distractors,48,-0.6122067,0.0,0.0,1.0,22.04775
1,B_task,fast_distractors,49,-0.4460316,0.0,0.0,0.0,18.73451
1,B_task,fast_distractors,50,-0.20649454,0.0,0.0,1.0,5.046414
1,B_task,fast_distractors,51,-0.61997503,0.0,0.0,0.0,18.119724
1,B_task,fast_distractors,52,-0.19027972,0.0,0.0,1.0,5.9329867
1,B_task,fast_distractors,53,-0.41790962,0.0,0.0,1.0,10.540141
1,B_task,fast_distractors,54,-0.08237579,0.0,0.0,1.0,3.745041
1,B_task,fast_distractors,55,-0.41200888,0.0,0.0,0.0,9.115739
1,B_task,fast_distractors,56,0.3495559,1.0,0.9111111111111111,1.0,0.6688703
1,B_task,fast_distractors,57,-0.84558064,0.0,0.0,0.0,28.115149
1,B_task,fast_distractors,58,-0.3747425,0.0,0.0,0.0,11.604551
1,B_task,fast_distractors,59,-0.47914377,0.0,0.0,0.0,19.359314
1,B_task,fast_distractors,60,-0.47017738,0.0,0.0,1.0,6.468081
1,B_task,fast_distractors,61,-0.23058188,0.0,0.0,1.0,3.9044955
1,B_task,fast_distractors,62,-0.586149,0.0,0.0,0.0,24.379898
1,B_task,fast_distractors,63,-0.29670948,0.0,0.0,1.0,9.09096
1,B_task,fast_distractors,64,-0.47488958,0.0,0.0,0.0,14.607993
1,B_task,fast_distractors,65,0.14928645,0.0,0.4222222222222222,1.0,4.132753
1,B_task,fast_distractors,66,-0.06745882,0.0,0.13333333333333333,1.0,10.080576
1,B_task,fast_distractors,67,-0.14336956,0.0,0.0,1.0,3.507135
1,B_task,fast_distractors,68,-0.66860193,0.0,0.0,0.0,15.515059
1,B_task,fast_distractors,69,-0.33524534,0.0,0.0,0.0,10.076407
1,B_task,fast_distractors,70,-0.24434854,0.0,0.0,1.0,6.565146
1,B_task,fast_distractors,71,-0.5683571,0.0,0.0,0.0,16.124794
1,B_task,fast_distractors,72,0.07776302,0.0,0.17777777777777778,1.0,2.9120305
1,B_task,fast_distractors,73,-0.3408565,0.0,0.0,1.0,13.080216
1,B_task,fast_distractors,74,-0.48923793,0.0,0.0,1.0,12.622986
1,B_task,fast_distractors,75,-0.39387855,0.0,0.0,1.0,12.504655
1,B_task,fast_distractors,76,-0.23882414,0.0,0.0,1.0,7.6969147
1,B_task,fast_distractors,77,-0.58692527,0.0,0.0,0.0,18.544245
1,B_task,fast_distractors,78,-0.3557246,0.0,0.0,1.0,10.498971
1,B_task,fast_distractors,79,-0.24972638,0.0,0.0,0.0,10.601813
1,B_task,fast_distractors,80,-0.7102723,0.0,0.0,0.0,22.685308
1,B_task,fast_distractors,81,-0.49097243,0.0,0.0,1.0,12.855663
1,B_task,fast_distractors,82,-0.4770807,0.0,0.0,1.0,14.947853
1,B_task,fast_distractors,83,-0.68805444,0.0,0.0,0.0,18.714544
1,B_task,fast_distractors,84,-0.42235747,0.0,0.0,0.0,12.74721
1,B_task,fast_distractors,85,-0.7058668,0.0,0.0,0.0,22.863209
1,B_task,fast_distractors,86,-0.49151027,0.0,0.0,0.0,13.444747
1,B_task,fast_distractors,87,-0.19305107,0.0,0.0,1.0,2.8295712
1,B_task,fast_distractors,88,-0.30261058,0.0,0.0,1.0,12.465412
1,B_task,fast_distractors,89,-0.29452187,0.0,0.0,0.0,11.604625
1,B_task,fast_distractors,90,-0.607775,0.0,0.0,0.0,18.286383
1,B_task,fast_distractors,91,-0.80626976,0.0,0.0,0.0,26.671144
1,B_task,fast_distractors,92,-0.29604864,0.0,0.0,0.0,9.948966
1,B_task,fast_distractors,93,-0.55673283,0.0,0.0,1.0,15.794198
1,B_task,fast_distractors,94,-0.21409565,0.0,0.0,1.0,6.1993723
1,B_task,fast_distractors,95,-0.41688037,0.0,0.0,1.0,9.078506
1,B_task,fast_distractors,96,-0.5129828,0.0,0.0,0.0,15.410285
1,B_task,fast_distractors,97,-0.34045282,0.0,0.0,1.0,8.781765
1,B_task,fast_distractors,98,-0.19999671,0.0,0.0,1.0,6.2875233
1,B_task,fast_distractors,99,-0.4365206,0.0,0.0,1.0,9.627887
1,B_task,unseen_distractor_hues,0,-0.32436624,0.0,0.0,0.0,12.188177
1,B_task,unseen_distractor_hues,1,-0.31794772,0.0,0.0,1.0,9.874582
1,B_task,unseen_distractor_hues,2,-0.6455053,0.0,0.0,0.0,20.889288
1,B_task,unseen_distractor_hues,3,-0.34675878,0.0,0.0,0.0,8.738604
1,B_task,unseen_distractor_hues,4,-0.24962834,0.0,0.0,1.0,9.988819
1,B_task,unseen_distractor_hues,5,-0.6858213,0.0,0.0,0.0,23.602016
1,B_task,unseen_distractor_hues,6,-0.3658822,0.0,0.0,0.0,11.55776
1,B_task,unseen_distractor_hues,7,-0.41091126,0.0,0.0,1.0,6.0565276
1,B_task,unseen_distractor_hues,8,-0.45309812,0.0,0.0,1.0,12.057327
1,B_task,unseen_distractor_hues,9,-0.36772636,0.0,0.0,1.0,9.598142
1,B_task,unseen_distractor_hues,10,-0.4804504,0.0,0.0,1.0,13.902085
1,B_task,unseen_distractor_hues,11,-0.63972306,0.0,0.0,0.0,18.599768
1,B_task,unseen_distractor_hues,12,-0.17024657,0.0,0.0,1.0,6.8421173
1,B_task,unseen_distractor_hues,13,-0.68212974,0.0,0.0,0.0,18.79831
1,B_task,unseen_distractor_hues,14,-0.46136796,0.0,0.0,0.0,16.072487
1,B_task,unseen_distractor_hues,15,-0.6287969,0.0,0.0,0.0,22.480412
1,B_task,unseen_distractor_hues,16,-0.3053376,0.0,0.0,1.0,12.294177
1,B_task,unseen_distractor_hues,17,-0.15980388,0.0,0.0,1.0,8.7955065
1,B_task,unseen_distractor_hues,18,-0.46674338,0.0,0.0,1.0,14.110609
1,B_task,unseen_distractor_hues,19,-0.63501275,0.0,0.0,0.0,17.193758
1,B_task,unseen_distractor_hues,20,-0.33829036,0.0,0.0,0.0,10.863039
1,B_task,unseen_distractor_hues,21,-0.13295844,0.0,0.0,1.0,3.4266567
1,B_task,unseen_distractor_hues,22,-0.2192584,0.0,0.0,1.0,9.381524
1,B_task,unseen_distractor_hues,23,0.0631535,0.0,0.24444444444444444,1.0,4.794624
1,B_task,unseen_distractor_hues,24,-0.41138873,0.0,0.0,1.0,12.020995
1,B_task,unseen_distractor_hues,25,-0.5091043,0.0,0.0,0.0,13.121727
1,B_task,unseen_distractor_hues,26,-0.19281697,0.0,0.0,0.0,8.93724
1,B_task,unseen_distractor_hues,27,-0.18237823,0.0,0.0,0.0,7.845647
1,B_task,unseen_distractor_hues,28,0.031456802,0.0,0.044444444444444446,1.0,4.2785864
1,B_task,unseen_distractor_hues,29,-0.512607,0.0,0.0,1.0,18.19372
1,B_task,unseen_distractor_hues,30,-0.4610882,0.0,0.0,1.0,10.887349
1,B_task,unseen_distractor_hues,31,-0.31814098,0.0,0.0,1.0,8.55686
1,B_task,unseen_distractor_hues,32,-0.80543494,0.0,0.0,0.0,28.537323
1,B_task,unseen_distractor_hues,33,-0.25771978,0.0,0.0,1.0,11.61247
1,B_task,unseen_distractor_hues,34,-0.3619795,0.0,0.0,1.0,6.4094467
1,B_task,unseen_distractor_hues,35,-0.26428813,0.0,0.0,1.0,8.9137745
1,B_task,unseen_distractor_hues,36,-0.3044734,0.0,0.0,1.0,13.283804
1,B_task,unseen_distractor_hues,37,-0.69317764,0.0,0.0,0.0,23.4665
1,B_task,unseen_distractor_hues,38,-0.41168764,0.0,0.0,0.0,15.952424
1,B_task,unseen_distractor_hues,39,-0.42671517,0.0,0.0,0.0,8.90821
1,B_task,unseen_distractor_hues,40,-0.52171695,0.0,0.0,0.0,19.56335
1,B_task,unseen_distractor_hues,41,-0.11211348,0.0,0.0,1.0,1.8338388
1,B_task,unseen_distractor_hues,42,-0.2666547,0.0,0.0,1.0,9.6897
1,B_task,unseen_distractor_hues,43,-0.43944868,0.0,0.0,1.0,16.761803
1,B_task,unseen_distractor_hues,44,-0.15970856,0.0,0.0,1.0,4.656868
1,B_task,unseen_distractor_hues,45,-0.50064534,0.0,0.0,0.0,17.784384
1,B_task,unseen_distractor_hues,46,-0.39676443,0.0,0.0,1.0,6.9215937
1,B_task,unseen_distractor_hues,47,-0.17392267,0.0,0.0,1.0,5.8308277
1,B_task,unseen_distractor_hues,48,-0.55497485,0.0,0.0,1.0,18.756756
1,B_task,unseen_distractor_hues,49,-0.41700336,0.0,0.0,0.0,17.02716
1,B_task,unseen_distractor_hues,50,-0.21336742,0.0,0.0,1.0,5.439902
1,B_task,unseen_distractor_hues,51,-0.61408097,0.0,0.0,0.0,17.34232
1,B_task,unseen_distractor_hues,52,-0.1811046,0.0,0.0,1.0,5.56437
1,B_task,unseen_distractor_hues,53,-0.41695085,0.0,0.0,1.0,10.718125
1,B_task,unseen_distractor_hues,54,0.1642026,1.0,0.4222222222222222,1.0,1.0461798
1,B_task,unseen_distractor_hues,55,-0.40818927,0.0,0.0,0.0,9.09127
1,B_task,unseen_distractor_hues,56,0.00064907904,0.0,0.17777777777777778,1.0,6.220045
1,B_task,unseen_distractor_hues,57,-0.8558161,0.0,0.0,0.0,29.054783
1,B_task,unseen_distractor_hues,58,-0.38878042,0.0,0.0,0.0,12.845879
1,B_task,unseen_distractor_hues,59,-0.5055459,0.0,0.0,0.0,19.979448
1,B_task,unseen_distractor_hues,60,-0.50113314,0.0,0.0,1.0,7.841191
1,B_task,unseen_distractor_hues,61,-0.31497115,0.0,0.0,0.0,8.527564
1,B_task,unseen_distractor_hues,62,-0.618387,0.0,0.0,0.0,23.805748
1,B_task,unseen_distractor_hues,63,-0.26797065,0.0,0.0,1.0,7.200078
1,B_task,unseen_distractor_hues,64,-0.4756325,0.0,0.0,0.0,14.11855
1,B_task,unseen_distractor_hues,65,0.13091545,0.0,0.35555555555555557,1.0,3.0082464
1,B_task,unseen_distractor_hues,66,-0.09397255,0.0,0.13333333333333333,1.0,10.988523
1,B_task,unseen_distractor_hues,67,-0.23789914,0.0,0.0,1.0,10.450192
1,B_task,unseen_distractor_hues,68,-0.6338633,0.0,0.0,0.0,13.340055
1,B_task,unseen_distractor_hues,69,-0.3607407,0.0,0.0,0.0,11.266109
1,B_task,unseen_distractor_hues,70,-0.22887987,0.0,0.0,1.0,5.6948485
1,B_task,unseen_distractor_hues,71,-0.6192797,0.0,0.0,0.0,20.515812
1,B_task,unseen_distractor_hues,72,0.08852604,0.0,0.17777777777777778,1.0,3.25733
1,B_task,unseen_distractor_hues,73,-0.34555668,0.0,0.0,1.0,13.717211
1,B_task,unseen_distractor_hues,74,-0.47747192,0.0,0.0,0.0,11.262019
1,B_task,unseen_distractor_hues,75,-0.37973493,0.0,0.0,1.0,11.542971
1,B_task,unseen_distractor_hues,76,-0.23211724,0.0,0.0,1.0,7.8395658
1,B_task,unseen_distractor_hues,77,-0.539808,0.0,0.0,0.0,16.217064
1,B_task,unseen_distractor_hues,78,-0.34886023,0.0,0.0,1.0,9.661266
1,B_task,unseen_distractor_hues,79,-0.23052442,0.0,0.0,0.0,8.060694
1,B_task,unseen_distractor_hues,80,-0.70946187,0.0,0.0,0.0,22.147095
1,B_task,unseen_distractor_hues,81,-0.4773385,0.0,0.0,1.0,12.500274
1,B_task,unseen_distractor_hues,82,-0.5123574,0.0,0.0,1.0,16.263311
1,B_task,unseen_distractor_hues,83,-0.6050904,0.0,0.0,1.0,14.9748955
1,B_task,unseen_distractor_hues,84,-0.49244827,0.0,0.0,0.0,20.16726
1,B_task,unseen_distractor_hues,85,-0.7353179,0.0,0.0,0.0,24.267986
1,B_task,unseen_distractor_hues,86,-0.4836199,0.0,0.0,0.0,14.4421425
1,B_task,unseen_distractor_hues,87,-0.10028074,1.0,0.15555555555555556,1.0,1.2938148
1,B_task,unseen_distractor_hues,88,-0.30853656,0.0,0.0,1.0,11.819197
1,B_task,unseen_distractor_hues,89,-0.30169025,0.0,0.0,0.0,11.834335
1,B_task,unseen_distractor_hues,90,-0.45682845,0.0,0.0,1.0,9.342836
1,B_task,unseen_distractor_hues,91,-0.8122767,0.0,0.0,0.0,25.039425
1,B_task,unseen_distractor_hues,92,-0.30093977,0.0,0.0,0.0,10.222934
1,B_task,unseen_distractor_hues,93,-0.5706901,0.0,0.0,1.0,15.897266
1,B_task,unseen_distractor_hues,94,-0.20966147,0.0,0.0,1.0,5.8981056
1,B_task,unseen_distractor_hues,95,-0.4031019,0.0,0.0,0.0,10.216144
1,B_task,unseen_distractor_hues,96,-0.5526034,0.0,0.0,0.0,17.35164
1,B_task,unseen_distractor_hues,97,-0.33656052,0.0,0.0,1.0,8.027428
1,B_task,unseen_distractor_hues,98,-0.18093696,0.0,0.0,1.0,6.159199
1,B_task,unseen_distractor_hues,99,-0.5382267,0.0,0.0,0.0,14.23954
1,B_task,heavy_pixel_noise,0,-0.39907295,0.0,0.0,0.0,14.518025
1,B_task,heavy_pixel_noise,1,-0.32376543,0.0,0.0,1.0,8.69101
1,B_task,heavy_pixel_noise,2,-0.6382083,0.0,0.0,0.0,19.787498
1,B_task,heavy_pixel_noise,3,-0.26886678,0.0,0.0,1.0,7.081381
1,B_task,heavy_pixel_noise,4,-0.1908735,0.0,0.0,1.0,6.418
1,B_task,heavy_pixel_noise,5,-0.6324885,0.0,0.0,0.0,18.7764
1,B_task,heavy_pixel_noise,6,-0.32825717,0.0,0.0,0.0,9.843133
1,B_task,heavy_pixel_noise,7,-0.46157748,0.0,0.0,0.0,9.652744
1,B_task,heavy_pixel_noise,8,-0.37352574,0.0,0.0,1.0,10.212591
1,B_task,heavy_pixel_noise,9,-0.35779634,0.0,0.0,1.0,8.801308
1,B_task,heavy_pixel_noise,10,-0.48847437,0.0,0.0,1.0,14.276378
1,B_task,heavy_pixel_noise,11,-0.65036935,0.0,0.0,0.0,18.864073
1,B_task,heavy_pixel_noise,12,-0.20106156,0.0,0.0,1.0,9.708901
1,B_task,heavy_pixel_noise,13,-0.69966495,0.0,0.0,0.0,20.628223
1,B_task,heavy_pixel_noise,14,-0.45156148,0.0,0.0,0.0,16.232952
1,B_task,heavy_pixel_noise,15,-0.6515627,0.0,0.0,0.0,20.755545
1,B_task,heavy_pixel_noise,16,-0.27934533,0.0,0.0,1.0,11.136352
1,B_task,heavy_pixel_noise,17,-0.18540828,0.0,0.0,1.0,7.23629
1,B_task,heavy_pixel_noise,18,-0.4275881,0.0,0.0,1.0,11.8636265
1,B_task,heavy_pixel_noise,19,-0.647352,0.0,0.0,0.0,18.333868
1,B_task,heavy_pixel_noise,20,-0.3775242,0.0,0.0,0.0,14.156413
1,B_task,heavy_pixel_noise,21,-0.0949846,0.0,0.0,1.0,1.931651
1,B_task,heavy_pixel_noise,22,-0.220078,0.0,0.0,1.0,8.98777
1,B_task,heavy_pixel_noise,23,0.06075003,0.0,0.24444444444444444,1.0,4.6589212
1,B_task,heavy_pixel_noise,24,-0.35968438,0.0,0.0,1.0,9.626297
1,B_task,heavy_pixel_noise,25,-0.5508029,0.0,0.0,0.0,18.757088
1,B_task,heavy_pixel_noise,26,-0.15297265,0.0,0.0,0.0,7.3173647
1,B_task,heavy_pixel_noise,27,-0.21762261,0.0,0.0,0.0,8.580709
1,B_task,heavy_pixel_noise,28,0.012441114,0.0,0.0,1.0,2.5406432
1,B_task,heavy_pixel_noise,29,-0.51488894,0.0,0.0,0.0,19.112936
1,B_task,heavy_pixel_noise,30,-0.47265434,0.0,0.0,1.0,11.798905
1,B_task,heavy_pixel_noise,31,-0.31346664,0.0,0.0,1.0,7.331935
1,B_task,heavy_pixel_noise,32,-0.7226536,0.0,0.0,0.0,22.06342
1,B_task,heavy_pixel_noise,33,-0.2614412,0.0,0.0,0.0,12.025191
1,B_task,heavy_pixel_noise,34,-0.46886477,0.0,0.0,0.0,12.163796
1,B_task,heavy_pixel_noise,35,-0.2749298,0.0,0.0,1.0,9.236585
1,B_task,heavy_pixel_noise,36,-0.32232875,0.0,0.0,1.0,13.376669
1,B_task,heavy_pixel_noise,37,-0.7026839,0.0,0.0,0.0,22.101252
1,B_task,heavy_pixel_noise,38,-0.39181066,0.0,0.0,1.0,14.334533
1,B_task,heavy_pixel_noise,39,-0.4317875,0.0,0.0,0.0,9.176999
1,B_task,heavy_pixel_noise,40,-0.48262134,0.0,0.0,0.0,17.546408
1,B_task,heavy_pixel_noise,41,-0.1335345,0.0,0.0,1.0,3.9182377
1,B_task,heavy_pixel_noise,42,-0.27437544,0.0,0.0,1.0,7.381156
1,B_task,heavy_pixel_noise,43,-0.43609175,0.0,0.0,1.0,16.673738
1,B_task,heavy_pixel_noise,44,-0.18702734,0.0,0.0,1.0,4.556126
1,B_task,heavy_pixel_noise,45,-0.4525739,0.0,0.0,0.0,15.111135
1,B_task,heavy_pixel_noise,46,-0.39352307,0.0,0.0,1.0,6.474332
1,B_task,heavy_pixel_noise,47,-0.22482692,0.0,0.0,0.0,8.221615
1,B_task,heavy_pixel_noise,48,-0.5898287,0.0,0.0,1.0,20.457638
1,B_task,heavy_pixel_noise,49,-0.45879865,0.0,0.0,0.0,19.671797
1,B_task,heavy_pixel_noise,50,-0.2041754,0.0,0.0,1.0,4.75441
1,B_task,heavy_pixel_noise,51,-0.6425585,0.0,0.0,0.0,19.605051
1,B_task,heavy_pixel_noise,52,-0.18629104,0.0,0.0,1.0,5.8726926
1,B_task,heavy_pixel_noise,53,-0.42362615,0.0,0.0,1.0,11.48685
1,B_task,heavy_pixel_noise,54,-0.18981878,0.0,0.0,0.0,11.254298
1,B_task,heavy_pixel_noise,55,-0.41669142,0.0,0.0,0.0,9.070275
1,B_task,heavy_pixel_noise,56,0.00092125003,0.0,0.15555555555555556,1.0,5.563466
1,B_task,heavy_pixel_noise,57,-0.83990276,0.0,0.0,0.0,28.46455
1,B_task,heavy_pixel_noise,58,-0.39835194,0.0,0.0,0.0,14.07718
1,B_task,heavy_pixel_noise,59,-0.5104791,0.0,0.0,0.0,21.096846
1,B_task,heavy_pixel_noise,60,-0.46436182,0.0,0.0,1.0,6.250977
1,B_task,heavy_pixel_noise,61,-0.3363578,0.0,0.0,0.0,13.34288
1,B_task,heavy_pixel_noise,62,-0.5933486,0.0,0.0,0.0,24.510319
1,B_task,heavy_pixel_noise,63,-0.26984307,0.0,0.0,1.0,6.9037814
1,B_task,heavy_pixel_noise,64,-0.5930024,0.0,0.0,0.0,20.81956
1,B_task,heavy_pixel_noise,65,0.071001224,0.0,0.17777777777777778,1.0,3.1148818
1,B_task,heavy_pixel_noise,66,-0.12998895,0.0,0.08888888888888889,1.0,11.55524
1,B_task,heavy_pixel_noise,67,-0.22915976,0.0,0.0,1.0,9.732462
1,B_task,heavy_pixel_noise,68,-0.66784346,0.0,0.0,0.0,15.518357
1,B_task,heavy_pixel_noise,69,-0.3709943,0.0,0.0,0.0,12.24032
1,B_task,heavy_pixel_noise,70,-0.32495606,0.0,0.0,1.0,9.899743
1,B_task,heavy_pixel_noise,71,-0.59394497,0.0,0.0,0.0,17.226223
1,B_task,heavy_pixel_noise,72,0.10822534,0.0,0.2,1.0,2.4926102
1,B_task,heavy_pixel_noise,73,-0.36130643,0.0,0.0,1.0,12.907449
1,B_task,heavy_pixel_noise,74,-0.45168585,0.0,0.0,1.0,10.399824
1,B_task,heavy_pixel_noise,75,-0.38035858,0.0,0.0,1.0,11.765863
1,B_task,heavy_pixel_noise,76,-0.25373077,0.0,0.0,1.0,8.461262
1,B_task,heavy_pixel_noise,77,-0.48727337,0.0,0.0,0.0,14.274468
1,B_task,heavy_pixel_noise,78,-0.35060728,0.0,0.0,1.0,10.453062
1,B_task,heavy_pixel_noise,79,-0.22068697,0.0,0.0,0.0,9.471885
1,B_task,heavy_pixel_noise,80,-0.70927286,0.0,0.0,0.0,22.716145
1,B_task,heavy_pixel_noise,81,-0.50346357,0.0,0.0,1.0,13.313341
1,B_task,heavy_pixel_noise,82,-0.50354594,0.0,0.0,1.0,17.661432
1,B_task,heavy_pixel_noise,83,-0.60543346,0.0,0.0,0.0,15.148482
1,B_task,heavy_pixel_noise,84,-0.49151883,0.0,0.0,0.0,19.524899
1,B_task,heavy_pixel_noise,85,-0.6791732,0.0,0.0,0.0,20.117949
1,B_task,heavy_pixel_noise,86,-0.5451375,0.0,0.0,0.0,18.498217
1,B_task,heavy_pixel_noise,87,-3.0696392e-06,1.0,0.3111111111111111,1.0,0.48565918
1,B_task,heavy_pixel_noise,88,-0.29003483,0.0,0.0,1.0,11.693794
1,B_task,heavy_pixel_noise,89,-0.2923336,0.0,0.0,0.0,11.322192
1,B_task,heavy_pixel_noise,90,-0.52849585,0.0,0.0,1.0,13.949086
1,B_task,heavy_pixel_noise,91,-0.7895464,0.0,0.0,0.0,26.486328
1,B_task,heavy_pixel_noise,92,-0.2857572,0.0,0.0,0.0,8.792944
1,B_task,heavy_pixel_noise,93,-0.5343991,0.0,0.0,0.0,14.135258
1,B_task,heavy_pixel_noise,94,-0.21021965,0.0,0.0,1.0,5.884394
1,B_task,heavy_pixel_noise,95,-0.39222494,0.0,0.0,0.0,9.712791
1,B_task,heavy_pixel_noise,96,-0.52883345,0.0,0.0,0.0,16.475624
1,B_task,heavy_pixel_noise,97,-0.36583295,0.0,0.0,1.0,10.461878
1,B_task,heavy_pixel_noise,98,-0.23051804,0.0,0.0,0.0,8.845699
1,B_task,heavy_pixel_noise,99,-0.43439525,0.0,0.0,1.0,9.223154
1,C_scene,in_distribution,0,-0.24471016,0.0,0.0,1.0,4.735998
1,C_scene,in_distribution,1,-0.2994262,0.0,0.0,1.0,6.8094916
1,C_scene,in_distribution,2,-0.40854427,0.0,0.0,1.0,7.486779
1,C_scene,in_distribution,3,-0.33228174,0.0,0.0,1.0,10.133688
1,C_scene,in_distribution,4,-0.2617508,0.0,0.0,1.0,6.212049
1,C_scene,in_distribution,5,-0.5892729,0.0,0.0,0.0,17.55526
1,C_scene,in_distribution,6,-0.20830566,0.0,0.0,1.0,2.7619355
1,C_scene,in_distribution,7,-0.35403907,0.0,0.0,1.0,6.4131174
1,C_scene,in_distribution,8,-0.4196132,0.0,0.0,1.0,10.450758
1,C_scene,in_distribution,9,-0.4621631,0.0,0.0,0.0,11.084896
1,C_scene,in_distribution,10,-0.50977385,0.0,0.0,0.0,17.912445
1,C_scene,in_distribution,11,-0.6513717,0.0,0.0,0.0,20.580368
1,C_scene,in_distribution,12,-0.18945806,0.0,0.0,1.0,10.006971
1,C_scene,in_distribution,13,-0.65557545,0.0,0.0,0.0,20.033304
1,C_scene,in_distribution,14,-0.282213,0.0,0.0,1.0,7.3603115
1,C_scene,in_distribution,15,-0.6397301,0.0,0.0,0.0,20.299719
1,C_scene,in_distribution,16,-0.25162002,0.0,0.0,1.0,7.215999
1,C_scene,in_distribution,17,0.04682639,0.0,0.15555555555555556,1.0,3.005413
1,C_scene,in_distribution,18,-0.35295323,0.0,0.0,1.0,7.59015
1,C_scene,in_distribution,19,-0.56270444,0.0,0.0,0.0,14.947356
1,C_scene,in_distribution,20,-0.32456067,0.0,0.0,0.0,10.344565
1,C_scene,in_distribution,21,-0.17480478,0.0,0.0,1.0,5.0732117
1,C_scene,in_distribution,22,-0.17916462,0.0,0.0,1.0,7.799563
1,C_scene,in_distribution,23,0.07899698,0.0,0.24444444444444444,1.0,3.5066745
1,C_scene,in_distribution,24,-0.23968981,0.0,0.0,1.0,5.120666
1,C_scene,in_distribution,25,-0.4627809,0.0,0.0,0.0,14.516477
1,C_scene,in_distribution,26,-0.15190364,0.0,0.0,0.0,6.745479
1,C_scene,in_distribution,27,-0.16276343,0.0,0.0,1.0,3.7899811
1,C_scene,in_distribution,28,-0.02970798,0.0,0.13333333333333333,1.0,5.0207295
1,C_scene,in_distribution,29,-0.42910263,0.0,0.0,1.0,15.486892
1,C_scene,in_distribution,30,-0.49147835,0.0,0.0,1.0,16.087019
1,C_scene,in_distribution,31,-0.3470279,0.0,0.0,0.0,8.675119
1,C_scene,in_distribution,32,-0.5605866,0.0,0.0,1.0,13.807575
1,C_scene,in_distribution,33,-0.28579918,0.0,0.0,0.0,11.504071
1,C_scene,in_distribution,34,-0.39429733,0.0,0.0,1.0,7.922037
1,C_scene,in_distribution,35,-0.2946655,0.0,0.0,1.0,9.88339
1,C_scene,in_distribution,36,-0.24474755,0.0,0.0,1.0,7.1605806
1,C_scene,in_distribution,37,-0.72732604,0.0,0.0,0.0,23.703772
1,C_scene,in_distribution,38,-0.29030997,0.0,0.0,1.0,6.5380054
1,C_scene,in_distribution,39,-0.2762982,0.0,0.0,1.0,3.6997187
1,C_scene,in_distribution,40,-0.40480524,0.0,0.0,1.0,11.245115
1,C_scene,in_distribution,41,-0.33917004,0.0,0.0,1.0,10.160011
1,C_scene,in_distribution,42,-0.33168072,0.0,0.0,1.0,11.209068
1,C_scene,in_distribution,43,-0.23808604,0.0,0.0,1.0,7.1301165
1,C_scene,in_distribution,44,-0.14847933,0.0,0.0,1.0,1.99705
1,C_scene,in_distribution,45,-0.43523008,0.0,0.0,0.0,15.363887
1,C_scene,in_distribution,46,-0.17527723,1.0,0.2,1.0,1.0374751
1,C_scene,in_distribution,47,-0.11843478,0.0,0.0,1.0,6.8417287
1,C_scene,in_distribution,48,-0.5067571,0.0,0.0,1.0,13.405
1,C_scene,in_distribution,49,-0.34125867,0.0,0.0,0.0,11.610133
1,C_scene,in_distribution,50,-0.24108501,0.0,0.0,1.0,5.8714914
1,C_scene,in_distribution,51,-0.50524,0.0,0.0,0.0,13.091748
1,C_scene,in_distribution,52,-0.15695658,0.0,0.0,1.0,3.9285328
1,C_scene,in_distribution,53,-0.37807858,0.0,0.0,1.0,12.043375
1,C_scene,in_distribution,54,-0.17289944,0.0,0.0,1.0,5.9267187
1,C_scene,in_distribution,55,-0.3730218,0.0,0.0,0.0,8.98168
1,C_scene,in_distribution,56,0.20339054,0.0,0.17777777777777778,1.0,1.9006041
1,C_scene,in_distribution,57,-0.76388246,0.0,0.0,0.0,23.58032
1,C_scene,in_distribution,58,-0.44683138,0.0,0.0,0.0,18.638168
1,C_scene,in_distribution,59,-0.5030194,0.0,0.0,1.0,16.789856
1,C_scene,in_distribution,60,-0.4978708,0.0,0.0,1.0,6.2430835
1,C_scene,in_distribution,61,-0.30000472,0.0,0.0,1.0,9.623533
1,C_scene,in_distribution,62,-0.45545104,0.0,0.0,1.0,14.126419
1,C_scene,in_distribution,63,-0.32696152,0.0,0.0,0.0,15.944547
1,C_scene,in_distribution,64,-0.41655594,0.0,0.0,1.0,5.753974
1,C_scene,in_distribution,65,-0.17595541,0.0,0.0,1.0,4.7526965
1,C_scene,in_distribution,66,0.10014924,0.0,0.044444444444444446,1.0,2.1050432
1,C_scene,in_distribution,67,-0.1825339,0.0,0.0,1.0,6.059039
1,C_scene,in_distribution,68,-0.43348902,0.0,0.0,1.0,6.057743
1,C_scene,in_distribution,69,-0.28985715,0.0,0.0,1.0,7.277333
1,C_scene,in_distribution,70,-0.2239759,0.0,0.0,1.0,8.1846695
1,C_scene,in_distribution,71,-0.3496277,0.0,0.0,1.0,11.036482
1,C_scene,in_distribution,72,-0.0333182,0.0,0.0,1.0,5.969348
1,C_scene,in_distribution,73,-0.2675138,0.0,0.0,1.0,8.2825165
1,C_scene,in_distribution,74,-0.24052212,0.0,0.0,1.0,3.093109
1,C_scene,in_distribution,75,-0.39392713,0.0,0.0,1.0,12.932079
1,C_scene,in_distribution,76,-0.2190885,0.0,0.0,1.0,6.0387306
1,C_scene,in_distribution,77,-0.43089727,0.0,0.0,1.0,10.258915
1,C_scene,in_distribution,78,-0.41889435,0.0,0.0,1.0,13.647749
1,C_scene,in_distribution,79,-0.22083364,0.0,0.0,1.0,7.161679
1,C_scene,in_distribution,80,-0.6646819,0.0,0.0,0.0,22.46517
1,C_scene,in_distribution,81,-0.4019015,0.0,0.0,1.0,5.5411367
1,C_scene,in_distribution,82,-0.31440294,0.0,0.0,1.0,3.9085205
1,C_scene,in_distribution,83,-0.71999705,0.0,0.0,1.0,21.746313
1,C_scene,in_distribution,84,-0.43932697,0.0,0.0,1.0,17.163605
1,C_scene,in_distribution,85,-0.63949585,0.0,0.0,0.0,18.13355
1,C_scene,in_distribution,86,-0.3010847,0.0,0.0,0.0,7.2958884
1,C_scene,in_distribution,87,-0.25809744,0.0,0.0,1.0,7.543915
1,C_scene,in_distribution,88,-0.22136748,0.0,0.0,1.0,7.377458
1,C_scene,in_distribution,89,-0.321152,0.0,0.0,0.0,13.509888
1,C_scene,in_distribution,90,-0.41699898,0.0,0.0,1.0,11.146546
1,C_scene,in_distribution,91,-0.47499806,0.0,0.0,1.0,6.9324293
1,C_scene,in_distribution,92,-0.284357,0.0,0.0,1.0,8.007316
1,C_scene,in_distribution,93,-0.5532726,0.0,0.0,1.0,12.976515
1,C_scene,in_distribution,94,-0.38349786,0.0,0.0,1.0,14.945996
1,C_scene,in_distribution,95,-0.4442808,0.0,0.0,1.0,6.993689
1,C_scene,in_distribution,96,-0.3035792,0.0,0.0,1.0,8.724969
1,C_scene,in_distribution,97,-0.33015966,0.0,0.0,1.0,8.448171
1,C_scene,in_distribution,98,-0.10571202,0.0,0.06666666666666667,1.0,8.161009
1,C_scene,in_distribution,99,-0.52859503,0.0,0.0,0.0,12.149001
1,C_scene,4_distractors,0,-0.26477313,0.0,0.0,1.0,5.1346545
1,C_scene,4_distractors,1,-0.33852288,0.0,0.0,1.0,9.823344
1,C_scene,4_distractors,2,-0.47452986,0.0,0.0,0.0,10.973514
1,C_scene,4_distractors,3,-0.3149936,0.0,0.0,1.0,7.895675
1,C_scene,4_distractors,4,-0.27476734,0.0,0.0,1.0,5.552884
1,C_scene,4_distractors,5,-0.5407648,0.0,0.0,0.0,14.003557
1,C_scene,4_distractors,6,-0.08697441,1.0,0.17777777777777778,1.0,0.7617977
1,C_scene,4_distractors,7,-0.60498786,0.0,0.0,0.0,15.224814
1,C_scene,4_distractors,8,-0.48837534,0.0,0.0,0.0,12.740886
1,C_scene,4_distractors,9,-0.46438968,0.0,0.0,0.0,12.190801
1,C_scene,4_distractors,10,-0.5700131,0.0,0.0,0.0,18.956854
1,C_scene,4_distractors,11,-0.6629443,0.0,0.0,0.0,21.42127
1,C_scene,4_distractors,12,-0.14121546,0.0,0.0,1.0,6.581005
1,C_scene,4_distractors,13,-0.7129045,0.0,0.0,0.0,22.961626
1,C_scene,4_distractors,14,-0.37761766,0.0,0.0,0.0,11.474972
1,C_scene,4_distractors,15,-0.5945599,0.0,0.0,0.0,18.641905
1,C_scene,4_distractors,16,-0.28823477,0.0,0.0,1.0,10.07674
1,C_scene,4_distractors,17,-0.10499568,0.0,0.0,1.0,3.8080928
1,C_scene,4_distractors,18,-0.478297,0.0,0.0,0.0,15.466249
1,C_scene,4_distractors,19,-0.42192882,0.0,0.0,1.0,7.721572
1,C_scene,4_distractors,20,-0.34981865,0.0,0.0,0.0,11.916026
1,C_scene,4_distractors,21,-0.12991863,0.0,0.0,1.0,3.322998
1,C_scene,4_distractors,22,-0.20856701,0.0,0.0,1.0,8.694308
1,C_scene,4_distractors,23,0.14688314,0.0,0.4444444444444444,1.0,1.6414989
1,C_scene,4_distractors,24,-0.21049131,0.0,0.0,1.0,3.2996874
1,C_scene,4_distractors,25,-0.45238987,0.0,0.0,0.0,14.10411
1,C_scene,4_distractors,26,-0.096049316,0.0,0.0,1.0,5.30507
1,C_scene,4_distractors,27,-0.108468905,0.0,0.0,1.0,2.34287
1,C_scene,4_distractors,28,-0.08987932,0.0,0.0,1.0,5.23708
1,C_scene,4_distractors,29,-0.42125583,0.0,0.0,1.0,15.162285
1,C_scene,4_distractors,30,-0.5522477,0.0,0.0,1.0,16.778841
1,C_scene,4_distractors,31,-0.36398074,0.0,0.0,0.0,11.051771
1,C_scene,4_distractors,32,-0.58377934,0.0,0.0,1.0,13.299851
1,C_scene,4_distractors,33,-0.16969049,0.0,0.0,1.0,5.215614
1,C_scene,4_distractors,34,-0.52410465,0.0,0.0,0.0,13.092095
1,C_scene,4_distractors,35,-0.2851191,0.0,0.0,1.0,10.312864
1,C_scene,4_distractors,36,-0.092304505,0.0,0.0,1.0,4.04496
1,C_scene,4_distractors,37,-0.7181214,0.0,0.0,0.0,21.293833
1,C_scene,4_distractors,38,-0.326484,0.0,0.0,1.0,9.557289
1,C_scene,4_distractors,39,-0.32839864,0.0,0.0,1.0,5.1257386
1,C_scene,4_distractors,40,-0.38733312,0.0,0.0,1.0,9.863936
1,C_scene,4_distractors,41,-0.22764084,0.0,0.0,1.0,5.8703194
1,C_scene,4_distractors,42,-0.2407709,0.0,0.0,1.0,7.663482
1,C_scene,4_distractors,43,-0.23015548,0.0,0.0,1.0,4.686906
1,C_scene,4_distractors,44,-0.2336249,0.0,0.0,1.0,2.8956048
1,C_scene,4_distractors,45,-0.42168862,0.0,0.0,0.0,11.896439
1,C_scene,4_distractors,46,-0.3182158,0.0,0.0,1.0,1.579788
1,C_scene,4_distractors,47,-0.14881755,0.0,0.0,1.0,7.377009
1,C_scene,4_distractors,48,-0.47139707,0.0,0.0,1.0,11.098881
1,C_scene,4_distractors,49,-0.3864357,0.0,0.0,0.0,14.61045
1,C_scene,4_distractors,50,-0.039107352,1.0,0.2,1.0,0.874774
1,C_scene,4_distractors,51,-0.55961543,0.0,0.0,0.0,15.637803
1,C_scene,4_distractors,52,-0.18955658,0.0,0.0,1.0,5.9255824
1,C_scene,4_distractors,53,-0.3656614,0.0,0.0,1.0,11.274475
1,C_scene,4_distractors,54,-0.18981308,0.0,0.0,1.0,4.3746467
1,C_scene,4_distractors,55,-0.45119205,0.0,0.0,0.0,11.530122
1,C_scene,4_distractors,56,0.18659781,0.0,0.17777777777777778,1.0,2.7427616
1,C_scene,4_distractors,57,-0.6539981,0.0,0.0,0.0,19.938406
1,C_scene,4_distractors,58,-0.44483554,0.0,0.0,0.0,16.692097
1,C_scene,4_distractors,59,-0.49144,0.0,0.0,1.0,15.183705
1,C_scene,4_distractors,60,-0.4341554,0.0,0.0,1.0,5.2840724
1,C_scene,4_distractors,61,-0.32985815,0.0,0.0,0.0,12.079157
1,C_scene,4_distractors,62,-0.5351356,0.0,0.0,1.0,19.171272
1,C_scene,4_distractors,63,-0.3248028,0.0,0.0,1.0,16.07013
1,C_scene,4_distractors,64,-0.51961243,0.0,0.0,1.0,14.768694
1,C_scene,4_distractors,65,-0.12128526,0.0,0.0,1.0,4.5098276
1,C_scene,4_distractors,66,0.036138088,0.0,0.15555555555555556,1.0,3.8297508
1,C_scene,4_distractors,67,-0.21365325,0.0,0.0,1.0,5.263675
1,C_scene,4_distractors,68,-0.41448092,0.0,0.0,1.0,5.0458403
1,C_scene,4_distractors,69,-0.346974,0.0,0.0,0.0,10.895044
1,C_scene,4_distractors,70,-0.20310576,0.0,0.0,1.0,4.6848125
1,C_scene,4_distractors,71,-0.61639464,0.0,0.0,0.0,18.457453
1,C_scene,4_distractors,72,0.22683321,0.0,0.4222222222222222,1.0,2.6478777
1,C_scene,4_distractors,73,-0.39930034,0.0,0.0,1.0,13.434557
1,C_scene,4_distractors,74,-0.51158774,0.0,0.0,0.0,17.65408
1,C_scene,4_distractors,75,-0.36139017,0.0,0.0,1.0,12.499338
1,C_scene,4_distractors,76,-0.22951722,0.0,0.0,1.0,7.5440874
1,C_scene,4_distractors,77,-0.55037475,0.0,0.0,0.0,16.832788
1,C_scene,4_distractors,78,-0.374799,0.0,0.0,1.0,13.294548
1,C_scene,4_distractors,79,-0.26554155,0.0,0.0,1.0,7.9856577
1,C_scene,4_distractors,80,-0.6234927,0.0,0.0,0.0,19.397007
1,C_scene,4_distractors,81,-0.40033984,0.0,0.0,1.0,9.413584
1,C_scene,4_distractors,82,-0.4114391,0.0,0.0,1.0,10.605357
1,C_scene,4_distractors,83,-0.62185854,0.0,0.0,1.0,19.75144
1,C_scene,4_distractors,84,-0.4859876,0.0,0.0,0.0,20.201458
1,C_scene,4_distractors,85,-0.6182711,0.0,0.0,0.0,17.32377
1,C_scene,4_distractors,86,-0.3852015,0.0,0.0,0.0,11.348063
1,C_scene,4_distractors,87,-0.25635883,0.0,0.0,1.0,7.6538396
1,C_scene,4_distractors,88,-0.1353773,0.0,0.0,1.0,4.978915
1,C_scene,4_distractors,89,-0.2993223,0.0,0.0,1.0,9.780889
1,C_scene,4_distractors,90,-0.55997825,0.0,0.0,0.0,17.012291
1,C_scene,4_distractors,91,-0.53091294,0.0,0.0,0.0,14.29249
1,C_scene,4_distractors,92,-0.33107504,0.0,0.0,0.0,8.70908
1,C_scene,4_distractors,93,-0.51837593,0.0,0.0,0.0,13.729565
1,C_scene,4_distractors,94,-0.27386573,0.0,0.0,1.0,11.561434
1,C_scene,4_distractors,95,-0.43468362,0.0,0.0,1.0,8.507416
1,C_scene,4_distractors,96,-0.51713276,0.0,0.0,0.0,15.782261
1,C_scene,4_distractors,97,-0.30393526,0.0,0.0,1.0,7.656556
1,C_scene,4_distractors,98,-0.059500832,0.0,0.1111111111111111,1.0,6.8359265
1,C_scene,4_distractors,99,-0.5860666,0.0,0.0,0.0,18.727343
1,C_scene,fast_distractors,0,-0.25194746,0.0,0.0,1.0,5.9532113
1,C_scene,fast_distractors,1,-0.30460852,0.0,0.0,1.0,7.035795
1,C_scene,fast_distractors,2,-0.44133255,0.0,0.0,1.0,8.868683
1,C_scene,fast_distractors,3,-0.2372863,0.0,0.0,1.0,3.5544004
1,C_scene,fast_distractors,4,-0.23145881,0.0,0.0,1.0,4.883819
1,C_scene,fast_distractors,5,-0.59590286,0.0,0.0,0.0,16.888271
1,C_scene,fast_distractors,6,-0.23156643,0.0,0.0,1.0,3.1484988
1,C_scene,fast_distractors,7,-0.32367,0.0,0.0,1.0,3.8758307
1,C_scene,fast_distractors,8,-0.40984774,0.0,0.0,1.0,10.7043915
1,C_scene,fast_distractors,9,-0.4726276,0.0,0.0,0.0,11.632293
1,C_scene,fast_distractors,10,-0.539677,0.0,0.0,0.0,18.303785
1,C_scene,fast_distractors,11,-0.6518306,0.0,0.0,0.0,20.959198
1,C_scene,fast_distractors,12,-0.19119553,0.0,0.0,0.0,10.569628
1,C_scene,fast_distractors,13,-0.6620913,0.0,0.0,0.0,21.130438
1,C_scene,fast_distractors,14,-0.22246201,0.0,0.0,1.0,3.466975
1,C_scene,fast_distractors,15,-0.59489995,0.0,0.0,0.0,18.949154
1,C_scene,fast_distractors,16,-0.25495312,0.0,0.0,1.0,6.864534
1,C_scene,fast_distractors,17,-0.018752243,0.0,0.0,1.0,4.432262
1,C_scene,fast_distractors,18,-0.4004105,0.0,0.0,1.0,10.608067
1,C_scene,fast_distractors,19,-0.5617106,0.0,0.0,0.0,14.729255
1,C_scene,fast_distractors,20,-0.30779007,0.0,0.0,0.0,8.707486
1,C_scene,fast_distractors,21,-0.18900855,0.0,0.0,1.0,6.2005477
1,C_scene,fast_distractors,22,-0.1901839,0.0,0.0,1.0,7.655928
1,C_scene,fast_distractors,23,-0.00495208,0.0,0.06666666666666667,1.0,4.580381
1,C_scene,fast_distractors,24,-0.24384907,0.0,0.0,1.0,5.1748137
1,C_scene,fast_distractors,25,-0.47117853,0.0,0.0,0.0,16.555578
1,C_scene,fast_distractors,26,-0.15427896,0.0,0.0,1.0,6.9862294
1,C_scene,fast_distractors,27,-0.15783377,0.0,0.0,1.0,3.8808186
1,C_scene,fast_distractors,28,-0.012931177,0.0,0.1111111111111111,1.0,4.6537004
1,C_scene,fast_distractors,29,-0.3831225,0.0,0.0,1.0,13.3730135
1,C_scene,fast_distractors,30,-0.4911505,0.0,0.0,1.0,15.844185
1,C_scene,fast_distractors,31,-0.32647958,0.0,0.0,0.0,8.803175
1,C_scene,fast_distractors,32,-0.5655147,0.0,0.0,1.0,14.282497
1,C_scene,fast_distractors,33,-0.27656704,0.0,0.0,0.0,11.030536
1,C_scene,fast_distractors,34,-0.44617835,0.0,0.0,1.0,11.299263
1,C_scene,fast_distractors,35,-0.2855452,0.0,0.0,1.0,8.658278
1,C_scene,fast_distractors,36,-0.27263868,0.0,0.0,1.0,8.588884
1,C_scene,fast_distractors,37,-0.733766,0.0,0.0,0.0,23.980938
1,C_scene,fast_distractors,38,-0.29828694,0.0,0.0,1.0,7.33516
1,C_scene,fast_distractors,39,-0.2764429,0.0,0.0,1.0,3.1144576
1,C_scene,fast_distractors,40,-0.40656933,0.0,0.0,0.0,12.261288
1,C_scene,fast_distractors,41,-0.27163586,0.0,0.0,1.0,4.9216094
1,C_scene,fast_distractors,42,-0.32068577,0.0,0.0,1.0,10.024511
1,C_scene,fast_distractors,43,-0.25438154,0.0,0.0,1.0,6.4519877
1,C_scene,fast_distractors,44,-0.123322256,0.0,0.0,1.0,2.3828535
1,C_scene,fast_distractors,45,-0.41337374,0.0,0.0,0.0,14.25182
1,C_scene,fast_distractors,46,-0.22863907,0.0,0.0,1.0,1.8437034
1,C_scene,fast_distractors,47,-0.11969559,0.0,0.0,1.0,7.36131
1,C_scene,fast_distractors,48,-0.50352967,0.0,0.0,1.0,13.681713
1,C_scene,fast_distractors,49,-0.34868908,0.0,0.0,0.0,12.257943
1,C_scene,fast_distractors,50,-0.2582268,0.0,0.0,1.0,7.874339
1,C_scene,fast_distractors,51,-0.42183498,0.0,0.0,1.0,7.7759647
1,C_scene,fast_distractors,52,-0.18007606,0.0,0.0,1.0,5.0592794
1,C_scene,fast_distractors,53,-0.40168652,0.0,0.0,1.0,13.8511715
1,C_scene,fast_distractors,54,-0.159357,0.0,0.0,1.0,4.135703
1,C_scene,fast_distractors,55,-0.40455386,0.0,0.0,0.0,10.632254
1,C_scene,fast_distractors,56,0.025599612,0.0,0.13333333333333333,1.0,3.555243
1,C_scene,fast_distractors,57,-0.561026,0.0,0.0,0.0,10.665374
1,C_scene,fast_distractors,58,-0.44363776,0.0,0.0,0.0,18.7759
1,C_scene,fast_distractors,59,-0.38799497,0.0,0.0,1.0,7.7414947
1,C_scene,fast_distractors,60,-0.4849137,0.0,0.0,1.0,7.163997
1,C_scene,fast_distractors,61,-0.30398715,0.0,0.0,1.0,10.369221
1,C_scene,fast_distractors,62,-0.44438836,0.0,0.0,1.0,14.685947
1,C_scene,fast_distractors,63,-0.32747588,0.0,0.0,0.0,15.780746
1,C_scene,fast_distractors,64,-0.45885956,0.0,0.0,0.0,11.167688
1,C_scene,fast_distractors,65,-0.2235697,0.0,0.0,1.0,6.119443
1,C_scene,fast_distractors,66,0.077766135,0.0,0.0,1.0,2.6203618
1,C_scene,fast_distractors,67,-0.1880047,0.0,0.0,1.0,6.3820844
1,C_scene,fast_distractors,68,-0.41552725,0.0,0.0,1.0,5.534343
1,C_scene,fast_distractors,69,-0.32900512,0.0,0.0,1.0,9.90281
1,C_scene,fast_distractors,70,-0.21428664,0.0,0.0,1.0,9.004582
1,C_scene,fast_distractors,71,-0.41735828,0.0,0.0,1.0,7.345172
1,C_scene,fast_distractors,72,0.14641312,0.0,0.2222222222222222,1.0,2.9276912
1,C_scene,fast_distractors,73,-0.3107267,0.0,0.0,1.0,10.324492
1,C_scene,fast_distractors,74,-0.30220315,0.0,0.0,1.0,5.6991987
1,C_scene,fast_distractors,75,-0.38696507,0.0,0.0,1.0,12.735762
1,C_scene,fast_distractors,76,-0.25701362,0.0,0.0,1.0,8.810765
1,C_scene,fast_distractors,77,-0.47093794,0.0,0.0,0.0,13.118971
1,C_scene,fast_distractors,78,-0.40932554,0.0,0.0,1.0,12.801225
1,C_scene,fast_distractors,79,-0.2624785,0.0,0.0,1.0,9.554383
1,C_scene,fast_distractors,80,-0.6443828,0.0,0.0,0.0,20.963556
1,C_scene,fast_distractors,81,-0.34478346,0.0,0.0,1.0,4.627679
1,C_scene,fast_distractors,82,-0.30252936,0.0,0.0,1.0,4.3247685
1,C_scene,fast_distractors,83,-0.6011575,0.0,0.0,1.0,16.400654
1,C_scene,fast_distractors,84,-0.45397952,0.0,0.0,1.0,18.059141
1,C_scene,fast_distractors,85,-0.6382202,0.0,0.0,0.0,18.124903
1,C_scene,fast_distractors,86,-0.32079002,0.0,0.0,0.0,8.578994
1,C_scene,fast_distractors,87,-0.28083774,0.0,0.0,1.0,7.747873
1,C_scene,fast_distractors,88,-0.21300031,0.0,0.0,1.0,7.407529
1,C_scene,fast_distractors,89,-0.30624005,0.0,0.0,0.0,12.363669
1,C_scene,fast_distractors,90,-0.4923393,0.0,0.0,1.0,15.075906
1,C_scene,fast_distractors,91,-0.60873425,0.0,0.0,0.0,14.741582
1,C_scene,fast_distractors,92,-0.28237814,0.0,0.0,1.0,8.374469
1,C_scene,fast_distractors,93,-0.50521994,0.0,0.0,1.0,12.4969425
1,C_scene,fast_distractors,94,-0.33158946,0.0,0.0,1.0,13.436918
1,C_scene,fast_distractors,95,-0.40909937,0.0,0.0,1.0,4.171677
1,C_scene,fast_distractors,96,-0.30330992,0.0,0.0,1.0,9.211432
1,C_scene,fast_distractors,97,-0.3118445,0.0,0.0,1.0,7.288629
1,C_scene,fast_distractors,98,-0.10208008,0.0,0.08888888888888889,1.0,8.234306
1,C_scene,fast_distractors,99,-0.5282523,0.0,0.0,0.0,11.989275
1,C_scene,unseen_distractor_hues,0,-0.10017209,0.0,0.0,1.0,2.5213842
1,C_scene,unseen_distractor_hues,1,-0.3203942,0.0,0.0,1.0,8.698681
1,C_scene,unseen_distractor_hues,2,-0.50611746,0.0,0.0,0.0,13.025497
1,C_scene,unseen_distractor_hues,3,-0.20566319,0.0,0.0,1.0,3.527801
1,C_scene,unseen_distractor_hues,4,-0.028173642,0.0,0.0,1.0,2.3297775
1,C_scene,unseen_distractor_hues,5,-0.5672322,0.0,0.0,0.0,15.083347
1,C_scene,unseen_distractor_hues,6,-0.20018965,0.0,0.0,1.0,2.294258
1,C_scene,unseen_distractor_hues,7,-0.33542916,0.0,0.0,1.0,6.2226477
1,C_scene,unseen_distractor_hues,8,-0.41062126,0.0,0.0,1.0,10.069416
1,C_scene,unseen_distractor_hues,9,-0.4195315,0.0,0.0,0.0,9.778117
1,C_scene,unseen_distractor_hues,10,-0.4264879,0.0,0.0,1.0,11.075447
1,C_scene,unseen_distractor_hues,11,-0.6464416,0.0,0.0,0.0,20.573978
1,C_scene,unseen_distractor_hues,12,-0.17931595,0.0,0.0,1.0,10.047763
1,C_scene,unseen_distractor_hues,13,-0.6738689,0.0,0.0,0.0,20.708107
1,C_scene,unseen_distractor_hues,14,-0.22359824,0.0,0.0,1.0,4.148618
1,C_scene,unseen_distractor_hues,15,-0.6712624,0.0,0.0,0.0,20.381624
1,C_scene,unseen_distractor_hues,16,-0.2704352,0.0,0.0,1.0,8.206328
1,C_scene,unseen_distractor_hues,17,-0.027984677,0.0,0.0,1.0,4.5625567
1,C_scene,unseen_distractor_hues,18,-0.36061218,0.0,0.0,1.0,8.897696
1,C_scene,unseen_distractor_hues,19,-0.57363784,0.0,0.0,0.0,16.600319
1,C_scene,unseen_distractor_hues,20,-0.21392642,0.0,0.0,1.0,2.9864647
1,C_scene,unseen_distractor_hues,21,-0.043248113,0.0,0.0,1.0,3.8418055
1,C_scene,unseen_distractor_hues,22,-0.20814244,0.0,0.0,1.0,8.487595
1,C_scene,unseen_distractor_hues,23,0.109647155,0.0,0.28888888888888886,1.0,2.9857547
1,C_scene,unseen_distractor_hues,24,-0.24625292,0.0,0.0,1.0,5.458403
1,C_scene,unseen_distractor_hues,25,-0.501412,0.0,0.0,0.0,17.200338
1,C_scene,unseen_distractor_hues,26,-0.16306633,0.0,0.0,1.0,7.0704303
1,C_scene,unseen_distractor_hues,27,-0.118555225,0.0,0.0,1.0,3.11596
1,C_scene,unseen_distractor_hues,28,-0.26898587,0.0,0.0,1.0,11.778158
1,C_scene,unseen_distractor_hues,29,-0.39556926,0.0,0.0,1.0,12.622663
1,C_scene,unseen_distractor_hues,30,-0.46484375,0.0,0.0,1.0,14.475923
1,C_scene,unseen_distractor_hues,31,-0.29203907,0.0,0.0,1.0,6.571724
1,C_scene,unseen_distractor_hues,32,-0.5309271,0.0,0.0,1.0,12.81413
1,C_scene,unseen_distractor_hues,33,-0.28824055,0.0,0.0,0.0,12.008172
1,C_scene,unseen_distractor_hues,34,-0.3969558,0.0,0.0,1.0,7.3027296
1,C_scene,unseen_distractor_hues,35,-0.29305953,0.0,0.0,1.0,9.908738
1,C_scene,unseen_distractor_hues,36,-0.22475725,0.0,0.0,1.0,7.158063
1,C_scene,unseen_distractor_hues,37,-0.74278116,0.0,0.0,0.0,24.509663
1,C_scene,unseen_distractor_hues,38,-0.31455758,0.0,0.0,1.0,8.322306
1,C_scene,unseen_distractor_hues,39,-0.3494617,0.0,0.0,1.0,8.723288
1,C_scene,unseen_distractor_hues,40,-0.41680023,0.0,0.0,0.0,11.463069
1,C_scene,unseen_distractor_hues,41,-0.23751345,0.0,0.0,1.0,4.2143016
1,C_scene,unseen_distractor_hues,42,-0.2663574,0.0,0.0,1.0,7.7845473
1,C_scene,unseen_distractor_hues,43,-0.22663163,0.0,0.0,1.0,6.974358
1,C_scene,unseen_distractor_hues,44,-0.13911176,0.0,0.0,1.0,5.518922
1,C_scene,unseen_distractor_hues,45,-0.39257553,0.0,0.0,1.0,12.272298
1,C_scene,unseen_distractor_hues,46,-0.19537354,1.0,0.13333333333333333,1.0,1.4120458
1,C_scene,unseen_distractor_hues,47,-0.022229522,0.0,0.0,1.0,3.6899788
1,C_scene,unseen_distractor_hues,48,-0.55139065,0.0,0.0,1.0,17.444576
1,C_scene,unseen_distractor_hues,49,-0.36951268,0.0,0.0,0.0,14.019031
1,C_scene,unseen_distractor_hues,50,-0.28952765,0.0,0.0,1.0,10.332484
1,C_scene,unseen_distractor_hues,51,-0.5204081,0.0,0.0,0.0,13.658807
1,C_scene,unseen_distractor_hues,52,-0.04874293,0.0,0.0,1.0,3.421131
1,C_scene,unseen_distractor_hues,53,-0.40859762,0.0,0.0,1.0,11.746619
1,C_scene,unseen_distractor_hues,54,-0.1975963,0.0,0.0,1.0,6.2820115
1,C_scene,unseen_distractor_hues,55,-0.383908,0.0,0.0,0.0,8.315547
1,C_scene,unseen_distractor_hues,56,0.22745249,1.0,0.35555555555555557,1.0,0.98461586
1,C_scene,unseen_distractor_hues,57,-0.7882875,0.0,0.0,0.0,24.80537
1,C_scene,unseen_distractor_hues,58,-0.43764713,0.0,0.0,0.0,18.933685
1,C_scene,unseen_distractor_hues,59,-0.5251747,0.0,0.0,0.0,17.870262
1,C_scene,unseen_distractor_hues,60,-0.40107372,0.0,0.0,1.0,3.461692
1,C_scene,unseen_distractor_hues,61,-0.3030043,0.0,0.0,1.0,7.444456
1,C_scene,unseen_distractor_hues,62,-0.45496127,0.0,0.0,1.0,14.86551
1,C_scene,unseen_distractor_hues,63,-0.2927009,0.0,0.0,1.0,13.594658
1,C_scene,unseen_distractor_hues,64,-0.47613746,0.0,0.0,0.0,12.444841
1,C_scene,unseen_distractor_hues,65,-0.21236488,0.0,0.0,1.0,8.53865
1,C_scene,unseen_distractor_hues,66,-0.056117676,0.0,0.0,1.0,3.8179526
1,C_scene,unseen_distractor_hues,67,-0.15079826,0.0,0.0,1.0,6.5610323
1,C_scene,unseen_distractor_hues,68,-0.3795178,0.0,0.0,1.0,4.5761814
1,C_scene,unseen_distractor_hues,69,-0.31156617,0.0,0.0,1.0,6.217095
1,C_scene,unseen_distractor_hues,70,-0.21576971,0.0,0.0,1.0,7.8394375
1,C_scene,unseen_distractor_hues,71,-0.2915405,0.0,0.0,1.0,4.8359575
1,C_scene,unseen_distractor_hues,72,0.07770547,0.0,0.24444444444444444,1.0,5.149784
1,C_scene,unseen_distractor_hues,73,-0.2653144,0.0,0.0,1.0,7.924998
1,C_scene,unseen_distractor_hues,74,-0.35187128,0.0,0.0,1.0,9.159638
1,C_scene,unseen_distractor_hues,75,-0.3959359,0.0,0.0,1.0,11.597475
1,C_scene,unseen_distractor_hues,76,-0.24017921,0.0,0.0,1.0,7.6457076
1,C_scene,unseen_distractor_hues,77,-0.4437609,0.0,0.0,1.0,7.630605
1,C_scene,unseen_distractor_hues,78,-0.32832935,0.0,0.0,1.0,7.6592755
1,C_scene,unseen_distractor_hues,79,-0.33648562,0.0,0.0,1.0,12.536133
1,C_scene,unseen_distractor_hues,80,-0.6675114,0.0,0.0,0.0,22.191393
1,C_scene,unseen_distractor_hues,81,-0.4347502,0.0,0.0,1.0,7.705913
1,C_scene,unseen_distractor_hues,82,-0.35097253,0.0,0.0,1.0,5.971698
1,C_scene,unseen_distractor_hues,83,-0.50938934,0.0,0.0,1.0,11.476046
1,C_scene,unseen_distractor_hues,84,-0.4520784,0.0,0.0,1.0,16.676208
1,C_scene,unseen_distractor_hues,85,-0.65059143,0.0,0.0,0.0,19.276081
1,C_scene,unseen_distractor_hues,86,-0.27405396,0.0,0.0,0.0,6.1938004
1,C_scene,unseen_distractor_hues,87,-0.13082732,0.0,0.0,1.0,3.2043412
1,C_scene,unseen_distractor_hues,88,-0.2389079,0.0,0.0,1.0,7.5748086
1,C_scene,unseen_distractor_hues,89,-0.2809734,0.0,0.0,0.0,11.657687
1,C_scene,unseen_distractor_hues,90,-0.44206822,0.0,0.0,1.0,12.059212
1,C_scene,unseen_distractor_hues,91,-0.5867656,0.0,0.0,0.0,13.147626
1,C_scene,unseen_distractor_hues,92,-0.27380684,0.0,0.0,1.0,9.87795
1,C_scene,unseen_distractor_hues,93,-0.4901637,0.0,0.0,1.0,12.951351
1,C_scene,unseen_distractor_hues,94,-0.28184092,0.0,0.0,1.0,10.923678
1,C_scene,unseen_distractor_hues,95,-0.4139214,0.0,0.0,1.0,7.1323943
1,C_scene,unseen_distractor_hues,96,-0.30090335,0.0,0.0,1.0,7.8457704
1,C_scene,unseen_distractor_hues,97,-0.30771554,0.0,0.0,1.0,9.399241
1,C_scene,unseen_distractor_hues,98,-0.073148765,0.0,0.0,1.0,4.4888544
1,C_scene,unseen_distractor_hues,99,-0.60367674,0.0,0.0,0.0,17.564388
1,C_scene,heavy_pixel_noise,0,-0.25210634,0.0,0.0,0.0,6.306058
1,C_scene,heavy_pixel_noise,1,-0.24151906,0.0,0.0,1.0,5.3801184
1,C_scene,heavy_pixel_noise,2,-0.4170746,0.0,0.0,1.0,9.402662
1,C_scene,heavy_pixel_noise,3,-0.30646113,0.0,0.0,1.0,7.1401258
1,C_scene,heavy_pixel_noise,4,-0.06172884,0.0,0.0,1.0,2.809071
1,C_scene,heavy_pixel_noise,5,-0.44835675,0.0,0.0,1.0,9.905064
1,C_scene,heavy_pixel_noise,6,-0.061770238,0.0,0.0,1.0,2.8962452
1,C_scene,heavy_pixel_noise,7,-0.44481617,0.0,0.0,1.0,6.4380546
1,C_scene,heavy_pixel_noise,8,-0.44127542,0.0,0.0,1.0,10.818316
1,C_scene,heavy_pixel_noise,9,-0.40940526,0.0,0.0,0.0,9.873332
1,C_scene,heavy_pixel_noise,10,-0.5584753,0.0,0.0,0.0,19.633232
1,C_scene,heavy_pixel_noise,11,-0.4904938,0.0,0.0,1.0,11.230795
1,C_scene,heavy_pixel_noise,12,-0.1996088,0.0,0.0,1.0,11.1275
1,C_scene,heavy_pixel_noise,13,-0.6602702,0.0,0.0,0.0,20.408628
1,C_scene,heavy_pixel_noise,14,-0.24995318,0.0,0.0,1.0,4.9203424
1,C_scene,heavy_pixel_noise,15,-0.4766576,0.0,0.0,0.0,13.39218
1,C_scene,heavy_pixel_noise,16,-0.25247383,0.0,0.0,1.0,7.1895943
1,C_scene,heavy_pixel_noise,17,-0.1050377,0.0,0.0,1.0,6.1018114
1,C_scene,heavy_pixel_noise,18,-0.32713822,0.0,0.0,1.0,7.237465
1,C_scene,heavy_pixel_noise,19,-0.5057391,0.0,0.0,0.0,13.2294445
1,C_scene,heavy_pixel_noise,20,-0.2944814,0.0,0.0,0.0,8.359002
1,C_scene,heavy_pixel_noise,21,-0.18281846,0.0,0.0,1.0,5.219932
1,C_scene,heavy_pixel_noise,22,-0.1771394,0.0,0.0,1.0,8.18695
1,C_scene,heavy_pixel_noise,23,0.21746284,1.0,0.6444444444444445,1.0,1.5086004
1,C_scene,heavy_pixel_noise,24,-0.21598093,0.0,0.0,1.0,5.52088
1,C_scene,heavy_pixel_noise,25,-0.34433812,0.0,0.0,0.0,10.939534
1,C_scene,heavy_pixel_noise,26,-0.16404238,0.0,0.0,1.0,7.9142227
1,C_scene,heavy_pixel_noise,27,-0.1339689,0.0,0.0,1.0,3.511945
1,C_scene,heavy_pixel_noise,28,-0.034593504,0.0,0.022222222222222223,1.0,4.8066278
1,C_scene,heavy_pixel_noise,29,-0.37484422,0.0,0.0,1.0,11.601612
1,C_scene,heavy_pixel_noise,30,-0.63566774,0.0,0.0,1.0,21.8022
1,C_scene,heavy_pixel_noise,31,-0.36629045,0.0,0.0,0.0,9.333154
1,C_scene,heavy_pixel_noise,32,-0.46281788,0.0,0.0,1.0,6.3372855
1,C_scene,heavy_pixel_noise,33,-0.28319386,0.0,0.0,0.0,11.318939
1,C_scene,heavy_pixel_noise,34,-0.5133651,0.0,0.0,1.0,13.171399
1,C_scene,heavy_pixel_noise,35,-0.3074886,0.0,0.0,1.0,10.867629
1,C_scene,heavy_pixel_noise,36,-0.2842874,0.0,0.0,1.0,8.024575
1,C_scene,heavy_pixel_noise,37,-0.6344244,0.0,0.0,0.0,18.3891
1,C_scene,heavy_pixel_noise,38,-0.22705556,0.0,0.0,1.0,4.5066013
1,C_scene,heavy_pixel_noise,39,-0.2906302,0.0,0.0,1.0,2.459052
1,C_scene,heavy_pixel_noise,40,-0.38242975,0.0,0.0,1.0,7.997823
1,C_scene,heavy_pixel_noise,41,-0.46641082,0.0,0.0,1.0,16.868435
1,C_scene,heavy_pixel_noise,42,-0.2954989,0.0,0.0,1.0,10.691802
1,C_scene,heavy_pixel_noise,43,-0.26718196,0.0,0.0,1.0,7.938299
1,C_scene,heavy_pixel_noise,44,-0.31254244,0.0,0.0,1.0,5.4609003
1,C_scene,heavy_pixel_noise,45,-0.30942187,0.0,0.0,1.0,8.746254
1,C_scene,heavy_pixel_noise,46,-0.31796926,0.0,0.0,1.0,3.8083746
1,C_scene,heavy_pixel_noise,47,-0.17145848,0.0,0.0,1.0,8.286274
1,C_scene,heavy_pixel_noise,48,-0.3978197,0.0,0.0,1.0,7.635792
1,C_scene,heavy_pixel_noise,49,-0.21298347,0.0,0.0,1.0,3.8588183
1,C_scene,heavy_pixel_noise,50,-0.2342675,0.0,0.0,1.0,3.1041305
1,C_scene,heavy_pixel_noise,51,-0.45207578,0.0,0.0,0.0,10.569945
1,C_scene,heavy_pixel_noise,52,-0.14802234,0.0,0.0,1.0,4.1118917
1,C_scene,heavy_pixel_noise,53,-0.44993684,0.0,0.0,1.0,11.848044
1,C_scene,heavy_pixel_noise,54,-0.14062981,0.0,0.0,1.0,4.8350844
1,C_scene,heavy_pixel_noise,55,-0.42712733,0.0,0.0,0.0,10.259878
1,C_scene,heavy_pixel_noise,56,0.08448772,0.0,0.17777777777777778,1.0,3.705177
1,C_scene,heavy_pixel_noise,57,-0.72564435,0.0,0.0,0.0,22.904617
1,C_scene,heavy_pixel_noise,58,-0.46312153,0.0,0.0,0.0,19.946146
1,C_scene,heavy_pixel_noise,59,-0.29102987,0.0,0.0,1.0,2.1962454
1,C_scene,heavy_pixel_noise,60,-0.50448704,0.0,0.0,1.0,7.6329846
1,C_scene,heavy_pixel_noise,61,-0.31172264,0.0,0.0,1.0,10.366136
1,C_scene,heavy_pixel_noise,62,-0.5954619,0.0,0.0,1.0,20.294014
1,C_scene,heavy_pixel_noise,63,-0.31081682,0.0,0.0,0.0,14.895725
1,C_scene,heavy_pixel_noise,64,-0.37857437,0.0,0.0,1.0,6.3269825
1,C_scene,heavy_pixel_noise,65,-0.1824538,0.0,0.0,1.0,4.818796
1,C_scene,heavy_pixel_noise,66,0.18525077,1.0,0.4444444444444444,1.0,0.42078102
1,C_scene,heavy_pixel_noise,67,-0.24079348,0.0,0.0,1.0,10.463142
1,C_scene,heavy_pixel_noise,68,-0.53409964,0.0,0.0,0.0,9.133204
1,C_scene,heavy_pixel_noise,69,-0.28784022,0.0,0.0,1.0,7.8983574
1,C_scene,heavy_pixel_noise,70,-0.2112456,0.0,0.0,1.0,5.3163605
1,C_scene,heavy_pixel_noise,71,-0.28414246,0.0,0.0,1.0,5.668685
1,C_scene,heavy_pixel_noise,72,-0.067976594,0.0,0.0,1.0,7.241853
1,C_scene,heavy_pixel_noise,73,-0.22658102,0.0,0.0,1.0,7.3943615
1,C_scene,heavy_pixel_noise,74,-0.5375968,0.0,0.0,0.0,17.683159
1,C_scene,heavy_pixel_noise,75,-0.399199,0.0,0.0,1.0,13.1339035
1,C_scene,heavy_pixel_noise,76,-0.24053796,0.0,0.0,1.0,7.8826146
1,C_scene,heavy_pixel_noise,77,-0.51404655,0.0,0.0,0.0,13.888654
1,C_scene,heavy_pixel_noise,78,-0.3250658,0.0,0.0,1.0,9.754932
1,C_scene,heavy_pixel_noise,79,-0.29047176,0.0,0.0,1.0,10.450693
1,C_scene,heavy_pixel_noise,80,-0.58605736,0.0,0.0,0.0,16.96872
1,C_scene,heavy_pixel_noise,81,-0.40051812,0.0,0.0,1.0,9.545778
1,C_scene,heavy_pixel_noise,82,-0.34453043,0.0,0.0,1.0,4.9337864
1,C_scene,heavy_pixel_noise,83,-0.64504325,0.0,0.0,1.0,15.635209
1,C_scene,heavy_pixel_noise,84,-0.40262043,0.0,0.0,1.0,13.90461
1,C_scene,heavy_pixel_noise,85,-0.57166666,0.0,0.0,1.0,14.883339
1,C_scene,heavy_pixel_noise,86,-0.457468,0.0,0.0,0.0,11.925472
1,C_scene,heavy_pixel_noise,87,-0.27618402,0.0,0.0,1.0,9.071402
1,C_scene,heavy_pixel_noise,88,-0.277278,0.0,0.0,1.0,11.222213
1,C_scene,heavy_pixel_noise,89,-0.30880672,0.0,0.0,0.0,11.534023
1,C_scene,heavy_pixel_noise,90,-0.47490332,0.0,0.0,1.0,12.86368
1,C_scene,heavy_pixel_noise,91,-0.47804624,0.0,0.0,1.0,9.836122
1,C_scene,heavy_pixel_noise,92,-0.3330058,0.0,0.0,0.0,8.5404215
1,C_scene,heavy_pixel_noise,93,-0.4007634,0.0,0.0,1.0,8.768211
1,C_scene,heavy_pixel_noise,94,-0.4003302,0.0,0.0,1.0,15.665972
1,C_scene,heavy_pixel_noise,95,-0.35741726,0.0,0.0,1.0,8.663033
1,C_scene,heavy_pixel_noise,96,-0.3284972,0.0,0.0,1.0,11.382572
1,C_scene,heavy_pixel_noise,97,-0.37241066,0.0,0.0,1.0,10.2588005
1,C_scene,heavy_pixel_noise,98,-0.18345864,0.0,0.0,1.0,5.6387386
1,C_scene,heavy_pixel_noise,99,-0.55455315,0.0,0.0,0.0,14.287389
1,D_latent,in_distribution,0,-0.0182995,0.0,0.0,1.0,3.1766229
1,D_latent,in_distribution,1,-0.19942349,0.0,0.0,1.0,3.1729653
1,D_latent,in_distribution,2,-0.27372053,0.0,0.0,1.0,4.6063595
1,D_latent,in_distribution,3,-0.03428735,0.0,0.15555555555555556,1.0,3.257389
1,D_latent,in_distribution,4,-0.12931745,0.0,0.0,1.0,4.9002643
1,D_latent,in_distribution,5,-0.33053592,0.0,0.0,1.0,6.3993607
1,D_latent,in_distribution,6,0.15311067,0.0,0.5777777777777777,1.0,1.7109724
1,D_latent,in_distribution,7,-0.16313267,0.0,0.0,1.0,2.9912002
1,D_latent,in_distribution,8,-0.38007042,0.0,0.0,1.0,10.06817
1,D_latent,in_distribution,9,-0.30708084,0.0,0.0,1.0,8.56445
1,D_latent,in_distribution,10,-0.07396654,1.0,0.28888888888888886,1.0,1.3534302
1,D_latent,in_distribution,11,-0.34264994,0.0,0.0,1.0,4.191724
1,D_latent,in_distribution,12,-0.21805541,0.0,0.0,1.0,9.775511
1,D_latent,in_distribution,13,-0.39347836,0.0,0.0,1.0,4.896225
1,D_latent,in_distribution,14,-0.16239403,0.0,0.0,1.0,4.2045484
1,D_latent,in_distribution,15,-0.2956054,0.0,0.0,1.0,4.1385765
1,D_latent,in_distribution,16,-0.14334491,0.0,0.0,1.0,4.672032
1,D_latent,in_distribution,17,-0.1867726,0.0,0.0,1.0,6.8870144
1,D_latent,in_distribution,18,-0.22431308,0.0,0.0,1.0,3.4303885
1,D_latent,in_distribution,19,-0.3234353,0.0,0.0,1.0,6.2069745
1,D_latent,in_distribution,20,-0.24990138,0.0,0.0,0.0,8.209309
1,D_latent,in_distribution,21,-0.13201065,0.0,0.0,1.0,6.3745413
1,D_latent,in_distribution,22,-0.16444105,0.0,0.0,1.0,5.577171
1,D_latent,in_distribution,23,0.23090176,1.0,0.5555555555555556,1.0,0.79801655
1,D_latent,in_distribution,24,-0.006793138,0.0,0.0,1.0,1.5925856
1,D_latent,in_distribution,25,-0.38746288,0.0,0.0,0.0,12.197245
1,D_latent,in_distribution,26,0.011188131,0.0,0.06666666666666667,1.0,4.8255706
1,D_latent,in_distribution,27,0.097305946,0.0,0.06666666666666667,1.0,3.1693194
1,D_latent,in_distribution,28,-0.07826883,0.0,0.1111111111111111,1.0,5.709748
1,D_latent,in_distribution,29,-0.2325822,0.0,0.0,1.0,5.1310415
1,D_latent,in_distribution,30,-0.090657644,1.0,0.022222222222222223,1.0,1.5466465
1,D_latent,in_distribution,31,-0.21224402,0.0,0.0,1.0,4.9854155
1,D_latent,in_distribution,32,-0.19277988,0.0,0.06666666666666667,1.0,3.1236172
1,D_latent,in_distribution,33,-0.27013764,0.0,0.0,1.0,8.650244
1,D_latent,in_distribution,34,0.08515799,1.0,0.5333333333333333,1.0,0.76561075
1,D_latent,in_distribution,35,-0.29440707,0.0,0.0,1.0,10.688039
1,D_latent,in_distribution,36,-0.14667347,0.0,0.0,1.0,6.431265
1,D_latent,in_distribution,37,-0.35482886,0.0,0.0,1.0,6.4542146
1,D_latent,in_distribution,38,-0.18132345,0.0,0.0,1.0,3.6462243
1,D_latent,in_distribution,39,-0.056395806,0.0,0.3111111111111111,1.0,2.2819495
1,D_latent,in_distribution,40,0.0016989963,0.0,0.3111111111111111,1.0,1.6743311
1,D_latent,in_distribution,41,-0.15826675,0.0,0.0,1.0,2.170813
1,D_latent,in_distribution,42,-0.13031518,0.0,0.0,1.0,2.638039
1,D_latent,in_distribution,43,-0.18038875,0.0,0.0,1.0,3.8417144
1,D_latent,in_distribution,44,-0.31351677,0.0,0.0,1.0,10.712042
1,D_latent,in_distribution,45,-0.12338962,0.0,0.0,1.0,2.505579
1,D_latent,in_distribution,46,-0.28380093,0.0,0.0,1.0,5.978176
1,D_latent,in_distribution,47,0.07999684,1.0,0.17777777777777778,1.0,1.0648085
1,D_latent,in_distribution,48,-0.28975776,0.0,0.0,1.0,5.130112
1,D_latent,in_distribution,49,-0.19977106,0.0,0.0,1.0,5.688371
1,D_latent,in_distribution,50,-0.20315312,0.0,0.0,1.0,6.8278704
1,D_latent,in_distribution,51,-0.3382466,0.0,0.0,1.0,3.317099
1,D_latent,in_distribution,52,-0.08529275,0.0,0.0,1.0,2.4424872
1,D_latent,in_distribution,53,-0.25661424,0.0,0.0,1.0,5.071781
1,D_latent,in_distribution,54,0.123294175,0.0,0.3111111111111111,1.0,3.7172804
1,D_latent,in_distribution,55,-0.2623774,0.0,0.0,1.0,4.2484527
1,D_latent,in_distribution,56,0.04743034,0.0,0.17777777777777778,1.0,4.0335
1,D_latent,in_distribution,57,-0.44738907,0.0,0.0,1.0,9.453992
1,D_latent,in_distribution,58,-0.1200358,0.0,0.0,1.0,3.685614
1,D_latent,in_distribution,59,-0.3233565,0.0,0.0,0.0,9.67375
1,D_latent,in_distribution,60,-0.28701022,0.0,0.0,1.0,3.4918237
1,D_latent,in_distribution,61,-0.2469602,0.0,0.0,1.0,6.4731917
1,D_latent,in_distribution,62,-0.23983417,0.0,0.0,1.0,6.081262
1,D_latent,in_distribution,63,-0.25785905,0.0,0.0,1.0,10.417861
1,D_latent,in_distribution,64,-0.18690045,0.0,0.0,1.0,5.124268
1,D_latent,in_distribution,65,0.25675872,1.0,0.7777777777777778,1.0,1.1213769
1,D_latent,in_distribution,66,-0.086698,0.0,0.08888888888888889,1.0,6.3531227
1,D_latent,in_distribution,67,-0.02153375,0.0,0.15555555555555556,1.0,6.3486676
1,D_latent,in_distribution,68,-0.21987881,0.0,0.044444444444444446,1.0,2.7991643
1,D_latent,in_distribution,69,-0.12693608,0.0,0.0,1.0,3.0534997
1,D_latent,in_distribution,70,0.07631155,1.0,0.13333333333333333,1.0,1.4010336
1,D_latent,in_distribution,71,-0.3217206,0.0,0.0,1.0,5.376608
1,D_latent,in_distribution,72,0.058018368,0.0,0.17777777777777778,1.0,3.398258
1,D_latent,in_distribution,73,-0.24697164,0.0,0.0,1.0,6.5449786
1,D_latent,in_distribution,74,-0.21601331,0.0,0.0,1.0,2.6811752
1,D_latent,in_distribution,75,-0.24192433,0.0,0.0,1.0,7.295205
1,D_latent,in_distribution,76,-0.22729757,0.0,0.0,1.0,6.656504
1,D_latent,in_distribution,77,-0.12845996,0.0,0.2,1.0,2.049526
1,D_latent,in_distribution,78,-0.006533946,0.0,0.24444444444444444,1.0,1.7952446
1,D_latent,in_distribution,79,-0.21343708,0.0,0.0,1.0,5.6385
1,D_latent,in_distribution,80,-0.3372752,0.0,0.0,1.0,3.0522804
1,D_latent,in_distribution,81,-0.33016595,0.0,0.0,1.0,6.846952
1,D_latent,in_distribution,82,-0.36566707,0.0,0.0,1.0,10.880669
1,D_latent,in_distribution,83,-0.42544055,0.0,0.0,1.0,6.870714
1,D_latent,in_distribution,84,-0.39612058,0.0,0.0,1.0,13.384105
1,D_latent,in_distribution,85,-0.4077811,0.0,0.0,1.0,7.599606
1,D_latent,in_distribution,86,-0.26519662,0.0,0.0,1.0,7.932352
1,D_latent,in_distribution,87,-0.01964597,0.0,0.13333333333333333,1.0,1.7136095
1,D_latent,in_distribution,88,-0.16241933,0.0,0.0,1.0,5.4240127
1,D_latent,in_distribution,89,-0.23780954,0.0,0.0,1.0,8.003399
1,D_latent,in_distribution,90,-0.31553057,0.0,0.0,1.0,5.6416993
1,D_latent,in_distribution,91,-0.19711882,1.0,0.2,1.0,0.2434871
1,D_latent,in_distribution,92,-0.16920063,0.0,0.0,1.0,5.0315804
1,D_latent,in_distribution,93,-0.22741307,0.0,0.0,1.0,3.5230098
1,D_latent,in_distribution,94,-0.26549944,0.0,0.0,1.0,9.212821
1,D_latent,in_distribution,95,-0.2963476,0.0,0.0,1.0,6.4687276
1,D_latent,in_distribution,96,-0.22425035,0.0,0.0,1.0,3.5483394
1,D_latent,in_distribution,97,-0.077271245,0.0,0.0,1.0,3.1316361
1,D_latent,in_distribution,98,-0.10292555,0.0,0.0,1.0,2.7373743
1,D_latent,in_distribution,99,-0.1250173,0.0,0.08888888888888889,1.0,2.1115932
1,D_latent,4_distractors,0,0.049313843,0.0,0.24444444444444444,1.0,3.142279
1,D_latent,4_distractors,1,-0.18875298,0.0,0.0,1.0,2.889639
1,D_latent,4_distractors,2,-0.24427225,0.0,0.0,1.0,3.4908924
1,D_latent,4_distractors,3,-0.15417406,0.0,0.0,1.0,3.1274147
1,D_latent,4_distractors,4,-0.1285361,0.0,0.0,1.0,4.670815
1,D_latent,4_distractors,5,-0.3564083,0.0,0.0,1.0,7.901564
1,D_latent,4_distractors,6,0.11889182,0.0,0.4444444444444444,1.0,2.5075886
1,D_latent,4_distractors,7,-0.13211532,0.0,0.15555555555555556,1.0,3.5497544
1,D_latent,4_distractors,8,-0.36911583,0.0,0.0,1.0,9.12437
1,D_latent,4_distractors,9,-0.24762109,0.0,0.0,1.0,5.0718575
1,D_latent,4_distractors,10,-0.08777989,0.0,0.15555555555555556,1.0,1.5711731
1,D_latent,4_distractors,11,-0.3237741,0.0,0.0,1.0,3.2481115
1,D_latent,4_distractors,12,-0.2215802,0.0,0.0,1.0,10.07539
1,D_latent,4_distractors,13,-0.38816002,0.0,0.0,1.0,5.0350814
1,D_latent,4_distractors,14,-0.16755459,0.0,0.0,1.0,4.1396875
1,D_latent,4_distractors,15,-0.3418545,0.0,0.0,1.0,5.317545
1,D_latent,4_distractors,16,-0.15583338,0.0,0.0,1.0,4.887876
1,D_latent,4_distractors,17,-0.18437175,0.0,0.0,1.0,6.64762
1,D_latent,4_distractors,18,-0.21138714,0.0,0.0,1.0,3.076508
1,D_latent,4_distractors,19,-0.3233004,0.0,0.0,1.0,6.5394855
1,D_latent,4_distractors,20,-0.22090168,0.0,0.0,0.0,7.1175027
1,D_latent,4_distractors,21,-0.12342445,0.0,0.0,1.0,5.5314527
1,D_latent,4_distractors,22,-0.12363213,0.0,0.0,1.0,4.1616592
1,D_latent,4_distractors,23,0.20803748,1.0,0.4444444444444444,1.0,0.41609973
1,D_latent,4_distractors,24,-0.10105683,0.0,0.0,1.0,2.7088838
1,D_latent,4_distractors,25,-0.3388857,0.0,0.0,0.0,9.9122
1,D_latent,4_distractors,26,-0.036674112,0.0,0.0,1.0,4.9407864
1,D_latent,4_distractors,27,0.032829434,0.0,0.0,1.0,3.5794501
1,D_latent,4_distractors,28,-0.08516824,0.0,0.08888888888888889,1.0,6.0631585
1,D_latent,4_distractors,29,-0.1989751,0.0,0.0,1.0,3.726708
1,D_latent,4_distractors,30,-0.014783684,1.0,0.4,1.0,1.1730629
1,D_latent,4_distractors,31,-0.20790607,0.0,0.0,1.0,4.7945642
1,D_latent,4_distractors,32,-0.23828663,0.0,0.0,1.0,3.4244943
1,D_latent,4_distractors,33,-0.28441387,0.0,0.0,1.0,9.719924
1,D_latent,4_distractors,34,0.09915478,1.0,0.5333333333333333,1.0,0.19926958
1,D_latent,4_distractors,35,-0.29030856,0.0,0.0,1.0,10.692539
1,D_latent,4_distractors,36,-0.16809978,0.0,0.0,1.0,6.4638753
1,D_latent,4_distractors,37,-0.35887495,0.0,0.0,1.0,6.661925
1,D_latent,4_distractors,38,-0.19767338,0.0,0.0,1.0,4.1139793
1,D_latent,4_distractors,39,-0.04363431,0.0,0.35555555555555557,1.0,1.8200322
1,D_latent,4_distractors,40,0.052506924,1.0,0.5333333333333333,1.0,1.144686
1,D_latent,4_distractors,41,-0.1807345,0.0,0.0,1.0,2.699719
1,D_latent,4_distractors,42,-0.13849993,0.0,0.0,1.0,2.5472658
1,D_latent,4_distractors,43,-0.25109297,0.0,0.0,1.0,7.17357
1,D_latent,4_distractors,44,-0.3207241,0.0,0.0,1.0,11.301774
1,D_latent,4_distractors,45,-0.17785671,0.0,0.0,1.0,3.5438595
1,D_latent,4_distractors,46,-0.23124202,0.0,0.0,1.0,3.423169
1,D_latent,4_distractors,47,-0.11338473,0.0,0.0,1.0,5.1706924
1,D_latent,4_distractors,48,-0.29885924,0.0,0.0,1.0,5.778771
1,D_latent,4_distractors,49,-0.18930751,0.0,0.0,1.0,4.977275
1,D_latent,4_distractors,50,-0.20354046,0.0,0.0,1.0,6.8293986
1,D_latent,4_distractors,51,-0.44528368,0.0,0.0,1.0,9.026003
1,D_latent,4_distractors,52,-0.09052375,0.0,0.0,1.0,2.605986
1,D_latent,4_distractors,53,-0.2467027,0.0,0.0,1.0,4.6215982
1,D_latent,4_distractors,54,0.20112099,0.0,0.4888888888888889,1.0,3.0408149
1,D_latent,4_distractors,55,-0.25118545,0.0,0.0,1.0,3.8199787
1,D_latent,4_distractors,56,-0.0064707794,0.0,0.15555555555555556,1.0,5.536871
1,D_latent,4_distractors,57,-0.4619991,0.0,0.0,1.0,9.920796
1,D_latent,4_distractors,58,-0.108580194,0.0,0.0,1.0,3.6312094
1,D_latent,4_distractors,59,-0.16978507,0.0,0.0,1.0,4.190091
1,D_latent,4_distractors,60,-0.3691843,0.0,0.0,1.0,5.8868713
1,D_latent,4_distractors,61,-0.26122624,0.0,0.0,1.0,6.766955
1,D_latent,4_distractors,62,-0.20897765,0.0,0.0,1.0,4.790353
1,D_latent,4_distractors,63,-0.26215065,0.0,0.0,1.0,10.424984
1,D_latent,4_distractors,64,-0.1919648,0.0,0.0,1.0,4.841626
1,D_latent,4_distractors,65,0.22227582,1.0,0.4444444444444444,1.0,0.55247235
1,D_latent,4_distractors,66,-0.09498003,0.0,0.08888888888888889,1.0,7.1623363
1,D_latent,4_distractors,67,-0.05042577,0.0,0.0,1.0,5.9337907
1,D_latent,4_distractors,68,-0.29604658,0.0,0.0,1.0,3.0222101
1,D_latent,4_distractors,69,-0.089548565,0.0,0.0,1.0,3.1505349
1,D_latent,4_distractors,70,0.11917064,1.0,0.4222222222222222,1.0,0.4994425
1,D_latent,4_distractors,71,-0.33978033,0.0,0.0,1.0,6.0858703
1,D_latent,4_distractors,72,0.066018924,0.0,0.2,1.0,3.3078127
1,D_latent,4_distractors,73,-0.23276724,0.0,0.0,1.0,4.9461975
1,D_latent,4_distractors,74,-0.22846875,0.0,0.0,1.0,3.1383193
1,D_latent,4_distractors,75,-0.211013,0.0,0.0,1.0,6.0897856
1,D_latent,4_distractors,76,-0.21915345,0.0,0.0,1.0,6.281111
1,D_latent,4_distractors,77,-0.13692117,0.0,0.2222222222222222,1.0,2.5246294
1,D_latent,4_distractors,78,-0.07153787,0.0,0.0,1.0,1.8972751
1,D_latent,4_distractors,79,-0.21649666,0.0,0.0,1.0,5.79184
1,D_latent,4_distractors,80,-0.19793917,1.0,0.2,1.0,0.3008861
1,D_latent,4_distractors,81,-0.3550472,0.0,0.0,1.0,8.793437
1,D_latent,4_distractors,82,-0.36912578,0.0,0.0,1.0,9.754591
1,D_latent,4_distractors,83,-0.4032566,0.0,0.0,1.0,5.6498713
1,D_latent,4_distractors,84,-0.3905808,0.0,0.0,1.0,13.488155
1,D_latent,4_distractors,85,-0.42618042,0.0,0.0,1.0,9.020648
1,D_latent,4_distractors,86,-0.2644501,0.0,0.0,1.0,7.879827
1,D_latent,4_distractors,87,-0.031880245,0.0,0.022222222222222223,1.0,1.7805557
1,D_latent,4_distractors,88,-0.13419503,0.0,0.0,1.0,7.354978
1,D_latent,4_distractors,89,-0.22062965,0.0,0.0,1.0,6.9394555
1,D_latent,4_distractors,90,-0.25674734,0.0,0.0,1.0,3.7244954
1,D_latent,4_distractors,91,-0.22644177,1.0,0.08888888888888889,1.0,1.2555987
1,D_latent,4_distractors,92,-0.18860856,0.0,0.0,1.0,5.4514422
1,D_latent,4_distractors,93,-0.30210182,0.0,0.0,1.0,5.0134463
1,D_latent,4_distractors,94,-0.25339407,0.0,0.0,1.0,9.013709
1,D_latent,4_distractors,95,-0.26518857,0.0,0.0,1.0,6.259039
1,D_latent,4_distractors,96,-0.22622624,0.0,0.0,1.0,3.6248617
1,D_latent,4_distractors,97,-0.155739,0.0,0.0,1.0,4.1829004
1,D_latent,4_distractors,98,-0.16043705,0.0,0.0,1.0,4.2526865
1,D_latent,4_distractors,99,-0.099025756,1.0,0.13333333333333333,1.0,1.346945
1,D_latent,fast_distractors,0,-0.05801365,0.0,0.0,1.0,3.0139816
1,D_latent,fast_distractors,1,-0.20189834,0.0,0.0,1.0,3.3096662
1,D_latent,fast_distractors,2,-0.2667639,0.0,0.0,1.0,4.4681044
1,D_latent,fast_distractors,3,-0.044868767,0.0,0.08888888888888889,1.0,3.389467
1,D_latent,fast_distractors,4,-0.13322522,0.0,0.0,1.0,5.0098147
1,D_latent,fast_distractors,5,-0.32503945,0.0,0.0,1.0,5.9293437
1,D_latent,fast_distractors,6,0.16767482,0.0,0.5777777777777777,1.0,1.78673
1,D_latent,fast_distractors,7,-0.16460294,0.0,0.0,1.0,3.339134
1,D_latent,fast_distractors,8,-0.38119438,0.0,0.0,1.0,9.902995
1,D_latent,fast_distractors,9,-0.28451988,0.0,0.0,1.0,7.1212287
1,D_latent,fast_distractors,10,-0.1274016,0.0,0.0,1.0,2.006873
1,D_latent,fast_distractors,11,-0.32140785,0.0,0.0,1.0,3.173016
1,D_latent,fast_distractors,12,-0.22211406,0.0,0.0,1.0,10.046768
1,D_latent,fast_distractors,13,-0.40091994,0.0,0.0,1.0,5.4053392
1,D_latent,fast_distractors,14,-0.20123114,0.0,0.0,1.0,5.2304497
1,D_latent,fast_distractors,15,-0.3072582,0.0,0.0,1.0,3.8004093
1,D_latent,fast_distractors,16,-0.14304332,0.0,0.0,1.0,4.659313
1,D_latent,fast_distractors,17,-0.18765534,0.0,0.0,1.0,6.9189706
1,D_latent,fast_distractors,18,-0.21465948,0.0,0.0,1.0,3.1497958
1,D_latent,fast_distractors,19,-0.31162456,0.0,0.0,1.0,5.2213984
1,D_latent,fast_distractors,20,-0.2422018,0.0,0.0,0.0,8.038527
1,D_latent,fast_distractors,21,-0.126256,0.0,0.0,1.0,5.729737
1,D_latent,fast_distractors,22,-0.14662308,0.0,0.0,1.0,4.8966074
1,D_latent,fast_distractors,23,0.24797589,1.0,0.5777777777777777,1.0,0.6832626
1,D_latent,fast_distractors,24,-0.003234843,0.0,0.0,1.0,2.1001847
1,D_latent,fast_distractors,25,-0.2902365,0.0,0.0,0.0,7.515853
1,D_latent,fast_distractors,26,0.022462638,0.0,0.13333333333333333,1.0,4.859342
1,D_latent,fast_distractors,27,0.1586757,0.0,0.4,1.0,2.9189422
1,D_latent,fast_distractors,28,-0.073582575,0.0,0.1111111111111111,1.0,5.6630754
1,D_latent,fast_distractors,29,-0.200196,0.0,0.0,1.0,3.712774
1,D_latent,fast_distractors,30,-0.11965579,0.0,0.0,1.0,1.6626586
1,D_latent,fast_distractors,31,-0.20725416,0.0,0.0,1.0,5.0272017
1,D_latent,fast_distractors,32,-0.23172282,0.0,0.0,1.0,3.3441677
1,D_latent,fast_distractors,33,-0.26786587,0.0,0.0,1.0,8.573916
1,D_latent,fast_distractors,34,0.055697713,1.0,0.5555555555555556,1.0,1.0496088
1,D_latent,fast_distractors,35,-0.29376957,0.0,0.0,1.0,10.661951
1,D_latent,fast_distractors,36,-0.14584804,0.0,0.0,1.0,6.208619
1,D_latent,fast_distractors,37,-0.34477583,0.0,0.0,1.0,6.1110086
1,D_latent,fast_distractors,38,-0.19138773,0.0,0.0,1.0,4.159003
1,D_latent,fast_distractors,39,-0.05503007,0.0,0.3111111111111111,1.0,2.3758426
1,D_latent,fast_distractors,40,0.1016909,1.0,0.5111111111111111,1.0,0.89567214
1,D_latent,fast_distractors,41,-0.15692915,0.0,0.0,1.0,1.9032785
1,D_latent,fast_distractors,42,-0.1434757,0.0,0.0,1.0,2.7827768
1,D_latent,fast_distractors,43,-0.1863868,0.0,0.0,1.0,4.6649804
1,D_latent,fast_distractors,44,-0.31730187,0.0,0.0,1.0,10.947244
1,D_latent,fast_distractors,45,-0.1051361,0.0,0.0,1.0,2.505979
1,D_latent,fast_distractors,46,-0.28891757,0.0,0.0,1.0,6.486454
1,D_latent,fast_distractors,47,0.037361965,0.0,0.1111111111111111,1.0,2.2690158
1,D_latent,fast_distractors,48,-0.28941423,0.0,0.0,1.0,5.0987306
1,D_latent,fast_distractors,49,-0.16953737,0.0,0.0,1.0,4.15702
1,D_latent,fast_distractors,50,-0.20335548,0.0,0.0,1.0,6.816949
1,D_latent,fast_distractors,51,-0.35328114,0.0,0.0,1.0,4.1070223
1,D_latent,fast_distractors,52,-0.10128781,0.0,0.0,1.0,2.8530765
1,D_latent,fast_distractors,53,-0.25303373,0.0,0.0,1.0,4.84688
1,D_latent,fast_distractors,54,0.13172753,0.0,0.3333333333333333,1.0,3.6115003
1,D_latent,fast_distractors,55,-0.26471713,0.0,0.0,1.0,4.5221725
1,D_latent,fast_distractors,56,0.02888168,0.0,0.15555555555555556,1.0,4.499811
1,D_latent,fast_distractors,57,-0.449461,0.0,0.0,1.0,9.359353
1,D_latent,fast_distractors,58,-0.106292754,0.0,0.0,1.0,3.3322177
1,D_latent,fast_distractors,59,-0.27929455,0.0,0.0,0.0,7.8293533
1,D_latent,fast_distractors,60,-0.3306709,0.0,0.0,1.0,4.2514596
1,D_latent,fast_distractors,61,-0.2466498,0.0,0.0,1.0,6.460786
1,D_latent,fast_distractors,62,-0.23723285,0.0,0.0,1.0,5.8640695
1,D_latent,fast_distractors,63,-0.25321108,0.0,0.0,1.0,10.161866
1,D_latent,fast_distractors,64,-0.17531954,0.0,0.08888888888888889,1.0,4.963173
1,D_latent,fast_distractors,65,0.22388428,1.0,0.6,1.0,0.5889785
1,D_latent,fast_distractors,66,-0.096441925,0.0,0.08888888888888889,1.0,7.360118
1,D_latent,fast_distractors,67,-0.035836153,0.0,0.13333333333333333,1.0,6.4340987
1,D_latent,fast_distractors,68,-0.3312894,0.0,0.0,1.0,4.226016
1,D_latent,fast_distractors,69,-0.13905463,0.0,0.0,1.0,3.3509383
1,D_latent,fast_distractors,70,0.041841365,0.0,0.0,1.0,1.8346468
1,D_latent,fast_distractors,71,-0.2956093,0.0,0.0,1.0,4.2459407
1,D_latent,fast_distractors,72,0.06888501,0.0,0.2,1.0,3.6080341
1,D_latent,fast_distractors,73,-0.24669586,0.0,0.0,1.0,6.52575
1,D_latent,fast_distractors,74,-0.20985554,0.0,0.0,1.0,2.6058314
1,D_latent,fast_distractors,75,-0.21931432,0.0,0.0,1.0,6.585203
1,D_latent,fast_distractors,76,-0.2230325,0.0,0.0,1.0,6.5292025
1,D_latent,fast_distractors,77,-0.12550455,0.0,0.24444444444444444,1.0,2.221481
1,D_latent,fast_distractors,78,-0.023913648,1.0,0.13333333333333333,1.0,1.3023516
1,D_latent,fast_distractors,79,-0.21214274,0.0,0.0,1.0,5.66897
1,D_latent,fast_distractors,80,-0.33280897,0.0,0.0,1.0,2.911369
1,D_latent,fast_distractors,81,-0.3565656,0.0,0.0,1.0,8.911855
1,D_latent,fast_distractors,82,-0.35762614,0.0,0.0,1.0,10.71277
1,D_latent,fast_distractors,83,-0.44934928,0.0,0.0,1.0,8.144753
1,D_latent,fast_distractors,84,-0.39642656,0.0,0.0,1.0,13.406523
1,D_latent,fast_distractors,85,-0.42403492,0.0,0.0,1.0,8.559286
1,D_latent,fast_distractors,86,-0.27747357,0.0,0.0,1.0,8.4836855
1,D_latent,fast_distractors,87,-0.15728147,0.0,0.0,1.0,4.5001984
1,D_latent,fast_distractors,88,-0.17668357,0.0,0.0,1.0,6.2936635
1,D_latent,fast_distractors,89,-0.23513249,0.0,0.0,1.0,7.983757
1,D_latent,fast_distractors,90,-0.3307269,0.0,0.0,1.0,6.6577454
1,D_latent,fast_distractors,91,-0.20578848,1.0,0.17777777777777778,1.0,0.6980955
1,D_latent,fast_distractors,92,-0.19429754,0.0,0.0,1.0,5.6549025
1,D_latent,fast_distractors,93,-0.23520751,0.0,0.0,1.0,3.5075176
1,D_latent,fast_distractors,94,-0.26653183,0.0,0.0,1.0,9.263338
1,D_latent,fast_distractors,95,-0.286947,0.0,0.0,1.0,7.3141365
1,D_latent,fast_distractors,96,-0.22430019,0.0,0.0,1.0,3.5280015
1,D_latent,fast_distractors,97,0.015781589,0.0,0.28888888888888886,1.0,2.780119
1,D_latent,fast_distractors,98,-0.10312322,0.0,0.0,1.0,2.739
1,D_latent,fast_distractors,99,-0.10185066,0.0,0.08888888888888889,1.0,1.8301663
1,D_latent,unseen_distractor_hues,0,-0.046011005,0.0,0.0,1.0,3.3741388
1,D_latent,unseen_distractor_hues,1,-0.20223802,0.0,0.0,1.0,3.3342192
1,D_latent,unseen_distractor_hues,2,-0.27520463,0.0,0.0,1.0,4.525704
1,D_latent,unseen_distractor_hues,3,-0.07418401,0.0,0.0,1.0,2.960312
1,D_latent,unseen_distractor_hues,4,-0.12310971,0.0,0.0,1.0,4.6869693
1,D_latent,unseen_distractor_hues,5,-0.3298982,0.0,0.0,1.0,6.356562
1,D_latent,unseen_distractor_hues,6,0.15160424,0.0,0.5333333333333333,1.0,2.2245119
1,D_latent,unseen_distractor_hues,7,-0.12383473,0.0,0.08888888888888889,1.0,2.8784258
1,D_latent,unseen_distractor_hues,8,-0.36333004,0.0,0.0,1.0,8.875651
1,D_latent,unseen_distractor_hues,9,-0.28482932,0.0,0.0,1.0,7.258654
1,D_latent,unseen_distractor_hues,10,-0.06355646,1.0,0.3333333333333333,1.0,1.2503351
1,D_latent,unseen_distractor_hues,11,-0.35842645,0.0,0.0,1.0,5.0897326
1,D_latent,unseen_distractor_hues,12,-0.31612316,0.0,0.0,0.0,12.900453
1,D_latent,unseen_distractor_hues,13,-0.41346037,0.0,0.0,1.0,6.2103195
1,D_latent,unseen_distractor_hues,14,-0.18406495,0.0,0.0,1.0,4.678534
1,D_latent,unseen_distractor_hues,15,-0.2916056,0.0,0.0,1.0,3.8887753
1,D_latent,unseen_distractor_hues,16,-0.1429318,0.0,0.0,1.0,4.6602635
1,D_latent,unseen_distractor_hues,17,-0.18694681,0.0,0.0,1.0,6.9685926
1,D_latent,unseen_distractor_hues,18,-0.21812493,0.0,0.0,1.0,3.0438442
1,D_latent,unseen_distractor_hues,19,-0.31008476,0.0,0.0,1.0,5.956375
1,D_latent,unseen_distractor_hues,20,-0.27676454,0.0,0.0,0.0,9.191191
1,D_latent,unseen_distractor_hues,21,-0.12235041,0.0,0.0,1.0,5.600638
1,D_latent,unseen_distractor_hues,22,-0.13185087,0.0,0.0,1.0,4.634885
1,D_latent,unseen_distractor_hues,23,0.2660123,1.0,0.6666666666666666,1.0,1.1753621
1,D_latent,unseen_distractor_hues,24,-0.017834047,0.0,0.0,1.0,2.3040144
1,D_latent,unseen_distractor_hues,25,-0.3666886,0.0,0.0,0.0,11.018558
1,D_latent,unseen_distractor_hues,26,-0.0032085371,0.0,0.0,1.0,5.1154523
1,D_latent,unseen_distractor_hues,27,0.25102827,0.0,0.6,1.0,2.0641606
1,D_latent,unseen_distractor_hues,28,-0.12915598,0.0,0.08888888888888889,0.0,7.872511
1,D_latent,unseen_distractor_hues,29,-0.19208606,0.0,0.0,1.0,3.5058234
1,D_latent,unseen_distractor_hues,30,-0.011227547,1.0,0.4,1.0,0.9769974
1,D_latent,unseen_distractor_hues,31,-0.21219862,0.0,0.0,1.0,5.0642605
1,D_latent,unseen_distractor_hues,32,-0.24550404,0.0,0.0,1.0,3.7962973
1,D_latent,unseen_distractor_hues,33,-0.28182966,0.0,0.0,1.0,9.662734
1,D_latent,unseen_distractor_hues,34,0.04721369,1.0,0.5555555555555556,1.0,1.4307182
1,D_latent,unseen_distractor_hues,35,-0.29317808,0.0,0.0,1.0,10.631941
1,D_latent,unseen_distractor_hues,36,-0.16657582,0.0,0.0,1.0,7.3206153
1,D_latent,unseen_distractor_hues,37,-0.3278461,0.0,0.0,1.0,5.0598416
1,D_latent,unseen_distractor_hues,38,-0.22622503,0.0,0.0,1.0,5.8098273
1,D_latent,unseen_distractor_hues,39,-0.06874735,0.0,0.3333333333333333,1.0,1.9203216
1,D_latent,unseen_distractor_hues,40,0.033357542,0.0,0.4222222222222222,1.0,1.6456485
1,D_latent,unseen_distractor_hues,41,-0.2314454,0.0,0.0,1.0,4.53052
1,D_latent,unseen_distractor_hues,42,-0.111982994,0.0,0.0,1.0,2.2447104
1,D_latent,unseen_distractor_hues,43,-0.19370712,0.0,0.0,1.0,4.8599086
1,D_latent,unseen_distractor_hues,44,-0.31309682,0.0,0.0,1.0,10.646675
1,D_latent,unseen_distractor_hues,45,-0.08373654,0.0,0.0,1.0,2.393452
1,D_latent,unseen_distractor_hues,46,-0.2846488,0.0,0.0,1.0,6.047684
1,D_latent,unseen_distractor_hues,47,-0.067605525,0.0,0.044444444444444446,1.0,4.8317747
1,D_latent,unseen_distractor_hues,48,-0.32044694,0.0,0.0,1.0,6.57476
1,D_latent,unseen_distractor_hues,49,-0.1649778,0.0,0.0,1.0,3.9852557
1,D_latent,unseen_distractor_hues,50,-0.20519248,0.0,0.0,1.0,6.996317
1,D_latent,unseen_distractor_hues,51,-0.3586763,0.0,0.0,1.0,4.102182
1,D_latent,unseen_distractor_hues,52,-0.13259254,0.0,0.0,1.0,3.5121303
1,D_latent,unseen_distractor_hues,53,-0.2526112,0.0,0.0,1.0,4.819635
1,D_latent,unseen_distractor_hues,54,-0.011087885,0.0,0.0,1.0,4.1760073
1,D_latent,unseen_distractor_hues,55,-0.2669212,0.0,0.0,1.0,4.7187076
1,D_latent,unseen_distractor_hues,56,0.007869944,0.0,0.15555555555555556,1.0,4.8691196
1,D_latent,unseen_distractor_hues,57,-0.44069293,0.0,0.0,1.0,8.434324
1,D_latent,unseen_distractor_hues,58,-0.11315358,0.0,0.0,1.0,3.7118921
1,D_latent,unseen_distractor_hues,59,-0.26480946,0.0,0.0,0.0,6.808116
1,D_latent,unseen_distractor_hues,60,-0.34300953,0.0,0.0,1.0,4.851165
1,D_latent,unseen_distractor_hues,61,-0.24104825,0.0,0.0,1.0,6.26636
1,D_latent,unseen_distractor_hues,62,-0.23662728,0.0,0.0,1.0,5.5582657
1,D_latent,unseen_distractor_hues,63,-0.25937828,0.0,0.0,1.0,10.582343
1,D_latent,unseen_distractor_hues,64,-0.20130081,0.0,0.0,1.0,5.5671415
1,D_latent,unseen_distractor_hues,65,0.27100733,1.0,0.7777777777777778,1.0,1.0829253
1,D_latent,unseen_distractor_hues,66,-0.116348945,0.0,0.06666666666666667,1.0,7.766126
1,D_latent,unseen_distractor_hues,67,-0.11300711,0.0,0.0,1.0,7.401183
1,D_latent,unseen_distractor_hues,68,-0.1881518,0.0,0.26666666666666666,1.0,2.4916728
1,D_latent,unseen_distractor_hues,69,-0.13677184,0.0,0.0,1.0,2.9996116
1,D_latent,unseen_distractor_hues,70,0.13899553,1.0,0.5555555555555556,1.0,0.8153989
1,D_latent,unseen_distractor_hues,71,-0.29789746,0.0,0.0,1.0,4.0960875
1,D_latent,unseen_distractor_hues,72,0.05784192,0.0,0.13333333333333333,1.0,2.6150618
1,D_latent,unseen_distractor_hues,73,-0.23284094,0.0,0.0,1.0,4.544315
1,D_latent,unseen_distractor_hues,74,-0.20840359,0.0,0.0,1.0,2.6080496
1,D_latent,unseen_distractor_hues,75,-0.22885159,0.0,0.0,1.0,7.358495
1,D_latent,unseen_distractor_hues,76,-0.18139552,0.0,0.0,1.0,4.531405
1,D_latent,unseen_distractor_hues,77,-0.18544379,0.0,0.0,1.0,2.7805533
1,D_latent,unseen_distractor_hues,78,-0.26732245,0.0,0.0,1.0,4.0834475
1,D_latent,unseen_distractor_hues,79,0.018187327,0.0,0.0,1.0,2.0904775
1,D_latent,unseen_distractor_hues,80,-0.36256516,0.0,0.0,1.0,3.5257561
1,D_latent,unseen_distractor_hues,81,-0.33152378,0.0,0.0,1.0,6.7759275
1,D_latent,unseen_distractor_hues,82,-0.36095014,0.0,0.0,1.0,11.819307
1,D_latent,unseen_distractor_hues,83,-0.37939894,0.0,0.0,1.0,4.5020075
1,D_latent,unseen_distractor_hues,84,-0.3975506,0.0,0.0,1.0,13.506593
1,D_latent,unseen_distractor_hues,85,-0.41262448,0.0,0.0,1.0,7.612543
1,D_latent,unseen_distractor_hues,86,-0.27534974,0.0,0.0,1.0,8.197153
1,D_latent,unseen_distractor_hues,87,-0.17155197,0.0,0.0,1.0,4.9790606
1,D_latent,unseen_distractor_hues,88,-0.16125563,0.0,0.0,1.0,7.5833178
1,D_latent,unseen_distractor_hues,89,-0.23058182,0.0,0.0,1.0,7.7965574
1,D_latent,unseen_distractor_hues,90,-0.3107421,0.0,0.0,1.0,5.0187283
1,D_latent,unseen_distractor_hues,91,-0.20500772,1.0,0.2,1.0,0.71152955
1,D_latent,unseen_distractor_hues,92,-0.17205472,0.0,0.0,1.0,4.975126
1,D_latent,unseen_distractor_hues,93,-0.24279387,0.0,0.0,1.0,3.927
1,D_latent,unseen_distractor_hues,94,-0.26589522,0.0,0.0,1.0,9.196071
1,D_latent,unseen_distractor_hues,95,-0.24647678,0.0,0.0,1.0,6.5406604
1,D_latent,unseen_distractor_hues,96,-0.23476264,0.0,0.0,1.0,3.9325013
1,D_latent,unseen_distractor_hues,97,-0.06468289,0.0,0.1111111111111111,1.0,3.5801983
1,D_latent,unseen_distractor_hues,98,-0.15551671,0.0,0.0,1.0,4.1639295
1,D_latent,unseen_distractor_hues,99,-0.087038286,1.0,0.13333333333333333,1.0,1.3249466
1,D_latent,heavy_pixel_noise,0,0.09416455,1.0,0.4666666666666667,1.0,1.0670207
1,D_latent,heavy_pixel_noise,1,-0.21747975,0.0,0.0,1.0,5.94934
1,D_latent,heavy_pixel_noise,2,-0.34060252,0.0,0.0,1.0,8.633762
1,D_latent,heavy_pixel_noise,3,-0.24171557,0.0,0.0,1.0,6.505177
1,D_latent,heavy_pixel_noise,4,-0.19119532,0.0,0.0,1.0,7.421283
1,D_latent,heavy_pixel_noise,5,-0.2462762,0.0,0.0,1.0,3.1444075
1,D_latent,heavy_pixel_noise,6,-0.055528868,0.0,0.0,1.0,1.9273863
1,D_latent,heavy_pixel_noise,7,-0.21806565,0.0,0.0,1.0,4.776261
1,D_latent,heavy_pixel_noise,8,-0.36412588,0.0,0.0,1.0,9.306257
1,D_latent,heavy_pixel_noise,9,-0.32215637,0.0,0.0,1.0,10.295945
1,D_latent,heavy_pixel_noise,10,-0.050935533,1.0,0.3333333333333333,1.0,0.69645303
1,D_latent,heavy_pixel_noise,11,-0.23738857,0.0,0.06666666666666667,1.0,4.132169
1,D_latent,heavy_pixel_noise,12,-0.35535163,0.0,0.0,0.0,14.702119
1,D_latent,heavy_pixel_noise,13,-0.39105088,0.0,0.0,1.0,5.461929
1,D_latent,heavy_pixel_noise,14,-0.28057194,0.0,0.0,1.0,9.406063
1,D_latent,heavy_pixel_noise,15,-0.26463154,0.0,0.06666666666666667,1.0,7.0988474
1,D_latent,heavy_pixel_noise,16,-0.18082805,0.0,0.0,1.0,5.577021
1,D_latent,heavy_pixel_noise,17,-0.18985812,0.0,0.0,1.0,7.156223
1,D_latent,heavy_pixel_noise,18,-0.43546566,0.0,0.0,0.0,12.773517
1,D_latent,heavy_pixel_noise,19,-0.330739,0.0,0.0,1.0,7.3973174
1,D_latent,heavy_pixel_noise,20,-0.275888,0.0,0.0,0.0,9.538126
1,D_latent,heavy_pixel_noise,21,-0.15979695,0.0,0.0,1.0,6.1941276
1,D_latent,heavy_pixel_noise,22,-0.14387919,0.0,0.0,1.0,4.6652684
1,D_latent,heavy_pixel_noise,23,0.17861241,0.0,0.26666666666666666,1.0,1.6344681
1,D_latent,heavy_pixel_noise,24,0.052506007,0.0,0.2,1.0,2.055288
1,D_latent,heavy_pixel_noise,25,-0.19130887,0.0,0.0,1.0,3.1902637
1,D_latent,heavy_pixel_noise,26,-0.10738234,0.0,0.0,1.0,6.7887034
1,D_latent,heavy_pixel_noise,27,0.24675791,0.0,0.6222222222222222,1.0,1.8097421
1,D_latent,heavy_pixel_noise,28,-0.09578102,0.0,0.08888888888888889,1.0,6.620079
1,D_latent,heavy_pixel_noise,29,-0.19123384,0.0,0.0,1.0,3.4782972
1,D_latent,heavy_pixel_noise,30,-0.17897524,0.0,0.0,1.0,2.4792805
1,D_latent,heavy_pixel_noise,31,-0.2163588,0.0,0.0,1.0,5.3844624
1,D_latent,heavy_pixel_noise,32,-0.30035633,0.0,0.0,1.0,3.7223377
1,D_latent,heavy_pixel_noise,33,-0.25121537,0.0,0.0,1.0,7.4384327
1,D_latent,heavy_pixel_noise,34,-0.0738831,0.0,0.17777777777777778,1.0,3.62301
1,D_latent,heavy_pixel_noise,35,-0.27182937,0.0,0.0,1.0,10.444943
1,D_latent,heavy_pixel_noise,36,-0.099567585,0.0,0.0,1.0,2.9633324
1,D_latent,heavy_pixel_noise,37,-0.4413613,1.0,0.06666666666666667,1.0,0.04716957
1,D_latent,heavy_pixel_noise,38,-0.13494502,0.0,0.0,1.0,3.374406
1,D_latent,heavy_pixel_noise,39,-0.08196188,0.0,0.3111111111111111,1.0,1.5856444
1,D_latent,heavy_pixel_noise,40,-0.20393182,0.0,0.0,1.0,9.671546
1,D_latent,heavy_pixel_noise,41,-0.27798545,0.0,0.0,1.0,7.858735
1,D_latent,heavy_pixel_noise,42,0.005891786,0.0,0.15555555555555556,1.0,3.545072
1,D_latent,heavy_pixel_noise,43,-0.20659873,0.0,0.0,1.0,3.6008353
1,D_latent,heavy_pixel_noise,44,-0.3044949,0.0,0.0,1.0,11.2449875
1,D_latent,heavy_pixel_noise,45,-0.32080513,0.0,0.0,1.0,12.823241
1,D_latent,heavy_pixel_noise,46,-0.29933086,0.0,0.0,1.0,7.128669
1,D_latent,heavy_pixel_noise,47,-0.015686583,0.0,0.022222222222222223,1.0,2.4641843
1,D_latent,heavy_pixel_noise,48,-0.42141595,0.0,0.0,1.0,12.06364
1,D_latent,heavy_pixel_noise,49,-0.0027319768,0.0,0.13333333333333333,1.0,2.5459878
1,D_latent,heavy_pixel_noise,50,-0.20463274,0.0,0.0,1.0,6.959904
1,D_latent,heavy_pixel_noise,51,-0.2735558,1.0,0.06666666666666667,1.0,1.072921
1,D_latent,heavy_pixel_noise,52,-0.14380574,0.0,0.0,1.0,3.5621843
1,D_latent,heavy_pixel_noise,53,-0.28372332,0.0,0.0,1.0,6.2139277
1,D_latent,heavy_pixel_noise,54,0.18379779,0.0,0.4444444444444444,1.0,1.8454486
1,D_latent,heavy_pixel_noise,55,-0.27261132,0.0,0.0,1.0,4.959794
1,D_latent,heavy_pixel_noise,56,0.035170075,0.0,0.15555555555555556,1.0,3.917292
1,D_latent,heavy_pixel_noise,57,-0.47138515,0.0,0.0,1.0,9.153183
1,D_latent,heavy_pixel_noise,58,-0.12412465,0.0,0.0,1.0,3.2079306
1,D_latent,heavy_pixel_noise,59,-0.38190925,0.0,0.0,0.0,14.568598
1,D_latent,heavy_pixel_noise,60,-0.30576622,0.0,0.0,1.0,3.1281652
1,D_latent,heavy_pixel_noise,61,-0.12069093,0.0,0.08888888888888889,1.0,9.902062
1,D_latent,heavy_pixel_noise,62,-0.31804213,0.0,0.0,1.0,9.745965
1,D_latent,heavy_pixel_noise,63,-0.24656048,0.0,0.0,1.0,10.068598
1,D_latent,heavy_pixel_noise,64,-0.40287519,0.0,0.0,1.0,11.441022
1,D_latent,heavy_pixel_noise,65,0.17559598,0.0,0.4,1.0,2.1337247
1,D_latent,heavy_pixel_noise,66,-0.20733398,0.0,0.06666666666666667,1.0,12.396591
1,D_latent,heavy_pixel_noise,67,-0.24494769,0.0,0.0,1.0,5.7451954
1,D_latent,heavy_pixel_noise,68,-0.16105482,1.0,0.4,1.0,1.1545933
1,D_latent,heavy_pixel_noise,69,-0.101728514,0.0,0.0,1.0,2.4961061
1,D_latent,heavy_pixel_noise,70,0.076461546,1.0,0.044444444444444446,1.0,1.4628608
1,D_latent,heavy_pixel_noise,71,-0.29217672,0.0,0.0,1.0,3.3928757
1,D_latent,heavy_pixel_noise,72,0.06336678,0.0,0.2,1.0,3.4603972
1,D_latent,heavy_pixel_noise,73,-0.26149356,0.0,0.0,1.0,7.6313386
1,D_latent,heavy_pixel_noise,74,-0.3401279,0.0,0.0,1.0,6.9991755
1,D_latent,heavy_pixel_noise,75,-0.045448504,0.0,0.0,1.0,2.0241132
1,D_latent,heavy_pixel_noise,76,-0.2518447,0.0,0.0,1.0,7.168865
1,D_latent,heavy_pixel_noise,77,-0.31992856,0.0,0.0,1.0,4.857034
1,D_latent,heavy_pixel_noise,78,-0.24921869,0.0,0.0,1.0,6.0561943
1,D_latent,heavy_pixel_noise,79,-0.22659358,0.0,0.0,1.0,10.0607395
1,D_latent,heavy_pixel_noise,80,-0.29247037,0.0,0.0,1.0,3.1467266
1,D_latent,heavy_pixel_noise,81,-0.37575212,0.0,0.0,1.0,10.962491
1,D_latent,heavy_pixel_noise,82,-0.3715507,0.0,0.0,1.0,12.380655
1,D_latent,heavy_pixel_noise,83,-0.45836702,0.0,0.0,1.0,11.067929
1,D_latent,heavy_pixel_noise,84,-0.30283654,0.0,0.0,1.0,7.937654
1,D_latent,heavy_pixel_noise,85,-0.26784304,0.0,0.08888888888888889,1.0,5.219121
1,D_latent,heavy_pixel_noise,86,-0.28752896,0.0,0.0,1.0,9.055739
1,D_latent,heavy_pixel_noise,87,-0.10599806,0.0,0.0,1.0,7.0137067
1,D_latent,heavy_pixel_noise,88,-0.096295565,0.0,0.1111111111111111,1.0,9.509792
1,D_latent,heavy_pixel_noise,89,-0.24135539,0.0,0.0,1.0,8.054922
1,D_latent,heavy_pixel_noise,90,-0.5173935,0.0,0.0,0.0,13.707471
1,D_latent,heavy_pixel_noise,91,-0.24417676,0.0,0.0,1.0,2.3253837
1,D_latent,heavy_pixel_noise,92,-0.17381091,0.0,0.0,1.0,4.8682146
1,D_latent,heavy_pixel_noise,93,-0.4395354,0.0,0.0,1.0,13.6709
1,D_latent,heavy_pixel_noise,94,-0.2526973,0.0,0.0,1.0,9.169095
1,D_latent,heavy_pixel_noise,95,-0.38966286,0.0,0.0,1.0,9.616002
1,D_latent,heavy_pixel_noise,96,-0.21222576,0.0,0.08888888888888889,1.0,8.403525
1,D_latent,heavy_pixel_noise,97,-0.051577654,0.0,0.17777777777777778,1.0,4.050508
1,D_latent,heavy_pixel_noise,98,-0.10211161,0.0,0.0,1.0,3.107042
1,D_latent,heavy_pixel_noise,99,-0.13474748,0.0,0.08888888888888889,1.0,2.2375097
2,A_recon,in_distribution,0,-0.24726008,0.0,0.0,0.0,7.1117916
2,A_recon,in_distribution,1,-0.24682571,0.0,0.0,1.0,5.041688
2,A_recon,in_distribution,2,-0.14968316,1.0,0.13333333333333333,1.0,1.083975
2,A_recon,in_distribution,3,-0.04812692,1.0,0.2,1.0,1.3590548
2,A_recon,in_distribution,4,-0.07975234,0.0,0.0,1.0,2.965025
2,A_recon,in_distribution,5,-0.22127914,0.0,0.0,1.0,2.007061
2,A_recon,in_distribution,6,-0.0861626,0.0,0.0,1.0,3.804332
2,A_recon,in_distribution,7,-0.025512764,1.0,0.4666666666666667,1.0,0.38502887
2,A_recon,in_distribution,8,-0.20990887,0.0,0.0,1.0,4.940795
2,A_recon,in_distribution,9,-0.37854213,0.0,0.0,0.0,13.207768
2,A_recon,in_distribution,10,-0.22327118,0.0,0.0,1.0,4.301979
2,A_recon,in_distribution,11,-0.4508737,0.0,0.0,0.0,6.7992964
2,A_recon,in_distribution,12,-0.183581,0.0,0.0,1.0,5.0852346
2,A_recon,in_distribution,13,-0.44347462,0.0,0.0,1.0,7.578617
2,A_recon,in_distribution,14,-0.27920732,0.0,0.0,1.0,7.937861
2,A_recon,in_distribution,15,-0.4291604,0.0,0.0,1.0,11.694109
2,A_recon,in_distribution,16,-0.21336511,0.0,0.0,1.0,7.6048746
2,A_recon,in_distribution,17,-0.1619962,0.0,0.0,1.0,6.1998625
2,A_recon,in_distribution,18,-0.27914107,0.0,0.0,1.0,6.2632213
2,A_recon,in_distribution,19,-0.19067469,0.0,0.0,1.0,1.6698477
2,A_recon,in_distribution,20,-0.29671872,0.0,0.0,0.0,10.669865
2,A_recon,in_distribution,21,-0.08095135,0.0,0.0,1.0,3.9476597
2,A_recon,in_distribution,22,-0.14387558,0.0,0.0,1.0,4.7495294
2,A_recon,in_distribution,23,0.12714875,0.0,0.35555555555555557,1.0,3.947881
2,A_recon,in_distribution,24,-0.20923072,0.0,0.0,1.0,4.555457
2,A_recon,in_distribution,25,-0.43535024,0.0,0.0,0.0,12.493247
2,A_recon,in_distribution,26,-0.1436282,0.0,0.0,0.0,7.2911973
2,A_recon,in_distribution,27,-0.07008835,0.0,0.0,1.0,3.926134
2,A_recon,in_distribution,28,0.058898866,0.0,0.0,1.0,1.719329
2,A_recon,in_distribution,29,-0.32730654,0.0,0.0,1.0,10.722201
2,A_recon,in_distribution,30,-0.37263244,0.0,0.0,1.0,10.900337
2,A_recon,in_distribution,31,-0.17056398,0.0,0.0,1.0,2.3874075
2,A_recon,in_distribution,32,-0.35901612,0.0,0.0,1.0,4.4266634
2,A_recon,in_distribution,33,-0.24754725,0.0,0.0,1.0,8.677422
2,A_recon,in_distribution,34,0.06465829,1.0,0.5333333333333333,1.0,0.9372314
2,A_recon,in_distribution,35,-0.3000132,0.0,0.0,1.0,12.564912
2,A_recon,in_distribution,36,-0.17539313,0.0,0.0,1.0,5.3587537
2,A_recon,in_distribution,37,-0.33619916,0.0,0.0,1.0,5.064082
2,A_recon,in_distribution,38,-0.27723247,0.0,0.0,1.0,9.145026
2,A_recon,in_distribution,39,-0.3376393,0.0,0.0,1.0,6.81407
2,A_recon,in_distribution,40,-0.30512905,0.0,0.0,1.0,7.354063
2,A_recon,in_distribution,41,-0.043097384,1.0,0.06666666666666667,1.0,1.4074845
2,A_recon,in_distribution,42,-0.11446743,0.0,0.0,1.0,2.4163418
2,A_recon,in_distribution,43,-0.23408955,0.0,0.0,1.0,7.089766
2,A_recon,in_distribution,44,-0.21356592,0.0,0.0,1.0,7.213762
2,A_recon,in_distribution,45,-0.34478155,0.0,0.0,1.0,10.653017
2,A_recon,in_distribution,46,-0.20050655,0.0,0.0,1.0,1.8962677
2,A_recon,in_distribution,47,-0.16705889,0.0,0.0,1.0,5.240732
2,A_recon,in_distribution,48,-0.2690833,0.0,0.0,1.0,7.3792295
2,A_recon,in_distribution,49,-0.30188254,0.0,0.0,0.0,9.145136
2,A_recon,in_distribution,50,-0.20455636,0.0,0.0,1.0,5.412538
2,A_recon,in_distribution,51,-0.20860505,1.0,0.17777777777777778,1.0,0.30866277
2,A_recon,in_distribution,52,-0.20877914,0.0,0.0,0.0,8.502298
2,A_recon,in_distribution,53,-0.2263018,0.0,0.0,1.0,5.008966
2,A_recon,in_distribution,54,-0.12869808,0.0,0.0,1.0,6.1520987
2,A_recon,in_distribution,55,-0.12375902,1.0,0.2,1.0,1.1938777
2,A_recon,in_distribution,56,0.11013174,0.0,0.3111111111111111,1.0,4.5177794
2,A_recon,in_distribution,57,-0.41771036,0.0,0.0,1.0,5.2619915
2,A_recon,in_distribution,58,-0.3267953,0.0,0.0,0.0,10.53634
2,A_recon,in_distribution,59,-0.4157936,0.0,0.0,1.0,12.8607025
2,A_recon,in_distribution,60,-0.39165214,0.0,0.0,1.0,6.9103513
2,A_recon,in_distribution,61,-0.29888967,0.0,0.0,0.0,10.00701
2,A_recon,in_distribution,62,-0.45371786,0.0,0.0,1.0,16.506832
2,A_recon,in_distribution,63,-0.30556545,0.0,0.0,1.0,10.806007
2,A_recon,in_distribution,64,-0.07074187,0.0,0.28888888888888886,1.0,1.5866675
2,A_recon,in_distribution,65,0.0063515743,0.0,0.0,1.0,2.9225397
2,A_recon,in_distribution,66,-0.016934445,0.0,0.15555555555555556,1.0,5.654525
2,A_recon,in_distribution,67,-0.11780541,0.0,0.0,1.0,4.6438065
2,A_recon,in_distribution,68,-0.2408688,0.0,0.0,1.0,2.5823493
2,A_recon,in_distribution,69,0.06859916,0.0,0.35555555555555557,1.0,2.2852347
2,A_recon,in_distribution,70,-0.09915672,0.0,0.0,1.0,3.723453
2,A_recon,in_distribution,71,-0.26656258,0.0,0.0,1.0,2.4090211
2,A_recon,in_distribution,72,0.003732621,0.0,0.15555555555555556,1.0,5.112415
2,A_recon,in_distribution,73,-0.13146769,0.0,0.0,1.0,3.1667032
2,A_recon,in_distribution,74,-0.355059,0.0,0.0,1.0,6.691333
2,A_recon,in_distribution,75,-0.26136702,0.0,0.0,1.0,4.083623
2,A_recon,in_distribution,76,-0.21279842,0.0,0.0,1.0,6.4235253
2,A_recon,in_distribution,77,-0.08706254,1.0,0.35555555555555557,1.0,1.47486
2,A_recon,in_distribution,78,0.007873736,0.0,0.3111111111111111,1.0,1.6042135
2,A_recon,in_distribution,79,-0.10882691,0.0,0.0,1.0,2.0238557
2,A_recon,in_distribution,80,-0.37755725,0.0,0.0,1.0,6.2436194
2,A_recon,in_distribution,81,-0.29985154,0.0,0.0,1.0,6.5693665
2,A_recon,in_distribution,82,-0.32604527,0.0,0.0,1.0,7.4573584
2,A_recon,in_distribution,83,-0.32436183,0.0,0.0,1.0,1.8922765
2,A_recon,in_distribution,84,-0.38093334,0.0,0.0,1.0,11.710584
2,A_recon,in_distribution,85,-0.36033782,0.0,0.0,1.0,4.7647076
2,A_recon,in_distribution,86,-0.3197328,0.0,0.0,0.0,10.480438
2,A_recon,in_distribution,87,0.06337926,1.0,0.24444444444444444,1.0,1.3914955
2,A_recon,in_distribution,88,-0.057856712,0.0,0.0,1.0,5.515751
2,A_recon,in_distribution,89,-0.25766298,0.0,0.0,1.0,6.3616304
2,A_recon,in_distribution,90,-0.20325495,1.0,0.13333333333333333,1.0,1.2164102
2,A_recon,in_distribution,91,-0.2187962,1.0,0.17777777777777778,1.0,1.2629042
2,A_recon,in_distribution,92,-0.10497978,0.0,0.0,1.0,2.4043264
2,A_recon,in_distribution,93,-0.29732692,0.0,0.0,1.0,6.3007555
2,A_recon,in_distribution,94,-0.23617783,0.0,0.0,1.0,8.984745
2,A_recon,in_distribution,95,-0.11313375,0.0,0.0,1.0,3.4527483
2,A_recon,in_distribution,96,-0.21694541,0.0,0.0,1.0,3.5044928
2,A_recon,in_distribution,97,0.021921001,1.0,0.35555555555555557,1.0,0.54920506
2,A_recon,in_distribution,98,-0.21816538,0.0,0.0,1.0,8.863719
2,A_recon,in_distribution,99,-0.025662847,0.0,0.3111111111111111,1.0,1.8343935
2,A_recon,4_distractors,0,-0.2443542,0.0,0.0,0.0,6.7980385
2,A_recon,4_distractors,1,-0.24238169,0.0,0.0,1.0,5.2066298
2,A_recon,4_distractors,2,-0.2810968,0.0,0.0,1.0,4.971439
2,A_recon,4_distractors,3,0.0027788295,1.0,0.28888888888888886,1.0,0.5469479
2,A_recon,4_distractors,4,-0.064208135,0.0,0.0,1.0,3.041834
2,A_recon,4_distractors,5,-0.19980128,0.0,0.0,1.0,1.8870091
2,A_recon,4_distractors,6,0.032532953,0.0,0.3333333333333333,1.0,2.0891242
2,A_recon,4_distractors,7,-0.13959773,0.0,0.0,1.0,2.2513306
2,A_recon,4_distractors,8,-0.17226276,0.0,0.0,1.0,5.036838
2,A_recon,4_distractors,9,-0.35372955,0.0,0.0,1.0,11.329959
2,A_recon,4_distractors,10,-0.2899566,0.0,0.0,1.0,7.86688
2,A_recon,4_distractors,11,-0.5968831,0.0,0.0,0.0,18.18086
2,A_recon,4_distractors,12,-0.19907553,0.0,0.0,1.0,6.0874047
2,A_recon,4_distractors,13,-0.4156005,0.0,0.0,1.0,5.9237895
2,A_recon,4_distractors,14,-0.2580116,0.0,0.0,1.0,6.4225593
2,A_recon,4_distractors,15,-0.37601078,0.0,0.0,1.0,7.2062755
2,A_recon,4_distractors,16,-0.21420375,0.0,0.0,1.0,7.889857
2,A_recon,4_distractors,17,-0.16267137,0.0,0.0,1.0,6.671747
2,A_recon,4_distractors,18,-0.2991498,0.0,0.0,1.0,8.065044
2,A_recon,4_distractors,19,-0.15531807,1.0,0.26666666666666666,1.0,1.3718208
2,A_recon,4_distractors,20,-0.25431052,0.0,0.0,0.0,8.613735
2,A_recon,4_distractors,21,-0.07483016,0.0,0.0,1.0,3.6649206
2,A_recon,4_distractors,22,-0.16279939,0.0,0.0,1.0,4.6018353
2,A_recon,4_distractors,23,0.08870327,0.0,0.3111111111111111,1.0,5.2671676
2,A_recon,4_distractors,24,-0.22655267,0.0,0.0,1.0,5.0119386
2,A_recon,4_distractors,25,-0.42273268,0.0,0.0,0.0,12.953802
2,A_recon,4_distractors,26,-0.12647952,0.0,0.0,1.0,6.0015607
2,A_recon,4_distractors,27,-0.0799623,0.0,0.0,1.0,3.3878112
2,A_recon,4_distractors,28,0.041962292,0.0,0.0,1.0,2.1731305
2,A_recon,4_distractors,29,-0.341291,0.0,0.0,1.0,12.185172
2,A_recon,4_distractors,30,-0.37873068,0.0,0.0,1.0,10.745461
2,A_recon,4_distractors,31,-0.13170387,0.0,0.0,1.0,1.8601328
2,A_recon,4_distractors,32,-0.3697464,0.0,0.0,1.0,5.2489552
2,A_recon,4_distractors,33,-0.25274816,0.0,0.0,1.0,9.054062
2,A_recon,4_distractors,34,0.065143,1.0,0.5555555555555556,1.0,0.57106507
2,A_recon,4_distractors,35,-0.32214043,0.0,0.0,1.0,14.530906
2,A_recon,4_distractors,36,-0.17332031,0.0,0.0,1.0,5.243266
2,A_recon,4_distractors,37,-0.3380748,0.0,0.0,1.0,5.6047616
2,A_recon,4_distractors,38,-0.2681841,0.0,0.0,1.0,9.192772
2,A_recon,4_distractors,39,-0.31100547,0.0,0.0,1.0,6.5434146
2,A_recon,4_distractors,40,-0.25661176,0.0,0.0,1.0,5.4869256
2,A_recon,4_distractors,41,0.05309523,1.0,0.3333333333333333,1.0,0.88237804
2,A_recon,4_distractors,42,-0.12856996,0.0,0.0,1.0,2.6720507
2,A_recon,4_distractors,43,-0.22448157,0.0,0.0,1.0,6.1187515
2,A_recon,4_distractors,44,-0.2617604,0.0,0.0,1.0,9.364468
2,A_recon,4_distractors,45,-0.35080504,0.0,0.0,0.0,10.716819
2,A_recon,4_distractors,46,-0.20591381,0.0,0.0,1.0,2.2640512
2,A_recon,4_distractors,47,-0.15725166,0.0,0.0,1.0,4.1401534
2,A_recon,4_distractors,48,-0.29392368,0.0,0.0,1.0,8.98462
2,A_recon,4_distractors,49,-0.26636368,0.0,0.0,0.0,8.424285
2,A_recon,4_distractors,50,-0.21132754,0.0,0.0,1.0,5.3814445
2,A_recon,4_distractors,51,-0.22663419,1.0,0.15555555555555556,1.0,0.9461688
2,A_recon,4_distractors,52,-0.20576878,0.0,0.0,0.0,8.0324135
2,A_recon,4_distractors,53,-0.22821598,0.0,0.0,1.0,4.641214
2,A_recon,4_distractors,54,-0.11888063,0.0,0.0,1.0,4.6291323
2,A_recon,4_distractors,55,-0.15743555,0.0,0.0,1.0,1.7418969
2,A_recon,4_distractors,56,0.12786585,0.0,0.3111111111111111,1.0,3.792337
2,A_recon,4_distractors,57,-0.42749152,0.0,0.0,1.0,5.720623
2,A_recon,4_distractors,58,-0.31946868,0.0,0.0,0.0,10.327632
2,A_recon,4_distractors,59,-0.41160113,0.0,0.0,1.0,12.31385
2,A_recon,4_distractors,60,-0.3918731,0.0,0.0,1.0,7.3022647
2,A_recon,4_distractors,61,-0.29606515,0.0,0.0,0.0,9.121783
2,A_recon,4_distractors,62,-0.42958087,0.0,0.0,1.0,14.568698
2,A_recon,4_distractors,63,-0.30669576,0.0,0.0,1.0,10.920061
2,A_recon,4_distractors,64,-0.08783813,0.0,0.26666666666666666,1.0,1.6399771
2,A_recon,4_distractors,65,0.068127684,0.0,0.0,1.0,2.74705
2,A_recon,4_distractors,66,-0.04874258,0.0,0.13333333333333333,1.0,5.0845647
2,A_recon,4_distractors,67,-0.09280124,0.0,0.0,1.0,3.0375345
2,A_recon,4_distractors,68,-0.14372267,0.0,0.35555555555555557,1.0,1.5781978
2,A_recon,4_distractors,69,0.061738893,0.0,0.3111111111111111,1.0,2.2430394
2,A_recon,4_distractors,70,-0.13670604,0.0,0.0,1.0,2.9908252
2,A_recon,4_distractors,71,-0.3703093,0.0,0.0,1.0,5.3883786
2,A_recon,4_distractors,72,0.07865756,0.0,0.2,1.0,3.3612354
2,A_recon,4_distractors,73,-0.15450308,0.0,0.0,1.0,3.4128923
2,A_recon,4_distractors,74,-0.32655352,0.0,0.0,1.0,6.1798353
2,A_recon,4_distractors,75,-0.24313685,0.0,0.0,1.0,4.039195
2,A_recon,4_distractors,76,-0.21457969,0.0,0.0,1.0,6.440196
2,A_recon,4_distractors,77,-0.08874541,1.0,0.3333333333333333,1.0,1.1396718
2,A_recon,4_distractors,78,-0.018084884,0.0,0.17777777777777778,1.0,2.5153327
2,A_recon,4_distractors,79,-0.1329594,0.0,0.0,1.0,2.376637
2,A_recon,4_distractors,80,-0.37737066,0.0,0.0,1.0,5.3344235
2,A_recon,4_distractors,81,-0.30196744,0.0,0.0,1.0,6.713295
2,A_recon,4_distractors,82,-0.32137632,0.0,0.0,1.0,7.61138
2,A_recon,4_distractors,83,-0.3670394,0.0,0.0,1.0,3.215815
2,A_recon,4_distractors,84,-0.37771404,0.0,0.0,1.0,11.255078
2,A_recon,4_distractors,85,-0.36031866,0.0,0.0,1.0,4.9903545
2,A_recon,4_distractors,86,-0.323241,0.0,0.0,0.0,10.595332
2,A_recon,4_distractors,87,0.033599548,1.0,0.17777777777777778,1.0,1.1590596
2,A_recon,4_distractors,88,0.052478995,0.0,0.2222222222222222,1.0,3.981739
2,A_recon,4_distractors,89,-0.2572536,0.0,0.0,1.0,7.0042963
2,A_recon,4_distractors,90,-0.18937637,0.0,0.15555555555555556,1.0,1.6548951
2,A_recon,4_distractors,91,-0.23115379,0.0,0.0,1.0,1.8691957
2,A_recon,4_distractors,92,-0.09491167,0.0,0.0,1.0,2.096348
2,A_recon,4_distractors,93,-0.3585242,0.0,0.0,1.0,8.767302
2,A_recon,4_distractors,94,-0.23057286,0.0,0.0,1.0,8.447981
2,A_recon,4_distractors,95,-0.16437218,0.0,0.022222222222222223,1.0,4.171124
2,A_recon,4_distractors,96,-0.22854584,0.0,0.0,1.0,2.9526298
2,A_recon,4_distractors,97,-0.116301894,0.0,0.0,1.0,2.2318718
2,A_recon,4_distractors,98,-0.20651786,0.0,0.0,1.0,8.018439
2,A_recon,4_distractors,99,-0.11735002,0.0,0.13333333333333333,1.0,3.1672971
2,A_recon,fast_distractors,0,-0.24608843,0.0,0.0,0.0,6.8168097
2,A_recon,fast_distractors,1,-0.25122127,0.0,0.0,1.0,5.637804
2,A_recon,fast_distractors,2,-0.15689532,1.0,0.2,1.0,1.5274523
2,A_recon,fast_distractors,3,-0.054564737,1.0,0.15555555555555556,1.0,1.1474743
2,A_recon,fast_distractors,4,-0.0756384,0.0,0.0,1.0,2.839481
2,A_recon,fast_distractors,5,-0.19060422,1.0,0.13333333333333333,1.0,1.4859644
2,A_recon,fast_distractors,6,-0.111694686,0.0,0.0,1.0,3.5266285
2,A_recon,fast_distractors,7,-0.027969899,1.0,0.4666666666666667,1.0,0.37432364
2,A_recon,fast_distractors,8,-0.2531783,0.0,0.0,1.0,5.523842
2,A_recon,fast_distractors,9,-0.36940864,0.0,0.0,1.0,12.490841
2,A_recon,fast_distractors,10,-0.24873087,0.0,0.0,1.0,5.4037647
2,A_recon,fast_distractors,11,-0.5489349,0.0,0.0,0.0,15.7308445
2,A_recon,fast_distractors,12,-0.19417809,0.0,0.0,1.0,5.369895
2,A_recon,fast_distractors,13,-0.40377235,0.0,0.0,1.0,5.285378
2,A_recon,fast_distractors,14,-0.27879125,0.0,0.0,1.0,7.9719286
2,A_recon,fast_distractors,15,-0.42136064,0.0,0.0,1.0,10.690158
2,A_recon,fast_distractors,16,-0.21280655,0.0,0.0,1.0,7.613496
2,A_recon,fast_distractors,17,-0.16238427,0.0,0.0,1.0,6.3390307
2,A_recon,fast_distractors,18,-0.2718854,0.0,0.0,1.0,5.781387
2,A_recon,fast_distractors,19,-0.23545578,0.0,0.0,1.0,1.7057606
2,A_recon,fast_distractors,20,-0.2806785,0.0,0.0,0.0,9.906508
2,A_recon,fast_distractors,21,-0.07434655,0.0,0.0,1.0,3.6599443
2,A_recon,fast_distractors,22,-0.13292003,0.0,0.0,1.0,4.919047
2,A_recon,fast_distractors,23,0.10482095,0.0,0.3111111111111111,1.0,4.4957905
2,A_recon,fast_distractors,24,-0.20389211,0.0,0.0,1.0,4.279094
2,A_recon,fast_distractors,25,-0.45566636,0.0,0.0,0.0,14.889458
2,A_recon,fast_distractors,26,-0.14172484,0.0,0.0,0.0,7.1325693
2,A_recon,fast_distractors,27,-0.07324459,0.0,0.0,1.0,3.8901608
2,A_recon,fast_distractors,28,0.023578297,0.0,0.0,1.0,2.0239334
2,A_recon,fast_distractors,29,-0.32510948,0.0,0.0,1.0,10.433808
2,A_recon,fast_distractors,30,-0.37958226,0.0,0.0,1.0,11.035214
2,A_recon,fast_distractors,31,-0.20125148,0.0,0.0,1.0,4.7185836
2,A_recon,fast_distractors,32,-0.37716892,0.0,0.0,1.0,6.0340867
2,A_recon,fast_distractors,33,-0.24630843,0.0,0.0,1.0,8.532907
2,A_recon,fast_distractors,34,0.012355344,1.0,0.37777777777777777,1.0,1.2723135
2,A_recon,fast_distractors,35,-0.31475532,0.0,0.0,1.0,13.820486
2,A_recon,fast_distractors,36,-0.1756165,0.0,0.0,1.0,5.355982
2,A_recon,fast_distractors,37,-0.3349113,0.0,0.0,1.0,5.2876544
2,A_recon,fast_distractors,38,-0.26070893,0.0,0.0,1.0,8.569713
2,A_recon,fast_distractors,39,-0.33759794,0.0,0.0,1.0,6.760415
2,A_recon,fast_distractors,40,-0.3049931,0.0,0.0,1.0,7.3131204
2,A_recon,fast_distractors,41,-0.06549003,0.0,0.0,1.0,1.9271055
2,A_recon,fast_distractors,42,-0.11468882,0.0,0.0,1.0,2.5030146
2,A_recon,fast_distractors,43,-0.2333274,0.0,0.0,1.0,6.789703
2,A_recon,fast_distractors,44,-0.21573274,0.0,0.0,1.0,7.24938
2,A_recon,fast_distractors,45,-0.35520875,0.0,0.0,1.0,11.037442
2,A_recon,fast_distractors,46,-0.20976065,0.0,0.0,1.0,2.2444282
2,A_recon,fast_distractors,47,-0.17267768,0.0,0.0,1.0,6.043993
2,A_recon,fast_distractors,48,-0.27049,0.0,0.0,1.0,7.4129333
2,A_recon,fast_distractors,49,-0.3015188,0.0,0.0,0.0,9.272322
2,A_recon,fast_distractors,50,-0.20454101,0.0,0.0,1.0,5.4062495
2,A_recon,fast_distractors,51,-0.22316653,1.0,0.15555555555555556,1.0,0.8862298
2,A_recon,fast_distractors,52,-0.20754522,0.0,0.0,0.0,8.41298
2,A_recon,fast_distractors,53,-0.22424652,0.0,0.0,1.0,4.3146963
2,A_recon,fast_distractors,54,-0.13293068,0.0,0.0,1.0,6.3504395
2,A_recon,fast_distractors,55,-0.097971946,1.0,0.28888888888888886,1.0,1.1426136
2,A_recon,fast_distractors,56,0.119723275,0.0,0.3111111111111111,1.0,4.6803565
2,A_recon,fast_distractors,57,-0.43213722,0.0,0.0,1.0,6.2031813
2,A_recon,fast_distractors,58,-0.30587637,0.0,0.0,0.0,9.906021
2,A_recon,fast_distractors,59,-0.40101874,0.0,0.0,1.0,12.069492
2,A_recon,fast_distractors,60,-0.3857165,0.0,0.0,1.0,7.299394
2,A_recon,fast_distractors,61,-0.29777753,0.0,0.0,0.0,9.00008
2,A_recon,fast_distractors,62,-0.4495121,0.0,0.0,0.0,16.158884
2,A_recon,fast_distractors,63,-0.30663237,0.0,0.0,1.0,10.864613
2,A_recon,fast_distractors,64,-0.059109967,0.0,0.3111111111111111,1.0,1.7764688
2,A_recon,fast_distractors,65,0.06540531,0.0,0.17777777777777778,1.0,3.2544122
2,A_recon,fast_distractors,66,-0.028279018,0.0,0.15555555555555556,1.0,6.0721955
2,A_recon,fast_distractors,67,-0.112754755,0.0,0.0,1.0,3.959592
2,A_recon,fast_distractors,68,-0.17922637,0.0,0.26666666666666666,1.0,2.3794825
2,A_recon,fast_distractors,69,0.107803755,0.0,0.4666666666666667,1.0,1.6256351
2,A_recon,fast_distractors,70,-0.09149952,0.0,0.0,1.0,3.6195073
2,A_recon,fast_distractors,71,-0.30407682,0.0,0.0,1.0,2.6763713
2,A_recon,fast_distractors,72,0.0071751648,0.0,0.15555555555555556,1.0,6.17275
2,A_recon,fast_distractors,73,-0.13508245,0.0,0.0,1.0,3.0694675
2,A_recon,fast_distractors,74,-0.35413945,0.0,0.0,1.0,6.7814026
2,A_recon,fast_distractors,75,-0.2692148,0.0,0.0,1.0,4.991787
2,A_recon,fast_distractors,76,-0.21515451,0.0,0.0,1.0,6.5452394
2,A_recon,fast_distractors,77,-0.1345795,0.0,0.2,1.0,3.5032568
2,A_recon,fast_distractors,78,0.056226317,1.0,0.4222222222222222,1.0,1.2610929
2,A_recon,fast_distractors,79,-0.11117832,0.0,0.0,1.0,2.2168975
2,A_recon,fast_distractors,80,-0.3650392,0.0,0.0,1.0,5.512267
2,A_recon,fast_distractors,81,-0.29974154,0.0,0.0,1.0,6.7257795
2,A_recon,fast_distractors,82,-0.3280863,0.0,0.0,1.0,8.478956
2,A_recon,fast_distractors,83,-0.38433668,0.0,0.0,1.0,3.872626
2,A_recon,fast_distractors,84,-0.38072404,0.0,0.0,1.0,11.601604
2,A_recon,fast_distractors,85,-0.3477975,0.0,0.0,1.0,4.0923524
2,A_recon,fast_distractors,86,-0.3199649,0.0,0.0,0.0,10.449515
2,A_recon,fast_distractors,87,0.028879186,1.0,0.15555555555555556,1.0,1.261786
2,A_recon,fast_distractors,88,-0.03678997,0.0,0.0,1.0,6.1723056
2,A_recon,fast_distractors,89,-0.26355213,0.0,0.0,1.0,7.4719267
2,A_recon,fast_distractors,90,-0.28693286,0.0,0.0,1.0,3.2303162
2,A_recon,fast_distractors,91,-0.2846789,1.0,0.06666666666666667,1.0,1.4414465
2,A_recon,fast_distractors,92,-0.06457217,0.0,0.0,1.0,2.5721576
2,A_recon,fast_distractors,93,-0.29292887,0.0,0.0,1.0,5.691278
2,A_recon,fast_distractors,94,-0.23416117,0.0,0.0,1.0,8.7467
2,A_recon,fast_distractors,95,-0.10046461,0.0,0.08888888888888889,1.0,2.94776
2,A_recon,fast_distractors,96,-0.23869926,0.0,0.0,1.0,3.968522
2,A_recon,fast_distractors,97,-0.05789074,0.0,0.044444444444444446,1.0,1.6533247
2,A_recon,fast_distractors,98,-0.22012249,0.0,0.0,1.0,9.017693
2,A_recon,fast_distractors,99,-0.03248781,0.0,0.28888888888888886,1.0,2.0312936
2,A_recon,unseen_distractor_hues,0,-0.24421912,0.0,0.0,0.0,6.9163504
2,A_recon,unseen_distractor_hues,1,-0.24947011,0.0,0.0,1.0,5.2870383
2,A_recon,unseen_distractor_hues,2,-0.12813413,1.0,0.24444444444444444,1.0,1.1327033
2,A_recon,unseen_distractor_hues,3,0.0074647977,1.0,0.3111111111111111,1.0,0.9565736
2,A_recon,unseen_distractor_hues,4,-0.068999305,0.0,0.0,1.0,3.1300967
2,A_recon,unseen_distractor_hues,5,-0.2571122,0.0,0.0,1.0,2.5950212
2,A_recon,unseen_distractor_hues,6,-0.058028877,0.0,0.08888888888888889,1.0,4.3190455
2,A_recon,unseen_distractor_hues,7,-0.027455555,1.0,0.4666666666666667,1.0,0.35508698
2,A_recon,unseen_distractor_hues,8,-0.22579364,0.0,0.0,1.0,4.310039
2,A_recon,unseen_distractor_hues,9,-0.3536188,0.0,0.0,1.0,10.51077
2,A_recon,unseen_distractor_hues,10,-0.2704412,0.0,0.0,1.0,6.3574433
2,A_recon,unseen_distractor_hues,11,-0.42559472,0.0,0.0,1.0,4.731002
2,A_recon,unseen_distractor_hues,12,-0.21691123,0.0,0.0,1.0,6.7221923
2,A_recon,unseen_distractor_hues,13,-0.4278269,0.0,0.0,1.0,6.3136005
2,A_recon,unseen_distractor_hues,14,-0.28148764,0.0,0.0,1.0,8.124108
2,A_recon,unseen_distractor_hues,15,-0.40227646,0.0,0.0,1.0,9.770117
2,A_recon,unseen_distractor_hues,16,-0.21326031,0.0,0.0,1.0,7.6681786
2,A_recon,unseen_distractor_hues,17,-0.1626787,0.0,0.0,1.0,6.2844186
2,A_recon,unseen_distractor_hues,18,-0.2861498,0.0,0.0,1.0,6.91295
2,A_recon,unseen_distractor_hues,19,-0.19841745,0.0,0.0,1.0,1.9165235
2,A_recon,unseen_distractor_hues,20,-0.25170234,0.0,0.0,0.0,8.464065
2,A_recon,unseen_distractor_hues,21,-0.024389638,0.0,0.0,1.0,3.2836869
2,A_recon,unseen_distractor_hues,22,-0.14208731,0.0,0.0,1.0,4.6135974
2,A_recon,unseen_distractor_hues,23,0.124980375,0.0,0.3333333333333333,1.0,4.0255427
2,A_recon,unseen_distractor_hues,24,-0.2050953,0.0,0.0,1.0,4.3053293
2,A_recon,unseen_distractor_hues,25,-0.46987966,0.0,0.0,0.0,16.07588
2,A_recon,unseen_distractor_hues,26,-0.14510755,0.0,0.0,0.0,7.209545
2,A_recon,unseen_distractor_hues,27,-0.09995556,0.0,0.0,1.0,4.338978
2,A_recon,unseen_distractor_hues,28,0.025710361,0.0,0.0,1.0,2.3275368
2,A_recon,unseen_distractor_hues,29,-0.33369082,0.0,0.0,1.0,11.67978
2,A_recon,unseen_distractor_hues,30,-0.37894398,0.0,0.0,1.0,10.94314
2,A_recon,unseen_distractor_hues,31,-0.18184452,0.0,0.0,1.0,2.697546
2,A_recon,unseen_distractor_hues,32,-0.34664655,0.0,0.0,1.0,4.056658
2,A_recon,unseen_distractor_hues,33,-0.24309152,0.0,0.0,1.0,8.250448
2,A_recon,unseen_distractor_hues,34,0.049127743,1.0,0.4444444444444444,1.0,0.30607426
2,A_recon,unseen_distractor_hues,35,-0.3054728,0.0,0.0,1.0,13.401266
2,A_recon,unseen_distractor_hues,36,-0.1732917,0.0,0.0,1.0,5.200352
2,A_recon,unseen_distractor_hues,37,-0.33412862,0.0,0.0,1.0,4.987627
2,A_recon,unseen_distractor_hues,38,-0.2623377,0.0,0.0,1.0,8.59384
2,A_recon,unseen_distractor_hues,39,-0.3384995,0.0,0.0,1.0,6.9036946
2,A_recon,unseen_distractor_hues,40,-0.21306142,0.0,0.0,1.0,4.6950417
2,A_recon,unseen_distractor_hues,41,0.04047379,1.0,0.37777777777777777,1.0,1.4020061
2,A_recon,unseen_distractor_hues,42,-0.124068104,0.0,0.0,1.0,2.5546563
2,A_recon,unseen_distractor_hues,43,-0.22828676,0.0,0.0,1.0,6.3429127
2,A_recon,unseen_distractor_hues,44,-0.21259192,0.0,0.0,1.0,7.033404
2,A_recon,unseen_distractor_hues,45,-0.36735907,0.0,0.0,1.0,11.902701
2,A_recon,unseen_distractor_hues,46,-0.19203739,0.0,0.0,1.0,1.8379011
2,A_recon,unseen_distractor_hues,47,-0.17662764,0.0,0.0,1.0,3.6602552
2,A_recon,unseen_distractor_hues,48,-0.26264623,0.0,0.0,1.0,6.8588543
2,A_recon,unseen_distractor_hues,49,-0.32036754,0.0,0.0,0.0,10.007625
2,A_recon,unseen_distractor_hues,50,-0.20605977,0.0,0.0,1.0,5.4634256
2,A_recon,unseen_distractor_hues,51,-0.21551101,1.0,0.17777777777777778,1.0,0.57684803
2,A_recon,unseen_distractor_hues,52,-0.2137067,0.0,0.0,0.0,8.896498
2,A_recon,unseen_distractor_hues,53,-0.2321666,0.0,0.0,1.0,4.705301
2,A_recon,unseen_distractor_hues,54,-0.13456278,0.0,0.0,1.0,6.4476533
2,A_recon,unseen_distractor_hues,55,-0.14547965,0.0,0.0,1.0,1.6453784
2,A_recon,unseen_distractor_hues,56,0.13645409,0.0,0.28888888888888886,1.0,3.879223
2,A_recon,unseen_distractor_hues,57,-0.41467604,0.0,0.0,1.0,5.248154
2,A_recon,unseen_distractor_hues,58,-0.33081117,0.0,0.0,0.0,10.990407
2,A_recon,unseen_distractor_hues,59,-0.42877978,0.0,0.0,1.0,13.780576
2,A_recon,unseen_distractor_hues,60,-0.38878217,0.0,0.0,1.0,7.096909
2,A_recon,unseen_distractor_hues,61,-0.28893438,0.0,0.0,1.0,8.232323
2,A_recon,unseen_distractor_hues,62,-0.42293552,0.0,0.0,0.0,14.42949
2,A_recon,unseen_distractor_hues,63,-0.31038898,0.0,0.0,1.0,11.463647
2,A_recon,unseen_distractor_hues,64,-0.091587745,0.0,0.2222222222222222,1.0,2.0042603
2,A_recon,unseen_distractor_hues,65,0.10922288,0.0,0.24444444444444444,1.0,2.4153523
2,A_recon,unseen_distractor_hues,66,0.019258335,0.0,0.17777777777777778,1.0,4.3628035
2,A_recon,unseen_distractor_hues,67,-0.124003135,0.0,0.0,1.0,3.537707
2,A_recon,unseen_distractor_hues,68,-0.225057,0.0,0.1111111111111111,1.0,2.490927
2,A_recon,unseen_distractor_hues,69,0.11717434,0.0,0.4666666666666667,1.0,1.7065564
2,A_recon,unseen_distractor_hues,70,-0.10800146,0.0,0.0,1.0,4.1756167
2,A_recon,unseen_distractor_hues,71,-0.2664159,0.0,0.0,1.0,1.9950045
2,A_recon,unseen_distractor_hues,72,0.016128864,0.0,0.15555555555555556,1.0,5.4849787
2,A_recon,unseen_distractor_hues,73,-0.101767465,0.0,0.0,1.0,1.8235383
2,A_recon,unseen_distractor_hues,74,-0.32493353,0.0,0.0,1.0,5.866177
2,A_recon,unseen_distractor_hues,75,-0.20471494,0.0,0.0,1.0,2.213462
2,A_recon,unseen_distractor_hues,76,-0.19440652,0.0,0.0,1.0,5.1119933
2,A_recon,unseen_distractor_hues,77,-0.33797616,0.0,0.0,1.0,6.871593
2,A_recon,unseen_distractor_hues,78,0.029865498,0.0,0.3333333333333333,1.0,2.026112
2,A_recon,unseen_distractor_hues,79,-0.09821784,0.0,0.0,1.0,1.7753104
2,A_recon,unseen_distractor_hues,80,-0.3604485,0.0,0.0,1.0,5.2093625
2,A_recon,unseen_distractor_hues,81,-0.29781845,0.0,0.0,1.0,6.787862
2,A_recon,unseen_distractor_hues,82,-0.3063328,0.0,0.0,1.0,6.807224
2,A_recon,unseen_distractor_hues,83,-0.3406514,0.0,0.0,1.0,2.3878996
2,A_recon,unseen_distractor_hues,84,-0.37792256,0.0,0.0,1.0,11.025225
2,A_recon,unseen_distractor_hues,85,-0.34474495,0.0,0.0,1.0,4.3382196
2,A_recon,unseen_distractor_hues,86,-0.3154178,0.0,0.0,0.0,10.020308
2,A_recon,unseen_distractor_hues,87,-0.16161346,0.0,0.0,1.0,3.9369245
2,A_recon,unseen_distractor_hues,88,-0.058699757,0.0,0.06666666666666667,1.0,6.562849
2,A_recon,unseen_distractor_hues,89,-0.26389104,0.0,0.0,1.0,8.147959
2,A_recon,unseen_distractor_hues,90,-0.19190212,1.0,0.17777777777777778,1.0,1.2166368
2,A_recon,unseen_distractor_hues,91,-0.19485028,1.0,0.17777777777777778,1.0,0.8393383
2,A_recon,unseen_distractor_hues,92,-0.09076139,0.0,0.0,1.0,1.6464702
2,A_recon,unseen_distractor_hues,93,-0.29830348,0.0,0.0,1.0,6.5374913
2,A_recon,unseen_distractor_hues,94,-0.23364557,0.0,0.0,1.0,8.606079
2,A_recon,unseen_distractor_hues,95,-0.105801865,0.0,0.08888888888888889,1.0,3.1434865
2,A_recon,unseen_distractor_hues,96,-0.24768293,0.0,0.0,1.0,3.7201202
2,A_recon,unseen_distractor_hues,97,-0.03768822,0.0,0.13333333333333333,1.0,1.8219378
2,A_recon,unseen_distractor_hues,98,-0.22136155,0.0,0.0,1.0,9.01284
2,A_recon,unseen_distractor_hues,99,-0.030824082,0.0,0.3111111111111111,1.0,1.973483
2,A_recon,heavy_pixel_noise,0,-0.2508773,0.0,0.0,0.0,7.2234225
2,A_recon,heavy_pixel_noise,1,-0.24103601,0.0,0.0,1.0,7.063459
2,A_recon,heavy_pixel_noise,2,-0.32849085,0.0,0.0,1.0,7.2769065
2,A_recon,heavy_pixel_noise,3,-0.0377097,1.0,0.17777777777777778,1.0,0.5849208
2,A_recon,heavy_pixel_noise,4,-0.14830354,0.0,0.0,1.0,2.908571
2,A_recon,heavy_pixel_noise,5,-0.4561949,0.0,0.0,0.0,11.678993
2,A_recon,heavy_pixel_noise,6,-0.081709795,0.0,0.022222222222222223,1.0,1.568913
2,A_recon,heavy_pixel_noise,7,-0.02484697,1.0,0.4666666666666667,1.0,0.21955504
2,A_recon,heavy_pixel_noise,8,-0.28275254,0.0,0.0,1.0,6.9809656
2,A_recon,heavy_pixel_noise,9,-0.33132696,0.0,0.0,1.0,9.064458
2,A_recon,heavy_pixel_noise,10,-0.22749102,0.0,0.0,1.0,4.6573067
2,A_recon,heavy_pixel_noise,11,-0.55348426,0.0,0.0,0.0,15.902849
2,A_recon,heavy_pixel_noise,12,-0.04581152,0.0,0.0,1.0,4.4428554
2,A_recon,heavy_pixel_noise,13,-0.38115644,0.0,0.0,1.0,4.7723694
2,A_recon,heavy_pixel_noise,14,-0.25993973,0.0,0.0,1.0,6.517709
2,A_recon,heavy_pixel_noise,15,-0.4721799,0.0,0.0,0.0,11.079725
2,A_recon,heavy_pixel_noise,16,-0.21372904,0.0,0.0,1.0,7.7476263
2,A_recon,heavy_pixel_noise,17,-0.15514822,0.0,0.0,1.0,5.8798127
2,A_recon,heavy_pixel_noise,18,-0.25905883,0.0,0.0,1.0,4.314761
2,A_recon,heavy_pixel_noise,19,-0.26905504,0.0,0.0,1.0,2.7118275
2,A_recon,heavy_pixel_noise,20,-0.30083767,0.0,0.0,0.0,10.845418
2,A_recon,heavy_pixel_noise,21,-0.086814776,0.0,0.0,1.0,4.1303673
2,A_recon,heavy_pixel_noise,22,-0.12136418,0.0,0.0,1.0,4.4680734
2,A_recon,heavy_pixel_noise,23,0.27666435,1.0,0.7111111111111111,1.0,0.96829724
2,A_recon,heavy_pixel_noise,24,0.094551764,1.0,0.5111111111111111,1.0,0.6493655
2,A_recon,heavy_pixel_noise,25,-0.4351851,0.0,0.0,0.0,14.187645
2,A_recon,heavy_pixel_noise,26,-0.13462423,0.0,0.0,1.0,6.466719
2,A_recon,heavy_pixel_noise,27,-0.12740529,0.0,0.0,1.0,5.1118507
2,A_recon,heavy_pixel_noise,28,0.076889604,0.0,0.0,1.0,1.6119927
2,A_recon,heavy_pixel_noise,29,-0.3366242,0.0,0.0,1.0,11.515114
2,A_recon,heavy_pixel_noise,30,-0.41846058,0.0,0.0,1.0,11.266823
2,A_recon,heavy_pixel_noise,31,-0.12714623,0.0,0.0,1.0,1.9763544
2,A_recon,heavy_pixel_noise,32,-0.409722,0.0,0.0,1.0,6.83528
2,A_recon,heavy_pixel_noise,33,-0.24461485,0.0,0.0,1.0,8.202284
2,A_recon,heavy_pixel_noise,34,0.027292566,1.0,0.5111111111111111,1.0,0.91184634
2,A_recon,heavy_pixel_noise,35,-0.28298998,0.0,0.0,1.0,11.25602
2,A_recon,heavy_pixel_noise,36,-0.16365345,0.0,0.0,1.0,5.1422267
2,A_recon,heavy_pixel_noise,37,-0.32895267,0.0,0.0,1.0,4.490777
2,A_recon,heavy_pixel_noise,38,-0.21746917,0.0,0.0,1.0,5.3532753
2,A_recon,heavy_pixel_noise,39,-0.16051756,0.0,0.1111111111111111,1.0,4.3419976
2,A_recon,heavy_pixel_noise,40,-0.25309405,0.0,0.0,1.0,5.046371
2,A_recon,heavy_pixel_noise,41,-0.06166776,0.0,0.044444444444444446,1.0,1.5902452
2,A_recon,heavy_pixel_noise,42,-0.020719485,0.0,0.0,1.0,1.6021152
2,A_recon,heavy_pixel_noise,43,-0.20766546,0.0,0.0,1.0,5.1497884
2,A_recon,heavy_pixel_noise,44,-0.15649748,0.0,0.0,1.0,4.755516
2,A_recon,heavy_pixel_noise,45,-0.2891996,0.0,0.0,1.0,7.429476
2,A_recon,heavy_pixel_noise,46,-0.21641444,0.0,0.0,1.0,2.247574
2,A_recon,heavy_pixel_noise,47,-0.16216971,0.0,0.0,1.0,4.719202
2,A_recon,heavy_pixel_noise,48,-0.25897324,0.0,0.0,1.0,4.876476
2,A_recon,heavy_pixel_noise,49,-0.34532535,0.0,0.0,0.0,12.6622505
2,A_recon,heavy_pixel_noise,50,-0.20457815,0.0,0.0,1.0,5.392228
2,A_recon,heavy_pixel_noise,51,-0.42246294,0.0,0.0,1.0,6.5420794
2,A_recon,heavy_pixel_noise,52,-0.21737741,0.0,0.0,0.0,9.604899
2,A_recon,heavy_pixel_noise,53,-0.24647813,0.0,0.0,1.0,4.654035
2,A_recon,heavy_pixel_noise,54,-0.07858562,0.0,0.0,1.0,3.2703407
2,A_recon,heavy_pixel_noise,55,-0.21709616,0.0,0.0,1.0,2.6794744
2,A_recon,heavy_pixel_noise,56,0.17460653,0.0,0.4222222222222222,1.0,4.5506063
2,A_recon,heavy_pixel_noise,57,-0.4504697,0.0,0.0,1.0,7.495277
2,A_recon,heavy_pixel_noise,58,-0.27321005,0.0,0.0,1.0,8.598612
2,A_recon,heavy_pixel_noise,59,-0.4763524,0.0,0.0,0.0,16.670843
2,A_recon,heavy_pixel_noise,60,-0.39247802,0.0,0.0,1.0,7.2338243
2,A_recon,heavy_pixel_noise,61,-0.27599734,0.0,0.0,1.0,9.128706
2,A_recon,heavy_pixel_noise,62,-0.4135769,0.0,0.0,0.0,14.422614
2,A_recon,heavy_pixel_noise,63,-0.32251963,0.0,0.0,1.0,12.553441
2,A_recon,heavy_pixel_noise,64,-0.2574367,0.0,0.0,1.0,4.720062
2,A_recon,heavy_pixel_noise,65,-0.025120929,0.0,0.0,1.0,2.797673
2,A_recon,heavy_pixel_noise,66,-0.14081213,0.0,0.08888888888888889,1.0,9.504748
2,A_recon,heavy_pixel_noise,67,-0.24393095,0.0,0.0,1.0,9.240246
2,A_recon,heavy_pixel_noise,68,-0.35109413,0.0,0.0,1.0,4.8839235
2,A_recon,heavy_pixel_noise,69,0.1072414,0.0,0.4222222222222222,1.0,1.8878398
2,A_recon,heavy_pixel_noise,70,-0.17283727,0.0,0.0,1.0,5.039069
2,A_recon,heavy_pixel_noise,71,-0.31053022,0.0,0.0,1.0,4.420803
2,A_recon,heavy_pixel_noise,72,0.0013004529,0.0,0.13333333333333333,1.0,5.545448
2,A_recon,heavy_pixel_noise,73,-0.19178411,0.0,0.0,1.0,5.3897495
2,A_recon,heavy_pixel_noise,74,-0.38879523,0.0,0.0,1.0,7.7599473
2,A_recon,heavy_pixel_noise,75,-0.18120591,0.0,0.0,1.0,1.5744885
2,A_recon,heavy_pixel_noise,76,-0.22589113,0.0,0.0,1.0,6.6802993
2,A_recon,heavy_pixel_noise,77,-0.27290627,0.0,0.0,1.0,3.0269635
2,A_recon,heavy_pixel_noise,78,0.0030301127,0.0,0.15555555555555556,1.0,2.2123687
2,A_recon,heavy_pixel_noise,79,-0.19694339,0.0,0.0,1.0,8.4541445
2,A_recon,heavy_pixel_noise,80,-0.40524632,0.0,0.0,1.0,7.5640883
2,A_recon,heavy_pixel_noise,81,-0.36385724,0.0,0.0,1.0,9.095811
2,A_recon,heavy_pixel_noise,82,-0.32289508,0.0,0.0,1.0,7.548362
2,A_recon,heavy_pixel_noise,83,-0.44116676,0.0,0.0,1.0,6.270896
2,A_recon,heavy_pixel_noise,84,-0.35427985,0.0,0.0,1.0,10.501132
2,A_recon,heavy_pixel_noise,85,-0.36136058,0.0,0.0,1.0,4.6489105
2,A_recon,heavy_pixel_noise,86,-0.30281258,0.0,0.0,0.0,8.667667
2,A_recon,heavy_pixel_noise,87,-0.10204637,0.0,0.0,1.0,2.4615078
2,A_recon,heavy_pixel_noise,88,0.10405141,1.0,0.28888888888888886,1.0,0.6285703
2,A_recon,heavy_pixel_noise,89,-0.2821981,0.0,0.0,1.0,7.948103
2,A_recon,heavy_pixel_noise,90,-0.35810763,0.0,0.0,1.0,5.5320735
2,A_recon,heavy_pixel_noise,91,-0.41020656,0.0,0.0,1.0,5.719982
2,A_recon,heavy_pixel_noise,92,-0.09353793,0.0,0.0,1.0,2.2797773
2,A_recon,heavy_pixel_noise,93,-0.368359,0.0,0.0,1.0,10.344425
2,A_recon,heavy_pixel_noise,94,-0.23211117,0.0,0.0,1.0,8.602266
2,A_recon,heavy_pixel_noise,95,-0.00925615,0.0,0.26666666666666666,1.0,2.350908
2,A_recon,heavy_pixel_noise,96,-0.35122195,0.0,0.0,1.0,8.403996
2,A_recon,heavy_pixel_noise,97,-0.067894384,1.0,0.13333333333333333,1.0,1.5373664
2,A_recon,heavy_pixel_noise,98,-0.22870539,0.0,0.0,1.0,7.6883054
2,A_recon,heavy_pixel_noise,99,0.0028091827,1.0,0.4444444444444444,1.0,0.9066261
2,B_task,in_distribution,0,-0.37830073,0.0,0.0,0.0,10.686429
2,B_task,in_distribution,1,-0.32793078,0.0,0.0,1.0,10.40453
2,B_task,in_distribution,2,-0.5784283,0.0,0.0,0.0,18.285564
2,B_task,in_distribution,3,-0.29496792,0.0,0.0,1.0,8.90142
2,B_task,in_distribution,4,-0.0827747,0.0,0.0,1.0,3.1593273
2,B_task,in_distribution,5,-0.39648217,0.0,0.0,1.0,10.167522
2,B_task,in_distribution,6,-0.31813884,0.0,0.0,1.0,9.242774
2,B_task,in_distribution,7,-0.07859957,1.0,0.2,1.0,0.8901284
2,B_task,in_distribution,8,-0.32789505,0.0,0.0,1.0,10.002649
2,B_task,in_distribution,9,-0.36271065,0.0,0.0,0.0,7.9803085
2,B_task,in_distribution,10,-0.26523253,0.0,0.0,1.0,4.28638
2,B_task,in_distribution,11,-0.6350455,0.0,0.0,0.0,19.957651
2,B_task,in_distribution,12,-0.1824147,0.0,0.0,1.0,10.15445
2,B_task,in_distribution,13,-0.65233195,0.0,0.0,0.0,19.621021
2,B_task,in_distribution,14,-0.416215,0.0,0.0,0.0,13.973236
2,B_task,in_distribution,15,-0.60690105,0.0,0.0,0.0,20.794226
2,B_task,in_distribution,16,-0.23874013,0.0,0.0,1.0,7.3281307
2,B_task,in_distribution,17,-0.17053027,0.0,0.0,1.0,5.9416623
2,B_task,in_distribution,18,-0.4114676,0.0,0.0,1.0,12.1167345
2,B_task,in_distribution,19,-0.3676803,0.0,0.0,1.0,7.1051536
2,B_task,in_distribution,20,-0.28028762,0.0,0.0,0.0,9.015239
2,B_task,in_distribution,21,-0.14049253,0.0,0.0,1.0,6.984765
2,B_task,in_distribution,22,-0.13940358,0.0,0.0,1.0,3.7541738
2,B_task,in_distribution,23,0.08748061,0.0,0.24444444444444444,1.0,5.2884226
2,B_task,in_distribution,24,-0.18438238,0.0,0.0,1.0,4.423238
2,B_task,in_distribution,25,-0.3992566,0.0,0.0,0.0,12.723782
2,B_task,in_distribution,26,-0.13683046,0.0,0.0,0.0,8.058752
2,B_task,in_distribution,27,-0.038259026,0.0,0.0,1.0,2.3897026
2,B_task,in_distribution,28,-0.113468714,0.0,0.0,1.0,5.3131676
2,B_task,in_distribution,29,-0.43675753,0.0,0.0,1.0,17.562172
2,B_task,in_distribution,30,-0.44952592,0.0,0.0,1.0,12.440886
2,B_task,in_distribution,31,-0.23591597,0.0,0.0,1.0,3.0195532
2,B_task,in_distribution,32,-0.3195002,0.0,0.0,1.0,5.854438
2,B_task,in_distribution,33,-0.1876631,0.0,0.0,1.0,10.977222
2,B_task,in_distribution,34,-0.033511203,0.0,0.0,1.0,1.6008456
2,B_task,in_distribution,35,-0.41324064,0.0,0.0,1.0,16.861456
2,B_task,in_distribution,36,-0.19378556,0.0,0.0,1.0,6.1872044
2,B_task,in_distribution,37,-0.32031253,0.0,0.0,1.0,3.495205
2,B_task,in_distribution,38,-0.39630288,0.0,0.0,0.0,15.870901
2,B_task,in_distribution,39,-0.3400858,0.0,0.0,1.0,9.648122
2,B_task,in_distribution,40,-0.39641452,0.0,0.0,0.0,13.609377
2,B_task,in_distribution,41,-0.2172418,0.0,0.0,1.0,5.535458
2,B_task,in_distribution,42,-0.112446584,0.0,0.0,1.0,4.7006035
2,B_task,in_distribution,43,-0.35840365,0.0,0.0,1.0,13.519877
2,B_task,in_distribution,44,-0.22324312,0.0,0.0,1.0,6.6898193
2,B_task,in_distribution,45,-0.37345055,0.0,0.0,1.0,10.730499
2,B_task,in_distribution,46,-0.3136523,0.0,0.0,1.0,6.7313848
2,B_task,in_distribution,47,-0.15935889,0.0,0.0,1.0,6.3116636
2,B_task,in_distribution,48,-0.427505,0.0,0.0,1.0,12.367066
2,B_task,in_distribution,49,-0.43625823,0.0,0.0,0.0,18.546143
2,B_task,in_distribution,50,-0.11451483,0.0,0.0,1.0,2.3361516
2,B_task,in_distribution,51,-0.4973615,0.0,0.0,1.0,10.581586
2,B_task,in_distribution,52,-0.1844776,0.0,0.0,1.0,6.705164
2,B_task,in_distribution,53,-0.27794278,0.0,0.0,1.0,6.1116643
2,B_task,in_distribution,54,0.019274889,0.0,0.0,1.0,2.8657854
2,B_task,in_distribution,55,-0.21108592,0.0,0.0,1.0,3.911892
2,B_task,in_distribution,56,0.028022446,0.0,0.17777777777777778,1.0,4.092774
2,B_task,in_distribution,57,-0.7313939,0.0,0.0,0.0,23.662764
2,B_task,in_distribution,58,-0.3639401,0.0,0.0,0.0,11.260507
2,B_task,in_distribution,59,-0.46900338,0.0,0.0,0.0,16.213055
2,B_task,in_distribution,60,-0.3842925,0.0,0.0,1.0,6.078546
2,B_task,in_distribution,61,-0.2863808,0.0,0.0,1.0,9.352722
2,B_task,in_distribution,62,-0.4296502,0.0,0.0,1.0,15.417507
2,B_task,in_distribution,63,-0.2525329,0.0,0.0,1.0,11.674341
2,B_task,in_distribution,64,-0.38245243,0.0,0.0,1.0,10.705429
2,B_task,in_distribution,65,0.1349685,0.0,0.3333333333333333,1.0,1.6316725
2,B_task,in_distribution,66,-0.02066262,0.0,0.17777777777777778,1.0,7.5480227
2,B_task,in_distribution,67,-0.15075956,0.0,0.0,1.0,5.833411
2,B_task,in_distribution,68,-0.3644567,0.0,0.0,1.0,6.9389515
2,B_task,in_distribution,69,-0.25459492,0.0,0.0,1.0,9.03357
2,B_task,in_distribution,70,-0.009406146,0.0,0.0,1.0,3.0071542
2,B_task,in_distribution,71,-0.4742585,0.0,0.0,1.0,14.271725
2,B_task,in_distribution,72,0.06865403,0.0,0.24444444444444444,1.0,5.46449
2,B_task,in_distribution,73,-0.368333,0.0,0.0,1.0,14.14398
2,B_task,in_distribution,74,-0.36455214,0.0,0.0,1.0,9.297252
2,B_task,in_distribution,75,-0.37950653,0.0,0.0,1.0,9.856515
2,B_task,in_distribution,76,-0.24507715,0.0,0.0,1.0,9.060495
2,B_task,in_distribution,77,-0.31702444,0.0,0.0,1.0,4.930703
2,B_task,in_distribution,78,-0.15583588,0.0,0.0,1.0,2.3829827
2,B_task,in_distribution,79,-0.23612915,0.0,0.0,1.0,9.168396
2,B_task,in_distribution,80,-0.62072045,0.0,0.0,0.0,19.64993
2,B_task,in_distribution,81,-0.36180347,0.0,0.0,1.0,7.512462
2,B_task,in_distribution,82,-0.45071784,0.0,0.0,1.0,14.712277
2,B_task,in_distribution,83,-0.53236556,0.0,0.0,1.0,11.581695
2,B_task,in_distribution,84,-0.39522225,0.0,0.0,1.0,14.313148
2,B_task,in_distribution,85,-0.4068481,0.0,0.0,1.0,8.071417
2,B_task,in_distribution,86,-0.22100565,0.0,0.0,1.0,4.6860657
2,B_task,in_distribution,87,-0.28416505,0.0,0.0,1.0,10.708943
2,B_task,in_distribution,88,-0.2530066,0.0,0.0,1.0,10.866144
2,B_task,in_distribution,89,-0.2623017,0.0,0.0,1.0,7.8936353
2,B_task,in_distribution,90,-0.4240279,0.0,0.0,1.0,9.948641
2,B_task,in_distribution,91,-0.68784416,0.0,0.0,0.0,20.476297
2,B_task,in_distribution,92,-0.27337843,0.0,0.0,1.0,6.8061824
2,B_task,in_distribution,93,-0.3962567,0.0,0.0,1.0,9.740719
2,B_task,in_distribution,94,-0.23841281,0.0,0.0,1.0,9.278157
2,B_task,in_distribution,95,-0.3109772,0.0,0.0,1.0,7.7814345
2,B_task,in_distribution,96,-0.25559783,0.0,0.0,1.0,4.812905
2,B_task,in_distribution,97,-0.26342764,0.0,0.0,1.0,6.3192954
2,B_task,in_distribution,98,-0.25852135,0.0,0.0,0.0,10.29246
2,B_task,in_distribution,99,-0.5153504,0.0,0.0,0.0,14.018424
2,B_task,4_distractors,0,-0.35313413,0.0,0.0,1.0,9.43688
2,B_task,4_distractors,1,-0.2975954,0.0,0.0,1.0,7.6343207
2,B_task,4_distractors,2,-0.5659515,0.0,0.0,0.0,17.921564
2,B_task,4_distractors,3,-0.32237247,0.0,0.0,1.0,10.545201
2,B_task,4_distractors,4,-0.04513784,0.0,0.0,1.0,2.4714448
2,B_task,4_distractors,5,-0.36357912,0.0,0.0,1.0,7.8306956
2,B_task,4_distractors,6,-0.30310312,0.0,0.0,1.0,8.3912115
2,B_task,4_distractors,7,-0.14270227,0.0,0.0,1.0,2.5438519
2,B_task,4_distractors,8,-0.366536,0.0,0.0,1.0,10.50736
2,B_task,4_distractors,9,-0.3570733,0.0,0.0,0.0,8.087788
2,B_task,4_distractors,10,-0.38012603,0.0,0.0,1.0,9.552472
2,B_task,4_distractors,11,-0.63615996,0.0,0.0,0.0,20.059612
2,B_task,4_distractors,12,-0.18440117,0.0,0.0,1.0,10.167453
2,B_task,4_distractors,13,-0.70072603,0.0,0.0,0.0,21.978697
2,B_task,4_distractors,14,-0.44530073,0.0,0.0,0.0,14.543277
2,B_task,4_distractors,15,-0.42732403,0.0,0.0,0.0,12.105884
2,B_task,4_distractors,16,-0.2684876,0.0,0.0,1.0,8.71592
2,B_task,4_distractors,17,-0.16606821,0.0,0.0,1.0,5.929836
2,B_task,4_distractors,18,-0.33184838,0.0,0.0,1.0,7.768652
2,B_task,4_distractors,19,-0.36467874,0.0,0.0,1.0,6.8425746
2,B_task,4_distractors,20,-0.28843087,0.0,0.0,0.0,9.310584
2,B_task,4_distractors,21,-0.12904796,0.0,0.0,1.0,5.679602
2,B_task,4_distractors,22,-0.04895417,0.0,0.0,1.0,2.061601
2,B_task,4_distractors,23,0.08287369,0.0,0.3111111111111111,1.0,6.751277
2,B_task,4_distractors,24,-0.22808608,0.0,0.0,1.0,4.0037694
2,B_task,4_distractors,25,-0.45644346,0.0,0.0,0.0,17.023582
2,B_task,4_distractors,26,-0.15874551,0.0,0.0,0.0,9.021643
2,B_task,4_distractors,27,0.042118423,0.0,0.0,1.0,1.937091
2,B_task,4_distractors,28,-0.11360974,0.0,0.0,1.0,5.095063
2,B_task,4_distractors,29,-0.39953837,0.0,0.0,1.0,16.187523
2,B_task,4_distractors,30,-0.4458744,0.0,0.0,1.0,12.038767
2,B_task,4_distractors,31,-0.34927556,0.0,0.0,0.0,8.92986
2,B_task,4_distractors,32,-0.31890294,0.0,0.0,1.0,4.2474093
2,B_task,4_distractors,33,-0.1623331,0.0,0.0,1.0,8.796682
2,B_task,4_distractors,34,-0.16090032,0.0,0.0,1.0,3.3219712
2,B_task,4_distractors,35,-0.37161407,0.0,0.0,1.0,16.86652
2,B_task,4_distractors,36,-0.17971997,0.0,0.0,1.0,6.2642593
2,B_task,4_distractors,37,-0.35170996,0.0,0.0,1.0,5.4659634
2,B_task,4_distractors,38,-0.38476604,0.0,0.0,0.0,15.125096
2,B_task,4_distractors,39,-0.34138095,0.0,0.0,1.0,9.05452
2,B_task,4_distractors,40,-0.40339085,0.0,0.0,0.0,14.124853
2,B_task,4_distractors,41,-0.22310276,0.0,0.0,1.0,5.906475
2,B_task,4_distractors,42,-0.12283315,0.0,0.0,1.0,4.650296
2,B_task,4_distractors,43,-0.36159813,0.0,0.0,1.0,13.70525
2,B_task,4_distractors,44,-0.22844115,0.0,0.0,1.0,4.98999
2,B_task,4_distractors,45,-0.37228343,0.0,0.0,1.0,11.912042
2,B_task,4_distractors,46,-0.3054259,0.0,0.0,1.0,6.7155566
2,B_task,4_distractors,47,-0.16423693,0.0,0.0,1.0,6.84454
2,B_task,4_distractors,48,-0.43543264,0.0,0.0,1.0,12.875305
2,B_task,4_distractors,49,-0.35983044,0.0,0.0,0.0,15.101485
2,B_task,4_distractors,50,-0.14266448,0.0,0.0,1.0,2.852236
2,B_task,4_distractors,51,-0.4681308,0.0,0.0,1.0,9.571829
2,B_task,4_distractors,52,-0.19746305,0.0,0.0,1.0,7.3869114
2,B_task,4_distractors,53,-0.282647,0.0,0.0,1.0,6.4559975
2,B_task,4_distractors,54,0.12736347,0.0,0.0,1.0,1.835581
2,B_task,4_distractors,55,-0.20366637,0.0,0.0,1.0,3.680125
2,B_task,4_distractors,56,0.15607633,0.0,0.24444444444444444,1.0,2.0999634
2,B_task,4_distractors,57,-0.74582887,0.0,0.0,0.0,24.72803
2,B_task,4_distractors,58,-0.32646656,0.0,0.0,0.0,9.907726
2,B_task,4_distractors,59,-0.4594613,0.0,0.0,0.0,17.594513
2,B_task,4_distractors,60,-0.38514096,0.0,0.0,1.0,6.16216
2,B_task,4_distractors,61,-0.2888052,0.0,0.0,1.0,9.547
2,B_task,4_distractors,62,-0.40605024,0.0,0.0,1.0,14.034817
2,B_task,4_distractors,63,-0.23029318,0.0,0.0,1.0,10.935723
2,B_task,4_distractors,64,-0.38588616,0.0,0.0,1.0,10.944941
2,B_task,4_distractors,65,0.029491702,0.0,0.0,1.0,2.9656208
2,B_task,4_distractors,66,-0.006641531,0.0,0.17777777777777778,1.0,7.258928
2,B_task,4_distractors,67,-0.23163523,0.0,0.0,1.0,10.104313
2,B_task,4_distractors,68,-0.36515588,0.0,0.0,1.0,6.9517503
2,B_task,4_distractors,69,-0.24381211,0.0,0.0,1.0,6.807629
2,B_task,4_distractors,70,-0.23770943,0.0,0.0,1.0,5.9420137
2,B_task,4_distractors,71,-0.41460922,0.0,0.0,1.0,12.086729
2,B_task,4_distractors,72,0.02162442,0.0,0.17777777777777778,1.0,7.0529447
2,B_task,4_distractors,73,-0.3658658,0.0,0.0,1.0,13.74655
2,B_task,4_distractors,74,-0.33214453,0.0,0.0,1.0,6.861854
2,B_task,4_distractors,75,-0.40576994,0.0,0.0,1.0,11.79985
2,B_task,4_distractors,76,-0.24094144,0.0,0.0,1.0,8.6510315
2,B_task,4_distractors,77,-0.33532375,0.0,0.0,1.0,5.8334355
2,B_task,4_distractors,78,-0.18611011,0.0,0.0,1.0,3.042327
2,B_task,4_distractors,79,-0.23978274,0.0,0.0,1.0,9.649302
2,B_task,4_distractors,80,-0.44446424,0.0,0.0,0.0,10.216705
2,B_task,4_distractors,81,-0.33992687,0.0,0.0,1.0,9.699955
2,B_task,4_distractors,82,-0.45512268,0.0,0.0,1.0,14.959377
2,B_task,4_distractors,83,-0.5248533,0.0,0.0,1.0,10.583375
2,B_task,4_distractors,84,-0.41345257,0.0,0.0,1.0,15.363932
2,B_task,4_distractors,85,-0.3903327,0.0,0.0,1.0,7.130674
2,B_task,4_distractors,86,-0.22483103,0.0,0.0,1.0,5.0255938
2,B_task,4_distractors,87,-0.2822827,0.0,0.0,1.0,10.456778
2,B_task,4_distractors,88,-0.23378488,0.0,0.0,1.0,11.158451
2,B_task,4_distractors,89,-0.22036918,0.0,0.0,1.0,6.38184
2,B_task,4_distractors,90,-0.4284172,0.0,0.0,1.0,9.903211
2,B_task,4_distractors,91,-0.6886496,0.0,0.0,0.0,20.35869
2,B_task,4_distractors,92,-0.2654797,0.0,0.0,1.0,5.88064
2,B_task,4_distractors,93,-0.5049799,0.0,0.0,1.0,14.95695
2,B_task,4_distractors,94,-0.22791612,0.0,0.0,1.0,9.104359
2,B_task,4_distractors,95,-0.2873141,0.0,0.0,1.0,6.7607017
2,B_task,4_distractors,96,-0.27493683,0.0,0.0,1.0,5.058847
2,B_task,4_distractors,97,-0.23361337,0.0,0.0,1.0,5.4826097
2,B_task,4_distractors,98,-0.23363645,0.0,0.0,1.0,8.577422
2,B_task,4_distractors,99,-0.47560608,0.0,0.0,0.0,11.950251
2,B_task,fast_distractors,0,-0.3816233,0.0,0.0,0.0,10.736162
2,B_task,fast_distractors,1,-0.3244783,0.0,0.0,1.0,10.14073
2,B_task,fast_distractors,2,-0.57878095,0.0,0.0,0.0,18.226128
2,B_task,fast_distractors,3,-0.29545444,0.0,0.0,1.0,8.925097
2,B_task,fast_distractors,4,-0.12464102,0.0,0.0,1.0,4.0366335
2,B_task,fast_distractors,5,-0.3719306,0.0,0.0,1.0,8.676131
2,B_task,fast_distractors,6,-0.3116633,0.0,0.0,1.0,8.803254
2,B_task,fast_distractors,7,-0.04437612,1.0,0.26666666666666666,1.0,0.6230551
2,B_task,fast_distractors,8,-0.27047634,0.0,0.0,1.0,6.843683
2,B_task,fast_distractors,9,-0.031053336,0.0,0.3333333333333333,1.0,1.5931141
2,B_task,fast_distractors,10,-0.25441206,0.0,0.0,1.0,4.1480384
2,B_task,fast_distractors,11,-0.6383902,0.0,0.0,0.0,19.743164
2,B_task,fast_distractors,12,-0.16366597,0.0,0.0,1.0,8.777463
2,B_task,fast_distractors,13,-0.6529517,0.0,0.0,0.0,19.59459
2,B_task,fast_distractors,14,-0.4120116,0.0,0.0,0.0,14.144912
2,B_task,fast_distractors,15,-0.6012045,0.0,0.0,0.0,19.732164
2,B_task,fast_distractors,16,-0.23307964,0.0,0.0,1.0,6.918814
2,B_task,fast_distractors,17,-0.17028476,0.0,0.0,1.0,5.9321694
2,B_task,fast_distractors,18,-0.42141816,0.0,0.0,1.0,13.055032
2,B_task,fast_distractors,19,-0.3829427,0.0,0.0,1.0,7.8341713
2,B_task,fast_distractors,20,-0.2880833,0.0,0.0,0.0,9.72606
2,B_task,fast_distractors,21,-0.13663027,0.0,0.0,1.0,7.0455947
2,B_task,fast_distractors,22,-0.17357148,0.0,0.0,1.0,5.7612176
2,B_task,fast_distractors,23,0.09361433,0.0,0.28888888888888886,1.0,5.968889
2,B_task,fast_distractors,24,-0.22767106,0.0,0.0,1.0,5.3467464
2,B_task,fast_distractors,25,-0.37825063,0.0,0.0,0.0,13.679001
2,B_task,fast_distractors,26,-0.14634322,0.0,0.0,0.0,8.720889
2,B_task,fast_distractors,27,-0.050463516,0.0,0.0,1.0,4.3788204
2,B_task,fast_distractors,28,-0.12653917,0.0,0.0,1.0,6.004037
2,B_task,fast_distractors,29,-0.4441341,0.0,0.0,1.0,17.786055
2,B_task,fast_distractors,30,-0.45128715,0.0,0.0,1.0,12.429018
2,B_task,fast_distractors,31,-0.24254695,0.0,0.0,0.0,6.1085224
2,B_task,fast_distractors,32,-0.32690212,0.0,0.0,1.0,5.056555
2,B_task,fast_distractors,33,-0.14545672,0.0,0.0,1.0,7.507324
2,B_task,fast_distractors,34,-0.030434629,1.0,0.08888888888888889,1.0,1.4633471
2,B_task,fast_distractors,35,-0.40838555,0.0,0.0,1.0,16.853289
2,B_task,fast_distractors,36,-0.19500497,0.0,0.0,1.0,6.570198
2,B_task,fast_distractors,37,-0.32372406,0.0,0.0,1.0,3.6178942
2,B_task,fast_distractors,38,-0.39003426,0.0,0.0,0.0,15.137148
2,B_task,fast_distractors,39,-0.3366088,0.0,0.0,1.0,9.3191185
2,B_task,fast_distractors,40,-0.3962586,0.0,0.0,0.0,13.624884
2,B_task,fast_distractors,41,-0.23438534,0.0,0.0,1.0,6.4612174
2,B_task,fast_distractors,42,-0.11976691,0.0,0.0,1.0,4.999361
2,B_task,fast_distractors,43,-0.36078274,0.0,0.0,1.0,13.621861
2,B_task,fast_distractors,44,-0.22063868,0.0,0.0,1.0,6.2624116
2,B_task,fast_distractors,45,-0.3768016,0.0,0.0,1.0,11.054114
2,B_task,fast_distractors,46,-0.32421413,0.0,0.0,1.0,6.884637
2,B_task,fast_distractors,47,-0.15740037,0.0,0.0,1.0,6.348907
2,B_task,fast_distractors,48,-0.43156296,0.0,0.0,1.0,12.6967
2,B_task,fast_distractors,49,-0.43196827,0.0,0.0,0.0,18.247295
2,B_task,fast_distractors,50,-0.11204528,0.0,0.0,1.0,2.2873602
2,B_task,fast_distractors,51,-0.4986199,0.0,0.0,1.0,10.81365
2,B_task,fast_distractors,52,-0.17879686,0.0,0.0,1.0,6.309313
2,B_task,fast_distractors,53,-0.27816328,0.0,0.0,1.0,6.269332
2,B_task,fast_distractors,54,-0.03455011,0.0,0.0,1.0,3.4429996
2,B_task,fast_distractors,55,-0.22081786,0.0,0.0,1.0,4.2324777
2,B_task,fast_distractors,56,0.05846961,0.0,0.17777777777777778,1.0,3.2776382
2,B_task,fast_distractors,57,-0.73112506,0.0,0.0,0.0,23.699554
2,B_task,fast_distractors,58,-0.3675546,0.0,0.0,0.0,11.265095
2,B_task,fast_distractors,59,-0.4286544,0.0,0.0,0.0,14.728687
2,B_task,fast_distractors,60,-0.38396412,0.0,0.0,1.0,6.528335
2,B_task,fast_distractors,61,-0.2889699,0.0,0.0,1.0,9.375252
2,B_task,fast_distractors,62,-0.43911797,0.0,0.0,1.0,15.788274
2,B_task,fast_distractors,63,-0.2532924,0.0,0.0,1.0,11.573349
2,B_task,fast_distractors,64,-0.39417055,0.0,0.0,1.0,11.710376
2,B_task,fast_distractors,65,0.0556613,0.0,0.0,1.0,2.3998933
2,B_task,fast_distractors,66,-0.017815584,0.0,0.17777777777777778,1.0,7.057427
2,B_task,fast_distractors,67,-0.15552665,0.0,0.0,1.0,6.2360587
2,B_task,fast_distractors,68,-0.36688015,0.0,0.0,1.0,7.0614886
2,B_task,fast_distractors,69,-0.2589355,0.0,0.0,1.0,8.856337
2,B_task,fast_distractors,70,-0.026355863,0.0,0.0,1.0,3.4293785
2,B_task,fast_distractors,71,-0.47147557,0.0,0.0,1.0,14.367836
2,B_task,fast_distractors,72,0.07870407,0.0,0.24444444444444444,1.0,5.6049604
2,B_task,fast_distractors,73,-0.3651287,0.0,0.0,1.0,13.947079
2,B_task,fast_distractors,74,-0.37369075,0.0,0.0,1.0,9.801784
2,B_task,fast_distractors,75,-0.3880787,0.0,0.0,1.0,10.806775
2,B_task,fast_distractors,76,-0.2501212,0.0,0.0,0.0,9.8316965
2,B_task,fast_distractors,77,-0.30686572,0.0,0.0,1.0,4.5658717
2,B_task,fast_distractors,78,-0.124995105,0.0,0.0,1.0,2.0498605
2,B_task,fast_distractors,79,-0.24165747,0.0,0.0,1.0,9.763845
2,B_task,fast_distractors,80,-0.6194562,0.0,0.0,0.0,19.526133
2,B_task,fast_distractors,81,-0.36296475,0.0,0.0,1.0,7.6714892
2,B_task,fast_distractors,82,-0.44500735,0.0,0.0,1.0,14.329168
2,B_task,fast_distractors,83,-0.59921944,0.0,0.0,1.0,16.448954
2,B_task,fast_distractors,84,-0.40013072,0.0,0.0,1.0,14.509369
2,B_task,fast_distractors,85,-0.40714768,0.0,0.0,1.0,7.1137195
2,B_task,fast_distractors,86,-0.2070596,0.0,0.0,1.0,3.9605317
2,B_task,fast_distractors,87,-0.28959417,0.0,0.0,1.0,11.101063
2,B_task,fast_distractors,88,-0.25321,0.0,0.0,1.0,11.043291
2,B_task,fast_distractors,89,-0.27752346,0.0,0.0,1.0,8.3197565
2,B_task,fast_distractors,90,-0.4274016,0.0,0.0,1.0,10.27041
2,B_task,fast_distractors,91,-0.6994118,0.0,0.0,0.0,21.64724
2,B_task,fast_distractors,92,-0.27338597,0.0,0.0,1.0,6.7744203
2,B_task,fast_distractors,93,-0.39578107,0.0,0.0,1.0,9.8
2,B_task,fast_distractors,94,-0.24058898,0.0,0.0,1.0,9.321633
2,B_task,fast_distractors,95,-0.29850912,0.0,0.0,1.0,6.6833434
2,B_task,fast_distractors,96,-0.24136016,0.0,0.0,1.0,4.374578
2,B_task,fast_distractors,97,-0.2545181,0.0,0.0,1.0,5.409238
2,B_task,fast_distractors,98,-0.26007715,0.0,0.0,0.0,10.250595
2,B_task,fast_distractors,99,-0.52361685,0.0,0.0,0.0,14.429105
2,B_task,unseen_distractor_hues,0,-0.3966233,0.0,0.0,0.0,12.140752
2,B_task,unseen_distractor_hues,1,-0.32184944,0.0,0.0,1.0,9.737203
2,B_task,unseen_distractor_hues,2,-0.5644849,0.0,0.0,0.0,17.191113
2,B_task,unseen_distractor_hues,3,-0.30765793,0.0,0.0,1.0,10.008076
2,B_task,unseen_distractor_hues,4,-0.1335164,0.0,0.0,1.0,4.96822
2,B_task,unseen_distractor_hues,5,-0.3629728,0.0,0.0,1.0,7.1120186
2,B_task,unseen_distractor_hues,6,-0.29847443,0.0,0.0,1.0,8.473403
2,B_task,unseen_distractor_hues,7,-0.08167998,0.0,0.24444444444444444,1.0,1.602835
2,B_task,unseen_distractor_hues,8,-0.29096314,0.0,0.0,1.0,7.500811
2,B_task,unseen_distractor_hues,9,-0.18276899,0.0,0.0,1.0,3.8273778
2,B_task,unseen_distractor_hues,10,-0.24846068,0.0,0.0,1.0,3.9358518
2,B_task,unseen_distractor_hues,11,-0.62774485,0.0,0.0,0.0,19.500622
2,B_task,unseen_distractor_hues,12,-0.22876917,0.0,0.0,1.0,10.796524
2,B_task,unseen_distractor_hues,13,-0.6510455,0.0,0.0,0.0,19.404865
2,B_task,unseen_distractor_hues,14,-0.41100112,0.0,0.0,0.0,14.435635
2,B_task,unseen_distractor_hues,15,-0.61858785,0.0,0.0,0.0,21.58091
2,B_task,unseen_distractor_hues,16,-0.23131002,0.0,0.0,1.0,6.6420875
2,B_task,unseen_distractor_hues,17,-0.17138836,0.0,0.0,1.0,5.938374
2,B_task,unseen_distractor_hues,18,-0.33026257,0.0,0.0,1.0,7.3906927
2,B_task,unseen_distractor_hues,19,-0.35390392,0.0,0.0,1.0,6.419226
2,B_task,unseen_distractor_hues,20,-0.31885213,0.0,0.0,0.0,10.885123
2,B_task,unseen_distractor_hues,21,-0.14119102,0.0,0.0,1.0,7.243708
2,B_task,unseen_distractor_hues,22,-0.13888428,0.0,0.0,1.0,3.5128512
2,B_task,unseen_distractor_hues,23,0.044501156,0.0,0.24444444444444444,1.0,7.5874696
2,B_task,unseen_distractor_hues,24,-0.14739746,0.0,0.0,1.0,6.595684
2,B_task,unseen_distractor_hues,25,-0.37707493,0.0,0.0,0.0,11.427446
2,B_task,unseen_distractor_hues,26,-0.13698094,0.0,0.0,0.0,8.1645775
2,B_task,unseen_distractor_hues,27,-0.0056775915,0.0,0.0,1.0,1.9428642
2,B_task,unseen_distractor_hues,28,-0.12798704,0.0,0.0,1.0,5.809092
2,B_task,unseen_distractor_hues,29,-0.44410282,0.0,0.0,1.0,18.092747
2,B_task,unseen_distractor_hues,30,-0.45251468,0.0,0.0,1.0,12.802287
2,B_task,unseen_distractor_hues,31,-0.26919132,0.0,0.0,1.0,4.401175
2,B_task,unseen_distractor_hues,32,-0.32769412,0.0,0.0,1.0,5.4671783
2,B_task,unseen_distractor_hues,33,-0.19202584,0.0,0.0,1.0,10.599603
2,B_task,unseen_distractor_hues,34,-0.05144172,0.0,0.0,1.0,2.2769687
2,B_task,unseen_distractor_hues,35,-0.38788956,0.0,0.0,1.0,16.861027
2,B_task,unseen_distractor_hues,36,-0.17981751,0.0,0.0,1.0,6.5596166
2,B_task,unseen_distractor_hues,37,-0.31333244,0.0,0.0,1.0,3.0752497
2,B_task,unseen_distractor_hues,38,-0.398978,0.0,0.0,0.0,15.337334
2,B_task,unseen_distractor_hues,39,-0.34314767,0.0,0.0,1.0,9.705203
2,B_task,unseen_distractor_hues,40,-0.40728125,0.0,0.0,0.0,14.045228
2,B_task,unseen_distractor_hues,41,-0.2190199,0.0,0.0,1.0,5.150326
2,B_task,unseen_distractor_hues,42,-0.08689564,0.0,0.0,1.0,3.829758
2,B_task,unseen_distractor_hues,43,-0.36146745,0.0,0.0,1.0,13.568763
2,B_task,unseen_distractor_hues,44,-0.20736715,0.0,0.0,1.0,5.738346
2,B_task,unseen_distractor_hues,45,-0.38729203,0.0,0.0,1.0,11.91978
2,B_task,unseen_distractor_hues,46,-0.3125989,0.0,0.0,1.0,6.8741603
2,B_task,unseen_distractor_hues,47,-0.11908797,0.0,0.0,1.0,5.1792593
2,B_task,unseen_distractor_hues,48,-0.42579788,0.0,0.0,1.0,12.22591
2,B_task,unseen_distractor_hues,49,-0.44248307,0.0,0.0,0.0,18.255688
2,B_task,unseen_distractor_hues,50,-0.12384698,0.0,0.0,1.0,2.6076581
2,B_task,unseen_distractor_hues,51,-0.49649557,0.0,0.0,1.0,9.813555
2,B_task,unseen_distractor_hues,52,-0.20365962,0.0,0.0,0.0,7.848242
2,B_task,unseen_distractor_hues,53,-0.2597918,0.0,0.0,1.0,5.54736
2,B_task,unseen_distractor_hues,54,0.017183585,0.0,0.0,1.0,2.3004372
2,B_task,unseen_distractor_hues,55,-0.18342942,0.0,0.0,1.0,3.8114924
2,B_task,unseen_distractor_hues,56,0.02078893,0.0,0.17777777777777778,1.0,3.8822782
2,B_task,unseen_distractor_hues,57,-0.73704433,0.0,0.0,0.0,24.030228
2,B_task,unseen_distractor_hues,58,-0.31315443,0.0,0.0,0.0,8.61769
2,B_task,unseen_distractor_hues,59,-0.49646887,0.0,0.0,0.0,16.779596
2,B_task,unseen_distractor_hues,60,-0.38436753,0.0,0.0,1.0,6.3399315
2,B_task,unseen_distractor_hues,61,-0.28914338,0.0,0.0,1.0,9.610036
2,B_task,unseen_distractor_hues,62,-0.37460968,0.0,0.0,1.0,11.996845
2,B_task,unseen_distractor_hues,63,-0.26608294,0.0,0.0,1.0,11.403075
2,B_task,unseen_distractor_hues,64,-0.38074774,0.0,0.0,1.0,10.1557045
2,B_task,unseen_distractor_hues,65,0.109196514,1.0,0.24444444444444444,1.0,1.0594074
2,B_task,unseen_distractor_hues,66,-0.038233943,0.0,0.15555555555555556,1.0,8.608027
2,B_task,unseen_distractor_hues,67,-0.2601295,0.0,0.0,1.0,11.453764
2,B_task,unseen_distractor_hues,68,-0.3708492,0.0,0.0,1.0,6.9657745
2,B_task,unseen_distractor_hues,69,-0.2521612,0.0,0.0,1.0,7.6330576
2,B_task,unseen_distractor_hues,70,-0.053334724,0.0,0.0,1.0,3.9283638
2,B_task,unseen_distractor_hues,71,-0.4894398,0.0,0.0,1.0,14.684301
2,B_task,unseen_distractor_hues,72,0.044867065,0.0,0.2222222222222222,1.0,7.0040336
2,B_task,unseen_distractor_hues,73,-0.36347196,0.0,0.0,1.0,14.083397
2,B_task,unseen_distractor_hues,74,-0.40044072,0.0,0.0,1.0,11.816596
2,B_task,unseen_distractor_hues,75,-0.37573344,0.0,0.0,1.0,9.723004
2,B_task,unseen_distractor_hues,76,-0.22456828,0.0,0.0,1.0,7.687635
2,B_task,unseen_distractor_hues,77,-0.30608526,0.0,0.0,1.0,4.0527997
2,B_task,unseen_distractor_hues,78,-0.065693274,0.0,0.15555555555555556,1.0,1.5917428
2,B_task,unseen_distractor_hues,79,-0.26216084,0.0,0.0,1.0,12.068358
2,B_task,unseen_distractor_hues,80,-0.6343298,0.0,0.0,0.0,20.090996
2,B_task,unseen_distractor_hues,81,-0.31602484,0.0,0.0,1.0,7.679376
2,B_task,unseen_distractor_hues,82,-0.4683142,0.0,0.0,1.0,16.156912
2,B_task,unseen_distractor_hues,83,-0.6149382,0.0,0.0,1.0,16.389431
2,B_task,unseen_distractor_hues,84,-0.4210154,0.0,0.0,1.0,14.913539
2,B_task,unseen_distractor_hues,85,-0.5852012,0.0,0.0,0.0,16.798206
2,B_task,unseen_distractor_hues,86,-0.1770904,0.0,0.0,1.0,3.1981633
2,B_task,unseen_distractor_hues,87,-0.28396156,0.0,0.0,1.0,10.178853
2,B_task,unseen_distractor_hues,88,-0.2633603,0.0,0.0,1.0,11.055094
2,B_task,unseen_distractor_hues,89,-0.27331722,0.0,0.0,0.0,8.73337
2,B_task,unseen_distractor_hues,90,-0.4270431,0.0,0.0,1.0,10.829157
2,B_task,unseen_distractor_hues,91,-0.7147872,0.0,0.0,0.0,21.432014
2,B_task,unseen_distractor_hues,92,-0.2672019,0.0,0.0,1.0,6.2763557
2,B_task,unseen_distractor_hues,93,-0.44397444,0.0,0.0,1.0,12.060152
2,B_task,unseen_distractor_hues,94,-0.24085246,0.0,0.0,1.0,9.306528
2,B_task,unseen_distractor_hues,95,-0.22949865,0.0,0.0,1.0,4.4180775
2,B_task,unseen_distractor_hues,96,-0.23875637,0.0,0.0,1.0,2.47029
2,B_task,unseen_distractor_hues,97,-0.23540652,0.0,0.0,1.0,4.8870783
2,B_task,unseen_distractor_hues,98,-0.26610088,0.0,0.0,0.0,10.811592
2,B_task,unseen_distractor_hues,99,-0.054117426,1.0,0.28888888888888886,1.0,1.3133048
2,B_task,heavy_pixel_noise,0,-0.32075027,0.0,0.0,1.0,7.8320436
2,B_task,heavy_pixel_noise,1,-0.35488212,0.0,0.0,1.0,12.09876
2,B_task,heavy_pixel_noise,2,-0.54093,0.0,0.0,0.0,16.486938
2,B_task,heavy_pixel_noise,3,-0.3124073,0.0,0.0,1.0,9.542599
2,B_task,heavy_pixel_noise,4,-0.1490429,0.0,0.0,1.0,6.200403
2,B_task,heavy_pixel_noise,5,-0.43913808,0.0,0.0,0.0,11.308741
2,B_task,heavy_pixel_noise,6,-0.3285923,0.0,0.0,1.0,9.67939
2,B_task,heavy_pixel_noise,7,-0.09303585,1.0,0.15555555555555556,1.0,1.5251695
2,B_task,heavy_pixel_noise,8,-0.31589592,0.0,0.0,1.0,8.732877
2,B_task,heavy_pixel_noise,9,-0.0305531,0.0,0.28888888888888886,1.0,2.092925
2,B_task,heavy_pixel_noise,10,-0.29493484,0.0,0.0,1.0,5.858287
2,B_task,heavy_pixel_noise,11,-0.6147359,0.0,0.0,0.0,17.449493
2,B_task,heavy_pixel_noise,12,-0.102147825,0.0,0.0,1.0,5.75827
2,B_task,heavy_pixel_noise,13,-0.6645111,0.0,0.0,0.0,21.27352
2,B_task,heavy_pixel_noise,14,-0.41418228,0.0,0.0,0.0,13.148531
2,B_task,heavy_pixel_noise,15,-0.67886025,0.0,0.0,0.0,22.144308
2,B_task,heavy_pixel_noise,16,-0.23320284,0.0,0.0,1.0,6.690808
2,B_task,heavy_pixel_noise,17,-0.16730453,0.0,0.0,1.0,5.9302993
2,B_task,heavy_pixel_noise,18,-0.3683586,0.0,0.0,1.0,9.566254
2,B_task,heavy_pixel_noise,19,-0.33914307,0.0,0.0,1.0,5.616647
2,B_task,heavy_pixel_noise,20,-0.3300864,0.0,0.0,0.0,12.663199
2,B_task,heavy_pixel_noise,21,-0.13049488,0.0,0.0,1.0,6.5775094
2,B_task,heavy_pixel_noise,22,-0.0990785,0.0,0.0,1.0,3.1907284
2,B_task,heavy_pixel_noise,23,0.22891194,0.0,0.6222222222222222,1.0,3.1050258
2,B_task,heavy_pixel_noise,24,-0.15796176,0.0,0.0,1.0,4.7880154
2,B_task,heavy_pixel_noise,25,-0.28038087,0.0,0.0,1.0,9.383859
2,B_task,heavy_pixel_noise,26,-0.14671619,0.0,0.0,0.0,8.914709
2,B_task,heavy_pixel_noise,27,0.032574788,0.0,0.0,1.0,1.8324373
2,B_task,heavy_pixel_noise,28,-0.107079774,0.0,0.0,1.0,2.721028
2,B_task,heavy_pixel_noise,29,-0.40334383,0.0,0.0,1.0,16.36465
2,B_task,heavy_pixel_noise,30,-0.47462073,0.0,0.0,1.0,13.435439
2,B_task,heavy_pixel_noise,31,-0.23791851,0.0,0.0,0.0,6.513295
2,B_task,heavy_pixel_noise,32,-0.33150986,0.0,0.0,1.0,7.8019485
2,B_task,heavy_pixel_noise,33,-0.13020577,0.0,0.0,1.0,7.034789
2,B_task,heavy_pixel_noise,34,-0.08555663,0.0,0.0,1.0,2.5629275
2,B_task,heavy_pixel_noise,35,-0.37213734,0.0,0.0,1.0,15.728289
2,B_task,heavy_pixel_noise,36,-0.19910537,0.0,0.0,1.0,6.635401
2,B_task,heavy_pixel_noise,37,-0.28648257,0.0,0.0,1.0,2.4694517
2,B_task,heavy_pixel_noise,38,-0.37807578,0.0,0.0,0.0,14.515337
2,B_task,heavy_pixel_noise,39,-0.35288048,0.0,0.0,1.0,9.74629
2,B_task,heavy_pixel_noise,40,-0.38350937,0.0,0.0,0.0,12.61896
2,B_task,heavy_pixel_noise,41,-0.104544446,0.0,0.0,1.0,2.2295005
2,B_task,heavy_pixel_noise,42,-0.015165856,0.0,0.1111111111111111,1.0,4.9780703
2,B_task,heavy_pixel_noise,43,-0.35211182,0.0,0.0,1.0,12.9906845
2,B_task,heavy_pixel_noise,44,-0.21529464,0.0,0.0,1.0,4.510609
2,B_task,heavy_pixel_noise,45,-0.39253643,0.0,0.0,0.0,13.374259
2,B_task,heavy_pixel_noise,46,-0.3201152,0.0,0.0,1.0,6.9794626
2,B_task,heavy_pixel_noise,47,-0.14635453,0.0,0.0,1.0,5.5891404
2,B_task,heavy_pixel_noise,48,-0.0856885,0.0,0.0,1.0,2.0231571
2,B_task,heavy_pixel_noise,49,-0.391219,0.0,0.0,0.0,16.409552
2,B_task,heavy_pixel_noise,50,-0.19142176,0.0,0.0,1.0,4.5175776
2,B_task,heavy_pixel_noise,51,-0.47866783,0.0,0.0,1.0,10.422307
2,B_task,heavy_pixel_noise,52,-0.17672342,0.0,0.0,1.0,5.745135
2,B_task,heavy_pixel_noise,53,-0.29034692,0.0,0.0,1.0,6.968986
2,B_task,heavy_pixel_noise,54,0.058425527,0.0,0.06666666666666667,1.0,1.7949598
2,B_task,heavy_pixel_noise,55,-0.22397633,0.0,0.0,1.0,3.5309784
2,B_task,heavy_pixel_noise,56,0.033134133,0.0,0.17777777777777778,1.0,3.8503108
2,B_task,heavy_pixel_noise,57,-0.74164265,0.0,0.0,0.0,24.150099
2,B_task,heavy_pixel_noise,58,-0.33044964,0.0,0.0,0.0,10.366191
2,B_task,heavy_pixel_noise,59,-0.43240303,0.0,0.0,0.0,13.595449
2,B_task,heavy_pixel_noise,60,-0.38943544,0.0,0.0,1.0,7.0510125
2,B_task,heavy_pixel_noise,61,-0.29131585,0.0,0.0,1.0,9.724606
2,B_task,heavy_pixel_noise,62,-0.4165432,0.0,0.0,1.0,14.81331
2,B_task,heavy_pixel_noise,63,-0.23680742,0.0,0.0,1.0,11.358397
2,B_task,heavy_pixel_noise,64,-0.3849708,0.0,0.0,1.0,11.393519
2,B_task,heavy_pixel_noise,65,0.10011204,0.0,0.13333333333333333,1.0,3.019401
2,B_task,heavy_pixel_noise,66,-0.0292927,0.0,0.15555555555555556,1.0,7.2832823
2,B_task,heavy_pixel_noise,67,-0.15088196,0.0,0.0,1.0,8.027745
2,B_task,heavy_pixel_noise,68,-0.3490152,0.0,0.0,1.0,6.956849
2,B_task,heavy_pixel_noise,69,-0.24943618,0.0,0.0,1.0,8.198555
2,B_task,heavy_pixel_noise,70,-0.098716885,1.0,0.06666666666666667,1.0,1.2091467
2,B_task,heavy_pixel_noise,71,-0.43505967,0.0,0.0,1.0,11.872451
2,B_task,heavy_pixel_noise,72,0.06975318,0.0,0.26666666666666666,1.0,5.98489
2,B_task,heavy_pixel_noise,73,-0.3051916,0.0,0.0,1.0,9.734019
2,B_task,heavy_pixel_noise,74,-0.41466022,0.0,0.0,1.0,12.699531
2,B_task,heavy_pixel_noise,75,-0.39599437,0.0,0.0,1.0,10.607749
2,B_task,heavy_pixel_noise,76,-0.2576623,0.0,0.0,0.0,10.733141
2,B_task,heavy_pixel_noise,77,-0.32189718,0.0,0.0,1.0,5.0423083
2,B_task,heavy_pixel_noise,78,-0.1183021,0.0,0.0,1.0,2.4789577
2,B_task,heavy_pixel_noise,79,-0.13144843,0.0,0.0,1.0,2.8795528
2,B_task,heavy_pixel_noise,80,-0.44997367,0.0,0.0,0.0,11.0935545
2,B_task,heavy_pixel_noise,81,-0.3001022,0.0,0.0,1.0,7.0660224
2,B_task,heavy_pixel_noise,82,-0.43623564,0.0,0.0,1.0,13.933483
2,B_task,heavy_pixel_noise,83,-0.50277555,0.0,0.0,1.0,9.649191
2,B_task,heavy_pixel_noise,84,-0.3945282,0.0,0.0,1.0,14.300552
2,B_task,heavy_pixel_noise,85,-0.36709467,0.0,0.0,1.0,4.821426
2,B_task,heavy_pixel_noise,86,-0.16544,0.0,0.0,1.0,3.240501
2,B_task,heavy_pixel_noise,87,-0.22255743,0.0,0.0,1.0,6.02089
2,B_task,heavy_pixel_noise,88,-0.2027074,0.0,0.0,1.0,8.078099
2,B_task,heavy_pixel_noise,89,-0.26133156,0.0,0.0,1.0,7.445563
2,B_task,heavy_pixel_noise,90,-0.41183197,0.0,0.0,1.0,9.568548
2,B_task,heavy_pixel_noise,91,-0.70549446,0.0,0.0,0.0,21.974157
2,B_task,heavy_pixel_noise,92,-0.28116733,0.0,0.0,1.0,6.651852
2,B_task,heavy_pixel_noise,93,-0.35330066,0.0,0.0,1.0,9.819403
2,B_task,heavy_pixel_noise,94,-0.23124334,0.0,0.0,1.0,9.251011
2,B_task,heavy_pixel_noise,95,-0.3821641,0.0,0.0,1.0,8.993478
2,B_task,heavy_pixel_noise,96,-0.14318779,1.0,0.1111111111111111,1.0,1.4446687
2,B_task,heavy_pixel_noise,97,-0.2675355,0.0,0.0,1.0,6.8781934
2,B_task,heavy_pixel_noise,98,-0.28187665,0.0,0.0,0.0,11.703568
2,B_task,heavy_pixel_noise,99,-0.52213174,0.0,0.0,0.0,14.338968
2,C_scene,in_distribution,0,-0.38174492,0.0,0.0,0.0,14.074574
2,C_scene,in_distribution,1,-0.21415628,0.0,0.0,1.0,3.0150278
2,C_scene,in_distribution,2,-0.5414738,0.0,0.0,0.0,18.919998
2,C_scene,in_distribution,3,-0.28910062,0.0,0.0,1.0,6.399491
2,C_scene,in_distribution,4,-0.23672707,0.0,0.0,1.0,9.141142
2,C_scene,in_distribution,5,-0.68172455,0.0,0.0,0.0,24.00478
2,C_scene,in_distribution,6,-0.30983225,0.0,0.0,1.0,8.727294
2,C_scene,in_distribution,7,-0.5299747,0.0,0.0,0.0,15.535806
2,C_scene,in_distribution,8,-0.47273397,0.0,0.0,0.0,13.778558
2,C_scene,in_distribution,9,-0.43542662,0.0,0.0,0.0,11.806836
2,C_scene,in_distribution,10,-0.45596704,0.0,0.0,0.0,11.1662245
2,C_scene,in_distribution,11,-0.66610485,0.0,0.0,1.0,19.732536
2,C_scene,in_distribution,12,-0.22522976,0.0,0.0,1.0,9.055197
2,C_scene,in_distribution,13,-0.6639801,0.0,0.0,0.0,18.609013
2,C_scene,in_distribution,14,-0.38439915,0.0,0.0,0.0,16.449972
2,C_scene,in_distribution,15,-0.61306375,0.0,0.0,0.0,22.114748
2,C_scene,in_distribution,16,-0.15758684,0.0,0.0,1.0,9.351054
2,C_scene,in_distribution,17,-0.1788464,0.0,0.0,1.0,8.221923
2,C_scene,in_distribution,18,-0.46430013,0.0,0.0,1.0,15.581449
2,C_scene,in_distribution,19,-0.7119749,0.0,0.0,0.0,22.713564
2,C_scene,in_distribution,20,-0.38768154,0.0,0.0,0.0,14.157388
2,C_scene,in_distribution,21,-0.12507422,0.0,0.0,1.0,2.4051692
2,C_scene,in_distribution,22,-0.18542165,0.0,0.0,1.0,7.1602683
2,C_scene,in_distribution,23,-0.00020129813,0.0,0.2,1.0,5.944936
2,C_scene,in_distribution,24,-0.38024795,0.0,0.0,1.0,10.990141
2,C_scene,in_distribution,25,-0.6649084,0.0,0.0,0.0,24.59717
2,C_scene,in_distribution,26,0.02485582,0.0,0.2,1.0,6.5442815
2,C_scene,in_distribution,27,-0.12621158,0.0,0.0,1.0,5.2151256
2,C_scene,in_distribution,28,0.029167814,1.0,0.28888888888888886,1.0,1.4664495
2,C_scene,in_distribution,29,-0.40486276,0.0,0.0,1.0,14.029959
2,C_scene,in_distribution,30,-0.53776085,0.0,0.0,1.0,17.71155
2,C_scene,in_distribution,31,-0.41554338,0.0,0.0,0.0,15.391131
2,C_scene,in_distribution,32,-0.67066693,0.0,0.0,1.0,13.356646
2,C_scene,in_distribution,33,-0.45166922,0.0,0.0,0.0,18.146318
2,C_scene,in_distribution,34,-0.40874138,0.0,0.0,0.0,14.999953
2,C_scene,in_distribution,35,-0.26365587,0.0,0.0,1.0,11.352221
2,C_scene,in_distribution,36,-0.29634216,0.0,0.0,1.0,12.614769
2,C_scene,in_distribution,37,-0.6623672,0.0,0.0,0.0,24.748928
2,C_scene,in_distribution,38,-0.32624844,0.0,0.0,1.0,10.583874
2,C_scene,in_distribution,39,-0.40699765,0.0,0.0,0.0,10.736322
2,C_scene,in_distribution,40,-0.4937656,0.0,0.0,0.0,21.7791
2,C_scene,in_distribution,41,-0.3071992,0.0,0.0,1.0,8.111446
2,C_scene,in_distribution,42,-0.22416973,0.0,0.0,1.0,5.8244514
2,C_scene,in_distribution,43,-0.40390858,0.0,0.0,1.0,15.987761
2,C_scene,in_distribution,44,-0.37420073,0.0,0.0,1.0,7.1180153
2,C_scene,in_distribution,45,-0.31973428,0.0,0.0,0.0,13.838416
2,C_scene,in_distribution,46,-0.5546924,0.0,0.0,1.0,8.415148
2,C_scene,in_distribution,47,-0.19326942,0.0,0.0,1.0,6.90958
2,C_scene,in_distribution,48,-0.48599392,0.0,0.0,1.0,16.371939
2,C_scene,in_distribution,49,-0.3365475,0.0,0.0,0.0,12.514662
2,C_scene,in_distribution,50,-0.11092183,0.0,0.022222222222222223,1.0,6.4855027
2,C_scene,in_distribution,51,-0.57109195,0.0,0.0,1.0,15.090531
2,C_scene,in_distribution,52,-0.1828924,0.0,0.0,1.0,6.250034
2,C_scene,in_distribution,53,-0.36069176,0.0,0.0,1.0,7.300553
2,C_scene,in_distribution,54,-0.0062556993,0.0,0.0,1.0,2.2034194
2,C_scene,in_distribution,55,-0.44033974,0.0,0.0,0.0,11.087806
2,C_scene,in_distribution,56,0.1300794,0.0,0.26666666666666666,1.0,3.4583158
2,C_scene,in_distribution,57,-0.68808603,0.0,0.0,0.0,22.299505
2,C_scene,in_distribution,58,-0.37491736,0.0,0.0,0.0,12.445105
2,C_scene,in_distribution,59,-0.5467615,0.0,0.0,0.0,21.608526
2,C_scene,in_distribution,60,-0.5764018,0.0,0.0,0.0,15.499368
2,C_scene,in_distribution,61,-0.29149652,0.0,0.0,1.0,8.095902
2,C_scene,in_distribution,62,-0.42572182,0.0,0.0,1.0,12.207837
2,C_scene,in_distribution,63,-0.32800624,0.0,0.0,0.0,13.248799
2,C_scene,in_distribution,64,-0.5150152,0.0,0.0,0.0,11.985685
2,C_scene,in_distribution,65,0.0022793873,0.0,0.0,1.0,2.2180862
2,C_scene,in_distribution,66,0.012094824,0.0,0.13333333333333333,1.0,5.3905754
2,C_scene,in_distribution,67,-0.1408316,1.0,0.08888888888888889,1.0,1.0279561
2,C_scene,in_distribution,68,-0.62635475,0.0,0.0,0.0,11.603227
2,C_scene,in_distribution,69,-0.25219268,0.0,0.0,1.0,4.266455
2,C_scene,in_distribution,70,-0.15435733,0.0,0.0,1.0,4.299697
2,C_scene,in_distribution,71,-0.64203775,0.0,0.0,0.0,20.926441
2,C_scene,in_distribution,72,0.05876912,0.0,0.17777777777777778,1.0,2.9860098
2,C_scene,in_distribution,73,-0.4407159,0.0,0.0,1.0,12.141057
2,C_scene,in_distribution,74,-0.7334996,0.0,0.0,0.0,25.098713
2,C_scene,in_distribution,75,-0.509369,0.0,0.0,1.0,17.067343
2,C_scene,in_distribution,76,-0.24972299,0.0,0.0,1.0,6.9792867
2,C_scene,in_distribution,77,-0.47099945,0.0,0.0,0.0,9.263291
2,C_scene,in_distribution,78,-0.53408796,0.0,0.0,1.0,20.362017
2,C_scene,in_distribution,79,-0.21280052,0.0,0.0,1.0,5.9545984
2,C_scene,in_distribution,80,-0.60207474,0.0,0.0,1.0,10.895439
2,C_scene,in_distribution,81,-0.37806016,0.0,0.0,1.0,8.072796
2,C_scene,in_distribution,82,-0.45747817,0.0,0.0,1.0,11.650386
2,C_scene,in_distribution,83,-0.6908817,0.0,0.0,1.0,16.23456
2,C_scene,in_distribution,84,-0.40501788,0.0,0.0,0.0,14.355054
2,C_scene,in_distribution,85,-0.6333142,0.0,0.0,0.0,18.793415
2,C_scene,in_distribution,86,-0.2904304,0.0,0.0,0.0,5.8532753
2,C_scene,in_distribution,87,-0.21242143,0.0,0.0,1.0,8.052693
2,C_scene,in_distribution,88,-0.22115532,0.0,0.0,1.0,4.57542
2,C_scene,in_distribution,89,-0.41409284,0.0,0.0,0.0,16.968029
2,C_scene,in_distribution,90,-0.6253921,0.0,0.0,0.0,19.062021
2,C_scene,in_distribution,91,-0.7199885,0.0,0.0,0.0,21.920616
2,C_scene,in_distribution,92,-0.22695768,0.0,0.0,1.0,2.1523137
2,C_scene,in_distribution,93,-0.35681385,0.0,0.0,1.0,5.203064
2,C_scene,in_distribution,94,-0.19897547,0.0,0.0,1.0,5.2041764
2,C_scene,in_distribution,95,-0.2256817,1.0,0.2222222222222222,1.0,1.1491818
2,C_scene,in_distribution,96,-0.71150833,0.0,0.0,0.0,25.9173
2,C_scene,in_distribution,97,-0.3767633,0.0,0.0,0.0,11.780505
2,C_scene,in_distribution,98,-0.1480949,0.0,0.0,1.0,5.6249747
2,C_scene,in_distribution,99,-0.4298185,0.0,0.0,0.0,11.062557
2,C_scene,4_distractors,0,-0.35274643,0.0,0.0,0.0,11.51879
2,C_scene,4_distractors,1,-0.28814885,0.0,0.0,1.0,6.198457
2,C_scene,4_distractors,2,-0.5759736,0.0,0.0,0.0,22.48247
2,C_scene,4_distractors,3,-0.44398448,0.0,0.0,0.0,14.589476
2,C_scene,4_distractors,4,-0.27491677,0.0,0.0,1.0,8.877244
2,C_scene,4_distractors,5,-0.6563013,0.0,0.0,0.0,25.182322
2,C_scene,4_distractors,6,-0.16040795,0.0,0.0,1.0,3.8061857
2,C_scene,4_distractors,7,-0.7453073,0.0,0.0,0.0,24.586416
2,C_scene,4_distractors,8,-0.536576,0.0,0.0,0.0,19.226429
2,C_scene,4_distractors,9,-0.4175505,0.0,0.0,1.0,12.083481
2,C_scene,4_distractors,10,-0.49061978,0.0,0.0,1.0,13.543424
2,C_scene,4_distractors,11,-0.5823338,0.0,0.0,1.0,17.21585
2,C_scene,4_distractors,12,-0.21103615,0.0,0.0,1.0,7.465754
2,C_scene,4_distractors,13,-0.69963765,0.0,0.0,0.0,21.097494
2,C_scene,4_distractors,14,-0.4316838,0.0,0.0,0.0,16.565987
2,C_scene,4_distractors,15,-0.7101257,0.0,0.0,0.0,22.52527
2,C_scene,4_distractors,16,-0.3627085,0.0,0.0,1.0,14.600059
2,C_scene,4_distractors,17,-0.33653048,0.0,0.0,0.0,20.783363
2,C_scene,4_distractors,18,-0.48138136,0.0,0.0,1.0,15.589433
2,C_scene,4_distractors,19,-0.80554014,0.0,0.0,0.0,26.436337
2,C_scene,4_distractors,20,-0.38827834,0.0,0.0,0.0,16.189526
2,C_scene,4_distractors,21,-0.045867156,0.0,0.0,1.0,3.1813905
2,C_scene,4_distractors,22,-0.3304762,0.0,0.0,1.0,14.523078
2,C_scene,4_distractors,23,-0.064934716,0.0,0.15555555555555556,1.0,8.1845665
2,C_scene,4_distractors,24,-0.39331618,0.0,0.0,1.0,12.153332
2,C_scene,4_distractors,25,-0.67669064,0.0,0.0,0.0,22.574154
2,C_scene,4_distractors,26,0.10268434,0.0,0.26666666666666666,1.0,3.7335303
2,C_scene,4_distractors,27,-0.26160404,0.0,0.0,0.0,11.007221
2,C_scene,4_distractors,28,-0.13812628,0.0,0.0,1.0,2.575186
2,C_scene,4_distractors,29,-0.4850976,0.0,0.0,0.0,19.25521
2,C_scene,4_distractors,30,-0.6542797,0.0,0.0,1.0,18.819674
2,C_scene,4_distractors,31,-0.4425359,0.0,0.0,0.0,17.386557
2,C_scene,4_distractors,32,-0.61355805,0.0,0.0,0.0,17.999722
2,C_scene,4_distractors,33,-0.35696363,0.0,0.0,0.0,14.850902
2,C_scene,4_distractors,34,-0.42353025,0.0,0.0,0.0,11.483686
2,C_scene,4_distractors,35,-0.327838,0.0,0.0,1.0,9.649961
2,C_scene,4_distractors,36,-0.2321795,0.0,0.0,1.0,10.188745
2,C_scene,4_distractors,37,-0.7724923,0.0,0.0,0.0,26.416107
2,C_scene,4_distractors,38,-0.27930814,0.0,0.0,1.0,9.449521
2,C_scene,4_distractors,39,-0.18620019,0.0,0.0,1.0,3.661757
2,C_scene,4_distractors,40,-0.36666325,0.0,0.0,0.0,12.315805
2,C_scene,4_distractors,41,-0.22978935,0.0,0.0,1.0,3.4907873
2,C_scene,4_distractors,42,-0.33215705,0.0,0.0,1.0,9.666802
2,C_scene,4_distractors,43,-0.48243815,0.0,0.0,1.0,18.275442
2,C_scene,4_distractors,44,-0.26655793,0.0,0.0,1.0,6.6908727
2,C_scene,4_distractors,45,-0.4076766,0.0,0.0,0.0,15.460523
2,C_scene,4_distractors,46,-0.6489924,0.0,0.0,0.0,14.071216
2,C_scene,4_distractors,47,-0.21302655,0.0,0.0,1.0,7.535963
2,C_scene,4_distractors,48,-0.41980302,0.0,0.0,1.0,13.614622
2,C_scene,4_distractors,49,-0.38983145,0.0,0.0,0.0,13.415365
2,C_scene,4_distractors,50,-0.22966772,0.0,0.0,1.0,8.405494
2,C_scene,4_distractors,51,-0.64502835,0.0,0.0,0.0,20.924889
2,C_scene,4_distractors,52,-0.17479204,0.0,0.0,1.0,5.6491175
2,C_scene,4_distractors,53,-0.5513873,0.0,0.0,1.0,16.692055
2,C_scene,4_distractors,54,-0.16389804,0.0,0.0,1.0,6.4542913
2,C_scene,4_distractors,55,-0.45547307,0.0,0.0,0.0,11.733499
2,C_scene,4_distractors,56,-0.11927005,0.0,0.13333333333333333,1.0,11.579932
2,C_scene,4_distractors,57,-0.8098087,0.0,0.0,0.0,25.546728
2,C_scene,4_distractors,58,-0.4612777,0.0,0.0,0.0,17.40034
2,C_scene,4_distractors,59,-0.41114965,0.0,0.0,1.0,14.062694
2,C_scene,4_distractors,60,-0.6437188,0.0,0.0,0.0,19.376415
2,C_scene,4_distractors,61,-0.28383857,0.0,0.0,1.0,9.249941
2,C_scene,4_distractors,62,-0.34163335,0.0,0.0,1.0,8.2387
2,C_scene,4_distractors,63,-0.2950062,0.0,0.0,0.0,13.346268
2,C_scene,4_distractors,64,-0.55800664,0.0,0.0,0.0,17.483768
2,C_scene,4_distractors,65,-0.07754702,0.0,0.08888888888888889,1.0,7.122153
2,C_scene,4_distractors,66,-0.059442434,0.0,0.0,1.0,6.1887236
2,C_scene,4_distractors,67,-0.4798851,0.0,0.0,1.0,19.639513
2,C_scene,4_distractors,68,-0.9748911,0.0,0.0,0.0,30.944738
2,C_scene,4_distractors,69,-0.38851076,0.0,0.0,1.0,10.110503
2,C_scene,4_distractors,70,-0.357475,0.0,0.0,0.0,13.749143
2,C_scene,4_distractors,71,-0.77554005,0.0,0.0,0.0,27.800898
2,C_scene,4_distractors,72,0.060807366,0.0,0.0,1.0,3.1176562
2,C_scene,4_distractors,73,-0.39486924,0.0,0.0,1.0,10.139809
2,C_scene,4_distractors,74,-0.5450563,0.0,0.0,0.0,19.881683
2,C_scene,4_distractors,75,-0.4691714,0.0,0.0,1.0,12.677647
2,C_scene,4_distractors,76,-0.2782351,0.0,0.0,1.0,8.935859
2,C_scene,4_distractors,77,-0.65199924,0.0,0.0,0.0,8.427517
2,C_scene,4_distractors,78,-0.35522017,0.0,0.0,1.0,8.262657
2,C_scene,4_distractors,79,-0.1739305,0.0,0.0,1.0,3.7214441
2,C_scene,4_distractors,80,-0.6525711,0.0,0.0,0.0,21.541916
2,C_scene,4_distractors,81,-0.08606264,1.0,0.35555555555555557,1.0,0.6933388
2,C_scene,4_distractors,82,-0.32693452,0.0,0.0,1.0,6.79412
2,C_scene,4_distractors,83,-0.8600371,0.0,0.0,0.0,25.028353
2,C_scene,4_distractors,84,-0.4195906,0.0,0.0,0.0,14.727757
2,C_scene,4_distractors,85,-0.6818215,0.0,0.0,0.0,21.675743
2,C_scene,4_distractors,86,-0.39709622,0.0,0.0,0.0,10.274281
2,C_scene,4_distractors,87,-0.3369072,0.0,0.0,1.0,11.19734
2,C_scene,4_distractors,88,-0.30430692,0.0,0.0,1.0,10.394988
2,C_scene,4_distractors,89,-0.27416882,0.0,0.0,0.0,9.675707
2,C_scene,4_distractors,90,-0.5721508,0.0,0.0,0.0,16.329546
2,C_scene,4_distractors,91,-0.77213967,0.0,0.0,0.0,20.947777
2,C_scene,4_distractors,92,-0.36517513,0.0,0.0,1.0,8.241451
2,C_scene,4_distractors,93,-0.4337791,0.0,0.0,0.0,9.828168
2,C_scene,4_distractors,94,-0.22796194,0.0,0.0,1.0,8.890873
2,C_scene,4_distractors,95,-0.6084143,0.0,0.0,0.0,19.89352
2,C_scene,4_distractors,96,-0.6856833,0.0,0.0,0.0,25.203192
2,C_scene,4_distractors,97,-0.2784857,0.0,0.0,1.0,4.876995
2,C_scene,4_distractors,98,-0.2692493,0.0,0.0,1.0,12.034604
2,C_scene,4_distractors,99,-0.5699397,0.0,0.0,0.0,18.437399
2,C_scene,fast_distractors,0,-0.36340576,0.0,0.0,0.0,13.570262
2,C_scene,fast_distractors,1,-0.21115547,0.0,0.0,1.0,2.5819929
2,C_scene,fast_distractors,2,-0.5801555,0.0,0.0,0.0,21.971663
2,C_scene,fast_distractors,3,-0.25709212,0.0,0.0,1.0,7.8241997
2,C_scene,fast_distractors,4,-0.24356717,0.0,0.0,1.0,9.67693
2,C_scene,fast_distractors,5,-0.68836963,0.0,0.0,0.0,24.518185
2,C_scene,fast_distractors,6,-0.27830455,0.0,0.0,1.0,6.9768353
2,C_scene,fast_distractors,7,-0.5032197,0.0,0.0,0.0,14.258044
2,C_scene,fast_distractors,8,-0.3711068,0.0,0.0,1.0,6.8383737
2,C_scene,fast_distractors,9,-0.45032108,0.0,0.0,0.0,13.018878
2,C_scene,fast_distractors,10,-0.47093338,0.0,0.0,0.0,12.197573
2,C_scene,fast_distractors,11,-0.67394954,0.0,0.0,0.0,20.52029
2,C_scene,fast_distractors,12,-0.24276026,0.0,0.0,1.0,10.230207
2,C_scene,fast_distractors,13,-0.66746,0.0,0.0,0.0,18.691402
2,C_scene,fast_distractors,14,-0.35409677,0.0,0.0,0.0,14.115382
2,C_scene,fast_distractors,15,-0.61150134,0.0,0.0,0.0,22.24857
2,C_scene,fast_distractors,16,-0.17811485,0.0,0.0,1.0,11.158274
2,C_scene,fast_distractors,17,-0.1684027,0.0,0.0,1.0,7.2670403
2,C_scene,fast_distractors,18,-0.47479662,0.0,0.0,1.0,15.409615
2,C_scene,fast_distractors,19,-0.70813996,0.0,0.0,0.0,23.155039
2,C_scene,fast_distractors,20,-0.4069191,0.0,0.0,0.0,14.7976675
2,C_scene,fast_distractors,21,-0.15658833,0.0,0.0,1.0,3.0869417
2,C_scene,fast_distractors,22,-0.18997906,0.0,0.0,1.0,6.586836
2,C_scene,fast_distractors,23,-0.004537142,0.0,0.2,1.0,5.9909244
2,C_scene,fast_distractors,24,-0.38948965,0.0,0.0,1.0,11.572197
2,C_scene,fast_distractors,25,-0.6513275,0.0,0.0,0.0,23.535105
2,C_scene,fast_distractors,26,0.08182682,0.0,0.26666666666666666,1.0,4.6416383
2,C_scene,fast_distractors,27,-0.12343367,0.0,0.0,1.0,5.401022
2,C_scene,fast_distractors,28,-0.036483802,1.0,0.15555555555555556,1.0,0.6218855
2,C_scene,fast_distractors,29,-0.4125876,0.0,0.0,1.0,13.734224
2,C_scene,fast_distractors,30,-0.5471023,0.0,0.0,1.0,18.88886
2,C_scene,fast_distractors,31,-0.40721977,0.0,0.0,0.0,15.696675
2,C_scene,fast_distractors,32,-0.6809703,0.0,0.0,1.0,15.370457
2,C_scene,fast_distractors,33,-0.4406987,0.0,0.0,0.0,17.761751
2,C_scene,fast_distractors,34,-0.3775379,0.0,0.0,0.0,11.736478
2,C_scene,fast_distractors,35,-0.2791941,0.0,0.0,1.0,12.321752
2,C_scene,fast_distractors,36,-0.2909443,0.0,0.0,1.0,12.131159
2,C_scene,fast_distractors,37,-0.5218804,0.0,0.0,0.0,16.192255
2,C_scene,fast_distractors,38,-0.30853486,0.0,0.0,1.0,9.843078
2,C_scene,fast_distractors,39,-0.38814896,0.0,0.0,0.0,8.272415
2,C_scene,fast_distractors,40,-0.44405022,0.0,0.0,0.0,18.04571
2,C_scene,fast_distractors,41,-0.16668426,0.0,0.0,1.0,1.5632012
2,C_scene,fast_distractors,42,-0.20945548,0.0,0.0,1.0,4.2732654
2,C_scene,fast_distractors,43,-0.38058472,0.0,0.0,1.0,15.016114
2,C_scene,fast_distractors,44,-0.30792856,0.0,0.0,1.0,2.7759671
2,C_scene,fast_distractors,45,-0.33337444,0.0,0.0,0.0,14.126438
2,C_scene,fast_distractors,46,-0.7074708,0.0,0.0,0.0,8.60268
2,C_scene,fast_distractors,47,-0.20325616,0.0,0.0,1.0,7.0607586
2,C_scene,fast_distractors,48,-0.46184734,0.0,0.0,1.0,15.334222
2,C_scene,fast_distractors,49,-0.33151773,0.0,0.0,0.0,11.886097
2,C_scene,fast_distractors,50,-0.081568934,0.0,0.0,1.0,4.3022213
2,C_scene,fast_distractors,51,-0.5222882,0.0,0.0,1.0,12.472109
2,C_scene,fast_distractors,52,-0.15814644,0.0,0.0,1.0,4.417195
2,C_scene,fast_distractors,53,-0.17112145,0.0,0.15555555555555556,1.0,3.2486181
2,C_scene,fast_distractors,54,-0.09889982,0.0,0.0,1.0,2.7932775
2,C_scene,fast_distractors,55,-0.42661986,0.0,0.0,0.0,10.331363
2,C_scene,fast_distractors,56,0.32660037,0.0,0.7555555555555555,1.0,1.8770012
2,C_scene,fast_distractors,57,-0.7215687,0.0,0.0,0.0,23.109726
2,C_scene,fast_distractors,58,-0.3898149,0.0,0.0,0.0,14.634027
2,C_scene,fast_distractors,59,-0.5336598,0.0,0.0,0.0,21.095032
2,C_scene,fast_distractors,60,-0.53665113,0.0,0.0,0.0,13.923199
2,C_scene,fast_distractors,61,-0.29961476,0.0,0.0,1.0,8.677022
2,C_scene,fast_distractors,62,-0.4377378,0.0,0.0,1.0,13.218428
2,C_scene,fast_distractors,63,-0.3369731,0.0,0.0,0.0,13.541122
2,C_scene,fast_distractors,64,-0.79277635,0.0,0.0,0.0,25.911264
2,C_scene,fast_distractors,65,0.15372492,1.0,0.4666666666666667,1.0,1.3654635
2,C_scene,fast_distractors,66,0.031708725,0.0,0.17777777777777778,1.0,4.4018455
2,C_scene,fast_distractors,67,-0.10015764,1.0,0.13333333333333333,1.0,1.1766584
2,C_scene,fast_distractors,68,-0.62750274,0.0,0.0,0.0,12.882352
2,C_scene,fast_distractors,69,-0.16300698,0.0,0.0,1.0,1.7350926
2,C_scene,fast_distractors,70,-0.1523856,0.0,0.0,1.0,4.8147283
2,C_scene,fast_distractors,71,-0.6345855,0.0,0.0,0.0,20.780514
2,C_scene,fast_distractors,72,0.06530249,0.0,0.17777777777777778,1.0,2.5141783
2,C_scene,fast_distractors,73,-0.42897305,0.0,0.0,1.0,12.025372
2,C_scene,fast_distractors,74,-0.72559965,0.0,0.0,0.0,24.094307
2,C_scene,fast_distractors,75,-0.4987796,0.0,0.0,1.0,16.298302
2,C_scene,fast_distractors,76,-0.22125098,0.0,0.0,1.0,6.976586
2,C_scene,fast_distractors,77,-0.5047837,0.0,0.0,0.0,10.256369
2,C_scene,fast_distractors,78,-0.4911272,0.0,0.0,1.0,16.804783
2,C_scene,fast_distractors,79,-0.22659168,0.0,0.0,1.0,5.722983
2,C_scene,fast_distractors,80,-0.69708943,0.0,0.0,0.0,19.34594
2,C_scene,fast_distractors,81,-0.33408526,0.0,0.0,1.0,5.4169683
2,C_scene,fast_distractors,82,-0.48111686,0.0,0.0,1.0,14.146579
2,C_scene,fast_distractors,83,-0.7074468,0.0,0.0,1.0,17.40917
2,C_scene,fast_distractors,84,-0.43611598,0.0,0.0,0.0,15.599555
2,C_scene,fast_distractors,85,-0.61835796,0.0,0.0,0.0,17.408379
2,C_scene,fast_distractors,86,-0.35270864,0.0,0.0,0.0,8.380775
2,C_scene,fast_distractors,87,-0.20895658,0.0,0.0,1.0,8.009551
2,C_scene,fast_distractors,88,-0.2299886,0.0,0.0,1.0,5.802654
2,C_scene,fast_distractors,89,-0.37835622,0.0,0.0,0.0,13.799697
2,C_scene,fast_distractors,90,-0.63024235,0.0,0.0,0.0,19.832651
2,C_scene,fast_distractors,91,-0.67741567,0.0,0.0,0.0,20.121675
2,C_scene,fast_distractors,92,-0.28719333,0.0,0.0,1.0,4.0425677
2,C_scene,fast_distractors,93,-0.32505348,0.0,0.0,1.0,3.5795865
2,C_scene,fast_distractors,94,-0.20825481,0.0,0.0,1.0,5.9736786
2,C_scene,fast_distractors,95,-0.3630863,0.0,0.0,1.0,3.6250927
2,C_scene,fast_distractors,96,-0.5320184,0.0,0.0,0.0,9.493888
2,C_scene,fast_distractors,97,-0.3557385,0.0,0.0,1.0,10.293132
2,C_scene,fast_distractors,98,-0.19590166,0.0,0.0,1.0,7.6362686
2,C_scene,fast_distractors,99,-0.42476863,0.0,0.0,0.0,11.910145
2,C_scene,unseen_distractor_hues,0,-0.31930062,0.0,0.0,0.0,11.844878
2,C_scene,unseen_distractor_hues,1,-0.21716431,0.0,0.0,1.0,3.809256
2,C_scene,unseen_distractor_hues,2,-0.59508264,0.0,0.0,0.0,21.48426
2,C_scene,unseen_distractor_hues,3,-0.3206585,0.0,0.0,0.0,12.301884
2,C_scene,unseen_distractor_hues,4,-0.22470027,0.0,0.0,1.0,7.6028852
2,C_scene,unseen_distractor_hues,5,-0.671106,0.0,0.0,0.0,23.886744
2,C_scene,unseen_distractor_hues,6,-0.27776638,0.0,0.0,1.0,6.6492686
2,C_scene,unseen_distractor_hues,7,-0.57044655,0.0,0.0,0.0,16.418495
2,C_scene,unseen_distractor_hues,8,-0.5125111,0.0,0.0,1.0,11.090679
2,C_scene,unseen_distractor_hues,9,-0.45244008,0.0,0.0,0.0,13.989404
2,C_scene,unseen_distractor_hues,10,-0.40604976,0.0,0.0,1.0,7.9205217
2,C_scene,unseen_distractor_hues,11,-0.6713927,0.0,0.0,1.0,18.939196
2,C_scene,unseen_distractor_hues,12,-0.088382676,0.0,0.0,1.0,4.0052943
2,C_scene,unseen_distractor_hues,13,-0.70177287,0.0,0.0,0.0,20.54149
2,C_scene,unseen_distractor_hues,14,-0.36604553,0.0,0.0,0.0,14.556305
2,C_scene,unseen_distractor_hues,15,-0.64948565,0.0,0.0,0.0,22.14869
2,C_scene,unseen_distractor_hues,16,-0.10531463,0.0,0.0,1.0,8.874433
2,C_scene,unseen_distractor_hues,17,-0.17361152,0.0,0.0,1.0,6.1846275
2,C_scene,unseen_distractor_hues,18,-0.46014285,0.0,0.0,1.0,14.65702
2,C_scene,unseen_distractor_hues,19,-0.704911,0.0,0.0,0.0,22.39548
2,C_scene,unseen_distractor_hues,20,-0.34738684,0.0,0.0,0.0,14.979204
2,C_scene,unseen_distractor_hues,21,0.0023344518,1.0,0.2222222222222222,1.0,0.6415177
2,C_scene,unseen_distractor_hues,22,-0.16226752,0.0,0.0,1.0,3.3964694
2,C_scene,unseen_distractor_hues,23,-0.019142602,0.0,0.17777777777777778,1.0,5.8516064
2,C_scene,unseen_distractor_hues,24,-0.4289444,0.0,0.0,1.0,13.180424
2,C_scene,unseen_distractor_hues,25,-0.6053453,0.0,0.0,0.0,21.522509
2,C_scene,unseen_distractor_hues,26,-0.06285303,0.0,0.0,1.0,5.564481
2,C_scene,unseen_distractor_hues,27,-0.13598473,0.0,0.0,1.0,6.3256955
2,C_scene,unseen_distractor_hues,28,-0.017213767,1.0,0.17777777777777778,1.0,0.4376294
2,C_scene,unseen_distractor_hues,29,-0.39554542,0.0,0.0,1.0,14.042218
2,C_scene,unseen_distractor_hues,30,-0.55197287,0.0,0.0,1.0,19.176353
2,C_scene,unseen_distractor_hues,31,-0.39952824,0.0,0.0,0.0,14.642066
2,C_scene,unseen_distractor_hues,32,-0.6805207,0.0,0.0,1.0,6.75306
2,C_scene,unseen_distractor_hues,33,-0.13860051,0.0,0.0,1.0,3.556532
2,C_scene,unseen_distractor_hues,34,-0.360215,0.0,0.0,0.0,11.069983
2,C_scene,unseen_distractor_hues,35,-0.30350822,0.0,0.0,1.0,13.246033
2,C_scene,unseen_distractor_hues,36,-0.17682762,0.0,0.0,1.0,8.135087
2,C_scene,unseen_distractor_hues,37,-0.68485224,0.0,0.0,0.0,24.964699
2,C_scene,unseen_distractor_hues,38,-0.31750542,0.0,0.0,1.0,10.214848
2,C_scene,unseen_distractor_hues,39,-0.41298366,0.0,0.0,1.0,8.597847
2,C_scene,unseen_distractor_hues,40,-0.47121522,0.0,0.0,0.0,20.062601
2,C_scene,unseen_distractor_hues,41,-0.21897809,0.0,0.0,1.0,3.476673
2,C_scene,unseen_distractor_hues,42,-0.33803195,0.0,0.0,1.0,11.255675
2,C_scene,unseen_distractor_hues,43,-0.38888532,0.0,0.0,1.0,16.052193
2,C_scene,unseen_distractor_hues,44,-0.43356383,0.0,0.0,1.0,11.105681
2,C_scene,unseen_distractor_hues,45,-0.29479852,0.0,0.0,0.0,12.73604
2,C_scene,unseen_distractor_hues,46,-0.6170204,0.0,0.0,0.0,11.979484
2,C_scene,unseen_distractor_hues,47,-0.15628955,0.0,0.0,1.0,5.662659
2,C_scene,unseen_distractor_hues,48,-0.42341816,0.0,0.0,1.0,12.977089
2,C_scene,unseen_distractor_hues,49,-0.38282734,0.0,0.0,0.0,14.363473
2,C_scene,unseen_distractor_hues,50,-0.18049693,0.0,0.044444444444444446,1.0,9.3807335
2,C_scene,unseen_distractor_hues,51,-0.51132566,0.0,0.0,1.0,10.995504
2,C_scene,unseen_distractor_hues,52,-0.17831537,0.0,0.0,1.0,6.6476583
2,C_scene,unseen_distractor_hues,53,-0.29505727,0.0,0.0,1.0,5.1586165
2,C_scene,unseen_distractor_hues,54,-0.21221639,0.0,0.0,0.0,8.787712
2,C_scene,unseen_distractor_hues,55,-0.39627716,0.0,0.0,0.0,10.323201
2,C_scene,unseen_distractor_hues,56,-0.07200711,0.0,0.1111111111111111,1.0,7.8470435
2,C_scene,unseen_distractor_hues,57,-0.5850233,0.0,0.0,0.0,11.042897
2,C_scene,unseen_distractor_hues,58,-0.40387955,0.0,0.0,0.0,14.304342
2,C_scene,unseen_distractor_hues,59,-0.6377983,0.0,0.0,0.0,24.744274
2,C_scene,unseen_distractor_hues,60,-0.3456006,0.0,0.0,1.0,2.23157
2,C_scene,unseen_distractor_hues,61,-0.30375063,0.0,0.0,0.0,8.948492
2,C_scene,unseen_distractor_hues,62,-0.38191286,0.0,0.0,1.0,11.86352
2,C_scene,unseen_distractor_hues,63,-0.28632835,0.0,0.0,1.0,13.26404
2,C_scene,unseen_distractor_hues,64,-0.791956,0.0,0.0,0.0,25.995325
2,C_scene,unseen_distractor_hues,65,0.013998213,0.0,0.0,1.0,2.1800113
2,C_scene,unseen_distractor_hues,66,0.08894674,0.0,0.26666666666666666,1.0,2.9612346
2,C_scene,unseen_distractor_hues,67,-0.32488343,0.0,0.0,1.0,11.202003
2,C_scene,unseen_distractor_hues,68,-0.78180176,0.0,0.0,0.0,10.75367
2,C_scene,unseen_distractor_hues,69,-0.27088183,0.0,0.0,1.0,5.2379994
2,C_scene,unseen_distractor_hues,70,-0.103890546,0.0,0.0,1.0,2.8475738
2,C_scene,unseen_distractor_hues,71,-0.652626,0.0,0.0,0.0,20.996616
2,C_scene,unseen_distractor_hues,72,-0.022367163,0.0,0.13333333333333333,1.0,4.0204434
2,C_scene,unseen_distractor_hues,73,-0.41199815,0.0,0.0,1.0,11.36489
2,C_scene,unseen_distractor_hues,74,-0.7555637,0.0,0.0,0.0,23.895588
2,C_scene,unseen_distractor_hues,75,-0.3673232,0.0,0.0,1.0,10.800668
2,C_scene,unseen_distractor_hues,76,-0.22416626,0.0,0.0,1.0,7.3361764
2,C_scene,unseen_distractor_hues,77,-0.51393944,0.0,0.0,0.0,10.128854
2,C_scene,unseen_distractor_hues,78,-0.599433,0.0,0.0,1.0,18.201008
2,C_scene,unseen_distractor_hues,79,-0.2835116,0.0,0.0,1.0,9.431144
2,C_scene,unseen_distractor_hues,80,-0.5971065,0.0,0.0,0.0,14.031708
2,C_scene,unseen_distractor_hues,81,-0.46320605,0.0,0.0,1.0,12.265726
2,C_scene,unseen_distractor_hues,82,-0.3086473,0.0,0.0,1.0,7.356665
2,C_scene,unseen_distractor_hues,83,-0.9134712,0.0,0.0,0.0,27.905298
2,C_scene,unseen_distractor_hues,84,-0.51957524,0.0,0.0,0.0,18.773016
2,C_scene,unseen_distractor_hues,85,-0.5959705,0.0,0.0,1.0,16.46665
2,C_scene,unseen_distractor_hues,86,-0.3014638,0.0,0.0,0.0,6.198889
2,C_scene,unseen_distractor_hues,87,-0.26072124,0.0,0.0,1.0,10.387508
2,C_scene,unseen_distractor_hues,88,-0.25677815,0.0,0.0,1.0,6.101393
2,C_scene,unseen_distractor_hues,89,-0.2271374,0.0,0.0,0.0,8.473171
2,C_scene,unseen_distractor_hues,90,-0.6181832,0.0,0.0,0.0,16.592026
2,C_scene,unseen_distractor_hues,91,-0.7578583,0.0,0.0,0.0,22.990652
2,C_scene,unseen_distractor_hues,92,-0.34811607,0.0,0.0,1.0,9.446996
2,C_scene,unseen_distractor_hues,93,-0.38253856,0.0,0.0,1.0,5.3670926
2,C_scene,unseen_distractor_hues,94,-0.46756133,0.0,0.0,1.0,14.998876
2,C_scene,unseen_distractor_hues,95,-0.61511296,0.0,0.0,0.0,17.810251
2,C_scene,unseen_distractor_hues,96,-0.6034118,0.0,0.0,0.0,16.011599
2,C_scene,unseen_distractor_hues,97,-0.31439403,0.0,0.0,1.0,9.150413
2,C_scene,unseen_distractor_hues,98,-0.2160026,0.0,0.0,1.0,8.326639
2,C_scene,unseen_distractor_hues,99,-0.44142705,0.0,0.0,1.0,9.163466
2,C_scene,heavy_pixel_noise,0,-0.34468612,0.0,0.0,0.0,12.229006
2,C_scene,heavy_pixel_noise,1,-0.27240187,0.0,0.0,1.0,5.7169614
2,C_scene,heavy_pixel_noise,2,-0.5838366,0.0,0.0,0.0,19.40696
2,C_scene,heavy_pixel_noise,3,-0.28687736,0.0,0.0,1.0,4.685972
2,C_scene,heavy_pixel_noise,4,-0.34082365,0.0,0.0,0.0,11.475278
2,C_scene,heavy_pixel_noise,5,-0.70450103,0.0,0.0,0.0,26.129183
2,C_scene,heavy_pixel_noise,6,-0.26323733,0.0,0.0,1.0,8.202242
2,C_scene,heavy_pixel_noise,7,-0.5266072,0.0,0.0,0.0,15.853882
2,C_scene,heavy_pixel_noise,8,-0.21308492,0.0,0.0,1.0,2.8033197
2,C_scene,heavy_pixel_noise,9,-0.43160218,0.0,0.0,1.0,12.898172
2,C_scene,heavy_pixel_noise,10,-0.51530075,0.0,0.0,0.0,14.661643
2,C_scene,heavy_pixel_noise,11,-0.6677438,0.0,0.0,0.0,18.845638
2,C_scene,heavy_pixel_noise,12,-0.5501802,0.0,0.0,0.0,25.3939
2,C_scene,heavy_pixel_noise,13,-0.7916802,0.0,0.0,0.0,24.989296
2,C_scene,heavy_pixel_noise,14,-0.3546259,0.0,0.0,0.0,14.035888
2,C_scene,heavy_pixel_noise,15,-0.7469168,0.0,0.0,1.0,20.33754
2,C_scene,heavy_pixel_noise,16,-0.18226744,0.0,0.0,1.0,8.358833
2,C_scene,heavy_pixel_noise,17,-0.1380072,0.0,0.0,1.0,6.9150157
2,C_scene,heavy_pixel_noise,18,-0.43890414,0.0,0.0,0.0,12.714247
2,C_scene,heavy_pixel_noise,19,-0.7722539,0.0,0.0,0.0,23.851774
2,C_scene,heavy_pixel_noise,20,-0.30789945,0.0,0.0,0.0,13.091283
2,C_scene,heavy_pixel_noise,21,-0.12505895,0.0,0.0,1.0,2.4839613
2,C_scene,heavy_pixel_noise,22,-0.15727948,0.0,0.0,1.0,5.9430118
2,C_scene,heavy_pixel_noise,23,-0.08266147,0.0,0.13333333333333333,1.0,6.7905784
2,C_scene,heavy_pixel_noise,24,-0.3784821,0.0,0.0,1.0,10.547951
2,C_scene,heavy_pixel_noise,25,-0.5919302,0.0,0.0,0.0,23.769217
2,C_scene,heavy_pixel_noise,26,-0.052783668,0.0,0.0,1.0,6.963918
2,C_scene,heavy_pixel_noise,27,-0.12523416,0.0,0.0,1.0,4.4615116
2,C_scene,heavy_pixel_noise,28,-0.07012658,0.0,0.0,1.0,2.943306
2,C_scene,heavy_pixel_noise,29,-0.31071642,0.0,0.0,1.0,9.540682
2,C_scene,heavy_pixel_noise,30,-0.6040867,0.0,0.0,1.0,21.354687
2,C_scene,heavy_pixel_noise,31,-0.36256328,0.0,0.0,0.0,12.836253
2,C_scene,heavy_pixel_noise,32,-0.65661114,0.0,0.0,1.0,8.906034
2,C_scene,heavy_pixel_noise,33,-0.22061439,0.0,0.0,1.0,3.4005997
2,C_scene,heavy_pixel_noise,34,-0.45738232,0.0,0.0,0.0,15.626104
2,C_scene,heavy_pixel_noise,35,-0.26871493,0.0,0.0,1.0,9.746713
2,C_scene,heavy_pixel_noise,36,-0.29310313,0.0,0.0,1.0,12.2426195
2,C_scene,heavy_pixel_noise,37,-0.57763505,0.0,0.0,0.0,19.759779
2,C_scene,heavy_pixel_noise,38,-0.27142397,0.0,0.0,1.0,7.0305767
2,C_scene,heavy_pixel_noise,39,-0.48551187,0.0,0.0,0.0,8.2642565
2,C_scene,heavy_pixel_noise,40,-0.4483769,0.0,0.0,0.0,18.148762
2,C_scene,heavy_pixel_noise,41,-0.17082402,0.0,0.0,1.0,2.7680337
2,C_scene,heavy_pixel_noise,42,-0.37197983,0.0,0.0,1.0,12.5873
2,C_scene,heavy_pixel_noise,43,-0.36571735,0.0,0.0,1.0,15.3302555
2,C_scene,heavy_pixel_noise,44,-0.44022095,0.0,0.0,0.0,12.015652
2,C_scene,heavy_pixel_noise,45,-0.4583683,0.0,0.0,1.0,12.9829645
2,C_scene,heavy_pixel_noise,46,-0.6703888,0.0,0.0,0.0,14.766441
2,C_scene,heavy_pixel_noise,47,-0.20599085,0.0,0.0,1.0,7.7127004
2,C_scene,heavy_pixel_noise,48,-0.407812,0.0,0.0,1.0,11.216868
2,C_scene,heavy_pixel_noise,49,-0.3428951,0.0,0.0,1.0,10.905692
2,C_scene,heavy_pixel_noise,50,-0.17778689,0.0,0.0,1.0,9.738808
2,C_scene,heavy_pixel_noise,51,-0.59885585,0.0,0.0,1.0,20.202543
2,C_scene,heavy_pixel_noise,52,-0.18981382,0.0,0.0,1.0,6.2719073
2,C_scene,heavy_pixel_noise,53,-0.42291147,0.0,0.0,1.0,11.902568
2,C_scene,heavy_pixel_noise,54,-0.08828932,0.0,0.0,1.0,4.12768
2,C_scene,heavy_pixel_noise,55,-0.42037442,0.0,0.0,0.0,10.026336
2,C_scene,heavy_pixel_noise,56,0.11312224,0.0,0.3111111111111111,1.0,4.6948
2,C_scene,heavy_pixel_noise,57,-0.72228265,0.0,0.0,0.0,23.384958
2,C_scene,heavy_pixel_noise,58,-0.3795637,0.0,0.0,0.0,13.201058
2,C_scene,heavy_pixel_noise,59,-0.5557707,0.0,0.0,0.0,22.114601
2,C_scene,heavy_pixel_noise,60,-0.70032656,0.0,0.0,0.0,23.14081
2,C_scene,heavy_pixel_noise,61,-0.26120618,0.0,0.0,1.0,6.56012
2,C_scene,heavy_pixel_noise,62,-0.46287668,0.0,0.0,1.0,14.977291
2,C_scene,heavy_pixel_noise,63,-0.24578962,0.0,0.0,0.0,9.460625
2,C_scene,heavy_pixel_noise,64,-0.57924634,0.0,0.0,0.0,13.304852
2,C_scene,heavy_pixel_noise,65,-0.065727085,0.0,0.0,1.0,2.6528003
2,C_scene,heavy_pixel_noise,66,-0.10225379,0.0,0.0,1.0,5.8234944
2,C_scene,heavy_pixel_noise,67,-0.43707073,0.0,0.0,1.0,17.168251
2,C_scene,heavy_pixel_noise,68,-0.74945575,0.0,0.0,0.0,17.485676
2,C_scene,heavy_pixel_noise,69,-0.25658354,0.0,0.0,1.0,3.8284173
2,C_scene,heavy_pixel_noise,70,-0.18380386,0.0,0.0,1.0,5.820404
2,C_scene,heavy_pixel_noise,71,-0.56044877,0.0,0.0,1.0,18.527758
2,C_scene,heavy_pixel_noise,72,-0.010973779,0.0,0.0,1.0,5.217409
2,C_scene,heavy_pixel_noise,73,-0.32196152,0.0,0.0,1.0,10.157712
2,C_scene,heavy_pixel_noise,74,-0.6966603,0.0,0.0,0.0,18.080921
2,C_scene,heavy_pixel_noise,75,-0.53748834,0.0,0.0,1.0,19.412153
2,C_scene,heavy_pixel_noise,76,-0.17305902,0.0,0.0,1.0,6.5025287
2,C_scene,heavy_pixel_noise,77,-0.7125186,0.0,0.0,0.0,24.855667
2,C_scene,heavy_pixel_noise,78,-0.5220851,0.0,0.0,1.0,16.91754
2,C_scene,heavy_pixel_noise,79,-0.28172562,0.0,0.0,1.0,5.1124225
2,C_scene,heavy_pixel_noise,80,-0.65286934,0.0,0.0,0.0,16.084972
2,C_scene,heavy_pixel_noise,81,-0.55183583,0.0,0.0,0.0,18.188936
2,C_scene,heavy_pixel_noise,82,-0.29909393,0.0,0.0,1.0,7.0107913
2,C_scene,heavy_pixel_noise,83,-0.666013,0.0,0.0,1.0,15.571918
2,C_scene,heavy_pixel_noise,84,-0.30155283,0.0,0.0,1.0,3.011494
2,C_scene,heavy_pixel_noise,85,-0.6193802,0.0,0.0,0.0,17.315166
2,C_scene,heavy_pixel_noise,86,-0.32614103,0.0,0.0,1.0,4.5535784
2,C_scene,heavy_pixel_noise,87,-0.19516338,0.0,0.0,1.0,7.3456244
2,C_scene,heavy_pixel_noise,88,-0.2775013,0.0,0.0,1.0,8.720758
2,C_scene,heavy_pixel_noise,89,-0.27934858,0.0,0.0,0.0,12.161637
2,C_scene,heavy_pixel_noise,90,-0.62873787,0.0,0.0,0.0,19.633696
2,C_scene,heavy_pixel_noise,91,-0.7341485,0.0,0.0,0.0,21.084324
2,C_scene,heavy_pixel_noise,92,-0.28980073,0.0,0.0,1.0,4.878242
2,C_scene,heavy_pixel_noise,93,-0.38557503,0.0,0.0,1.0,6.0470147
2,C_scene,heavy_pixel_noise,94,-0.5267566,0.0,0.0,0.0,23.804642
2,C_scene,heavy_pixel_noise,95,-0.5652894,0.0,0.0,0.0,17.897663
2,C_scene,heavy_pixel_noise,96,-0.49573505,0.0,0.0,0.0,13.890303
2,C_scene,heavy_pixel_noise,97,-0.34447247,0.0,0.0,1.0,9.769758
2,C_scene,heavy_pixel_noise,98,-0.22940429,0.0,0.0,1.0,7.4240637
2,C_scene,heavy_pixel_noise,99,-0.50864106,0.0,0.0,0.0,15.010904
2,D_latent,in_distribution,0,-0.17787626,0.0,0.0,1.0,3.0239177
2,D_latent,in_distribution,1,-0.28339145,0.0,0.0,1.0,4.724982
2,D_latent,in_distribution,2,-0.32429165,0.0,0.0,1.0,3.5514603
2,D_latent,in_distribution,3,-0.04900985,1.0,0.2222222222222222,1.0,0.7813427
2,D_latent,in_distribution,4,0.19785234,1.0,0.5777777777777777,1.0,0.59021026
2,D_latent,in_distribution,5,-0.44813457,0.0,0.0,1.0,10.485252
2,D_latent,in_distribution,6,-0.03697329,1.0,0.26666666666666666,1.0,0.4041412
2,D_latent,in_distribution,7,-0.14386335,0.0,0.044444444444444446,1.0,1.6607611
2,D_latent,in_distribution,8,-0.24576963,0.0,0.0,1.0,3.0499125
2,D_latent,in_distribution,9,-0.23317634,0.0,0.0,1.0,2.974431
2,D_latent,in_distribution,10,-0.06583604,1.0,0.3111111111111111,1.0,0.92571115
2,D_latent,in_distribution,11,-0.6321277,0.0,0.0,0.0,17.623077
2,D_latent,in_distribution,12,-0.23626076,0.0,0.0,1.0,10.086022
2,D_latent,in_distribution,13,-0.39127147,0.0,0.0,1.0,4.3211284
2,D_latent,in_distribution,14,-0.28919712,0.0,0.0,1.0,6.2862334
2,D_latent,in_distribution,15,-0.45797622,0.0,0.0,0.0,11.4643345
2,D_latent,in_distribution,16,-0.16857016,0.0,0.0,1.0,5.3636994
2,D_latent,in_distribution,17,-0.04234808,0.0,0.0,1.0,2.931875
2,D_latent,in_distribution,18,-0.29314756,0.0,0.0,1.0,4.7195926
2,D_latent,in_distribution,19,-0.27808574,0.0,0.0,1.0,2.2718294
2,D_latent,in_distribution,20,-0.2772455,0.0,0.0,1.0,9.282752
2,D_latent,in_distribution,21,0.039809305,1.0,0.15555555555555556,1.0,1.1398927
2,D_latent,in_distribution,22,-0.09451168,0.0,0.0,1.0,3.5812566
2,D_latent,in_distribution,23,0.118939534,0.0,0.28888888888888886,1.0,3.443335
2,D_latent,in_distribution,24,-0.35184687,0.0,0.0,1.0,11.613254
2,D_latent,in_distribution,25,-0.3168696,0.0,0.0,0.0,9.578313
2,D_latent,in_distribution,26,-0.110413544,0.0,0.0,1.0,4.0289116
2,D_latent,in_distribution,27,0.04554362,0.0,0.0,1.0,2.208693
2,D_latent,in_distribution,28,-0.0674457,0.0,0.0,1.0,4.235856
2,D_latent,in_distribution,29,-0.32009295,0.0,0.0,1.0,8.812239
2,D_latent,in_distribution,30,-0.41571084,0.0,0.0,1.0,13.288395
2,D_latent,in_distribution,31,-0.29535264,0.0,0.0,0.0,6.9243317
2,D_latent,in_distribution,32,-0.40576014,0.0,0.0,1.0,6.532772
2,D_latent,in_distribution,33,-0.25615972,0.0,0.0,1.0,10.0378
2,D_latent,in_distribution,34,-0.23089263,0.0,0.0,1.0,4.431839
2,D_latent,in_distribution,35,-0.26848102,0.0,0.0,1.0,8.136502
2,D_latent,in_distribution,36,-0.15426788,0.0,0.0,1.0,3.626605
2,D_latent,in_distribution,37,-0.26224884,1.0,0.022222222222222223,1.0,1.508885
2,D_latent,in_distribution,38,-0.23543292,0.0,0.0,1.0,4.4943566
2,D_latent,in_distribution,39,-0.30606478,0.0,0.0,1.0,6.7214527
2,D_latent,in_distribution,40,-0.2815981,0.0,0.0,1.0,5.507216
2,D_latent,in_distribution,41,-0.111513816,0.0,0.0,1.0,2.6294756
2,D_latent,in_distribution,42,-0.21313949,0.0,0.0,1.0,7.0381784
2,D_latent,in_distribution,43,-0.28223908,0.0,0.0,1.0,8.280265
2,D_latent,in_distribution,44,-0.101877786,0.0,0.0,1.0,2.2745683
2,D_latent,in_distribution,45,-0.27578548,0.0,0.0,1.0,6.169923
2,D_latent,in_distribution,46,-0.2862004,0.0,0.0,1.0,2.9149158
2,D_latent,in_distribution,47,-0.14843045,0.0,0.0,1.0,6.179608
2,D_latent,in_distribution,48,-0.21552707,0.0,0.0,1.0,2.147022
2,D_latent,in_distribution,49,-0.31953427,0.0,0.0,0.0,10.334702
2,D_latent,in_distribution,50,-0.022626989,0.0,0.17777777777777778,1.0,2.6681395
2,D_latent,in_distribution,51,-0.27568915,0.0,0.0,1.0,2.649979
2,D_latent,in_distribution,52,-0.09710625,0.0,0.0,1.0,2.5924747
2,D_latent,in_distribution,53,-0.26861337,0.0,0.0,1.0,6.421376
2,D_latent,in_distribution,54,-0.12624116,0.0,0.0,1.0,4.719594
2,D_latent,in_distribution,55,-0.09459555,1.0,0.24444444444444444,1.0,0.6007957
2,D_latent,in_distribution,56,0.011304329,0.0,0.2,1.0,4.694382
2,D_latent,in_distribution,57,-0.581169,0.0,0.0,1.0,16.438757
2,D_latent,in_distribution,58,-0.19940974,0.0,0.0,1.0,3.117087
2,D_latent,in_distribution,59,-0.4790783,0.0,0.0,1.0,17.379496
2,D_latent,in_distribution,60,-0.3674305,0.0,0.0,1.0,7.31203
2,D_latent,in_distribution,61,-0.34525576,0.0,0.0,0.0,12.93134
2,D_latent,in_distribution,62,-0.38772482,0.0,0.0,1.0,10.406525
2,D_latent,in_distribution,63,-0.3509621,0.0,0.0,0.0,15.099299
2,D_latent,in_distribution,64,-0.30003735,0.0,0.0,1.0,5.728656
2,D_latent,in_distribution,65,-0.064067215,0.0,0.0,1.0,2.9647148
2,D_latent,in_distribution,66,0.14630197,0.0,0.2,1.0,1.8897024
2,D_latent,in_distribution,67,-0.15012942,0.0,0.0,1.0,3.2818196
2,D_latent,in_distribution,68,-0.31535563,0.0,0.0,1.0,2.0549228
2,D_latent,in_distribution,69,-0.10297519,0.0,0.0,1.0,1.9777037
2,D_latent,in_distribution,70,-0.02279978,0.0,0.0,1.0,2.4041874
2,D_latent,in_distribution,71,-0.29846856,0.0,0.0,1.0,5.0437255
2,D_latent,in_distribution,72,0.07817005,0.0,0.13333333333333333,1.0,2.3064163
2,D_latent,in_distribution,73,-0.33801597,0.0,0.0,1.0,11.628068
2,D_latent,in_distribution,74,-0.32634094,0.0,0.0,1.0,8.183127
2,D_latent,in_distribution,75,-0.4203776,0.0,0.0,1.0,13.294712
2,D_latent,in_distribution,76,-0.23547775,0.0,0.0,1.0,8.374228
2,D_latent,in_distribution,77,-0.45841506,0.0,0.0,0.0,12.21199
2,D_latent,in_distribution,78,-0.20862816,0.0,0.0,1.0,5.4402914
2,D_latent,in_distribution,79,-0.096761435,0.0,0.0,1.0,3.7313201
2,D_latent,in_distribution,80,-0.33992153,0.0,0.0,1.0,4.9861116
2,D_latent,in_distribution,81,-0.3483878,0.0,0.0,1.0,10.05784
2,D_latent,in_distribution,82,-0.3962797,0.0,0.0,1.0,11.229953
2,D_latent,in_distribution,83,-0.15013322,1.0,0.3111111111111111,1.0,0.892779
2,D_latent,in_distribution,84,-0.45970106,0.0,0.0,0.0,17.00192
2,D_latent,in_distribution,85,-0.2781038,0.0,0.0,1.0,2.8427544
2,D_latent,in_distribution,86,-0.27959564,0.0,0.0,1.0,5.928522
2,D_latent,in_distribution,87,-0.19915923,0.0,0.0,1.0,6.0241346
2,D_latent,in_distribution,88,-0.20748177,0.0,0.0,1.0,8.1348915
2,D_latent,in_distribution,89,-0.28722718,0.0,0.0,1.0,10.025991
2,D_latent,in_distribution,90,-0.33166835,0.0,0.0,1.0,6.7997727
2,D_latent,in_distribution,91,-0.6362322,0.0,0.0,1.0,16.543749
2,D_latent,in_distribution,92,-0.2122634,0.0,0.0,1.0,5.74325
2,D_latent,in_distribution,93,-0.33440197,0.0,0.0,1.0,4.02773
2,D_latent,in_distribution,94,-0.20622252,0.0,0.0,1.0,8.3806305
2,D_latent,in_distribution,95,-0.18915354,0.0,0.0,1.0,1.842115
2,D_latent,in_distribution,96,-0.31681657,0.0,0.0,1.0,7.756785
2,D_latent,in_distribution,97,-0.19906089,0.0,0.0,1.0,3.854506
2,D_latent,in_distribution,98,-0.15305525,0.0,0.0,1.0,4.1338096
2,D_latent,in_distribution,99,-0.21648648,0.0,0.0,1.0,2.3013468
2,D_latent,4_distractors,0,-0.18779086,0.0,0.0,1.0,3.463563
2,D_latent,4_distractors,1,-0.18725576,0.0,0.0,1.0,1.8385187
2,D_latent,4_distractors,2,-0.32355976,0.0,0.0,1.0,3.2753065
2,D_latent,4_distractors,3,-0.24988206,0.0,0.0,1.0,4.5653257
2,D_latent,4_distractors,4,0.13977519,1.0,0.4666666666666667,1.0,0.4181848
2,D_latent,4_distractors,5,-0.36213315,0.0,0.0,1.0,7.717537
2,D_latent,4_distractors,6,-0.0249224,1.0,0.28888888888888886,1.0,0.48574886
2,D_latent,4_distractors,7,-0.14472605,0.0,0.08888888888888889,1.0,1.7114286
2,D_latent,4_distractors,8,-0.23855068,0.0,0.0,1.0,2.370682
2,D_latent,4_distractors,9,-0.3505633,0.0,0.0,1.0,7.4752674
2,D_latent,4_distractors,10,-0.1074096,1.0,0.2222222222222222,1.0,0.6543186
2,D_latent,4_distractors,11,-0.6187063,0.0,0.0,0.0,16.143381
2,D_latent,4_distractors,12,-0.24517094,0.0,0.0,0.0,10.706455
2,D_latent,4_distractors,13,-0.39223984,0.0,0.0,1.0,4.3921876
2,D_latent,4_distractors,14,-0.28951,0.0,0.0,1.0,6.2013946
2,D_latent,4_distractors,15,-0.4633504,0.0,0.0,0.0,11.968435
2,D_latent,4_distractors,16,-0.18547073,0.0,0.0,1.0,5.778487
2,D_latent,4_distractors,17,-0.018256763,0.0,0.0,1.0,2.4301353
2,D_latent,4_distractors,18,-0.29836765,0.0,0.0,1.0,5.508407
2,D_latent,4_distractors,19,-0.25502694,0.0,0.0,1.0,1.7543263
2,D_latent,4_distractors,20,-0.25882322,0.0,0.0,1.0,8.340657
2,D_latent,4_distractors,21,0.052782763,1.0,0.2,1.0,1.0071304
2,D_latent,4_distractors,22,-0.073683955,0.0,0.0,1.0,3.3244517
2,D_latent,4_distractors,23,0.09191618,0.0,0.26666666666666666,1.0,4.075792
2,D_latent,4_distractors,24,-0.33706483,0.0,0.0,1.0,10.314974
2,D_latent,4_distractors,25,-0.39206678,0.0,0.0,0.0,12.958487
2,D_latent,4_distractors,26,-0.13286144,0.0,0.0,1.0,4.5419283
2,D_latent,4_distractors,27,0.07469643,0.0,0.0,1.0,2.3062277
2,D_latent,4_distractors,28,-0.04715574,0.0,0.0,1.0,3.7948036
2,D_latent,4_distractors,29,-0.31974787,0.0,0.0,1.0,8.631932
2,D_latent,4_distractors,30,-0.3955511,0.0,0.0,1.0,12.451254
2,D_latent,4_distractors,31,-0.29592964,0.0,0.0,0.0,6.9041395
2,D_latent,4_distractors,32,-0.40574554,0.0,0.0,1.0,6.096994
2,D_latent,4_distractors,33,-0.21267164,0.0,0.0,1.0,6.704417
2,D_latent,4_distractors,34,-0.21444395,0.0,0.0,1.0,3.3163948
2,D_latent,4_distractors,35,-0.27075434,0.0,0.0,1.0,8.293306
2,D_latent,4_distractors,36,-0.1219837,0.0,0.0,1.0,3.0487194
2,D_latent,4_distractors,37,-0.26040933,0.0,0.0,1.0,1.5770186
2,D_latent,4_distractors,38,-0.24062037,0.0,0.0,1.0,4.9190316
2,D_latent,4_distractors,39,-0.32097664,0.0,0.0,1.0,7.8989363
2,D_latent,4_distractors,40,-0.28280658,0.0,0.0,1.0,5.7633953
2,D_latent,4_distractors,41,-0.14285299,0.0,0.0,1.0,3.6432998
2,D_latent,4_distractors,42,-0.21763279,0.0,0.0,1.0,7.3330836
2,D_latent,4_distractors,43,-0.2736774,0.0,0.0,1.0,7.5629897
2,D_latent,4_distractors,44,-0.029457059,0.0,0.15555555555555556,1.0,1.7006398
2,D_latent,4_distractors,45,-0.27634636,0.0,0.0,1.0,6.230697
2,D_latent,4_distractors,46,-0.28260005,0.0,0.0,1.0,3.1113808
2,D_latent,4_distractors,47,-0.15657017,0.0,0.0,1.0,6.3995867
2,D_latent,4_distractors,48,-0.28772593,0.0,0.0,1.0,4.0993996
2,D_latent,4_distractors,49,-0.30663463,0.0,0.0,0.0,10.089351
2,D_latent,4_distractors,50,0.0054838816,0.0,0.24444444444444444,1.0,2.299656
2,D_latent,4_distractors,51,-0.34893024,0.0,0.0,1.0,4.1311846
2,D_latent,4_distractors,52,-0.11952167,0.0,0.0,1.0,3.4801097
2,D_latent,4_distractors,53,-0.26896045,0.0,0.0,1.0,6.386664
2,D_latent,4_distractors,54,-0.12373482,0.0,0.0,1.0,4.5274196
2,D_latent,4_distractors,55,-0.18805249,1.0,0.06666666666666667,1.0,1.2421589
2,D_latent,4_distractors,56,-0.025130166,0.0,0.13333333333333333,1.0,4.8527074
2,D_latent,4_distractors,57,-0.40609378,0.0,0.0,1.0,5.4573684
2,D_latent,4_distractors,58,-0.09786225,0.0,0.0,1.0,3.3261712
2,D_latent,4_distractors,59,-0.4815993,0.0,0.0,1.0,17.330334
2,D_latent,4_distractors,60,-0.38313505,0.0,0.0,1.0,7.4390693
2,D_latent,4_distractors,61,-0.34241676,0.0,0.0,0.0,12.716376
2,D_latent,4_distractors,62,-0.40841004,0.0,0.0,1.0,11.212247
2,D_latent,4_distractors,63,-0.3564889,0.0,0.0,0.0,15.072334
2,D_latent,4_distractors,64,-0.30556187,0.0,0.0,1.0,5.9029837
2,D_latent,4_distractors,65,-0.07119275,0.0,0.0,1.0,3.1098475
2,D_latent,4_distractors,66,0.10133312,0.0,0.2222222222222222,1.0,2.9637764
2,D_latent,4_distractors,67,-0.15192163,0.0,0.0,1.0,3.4433966
2,D_latent,4_distractors,68,-0.26921448,0.0,0.0,1.0,1.6778978
2,D_latent,4_distractors,69,-0.14707226,0.0,0.0,1.0,3.0900965
2,D_latent,4_distractors,70,-0.06382765,0.0,0.0,1.0,2.346984
2,D_latent,4_distractors,71,-0.31040415,0.0,0.0,1.0,4.405667
2,D_latent,4_distractors,72,0.11311943,0.0,0.15555555555555556,1.0,2.2204409
2,D_latent,4_distractors,73,-0.33180833,0.0,0.0,1.0,11.209309
2,D_latent,4_distractors,74,-0.30538744,0.0,0.0,1.0,6.757015
2,D_latent,4_distractors,75,-0.4211723,0.0,0.0,1.0,13.548171
2,D_latent,4_distractors,76,-0.24969879,0.0,0.0,1.0,9.5444975
2,D_latent,4_distractors,77,-0.4222916,0.0,0.0,0.0,9.817641
2,D_latent,4_distractors,78,-0.22829373,0.0,0.0,0.0,8.413762
2,D_latent,4_distractors,79,0.042243622,0.0,0.2,1.0,2.9740179
2,D_latent,4_distractors,80,-0.32994998,0.0,0.0,1.0,4.71488
2,D_latent,4_distractors,81,-0.3577117,0.0,0.0,1.0,10.968581
2,D_latent,4_distractors,82,-0.4146557,0.0,0.0,1.0,11.91619
2,D_latent,4_distractors,83,-0.15443914,1.0,0.3111111111111111,1.0,1.0864978
2,D_latent,4_distractors,84,-0.46110484,0.0,0.0,0.0,17.046907
2,D_latent,4_distractors,85,-0.3435421,0.0,0.0,1.0,5.7754416
2,D_latent,4_distractors,86,-0.26182026,0.0,0.0,1.0,6.034756
2,D_latent,4_distractors,87,-0.19625647,0.0,0.0,1.0,5.5997324
2,D_latent,4_distractors,88,-0.2344029,0.0,0.0,1.0,8.614744
2,D_latent,4_distractors,89,-0.27858168,0.0,0.0,1.0,9.35719
2,D_latent,4_distractors,90,-0.3291968,0.0,0.0,1.0,6.371039
2,D_latent,4_distractors,91,-0.59190834,0.0,0.0,1.0,14.185659
2,D_latent,4_distractors,92,-0.28438926,0.0,0.0,1.0,8.327828
2,D_latent,4_distractors,93,-0.3699186,0.0,0.0,1.0,5.617248
2,D_latent,4_distractors,94,-0.19332509,0.0,0.0,1.0,7.23643
2,D_latent,4_distractors,95,-0.29754034,0.0,0.0,1.0,3.4470892
2,D_latent,4_distractors,96,-0.32569322,0.0,0.0,1.0,6.649072
2,D_latent,4_distractors,97,-0.20190941,0.0,0.0,1.0,3.4766614
2,D_latent,4_distractors,98,-0.10464603,0.0,0.0,1.0,3.2902277
2,D_latent,4_distractors,99,-0.31746155,0.0,0.0,1.0,3.753829
2,D_latent,fast_distractors,0,-0.17891638,0.0,0.0,1.0,3.1613653
2,D_latent,fast_distractors,1,-0.27775496,0.0,0.0,1.0,4.3542113
2,D_latent,fast_distractors,2,-0.32643747,0.0,0.0,1.0,3.45367
2,D_latent,fast_distractors,3,0.020835752,1.0,0.35555555555555557,1.0,0.32760397
2,D_latent,fast_distractors,4,0.16375516,1.0,0.5777777777777777,1.0,0.38468385
2,D_latent,fast_distractors,5,-0.43936893,0.0,0.0,1.0,8.150511
2,D_latent,fast_distractors,6,0.012022212,0.0,0.35555555555555557,1.0,1.5597024
2,D_latent,fast_distractors,7,-0.16182598,1.0,0.17777777777777778,1.0,1.4538109
2,D_latent,fast_distractors,8,-0.23451087,0.0,0.0,1.0,2.6322794
2,D_latent,fast_distractors,9,-0.2509286,0.0,0.0,1.0,3.9408355
2,D_latent,fast_distractors,10,-0.06641171,1.0,0.3111111111111111,1.0,0.93504494
2,D_latent,fast_distractors,11,-0.6253943,0.0,0.0,0.0,17.22212
2,D_latent,fast_distractors,12,-0.24060225,0.0,0.0,0.0,10.628298
2,D_latent,fast_distractors,13,-0.38753837,0.0,0.0,1.0,3.959545
2,D_latent,fast_distractors,14,-0.28841832,0.0,0.0,1.0,6.279789
2,D_latent,fast_distractors,15,-0.43267852,0.0,0.0,0.0,10.02845
2,D_latent,fast_distractors,16,-0.16914617,0.0,0.0,1.0,5.5693808
2,D_latent,fast_distractors,17,-0.021054342,0.0,0.0,1.0,2.7225354
2,D_latent,fast_distractors,18,-0.29832095,0.0,0.0,1.0,5.3074903
2,D_latent,fast_distractors,19,-0.30174094,0.0,0.0,1.0,2.6647832
2,D_latent,fast_distractors,20,-0.25768077,0.0,0.0,1.0,7.7253203
2,D_latent,fast_distractors,21,0.03327559,1.0,0.17777777777777778,1.0,0.87143123
2,D_latent,fast_distractors,22,-0.095719434,0.0,0.0,1.0,3.5143387
2,D_latent,fast_distractors,23,0.08001981,0.0,0.24444444444444444,1.0,3.7956734
2,D_latent,fast_distractors,24,-0.35285395,0.0,0.0,1.0,11.511604
2,D_latent,fast_distractors,25,-0.32896453,0.0,0.0,0.0,9.912891
2,D_latent,fast_distractors,26,-0.11237867,0.0,0.0,1.0,3.916917
2,D_latent,fast_distractors,27,0.06119271,0.0,0.0,1.0,1.965178
2,D_latent,fast_distractors,28,-0.063935146,0.0,0.0,1.0,4.237736
2,D_latent,fast_distractors,29,-0.31725395,0.0,0.0,1.0,8.483871
2,D_latent,fast_distractors,30,-0.39601707,0.0,0.0,1.0,12.516029
2,D_latent,fast_distractors,31,-0.29590043,0.0,0.0,0.0,6.960006
2,D_latent,fast_distractors,32,-0.40799564,0.0,0.0,1.0,6.6537657
2,D_latent,fast_distractors,33,-0.2368134,0.0,0.0,1.0,8.058468
2,D_latent,fast_distractors,34,-0.17834027,0.0,0.0,1.0,3.5705144
2,D_latent,fast_distractors,35,-0.27603135,0.0,0.0,1.0,8.305953
2,D_latent,fast_distractors,36,-0.15540895,0.0,0.0,1.0,3.4304924
2,D_latent,fast_distractors,37,-0.27696788,0.0,0.0,1.0,1.948566
2,D_latent,fast_distractors,38,-0.23188072,0.0,0.0,1.0,4.6255198
2,D_latent,fast_distractors,39,-0.3125938,0.0,0.0,1.0,7.5822725
2,D_latent,fast_distractors,40,-0.28159904,0.0,0.0,1.0,5.5994625
2,D_latent,fast_distractors,41,-0.1622257,0.0,0.0,1.0,4.151659
2,D_latent,fast_distractors,42,-0.2136879,0.0,0.0,1.0,7.245439
2,D_latent,fast_distractors,43,-0.28340834,0.0,0.0,1.0,8.430818
2,D_latent,fast_distractors,44,-0.07374635,0.0,0.0,1.0,1.8585268
2,D_latent,fast_distractors,45,-0.2726261,0.0,0.0,1.0,5.944175
2,D_latent,fast_distractors,46,-0.31287178,0.0,0.0,1.0,4.346773
2,D_latent,fast_distractors,47,-0.14671458,0.0,0.0,1.0,5.843161
2,D_latent,fast_distractors,48,-0.20927681,0.0,0.0,1.0,2.027335
2,D_latent,fast_distractors,49,-0.3204553,0.0,0.0,0.0,10.383913
2,D_latent,fast_distractors,50,-0.023130368,0.0,0.17777777777777778,1.0,2.8426106
2,D_latent,fast_distractors,51,-0.32918185,0.0,0.0,1.0,2.8887565
2,D_latent,fast_distractors,52,-0.08222368,0.0,0.0,1.0,2.2075167
2,D_latent,fast_distractors,53,-0.27216512,0.0,0.0,1.0,6.614173
2,D_latent,fast_distractors,54,-0.1291179,0.0,0.0,1.0,4.6996903
2,D_latent,fast_distractors,55,-0.18066858,1.0,0.1111111111111111,1.0,0.9049604
2,D_latent,fast_distractors,56,0.008804316,0.0,0.2,1.0,5.030326
2,D_latent,fast_distractors,57,-0.47711203,0.0,0.0,1.0,11.3574505
2,D_latent,fast_distractors,58,-0.22601475,0.0,0.0,1.0,4.55946
2,D_latent,fast_distractors,59,-0.4943989,0.0,0.0,1.0,17.81907
2,D_latent,fast_distractors,60,-0.38305977,0.0,0.0,1.0,7.265162
2,D_latent,fast_distractors,61,-0.34386674,0.0,0.0,0.0,12.744166
2,D_latent,fast_distractors,62,-0.38857237,0.0,0.0,1.0,10.455916
2,D_latent,fast_distractors,63,-0.353736,0.0,0.0,0.0,15.321315
2,D_latent,fast_distractors,64,-0.3104739,0.0,0.0,1.0,6.310342
2,D_latent,fast_distractors,65,-0.060631163,0.0,0.0,1.0,2.767726
2,D_latent,fast_distractors,66,0.12150664,0.0,0.17777777777777778,1.0,2.3036468
2,D_latent,fast_distractors,67,-0.14227241,0.0,0.0,1.0,3.2003794
2,D_latent,fast_distractors,68,-0.2610718,1.0,0.044444444444444446,1.0,1.3857358
2,D_latent,fast_distractors,69,-0.06731626,1.0,0.06666666666666667,1.0,1.4432981
2,D_latent,fast_distractors,70,0.011250658,0.0,0.0,1.0,1.852742
2,D_latent,fast_distractors,71,-0.29040194,0.0,0.0,1.0,3.4934897
2,D_latent,fast_distractors,72,0.079147585,0.0,0.13333333333333333,1.0,2.358702
2,D_latent,fast_distractors,73,-0.33531526,0.0,0.0,1.0,11.22977
2,D_latent,fast_distractors,74,-0.3240117,0.0,0.0,1.0,7.9481926
2,D_latent,fast_distractors,75,-0.42063555,0.0,0.0,1.0,13.243716
2,D_latent,fast_distractors,76,-0.25125346,0.0,0.0,1.0,9.505504
2,D_latent,fast_distractors,77,-0.4575525,0.0,0.0,0.0,11.340495
2,D_latent,fast_distractors,78,-0.20493557,0.0,0.0,1.0,5.026941
2,D_latent,fast_distractors,79,-0.10625997,0.0,0.0,1.0,4.1608696
2,D_latent,fast_distractors,80,-0.33759356,0.0,0.0,1.0,5.089717
2,D_latent,fast_distractors,81,-0.34634534,0.0,0.0,1.0,9.879344
2,D_latent,fast_distractors,82,-0.37980187,0.0,0.0,1.0,10.839283
2,D_latent,fast_distractors,83,-0.2625199,0.0,0.0,1.0,1.5897869
2,D_latent,fast_distractors,84,-0.45928404,0.0,0.0,0.0,16.986118
2,D_latent,fast_distractors,85,-0.3224749,0.0,0.0,1.0,4.2263584
2,D_latent,fast_distractors,86,-0.28218663,0.0,0.0,0.0,6.310466
2,D_latent,fast_distractors,87,-0.20202741,0.0,0.0,1.0,6.067313
2,D_latent,fast_distractors,88,-0.21496809,0.0,0.0,1.0,8.685867
2,D_latent,fast_distractors,89,-0.28394946,0.0,0.0,1.0,9.828314
2,D_latent,fast_distractors,90,-0.3510583,0.0,0.0,1.0,8.20236
2,D_latent,fast_distractors,91,-0.63275343,0.0,0.0,1.0,16.372725
2,D_latent,fast_distractors,92,-0.21310166,0.0,0.0,1.0,5.7479033
2,D_latent,fast_distractors,93,-0.33171013,0.0,0.0,1.0,3.8162348
2,D_latent,fast_distractors,94,-0.20543343,0.0,0.0,1.0,8.321081
2,D_latent,fast_distractors,95,-0.1698784,0.0,0.0,1.0,1.9840454
2,D_latent,fast_distractors,96,-0.31762463,0.0,0.0,1.0,7.877122
2,D_latent,fast_distractors,97,-0.20450567,0.0,0.0,1.0,3.6124535
2,D_latent,fast_distractors,98,-0.16158263,0.0,0.0,1.0,4.488996
2,D_latent,fast_distractors,99,-0.21150544,0.0,0.0,1.0,2.1940327
2,D_latent,unseen_distractor_hues,0,-0.17032838,0.0,0.0,1.0,3.0303953
2,D_latent,unseen_distractor_hues,1,-0.19446564,0.0,0.0,1.0,1.9552878
2,D_latent,unseen_distractor_hues,2,-0.3372737,0.0,0.0,1.0,3.6182842
2,D_latent,unseen_distractor_hues,3,0.09210805,1.0,0.4666666666666667,1.0,0.83456534
2,D_latent,unseen_distractor_hues,4,0.23108763,1.0,0.6444444444444445,1.0,0.49647507
2,D_latent,unseen_distractor_hues,5,-0.43879628,0.0,0.0,1.0,9.903302
2,D_latent,unseen_distractor_hues,6,-0.056645542,1.0,0.2222222222222222,1.0,0.22168192
2,D_latent,unseen_distractor_hues,7,-0.14659132,0.0,0.0,1.0,1.6631066
2,D_latent,unseen_distractor_hues,8,-0.2160758,0.0,0.0,1.0,2.5041666
2,D_latent,unseen_distractor_hues,9,-0.28686878,0.0,0.0,1.0,4.4118323
2,D_latent,unseen_distractor_hues,10,-0.116828166,1.0,0.24444444444444444,1.0,1.1985953
2,D_latent,unseen_distractor_hues,11,-0.6234545,0.0,0.0,0.0,16.923847
2,D_latent,unseen_distractor_hues,12,-0.25435087,0.0,0.0,0.0,11.042653
2,D_latent,unseen_distractor_hues,13,-0.40927604,0.0,0.0,1.0,5.8054256
2,D_latent,unseen_distractor_hues,14,-0.28976342,0.0,0.0,1.0,6.4363627
2,D_latent,unseen_distractor_hues,15,-0.4552951,0.0,0.0,0.0,11.311858
2,D_latent,unseen_distractor_hues,16,-0.18263716,0.0,0.0,1.0,5.584259
2,D_latent,unseen_distractor_hues,17,-0.13150103,0.0,0.0,1.0,5.810455
2,D_latent,unseen_distractor_hues,18,-0.2977523,0.0,0.0,1.0,5.3995566
2,D_latent,unseen_distractor_hues,19,-0.19162002,1.0,0.17777777777777778,1.0,1.2877082
2,D_latent,unseen_distractor_hues,20,-0.25735244,0.0,0.0,1.0,7.5328846
2,D_latent,unseen_distractor_hues,21,0.07320246,1.0,0.24444444444444444,1.0,0.75208485
2,D_latent,unseen_distractor_hues,22,-0.009547769,0.0,0.0,1.0,3.1204548
2,D_latent,unseen_distractor_hues,23,0.06963582,0.0,0.26666666666666666,1.0,4.0122824
2,D_latent,unseen_distractor_hues,24,-0.29714656,0.0,0.0,1.0,8.405298
2,D_latent,unseen_distractor_hues,25,-0.43232396,0.0,0.0,0.0,14.579069
2,D_latent,unseen_distractor_hues,26,-0.12632392,0.0,0.0,1.0,4.2775593
2,D_latent,unseen_distractor_hues,27,0.045370754,0.0,0.0,1.0,2.1057243
2,D_latent,unseen_distractor_hues,28,-0.044158977,0.0,0.0,1.0,3.6295798
2,D_latent,unseen_distractor_hues,29,-0.29895058,0.0,0.0,1.0,7.399176
2,D_latent,unseen_distractor_hues,30,-0.39650884,0.0,0.0,1.0,12.536911
2,D_latent,unseen_distractor_hues,31,-0.2979883,0.0,0.0,0.0,6.993178
2,D_latent,unseen_distractor_hues,32,-0.4064862,0.0,0.0,1.0,6.457119
2,D_latent,unseen_distractor_hues,33,-0.18725832,0.0,0.0,1.0,5.699358
2,D_latent,unseen_distractor_hues,34,-0.19210625,0.0,0.0,1.0,3.0531206
2,D_latent,unseen_distractor_hues,35,-0.26881996,0.0,0.0,1.0,8.156471
2,D_latent,unseen_distractor_hues,36,-0.11742402,0.0,0.0,1.0,3.2149327
2,D_latent,unseen_distractor_hues,37,-0.279377,0.0,0.0,1.0,1.9261937
2,D_latent,unseen_distractor_hues,38,-0.23593847,0.0,0.0,1.0,4.3904943
2,D_latent,unseen_distractor_hues,39,-0.30492312,0.0,0.0,1.0,7.2741027
2,D_latent,unseen_distractor_hues,40,-0.2830052,0.0,0.0,1.0,5.614558
2,D_latent,unseen_distractor_hues,41,-0.17349292,0.0,0.0,1.0,4.4883924
2,D_latent,unseen_distractor_hues,42,-0.22544047,0.0,0.0,1.0,7.605499
2,D_latent,unseen_distractor_hues,43,-0.27392164,0.0,0.0,1.0,7.5792055
2,D_latent,unseen_distractor_hues,44,-0.087116,0.0,0.0,1.0,2.132654
2,D_latent,unseen_distractor_hues,45,-0.27911317,0.0,0.0,1.0,6.3354025
2,D_latent,unseen_distractor_hues,46,-0.29868063,0.0,0.0,1.0,3.3526828
2,D_latent,unseen_distractor_hues,47,-0.15869637,0.0,0.0,1.0,6.5107183
2,D_latent,unseen_distractor_hues,48,-0.31356713,0.0,0.0,1.0,4.891821
2,D_latent,unseen_distractor_hues,49,-0.33250448,0.0,0.0,0.0,11.484266
2,D_latent,unseen_distractor_hues,50,-0.029669104,0.0,0.15555555555555556,1.0,2.9466684
2,D_latent,unseen_distractor_hues,51,-0.3591631,0.0,0.0,1.0,4.408953
2,D_latent,unseen_distractor_hues,52,-0.122110836,0.0,0.0,1.0,3.304206
2,D_latent,unseen_distractor_hues,53,-0.29148018,0.0,0.0,1.0,7.2201242
2,D_latent,unseen_distractor_hues,54,-0.12728232,0.0,0.0,1.0,4.629321
2,D_latent,unseen_distractor_hues,55,-0.09508201,1.0,0.24444444444444444,1.0,0.6287124
2,D_latent,unseen_distractor_hues,56,0.0063231387,0.0,0.2,1.0,4.8027487
2,D_latent,unseen_distractor_hues,57,-0.4877166,0.0,0.0,1.0,5.918736
2,D_latent,unseen_distractor_hues,58,-0.057362307,0.0,0.0,1.0,2.2838726
2,D_latent,unseen_distractor_hues,59,-0.465565,0.0,0.0,1.0,16.708025
2,D_latent,unseen_distractor_hues,60,-0.3511411,0.0,0.0,1.0,6.226859
2,D_latent,unseen_distractor_hues,61,-0.3197996,0.0,0.0,0.0,10.92705
2,D_latent,unseen_distractor_hues,62,-0.41181868,0.0,0.0,1.0,11.616486
2,D_latent,unseen_distractor_hues,63,-0.34529832,0.0,0.0,0.0,14.555157
2,D_latent,unseen_distractor_hues,64,-0.3009418,0.0,0.0,1.0,5.7898912
2,D_latent,unseen_distractor_hues,65,-0.10459124,0.0,0.0,1.0,3.2618997
2,D_latent,unseen_distractor_hues,66,0.15175563,0.0,0.2222222222222222,1.0,2.0219169
2,D_latent,unseen_distractor_hues,67,-0.1529483,0.0,0.0,1.0,3.3598175
2,D_latent,unseen_distractor_hues,68,-0.2639284,1.0,0.044444444444444446,1.0,1.4539702
2,D_latent,unseen_distractor_hues,69,-0.064829215,0.0,0.0,1.0,1.6490139
2,D_latent,unseen_distractor_hues,70,0.0035031545,0.0,0.0,1.0,1.9047047
2,D_latent,unseen_distractor_hues,71,-0.29015905,0.0,0.0,1.0,4.1247954
2,D_latent,unseen_distractor_hues,72,0.07016196,0.0,0.15555555555555556,1.0,2.5115728
2,D_latent,unseen_distractor_hues,73,-0.33659533,0.0,0.0,1.0,11.573915
2,D_latent,unseen_distractor_hues,74,-0.32020906,0.0,0.0,1.0,7.6464157
2,D_latent,unseen_distractor_hues,75,-0.41990313,0.0,0.0,1.0,13.566892
2,D_latent,unseen_distractor_hues,76,-0.23762657,0.0,0.0,1.0,8.940526
2,D_latent,unseen_distractor_hues,77,-0.44160157,0.0,0.0,0.0,10.81192
2,D_latent,unseen_distractor_hues,78,-0.0690846,0.0,0.08888888888888889,1.0,4.3070235
2,D_latent,unseen_distractor_hues,79,-0.08573093,0.0,0.0,1.0,3.718222
2,D_latent,unseen_distractor_hues,80,-0.33095253,0.0,0.0,1.0,4.848273
2,D_latent,unseen_distractor_hues,81,-0.34741634,0.0,0.0,1.0,9.960894
2,D_latent,unseen_distractor_hues,82,-0.3826032,0.0,0.0,1.0,10.822478
2,D_latent,unseen_distractor_hues,83,-0.24252383,1.0,0.1111111111111111,1.0,0.97866774
2,D_latent,unseen_distractor_hues,84,-0.45870772,0.0,0.0,0.0,16.866741
2,D_latent,unseen_distractor_hues,85,-0.3318855,0.0,0.0,1.0,4.986521
2,D_latent,unseen_distractor_hues,86,-0.27915812,0.0,0.0,1.0,5.839548
2,D_latent,unseen_distractor_hues,87,-0.20447436,0.0,0.0,1.0,5.98091
2,D_latent,unseen_distractor_hues,88,-0.2247991,0.0,0.0,1.0,9.76308
2,D_latent,unseen_distractor_hues,89,-0.292678,0.0,0.0,1.0,10.645395
2,D_latent,unseen_distractor_hues,90,-0.3013428,0.0,0.0,1.0,4.6391277
2,D_latent,unseen_distractor_hues,91,-0.6332455,0.0,0.0,1.0,16.039587
2,D_latent,unseen_distractor_hues,92,-0.26237842,0.0,0.0,1.0,7.56891
2,D_latent,unseen_distractor_hues,93,-0.3334661,0.0,0.0,1.0,3.9604895
2,D_latent,unseen_distractor_hues,94,-0.22367251,0.0,0.0,1.0,8.581201
2,D_latent,unseen_distractor_hues,95,-0.070565455,1.0,0.15555555555555556,1.0,1.2263094
2,D_latent,unseen_distractor_hues,96,-0.31694186,0.0,0.0,1.0,7.7755766
2,D_latent,unseen_distractor_hues,97,-0.21186918,0.0,0.0,1.0,4.8905377
2,D_latent,unseen_distractor_hues,98,-0.15356866,0.0,0.0,1.0,4.159786
2,D_latent,unseen_distractor_hues,99,-0.2105366,0.0,0.0,1.0,2.1696122
2,D_latent,heavy_pixel_noise,0,-0.276114,0.0,0.0,1.0,5.470364
2,D_latent,heavy_pixel_noise,1,-0.21635915,0.0,0.0,1.0,3.7618186
2,D_latent,heavy_pixel_noise,2,-0.36086944,0.0,0.0,1.0,5.0067506
2,D_latent,heavy_pixel_noise,3,-0.20815703,0.0,0.0,1.0,2.4031308
2,D_latent,heavy_pixel_noise,4,0.19032326,1.0,0.5777777777777777,1.0,1.0342816
2,D_latent,heavy_pixel_noise,5,-0.50262696,0.0,0.0,1.0,12.974647
2,D_latent,heavy_pixel_noise,6,-0.012279771,0.0,0.3111111111111111,1.0,1.897322
2,D_latent,heavy_pixel_noise,7,-0.1381231,1.0,0.2,1.0,1.3745538
2,D_latent,heavy_pixel_noise,8,-0.27711028,0.0,0.0,1.0,2.625729
2,D_latent,heavy_pixel_noise,9,-0.26038104,0.0,0.0,1.0,3.6858244
2,D_latent,heavy_pixel_noise,10,-0.2965576,0.0,0.0,1.0,3.612087
2,D_latent,heavy_pixel_noise,11,-0.67189056,0.0,0.0,0.0,21.019726
2,D_latent,heavy_pixel_noise,12,-0.31710613,0.0,0.0,0.0,15.348994
2,D_latent,heavy_pixel_noise,13,-0.37168974,0.0,0.0,1.0,3.4434524
2,D_latent,heavy_pixel_noise,14,-0.2891047,0.0,0.0,1.0,6.256921
2,D_latent,heavy_pixel_noise,15,-0.3812987,0.0,0.0,1.0,7.069202
2,D_latent,heavy_pixel_noise,16,-0.16055813,0.0,0.0,1.0,5.028722
2,D_latent,heavy_pixel_noise,17,-0.12319012,0.0,0.0,1.0,5.4324875
2,D_latent,heavy_pixel_noise,18,-0.28305548,0.0,0.0,1.0,4.1575127
2,D_latent,heavy_pixel_noise,19,-0.26656425,0.0,0.0,1.0,3.129712
2,D_latent,heavy_pixel_noise,20,-0.27441087,0.0,0.0,0.0,8.622567
2,D_latent,heavy_pixel_noise,21,0.00947182,1.0,0.06666666666666667,1.0,1.3812276
2,D_latent,heavy_pixel_noise,22,-0.031778976,0.0,0.0,1.0,3.7933664
2,D_latent,heavy_pixel_noise,23,0.11903941,0.0,0.28888888888888886,1.0,2.9828634
2,D_latent,heavy_pixel_noise,24,-0.36783382,0.0,0.0,1.0,11.647414
2,D_latent,heavy_pixel_noise,25,-0.32705736,0.0,0.0,0.0,10.182105
2,D_latent,heavy_pixel_noise,26,-0.14045854,0.0,0.0,1.0,4.762797
2,D_latent,heavy_pixel_noise,27,0.056880023,0.0,0.0,1.0,2.6509013
2,D_latent,heavy_pixel_noise,28,-0.06804381,0.0,0.0,1.0,3.9473987
2,D_latent,heavy_pixel_noise,29,-0.30133936,0.0,0.0,1.0,7.5000997
2,D_latent,heavy_pixel_noise,30,-0.42290527,0.0,0.0,1.0,13.475744
2,D_latent,heavy_pixel_noise,31,-0.30386594,0.0,0.0,0.0,7.494058
2,D_latent,heavy_pixel_noise,32,-0.40152055,0.0,0.0,1.0,6.2672524
2,D_latent,heavy_pixel_noise,33,-0.2633232,0.0,0.0,1.0,10.010901
2,D_latent,heavy_pixel_noise,34,-0.34483415,0.0,0.0,0.0,7.0434723
2,D_latent,heavy_pixel_noise,35,-0.26506528,0.0,0.0,1.0,7.90219
2,D_latent,heavy_pixel_noise,36,-0.11690163,0.0,0.0,1.0,2.8203266
2,D_latent,heavy_pixel_noise,37,-0.31479502,0.0,0.0,1.0,3.5939696
2,D_latent,heavy_pixel_noise,38,-0.17646796,0.0,0.0,1.0,3.3446379
2,D_latent,heavy_pixel_noise,39,-0.3022399,0.0,0.0,1.0,6.440364
2,D_latent,heavy_pixel_noise,40,-0.28174967,0.0,0.0,1.0,4.599841
2,D_latent,heavy_pixel_noise,41,-0.19737932,0.0,0.0,1.0,4.8392925
2,D_latent,heavy_pixel_noise,42,-0.23532543,0.0,0.0,1.0,8.474517
2,D_latent,heavy_pixel_noise,43,-0.26813668,0.0,0.0,1.0,7.220598
2,D_latent,heavy_pixel_noise,44,-0.21901833,0.0,0.0,1.0,3.1268084
2,D_latent,heavy_pixel_noise,45,-0.23136681,0.0,0.0,1.0,3.7583835
2,D_latent,heavy_pixel_noise,46,-0.29604998,0.0,0.0,1.0,3.275321
2,D_latent,heavy_pixel_noise,47,-0.21276082,0.0,0.0,1.0,8.833129
2,D_latent,heavy_pixel_noise,48,-0.22245148,0.0,0.0,1.0,3.456349
2,D_latent,heavy_pixel_noise,49,-0.31127384,0.0,0.0,0.0,10.580392
2,D_latent,heavy_pixel_noise,50,-0.029885644,0.0,0.17777777777777778,1.0,3.0567188
2,D_latent,heavy_pixel_noise,51,-0.3937483,0.0,0.0,1.0,6.902649
2,D_latent,heavy_pixel_noise,52,-0.09755209,0.0,0.0,1.0,2.6774707
2,D_latent,heavy_pixel_noise,53,-0.3050927,0.0,0.0,1.0,7.7850666
2,D_latent,heavy_pixel_noise,54,-0.12598221,0.0,0.0,1.0,4.9725685
2,D_latent,heavy_pixel_noise,55,-0.2050184,1.0,0.044444444444444446,1.0,1.3800949
2,D_latent,heavy_pixel_noise,56,-0.02398971,0.0,0.15555555555555556,1.0,5.630283
2,D_latent,heavy_pixel_noise,57,-0.44103333,0.0,0.0,1.0,8.354633
2,D_latent,heavy_pixel_noise,58,-0.21025772,0.0,0.0,1.0,4.520186
2,D_latent,heavy_pixel_noise,59,-0.309016,0.0,0.0,0.0,8.665713
2,D_latent,heavy_pixel_noise,60,-0.37045497,0.0,0.0,1.0,5.4016285
2,D_latent,heavy_pixel_noise,61,-0.32414082,0.0,0.0,1.0,9.577762
2,D_latent,heavy_pixel_noise,62,-0.3965677,0.0,0.0,1.0,11.43562
2,D_latent,heavy_pixel_noise,63,-0.30691317,0.0,0.0,0.0,12.274009
2,D_latent,heavy_pixel_noise,64,-0.3262415,0.0,0.0,1.0,6.5142355
2,D_latent,heavy_pixel_noise,65,-0.028072376,0.0,0.0,1.0,2.381206
2,D_latent,heavy_pixel_noise,66,0.118249215,0.0,0.2222222222222222,1.0,2.8099768
2,D_latent,heavy_pixel_noise,67,-0.19293122,0.0,0.0,1.0,4.407626
2,D_latent,heavy_pixel_noise,68,-0.2659362,1.0,0.06666666666666667,1.0,0.9971376
2,D_latent,heavy_pixel_noise,69,-0.1259451,0.0,0.0,1.0,2.3076353
2,D_latent,heavy_pixel_noise,70,-0.07944724,0.0,0.0,1.0,2.3959625
2,D_latent,heavy_pixel_noise,71,-0.3317024,0.0,0.0,1.0,5.211361
2,D_latent,heavy_pixel_noise,72,0.097932786,0.0,0.15555555555555556,1.0,2.9164464
2,D_latent,heavy_pixel_noise,73,-0.1288154,0.0,0.0,1.0,4.940288
2,D_latent,heavy_pixel_noise,74,-0.338918,0.0,0.0,1.0,8.612755
2,D_latent,heavy_pixel_noise,75,-0.4435926,0.0,0.0,1.0,14.808063
2,D_latent,heavy_pixel_noise,76,-0.23632613,0.0,0.0,1.0,8.410605
2,D_latent,heavy_pixel_noise,77,-0.5127508,0.0,0.0,0.0,14.620194
2,D_latent,heavy_pixel_noise,78,-0.18912229,0.0,0.0,1.0,4.504371
2,D_latent,heavy_pixel_noise,79,-0.21088259,0.0,0.0,1.0,8.936014
2,D_latent,heavy_pixel_noise,80,-0.34437016,0.0,0.0,1.0,5.374738
2,D_latent,heavy_pixel_noise,81,-0.3585439,0.0,0.0,1.0,11.327724
2,D_latent,heavy_pixel_noise,82,-0.42191252,0.0,0.0,1.0,13.117221
2,D_latent,heavy_pixel_noise,83,-0.28618518,0.0,0.0,1.0,2.2219763
2,D_latent,heavy_pixel_noise,84,-0.438261,0.0,0.0,0.0,15.736482
2,D_latent,heavy_pixel_noise,85,-0.1809325,0.0,0.17777777777777778,1.0,1.9542061
2,D_latent,heavy_pixel_noise,86,-0.24442808,0.0,0.0,1.0,4.5279207
2,D_latent,heavy_pixel_noise,87,-0.16970874,0.0,0.0,1.0,3.644786
2,D_latent,heavy_pixel_noise,88,-0.2183337,0.0,0.0,1.0,9.544265
2,D_latent,heavy_pixel_noise,89,-0.27457732,0.0,0.0,1.0,8.71439
2,D_latent,heavy_pixel_noise,90,-0.34020364,0.0,0.0,1.0,7.098141
2,D_latent,heavy_pixel_noise,91,-0.5849128,0.0,0.0,1.0,14.698969
2,D_latent,heavy_pixel_noise,92,-0.15549064,0.0,0.0,1.0,3.097618
2,D_latent,heavy_pixel_noise,93,-0.32089752,0.0,0.0,1.0,3.9913654
2,D_latent,heavy_pixel_noise,94,-0.17907879,0.0,0.0,1.0,5.7560167
2,D_latent,heavy_pixel_noise,95,-0.29526663,0.0,0.0,1.0,3.5062408
2,D_latent,heavy_pixel_noise,96,-0.383549,0.0,0.0,1.0,12.114574
2,D_latent,heavy_pixel_noise,97,-0.2194752,0.0,0.0,1.0,3.9703422
2,D_latent,heavy_pixel_noise,98,-0.0788589,0.0,0.0,1.0,2.906236
2,D_latent,heavy_pixel_noise,99,-0.2152982,0.0,0.0,1.0,2.0999315
3,A_recon,in_distribution,0,-0.40069768,0.0,0.0,0.0,16.854893
3,A_recon,in_distribution,1,-0.41772783,0.0,0.0,1.0,14.343807
3,A_recon,in_distribution,2,-0.6765717,0.0,0.0,0.0,26.655231
3,A_recon,in_distribution,3,-0.5333379,0.0,0.0,0.0,21.705261
3,A_recon,in_distribution,4,-0.3648674,0.0,0.0,0.0,13.936977
3,A_recon,in_distribution,5,-0.7309316,0.0,0.0,0.0,25.881033
3,A_recon,in_distribution,6,-0.3805342,0.0,0.0,1.0,13.3180485
3,A_recon,in_distribution,7,-0.77948976,0.0,0.0,0.0,26.238453
3,A_recon,in_distribution,8,-0.6460977,0.0,0.0,0.0,24.647434
3,A_recon,in_distribution,9,-0.53625935,0.0,0.0,0.0,21.81654
3,A_recon,in_distribution,10,-0.677006,0.0,0.0,0.0,23.31463
3,A_recon,in_distribution,11,-0.6298682,0.0,0.0,0.0,15.258974
3,A_recon,in_distribution,12,-0.28087807,0.0,0.0,0.0,12.51164
3,A_recon,in_distribution,13,-0.6421061,0.0,0.0,0.0,15.851929
3,A_recon,in_distribution,14,-0.4820629,0.0,0.0,0.0,20.359661
3,A_recon,in_distribution,15,-0.69569486,0.0,0.0,0.0,24.34638
3,A_recon,in_distribution,16,-0.2887183,0.0,0.0,1.0,13.848677
3,A_recon,in_distribution,17,-0.1455143,0.0,0.0,1.0,8.134812
3,A_recon,in_distribution,18,-0.56269526,0.0,0.0,1.0,19.734646
3,A_recon,in_distribution,19,-0.70253694,0.0,0.0,0.0,22.051094
3,A_recon,in_distribution,20,-0.43136087,0.0,0.0,0.0,16.833088
3,A_recon,in_distribution,21,-0.17793441,0.0,0.0,1.0,7.921018
3,A_recon,in_distribution,22,-0.20766033,0.0,0.0,1.0,6.147599
3,A_recon,in_distribution,23,-0.18215218,0.0,0.0,1.0,5.6495557
3,A_recon,in_distribution,24,-0.3823397,0.0,0.0,1.0,13.486289
3,A_recon,in_distribution,25,-0.5750265,0.0,0.0,0.0,22.13602
3,A_recon,in_distribution,26,-0.20307195,0.0,0.0,0.0,8.873967
3,A_recon,in_distribution,27,-0.2215498,0.0,0.0,0.0,9.351981
3,A_recon,in_distribution,28,-0.14506221,0.0,0.0,1.0,3.6466918
3,A_recon,in_distribution,29,-0.60279065,0.0,0.0,1.0,22.897532
3,A_recon,in_distribution,30,-0.50190586,0.0,0.0,1.0,10.478739
3,A_recon,in_distribution,31,-0.5084894,0.0,0.0,0.0,17.72237
3,A_recon,in_distribution,32,-0.79175186,0.0,0.0,0.0,26.90185
3,A_recon,in_distribution,33,-0.33025125,0.0,0.0,0.0,12.287315
3,A_recon,in_distribution,34,-0.6385213,0.0,0.0,0.0,24.891245
3,A_recon,in_distribution,35,-0.38131112,0.0,0.0,1.0,16.794056
3,A_recon,in_distribution,36,-0.3557917,0.0,0.0,1.0,16.553492
3,A_recon,in_distribution,37,-0.75834113,0.0,0.0,0.0,26.29333
3,A_recon,in_distribution,38,-0.43554065,0.0,0.0,0.0,19.556423
3,A_recon,in_distribution,39,-0.6869689,0.0,0.0,0.0,25.024157
3,A_recon,in_distribution,40,-0.43234476,0.0,0.0,0.0,17.348778
3,A_recon,in_distribution,41,-0.3566278,0.0,0.0,0.0,16.933285
3,A_recon,in_distribution,42,-0.3529471,0.0,0.0,1.0,11.688141
3,A_recon,in_distribution,43,-0.42983678,0.0,0.0,1.0,17.573559
3,A_recon,in_distribution,44,-0.456392,0.0,0.0,0.0,15.419815
3,A_recon,in_distribution,45,-0.45750147,0.0,0.0,0.0,17.272915
3,A_recon,in_distribution,46,-0.68760115,0.0,0.0,0.0,24.63214
3,A_recon,in_distribution,47,-0.2175079,0.0,0.0,0.0,7.9841213
3,A_recon,in_distribution,48,-0.54557955,0.0,0.0,1.0,18.07339
3,A_recon,in_distribution,49,-0.3942887,0.0,0.0,0.0,16.872416
3,A_recon,in_distribution,50,-0.31052646,0.0,0.0,1.0,11.371167
3,A_recon,in_distribution,51,-0.6571628,0.0,0.0,0.0,18.151114
3,A_recon,in_distribution,52,-0.3754676,0.0,0.0,0.0,16.31263
3,A_recon,in_distribution,53,-0.43614218,0.0,0.0,1.0,8.5120125
3,A_recon,in_distribution,54,-0.1819741,0.0,0.0,0.0,9.333207
3,A_recon,in_distribution,55,-0.57563186,0.0,0.0,0.0,20.880295
3,A_recon,in_distribution,56,0.1008085,0.0,0.13333333333333333,1.0,3.183817
3,A_recon,in_distribution,57,-0.82314986,0.0,0.0,0.0,24.472359
3,A_recon,in_distribution,58,-0.37078184,0.0,0.0,0.0,12.54147
3,A_recon,in_distribution,59,-0.5429305,0.0,0.0,0.0,21.582426
3,A_recon,in_distribution,60,-0.811312,0.0,0.0,0.0,26.35325
3,A_recon,in_distribution,61,-0.32372266,0.0,0.0,0.0,11.045311
3,A_recon,in_distribution,62,-0.61208045,0.0,0.0,0.0,25.645815
3,A_recon,in_distribution,63,-0.22135329,0.0,0.0,1.0,8.211508
3,A_recon,in_distribution,64,-0.7545858,0.0,0.0,0.0,27.714195
3,A_recon,in_distribution,65,-0.16443892,0.0,0.0,1.0,7.3448343
3,A_recon,in_distribution,66,0.07935713,0.0,0.28888888888888886,1.0,5.747042
3,A_recon,in_distribution,67,-0.24672584,0.0,0.0,1.0,9.786904
3,A_recon,in_distribution,68,-0.89068264,0.0,0.0,0.0,27.925322
3,A_recon,in_distribution,69,-0.26223722,0.0,0.0,1.0,6.5476737
3,A_recon,in_distribution,70,-0.37534434,0.0,0.0,0.0,15.006512
3,A_recon,in_distribution,71,-0.6346351,0.0,0.0,0.0,21.545153
3,A_recon,in_distribution,72,0.2865075,0.0,0.6222222222222222,1.0,2.964181
3,A_recon,in_distribution,73,-0.2773146,0.0,0.0,1.0,3.841304
3,A_recon,in_distribution,74,-0.6098101,0.0,0.0,0.0,16.259525
3,A_recon,in_distribution,75,-0.40664253,0.0,0.0,1.0,7.4841027
3,A_recon,in_distribution,76,-0.21227175,0.0,0.0,1.0,4.1460524
3,A_recon,in_distribution,77,-0.7157599,0.0,0.0,0.0,25.99265
3,A_recon,in_distribution,78,-0.3980495,0.0,0.0,1.0,10.313596
3,A_recon,in_distribution,79,-0.27960473,0.0,0.0,1.0,6.8995094
3,A_recon,in_distribution,80,-0.61885995,0.0,0.0,0.0,16.632168
3,A_recon,in_distribution,81,-0.6017802,0.0,0.0,0.0,20.30106
3,A_recon,in_distribution,82,-0.5871708,0.0,0.0,1.0,21.291315
3,A_recon,in_distribution,83,-0.7764467,0.0,0.0,0.0,23.500772
3,A_recon,in_distribution,84,-0.44470686,0.0,0.0,1.0,13.431073
3,A_recon,in_distribution,85,-0.6207602,0.0,0.0,0.0,16.253284
3,A_recon,in_distribution,86,-0.6070012,0.0,0.0,0.0,21.14708
3,A_recon,in_distribution,87,-0.41804132,0.0,0.0,1.0,18.936344
3,A_recon,in_distribution,88,-0.21823628,0.0,0.0,1.0,6.0021806
3,A_recon,in_distribution,89,-0.44230682,0.0,0.0,0.0,19.605993
3,A_recon,in_distribution,90,-0.52898043,0.0,0.0,1.0,13.084088
3,A_recon,in_distribution,91,-0.7877123,0.0,0.0,0.0,21.035591
3,A_recon,in_distribution,92,-0.39578548,0.0,0.0,0.0,11.481772
3,A_recon,in_distribution,93,-0.5842663,0.0,0.0,1.0,19.10925
3,A_recon,in_distribution,94,-0.21196778,0.0,0.0,1.0,7.1719866
3,A_recon,in_distribution,95,-0.59118325,0.0,0.0,0.0,20.310366
3,A_recon,in_distribution,96,-0.5687434,0.0,0.0,0.0,19.882734
3,A_recon,in_distribution,97,-0.54521155,0.0,0.0,0.0,19.807796
3,A_recon,in_distribution,98,-0.28035605,0.0,0.0,1.0,12.935863
3,A_recon,in_distribution,99,-0.7206581,0.0,0.0,0.0,27.468113
3,A_recon,4_distractors,0,-0.4370619,0.0,0.0,0.0,16.825031
3,A_recon,4_distractors,1,-0.41347623,0.0,0.0,1.0,13.327693
3,A_recon,4_distractors,2,-0.67187434,0.0,0.0,0.0,26.33664
3,A_recon,4_distractors,3,-0.54786134,0.0,0.0,0.0,21.84027
3,A_recon,4_distractors,4,-0.33362505,0.0,0.0,0.0,13.914734
3,A_recon,4_distractors,5,-0.72660106,0.0,0.0,0.0,26.262743
3,A_recon,4_distractors,6,-0.3903651,0.0,0.0,1.0,14.131313
3,A_recon,4_distractors,7,-0.7859955,0.0,0.0,0.0,26.566488
3,A_recon,4_distractors,8,-0.5673158,0.0,0.0,0.0,21.559757
3,A_recon,4_distractors,9,-0.54485035,0.0,0.0,0.0,22.232607
3,A_recon,4_distractors,10,-0.677576,0.0,0.0,0.0,22.799223
3,A_recon,4_distractors,11,-0.6239207,0.0,0.0,0.0,18.41821
3,A_recon,4_distractors,12,-0.26945052,0.0,0.0,1.0,12.290568
3,A_recon,4_distractors,13,-0.65491843,0.0,0.0,0.0,15.076836
3,A_recon,4_distractors,14,-0.47077602,0.0,0.0,0.0,20.74155
3,A_recon,4_distractors,15,-0.69118077,0.0,0.0,0.0,24.105614
3,A_recon,4_distractors,16,-0.33842054,0.0,0.0,1.0,16.232803
3,A_recon,4_distractors,17,-0.1377754,0.0,0.0,1.0,9.386858
3,A_recon,4_distractors,18,-0.5940419,0.0,0.0,1.0,22.66753
3,A_recon,4_distractors,19,-0.6937004,0.0,0.0,0.0,21.912615
3,A_recon,4_distractors,20,-0.39998287,0.0,0.0,0.0,16.602057
3,A_recon,4_distractors,21,-0.15635532,0.0,0.0,1.0,6.765408
3,A_recon,4_distractors,22,-0.18254551,0.0,0.0,1.0,4.491232
3,A_recon,4_distractors,23,-0.18247794,0.0,0.0,1.0,5.679339
3,A_recon,4_distractors,24,-0.35095394,0.0,0.0,1.0,11.953381
3,A_recon,4_distractors,25,-0.5426751,0.0,0.0,0.0,20.24225
3,A_recon,4_distractors,26,-0.14617312,0.0,0.0,1.0,5.748658
3,A_recon,4_distractors,27,-0.1864582,0.0,0.0,0.0,9.094374
3,A_recon,4_distractors,28,-0.14836948,0.0,0.0,1.0,3.6722445
3,A_recon,4_distractors,29,-0.4866269,0.0,0.0,1.0,21.427711
3,A_recon,4_distractors,30,-0.50628924,0.0,0.0,1.0,10.535386
3,A_recon,4_distractors,31,-0.49531946,0.0,0.0,0.0,18.336676
3,A_recon,4_distractors,32,-0.7937552,0.0,0.0,0.0,27.192873
3,A_recon,4_distractors,33,-0.33391666,0.0,0.0,0.0,13.881257
3,A_recon,4_distractors,34,-0.62697655,0.0,0.0,0.0,24.824112
3,A_recon,4_distractors,35,-0.39980406,0.0,0.0,1.0,16.480286
3,A_recon,4_distractors,36,-0.3520219,0.0,0.0,1.0,16.22235
3,A_recon,4_distractors,37,-0.7501308,0.0,0.0,0.0,25.132967
3,A_recon,4_distractors,38,-0.47200093,0.0,0.0,0.0,21.7019
3,A_recon,4_distractors,39,-0.64152324,0.0,0.0,0.0,21.530743
3,A_recon,4_distractors,40,-0.4634817,0.0,0.0,0.0,20.04809
3,A_recon,4_distractors,41,-0.30893263,0.0,0.0,1.0,11.325557
3,A_recon,4_distractors,42,-0.34621602,0.0,0.0,1.0,12.124883
3,A_recon,4_distractors,43,-0.4443238,0.0,0.0,1.0,17.042063
3,A_recon,4_distractors,44,-0.47441676,0.0,0.0,0.0,16.638554
3,A_recon,4_distractors,45,-0.5105693,0.0,0.0,0.0,18.56985
3,A_recon,4_distractors,46,-0.74579775,0.0,0.0,0.0,24.910042
3,A_recon,4_distractors,47,0.0012838119,0.0,0.13333333333333333,1.0,5.975404
3,A_recon,4_distractors,48,-0.62893814,0.0,0.0,1.0,24.167868
3,A_recon,4_distractors,49,-0.38480335,0.0,0.0,0.0,15.59301
3,A_recon,4_distractors,50,-0.3113397,0.0,0.0,1.0,11.74577
3,A_recon,4_distractors,51,-0.679671,0.0,0.0,0.0,19.520073
3,A_recon,4_distractors,52,-0.3727181,0.0,0.0,0.0,15.348518
3,A_recon,4_distractors,53,-0.43989813,0.0,0.0,1.0,8.675016
3,A_recon,4_distractors,54,-0.23211297,0.0,0.0,0.0,11.421881
3,A_recon,4_distractors,55,-0.5898142,0.0,0.0,0.0,21.576113
3,A_recon,4_distractors,56,-0.013922898,0.0,0.1111111111111111,1.0,6.033902
3,A_recon,4_distractors,57,-0.74048495,0.0,0.0,0.0,20.765503
3,A_recon,4_distractors,58,-0.3956823,0.0,0.0,0.0,13.570234
3,A_recon,4_distractors,59,-0.53060347,0.0,0.0,0.0,20.564512
3,A_recon,4_distractors,60,-0.80014867,0.0,0.0,0.0,26.11949
3,A_recon,4_distractors,61,-0.29963195,0.0,0.0,0.0,7.6822996
3,A_recon,4_distractors,62,-0.6149903,0.0,0.0,0.0,24.412846
3,A_recon,4_distractors,63,-0.1995329,0.0,0.0,1.0,3.581403
3,A_recon,4_distractors,64,-0.62038493,0.0,0.0,0.0,22.901083
3,A_recon,4_distractors,65,-0.09425834,0.0,0.0,1.0,6.858389
3,A_recon,4_distractors,66,-0.032568313,0.0,0.06666666666666667,1.0,9.40777
3,A_recon,4_distractors,67,-0.25206864,0.0,0.0,1.0,11.590171
3,A_recon,4_distractors,68,-0.83375454,0.0,0.0,0.0,27.060102
3,A_recon,4_distractors,69,-0.25297457,0.0,0.0,1.0,6.0594516
3,A_recon,4_distractors,70,-0.39474455,0.0,0.0,0.0,15.917965
3,A_recon,4_distractors,71,-0.6632296,0.0,0.0,0.0,20.696398
3,A_recon,4_distractors,72,0.17788129,0.0,0.5111111111111111,1.0,4.0499816
3,A_recon,4_distractors,73,-0.3247474,0.0,0.0,1.0,10.257822
3,A_recon,4_distractors,74,-0.62907535,0.0,0.0,0.0,17.679928
3,A_recon,4_distractors,75,-0.4118059,0.0,0.0,1.0,8.269288
3,A_recon,4_distractors,76,-0.18102285,0.0,0.0,1.0,3.0935457
3,A_recon,4_distractors,77,-0.72240925,0.0,0.0,0.0,26.194744
3,A_recon,4_distractors,78,-0.3603455,0.0,0.0,1.0,8.095942
3,A_recon,4_distractors,79,-0.2878536,0.0,0.0,1.0,7.6352158
3,A_recon,4_distractors,80,-0.6235497,0.0,0.0,0.0,17.078175
3,A_recon,4_distractors,81,-0.58412105,0.0,0.0,1.0,19.326284
3,A_recon,4_distractors,82,-0.59546155,0.0,0.0,1.0,21.244696
3,A_recon,4_distractors,83,-0.8042172,0.0,0.0,0.0,25.34911
3,A_recon,4_distractors,84,-0.47636265,0.0,0.0,1.0,15.266805
3,A_recon,4_distractors,85,-0.66476065,0.0,0.0,0.0,14.980327
3,A_recon,4_distractors,86,-0.5641782,0.0,0.0,0.0,21.929634
3,A_recon,4_distractors,87,-0.3782919,0.0,0.0,1.0,16.632854
3,A_recon,4_distractors,88,-0.053247754,0.0,0.0,1.0,2.297474
3,A_recon,4_distractors,89,-0.3726604,0.0,0.0,0.0,15.114759
3,A_recon,4_distractors,90,-0.5670429,0.0,0.0,0.0,14.443815
3,A_recon,4_distractors,91,-0.777367,0.0,0.0,0.0,22.324945
3,A_recon,4_distractors,92,-0.39420447,0.0,0.0,0.0,11.156536
3,A_recon,4_distractors,93,-0.5956936,0.0,0.0,1.0,20.869617
3,A_recon,4_distractors,94,-0.16319722,0.0,0.0,1.0,6.8013906
3,A_recon,4_distractors,95,-0.627267,0.0,0.0,0.0,21.043411
3,A_recon,4_distractors,96,-0.5981506,0.0,0.0,0.0,20.242666
3,A_recon,4_distractors,97,-0.5258277,0.0,0.0,0.0,19.460821
3,A_recon,4_distractors,98,-0.26931837,0.0,0.0,1.0,11.770225
3,A_recon,4_distractors,99,-0.72514683,0.0,0.0,0.0,27.090582
3,A_recon,fast_distractors,0,-0.4014276,0.0,0.0,0.0,17.57542
3,A_recon,fast_distractors,1,-0.42037824,0.0,0.0,1.0,14.932926
3,A_recon,fast_distractors,2,-0.67779297,0.0,0.0,0.0,26.579618
3,A_recon,fast_distractors,3,-0.5379063,0.0,0.0,0.0,21.758766
3,A_recon,fast_distractors,4,-0.35609907,0.0,0.0,0.0,13.093392
3,A_recon,fast_distractors,5,-0.7314881,0.0,0.0,0.0,26.187235
3,A_recon,fast_distractors,6,-0.37244645,0.0,0.0,1.0,12.177616
3,A_recon,fast_distractors,7,-0.77998453,0.0,0.0,0.0,26.088541
3,A_recon,fast_distractors,8,-0.6441129,0.0,0.0,0.0,24.478588
3,A_recon,fast_distractors,9,-0.5466778,0.0,0.0,0.0,22.52819
3,A_recon,fast_distractors,10,-0.67733103,0.0,0.0,0.0,23.061127
3,A_recon,fast_distractors,11,-0.644487,0.0,0.0,0.0,16.831766
3,A_recon,fast_distractors,12,-0.2808256,0.0,0.0,0.0,12.516498
3,A_recon,fast_distractors,13,-0.65131706,0.0,0.0,0.0,16.77688
3,A_recon,fast_distractors,14,-0.47752216,0.0,0.0,0.0,20.337812
3,A_recon,fast_distractors,15,-0.6959812,0.0,0.0,0.0,24.55536
3,A_recon,fast_distractors,16,-0.28617617,0.0,0.0,1.0,13.465698
3,A_recon,fast_distractors,17,-0.14767873,0.0,0.0,1.0,8.127315
3,A_recon,fast_distractors,18,-0.52228326,0.0,0.0,1.0,17.427443
3,A_recon,fast_distractors,19,-0.7085498,0.0,0.0,0.0,22.172033
3,A_recon,fast_distractors,20,-0.42675102,0.0,0.0,0.0,16.802752
3,A_recon,fast_distractors,21,-0.17934078,0.0,0.0,1.0,8.036624
3,A_recon,fast_distractors,22,-0.21540084,0.0,0.0,0.0,7.0385275
3,A_recon,fast_distractors,23,-0.17028803,0.0,0.0,1.0,5.172247
3,A_recon,fast_distractors,24,-0.38726223,0.0,0.0,1.0,13.689037
3,A_recon,fast_distractors,25,-0.57672775,0.0,0.0,0.0,22.55443
3,A_recon,fast_distractors,26,-0.1952322,0.0,0.0,0.0,8.438966
3,A_recon,fast_distractors,27,-0.22103602,0.0,0.0,0.0,9.180366
3,A_recon,fast_distractors,28,-0.16372313,0.0,0.0,1.0,4.2663994
3,A_recon,fast_distractors,29,-0.5976821,0.0,0.0,1.0,22.87522
3,A_recon,fast_distractors,30,-0.50771797,0.0,0.0,1.0,10.940143
3,A_recon,fast_distractors,31,-0.5156659,0.0,0.0,0.0,18.252897
3,A_recon,fast_distractors,32,-0.78855133,0.0,0.0,0.0,26.552504
3,A_recon,fast_distractors,33,-0.3281485,0.0,0.0,0.0,12.311085
3,A_recon,fast_distractors,34,-0.62877977,0.0,0.0,0.0,24.547577
3,A_recon,fast_distractors,35,-0.38015676,0.0,0.0,1.0,16.700941
3,A_recon,fast_distractors,36,-0.35926777,0.0,0.0,1.0,16.70404
3,A_recon,fast_distractors,37,-0.754257,0.0,0.0,0.0,25.647743
3,A_recon,fast_distractors,38,-0.43486506,0.0,0.0,0.0,19.699162
3,A_recon,fast_distractors,39,-0.6703061,0.0,0.0,0.0,23.899334
3,A_recon,fast_distractors,40,-0.45202228,0.0,0.0,0.0,19.05345
3,A_recon,fast_distractors,41,-0.34829625,0.0,0.0,0.0,15.953981
3,A_recon,fast_distractors,42,-0.33039096,0.0,0.0,1.0,9.941233
3,A_recon,fast_distractors,43,-0.4058378,0.0,0.0,1.0,15.333224
3,A_recon,fast_distractors,44,-0.45554674,0.0,0.0,0.0,15.267528
3,A_recon,fast_distractors,45,-0.4487599,0.0,0.0,0.0,17.304703
3,A_recon,fast_distractors,46,-0.68008226,0.0,0.0,0.0,24.171124
3,A_recon,fast_distractors,47,-0.19065456,0.0,0.0,1.0,5.5040545
3,A_recon,fast_distractors,48,-0.5559786,0.0,0.0,1.0,18.552645
3,A_recon,fast_distractors,49,-0.36736265,0.0,0.0,0.0,14.429956
3,A_recon,fast_distractors,50,-0.3137271,0.0,0.0,1.0,11.902112
3,A_recon,fast_distractors,51,-0.6563783,0.0,0.0,1.0,18.374104
3,A_recon,fast_distractors,52,-0.37983784,0.0,0.0,0.0,16.457375
3,A_recon,fast_distractors,53,-0.43786758,0.0,0.0,1.0,8.794666
3,A_recon,fast_distractors,54,-0.19129355,0.0,0.0,0.0,9.776673
3,A_recon,fast_distractors,55,-0.5821111,0.0,0.0,0.0,21.373243
3,A_recon,fast_distractors,56,0.03210022,0.0,0.13333333333333333,1.0,4.4933834
3,A_recon,fast_distractors,57,-0.823157,0.0,0.0,0.0,24.050323
3,A_recon,fast_distractors,58,-0.3720152,0.0,0.0,0.0,12.34566
3,A_recon,fast_distractors,59,-0.54012,0.0,0.0,0.0,21.546019
3,A_recon,fast_distractors,60,-0.8108046,0.0,0.0,0.0,26.387407
3,A_recon,fast_distractors,61,-0.32374159,0.0,0.0,0.0,11.001304
3,A_recon,fast_distractors,62,-0.60698235,0.0,0.0,0.0,25.389637
3,A_recon,fast_distractors,63,-0.2176613,0.0,0.0,1.0,7.742542
3,A_recon,fast_distractors,64,-0.7320725,0.0,0.0,0.0,25.429832
3,A_recon,fast_distractors,65,-0.17492059,0.0,0.0,1.0,7.915362
3,A_recon,fast_distractors,66,0.06676874,0.0,0.24444444444444444,1.0,5.073328
3,A_recon,fast_distractors,67,-0.25680616,0.0,0.0,1.0,10.252261
3,A_recon,fast_distractors,68,-0.89711255,0.0,0.0,0.0,28.67634
3,A_recon,fast_distractors,69,-0.2831885,0.0,0.0,1.0,7.650603
3,A_recon,fast_distractors,70,-0.38313457,0.0,0.0,0.0,15.675338
3,A_recon,fast_distractors,71,-0.6505916,0.0,0.0,0.0,21.528215
3,A_recon,fast_distractors,72,0.29084954,0.0,0.6222222222222222,1.0,3.0682118
3,A_recon,fast_distractors,73,-0.2460119,0.0,0.0,1.0,3.362045
3,A_recon,fast_distractors,74,-0.60589856,0.0,0.0,0.0,15.784414
3,A_recon,fast_distractors,75,-0.40544674,0.0,0.0,1.0,7.467426
3,A_recon,fast_distractors,76,-0.20036446,0.0,0.0,1.0,3.4903665
3,A_recon,fast_distractors,77,-0.71688277,0.0,0.0,0.0,26.197363
3,A_recon,fast_distractors,78,-0.3792163,0.0,0.0,1.0,8.946401
3,A_recon,fast_distractors,79,-0.28911915,0.0,0.0,1.0,6.3513727
3,A_recon,fast_distractors,80,-0.658078,0.0,0.0,0.0,17.622421
3,A_recon,fast_distractors,81,-0.60159886,0.0,0.0,0.0,20.368076
3,A_recon,fast_distractors,82,-0.5879848,0.0,0.0,1.0,21.262352
3,A_recon,fast_distractors,83,-0.7579282,0.0,0.0,0.0,23.013428
3,A_recon,fast_distractors,84,-0.44316185,0.0,0.0,1.0,13.312515
3,A_recon,fast_distractors,85,-0.6241017,0.0,0.0,0.0,16.71651
3,A_recon,fast_distractors,86,-0.6058982,0.0,0.0,0.0,21.360508
3,A_recon,fast_distractors,87,-0.40940082,0.0,0.0,1.0,18.505133
3,A_recon,fast_distractors,88,-0.22090535,0.0,0.0,1.0,5.552051
3,A_recon,fast_distractors,89,-0.42050642,0.0,0.0,0.0,17.713818
3,A_recon,fast_distractors,90,-0.5298347,0.0,0.0,1.0,13.131116
3,A_recon,fast_distractors,91,-0.79905766,0.0,0.0,0.0,22.453506
3,A_recon,fast_distractors,92,-0.40377185,0.0,0.0,0.0,12.022172
3,A_recon,fast_distractors,93,-0.58060557,0.0,0.0,1.0,18.837587
3,A_recon,fast_distractors,94,-0.2077443,0.0,0.0,1.0,6.610053
3,A_recon,fast_distractors,95,-0.59619117,0.0,0.0,0.0,20.551104
3,A_recon,fast_distractors,96,-0.58183414,0.0,0.0,0.0,21.262693
3,A_recon,fast_distractors,97,-0.5315752,0.0,0.0,0.0,18.539732
3,A_recon,fast_distractors,98,-0.27722707,0.0,0.0,1.0,12.80584
3,A_recon,fast_distractors,99,-0.7132452,0.0,0.0,0.0,26.82317
3,A_recon,unseen_distractor_hues,0,-0.4095796,0.0,0.0,0.0,17.612055
3,A_recon,unseen_distractor_hues,1,-0.4375824,0.0,0.0,1.0,16.69091
3,A_recon,unseen_distractor_hues,2,-0.65445495,0.0,0.0,0.0,25.66929
3,A_recon,unseen_distractor_hues,3,-0.5366424,0.0,0.0,0.0,21.691572
3,A_recon,unseen_distractor_hues,4,-0.3496008,0.0,0.0,0.0,13.054673
3,A_recon,unseen_distractor_hues,5,-0.7306221,0.0,0.0,0.0,25.93905
3,A_recon,unseen_distractor_hues,6,-0.39764455,0.0,0.0,1.0,14.707209
3,A_recon,unseen_distractor_hues,7,-0.777714,0.0,0.0,0.0,25.741018
3,A_recon,unseen_distractor_hues,8,-0.6464743,0.0,0.0,0.0,24.79602
3,A_recon,unseen_distractor_hues,9,-0.5373862,0.0,0.0,0.0,21.827631
3,A_recon,unseen_distractor_hues,10,-0.66439605,0.0,0.0,0.0,21.808914
3,A_recon,unseen_distractor_hues,11,-0.6292606,0.0,0.0,0.0,14.960095
3,A_recon,unseen_distractor_hues,12,-0.279872,0.0,0.0,1.0,11.561595
3,A_recon,unseen_distractor_hues,13,-0.6356227,0.0,0.0,0.0,15.456069
3,A_recon,unseen_distractor_hues,14,-0.47223702,0.0,0.0,0.0,20.579222
3,A_recon,unseen_distractor_hues,15,-0.69176966,0.0,0.0,0.0,24.440403
3,A_recon,unseen_distractor_hues,16,-0.29715592,0.0,0.0,1.0,14.573114
3,A_recon,unseen_distractor_hues,17,-0.14085893,0.0,0.0,1.0,7.358929
3,A_recon,unseen_distractor_hues,18,-0.5974556,0.0,0.0,1.0,22.955868
3,A_recon,unseen_distractor_hues,19,-0.72177607,0.0,0.0,0.0,23.31868
3,A_recon,unseen_distractor_hues,20,-0.39595273,0.0,0.0,0.0,15.331816
3,A_recon,unseen_distractor_hues,21,-0.21986277,0.0,0.0,1.0,9.70361
3,A_recon,unseen_distractor_hues,22,-0.20403029,0.0,0.0,1.0,6.0002403
3,A_recon,unseen_distractor_hues,23,-0.18517992,0.0,0.0,1.0,5.9973087
3,A_recon,unseen_distractor_hues,24,-0.38147035,0.0,0.0,1.0,13.14745
3,A_recon,unseen_distractor_hues,25,-0.5664638,0.0,0.0,0.0,21.177536
3,A_recon,unseen_distractor_hues,26,-0.18153122,0.0,0.0,0.0,10.514836
3,A_recon,unseen_distractor_hues,27,-0.20860706,0.0,0.0,0.0,11.338068
3,A_recon,unseen_distractor_hues,28,-0.12039717,0.0,0.0,1.0,2.5253835
3,A_recon,unseen_distractor_hues,29,-0.4502653,0.0,0.0,1.0,20.107
3,A_recon,unseen_distractor_hues,30,-0.50959545,0.0,0.0,1.0,10.758699
3,A_recon,unseen_distractor_hues,31,-0.5234535,0.0,0.0,0.0,18.934574
3,A_recon,unseen_distractor_hues,32,-0.78356236,0.0,0.0,0.0,26.774815
3,A_recon,unseen_distractor_hues,33,-0.30864227,0.0,0.0,0.0,11.810585
3,A_recon,unseen_distractor_hues,34,-0.629754,0.0,0.0,0.0,24.159819
3,A_recon,unseen_distractor_hues,35,-0.36905247,0.0,0.0,1.0,16.776798
3,A_recon,unseen_distractor_hues,36,-0.26387483,0.0,0.0,1.0,12.851141
3,A_recon,unseen_distractor_hues,37,-0.7554245,0.0,0.0,0.0,25.970503
3,A_recon,unseen_distractor_hues,38,-0.4040886,0.0,0.0,1.0,18.51554
3,A_recon,unseen_distractor_hues,39,-0.61997056,0.0,0.0,0.0,19.909418
3,A_recon,unseen_distractor_hues,40,-0.4433454,0.0,0.0,0.0,18.297205
3,A_recon,unseen_distractor_hues,41,-0.30054998,0.0,0.0,1.0,10.993911
3,A_recon,unseen_distractor_hues,42,-0.3774309,0.0,0.0,1.0,11.893807
3,A_recon,unseen_distractor_hues,43,-0.4258232,0.0,0.0,1.0,16.985538
3,A_recon,unseen_distractor_hues,44,-0.44676036,0.0,0.0,0.0,15.373213
3,A_recon,unseen_distractor_hues,45,-0.47150528,0.0,0.0,0.0,17.407436
3,A_recon,unseen_distractor_hues,46,-0.698262,0.0,0.0,0.0,25.023264
3,A_recon,unseen_distractor_hues,47,-0.19761245,0.0,0.0,1.0,6.1759014
3,A_recon,unseen_distractor_hues,48,-0.57666713,0.0,0.0,1.0,20.295076
3,A_recon,unseen_distractor_hues,49,-0.37413123,0.0,0.0,0.0,15.509043
3,A_recon,unseen_distractor_hues,50,-0.32322153,0.0,0.0,1.0,12.896458
3,A_recon,unseen_distractor_hues,51,-0.6527877,0.0,0.0,0.0,17.836872
3,A_recon,unseen_distractor_hues,52,-0.2696036,0.0,0.0,0.0,11.717532
3,A_recon,unseen_distractor_hues,53,-0.4462221,0.0,0.0,1.0,9.13616
3,A_recon,unseen_distractor_hues,54,-0.1880596,0.0,0.0,0.0,9.395649
3,A_recon,unseen_distractor_hues,55,-0.5695468,0.0,0.0,0.0,20.536522
3,A_recon,unseen_distractor_hues,56,0.00031089154,0.0,0.1111111111111111,1.0,5.8769035
3,A_recon,unseen_distractor_hues,57,-0.8151017,0.0,0.0,0.0,23.475273
3,A_recon,unseen_distractor_hues,58,-0.38142356,0.0,0.0,0.0,12.968264
3,A_recon,unseen_distractor_hues,59,-0.5317287,0.0,0.0,0.0,20.657934
3,A_recon,unseen_distractor_hues,60,-0.80077577,0.0,0.0,0.0,26.617401
3,A_recon,unseen_distractor_hues,61,-0.36616495,0.0,0.0,0.0,11.404345
3,A_recon,unseen_distractor_hues,62,-0.59769255,0.0,0.0,0.0,25.789629
3,A_recon,unseen_distractor_hues,63,-0.21336335,0.0,0.0,1.0,8.455786
3,A_recon,unseen_distractor_hues,64,-0.6136139,0.0,0.0,0.0,22.432606
3,A_recon,unseen_distractor_hues,65,-0.14327252,0.0,0.0,1.0,5.734298
3,A_recon,unseen_distractor_hues,66,-0.05048444,0.0,0.17777777777777778,1.0,10.355412
3,A_recon,unseen_distractor_hues,67,-0.25871998,0.0,0.0,1.0,11.583767
3,A_recon,unseen_distractor_hues,68,-0.89468706,0.0,0.0,0.0,28.434408
3,A_recon,unseen_distractor_hues,69,-0.267144,0.0,0.0,1.0,5.9782124
3,A_recon,unseen_distractor_hues,70,-0.3845302,0.0,0.0,0.0,14.999954
3,A_recon,unseen_distractor_hues,71,-0.6522861,0.0,0.0,0.0,21.772331
3,A_recon,unseen_distractor_hues,72,0.18105505,0.0,0.4888888888888889,1.0,5.7926035
3,A_recon,unseen_distractor_hues,73,-0.2637106,0.0,0.0,1.0,4.3216434
3,A_recon,unseen_distractor_hues,74,-0.5607817,0.0,0.0,0.0,13.26134
3,A_recon,unseen_distractor_hues,75,-0.4204776,0.0,0.0,1.0,8.066716
3,A_recon,unseen_distractor_hues,76,-0.20908616,0.0,0.0,1.0,4.558785
3,A_recon,unseen_distractor_hues,77,-0.7161577,0.0,0.0,0.0,26.08527
3,A_recon,unseen_distractor_hues,78,-0.34839818,0.0,0.0,1.0,8.230842
3,A_recon,unseen_distractor_hues,79,-0.27738377,0.0,0.0,1.0,6.718779
3,A_recon,unseen_distractor_hues,80,-0.61525404,0.0,0.0,0.0,16.06046
3,A_recon,unseen_distractor_hues,81,-0.55999553,0.0,0.0,1.0,16.3872
3,A_recon,unseen_distractor_hues,82,-0.60143346,0.0,0.0,1.0,21.316114
3,A_recon,unseen_distractor_hues,83,-0.7355015,0.0,0.0,0.0,22.006392
3,A_recon,unseen_distractor_hues,84,-0.45671502,0.0,0.0,1.0,13.793485
3,A_recon,unseen_distractor_hues,85,-0.60317934,0.0,0.0,0.0,14.90816
3,A_recon,unseen_distractor_hues,86,-0.58510673,0.0,0.0,0.0,20.859793
3,A_recon,unseen_distractor_hues,87,-0.3642344,0.0,0.0,1.0,14.003402
3,A_recon,unseen_distractor_hues,88,-0.21576157,0.0,0.0,1.0,5.281288
3,A_recon,unseen_distractor_hues,89,-0.40264434,0.0,0.0,0.0,17.057663
3,A_recon,unseen_distractor_hues,90,-0.5408056,0.0,0.0,1.0,13.301716
3,A_recon,unseen_distractor_hues,91,-0.7844825,0.0,0.0,0.0,20.821537
3,A_recon,unseen_distractor_hues,92,-0.39799055,0.0,0.0,0.0,11.69573
3,A_recon,unseen_distractor_hues,93,-0.58983994,0.0,0.0,1.0,19.145306
3,A_recon,unseen_distractor_hues,94,-0.21384881,0.0,0.0,1.0,7.0283546
3,A_recon,unseen_distractor_hues,95,-0.56508523,0.0,0.0,0.0,19.509075
3,A_recon,unseen_distractor_hues,96,-0.5550755,0.0,0.0,0.0,18.570702
3,A_recon,unseen_distractor_hues,97,-0.4345883,0.0,0.0,0.0,15.538697
3,A_recon,unseen_distractor_hues,98,-0.29817346,0.0,0.0,1.0,13.379878
3,A_recon,unseen_distractor_hues,99,-0.70853037,0.0,0.0,0.0,26.580414
3,A_recon,heavy_pixel_noise,0,-0.42829803,0.0,0.0,0.0,16.266516
3,A_recon,heavy_pixel_noise,1,-0.42992434,0.0,0.0,1.0,14.931682
3,A_recon,heavy_pixel_noise,2,-0.74155647,0.0,0.0,0.0,25.064722
3,A_recon,heavy_pixel_noise,3,-0.53239757,0.0,0.0,0.0,21.741484
3,A_recon,heavy_pixel_noise,4,-0.35019448,0.0,0.0,0.0,12.601989
3,A_recon,heavy_pixel_noise,5,-0.73648113,0.0,0.0,0.0,26.067034
3,A_recon,heavy_pixel_noise,6,-0.43555778,0.0,0.0,1.0,17.80049
3,A_recon,heavy_pixel_noise,7,-0.77722543,0.0,0.0,0.0,26.210114
3,A_recon,heavy_pixel_noise,8,-0.6451182,0.0,0.0,0.0,24.3955
3,A_recon,heavy_pixel_noise,9,-0.54088694,0.0,0.0,0.0,22.13195
3,A_recon,heavy_pixel_noise,10,-0.676609,0.0,0.0,0.0,22.900757
3,A_recon,heavy_pixel_noise,11,-0.63174796,0.0,0.0,0.0,15.467117
3,A_recon,heavy_pixel_noise,12,-0.29520285,0.0,0.0,0.0,12.530612
3,A_recon,heavy_pixel_noise,13,-0.64000076,0.0,0.0,0.0,15.991496
3,A_recon,heavy_pixel_noise,14,-0.4808131,0.0,0.0,0.0,20.249462
3,A_recon,heavy_pixel_noise,15,-0.6952886,0.0,0.0,0.0,24.262367
3,A_recon,heavy_pixel_noise,16,-0.2953245,0.0,0.0,1.0,14.279791
3,A_recon,heavy_pixel_noise,17,-0.15122536,0.0,0.0,1.0,7.753568
3,A_recon,heavy_pixel_noise,18,-0.5779869,0.0,0.0,1.0,23.52966
3,A_recon,heavy_pixel_noise,19,-0.70097035,0.0,0.0,0.0,22.251896
3,A_recon,heavy_pixel_noise,20,-0.43755752,0.0,0.0,0.0,16.694988
3,A_recon,heavy_pixel_noise,21,-0.18696465,0.0,0.0,1.0,8.467664
3,A_recon,heavy_pixel_noise,22,-0.206751,0.0,0.0,0.0,6.8627973
3,A_recon,heavy_pixel_noise,23,-0.22681487,0.0,0.0,1.0,7.9561434
3,A_recon,heavy_pixel_noise,24,-0.38820326,0.0,0.0,1.0,14.099177
3,A_recon,heavy_pixel_noise,25,-0.5660754,0.0,0.0,0.0,21.16869
3,A_recon,heavy_pixel_noise,26,-0.151258,0.0,0.0,0.0,9.702614
3,A_recon,heavy_pixel_noise,27,-0.20402192,0.0,0.0,0.0,10.3218
3,A_recon,heavy_pixel_noise,28,-0.15732792,0.0,0.0,1.0,4.342864
3,A_recon,heavy_pixel_noise,29,-0.49661523,0.0,0.0,1.0,22.727287
3,A_recon,heavy_pixel_noise,30,-0.50615704,0.0,0.0,1.0,11.158642
3,A_recon,heavy_pixel_noise,31,-0.50536954,0.0,0.0,0.0,18.985868
3,A_recon,heavy_pixel_noise,32,-0.79783094,0.0,0.0,0.0,26.839392
3,A_recon,heavy_pixel_noise,33,-0.3241443,0.0,0.0,0.0,12.965506
3,A_recon,heavy_pixel_noise,34,-0.63299185,0.0,0.0,0.0,24.6079
3,A_recon,heavy_pixel_noise,35,-0.3862492,0.0,0.0,1.0,16.65901
3,A_recon,heavy_pixel_noise,36,-0.35717684,0.0,0.0,1.0,16.087564
3,A_recon,heavy_pixel_noise,37,-0.7558756,0.0,0.0,0.0,25.995306
3,A_recon,heavy_pixel_noise,38,-0.4250954,0.0,0.0,1.0,19.170166
3,A_recon,heavy_pixel_noise,39,-0.61850196,0.0,0.0,0.0,23.354876
3,A_recon,heavy_pixel_noise,40,-0.4428283,0.0,0.0,0.0,18.30987
3,A_recon,heavy_pixel_noise,41,-0.30923784,0.0,0.0,0.0,12.94574
3,A_recon,heavy_pixel_noise,42,-0.37402722,0.0,0.0,1.0,11.860095
3,A_recon,heavy_pixel_noise,43,-0.47481877,0.0,0.0,1.0,17.84296
3,A_recon,heavy_pixel_noise,44,-0.470212,0.0,0.0,0.0,16.237097
3,A_recon,heavy_pixel_noise,45,-0.45101318,0.0,0.0,0.0,17.590391
3,A_recon,heavy_pixel_noise,46,-0.7325098,0.0,0.0,0.0,25.090065
3,A_recon,heavy_pixel_noise,47,-0.20908633,0.0,0.0,0.0,7.7323623
3,A_recon,heavy_pixel_noise,48,-0.5389218,0.0,0.0,1.0,18.229528
3,A_recon,heavy_pixel_noise,49,-0.39788017,0.0,0.0,0.0,17.391348
3,A_recon,heavy_pixel_noise,50,-0.30728212,0.0,0.0,1.0,11.271281
3,A_recon,heavy_pixel_noise,51,-0.65510917,0.0,0.0,1.0,18.100445
3,A_recon,heavy_pixel_noise,52,-0.2664242,0.0,0.0,0.0,11.625547
3,A_recon,heavy_pixel_noise,53,-0.41008407,0.0,0.0,1.0,7.0208464
3,A_recon,heavy_pixel_noise,54,-0.17449947,0.0,0.0,0.0,8.5068245
3,A_recon,heavy_pixel_noise,55,-0.57082564,0.0,0.0,0.0,20.47858
3,A_recon,heavy_pixel_noise,56,0.11556294,0.0,0.13333333333333333,1.0,3.0959945
3,A_recon,heavy_pixel_noise,57,-0.8273326,0.0,0.0,0.0,25.004313
3,A_recon,heavy_pixel_noise,58,-0.36546507,0.0,0.0,0.0,12.7238
3,A_recon,heavy_pixel_noise,59,-0.541432,0.0,0.0,0.0,21.55825
3,A_recon,heavy_pixel_noise,60,-0.81379044,0.0,0.0,0.0,26.485243
3,A_recon,heavy_pixel_noise,61,-0.35426426,0.0,0.0,0.0,10.497835
3,A_recon,heavy_pixel_noise,62,-0.61176825,0.0,0.0,0.0,24.768278
3,A_recon,heavy_pixel_noise,63,-0.2570516,0.0,0.0,1.0,6.8211813
3,A_recon,heavy_pixel_noise,64,-0.7518746,0.0,0.0,0.0,27.828953
3,A_recon,heavy_pixel_noise,65,-0.16338833,0.0,0.0,1.0,7.306422
3,A_recon,heavy_pixel_noise,66,0.08119009,0.0,0.28888888888888886,1.0,6.0483537
3,A_recon,heavy_pixel_noise,67,-0.24100327,0.0,0.0,1.0,9.801641
3,A_recon,heavy_pixel_noise,68,-0.89417225,0.0,0.0,0.0,27.839382
3,A_recon,heavy_pixel_noise,69,-0.2619417,0.0,0.0,1.0,5.7989106
3,A_recon,heavy_pixel_noise,70,-0.37482184,0.0,0.0,0.0,14.732814
3,A_recon,heavy_pixel_noise,71,-0.6311355,0.0,0.0,0.0,21.39383
3,A_recon,heavy_pixel_noise,72,0.028531564,1.0,0.1111111111111111,1.0,1.0963664
3,A_recon,heavy_pixel_noise,73,-0.40292743,0.0,0.0,1.0,10.457555
3,A_recon,heavy_pixel_noise,74,-0.5750472,0.0,0.0,0.0,15.4603
3,A_recon,heavy_pixel_noise,75,-0.40306702,0.0,0.0,1.0,6.869558
3,A_recon,heavy_pixel_noise,76,-0.21119325,0.0,0.0,1.0,3.8548853
3,A_recon,heavy_pixel_noise,77,-0.7179604,0.0,0.0,0.0,26.048714
3,A_recon,heavy_pixel_noise,78,-0.39281204,0.0,0.0,1.0,8.915179
3,A_recon,heavy_pixel_noise,79,-0.26856878,0.0,0.0,1.0,7.421631
3,A_recon,heavy_pixel_noise,80,-0.61531794,0.0,0.0,0.0,16.456194
3,A_recon,heavy_pixel_noise,81,-0.53209627,0.0,0.0,1.0,14.436626
3,A_recon,heavy_pixel_noise,82,-0.5151925,0.0,0.0,1.0,19.910051
3,A_recon,heavy_pixel_noise,83,-0.77358913,0.0,0.0,0.0,23.500088
3,A_recon,heavy_pixel_noise,84,-0.46012717,0.0,0.0,1.0,14.365017
3,A_recon,heavy_pixel_noise,85,-0.63294315,0.0,0.0,0.0,17.154577
3,A_recon,heavy_pixel_noise,86,-0.6131778,0.0,0.0,0.0,21.16521
3,A_recon,heavy_pixel_noise,87,-0.41354352,0.0,0.0,1.0,18.911385
3,A_recon,heavy_pixel_noise,88,-0.18834053,0.0,0.0,1.0,3.5265617
3,A_recon,heavy_pixel_noise,89,-0.45459214,0.0,0.0,0.0,20.453754
3,A_recon,heavy_pixel_noise,90,-0.51785755,0.0,0.0,1.0,11.912312
3,A_recon,heavy_pixel_noise,91,-0.77462405,0.0,0.0,0.0,19.842342
3,A_recon,heavy_pixel_noise,92,-0.38838002,0.0,0.0,0.0,10.990552
3,A_recon,heavy_pixel_noise,93,-0.5850926,0.0,0.0,1.0,19.12267
3,A_recon,heavy_pixel_noise,94,-0.20360439,0.0,0.0,1.0,7.2115293
3,A_recon,heavy_pixel_noise,95,-0.56154597,0.0,0.0,0.0,20.522646
3,A_recon,heavy_pixel_noise,96,-0.5496352,0.0,0.0,0.0,18.125769
3,A_recon,heavy_pixel_noise,97,-0.42531013,0.0,0.0,0.0,15.669455
3,A_recon,heavy_pixel_noise,98,-0.26760894,0.0,0.0,1.0,11.808779
3,A_recon,heavy_pixel_noise,99,-0.7115222,0.0,0.0,0.0,26.812778
3,B_task,in_distribution,0,-0.3345729,0.0,0.0,0.0,11.028293
3,B_task,in_distribution,1,-0.31209025,0.0,0.0,1.0,4.0036306
3,B_task,in_distribution,2,-0.6662802,0.0,0.0,0.0,23.915424
3,B_task,in_distribution,3,-0.42966875,0.0,0.0,0.0,11.968392
3,B_task,in_distribution,4,-0.23777226,0.0,0.0,1.0,9.618523
3,B_task,in_distribution,5,-0.6509763,0.0,0.0,0.0,23.58335
3,B_task,in_distribution,6,-0.26117054,0.0,0.0,1.0,5.513518
3,B_task,in_distribution,7,-0.8009826,0.0,0.0,0.0,29.12429
3,B_task,in_distribution,8,-0.53803456,0.0,0.0,0.0,17.207613
3,B_task,in_distribution,9,-0.42074445,0.0,0.0,0.0,9.266775
3,B_task,in_distribution,10,-0.6144197,0.0,0.0,0.0,22.363926
3,B_task,in_distribution,11,-0.65016425,0.0,0.0,1.0,16.152922
3,B_task,in_distribution,12,-0.1543466,0.0,0.0,1.0,7.6459074
3,B_task,in_distribution,13,-0.7460076,0.0,0.0,0.0,22.295967
3,B_task,in_distribution,14,-0.3407763,0.0,0.0,0.0,10.68099
3,B_task,in_distribution,15,-0.70146155,0.0,0.0,0.0,23.496141
3,B_task,in_distribution,16,-0.33655298,0.0,0.0,1.0,15.882239
3,B_task,in_distribution,17,-0.13064434,0.0,0.0,1.0,5.9519
3,B_task,in_distribution,18,-0.50670207,0.0,0.0,1.0,14.697048
3,B_task,in_distribution,19,-0.78771275,0.0,0.0,0.0,28.846758
3,B_task,in_distribution,20,-0.36619756,0.0,0.0,0.0,14.890836
3,B_task,in_distribution,21,-0.15368004,0.0,0.0,1.0,3.3307767
3,B_task,in_distribution,22,-0.22996758,0.0,0.0,1.0,11.276075
3,B_task,in_distribution,23,-0.1878084,0.0,0.0,1.0,6.782924
3,B_task,in_distribution,24,-0.3948782,0.0,0.0,1.0,11.702211
3,B_task,in_distribution,25,-0.5980863,0.0,0.0,0.0,23.824863
3,B_task,in_distribution,26,-0.09757398,0.0,0.0,1.0,6.2690887
3,B_task,in_distribution,27,-0.1959483,0.0,0.0,1.0,8.0195055
3,B_task,in_distribution,28,-0.16910037,0.0,0.0,1.0,3.1566832
3,B_task,in_distribution,29,-0.43519473,0.0,0.0,1.0,12.062882
3,B_task,in_distribution,30,-0.6317123,0.0,0.0,1.0,21.264486
3,B_task,in_distribution,31,-0.4980464,0.0,0.0,0.0,19.922382
3,B_task,in_distribution,32,-0.76923305,0.0,0.0,0.0,29.306307
3,B_task,in_distribution,33,-0.3602653,0.0,0.0,0.0,16.214436
3,B_task,in_distribution,34,-0.4868949,0.0,0.0,0.0,13.978876
3,B_task,in_distribution,35,-0.3185392,0.0,0.0,1.0,13.346239
3,B_task,in_distribution,36,-0.32768643,0.0,0.0,0.0,16.88398
3,B_task,in_distribution,37,-0.7230189,0.0,0.0,0.0,23.204437
3,B_task,in_distribution,38,-0.3343612,0.0,0.0,1.0,10.068418
3,B_task,in_distribution,39,-0.5467295,0.0,0.0,0.0,18.958128
3,B_task,in_distribution,40,-0.38313502,0.0,0.0,1.0,7.9153748
3,B_task,in_distribution,41,-0.09780911,0.0,0.17777777777777778,1.0,2.8262823
3,B_task,in_distribution,42,-0.32249302,0.0,0.0,1.0,12.25954
3,B_task,in_distribution,43,-0.38639712,0.0,0.0,1.0,14.333461
3,B_task,in_distribution,44,-0.41101012,0.0,0.0,0.0,11.121365
3,B_task,in_distribution,45,-0.37963372,0.0,0.0,1.0,12.241703
3,B_task,in_distribution,46,-0.7343818,0.0,0.0,0.0,28.341713
3,B_task,in_distribution,47,-0.1481795,0.0,0.0,1.0,4.8644857
3,B_task,in_distribution,48,-0.48322737,0.0,0.0,1.0,12.875576
3,B_task,in_distribution,49,-0.30339536,0.0,0.0,0.0,7.340652
3,B_task,in_distribution,50,-0.2103148,0.0,0.0,1.0,2.5566885
3,B_task,in_distribution,51,-0.78708506,0.0,0.0,0.0,25.291218
3,B_task,in_distribution,52,-0.011812546,1.0,0.17777777777777778,1.0,0.7416739
3,B_task,in_distribution,53,-0.529974,0.0,0.0,0.0,16.016808
3,B_task,in_distribution,54,-0.28531942,0.0,0.0,0.0,14.956847
3,B_task,in_distribution,55,-0.40347177,0.0,0.0,1.0,6.7658596
3,B_task,in_distribution,56,-0.04734923,0.0,0.1111111111111111,1.0,5.7832737
3,B_task,in_distribution,57,-0.7758548,0.0,0.0,0.0,19.927622
3,B_task,in_distribution,58,-0.35489762,0.0,0.0,1.0,11.241265
3,B_task,in_distribution,59,-0.5292713,0.0,0.0,0.0,20.312279
3,B_task,in_distribution,60,-0.7721907,0.0,0.0,0.0,25.835855
3,B_task,in_distribution,61,-0.33367422,0.0,0.0,0.0,13.983463
3,B_task,in_distribution,62,-0.41760364,0.0,0.0,1.0,9.437415
3,B_task,in_distribution,63,-0.31162825,0.0,0.0,0.0,14.745341
3,B_task,in_distribution,64,-0.65947497,0.0,0.0,0.0,24.762949
3,B_task,in_distribution,65,-0.12916785,0.0,0.0,1.0,6.4480767
3,B_task,in_distribution,66,0.07957937,0.0,0.2222222222222222,1.0,4.48914
3,B_task,in_distribution,67,-0.21818441,0.0,0.0,1.0,8.182957
3,B_task,in_distribution,68,-0.91047084,0.0,0.0,0.0,29.241104
3,B_task,in_distribution,69,-0.3251353,0.0,0.0,1.0,7.9694333
3,B_task,in_distribution,70,-0.24653856,0.0,0.0,0.0,7.260728
3,B_task,in_distribution,71,-0.6625207,0.0,0.0,0.0,23.316618
3,B_task,in_distribution,72,0.12759042,0.0,0.24444444444444444,1.0,3.4257913
3,B_task,in_distribution,73,-0.34145272,0.0,0.0,1.0,8.424151
3,B_task,in_distribution,74,-0.6370049,0.0,0.0,0.0,22.763317
3,B_task,in_distribution,75,-0.5081651,0.0,0.0,0.0,17.615032
3,B_task,in_distribution,76,-0.26126575,0.0,0.0,1.0,8.944878
3,B_task,in_distribution,77,-0.7281012,0.0,0.0,0.0,28.374613
3,B_task,in_distribution,78,-0.43087378,0.0,0.0,1.0,11.827615
3,B_task,in_distribution,79,-0.16290167,0.0,0.0,1.0,3.8740804
3,B_task,in_distribution,80,-0.7097846,0.0,0.0,0.0,21.638018
3,B_task,in_distribution,81,-0.53800136,0.0,0.0,0.0,11.380075
3,B_task,in_distribution,82,-0.54002935,0.0,0.0,1.0,18.695496
3,B_task,in_distribution,83,-0.7471089,0.0,0.0,0.0,24.240194
3,B_task,in_distribution,84,-0.48198357,0.0,0.0,0.0,19.2463
3,B_task,in_distribution,85,-0.720038,0.0,0.0,1.0,22.897985
3,B_task,in_distribution,86,-0.4783087,0.0,0.0,0.0,10.654712
3,B_task,in_distribution,87,-0.33024344,0.0,0.0,1.0,14.652718
3,B_task,in_distribution,88,-0.30578125,0.0,0.0,1.0,11.8946295
3,B_task,in_distribution,89,-0.33782288,0.0,0.0,0.0,16.064608
3,B_task,in_distribution,90,-0.6193247,0.0,0.0,0.0,21.09751
3,B_task,in_distribution,91,-0.8014426,0.0,0.0,0.0,18.814383
3,B_task,in_distribution,92,-0.41938072,0.0,0.0,0.0,13.257923
3,B_task,in_distribution,93,-0.54697996,0.0,0.0,1.0,13.337267
3,B_task,in_distribution,94,-0.15339576,1.0,0.022222222222222223,1.0,1.4339023
3,B_task,in_distribution,95,-0.5741149,0.0,0.0,0.0,19.139301
3,B_task,in_distribution,96,-0.7034985,0.0,0.0,0.0,24.856916
3,B_task,in_distribution,97,-0.33712128,0.0,0.0,1.0,6.6175437
3,B_task,in_distribution,98,-0.13449313,0.0,0.0,1.0,3.284294
3,B_task,in_distribution,99,-0.6457701,0.0,0.0,0.0,18.32513
3,B_task,4_distractors,0,-0.34741586,0.0,0.0,0.0,12.878519
3,B_task,4_distractors,1,-0.33224908,0.0,0.0,1.0,6.837429
3,B_task,4_distractors,2,-0.62679386,0.0,0.0,0.0,19.863571
3,B_task,4_distractors,3,-0.4545512,0.0,0.0,0.0,13.266287
3,B_task,4_distractors,4,-0.42526275,0.0,0.0,0.0,17.488888
3,B_task,4_distractors,5,-0.72186553,0.0,0.0,0.0,23.758545
3,B_task,4_distractors,6,-0.32793975,0.0,0.0,1.0,6.7367663
3,B_task,4_distractors,7,-0.706906,0.0,0.0,0.0,23.232605
3,B_task,4_distractors,8,-0.53127915,0.0,0.0,0.0,17.92327
3,B_task,4_distractors,9,-0.36918277,0.0,0.0,1.0,4.1512504
3,B_task,4_distractors,10,-0.7044099,0.0,0.0,0.0,24.36793
3,B_task,4_distractors,11,-0.58760464,0.0,0.0,1.0,11.306927
3,B_task,4_distractors,12,-0.17076051,0.0,0.0,1.0,7.829124
3,B_task,4_distractors,13,-0.7584616,0.0,0.0,0.0,20.985315
3,B_task,4_distractors,14,-0.42826763,0.0,0.0,0.0,13.714654
3,B_task,4_distractors,15,-0.67010343,0.0,0.0,0.0,22.044989
3,B_task,4_distractors,16,-0.31934455,0.0,0.0,1.0,14.276694
3,B_task,4_distractors,17,-0.07584524,0.0,0.0,1.0,5.259246
3,B_task,4_distractors,18,-0.51190865,0.0,0.0,1.0,16.389692
3,B_task,4_distractors,19,-0.8464534,0.0,0.0,0.0,30.188505
3,B_task,4_distractors,20,-0.33967718,0.0,0.0,0.0,15.390788
3,B_task,4_distractors,21,-0.13254751,0.0,0.0,1.0,4.4575667
3,B_task,4_distractors,22,-0.2837194,0.0,0.0,1.0,11.489754
3,B_task,4_distractors,23,-0.012851468,0.0,0.17777777777777778,1.0,4.3952117
3,B_task,4_distractors,24,-0.3681254,0.0,0.0,1.0,9.763095
3,B_task,4_distractors,25,-0.5796986,0.0,0.0,0.0,22.549746
3,B_task,4_distractors,26,-0.14937516,0.0,0.0,1.0,6.095632
3,B_task,4_distractors,27,-0.23149304,0.0,0.0,0.0,8.886524
3,B_task,4_distractors,28,-0.1470044,0.0,0.0,1.0,5.334642
3,B_task,4_distractors,29,-0.407313,0.0,0.0,1.0,10.809605
3,B_task,4_distractors,30,-0.58479905,0.0,0.0,1.0,18.802898
3,B_task,4_distractors,31,-0.48774832,0.0,0.0,0.0,17.71592
3,B_task,4_distractors,32,-0.81233716,0.0,0.0,0.0,29.992496
3,B_task,4_distractors,33,-0.37226483,0.0,0.0,0.0,20.642563
3,B_task,4_distractors,34,-0.5224021,0.0,0.0,0.0,17.287228
3,B_task,4_distractors,35,-0.27588966,0.0,0.0,1.0,10.46197
3,B_task,4_distractors,36,-0.32145727,0.0,0.0,1.0,13.109419
3,B_task,4_distractors,37,-0.6709371,0.0,0.0,0.0,18.321354
3,B_task,4_distractors,38,-0.4202611,0.0,0.0,1.0,10.99743
3,B_task,4_distractors,39,-0.7243058,0.0,0.0,0.0,26.794657
3,B_task,4_distractors,40,-0.39520234,0.0,0.0,1.0,9.508391
3,B_task,4_distractors,41,-0.11291993,0.0,0.1111111111111111,1.0,2.032618
3,B_task,4_distractors,42,-0.3064447,0.0,0.0,1.0,11.681471
3,B_task,4_distractors,43,-0.41365492,0.0,0.0,1.0,14.502262
3,B_task,4_distractors,44,-0.3688543,0.0,0.0,0.0,9.575947
3,B_task,4_distractors,45,-0.31480283,0.0,0.0,1.0,9.039676
3,B_task,4_distractors,46,-0.74285895,0.0,0.0,0.0,28.263262
3,B_task,4_distractors,47,-0.14821842,0.0,0.0,1.0,5.3338437
3,B_task,4_distractors,48,-0.52285427,0.0,0.0,1.0,16.270002
3,B_task,4_distractors,49,-0.3976395,0.0,0.0,0.0,10.868297
3,B_task,4_distractors,50,-0.29442754,0.0,0.0,1.0,8.3570385
3,B_task,4_distractors,51,-0.75421566,0.0,0.0,0.0,25.927834
3,B_task,4_distractors,52,-0.21402323,0.0,0.0,1.0,5.0099797
3,B_task,4_distractors,53,-0.56001246,0.0,0.0,1.0,18.692501
3,B_task,4_distractors,54,-0.31069547,0.0,0.0,0.0,15.94795
3,B_task,4_distractors,55,-0.50004995,0.0,0.0,0.0,9.499109
3,B_task,4_distractors,56,-0.04693238,0.0,0.15555555555555556,1.0,8.431247
3,B_task,4_distractors,57,-0.8076373,0.0,0.0,0.0,20.56598
3,B_task,4_distractors,58,-0.38017684,0.0,0.0,0.0,11.582178
3,B_task,4_distractors,59,-0.43138856,0.0,0.0,0.0,17.8788
3,B_task,4_distractors,60,-0.7226657,0.0,0.0,0.0,23.239565
3,B_task,4_distractors,61,-0.3408329,0.0,0.0,0.0,13.728257
3,B_task,4_distractors,62,-0.55797297,0.0,0.0,0.0,18.03665
3,B_task,4_distractors,63,-0.32570198,0.0,0.0,0.0,16.241875
3,B_task,4_distractors,64,-0.7413844,0.0,0.0,0.0,32.19616
3,B_task,4_distractors,65,-0.1857727,0.0,0.0,1.0,9.152283
3,B_task,4_distractors,66,-0.10984406,0.0,0.0,1.0,3.9582362
3,B_task,4_distractors,67,-0.308677,0.0,0.0,1.0,17.621164
3,B_task,4_distractors,68,-0.9744592,0.0,0.0,0.0,34.79902
3,B_task,4_distractors,69,-0.37649077,0.0,0.0,0.0,13.282766
3,B_task,4_distractors,70,-0.30948812,0.0,0.0,1.0,8.865194
3,B_task,4_distractors,71,-0.70951164,0.0,0.0,0.0,25.807102
3,B_task,4_distractors,72,0.11396803,0.0,0.3111111111111111,1.0,5.516759
3,B_task,4_distractors,73,-0.4000725,0.0,0.0,1.0,13.813527
3,B_task,4_distractors,74,-0.6706956,0.0,0.0,0.0,23.958752
3,B_task,4_distractors,75,-0.4800166,0.0,0.0,1.0,15.866921
3,B_task,4_distractors,76,-0.28296098,0.0,0.0,0.0,11.17015
3,B_task,4_distractors,77,-0.73566604,0.0,0.0,0.0,25.911785
3,B_task,4_distractors,78,-0.4324141,0.0,0.0,1.0,12.887313
3,B_task,4_distractors,79,-0.1633783,0.0,0.0,1.0,5.5706744
3,B_task,4_distractors,80,-0.6836728,0.0,0.0,0.0,17.960123
3,B_task,4_distractors,81,-0.47328317,0.0,0.0,0.0,9.657844
3,B_task,4_distractors,82,-0.518735,0.0,0.0,1.0,16.68797
3,B_task,4_distractors,83,-0.7632745,0.0,0.0,0.0,25.503284
3,B_task,4_distractors,84,-0.49066415,0.0,0.0,0.0,18.738134
3,B_task,4_distractors,85,-0.81212693,0.0,0.0,0.0,24.727066
3,B_task,4_distractors,86,-0.4247998,0.0,0.0,0.0,7.633143
3,B_task,4_distractors,87,-0.2704301,0.0,0.0,1.0,6.790999
3,B_task,4_distractors,88,-0.1873583,0.0,0.0,1.0,9.013914
3,B_task,4_distractors,89,-0.36813673,0.0,0.0,0.0,16.02399
3,B_task,4_distractors,90,-0.6741604,0.0,0.0,0.0,20.900284
3,B_task,4_distractors,91,-0.78650284,0.0,0.0,0.0,21.49406
3,B_task,4_distractors,92,-0.42239168,0.0,0.0,0.0,12.031006
3,B_task,4_distractors,93,-0.5520652,0.0,0.0,1.0,12.148008
3,B_task,4_distractors,94,-0.22007753,0.0,0.0,1.0,4.7302685
3,B_task,4_distractors,95,-0.5861092,0.0,0.0,0.0,19.129192
3,B_task,4_distractors,96,-0.69675237,0.0,0.0,0.0,24.865635
3,B_task,4_distractors,97,-0.38895634,0.0,0.0,1.0,7.446204
3,B_task,4_distractors,98,-0.21568523,0.0,0.0,1.0,6.9499254
3,B_task,4_distractors,99,-0.6588824,0.0,0.0,0.0,19.64653
3,B_task,fast_distractors,0,-0.33025268,0.0,0.0,0.0,9.979651
3,B_task,fast_distractors,1,-0.3208844,0.0,0.0,1.0,4.1677322
3,B_task,fast_distractors,2,-0.6604367,0.0,0.0,0.0,23.072536
3,B_task,fast_distractors,3,-0.47152817,0.0,0.0,0.0,15.424668
3,B_task,fast_distractors,4,-0.18064259,0.0,0.0,1.0,5.2790895
3,B_task,fast_distractors,5,-0.6615619,0.0,0.0,0.0,23.454712
3,B_task,fast_distractors,6,-0.32126418,0.0,0.0,1.0,9.419799
3,B_task,fast_distractors,7,-0.7794705,0.0,0.0,0.0,28.37372
3,B_task,fast_distractors,8,-0.5461155,0.0,0.0,0.0,18.47742
3,B_task,fast_distractors,9,-0.47001025,0.0,0.0,0.0,13.80601
3,B_task,fast_distractors,10,-0.62126106,0.0,0.0,0.0,22.708113
3,B_task,fast_distractors,11,-0.6571771,0.0,0.0,1.0,16.885086
3,B_task,fast_distractors,12,-0.15315084,0.0,0.0,1.0,7.1561065
3,B_task,fast_distractors,13,-0.7270256,0.0,0.0,0.0,21.697784
3,B_task,fast_distractors,14,-0.3429891,0.0,0.0,0.0,11.526995
3,B_task,fast_distractors,15,-0.70253825,0.0,0.0,0.0,22.664984
3,B_task,fast_distractors,16,-0.33781177,0.0,0.0,1.0,16.67963
3,B_task,fast_distractors,17,-0.055417404,0.0,0.0,1.0,4.7657022
3,B_task,fast_distractors,18,-0.47481775,0.0,0.0,1.0,12.349813
3,B_task,fast_distractors,19,-0.7774329,0.0,0.0,0.0,29.000015
3,B_task,fast_distractors,20,-0.34590688,0.0,0.0,0.0,13.756661
3,B_task,fast_distractors,21,-0.12765981,0.0,0.0,1.0,2.627382
3,B_task,fast_distractors,22,-0.23987335,0.0,0.0,1.0,10.344257
3,B_task,fast_distractors,23,-0.05056921,0.0,0.1111111111111111,1.0,5.5768833
3,B_task,fast_distractors,24,-0.4204622,0.0,0.0,1.0,12.930431
3,B_task,fast_distractors,25,-0.5889613,0.0,0.0,0.0,23.230711
3,B_task,fast_distractors,26,-0.057631202,0.0,0.0,1.0,4.868997
3,B_task,fast_distractors,27,-0.21132551,0.0,0.0,1.0,9.394136
3,B_task,fast_distractors,28,-0.033807695,1.0,0.17777777777777778,1.0,0.6878351
3,B_task,fast_distractors,29,-0.426151,0.0,0.0,1.0,10.88149
3,B_task,fast_distractors,30,-0.60414743,0.0,0.0,1.0,19.585325
3,B_task,fast_distractors,31,-0.46970254,0.0,0.0,0.0,18.3142
3,B_task,fast_distractors,32,-0.7681331,0.0,0.0,0.0,27.857538
3,B_task,fast_distractors,33,-0.33081454,0.0,0.0,0.0,12.98256
3,B_task,fast_distractors,34,-0.5089113,0.0,0.0,0.0,16.236622
3,B_task,fast_distractors,35,-0.2861147,0.0,0.0,1.0,9.914025
3,B_task,fast_distractors,36,-0.33500376,0.0,0.0,1.0,16.806479
3,B_task,fast_distractors,37,-0.71736974,0.0,0.0,0.0,22.32495
3,B_task,fast_distractors,38,-0.2873163,0.0,0.0,1.0,6.069453
3,B_task,fast_distractors,39,-0.55520946,0.0,0.0,0.0,19.638689
3,B_task,fast_distractors,40,-0.3799347,0.0,0.0,1.0,7.8759727
3,B_task,fast_distractors,41,-0.030380467,1.0,0.28888888888888886,1.0,1.0314218
3,B_task,fast_distractors,42,-0.35229528,0.0,0.0,1.0,12.381972
3,B_task,fast_distractors,43,-0.3391963,0.0,0.0,1.0,11.695039
3,B_task,fast_distractors,44,-0.40727648,0.0,0.0,0.0,10.823505
3,B_task,fast_distractors,45,-0.37567377,0.0,0.0,1.0,11.669539
3,B_task,fast_distractors,46,-0.75041366,0.0,0.0,0.0,26.605453
3,B_task,fast_distractors,47,-0.11301606,0.0,0.0,1.0,3.8611581
3,B_task,fast_distractors,48,-0.5029264,0.0,0.0,1.0,13.719412
3,B_task,fast_distractors,49,-0.3242603,0.0,0.0,0.0,9.746702
3,B_task,fast_distractors,50,-0.122876085,0.0,0.1111111111111111,1.0,2.323143
3,B_task,fast_distractors,51,-0.7418337,0.0,0.0,0.0,24.109451
3,B_task,fast_distractors,52,-0.16594915,0.0,0.0,1.0,4.863803
3,B_task,fast_distractors,53,-0.57036644,0.0,0.0,0.0,20.267641
3,B_task,fast_distractors,54,-0.2818169,0.0,0.0,0.0,14.697687
3,B_task,fast_distractors,55,-0.38592365,0.0,0.0,1.0,5.340429
3,B_task,fast_distractors,56,0.04906491,0.0,0.13333333333333333,1.0,3.3125048
3,B_task,fast_distractors,57,-0.81464523,0.0,0.0,0.0,21.673872
3,B_task,fast_distractors,58,-0.3757851,0.0,0.0,1.0,12.978304
3,B_task,fast_distractors,59,-0.53678125,0.0,0.0,0.0,21.066858
3,B_task,fast_distractors,60,-0.7340046,0.0,0.0,0.0,21.455677
3,B_task,fast_distractors,61,-0.33057114,0.0,0.0,0.0,13.633101
3,B_task,fast_distractors,62,-0.46839395,0.0,0.0,1.0,10.667561
3,B_task,fast_distractors,63,-0.25939316,0.0,0.0,0.0,10.344261
3,B_task,fast_distractors,64,-0.6802184,0.0,0.0,0.0,26.403759
3,B_task,fast_distractors,65,-0.13768479,0.0,0.0,1.0,7.9857693
3,B_task,fast_distractors,66,0.056491837,0.0,0.26666666666666666,1.0,6.9678774
3,B_task,fast_distractors,67,-0.23926586,0.0,0.0,1.0,11.432107
3,B_task,fast_distractors,68,-0.90389615,0.0,0.0,0.0,29.839706
3,B_task,fast_distractors,69,-0.3012073,0.0,0.0,1.0,6.2335496
3,B_task,fast_distractors,70,-0.26854217,0.0,0.0,0.0,6.738913
3,B_task,fast_distractors,71,-0.6636099,0.0,0.0,0.0,23.595577
3,B_task,fast_distractors,72,0.05290062,0.0,0.15555555555555556,1.0,4.9531116
3,B_task,fast_distractors,73,-0.4356166,0.0,0.0,1.0,15.743727
3,B_task,fast_distractors,74,-0.6290085,0.0,0.0,0.0,21.738264
3,B_task,fast_distractors,75,-0.53104436,0.0,0.0,0.0,18.677269
3,B_task,fast_distractors,76,-0.26736447,0.0,0.0,1.0,8.338936
3,B_task,fast_distractors,77,-0.7205899,0.0,0.0,0.0,28.547739
3,B_task,fast_distractors,78,-0.42893627,0.0,0.0,1.0,11.072358
3,B_task,fast_distractors,79,-0.15149228,0.0,0.0,1.0,4.6319075
3,B_task,fast_distractors,80,-0.70183045,0.0,0.0,0.0,21.851036
3,B_task,fast_distractors,81,-0.52714765,0.0,0.0,1.0,11.199757
3,B_task,fast_distractors,82,-0.52981603,0.0,0.0,1.0,17.71847
3,B_task,fast_distractors,83,-0.74720204,0.0,0.0,0.0,24.177868
3,B_task,fast_distractors,84,-0.47969636,0.0,0.0,0.0,17.619616
3,B_task,fast_distractors,85,-0.74994296,0.0,0.0,0.0,24.788944
3,B_task,fast_distractors,86,-0.4985481,0.0,0.0,0.0,12.090897
3,B_task,fast_distractors,87,-0.32381204,0.0,0.0,1.0,13.661031
3,B_task,fast_distractors,88,-0.29936382,0.0,0.0,1.0,11.414279
3,B_task,fast_distractors,89,-0.3219915,0.0,0.0,0.0,15.059085
3,B_task,fast_distractors,90,-0.61680716,0.0,0.0,0.0,20.244112
3,B_task,fast_distractors,91,-0.7438172,0.0,0.0,0.0,16.414455
3,B_task,fast_distractors,92,-0.37285224,0.0,0.0,0.0,9.8329935
3,B_task,fast_distractors,93,-0.51377296,0.0,0.0,1.0,9.937011
3,B_task,fast_distractors,94,-0.24613783,0.0,0.0,1.0,7.050776
3,B_task,fast_distractors,95,-0.57307243,0.0,0.0,0.0,20.220633
3,B_task,fast_distractors,96,-0.6876662,0.0,0.0,0.0,23.876064
3,B_task,fast_distractors,97,-0.33450213,0.0,0.0,1.0,7.785922
3,B_task,fast_distractors,98,-0.18493998,0.0,0.0,1.0,5.682818
3,B_task,fast_distractors,99,-0.67408586,0.0,0.0,0.0,19.37264
3,B_task,unseen_distractor_hues,0,-0.3571675,0.0,0.0,0.0,14.501933
3,B_task,unseen_distractor_hues,1,-0.23298809,0.0,0.0,1.0,2.2169862
3,B_task,unseen_distractor_hues,2,-0.69604164,0.0,0.0,0.0,23.923334
3,B_task,unseen_distractor_hues,3,-0.44095027,0.0,0.0,0.0,12.689698
3,B_task,unseen_distractor_hues,4,-0.25833786,0.0,0.0,1.0,8.294231
3,B_task,unseen_distractor_hues,5,-0.68477124,0.0,0.0,0.0,23.177181
3,B_task,unseen_distractor_hues,6,-0.21747951,0.0,0.0,1.0,1.8479655
3,B_task,unseen_distractor_hues,7,-0.76628894,0.0,0.0,0.0,27.237675
3,B_task,unseen_distractor_hues,8,-0.55078644,0.0,0.0,0.0,18.614515
3,B_task,unseen_distractor_hues,9,-0.5007295,0.0,0.0,0.0,16.08415
3,B_task,unseen_distractor_hues,10,-0.60971695,0.0,0.0,0.0,21.782309
3,B_task,unseen_distractor_hues,11,-0.62281144,0.0,0.0,1.0,14.085624
3,B_task,unseen_distractor_hues,12,-0.15864873,0.0,0.0,1.0,4.51365
3,B_task,unseen_distractor_hues,13,-0.7789548,0.0,0.0,0.0,22.878511
3,B_task,unseen_distractor_hues,14,-0.4410066,0.0,0.0,0.0,15.41108
3,B_task,unseen_distractor_hues,15,-0.70583767,0.0,0.0,0.0,23.277475
3,B_task,unseen_distractor_hues,16,-0.34289137,0.0,0.0,1.0,15.40795
3,B_task,unseen_distractor_hues,17,-0.10056097,0.0,0.0,1.0,5.2836285
3,B_task,unseen_distractor_hues,18,-0.4845516,0.0,0.0,1.0,15.291887
3,B_task,unseen_distractor_hues,19,-0.7896873,0.0,0.0,0.0,28.147835
3,B_task,unseen_distractor_hues,20,-0.357863,0.0,0.0,0.0,15.537171
3,B_task,unseen_distractor_hues,21,-0.15919879,0.0,0.0,1.0,5.4768233
3,B_task,unseen_distractor_hues,22,-0.23432952,0.0,0.0,1.0,11.246834
3,B_task,unseen_distractor_hues,23,-0.047517024,0.0,0.15555555555555556,1.0,7.8229537
3,B_task,unseen_distractor_hues,24,-0.3707935,0.0,0.0,1.0,12.211128
3,B_task,unseen_distractor_hues,25,-0.6122241,0.0,0.0,0.0,25.626799
3,B_task,unseen_distractor_hues,26,-0.044678062,0.0,0.0,1.0,3.6475844
3,B_task,unseen_distractor_hues,27,-0.21108963,0.0,0.0,1.0,9.890629
3,B_task,unseen_distractor_hues,28,-0.12722458,0.0,0.0,1.0,2.8190463
3,B_task,unseen_distractor_hues,29,-0.40313038,0.0,0.0,1.0,8.286121
3,B_task,unseen_distractor_hues,30,-0.60796016,0.0,0.0,1.0,19.089863
3,B_task,unseen_distractor_hues,31,-0.5467618,0.0,0.0,0.0,19.573082
3,B_task,unseen_distractor_hues,32,-0.74060816,0.0,0.0,0.0,22.840845
3,B_task,unseen_distractor_hues,33,-0.34376565,0.0,0.0,0.0,17.837275
3,B_task,unseen_distractor_hues,34,-0.49824798,0.0,0.0,0.0,14.66926
3,B_task,unseen_distractor_hues,35,-0.30724442,0.0,0.0,1.0,12.317443
3,B_task,unseen_distractor_hues,36,-0.30921617,0.0,0.0,1.0,11.73738
3,B_task,unseen_distractor_hues,37,-0.70427597,0.0,0.0,0.0,21.468256
3,B_task,unseen_distractor_hues,38,-0.3201528,0.0,0.0,1.0,8.157178
3,B_task,unseen_distractor_hues,39,-0.64735687,0.0,0.0,0.0,24.763592
3,B_task,unseen_distractor_hues,40,-0.40228674,0.0,0.0,1.0,11.290479
3,B_task,unseen_distractor_hues,41,-0.15439183,1.0,0.1111111111111111,1.0,1.1051452
3,B_task,unseen_distractor_hues,42,-0.35300028,0.0,0.0,1.0,12.053664
3,B_task,unseen_distractor_hues,43,-0.43966275,0.0,0.0,1.0,14.86171
3,B_task,unseen_distractor_hues,44,-0.39451137,0.0,0.0,0.0,8.705979
3,B_task,unseen_distractor_hues,45,-0.40213537,0.0,0.0,0.0,14.040293
3,B_task,unseen_distractor_hues,46,-0.75551426,0.0,0.0,0.0,29.168007
3,B_task,unseen_distractor_hues,47,-0.06605253,0.0,0.0,1.0,2.0836308
3,B_task,unseen_distractor_hues,48,-0.50751156,0.0,0.0,1.0,14.974085
3,B_task,unseen_distractor_hues,49,-0.4086833,0.0,0.0,0.0,11.059103
3,B_task,unseen_distractor_hues,50,-0.2054355,0.0,0.0,1.0,2.434619
3,B_task,unseen_distractor_hues,51,-0.7801692,0.0,0.0,0.0,26.454393
3,B_task,unseen_distractor_hues,52,-0.24168625,0.0,0.0,1.0,7.2983184
3,B_task,unseen_distractor_hues,53,-0.5424809,0.0,0.0,0.0,17.722641
3,B_task,unseen_distractor_hues,54,-0.32157266,0.0,0.0,0.0,17.781773
3,B_task,unseen_distractor_hues,55,-0.38038015,0.0,0.0,1.0,6.2729125
3,B_task,unseen_distractor_hues,56,0.120885655,1.0,0.26666666666666666,1.0,0.53278154
3,B_task,unseen_distractor_hues,57,-0.8044984,0.0,0.0,0.0,23.070599
3,B_task,unseen_distractor_hues,58,-0.3644575,0.0,0.0,0.0,11.657895
3,B_task,unseen_distractor_hues,59,-0.5057605,0.0,0.0,0.0,21.041985
3,B_task,unseen_distractor_hues,60,-0.7496679,0.0,0.0,0.0,23.982077
3,B_task,unseen_distractor_hues,61,-0.33872184,0.0,0.0,0.0,14.694506
3,B_task,unseen_distractor_hues,62,-0.4130046,0.0,0.0,1.0,10.056378
3,B_task,unseen_distractor_hues,63,-0.3256094,0.0,0.0,0.0,15.238496
3,B_task,unseen_distractor_hues,64,-0.7082143,0.0,0.0,0.0,27.817825
3,B_task,unseen_distractor_hues,65,-0.12843293,0.0,0.0,1.0,7.5602365
3,B_task,unseen_distractor_hues,66,0.046989117,0.0,0.2,1.0,5.4061675
3,B_task,unseen_distractor_hues,67,-0.26358083,0.0,0.0,1.0,13.685057
3,B_task,unseen_distractor_hues,68,-0.90337294,0.0,0.0,0.0,28.898977
3,B_task,unseen_distractor_hues,69,-0.36042795,0.0,0.0,1.0,11.561344
3,B_task,unseen_distractor_hues,70,-0.26618248,0.0,0.0,0.0,7.123494
3,B_task,unseen_distractor_hues,71,-0.6115911,0.0,0.0,0.0,20.421953
3,B_task,unseen_distractor_hues,72,-0.039500736,0.0,0.0,1.0,7.9736695
3,B_task,unseen_distractor_hues,73,-0.34601685,0.0,0.0,1.0,10.987478
3,B_task,unseen_distractor_hues,74,-0.68144375,0.0,0.0,0.0,23.569115
3,B_task,unseen_distractor_hues,75,-0.50146824,0.0,0.0,0.0,17.214352
3,B_task,unseen_distractor_hues,76,-0.27229548,0.0,0.0,1.0,8.93556
3,B_task,unseen_distractor_hues,77,-0.72201693,0.0,0.0,0.0,26.052645
3,B_task,unseen_distractor_hues,78,-0.43280903,0.0,0.0,1.0,11.824145
3,B_task,unseen_distractor_hues,79,-0.1944604,0.0,0.0,1.0,6.02115
3,B_task,unseen_distractor_hues,80,-0.71628886,0.0,0.0,0.0,22.407373
3,B_task,unseen_distractor_hues,81,-0.49074888,0.0,0.0,0.0,11.585078
3,B_task,unseen_distractor_hues,82,-0.54316175,0.0,0.0,1.0,18.460854
3,B_task,unseen_distractor_hues,83,-0.7681378,0.0,0.0,0.0,24.16093
3,B_task,unseen_distractor_hues,84,-0.42881173,0.0,0.0,0.0,14.899246
3,B_task,unseen_distractor_hues,85,-0.6784902,0.0,0.0,1.0,20.227465
3,B_task,unseen_distractor_hues,86,-0.47045425,0.0,0.0,0.0,10.3038645
3,B_task,unseen_distractor_hues,87,-0.24719428,0.0,0.0,1.0,2.8170762
3,B_task,unseen_distractor_hues,88,-0.30930817,0.0,0.0,1.0,11.790763
3,B_task,unseen_distractor_hues,89,-0.3525283,0.0,0.0,0.0,15.75432
3,B_task,unseen_distractor_hues,90,-0.6467176,0.0,0.0,0.0,20.070099
3,B_task,unseen_distractor_hues,91,-0.82947457,0.0,0.0,0.0,19.656742
3,B_task,unseen_distractor_hues,92,-0.4262786,0.0,0.0,0.0,13.354339
3,B_task,unseen_distractor_hues,93,-0.50038916,0.0,0.0,1.0,7.6789646
3,B_task,unseen_distractor_hues,94,-0.032876663,1.0,0.2222222222222222,1.0,0.96460664
3,B_task,unseen_distractor_hues,95,-0.5272982,0.0,0.0,0.0,15.72968
3,B_task,unseen_distractor_hues,96,-0.62122285,0.0,0.0,0.0,23.568743
3,B_task,unseen_distractor_hues,97,-0.3796653,0.0,0.0,1.0,9.104479
3,B_task,unseen_distractor_hues,98,-0.20593804,0.0,0.0,1.0,7.0196567
3,B_task,unseen_distractor_hues,99,-0.6866653,0.0,0.0,0.0,23.199907
3,B_task,heavy_pixel_noise,0,-0.32589054,0.0,0.0,0.0,10.272154
3,B_task,heavy_pixel_noise,1,-0.31065506,0.0,0.0,1.0,4.585216
3,B_task,heavy_pixel_noise,2,-0.67237616,0.0,0.0,0.0,23.905748
3,B_task,heavy_pixel_noise,3,-0.44119203,0.0,0.0,0.0,13.044176
3,B_task,heavy_pixel_noise,4,-0.22222579,0.0,0.0,1.0,7.065276
3,B_task,heavy_pixel_noise,5,-0.6655095,0.0,0.0,0.0,23.466572
3,B_task,heavy_pixel_noise,6,-0.3031395,0.0,0.0,1.0,4.125969
3,B_task,heavy_pixel_noise,7,-0.8011509,0.0,0.0,0.0,28.509962
3,B_task,heavy_pixel_noise,8,-0.5490195,0.0,0.0,0.0,18.657991
3,B_task,heavy_pixel_noise,9,-0.40415335,0.0,0.0,1.0,8.108685
3,B_task,heavy_pixel_noise,10,-0.6162118,0.0,0.0,0.0,22.417671
3,B_task,heavy_pixel_noise,11,-0.6497031,0.0,0.0,1.0,17.036234
3,B_task,heavy_pixel_noise,12,-0.17071788,0.0,0.0,1.0,8.510386
3,B_task,heavy_pixel_noise,13,-0.71756727,0.0,0.0,0.0,20.98673
3,B_task,heavy_pixel_noise,14,-0.3903585,0.0,0.0,0.0,14.639167
3,B_task,heavy_pixel_noise,15,-0.70906585,0.0,0.0,0.0,24.310192
3,B_task,heavy_pixel_noise,16,-0.3093417,0.0,0.0,1.0,14.495402
3,B_task,heavy_pixel_noise,17,-0.12983388,0.0,0.0,1.0,5.4494185
3,B_task,heavy_pixel_noise,18,-0.37807274,0.0,0.0,1.0,3.1253421
3,B_task,heavy_pixel_noise,19,-0.7936978,0.0,0.0,0.0,29.087685
3,B_task,heavy_pixel_noise,20,-0.3918434,0.0,0.0,0.0,15.194492
3,B_task,heavy_pixel_noise,21,-0.14767979,0.0,0.0,1.0,3.0196404
3,B_task,heavy_pixel_noise,22,-0.26563242,0.0,0.0,1.0,13.512921
3,B_task,heavy_pixel_noise,23,-0.18520279,0.0,0.0,1.0,6.1831794
3,B_task,heavy_pixel_noise,24,-0.3948868,0.0,0.0,1.0,11.650473
3,B_task,heavy_pixel_noise,25,-0.59739536,0.0,0.0,0.0,23.214083
3,B_task,heavy_pixel_noise,26,-0.06845337,0.0,0.0,1.0,5.5780077
3,B_task,heavy_pixel_noise,27,-0.1974219,0.0,0.0,1.0,8.193262
3,B_task,heavy_pixel_noise,28,-0.112719335,1.0,0.044444444444444446,1.0,1.1434587
3,B_task,heavy_pixel_noise,29,-0.43509924,0.0,0.0,1.0,12.18779
3,B_task,heavy_pixel_noise,30,-0.64148986,0.0,0.0,1.0,21.152508
3,B_task,heavy_pixel_noise,31,-0.46145928,0.0,0.0,0.0,18.50089
3,B_task,heavy_pixel_noise,32,-0.7659218,0.0,0.0,0.0,29.063448
3,B_task,heavy_pixel_noise,33,-0.34923828,0.0,0.0,0.0,15.80478
3,B_task,heavy_pixel_noise,34,-0.51121354,0.0,0.0,0.0,16.436401
3,B_task,heavy_pixel_noise,35,-0.32216504,0.0,0.0,1.0,11.243363
3,B_task,heavy_pixel_noise,36,-0.323887,0.0,0.0,1.0,13.304925
3,B_task,heavy_pixel_noise,37,-0.7139766,0.0,0.0,0.0,22.558186
3,B_task,heavy_pixel_noise,38,-0.33197102,0.0,0.0,1.0,10.400982
3,B_task,heavy_pixel_noise,39,-0.601451,0.0,0.0,0.0,21.441952
3,B_task,heavy_pixel_noise,40,-0.45148137,0.0,0.0,1.0,13.815001
3,B_task,heavy_pixel_noise,41,-0.07899718,0.0,0.17777777777777778,1.0,2.3374405
3,B_task,heavy_pixel_noise,42,-0.32102993,0.0,0.0,1.0,12.435781
3,B_task,heavy_pixel_noise,43,-0.37491566,0.0,0.0,1.0,12.880678
3,B_task,heavy_pixel_noise,44,-0.42065573,0.0,0.0,0.0,12.118117
3,B_task,heavy_pixel_noise,45,-0.37877807,0.0,0.0,1.0,12.284872
3,B_task,heavy_pixel_noise,46,-0.7251659,0.0,0.0,0.0,27.346422
3,B_task,heavy_pixel_noise,47,-0.15643433,0.0,0.0,1.0,4.921156
3,B_task,heavy_pixel_noise,48,-0.4740481,0.0,0.0,1.0,11.895867
3,B_task,heavy_pixel_noise,49,-0.30747432,0.0,0.0,0.0,7.698257
3,B_task,heavy_pixel_noise,50,-0.26089677,0.0,0.0,1.0,5.7005
3,B_task,heavy_pixel_noise,51,-0.7924883,0.0,0.0,0.0,25.45633
3,B_task,heavy_pixel_noise,52,-0.19639145,0.0,0.0,1.0,4.9561486
3,B_task,heavy_pixel_noise,53,-0.50922465,0.0,0.0,0.0,15.676157
3,B_task,heavy_pixel_noise,54,-0.26433954,0.0,0.0,0.0,13.706057
3,B_task,heavy_pixel_noise,55,-0.39684016,0.0,0.0,1.0,6.5140734
3,B_task,heavy_pixel_noise,56,-0.045156676,0.0,0.13333333333333333,1.0,6.2082195
3,B_task,heavy_pixel_noise,57,-0.758979,0.0,0.0,0.0,18.454823
3,B_task,heavy_pixel_noise,58,-0.36417258,0.0,0.0,1.0,11.615379
3,B_task,heavy_pixel_noise,59,-0.53009796,0.0,0.0,0.0,21.422638
3,B_task,heavy_pixel_noise,60,-0.78019696,0.0,0.0,0.0,25.906597
3,B_task,heavy_pixel_noise,61,-0.3428229,0.0,0.0,0.0,14.448838
3,B_task,heavy_pixel_noise,62,-0.43880263,0.0,0.0,1.0,10.295735
3,B_task,heavy_pixel_noise,63,-0.321011,0.0,0.0,0.0,15.294347
3,B_task,heavy_pixel_noise,64,-0.6566301,0.0,0.0,0.0,25.134304
3,B_task,heavy_pixel_noise,65,-0.13330972,0.0,0.0,1.0,8.403243
3,B_task,heavy_pixel_noise,66,0.047637325,0.0,0.2222222222222222,1.0,5.369259
3,B_task,heavy_pixel_noise,67,-0.2512425,0.0,0.0,1.0,11.135111
3,B_task,heavy_pixel_noise,68,-0.9439004,0.0,0.0,0.0,31.443783
3,B_task,heavy_pixel_noise,69,-0.33774796,0.0,0.0,1.0,8.17501
3,B_task,heavy_pixel_noise,70,-0.2601654,0.0,0.0,0.0,8.272292
3,B_task,heavy_pixel_noise,71,-0.669786,0.0,0.0,0.0,23.961155
3,B_task,heavy_pixel_noise,72,0.08107715,0.0,0.0,1.0,1.9589543
3,B_task,heavy_pixel_noise,73,-0.30814344,0.0,0.0,1.0,5.139736
3,B_task,heavy_pixel_noise,74,-0.6202693,0.0,0.0,0.0,21.68286
3,B_task,heavy_pixel_noise,75,-0.50546384,0.0,0.0,0.0,16.790323
3,B_task,heavy_pixel_noise,76,-0.2652818,0.0,0.0,1.0,8.713075
3,B_task,heavy_pixel_noise,77,-0.728405,0.0,0.0,0.0,25.804321
3,B_task,heavy_pixel_noise,78,-0.43354335,0.0,0.0,1.0,11.221519
3,B_task,heavy_pixel_noise,79,-0.20205323,0.0,0.0,1.0,7.4874444
3,B_task,heavy_pixel_noise,80,-0.70944923,0.0,0.0,0.0,21.629892
3,B_task,heavy_pixel_noise,81,-0.5498942,0.0,0.0,0.0,12.325129
3,B_task,heavy_pixel_noise,82,-0.53391874,0.0,0.0,1.0,17.371864
3,B_task,heavy_pixel_noise,83,-0.7588889,0.0,0.0,0.0,24.189285
3,B_task,heavy_pixel_noise,84,-0.50736773,0.0,0.0,0.0,19.298288
3,B_task,heavy_pixel_noise,85,-0.71136034,0.0,0.0,1.0,22.16911
3,B_task,heavy_pixel_noise,86,-0.5136322,0.0,0.0,0.0,13.728452
3,B_task,heavy_pixel_noise,87,-0.3202608,0.0,0.0,1.0,10.949126
3,B_task,heavy_pixel_noise,88,-0.2916726,0.0,0.0,1.0,11.028518
3,B_task,heavy_pixel_noise,89,-0.3577691,0.0,0.0,0.0,17.213446
3,B_task,heavy_pixel_noise,90,-0.61012787,0.0,0.0,0.0,20.23145
3,B_task,heavy_pixel_noise,91,-0.7977658,0.0,0.0,0.0,18.755367
3,B_task,heavy_pixel_noise,92,-0.43792504,0.0,0.0,0.0,15.509654
3,B_task,heavy_pixel_noise,93,-0.6110135,0.0,0.0,0.0,18.13733
3,B_task,heavy_pixel_noise,94,-0.16758543,0.0,0.0,1.0,1.7610141
3,B_task,heavy_pixel_noise,95,-0.5422354,0.0,0.0,0.0,19.515377
3,B_task,heavy_pixel_noise,96,-0.7001598,0.0,0.0,0.0,25.14036
3,B_task,heavy_pixel_noise,97,-0.34491816,0.0,0.0,1.0,7.1022406
3,B_task,heavy_pixel_noise,98,-0.1795711,0.0,0.0,1.0,5.816142
3,B_task,heavy_pixel_noise,99,-0.6600314,0.0,0.0,0.0,20.357319
3,C_scene,in_distribution,0,-0.3255214,0.0,0.0,1.0,8.244704
3,C_scene,in_distribution,1,-0.35816947,0.0,0.0,1.0,10.257092
3,C_scene,in_distribution,2,-0.59442484,0.0,0.0,0.0,16.66196
3,C_scene,in_distribution,3,-0.47179392,0.0,0.0,0.0,13.976053
3,C_scene,in_distribution,4,-0.32660943,0.0,0.0,1.0,7.5251126
3,C_scene,in_distribution,5,-0.7470837,0.0,0.0,0.0,24.874863
3,C_scene,in_distribution,6,-0.33525997,0.0,0.0,1.0,8.084976
3,C_scene,in_distribution,7,-0.718784,0.0,0.0,0.0,24.14686
3,C_scene,in_distribution,8,-0.5384786,0.0,0.0,0.0,16.061676
3,C_scene,in_distribution,9,-0.38852283,0.0,0.0,1.0,6.1895256
3,C_scene,in_distribution,10,-0.6189715,0.0,0.0,0.0,20.444721
3,C_scene,in_distribution,11,-0.6644525,0.0,0.0,0.0,21.06058
3,C_scene,in_distribution,12,-0.045120895,0.0,0.0,1.0,2.677544
3,C_scene,in_distribution,13,-0.77055883,0.0,0.0,0.0,23.295704
3,C_scene,in_distribution,14,-0.53912395,0.0,0.0,0.0,16.851904
3,C_scene,in_distribution,15,-0.5452485,0.0,0.0,0.0,15.544052
3,C_scene,in_distribution,16,-0.3041328,0.0,0.0,1.0,12.070586
3,C_scene,in_distribution,17,-0.15397128,0.0,0.0,1.0,6.213868
3,C_scene,in_distribution,18,-0.5185556,0.0,0.0,0.0,18.016401
3,C_scene,in_distribution,19,-0.76086485,0.0,0.0,0.0,24.12368
3,C_scene,in_distribution,20,-0.3866711,0.0,0.0,0.0,12.621589
3,C_scene,in_distribution,21,-0.26036507,0.0,0.0,0.0,10.26818
3,C_scene,in_distribution,22,-0.21859667,0.0,0.0,1.0,8.911664
3,C_scene,in_distribution,23,0.028196553,0.0,0.17777777777777778,1.0,4.2253942
3,C_scene,in_distribution,24,-0.3904946,0.0,0.0,1.0,12.114437
3,C_scene,in_distribution,25,-0.5752488,0.0,0.0,0.0,21.426943
3,C_scene,in_distribution,26,-0.22798002,0.0,0.0,1.0,21.49338
3,C_scene,in_distribution,27,-0.22497232,0.0,0.0,1.0,7.4243727
3,C_scene,in_distribution,28,-0.19665717,0.0,0.0,1.0,5.4033623
3,C_scene,in_distribution,29,-0.41549844,0.0,0.0,1.0,14.790023
3,C_scene,in_distribution,30,-0.59243894,0.0,0.0,1.0,20.683254
3,C_scene,in_distribution,31,-0.47033823,0.0,0.0,0.0,14.693041
3,C_scene,in_distribution,32,-0.7645239,0.0,0.0,0.0,23.656544
3,C_scene,in_distribution,33,-0.60294336,0.0,0.0,0.0,25.427502
3,C_scene,in_distribution,34,-0.5059269,0.0,0.0,0.0,14.94959
3,C_scene,in_distribution,35,-0.28424817,0.0,0.0,1.0,10.029865
3,C_scene,in_distribution,36,-0.26644093,0.0,0.0,1.0,8.440335
3,C_scene,in_distribution,37,-0.71504676,0.0,0.0,0.0,24.787157
3,C_scene,in_distribution,38,-0.3856592,0.0,0.0,0.0,13.640755
3,C_scene,in_distribution,39,-0.612192,0.0,0.0,0.0,17.282848
3,C_scene,in_distribution,40,-0.40761316,0.0,0.0,1.0,11.192902
3,C_scene,in_distribution,41,-0.24675426,0.0,0.0,1.0,6.1516976
3,C_scene,in_distribution,42,-0.35515833,0.0,0.0,1.0,13.502737
3,C_scene,in_distribution,43,-0.33258536,0.0,0.0,1.0,9.879321
3,C_scene,in_distribution,44,-0.4197676,0.0,0.0,0.0,14.904574
3,C_scene,in_distribution,45,-0.45267415,0.0,0.0,0.0,15.757171
3,C_scene,in_distribution,46,-0.6601972,0.0,0.0,0.0,20.293802
3,C_scene,in_distribution,47,-0.27793092,0.0,0.0,0.0,11.13311
3,C_scene,in_distribution,48,-0.51596314,0.0,0.0,1.0,16.915651
3,C_scene,in_distribution,49,-0.33358762,0.0,0.0,0.0,11.505314
3,C_scene,in_distribution,50,-0.015180874,0.0,0.2222222222222222,1.0,3.013338
3,C_scene,in_distribution,51,-0.7353982,0.0,0.0,0.0,25.887096
3,C_scene,in_distribution,52,-0.16771814,0.0,0.0,1.0,6.9378433
3,C_scene,in_distribution,53,-0.55277437,0.0,0.0,1.0,20.29969
3,C_scene,in_distribution,54,-0.25237185,0.0,0.0,1.0,8.613753
3,C_scene,in_distribution,55,-0.45591408,0.0,0.0,0.0,12.00973
3,C_scene,in_distribution,56,-0.053153403,0.0,0.13333333333333333,1.0,8.040261
3,C_scene,in_distribution,57,-0.8146776,0.0,0.0,0.0,26.331161
3,C_scene,in_distribution,58,-0.50524896,0.0,0.0,0.0,20.309649
3,C_scene,in_distribution,59,-0.5490573,0.0,0.0,0.0,17.920881
3,C_scene,in_distribution,60,-0.6017723,0.0,0.0,1.0,16.367847
3,C_scene,in_distribution,61,-0.34121466,0.0,0.0,0.0,10.94451
3,C_scene,in_distribution,62,-0.40886337,0.0,0.0,0.0,13.593875
3,C_scene,in_distribution,63,-0.35279477,0.0,0.0,0.0,16.703821
3,C_scene,in_distribution,64,-0.6807358,0.0,0.0,0.0,25.327755
3,C_scene,in_distribution,65,-0.108263426,0.0,0.0,1.0,3.93575
3,C_scene,in_distribution,66,-0.26110643,0.0,0.0,0.0,12.211122
3,C_scene,in_distribution,67,-0.29009217,0.0,0.0,1.0,8.277502
3,C_scene,in_distribution,68,-0.8727281,0.0,0.0,0.0,26.892136
3,C_scene,in_distribution,69,-0.37820384,0.0,0.0,0.0,9.702873
3,C_scene,in_distribution,70,-0.27924493,0.0,0.0,1.0,5.8986487
3,C_scene,in_distribution,71,-0.7349805,0.0,0.0,0.0,22.961384
3,C_scene,in_distribution,72,-0.07650177,0.0,0.06666666666666667,1.0,10.3680725
3,C_scene,in_distribution,73,-0.40573123,0.0,0.0,1.0,14.063831
3,C_scene,in_distribution,74,-0.6729432,0.0,0.0,0.0,24.073303
3,C_scene,in_distribution,75,-0.56802124,0.0,0.0,1.0,21.884998
3,C_scene,in_distribution,76,-0.24356039,0.0,0.0,0.0,10.77075
3,C_scene,in_distribution,77,-0.6792539,0.0,0.0,0.0,23.46356
3,C_scene,in_distribution,78,-0.5051063,0.0,0.0,1.0,19.786015
3,C_scene,in_distribution,79,-0.20413715,0.0,0.0,1.0,4.8073273
3,C_scene,in_distribution,80,-0.7543741,0.0,0.0,0.0,22.113104
3,C_scene,in_distribution,81,-0.51813483,0.0,0.0,1.0,14.373372
3,C_scene,in_distribution,82,-0.52882385,0.0,0.0,1.0,17.720762
3,C_scene,in_distribution,83,-0.812561,0.0,0.0,0.0,25.537182
3,C_scene,in_distribution,84,-0.47419113,0.0,0.0,0.0,16.964756
3,C_scene,in_distribution,85,-0.90171415,0.0,0.0,0.0,26.994146
3,C_scene,in_distribution,86,-0.46546674,0.0,0.0,0.0,13.0284605
3,C_scene,in_distribution,87,-0.2240458,0.0,0.0,1.0,6.2165747
3,C_scene,in_distribution,88,-0.42734158,0.0,0.0,1.0,25.318682
3,C_scene,in_distribution,89,-0.3230601,0.0,0.0,0.0,8.596545
3,C_scene,in_distribution,90,-0.6266571,0.0,0.0,0.0,20.740154
3,C_scene,in_distribution,91,-0.8904289,0.0,0.0,0.0,28.664354
3,C_scene,in_distribution,92,-0.34392038,0.0,0.0,0.0,10.431235
3,C_scene,in_distribution,93,-0.6052718,0.0,0.0,0.0,18.621492
3,C_scene,in_distribution,94,-0.22662869,0.0,0.0,1.0,7.516599
3,C_scene,in_distribution,95,-0.52941144,0.0,0.0,0.0,16.341093
3,C_scene,in_distribution,96,-0.6843756,0.0,0.0,0.0,23.06581
3,C_scene,in_distribution,97,-0.43248606,0.0,0.0,0.0,13.225305
3,C_scene,in_distribution,98,-0.19887663,0.0,0.0,1.0,7.346299
3,C_scene,in_distribution,99,-0.6078668,0.0,0.0,0.0,16.70921
3,C_scene,4_distractors,0,-0.30136976,0.0,0.0,0.0,6.5647755
3,C_scene,4_distractors,1,-0.3227484,0.0,0.0,1.0,9.262438
3,C_scene,4_distractors,2,-0.6373359,0.0,0.0,0.0,21.470854
3,C_scene,4_distractors,3,-0.36042407,0.0,0.0,0.0,8.845814
3,C_scene,4_distractors,4,-0.26837325,0.0,0.0,1.0,6.256839
3,C_scene,4_distractors,5,-0.622165,0.0,0.0,0.0,19.278513
3,C_scene,4_distractors,6,-0.27434552,0.0,0.0,1.0,3.637629
3,C_scene,4_distractors,7,-0.6750859,0.0,0.0,0.0,20.75708
3,C_scene,4_distractors,8,-0.4874091,0.0,0.0,0.0,15.132438
3,C_scene,4_distractors,9,-0.3335425,0.0,0.0,1.0,8.754744
3,C_scene,4_distractors,10,-0.5592984,0.0,0.0,0.0,17.418114
3,C_scene,4_distractors,11,-0.67272294,0.0,0.0,1.0,22.30774
3,C_scene,4_distractors,12,-0.45068753,0.0,0.0,0.0,23.3772
3,C_scene,4_distractors,13,-0.7764148,0.0,0.0,0.0,25.05265
3,C_scene,4_distractors,14,-0.41401842,0.0,0.0,0.0,12.878655
3,C_scene,4_distractors,15,-0.69279504,0.0,0.0,0.0,21.883661
3,C_scene,4_distractors,16,-0.26777524,0.0,0.0,1.0,10.112767
3,C_scene,4_distractors,17,-0.18076235,0.0,0.0,1.0,6.031605
3,C_scene,4_distractors,18,-0.53138816,0.0,0.0,0.0,17.988417
3,C_scene,4_distractors,19,-0.7422159,0.0,0.0,0.0,22.883905
3,C_scene,4_distractors,20,-0.34630483,0.0,0.0,0.0,11.685642
3,C_scene,4_distractors,21,-0.20328738,0.0,0.0,0.0,7.529288
3,C_scene,4_distractors,22,-0.24957658,0.0,0.0,1.0,9.644773
3,C_scene,4_distractors,23,0.09140567,0.0,0.28888888888888886,1.0,2.647229
3,C_scene,4_distractors,24,-0.33118677,0.0,0.0,1.0,8.247868
3,C_scene,4_distractors,25,-0.5923605,0.0,0.0,0.0,21.904345
3,C_scene,4_distractors,26,-0.13673013,0.0,0.0,1.0,4.99537
3,C_scene,4_distractors,27,-0.1342056,0.0,0.0,1.0,2.9009326
3,C_scene,4_distractors,28,-0.14427482,0.0,0.0,1.0,3.4226577
3,C_scene,4_distractors,29,-0.37243822,0.0,0.0,1.0,12.951663
3,C_scene,4_distractors,30,-0.564117,0.0,0.0,0.0,13.84155
3,C_scene,4_distractors,31,-0.41398638,0.0,0.0,0.0,10.311055
3,C_scene,4_distractors,32,-0.3976293,0.0,0.06666666666666667,1.0,5.300539
3,C_scene,4_distractors,33,-0.27973795,0.0,0.0,0.0,11.551221
3,C_scene,4_distractors,34,-0.3352424,0.0,0.0,1.0,2.963933
3,C_scene,4_distractors,35,-0.26132256,0.0,0.0,1.0,8.764429
3,C_scene,4_distractors,36,-0.23378605,0.0,0.0,1.0,6.1843877
3,C_scene,4_distractors,37,-0.70451176,0.0,0.0,0.0,24.197466
3,C_scene,4_distractors,38,-0.37421194,0.0,0.0,0.0,13.020974
3,C_scene,4_distractors,39,-0.66815865,0.0,0.0,0.0,26.029278
3,C_scene,4_distractors,40,-0.36451313,0.0,0.0,1.0,7.7941194
3,C_scene,4_distractors,41,-0.2132453,0.0,0.0,1.0,4.356868
3,C_scene,4_distractors,42,-0.46727896,0.0,0.0,1.0,22.573076
3,C_scene,4_distractors,43,-0.43071875,0.0,0.0,0.0,24.90459
3,C_scene,4_distractors,44,-0.40792698,0.0,0.0,0.0,10.35391
3,C_scene,4_distractors,45,-0.4119897,0.0,0.0,0.0,10.871626
3,C_scene,4_distractors,46,-0.6437306,0.0,0.0,0.0,18.512941
3,C_scene,4_distractors,47,-0.19558366,0.0,0.0,1.0,8.335527
3,C_scene,4_distractors,48,-0.50779426,0.0,0.0,1.0,14.785011
3,C_scene,4_distractors,49,-0.42344084,0.0,0.0,1.0,17.029993
3,C_scene,4_distractors,50,-0.34733063,0.0,0.0,0.0,8.406814
3,C_scene,4_distractors,51,-0.75349325,0.0,0.0,0.0,25.676899
3,C_scene,4_distractors,52,-0.21863993,0.0,0.0,1.0,7.904646
3,C_scene,4_distractors,53,-0.7505274,0.0,0.0,0.0,28.087446
3,C_scene,4_distractors,54,-0.13769798,0.0,0.0,1.0,6.8439474
3,C_scene,4_distractors,55,-0.57021296,0.0,0.0,0.0,18.588026
3,C_scene,4_distractors,56,-0.01937098,0.0,0.15555555555555556,1.0,5.0344067
3,C_scene,4_distractors,57,-0.7950446,0.0,0.0,0.0,25.293896
3,C_scene,4_distractors,58,-0.50434816,0.0,0.0,0.0,21.531544
3,C_scene,4_distractors,59,-0.5341154,0.0,0.0,1.0,17.522135
3,C_scene,4_distractors,60,-0.73988175,0.0,0.0,0.0,21.884104
3,C_scene,4_distractors,61,-0.32681587,0.0,0.0,0.0,10.860356
3,C_scene,4_distractors,62,-0.4550684,0.0,0.0,1.0,14.5002165
3,C_scene,4_distractors,63,-0.30553743,0.0,0.0,0.0,13.11302
3,C_scene,4_distractors,64,-0.5899293,0.0,0.0,1.0,21.893063
3,C_scene,4_distractors,65,0.10995759,1.0,0.37777777777777777,1.0,1.2209847
3,C_scene,4_distractors,66,0.15331103,0.0,0.4222222222222222,1.0,3.386513
3,C_scene,4_distractors,67,-0.35972607,0.0,0.0,1.0,15.933837
3,C_scene,4_distractors,68,-0.8268602,0.0,0.0,0.0,23.976137
3,C_scene,4_distractors,69,-0.56636405,0.0,0.0,0.0,20.033787
3,C_scene,4_distractors,70,-0.3042946,0.0,0.0,1.0,9.985989
3,C_scene,4_distractors,71,-0.6771259,0.0,0.0,0.0,20.999924
3,C_scene,4_distractors,72,0.15246052,0.0,0.3333333333333333,1.0,2.8363602
3,C_scene,4_distractors,73,-0.43188173,0.0,0.0,1.0,14.125772
3,C_scene,4_distractors,74,-0.6649005,0.0,0.0,0.0,21.431515
3,C_scene,4_distractors,75,-0.47949955,0.0,0.0,1.0,16.406963
3,C_scene,4_distractors,76,-0.528832,0.0,0.0,0.0,20.013412
3,C_scene,4_distractors,77,-0.6904692,0.0,0.0,0.0,21.540514
3,C_scene,4_distractors,78,-0.47582236,0.0,0.0,1.0,17.978453
3,C_scene,4_distractors,79,-0.2685232,0.0,0.0,0.0,9.491622
3,C_scene,4_distractors,80,-0.71286696,0.0,0.0,0.0,23.14651
3,C_scene,4_distractors,81,-0.49452454,0.0,0.0,1.0,11.918093
3,C_scene,4_distractors,82,-0.48858315,0.0,0.0,1.0,15.580887
3,C_scene,4_distractors,83,-0.8349553,0.0,0.0,0.0,27.73224
3,C_scene,4_distractors,84,-0.49715602,0.0,0.0,0.0,17.907001
3,C_scene,4_distractors,85,-0.6555068,0.0,0.0,1.0,19.317913
3,C_scene,4_distractors,86,-0.49959576,0.0,0.0,0.0,17.829683
3,C_scene,4_distractors,87,-0.27986985,0.0,0.0,1.0,8.1539755
3,C_scene,4_distractors,88,-0.31097758,0.0,0.0,1.0,11.274845
3,C_scene,4_distractors,89,-0.37157,0.0,0.0,0.0,11.59017
3,C_scene,4_distractors,90,-0.45355713,0.0,0.0,0.0,13.941822
3,C_scene,4_distractors,91,-0.8470799,0.0,0.0,0.0,29.355236
3,C_scene,4_distractors,92,-0.4311868,0.0,0.0,0.0,14.783649
3,C_scene,4_distractors,93,-0.6376288,0.0,0.0,0.0,19.800396
3,C_scene,4_distractors,94,-0.2024994,0.0,0.0,1.0,6.413428
3,C_scene,4_distractors,95,-0.56274635,0.0,0.0,0.0,15.695227
3,C_scene,4_distractors,96,-0.6638824,0.0,0.0,0.0,23.10015
3,C_scene,4_distractors,97,-0.37527275,0.0,0.0,1.0,9.765788
3,C_scene,4_distractors,98,-0.18731062,0.0,0.0,1.0,4.32712
3,C_scene,4_distractors,99,-0.65341544,0.0,0.0,0.0,21.425367
3,C_scene,fast_distractors,0,-0.30546784,0.0,0.0,0.0,7.289969
3,C_scene,fast_distractors,1,-0.35821068,0.0,0.0,1.0,9.670397
3,C_scene,fast_distractors,2,-0.61371845,0.0,0.0,0.0,17.943378
3,C_scene,fast_distractors,3,-0.42827743,0.0,0.0,0.0,11.116565
3,C_scene,fast_distractors,4,-0.33369613,0.0,0.0,1.0,8.996961
3,C_scene,fast_distractors,5,-0.6321028,0.0,0.0,0.0,16.139141
3,C_scene,fast_distractors,6,-0.32434988,0.0,0.0,1.0,6.5823946
3,C_scene,fast_distractors,7,-0.6904892,0.0,0.0,0.0,21.712507
3,C_scene,fast_distractors,8,-0.53842217,0.0,0.0,0.0,13.040882
3,C_scene,fast_distractors,9,-0.37510422,0.0,0.0,1.0,4.5691586
3,C_scene,fast_distractors,10,-0.6264103,0.0,0.0,0.0,19.714888
3,C_scene,fast_distractors,11,-0.667911,0.0,0.0,0.0,21.61327
3,C_scene,fast_distractors,12,-0.13685669,0.0,0.0,1.0,9.105505
3,C_scene,fast_distractors,13,-0.794489,0.0,0.0,0.0,24.950869
3,C_scene,fast_distractors,14,-0.42486686,0.0,0.0,0.0,12.603828
3,C_scene,fast_distractors,15,-0.6968272,0.0,0.0,0.0,22.671495
3,C_scene,fast_distractors,16,-0.29723784,0.0,0.0,1.0,10.34121
3,C_scene,fast_distractors,17,-0.113409445,0.0,0.0,1.0,6.5102353
3,C_scene,fast_distractors,18,-0.5197344,0.0,0.0,1.0,17.532911
3,C_scene,fast_distractors,19,-0.74006855,0.0,0.0,0.0,23.060513
3,C_scene,fast_distractors,20,-0.37233642,0.0,0.0,1.0,11.141502
3,C_scene,fast_distractors,21,-0.23763941,0.0,0.0,0.0,9.114017
3,C_scene,fast_distractors,22,-0.22569129,0.0,0.0,1.0,8.298207
3,C_scene,fast_distractors,23,0.071265556,0.0,0.2222222222222222,1.0,2.8383322
3,C_scene,fast_distractors,24,-0.37418896,0.0,0.0,1.0,9.730415
3,C_scene,fast_distractors,25,-0.5567654,0.0,0.0,0.0,17.850418
3,C_scene,fast_distractors,26,-0.16532339,0.0,0.0,1.0,11.443902
3,C_scene,fast_distractors,27,-0.20419995,0.0,0.0,1.0,7.343311
3,C_scene,fast_distractors,28,-0.2087935,0.0,0.0,1.0,6.9062533
3,C_scene,fast_distractors,29,-0.3914505,0.0,0.0,1.0,13.560935
3,C_scene,fast_distractors,30,-0.5649262,0.0,0.0,1.0,20.51354
3,C_scene,fast_distractors,31,-0.46928063,0.0,0.0,0.0,14.162501
3,C_scene,fast_distractors,32,-0.73030794,0.0,0.0,0.0,21.348179
3,C_scene,fast_distractors,33,-0.7045205,0.0,0.0,0.0,28.72321
3,C_scene,fast_distractors,34,-0.49845022,0.0,0.0,0.0,14.17719
3,C_scene,fast_distractors,35,-0.31447688,0.0,0.0,1.0,11.711211
3,C_scene,fast_distractors,36,-0.27101108,0.0,0.0,1.0,8.279922
3,C_scene,fast_distractors,37,-0.70983654,0.0,0.0,0.0,23.635836
3,C_scene,fast_distractors,38,-0.34759223,0.0,0.0,1.0,10.727034
3,C_scene,fast_distractors,39,-0.57008654,0.0,0.0,0.0,13.873564
3,C_scene,fast_distractors,40,-0.40204078,0.0,0.0,1.0,10.807497
3,C_scene,fast_distractors,41,-0.23354286,0.0,0.0,1.0,5.3395653
3,C_scene,fast_distractors,42,-0.3410548,0.0,0.0,1.0,11.657138
3,C_scene,fast_distractors,43,-0.3388527,0.0,0.0,1.0,10.349739
3,C_scene,fast_distractors,44,-0.373133,0.0,0.0,0.0,8.869949
3,C_scene,fast_distractors,45,-0.42623088,0.0,0.0,0.0,13.422984
3,C_scene,fast_distractors,46,-0.683491,0.0,0.0,0.0,21.6674
3,C_scene,fast_distractors,47,-0.28047082,0.0,0.0,0.0,11.79745
3,C_scene,fast_distractors,48,-0.51347256,0.0,0.0,1.0,15.822272
3,C_scene,fast_distractors,49,-0.39111358,0.0,0.0,0.0,15.532794
3,C_scene,fast_distractors,50,-0.081572,0.0,0.0,1.0,3.339957
3,C_scene,fast_distractors,51,-0.7272893,0.0,0.0,0.0,25.627047
3,C_scene,fast_distractors,52,-0.18561982,0.0,0.0,1.0,6.4180446
3,C_scene,fast_distractors,53,-0.56207633,0.0,0.0,0.0,20.730652
3,C_scene,fast_distractors,54,-0.253507,0.0,0.0,1.0,9.031359
3,C_scene,fast_distractors,55,-0.45704973,0.0,0.0,0.0,11.280392
3,C_scene,fast_distractors,56,-0.057699025,0.0,0.17777777777777778,1.0,8.545743
3,C_scene,fast_distractors,57,-0.8216533,0.0,0.0,0.0,26.865782
3,C_scene,fast_distractors,58,-0.5242382,0.0,0.0,0.0,21.404186
3,C_scene,fast_distractors,59,-0.5714714,0.0,0.0,0.0,20.235516
3,C_scene,fast_distractors,60,-0.45896983,0.0,0.0,1.0,4.866264
3,C_scene,fast_distractors,61,-0.34873742,0.0,0.0,0.0,11.523318
3,C_scene,fast_distractors,62,-0.29767153,0.0,0.0,1.0,7.9701376
3,C_scene,fast_distractors,63,-0.4735725,0.0,0.0,1.0,26.803814
3,C_scene,fast_distractors,64,-0.72080266,0.0,0.0,0.0,23.733238
3,C_scene,fast_distractors,65,-0.13008551,0.0,0.0,1.0,5.927869
3,C_scene,fast_distractors,66,-0.25078636,0.0,0.0,0.0,13.482481
3,C_scene,fast_distractors,67,-0.2693055,0.0,0.0,1.0,7.673403
3,C_scene,fast_distractors,68,-0.8663903,0.0,0.0,0.0,26.969585
3,C_scene,fast_distractors,69,-0.3198705,0.0,0.0,1.0,8.173208
3,C_scene,fast_distractors,70,-0.29025,0.0,0.0,1.0,7.6637006
3,C_scene,fast_distractors,71,-0.7314281,0.0,0.0,0.0,22.655766
3,C_scene,fast_distractors,72,-0.025209779,0.0,0.15555555555555556,1.0,7.4664636
3,C_scene,fast_distractors,73,-0.40509805,0.0,0.0,1.0,14.185966
3,C_scene,fast_distractors,74,-0.677905,0.0,0.0,0.0,23.889256
3,C_scene,fast_distractors,75,-0.5521112,0.0,0.0,1.0,21.352942
3,C_scene,fast_distractors,76,-0.30081943,0.0,0.0,0.0,13.3229065
3,C_scene,fast_distractors,77,-0.700772,0.0,0.0,0.0,24.371098
3,C_scene,fast_distractors,78,-0.51311326,0.0,0.0,1.0,18.663845
3,C_scene,fast_distractors,79,-0.21747182,0.0,0.0,0.0,6.6010976
3,C_scene,fast_distractors,80,-0.70444024,0.0,0.0,1.0,16.207664
3,C_scene,fast_distractors,81,-0.5079012,0.0,0.0,1.0,12.962213
3,C_scene,fast_distractors,82,-0.49466202,0.0,0.0,1.0,15.979229
3,C_scene,fast_distractors,83,-0.8058915,0.0,0.0,0.0,25.322802
3,C_scene,fast_distractors,84,-0.4967461,0.0,0.0,0.0,18.96459
3,C_scene,fast_distractors,85,-0.83032566,0.0,0.0,0.0,25.42304
3,C_scene,fast_distractors,86,-0.48139048,0.0,0.0,0.0,14.474729
3,C_scene,fast_distractors,87,-0.22865944,0.0,0.0,1.0,7.1717277
3,C_scene,fast_distractors,88,-0.3141232,0.0,0.0,1.0,12.374048
3,C_scene,fast_distractors,89,-0.301556,0.0,0.0,0.0,7.981377
3,C_scene,fast_distractors,90,-0.53039116,0.0,0.0,0.0,16.40118
3,C_scene,fast_distractors,91,-0.9453625,0.0,0.0,0.0,29.706345
3,C_scene,fast_distractors,92,-0.33974132,0.0,0.0,0.0,9.462194
3,C_scene,fast_distractors,93,-0.5964359,0.0,0.0,0.0,16.82779
3,C_scene,fast_distractors,94,-0.2089147,0.0,0.0,1.0,6.1881638
3,C_scene,fast_distractors,95,-0.53553003,0.0,0.0,0.0,15.660635
3,C_scene,fast_distractors,96,-0.6728964,0.0,0.0,0.0,22.562231
3,C_scene,fast_distractors,97,-0.4100222,0.0,0.0,1.0,11.902799
3,C_scene,fast_distractors,98,-0.2512397,0.0,0.0,1.0,10.607115
3,C_scene,fast_distractors,99,-0.59721875,0.0,0.0,0.0,17.329865
3,C_scene,unseen_distractor_hues,0,-0.26298952,0.0,0.0,1.0,4.7766027
3,C_scene,unseen_distractor_hues,1,-0.36508778,0.0,0.0,1.0,10.149953
3,C_scene,unseen_distractor_hues,2,-0.824893,0.0,0.0,0.0,29.338535
3,C_scene,unseen_distractor_hues,3,-0.4867848,0.0,0.0,0.0,14.754033
3,C_scene,unseen_distractor_hues,4,-0.2624224,0.0,0.0,1.0,5.1019607
3,C_scene,unseen_distractor_hues,5,-0.74688256,0.0,0.0,0.0,25.794937
3,C_scene,unseen_distractor_hues,6,-0.35300022,0.0,0.0,1.0,9.06258
3,C_scene,unseen_distractor_hues,7,-0.6704935,0.0,0.0,0.0,21.509115
3,C_scene,unseen_distractor_hues,8,-0.54571235,0.0,0.0,0.0,16.457226
3,C_scene,unseen_distractor_hues,9,-0.43488038,0.0,0.0,1.0,8.407703
3,C_scene,unseen_distractor_hues,10,-0.6733097,0.0,0.0,0.0,23.90471
3,C_scene,unseen_distractor_hues,11,-0.6537357,0.0,0.0,0.0,20.483845
3,C_scene,unseen_distractor_hues,12,-0.20881732,0.0,0.0,1.0,8.580215
3,C_scene,unseen_distractor_hues,13,-0.7550481,0.0,0.0,0.0,19.84455
3,C_scene,unseen_distractor_hues,14,-0.34964603,0.0,0.0,0.0,9.646057
3,C_scene,unseen_distractor_hues,15,-0.6893606,0.0,0.0,0.0,22.119677
3,C_scene,unseen_distractor_hues,16,-0.29152232,0.0,0.0,1.0,11.608598
3,C_scene,unseen_distractor_hues,17,-0.16238384,0.0,0.0,1.0,6.214629
3,C_scene,unseen_distractor_hues,18,-0.52811503,0.0,0.0,0.0,18.84827
3,C_scene,unseen_distractor_hues,19,-0.7221383,0.0,0.0,0.0,21.881786
3,C_scene,unseen_distractor_hues,20,-0.55410635,0.0,0.0,0.0,27.304983
3,C_scene,unseen_distractor_hues,21,-0.23005542,0.0,0.0,0.0,7.9177427
3,C_scene,unseen_distractor_hues,22,-0.24373405,0.0,0.0,1.0,9.701712
3,C_scene,unseen_distractor_hues,23,0.045296177,0.0,0.2,1.0,3.613927
3,C_scene,unseen_distractor_hues,24,-0.3721645,0.0,0.0,1.0,11.482338
3,C_scene,unseen_distractor_hues,25,-0.48636097,0.0,0.0,0.0,12.82921
3,C_scene,unseen_distractor_hues,26,-0.2090698,0.0,0.0,1.0,7.6245284
3,C_scene,unseen_distractor_hues,27,-0.19703926,0.0,0.0,1.0,5.4466696
3,C_scene,unseen_distractor_hues,28,-0.21889988,0.0,0.0,1.0,5.922728
3,C_scene,unseen_distractor_hues,29,-0.48739737,0.0,0.0,1.0,19.855534
3,C_scene,unseen_distractor_hues,30,-0.58138967,0.0,0.0,1.0,19.964653
3,C_scene,unseen_distractor_hues,31,-0.4291916,0.0,0.0,0.0,12.123686
3,C_scene,unseen_distractor_hues,32,-0.7511477,0.0,0.0,0.0,22.455032
3,C_scene,unseen_distractor_hues,33,-0.38391164,0.0,0.0,0.0,17.77689
3,C_scene,unseen_distractor_hues,34,-0.5019881,0.0,0.0,0.0,14.573059
3,C_scene,unseen_distractor_hues,35,-0.2599026,0.0,0.0,1.0,10.343939
3,C_scene,unseen_distractor_hues,36,-0.31795615,0.0,0.0,1.0,10.258427
3,C_scene,unseen_distractor_hues,37,-0.7614579,0.0,0.0,0.0,24.80798
3,C_scene,unseen_distractor_hues,38,-0.38373777,0.0,0.0,0.0,13.206158
3,C_scene,unseen_distractor_hues,39,-0.53795123,0.0,0.0,0.0,14.842357
3,C_scene,unseen_distractor_hues,40,-0.3969246,0.0,0.0,1.0,9.425827
3,C_scene,unseen_distractor_hues,41,-0.3225255,0.0,0.0,1.0,10.232988
3,C_scene,unseen_distractor_hues,42,-0.3477404,0.0,0.0,1.0,12.316007
3,C_scene,unseen_distractor_hues,43,-0.3271668,0.0,0.0,1.0,9.623531
3,C_scene,unseen_distractor_hues,44,-0.511232,0.0,0.0,0.0,15.806883
3,C_scene,unseen_distractor_hues,45,-0.47763088,0.0,0.0,0.0,12.678092
3,C_scene,unseen_distractor_hues,46,-0.6399486,0.0,0.0,0.0,19.00381
3,C_scene,unseen_distractor_hues,47,-0.18754548,0.0,0.0,1.0,8.509537
3,C_scene,unseen_distractor_hues,48,-0.5510752,0.0,0.0,1.0,14.794511
3,C_scene,unseen_distractor_hues,49,-0.3339694,0.0,0.0,0.0,12.227401
3,C_scene,unseen_distractor_hues,50,-0.11664499,0.0,0.1111111111111111,1.0,4.1076465
3,C_scene,unseen_distractor_hues,51,-0.7819794,0.0,0.0,0.0,24.499079
3,C_scene,unseen_distractor_hues,52,-0.21533734,0.0,0.0,1.0,7.620177
3,C_scene,unseen_distractor_hues,53,-0.50370723,0.0,0.0,0.0,17.712486
3,C_scene,unseen_distractor_hues,54,-0.140985,0.0,0.0,1.0,4.022254
3,C_scene,unseen_distractor_hues,55,-0.4591769,0.0,0.0,0.0,12.586427
3,C_scene,unseen_distractor_hues,56,-0.03941252,0.0,0.15555555555555556,1.0,8.446283
3,C_scene,unseen_distractor_hues,57,-0.82241887,0.0,0.0,0.0,27.200562
3,C_scene,unseen_distractor_hues,58,-0.45366067,0.0,0.0,0.0,18.328852
3,C_scene,unseen_distractor_hues,59,-0.557439,0.0,0.0,0.0,19.010656
3,C_scene,unseen_distractor_hues,60,-0.91458267,0.0,0.0,0.0,34.976376
3,C_scene,unseen_distractor_hues,61,-0.3652473,0.0,0.0,0.0,13.196405
3,C_scene,unseen_distractor_hues,62,-0.41414633,0.0,0.0,1.0,13.802139
3,C_scene,unseen_distractor_hues,63,-0.35666388,0.0,0.0,0.0,16.681442
3,C_scene,unseen_distractor_hues,64,-0.90405494,0.0,0.0,0.0,34.94966
3,C_scene,unseen_distractor_hues,65,-0.18893705,0.0,0.0,1.0,6.22759
3,C_scene,unseen_distractor_hues,66,-0.039811276,0.0,0.08888888888888889,1.0,5.3020096
3,C_scene,unseen_distractor_hues,67,-0.2887292,0.0,0.0,1.0,7.8966007
3,C_scene,unseen_distractor_hues,68,-0.8294589,0.0,0.0,0.0,25.025627
3,C_scene,unseen_distractor_hues,69,-0.54947495,0.0,0.0,0.0,16.452755
3,C_scene,unseen_distractor_hues,70,-0.22244453,0.0,0.0,1.0,4.082542
3,C_scene,unseen_distractor_hues,71,-0.7195482,0.0,0.0,0.0,22.15688
3,C_scene,unseen_distractor_hues,72,-0.09001784,0.0,0.0,1.0,8.999609
3,C_scene,unseen_distractor_hues,73,-0.41776907,0.0,0.0,1.0,13.102535
3,C_scene,unseen_distractor_hues,74,-0.7155129,0.0,0.0,0.0,28.081402
3,C_scene,unseen_distractor_hues,75,-0.5175564,0.0,0.0,0.0,17.044846
3,C_scene,unseen_distractor_hues,76,-0.31683132,0.0,0.0,0.0,13.922274
3,C_scene,unseen_distractor_hues,77,-0.8014523,0.0,0.0,0.0,28.544754
3,C_scene,unseen_distractor_hues,78,-0.45213357,0.0,0.0,1.0,14.184663
3,C_scene,unseen_distractor_hues,79,-0.24562033,0.0,0.0,1.0,5.6766148
3,C_scene,unseen_distractor_hues,80,-0.77688503,0.0,0.0,0.0,23.092005
3,C_scene,unseen_distractor_hues,81,-0.5216798,0.0,0.0,1.0,12.874105
3,C_scene,unseen_distractor_hues,82,-0.45114607,0.0,0.0,1.0,12.247923
3,C_scene,unseen_distractor_hues,83,-0.8090705,0.0,0.0,0.0,26.0835
3,C_scene,unseen_distractor_hues,84,-0.4699936,0.0,0.0,0.0,17.262125
3,C_scene,unseen_distractor_hues,85,-0.8100628,0.0,0.0,1.0,19.785622
3,C_scene,unseen_distractor_hues,86,-0.43352005,0.0,0.0,0.0,11.855121
3,C_scene,unseen_distractor_hues,87,-0.29465407,0.0,0.0,1.0,8.429245
3,C_scene,unseen_distractor_hues,88,-0.17331766,0.0,0.0,1.0,8.436191
3,C_scene,unseen_distractor_hues,89,-0.3088922,0.0,0.0,0.0,7.810073
3,C_scene,unseen_distractor_hues,90,-0.6516487,0.0,0.0,0.0,23.200386
3,C_scene,unseen_distractor_hues,91,-0.8887411,0.0,0.0,0.0,27.994228
3,C_scene,unseen_distractor_hues,92,-0.4121835,0.0,0.0,0.0,14.673625
3,C_scene,unseen_distractor_hues,93,-0.5702384,0.0,0.0,0.0,16.568401
3,C_scene,unseen_distractor_hues,94,-0.22189124,0.0,0.0,1.0,7.1572595
3,C_scene,unseen_distractor_hues,95,-0.5679727,0.0,0.0,0.0,16.640888
3,C_scene,unseen_distractor_hues,96,-0.6619202,0.0,0.0,0.0,22.180756
3,C_scene,unseen_distractor_hues,97,-0.42154795,0.0,0.0,0.0,14.503729
3,C_scene,unseen_distractor_hues,98,-0.1970281,0.0,0.0,1.0,7.529599
3,C_scene,unseen_distractor_hues,99,-0.5910796,0.0,0.0,0.0,18.04126
3,C_scene,heavy_pixel_noise,0,-0.30703384,0.0,0.0,1.0,7.2137275
3,C_scene,heavy_pixel_noise,1,-0.3537277,0.0,0.0,1.0,10.2017355
3,C_scene,heavy_pixel_noise,2,-0.5786906,0.0,0.0,0.0,13.770231
3,C_scene,heavy_pixel_noise,3,-0.45723101,0.0,0.0,0.0,12.951059
3,C_scene,heavy_pixel_noise,4,-0.2993458,0.0,0.0,1.0,6.7305684
3,C_scene,heavy_pixel_noise,5,-0.6917953,0.0,0.0,0.0,21.714367
3,C_scene,heavy_pixel_noise,6,-0.3173202,0.0,0.0,1.0,6.5721235
3,C_scene,heavy_pixel_noise,7,-0.6659705,0.0,0.0,0.0,21.32738
3,C_scene,heavy_pixel_noise,8,-0.384057,0.0,0.0,0.0,8.272521
3,C_scene,heavy_pixel_noise,9,-0.46467292,0.0,0.0,0.0,10.449372
3,C_scene,heavy_pixel_noise,10,-0.79383034,0.0,0.0,0.0,26.249992
3,C_scene,heavy_pixel_noise,11,-0.6932157,0.0,0.0,1.0,22.592173
3,C_scene,heavy_pixel_noise,12,-0.08755021,0.0,0.0,1.0,3.5203547
3,C_scene,heavy_pixel_noise,13,-0.766364,0.0,0.0,0.0,20.17984
3,C_scene,heavy_pixel_noise,14,-0.39155218,0.0,0.0,0.0,11.234686
3,C_scene,heavy_pixel_noise,15,-0.65910536,0.0,0.0,0.0,21.59652
3,C_scene,heavy_pixel_noise,16,-0.27077362,0.0,0.0,1.0,8.625659
3,C_scene,heavy_pixel_noise,17,-0.1645161,0.0,0.0,1.0,5.1781945
3,C_scene,heavy_pixel_noise,18,-0.51772106,0.0,0.0,0.0,17.76083
3,C_scene,heavy_pixel_noise,19,-0.76752144,0.0,0.0,0.0,24.416143
3,C_scene,heavy_pixel_noise,20,-0.3548509,0.0,0.0,1.0,15.729879
3,C_scene,heavy_pixel_noise,21,-0.2441068,0.0,0.0,0.0,7.841345
3,C_scene,heavy_pixel_noise,22,-0.30048555,0.0,0.0,1.0,11.710235
3,C_scene,heavy_pixel_noise,23,0.029630113,0.0,0.1111111111111111,1.0,3.2733955
3,C_scene,heavy_pixel_noise,24,-0.36820218,0.0,0.0,1.0,10.828471
3,C_scene,heavy_pixel_noise,25,-0.56935275,0.0,0.0,0.0,19.939236
3,C_scene,heavy_pixel_noise,26,-0.34348115,0.0,0.0,0.0,20.891922
3,C_scene,heavy_pixel_noise,27,-0.20537294,0.0,0.0,1.0,5.9633074
3,C_scene,heavy_pixel_noise,28,-0.24167918,0.0,0.0,1.0,9.172114
3,C_scene,heavy_pixel_noise,29,-0.377806,0.0,0.0,1.0,13.207693
3,C_scene,heavy_pixel_noise,30,-0.6023263,0.0,0.0,1.0,20.68146
3,C_scene,heavy_pixel_noise,31,-0.45896643,0.0,0.0,0.0,14.17091
3,C_scene,heavy_pixel_noise,32,-0.819029,0.0,0.0,0.0,25.996243
3,C_scene,heavy_pixel_noise,33,-0.59456325,0.0,0.0,0.0,24.000158
3,C_scene,heavy_pixel_noise,34,-0.5014435,0.0,0.0,0.0,14.465038
3,C_scene,heavy_pixel_noise,35,-0.28779525,0.0,0.0,1.0,9.240892
3,C_scene,heavy_pixel_noise,36,-0.22818042,0.0,0.0,1.0,6.124218
3,C_scene,heavy_pixel_noise,37,-0.70245236,0.0,0.0,0.0,23.914564
3,C_scene,heavy_pixel_noise,38,-0.37392434,0.0,0.0,0.0,13.302996
3,C_scene,heavy_pixel_noise,39,-0.57975554,0.0,0.0,0.0,14.96879
3,C_scene,heavy_pixel_noise,40,-0.39179966,0.0,0.0,1.0,10.736764
3,C_scene,heavy_pixel_noise,41,-0.24876486,0.0,0.0,1.0,5.950378
3,C_scene,heavy_pixel_noise,42,-0.33371633,0.0,0.0,1.0,11.889021
3,C_scene,heavy_pixel_noise,43,-0.2741894,0.0,0.0,1.0,5.089492
3,C_scene,heavy_pixel_noise,44,-0.33412337,0.0,0.0,1.0,6.5578403
3,C_scene,heavy_pixel_noise,45,-0.3844691,0.0,0.0,1.0,11.971159
3,C_scene,heavy_pixel_noise,46,-0.67597544,0.0,0.0,0.0,20.554167
3,C_scene,heavy_pixel_noise,47,-0.2675355,0.0,0.0,0.0,10.807484
3,C_scene,heavy_pixel_noise,48,-0.5240482,0.0,0.0,1.0,16.186228
3,C_scene,heavy_pixel_noise,49,-0.59836,0.0,0.0,0.0,20.560328
3,C_scene,heavy_pixel_noise,50,0.027962076,1.0,0.3333333333333333,1.0,0.46615598
3,C_scene,heavy_pixel_noise,51,-0.75043684,0.0,0.0,0.0,25.520046
3,C_scene,heavy_pixel_noise,52,-0.124309614,0.0,0.0,1.0,4.940977
3,C_scene,heavy_pixel_noise,53,-0.5770005,0.0,0.0,0.0,22.563826
3,C_scene,heavy_pixel_noise,54,-0.25751036,0.0,0.0,1.0,9.385943
3,C_scene,heavy_pixel_noise,55,-0.5146098,0.0,0.0,0.0,15.442543
3,C_scene,heavy_pixel_noise,56,-0.09278181,0.0,0.13333333333333333,1.0,10.440819
3,C_scene,heavy_pixel_noise,57,-0.79877716,0.0,0.0,0.0,26.589973
3,C_scene,heavy_pixel_noise,58,-0.52249444,0.0,0.0,0.0,21.495354
3,C_scene,heavy_pixel_noise,59,-0.5606671,0.0,0.0,0.0,18.967367
3,C_scene,heavy_pixel_noise,60,-0.65950406,0.0,0.0,1.0,17.977905
3,C_scene,heavy_pixel_noise,61,-0.35084426,0.0,0.0,0.0,12.6835375
3,C_scene,heavy_pixel_noise,62,-0.4129926,0.0,0.0,1.0,11.864841
3,C_scene,heavy_pixel_noise,63,-0.3667513,0.0,0.0,0.0,17.512066
3,C_scene,heavy_pixel_noise,64,-0.6743549,0.0,0.0,0.0,22.055069
3,C_scene,heavy_pixel_noise,65,0.098685294,1.0,0.24444444444444444,1.0,1.4080389
3,C_scene,heavy_pixel_noise,66,-0.48552853,0.0,0.0,0.0,31.076345
3,C_scene,heavy_pixel_noise,67,-0.28441772,0.0,0.0,1.0,7.927352
3,C_scene,heavy_pixel_noise,68,-0.83502054,0.0,0.0,0.0,24.422916
3,C_scene,heavy_pixel_noise,69,-0.26464587,0.0,0.0,1.0,7.2205415
3,C_scene,heavy_pixel_noise,70,-0.29587337,0.0,0.0,1.0,5.6183167
3,C_scene,heavy_pixel_noise,71,-0.7293418,0.0,0.0,0.0,23.779102
3,C_scene,heavy_pixel_noise,72,-0.022287242,0.0,0.2,1.0,10.191166
3,C_scene,heavy_pixel_noise,73,-0.3894041,0.0,0.0,1.0,12.997772
3,C_scene,heavy_pixel_noise,74,-0.5738168,0.0,0.0,0.0,19.84722
3,C_scene,heavy_pixel_noise,75,-0.5571228,0.0,0.0,1.0,20.961323
3,C_scene,heavy_pixel_noise,76,-0.27181423,0.0,0.0,0.0,13.673201
3,C_scene,heavy_pixel_noise,77,-0.67695117,0.0,0.0,0.0,23.22169
3,C_scene,heavy_pixel_noise,78,-0.33992133,0.0,0.0,1.0,7.754209
3,C_scene,heavy_pixel_noise,79,-0.20103428,0.0,0.0,1.0,4.3963895
3,C_scene,heavy_pixel_noise,80,-0.7166432,0.0,0.0,0.0,22.527754
3,C_scene,heavy_pixel_noise,81,-0.555111,0.0,0.0,1.0,16.725506
3,C_scene,heavy_pixel_noise,82,-0.5037254,0.0,0.0,1.0,13.883322
3,C_scene,heavy_pixel_noise,83,-0.8002233,0.0,0.0,0.0,25.661997
3,C_scene,heavy_pixel_noise,84,-0.50025076,0.0,0.0,0.0,18.373829
3,C_scene,heavy_pixel_noise,85,-0.7866655,0.0,0.0,1.0,20.26606
3,C_scene,heavy_pixel_noise,86,-0.48797438,0.0,0.0,0.0,14.247383
3,C_scene,heavy_pixel_noise,87,-0.19839695,0.0,0.0,1.0,5.1600137
3,C_scene,heavy_pixel_noise,88,-0.47121814,0.0,0.0,1.0,24.193727
3,C_scene,heavy_pixel_noise,89,-0.3293182,0.0,0.0,1.0,18.734386
3,C_scene,heavy_pixel_noise,90,-0.6974054,0.0,0.0,0.0,16.86152
3,C_scene,heavy_pixel_noise,91,-0.75500566,0.0,0.0,0.0,22.772367
3,C_scene,heavy_pixel_noise,92,-0.35775945,0.0,0.0,0.0,10.965033
3,C_scene,heavy_pixel_noise,93,-0.639943,0.0,0.0,0.0,20.508362
3,C_scene,heavy_pixel_noise,94,-0.2337253,0.0,0.0,1.0,7.7106056
3,C_scene,heavy_pixel_noise,95,-0.51933926,0.0,0.0,0.0,14.579624
3,C_scene,heavy_pixel_noise,96,-0.66419876,0.0,0.0,0.0,22.343111
3,C_scene,heavy_pixel_noise,97,-0.42440635,0.0,0.0,0.0,13.525211
3,C_scene,heavy_pixel_noise,98,-0.20402004,0.0,0.0,1.0,7.193548
3,C_scene,heavy_pixel_noise,99,-0.75834715,0.0,0.0,0.0,24.33192
3,D_latent,in_distribution,0,-0.2500462,0.0,0.0,1.0,6.310226
3,D_latent,in_distribution,1,-0.45783913,0.0,0.0,0.0,18.442486
3,D_latent,in_distribution,2,-0.6310932,0.0,0.0,0.0,20.075008
3,D_latent,in_distribution,3,-0.41119576,0.0,0.0,0.0,13.825696
3,D_latent,in_distribution,4,-0.29433784,0.0,0.0,0.0,14.267716
3,D_latent,in_distribution,5,-0.6809248,0.0,0.0,0.0,25.746346
3,D_latent,in_distribution,6,-0.38474265,0.0,0.0,1.0,13.035916
3,D_latent,in_distribution,7,-0.6917993,0.0,0.0,0.0,23.48584
3,D_latent,in_distribution,8,-0.52551425,0.0,0.0,1.0,18.768728
3,D_latent,in_distribution,9,-0.60737103,0.0,0.0,0.0,24.158274
3,D_latent,in_distribution,10,-0.6885526,0.0,0.0,0.0,21.454023
3,D_latent,in_distribution,11,-0.6624099,0.0,0.0,0.0,18.455116
3,D_latent,in_distribution,12,-0.1687538,0.0,0.0,1.0,3.0492554
3,D_latent,in_distribution,13,-0.7076596,0.0,0.0,0.0,19.175503
3,D_latent,in_distribution,14,-0.43942392,0.0,0.0,0.0,20.006454
3,D_latent,in_distribution,15,-0.6652937,0.0,0.0,0.0,22.10293
3,D_latent,in_distribution,16,-0.26142165,0.0,0.0,1.0,10.019031
3,D_latent,in_distribution,17,-0.21985573,0.0,0.0,1.0,7.6480045
3,D_latent,in_distribution,18,-0.61281097,0.0,0.0,0.0,22.969662
3,D_latent,in_distribution,19,-0.7999446,0.0,0.0,0.0,26.501602
3,D_latent,in_distribution,20,-0.39755848,0.0,0.0,0.0,17.107983
3,D_latent,in_distribution,21,-0.20475756,0.0,0.0,1.0,5.378583
3,D_latent,in_distribution,22,-0.24036051,0.0,0.0,1.0,9.234704
3,D_latent,in_distribution,23,-0.13171843,0.0,0.0,1.0,5.9357767
3,D_latent,in_distribution,24,-0.2876023,0.0,0.0,1.0,8.523655
3,D_latent,in_distribution,25,-0.54746014,0.0,0.0,0.0,17.453209
3,D_latent,in_distribution,26,-0.23952214,0.0,0.0,0.0,11.80876
3,D_latent,in_distribution,27,-0.2031095,0.0,0.0,0.0,7.365614
3,D_latent,in_distribution,28,-0.23798522,0.0,0.0,1.0,7.025566
3,D_latent,in_distribution,29,-0.5624722,0.0,0.0,1.0,22.662378
3,D_latent,in_distribution,30,-0.5617564,0.0,0.0,1.0,15.801313
3,D_latent,in_distribution,31,-0.48260748,0.0,0.0,0.0,16.765348
3,D_latent,in_distribution,32,-0.8284113,0.0,0.0,0.0,26.754665
3,D_latent,in_distribution,33,-0.22125411,0.0,0.0,1.0,10.346649
3,D_latent,in_distribution,34,-0.5336715,0.0,0.0,0.0,16.9983
3,D_latent,in_distribution,35,-0.29312548,0.0,0.0,1.0,9.692252
3,D_latent,in_distribution,36,-0.23747842,0.0,0.0,0.0,9.166617
3,D_latent,in_distribution,37,-0.7307105,0.0,0.0,0.0,23.656033
3,D_latent,in_distribution,38,-0.3168458,0.0,0.0,1.0,7.751345
3,D_latent,in_distribution,39,-0.51767236,0.0,0.0,0.0,14.847342
3,D_latent,in_distribution,40,-0.38408136,0.0,0.0,1.0,13.234194
3,D_latent,in_distribution,41,-0.33360276,0.0,0.0,1.0,9.862341
3,D_latent,in_distribution,42,-0.23717676,0.0,0.0,1.0,5.2600675
3,D_latent,in_distribution,43,-0.3782159,0.0,0.0,1.0,16.473608
3,D_latent,in_distribution,44,-0.19155256,0.0,0.0,1.0,1.8975412
3,D_latent,in_distribution,45,-0.40743718,0.0,0.0,1.0,8.188614
3,D_latent,in_distribution,46,-0.6033944,0.0,0.0,0.0,19.658775
3,D_latent,in_distribution,47,-0.37941572,0.0,0.0,0.0,17.136333
3,D_latent,in_distribution,48,-0.5860899,0.0,0.0,1.0,20.694218
3,D_latent,in_distribution,49,-0.5595463,0.0,0.0,0.0,22.833345
3,D_latent,in_distribution,50,-0.3503782,0.0,0.0,0.0,11.431773
3,D_latent,in_distribution,51,-0.74177396,0.0,0.0,0.0,27.20667
3,D_latent,in_distribution,52,-0.3557439,0.0,0.0,0.0,17.01373
3,D_latent,in_distribution,53,-0.48487777,0.0,0.0,1.0,11.448783
3,D_latent,in_distribution,54,-0.10880467,0.0,0.0,0.0,11.10958
3,D_latent,in_distribution,55,-0.6183233,0.0,0.0,0.0,22.201784
3,D_latent,in_distribution,56,-0.052419182,0.0,0.0,1.0,2.2162638
3,D_latent,in_distribution,57,-0.85605866,0.0,0.0,0.0,27.454903
3,D_latent,in_distribution,58,-0.41165113,0.0,0.0,0.0,12.329147
3,D_latent,in_distribution,59,-0.53392243,0.0,0.0,0.0,19.734032
3,D_latent,in_distribution,60,-0.6696212,0.0,0.0,0.0,19.40598
3,D_latent,in_distribution,61,-0.26099777,0.0,0.0,1.0,6.4030013
3,D_latent,in_distribution,62,-0.4691674,0.0,0.0,1.0,16.715336
3,D_latent,in_distribution,63,-0.21569,0.0,0.0,1.0,6.666648
3,D_latent,in_distribution,64,-0.53802,0.0,0.0,0.0,13.246624
3,D_latent,in_distribution,65,0.19826849,1.0,0.5333333333333333,1.0,0.47266397
3,D_latent,in_distribution,66,-0.07269517,0.0,0.13333333333333333,1.0,6.4423323
3,D_latent,in_distribution,67,-0.22600536,0.0,0.0,1.0,7.794286
3,D_latent,in_distribution,68,-0.75692207,0.0,0.0,0.0,24.34016
3,D_latent,in_distribution,69,-0.35593116,0.0,0.0,1.0,8.241926
3,D_latent,in_distribution,70,-0.33925626,0.0,0.0,1.0,9.5522175
3,D_latent,in_distribution,71,-0.6430009,0.0,0.0,0.0,21.466448
3,D_latent,in_distribution,72,-0.10654316,0.0,0.0,1.0,7.159209
3,D_latent,in_distribution,73,-0.31927925,0.0,0.0,1.0,10.25617
3,D_latent,in_distribution,74,-0.47020137,0.0,0.0,1.0,7.452496
3,D_latent,in_distribution,75,-0.43069702,0.0,0.0,1.0,9.024776
3,D_latent,in_distribution,76,-0.18334268,0.0,0.0,1.0,5.499883
3,D_latent,in_distribution,77,-0.63439083,0.0,0.0,0.0,21.92753
3,D_latent,in_distribution,78,-0.48263904,0.0,0.0,1.0,13.696336
3,D_latent,in_distribution,79,-0.27138662,0.0,0.0,1.0,8.980536
3,D_latent,in_distribution,80,-0.72390926,0.0,0.0,0.0,22.853123
3,D_latent,in_distribution,81,-0.63326895,0.0,0.0,1.0,19.794382
3,D_latent,in_distribution,82,-0.43766376,0.0,0.0,1.0,11.5225
3,D_latent,in_distribution,83,-0.6904088,0.0,0.0,0.0,17.248907
3,D_latent,in_distribution,84,-0.59372014,0.0,0.0,0.0,25.31161
3,D_latent,in_distribution,85,-0.74432427,0.0,0.0,0.0,23.981586
3,D_latent,in_distribution,86,-0.57433105,0.0,0.0,0.0,20.61563
3,D_latent,in_distribution,87,-0.1751563,0.0,0.0,1.0,7.3194532
3,D_latent,in_distribution,88,-0.22403435,0.0,0.0,1.0,4.5410223
3,D_latent,in_distribution,89,-0.31627175,0.0,0.0,0.0,13.807312
3,D_latent,in_distribution,90,-0.6612664,0.0,0.0,0.0,16.933105
3,D_latent,in_distribution,91,-0.8727563,0.0,0.0,0.0,27.429817
3,D_latent,in_distribution,92,-0.35116225,0.0,0.0,0.0,11.367583
3,D_latent,in_distribution,93,-0.69492763,0.0,0.0,0.0,21.33081
3,D_latent,in_distribution,94,-0.28244337,0.0,0.0,1.0,9.1464405
3,D_latent,in_distribution,95,-0.54321164,0.0,0.0,0.0,17.093857
3,D_latent,in_distribution,96,-0.6000813,0.0,0.0,0.0,18.137676
3,D_latent,in_distribution,97,-0.49887726,0.0,0.0,0.0,18.385828
3,D_latent,in_distribution,98,-0.32816502,0.0,0.0,1.0,15.769388
3,D_latent,in_distribution,99,-0.6675802,0.0,0.0,0.0,22.630333
3,D_latent,4_distractors,0,-0.30345833,0.0,0.0,1.0,9.76549
3,D_latent,4_distractors,1,-0.4592546,0.0,0.0,0.0,18.81561
3,D_latent,4_distractors,2,-0.66102695,0.0,0.0,0.0,23.046629
3,D_latent,4_distractors,3,-0.45344424,0.0,0.0,0.0,15.611095
3,D_latent,4_distractors,4,-0.27915195,0.0,0.0,1.0,11.436139
3,D_latent,4_distractors,5,-0.57251954,0.0,0.0,0.0,12.861969
3,D_latent,4_distractors,6,-0.35545856,0.0,0.0,1.0,11.814393
3,D_latent,4_distractors,7,-0.7248403,0.0,0.0,0.0,25.32704
3,D_latent,4_distractors,8,-0.51175785,0.0,0.0,1.0,16.732021
3,D_latent,4_distractors,9,-0.594344,0.0,0.0,0.0,23.913996
3,D_latent,4_distractors,10,-0.6706197,0.0,0.0,0.0,20.732805
3,D_latent,4_distractors,11,-0.6976149,0.0,0.0,0.0,20.882042
3,D_latent,4_distractors,12,-0.2884631,0.0,0.0,0.0,12.332907
3,D_latent,4_distractors,13,-0.7868298,0.0,0.0,0.0,25.44481
3,D_latent,4_distractors,14,-0.40391296,0.0,0.0,0.0,15.1616
3,D_latent,4_distractors,15,-0.6727887,0.0,0.0,0.0,20.666601
3,D_latent,4_distractors,16,-0.2603716,0.0,0.0,1.0,11.089745
3,D_latent,4_distractors,17,-0.22529136,0.0,0.0,1.0,7.1598935
3,D_latent,4_distractors,18,-0.62162054,0.0,0.0,0.0,22.404922
3,D_latent,4_distractors,19,-0.76200825,0.0,0.0,0.0,24.463877
3,D_latent,4_distractors,20,-0.3613179,0.0,0.0,0.0,16.782406
3,D_latent,4_distractors,21,-0.20799813,0.0,0.0,1.0,6.882419
3,D_latent,4_distractors,22,-0.2572049,0.0,0.0,1.0,11.027424
3,D_latent,4_distractors,23,-0.1814835,0.0,0.0,1.0,7.0434904
3,D_latent,4_distractors,24,-0.22765943,0.0,0.0,1.0,3.2689152
3,D_latent,4_distractors,25,-0.50850636,0.0,0.0,0.0,15.729505
3,D_latent,4_distractors,26,-0.26015118,0.0,0.0,0.0,15.266397
3,D_latent,4_distractors,27,-0.18086736,0.0,0.0,0.0,7.3684998
3,D_latent,4_distractors,28,-0.2351287,0.0,0.0,1.0,6.3727093
3,D_latent,4_distractors,29,-0.57750493,0.0,0.0,1.0,22.838598
3,D_latent,4_distractors,30,-0.5750029,0.0,0.0,1.0,16.033298
3,D_latent,4_distractors,31,-0.48363596,0.0,0.0,0.0,18.18377
3,D_latent,4_distractors,32,-0.773108,0.0,0.0,0.0,24.942892
3,D_latent,4_distractors,33,-0.26157588,0.0,0.0,1.0,11.911217
3,D_latent,4_distractors,34,-0.4894905,0.0,0.0,1.0,12.56085
3,D_latent,4_distractors,35,-0.2705407,0.0,0.0,1.0,7.951758
3,D_latent,4_distractors,36,-0.2332365,0.0,0.0,0.0,9.0468855
3,D_latent,4_distractors,37,-0.7717729,0.0,0.0,0.0,25.104288
3,D_latent,4_distractors,38,-0.37162638,0.0,0.0,0.0,13.131051
3,D_latent,4_distractors,39,-0.55286694,0.0,0.0,0.0,17.320799
3,D_latent,4_distractors,40,-0.32706475,0.0,0.0,1.0,9.181887
3,D_latent,4_distractors,41,-0.34172562,0.0,0.0,1.0,10.434543
3,D_latent,4_distractors,42,-0.18508646,0.0,0.0,1.0,3.944841
3,D_latent,4_distractors,43,-0.4399957,0.0,0.0,1.0,18.27424
3,D_latent,4_distractors,44,-0.25039265,0.0,0.0,1.0,2.6527622
3,D_latent,4_distractors,45,-0.4244781,0.0,0.0,0.0,18.241232
3,D_latent,4_distractors,46,-0.6154322,0.0,0.0,0.0,20.814249
3,D_latent,4_distractors,47,-0.25816473,0.0,0.0,0.0,11.823858
3,D_latent,4_distractors,48,-0.4951454,0.0,0.0,1.0,11.977166
3,D_latent,4_distractors,49,-0.4838767,0.0,0.0,0.0,20.319965
3,D_latent,4_distractors,50,-0.35509026,0.0,0.0,1.0,11.891849
3,D_latent,4_distractors,51,-0.79346985,0.0,0.0,0.0,28.893766
3,D_latent,4_distractors,52,-0.34134972,0.0,0.0,0.0,16.899254
3,D_latent,4_distractors,53,-0.47416535,0.0,0.0,1.0,10.472081
3,D_latent,4_distractors,54,-0.114008956,0.0,0.0,0.0,10.0709305
3,D_latent,4_distractors,55,-0.61370933,0.0,0.0,0.0,21.62525
3,D_latent,4_distractors,56,-0.06742365,1.0,0.022222222222222223,1.0,1.4497938
3,D_latent,4_distractors,57,-0.8686332,0.0,0.0,0.0,27.462923
3,D_latent,4_distractors,58,-0.43534312,0.0,0.0,0.0,13.687001
3,D_latent,4_distractors,59,-0.5092607,0.0,0.0,0.0,20.636831
3,D_latent,4_distractors,60,-0.7096435,0.0,0.0,0.0,21.519617
3,D_latent,4_distractors,61,-0.2709139,0.0,0.0,1.0,6.1078467
3,D_latent,4_distractors,62,-0.41358867,0.0,0.0,1.0,12.965428
3,D_latent,4_distractors,63,-0.33862567,0.0,0.0,0.0,16.336912
3,D_latent,4_distractors,64,-0.61244035,0.0,0.0,0.0,24.135262
3,D_latent,4_distractors,65,0.23094282,1.0,0.6444444444444445,1.0,1.5301367
3,D_latent,4_distractors,66,-0.02227369,0.0,0.06666666666666667,1.0,4.2368345
3,D_latent,4_distractors,67,-0.16535716,0.0,0.0,1.0,5.133061
3,D_latent,4_distractors,68,-0.76281637,0.0,0.0,0.0,24.74264
3,D_latent,4_distractors,69,-0.42446125,0.0,0.0,1.0,10.279539
3,D_latent,4_distractors,70,-0.34238377,0.0,0.0,0.0,10.763445
3,D_latent,4_distractors,71,-0.61490697,0.0,0.0,0.0,20.746624
3,D_latent,4_distractors,72,-0.10911618,0.0,0.0,1.0,5.531821
3,D_latent,4_distractors,73,-0.3361091,0.0,0.0,1.0,4.457639
3,D_latent,4_distractors,74,-0.5050016,0.0,0.0,0.0,10.091633
3,D_latent,4_distractors,75,-0.4891479,0.0,0.0,1.0,17.210638
3,D_latent,4_distractors,76,-0.1800513,0.0,0.0,1.0,3.65046
3,D_latent,4_distractors,77,-0.6859535,0.0,0.0,0.0,24.980278
3,D_latent,4_distractors,78,-0.5147091,0.0,0.0,1.0,16.61333
3,D_latent,4_distractors,79,-0.20364898,0.0,0.0,1.0,6.027755
3,D_latent,4_distractors,80,-0.7152863,0.0,0.0,0.0,22.842527
3,D_latent,4_distractors,81,-0.61225814,0.0,0.0,1.0,17.92014
3,D_latent,4_distractors,82,-0.41633487,0.0,0.0,1.0,10.808812
3,D_latent,4_distractors,83,-0.67091644,0.0,0.0,0.0,16.54076
3,D_latent,4_distractors,84,-0.5587145,0.0,0.0,0.0,21.72034
3,D_latent,4_distractors,85,-0.7791824,0.0,0.0,0.0,21.571892
3,D_latent,4_distractors,86,-0.5834948,0.0,0.0,0.0,21.077597
3,D_latent,4_distractors,87,0.041635793,1.0,0.4,1.0,0.65118754
3,D_latent,4_distractors,88,-0.23392595,0.0,0.0,1.0,2.5184338
3,D_latent,4_distractors,89,-0.2672191,0.0,0.0,1.0,7.693788
3,D_latent,4_distractors,90,-0.56692046,0.0,0.0,1.0,11.567306
3,D_latent,4_distractors,91,-0.9042692,0.0,0.0,0.0,30.499792
3,D_latent,4_distractors,92,-0.33049628,0.0,0.0,1.0,7.7947044
3,D_latent,4_distractors,93,-0.6599707,0.0,0.0,0.0,21.733212
3,D_latent,4_distractors,94,-0.27770525,0.0,0.0,1.0,8.995021
3,D_latent,4_distractors,95,-0.5683458,0.0,0.0,0.0,18.687418
3,D_latent,4_distractors,96,-0.61056155,0.0,0.0,0.0,18.565983
3,D_latent,4_distractors,97,-0.51500547,0.0,0.0,0.0,19.964962
3,D_latent,4_distractors,98,-0.28647414,0.0,0.0,1.0,12.350538
3,D_latent,4_distractors,99,-0.66167885,0.0,0.0,0.0,22.815897
3,D_latent,fast_distractors,0,-0.27602476,0.0,0.0,1.0,7.522309
3,D_latent,fast_distractors,1,-0.46882942,0.0,0.0,0.0,19.66158
3,D_latent,fast_distractors,2,-0.54914796,0.0,0.0,0.0,13.069064
3,D_latent,fast_distractors,3,-0.4086881,0.0,0.0,0.0,14.690248
3,D_latent,fast_distractors,4,-0.31750607,0.0,0.0,0.0,16.964046
3,D_latent,fast_distractors,5,-0.5431669,0.0,0.0,0.0,11.396578
3,D_latent,fast_distractors,6,-0.3357615,0.0,0.0,1.0,7.0253305
3,D_latent,fast_distractors,7,-0.67540365,0.0,0.0,0.0,22.380224
3,D_latent,fast_distractors,8,-0.54157776,0.0,0.0,1.0,19.817852
3,D_latent,fast_distractors,9,-0.61335313,0.0,0.0,0.0,24.187693
3,D_latent,fast_distractors,10,-0.6776569,0.0,0.0,0.0,20.79368
3,D_latent,fast_distractors,11,-0.66845924,0.0,0.0,0.0,18.8459
3,D_latent,fast_distractors,12,-0.17211075,0.0,0.0,1.0,3.4848864
3,D_latent,fast_distractors,13,-0.7808457,0.0,0.0,0.0,22.976208
3,D_latent,fast_distractors,14,-0.43294787,0.0,0.0,0.0,19.73617
3,D_latent,fast_distractors,15,-0.66404617,0.0,0.0,0.0,21.388792
3,D_latent,fast_distractors,16,-0.25756297,0.0,0.0,1.0,10.784392
3,D_latent,fast_distractors,17,-0.22975281,0.0,0.0,1.0,8.544622
3,D_latent,fast_distractors,18,-0.6138881,0.0,0.0,0.0,22.57717
3,D_latent,fast_distractors,19,-0.7591234,0.0,0.0,0.0,22.927837
3,D_latent,fast_distractors,20,-0.3907773,0.0,0.0,0.0,17.158428
3,D_latent,fast_distractors,21,-0.20323758,0.0,0.0,1.0,7.1362157
3,D_latent,fast_distractors,22,-0.23836954,0.0,0.0,1.0,8.819844
3,D_latent,fast_distractors,23,-0.14210865,0.0,0.0,1.0,5.7989464
3,D_latent,fast_distractors,24,-0.24266756,0.0,0.0,1.0,4.1448655
3,D_latent,fast_distractors,25,-0.5563912,0.0,0.0,0.0,17.82453
3,D_latent,fast_distractors,26,-0.2553541,0.0,0.0,0.0,13.585155
3,D_latent,fast_distractors,27,-0.21642283,0.0,0.0,0.0,8.584058
3,D_latent,fast_distractors,28,-0.24839267,0.0,0.0,1.0,7.5584846
3,D_latent,fast_distractors,29,-0.5593893,0.0,0.0,1.0,22.742624
3,D_latent,fast_distractors,30,-0.5589829,0.0,0.0,1.0,14.388625
3,D_latent,fast_distractors,31,-0.49282226,0.0,0.0,0.0,17.855894
3,D_latent,fast_distractors,32,-0.8418901,0.0,0.0,0.0,27.057905
3,D_latent,fast_distractors,33,-0.22517234,0.0,0.0,1.0,10.902468
3,D_latent,fast_distractors,34,-0.55184793,0.0,0.0,0.0,18.348022
3,D_latent,fast_distractors,35,-0.3062016,0.0,0.0,1.0,11.405973
3,D_latent,fast_distractors,36,-0.21243818,0.0,0.0,1.0,7.219754
3,D_latent,fast_distractors,37,-0.75254005,0.0,0.0,0.0,25.561483
3,D_latent,fast_distractors,38,-0.30499637,0.0,0.0,1.0,5.774138
3,D_latent,fast_distractors,39,-0.54322225,0.0,0.0,0.0,17.910149
3,D_latent,fast_distractors,40,-0.3831249,0.0,0.0,1.0,12.604738
3,D_latent,fast_distractors,41,-0.34539255,0.0,0.0,1.0,10.841127
3,D_latent,fast_distractors,42,-0.2663467,0.0,0.0,1.0,7.2599354
3,D_latent,fast_distractors,43,-0.44187328,0.0,0.0,1.0,18.51244
3,D_latent,fast_distractors,44,-0.19339928,1.0,0.06666666666666667,1.0,1.0709963
3,D_latent,fast_distractors,45,-0.4011405,0.0,0.0,1.0,7.559731
3,D_latent,fast_distractors,46,-0.60244113,0.0,0.0,0.0,19.789053
3,D_latent,fast_distractors,47,-0.3567796,0.0,0.0,0.0,17.123356
3,D_latent,fast_distractors,48,-0.59963775,0.0,0.0,1.0,22.576178
3,D_latent,fast_distractors,49,-0.55899066,0.0,0.0,0.0,22.775427
3,D_latent,fast_distractors,50,-0.34005743,0.0,0.0,1.0,10.634606
3,D_latent,fast_distractors,51,-0.71311873,0.0,0.0,0.0,24.293545
3,D_latent,fast_distractors,52,-0.3582167,0.0,0.0,0.0,17.748693
3,D_latent,fast_distractors,53,-0.49314258,0.0,0.0,1.0,12.526859
3,D_latent,fast_distractors,54,-0.09810837,0.0,0.0,0.0,11.473174
3,D_latent,fast_distractors,55,-0.6157896,0.0,0.0,0.0,21.961288
3,D_latent,fast_distractors,56,-0.09844321,0.0,0.0,1.0,2.8740683
3,D_latent,fast_distractors,57,-0.8701447,0.0,0.0,0.0,28.370678
3,D_latent,fast_distractors,58,-0.41643512,0.0,0.0,0.0,12.83834
3,D_latent,fast_distractors,59,-0.5317004,0.0,0.0,0.0,19.500574
3,D_latent,fast_distractors,60,-0.6667054,0.0,0.0,0.0,18.77322
3,D_latent,fast_distractors,61,-0.266587,0.0,0.0,0.0,6.8782406
3,D_latent,fast_distractors,62,-0.4679518,0.0,0.0,1.0,16.650867
3,D_latent,fast_distractors,63,-0.2836687,0.0,0.0,0.0,12.658556
3,D_latent,fast_distractors,64,-0.62806374,0.0,0.0,0.0,22.03106
3,D_latent,fast_distractors,65,0.036745526,0.0,0.0,1.0,2.4687362
3,D_latent,fast_distractors,66,-0.07607969,0.0,0.15555555555555556,1.0,9.475727
3,D_latent,fast_distractors,67,-0.2065747,0.0,0.0,1.0,6.824461
3,D_latent,fast_distractors,68,-0.7403185,0.0,0.0,0.0,23.30161
3,D_latent,fast_distractors,69,-0.36260578,0.0,0.0,1.0,8.574894
3,D_latent,fast_distractors,70,-0.3429648,0.0,0.0,1.0,10.552898
3,D_latent,fast_distractors,71,-0.6410409,0.0,0.0,0.0,21.479836
3,D_latent,fast_distractors,72,-0.08722647,0.0,0.0,1.0,5.3665633
3,D_latent,fast_distractors,73,-0.3632453,0.0,0.0,1.0,12.918311
3,D_latent,fast_distractors,74,-0.47014827,0.0,0.0,1.0,7.558075
3,D_latent,fast_distractors,75,-0.4290036,0.0,0.0,1.0,11.450407
3,D_latent,fast_distractors,76,-0.16764526,0.0,0.0,1.0,3.647903
3,D_latent,fast_distractors,77,-0.63158923,0.0,0.0,0.0,21.243254
3,D_latent,fast_distractors,78,-0.4706734,0.0,0.0,1.0,13.038157
3,D_latent,fast_distractors,79,-0.3047369,0.0,0.0,1.0,8.84543
3,D_latent,fast_distractors,80,-0.7259527,0.0,0.0,0.0,22.937628
3,D_latent,fast_distractors,81,-0.61893356,0.0,0.0,1.0,18.363676
3,D_latent,fast_distractors,82,-0.43090004,0.0,0.0,1.0,11.907028
3,D_latent,fast_distractors,83,-0.6898806,0.0,0.0,0.0,17.094347
3,D_latent,fast_distractors,84,-0.5900704,0.0,0.0,0.0,25.48293
3,D_latent,fast_distractors,85,-0.7725392,0.0,0.0,0.0,22.888144
3,D_latent,fast_distractors,86,-0.52836424,0.0,0.0,0.0,17.323744
3,D_latent,fast_distractors,87,-0.17930226,0.0,0.0,1.0,7.4865746
3,D_latent,fast_distractors,88,-0.21034631,0.0,0.0,1.0,3.8576012
3,D_latent,fast_distractors,89,-0.30335265,0.0,0.0,0.0,11.682445
3,D_latent,fast_distractors,90,-0.6537062,0.0,0.0,0.0,16.28678
3,D_latent,fast_distractors,91,-0.88607705,0.0,0.0,0.0,28.186756
3,D_latent,fast_distractors,92,-0.3573316,0.0,0.0,0.0,12.040822
3,D_latent,fast_distractors,93,-0.68721634,0.0,0.0,0.0,20.568495
3,D_latent,fast_distractors,94,-0.29076716,0.0,0.0,1.0,9.428978
3,D_latent,fast_distractors,95,-0.5440038,0.0,0.0,0.0,16.716578
3,D_latent,fast_distractors,96,-0.6151056,0.0,0.0,0.0,19.8619
3,D_latent,fast_distractors,97,-0.50469655,0.0,0.0,0.0,18.679867
3,D_latent,fast_distractors,98,-0.31744236,0.0,0.0,1.0,14.190885
3,D_latent,fast_distractors,99,-0.7073715,0.0,0.0,0.0,24.648542
3,D_latent,unseen_distractor_hues,0,-0.34051532,0.0,0.0,0.0,12.310406
3,D_latent,unseen_distractor_hues,1,-0.45707574,0.0,0.0,0.0,17.840397
3,D_latent,unseen_distractor_hues,2,-0.64123976,0.0,0.0,0.0,23.065971
3,D_latent,unseen_distractor_hues,3,-0.42755535,0.0,0.0,0.0,14.488017
3,D_latent,unseen_distractor_hues,4,-0.29718444,0.0,0.0,0.0,14.69121
3,D_latent,unseen_distractor_hues,5,-0.69741356,0.0,0.0,0.0,25.59774
3,D_latent,unseen_distractor_hues,6,-0.28959432,0.0,0.0,1.0,4.2832623
3,D_latent,unseen_distractor_hues,7,-0.732825,0.0,0.0,0.0,24.857025
3,D_latent,unseen_distractor_hues,8,-0.52873576,0.0,0.0,1.0,19.052896
3,D_latent,unseen_distractor_hues,9,-0.5963774,0.0,0.0,0.0,24.22534
3,D_latent,unseen_distractor_hues,10,-0.6867608,0.0,0.0,0.0,21.98995
3,D_latent,unseen_distractor_hues,11,-0.657697,0.0,0.0,0.0,18.193989
3,D_latent,unseen_distractor_hues,12,-0.27370876,0.0,0.0,1.0,9.154135
3,D_latent,unseen_distractor_hues,13,-0.7554297,0.0,0.0,0.0,22.812174
3,D_latent,unseen_distractor_hues,14,-0.45629454,0.0,0.0,0.0,20.351923
3,D_latent,unseen_distractor_hues,15,-0.6734867,0.0,0.0,0.0,20.624266
3,D_latent,unseen_distractor_hues,16,-0.25976717,0.0,0.0,1.0,10.824926
3,D_latent,unseen_distractor_hues,17,-0.22235131,0.0,0.0,1.0,7.479756
3,D_latent,unseen_distractor_hues,18,-0.6395696,0.0,0.0,0.0,23.689621
3,D_latent,unseen_distractor_hues,19,-0.806786,0.0,0.0,0.0,26.783281
3,D_latent,unseen_distractor_hues,20,-0.38457897,0.0,0.0,0.0,16.941982
3,D_latent,unseen_distractor_hues,21,-0.22113493,0.0,0.0,1.0,7.5723567
3,D_latent,unseen_distractor_hues,22,-0.23559791,0.0,0.0,1.0,8.629854
3,D_latent,unseen_distractor_hues,23,-0.14073277,0.0,0.0,1.0,6.0544205
3,D_latent,unseen_distractor_hues,24,-0.30759615,0.0,0.0,1.0,9.426159
3,D_latent,unseen_distractor_hues,25,-0.513689,0.0,0.0,0.0,16.096455
3,D_latent,unseen_distractor_hues,26,-0.22850157,0.0,0.0,0.0,10.9569
3,D_latent,unseen_distractor_hues,27,-0.18170808,0.0,0.0,0.0,7.15567
3,D_latent,unseen_distractor_hues,28,-0.25591305,0.0,0.0,1.0,8.790732
3,D_latent,unseen_distractor_hues,29,-0.56545156,0.0,0.0,1.0,22.719872
3,D_latent,unseen_distractor_hues,30,-0.5674741,0.0,0.0,1.0,15.418464
3,D_latent,unseen_distractor_hues,31,-0.4816079,0.0,0.0,0.0,16.470177
3,D_latent,unseen_distractor_hues,32,-0.86556906,0.0,0.0,0.0,28.491346
3,D_latent,unseen_distractor_hues,33,-0.21133824,0.0,0.0,1.0,9.546549
3,D_latent,unseen_distractor_hues,34,-0.5277804,0.0,0.0,0.0,16.847668
3,D_latent,unseen_distractor_hues,35,-0.30665165,0.0,0.0,1.0,10.729956
3,D_latent,unseen_distractor_hues,36,-0.20139745,0.0,0.0,1.0,5.8252726
3,D_latent,unseen_distractor_hues,37,-0.71952885,0.0,0.0,0.0,23.682869
3,D_latent,unseen_distractor_hues,38,-0.33412564,0.0,0.0,1.0,9.232497
3,D_latent,unseen_distractor_hues,39,-0.54843104,0.0,0.0,0.0,17.980932
3,D_latent,unseen_distractor_hues,40,-0.3094285,0.0,0.0,1.0,8.060011
3,D_latent,unseen_distractor_hues,41,-0.38545215,0.0,0.0,0.0,14.719206
3,D_latent,unseen_distractor_hues,42,-0.2438661,0.0,0.0,1.0,4.2466435
3,D_latent,unseen_distractor_hues,43,-0.40558606,0.0,0.0,1.0,17.282974
3,D_latent,unseen_distractor_hues,44,-0.13671255,1.0,0.17777777777777778,1.0,0.40223396
3,D_latent,unseen_distractor_hues,45,-0.40977117,0.0,0.0,0.0,14.405855
3,D_latent,unseen_distractor_hues,46,-0.6150551,0.0,0.0,0.0,20.673061
3,D_latent,unseen_distractor_hues,47,-0.26443675,0.0,0.0,0.0,9.991035
3,D_latent,unseen_distractor_hues,48,-0.64077395,0.0,0.0,1.0,25.021524
3,D_latent,unseen_distractor_hues,49,-0.56251544,0.0,0.0,0.0,21.682625
3,D_latent,unseen_distractor_hues,50,-0.36774623,0.0,0.0,1.0,12.518198
3,D_latent,unseen_distractor_hues,51,-0.74114734,0.0,0.0,0.0,27.089281
3,D_latent,unseen_distractor_hues,52,-0.3474941,0.0,0.0,0.0,18.140818
3,D_latent,unseen_distractor_hues,53,-0.48290563,0.0,0.0,1.0,9.852032
3,D_latent,unseen_distractor_hues,54,-0.16344376,0.0,0.0,0.0,12.610841
3,D_latent,unseen_distractor_hues,55,-0.612243,0.0,0.0,0.0,21.85344
3,D_latent,unseen_distractor_hues,56,-0.01937557,0.0,0.0,1.0,2.274401
3,D_latent,unseen_distractor_hues,57,-0.8534598,0.0,0.0,0.0,27.486004
3,D_latent,unseen_distractor_hues,58,-0.40959728,0.0,0.0,0.0,12.319227
3,D_latent,unseen_distractor_hues,59,-0.5214497,0.0,0.0,0.0,21.565052
3,D_latent,unseen_distractor_hues,60,-0.73062974,0.0,0.0,0.0,23.707478
3,D_latent,unseen_distractor_hues,61,-0.2672694,0.0,0.0,1.0,6.2952466
3,D_latent,unseen_distractor_hues,62,-0.6149466,0.0,0.0,1.0,23.649462
3,D_latent,unseen_distractor_hues,63,-0.1908972,0.0,0.0,1.0,3.0054524
3,D_latent,unseen_distractor_hues,64,-0.5405327,0.0,0.0,0.0,13.933473
3,D_latent,unseen_distractor_hues,65,0.21399735,1.0,0.5333333333333333,1.0,0.6685086
3,D_latent,unseen_distractor_hues,66,-0.072064824,0.0,0.15555555555555556,1.0,8.459828
3,D_latent,unseen_distractor_hues,67,-0.18465751,0.0,0.0,1.0,4.9246078
3,D_latent,unseen_distractor_hues,68,-0.7729349,0.0,0.0,0.0,24.97681
3,D_latent,unseen_distractor_hues,69,-0.42511126,0.0,0.0,0.0,11.37888
3,D_latent,unseen_distractor_hues,70,-0.37797982,0.0,0.0,1.0,13.995509
3,D_latent,unseen_distractor_hues,71,-0.60456866,0.0,0.0,0.0,19.718328
3,D_latent,unseen_distractor_hues,72,-0.1199757,0.0,0.0,1.0,7.4757447
3,D_latent,unseen_distractor_hues,73,-0.2944271,0.0,0.0,1.0,9.403908
3,D_latent,unseen_distractor_hues,74,-0.47457835,0.0,0.0,1.0,7.5874176
3,D_latent,unseen_distractor_hues,75,-0.40635398,0.0,0.0,1.0,9.275255
3,D_latent,unseen_distractor_hues,76,-0.16490842,0.0,0.0,1.0,3.3036582
3,D_latent,unseen_distractor_hues,77,-0.629446,0.0,0.0,0.0,21.408966
3,D_latent,unseen_distractor_hues,78,-0.40927023,0.0,0.0,1.0,9.207908
3,D_latent,unseen_distractor_hues,79,-0.3067717,0.0,0.0,1.0,9.76225
3,D_latent,unseen_distractor_hues,80,-0.7246465,0.0,0.0,0.0,23.163887
3,D_latent,unseen_distractor_hues,81,-0.64278066,0.0,0.0,1.0,20.97796
3,D_latent,unseen_distractor_hues,82,-0.4206607,0.0,0.0,1.0,11.855555
3,D_latent,unseen_distractor_hues,83,-0.78102547,0.0,0.0,0.0,24.017073
3,D_latent,unseen_distractor_hues,84,-0.5771362,0.0,0.0,0.0,23.498148
3,D_latent,unseen_distractor_hues,85,-0.7442247,0.0,0.0,0.0,23.816938
3,D_latent,unseen_distractor_hues,86,-0.58196986,0.0,0.0,0.0,21.234457
3,D_latent,unseen_distractor_hues,87,-0.13439861,0.0,0.0,1.0,6.9527106
3,D_latent,unseen_distractor_hues,88,-0.22497477,0.0,0.0,1.0,4.380215
3,D_latent,unseen_distractor_hues,89,-0.3182748,0.0,0.0,0.0,11.949948
3,D_latent,unseen_distractor_hues,90,-0.6109878,0.0,0.0,0.0,14.44493
3,D_latent,unseen_distractor_hues,91,-0.8783388,0.0,0.0,0.0,27.892706
3,D_latent,unseen_distractor_hues,92,-0.35430112,0.0,0.0,1.0,12.03539
3,D_latent,unseen_distractor_hues,93,-0.6506077,0.0,0.0,0.0,19.31182
3,D_latent,unseen_distractor_hues,94,-0.28303277,0.0,0.0,1.0,9.166653
3,D_latent,unseen_distractor_hues,95,-0.5190128,0.0,0.0,0.0,15.6656685
3,D_latent,unseen_distractor_hues,96,-0.66090876,0.0,0.0,0.0,20.64012
3,D_latent,unseen_distractor_hues,97,-0.5383974,0.0,0.0,0.0,20.561403
3,D_latent,unseen_distractor_hues,98,-0.32222944,0.0,0.0,1.0,15.293362
3,D_latent,unseen_distractor_hues,99,-0.69920135,0.0,0.0,0.0,23.582693
3,D_latent,heavy_pixel_noise,0,-0.27871105,0.0,0.0,1.0,8.092787
3,D_latent,heavy_pixel_noise,1,-0.37239668,0.0,0.0,1.0,10.577311
3,D_latent,heavy_pixel_noise,2,-0.60812455,0.0,0.0,0.0,16.763199
3,D_latent,heavy_pixel_noise,3,-0.39220014,0.0,0.0,0.0,12.590767
3,D_latent,heavy_pixel_noise,4,-0.2799055,0.0,0.0,0.0,13.034873
3,D_latent,heavy_pixel_noise,5,-0.6975206,0.0,0.0,0.0,24.961386
3,D_latent,heavy_pixel_noise,6,-0.38460243,0.0,0.0,1.0,12.846831
3,D_latent,heavy_pixel_noise,7,-0.6502752,0.0,0.0,0.0,20.564713
3,D_latent,heavy_pixel_noise,8,-0.52732915,0.0,0.0,1.0,18.89133
3,D_latent,heavy_pixel_noise,9,-0.49207658,0.0,0.0,0.0,15.731371
3,D_latent,heavy_pixel_noise,10,-0.684263,0.0,0.0,0.0,21.368612
3,D_latent,heavy_pixel_noise,11,-0.6632539,0.0,0.0,0.0,18.467499
3,D_latent,heavy_pixel_noise,12,-0.22395656,0.0,0.0,1.0,6.7172112
3,D_latent,heavy_pixel_noise,13,-0.7207416,0.0,0.0,0.0,19.773018
3,D_latent,heavy_pixel_noise,14,-0.42011863,0.0,0.0,0.0,16.689863
3,D_latent,heavy_pixel_noise,15,-0.6582587,0.0,0.0,0.0,20.516962
3,D_latent,heavy_pixel_noise,16,-0.2592729,0.0,0.0,1.0,10.11325
3,D_latent,heavy_pixel_noise,17,-0.23557995,0.0,0.0,1.0,7.9652724
3,D_latent,heavy_pixel_noise,18,-0.63363713,0.0,0.0,0.0,22.824387
3,D_latent,heavy_pixel_noise,19,-0.77969015,0.0,0.0,0.0,24.745115
3,D_latent,heavy_pixel_noise,20,-0.4107926,0.0,0.0,0.0,17.247702
3,D_latent,heavy_pixel_noise,21,-0.21668506,0.0,0.0,1.0,6.1230497
3,D_latent,heavy_pixel_noise,22,-0.24852905,0.0,0.0,1.0,7.3490577
3,D_latent,heavy_pixel_noise,23,-0.12249038,0.0,0.0,1.0,5.904965
3,D_latent,heavy_pixel_noise,24,-0.31970417,0.0,0.0,1.0,10.21814
3,D_latent,heavy_pixel_noise,25,-0.5403488,0.0,0.0,0.0,16.367958
3,D_latent,heavy_pixel_noise,26,-0.25026008,0.0,0.0,0.0,11.453913
3,D_latent,heavy_pixel_noise,27,-0.20312358,0.0,0.0,0.0,7.3061604
3,D_latent,heavy_pixel_noise,28,-0.23146203,0.0,0.0,1.0,6.4209666
3,D_latent,heavy_pixel_noise,29,-0.5738042,0.0,0.0,1.0,22.726881
3,D_latent,heavy_pixel_noise,30,-0.58241624,0.0,0.0,1.0,17.07266
3,D_latent,heavy_pixel_noise,31,-0.4971668,0.0,0.0,0.0,17.955307
3,D_latent,heavy_pixel_noise,32,-0.8208927,0.0,0.0,0.0,26.375463
3,D_latent,heavy_pixel_noise,33,-0.22268526,0.0,0.0,1.0,10.422065
3,D_latent,heavy_pixel_noise,34,-0.5356124,0.0,0.0,0.0,17.586884
3,D_latent,heavy_pixel_noise,35,-0.3163427,0.0,0.0,1.0,10.752267
3,D_latent,heavy_pixel_noise,36,-0.23411466,0.0,0.0,1.0,8.55651
3,D_latent,heavy_pixel_noise,37,-0.7278495,0.0,0.0,0.0,23.39192
3,D_latent,heavy_pixel_noise,38,-0.29831898,0.0,0.0,1.0,6.5615244
3,D_latent,heavy_pixel_noise,39,-0.51767045,0.0,0.0,0.0,15.044952
3,D_latent,heavy_pixel_noise,40,-0.382746,0.0,0.0,1.0,13.311487
3,D_latent,heavy_pixel_noise,41,-0.322099,0.0,0.0,1.0,9.190587
3,D_latent,heavy_pixel_noise,42,-0.17252201,0.0,0.0,1.0,4.033365
3,D_latent,heavy_pixel_noise,43,-0.40237278,0.0,0.0,1.0,17.379692
3,D_latent,heavy_pixel_noise,44,-0.19132535,0.0,0.0,1.0,1.6662971
3,D_latent,heavy_pixel_noise,45,-0.4024015,0.0,0.0,1.0,7.747108
3,D_latent,heavy_pixel_noise,46,-0.62511295,0.0,0.0,0.0,21.47489
3,D_latent,heavy_pixel_noise,47,-0.37901708,0.0,0.0,0.0,17.870987
3,D_latent,heavy_pixel_noise,48,-0.6102528,0.0,0.0,1.0,22.383003
3,D_latent,heavy_pixel_noise,49,-0.55720824,0.0,0.0,0.0,22.492548
3,D_latent,heavy_pixel_noise,50,-0.34486875,0.0,0.0,1.0,10.828928
3,D_latent,heavy_pixel_noise,51,-0.74475724,0.0,0.0,0.0,27.91049
3,D_latent,heavy_pixel_noise,52,-0.35197204,0.0,0.0,0.0,16.918285
3,D_latent,heavy_pixel_noise,53,-0.47018862,0.0,0.0,1.0,8.933303
3,D_latent,heavy_pixel_noise,54,-0.09355648,0.0,0.0,0.0,10.561673
3,D_latent,heavy_pixel_noise,55,-0.6234294,0.0,0.0,0.0,22.426365
3,D_latent,heavy_pixel_noise,56,-0.088976905,0.0,0.0,1.0,3.5142002
3,D_latent,heavy_pixel_noise,57,-0.8529394,0.0,0.0,0.0,27.307869
3,D_latent,heavy_pixel_noise,58,-0.43488562,0.0,0.0,0.0,13.604088
3,D_latent,heavy_pixel_noise,59,-0.5931368,0.0,0.0,0.0,23.320715
3,D_latent,heavy_pixel_noise,60,-0.66979563,0.0,0.0,0.0,19.253452
3,D_latent,heavy_pixel_noise,61,-0.26663864,0.0,0.0,0.0,6.5819535
3,D_latent,heavy_pixel_noise,62,-0.4873388,0.0,0.0,1.0,17.542398
3,D_latent,heavy_pixel_noise,63,-0.18374369,0.0,0.0,1.0,3.8185174
3,D_latent,heavy_pixel_noise,64,-0.5259849,0.0,0.0,0.0,12.71998
3,D_latent,heavy_pixel_noise,65,0.16131705,1.0,0.5111111111111111,1.0,1.3017958
3,D_latent,heavy_pixel_noise,66,-0.07365331,0.0,0.13333333333333333,1.0,5.8451676
3,D_latent,heavy_pixel_noise,67,-0.22286943,0.0,0.0,1.0,7.6665688
3,D_latent,heavy_pixel_noise,68,-0.74646413,0.0,0.0,0.0,23.95024
3,D_latent,heavy_pixel_noise,69,-0.36341348,0.0,0.0,1.0,9.096355
3,D_latent,heavy_pixel_noise,70,-0.34494674,0.0,0.0,1.0,9.912125
3,D_latent,heavy_pixel_noise,71,-0.6641413,0.0,0.0,0.0,22.220778
3,D_latent,heavy_pixel_noise,72,-0.11330963,0.0,0.0,1.0,6.5624347
3,D_latent,heavy_pixel_noise,73,-0.27391994,0.0,0.0,0.0,9.536426
3,D_latent,heavy_pixel_noise,74,-0.48997357,0.0,0.0,0.0,8.790845
3,D_latent,heavy_pixel_noise,75,-0.43346515,0.0,0.0,1.0,10.109123
3,D_latent,heavy_pixel_noise,76,-0.18081214,0.0,0.0,1.0,5.9385605
3,D_latent,heavy_pixel_noise,77,-0.63178664,0.0,0.0,0.0,21.863136
3,D_latent,heavy_pixel_noise,78,-0.4678167,0.0,0.0,1.0,13.129474
3,D_latent,heavy_pixel_noise,79,-0.39971766,0.0,0.0,0.0,15.872842
3,D_latent,heavy_pixel_noise,80,-0.72729516,0.0,0.0,0.0,23.082476
3,D_latent,heavy_pixel_noise,81,-0.62543637,0.0,0.0,1.0,20.882923
3,D_latent,heavy_pixel_noise,82,-0.42773226,0.0,0.0,1.0,11.160492
3,D_latent,heavy_pixel_noise,83,-0.69773686,0.0,0.0,0.0,18.908646
3,D_latent,heavy_pixel_noise,84,-0.6406249,0.0,0.0,0.0,26.409111
3,D_latent,heavy_pixel_noise,85,-0.76541114,0.0,0.0,0.0,24.936285
3,D_latent,heavy_pixel_noise,86,-0.5504103,0.0,0.0,0.0,19.298826
3,D_latent,heavy_pixel_noise,87,-0.1302152,0.0,0.0,1.0,4.3697066
3,D_latent,heavy_pixel_noise,88,-0.22482751,0.0,0.0,1.0,4.1839314
3,D_latent,heavy_pixel_noise,89,-0.29763365,0.0,0.0,0.0,11.2185955
3,D_latent,heavy_pixel_noise,90,-0.6526992,0.0,0.0,0.0,16.329006
3,D_latent,heavy_pixel_noise,91,-0.89019096,0.0,0.0,0.0,28.54473
3,D_latent,heavy_pixel_noise,92,-0.34379673,0.0,0.0,1.0,9.653275
3,D_latent,heavy_pixel_noise,93,-0.6769442,0.0,0.0,0.0,20.74345
3,D_latent,heavy_pixel_noise,94,-0.2835808,0.0,0.0,1.0,9.192097
3,D_latent,heavy_pixel_noise,95,-0.54295766,0.0,0.0,0.0,16.77367
3,D_latent,heavy_pixel_noise,96,-0.669957,0.0,0.0,0.0,22.199268
3,D_latent,heavy_pixel_noise,97,-0.5064544,0.0,0.0,0.0,18.830877
3,D_latent,heavy_pixel_noise,98,-0.31732208,0.0,0.0,1.0,14.867027
3,D_latent,heavy_pixel_noise,99,-0.66380745,0.0,0.0,0.0,22.660446
4,A_recon,in_distribution,0,-0.16233951,0.0,0.0,1.0,2.0357745
4,A_recon,in_distribution,1,-0.22632073,0.0,0.0,1.0,6.036672
4,A_recon,in_distribution,2,-0.07356657,1.0,0.3333333333333333,1.0,1.1258152
4,A_recon,in_distribution,3,-0.18785116,0.0,0.0,1.0,4.8385267
4,A_recon,in_distribution,4,0.1159671,0.0,0.4444444444444444,1.0,1.5941731
4,A_recon,in_distribution,5,-0.28118715,0.0,0.0,1.0,3.0585723
4,A_recon,in_distribution,6,0.10825672,0.0,0.4666666666666667,1.0,2.0926836
4,A_recon,in_distribution,7,-0.08256385,0.0,0.24444444444444444,1.0,1.8146396
4,A_recon,in_distribution,8,-0.23502828,0.0,0.0,1.0,5.318909
4,A_recon,in_distribution,9,-0.22131118,0.0,0.0,1.0,3.2441785
4,A_recon,in_distribution,10,-0.2952191,0.0,0.0,1.0,5.966463
4,A_recon,in_distribution,11,-0.3963128,0.0,0.0,1.0,3.5740168
4,A_recon,in_distribution,12,-0.17129773,0.0,0.0,1.0,7.1822014
4,A_recon,in_distribution,13,-0.3910506,0.0,0.0,1.0,6.936904
4,A_recon,in_distribution,14,-0.20939776,0.0,0.0,1.0,5.7586474
4,A_recon,in_distribution,15,-0.2747586,0.0,0.0,1.0,2.3653896
4,A_recon,in_distribution,16,-0.16265507,0.0,0.0,1.0,3.909696
4,A_recon,in_distribution,17,-0.034985326,0.0,0.0,1.0,2.1067588
4,A_recon,in_distribution,18,-0.27049258,0.0,0.0,1.0,3.8507466
4,A_recon,in_distribution,19,-0.28013843,0.0,0.0,1.0,3.529418
4,A_recon,in_distribution,20,-0.2796894,0.0,0.0,0.0,9.918073
4,A_recon,in_distribution,21,-0.08495143,0.0,0.0,1.0,3.6332762
4,A_recon,in_distribution,22,-0.13951233,0.0,0.0,1.0,4.841933
4,A_recon,in_distribution,23,0.00896083,0.0,0.2,1.0,5.9375243
4,A_recon,in_distribution,24,-0.23454843,0.0,0.0,1.0,7.522785
4,A_recon,in_distribution,25,-0.29000628,0.0,0.0,0.0,7.3555264
4,A_recon,in_distribution,26,-0.12001449,0.0,0.0,1.0,6.451542
4,A_recon,in_distribution,27,-0.17563453,0.0,0.0,0.0,6.532466
4,A_recon,in_distribution,28,-0.16357882,0.0,0.0,1.0,6.211969
4,A_recon,in_distribution,29,-0.2210154,0.0,0.0,1.0,4.889907
4,A_recon,in_distribution,30,-0.34849474,0.0,0.0,1.0,8.065839
4,A_recon,in_distribution,31,-0.095889464,0.0,0.0,1.0,1.9378607
4,A_recon,in_distribution,32,-0.1405385,1.0,0.28888888888888886,1.0,1.3054774
4,A_recon,in_distribution,33,-0.21903051,0.0,0.0,1.0,7.0012455
4,A_recon,in_distribution,34,0.0024873153,0.0,0.35555555555555557,1.0,4.632584
4,A_recon,in_distribution,35,-0.28078064,0.0,0.0,1.0,9.414265
4,A_recon,in_distribution,36,-0.05155409,0.0,0.0,1.0,2.4792943
4,A_recon,in_distribution,37,-0.36510706,0.0,0.0,1.0,3.61939
4,A_recon,in_distribution,38,-0.1766172,0.0,0.0,1.0,4.2509427
4,A_recon,in_distribution,39,-0.1829134,0.0,0.044444444444444446,1.0,4.8512917
4,A_recon,in_distribution,40,-0.1722538,0.0,0.0,1.0,4.258129
4,A_recon,in_distribution,41,-0.15002488,0.0,0.0,1.0,6.3987327
4,A_recon,in_distribution,42,-0.23037432,0.0,0.0,1.0,7.427528
4,A_recon,in_distribution,43,-0.20611978,0.0,0.0,1.0,4.687956
4,A_recon,in_distribution,44,-0.11526213,0.0,0.0,1.0,2.5110328
4,A_recon,in_distribution,45,-0.031318102,0.0,0.2222222222222222,1.0,4.1188498
4,A_recon,in_distribution,46,-0.21744004,0.0,0.0,1.0,1.7537148
4,A_recon,in_distribution,47,-0.12540592,0.0,0.0,1.0,5.876521
4,A_recon,in_distribution,48,-0.24087167,0.0,0.0,1.0,4.8033996
4,A_recon,in_distribution,49,-0.28635556,0.0,0.0,1.0,9.307844
4,A_recon,in_distribution,50,-0.096073724,0.0,0.0,1.0,2.6429658
4,A_recon,in_distribution,51,-0.3774195,0.0,0.0,1.0,6.126329
4,A_recon,in_distribution,52,-0.13339096,0.0,0.0,1.0,6.1085157
4,A_recon,in_distribution,53,-0.23678643,0.0,0.0,1.0,4.264942
4,A_recon,in_distribution,54,-0.1283211,0.0,0.0,1.0,4.016708
4,A_recon,in_distribution,55,-0.19838412,1.0,0.08888888888888889,1.0,0.7540074
4,A_recon,in_distribution,56,-0.05748725,0.0,0.0,1.0,6.6799593
4,A_recon,in_distribution,57,-0.3849997,0.0,0.0,1.0,4.2109365
4,A_recon,in_distribution,58,-0.3478743,0.0,0.0,0.0,7.4531403
4,A_recon,in_distribution,59,-0.51219106,0.0,0.0,0.0,19.185997
4,A_recon,in_distribution,60,-0.37897158,0.0,0.0,1.0,9.007038
4,A_recon,in_distribution,61,-0.36484003,0.0,0.0,0.0,15.143134
4,A_recon,in_distribution,62,-0.24007756,0.0,0.0,1.0,3.8758337
4,A_recon,in_distribution,63,-0.3399434,0.0,0.0,0.0,16.046911
4,A_recon,in_distribution,64,-0.14745077,0.0,0.0,1.0,2.440906
4,A_recon,in_distribution,65,0.17377667,1.0,0.3111111111111111,1.0,1.548116
4,A_recon,in_distribution,66,-0.048299663,0.0,0.0,1.0,7.7789145
4,A_recon,in_distribution,67,-0.21043116,0.0,0.0,1.0,5.9744215
4,A_recon,in_distribution,68,-0.21677499,0.0,0.17777777777777778,1.0,3.1928005
4,A_recon,in_distribution,69,-0.29235196,0.0,0.0,1.0,8.401596
4,A_recon,in_distribution,70,-0.16430984,0.0,0.0,1.0,6.6407924
4,A_recon,in_distribution,71,-0.28334418,0.0,0.0,1.0,4.4251637
4,A_recon,in_distribution,72,-0.012355595,0.0,0.15555555555555556,1.0,6.2700467
4,A_recon,in_distribution,73,-0.3707526,0.0,0.0,1.0,13.053689
4,A_recon,in_distribution,74,-0.3391399,0.0,0.0,1.0,6.9860096
4,A_recon,in_distribution,75,-0.4047769,0.0,0.0,1.0,14.1631975
4,A_recon,in_distribution,76,-0.3211734,0.0,0.0,0.0,13.733333
4,A_recon,in_distribution,77,-0.2005653,0.0,0.0,1.0,2.165833
4,A_recon,in_distribution,78,-0.41841176,0.0,0.0,1.0,12.256299
4,A_recon,in_distribution,79,-0.21296106,0.0,0.0,1.0,6.2665324
4,A_recon,in_distribution,80,-0.2418875,1.0,0.13333333333333333,1.0,1.0977976
4,A_recon,in_distribution,81,-0.24721482,0.0,0.0,1.0,3.8081985
4,A_recon,in_distribution,82,-0.24236625,0.0,0.0,1.0,4.995911
4,A_recon,in_distribution,83,-0.36245525,0.0,0.0,1.0,5.919298
4,A_recon,in_distribution,84,-0.4259268,0.0,0.0,1.0,14.837839
4,A_recon,in_distribution,85,-0.40125024,0.0,0.0,1.0,7.553827
4,A_recon,in_distribution,86,-0.23913158,0.0,0.0,1.0,4.1053405
4,A_recon,in_distribution,87,-0.15293346,0.0,0.0,1.0,5.3412213
4,A_recon,in_distribution,88,-0.19475037,0.0,0.0,1.0,8.469439
4,A_recon,in_distribution,89,-0.22030161,0.0,0.0,1.0,7.564854
4,A_recon,in_distribution,90,-0.31369257,0.0,0.0,1.0,5.3020864
4,A_recon,in_distribution,91,-0.32689777,0.0,0.0,1.0,4.8281274
4,A_recon,in_distribution,92,-0.23113117,0.0,0.0,1.0,6.1705236
4,A_recon,in_distribution,93,-0.34764653,0.0,0.0,1.0,6.748504
4,A_recon,in_distribution,94,-0.22929639,0.0,0.0,1.0,9.148879
4,A_recon,in_distribution,95,0.07829754,0.0,0.5111111111111111,1.0,1.5655804
4,A_recon,in_distribution,96,-0.28300858,0.0,0.0,1.0,4.3982472
4,A_recon,in_distribution,97,0.015232793,1.0,0.3333333333333333,1.0,0.52012503
4,A_recon,in_distribution,98,-0.16645953,0.0,0.0,1.0,4.8191633
4,A_recon,in_distribution,99,-0.12585396,0.0,0.13333333333333333,1.0,2.9146252
4,A_recon,4_distractors,0,-0.06433363,0.0,0.17777777777777778,1.0,2.2069294
4,A_recon,4_distractors,1,-0.23108755,0.0,0.0,1.0,6.264427
4,A_recon,4_distractors,2,-0.08816221,1.0,0.28888888888888886,1.0,0.55215734
4,A_recon,4_distractors,3,-0.1564177,0.0,0.0,1.0,3.9637601
4,A_recon,4_distractors,4,0.071640804,0.0,0.2,1.0,2.7981317
4,A_recon,4_distractors,5,-0.29185233,0.0,0.0,1.0,3.431344
4,A_recon,4_distractors,6,0.00080864975,0.0,0.26666666666666666,1.0,3.3822346
4,A_recon,4_distractors,7,-0.03289574,1.0,0.4222222222222222,1.0,1.1904352
4,A_recon,4_distractors,8,-0.23508197,0.0,0.0,1.0,5.143841
4,A_recon,4_distractors,9,-0.17244008,0.0,0.0,1.0,3.4310868
4,A_recon,4_distractors,10,-0.36240053,0.0,0.0,1.0,7.9957943
4,A_recon,4_distractors,11,-0.3016585,1.0,0.044444444444444446,1.0,1.4060392
4,A_recon,4_distractors,12,-0.22100548,0.0,0.0,1.0,11.21501
4,A_recon,4_distractors,13,-0.39130935,0.0,0.0,1.0,7.1068296
4,A_recon,4_distractors,14,-0.21401104,0.0,0.0,1.0,6.2986836
4,A_recon,4_distractors,15,-0.3026603,0.0,0.0,1.0,3.2190905
4,A_recon,4_distractors,16,-0.16724405,0.0,0.0,1.0,4.533175
4,A_recon,4_distractors,17,0.08071504,0.0,0.17777777777777778,1.0,2.176515
4,A_recon,4_distractors,18,-0.28911453,0.0,0.0,1.0,5.202572
4,A_recon,4_distractors,19,-0.25660202,0.0,0.0,1.0,2.9539979
4,A_recon,4_distractors,20,-0.217923,0.0,0.0,1.0,7.0700855
4,A_recon,4_distractors,21,-0.17696376,0.0,0.0,1.0,7.2687297
4,A_recon,4_distractors,22,-0.098677956,0.0,0.0,1.0,3.4953158
4,A_recon,4_distractors,23,0.011362945,0.0,0.2222222222222222,1.0,6.126094
4,A_recon,4_distractors,24,-0.2268904,0.0,0.0,1.0,6.920099
4,A_recon,4_distractors,25,-0.547649,0.0,0.0,0.0,19.626057
4,A_recon,4_distractors,26,-0.12911639,0.0,0.0,1.0,7.157716
4,A_recon,4_distractors,27,-0.14079851,0.0,0.0,1.0,4.9216685
4,A_recon,4_distractors,28,-0.14264072,0.0,0.0,1.0,5.2727933
4,A_recon,4_distractors,29,-0.2502654,0.0,0.0,1.0,6.0808516
4,A_recon,4_distractors,30,-0.41395786,0.0,0.0,1.0,13.679879
4,A_recon,4_distractors,31,-0.13016418,0.0,0.0,1.0,2.428795
4,A_recon,4_distractors,32,-0.22046894,0.0,0.0,1.0,1.9934007
4,A_recon,4_distractors,33,-0.1349338,0.0,0.0,1.0,3.642958
4,A_recon,4_distractors,34,-0.016844988,0.0,0.28888888888888886,1.0,3.2728913
4,A_recon,4_distractors,35,-0.26069707,0.0,0.0,1.0,8.507484
4,A_recon,4_distractors,36,-0.050986767,0.0,0.0,1.0,2.5936632
4,A_recon,4_distractors,37,-0.38103002,0.0,0.0,1.0,5.1643577
4,A_recon,4_distractors,38,-0.19833192,0.0,0.0,1.0,3.920959
4,A_recon,4_distractors,39,-0.136395,0.0,0.15555555555555556,1.0,3.9884186
4,A_recon,4_distractors,40,-0.17409714,0.0,0.0,1.0,4.0046263
4,A_recon,4_distractors,41,-0.14190213,0.0,0.0,1.0,4.421292
4,A_recon,4_distractors,42,-0.24001814,0.0,0.0,1.0,7.4994874
4,A_recon,4_distractors,43,-0.13488215,0.0,0.0,1.0,2.6702669
4,A_recon,4_distractors,44,0.014032113,0.0,0.24444444444444444,1.0,2.8326783
4,A_recon,4_distractors,45,-0.0020334828,0.0,0.0,1.0,2.142201
4,A_recon,4_distractors,46,-0.118229195,1.0,0.24444444444444444,1.0,0.5596736
4,A_recon,4_distractors,47,-0.11958873,0.0,0.0,1.0,5.4664516
4,A_recon,4_distractors,48,-0.2691309,0.0,0.0,1.0,4.80957
4,A_recon,4_distractors,49,-0.26052326,0.0,0.0,1.0,8.110627
4,A_recon,4_distractors,50,-0.0565473,0.0,0.0,1.0,2.8326807
4,A_recon,4_distractors,51,-0.37153855,0.0,0.0,1.0,5.74544
4,A_recon,4_distractors,52,-0.19277759,0.0,0.0,1.0,6.695212
4,A_recon,4_distractors,53,-0.22627695,0.0,0.0,1.0,3.5133684
4,A_recon,4_distractors,54,-0.13391559,0.0,0.0,1.0,4.3808856
4,A_recon,4_distractors,55,-0.24762109,0.0,0.0,1.0,1.9520782
4,A_recon,4_distractors,56,-0.034155615,0.0,0.0,1.0,4.66102
4,A_recon,4_distractors,57,-0.37231112,0.0,0.0,1.0,3.2564785
4,A_recon,4_distractors,58,-0.33773118,0.0,0.0,0.0,6.501273
4,A_recon,4_distractors,59,-0.48394004,0.0,0.0,0.0,18.57672
4,A_recon,4_distractors,60,-0.37508512,0.0,0.0,1.0,8.904527
4,A_recon,4_distractors,61,-0.36974996,0.0,0.0,0.0,15.32565
4,A_recon,4_distractors,62,-0.23802334,0.0,0.0,1.0,4.245309
4,A_recon,4_distractors,63,-0.3504055,0.0,0.0,0.0,16.221905
4,A_recon,4_distractors,64,-0.17576712,0.0,0.0,1.0,3.504984
4,A_recon,4_distractors,65,0.28208318,1.0,0.7333333333333333,1.0,1.0097833
4,A_recon,4_distractors,66,-0.077900894,0.0,0.0,1.0,8.795161
4,A_recon,4_distractors,67,-0.19964367,0.0,0.0,1.0,5.546988
4,A_recon,4_distractors,68,-0.14573784,1.0,0.4,1.0,1.3269645
4,A_recon,4_distractors,69,-0.29130852,0.0,0.0,1.0,8.539503
4,A_recon,4_distractors,70,-0.11656719,0.0,0.0,1.0,3.0966244
4,A_recon,4_distractors,71,-0.13357666,1.0,0.1111111111111111,1.0,1.2787645
4,A_recon,4_distractors,72,-0.043542985,0.0,0.15555555555555556,1.0,8.270013
4,A_recon,4_distractors,73,-0.3337557,0.0,0.0,1.0,12.164178
4,A_recon,4_distractors,74,-0.30861333,0.0,0.0,1.0,6.148268
4,A_recon,4_distractors,75,-0.41416878,0.0,0.0,1.0,15.363828
4,A_recon,4_distractors,76,-0.28479528,0.0,0.0,0.0,12.784623
4,A_recon,4_distractors,77,-0.12410284,1.0,0.26666666666666666,1.0,0.06928721
4,A_recon,4_distractors,78,-0.4121339,0.0,0.0,1.0,13.07069
4,A_recon,4_distractors,79,-0.2052172,0.0,0.0,1.0,5.9155498
4,A_recon,4_distractors,80,-0.23773716,1.0,0.13333333333333333,1.0,0.5841525
4,A_recon,4_distractors,81,-0.20332599,0.0,0.0,1.0,2.6409836
4,A_recon,4_distractors,82,-0.29161948,0.0,0.0,1.0,6.9005218
4,A_recon,4_distractors,83,-0.3316985,0.0,0.0,1.0,4.3317924
4,A_recon,4_distractors,84,-0.3929955,0.0,0.0,1.0,13.293474
4,A_recon,4_distractors,85,-0.38114816,0.0,0.0,1.0,6.7144604
4,A_recon,4_distractors,86,-0.23189142,0.0,0.0,1.0,3.7862623
4,A_recon,4_distractors,87,-0.15128435,0.0,0.0,1.0,5.428453
4,A_recon,4_distractors,88,-0.14570688,0.0,0.0,1.0,4.1672163
4,A_recon,4_distractors,89,-0.23267886,0.0,0.0,1.0,8.434633
4,A_recon,4_distractors,90,-0.3526785,0.0,0.0,1.0,7.6160774
4,A_recon,4_distractors,91,-0.3391146,0.0,0.0,1.0,5.3626275
4,A_recon,4_distractors,92,-0.2231613,0.0,0.0,1.0,5.277989
4,A_recon,4_distractors,93,-0.35393324,0.0,0.0,1.0,7.1169367
4,A_recon,4_distractors,94,-0.22753671,0.0,0.0,1.0,9.131906
4,A_recon,4_distractors,95,-0.1311287,1.0,0.15555555555555556,1.0,0.9834064
4,A_recon,4_distractors,96,-0.5691603,0.0,0.0,0.0,21.130508
4,A_recon,4_distractors,97,0.0042399745,1.0,0.3333333333333333,1.0,1.2446597
4,A_recon,4_distractors,98,-0.17077446,0.0,0.0,1.0,4.4401817
4,A_recon,4_distractors,99,-0.18720582,0.0,0.0,1.0,2.9457695
4,A_recon,fast_distractors,0,-0.19493105,0.0,0.0,1.0,2.593572
4,A_recon,fast_distractors,1,-0.22854117,0.0,0.0,1.0,6.2320657
4,A_recon,fast_distractors,2,-0.06406509,1.0,0.3333333333333333,1.0,0.7514505
4,A_recon,fast_distractors,3,-0.1734456,0.0,0.0,1.0,3.9210942
4,A_recon,fast_distractors,4,0.099479064,0.0,0.26666666666666666,1.0,2.3166132
4,A_recon,fast_distractors,5,-0.27763125,0.0,0.0,1.0,2.9838626
4,A_recon,fast_distractors,6,-0.054293945,0.0,0.17777777777777778,1.0,4.641341
4,A_recon,fast_distractors,7,-0.10273155,0.0,0.2222222222222222,1.0,2.26052
4,A_recon,fast_distractors,8,-0.2590956,0.0,0.0,1.0,6.560848
4,A_recon,fast_distractors,9,-0.2158013,0.0,0.0,1.0,2.8794804
4,A_recon,fast_distractors,10,-0.28941855,0.0,0.0,1.0,5.1209087
4,A_recon,fast_distractors,11,-0.33207208,0.0,0.0,1.0,2.1400788
4,A_recon,fast_distractors,12,-0.16454786,0.0,0.0,1.0,6.9947557
4,A_recon,fast_distractors,13,-0.397942,0.0,0.0,1.0,7.5133367
4,A_recon,fast_distractors,14,-0.18620512,0.0,0.0,1.0,5.901514
4,A_recon,fast_distractors,15,-0.2573952,0.0,0.0,1.0,1.937114
4,A_recon,fast_distractors,16,-0.16293107,0.0,0.0,1.0,3.969707
4,A_recon,fast_distractors,17,-0.0547078,0.0,0.0,1.0,2.8861678
4,A_recon,fast_distractors,18,-0.28104082,0.0,0.0,1.0,5.372537
4,A_recon,fast_distractors,19,-0.27976832,0.0,0.0,1.0,3.6104314
4,A_recon,fast_distractors,20,-0.2739597,0.0,0.0,1.0,9.153146
4,A_recon,fast_distractors,21,-0.12895414,0.0,0.0,1.0,5.4711537
4,A_recon,fast_distractors,22,-0.21266772,0.0,0.0,0.0,8.7344265
4,A_recon,fast_distractors,23,-0.0022094478,0.0,0.17777777777777778,1.0,6.362341
4,A_recon,fast_distractors,24,-0.24327643,0.0,0.0,1.0,7.933566
4,A_recon,fast_distractors,25,-0.3128972,0.0,0.0,0.0,9.765188
4,A_recon,fast_distractors,26,-0.10925542,0.0,0.0,1.0,5.7327147
4,A_recon,fast_distractors,27,-0.1716401,0.0,0.0,0.0,6.7606654
4,A_recon,fast_distractors,28,-0.16139796,0.0,0.0,1.0,5.7778864
4,A_recon,fast_distractors,29,-0.20746368,0.0,0.0,1.0,4.3184896
4,A_recon,fast_distractors,30,-0.36671427,0.0,0.0,1.0,9.57669
4,A_recon,fast_distractors,31,-0.11561848,0.0,0.0,1.0,2.062506
4,A_recon,fast_distractors,32,-0.16549648,1.0,0.2222222222222222,1.0,0.8238897
4,A_recon,fast_distractors,33,-0.22115995,0.0,0.0,1.0,7.08389
4,A_recon,fast_distractors,34,-0.023525458,0.0,0.26666666666666666,1.0,3.1976132
4,A_recon,fast_distractors,35,-0.27529103,0.0,0.0,1.0,9.236716
4,A_recon,fast_distractors,36,-0.008874066,1.0,0.022222222222222223,1.0,1.463743
4,A_recon,fast_distractors,37,-0.3539577,0.0,0.0,1.0,3.81613
4,A_recon,fast_distractors,38,-0.1488676,0.0,0.0,1.0,3.075166
4,A_recon,fast_distractors,39,-0.1504715,0.0,0.13333333333333333,1.0,3.9294252
4,A_recon,fast_distractors,40,-0.1595003,0.0,0.0,1.0,4.1284804
4,A_recon,fast_distractors,41,-0.13748509,0.0,0.0,1.0,4.858106
4,A_recon,fast_distractors,42,-0.23244166,0.0,0.0,1.0,7.607468
4,A_recon,fast_distractors,43,-0.2016307,0.0,0.0,1.0,4.2346315
4,A_recon,fast_distractors,44,-0.078391165,0.0,0.0,1.0,2.6693213
4,A_recon,fast_distractors,45,-0.065646745,1.0,0.06666666666666667,1.0,1.3523612
4,A_recon,fast_distractors,46,-0.2042188,1.0,0.022222222222222223,1.0,1.5236045
4,A_recon,fast_distractors,47,-0.1254847,0.0,0.0,1.0,5.582214
4,A_recon,fast_distractors,48,-0.2603124,0.0,0.0,1.0,4.236843
4,A_recon,fast_distractors,49,-0.29404518,0.0,0.0,1.0,9.503145
4,A_recon,fast_distractors,50,-0.09351314,0.0,0.0,1.0,2.5689561
4,A_recon,fast_distractors,51,-0.37968174,0.0,0.0,1.0,6.4764977
4,A_recon,fast_distractors,52,-0.1364623,0.0,0.0,1.0,5.909258
4,A_recon,fast_distractors,53,-0.2831628,0.0,0.0,1.0,6.8835673
4,A_recon,fast_distractors,54,-0.1321499,0.0,0.0,1.0,4.2280884
4,A_recon,fast_distractors,55,-0.19595258,1.0,0.08888888888888889,1.0,0.7559661
4,A_recon,fast_distractors,56,-0.05614978,0.0,0.0,1.0,6.3869314
4,A_recon,fast_distractors,57,-0.37597746,0.0,0.0,1.0,3.7491658
4,A_recon,fast_distractors,58,-0.26428598,0.0,0.0,1.0,2.7274165
4,A_recon,fast_distractors,59,-0.47642154,0.0,0.0,0.0,18.806602
4,A_recon,fast_distractors,60,-0.36775315,0.0,0.0,1.0,9.007038
4,A_recon,fast_distractors,61,-0.36185336,0.0,0.0,0.0,14.965842
4,A_recon,fast_distractors,62,-0.22893284,0.0,0.0,1.0,3.8120463
4,A_recon,fast_distractors,63,-0.34448794,0.0,0.0,0.0,16.167696
4,A_recon,fast_distractors,64,-0.16222136,0.0,0.0,1.0,2.5701625
4,A_recon,fast_distractors,65,0.23365852,1.0,0.7333333333333333,1.0,1.0679129
4,A_recon,fast_distractors,66,-0.061770815,0.0,0.0,1.0,8.601638
4,A_recon,fast_distractors,67,-0.20800099,0.0,0.0,1.0,5.968505
4,A_recon,fast_distractors,68,-0.26775643,0.0,0.0,1.0,3.0308757
4,A_recon,fast_distractors,69,-0.2947115,0.0,0.0,1.0,8.874586
4,A_recon,fast_distractors,70,-0.17120367,0.0,0.0,1.0,7.0728383
4,A_recon,fast_distractors,71,-0.28451645,0.0,0.0,1.0,5.0807204
4,A_recon,fast_distractors,72,0.01747476,0.0,0.17777777777777778,1.0,5.7274637
4,A_recon,fast_distractors,73,-0.3691683,0.0,0.0,1.0,12.971254
4,A_recon,fast_distractors,74,-0.32731104,0.0,0.0,1.0,6.3306203
4,A_recon,fast_distractors,75,-0.41316524,0.0,0.0,1.0,14.769976
4,A_recon,fast_distractors,76,-0.31523123,0.0,0.0,0.0,13.391043
4,A_recon,fast_distractors,77,-0.28697744,0.0,0.0,1.0,3.9199686
4,A_recon,fast_distractors,78,-0.4145851,0.0,0.0,1.0,11.540736
4,A_recon,fast_distractors,79,-0.2074712,0.0,0.0,1.0,5.773365
4,A_recon,fast_distractors,80,-0.20138827,0.0,0.17777777777777778,1.0,1.7466244
4,A_recon,fast_distractors,81,-0.26175943,0.0,0.0,1.0,4.2806044
4,A_recon,fast_distractors,82,-0.24712834,0.0,0.0,1.0,5.2658806
4,A_recon,fast_distractors,83,-0.35092568,0.0,0.0,1.0,4.986122
4,A_recon,fast_distractors,84,-0.4237748,0.0,0.0,1.0,14.713633
4,A_recon,fast_distractors,85,-0.3821649,0.0,0.0,1.0,7.3121977
4,A_recon,fast_distractors,86,-0.2513734,0.0,0.0,1.0,4.782665
4,A_recon,fast_distractors,87,-0.15450089,0.0,0.0,1.0,5.3255324
4,A_recon,fast_distractors,88,-0.18851742,0.0,0.0,1.0,8.352491
4,A_recon,fast_distractors,89,-0.23983453,0.0,0.0,1.0,8.94849
4,A_recon,fast_distractors,90,-0.32375178,0.0,0.0,1.0,5.411072
4,A_recon,fast_distractors,91,-0.19908965,0.0,0.13333333333333333,1.0,2.2238863
4,A_recon,fast_distractors,92,-0.23327988,0.0,0.0,1.0,6.3890724
4,A_recon,fast_distractors,93,-0.33946708,0.0,0.0,1.0,5.808883
4,A_recon,fast_distractors,94,-0.23044753,0.0,0.0,1.0,9.344786
4,A_recon,fast_distractors,95,0.0608053,1.0,0.4888888888888889,1.0,1.0439464
4,A_recon,fast_distractors,96,-0.1917589,1.0,0.022222222222222223,1.0,1.4625214
4,A_recon,fast_distractors,97,0.046426814,1.0,0.4,1.0,0.8845302
4,A_recon,fast_distractors,98,-0.16913962,0.0,0.0,1.0,5.154942
4,A_recon,fast_distractors,99,-0.09132238,0.0,0.2222222222222222,1.0,3.2661474
4,A_recon,unseen_distractor_hues,0,-0.19921312,0.0,0.0,1.0,3.5931249
4,A_recon,unseen_distractor_hues,1,-0.26649135,0.0,0.0,1.0,6.082677
4,A_recon,unseen_distractor_hues,2,-0.12613481,0.0,0.17777777777777778,1.0,1.7221745
4,A_recon,unseen_distractor_hues,3,-0.20085703,0.0,0.0,1.0,6.3111935
4,A_recon,unseen_distractor_hues,4,0.08346159,0.0,0.2222222222222222,1.0,2.3647723
4,A_recon,unseen_distractor_hues,5,-0.23264025,0.0,0.0,1.0,1.7564592
4,A_recon,unseen_distractor_hues,6,-0.3079631,0.0,0.0,1.0,7.6209836
4,A_recon,unseen_distractor_hues,7,-0.055821095,0.0,0.35555555555555557,1.0,1.7179735
4,A_recon,unseen_distractor_hues,8,-0.24994795,0.0,0.0,1.0,5.5535364
4,A_recon,unseen_distractor_hues,9,-0.21851198,0.0,0.0,1.0,2.9403563
4,A_recon,unseen_distractor_hues,10,-0.3430081,0.0,0.0,1.0,7.84717
4,A_recon,unseen_distractor_hues,11,-0.20771402,1.0,0.2222222222222222,1.0,0.48169956
4,A_recon,unseen_distractor_hues,12,-0.2587579,0.0,0.0,0.0,11.340568
4,A_recon,unseen_distractor_hues,13,-0.37913474,0.0,0.0,1.0,6.524486
4,A_recon,unseen_distractor_hues,14,-0.2009556,0.0,0.0,1.0,4.9515066
4,A_recon,unseen_distractor_hues,15,-0.27437732,0.0,0.0,1.0,2.2376835
4,A_recon,unseen_distractor_hues,16,-0.15869714,0.0,0.0,1.0,3.6694183
4,A_recon,unseen_distractor_hues,17,0.1293752,0.0,0.3333333333333333,1.0,2.1721766
4,A_recon,unseen_distractor_hues,18,-0.29023072,0.0,0.0,1.0,5.37801
4,A_recon,unseen_distractor_hues,19,-0.26584947,0.0,0.0,1.0,3.3787546
4,A_recon,unseen_distractor_hues,20,-0.20047365,0.0,0.0,1.0,5.7753854
4,A_recon,unseen_distractor_hues,21,-0.18261056,0.0,0.0,1.0,7.622419
4,A_recon,unseen_distractor_hues,22,-0.21152939,0.0,0.0,0.0,8.63523
4,A_recon,unseen_distractor_hues,23,0.00019271176,0.0,0.2,1.0,5.988355
4,A_recon,unseen_distractor_hues,24,-0.23788205,0.0,0.0,1.0,7.416327
4,A_recon,unseen_distractor_hues,25,-0.2675769,0.0,0.0,1.0,5.891698
4,A_recon,unseen_distractor_hues,26,-0.12697603,0.0,0.0,1.0,6.8098283
4,A_recon,unseen_distractor_hues,27,-0.17023474,0.0,0.0,0.0,6.5523605
4,A_recon,unseen_distractor_hues,28,-0.15403372,0.0,0.0,1.0,5.76473
4,A_recon,unseen_distractor_hues,29,-0.30536732,0.0,0.0,1.0,9.933397
4,A_recon,unseen_distractor_hues,30,-0.38208,0.0,0.0,1.0,12.577203
4,A_recon,unseen_distractor_hues,31,-0.16004325,0.0,0.0,1.0,2.9562879
4,A_recon,unseen_distractor_hues,32,-0.32144257,0.0,0.0,1.0,4.596385
4,A_recon,unseen_distractor_hues,33,-0.15987885,0.0,0.0,1.0,4.5173635
4,A_recon,unseen_distractor_hues,34,-0.038780592,0.0,0.26666666666666666,1.0,3.6333792
4,A_recon,unseen_distractor_hues,35,-0.35793257,0.0,0.0,1.0,13.196548
4,A_recon,unseen_distractor_hues,36,0.119651444,1.0,0.3111111111111111,1.0,0.43121588
4,A_recon,unseen_distractor_hues,37,-0.37827823,0.0,0.0,1.0,5.178401
4,A_recon,unseen_distractor_hues,38,-0.13685255,0.0,0.0,1.0,4.1239605
4,A_recon,unseen_distractor_hues,39,-0.12910686,0.0,0.17777777777777778,1.0,3.6443598
4,A_recon,unseen_distractor_hues,40,-0.20937659,0.0,0.0,1.0,3.486293
4,A_recon,unseen_distractor_hues,41,-0.17942815,0.0,0.0,1.0,4.708816
4,A_recon,unseen_distractor_hues,42,-0.24747321,0.0,0.0,1.0,7.7147436
4,A_recon,unseen_distractor_hues,43,-0.21869066,0.0,0.0,1.0,4.8903775
4,A_recon,unseen_distractor_hues,44,-0.087871246,0.0,0.0,1.0,2.307413
4,A_recon,unseen_distractor_hues,45,-0.09957804,0.0,0.0,1.0,2.5714006
4,A_recon,unseen_distractor_hues,46,-0.22167872,0.0,0.0,1.0,1.9098334
4,A_recon,unseen_distractor_hues,47,-0.14300518,0.0,0.0,1.0,6.0320153
4,A_recon,unseen_distractor_hues,48,-0.2577578,0.0,0.0,1.0,4.5052233
4,A_recon,unseen_distractor_hues,49,-0.31653738,0.0,0.0,1.0,10.730419
4,A_recon,unseen_distractor_hues,50,-0.10390871,0.0,0.0,1.0,2.9140944
4,A_recon,unseen_distractor_hues,51,-0.3710599,0.0,0.0,1.0,5.5572133
4,A_recon,unseen_distractor_hues,52,-0.1631899,0.0,0.0,1.0,5.8874536
4,A_recon,unseen_distractor_hues,53,-0.28795853,0.0,0.0,1.0,7.2377386
4,A_recon,unseen_distractor_hues,54,-0.11314018,0.0,0.0,1.0,3.5403743
4,A_recon,unseen_distractor_hues,55,-0.17783059,1.0,0.1111111111111111,1.0,0.35273466
4,A_recon,unseen_distractor_hues,56,-0.04206758,0.0,0.0,1.0,5.026279
4,A_recon,unseen_distractor_hues,57,-0.37229308,0.0,0.0,1.0,3.7105503
4,A_recon,unseen_distractor_hues,58,-0.33021724,0.0,0.0,0.0,6.0020714
4,A_recon,unseen_distractor_hues,59,-0.4847851,0.0,0.0,0.0,18.505096
4,A_recon,unseen_distractor_hues,60,-0.36823744,0.0,0.0,1.0,9.007038
4,A_recon,unseen_distractor_hues,61,-0.31203926,0.0,0.0,0.0,11.836804
4,A_recon,unseen_distractor_hues,62,-0.18519446,0.0,0.0,1.0,2.4015303
4,A_recon,unseen_distractor_hues,63,-0.33940396,0.0,0.0,0.0,16.170998
4,A_recon,unseen_distractor_hues,64,-0.16841578,0.0,0.0,1.0,2.6336708
4,A_recon,unseen_distractor_hues,65,-0.021719344,0.0,0.0,1.0,2.910319
4,A_recon,unseen_distractor_hues,66,-0.03353405,0.0,0.06666666666666667,1.0,8.297797
4,A_recon,unseen_distractor_hues,67,-0.21420573,0.0,0.0,1.0,6.1518064
4,A_recon,unseen_distractor_hues,68,-0.29474548,0.0,0.0,1.0,5.198899
4,A_recon,unseen_distractor_hues,69,-0.29298025,0.0,0.0,1.0,8.726806
4,A_recon,unseen_distractor_hues,70,-0.08589207,0.0,0.0,1.0,4.355182
4,A_recon,unseen_distractor_hues,71,-0.28298435,0.0,0.0,1.0,3.9630098
4,A_recon,unseen_distractor_hues,72,-0.019651286,0.0,0.1111111111111111,1.0,5.6485214
4,A_recon,unseen_distractor_hues,73,-0.31926388,0.0,0.0,1.0,10.810503
4,A_recon,unseen_distractor_hues,74,-0.3554724,0.0,0.0,1.0,7.178904
4,A_recon,unseen_distractor_hues,75,-0.41262645,0.0,0.0,1.0,15.074511
4,A_recon,unseen_distractor_hues,76,-0.2516117,0.0,0.0,0.0,11.387316
4,A_recon,unseen_distractor_hues,77,-0.22203964,0.0,0.0,1.0,2.3597653
4,A_recon,unseen_distractor_hues,78,-0.33648673,0.0,0.0,1.0,4.532328
4,A_recon,unseen_distractor_hues,79,-0.20890744,0.0,0.0,1.0,5.484883
4,A_recon,unseen_distractor_hues,80,-0.3048834,0.0,0.0,1.0,1.8552971
4,A_recon,unseen_distractor_hues,81,-0.28338206,0.0,0.0,1.0,6.5378027
4,A_recon,unseen_distractor_hues,82,-0.18897177,0.0,0.0,1.0,3.466077
4,A_recon,unseen_distractor_hues,83,-0.3531972,0.0,0.0,1.0,5.370822
4,A_recon,unseen_distractor_hues,84,-0.39312726,0.0,0.0,1.0,13.297518
4,A_recon,unseen_distractor_hues,85,-0.42349353,0.0,0.0,1.0,10.859306
4,A_recon,unseen_distractor_hues,86,-0.2629471,0.0,0.0,1.0,5.11578
4,A_recon,unseen_distractor_hues,87,-0.14761175,0.0,0.0,1.0,5.4615703
4,A_recon,unseen_distractor_hues,88,-0.24243738,0.0,0.0,1.0,10.126077
4,A_recon,unseen_distractor_hues,89,-0.21455018,0.0,0.0,1.0,7.3010297
4,A_recon,unseen_distractor_hues,90,-0.2905346,0.0,0.0,1.0,4.6000237
4,A_recon,unseen_distractor_hues,91,-0.21930124,0.0,0.0,1.0,2.5221837
4,A_recon,unseen_distractor_hues,92,-0.21536124,0.0,0.0,1.0,4.621407
4,A_recon,unseen_distractor_hues,93,-0.3943053,0.0,0.0,1.0,7.910789
4,A_recon,unseen_distractor_hues,94,-0.2288186,0.0,0.0,1.0,9.556842
4,A_recon,unseen_distractor_hues,95,0.09708809,1.0,0.5555555555555556,1.0,1.1973972
4,A_recon,unseen_distractor_hues,96,-0.4605623,0.0,0.0,0.0,15.765325
4,A_recon,unseen_distractor_hues,97,-0.1393758,0.0,0.0,1.0,2.885415
4,A_recon,unseen_distractor_hues,98,-0.1687453,0.0,0.0,1.0,4.240235
4,A_recon,unseen_distractor_hues,99,-0.09255956,0.0,0.2222222222222222,1.0,3.2937646
4,A_recon,heavy_pixel_noise,0,-0.25776082,0.0,0.0,1.0,4.741415
4,A_recon,heavy_pixel_noise,1,-0.16998346,0.0,0.0,1.0,2.0826747
4,A_recon,heavy_pixel_noise,2,-0.082877114,1.0,0.28888888888888886,1.0,0.73564404
4,A_recon,heavy_pixel_noise,3,-0.20938413,0.0,0.0,1.0,4.9254403
4,A_recon,heavy_pixel_noise,4,0.0029790879,0.0,0.08888888888888889,1.0,2.9923563
4,A_recon,heavy_pixel_noise,5,-0.2997401,0.0,0.0,1.0,3.2577698
4,A_recon,heavy_pixel_noise,6,-0.25225413,0.0,0.0,1.0,6.6714396
4,A_recon,heavy_pixel_noise,7,-0.097257935,0.0,0.2,1.0,1.7384263
4,A_recon,heavy_pixel_noise,8,-0.2709579,0.0,0.0,1.0,6.664793
4,A_recon,heavy_pixel_noise,9,-0.14342372,0.0,0.0,1.0,3.1421883
4,A_recon,heavy_pixel_noise,10,-0.39840776,0.0,0.0,1.0,5.935219
4,A_recon,heavy_pixel_noise,11,-0.4091873,0.0,0.0,1.0,2.7731302
4,A_recon,heavy_pixel_noise,12,-0.24907765,0.0,0.0,1.0,10.14789
4,A_recon,heavy_pixel_noise,13,-0.40000406,0.0,0.0,1.0,7.4449177
4,A_recon,heavy_pixel_noise,14,-0.27776176,0.0,0.0,1.0,8.61101
4,A_recon,heavy_pixel_noise,15,-0.44019562,0.0,0.0,1.0,8.195527
4,A_recon,heavy_pixel_noise,16,-0.1495766,0.0,0.0,1.0,3.2210057
4,A_recon,heavy_pixel_noise,17,-0.004454436,1.0,0.022222222222222223,1.0,1.3958106
4,A_recon,heavy_pixel_noise,18,-0.21021764,0.0,0.0,1.0,2.5734582
4,A_recon,heavy_pixel_noise,19,-0.31465948,0.0,0.0,1.0,6.1816864
4,A_recon,heavy_pixel_noise,20,-0.3068537,0.0,0.0,0.0,9.734075
4,A_recon,heavy_pixel_noise,21,-0.06682439,0.0,0.0,1.0,3.5457597
4,A_recon,heavy_pixel_noise,22,-0.21124853,0.0,0.0,0.0,8.17226
4,A_recon,heavy_pixel_noise,23,0.00487071,0.0,0.2,1.0,6.2039146
4,A_recon,heavy_pixel_noise,24,-0.20205522,0.0,0.0,1.0,3.978372
4,A_recon,heavy_pixel_noise,25,-0.4114744,0.0,0.0,0.0,14.219955
4,A_recon,heavy_pixel_noise,26,-0.009636071,0.0,0.0,1.0,2.096271
4,A_recon,heavy_pixel_noise,27,-0.18442845,0.0,0.0,0.0,7.505041
4,A_recon,heavy_pixel_noise,28,-0.18844314,0.0,0.0,1.0,6.7575445
4,A_recon,heavy_pixel_noise,29,-0.22589739,0.0,0.0,1.0,3.835271
4,A_recon,heavy_pixel_noise,30,-0.4096282,0.0,0.0,1.0,13.427955
4,A_recon,heavy_pixel_noise,31,-0.3229132,0.0,0.0,0.0,7.9369297
4,A_recon,heavy_pixel_noise,32,-0.17419967,0.0,0.2,1.0,2.0726156
4,A_recon,heavy_pixel_noise,33,-0.17365175,0.0,0.0,1.0,5.1125064
4,A_recon,heavy_pixel_noise,34,-0.045644335,0.0,0.26666666666666666,1.0,4.4442835
4,A_recon,heavy_pixel_noise,35,-0.33356297,0.0,0.0,1.0,12.923426
4,A_recon,heavy_pixel_noise,36,0.10008711,1.0,0.28888888888888886,1.0,0.7634631
4,A_recon,heavy_pixel_noise,37,-0.37014458,0.0,0.0,1.0,5.5324016
4,A_recon,heavy_pixel_noise,38,-0.019483943,1.0,0.2222222222222222,1.0,0.47135773
4,A_recon,heavy_pixel_noise,39,-0.18478146,0.0,0.022222222222222223,1.0,4.6978116
4,A_recon,heavy_pixel_noise,40,0.042998824,1.0,0.37777777777777777,1.0,0.94364285
4,A_recon,heavy_pixel_noise,41,-0.27290073,0.0,0.0,1.0,6.9687004
4,A_recon,heavy_pixel_noise,42,-0.24034551,0.0,0.0,1.0,7.2711234
4,A_recon,heavy_pixel_noise,43,-0.32712066,0.0,0.0,1.0,10.023074
4,A_recon,heavy_pixel_noise,44,-0.09961853,0.0,0.0,1.0,3.0285137
4,A_recon,heavy_pixel_noise,45,-0.11643058,0.0,0.0,1.0,4.44723
4,A_recon,heavy_pixel_noise,46,-0.21346821,0.0,0.0,1.0,1.9698596
4,A_recon,heavy_pixel_noise,47,-0.2054212,0.0,0.0,1.0,9.276517
4,A_recon,heavy_pixel_noise,48,-0.24552982,0.0,0.0,1.0,3.8016586
4,A_recon,heavy_pixel_noise,49,-0.27375868,0.0,0.0,1.0,8.231939
4,A_recon,heavy_pixel_noise,50,-0.09148857,0.0,0.0,1.0,2.545123
4,A_recon,heavy_pixel_noise,51,-0.4761653,0.0,0.0,0.0,11.942221
4,A_recon,heavy_pixel_noise,52,-0.12198669,0.0,0.0,1.0,5.0001855
4,A_recon,heavy_pixel_noise,53,-0.2833861,0.0,0.0,1.0,6.6108484
4,A_recon,heavy_pixel_noise,54,-0.12711129,0.0,0.0,1.0,3.797383
4,A_recon,heavy_pixel_noise,55,-0.2521461,0.0,0.0,1.0,1.891025
4,A_recon,heavy_pixel_noise,56,-0.016568694,0.0,0.0,1.0,4.3352275
4,A_recon,heavy_pixel_noise,57,-0.4083529,0.0,0.0,1.0,6.205917
4,A_recon,heavy_pixel_noise,58,-0.37949783,0.0,0.0,0.0,12.551691
4,A_recon,heavy_pixel_noise,59,-0.5259743,0.0,0.0,0.0,19.586054
4,A_recon,heavy_pixel_noise,60,-0.37840018,0.0,0.0,1.0,8.995106
4,A_recon,heavy_pixel_noise,61,-0.3402686,0.0,0.0,0.0,7.944138
4,A_recon,heavy_pixel_noise,62,-0.23367524,0.0,0.0,1.0,3.4668503
4,A_recon,heavy_pixel_noise,63,-0.31592262,0.0,0.0,1.0,14.526804
4,A_recon,heavy_pixel_noise,64,-0.26601422,0.0,0.0,1.0,3.8163464
4,A_recon,heavy_pixel_noise,65,0.21491511,1.0,0.5777777777777777,1.0,1.2497603
4,A_recon,heavy_pixel_noise,66,0.10317205,0.0,0.28888888888888886,1.0,4.488581
4,A_recon,heavy_pixel_noise,67,-0.1758886,0.0,0.0,1.0,5.2900004
4,A_recon,heavy_pixel_noise,68,-0.18850483,0.0,0.26666666666666666,1.0,1.8165393
4,A_recon,heavy_pixel_noise,69,-0.30168796,0.0,0.0,1.0,9.63487
4,A_recon,heavy_pixel_noise,70,-0.16277069,0.0,0.0,1.0,6.1747007
4,A_recon,heavy_pixel_noise,71,-0.15000461,0.0,0.17777777777777778,1.0,2.1319985
4,A_recon,heavy_pixel_noise,72,0.14607288,0.0,0.35555555555555557,1.0,4.3528285
4,A_recon,heavy_pixel_noise,73,-0.37089148,0.0,0.0,1.0,13.220773
4,A_recon,heavy_pixel_noise,74,-0.37264383,0.0,0.0,1.0,8.598838
4,A_recon,heavy_pixel_noise,75,-0.40511987,0.0,0.0,1.0,13.891017
4,A_recon,heavy_pixel_noise,76,-0.29305696,0.0,0.0,0.0,11.741407
4,A_recon,heavy_pixel_noise,77,-0.22678791,0.0,0.0,1.0,1.7675554
4,A_recon,heavy_pixel_noise,78,-0.42661574,0.0,0.0,1.0,13.862717
4,A_recon,heavy_pixel_noise,79,-0.19478959,0.0,0.0,1.0,4.7673707
4,A_recon,heavy_pixel_noise,80,-0.29661247,0.0,0.0,1.0,3.602385
4,A_recon,heavy_pixel_noise,81,-0.14484683,1.0,0.2,1.0,0.85386246
4,A_recon,heavy_pixel_noise,82,-0.24168184,0.0,0.0,1.0,4.4232616
4,A_recon,heavy_pixel_noise,83,-0.34943777,0.0,0.0,1.0,3.626642
4,A_recon,heavy_pixel_noise,84,-0.4230208,0.0,0.0,0.0,14.713709
4,A_recon,heavy_pixel_noise,85,-0.44215176,0.0,0.0,1.0,8.878541
4,A_recon,heavy_pixel_noise,86,-0.21509306,0.0,0.0,1.0,2.8876138
4,A_recon,heavy_pixel_noise,87,-0.1592077,0.0,0.0,1.0,5.0279655
4,A_recon,heavy_pixel_noise,88,-0.1554501,0.0,0.0,1.0,5.419701
4,A_recon,heavy_pixel_noise,89,-0.23134774,0.0,0.0,1.0,7.9150968
4,A_recon,heavy_pixel_noise,90,-0.36581078,0.0,0.0,1.0,8.114879
4,A_recon,heavy_pixel_noise,91,-0.42955607,0.0,0.0,1.0,3.4895344
4,A_recon,heavy_pixel_noise,92,-0.20863609,0.0,0.0,1.0,3.9321165
4,A_recon,heavy_pixel_noise,93,-0.38648695,0.0,0.0,1.0,7.4903345
4,A_recon,heavy_pixel_noise,94,-0.24957776,0.0,0.0,1.0,10.231923
4,A_recon,heavy_pixel_noise,95,0.06595351,1.0,0.4888888888888889,1.0,0.65546167
4,A_recon,heavy_pixel_noise,96,-0.5435344,0.0,0.0,0.0,18.492144
4,A_recon,heavy_pixel_noise,97,-0.06483248,0.0,0.022222222222222223,1.0,2.1479216
4,A_recon,heavy_pixel_noise,98,-0.18944164,0.0,0.0,1.0,5.1945906
4,A_recon,heavy_pixel_noise,99,-0.17908783,0.0,0.0,1.0,2.9087617
4,B_task,in_distribution,0,-0.15844221,0.0,0.0,1.0,2.725189
4,B_task,in_distribution,1,-0.23766363,0.0,0.0,1.0,3.7735019
4,B_task,in_distribution,2,-0.16178057,1.0,0.044444444444444446,1.0,1.4149069
4,B_task,in_distribution,3,-0.09431633,0.0,0.0,1.0,1.6471319
4,B_task,in_distribution,4,-0.11206203,0.0,0.0,1.0,4.9236073
4,B_task,in_distribution,5,-0.36117715,0.0,0.0,1.0,7.7347617
4,B_task,in_distribution,6,-0.13094817,0.0,0.13333333333333333,1.0,8.239443
4,B_task,in_distribution,7,-0.2267841,0.0,0.0,1.0,3.3622677
4,B_task,in_distribution,8,-0.1083362,0.0,0.15555555555555556,1.0,3.9822977
4,B_task,in_distribution,9,-0.10355781,0.0,0.13333333333333333,1.0,3.128974
4,B_task,in_distribution,10,-0.19594173,0.0,0.0,1.0,2.1854923
4,B_task,in_distribution,11,-0.2913542,0.0,0.0,1.0,3.0632856
4,B_task,in_distribution,12,-0.20870735,0.0,0.0,1.0,10.963317
4,B_task,in_distribution,13,-0.38958058,0.0,0.0,1.0,3.382311
4,B_task,in_distribution,14,-0.25365728,0.0,0.0,1.0,6.306912
4,B_task,in_distribution,15,-0.3303401,0.0,0.0,1.0,4.9957523
4,B_task,in_distribution,16,-0.08443469,0.0,0.0,1.0,3.9368787
4,B_task,in_distribution,17,-0.14233719,0.0,0.0,1.0,5.248618
4,B_task,in_distribution,18,-0.1513437,1.0,0.044444444444444446,1.0,1.5015987
4,B_task,in_distribution,19,-0.3378777,0.0,0.0,1.0,4.825302
4,B_task,in_distribution,20,-0.24088724,0.0,0.0,0.0,7.462227
4,B_task,in_distribution,21,-0.04449213,0.0,0.0,1.0,2.9287705
4,B_task,in_distribution,22,-0.17531143,0.0,0.0,1.0,5.1911216
4,B_task,in_distribution,23,-0.044323154,0.0,0.15555555555555556,1.0,6.309192
4,B_task,in_distribution,24,0.049965203,0.0,0.3333333333333333,1.0,2.1837192
4,B_task,in_distribution,25,-0.3584605,0.0,0.0,0.0,10.750108
4,B_task,in_distribution,26,-0.18136089,0.0,0.0,1.0,9.194393
4,B_task,in_distribution,27,-0.16227992,0.0,0.0,0.0,8.163111
4,B_task,in_distribution,28,-0.12035397,0.0,0.0,1.0,6.9874973
4,B_task,in_distribution,29,-0.32474974,0.0,0.0,1.0,6.845501
4,B_task,in_distribution,30,-0.16063225,0.0,0.0,1.0,2.750192
4,B_task,in_distribution,31,-0.21608938,0.0,0.0,1.0,4.57906
4,B_task,in_distribution,32,-0.27049774,0.0,0.0,1.0,2.1632724
4,B_task,in_distribution,33,-0.20376354,0.0,0.0,1.0,8.247498
4,B_task,in_distribution,34,-0.05660499,0.0,0.08888888888888889,1.0,1.9882693
4,B_task,in_distribution,35,-0.15954052,0.0,0.0,1.0,3.5801022
4,B_task,in_distribution,36,-0.12864354,0.0,0.0,1.0,3.0794291
4,B_task,in_distribution,37,-0.2185672,0.0,0.06666666666666667,1.0,2.1348615
4,B_task,in_distribution,38,0.012750123,1.0,0.3111111111111111,1.0,1.3973634
4,B_task,in_distribution,39,-0.12668194,0.0,0.0,1.0,1.7549732
4,B_task,in_distribution,40,-0.201955,0.0,0.0,1.0,3.7851481
4,B_task,in_distribution,41,-0.2526809,0.0,0.0,1.0,5.378817
4,B_task,in_distribution,42,-0.15475135,0.0,0.0,1.0,4.304475
4,B_task,in_distribution,43,-0.2314625,0.0,0.0,1.0,8.262742
4,B_task,in_distribution,44,-0.13408975,0.0,0.0,1.0,4.0366573
4,B_task,in_distribution,45,-0.19111659,0.0,0.0,1.0,5.447847
4,B_task,in_distribution,46,-0.19191538,0.0,0.0,1.0,2.9215403
4,B_task,in_distribution,47,-0.26741135,0.0,0.0,1.0,9.855304
4,B_task,in_distribution,48,-0.2346689,0.0,0.0,1.0,4.5114007
4,B_task,in_distribution,49,-0.381764,0.0,0.0,0.0,10.416246
4,B_task,in_distribution,50,-0.20906638,0.0,0.0,1.0,4.862957
4,B_task,in_distribution,51,-0.3521021,0.0,0.0,1.0,5.101171
4,B_task,in_distribution,52,-0.028324822,1.0,0.1111111111111111,1.0,1.1958256
4,B_task,in_distribution,53,-0.26663938,0.0,0.0,1.0,6.7855096
4,B_task,in_distribution,54,-0.008677045,1.0,0.044444444444444446,1.0,1.3488013
4,B_task,in_distribution,55,-0.06651161,1.0,0.3111111111111111,1.0,1.0841426
4,B_task,in_distribution,56,-0.037852008,0.0,0.13333333333333333,1.0,5.303816
4,B_task,in_distribution,57,-0.41564316,0.0,0.0,1.0,6.4117208
4,B_task,in_distribution,58,-0.21342587,0.0,0.0,1.0,4.1939945
4,B_task,in_distribution,59,-0.40280163,0.0,0.0,0.0,12.627681
4,B_task,in_distribution,60,-0.39071035,0.0,0.0,1.0,7.082919
4,B_task,in_distribution,61,-0.26905182,0.0,0.0,1.0,6.6785765
4,B_task,in_distribution,62,-0.30288473,0.0,0.0,1.0,8.283935
4,B_task,in_distribution,63,-0.21917942,0.0,0.0,0.0,10.100612
4,B_task,in_distribution,64,-0.33380255,0.0,0.0,1.0,7.988163
4,B_task,in_distribution,65,-0.038862634,0.0,0.0,1.0,5.21104
4,B_task,in_distribution,66,-0.00079419266,0.0,0.1111111111111111,1.0,4.0496306
4,B_task,in_distribution,67,0.08827593,0.0,0.3111111111111111,1.0,3.2779624
4,B_task,in_distribution,68,-0.32343605,0.0,0.0,1.0,3.309393
4,B_task,in_distribution,69,-0.14451599,0.0,0.0,1.0,4.8436894
4,B_task,in_distribution,70,-0.12159633,0.0,0.0,1.0,4.288117
4,B_task,in_distribution,71,-0.081192814,1.0,0.26666666666666666,1.0,0.5046318
4,B_task,in_distribution,72,0.21809588,0.0,0.5555555555555556,1.0,4.6032033
4,B_task,in_distribution,73,-0.34892848,0.0,0.0,1.0,13.693726
4,B_task,in_distribution,74,-0.04517605,0.0,0.28888888888888886,1.0,2.793929
4,B_task,in_distribution,75,-0.1406084,0.0,0.0,1.0,5.8524218
4,B_task,in_distribution,76,-0.16742513,0.0,0.0,1.0,5.1590805
4,B_task,in_distribution,77,-0.25701416,0.0,0.0,1.0,3.1992335
4,B_task,in_distribution,78,-0.26156646,0.0,0.0,1.0,9.006666
4,B_task,in_distribution,79,-0.17705548,0.0,0.0,0.0,6.8121505
4,B_task,in_distribution,80,-0.33557433,0.0,0.0,1.0,4.5294557
4,B_task,in_distribution,81,-0.3445458,0.0,0.0,1.0,9.279876
4,B_task,in_distribution,82,-0.31067374,0.0,0.0,1.0,6.6310825
4,B_task,in_distribution,83,-0.33447304,0.0,0.0,1.0,4.469179
4,B_task,in_distribution,84,-0.3945173,0.0,0.0,1.0,13.693134
4,B_task,in_distribution,85,-0.36579296,0.0,0.0,1.0,6.2068915
4,B_task,in_distribution,86,-0.20331387,0.0,0.0,1.0,2.4370854
4,B_task,in_distribution,87,-0.1287244,0.0,0.0,1.0,5.885148
4,B_task,in_distribution,88,-0.2568879,0.0,0.0,1.0,6.3270717
4,B_task,in_distribution,89,-0.23349726,0.0,0.0,1.0,6.9705653
4,B_task,in_distribution,90,-0.15626945,0.0,0.15555555555555556,1.0,1.8550361
4,B_task,in_distribution,91,-0.369691,0.0,0.0,1.0,6.446066
4,B_task,in_distribution,92,-0.24551699,0.0,0.0,1.0,8.041131
4,B_task,in_distribution,93,-0.29509518,0.0,0.0,1.0,4.313233
4,B_task,in_distribution,94,-0.18770991,0.0,0.0,1.0,3.9167645
4,B_task,in_distribution,95,-0.28333884,0.0,0.0,1.0,4.949345
4,B_task,in_distribution,96,-0.28634566,0.0,0.0,1.0,6.9689207
4,B_task,in_distribution,97,-0.2686571,0.0,0.0,1.0,7.075923
4,B_task,in_distribution,98,-0.1735402,0.0,0.0,1.0,3.0323312
4,B_task,in_distribution,99,-0.041701928,0.0,0.28888888888888886,1.0,1.6462705
4,B_task,4_distractors,0,-0.15503614,0.0,0.0,1.0,1.882843
4,B_task,4_distractors,1,-0.22493155,0.0,0.0,1.0,3.461985
4,B_task,4_distractors,2,-0.26026216,0.0,0.0,1.0,2.233433
4,B_task,4_distractors,3,-0.12900601,0.0,0.0,1.0,2.3422601
4,B_task,4_distractors,4,-0.10719545,0.0,0.0,1.0,4.616921
4,B_task,4_distractors,5,-0.34779957,0.0,0.0,1.0,7.206209
4,B_task,4_distractors,6,-0.12805486,0.0,0.1111111111111111,1.0,8.282484
4,B_task,4_distractors,7,-0.20708126,0.0,0.0,1.0,2.9838414
4,B_task,4_distractors,8,-0.046211164,0.0,0.26666666666666666,1.0,3.6267178
4,B_task,4_distractors,9,-0.06681083,0.0,0.2,1.0,3.168278
4,B_task,4_distractors,10,-0.21877426,0.0,0.0,1.0,2.5195081
4,B_task,4_distractors,11,-0.3059079,0.0,0.0,1.0,3.1729622
4,B_task,4_distractors,12,-0.23319313,0.0,0.0,1.0,10.992549
4,B_task,4_distractors,13,-0.34412208,0.0,0.0,1.0,1.8414923
4,B_task,4_distractors,14,-0.23987755,0.0,0.0,1.0,5.397647
4,B_task,4_distractors,15,-0.31708536,0.0,0.0,1.0,3.9799712
4,B_task,4_distractors,16,-0.16551784,0.0,0.0,1.0,5.859788
4,B_task,4_distractors,17,-0.15138139,0.0,0.0,1.0,5.440831
4,B_task,4_distractors,18,-0.2658401,0.0,0.0,1.0,4.1062403
4,B_task,4_distractors,19,-0.3339081,0.0,0.0,1.0,6.681772
4,B_task,4_distractors,20,-0.23522481,0.0,0.0,0.0,7.2812138
4,B_task,4_distractors,21,-0.017528482,0.0,0.0,1.0,2.7590497
4,B_task,4_distractors,22,-0.17992128,0.0,0.0,1.0,7.1987543
4,B_task,4_distractors,23,-0.021775063,0.0,0.17777777777777778,1.0,6.392243
4,B_task,4_distractors,24,-0.031768378,1.0,0.15555555555555556,1.0,1.0737829
4,B_task,4_distractors,25,-0.34456906,0.0,0.0,0.0,11.069969
4,B_task,4_distractors,26,-0.17334819,0.0,0.0,1.0,7.5830073
4,B_task,4_distractors,27,-0.15907466,0.0,0.0,0.0,6.336496
4,B_task,4_distractors,28,-0.11704922,0.0,0.0,1.0,6.924711
4,B_task,4_distractors,29,-0.31855923,0.0,0.0,1.0,7.401878
4,B_task,4_distractors,30,-0.18347871,0.0,0.0,1.0,3.328709
4,B_task,4_distractors,31,-0.18523909,0.0,0.0,1.0,5.5936337
4,B_task,4_distractors,32,-0.2915796,0.0,0.0,1.0,2.6189365
4,B_task,4_distractors,33,-0.18286087,0.0,0.0,1.0,6.5822697
4,B_task,4_distractors,34,-0.08084581,0.0,0.08888888888888889,1.0,2.1550884
4,B_task,4_distractors,35,-0.16791975,0.0,0.0,1.0,4.3634152
4,B_task,4_distractors,36,-0.13460484,0.0,0.0,1.0,3.7411144
4,B_task,4_distractors,37,-0.30784735,0.0,0.0,1.0,3.1625335
4,B_task,4_distractors,38,-0.055012565,0.0,0.13333333333333333,1.0,2.0330217
4,B_task,4_distractors,39,-0.2546751,0.0,0.0,1.0,5.0190053
4,B_task,4_distractors,40,-0.19528334,0.0,0.0,1.0,3.520934
4,B_task,4_distractors,41,0.08605417,0.0,0.3333333333333333,1.0,2.1898124
4,B_task,4_distractors,42,-0.14324461,0.0,0.0,1.0,3.8672817
4,B_task,4_distractors,43,-0.20792505,0.0,0.0,1.0,6.9326363
4,B_task,4_distractors,44,-0.14533158,0.0,0.0,1.0,4.2698045
4,B_task,4_distractors,45,-0.17738058,0.0,0.0,1.0,4.3426228
4,B_task,4_distractors,46,-0.19811787,0.0,0.0,1.0,2.2404668
4,B_task,4_distractors,47,-0.23908119,0.0,0.0,1.0,8.958928
4,B_task,4_distractors,48,-0.20910367,0.0,0.0,1.0,2.9765453
4,B_task,4_distractors,49,-0.3733164,0.0,0.0,0.0,9.67761
4,B_task,4_distractors,50,-0.20770766,0.0,0.0,1.0,4.698929
4,B_task,4_distractors,51,-0.46446338,0.0,0.0,1.0,10.270308
4,B_task,4_distractors,52,0.050642576,1.0,0.26666666666666666,1.0,0.42711887
4,B_task,4_distractors,53,-0.24242613,0.0,0.0,1.0,4.865313
4,B_task,4_distractors,54,-0.07324995,0.0,0.0,1.0,2.9265409
4,B_task,4_distractors,55,-0.13395248,0.0,0.17777777777777778,1.0,1.6265004
4,B_task,4_distractors,56,-0.046273697,0.0,0.13333333333333333,1.0,5.982737
4,B_task,4_distractors,57,-0.41398108,0.0,0.0,1.0,6.3077493
4,B_task,4_distractors,58,-0.21216705,0.0,0.0,1.0,4.39069
4,B_task,4_distractors,59,-0.37064886,0.0,0.0,1.0,11.548935
4,B_task,4_distractors,60,-0.39000538,0.0,0.0,1.0,7.2670217
4,B_task,4_distractors,61,-0.29060236,0.0,0.0,1.0,9.148683
4,B_task,4_distractors,62,-0.29656234,0.0,0.0,1.0,7.6609435
4,B_task,4_distractors,63,-0.24619357,0.0,0.0,0.0,11.355369
4,B_task,4_distractors,64,-0.3096398,0.0,0.0,1.0,6.345646
4,B_task,4_distractors,65,-0.032872036,0.0,0.0,1.0,5.225889
4,B_task,4_distractors,66,0.028550029,0.0,0.1111111111111111,1.0,3.1994023
4,B_task,4_distractors,67,0.120126694,0.0,0.35555555555555557,1.0,2.927393
4,B_task,4_distractors,68,-0.30472964,0.0,0.0,1.0,3.2187698
4,B_task,4_distractors,69,-0.16508536,0.0,0.0,1.0,4.859967
4,B_task,4_distractors,70,-0.08901962,0.0,0.0,1.0,2.3083854
4,B_task,4_distractors,71,-0.3100032,0.0,0.0,1.0,4.305349
4,B_task,4_distractors,72,0.25683326,0.0,0.6,1.0,2.3416896
4,B_task,4_distractors,73,-0.32225746,0.0,0.0,1.0,12.203455
4,B_task,4_distractors,74,-9.097093e-05,0.0,0.4,1.0,1.8295782
4,B_task,4_distractors,75,-0.12612282,0.0,0.0,1.0,1.9626192
4,B_task,4_distractors,76,-0.14613417,0.0,0.0,1.0,3.9270265
4,B_task,4_distractors,77,-0.28880805,0.0,0.0,1.0,3.9029305
4,B_task,4_distractors,78,-0.24431379,0.0,0.0,1.0,7.5948505
4,B_task,4_distractors,79,-0.15626556,0.0,0.0,1.0,5.6374536
4,B_task,4_distractors,80,-0.31380674,0.0,0.0,1.0,3.1182823
4,B_task,4_distractors,81,-0.34838074,0.0,0.0,1.0,9.358802
4,B_task,4_distractors,82,-0.31262293,0.0,0.0,1.0,6.4957
4,B_task,4_distractors,83,-0.32604268,0.0,0.0,1.0,4.636647
4,B_task,4_distractors,84,-0.38348898,0.0,0.0,1.0,12.159095
4,B_task,4_distractors,85,-0.36713055,0.0,0.0,1.0,5.830399
4,B_task,4_distractors,86,-0.19015072,0.0,0.0,1.0,2.4203393
4,B_task,4_distractors,87,-0.14245285,0.0,0.0,1.0,6.5600977
4,B_task,4_distractors,88,-0.24493322,0.0,0.0,1.0,7.172417
4,B_task,4_distractors,89,-0.22900482,0.0,0.0,1.0,7.002037
4,B_task,4_distractors,90,-0.21064907,0.0,0.0,1.0,2.9320407
4,B_task,4_distractors,91,-0.3679085,0.0,0.0,1.0,6.193969
4,B_task,4_distractors,92,-0.29863954,0.0,0.0,1.0,10.902264
4,B_task,4_distractors,93,-0.30492988,0.0,0.0,1.0,3.7887313
4,B_task,4_distractors,94,-0.18970555,0.0,0.0,1.0,4.241694
4,B_task,4_distractors,95,-0.2518501,0.0,0.0,1.0,3.5534031
4,B_task,4_distractors,96,-0.28896934,0.0,0.0,1.0,7.471307
4,B_task,4_distractors,97,-0.29449123,0.0,0.0,1.0,8.276188
4,B_task,4_distractors,98,-0.1871228,0.0,0.0,1.0,3.8207467
4,B_task,4_distractors,99,-0.006909822,1.0,0.4222222222222222,1.0,0.7610624
4,B_task,fast_distractors,0,-0.14756037,0.0,0.0,1.0,2.5320268
4,B_task,fast_distractors,1,-0.23931704,0.0,0.0,1.0,3.843685
4,B_task,fast_distractors,2,-0.23391739,0.0,0.0,1.0,2.3453076
4,B_task,fast_distractors,3,-0.086815186,0.0,0.0,1.0,2.3319817
4,B_task,fast_distractors,4,-0.106686994,0.0,0.0,1.0,4.7604117
4,B_task,fast_distractors,5,-0.35884646,0.0,0.0,1.0,7.685086
4,B_task,fast_distractors,6,-0.12125422,0.0,0.13333333333333333,1.0,7.592854
4,B_task,fast_distractors,7,-0.22595556,0.0,0.0,1.0,3.39762
4,B_task,fast_distractors,8,-0.14074557,0.0,0.0,1.0,4.218086
4,B_task,fast_distractors,9,-0.08079463,0.0,0.17777777777777778,1.0,3.529104
4,B_task,fast_distractors,10,-0.21133015,0.0,0.0,1.0,2.6444807
4,B_task,fast_distractors,11,-0.28489107,0.0,0.0,1.0,2.939242
4,B_task,fast_distractors,12,-0.20546834,0.0,0.0,1.0,10.842413
4,B_task,fast_distractors,13,-0.40265507,0.0,0.0,1.0,4.8346047
4,B_task,fast_distractors,14,-0.25299978,0.0,0.0,1.0,6.179103
4,B_task,fast_distractors,15,-0.3204121,0.0,0.0,1.0,4.6696663
4,B_task,fast_distractors,16,-0.08468851,0.0,0.0,1.0,3.9610763
4,B_task,fast_distractors,17,-0.14328378,0.0,0.0,1.0,5.1289835
4,B_task,fast_distractors,18,-0.16189595,0.0,0.0,1.0,1.6428183
4,B_task,fast_distractors,19,-0.3304432,0.0,0.0,1.0,5.5465784
4,B_task,fast_distractors,20,-0.23966457,0.0,0.0,0.0,7.078818
4,B_task,fast_distractors,21,-0.035656597,0.0,0.0,1.0,3.3354158
4,B_task,fast_distractors,22,-0.16372557,0.0,0.0,1.0,4.4558554
4,B_task,fast_distractors,23,-0.039028548,0.0,0.15555555555555556,1.0,6.3170357
4,B_task,fast_distractors,24,-0.051183388,1.0,0.06666666666666667,1.0,1.4710077
4,B_task,fast_distractors,25,-0.38479477,0.0,0.0,0.0,11.736937
4,B_task,fast_distractors,26,-0.18121256,0.0,0.0,1.0,9.095102
4,B_task,fast_distractors,27,-0.15800482,0.0,0.0,0.0,7.605222
4,B_task,fast_distractors,28,-0.10417374,0.0,0.0,1.0,7.0878663
4,B_task,fast_distractors,29,-0.31967908,0.0,0.0,1.0,6.9079447
4,B_task,fast_distractors,30,-0.20002621,0.0,0.0,1.0,3.9201589
4,B_task,fast_distractors,31,-0.22650632,0.0,0.0,1.0,4.884153
4,B_task,fast_distractors,32,-0.30404803,0.0,0.0,1.0,2.9818938
4,B_task,fast_distractors,33,-0.18792339,0.0,0.0,1.0,7.06171
4,B_task,fast_distractors,34,-0.045049317,0.0,0.24444444444444444,1.0,3.8024607
4,B_task,fast_distractors,35,-0.16641687,0.0,0.0,1.0,4.585785
4,B_task,fast_distractors,36,-0.13631736,0.0,0.0,1.0,3.1865616
4,B_task,fast_distractors,37,-0.31656364,0.0,0.0,1.0,3.4213738
4,B_task,fast_distractors,38,0.019394899,1.0,0.3111111111111111,1.0,1.1472476
4,B_task,fast_distractors,39,-0.14549322,0.0,0.0,1.0,1.9231714
4,B_task,fast_distractors,40,-0.20384815,0.0,0.0,1.0,3.839973
4,B_task,fast_distractors,41,-0.2568488,0.0,0.0,1.0,5.7567453
4,B_task,fast_distractors,42,-0.15647176,0.0,0.0,1.0,4.264987
4,B_task,fast_distractors,43,-0.23486477,0.0,0.0,1.0,8.4186125
4,B_task,fast_distractors,44,-0.13168238,0.0,0.0,1.0,4.009554
4,B_task,fast_distractors,45,-0.20865002,0.0,0.0,1.0,5.960594
4,B_task,fast_distractors,46,-0.25199902,0.0,0.0,1.0,2.9806135
4,B_task,fast_distractors,47,-0.27033287,0.0,0.0,1.0,9.955146
4,B_task,fast_distractors,48,-0.20749444,0.0,0.0,1.0,3.7563767
4,B_task,fast_distractors,49,-0.39203292,0.0,0.0,0.0,10.816947
4,B_task,fast_distractors,50,-0.21078181,0.0,0.0,1.0,5.107061
4,B_task,fast_distractors,51,-0.37732252,0.0,0.0,1.0,6.7469497
4,B_task,fast_distractors,52,-0.019652179,1.0,0.1111111111111111,1.0,1.0966794
4,B_task,fast_distractors,53,-0.2624375,0.0,0.0,1.0,6.1658106
4,B_task,fast_distractors,54,-0.0016106904,1.0,0.044444444444444446,1.0,1.323272
4,B_task,fast_distractors,55,-0.08006851,0.0,0.26666666666666666,1.0,1.8971161
4,B_task,fast_distractors,56,-0.036359444,0.0,0.13333333333333333,1.0,5.348758
4,B_task,fast_distractors,57,-0.41627562,0.0,0.0,1.0,6.3998046
4,B_task,fast_distractors,58,-0.21373959,0.0,0.0,1.0,4.191419
4,B_task,fast_distractors,59,-0.39730838,0.0,0.0,0.0,11.97119
4,B_task,fast_distractors,60,-0.39111874,0.0,0.0,1.0,7.336114
4,B_task,fast_distractors,61,-0.27191404,0.0,0.0,1.0,7.261471
4,B_task,fast_distractors,62,-0.33718634,0.0,0.0,1.0,10.02483
4,B_task,fast_distractors,63,-0.18893152,0.0,0.0,1.0,7.5846844
4,B_task,fast_distractors,64,-0.32843778,0.0,0.0,1.0,7.4222293
4,B_task,fast_distractors,65,-0.04167882,0.0,0.0,1.0,5.098303
4,B_task,fast_distractors,66,0.024622303,0.0,0.13333333333333333,1.0,4.132144
4,B_task,fast_distractors,67,0.08244749,0.0,0.28888888888888886,1.0,3.5296566
4,B_task,fast_distractors,68,-0.32408622,0.0,0.0,1.0,3.7477493
4,B_task,fast_distractors,69,-0.11426461,0.0,0.0,1.0,3.7861967
4,B_task,fast_distractors,70,-0.11764183,0.0,0.0,1.0,3.956648
4,B_task,fast_distractors,71,-0.21315902,0.0,0.0,1.0,1.8142793
4,B_task,fast_distractors,72,0.15915121,0.0,0.4666666666666667,1.0,5.646591
4,B_task,fast_distractors,73,-0.3455715,0.0,0.0,1.0,13.515724
4,B_task,fast_distractors,74,-0.08103366,0.0,0.24444444444444444,1.0,4.216283
4,B_task,fast_distractors,75,-0.10307098,0.0,0.0,1.0,4.0485916
4,B_task,fast_distractors,76,-0.16222368,0.0,0.0,1.0,4.96712
4,B_task,fast_distractors,77,-0.26790652,0.0,0.0,1.0,3.6962554
4,B_task,fast_distractors,78,-0.24367954,0.0,0.0,1.0,7.356357
4,B_task,fast_distractors,79,-0.17620584,0.0,0.0,0.0,6.6516285
4,B_task,fast_distractors,80,-0.34007642,0.0,0.0,1.0,4.3350058
4,B_task,fast_distractors,81,-0.3473883,0.0,0.0,1.0,9.343815
4,B_task,fast_distractors,82,-0.32554784,0.0,0.0,1.0,6.8427134
4,B_task,fast_distractors,83,-0.30125672,0.0,0.0,1.0,3.6684995
4,B_task,fast_distractors,84,-0.38567054,0.0,0.0,1.0,12.440759
4,B_task,fast_distractors,85,-0.35888624,0.0,0.0,1.0,6.550087
4,B_task,fast_distractors,86,-0.1955456,0.0,0.0,1.0,2.5041616
4,B_task,fast_distractors,87,-0.15562584,0.0,0.0,1.0,4.307113
4,B_task,fast_distractors,88,-0.23986007,0.0,0.0,1.0,5.816027
4,B_task,fast_distractors,89,-0.23221579,0.0,0.0,1.0,6.7407327
4,B_task,fast_distractors,90,-0.16465698,0.0,0.06666666666666667,1.0,2.6455472
4,B_task,fast_distractors,91,-0.37221277,0.0,0.0,1.0,5.9895678
4,B_task,fast_distractors,92,-0.24574703,0.0,0.0,1.0,7.727821
4,B_task,fast_distractors,93,-0.29508293,0.0,0.0,1.0,4.4579067
4,B_task,fast_distractors,94,-0.1745202,0.0,0.0,1.0,3.648304
4,B_task,fast_distractors,95,-0.28465346,0.0,0.0,1.0,4.802635
4,B_task,fast_distractors,96,-0.28853032,0.0,0.0,1.0,7.3649545
4,B_task,fast_distractors,97,-0.3023952,0.0,0.0,1.0,8.589935
4,B_task,fast_distractors,98,-0.1634201,0.0,0.0,1.0,2.731098
4,B_task,fast_distractors,99,-0.02124341,1.0,0.4666666666666667,1.0,1.2672726
4,B_task,unseen_distractor_hues,0,-0.14743815,0.0,0.0,1.0,2.5691981
4,B_task,unseen_distractor_hues,1,-0.22262524,0.0,0.0,1.0,3.2790802
4,B_task,unseen_distractor_hues,2,-0.21309105,0.0,0.0,1.0,2.1155624
4,B_task,unseen_distractor_hues,3,-0.11329485,0.0,0.0,1.0,2.0186915
4,B_task,unseen_distractor_hues,4,-0.08793551,0.0,0.0,1.0,4.9912457
4,B_task,unseen_distractor_hues,5,-0.34870514,0.0,0.0,1.0,7.143789
4,B_task,unseen_distractor_hues,6,-0.11907266,0.0,0.13333333333333333,1.0,8.137601
4,B_task,unseen_distractor_hues,7,-0.2352311,0.0,0.0,1.0,3.3332431
4,B_task,unseen_distractor_hues,8,-0.076223366,0.0,0.2222222222222222,1.0,4.0125937
4,B_task,unseen_distractor_hues,9,-0.10829326,0.0,0.1111111111111111,1.0,3.068831
4,B_task,unseen_distractor_hues,10,-0.19689761,0.0,0.0,1.0,2.105276
4,B_task,unseen_distractor_hues,11,-0.31883577,0.0,0.0,1.0,3.4461668
4,B_task,unseen_distractor_hues,12,-0.23899013,0.0,0.0,1.0,9.8990135
4,B_task,unseen_distractor_hues,13,-0.3995497,0.0,0.0,1.0,4.4155602
4,B_task,unseen_distractor_hues,14,-0.25716344,0.0,0.0,1.0,6.433947
4,B_task,unseen_distractor_hues,15,-0.36200935,0.0,0.0,1.0,6.640307
4,B_task,unseen_distractor_hues,16,-0.08768675,0.0,0.0,1.0,4.026007
4,B_task,unseen_distractor_hues,17,-0.14388284,0.0,0.0,1.0,5.207958
4,B_task,unseen_distractor_hues,18,-0.16649762,0.0,0.0,1.0,1.7124339
4,B_task,unseen_distractor_hues,19,-0.3260998,0.0,0.0,1.0,5.6365995
4,B_task,unseen_distractor_hues,20,-0.20822696,0.0,0.0,1.0,5.5407395
4,B_task,unseen_distractor_hues,21,-0.03187596,0.0,0.0,1.0,3.0341756
4,B_task,unseen_distractor_hues,22,-0.18493983,0.0,0.0,1.0,7.7800083
4,B_task,unseen_distractor_hues,23,-0.009979827,0.0,0.17777777777777778,1.0,6.3330646
4,B_task,unseen_distractor_hues,24,0.011054891,1.0,0.17777777777777778,1.0,0.9708159
4,B_task,unseen_distractor_hues,25,-0.35502747,0.0,0.0,0.0,10.504395
4,B_task,unseen_distractor_hues,26,-0.16776465,0.0,0.0,1.0,8.43227
4,B_task,unseen_distractor_hues,27,-0.1660638,0.0,0.0,0.0,6.895856
4,B_task,unseen_distractor_hues,28,-0.12605666,0.0,0.0,1.0,7.6496925
4,B_task,unseen_distractor_hues,29,-0.23795143,0.0,0.0,1.0,5.56475
4,B_task,unseen_distractor_hues,30,-0.19805561,0.0,0.0,1.0,3.6641335
4,B_task,unseen_distractor_hues,31,-0.23125443,0.0,0.0,1.0,5.382484
4,B_task,unseen_distractor_hues,32,-0.29276413,0.0,0.0,1.0,2.4970431
4,B_task,unseen_distractor_hues,33,-0.17987478,0.0,0.0,1.0,6.3737707
4,B_task,unseen_distractor_hues,34,-0.022183483,0.0,0.26666666666666666,1.0,3.034539
4,B_task,unseen_distractor_hues,35,-0.113599166,0.0,0.0,1.0,3.3081567
4,B_task,unseen_distractor_hues,36,-0.13926615,0.0,0.0,1.0,4.129398
4,B_task,unseen_distractor_hues,37,-0.237518,1.0,0.13333333333333333,1.0,1.3259623
4,B_task,unseen_distractor_hues,38,0.0032407192,1.0,0.28888888888888886,1.0,1.2938802
4,B_task,unseen_distractor_hues,39,-0.11634865,1.0,0.13333333333333333,1.0,1.4598767
4,B_task,unseen_distractor_hues,40,-0.20327798,0.0,0.0,1.0,3.6339595
4,B_task,unseen_distractor_hues,41,-0.2473777,0.0,0.0,1.0,6.378006
4,B_task,unseen_distractor_hues,42,-0.1335799,0.0,0.0,1.0,4.2885804
4,B_task,unseen_distractor_hues,43,-0.23657647,0.0,0.0,1.0,8.484017
4,B_task,unseen_distractor_hues,44,-0.13658504,0.0,0.0,1.0,4.0798416
4,B_task,unseen_distractor_hues,45,-0.18434314,0.0,0.0,1.0,3.5579562
4,B_task,unseen_distractor_hues,46,-0.18555449,0.0,0.0,1.0,2.799304
4,B_task,unseen_distractor_hues,47,-0.2677105,0.0,0.0,1.0,10.220747
4,B_task,unseen_distractor_hues,48,-0.2215902,0.0,0.0,1.0,3.3297508
4,B_task,unseen_distractor_hues,49,-0.36121818,0.0,0.0,0.0,9.451708
4,B_task,unseen_distractor_hues,50,-0.20979847,0.0,0.0,1.0,5.0260553
4,B_task,unseen_distractor_hues,51,-0.3518953,0.0,0.0,1.0,5.175804
4,B_task,unseen_distractor_hues,52,-0.020224737,1.0,0.1111111111111111,1.0,1.1021333
4,B_task,unseen_distractor_hues,53,-0.23449868,0.0,0.0,1.0,4.7159038
4,B_task,unseen_distractor_hues,54,-0.030745957,0.0,0.0,1.0,1.9949328
4,B_task,unseen_distractor_hues,55,-0.09656496,1.0,0.26666666666666666,1.0,1.3302065
4,B_task,unseen_distractor_hues,56,-0.03814174,0.0,0.13333333333333333,1.0,5.538097
4,B_task,unseen_distractor_hues,57,-0.4121048,0.0,0.0,1.0,6.0019627
4,B_task,unseen_distractor_hues,58,-0.2120221,0.0,0.0,1.0,4.2664137
4,B_task,unseen_distractor_hues,59,-0.39619303,0.0,0.0,1.0,11.654258
4,B_task,unseen_distractor_hues,60,-0.3883996,0.0,0.0,1.0,7.0562305
4,B_task,unseen_distractor_hues,61,-0.2745793,0.0,0.0,1.0,8.302481
4,B_task,unseen_distractor_hues,62,-0.33545005,0.0,0.0,1.0,9.43607
4,B_task,unseen_distractor_hues,63,-0.24987255,0.0,0.0,1.0,11.229159
4,B_task,unseen_distractor_hues,64,-0.32505834,0.0,0.0,1.0,7.1812935
4,B_task,unseen_distractor_hues,65,-0.035368353,0.0,0.0,1.0,5.229971
4,B_task,unseen_distractor_hues,66,-0.08408991,0.0,0.08888888888888889,1.0,5.1915746
4,B_task,unseen_distractor_hues,67,0.08564511,0.0,0.28888888888888886,1.0,3.3191922
4,B_task,unseen_distractor_hues,68,-0.27719674,0.0,0.0,1.0,2.9343023
4,B_task,unseen_distractor_hues,69,-0.026655879,0.0,0.08888888888888889,1.0,2.956657
4,B_task,unseen_distractor_hues,70,-0.1006095,0.0,0.0,1.0,3.6992557
4,B_task,unseen_distractor_hues,71,-0.22619337,0.0,0.0,1.0,1.9098953
4,B_task,unseen_distractor_hues,72,0.18991445,0.0,0.4888888888888889,1.0,4.9959865
4,B_task,unseen_distractor_hues,73,-0.32347247,0.0,0.0,1.0,11.315363
4,B_task,unseen_distractor_hues,74,-0.07721012,0.0,0.2222222222222222,1.0,2.8222265
4,B_task,unseen_distractor_hues,75,-0.12207338,0.0,0.0,1.0,3.0494936
4,B_task,unseen_distractor_hues,76,0.063416764,1.0,0.3333333333333333,1.0,1.1741388
4,B_task,unseen_distractor_hues,77,-0.26494214,0.0,0.0,1.0,3.4474015
4,B_task,unseen_distractor_hues,78,-0.20522323,0.0,0.0,1.0,5.6925797
4,B_task,unseen_distractor_hues,79,-0.19003752,0.0,0.0,0.0,7.445023
4,B_task,unseen_distractor_hues,80,-0.31877565,0.0,0.0,1.0,3.6714365
4,B_task,unseen_distractor_hues,81,-0.33114955,0.0,0.0,1.0,8.888233
4,B_task,unseen_distractor_hues,82,-0.3094845,0.0,0.0,1.0,6.692578
4,B_task,unseen_distractor_hues,83,-0.35009047,0.0,0.0,1.0,4.956992
4,B_task,unseen_distractor_hues,84,-0.3932259,0.0,0.0,1.0,13.486881
4,B_task,unseen_distractor_hues,85,-0.36660042,0.0,0.0,1.0,5.9911976
4,B_task,unseen_distractor_hues,86,-0.19116883,0.0,0.0,1.0,2.235965
4,B_task,unseen_distractor_hues,87,-0.15364924,0.0,0.0,1.0,4.3265176
4,B_task,unseen_distractor_hues,88,-0.23226026,0.0,0.0,1.0,4.5276394
4,B_task,unseen_distractor_hues,89,-0.21959916,0.0,0.0,1.0,6.772098
4,B_task,unseen_distractor_hues,90,-0.15475997,1.0,0.2,1.0,1.0178721
4,B_task,unseen_distractor_hues,91,-0.35959464,0.0,0.0,1.0,6.6347237
4,B_task,unseen_distractor_hues,92,-0.24663448,0.0,0.0,1.0,7.532221
4,B_task,unseen_distractor_hues,93,-0.29246527,0.0,0.0,1.0,4.307226
4,B_task,unseen_distractor_hues,94,-0.19383235,0.0,0.0,1.0,4.2074304
4,B_task,unseen_distractor_hues,95,-0.23800358,0.0,0.0,1.0,3.0364013
4,B_task,unseen_distractor_hues,96,-0.28587192,0.0,0.0,1.0,8.067516
4,B_task,unseen_distractor_hues,97,-0.29805973,0.0,0.0,1.0,8.357867
4,B_task,unseen_distractor_hues,98,-0.15957317,0.0,0.0,1.0,2.7890956
4,B_task,unseen_distractor_hues,99,-0.03870861,0.0,0.3333333333333333,1.0,1.6261048
4,B_task,heavy_pixel_noise,0,-0.13392507,0.0,0.0,1.0,2.6535769
4,B_task,heavy_pixel_noise,1,-0.22788891,0.0,0.0,1.0,3.4780254
4,B_task,heavy_pixel_noise,2,-0.3290837,0.0,0.0,1.0,7.3442273
4,B_task,heavy_pixel_noise,3,-0.10930084,1.0,0.08888888888888889,1.0,1.400443
4,B_task,heavy_pixel_noise,4,-0.097773395,0.0,0.0,1.0,4.122229
4,B_task,heavy_pixel_noise,5,-0.2986329,0.0,0.0,1.0,2.9902546
4,B_task,heavy_pixel_noise,6,-0.060937352,0.0,0.13333333333333333,1.0,4.0260277
4,B_task,heavy_pixel_noise,7,-0.21623075,0.0,0.0,1.0,2.865155
4,B_task,heavy_pixel_noise,8,-0.2653071,0.0,0.0,1.0,5.6972933
4,B_task,heavy_pixel_noise,9,-0.15837818,0.0,0.0,1.0,2.8001096
4,B_task,heavy_pixel_noise,10,-0.21171117,0.0,0.0,1.0,2.6657803
4,B_task,heavy_pixel_noise,11,-0.34888363,0.0,0.0,1.0,5.124041
4,B_task,heavy_pixel_noise,12,-0.26818466,0.0,0.0,1.0,5.11689
4,B_task,heavy_pixel_noise,13,-0.37067983,0.0,0.0,1.0,2.580975
4,B_task,heavy_pixel_noise,14,-0.20396759,0.0,0.0,1.0,4.2176986
4,B_task,heavy_pixel_noise,15,-0.2618658,0.0,0.0,1.0,2.002752
4,B_task,heavy_pixel_noise,16,-0.085371286,0.0,0.0,1.0,3.8421905
4,B_task,heavy_pixel_noise,17,-0.1534696,0.0,0.0,1.0,6.0808964
4,B_task,heavy_pixel_noise,18,-0.15494484,1.0,0.044444444444444446,1.0,1.3466953
4,B_task,heavy_pixel_noise,19,-0.32646984,0.0,0.0,1.0,5.5208898
4,B_task,heavy_pixel_noise,20,-0.24292473,0.0,0.0,0.0,6.73211
4,B_task,heavy_pixel_noise,21,-0.054142836,0.0,0.0,1.0,1.5974171
4,B_task,heavy_pixel_noise,22,-0.17274576,0.0,0.0,1.0,4.6688313
4,B_task,heavy_pixel_noise,23,0.0128808515,0.0,0.2,1.0,5.8834662
4,B_task,heavy_pixel_noise,24,-0.11485983,0.0,0.0,1.0,3.3735921
4,B_task,heavy_pixel_noise,25,-0.38763204,0.0,0.0,0.0,11.799684
4,B_task,heavy_pixel_noise,26,-0.18791048,0.0,0.0,1.0,9.808613
4,B_task,heavy_pixel_noise,27,-0.14727108,0.0,0.0,0.0,7.0441246
4,B_task,heavy_pixel_noise,28,-0.11004674,0.0,0.0,1.0,7.2570043
4,B_task,heavy_pixel_noise,29,-0.30397844,0.0,0.0,1.0,6.1513696
4,B_task,heavy_pixel_noise,30,-0.16097507,0.0,0.0,1.0,2.4131777
4,B_task,heavy_pixel_noise,31,-0.15333234,0.0,0.0,1.0,4.0657206
4,B_task,heavy_pixel_noise,32,-0.14389282,0.0,0.26666666666666666,1.0,1.792831
4,B_task,heavy_pixel_noise,33,-0.19102116,0.0,0.0,1.0,7.3189483
4,B_task,heavy_pixel_noise,34,-0.037373062,0.0,0.2222222222222222,1.0,3.7049234
4,B_task,heavy_pixel_noise,35,-0.10653137,0.0,0.0,1.0,2.8051398
4,B_task,heavy_pixel_noise,36,-0.15090834,0.0,0.0,1.0,4.612992
4,B_task,heavy_pixel_noise,37,-0.28921714,0.0,0.0,1.0,3.2383053
4,B_task,heavy_pixel_noise,38,-0.15926144,0.0,0.0,1.0,5.4258447
4,B_task,heavy_pixel_noise,39,-0.07731091,1.0,0.35555555555555557,1.0,0.935169
4,B_task,heavy_pixel_noise,40,-0.18873942,0.0,0.0,1.0,3.3109045
4,B_task,heavy_pixel_noise,41,-0.20737067,0.0,0.0,1.0,4.884146
4,B_task,heavy_pixel_noise,42,0.09365922,1.0,0.37777777777777777,1.0,1.0249511
4,B_task,heavy_pixel_noise,43,-0.20390216,0.0,0.0,1.0,5.296654
4,B_task,heavy_pixel_noise,44,-0.16879866,0.0,0.0,1.0,4.06749
4,B_task,heavy_pixel_noise,45,-0.23111902,0.0,0.0,1.0,5.177457
4,B_task,heavy_pixel_noise,46,-0.17225464,0.0,0.0,1.0,2.734561
4,B_task,heavy_pixel_noise,47,-0.16065373,0.0,0.0,1.0,7.648179
4,B_task,heavy_pixel_noise,48,-0.24267007,0.0,0.0,1.0,4.324888
4,B_task,heavy_pixel_noise,49,-0.24954554,0.0,0.0,1.0,8.502348
4,B_task,heavy_pixel_noise,50,-0.21230823,0.0,0.0,1.0,5.3730936
4,B_task,heavy_pixel_noise,51,-0.35011423,0.0,0.0,1.0,4.512796
4,B_task,heavy_pixel_noise,52,-0.04483456,1.0,0.06666666666666667,1.0,1.2631142
4,B_task,heavy_pixel_noise,53,-0.28733936,0.0,0.0,1.0,6.672981
4,B_task,heavy_pixel_noise,54,0.12314403,0.0,0.022222222222222223,1.0,1.8105936
4,B_task,heavy_pixel_noise,55,-0.09922025,0.0,0.24444444444444444,1.0,1.6576201
4,B_task,heavy_pixel_noise,56,-0.025102435,0.0,0.15555555555555556,1.0,5.0249357
4,B_task,heavy_pixel_noise,57,-0.40494293,0.0,0.0,1.0,5.353212
4,B_task,heavy_pixel_noise,58,-0.21781555,0.0,0.0,1.0,4.1671143
4,B_task,heavy_pixel_noise,59,-0.29577705,0.0,0.0,1.0,3.8844535
4,B_task,heavy_pixel_noise,60,-0.38984135,0.0,0.0,1.0,6.9613967
4,B_task,heavy_pixel_noise,61,-0.16303158,0.0,0.0,1.0,5.518988
4,B_task,heavy_pixel_noise,62,-0.3349709,0.0,0.0,1.0,9.1555195
4,B_task,heavy_pixel_noise,63,-0.24535355,0.0,0.0,1.0,10.316541
4,B_task,heavy_pixel_noise,64,-0.44667533,0.0,0.0,1.0,10.234554
4,B_task,heavy_pixel_noise,65,-0.037832703,0.0,0.0,1.0,5.327767
4,B_task,heavy_pixel_noise,66,-0.17140849,0.0,0.06666666666666667,1.0,9.317944
4,B_task,heavy_pixel_noise,67,-0.22982298,0.0,0.0,1.0,7.1527295
4,B_task,heavy_pixel_noise,68,-0.31351244,0.0,0.0,1.0,2.7828848
4,B_task,heavy_pixel_noise,69,-0.06981869,0.0,0.0,1.0,2.5267005
4,B_task,heavy_pixel_noise,70,-0.13932388,0.0,0.0,1.0,4.507852
4,B_task,heavy_pixel_noise,71,-0.16585883,0.0,0.06666666666666667,1.0,3.275344
4,B_task,heavy_pixel_noise,72,0.30787545,0.0,0.6666666666666666,1.0,1.7513343
4,B_task,heavy_pixel_noise,73,-0.3180683,0.0,0.0,1.0,9.543445
4,B_task,heavy_pixel_noise,74,-0.07766884,0.0,0.2222222222222222,1.0,1.8274459
4,B_task,heavy_pixel_noise,75,-0.1291138,0.0,0.0,1.0,3.1774688
4,B_task,heavy_pixel_noise,76,-0.1856701,0.0,0.0,1.0,4.3899045
4,B_task,heavy_pixel_noise,77,-0.3015837,0.0,0.0,1.0,3.7137241
4,B_task,heavy_pixel_noise,78,-0.24591994,0.0,0.0,1.0,7.586975
4,B_task,heavy_pixel_noise,79,-0.18208434,0.0,0.0,1.0,8.274343
4,B_task,heavy_pixel_noise,80,-0.20686866,0.0,0.17777777777777778,1.0,1.6675812
4,B_task,heavy_pixel_noise,81,-0.31741476,0.0,0.0,1.0,6.9645343
4,B_task,heavy_pixel_noise,82,-0.3114593,0.0,0.0,1.0,7.722848
4,B_task,heavy_pixel_noise,83,-0.33036888,0.0,0.0,1.0,4.2295384
4,B_task,heavy_pixel_noise,84,-0.38815194,0.0,0.0,1.0,10.74923
4,B_task,heavy_pixel_noise,85,-0.25625065,0.0,0.0,1.0,3.545325
4,B_task,heavy_pixel_noise,86,-0.21912077,0.0,0.0,1.0,3.789015
4,B_task,heavy_pixel_noise,87,-0.18923834,0.0,0.0,1.0,9.418336
4,B_task,heavy_pixel_noise,88,-0.10748501,0.0,0.0,1.0,8.031701
4,B_task,heavy_pixel_noise,89,-0.23566402,0.0,0.0,1.0,7.191943
4,B_task,heavy_pixel_noise,90,-0.092925295,1.0,0.3111111111111111,1.0,0.68195885
4,B_task,heavy_pixel_noise,91,-0.46656656,0.0,0.0,1.0,10.268032
4,B_task,heavy_pixel_noise,92,-0.24741215,0.0,0.0,1.0,8.210768
4,B_task,heavy_pixel_noise,93,-0.32709053,0.0,0.0,1.0,7.544109
4,B_task,heavy_pixel_noise,94,-0.19301707,0.0,0.0,1.0,4.205393
4,B_task,heavy_pixel_noise,95,-0.3448705,0.0,0.0,1.0,7.80213
4,B_task,heavy_pixel_noise,96,-0.2983724,0.0,0.0,1.0,9.295008
4,B_task,heavy_pixel_noise,97,-0.26784673,0.0,0.0,1.0,6.9260974
4,B_task,heavy_pixel_noise,98,-0.08438766,0.0,0.0,1.0,3.2214003
4,B_task,heavy_pixel_noise,99,0.015255919,1.0,0.4888888888888889,1.0,0.51040787
4,C_scene,in_distribution,0,-0.06844057,0.0,0.0,1.0,3.6814797
4,C_scene,in_distribution,1,-0.1813191,0.0,0.0,1.0,4.4577503
4,C_scene,in_distribution,2,-0.39788297,0.0,0.0,0.0,9.508173
4,C_scene,in_distribution,3,-0.23255716,0.0,0.0,1.0,4.0175543
4,C_scene,in_distribution,4,-0.12196004,0.0,0.0,1.0,4.940133
4,C_scene,in_distribution,5,-0.37855533,0.0,0.0,1.0,7.6783824
4,C_scene,in_distribution,6,-0.15503299,0.0,0.08888888888888889,1.0,9.755658
4,C_scene,in_distribution,7,-0.33263344,0.0,0.0,1.0,6.337461
4,C_scene,in_distribution,8,-0.15021315,0.0,0.0,1.0,1.6252984
4,C_scene,in_distribution,9,-0.33461243,0.0,0.0,1.0,8.321338
4,C_scene,in_distribution,10,-0.19636476,0.0,0.0,1.0,2.4129825
4,C_scene,in_distribution,11,-0.4279191,0.0,0.0,0.0,9.886508
4,C_scene,in_distribution,12,-0.29524344,0.0,0.0,1.0,11.337322
4,C_scene,in_distribution,13,-0.373626,0.0,0.0,1.0,6.947472
4,C_scene,in_distribution,14,-0.22733077,0.0,0.0,1.0,5.802186
4,C_scene,in_distribution,15,-0.435461,0.0,0.0,0.0,10.125963
4,C_scene,in_distribution,16,-0.13207386,0.0,0.0,1.0,3.814746
4,C_scene,in_distribution,17,-0.16623342,0.0,0.0,1.0,5.3957124
4,C_scene,in_distribution,18,-0.2569738,0.0,0.0,1.0,4.6243978
4,C_scene,in_distribution,19,-0.48441508,0.0,0.0,0.0,10.777867
4,C_scene,in_distribution,20,-0.27553836,0.0,0.0,0.0,9.336133
4,C_scene,in_distribution,21,-0.06512329,0.0,0.0,1.0,3.410624
4,C_scene,in_distribution,22,-0.17989519,0.0,0.0,1.0,7.0933485
4,C_scene,in_distribution,23,-0.15441628,0.0,0.0,1.0,4.5981007
4,C_scene,in_distribution,24,-0.124211065,0.0,0.0,1.0,2.7305243
4,C_scene,in_distribution,25,-0.45361668,0.0,0.0,0.0,9.210132
4,C_scene,in_distribution,26,-0.13389726,0.0,0.0,1.0,6.074163
4,C_scene,in_distribution,27,-0.25674596,0.0,0.0,0.0,8.865149
4,C_scene,in_distribution,28,-0.0035088784,0.0,0.0,1.0,4.1447296
4,C_scene,in_distribution,29,-0.21438923,0.0,0.0,1.0,4.4388294
4,C_scene,in_distribution,30,-0.34486404,0.0,0.0,1.0,8.74647
4,C_scene,in_distribution,31,-0.30208606,0.0,0.0,0.0,6.845398
4,C_scene,in_distribution,32,-0.35452414,0.0,0.0,1.0,4.7294765
4,C_scene,in_distribution,33,-0.28492424,0.0,0.0,1.0,10.235425
4,C_scene,in_distribution,34,-0.2661052,0.0,0.0,1.0,5.1193194
4,C_scene,in_distribution,35,-0.20142916,0.0,0.0,1.0,4.630624
4,C_scene,in_distribution,36,-0.3615835,0.0,0.0,0.0,16.22106
4,C_scene,in_distribution,37,-0.37245667,0.0,0.0,1.0,6.7016907
4,C_scene,in_distribution,38,-0.17185341,0.0,0.0,1.0,6.2721643
4,C_scene,in_distribution,39,-0.1827145,0.0,0.0,1.0,2.0148695
4,C_scene,in_distribution,40,-0.26523808,0.0,0.0,1.0,6.7013264
4,C_scene,in_distribution,41,-0.1286137,0.0,0.0,1.0,4.572395
4,C_scene,in_distribution,42,-0.22822723,0.0,0.0,1.0,6.8101773
4,C_scene,in_distribution,43,-0.29660374,0.0,0.0,1.0,9.597112
4,C_scene,in_distribution,44,-0.16510709,0.0,0.0,1.0,3.7201467
4,C_scene,in_distribution,45,-0.26144528,0.0,0.0,1.0,6.990585
4,C_scene,in_distribution,46,-0.3036129,0.0,0.0,1.0,4.120011
4,C_scene,in_distribution,47,-0.1510429,0.0,0.0,1.0,6.522873
4,C_scene,in_distribution,48,-0.30303845,0.0,0.0,1.0,6.821625
4,C_scene,in_distribution,49,-0.25837442,0.0,0.0,0.0,9.588442
4,C_scene,in_distribution,50,-0.1962347,0.0,0.0,1.0,4.6010895
4,C_scene,in_distribution,51,-0.44965312,0.0,0.0,1.0,8.912913
4,C_scene,in_distribution,52,-0.17868139,0.0,0.0,1.0,5.13957
4,C_scene,in_distribution,53,-0.3076627,0.0,0.0,1.0,6.518811
4,C_scene,in_distribution,54,0.07940894,0.0,0.0,1.0,1.7457123
4,C_scene,in_distribution,55,-0.30302796,0.0,0.0,1.0,5.0775476
4,C_scene,in_distribution,56,0.033565175,0.0,0.17777777777777778,1.0,3.6396084
4,C_scene,in_distribution,57,-0.43686032,0.0,0.0,1.0,7.8213606
4,C_scene,in_distribution,58,-0.31927934,0.0,0.0,0.0,11.488809
4,C_scene,in_distribution,59,-0.3504317,0.0,0.0,0.0,10.928975
4,C_scene,in_distribution,60,-0.40925926,0.0,0.0,1.0,9.082222
4,C_scene,in_distribution,61,-0.19437422,0.0,0.0,1.0,5.5122156
4,C_scene,in_distribution,62,-0.41677436,0.0,0.0,0.0,14.035015
4,C_scene,in_distribution,63,-0.24235918,0.0,0.0,1.0,11.102816
4,C_scene,in_distribution,64,-0.30643284,0.0,0.0,1.0,6.1330595
4,C_scene,in_distribution,65,-0.12647454,0.0,0.0,1.0,5.120572
4,C_scene,in_distribution,66,-0.0065265438,0.0,0.0,1.0,4.156081
4,C_scene,in_distribution,67,-0.16722813,0.0,0.0,1.0,5.2447424
4,C_scene,in_distribution,68,-0.3203421,0.0,0.0,1.0,2.4606814
4,C_scene,in_distribution,69,-0.0514207,0.0,0.0,1.0,1.913267
4,C_scene,in_distribution,70,-0.0846059,0.0,0.0,1.0,4.169647
4,C_scene,in_distribution,71,-0.29373834,0.0,0.0,1.0,4.5930285
4,C_scene,in_distribution,72,0.07660373,0.0,0.0,1.0,3.1920679
4,C_scene,in_distribution,73,-0.36310294,0.0,0.0,1.0,13.596548
4,C_scene,in_distribution,74,-0.35257265,0.0,0.0,1.0,8.818627
4,C_scene,in_distribution,75,-0.28366363,0.0,0.0,1.0,6.810983
4,C_scene,in_distribution,76,-0.2316908,0.0,0.0,1.0,6.2010484
4,C_scene,in_distribution,77,-0.29324082,0.0,0.0,1.0,3.1101122
4,C_scene,in_distribution,78,-0.23727466,0.0,0.0,1.0,3.848922
4,C_scene,in_distribution,79,-0.23266655,0.0,0.0,1.0,7.4447255
4,C_scene,in_distribution,80,-0.36717448,0.0,0.0,1.0,5.289343
4,C_scene,in_distribution,81,-0.31395924,0.0,0.0,1.0,7.0981216
4,C_scene,in_distribution,82,-0.3632377,0.0,0.0,1.0,11.039942
4,C_scene,in_distribution,83,-0.25524396,1.0,0.06666666666666667,1.0,1.3501891
4,C_scene,in_distribution,84,-0.43776935,0.0,0.0,0.0,16.326073
4,C_scene,in_distribution,85,-0.5623441,0.0,0.0,0.0,18.652588
4,C_scene,in_distribution,86,-0.33964777,0.0,0.0,0.0,9.976898
4,C_scene,in_distribution,87,-0.16410075,0.0,0.0,1.0,5.5145125
4,C_scene,in_distribution,88,-0.1789114,0.0,0.0,1.0,6.7217197
4,C_scene,in_distribution,89,-0.2638843,0.0,0.0,0.0,8.488383
4,C_scene,in_distribution,90,-0.2898396,0.0,0.0,1.0,3.84108
4,C_scene,in_distribution,91,-0.3532939,0.0,0.0,1.0,3.659287
4,C_scene,in_distribution,92,-0.29931238,0.0,0.0,0.0,10.370594
4,C_scene,in_distribution,93,-0.32186645,0.0,0.0,1.0,6.0193324
4,C_scene,in_distribution,94,-0.19864327,0.0,0.0,1.0,6.5733323
4,C_scene,in_distribution,95,-0.4017361,0.0,0.0,0.0,10.597054
4,C_scene,in_distribution,96,-0.34998113,0.0,0.0,0.0,10.224428
4,C_scene,in_distribution,97,-0.30158567,0.0,0.0,1.0,8.701557
4,C_scene,in_distribution,98,-0.13021359,0.0,0.0,1.0,7.267353
4,C_scene,in_distribution,99,-0.033639066,1.0,0.4,1.0,0.64401543
4,C_scene,4_distractors,0,-0.15241674,0.0,0.0,1.0,3.3449867
4,C_scene,4_distractors,1,-0.15361981,0.0,0.0,1.0,2.5946455
4,C_scene,4_distractors,2,-0.39367586,0.0,0.0,0.0,9.19384
4,C_scene,4_distractors,3,-0.20897548,0.0,0.0,1.0,3.405817
4,C_scene,4_distractors,4,-0.15824927,0.0,0.0,1.0,7.388181
4,C_scene,4_distractors,5,-0.42058825,0.0,0.0,1.0,9.716711
4,C_scene,4_distractors,6,-0.15934654,0.0,0.044444444444444446,1.0,9.110179
4,C_scene,4_distractors,7,-0.427742,0.0,0.0,0.0,9.362031
4,C_scene,4_distractors,8,-0.30707932,0.0,0.0,1.0,5.473749
4,C_scene,4_distractors,9,-0.3564985,0.0,0.0,1.0,8.426232
4,C_scene,4_distractors,10,-0.3281581,0.0,0.0,1.0,6.8988585
4,C_scene,4_distractors,11,-0.52105737,0.0,0.0,0.0,16.141027
4,C_scene,4_distractors,12,-0.30040604,0.0,0.0,0.0,13.825312
4,C_scene,4_distractors,13,-0.41317886,0.0,0.0,1.0,6.5242443
4,C_scene,4_distractors,14,-0.20142426,0.0,0.0,1.0,3.4888093
4,C_scene,4_distractors,15,-0.43761504,0.0,0.0,0.0,10.851906
4,C_scene,4_distractors,16,-0.2569832,0.0,0.0,1.0,7.663251
4,C_scene,4_distractors,17,-0.06655533,0.0,0.0,1.0,3.7595
4,C_scene,4_distractors,18,-0.3201634,0.0,0.0,1.0,7.86965
4,C_scene,4_distractors,19,-0.42222616,0.0,0.0,1.0,9.838848
4,C_scene,4_distractors,20,-0.18941924,0.0,0.0,1.0,5.394026
4,C_scene,4_distractors,21,-0.06497377,0.0,0.0,1.0,3.7094007
4,C_scene,4_distractors,22,-0.13976462,0.0,0.0,1.0,5.6612225
4,C_scene,4_distractors,23,-0.03713852,0.0,0.15555555555555556,1.0,5.750229
4,C_scene,4_distractors,24,-0.21183404,0.0,0.0,1.0,3.9046073
4,C_scene,4_distractors,25,-0.5143801,0.0,0.0,0.0,18.165562
4,C_scene,4_distractors,26,-0.11476045,0.0,0.0,1.0,4.841729
4,C_scene,4_distractors,27,-0.20778866,0.0,0.0,1.0,5.861482
4,C_scene,4_distractors,28,-0.089481145,0.0,0.1111111111111111,1.0,7.468224
4,C_scene,4_distractors,29,-0.22420317,0.0,0.0,1.0,4.9218926
4,C_scene,4_distractors,30,-0.4135198,0.0,0.0,1.0,12.291696
4,C_scene,4_distractors,31,-0.32886598,0.0,0.0,0.0,8.576827
4,C_scene,4_distractors,32,-0.34577164,0.0,0.0,1.0,4.981369
4,C_scene,4_distractors,33,-0.25985712,0.0,0.0,1.0,8.785421
4,C_scene,4_distractors,34,-0.293174,0.0,0.0,1.0,7.0612884
4,C_scene,4_distractors,35,-0.27292138,0.0,0.0,1.0,8.143086
4,C_scene,4_distractors,36,-0.222243,0.0,0.0,1.0,6.797331
4,C_scene,4_distractors,37,-0.4700529,0.0,0.0,0.0,9.093785
4,C_scene,4_distractors,38,-0.14048578,1.0,0.044444444444444446,1.0,1.1176388
4,C_scene,4_distractors,39,-0.25398818,1.0,0.044444444444444446,1.0,1.3584455
4,C_scene,4_distractors,40,-0.2707798,0.0,0.0,1.0,6.6502566
4,C_scene,4_distractors,41,-0.17416476,0.0,0.0,1.0,4.5200577
4,C_scene,4_distractors,42,-0.2762299,0.0,0.0,1.0,10.774856
4,C_scene,4_distractors,43,-0.229803,0.0,0.0,1.0,5.151198
4,C_scene,4_distractors,44,-0.10658284,0.0,0.0,1.0,3.0117457
4,C_scene,4_distractors,45,-0.15329652,0.0,0.0,1.0,3.4604604
4,C_scene,4_distractors,46,-0.4339471,0.0,0.0,0.0,11.290519
4,C_scene,4_distractors,47,-0.11755776,0.0,0.0,1.0,6.2025914
4,C_scene,4_distractors,48,-0.3411583,0.0,0.0,1.0,6.0373745
4,C_scene,4_distractors,49,-0.26202062,0.0,0.0,0.0,8.707065
4,C_scene,4_distractors,50,-0.19005916,0.0,0.0,1.0,6.1617804
4,C_scene,4_distractors,51,-0.39231393,0.0,0.0,1.0,6.861305
4,C_scene,4_distractors,52,-0.18313876,0.0,0.0,1.0,6.051859
4,C_scene,4_distractors,53,-0.25470132,0.0,0.0,1.0,5.6122646
4,C_scene,4_distractors,54,-0.15377508,0.0,0.0,1.0,4.9754534
4,C_scene,4_distractors,55,-0.33034137,0.0,0.0,1.0,5.855414
4,C_scene,4_distractors,56,0.20483704,0.0,0.3111111111111111,1.0,1.7230818
4,C_scene,4_distractors,57,-0.47633913,0.0,0.0,1.0,10.461404
4,C_scene,4_distractors,58,-0.33502147,0.0,0.0,0.0,12.33768
4,C_scene,4_distractors,59,-0.42318848,0.0,0.0,0.0,14.883683
4,C_scene,4_distractors,60,-0.41861552,0.0,0.0,1.0,8.935799
4,C_scene,4_distractors,61,-0.27770758,0.0,0.0,1.0,9.857615
4,C_scene,4_distractors,62,-0.42097285,0.0,0.0,0.0,14.316935
4,C_scene,4_distractors,63,-0.21139322,0.0,0.0,1.0,9.939429
4,C_scene,4_distractors,64,-0.17989248,0.0,0.0,1.0,3.2663424
4,C_scene,4_distractors,65,-0.1570073,0.0,0.0,1.0,5.751456
4,C_scene,4_distractors,66,-0.08999265,0.0,0.0,1.0,3.786548
4,C_scene,4_distractors,67,-0.10366266,0.0,0.0,1.0,4.281674
4,C_scene,4_distractors,68,-0.4368775,0.0,0.0,1.0,7.0158796
4,C_scene,4_distractors,69,-0.20568934,0.0,0.0,1.0,5.1811233
4,C_scene,4_distractors,70,-0.09786803,0.0,0.0,1.0,4.768514
4,C_scene,4_distractors,71,-0.33136055,0.0,0.0,1.0,7.8262453
4,C_scene,4_distractors,72,0.008550871,0.0,0.15555555555555556,1.0,5.331146
4,C_scene,4_distractors,73,-0.3476626,0.0,0.0,1.0,13.602305
4,C_scene,4_distractors,74,-0.6779641,0.0,0.0,0.0,24.117874
4,C_scene,4_distractors,75,-0.31793597,0.0,0.0,1.0,9.69456
4,C_scene,4_distractors,76,-0.28598696,0.0,0.0,0.0,11.1106415
4,C_scene,4_distractors,77,-0.38185695,0.0,0.0,0.0,8.939864
4,C_scene,4_distractors,78,-0.2818054,0.0,0.0,1.0,6.658484
4,C_scene,4_distractors,79,-0.25168127,0.0,0.0,1.0,8.280665
4,C_scene,4_distractors,80,-0.50673264,0.0,0.0,0.0,13.7913685
4,C_scene,4_distractors,81,-0.34448734,0.0,0.0,1.0,9.975116
4,C_scene,4_distractors,82,-0.35157573,0.0,0.0,1.0,7.436985
4,C_scene,4_distractors,83,-0.44968346,0.0,0.0,1.0,8.693042
4,C_scene,4_distractors,84,-0.3752452,0.0,0.0,1.0,12.508995
4,C_scene,4_distractors,85,-0.5218455,0.0,0.0,1.0,16.533848
4,C_scene,4_distractors,86,-0.35383394,0.0,0.0,0.0,11.753922
4,C_scene,4_distractors,87,-0.11002155,0.0,0.0,1.0,5.9048624
4,C_scene,4_distractors,88,-0.15459307,0.0,0.0,1.0,4.8954463
4,C_scene,4_distractors,89,-0.25352764,0.0,0.0,1.0,8.0092
4,C_scene,4_distractors,90,-0.39370504,0.0,0.0,1.0,6.407026
4,C_scene,4_distractors,91,-0.38857222,0.0,0.0,1.0,5.2767997
4,C_scene,4_distractors,92,-0.2255398,0.0,0.0,1.0,6.17466
4,C_scene,4_distractors,93,-0.31295726,0.0,0.0,1.0,5.372296
4,C_scene,4_distractors,94,-0.07098069,0.0,0.0,1.0,3.9294157
4,C_scene,4_distractors,95,-0.49699584,0.0,0.0,0.0,13.797398
4,C_scene,4_distractors,96,-0.34644186,0.0,0.0,1.0,10.18997
4,C_scene,4_distractors,97,-0.33590415,0.0,0.0,1.0,8.938992
4,C_scene,4_distractors,98,-0.23126017,0.0,0.0,1.0,5.0987434
4,C_scene,4_distractors,99,-0.35645536,0.0,0.0,1.0,6.6362963
4,C_scene,fast_distractors,0,-0.110617355,0.0,0.0,1.0,4.465063
4,C_scene,fast_distractors,1,-0.17154914,0.0,0.0,1.0,4.988512
4,C_scene,fast_distractors,2,-0.38939434,0.0,0.0,0.0,8.7651205
4,C_scene,fast_distractors,3,-0.22641256,0.0,0.0,1.0,4.8769903
4,C_scene,fast_distractors,4,-0.14608853,0.0,0.0,1.0,4.7747874
4,C_scene,fast_distractors,5,-0.3912762,0.0,0.0,1.0,7.808665
4,C_scene,fast_distractors,6,-0.1159621,0.0,0.08888888888888889,1.0,7.004775
4,C_scene,fast_distractors,7,-0.3287431,0.0,0.0,1.0,5.5708866
4,C_scene,fast_distractors,8,-0.12853807,1.0,0.08888888888888889,1.0,1.1566533
4,C_scene,fast_distractors,9,-0.31939447,0.0,0.0,1.0,6.413919
4,C_scene,fast_distractors,10,-0.29913288,0.0,0.0,1.0,5.6914086
4,C_scene,fast_distractors,11,-0.44833937,0.0,0.0,0.0,11.7540455
4,C_scene,fast_distractors,12,-0.3064283,0.0,0.0,1.0,11.790351
4,C_scene,fast_distractors,13,-0.17211998,1.0,0.3111111111111111,1.0,1.2084851
4,C_scene,fast_distractors,14,-0.21885657,0.0,0.0,1.0,5.532193
4,C_scene,fast_distractors,15,-0.4412804,0.0,0.0,0.0,11.469143
4,C_scene,fast_distractors,16,-0.094003975,0.0,0.0,1.0,2.928841
4,C_scene,fast_distractors,17,-0.16514525,0.0,0.0,1.0,5.4880095
4,C_scene,fast_distractors,18,-0.2631912,0.0,0.0,1.0,4.794274
4,C_scene,fast_distractors,19,-0.43530774,0.0,0.0,1.0,8.295191
4,C_scene,fast_distractors,20,-0.22238746,0.0,0.0,0.0,6.078154
4,C_scene,fast_distractors,21,-0.064496584,0.0,0.0,1.0,3.3565817
4,C_scene,fast_distractors,22,-0.17066476,0.0,0.0,1.0,6.1331587
4,C_scene,fast_distractors,23,-0.053657897,0.0,0.0,1.0,5.0823636
4,C_scene,fast_distractors,24,-0.13055353,0.0,0.0,1.0,3.3070865
4,C_scene,fast_distractors,25,-0.5056627,0.0,0.0,1.0,12.526
4,C_scene,fast_distractors,26,-0.16403875,0.0,0.0,0.0,8.534225
4,C_scene,fast_distractors,27,-0.18541445,0.0,0.0,1.0,5.720272
4,C_scene,fast_distractors,28,-0.099255905,0.0,0.0,1.0,6.1993446
4,C_scene,fast_distractors,29,-0.17452717,0.0,0.0,1.0,4.2250605
4,C_scene,fast_distractors,30,-0.29654133,0.0,0.0,1.0,6.667627
4,C_scene,fast_distractors,31,-0.3030062,0.0,0.0,0.0,7.587796
4,C_scene,fast_distractors,32,-0.3515998,0.0,0.0,1.0,4.7729044
4,C_scene,fast_distractors,33,-0.28876278,0.0,0.0,1.0,10.017276
4,C_scene,fast_distractors,34,-0.2376152,0.0,0.0,1.0,4.098107
4,C_scene,fast_distractors,35,-0.21009125,0.0,0.0,1.0,5.547668
4,C_scene,fast_distractors,36,-0.31693512,0.0,0.0,1.0,11.798617
4,C_scene,fast_distractors,37,-0.384391,0.0,0.0,1.0,7.6127925
4,C_scene,fast_distractors,38,-0.10490231,0.0,0.0,1.0,4.161862
4,C_scene,fast_distractors,39,-0.20788795,0.0,0.0,1.0,2.7833872
4,C_scene,fast_distractors,40,-0.24488407,0.0,0.0,1.0,4.8411365
4,C_scene,fast_distractors,41,-0.11845852,0.0,0.044444444444444446,1.0,5.8273196
4,C_scene,fast_distractors,42,-0.24207145,0.0,0.0,1.0,8.857379
4,C_scene,fast_distractors,43,-0.2642594,0.0,0.0,1.0,6.7812834
4,C_scene,fast_distractors,44,-0.16221607,0.0,0.0,1.0,3.8854406
4,C_scene,fast_distractors,45,-0.23938224,0.0,0.0,1.0,5.826615
4,C_scene,fast_distractors,46,-0.33451802,0.0,0.0,1.0,6.856396
4,C_scene,fast_distractors,47,-0.16421516,0.0,0.0,1.0,7.8826118
4,C_scene,fast_distractors,48,-0.3090503,0.0,0.0,1.0,7.192779
4,C_scene,fast_distractors,49,-0.28044197,0.0,0.0,0.0,10.071373
4,C_scene,fast_distractors,50,-0.20119122,0.0,0.0,1.0,4.9238486
4,C_scene,fast_distractors,51,-0.3819881,0.0,0.0,1.0,6.7258096
4,C_scene,fast_distractors,52,-0.16256283,0.0,0.0,1.0,4.1421814
4,C_scene,fast_distractors,53,-0.27148974,0.0,0.0,1.0,4.5120516
4,C_scene,fast_distractors,54,0.13667198,1.0,0.08888888888888889,1.0,1.3420745
4,C_scene,fast_distractors,55,-0.30435967,0.0,0.0,1.0,5.2518
4,C_scene,fast_distractors,56,0.03248846,0.0,0.17777777777777778,1.0,3.6789644
4,C_scene,fast_distractors,57,-0.44875625,0.0,0.0,1.0,8.40273
4,C_scene,fast_distractors,58,-0.32281137,0.0,0.0,0.0,11.383241
4,C_scene,fast_distractors,59,-0.29375952,0.0,0.0,1.0,4.349776
4,C_scene,fast_distractors,60,-0.41163236,0.0,0.0,1.0,8.357065
4,C_scene,fast_distractors,61,-0.19550107,0.0,0.0,1.0,4.936094
4,C_scene,fast_distractors,62,-0.41097477,0.0,0.0,0.0,13.980117
4,C_scene,fast_distractors,63,-0.25716728,0.0,0.0,1.0,11.946846
4,C_scene,fast_distractors,64,-0.14794149,0.0,0.0,1.0,2.545649
4,C_scene,fast_distractors,65,-0.09012032,0.0,0.0,1.0,3.9493995
4,C_scene,fast_distractors,66,0.0051362785,0.0,0.0,1.0,2.8577294
4,C_scene,fast_distractors,67,-0.0703285,0.0,0.0,1.0,2.9530172
4,C_scene,fast_distractors,68,-0.39399818,0.0,0.0,1.0,4.362526
4,C_scene,fast_distractors,69,-0.13824916,0.0,0.0,1.0,3.0194113
4,C_scene,fast_distractors,70,-0.09172635,0.0,0.0,1.0,3.6923378
4,C_scene,fast_distractors,71,-0.22438416,0.0,0.0,1.0,1.752363
4,C_scene,fast_distractors,72,0.13838366,0.0,0.15555555555555556,1.0,2.5683887
4,C_scene,fast_distractors,73,-0.3542004,0.0,0.0,1.0,13.587515
4,C_scene,fast_distractors,74,-0.36950272,0.0,0.0,0.0,9.884348
4,C_scene,fast_distractors,75,-0.29647803,0.0,0.0,1.0,8.493669
4,C_scene,fast_distractors,76,-0.23553954,0.0,0.0,1.0,6.9551773
4,C_scene,fast_distractors,77,-0.27484688,0.0,0.0,1.0,3.4569304
4,C_scene,fast_distractors,78,-0.22377628,0.0,0.0,1.0,4.621437
4,C_scene,fast_distractors,79,-0.19528294,0.0,0.0,1.0,6.0392156
4,C_scene,fast_distractors,80,-0.3914087,0.0,0.0,1.0,6.721008
4,C_scene,fast_distractors,81,-0.30060962,0.0,0.0,1.0,7.681727
4,C_scene,fast_distractors,82,-0.36790708,0.0,0.0,1.0,11.144222
4,C_scene,fast_distractors,83,-0.25140586,1.0,0.1111111111111111,1.0,1.0526801
4,C_scene,fast_distractors,84,-0.42227453,0.0,0.0,0.0,15.725024
4,C_scene,fast_distractors,85,-0.5405767,0.0,0.0,1.0,16.718594
4,C_scene,fast_distractors,86,-0.29895708,0.0,0.0,0.0,8.026085
4,C_scene,fast_distractors,87,-0.16658401,0.0,0.0,1.0,6.6377983
4,C_scene,fast_distractors,88,-0.17930813,0.0,0.0,1.0,6.3468566
4,C_scene,fast_distractors,89,-0.2426055,0.0,0.0,1.0,7.308665
4,C_scene,fast_distractors,90,-0.33335948,0.0,0.0,1.0,5.45692
4,C_scene,fast_distractors,91,-0.33385763,0.0,0.0,1.0,3.93167
4,C_scene,fast_distractors,92,-0.31108433,0.0,0.0,0.0,10.706821
4,C_scene,fast_distractors,93,-0.32526052,0.0,0.0,1.0,6.540345
4,C_scene,fast_distractors,94,-0.1993499,0.0,0.0,1.0,5.808152
4,C_scene,fast_distractors,95,-0.38824,0.0,0.0,0.0,9.9916525
4,C_scene,fast_distractors,96,-0.35349467,0.0,0.0,0.0,9.3565
4,C_scene,fast_distractors,97,-0.28801158,0.0,0.0,1.0,8.016635
4,C_scene,fast_distractors,98,-0.1332059,0.0,0.0,1.0,8.08311
4,C_scene,fast_distractors,99,-0.15344566,0.0,0.0,1.0,1.6415291
4,C_scene,unseen_distractor_hues,0,-0.085737936,0.0,0.0,1.0,3.9806638
4,C_scene,unseen_distractor_hues,1,-0.17050388,0.0,0.0,1.0,3.9773393
4,C_scene,unseen_distractor_hues,2,-0.400575,0.0,0.0,0.0,8.864834
4,C_scene,unseen_distractor_hues,3,-0.2504068,0.0,0.0,1.0,4.8996153
4,C_scene,unseen_distractor_hues,4,-0.11870364,0.0,0.0,1.0,4.00527
4,C_scene,unseen_distractor_hues,5,-0.36640713,0.0,0.0,1.0,7.372523
4,C_scene,unseen_distractor_hues,6,-0.12399623,0.0,0.08888888888888889,1.0,7.852475
4,C_scene,unseen_distractor_hues,7,-0.2829843,0.0,0.0,1.0,4.6149616
4,C_scene,unseen_distractor_hues,8,-0.30795512,0.0,0.0,1.0,5.79799
4,C_scene,unseen_distractor_hues,9,-0.33483735,0.0,0.0,1.0,8.474784
4,C_scene,unseen_distractor_hues,10,-0.25069585,0.0,0.0,1.0,2.6387107
4,C_scene,unseen_distractor_hues,11,-0.47042614,0.0,0.0,0.0,12.601327
4,C_scene,unseen_distractor_hues,12,-0.34566912,0.0,0.0,0.0,13.5133295
4,C_scene,unseen_distractor_hues,13,-0.31507644,0.0,0.0,1.0,2.9316874
4,C_scene,unseen_distractor_hues,14,-0.24015227,0.0,0.0,1.0,6.193911
4,C_scene,unseen_distractor_hues,15,-0.38446406,0.0,0.0,1.0,7.492894
4,C_scene,unseen_distractor_hues,16,-0.107199125,0.0,0.0,1.0,2.9722948
4,C_scene,unseen_distractor_hues,17,-0.18179503,0.0,0.0,1.0,6.7248707
4,C_scene,unseen_distractor_hues,18,-0.27783757,0.0,0.0,1.0,5.756444
4,C_scene,unseen_distractor_hues,19,-0.52041715,0.0,0.0,0.0,13.307639
4,C_scene,unseen_distractor_hues,20,-0.166199,0.0,0.0,1.0,4.478232
4,C_scene,unseen_distractor_hues,21,-0.08565427,0.0,0.0,1.0,2.7360418
4,C_scene,unseen_distractor_hues,22,-0.1631426,0.0,0.0,1.0,8.367957
4,C_scene,unseen_distractor_hues,23,-0.10813284,0.0,0.0,1.0,5.878627
4,C_scene,unseen_distractor_hues,24,-0.080157146,0.0,0.0,1.0,2.8027
4,C_scene,unseen_distractor_hues,25,-0.5052195,0.0,0.0,0.0,10.439388
4,C_scene,unseen_distractor_hues,26,-0.16468327,0.0,0.0,0.0,8.321381
4,C_scene,unseen_distractor_hues,27,-0.22347575,0.0,0.0,0.0,7.4976864
4,C_scene,unseen_distractor_hues,28,-0.07325944,0.0,0.0,1.0,5.623262
4,C_scene,unseen_distractor_hues,29,-0.20133677,0.0,0.0,1.0,3.3223417
4,C_scene,unseen_distractor_hues,30,-0.31789356,0.0,0.0,1.0,8.954859
4,C_scene,unseen_distractor_hues,31,-0.26025197,0.0,0.0,1.0,5.1655345
4,C_scene,unseen_distractor_hues,32,-0.3809925,0.0,0.0,1.0,5.641867
4,C_scene,unseen_distractor_hues,33,-0.26336533,0.0,0.0,1.0,9.291509
4,C_scene,unseen_distractor_hues,34,-0.14706334,0.0,0.0,1.0,2.174595
4,C_scene,unseen_distractor_hues,35,-0.22179538,0.0,0.0,1.0,5.9242954
4,C_scene,unseen_distractor_hues,36,-0.33206332,0.0,0.0,1.0,13.736786
4,C_scene,unseen_distractor_hues,37,-0.34069818,0.0,0.0,1.0,4.6564054
4,C_scene,unseen_distractor_hues,38,-0.120658845,0.0,0.0,1.0,3.0472398
4,C_scene,unseen_distractor_hues,39,-0.14406413,0.0,0.15555555555555556,1.0,1.9262311
4,C_scene,unseen_distractor_hues,40,-0.2591793,0.0,0.0,1.0,5.378061
4,C_scene,unseen_distractor_hues,41,-0.16324574,0.0,0.0,1.0,6.129637
4,C_scene,unseen_distractor_hues,42,-0.20697382,0.0,0.0,1.0,5.3514514
4,C_scene,unseen_distractor_hues,43,-0.3072259,0.0,0.0,1.0,10.127716
4,C_scene,unseen_distractor_hues,44,-0.2682053,0.0,0.0,1.0,4.9956217
4,C_scene,unseen_distractor_hues,45,-0.23783793,0.0,0.0,1.0,5.547575
4,C_scene,unseen_distractor_hues,46,-0.30670577,0.0,0.0,1.0,4.5750184
4,C_scene,unseen_distractor_hues,47,-0.072060615,0.0,0.0,1.0,5.2893057
4,C_scene,unseen_distractor_hues,48,-0.34393504,0.0,0.0,1.0,8.20865
4,C_scene,unseen_distractor_hues,49,-0.24818817,0.0,0.0,1.0,4.5767846
4,C_scene,unseen_distractor_hues,50,-0.25967622,0.0,0.0,1.0,11.113941
4,C_scene,unseen_distractor_hues,51,-0.39723268,0.0,0.0,1.0,5.9953017
4,C_scene,unseen_distractor_hues,52,-0.15208672,0.0,0.0,1.0,4.4555097
4,C_scene,unseen_distractor_hues,53,-0.2427349,0.0,0.0,1.0,5.089953
4,C_scene,unseen_distractor_hues,54,-0.022078114,0.0,0.0,1.0,3.1333635
4,C_scene,unseen_distractor_hues,55,-0.31264383,0.0,0.0,1.0,6.610605
4,C_scene,unseen_distractor_hues,56,0.3154389,0.0,0.6,1.0,1.7105672
4,C_scene,unseen_distractor_hues,57,-0.43862635,0.0,0.0,1.0,7.792843
4,C_scene,unseen_distractor_hues,58,-0.26136795,0.0,0.0,0.0,8.635319
4,C_scene,unseen_distractor_hues,59,-0.3880934,0.0,0.0,0.0,9.981391
4,C_scene,unseen_distractor_hues,60,-0.40470034,0.0,0.0,1.0,7.9722495
4,C_scene,unseen_distractor_hues,61,-0.28531027,0.0,0.0,1.0,9.224656
4,C_scene,unseen_distractor_hues,62,-0.41918743,0.0,0.0,0.0,16.031376
4,C_scene,unseen_distractor_hues,63,-0.2541356,0.0,0.0,1.0,11.977554
4,C_scene,unseen_distractor_hues,64,-0.29404932,0.0,0.0,1.0,5.887439
4,C_scene,unseen_distractor_hues,65,-0.14584745,0.0,0.0,1.0,6.76202
4,C_scene,unseen_distractor_hues,66,0.10673691,0.0,0.17777777777777778,1.0,2.529534
4,C_scene,unseen_distractor_hues,67,-0.08647141,0.0,0.0,1.0,4.095276
4,C_scene,unseen_distractor_hues,68,-0.36744902,0.0,0.0,1.0,3.6682136
4,C_scene,unseen_distractor_hues,69,0.0021752536,1.0,0.26666666666666666,1.0,0.8288991
4,C_scene,unseen_distractor_hues,70,-0.024430651,0.0,0.0,1.0,2.1897244
4,C_scene,unseen_distractor_hues,71,-0.29244947,0.0,0.0,1.0,4.364856
4,C_scene,unseen_distractor_hues,72,-0.03737648,0.0,0.0,1.0,4.6971455
4,C_scene,unseen_distractor_hues,73,-0.33733687,0.0,0.0,1.0,11.427095
4,C_scene,unseen_distractor_hues,74,-0.38573283,0.0,0.0,0.0,10.822326
4,C_scene,unseen_distractor_hues,75,-0.25578272,0.0,0.0,1.0,5.9591928
4,C_scene,unseen_distractor_hues,76,-0.24341132,0.0,0.0,1.0,7.3159223
4,C_scene,unseen_distractor_hues,77,-0.320836,0.0,0.0,1.0,4.253212
4,C_scene,unseen_distractor_hues,78,-0.32362205,0.0,0.0,1.0,8.148715
4,C_scene,unseen_distractor_hues,79,-0.18697795,0.0,0.0,1.0,7.0669684
4,C_scene,unseen_distractor_hues,80,-0.4242314,0.0,0.0,1.0,9.026262
4,C_scene,unseen_distractor_hues,81,-0.32606602,0.0,0.0,1.0,8.523363
4,C_scene,unseen_distractor_hues,82,-0.35728553,0.0,0.0,1.0,10.463738
4,C_scene,unseen_distractor_hues,83,-0.3449178,0.0,0.0,1.0,3.3366935
4,C_scene,unseen_distractor_hues,84,-0.4452373,0.0,0.0,0.0,16.566996
4,C_scene,unseen_distractor_hues,85,-0.5763131,0.0,0.0,0.0,19.577957
4,C_scene,unseen_distractor_hues,86,-0.31731725,0.0,0.0,0.0,9.184403
4,C_scene,unseen_distractor_hues,87,-0.12690032,0.0,0.0,1.0,5.1017523
4,C_scene,unseen_distractor_hues,88,-0.1372047,0.0,0.0,1.0,5.692704
4,C_scene,unseen_distractor_hues,89,-0.253568,0.0,0.0,1.0,7.511523
4,C_scene,unseen_distractor_hues,90,-0.3052162,0.0,0.0,1.0,4.468394
4,C_scene,unseen_distractor_hues,91,-0.3646126,0.0,0.0,1.0,4.071912
4,C_scene,unseen_distractor_hues,92,-0.2603346,0.0,0.0,1.0,7.300968
4,C_scene,unseen_distractor_hues,93,-0.33644217,0.0,0.0,1.0,7.387722
4,C_scene,unseen_distractor_hues,94,-0.235163,0.0,0.0,1.0,8.809344
4,C_scene,unseen_distractor_hues,95,-0.35654995,0.0,0.0,1.0,7.949703
4,C_scene,unseen_distractor_hues,96,-0.35533777,0.0,0.0,0.0,9.894243
4,C_scene,unseen_distractor_hues,97,-0.1948072,0.0,0.0,1.0,3.575339
4,C_scene,unseen_distractor_hues,98,-0.1821817,0.0,0.0,0.0,8.400994
4,C_scene,unseen_distractor_hues,99,-0.10687891,0.0,0.06666666666666667,1.0,2.2614462
4,C_scene,heavy_pixel_noise,0,-0.31090742,0.0,0.0,0.0,8.5443535
4,C_scene,heavy_pixel_noise,1,-0.11213146,0.0,0.0,1.0,1.672497
4,C_scene,heavy_pixel_noise,2,-0.35532033,0.0,0.0,1.0,6.6308346
4,C_scene,heavy_pixel_noise,3,-0.2449663,0.0,0.0,1.0,3.735743
4,C_scene,heavy_pixel_noise,4,-0.19865555,0.0,0.0,1.0,8.239913
4,C_scene,heavy_pixel_noise,5,-0.424212,0.0,0.0,1.0,10.887579
4,C_scene,heavy_pixel_noise,6,-0.10457183,0.0,0.15555555555555556,1.0,7.635159
4,C_scene,heavy_pixel_noise,7,-0.353248,0.0,0.0,1.0,6.0944934
4,C_scene,heavy_pixel_noise,8,-0.34703878,0.0,0.0,1.0,7.5745497
4,C_scene,heavy_pixel_noise,9,-0.35120982,0.0,0.0,1.0,8.314363
4,C_scene,heavy_pixel_noise,10,-0.26318336,0.0,0.0,1.0,3.0507061
4,C_scene,heavy_pixel_noise,11,-0.41901746,0.0,0.0,0.0,10.054732
4,C_scene,heavy_pixel_noise,12,-0.3833772,0.0,0.0,1.0,8.546032
4,C_scene,heavy_pixel_noise,13,-0.35578054,0.0,0.0,1.0,2.3576994
4,C_scene,heavy_pixel_noise,14,-0.27456713,0.0,0.0,1.0,8.179761
4,C_scene,heavy_pixel_noise,15,-0.4028545,0.0,0.0,1.0,6.5612926
4,C_scene,heavy_pixel_noise,16,-0.19133121,0.0,0.0,1.0,4.522847
4,C_scene,heavy_pixel_noise,17,-0.17704237,0.0,0.0,1.0,4.6272397
4,C_scene,heavy_pixel_noise,18,-0.3399765,0.0,0.0,1.0,8.636206
4,C_scene,heavy_pixel_noise,19,-0.5005542,0.0,0.0,0.0,12.180471
4,C_scene,heavy_pixel_noise,20,-0.23396753,0.0,0.0,0.0,7.3142447
4,C_scene,heavy_pixel_noise,21,-0.14588669,0.0,0.0,1.0,6.600222
4,C_scene,heavy_pixel_noise,22,-0.17403485,0.0,0.0,1.0,8.992823
4,C_scene,heavy_pixel_noise,23,-0.1248623,0.0,0.022222222222222223,1.0,3.99509
4,C_scene,heavy_pixel_noise,24,-0.11466217,0.0,0.0,1.0,4.220854
4,C_scene,heavy_pixel_noise,25,-0.45540008,0.0,0.0,0.0,11.869241
4,C_scene,heavy_pixel_noise,26,-0.16544358,0.0,0.0,0.0,7.656181
4,C_scene,heavy_pixel_noise,27,-0.250046,0.0,0.0,0.0,9.034614
4,C_scene,heavy_pixel_noise,28,-0.076984935,0.0,0.0,1.0,8.115706
4,C_scene,heavy_pixel_noise,29,-0.21886031,0.0,0.0,1.0,4.648688
4,C_scene,heavy_pixel_noise,30,-0.4052024,0.0,0.0,1.0,11.296698
4,C_scene,heavy_pixel_noise,31,-0.29809958,0.0,0.0,0.0,6.7545624
4,C_scene,heavy_pixel_noise,32,-0.35226363,0.0,0.0,1.0,4.4912314
4,C_scene,heavy_pixel_noise,33,-0.29420498,0.0,0.0,1.0,10.751742
4,C_scene,heavy_pixel_noise,34,-0.27471444,0.0,0.0,1.0,4.5207925
4,C_scene,heavy_pixel_noise,35,-0.18244529,0.0,0.0,1.0,3.534883
4,C_scene,heavy_pixel_noise,36,-0.24993926,0.0,0.0,1.0,7.503556
4,C_scene,heavy_pixel_noise,37,-0.40050232,0.0,0.0,1.0,5.9636517
4,C_scene,heavy_pixel_noise,38,-0.19584149,0.0,0.0,1.0,7.758256
4,C_scene,heavy_pixel_noise,39,-0.21681519,1.0,0.06666666666666667,1.0,1.386034
4,C_scene,heavy_pixel_noise,40,-0.25147855,0.0,0.0,1.0,5.1025834
4,C_scene,heavy_pixel_noise,41,-0.14983322,0.0,0.0,1.0,4.309878
4,C_scene,heavy_pixel_noise,42,-0.16298983,0.0,0.0,1.0,3.4584012
4,C_scene,heavy_pixel_noise,43,-0.2869089,0.0,0.0,1.0,8.256863
4,C_scene,heavy_pixel_noise,44,-0.058261335,1.0,0.13333333333333333,1.0,0.946578
4,C_scene,heavy_pixel_noise,45,-0.21883464,0.0,0.0,1.0,5.877428
4,C_scene,heavy_pixel_noise,46,-0.32514393,0.0,0.0,1.0,4.647761
4,C_scene,heavy_pixel_noise,47,-0.13336205,0.0,0.0,1.0,7.0153956
4,C_scene,heavy_pixel_noise,48,-0.3046405,0.0,0.0,1.0,6.3395147
4,C_scene,heavy_pixel_noise,49,-0.20906821,0.0,0.0,0.0,7.392176
4,C_scene,heavy_pixel_noise,50,-0.15476468,0.0,0.0,1.0,3.3237257
4,C_scene,heavy_pixel_noise,51,-0.4670594,0.0,0.0,1.0,11.441603
4,C_scene,heavy_pixel_noise,52,-0.13438667,0.0,0.0,1.0,4.919698
4,C_scene,heavy_pixel_noise,53,-0.30624703,0.0,0.0,1.0,8.999615
4,C_scene,heavy_pixel_noise,54,-0.16037837,0.0,0.0,1.0,6.63349
4,C_scene,heavy_pixel_noise,55,-0.38314852,0.0,0.0,0.0,9.093792
4,C_scene,heavy_pixel_noise,56,0.04990278,0.0,0.2,1.0,3.8432746
4,C_scene,heavy_pixel_noise,57,-0.5443157,0.0,0.0,1.0,14.458974
4,C_scene,heavy_pixel_noise,58,-0.30018854,0.0,0.0,0.0,10.411984
4,C_scene,heavy_pixel_noise,59,-0.4204211,0.0,0.0,0.0,11.524043
4,C_scene,heavy_pixel_noise,60,-0.4108408,0.0,0.0,1.0,8.617133
4,C_scene,heavy_pixel_noise,61,-0.32294327,0.0,0.0,1.0,11.83658
4,C_scene,heavy_pixel_noise,62,-0.4173303,0.0,0.0,1.0,13.55138
4,C_scene,heavy_pixel_noise,63,-0.20749405,0.0,0.0,1.0,9.894241
4,C_scene,heavy_pixel_noise,64,-0.25689358,0.0,0.0,1.0,3.036077
4,C_scene,heavy_pixel_noise,65,-0.16192995,0.0,0.0,1.0,3.50512
4,C_scene,heavy_pixel_noise,66,0.22349715,1.0,0.5555555555555556,1.0,0.40436625
4,C_scene,heavy_pixel_noise,67,-0.1312277,0.0,0.0,1.0,7.0671997
4,C_scene,heavy_pixel_noise,68,-0.3823229,0.0,0.0,1.0,3.7097366
4,C_scene,heavy_pixel_noise,69,-0.16792175,0.0,0.0,1.0,4.2261863
4,C_scene,heavy_pixel_noise,70,-0.14840685,0.0,0.0,1.0,3.5004783
4,C_scene,heavy_pixel_noise,71,-0.28795025,0.0,0.0,1.0,4.1045675
4,C_scene,heavy_pixel_noise,72,-0.035460744,0.0,0.0,1.0,4.6506324
4,C_scene,heavy_pixel_noise,73,-0.29747272,0.0,0.0,1.0,8.54384
4,C_scene,heavy_pixel_noise,74,-0.376757,0.0,0.0,1.0,10.274665
4,C_scene,heavy_pixel_noise,75,-0.2446608,0.0,0.0,1.0,6.3754406
4,C_scene,heavy_pixel_noise,76,-0.20081751,0.0,0.0,1.0,5.0685177
4,C_scene,heavy_pixel_noise,77,-0.38288778,0.0,0.0,1.0,6.885771
4,C_scene,heavy_pixel_noise,78,-0.22250563,0.0,0.0,1.0,6.7252126
4,C_scene,heavy_pixel_noise,79,-0.148341,0.0,0.0,1.0,6.623518
4,C_scene,heavy_pixel_noise,80,-0.3999492,0.0,0.0,1.0,7.6968274
4,C_scene,heavy_pixel_noise,81,-0.37070847,0.0,0.0,1.0,8.575619
4,C_scene,heavy_pixel_noise,82,-0.22931474,0.0,0.0,1.0,4.5553465
4,C_scene,heavy_pixel_noise,83,-0.31376475,0.0,0.0,1.0,2.1459198
4,C_scene,heavy_pixel_noise,84,-0.35483095,0.0,0.0,1.0,10.9744625
4,C_scene,heavy_pixel_noise,85,-0.5503049,0.0,0.0,0.0,17.89162
4,C_scene,heavy_pixel_noise,86,-0.3116737,0.0,0.0,0.0,9.165956
4,C_scene,heavy_pixel_noise,87,-0.02006854,0.0,0.0,1.0,2.079983
4,C_scene,heavy_pixel_noise,88,-0.22316134,0.0,0.0,1.0,8.03605
4,C_scene,heavy_pixel_noise,89,-0.25278327,0.0,0.0,1.0,7.223737
4,C_scene,heavy_pixel_noise,90,-0.3380348,0.0,0.0,1.0,6.6915607
4,C_scene,heavy_pixel_noise,91,-0.38883263,0.0,0.0,1.0,4.624201
4,C_scene,heavy_pixel_noise,92,-0.28614008,0.0,0.0,0.0,10.71162
4,C_scene,heavy_pixel_noise,93,-0.31742063,0.0,0.0,1.0,6.9814634
4,C_scene,heavy_pixel_noise,94,-0.23911299,0.0,0.0,1.0,8.988876
4,C_scene,heavy_pixel_noise,95,-0.16377021,1.0,0.1111111111111111,1.0,0.89949197
4,C_scene,heavy_pixel_noise,96,-0.1819324,0.0,0.0,1.0,2.6446652
4,C_scene,heavy_pixel_noise,97,-0.27704865,0.0,0.0,1.0,5.828402
4,C_scene,heavy_pixel_noise,98,-0.16213578,0.0,0.0,1.0,8.737087
4,C_scene,heavy_pixel_noise,99,-0.22070798,0.0,0.0,1.0,2.0410657
4,D_latent,in_distribution,0,-0.22320251,0.0,0.0,1.0,5.790682
4,D_latent,in_distribution,1,-0.2184935,0.0,0.0,1.0,6.362178
4,D_latent,in_distribution,2,-0.29908097,0.0,0.0,1.0,6.514547
4,D_latent,in_distribution,3,-0.25253478,0.0,0.0,1.0,6.7895737
4,D_latent,in_distribution,4,0.10301129,0.0,0.3111111111111111,1.0,1.9756379
4,D_latent,in_distribution,5,-0.30931404,0.0,0.0,1.0,3.7388606
4,D_latent,in_distribution,6,-0.015685882,0.0,0.17777777777777778,1.0,2.8009515
4,D_latent,in_distribution,7,-0.030575296,0.0,0.37777777777777777,1.0,1.946684
4,D_latent,in_distribution,8,-0.21657039,0.0,0.0,1.0,2.4342268
4,D_latent,in_distribution,9,-0.3253921,0.0,0.0,1.0,8.883052
4,D_latent,in_distribution,10,-0.23614217,0.0,0.0,1.0,5.9317145
4,D_latent,in_distribution,11,-0.4635657,0.0,0.0,1.0,10.546362
4,D_latent,in_distribution,12,-0.09715523,0.0,0.0,1.0,4.4848385
4,D_latent,in_distribution,13,-0.38864446,0.0,0.0,1.0,4.0212026
4,D_latent,in_distribution,14,-0.15878892,0.0,0.0,1.0,4.097208
4,D_latent,in_distribution,15,-0.2805533,0.0,0.0,1.0,3.5078065
4,D_latent,in_distribution,16,-0.19353949,0.0,0.0,1.0,6.731448
4,D_latent,in_distribution,17,-0.12978342,0.0,0.0,1.0,8.106438
4,D_latent,in_distribution,18,-0.24806589,0.0,0.0,1.0,6.011808
4,D_latent,in_distribution,19,-0.24201706,0.0,0.0,1.0,3.1586456
4,D_latent,in_distribution,20,-0.27059025,0.0,0.0,0.0,9.303282
4,D_latent,in_distribution,21,-0.08052807,0.0,0.1111111111111111,1.0,7.2981086
4,D_latent,in_distribution,22,-0.08361264,0.0,0.0,1.0,3.861301
4,D_latent,in_distribution,23,0.08921349,0.0,0.17777777777777778,1.0,2.403228
4,D_latent,in_distribution,24,-0.21625373,0.0,0.0,1.0,3.036233
4,D_latent,in_distribution,25,-0.4577885,0.0,0.0,0.0,15.312412
4,D_latent,in_distribution,26,-0.060534943,0.0,0.0,1.0,3.292652
4,D_latent,in_distribution,27,-0.14955187,0.0,0.0,1.0,5.032835
4,D_latent,in_distribution,28,-0.05502154,0.0,0.044444444444444446,1.0,4.2904787
4,D_latent,in_distribution,29,-0.3457454,0.0,0.0,1.0,12.159951
4,D_latent,in_distribution,30,-0.24252981,0.0,0.0,1.0,4.882759
4,D_latent,in_distribution,31,-0.2568078,0.0,0.0,0.0,7.1496477
4,D_latent,in_distribution,32,-0.28846553,0.0,0.0,1.0,4.1355677
4,D_latent,in_distribution,33,-0.25748083,0.0,0.0,1.0,7.389891
4,D_latent,in_distribution,34,-0.17019565,0.0,0.0,1.0,3.1492622
4,D_latent,in_distribution,35,-0.33990723,0.0,0.0,1.0,11.375409
4,D_latent,in_distribution,36,-0.17245422,0.0,0.0,1.0,5.361341
4,D_latent,in_distribution,37,-0.34801966,0.0,0.0,1.0,6.4511456
4,D_latent,in_distribution,38,-0.14692536,0.0,0.0,1.0,3.6688957
4,D_latent,in_distribution,39,-0.3378793,0.0,0.0,1.0,8.515006
4,D_latent,in_distribution,40,0.06599284,1.0,0.4666666666666667,1.0,1.4323423
4,D_latent,in_distribution,41,-0.06504948,0.0,0.0,1.0,3.0262587
4,D_latent,in_distribution,42,-0.0072003854,1.0,0.2,1.0,0.3505155
4,D_latent,in_distribution,43,-0.1873333,0.0,0.0,1.0,3.9178514
4,D_latent,in_distribution,44,-0.061446764,0.0,0.0,1.0,4.010259
4,D_latent,in_distribution,45,-0.20999473,0.0,0.0,1.0,4.36402
4,D_latent,in_distribution,46,-0.08728098,1.0,0.3333333333333333,1.0,1.4282206
4,D_latent,in_distribution,47,0.06829755,0.0,0.2222222222222222,1.0,4.5112505
4,D_latent,in_distribution,48,-0.023561645,0.0,0.35555555555555557,1.0,1.6057838
4,D_latent,in_distribution,49,-0.20609419,0.0,0.0,1.0,6.1465573
4,D_latent,in_distribution,50,-0.22579299,0.0,0.0,1.0,7.6761847
4,D_latent,in_distribution,51,-0.38003066,0.0,0.0,1.0,6.9850073
4,D_latent,in_distribution,52,-0.13579232,0.0,0.0,1.0,3.4758098
4,D_latent,in_distribution,53,-0.25981268,0.0,0.0,1.0,5.172223
4,D_latent,in_distribution,54,-0.013252443,0.0,0.0,1.0,3.448251
4,D_latent,in_distribution,55,-0.26713088,0.0,0.0,1.0,5.1575823
4,D_latent,in_distribution,56,0.051678717,0.0,0.24444444444444444,1.0,4.9528465
4,D_latent,in_distribution,57,-0.3858546,0.0,0.0,1.0,3.1595016
4,D_latent,in_distribution,58,-0.23636802,0.0,0.0,1.0,3.6213992
4,D_latent,in_distribution,59,-0.39612958,0.0,0.0,1.0,12.657914
4,D_latent,in_distribution,60,-0.38914922,0.0,0.0,1.0,7.0333495
4,D_latent,in_distribution,61,-0.2506318,0.0,0.0,1.0,8.108437
4,D_latent,in_distribution,62,-0.29199654,0.0,0.0,1.0,8.098188
4,D_latent,in_distribution,63,-0.18231694,0.0,0.0,1.0,5.46997
4,D_latent,in_distribution,64,-0.351734,0.0,0.0,1.0,7.8688293
4,D_latent,in_distribution,65,-0.06526426,0.0,0.0,1.0,5.1341915
4,D_latent,in_distribution,66,-0.17126057,0.0,0.1111111111111111,1.0,11.875734
4,D_latent,in_distribution,67,-0.023121813,0.0,0.13333333333333333,1.0,5.1418467
4,D_latent,in_distribution,68,-0.28068715,1.0,0.022222222222222223,1.0,1.4416418
4,D_latent,in_distribution,69,-0.020366972,0.0,0.2,1.0,2.4707854
4,D_latent,in_distribution,70,0.160276,1.0,0.5777777777777777,1.0,0.22672528
4,D_latent,in_distribution,71,-0.28808415,0.0,0.0,1.0,4.936034
4,D_latent,in_distribution,72,0.36297736,0.0,0.8444444444444444,1.0,1.6348286
4,D_latent,in_distribution,73,-0.0037115773,1.0,0.2222222222222222,1.0,0.15579024
4,D_latent,in_distribution,74,-0.08183364,0.0,0.2,1.0,2.566382
4,D_latent,in_distribution,75,-0.24187478,0.0,0.0,1.0,6.734976
4,D_latent,in_distribution,76,-0.16487066,0.0,0.0,1.0,4.019081
4,D_latent,in_distribution,77,-0.40171877,0.0,0.0,1.0,10.858969
4,D_latent,in_distribution,78,-0.054058176,0.0,0.0,1.0,2.7164047
4,D_latent,in_distribution,79,-0.027002944,1.0,0.17777777777777778,1.0,0.32509822
4,D_latent,in_distribution,80,-0.33964238,0.0,0.0,1.0,2.4387672
4,D_latent,in_distribution,81,-0.36891848,0.0,0.0,1.0,10.888107
4,D_latent,in_distribution,82,-0.238906,0.0,0.0,1.0,4.073766
4,D_latent,in_distribution,83,-0.24580036,1.0,0.1111111111111111,1.0,1.2380729
4,D_latent,in_distribution,84,-0.33347636,0.0,0.0,1.0,10.094852
4,D_latent,in_distribution,85,-0.3892178,0.0,0.0,1.0,4.9403515
4,D_latent,in_distribution,86,-0.2558331,0.0,0.0,1.0,7.4723444
4,D_latent,in_distribution,87,-0.2682229,0.0,0.0,1.0,7.758601
4,D_latent,in_distribution,88,-0.15498765,0.0,0.0,1.0,4.6234083
4,D_latent,in_distribution,89,-0.2343333,0.0,0.0,1.0,6.3070993
4,D_latent,in_distribution,90,-0.12517165,0.0,0.2,1.0,2.8199987
4,D_latent,in_distribution,91,-0.40197694,0.0,0.0,1.0,5.042087
4,D_latent,in_distribution,92,-0.17274038,0.0,0.0,1.0,3.6607049
4,D_latent,in_distribution,93,-0.34743422,0.0,0.0,1.0,10.731588
4,D_latent,in_distribution,94,-0.16786145,0.0,0.0,1.0,6.089503
4,D_latent,in_distribution,95,-0.09990569,1.0,0.06666666666666667,1.0,1.4839915
4,D_latent,in_distribution,96,-0.12503003,1.0,0.13333333333333333,1.0,1.4521495
4,D_latent,in_distribution,97,-0.14709635,0.0,0.0,1.0,1.7757406
4,D_latent,in_distribution,98,-0.13675405,0.0,0.0,1.0,4.1503406
4,D_latent,in_distribution,99,-0.09433134,0.0,0.13333333333333333,1.0,1.6910089
4,D_latent,4_distractors,0,-0.177578,0.0,0.0,1.0,4.6397834
4,D_latent,4_distractors,1,-0.21918042,0.0,0.0,1.0,6.716553
4,D_latent,4_distractors,2,-0.28414583,0.0,0.0,1.0,7.326937
4,D_latent,4_distractors,3,-0.25109378,0.0,0.0,1.0,6.5671506
4,D_latent,4_distractors,4,0.14547305,0.0,0.4444444444444444,1.0,2.3152294
4,D_latent,4_distractors,5,-0.32741174,0.0,0.0,1.0,4.5969553
4,D_latent,4_distractors,6,0.16055733,1.0,0.6444444444444445,1.0,1.2895255
4,D_latent,4_distractors,7,-0.01580982,1.0,0.4666666666666667,1.0,1.3826501
4,D_latent,4_distractors,8,-0.29567942,0.0,0.0,1.0,5.659933
4,D_latent,4_distractors,9,-0.33191532,0.0,0.0,1.0,7.4735126
4,D_latent,4_distractors,10,-0.23751536,0.0,0.0,1.0,5.1572165
4,D_latent,4_distractors,11,-0.57552594,0.0,0.0,0.0,16.236893
4,D_latent,4_distractors,12,-0.118510544,0.0,0.0,1.0,5.6524444
4,D_latent,4_distractors,13,-0.37916678,0.0,0.0,1.0,3.1886249
4,D_latent,4_distractors,14,-0.14450358,0.0,0.0,1.0,2.787301
4,D_latent,4_distractors,15,-0.2133009,0.0,0.0,1.0,1.6930029
4,D_latent,4_distractors,16,-0.2317023,0.0,0.0,1.0,7.3834553
4,D_latent,4_distractors,17,-0.1084346,0.0,0.0,1.0,7.148579
4,D_latent,4_distractors,18,-0.27415264,0.0,0.0,1.0,6.8430877
4,D_latent,4_distractors,19,-0.26735124,0.0,0.0,1.0,3.2697453
4,D_latent,4_distractors,20,-0.19690558,0.0,0.0,1.0,5.983169
4,D_latent,4_distractors,21,-0.05775457,0.0,0.13333333333333333,1.0,6.6691756
4,D_latent,4_distractors,22,-0.06502978,0.0,0.0,1.0,2.9289477
4,D_latent,4_distractors,23,-0.021595769,0.0,0.15555555555555556,1.0,5.3771877
4,D_latent,4_distractors,24,-0.1897875,0.0,0.0,1.0,2.6177263
4,D_latent,4_distractors,25,-0.5491377,0.0,0.0,0.0,19.185184
4,D_latent,4_distractors,26,-0.112483986,0.0,0.0,1.0,5.234373
4,D_latent,4_distractors,27,-0.17453894,0.0,0.0,1.0,7.004556
4,D_latent,4_distractors,28,-0.06609206,0.0,0.08888888888888889,1.0,5.805496
4,D_latent,4_distractors,29,-0.30837196,0.0,0.0,1.0,11.423826
4,D_latent,4_distractors,30,-0.2797526,0.0,0.0,1.0,5.4202423
4,D_latent,4_distractors,31,-0.25820765,0.0,0.0,0.0,7.640714
4,D_latent,4_distractors,32,-0.3088354,0.0,0.0,1.0,4.453641
4,D_latent,4_distractors,33,-0.23664393,0.0,0.0,1.0,7.3455753
4,D_latent,4_distractors,34,-0.1931019,0.0,0.0,1.0,2.8667107
4,D_latent,4_distractors,35,-0.3398653,0.0,0.0,1.0,11.425345
4,D_latent,4_distractors,36,-0.087852485,0.0,0.0,1.0,4.104781
4,D_latent,4_distractors,37,-0.33465302,0.0,0.0,1.0,5.6154094
4,D_latent,4_distractors,38,-0.16310638,0.0,0.0,1.0,4.0935874
4,D_latent,4_distractors,39,-0.3102764,0.0,0.0,1.0,7.0668483
4,D_latent,4_distractors,40,0.07240911,1.0,0.4888888888888889,1.0,1.2929232
4,D_latent,4_distractors,41,0.0053080604,0.0,0.17777777777777778,1.0,3.2862432
4,D_latent,4_distractors,42,-0.0227968,1.0,0.2,1.0,1.3296783
4,D_latent,4_distractors,43,-0.24036776,0.0,0.0,1.0,6.291877
4,D_latent,4_distractors,44,-0.05303741,0.0,0.0,1.0,2.121903
4,D_latent,4_distractors,45,-0.19971123,0.0,0.0,1.0,4.3977575
4,D_latent,4_distractors,46,-0.11981309,1.0,0.24444444444444444,1.0,1.2878764
4,D_latent,4_distractors,47,0.1021057,0.0,0.3111111111111111,1.0,4.6219153
4,D_latent,4_distractors,48,0.03763684,1.0,0.4666666666666667,1.0,0.6566048
4,D_latent,4_distractors,49,-0.19766527,0.0,0.0,1.0,5.6078234
4,D_latent,4_distractors,50,-0.21513844,0.0,0.0,1.0,6.5866585
4,D_latent,4_distractors,51,-0.38212612,0.0,0.0,1.0,5.706285
4,D_latent,4_distractors,52,-0.13375357,0.0,0.0,1.0,3.6436594
4,D_latent,4_distractors,53,-0.24154438,0.0,0.0,1.0,4.5492444
4,D_latent,4_distractors,54,-0.0056035984,0.0,0.0,1.0,3.3761253
4,D_latent,4_distractors,55,-0.24998133,0.0,0.0,1.0,4.4922414
4,D_latent,4_distractors,56,0.0010159346,0.0,0.2,1.0,5.783115
4,D_latent,4_distractors,57,-0.38136995,0.0,0.0,1.0,2.6873982
4,D_latent,4_distractors,58,-0.09512774,1.0,0.1111111111111111,1.0,0.36336514
4,D_latent,4_distractors,59,-0.41444615,0.0,0.0,0.0,13.95867
4,D_latent,4_distractors,60,-0.40122825,0.0,0.0,1.0,8.802301
4,D_latent,4_distractors,61,-0.26045373,0.0,0.0,1.0,8.750375
4,D_latent,4_distractors,62,-0.2845761,0.0,0.0,1.0,7.6087785
4,D_latent,4_distractors,63,-0.19364494,0.0,0.0,1.0,6.545218
4,D_latent,4_distractors,64,-0.37218457,0.0,0.0,1.0,9.359075
4,D_latent,4_distractors,65,-0.050087925,0.0,0.0,1.0,4.5619464
4,D_latent,4_distractors,66,-0.12526251,0.0,0.1111111111111111,1.0,10.039702
4,D_latent,4_distractors,67,-0.10016991,0.0,0.0,1.0,6.267511
4,D_latent,4_distractors,68,-0.3389695,0.0,0.0,1.0,3.3089044
4,D_latent,4_distractors,69,-0.04003891,0.0,0.15555555555555556,1.0,2.934083
4,D_latent,4_distractors,70,-0.059140272,0.0,0.0,1.0,3.2833254
4,D_latent,4_distractors,71,-0.3142639,0.0,0.0,1.0,5.5381546
4,D_latent,4_distractors,72,0.37644577,1.0,0.8444444444444444,1.0,1.0605046
4,D_latent,4_distractors,73,-0.079463966,1.0,0.1111111111111111,1.0,0.858942
4,D_latent,4_distractors,74,-0.062094968,0.0,0.24444444444444444,1.0,2.109481
4,D_latent,4_distractors,75,-0.2564967,0.0,0.0,1.0,6.9151525
4,D_latent,4_distractors,76,-0.12094234,0.0,0.0,1.0,2.5454974
4,D_latent,4_distractors,77,-0.41464365,0.0,0.0,1.0,11.902125
4,D_latent,4_distractors,78,-0.100713685,0.0,0.0,1.0,3.7081413
4,D_latent,4_distractors,79,-0.05057622,1.0,0.13333333333333333,1.0,0.8461525
4,D_latent,4_distractors,80,-0.35320875,0.0,0.0,1.0,3.3825521
4,D_latent,4_distractors,81,-0.37206188,0.0,0.0,1.0,10.636984
4,D_latent,4_distractors,82,-0.31696728,0.0,0.0,1.0,7.564794
4,D_latent,4_distractors,83,-0.24053715,0.0,0.0,1.0,1.6578072
4,D_latent,4_distractors,84,-0.36710706,0.0,0.0,1.0,11.293246
4,D_latent,4_distractors,85,-0.44579536,0.0,0.0,1.0,8.68227
4,D_latent,4_distractors,86,-0.25602973,0.0,0.0,1.0,7.344742
4,D_latent,4_distractors,87,-0.22473109,0.0,0.0,1.0,5.002425
4,D_latent,4_distractors,88,-0.16449259,0.0,0.0,1.0,4.326103
4,D_latent,4_distractors,89,-0.22295514,0.0,0.0,1.0,5.527567
4,D_latent,4_distractors,90,-0.15063716,0.0,0.15555555555555556,1.0,2.5728085
4,D_latent,4_distractors,91,-0.38976967,0.0,0.0,1.0,4.333487
4,D_latent,4_distractors,92,-0.25118896,0.0,0.0,1.0,4.641402
4,D_latent,4_distractors,93,-0.36277017,0.0,0.0,1.0,12.16267
4,D_latent,4_distractors,94,-0.16312525,0.0,0.0,1.0,5.663294
4,D_latent,4_distractors,95,-0.15252496,0.0,0.0,1.0,2.4983335
4,D_latent,4_distractors,96,-0.13722326,0.0,0.0,1.0,1.7508907
4,D_latent,4_distractors,97,-0.014970107,0.0,0.26666666666666666,1.0,1.8675241
4,D_latent,4_distractors,98,-0.13698176,0.0,0.0,1.0,3.67324
4,D_latent,4_distractors,99,-0.015032504,1.0,0.4,1.0,0.3612472
4,D_latent,fast_distractors,0,-0.22261955,0.0,0.0,1.0,5.713249
4,D_latent,fast_distractors,1,-0.21847494,0.0,0.0,1.0,6.3620367
4,D_latent,fast_distractors,2,-0.29555315,0.0,0.0,1.0,7.640211
4,D_latent,fast_distractors,3,-0.24742232,0.0,0.0,1.0,6.4406075
4,D_latent,fast_distractors,4,-0.035427466,0.0,0.0,1.0,3.2896667
4,D_latent,fast_distractors,5,-0.28131038,0.0,0.0,1.0,2.6597624
4,D_latent,fast_distractors,6,-0.00760262,0.0,0.15555555555555556,1.0,2.9803524
4,D_latent,fast_distractors,7,-0.020569615,0.0,0.4,1.0,1.7493536
4,D_latent,fast_distractors,8,-0.22301668,0.0,0.0,1.0,2.539468
4,D_latent,fast_distractors,9,-0.3133084,0.0,0.0,1.0,8.097348
4,D_latent,fast_distractors,10,-0.23506533,0.0,0.0,1.0,5.39187
4,D_latent,fast_distractors,11,-0.477538,0.0,0.0,0.0,10.701186
4,D_latent,fast_distractors,12,-0.11136886,0.0,0.0,1.0,5.3461537
4,D_latent,fast_distractors,13,-0.43783623,0.0,0.0,1.0,6.8216424
4,D_latent,fast_distractors,14,-0.18275954,0.0,0.0,1.0,4.549766
4,D_latent,fast_distractors,15,-0.25436524,0.0,0.0,1.0,2.4870727
4,D_latent,fast_distractors,16,-0.19317764,0.0,0.0,1.0,6.743321
4,D_latent,fast_distractors,17,-0.14374825,0.0,0.0,1.0,8.474544
4,D_latent,fast_distractors,18,-0.25740558,0.0,0.0,1.0,6.6490483
4,D_latent,fast_distractors,19,-0.24643694,0.0,0.0,1.0,2.8098347
4,D_latent,fast_distractors,20,-0.23228225,0.0,0.0,0.0,7.723002
4,D_latent,fast_distractors,21,-0.06485849,0.0,0.1111111111111111,1.0,6.8559394
4,D_latent,fast_distractors,22,-0.082484886,0.0,0.0,1.0,3.3317828
4,D_latent,fast_distractors,23,0.055910062,0.0,0.17777777777777778,1.0,3.1609163
4,D_latent,fast_distractors,24,-0.22465491,0.0,0.0,1.0,3.407822
4,D_latent,fast_distractors,25,-0.43917716,0.0,0.0,0.0,14.499618
4,D_latent,fast_distractors,26,-0.10471917,0.0,0.0,1.0,5.618572
4,D_latent,fast_distractors,27,-0.14113489,0.0,0.0,1.0,4.923033
4,D_latent,fast_distractors,28,-0.046307098,0.0,0.044444444444444446,1.0,4.623369
4,D_latent,fast_distractors,29,-0.31190702,0.0,0.0,1.0,11.329523
4,D_latent,fast_distractors,30,-0.30076265,0.0,0.0,1.0,7.927934
4,D_latent,fast_distractors,31,-0.24351455,0.0,0.0,0.0,6.8326917
4,D_latent,fast_distractors,32,-0.29627854,0.0,0.0,1.0,3.7700775
4,D_latent,fast_distractors,33,-0.26912108,0.0,0.0,1.0,8.82265
4,D_latent,fast_distractors,34,-0.12962121,0.0,0.0,1.0,3.2591848
4,D_latent,fast_distractors,35,-0.34074715,0.0,0.0,1.0,11.486648
4,D_latent,fast_distractors,36,-0.10907705,0.0,0.0,1.0,4.1846433
4,D_latent,fast_distractors,37,-0.33929676,0.0,0.0,1.0,5.971306
4,D_latent,fast_distractors,38,-0.16770194,0.0,0.0,1.0,3.8261921
4,D_latent,fast_distractors,39,-0.33369258,0.0,0.0,1.0,8.339291
4,D_latent,fast_distractors,40,0.054770295,1.0,0.4222222222222222,1.0,0.7068094
4,D_latent,fast_distractors,41,-0.07115408,0.0,0.0,1.0,3.921171
4,D_latent,fast_distractors,42,-0.058570098,0.0,0.0,1.0,1.6786112
4,D_latent,fast_distractors,43,-0.19948517,0.0,0.0,1.0,5.209915
4,D_latent,fast_distractors,44,-0.03958962,0.0,0.0,1.0,2.3229663
4,D_latent,fast_distractors,45,-0.23923749,0.0,0.0,1.0,5.7307777
4,D_latent,fast_distractors,46,-0.19028789,0.0,0.022222222222222223,1.0,1.6164625
4,D_latent,fast_distractors,47,0.06338212,0.0,0.2222222222222222,1.0,4.944761
4,D_latent,fast_distractors,48,-0.007704989,1.0,0.4,1.0,1.2412478
4,D_latent,fast_distractors,49,-0.20491846,0.0,0.0,1.0,6.0319457
4,D_latent,fast_distractors,50,-0.22588615,0.0,0.0,1.0,7.6477165
4,D_latent,fast_distractors,51,-0.37675226,0.0,0.0,1.0,6.7875724
4,D_latent,fast_distractors,52,-0.17339304,0.0,0.0,1.0,4.9548683
4,D_latent,fast_distractors,53,-0.25437745,0.0,0.0,1.0,4.837513
4,D_latent,fast_distractors,54,0.020343736,0.0,0.0,1.0,2.8176775
4,D_latent,fast_distractors,55,-0.25395474,0.0,0.0,1.0,4.8224363
4,D_latent,fast_distractors,56,0.042886704,0.0,0.24444444444444444,1.0,5.051979
4,D_latent,fast_distractors,57,-0.42022172,0.0,0.0,1.0,4.797605
4,D_latent,fast_distractors,58,-0.2424999,0.0,0.0,1.0,4.0138025
4,D_latent,fast_distractors,59,-0.40107197,0.0,0.0,1.0,13.196369
4,D_latent,fast_distractors,60,-0.3889158,0.0,0.0,1.0,7.062503
4,D_latent,fast_distractors,61,-0.25207376,0.0,0.0,1.0,8.178002
4,D_latent,fast_distractors,62,-0.2878582,0.0,0.0,1.0,7.846078
4,D_latent,fast_distractors,63,-0.18337987,0.0,0.0,1.0,5.5994167
4,D_latent,fast_distractors,64,-0.34506342,0.0,0.0,1.0,7.8782225
4,D_latent,fast_distractors,65,-0.06743235,0.0,0.0,1.0,4.982189
4,D_latent,fast_distractors,66,-0.1665907,0.0,0.1111111111111111,1.0,11.710414
4,D_latent,fast_distractors,67,-0.036186792,0.0,0.08888888888888889,1.0,4.748719
4,D_latent,fast_distractors,68,-0.28950065,0.0,0.0,1.0,1.8373313
4,D_latent,fast_distractors,69,-0.027192788,0.0,0.17777777777777778,1.0,2.5886168
4,D_latent,fast_distractors,70,0.17415847,1.0,0.6,1.0,0.22198832
4,D_latent,fast_distractors,71,-0.2867569,0.0,0.0,1.0,4.577098
4,D_latent,fast_distractors,72,0.39590243,1.0,0.8666666666666667,1.0,0.57557553
4,D_latent,fast_distractors,73,-0.010015967,1.0,0.2222222222222222,1.0,0.49467126
4,D_latent,fast_distractors,74,-0.052683745,0.0,0.28888888888888886,1.0,1.976821
4,D_latent,fast_distractors,75,-0.23561986,0.0,0.0,1.0,6.1892014
4,D_latent,fast_distractors,76,-0.17611909,0.0,0.0,1.0,4.9594545
4,D_latent,fast_distractors,77,-0.39842793,0.0,0.0,1.0,10.188564
4,D_latent,fast_distractors,78,-0.060937643,0.0,0.0,1.0,2.924476
4,D_latent,fast_distractors,79,-0.043538813,1.0,0.13333333333333333,1.0,0.54973066
4,D_latent,fast_distractors,80,-0.33340973,0.0,0.0,1.0,2.607009
4,D_latent,fast_distractors,81,-0.38004842,0.0,0.0,1.0,10.424073
4,D_latent,fast_distractors,82,-0.28930515,0.0,0.0,1.0,7.3338575
4,D_latent,fast_distractors,83,-0.30742243,0.0,0.0,1.0,2.4752936
4,D_latent,fast_distractors,84,-0.33531734,0.0,0.0,1.0,10.235657
4,D_latent,fast_distractors,85,-0.41590297,0.0,0.0,1.0,6.2175827
4,D_latent,fast_distractors,86,-0.26136497,0.0,0.0,1.0,7.863281
4,D_latent,fast_distractors,87,-0.23728944,0.0,0.0,1.0,6.647219
4,D_latent,fast_distractors,88,-0.141271,0.0,0.0,1.0,4.252474
4,D_latent,fast_distractors,89,-0.22810349,0.0,0.0,1.0,5.7922616
4,D_latent,fast_distractors,90,-0.18635884,0.0,0.06666666666666667,1.0,2.1044152
4,D_latent,fast_distractors,91,-0.3992146,0.0,0.0,1.0,5.003578
4,D_latent,fast_distractors,92,-0.19422184,0.0,0.0,1.0,4.112635
4,D_latent,fast_distractors,93,-0.34840485,0.0,0.0,1.0,10.741148
4,D_latent,fast_distractors,94,-0.17126855,0.0,0.0,1.0,6.0637126
4,D_latent,fast_distractors,95,-0.109355226,0.0,0.0,1.0,1.7788271
4,D_latent,fast_distractors,96,-0.14550507,0.0,0.0,1.0,1.8275783
4,D_latent,fast_distractors,97,-0.14611785,0.0,0.0,1.0,1.8987106
4,D_latent,fast_distractors,98,-0.1315029,0.0,0.0,1.0,3.9134312
4,D_latent,fast_distractors,99,-0.05072234,1.0,0.35555555555555557,1.0,1.4230862
4,D_latent,unseen_distractor_hues,0,-0.13197216,0.0,0.0,1.0,3.8396368
4,D_latent,unseen_distractor_hues,1,-0.20961675,0.0,0.0,1.0,5.741354
4,D_latent,unseen_distractor_hues,2,-0.28535894,0.0,0.0,1.0,6.008755
4,D_latent,unseen_distractor_hues,3,-0.23982978,0.0,0.0,1.0,6.1124334
4,D_latent,unseen_distractor_hues,4,-0.032419782,0.0,0.0,1.0,3.0708194
4,D_latent,unseen_distractor_hues,5,-0.2706696,0.0,0.0,1.0,2.5286596
4,D_latent,unseen_distractor_hues,6,0.0342025,0.0,0.13333333333333333,1.0,1.8738005
4,D_latent,unseen_distractor_hues,7,-0.037440833,0.0,0.37777777777777777,1.0,1.898153
4,D_latent,unseen_distractor_hues,8,-0.2177721,0.0,0.0,1.0,2.4032536
4,D_latent,unseen_distractor_hues,9,-0.31360286,0.0,0.0,1.0,8.204313
4,D_latent,unseen_distractor_hues,10,-0.22675464,0.0,0.0,1.0,5.0111628
4,D_latent,unseen_distractor_hues,11,-0.4151279,0.0,0.0,1.0,7.9604607
4,D_latent,unseen_distractor_hues,12,-0.20309263,0.0,0.0,1.0,8.16018
4,D_latent,unseen_distractor_hues,13,-0.37746158,0.0,0.0,1.0,3.1174524
4,D_latent,unseen_distractor_hues,14,-0.17847702,0.0,0.0,1.0,4.002993
4,D_latent,unseen_distractor_hues,15,-0.27499756,0.0,0.0,1.0,3.2295816
4,D_latent,unseen_distractor_hues,16,-0.19747332,0.0,0.0,1.0,7.532522
4,D_latent,unseen_distractor_hues,17,-0.12978148,0.0,0.0,1.0,7.6324725
4,D_latent,unseen_distractor_hues,18,-0.28804708,0.0,0.0,1.0,8.207272
4,D_latent,unseen_distractor_hues,19,-0.1597521,0.0,0.17777777777777778,1.0,2.1620657
4,D_latent,unseen_distractor_hues,20,-0.16898294,0.0,0.0,1.0,5.519218
4,D_latent,unseen_distractor_hues,21,-0.06472651,0.0,0.1111111111111111,1.0,6.8703723
4,D_latent,unseen_distractor_hues,22,-0.0664629,0.0,0.0,1.0,2.94993
4,D_latent,unseen_distractor_hues,23,-0.0010398352,0.0,0.15555555555555556,1.0,4.546861
4,D_latent,unseen_distractor_hues,24,-0.20736693,0.0,0.0,1.0,2.78048
4,D_latent,unseen_distractor_hues,25,-0.51541287,0.0,0.0,0.0,17.91935
4,D_latent,unseen_distractor_hues,26,-0.06647406,0.0,0.0,1.0,3.6326232
4,D_latent,unseen_distractor_hues,27,-0.152297,0.0,0.0,1.0,5.006661
4,D_latent,unseen_distractor_hues,28,-0.07265053,0.0,0.022222222222222223,1.0,4.9595113
4,D_latent,unseen_distractor_hues,29,-0.28523615,0.0,0.0,1.0,10.925543
4,D_latent,unseen_distractor_hues,30,-0.3043021,0.0,0.0,1.0,7.1937804
4,D_latent,unseen_distractor_hues,31,-0.28843984,0.0,0.0,0.0,8.882082
4,D_latent,unseen_distractor_hues,32,-0.3029338,0.0,0.0,1.0,4.2603016
4,D_latent,unseen_distractor_hues,33,-0.23306808,0.0,0.0,1.0,7.5768185
4,D_latent,unseen_distractor_hues,34,-0.11460738,0.0,0.0,1.0,4.043236
4,D_latent,unseen_distractor_hues,35,-0.34011486,0.0,0.0,1.0,11.353952
4,D_latent,unseen_distractor_hues,36,-0.09060962,0.0,0.0,1.0,4.033333
4,D_latent,unseen_distractor_hues,37,-0.33497867,0.0,0.0,1.0,5.8288264
4,D_latent,unseen_distractor_hues,38,-0.14985588,0.0,0.0,1.0,3.9296992
4,D_latent,unseen_distractor_hues,39,-0.30945858,0.0,0.0,1.0,7.0552535
4,D_latent,unseen_distractor_hues,40,-0.061830234,0.0,0.0,1.0,1.9060212
4,D_latent,unseen_distractor_hues,41,-0.05475644,0.0,0.0,1.0,2.734185
4,D_latent,unseen_distractor_hues,42,-0.05371533,1.0,0.15555555555555556,1.0,1.4076729
4,D_latent,unseen_distractor_hues,43,-0.14643039,0.0,0.0,1.0,3.1694486
4,D_latent,unseen_distractor_hues,44,-0.08097097,0.0,0.0,1.0,2.6647887
4,D_latent,unseen_distractor_hues,45,-0.16558626,0.0,0.0,1.0,4.1160836
4,D_latent,unseen_distractor_hues,46,-0.1857607,0.0,0.0,1.0,1.7549303
4,D_latent,unseen_distractor_hues,47,0.042680506,0.0,0.24444444444444444,1.0,6.3961926
4,D_latent,unseen_distractor_hues,48,-0.08436921,0.0,0.1111111111111111,1.0,3.1193333
4,D_latent,unseen_distractor_hues,49,-0.20306124,0.0,0.0,1.0,5.8690634
4,D_latent,unseen_distractor_hues,50,-0.2068639,0.0,0.0,1.0,7.0032573
4,D_latent,unseen_distractor_hues,51,-0.4012357,0.0,0.0,1.0,8.307295
4,D_latent,unseen_distractor_hues,52,-0.14542362,0.0,0.0,1.0,4.0902944
4,D_latent,unseen_distractor_hues,53,-0.27994135,0.0,0.0,1.0,5.6056523
4,D_latent,unseen_distractor_hues,54,0.0071678804,0.0,0.0,1.0,3.0331426
4,D_latent,unseen_distractor_hues,55,-0.25590357,0.0,0.0,1.0,4.6386127
4,D_latent,unseen_distractor_hues,56,0.048802774,0.0,0.2222222222222222,1.0,4.6662307
4,D_latent,unseen_distractor_hues,57,-0.3671668,0.0,0.0,1.0,2.5741212
4,D_latent,unseen_distractor_hues,58,-0.15088065,1.0,0.022222222222222223,1.0,1.4784535
4,D_latent,unseen_distractor_hues,59,-0.41749084,0.0,0.0,0.0,14.239406
4,D_latent,unseen_distractor_hues,60,-0.38977915,0.0,0.0,1.0,7.102164
4,D_latent,unseen_distractor_hues,61,-0.21023509,0.0,0.0,1.0,6.1860375
4,D_latent,unseen_distractor_hues,62,-0.29122394,0.0,0.0,1.0,8.258167
4,D_latent,unseen_distractor_hues,63,-0.21017647,0.0,0.0,1.0,8.18926
4,D_latent,unseen_distractor_hues,64,-0.39918777,0.0,0.0,1.0,10.850539
4,D_latent,unseen_distractor_hues,65,-0.043639712,0.0,0.0,1.0,4.5593805
4,D_latent,unseen_distractor_hues,66,-0.13938174,0.0,0.1111111111111111,1.0,10.417885
4,D_latent,unseen_distractor_hues,67,-0.028753348,0.0,0.15555555555555556,1.0,5.1946797
4,D_latent,unseen_distractor_hues,68,-0.35495946,0.0,0.0,1.0,4.0587316
4,D_latent,unseen_distractor_hues,69,-0.12507235,0.0,0.0,1.0,2.9056726
4,D_latent,unseen_distractor_hues,70,-0.0032204797,0.0,0.0,1.0,1.7747116
4,D_latent,unseen_distractor_hues,71,-0.29646465,0.0,0.0,1.0,4.5765133
4,D_latent,unseen_distractor_hues,72,0.23762317,0.0,0.5111111111111111,1.0,2.7492027
4,D_latent,unseen_distractor_hues,73,0.036597934,1.0,0.3111111111111111,1.0,0.86719656
4,D_latent,unseen_distractor_hues,74,-0.05570353,0.0,0.26666666666666666,1.0,2.2789454
4,D_latent,unseen_distractor_hues,75,-0.23615108,0.0,0.0,1.0,6.5154667
4,D_latent,unseen_distractor_hues,76,-0.057967033,0.0,0.0,1.0,1.8381228
4,D_latent,unseen_distractor_hues,77,-0.41195798,0.0,0.0,1.0,11.560758
4,D_latent,unseen_distractor_hues,78,-0.08912417,0.0,0.0,1.0,1.903881
4,D_latent,unseen_distractor_hues,79,-0.022567278,1.0,0.17777777777777778,1.0,0.52675605
4,D_latent,unseen_distractor_hues,80,-0.3425584,0.0,0.0,1.0,2.6918883
4,D_latent,unseen_distractor_hues,81,-0.37845343,0.0,0.0,1.0,10.442073
4,D_latent,unseen_distractor_hues,82,-0.27195278,0.0,0.0,1.0,5.603408
4,D_latent,unseen_distractor_hues,83,-0.22571939,1.0,0.17777777777777778,1.0,0.9275434
4,D_latent,unseen_distractor_hues,84,-0.33351153,0.0,0.0,1.0,10.026988
4,D_latent,unseen_distractor_hues,85,-0.44905952,0.0,0.0,1.0,9.006632
4,D_latent,unseen_distractor_hues,86,-0.2539054,0.0,0.0,1.0,7.573841
4,D_latent,unseen_distractor_hues,87,-0.32797644,0.0,0.0,1.0,10.584843
4,D_latent,unseen_distractor_hues,88,-0.12143344,0.0,0.0,1.0,4.273031
4,D_latent,unseen_distractor_hues,89,-0.22655371,0.0,0.0,1.0,5.8227916
4,D_latent,unseen_distractor_hues,90,-0.10544631,0.0,0.24444444444444444,1.0,2.7181616
4,D_latent,unseen_distractor_hues,91,-0.41390532,0.0,0.0,1.0,5.626195
4,D_latent,unseen_distractor_hues,92,-0.25528663,0.0,0.0,1.0,4.7575235
4,D_latent,unseen_distractor_hues,93,-0.33678505,0.0,0.0,1.0,9.231749
4,D_latent,unseen_distractor_hues,94,-0.16242854,0.0,0.0,1.0,5.7188888
4,D_latent,unseen_distractor_hues,95,-0.031621084,1.0,0.13333333333333333,1.0,0.9617151
4,D_latent,unseen_distractor_hues,96,-0.18648957,0.0,0.0,1.0,2.6231053
4,D_latent,unseen_distractor_hues,97,-0.16757312,0.0,0.0,1.0,2.272108
4,D_latent,unseen_distractor_hues,98,-0.15753534,0.0,0.0,1.0,4.6823683
4,D_latent,unseen_distractor_hues,99,0.017020578,1.0,0.4888888888888889,1.0,1.3251021
4,D_latent,heavy_pixel_noise,0,-0.24455929,0.0,0.0,0.0,7.526446
4,D_latent,heavy_pixel_noise,1,-0.23232992,0.0,0.0,1.0,7.510175
4,D_latent,heavy_pixel_noise,2,-0.36584494,0.0,0.0,1.0,11.816357
4,D_latent,heavy_pixel_noise,3,-0.19613421,0.0,0.0,1.0,3.258214
4,D_latent,heavy_pixel_noise,4,0.15866481,0.0,0.5777777777777777,1.0,1.6841446
4,D_latent,heavy_pixel_noise,5,-0.28493106,0.0,0.0,1.0,5.120573
4,D_latent,heavy_pixel_noise,6,-0.16820507,0.0,0.06666666666666667,1.0,5.798447
4,D_latent,heavy_pixel_noise,7,-0.008776089,1.0,0.4444444444444444,1.0,1.5068893
4,D_latent,heavy_pixel_noise,8,-0.42189255,0.0,0.0,0.0,11.567844
4,D_latent,heavy_pixel_noise,9,-0.3324965,0.0,0.0,1.0,10.106879
4,D_latent,heavy_pixel_noise,10,-0.280762,0.0,0.0,1.0,6.9468517
4,D_latent,heavy_pixel_noise,11,-0.4404413,0.0,0.0,1.0,7.9255533
4,D_latent,heavy_pixel_noise,12,-0.19152977,0.0,0.0,1.0,4.035648
4,D_latent,heavy_pixel_noise,13,-0.41041175,0.0,0.0,1.0,5.092482
4,D_latent,heavy_pixel_noise,14,-0.19275756,0.0,0.0,1.0,7.613804
4,D_latent,heavy_pixel_noise,15,-0.38536566,0.0,0.0,1.0,10.482965
4,D_latent,heavy_pixel_noise,16,-0.23176746,0.0,0.0,1.0,8.659916
4,D_latent,heavy_pixel_noise,17,-0.17111316,0.0,0.0,1.0,8.602072
4,D_latent,heavy_pixel_noise,18,-0.21940273,0.0,0.0,1.0,4.717173
4,D_latent,heavy_pixel_noise,19,-0.3199031,0.0,0.0,1.0,7.2448893
4,D_latent,heavy_pixel_noise,20,-0.24333447,0.0,0.0,0.0,8.453951
4,D_latent,heavy_pixel_noise,21,-0.0840576,0.0,0.1111111111111111,1.0,7.3090262
4,D_latent,heavy_pixel_noise,22,-0.06410191,0.0,0.0,1.0,5.3859754
4,D_latent,heavy_pixel_noise,23,0.006256173,0.0,0.13333333333333333,1.0,3.4317214
4,D_latent,heavy_pixel_noise,24,-0.054385398,1.0,0.1111111111111111,1.0,1.2121037
4,D_latent,heavy_pixel_noise,25,-0.0785709,1.0,0.13333333333333333,1.0,1.1129173
4,D_latent,heavy_pixel_noise,26,-0.08489287,0.0,0.0,1.0,4.7477183
4,D_latent,heavy_pixel_noise,27,-0.22517556,0.0,0.0,0.0,7.424965
4,D_latent,heavy_pixel_noise,28,-0.038921323,0.0,0.1111111111111111,1.0,5.329958
4,D_latent,heavy_pixel_noise,29,-0.28798756,0.0,0.0,1.0,9.899044
4,D_latent,heavy_pixel_noise,30,-0.2515352,0.0,0.0,1.0,5.07379
4,D_latent,heavy_pixel_noise,31,-0.3180438,0.0,0.0,0.0,9.564723
4,D_latent,heavy_pixel_noise,32,-0.25710323,0.0,0.08888888888888889,1.0,5.7226405
4,D_latent,heavy_pixel_noise,33,-0.28228602,0.0,0.0,1.0,8.228507
4,D_latent,heavy_pixel_noise,34,-0.10622004,0.0,0.08888888888888889,1.0,4.030745
4,D_latent,heavy_pixel_noise,35,0.03135625,0.0,0.15555555555555556,1.0,4.011311
4,D_latent,heavy_pixel_noise,36,-0.11085345,0.0,0.0,1.0,4.0379386
4,D_latent,heavy_pixel_noise,37,-0.34683752,0.0,0.0,1.0,5.619582
4,D_latent,heavy_pixel_noise,38,0.109323435,0.0,0.3333333333333333,1.0,1.820665
4,D_latent,heavy_pixel_noise,39,-0.3167535,0.0,0.0,1.0,7.107581
4,D_latent,heavy_pixel_noise,40,-0.15903075,0.0,0.0,1.0,3.6478183
4,D_latent,heavy_pixel_noise,41,-0.047480736,0.0,0.0,1.0,2.4386299
4,D_latent,heavy_pixel_noise,42,0.13557173,0.0,0.4222222222222222,1.0,1.8777462
4,D_latent,heavy_pixel_noise,43,-0.16075169,0.0,0.0,1.0,1.9248424
4,D_latent,heavy_pixel_noise,44,-0.22997922,0.0,0.0,1.0,6.650245
4,D_latent,heavy_pixel_noise,45,-0.22988075,0.0,0.044444444444444446,1.0,5.8325095
4,D_latent,heavy_pixel_noise,46,-0.19293156,1.0,0.08888888888888889,1.0,1.0918251
4,D_latent,heavy_pixel_noise,47,0.08680585,0.0,0.26666666666666666,1.0,2.4743578
4,D_latent,heavy_pixel_noise,48,0.021426246,1.0,0.4,1.0,0.71653503
4,D_latent,heavy_pixel_noise,49,-0.18519872,0.0,0.0,1.0,4.3314495
4,D_latent,heavy_pixel_noise,50,-0.204475,0.0,0.0,1.0,6.8070254
4,D_latent,heavy_pixel_noise,51,-0.3860512,0.0,0.0,1.0,6.3628135
4,D_latent,heavy_pixel_noise,52,-0.1560901,0.0,0.0,1.0,4.747868
4,D_latent,heavy_pixel_noise,53,-0.27780485,0.0,0.0,1.0,5.5692863
4,D_latent,heavy_pixel_noise,54,-0.058388732,0.0,0.0,1.0,3.8064382
4,D_latent,heavy_pixel_noise,55,-0.2688637,0.0,0.0,1.0,5.0172243
4,D_latent,heavy_pixel_noise,56,0.051731046,0.0,0.2,1.0,3.900962
4,D_latent,heavy_pixel_noise,57,-0.443165,0.0,0.0,1.0,7.0000677
4,D_latent,heavy_pixel_noise,58,-0.22064666,0.0,0.0,1.0,3.707824
4,D_latent,heavy_pixel_noise,59,-0.28850052,0.0,0.0,1.0,13.634274
4,D_latent,heavy_pixel_noise,60,-0.3855053,0.0,0.0,1.0,6.434128
4,D_latent,heavy_pixel_noise,61,-0.12611926,0.0,0.08888888888888889,1.0,10.030971
4,D_latent,heavy_pixel_noise,62,-0.28527126,0.0,0.0,0.0,8.7598
4,D_latent,heavy_pixel_noise,63,-0.2503625,0.0,0.0,1.0,9.203999
4,D_latent,heavy_pixel_noise,64,-0.3969099,0.0,0.0,1.0,6.7439647
4,D_latent,heavy_pixel_noise,65,-0.086806625,0.0,0.0,1.0,5.4373136
4,D_latent,heavy_pixel_noise,66,-0.25390467,0.0,0.06666666666666667,1.0,15.373701
4,D_latent,heavy_pixel_noise,67,-0.24550202,0.0,0.0,0.0,12.59989
4,D_latent,heavy_pixel_noise,68,-0.2820944,0.0,0.0,1.0,1.7940854
4,D_latent,heavy_pixel_noise,69,-0.13338482,0.0,0.0,1.0,2.9339085
4,D_latent,heavy_pixel_noise,70,-0.04324597,0.0,0.0,1.0,3.0477076
4,D_latent,heavy_pixel_noise,71,-0.22573511,0.0,0.044444444444444446,0.0,9.682413
4,D_latent,heavy_pixel_noise,72,-0.039505858,0.0,0.1111111111111111,1.0,2.9736612
4,D_latent,heavy_pixel_noise,73,-0.24044734,0.0,0.0,1.0,10.355327
4,D_latent,heavy_pixel_noise,74,-0.2725662,0.0,0.0,1.0,3.742145
4,D_latent,heavy_pixel_noise,75,-0.25861794,0.0,0.0,1.0,6.796595
4,D_latent,heavy_pixel_noise,76,-0.14977057,0.0,0.0,1.0,4.2671304
4,D_latent,heavy_pixel_noise,77,-0.46406826,0.0,0.0,1.0,12.745129
4,D_latent,heavy_pixel_noise,78,0.009279631,1.0,0.3111111111111111,1.0,0.9484341
4,D_latent,heavy_pixel_noise,79,-0.15970577,0.0,0.08888888888888889,1.0,11.290094
4,D_latent,heavy_pixel_noise,80,-0.37048078,0.0,0.0,1.0,4.6453214
4,D_latent,heavy_pixel_noise,81,-0.31239158,0.0,0.0,1.0,3.117918
4,D_latent,heavy_pixel_noise,82,-0.27488858,0.0,0.0,1.0,5.768022
4,D_latent,heavy_pixel_noise,83,-0.2434963,0.0,0.13333333333333333,1.0,5.1028204
4,D_latent,heavy_pixel_noise,84,-0.22463062,0.0,0.0,1.0,7.2079134
4,D_latent,heavy_pixel_noise,85,-0.37166426,0.0,0.0,1.0,6.63675
4,D_latent,heavy_pixel_noise,86,-0.31445572,0.0,0.0,1.0,11.317126
4,D_latent,heavy_pixel_noise,87,-0.39338776,0.0,0.0,1.0,14.132741
4,D_latent,heavy_pixel_noise,88,-0.1109576,0.0,0.0,1.0,12.538879
4,D_latent,heavy_pixel_noise,89,-0.25326815,0.0,0.0,1.0,8.126407
4,D_latent,heavy_pixel_noise,90,-0.28813007,0.0,0.0,1.0,4.0629377
4,D_latent,heavy_pixel_noise,91,-0.48038992,0.0,0.0,1.0,8.556552
4,D_latent,heavy_pixel_noise,92,-0.21395728,0.0,0.0,1.0,4.536754
4,D_latent,heavy_pixel_noise,93,-0.39403263,0.0,0.0,1.0,11.835864
4,D_latent,heavy_pixel_noise,94,-0.08732795,0.0,0.0,1.0,3.1151116
4,D_latent,heavy_pixel_noise,95,-0.27800506,0.0,0.0,1.0,6.3872175
4,D_latent,heavy_pixel_noise,96,-0.35793558,0.0,0.0,1.0,14.746355
4,D_latent,heavy_pixel_noise,97,-0.15800203,0.0,0.0,1.0,1.9146909
4,D_latent,heavy_pixel_noise,98,-0.11205956,0.0,0.0,1.0,3.1254575
4,D_latent,heavy_pixel_noise,99,-0.075854674,0.0,0.17777777777777778,1.0,1.8031809
-1,noop,any,0,-0.31482232,0.0,0.0,0.0,9.120925
-1,noop,any,1,-0.3963659,0.0,0.0,1.0,11.820874
-1,noop,any,2,-0.63119507,0.0,0.0,0.0,19.241497
-1,noop,any,3,-0.4245801,0.0,0.0,0.0,12.490006
-1,noop,any,4,-0.24663982,0.0,0.0,1.0,5.669431
-1,noop,any,5,-0.70842963,0.0,0.0,0.0,24.041319
-1,noop,any,6,-0.3275274,0.0,0.0,1.0,7.1961994
-1,noop,any,7,-0.66857606,0.0,0.0,0.0,20.784227
-1,noop,any,8,-0.5263282,0.0,0.0,1.0,15.820347
-1,noop,any,9,-0.49098325,0.0,0.0,0.0,13.934536
-1,noop,any,10,-0.68539333,0.0,0.0,0.0,23.69147
-1,noop,any,11,-0.6896397,0.0,0.0,0.0,21.714155
-1,noop,any,12,-0.22755717,0.0,0.0,1.0,9.701203
-1,noop,any,13,-0.76480025,0.0,0.0,0.0,24.229721
-1,noop,any,14,-0.38203862,0.0,0.0,0.0,11.820255
-1,noop,any,15,-0.68232733,0.0,0.0,0.0,22.166113
-1,noop,any,16,-0.25191683,0.0,0.0,1.0,8.310646
-1,noop,any,17,-0.15144114,0.0,0.0,1.0,5.4813795
-1,noop,any,18,-0.56632364,0.0,0.0,0.0,19.34802
-1,noop,any,19,-0.7222591,0.0,0.0,0.0,22.249348
-1,noop,any,20,-0.31872568,0.0,0.0,0.0,10.724997
-1,noop,any,21,-0.19269039,0.0,0.0,1.0,4.981112
-1,noop,any,22,-0.23145002,0.0,0.0,1.0,6.983537
-1,noop,any,23,0.13445064,1.0,0.4222222222222222,1.0,0.41462412
-1,noop,any,24,-0.3351924,0.0,0.0,1.0,8.9138155
-1,noop,any,25,-0.5670314,0.0,0.0,0.0,20.582556
-1,noop,any,26,-0.16826697,0.0,0.0,1.0,6.0581527
-1,noop,any,27,-0.146933,0.0,0.0,1.0,4.612025
-1,noop,any,28,-0.19904819,0.0,0.0,1.0,5.6950765
-1,noop,any,29,-0.47858265,0.0,0.0,1.0,17.103813
-1,noop,any,30,-0.6060616,0.0,0.0,1.0,19.999184
-1,noop,any,31,-0.45435447,0.0,0.0,0.0,14.2312565
-1,noop,any,32,-0.75065976,0.0,0.0,0.0,23.258307
-1,noop,any,33,-0.26120186,0.0,0.0,1.0,9.3269415
-1,noop,any,34,-0.53613806,0.0,0.0,0.0,16.020594
-1,noop,any,35,-0.3026871,0.0,0.0,1.0,11.173578
-1,noop,any,36,-0.24329922,0.0,0.0,1.0,7.5837026
-1,noop,any,37,-0.73438424,0.0,0.0,0.0,23.925207
-1,noop,any,38,-0.37749925,0.0,0.0,0.0,12.554045
-1,noop,any,39,-0.55374855,0.0,0.0,0.0,15.278799
-1,noop,any,40,-0.42502987,0.0,0.0,0.0,12.620045
-1,noop,any,41,-0.28181285,0.0,0.0,1.0,6.815431
-1,noop,any,42,-0.30021358,0.0,0.0,1.0,9.26941
-1,noop,any,43,-0.3655866,0.0,0.0,1.0,11.335819
-1,noop,any,44,-0.332374,0.0,0.0,0.0,7.0254817
-1,noop,any,45,-0.40227124,0.0,0.0,0.0,12.145408
-1,noop,any,46,-0.65090764,0.0,0.0,0.0,19.96069
-1,noop,any,47,-0.19696285,0.0,0.0,1.0,7.525062
-1,noop,any,48,-0.54304713,0.0,0.0,1.0,16.965132
-1,noop,any,49,-0.45629528,0.0,0.0,0.0,17.874489
-1,noop,any,50,-0.2648388,0.0,0.0,1.0,5.282587
-1,noop,any,51,-0.7180549,0.0,0.0,0.0,23.012104
-1,noop,any,52,-0.24304667,0.0,0.0,0.0,8.4171505
-1,noop,any,53,-0.51193494,0.0,0.0,1.0,15.087857
-1,noop,any,54,-0.16287103,0.0,0.0,1.0,5.131866
-1,noop,any,55,-0.5661013,0.0,0.0,0.0,17.491718
-1,noop,any,56,-0.0021822485,0.0,0.13333333333333333,1.0,5.1330934
-1,noop,any,57,-0.846038,0.0,0.0,0.0,27.476673
-1,noop,any,58,-0.4475437,0.0,0.0,0.0,16.497774
-1,noop,any,59,-0.53086907,0.0,0.0,0.0,18.968018
-1,noop,any,60,-0.7053029,0.0,0.0,0.0,19.611567
-1,noop,any,61,-0.3524667,0.0,0.0,0.0,12.197972
-1,noop,any,62,-0.519162,0.0,0.0,1.0,18.801458
-1,noop,any,63,-0.2981401,0.0,0.0,0.0,12.314563
-1,noop,any,64,-0.62261784,0.0,0.0,0.0,19.719
-1,noop,any,65,0.050958805,1.0,0.17777777777777778,1.0,1.334888
-1,noop,any,66,0.13083613,0.0,0.3111111111111111,1.0,3.0383668
-1,noop,any,67,-0.19955926,0.0,0.0,1.0,5.1660256
-1,noop,any,68,-0.80571663,0.0,0.0,0.0,24.052546
-1,noop,any,69,-0.39895546,0.0,0.0,0.0,12.456481
-1,noop,any,70,-0.32355836,0.0,0.0,1.0,9.442893
-1,noop,any,71,-0.6261608,0.0,0.0,0.0,19.20482
-1,noop,any,72,0.019592272,0.0,0.044444444444444446,1.0,4.4181514
-1,noop,any,73,-0.39982447,0.0,0.0,1.0,13.699726
-1,noop,any,74,-0.64268327,0.0,0.0,0.0,21.731401
-1,noop,any,75,-0.48157278,0.0,0.0,1.0,15.958485
-1,noop,any,76,-0.27674773,0.0,0.0,1.0,8.6063795
-1,noop,any,77,-0.6685439,0.0,0.0,0.0,21.920822
-1,noop,any,78,-0.45922634,0.0,0.0,1.0,15.179196
-1,noop,any,79,-0.27586883,0.0,0.0,1.0,8.18692
-1,noop,any,80,-0.71389645,0.0,0.0,0.0,22.869066
-1,noop,any,81,-0.5621022,0.0,0.0,1.0,16.167608
-1,noop,any,82,-0.501495,0.0,0.0,1.0,14.644065
-1,noop,any,83,-0.7963639,0.0,0.0,0.0,25.987783
-1,noop,any,84,-0.49457178,0.0,0.0,0.0,17.756454
-1,noop,any,85,-0.7177154,0.0,0.0,0.0,21.751402
-1,noop,any,86,-0.49727702,0.0,0.0,0.0,16.052387
-1,noop,any,87,-0.25662372,0.0,0.0,1.0,6.384335
-1,noop,any,88,-0.25618163,0.0,0.0,1.0,8.365694
-1,noop,any,89,-0.30020925,0.0,0.0,0.0,9.686922
-1,noop,any,90,-0.64726675,0.0,0.0,0.0,20.513847
-1,noop,any,91,-0.8234291,0.0,0.0,0.0,26.16894
-1,noop,any,92,-0.38871405,0.0,0.0,0.0,12.167784
-1,noop,any,93,-0.6095736,0.0,0.0,0.0,18.088121
-1,noop,any,94,-0.26136512,0.0,0.0,1.0,8.717292
-1,noop,any,95,-0.50664854,0.0,0.0,0.0,14.113201
-1,noop,any,96,-0.61819124,0.0,0.0,0.0,20.576567
-1,noop,any,97,-0.4294626,0.0,0.0,1.0,12.992406
-1,noop,any,98,-0.23726065,0.0,0.0,1.0,8.311289
-1,noop,any,99,-0.6293498,0.0,0.0,0.0,18.827784
-1,random,any,0,-0.29949275,0.0,0.0,0.0,9.9933195
-1,random,any,1,-0.36747032,0.0,0.0,0.0,12.015854
-1,random,any,2,-0.5344339,0.0,0.0,0.0,13.703596
-1,random,any,3,-0.46489784,0.0,0.0,0.0,13.585479
-1,random,any,4,-0.18903741,0.0,0.0,1.0,3.126771
-1,random,any,5,-0.73786044,0.0,0.0,0.0,25.63985
-1,random,any,6,-0.2911997,0.0,0.0,1.0,5.8193965
-1,random,any,7,-0.647975,0.0,0.0,0.0,20.112131
-1,random,any,8,-0.3846262,0.0,0.0,1.0,7.6118736
-1,random,any,9,-0.5849707,0.0,0.0,0.0,18.272717
-1,random,any,10,-0.6614536,0.0,0.0,0.0,22.230516
-1,random,any,11,-0.718161,0.0,0.0,1.0,24.315126
-1,random,any,12,-0.21899414,0.0,0.0,1.0,9.815074
-1,random,any,13,-0.78942937,0.0,0.0,0.0,24.025106
-1,random,any,14,-0.4096658,0.0,0.0,0.0,14.269948
-1,random,any,15,-0.6736752,0.0,0.0,0.0,21.977297
-1,random,any,16,-0.30458552,0.0,0.0,1.0,12.585026
-1,random,any,17,-0.1902283,0.0,0.0,1.0,7.53292
-1,random,any,18,-0.47163543,0.0,0.0,1.0,15.567408
-1,random,any,19,-0.856294,0.0,0.0,0.0,28.130922
-1,random,any,20,-0.36336082,0.0,0.0,0.0,11.041198
-1,random,any,21,-0.07452553,0.0,0.13333333333333333,1.0,3.972802
-1,random,any,22,-0.07448094,1.0,0.022222222222222223,1.0,1.4430361
-1,random,any,23,0.06466527,0.0,0.28888888888888886,1.0,2.2807858
-1,random,any,24,-0.39868778,0.0,0.0,1.0,12.634387
-1,random,any,25,-0.47934863,0.0,0.0,0.0,14.695416
-1,random,any,26,-0.2754374,0.0,0.0,0.0,10.258276
-1,random,any,27,-0.16674322,0.0,0.0,1.0,4.8649564
-1,random,any,28,-0.30540293,0.0,0.0,1.0,11.295728
-1,random,any,29,-0.50235426,0.0,0.0,0.0,16.724987
-1,random,any,30,-0.58197546,0.0,0.0,0.0,18.273922
-1,random,any,31,-0.47978058,0.0,0.0,0.0,19.56684
-1,random,any,32,-0.79986084,0.0,0.0,0.0,26.898983
-1,random,any,33,-0.3016577,0.0,0.0,0.0,11.843459
-1,random,any,34,-0.5724292,0.0,0.0,0.0,18.426542
-1,random,any,35,-0.21854515,0.0,0.0,1.0,6.0748587
-1,random,any,36,-0.3040457,0.0,0.0,0.0,12.011922
-1,random,any,37,-0.6592879,0.0,0.0,0.0,21.992916
-1,random,any,38,-0.32994184,0.0,0.0,1.0,11.0859995
-1,random,any,39,-0.5224926,0.0,0.0,0.0,13.527826
-1,random,any,40,-0.47524634,0.0,0.0,0.0,16.391304
-1,random,any,41,-0.31551427,0.0,0.0,1.0,7.5029554
-1,random,any,42,-0.3504821,0.0,0.0,1.0,11.65462
-1,random,any,43,-0.47532532,0.0,0.0,1.0,17.660652
-1,random,any,44,-0.35894626,0.0,0.0,0.0,8.63965
-1,random,any,45,-0.43364564,0.0,0.0,0.0,14.974455
-1,random,any,46,-0.77751213,0.0,0.0,0.0,27.553024
-1,random,any,47,-0.20233178,0.0,0.0,1.0,7.6511297
-1,random,any,48,-0.6089889,0.0,0.0,1.0,21.036978
-1,random,any,49,-0.40427378,0.0,0.0,0.0,15.518701
-1,random,any,50,-0.3366078,0.0,0.0,0.0,10.709923
-1,random,any,51,-0.74122196,0.0,0.0,0.0,23.581738
-1,random,any,52,-0.2359195,0.0,0.0,1.0,6.291885
-1,random,any,53,-0.500347,0.0,0.0,1.0,17.330065
-1,random,any,54,-0.11003366,0.0,0.0,1.0,2.2675908
-1,random,any,55,-0.6485513,0.0,0.0,0.0,21.787054
-1,random,any,56,-0.1406451,0.0,0.08888888888888889,1.0,12.448368
-1,random,any,57,-0.88012314,0.0,0.0,0.0,30.75303
-1,random,any,58,-0.5620489,0.0,0.0,0.0,21.219706
-1,random,any,59,-0.48042247,0.0,0.0,1.0,16.403465
-1,random,any,60,-0.6586307,0.0,0.0,0.0,14.489524
-1,random,any,61,-0.29763034,0.0,0.0,1.0,8.648644
-1,random,any,62,-0.63123006,0.0,0.0,0.0,24.20966
-1,random,any,63,-0.21345283,0.0,0.0,0.0,8.455128
-1,random,any,64,-0.51085365,0.0,0.0,1.0,13.26058
-1,random,any,65,-0.09031123,0.0,0.0,1.0,8.393971
-1,random,any,66,-0.11650788,0.0,0.0,1.0,6.560964
-1,random,any,67,-0.3409666,0.0,0.0,1.0,13.065504
-1,random,any,68,-0.74322855,0.0,0.0,0.0,19.537277
-1,random,any,69,-0.32482213,0.0,0.0,1.0,7.6052585
-1,random,any,70,-0.33346993,0.0,0.0,1.0,9.645996
-1,random,any,71,-0.633882,0.0,0.0,1.0,19.666939
-1,random,any,72,-0.18702005,0.0,0.044444444444444446,1.0,14.011591
-1,random,any,73,-0.3853345,0.0,0.0,1.0,9.096124
-1,random,any,74,-0.7005797,0.0,0.0,0.0,23.681124
-1,random,any,75,-0.49660084,0.0,0.0,0.0,17.600266
-1,random,any,76,-0.26887524,0.0,0.0,1.0,8.125305
-1,random,any,77,-0.58236957,0.0,0.0,0.0,16.514181
-1,random,any,78,-0.46460313,0.0,0.0,1.0,15.338918
-1,random,any,79,-0.36204582,0.0,0.0,0.0,12.962006
-1,random,any,80,-0.7209938,0.0,0.0,0.0,23.35039
-1,random,any,81,-0.69165134,0.0,0.0,1.0,22.23183
-1,random,any,82,-0.51365626,0.0,0.0,1.0,17.64582
-1,random,any,83,-0.8023816,0.0,0.0,0.0,25.719236
-1,random,any,84,-0.5188347,0.0,0.0,0.0,21.444355
-1,random,any,85,-0.62269014,0.0,0.0,0.0,15.772627
-1,random,any,86,-0.58271366,0.0,0.0,0.0,21.079584
-1,random,any,87,-0.24096288,0.0,0.0,1.0,6.4634056
-1,random,any,88,-0.11182619,0.0,0.0,1.0,3.0909543
-1,random,any,89,-0.14822963,0.0,0.0,1.0,2.704071
-1,random,any,90,-0.67083246,0.0,0.0,0.0,24.07986
-1,random,any,91,-0.8466058,0.0,0.0,0.0,28.109722
-1,random,any,92,-0.32118458,0.0,0.0,1.0,7.4818335
-1,random,any,93,-0.52446663,0.0,0.0,1.0,13.190489
-1,random,any,94,-0.32577989,0.0,0.0,1.0,12.566277
-1,random,any,95,-0.50732553,0.0,0.0,0.0,13.835708
-1,random,any,96,-0.5253773,0.0,0.0,0.0,15.196635
-1,random,any,97,-0.28731453,0.0,0.0,1.0,5.800902
-1,random,any,98,-0.3722101,0.0,0.0,0.0,16.586712
-1,random,any,99,-0.6253335,0.0,0.0,0.0,18.537287
-1,oracle,any,0,0.2736137,1.0,0.6888888888888889,1.0,0.013338572
-1,oracle,any,1,0.19568485,1.0,0.6,1.0,0.009337971
-1,oracle,any,2,0.0096470555,1.0,0.4444444444444444,1.0,0.022493575
-1,oracle,any,3,0.15399058,1.0,0.5555555555555556,1.0,0.012799102
-1,oracle,any,4,0.2836228,1.0,0.7111111111111111,1.0,0.009672232
-1,oracle,any,5,-0.03553263,1.0,0.4,1.0,0.005436888
-1,oracle,any,6,0.23177841,1.0,0.6666666666666666,1.0,0.018953096
-1,oracle,any,7,0.0392027,1.0,0.4888888888888889,1.0,0.019692905
-1,oracle,any,8,0.08623613,1.0,0.5111111111111111,1.0,0.01602181
-1,oracle,any,9,0.092075996,1.0,0.5111111111111111,1.0,0.02358597
-1,oracle,any,10,0.057906553,1.0,0.4888888888888889,1.0,0.010787037
-1,oracle,any,11,-0.085640036,1.0,0.35555555555555557,1.0,0.015450175
-1,oracle,any,12,0.4140916,1.0,0.8444444444444444,1.0,0.01935879
-1,oracle,any,13,-0.13832247,1.0,0.3333333333333333,1.0,0.0070212814
-1,oracle,any,14,0.19731547,1.0,0.6,1.0,0.01162231
-1,oracle,any,15,-0.06265041,1.0,0.37777777777777777,1.0,0.016511386
-1,oracle,any,16,0.34282342,1.0,0.7555555555555555,1.0,0.011509782
-1,oracle,any,17,0.36495808,1.0,0.8,1.0,0.017494608
-1,oracle,any,18,0.068440184,1.0,0.4666666666666667,1.0,0.010372986
-1,oracle,any,19,-0.024776714,1.0,0.4444444444444444,1.0,0.007971386
-1,oracle,any,20,0.263458,1.0,0.6444444444444445,1.0,0.012206122
-1,oracle,any,21,0.33972117,1.0,0.7555555555555555,1.0,0.032259926
-1,oracle,any,22,0.32519794,1.0,0.7333333333333333,1.0,0.026395556
-1,oracle,any,23,0.3701534,1.0,0.8,1.0,0.011260068
-1,oracle,any,24,0.25278586,1.0,0.6888888888888889,1.0,0.010124314
-1,oracle,any,25,0.13595295,1.0,0.5333333333333333,1.0,0.010968808
-1,oracle,any,26,0.38388473,1.0,0.8,1.0,0.030175215
-1,oracle,any,27,0.37292382,1.0,0.8,1.0,0.0073724687
-1,oracle,any,28,0.34284502,1.0,0.7777777777777778,1.0,0.02609453
-1,oracle,any,29,0.16048521,1.0,0.5333333333333333,1.0,0.019943645
-1,oracle,any,30,0.062282257,1.0,0.4888888888888889,1.0,0.013829708
-1,oracle,any,31,0.16152938,1.0,0.5555555555555556,1.0,0.025000896
-1,oracle,any,32,-0.037693247,1.0,0.4444444444444444,1.0,0.0045778793
-1,oracle,any,33,0.32812357,1.0,0.7333333333333333,1.0,0.017703988
-1,oracle,any,34,0.13452515,1.0,0.5777777777777777,1.0,0.017419847
-1,oracle,any,35,0.34726638,1.0,0.7333333333333333,1.0,0.0057293093
-1,oracle,any,36,0.32200986,1.0,0.7333333333333333,1.0,0.00853879
-1,oracle,any,37,-0.06750403,1.0,0.37777777777777777,1.0,0.0070397193
-1,oracle,any,38,0.22224608,1.0,0.6222222222222222,1.0,0.032911934
-1,oracle,any,39,0.035878554,1.0,0.4888888888888889,1.0,0.02928224
-1,oracle,any,40,0.1641507,1.0,0.5777777777777777,1.0,0.008531888
-1,oracle,any,41,0.25805104,1.0,0.6666666666666666,1.0,0.031317934
-1,oracle,any,42,0.28160733,1.0,0.6888888888888889,1.0,0.020226544
-1,oracle,any,43,0.21455163,1.0,0.6222222222222222,1.0,0.01328931
-1,oracle,any,44,0.18858704,1.0,0.6222222222222222,1.0,0.025181435
-1,oracle,any,45,0.18918252,1.0,0.6,1.0,0.0049980404
-1,oracle,any,46,0.011456594,1.0,0.4666666666666667,1.0,0.010788467
-1,oracle,any,47,0.37430632,1.0,0.8,1.0,0.019073252
-1,oracle,any,48,0.10928274,1.0,0.5333333333333333,1.0,0.012611993
-1,oracle,any,49,0.23936012,1.0,0.6222222222222222,1.0,0.020518802
-1,oracle,any,50,0.24090496,1.0,0.6666666666666666,1.0,0.009416014
-1,oracle,any,51,-0.09442869,1.0,0.35555555555555557,1.0,0.019621
-1,oracle,any,52,0.33129856,1.0,0.7333333333333333,1.0,0.012080451
-1,oracle,any,53,0.14282203,1.0,0.5777777777777777,1.0,0.03506068
-1,oracle,any,54,0.37534264,1.0,0.8,1.0,0.011061132
-1,oracle,any,55,0.042406507,1.0,0.4666666666666667,1.0,0.018880056
-1,oracle,any,56,0.479838,1.0,0.9555555555555556,1.0,0.019137638
-1,oracle,any,57,-0.18109141,1.0,0.28888888888888886,1.0,0.023023501
-1,oracle,any,58,0.1875671,1.0,0.5555555555555556,1.0,0.008887796
-1,oracle,any,59,0.12851658,1.0,0.5111111111111111,1.0,0.021055691
-1,oracle,any,60,-0.06684611,1.0,0.4222222222222222,1.0,0.03077415
-1,oracle,any,61,0.26043946,1.0,0.6444444444444445,1.0,0.012506638
-1,oracle,any,62,0.1130169,1.0,0.4888888888888889,1.0,0.02155233
-1,oracle,any,63,0.35188207,1.0,0.7333333333333333,1.0,0.018117428
-1,oracle,any,64,0.055302735,1.0,0.5111111111111111,1.0,0.010006615
-1,oracle,any,65,0.37532797,1.0,0.8,1.0,0.0068678637
-1,oracle,any,66,0.41358557,1.0,0.8666666666666667,1.0,0.010460727
-1,oracle,any,67,0.32436994,1.0,0.7333333333333333,1.0,0.019781182
-1,oracle,any,68,-0.097604625,1.0,0.4,1.0,0.0063641053
-1,oracle,any,69,0.219597,1.0,0.6222222222222222,1.0,0.031561274
-1,oracle,any,70,0.26721585,1.0,0.6888888888888889,1.0,0.018608462
-1,oracle,any,71,0.026183961,1.0,0.4666666666666667,1.0,0.020586135
-1,oracle,any,72,0.45659488,1.0,0.9111111111111111,1.0,0.0110372035
-1,oracle,any,73,0.2074451,1.0,0.6,1.0,0.01052936
-1,oracle,any,74,0.06803863,1.0,0.4888888888888889,1.0,0.012571141
-1,oracle,any,75,0.17795578,1.0,0.5777777777777777,1.0,0.0389402
-1,oracle,any,76,0.29843917,1.0,0.7111111111111111,1.0,0.019472986
-1,oracle,any,77,-0.032535665,1.0,0.4,1.0,0.021135064
-1,oracle,any,78,0.17472632,1.0,0.5777777777777777,1.0,0.01950537
-1,oracle,any,79,0.2810743,1.0,0.6888888888888889,1.0,0.02124274
-1,oracle,any,80,-0.10925709,1.0,0.3333333333333333,1.0,0.018841803
-1,oracle,any,81,0.047984347,1.0,0.4888888888888889,1.0,0.03432169
-1,oracle,any,82,0.09132967,1.0,0.5111111111111111,1.0,0.025482627
-1,oracle,any,83,-0.0960007,1.0,0.37777777777777777,1.0,0.019413788
-1,oracle,any,84,0.13343403,1.0,0.5111111111111111,1.0,0.004644928
-1,oracle,any,85,-0.0747253,1.0,0.4,1.0,0.013937826
-1,oracle,any,86,0.12565313,1.0,0.5333333333333333,1.0,0.022231322
-1,oracle,any,87,0.2842767,1.0,0.7111111111111111,1.0,0.024479229
-1,oracle,any,88,0.32694954,1.0,0.7333333333333333,1.0,0.005225929
-1,oracle,any,89,0.26874113,1.0,0.6666666666666666,1.0,0.00849876
-1,oracle,any,90,-0.01001831,1.0,0.4222222222222222,1.0,0.009244536
-1,oracle,any,91,-0.06667917,1.0,0.4222222222222222,1.0,0.0053709797
-1,oracle,any,92,0.20706715,1.0,0.6,1.0,0.0026783217
-1,oracle,any,93,0.06109759,1.0,0.5111111111111111,1.0,0.012187726
-1,oracle,any,94,0.3043349,1.0,0.7111111111111111,1.0,0.016525673
-1,oracle,any,95,0.1382032,1.0,0.5777777777777777,1.0,0.0054200105
-1,oracle,any,96,0.055109285,1.0,0.4666666666666667,1.0,0.026904477
-1,oracle,any,97,0.15434048,1.0,0.5555555555555556,1.0,0.013348262
-1,oracle,any,98,0.35860232,1.0,0.7777777777777778,1.0,0.011928432
-1,oracle,any,99,0.06612324,1.0,0.5333333333333333,1.0,0.02325331
