seed,arm,epoch,horizon,r2
0,A_recon,1,0,-0.08571946620941162
0,A_recon,1,1,-0.09829390048980713
0,A_recon,1,2,-0.1116640567779541
0,A_recon,1,3,-0.1257854700088501
0,A_recon,1,4,-0.1405019760131836
0,A_recon,1,5,-0.15559983253479004
0,A_recon,1,6,-0.17094147205352783
0,A_recon,1,7,-0.1863243579864502
0,A_recon,1,8,-0.20147860050201416
0,A_recon,1,9,-0.21637368202209473
0,A_recon,1,10,-0.23112571239471436
0,A_recon,1,11,-0.24556469917297363
0,A_recon,1,12,-0.25946736335754395
0,A_recon,1,13,-0.2728121280670166
0,A_recon,1,14,-0.285375714302063
0,A_recon,1,15,-0.29701244831085205
0,A_recon,5,0,-0.19605207443237305
0,A_recon,5,1,-0.18515229225158691
0,A_recon,5,2,-0.18043792247772217
0,A_recon,5,3,-0.18057799339294434
0,A_recon,5,4,-0.18431198596954346
0,A_recon,5,5,-0.19054138660430908
0,A_recon,5,6,-0.1988074779510498
0,A_recon,5,7,-0.2084810733795166
0,A_recon,5,8,-0.21888113021850586
0,A_recon,5,9,-0.22995734214782715
0,A_recon,5,10,-0.24172282218933105
0,A_recon,5,11,-0.2537919282913208
0,A_recon,5,12,-0.2658684253692627
0,A_recon,5,13,-0.2778860330581665
0,A_recon,5,14,-0.28944218158721924
0,A_recon,5,15,-0.30038928985595703
0,A_recon,10,0,0.08832383155822754
0,A_recon,10,1,0.09148681163787842
0,A_recon,10,2,0.08892369270324707
0,A_recon,10,3,0.08384287357330322
0,A_recon,10,4,0.0779944658279419
0,A_recon,10,5,0.06876087188720703
0,A_recon,10,6,0.05924743413925171
0,A_recon,10,7,0.050565898418426514
0,A_recon,10,8,0.04029589891433716
0,A_recon,10,9,0.03016960620880127
0,A_recon,10,10,0.02143150568008423
0,A_recon,10,11,0.011867165565490723
0,A_recon,10,12,0.0022350549697875977
0,A_recon,10,13,-0.005490541458129883
0,A_recon,10,14,-0.013959527015686035
0,A_recon,10,15,-0.021572351455688477
0,A_recon,15,0,0.11408418416976929
0,A_recon,15,1,0.10353827476501465
0,A_recon,15,2,0.09319943189620972
0,A_recon,15,3,0.08315354585647583
0,A_recon,15,4,0.073910653591156
0,A_recon,15,5,0.0635526180267334
0,A_recon,15,6,0.05321395397186279
0,A_recon,15,7,0.04393535852432251
0,A_recon,15,8,0.03431057929992676
0,A_recon,15,9,0.025148391723632812
0,A_recon,15,10,0.017199218273162842
0,A_recon,15,11,0.008057475090026855
0,A_recon,15,12,-0.0003616809844970703
0,A_recon,15,13,-0.007175326347351074
0,A_recon,15,14,-0.014568805694580078
0,A_recon,15,15,-0.020849108695983887
0,A_recon,20,0,0.16266196966171265
0,A_recon,20,1,0.15114575624465942
0,A_recon,20,2,0.1416308879852295
0,A_recon,20,3,0.1313101053237915
0,A_recon,20,4,0.12220931053161621
0,A_recon,20,5,0.11303114891052246
0,A_recon,20,6,0.10224872827529907
0,A_recon,20,7,0.09308362007141113
0,A_recon,20,8,0.0840570330619812
0,A_recon,20,9,0.07423144578933716
0,A_recon,20,10,0.06593108177185059
0,A_recon,20,11,0.056584835052490234
0,A_recon,20,12,0.0472525954246521
0,A_recon,20,13,0.03952169418334961
0,A_recon,20,14,0.03171259164810181
0,A_recon,20,15,0.024160802364349365
0,A_recon,25,0,0.10377347469329834
0,A_recon,25,1,0.08930188417434692
0,A_recon,25,2,0.07891404628753662
0,A_recon,25,3,0.06774061918258667
0,A_recon,25,4,0.05917149782180786
0,A_recon,25,5,0.050892770290374756
0,A_recon,25,6,0.040372610092163086
0,A_recon,25,7,0.03236764669418335
0,A_recon,25,8,0.02461719512939453
0,A_recon,25,9,0.015267729759216309
0,A_recon,25,10,0.008323907852172852
0,A_recon,25,11,0.000502169132232666
0,A_recon,25,12,-0.007900357246398926
0,A_recon,25,13,-0.013831138610839844
0,A_recon,25,14,-0.019990086555480957
0,A_recon,25,15,-0.02649664878845215
0,A_recon,30,0,0.1282082200050354
0,A_recon,30,1,0.11467742919921875
0,A_recon,30,2,0.10412806272506714
0,A_recon,30,3,0.09305137395858765
0,A_recon,30,4,0.08344042301177979
0,A_recon,30,5,0.07392412424087524
0,A_recon,30,6,0.06291598081588745
0,A_recon,30,7,0.05381476879119873
0,A_recon,30,8,0.044987380504608154
0,A_recon,30,9,0.0348474383354187
0,A_recon,30,10,0.02666085958480835
0,A_recon,30,11,0.017804265022277832
0,A_recon,30,12,0.008340835571289062
0,A_recon,30,13,0.0010527968406677246
0,A_recon,30,14,-0.006287574768066406
0,A_recon,30,15,-0.014133691787719727
0,A_recon,35,0,0.13075613975524902
0,A_recon,35,1,0.11662733554840088
0,A_recon,35,2,0.10557907819747925
0,A_recon,35,3,0.09325718879699707
0,A_recon,35,4,0.08199888467788696
0,A_recon,35,5,0.07207298278808594
0,A_recon,35,6,0.060087740421295166
0,A_recon,35,7,0.04991769790649414
0,A_recon,35,8,0.04117238521575928
0,A_recon,35,9,0.030675947666168213
0,A_recon,35,10,0.02201998233795166
0,A_recon,35,11,0.013972103595733643
0,A_recon,35,12,0.004935622215270996
0,A_recon,35,13,-0.0019441843032836914
0,A_recon,35,14,-0.007726192474365234
0,A_recon,35,15,-0.014695882797241211
0,A_recon,40,0,0.0740441083908081
0,A_recon,40,1,0.06199723482131958
0,A_recon,40,2,0.04993128776550293
0,A_recon,40,3,0.03646570444107056
0,A_recon,40,4,0.023967087268829346
0,A_recon,40,5,0.01254338026046753
0,A_recon,40,6,-0.0010097026824951172
0,A_recon,40,7,-0.01214301586151123
0,A_recon,40,8,-0.02162957191467285
0,A_recon,40,9,-0.033002614974975586
0,A_recon,40,10,-0.042108893394470215
0,A_recon,40,11,-0.05059957504272461
0,A_recon,40,12,-0.060489654541015625
0,A_recon,40,13,-0.06847548484802246
0,A_recon,40,14,-0.07550203800201416
0,A_recon,40,15,-0.0840609073638916
0,A_recon,45,0,0.06700724363327026
0,A_recon,45,1,0.056522488594055176
0,A_recon,45,2,0.043438494205474854
0,A_recon,45,3,0.02754610776901245
0,A_recon,45,4,0.014730691909790039
0,A_recon,45,5,0.0015763044357299805
0,A_recon,45,6,-0.014629840850830078
0,A_recon,45,7,-0.026330232620239258
0,A_recon,45,8,-0.03705883026123047
0,A_recon,45,9,-0.05037498474121094
0,A_recon,45,10,-0.06025266647338867
0,A_recon,45,11,-0.06948447227478027
0,A_recon,45,12,-0.08071184158325195
0,A_recon,45,13,-0.08945417404174805
0,A_recon,45,14,-0.09725475311279297
0,A_recon,45,15,-0.10686671733856201
0,A_recon,50,0,0.0778275728225708
0,A_recon,50,1,0.06506109237670898
0,A_recon,50,2,0.05048215389251709
0,A_recon,50,3,0.035072267055511475
0,A_recon,50,4,0.021019577980041504
0,A_recon,50,5,0.0060274600982666016
0,A_recon,50,6,-0.010575056076049805
0,A_recon,50,7,-0.024778246879577637
0,A_recon,50,8,-0.03819143772125244
0,A_recon,50,9,-0.05262255668640137
0,A_recon,50,10,-0.06545865535736084
0,A_recon,50,11,-0.07683050632476807
0,A_recon,50,12,-0.09016895294189453
0,A_recon,50,13,-0.10237932205200195
0,A_recon,50,14,-0.11260151863098145
0,A_recon,50,15,-0.12387728691101074
0,A_recon,55,0,0.0037551522254943848
0,A_recon,55,1,-0.010964751243591309
0,A_recon,55,2,-0.027023792266845703
0,A_recon,55,3,-0.043993353843688965
0,A_recon,55,4,-0.061121225357055664
0,A_recon,55,5,-0.07641875743865967
0,A_recon,55,6,-0.09357726573944092
0,A_recon,55,7,-0.10903358459472656
0,A_recon,55,8,-0.12109506130218506
0,A_recon,55,9,-0.13624274730682373
0,A_recon,55,10,-0.15012669563293457
0,A_recon,55,11,-0.16134703159332275
0,A_recon,55,12,-0.17626583576202393
0,A_recon,55,13,-0.18899083137512207
0,A_recon,55,14,-0.1969853639602661
0,A_recon,55,15,-0.2094120979309082
0,A_recon,60,0,-0.055209994316101074
0,A_recon,60,1,-0.07310831546783447
0,A_recon,60,2,-0.09057319164276123
0,A_recon,60,3,-0.11125814914703369
0,A_recon,60,4,-0.13172972202301025
0,A_recon,60,5,-0.1504991054534912
0,A_recon,60,6,-0.17302727699279785
0,A_recon,60,7,-0.19455420970916748
0,A_recon,60,8,-0.21350228786468506
0,A_recon,60,9,-0.23543977737426758
0,A_recon,60,10,-0.2560093402862549
0,A_recon,60,11,-0.27327442169189453
0,A_recon,60,12,-0.2921624183654785
0,A_recon,60,13,-0.3099912405014038
0,A_recon,60,14,-0.3226064443588257
0,A_recon,60,15,-0.33766698837280273
0,A_recon,65,0,-0.015479683876037598
0,A_recon,65,1,-0.03681647777557373
0,A_recon,65,2,-0.05545496940612793
0,A_recon,65,3,-0.07317245006561279
0,A_recon,65,4,-0.09180700778961182
0,A_recon,65,5,-0.10869467258453369
0,A_recon,65,6,-0.12662434577941895
0,A_recon,65,7,-0.14412498474121094
0,A_recon,65,8,-0.15899121761322021
0,A_recon,65,9,-0.17535364627838135
0,A_recon,65,10,-0.19173932075500488
0,A_recon,65,11,-0.20661473274230957
0,A_recon,65,12,-0.22162330150604248
0,A_recon,65,13,-0.23693251609802246
0,A_recon,65,14,-0.24822556972503662
0,A_recon,65,15,-0.26104986667633057
0,A_recon,70,0,-0.06337368488311768
0,A_recon,70,1,-0.08585810661315918
0,A_recon,70,2,-0.10316431522369385
0,A_recon,70,3,-0.11967527866363525
0,A_recon,70,4,-0.13788115978240967
0,A_recon,70,5,-0.15457630157470703
0,A_recon,70,6,-0.17277491092681885
0,A_recon,70,7,-0.19176363945007324
0,A_recon,70,8,-0.20891225337982178
0,A_recon,70,9,-0.2270219326019287
0,A_recon,70,10,-0.24561190605163574
0,A_recon,70,11,-0.262245774269104
0,A_recon,70,12,-0.27978622913360596
0,A_recon,70,13,-0.29755401611328125
0,A_recon,70,14,-0.31070566177368164
0,A_recon,70,15,-0.324901819229126
0,A_recon,75,0,-0.026142477989196777
0,A_recon,75,1,-0.04664576053619385
0,A_recon,75,2,-0.06116652488708496
0,A_recon,75,3,-0.07737851142883301
0,A_recon,75,4,-0.09513187408447266
0,A_recon,75,5,-0.11002421379089355
0,A_recon,75,6,-0.12676429748535156
0,A_recon,75,7,-0.14380121231079102
0,A_recon,75,8,-0.15790331363677979
0,A_recon,75,9,-0.1731940507888794
0,A_recon,75,10,-0.18971943855285645
0,A_recon,75,11,-0.20314598083496094
0,A_recon,75,12,-0.21740365028381348
0,A_recon,75,13,-0.23256385326385498
0,A_recon,75,14,-0.24362778663635254
0,A_recon,75,15,-0.25496459007263184
0,A_recon,80,0,-0.034007906913757324
0,A_recon,80,1,-0.05146598815917969
0,A_recon,80,2,-0.0632399320602417
0,A_recon,80,3,-0.07864177227020264
0,A_recon,80,4,-0.0960005521774292
0,A_recon,80,5,-0.11023402214050293
0,A_recon,80,6,-0.12698495388031006
0,A_recon,80,7,-0.14319026470184326
0,A_recon,80,8,-0.15776896476745605
0,A_recon,80,9,-0.17313385009765625
0,A_recon,80,10,-0.1882869005203247
0,A_recon,80,11,-0.2015974521636963
0,A_recon,80,12,-0.21532940864562988
0,A_recon,80,13,-0.22804629802703857
0,A_recon,80,14,-0.23818373680114746
0,A_recon,80,15,-0.24885928630828857
0,A_recon,85,0,0.02575504779815674
0,A_recon,85,1,-5.257129669189453e-05
0,A_recon,85,2,-0.01667642593383789
0,A_recon,85,3,-0.03302276134490967
0,A_recon,85,4,-0.05177748203277588
0,A_recon,85,5,-0.0697932243347168
0,A_recon,85,6,-0.08892583847045898
0,A_recon,85,7,-0.10886645317077637
0,A_recon,85,8,-0.1278775930404663
0,A_recon,85,9,-0.14656484127044678
0,A_recon,85,10,-0.16543710231781006
0,A_recon,85,11,-0.18101298809051514
0,A_recon,85,12,-0.19627809524536133
0,A_recon,85,13,-0.21323728561401367
0,A_recon,85,14,-0.22520065307617188
0,A_recon,85,15,-0.23715555667877197
0,A_recon,90,0,-0.0451890230178833
0,A_recon,90,1,-0.07056498527526855
0,A_recon,90,2,-0.08682239055633545
0,A_recon,90,3,-0.10563278198242188
0,A_recon,90,4,-0.12353193759918213
0,A_recon,90,5,-0.1405773162841797
0,A_recon,90,6,-0.16075491905212402
0,A_recon,90,7,-0.1783123016357422
0,A_recon,90,8,-0.19562888145446777
0,A_recon,90,9,-0.21380329132080078
0,A_recon,90,10,-0.23036575317382812
0,A_recon,90,11,-0.24600374698638916
0,A_recon,90,12,-0.2618420124053955
0,A_recon,90,13,-0.27541518211364746
0,A_recon,90,14,-0.28820371627807617
0,A_recon,90,15,-0.30155253410339355
0,A_recon,95,0,-0.018977761268615723
0,A_recon,95,1,-0.03902435302734375
0,A_recon,95,2,-0.05300092697143555
0,A_recon,95,3,-0.07004857063293457
0,A_recon,95,4,-0.08729863166809082
0,A_recon,95,5,-0.10410487651824951
0,A_recon,95,6,-0.12305450439453125
0,A_recon,95,7,-0.14001965522766113
0,A_recon,95,8,-0.15687787532806396
0,A_recon,95,9,-0.17465674877166748
0,A_recon,95,10,-0.19062328338623047
0,A_recon,95,11,-0.20624089241027832
0,A_recon,95,12,-0.22175252437591553
0,A_recon,95,13,-0.23447954654693604
0,A_recon,95,14,-0.2470008134841919
0,A_recon,95,15,-0.2593334913253784
0,A_recon,100,0,-0.04355430603027344
0,A_recon,100,1,-0.062220096588134766
0,A_recon,100,2,-0.07707428932189941
0,A_recon,100,3,-0.09622383117675781
0,A_recon,100,4,-0.11513686180114746
0,A_recon,100,5,-0.13446879386901855
0,A_recon,100,6,-0.15605080127716064
0,A_recon,100,7,-0.17475128173828125
0,A_recon,100,8,-0.19405901432037354
0,A_recon,100,9,-0.21441113948822021
0,A_recon,100,10,-0.23208940029144287
0,A_recon,100,11,-0.24966132640838623
0,A_recon,100,12,-0.2678917646408081
0,A_recon,100,13,-0.28193604946136475
0,A_recon,100,14,-0.2967017889022827
0,A_recon,100,15,-0.3114079236984253
0,A_recon,105,0,-0.04464161396026611
0,A_recon,105,1,-0.06229424476623535
0,A_recon,105,2,-0.0792313814163208
0,A_recon,105,3,-0.09944260120391846
0,A_recon,105,4,-0.11918807029724121
0,A_recon,105,5,-0.13986313343048096
0,A_recon,105,6,-0.16182124614715576
0,A_recon,105,7,-0.18161475658416748
0,A_recon,105,8,-0.2027074098587036
0,A_recon,105,9,-0.22448062896728516
0,A_recon,105,10,-0.24432504177093506
0,A_recon,105,11,-0.26455581188201904
0,A_recon,105,12,-0.2847588062286377
0,A_recon,105,13,-0.3015618324279785
0,A_recon,105,14,-0.31859564781188965
0,A_recon,105,15,-0.3338327407836914
0,A_recon,110,0,-0.03897368907928467
0,A_recon,110,1,-0.054392218589782715
0,A_recon,110,2,-0.06827676296234131
0,A_recon,110,3,-0.08692598342895508
0,A_recon,110,4,-0.10471785068511963
0,A_recon,110,5,-0.12425351142883301
0,A_recon,110,6,-0.14507031440734863
0,A_recon,110,7,-0.16316545009613037
0,A_recon,110,8,-0.18211257457733154
0,A_recon,110,9,-0.20153522491455078
0,A_recon,110,10,-0.2188572883605957
0,A_recon,110,11,-0.23677515983581543
0,A_recon,110,12,-0.2554861307144165
0,A_recon,110,13,-0.2708510160446167
0,A_recon,110,14,-0.2867929935455322
0,A_recon,110,15,-0.3018425703048706
0,A_recon,115,0,-0.028157949447631836
0,A_recon,115,1,-0.04489290714263916
0,A_recon,115,2,-0.058066487312316895
0,A_recon,115,3,-0.07522177696228027
0,A_recon,115,4,-0.0921638011932373
0,A_recon,115,5,-0.1102910041809082
0,A_recon,115,6,-0.1299062967300415
0,A_recon,115,7,-0.14739525318145752
0,A_recon,115,8,-0.16496121883392334
0,A_recon,115,9,-0.18399322032928467
0,A_recon,115,10,-0.2008044719696045
0,A_recon,115,11,-0.217337965965271
0,A_recon,115,12,-0.23527014255523682
0,A_recon,115,13,-0.249497652053833
0,A_recon,115,14,-0.2639390230178833
0,A_recon,115,15,-0.277992844581604
0,A_recon,120,0,-0.05719888210296631
0,A_recon,120,1,-0.07465708255767822
0,A_recon,120,2,-0.08765363693237305
0,A_recon,120,3,-0.10410666465759277
0,A_recon,120,4,-0.12103760242462158
0,A_recon,120,5,-0.13865041732788086
0,A_recon,120,6,-0.1576746702194214
0,A_recon,120,7,-0.1740814447402954
0,A_recon,120,8,-0.18991577625274658
0,A_recon,120,9,-0.20652365684509277
0,A_recon,120,10,-0.22148191928863525
0,A_recon,120,11,-0.23653149604797363
0,A_recon,120,12,-0.2533501386642456
0,A_recon,120,13,-0.2670401334762573
0,A_recon,120,14,-0.28186821937561035
0,A_recon,120,15,-0.2970961332321167
0,B_task,1,0,-0.08616411685943604
0,B_task,1,1,-0.09875690937042236
0,B_task,1,2,-0.11213827133178711
0,B_task,1,3,-0.1262650489807129
0,B_task,1,4,-0.14098668098449707
0,B_task,1,5,-0.15608131885528564
0,B_task,1,6,-0.17141664028167725
0,B_task,1,7,-0.1867905855178833
0,B_task,1,8,-0.20193123817443848
0,B_task,1,9,-0.21681296825408936
0,B_task,1,10,-0.23154175281524658
0,B_task,1,11,-0.2459620237350464
0,B_task,1,12,-0.25984013080596924
0,B_task,1,13,-0.273160457611084
0,B_task,1,14,-0.28569507598876953
0,B_task,1,15,-0.2973048686981201
0,B_task,5,0,-0.19483351707458496
0,B_task,5,1,-0.18392407894134521
0,B_task,5,2,-0.1793283224105835
0,B_task,5,3,-0.17964446544647217
0,B_task,5,4,-0.18358564376831055
0,B_task,5,5,-0.1900343894958496
0,B_task,5,6,-0.19851672649383545
0,B_task,5,7,-0.2083951234817505
0,B_task,5,8,-0.21898698806762695
0,B_task,5,9,-0.2302337884902954
0,B_task,5,10,-0.24215304851531982
0,B_task,5,11,-0.25436556339263916
0,B_task,5,12,-0.26656365394592285
0,B_task,5,13,-0.27868783473968506
0,B_task,5,14,-0.2903388738632202
0,B_task,5,15,-0.30136096477508545
0,B_task,10,0,0.08700716495513916
0,B_task,10,1,0.0922919511795044
0,B_task,10,2,0.08892720937728882
0,B_task,10,3,0.08279716968536377
0,B_task,10,4,0.0758247971534729
0,B_task,10,5,0.0654875636100769
0,B_task,10,6,0.055191099643707275
0,B_task,10,7,0.045764386653900146
0,B_task,10,8,0.03539985418319702
0,B_task,10,9,0.025285661220550537
0,B_task,10,10,0.015893995761871338
0,B_task,10,11,0.006302297115325928
0,B_task,10,12,-0.003315448760986328
0,B_task,10,13,-0.011685967445373535
0,B_task,10,14,-0.020297884941101074
0,B_task,10,15,-0.02800154685974121
0,B_task,15,0,0.11914467811584473
0,B_task,15,1,0.10909545421600342
0,B_task,15,2,0.09797567129135132
0,B_task,15,3,0.0863458514213562
0,B_task,15,4,0.0766439437866211
0,B_task,15,5,0.06564867496490479
0,B_task,15,6,0.05403059720993042
0,B_task,15,7,0.04470193386077881
0,B_task,15,8,0.03481435775756836
0,B_task,15,9,0.024762511253356934
0,B_task,15,10,0.01681232452392578
0,B_task,15,11,0.007605195045471191
0,B_task,15,12,-0.0013811588287353516
0,B_task,15,13,-0.008098959922790527
0,B_task,15,14,-0.01526498794555664
0,B_task,15,15,-0.022113919258117676
0,B_task,20,0,0.14398270845413208
0,B_task,20,1,0.13353699445724487
0,B_task,20,2,0.12372583150863647
0,B_task,20,3,0.11282432079315186
0,B_task,20,4,0.10388362407684326
0,B_task,20,5,0.09446275234222412
0,B_task,20,6,0.083182692527771
0,B_task,20,7,0.07447659969329834
0,B_task,20,8,0.06551319360733032
0,B_task,20,9,0.05541229248046875
0,B_task,20,10,0.04752004146575928
0,B_task,20,11,0.03812295198440552
0,B_task,20,12,0.028816640377044678
0,B_task,20,13,0.02153247594833374
0,B_task,20,14,0.013991951942443848
0,B_task,20,15,0.006395518779754639
0,B_task,25,0,0.10343027114868164
0,B_task,25,1,0.09457153081893921
0,B_task,25,2,0.0851130485534668
0,B_task,25,3,0.07409107685089111
0,B_task,25,4,0.06579440832138062
0,B_task,25,5,0.05640155076980591
0,B_task,25,6,0.045376479625701904
0,B_task,25,7,0.03781217336654663
0,B_task,25,8,0.029257476329803467
0,B_task,25,9,0.019494593143463135
0,B_task,25,10,0.012679457664489746
0,B_task,25,11,0.004160463809967041
0,B_task,25,12,-0.004518866539001465
0,B_task,25,13,-0.010276079177856445
0,B_task,25,14,-0.01686704158782959
0,B_task,25,15,-0.023545503616333008
0,B_task,30,0,0.11181408166885376
0,B_task,30,1,0.10435891151428223
0,B_task,30,2,0.09534138441085815
0,B_task,30,3,0.08392447233200073
0,B_task,30,4,0.07537835836410522
0,B_task,30,5,0.06534671783447266
0,B_task,30,6,0.05362117290496826
0,B_task,30,7,0.04575228691101074
0,B_task,30,8,0.036771416664123535
0,B_task,30,9,0.02661079168319702
0,B_task,30,10,0.019637346267700195
0,B_task,30,11,0.010666608810424805
0,B_task,30,12,0.0015726089477539062
0,B_task,30,13,-0.00455164909362793
0,B_task,30,14,-0.011450052261352539
0,B_task,30,15,-0.01863992214202881
0,B_task,35,0,0.13890886306762695
0,B_task,35,1,0.13180911540985107
0,B_task,35,2,0.12268108129501343
0,B_task,35,3,0.11093080043792725
0,B_task,35,4,0.10242211818695068
0,B_task,35,5,0.09260642528533936
0,B_task,35,6,0.08073240518569946
0,B_task,35,7,0.07308101654052734
0,B_task,35,8,0.06402754783630371
0,B_task,35,9,0.05316823720932007
0,B_task,35,10,0.04610830545425415
0,B_task,35,11,0.03660380840301514
0,B_task,35,12,0.026598632335662842
0,B_task,35,13,0.020324766635894775
0,B_task,35,14,0.012913644313812256
0,B_task,35,15,0.004760265350341797
0,B_task,40,0,0.1327366828918457
0,B_task,40,1,0.12430262565612793
0,B_task,40,2,0.11581653356552124
0,B_task,40,3,0.10519319772720337
0,B_task,40,4,0.09536188840866089
0,B_task,40,5,0.08628076314926147
0,B_task,40,6,0.0752221941947937
0,B_task,40,7,0.0664181113243103
0,B_task,40,8,0.057881712913513184
0,B_task,40,9,0.047429025173187256
0,B_task,40,10,0.03875172138214111
0,B_task,40,11,0.02905040979385376
0,B_task,40,12,0.018618762493133545
0,B_task,40,13,0.010225653648376465
0,B_task,40,14,0.002019166946411133
0,B_task,40,15,-0.006668567657470703
0,B_task,45,0,0.0839497447013855
0,B_task,45,1,0.07813811302185059
0,B_task,45,2,0.06713688373565674
0,B_task,45,3,0.053801655769348145
0,B_task,45,4,0.0447353720664978
0,B_task,45,5,0.03372395038604736
0,B_task,45,6,0.020845770835876465
0,B_task,45,7,0.012884736061096191
0,B_task,45,8,0.002825617790222168
0,B_task,45,9,-0.009188175201416016
0,B_task,45,10,-0.01685023307800293
0,B_task,45,11,-0.02677285671234131
0,B_task,45,12,-0.03797900676727295
0,B_task,45,13,-0.04524075984954834
0,B_task,45,14,-0.05334115028381348
0,B_task,45,15,-0.062198638916015625
0,B_task,50,0,0.0687522292137146
0,B_task,50,1,0.05435025691986084
0,B_task,50,2,0.04153120517730713
0,B_task,50,3,0.025596261024475098
0,B_task,50,4,0.012948453426361084
0,B_task,50,5,0.0016850829124450684
0,B_task,50,6,-0.013606905937194824
0,B_task,50,7,-0.024425268173217773
0,B_task,50,8,-0.03447568416595459
0,B_task,50,9,-0.04880845546722412
0,B_task,50,10,-0.05883288383483887
0,B_task,50,11,-0.06908321380615234
0,B_task,50,12,-0.08204877376556396
0,B_task,50,13,-0.09172141551971436
0,B_task,50,14,-0.10050582885742188
0,B_task,50,15,-0.11097562313079834
0,B_task,55,0,-0.060230374336242676
0,B_task,55,1,-0.0759047269821167
0,B_task,55,2,-0.09331023693084717
0,B_task,55,3,-0.11454439163208008
0,B_task,55,4,-0.13074743747711182
0,B_task,55,5,-0.14769423007965088
0,B_task,55,6,-0.16876888275146484
0,B_task,55,7,-0.1836845874786377
0,B_task,55,8,-0.1991962194442749
0,B_task,55,9,-0.21872365474700928
0,B_task,55,10,-0.23320305347442627
0,B_task,55,11,-0.24828314781188965
0,B_task,55,12,-0.26521968841552734
0,B_task,55,13,-0.27910423278808594
0,B_task,55,14,-0.2918124198913574
0,B_task,55,15,-0.30559396743774414
0,B_task,60,0,-0.16640162467956543
0,B_task,60,1,-0.19009625911712646
0,B_task,60,2,-0.20906710624694824
0,B_task,60,3,-0.23247933387756348
0,B_task,60,4,-0.2536141872406006
0,B_task,60,5,-0.27332603931427
0,B_task,60,6,-0.29757213592529297
0,B_task,60,7,-0.3171008825302124
0,B_task,60,8,-0.33576762676239014
0,B_task,60,9,-0.3588857650756836
0,B_task,60,10,-0.377848744392395
0,B_task,60,11,-0.39659953117370605
0,B_task,60,12,-0.41885673999786377
0,B_task,60,13,-0.4370673894882202
0,B_task,60,14,-0.45372259616851807
0,B_task,60,15,-0.4722353219985962
0,B_task,65,0,-0.17458558082580566
0,B_task,65,1,-0.1970527172088623
0,B_task,65,2,-0.21605312824249268
0,B_task,65,3,-0.23882603645324707
0,B_task,65,4,-0.2586669921875
0,B_task,65,5,-0.2785903215408325
0,B_task,65,6,-0.30325865745544434
0,B_task,65,7,-0.32300472259521484
0,B_task,65,8,-0.342637300491333
0,B_task,65,9,-0.3669477701187134
0,B_task,65,10,-0.3854881525039673
0,B_task,65,11,-0.40386009216308594
0,B_task,65,12,-0.4271453619003296
0,B_task,65,13,-0.446172833442688
0,B_task,65,14,-0.46291136741638184
0,B_task,65,15,-0.48354482650756836
0,B_task,70,0,-0.1899855136871338
0,B_task,70,1,-0.21783864498138428
0,B_task,70,2,-0.23907065391540527
0,B_task,70,3,-0.26413774490356445
0,B_task,70,4,-0.28768599033355713
0,B_task,70,5,-0.30809223651885986
0,B_task,70,6,-0.33384382724761963
0,B_task,70,7,-0.355876088142395
0,B_task,70,8,-0.3760718107223511
0,B_task,70,9,-0.40183699131011963
0,B_task,70,10,-0.4235440492630005
0,B_task,70,11,-0.443747878074646
0,B_task,70,12,-0.46926283836364746
0,B_task,70,13,-0.49110960960388184
0,B_task,70,14,-0.5108629465103149
0,B_task,70,15,-0.534561276435852
0,B_task,75,0,-0.2464812994003296
0,B_task,75,1,-0.2733328342437744
0,B_task,75,2,-0.2953002452850342
0,B_task,75,3,-0.3232865333557129
0,B_task,75,4,-0.3464120626449585
0,B_task,75,5,-0.36721372604370117
0,B_task,75,6,-0.39378416538238525
0,B_task,75,7,-0.41410064697265625
0,B_task,75,8,-0.43149900436401367
0,B_task,75,9,-0.45558905601501465
0,B_task,75,10,-0.4753173589706421
0,B_task,75,11,-0.49142444133758545
0,B_task,75,12,-0.5149163007736206
0,B_task,75,13,-0.5338300466537476
0,B_task,75,14,-0.5479376316070557
0,B_task,75,15,-0.5685510635375977
0,B_task,80,0,-0.3225301504135132
0,B_task,80,1,-0.35468173027038574
0,B_task,80,2,-0.37769031524658203
0,B_task,80,3,-0.407426118850708
0,B_task,80,4,-0.43400633335113525
0,B_task,80,5,-0.45724213123321533
0,B_task,80,6,-0.4860774278640747
0,B_task,80,7,-0.5109972953796387
0,B_task,80,8,-0.5316188335418701
0,B_task,80,9,-0.5570259094238281
0,B_task,80,10,-0.5795063972473145
0,B_task,80,11,-0.5991814136505127
0,B_task,80,12,-0.6243289709091187
0,B_task,80,13,-0.6466310024261475
0,B_task,80,14,-0.6659407615661621
0,B_task,80,15,-0.688002347946167
0,B_task,85,0,-0.3381751775741577
0,B_task,85,1,-0.3682609796524048
0,B_task,85,2,-0.3922295570373535
0,B_task,85,3,-0.4227571487426758
0,B_task,85,4,-0.44905900955200195
0,B_task,85,5,-0.47447478771209717
0,B_task,85,6,-0.503400444984436
0,B_task,85,7,-0.5272449254989624
0,B_task,85,8,-0.5480951070785522
0,B_task,85,9,-0.5737596750259399
0,B_task,85,10,-0.5955206155776978
0,B_task,85,11,-0.6148124933242798
0,B_task,85,12,-0.6387437582015991
0,B_task,85,13,-0.6596328020095825
0,B_task,85,14,-0.6778812408447266
0,B_task,85,15,-0.6987708806991577
0,B_task,90,0,-0.3616698980331421
0,B_task,90,1,-0.38602328300476074
0,B_task,90,2,-0.4063957929611206
0,B_task,90,3,-0.433807373046875
0,B_task,90,4,-0.4571099281311035
0,B_task,90,5,-0.48165738582611084
0,B_task,90,6,-0.5094891786575317
0,B_task,90,7,-0.5311521291732788
0,B_task,90,8,-0.5506373643875122
0,B_task,90,9,-0.575191855430603
0,B_task,90,10,-0.5958602428436279
0,B_task,90,11,-0.6153100728988647
0,B_task,90,12,-0.6403287649154663
0,B_task,90,13,-0.6609447002410889
0,B_task,90,14,-0.6795750856399536
0,B_task,90,15,-0.7001380920410156
0,B_task,95,0,-0.40551984310150146
0,B_task,95,1,-0.42898380756378174
0,B_task,95,2,-0.4521353244781494
0,B_task,95,3,-0.4813723564147949
0,B_task,95,4,-0.5058823823928833
0,B_task,95,5,-0.531470537185669
0,B_task,95,6,-0.5593258142471313
0,B_task,95,7,-0.5822817087173462
0,B_task,95,8,-0.602663516998291
0,B_task,95,9,-0.6273130178451538
0,B_task,95,10,-0.649876594543457
0,B_task,95,11,-0.6700010299682617
0,B_task,95,12,-0.6936870813369751
0,B_task,95,13,-0.7146800756454468
0,B_task,95,14,-0.7339687347412109
0,B_task,95,15,-0.7536749839782715
0,B_task,100,0,-0.3871452808380127
0,B_task,100,1,-0.4164179563522339
0,B_task,100,2,-0.4448891878128052
0,B_task,100,3,-0.47878575325012207
0,B_task,100,4,-0.511742115020752
0,B_task,100,5,-0.5435086488723755
0,B_task,100,6,-0.5787276029586792
0,B_task,100,7,-0.6106992959976196
0,B_task,100,8,-0.639472484588623
0,B_task,100,9,-0.6717082262039185
0,B_task,100,10,-0.7015453577041626
0,B_task,100,11,-0.7274965047836304
0,B_task,100,12,-0.7558493614196777
0,B_task,100,13,-0.7823797464370728
0,B_task,100,14,-0.8061246871948242
0,B_task,100,15,-0.8291270732879639
0,B_task,105,0,-0.35448920726776123
0,B_task,105,1,-0.38097870349884033
0,B_task,105,2,-0.406339168548584
0,B_task,105,3,-0.437255859375
0,B_task,105,4,-0.46398091316223145
0,B_task,105,5,-0.4897569417953491
0,B_task,105,6,-0.5181292295455933
0,B_task,105,7,-0.5430176258087158
0,B_task,105,8,-0.5649974346160889
0,B_task,105,9,-0.5902148485183716
0,B_task,105,10,-0.6133424043655396
0,B_task,105,11,-0.6339551210403442
0,B_task,105,12,-0.6577850580215454
0,B_task,105,13,-0.6797436475753784
0,B_task,105,14,-0.698586106300354
0,B_task,105,15,-0.7182410955429077
0,B_task,110,0,-0.3497965335845947
0,B_task,110,1,-0.37493669986724854
0,B_task,110,2,-0.39998555183410645
0,B_task,110,3,-0.43096864223480225
0,B_task,110,4,-0.4595280885696411
0,B_task,110,5,-0.48563647270202637
0,B_task,110,6,-0.5121740102767944
0,B_task,110,7,-0.5374343395233154
0,B_task,110,8,-0.5577809810638428
0,B_task,110,9,-0.5807234048843384
0,B_task,110,10,-0.6039848327636719
0,B_task,110,11,-0.6243219375610352
0,B_task,110,12,-0.6475037336349487
0,B_task,110,13,-0.6711305379867554
0,B_task,110,14,-0.6905323266983032
0,B_task,110,15,-0.7101900577545166
0,B_task,115,0,-0.3187674283981323
0,B_task,115,1,-0.34351158142089844
0,B_task,115,2,-0.36833620071411133
0,B_task,115,3,-0.39686501026153564
0,B_task,115,4,-0.4229995012283325
0,B_task,115,5,-0.4483637809753418
0,B_task,115,6,-0.4739038944244385
0,B_task,115,7,-0.4976813793182373
0,B_task,115,8,-0.5195506811141968
0,B_task,115,9,-0.5430306196212769
0,B_task,115,10,-0.5660808086395264
0,B_task,115,11,-0.5866011381149292
0,B_task,115,12,-0.6096869707107544
0,B_task,115,13,-0.6327167749404907
0,B_task,115,14,-0.6536233425140381
0,B_task,115,15,-0.6727999448776245
0,B_task,120,0,-0.32829201221466064
0,B_task,120,1,-0.353143572807312
0,B_task,120,2,-0.37965404987335205
0,B_task,120,3,-0.4085036516189575
0,B_task,120,4,-0.4349946975708008
0,B_task,120,5,-0.462154746055603
0,B_task,120,6,-0.4884554147720337
0,B_task,120,7,-0.513397216796875
0,B_task,120,8,-0.5372991561889648
0,B_task,120,9,-0.56192946434021
0,B_task,120,10,-0.586258053779602
0,B_task,120,11,-0.6088513135910034
0,B_task,120,12,-0.63267982006073
0,B_task,120,13,-0.6555414199829102
0,B_task,120,14,-0.6772185564041138
0,B_task,120,15,-0.696536660194397
0,C_scene,1,0,-0.06588089466094971
0,C_scene,1,1,-0.07812130451202393
0,C_scene,1,2,-0.0912405252456665
0,C_scene,1,3,-0.10525667667388916
0,C_scene,1,4,-0.11995351314544678
0,C_scene,1,5,-0.13508331775665283
0,C_scene,1,6,-0.15058231353759766
0,C_scene,1,7,-0.16617965698242188
0,C_scene,1,8,-0.18159031867980957
0,C_scene,1,9,-0.19683456420898438
0,C_scene,1,10,-0.2119760513305664
0,C_scene,1,11,-0.22686612606048584
0,C_scene,1,12,-0.24128282070159912
0,C_scene,1,13,-0.25516295433044434
0,C_scene,1,14,-0.268294095993042
0,C_scene,1,15,-0.2805440425872803
0,C_scene,5,0,-0.20685124397277832
0,C_scene,5,1,-0.1980682611465454
0,C_scene,5,2,-0.19479119777679443
0,C_scene,5,3,-0.19588720798492432
0,C_scene,5,4,-0.20028340816497803
0,C_scene,5,5,-0.20700395107269287
0,C_scene,5,6,-0.21562767028808594
0,C_scene,5,7,-0.22558510303497314
0,C_scene,5,8,-0.23622679710388184
0,C_scene,5,9,-0.2475137710571289
0,C_scene,5,10,-0.25946784019470215
0,C_scene,5,11,-0.2717097997665405
0,C_scene,5,12,-0.28394007682800293
0,C_scene,5,13,-0.2961040735244751
0,C_scene,5,14,-0.3078058958053589
0,C_scene,5,15,-0.3188900947570801
0,C_scene,10,0,0.06707751750946045
0,C_scene,10,1,0.0709795355796814
0,C_scene,10,2,0.0699494481086731
0,C_scene,10,3,0.06584024429321289
0,C_scene,10,4,0.061122238636016846
0,C_scene,10,5,0.052459895610809326
0,C_scene,10,6,0.04332280158996582
0,C_scene,10,7,0.03569751977920532
0,C_scene,10,8,0.025899946689605713
0,C_scene,10,9,0.0167313814163208
0,C_scene,10,10,0.009377598762512207
0,C_scene,10,11,0.00014293193817138672
0,C_scene,10,12,-0.008464574813842773
0,C_scene,10,13,-0.014808058738708496
0,C_scene,10,14,-0.02245032787322998
0,C_scene,10,15,-0.02881181240081787
0,C_scene,15,0,0.12402534484863281
0,C_scene,15,1,0.1156991720199585
0,C_scene,15,2,0.10649925470352173
0,C_scene,15,3,0.09598612785339355
0,C_scene,15,4,0.08689755201339722
0,C_scene,15,5,0.07632678747177124
0,C_scene,15,6,0.06480950117111206
0,C_scene,15,7,0.054907143115997314
0,C_scene,15,8,0.04466825723648071
0,C_scene,15,9,0.034439682960510254
0,C_scene,15,10,0.025500237941741943
0,C_scene,15,11,0.01566469669342041
0,C_scene,15,12,0.006107151508331299
0,C_scene,15,13,-0.0015704631805419922
0,C_scene,15,14,-0.009471535682678223
0,C_scene,15,15,-0.01668870449066162
0,C_scene,20,0,-0.11950874328613281
0,C_scene,20,1,-0.14278578758239746
0,C_scene,20,2,-0.1612330675125122
0,C_scene,20,3,-0.17937791347503662
0,C_scene,20,4,-0.1939786672592163
0,C_scene,20,5,-0.2081671953201294
0,C_scene,20,6,-0.2220221757888794
0,C_scene,20,7,-0.23442590236663818
0,C_scene,20,8,-0.24569714069366455
0,C_scene,20,9,-0.2565927505493164
0,C_scene,20,10,-0.26727724075317383
0,C_scene,20,11,-0.2777678966522217
0,C_scene,20,12,-0.28672266006469727
0,C_scene,20,13,-0.2950683832168579
0,C_scene,20,14,-0.30261099338531494
0,C_scene,20,15,-0.30888450145721436
0,C_scene,25,0,-0.13734424114227295
0,C_scene,25,1,-0.15764844417572021
0,C_scene,25,2,-0.17683255672454834
0,C_scene,25,3,-0.19658517837524414
0,C_scene,25,4,-0.214827299118042
0,C_scene,25,5,-0.23118948936462402
0,C_scene,25,6,-0.2478194236755371
0,C_scene,25,7,-0.2635371685028076
0,C_scene,25,8,-0.2769659757614136
0,C_scene,25,9,-0.2911827564239502
0,C_scene,25,10,-0.3047744035720825
0,C_scene,25,11,-0.31674838066101074
0,C_scene,25,12,-0.3281019926071167
0,C_scene,25,13,-0.3392965793609619
0,C_scene,25,14,-0.3489999771118164
0,C_scene,25,15,-0.3576974868774414
0,C_scene,30,0,-0.20890438556671143
0,C_scene,30,1,-0.23053455352783203
0,C_scene,30,2,-0.24933946132659912
0,C_scene,30,3,-0.26778602600097656
0,C_scene,30,4,-0.2846822738647461
0,C_scene,30,5,-0.30088603496551514
0,C_scene,30,6,-0.316622257232666
0,C_scene,30,7,-0.33146190643310547
0,C_scene,30,8,-0.34461939334869385
0,C_scene,30,9,-0.3581361770629883
0,C_scene,30,10,-0.37072861194610596
0,C_scene,30,11,-0.38271594047546387
0,C_scene,30,12,-0.3930257558822632
0,C_scene,30,13,-0.40347445011138916
0,C_scene,30,14,-0.4128873348236084
0,C_scene,30,15,-0.419822096824646
0,C_scene,35,0,-0.20605683326721191
0,C_scene,35,1,-0.22864878177642822
0,C_scene,35,2,-0.24905610084533691
0,C_scene,35,3,-0.26927173137664795
0,C_scene,35,4,-0.29000556468963623
0,C_scene,35,5,-0.3087509870529175
0,C_scene,35,6,-0.3274044990539551
0,C_scene,35,7,-0.3464294672012329
0,C_scene,35,8,-0.36330485343933105
0,C_scene,35,9,-0.380191445350647
0,C_scene,35,10,-0.3967663049697876
0,C_scene,35,11,-0.41219401359558105
0,C_scene,35,12,-0.42669951915740967
0,C_scene,35,13,-0.44047605991363525
0,C_scene,35,14,-0.4516364336013794
0,C_scene,35,15,-0.46176397800445557
0,C_scene,40,0,-0.22368061542510986
0,C_scene,40,1,-0.24529016017913818
0,C_scene,40,2,-0.2661477327346802
0,C_scene,40,3,-0.2853938341140747
0,C_scene,40,4,-0.3036400079727173
0,C_scene,40,5,-0.3218698501586914
0,C_scene,40,6,-0.33884096145629883
0,C_scene,40,7,-0.35497570037841797
0,C_scene,40,8,-0.3710395097732544
0,C_scene,40,9,-0.3864610195159912
0,C_scene,40,10,-0.40095293521881104
0,C_scene,40,11,-0.4156796932220459
0,C_scene,40,12,-0.4288245439529419
0,C_scene,40,13,-0.44076240062713623
0,C_scene,40,14,-0.45088422298431396
0,C_scene,40,15,-0.45873355865478516
0,C_scene,45,0,-0.16099786758422852
0,C_scene,45,1,-0.18129754066467285
0,C_scene,45,2,-0.20131850242614746
0,C_scene,45,3,-0.22191321849822998
0,C_scene,45,4,-0.24114704132080078
0,C_scene,45,5,-0.25902891159057617
0,C_scene,45,6,-0.277579665184021
0,C_scene,45,7,-0.2946840524673462
0,C_scene,45,8,-0.3108227252960205
0,C_scene,45,9,-0.3279379606246948
0,C_scene,45,10,-0.343023419380188
0,C_scene,45,11,-0.3579455614089966
0,C_scene,45,12,-0.3729642629623413
0,C_scene,45,13,-0.3861243724822998
0,C_scene,45,14,-0.3982964754104614
0,C_scene,45,15,-0.4098775386810303
0,C_scene,50,0,-0.07714378833770752
0,C_scene,50,1,-0.09461081027984619
0,C_scene,50,2,-0.11168873310089111
0,C_scene,50,3,-0.12756693363189697
0,C_scene,50,4,-0.14246869087219238
0,C_scene,50,5,-0.15738332271575928
0,C_scene,50,6,-0.1722874641418457
0,C_scene,50,7,-0.18661808967590332
0,C_scene,50,8,-0.20100581645965576
0,C_scene,50,9,-0.2155975103378296
0,C_scene,50,10,-0.2300276756286621
0,C_scene,50,11,-0.24480938911437988
0,C_scene,50,12,-0.2587764263153076
0,C_scene,50,13,-0.27269530296325684
0,C_scene,50,14,-0.28571248054504395
0,C_scene,50,15,-0.29707014560699463
0,C_scene,55,0,-0.11615514755249023
0,C_scene,55,1,-0.13182485103607178
0,C_scene,55,2,-0.14917302131652832
0,C_scene,55,3,-0.1659153699874878
0,C_scene,55,4,-0.1809779405593872
0,C_scene,55,5,-0.19661593437194824
0,C_scene,55,6,-0.21283531188964844
0,C_scene,55,7,-0.22745394706726074
0,C_scene,55,8,-0.24237775802612305
0,C_scene,55,9,-0.2573068141937256
0,C_scene,55,10,-0.2700899839401245
0,C_scene,55,11,-0.28387129306793213
0,C_scene,55,12,-0.2972003221511841
0,C_scene,55,13,-0.3090587854385376
0,C_scene,55,14,-0.3210437297821045
0,C_scene,55,15,-0.3322935104370117
0,C_scene,60,0,-0.14249062538146973
0,C_scene,60,1,-0.15891027450561523
0,C_scene,60,2,-0.1747758388519287
0,C_scene,60,3,-0.1911628246307373
0,C_scene,60,4,-0.20657789707183838
0,C_scene,60,5,-0.22161328792572021
0,C_scene,60,6,-0.23791444301605225
0,C_scene,60,7,-0.25223684310913086
0,C_scene,60,8,-0.2661449909210205
0,C_scene,60,9,-0.2804439067840576
0,C_scene,60,10,-0.29272210597991943
0,C_scene,60,11,-0.30447399616241455
0,C_scene,60,12,-0.3165268898010254
0,C_scene,60,13,-0.3269007205963135
0,C_scene,60,14,-0.33654487133026123
0,C_scene,60,15,-0.3459970951080322
0,C_scene,65,0,-0.11896276473999023
0,C_scene,65,1,-0.1322469711303711
0,C_scene,65,2,-0.14795303344726562
0,C_scene,65,3,-0.16326391696929932
0,C_scene,65,4,-0.1781477928161621
0,C_scene,65,5,-0.1934642791748047
0,C_scene,65,6,-0.20935118198394775
0,C_scene,65,7,-0.22332704067230225
0,C_scene,65,8,-0.23784661293029785
0,C_scene,65,9,-0.25222349166870117
0,C_scene,65,10,-0.26462697982788086
0,C_scene,65,11,-0.2771172523498535
0,C_scene,65,12,-0.28948771953582764
0,C_scene,65,13,-0.300481915473938
0,C_scene,65,14,-0.31142520904541016
0,C_scene,65,15,-0.3219677209854126
0,C_scene,70,0,-0.1160658597946167
0,C_scene,70,1,-0.12788569927215576
0,C_scene,70,2,-0.13945269584655762
0,C_scene,70,3,-0.1513768434524536
0,C_scene,70,4,-0.1631162166595459
0,C_scene,70,5,-0.17497897148132324
0,C_scene,70,6,-0.18774735927581787
0,C_scene,70,7,-0.19783055782318115
0,C_scene,70,8,-0.20864582061767578
0,C_scene,70,9,-0.21980512142181396
0,C_scene,70,10,-0.22838115692138672
0,C_scene,70,11,-0.23746049404144287
0,C_scene,70,12,-0.2470543384552002
0,C_scene,70,13,-0.25490880012512207
0,C_scene,70,14,-0.2634068727493286
0,C_scene,70,15,-0.2720170021057129
0,C_scene,75,0,-0.11674177646636963
0,C_scene,75,1,-0.1294248104095459
0,C_scene,75,2,-0.14267659187316895
0,C_scene,75,3,-0.15640759468078613
0,C_scene,75,4,-0.1704789400100708
0,C_scene,75,5,-0.18344831466674805
0,C_scene,75,6,-0.1973363161087036
0,C_scene,75,7,-0.20938777923583984
0,C_scene,75,8,-0.22060823440551758
0,C_scene,75,9,-0.23195981979370117
0,C_scene,75,10,-0.2415677309036255
0,C_scene,75,11,-0.25000274181365967
0,C_scene,75,12,-0.25888216495513916
0,C_scene,75,13,-0.26669180393218994
0,C_scene,75,14,-0.2737313508987427
0,C_scene,75,15,-0.2813761234283447
0,C_scene,80,0,-0.08270049095153809
0,C_scene,80,1,-0.09642326831817627
0,C_scene,80,2,-0.11002862453460693
0,C_scene,80,3,-0.12461459636688232
0,C_scene,80,4,-0.13867783546447754
0,C_scene,80,5,-0.15162742137908936
0,C_scene,80,6,-0.16566526889801025
0,C_scene,80,7,-0.17749881744384766
0,C_scene,80,8,-0.18856275081634521
0,C_scene,80,9,-0.2001112699508667
0,C_scene,80,10,-0.2099398374557495
0,C_scene,80,11,-0.21938836574554443
0,C_scene,80,12,-0.2294156551361084
0,C_scene,80,13,-0.23840487003326416
0,C_scene,80,14,-0.24684762954711914
0,C_scene,80,15,-0.2559720277786255
0,C_scene,85,0,-0.08389568328857422
0,C_scene,85,1,-0.09455621242523193
0,C_scene,85,2,-0.10480916500091553
0,C_scene,85,3,-0.11643970012664795
0,C_scene,85,4,-0.128645658493042
0,C_scene,85,5,-0.14021062850952148
0,C_scene,85,6,-0.15354633331298828
0,C_scene,85,7,-0.16546893119812012
0,C_scene,85,8,-0.1767117977142334
0,C_scene,85,9,-0.18897390365600586
0,C_scene,85,10,-0.19943594932556152
0,C_scene,85,11,-0.20935380458831787
0,C_scene,85,12,-0.22017550468444824
0,C_scene,85,13,-0.2294837236404419
0,C_scene,85,14,-0.23848021030426025
0,C_scene,85,15,-0.24792158603668213
0,C_scene,90,0,-0.06588256359100342
0,C_scene,90,1,-0.07637965679168701
0,C_scene,90,2,-0.0883251428604126
0,C_scene,90,3,-0.1026005744934082
0,C_scene,90,4,-0.11578726768493652
0,C_scene,90,5,-0.1281442642211914
0,C_scene,90,6,-0.14250636100769043
0,C_scene,90,7,-0.15425395965576172
0,C_scene,90,8,-0.16550040245056152
0,C_scene,90,9,-0.17833995819091797
0,C_scene,90,10,-0.18885910511016846
0,C_scene,90,11,-0.19927799701690674
0,C_scene,90,12,-0.21088933944702148
0,C_scene,90,13,-0.22076725959777832
0,C_scene,90,14,-0.23071634769439697
0,C_scene,90,15,-0.24206507205963135
0,C_scene,95,0,-0.027028918266296387
0,C_scene,95,1,-0.03788900375366211
0,C_scene,95,2,-0.048972129821777344
0,C_scene,95,3,-0.06152534484863281
0,C_scene,95,4,-0.07355010509490967
0,C_scene,95,5,-0.08499395847320557
0,C_scene,95,6,-0.09860146045684814
0,C_scene,95,7,-0.11059582233428955
0,C_scene,95,8,-0.12214350700378418
0,C_scene,95,9,-0.13552188873291016
0,C_scene,95,10,-0.14730381965637207
0,C_scene,95,11,-0.15860533714294434
0,C_scene,95,12,-0.17083001136779785
0,C_scene,95,13,-0.18207621574401855
0,C_scene,95,14,-0.1933290958404541
0,C_scene,95,15,-0.2056138515472412
0,C_scene,100,0,-0.08256292343139648
0,C_scene,100,1,-0.09583663940429688
0,C_scene,100,2,-0.11031866073608398
0,C_scene,100,3,-0.12608778476715088
0,C_scene,100,4,-0.14193344116210938
0,C_scene,100,5,-0.1569538116455078
0,C_scene,100,6,-0.17308259010314941
0,C_scene,100,7,-0.18690741062164307
0,C_scene,100,8,-0.20000863075256348
0,C_scene,100,9,-0.2137230634689331
0,C_scene,100,10,-0.22551584243774414
0,C_scene,100,11,-0.2369980812072754
0,C_scene,100,12,-0.24897992610931396
0,C_scene,100,13,-0.26017487049102783
0,C_scene,100,14,-0.27137434482574463
0,C_scene,100,15,-0.2829296588897705
0,C_scene,105,0,-0.009495377540588379
0,C_scene,105,1,-0.027485013008117676
0,C_scene,105,2,-0.04394209384918213
0,C_scene,105,3,-0.06003749370574951
0,C_scene,105,4,-0.07737314701080322
0,C_scene,105,5,-0.09330284595489502
0,C_scene,105,6,-0.10830748081207275
0,C_scene,105,7,-0.12246870994567871
0,C_scene,105,8,-0.13604605197906494
0,C_scene,105,9,-0.1480264663696289
0,C_scene,105,10,-0.16004323959350586
0,C_scene,105,11,-0.17217528820037842
0,C_scene,105,12,-0.1828470230102539
0,C_scene,105,13,-0.19379723072052002
0,C_scene,105,14,-0.20346295833587646
0,C_scene,105,15,-0.21173810958862305
0,C_scene,110,0,0.02746880054473877
0,C_scene,110,1,0.01658499240875244
0,C_scene,110,2,0.006021022796630859
0,C_scene,110,3,-0.0041702985763549805
0,C_scene,110,4,-0.015871047973632812
0,C_scene,110,5,-0.02761828899383545
0,C_scene,110,6,-0.03886902332305908
0,C_scene,110,7,-0.050234079360961914
0,C_scene,110,8,-0.06193089485168457
0,C_scene,110,9,-0.07344913482666016
0,C_scene,110,10,-0.08521997928619385
0,C_scene,110,11,-0.09732377529144287
0,C_scene,110,12,-0.10874414443969727
0,C_scene,110,13,-0.12053334712982178
0,C_scene,110,14,-0.13187062740325928
0,C_scene,110,15,-0.14276087284088135
0,C_scene,115,0,0.006581664085388184
0,C_scene,115,1,-0.003749370574951172
0,C_scene,115,2,-0.012894034385681152
0,C_scene,115,3,-0.021906137466430664
0,C_scene,115,4,-0.03308844566345215
0,C_scene,115,5,-0.04436385631561279
0,C_scene,115,6,-0.05536830425262451
0,C_scene,115,7,-0.06693625450134277
0,C_scene,115,8,-0.07852828502655029
0,C_scene,115,9,-0.08989107608795166
0,C_scene,115,10,-0.10227429866790771
0,C_scene,115,11,-0.11445105075836182
0,C_scene,115,12,-0.12599217891693115
0,C_scene,115,13,-0.13804292678833008
0,C_scene,115,14,-0.14947879314422607
0,C_scene,115,15,-0.16023731231689453
0,C_scene,120,0,0.012646794319152832
0,C_scene,120,1,0.0014215707778930664
0,C_scene,120,2,-0.008345246315002441
0,C_scene,120,3,-0.018836498260498047
0,C_scene,120,4,-0.03134799003601074
0,C_scene,120,5,-0.04322850704193115
0,C_scene,120,6,-0.055316925048828125
0,C_scene,120,7,-0.06799805164337158
0,C_scene,120,8,-0.08030104637145996
0,C_scene,120,9,-0.09308969974517822
0,C_scene,120,10,-0.10682356357574463
0,C_scene,120,11,-0.1200181245803833
0,C_scene,120,12,-0.13269221782684326
0,C_scene,120,13,-0.14590537548065186
0,C_scene,120,14,-0.1580519676208496
0,C_scene,120,15,-0.16976678371429443
0,D_latent,1,0,-0.06038379669189453
0,D_latent,1,1,-0.07152831554412842
0,D_latent,1,2,-0.08352243900299072
0,D_latent,1,3,-0.09636461734771729
0,D_latent,1,4,-0.10989558696746826
0,D_latent,1,5,-0.1238703727722168
0,D_latent,1,6,-0.13819515705108643
0,D_latent,1,7,-0.15265965461730957
0,D_latent,1,8,-0.16695797443389893
0,D_latent,1,9,-0.18110120296478271
0,D_latent,1,10,-0.19522428512573242
0,D_latent,1,11,-0.20914244651794434
0,D_latent,1,12,-0.22263109683990479
0,D_latent,1,13,-0.2356724739074707
0,D_latent,1,14,-0.24802136421203613
0,D_latent,1,15,-0.2595325708389282
0,D_latent,5,0,-0.19929146766662598
0,D_latent,5,1,-0.1899644136428833
0,D_latent,5,2,-0.1868194341659546
0,D_latent,5,3,-0.18838858604431152
0,D_latent,5,4,-0.19333136081695557
0,D_latent,5,5,-0.20060956478118896
0,D_latent,5,6,-0.20978379249572754
0,D_latent,5,7,-0.22021353244781494
0,D_latent,5,8,-0.2312910556793213
0,D_latent,5,9,-0.2429579496383667
0,D_latent,5,10,-0.2551736831665039
0,D_latent,5,11,-0.2676410675048828
0,D_latent,5,12,-0.2800642251968384
0,D_latent,5,13,-0.2923339605331421
0,D_latent,5,14,-0.3041234016418457
0,D_latent,5,15,-0.3152899742126465
0,D_latent,10,0,-0.0694664716720581
0,D_latent,10,1,-0.06400847434997559
0,D_latent,10,2,-0.06484973430633545
0,D_latent,10,3,-0.07038533687591553
0,D_latent,10,4,-0.07910561561584473
0,D_latent,10,5,-0.0897667407989502
0,D_latent,10,6,-0.10218095779418945
0,D_latent,10,7,-0.11565208435058594
0,D_latent,10,8,-0.12944912910461426
0,D_latent,10,9,-0.14374959468841553
0,D_latent,10,10,-0.15857040882110596
0,D_latent,10,11,-0.1735295057296753
0,D_latent,10,12,-0.18839263916015625
0,D_latent,10,13,-0.20311713218688965
0,D_latent,10,14,-0.21728861331939697
0,D_latent,10,15,-0.230804443359375
0,D_latent,15,0,0.0409817099571228
0,D_latent,15,1,0.03122580051422119
0,D_latent,15,2,0.024737000465393066
0,D_latent,15,3,0.019945979118347168
0,D_latent,15,4,0.015185773372650146
0,D_latent,15,5,0.005495190620422363
0,D_latent,15,6,-0.002971649169921875
0,D_latent,15,7,-0.010816454887390137
0,D_latent,15,8,-0.021661758422851562
0,D_latent,15,9,-0.03113842010498047
0,D_latent,15,10,-0.03957390785217285
0,D_latent,15,11,-0.04879271984100342
0,D_latent,15,12,-0.05872070789337158
0,D_latent,15,13,-0.06676065921783447
0,D_latent,15,14,-0.07514488697052002
0,D_latent,15,15,-0.0825653076171875
0,D_latent,20,0,0.14701980352401733
0,D_latent,20,1,0.1359918713569641
0,D_latent,20,2,0.12610691785812378
0,D_latent,20,3,0.11549758911132812
0,D_latent,20,4,0.1068124771118164
0,D_latent,20,5,0.09714746475219727
0,D_latent,20,6,0.0861581563949585
0,D_latent,20,7,0.07733368873596191
0,D_latent,20,8,0.06758081912994385
0,D_latent,20,9,0.05757194757461548
0,D_latent,20,10,0.049782633781433105
0,D_latent,20,11,0.04043161869049072
0,D_latent,20,12,0.030858755111694336
0,D_latent,20,13,0.0240023136138916
0,D_latent,20,14,0.0165441632270813
0,D_latent,20,15,0.009517431259155273
0,D_latent,25,0,0.09117448329925537
0,D_latent,25,1,0.08243292570114136
0,D_latent,25,2,0.07208752632141113
0,D_latent,25,3,0.06127887964248657
0,D_latent,25,4,0.054297566413879395
0,D_latent,25,5,0.045778632164001465
0,D_latent,25,6,0.035222768783569336
0,D_latent,25,7,0.028602302074432373
0,D_latent,25,8,0.0202447772026062
0,D_latent,25,9,0.01085197925567627
0,D_latent,25,10,0.005110263824462891
0,D_latent,25,11,-0.0030660629272460938
0,D_latent,25,12,-0.011524319648742676
0,D_latent,25,13,-0.01633322238922119
0,D_latent,25,14,-0.022844552993774414
0,D_latent,25,15,-0.028835415840148926
0,D_latent,30,0,0.13629841804504395
0,D_latent,30,1,0.12967103719711304
0,D_latent,30,2,0.11950325965881348
0,D_latent,30,3,0.10820764303207397
0,D_latent,30,4,0.09938347339630127
0,D_latent,30,5,0.08997803926467896
0,D_latent,30,6,0.0787472128868103
0,D_latent,30,7,0.07065707445144653
0,D_latent,30,8,0.0618472695350647
0,D_latent,30,9,0.052008628845214844
0,D_latent,30,10,0.04509061574935913
0,D_latent,30,11,0.03674125671386719
0,D_latent,30,12,0.028096139430999756
0,D_latent,30,13,0.02218395471572876
0,D_latent,30,14,0.015991628170013428
0,D_latent,30,15,0.009685099124908447
0,D_latent,35,0,0.10935980081558228
0,D_latent,35,1,0.10467660427093506
0,D_latent,35,2,0.09879463911056519
0,D_latent,35,3,0.0903019905090332
0,D_latent,35,4,0.08236265182495117
0,D_latent,35,5,0.07542479038238525
0,D_latent,35,6,0.06609076261520386
0,D_latent,35,7,0.05839782953262329
0,D_latent,35,8,0.05190640687942505
0,D_latent,35,9,0.04385560750961304
0,D_latent,35,10,0.03682821989059448
0,D_latent,35,11,0.03014063835144043
0,D_latent,35,12,0.02306884527206421
0,D_latent,35,13,0.01703464984893799
0,D_latent,35,14,0.01284933090209961
0,D_latent,35,15,0.007823050022125244
0,D_latent,40,0,0.8210208415985107
0,D_latent,40,1,0.8212019205093384
0,D_latent,40,2,0.8225412368774414
0,D_latent,40,3,0.8188897371292114
0,D_latent,40,4,0.8150634765625
0,D_latent,40,5,0.8101606965065002
0,D_latent,40,6,0.8026280403137207
0,D_latent,40,7,0.7971192598342896
0,D_latent,40,8,0.7922766208648682
0,D_latent,40,9,0.7859662771224976
0,D_latent,40,10,0.7804002165794373
0,D_latent,40,11,0.7729746103286743
0,D_latent,40,12,0.7641074657440186
0,D_latent,40,13,0.7563262581825256
0,D_latent,40,14,0.7479639053344727
0,D_latent,40,15,0.738287091255188
0,D_latent,45,0,0.8909671306610107
0,D_latent,45,1,0.8942614793777466
0,D_latent,45,2,0.8991888761520386
0,D_latent,45,3,0.9006184339523315
0,D_latent,45,4,0.9016433358192444
0,D_latent,45,5,0.9012677669525146
0,D_latent,45,6,0.898540198802948
0,D_latent,45,7,0.8960667848587036
0,D_latent,45,8,0.8928706645965576
0,D_latent,45,9,0.8880001306533813
0,D_latent,45,10,0.8832213282585144
0,D_latent,45,11,0.8769611716270447
0,D_latent,45,12,0.8696657419204712
0,D_latent,45,13,0.8623895645141602
0,D_latent,45,14,0.8540942072868347
0,D_latent,45,15,0.8443351984024048
0,D_latent,50,0,0.9297828674316406
0,D_latent,50,1,0.9323656558990479
0,D_latent,50,2,0.9352891445159912
0,D_latent,50,3,0.9359285831451416
0,D_latent,50,4,0.9366249442100525
0,D_latent,50,5,0.9368630051612854
0,D_latent,50,6,0.935577929019928
0,D_latent,50,7,0.934921145439148
0,D_latent,50,8,0.9341156482696533
0,D_latent,50,9,0.9324001669883728
0,D_latent,50,10,0.9305206537246704
0,D_latent,50,11,0.9274904727935791
0,D_latent,50,12,0.9244323968887329
0,D_latent,50,13,0.9211278557777405
0,D_latent,50,14,0.9175270795822144
0,D_latent,50,15,0.9127956628799438
0,D_latent,55,0,0.9526085257530212
0,D_latent,55,1,0.9551013708114624
0,D_latent,55,2,0.957318902015686
0,D_latent,55,3,0.9572612047195435
0,D_latent,55,4,0.9572123885154724
0,D_latent,55,5,0.9572576880455017
0,D_latent,55,6,0.9557616114616394
0,D_latent,55,7,0.955085813999176
0,D_latent,55,8,0.9548689723014832
0,D_latent,55,9,0.9535576105117798
0,D_latent,55,10,0.9522154927253723
0,D_latent,55,11,0.9501565098762512
0,D_latent,55,12,0.9478839635848999
0,D_latent,55,13,0.9458262920379639
0,D_latent,55,14,0.9433495998382568
0,D_latent,55,15,0.9407106041908264
0,D_latent,60,0,0.9317627549171448
0,D_latent,60,1,0.9343947768211365
0,D_latent,60,2,0.9377877116203308
0,D_latent,60,3,0.938400387763977
0,D_latent,60,4,0.9392808079719543
0,D_latent,60,5,0.9404641389846802
0,D_latent,60,6,0.9400465488433838
0,D_latent,60,7,0.9406098127365112
0,D_latent,60,8,0.9416247606277466
0,D_latent,60,9,0.9414202570915222
0,D_latent,60,10,0.9415497183799744
0,D_latent,60,11,0.9409602880477905
0,D_latent,60,12,0.9400388598442078
0,D_latent,60,13,0.9399411082267761
0,D_latent,60,14,0.9391366839408875
0,D_latent,60,15,0.9383499026298523
0,D_latent,65,0,0.957916796207428
0,D_latent,65,1,0.9597761034965515
0,D_latent,65,2,0.9615932703018188
0,D_latent,65,3,0.9612443447113037
0,D_latent,65,4,0.9613503813743591
0,D_latent,65,5,0.9615947008132935
0,D_latent,65,6,0.9604452848434448
0,D_latent,65,7,0.9604828357696533
0,D_latent,65,8,0.9611583948135376
0,D_latent,65,9,0.9607589840888977
0,D_latent,65,10,0.9608301520347595
0,D_latent,65,11,0.9603192806243896
0,D_latent,65,12,0.9593586921691895
0,D_latent,65,13,0.9589813351631165
0,D_latent,65,14,0.9581598043441772
0,D_latent,65,15,0.957416296005249
0,D_latent,70,0,0.9639303684234619
0,D_latent,70,1,0.9648117423057556
0,D_latent,70,2,0.9660753607749939
0,D_latent,70,3,0.9653518199920654
0,D_latent,70,4,0.9650765657424927
0,D_latent,70,5,0.965320885181427
0,D_latent,70,6,0.9642786383628845
0,D_latent,70,7,0.9642452001571655
0,D_latent,70,8,0.9650169610977173
0,D_latent,70,9,0.964789628982544
0,D_latent,70,10,0.9650479555130005
0,D_latent,70,11,0.965149998664856
0,D_latent,70,12,0.9650038480758667
0,D_latent,70,13,0.9650607109069824
0,D_latent,70,14,0.9648861289024353
0,D_latent,70,15,0.9646963477134705
0,D_latent,75,0,0.9611192941665649
0,D_latent,75,1,0.9611247181892395
0,D_latent,75,2,0.9620476961135864
0,D_latent,75,3,0.9609712958335876
0,D_latent,75,4,0.9601194858551025
0,D_latent,75,5,0.9594002962112427
0,D_latent,75,6,0.9575977921485901
0,D_latent,75,7,0.9569622874259949
0,D_latent,75,8,0.9570431709289551
0,D_latent,75,9,0.9564149379730225
0,D_latent,75,10,0.9563916325569153
0,D_latent,75,11,0.9561160802841187
0,D_latent,75,12,0.9554749131202698
0,D_latent,75,13,0.9552353024482727
0,D_latent,75,14,0.954617977142334
0,D_latent,75,15,0.9543177485466003
0,D_latent,80,0,0.9569995403289795
0,D_latent,80,1,0.9574154019355774
0,D_latent,80,2,0.9582085609436035
0,D_latent,80,3,0.9573376774787903
0,D_latent,80,4,0.9567916989326477
0,D_latent,80,5,0.9563398361206055
0,D_latent,80,6,0.9549978971481323
0,D_latent,80,7,0.9547937512397766
0,D_latent,80,8,0.9552510380744934
0,D_latent,80,9,0.9551807045936584
0,D_latent,80,10,0.9555194973945618
0,D_latent,80,11,0.9555979371070862
0,D_latent,80,12,0.955460786819458
0,D_latent,80,13,0.9554733037948608
0,D_latent,80,14,0.9552461504936218
0,D_latent,80,15,0.9552819132804871
0,D_latent,85,0,0.9595879316329956
0,D_latent,85,1,0.9601157307624817
0,D_latent,85,2,0.9609425663948059
0,D_latent,85,3,0.9599469900131226
0,D_latent,85,4,0.9592606425285339
0,D_latent,85,5,0.9587254524230957
0,D_latent,85,6,0.9571126103401184
0,D_latent,85,7,0.9564417004585266
0,D_latent,85,8,0.9563589692115784
0,D_latent,85,9,0.9556053280830383
0,D_latent,85,10,0.9552679061889648
0,D_latent,85,11,0.954578161239624
0,D_latent,85,12,0.9537656307220459
0,D_latent,85,13,0.9535285234451294
0,D_latent,85,14,0.9532877206802368
0,D_latent,85,15,0.9532144665718079
0,D_latent,90,0,0.9706144332885742
0,D_latent,90,1,0.9706323742866516
0,D_latent,90,2,0.9708050489425659
0,D_latent,90,3,0.9690422415733337
0,D_latent,90,4,0.9679487943649292
0,D_latent,90,5,0.9670505523681641
0,D_latent,90,6,0.9647271633148193
0,D_latent,90,7,0.9634943604469299
0,D_latent,90,8,0.9629059433937073
0,D_latent,90,9,0.9616016149520874
0,D_latent,90,10,0.9608166813850403
0,D_latent,90,11,0.9597755670547485
0,D_latent,90,12,0.9587127566337585
0,D_latent,90,13,0.9579827189445496
0,D_latent,90,14,0.9572193026542664
0,D_latent,90,15,0.9568639397621155
0,B_task_nopark,1,0,-0.2706599235534668
0,B_task_nopark,1,1,-0.28533935546875
0,B_task_nopark,1,2,-0.30074334144592285
0,B_task_nopark,1,3,-0.3168109655380249
0,B_task_nopark,1,4,-0.33338868618011475
0,B_task_nopark,1,5,-0.3501838445663452
0,B_task_nopark,1,6,-0.36699843406677246
0,B_task_nopark,1,7,-0.3836709260940552
0,B_task_nopark,1,8,-0.3998730182647705
0,B_task_nopark,1,9,-0.41558754444122314
0,B_task_nopark,1,10,-0.4309796094894409
0,B_task_nopark,1,11,-0.44581282138824463
0,B_task_nopark,1,12,-0.4598897695541382
0,B_task_nopark,1,13,-0.47322583198547363
0,B_task_nopark,1,14,-0.4855085611343384
0,B_task_nopark,1,15,-0.4966534376144409
0,B_task_nopark,5,0,-0.2382873296737671
0,B_task_nopark,5,1,-0.25291895866394043
0,B_task_nopark,5,2,-0.2684340476989746
0,B_task_nopark,5,3,-0.2848191261291504
0,B_task_nopark,5,4,-0.30189943313598633
0,B_task_nopark,5,5,-0.3192099332809448
0,B_task_nopark,5,6,-0.33663415908813477
0,B_task_nopark,5,7,-0.3539954423904419
0,B_task_nopark,5,8,-0.37082719802856445
0,B_task_nopark,5,9,-0.3872082233428955
0,B_task_nopark,5,10,-0.40333616733551025
0,B_task_nopark,5,11,-0.41888248920440674
0,B_task_nopark,5,12,-0.43366384506225586
0,B_task_nopark,5,13,-0.4477425813674927
0,B_task_nopark,5,14,-0.46070432662963867
0,B_task_nopark,5,15,-0.47251105308532715
0,B_task_nopark,10,0,-0.058387041091918945
0,B_task_nopark,10,1,-0.05204355716705322
0,B_task_nopark,10,2,-0.05530524253845215
0,B_task_nopark,10,3,-0.06388640403747559
0,B_task_nopark,10,4,-0.07523608207702637
0,B_task_nopark,10,5,-0.0890122652053833
0,B_task_nopark,10,6,-0.10416924953460693
0,B_task_nopark,10,7,-0.1196298599243164
0,B_task_nopark,10,8,-0.13542258739471436
0,B_task_nopark,10,9,-0.15131473541259766
0,B_task_nopark,10,10,-0.16702234745025635
0,B_task_nopark,10,11,-0.18280386924743652
0,B_task_nopark,10,12,-0.1981731653213501
0,B_task_nopark,10,13,-0.21270203590393066
0,B_task_nopark,10,14,-0.22654056549072266
0,B_task_nopark,10,15,-0.23933732509613037
0,B_task_nopark,15,0,0.8095223903656006
0,B_task_nopark,15,1,0.79705810546875
0,B_task_nopark,15,2,0.786923348903656
0,B_task_nopark,15,3,0.7734753489494324
0,B_task_nopark,15,4,0.7568981051445007
0,B_task_nopark,15,5,0.738523542881012
0,B_task_nopark,15,6,0.7180147171020508
0,B_task_nopark,15,7,0.6966723799705505
0,B_task_nopark,15,8,0.6758168339729309
0,B_task_nopark,15,9,0.6547306776046753
0,B_task_nopark,15,10,0.6335501074790955
0,B_task_nopark,15,11,0.6127876043319702
0,B_task_nopark,15,12,0.5922821760177612
0,B_task_nopark,15,13,0.5723966360092163
0,B_task_nopark,15,14,0.5533102750778198
0,B_task_nopark,15,15,0.535111665725708
0,B_task_nopark,20,0,0.9064330458641052
0,B_task_nopark,20,1,0.898408055305481
0,B_task_nopark,20,2,0.8898475766181946
0,B_task_nopark,20,3,0.879645586013794
0,B_task_nopark,20,4,0.8680081367492676
0,B_task_nopark,20,5,0.8557027578353882
0,B_task_nopark,20,6,0.8429819345474243
0,B_task_nopark,20,7,0.8301413059234619
0,B_task_nopark,20,8,0.8176966905593872
0,B_task_nopark,20,9,0.8054804801940918
0,B_task_nopark,20,10,0.7932577133178711
0,B_task_nopark,20,11,0.7808988094329834
0,B_task_nopark,20,12,0.7686105966567993
0,B_task_nopark,20,13,0.7562774419784546
0,B_task_nopark,20,14,0.743804931640625
0,B_task_nopark,20,15,0.7315397262573242
0,B_task_nopark,25,0,0.9017900824546814
0,B_task_nopark,25,1,0.8956878781318665
0,B_task_nopark,25,2,0.88690584897995
0,B_task_nopark,25,3,0.8758914470672607
0,B_task_nopark,25,4,0.8634591698646545
0,B_task_nopark,25,5,0.850608766078949
0,B_task_nopark,25,6,0.8376765251159668
0,B_task_nopark,25,7,0.8248845338821411
0,B_task_nopark,25,8,0.8127407431602478
0,B_task_nopark,25,9,0.8009997606277466
0,B_task_nopark,25,10,0.789383590221405
0,B_task_nopark,25,11,0.7777673006057739
0,B_task_nopark,25,12,0.7663744688034058
0,B_task_nopark,25,13,0.7551624774932861
0,B_task_nopark,25,14,0.7438101768493652
0,B_task_nopark,25,15,0.732791006565094
0,B_task_nopark,30,0,0.9245461225509644
0,B_task_nopark,30,1,0.9171109795570374
0,B_task_nopark,30,2,0.9091891646385193
0,B_task_nopark,30,3,0.8988232612609863
0,B_task_nopark,30,4,0.8867718577384949
0,B_task_nopark,30,5,0.8739434480667114
0,B_task_nopark,30,6,0.8606963157653809
0,B_task_nopark,30,7,0.8474121689796448
0,B_task_nopark,30,8,0.8346107602119446
0,B_task_nopark,30,9,0.822175920009613
0,B_task_nopark,30,10,0.8099199533462524
0,B_task_nopark,30,11,0.7977776527404785
0,B_task_nopark,30,12,0.7859137654304504
0,B_task_nopark,30,13,0.7743071913719177
0,B_task_nopark,30,14,0.7626922130584717
0,B_task_nopark,30,15,0.7514597177505493
0,B_task_nopark,35,0,0.9050004482269287
0,B_task_nopark,35,1,0.8932815790176392
0,B_task_nopark,35,2,0.885013222694397
0,B_task_nopark,35,3,0.8747578263282776
0,B_task_nopark,35,4,0.863152027130127
0,B_task_nopark,35,5,0.8510748147964478
0,B_task_nopark,35,6,0.838822603225708
0,B_task_nopark,35,7,0.8265960216522217
0,B_task_nopark,35,8,0.814860463142395
0,B_task_nopark,35,9,0.8033770322799683
0,B_task_nopark,35,10,0.7917369604110718
0,B_task_nopark,35,11,0.7799222469329834
0,B_task_nopark,35,12,0.7680084705352783
0,B_task_nopark,35,13,0.7560922503471375
0,B_task_nopark,35,14,0.7440027594566345
0,B_task_nopark,35,15,0.7321575284004211
0,B_task_nopark,40,0,0.9235867261886597
0,B_task_nopark,40,1,0.9116569757461548
0,B_task_nopark,40,2,0.9049331545829773
0,B_task_nopark,40,3,0.8959715366363525
0,B_task_nopark,40,4,0.885479211807251
0,B_task_nopark,40,5,0.8742624521255493
0,B_task_nopark,40,6,0.8626708984375
0,B_task_nopark,40,7,0.8509583473205566
0,B_task_nopark,40,8,0.8394526243209839
0,B_task_nopark,40,9,0.8281381130218506
0,B_task_nopark,40,10,0.8167126178741455
0,B_task_nopark,40,11,0.8050374984741211
0,B_task_nopark,40,12,0.7933845520019531
0,B_task_nopark,40,13,0.7817820310592651
0,B_task_nopark,40,14,0.7702392339706421
0,B_task_nopark,40,15,0.7589825391769409
0,B_task_nopark,45,0,0.9172078967094421
0,B_task_nopark,45,1,0.9064987301826477
0,B_task_nopark,45,2,0.9009829163551331
0,B_task_nopark,45,3,0.8931980729103088
0,B_task_nopark,45,4,0.8835577368736267
0,B_task_nopark,45,5,0.8728040456771851
0,B_task_nopark,45,6,0.8613462448120117
0,B_task_nopark,45,7,0.8495158553123474
0,B_task_nopark,45,8,0.8377144932746887
0,B_task_nopark,45,9,0.8258676528930664
0,B_task_nopark,45,10,0.8139055371284485
0,B_task_nopark,45,11,0.8017525672912598
0,B_task_nopark,45,12,0.7896941304206848
0,B_task_nopark,45,13,0.777802586555481
0,B_task_nopark,45,14,0.7660812735557556
0,B_task_nopark,45,15,0.7547817230224609
0,B_task_nopark,50,0,0.9210878610610962
0,B_task_nopark,50,1,0.9104061722755432
0,B_task_nopark,50,2,0.9053047299385071
0,B_task_nopark,50,3,0.8980252146720886
0,B_task_nopark,50,4,0.8888639807701111
0,B_task_nopark,50,5,0.8783612847328186
0,B_task_nopark,50,6,0.8669264316558838
0,B_task_nopark,50,7,0.8549574613571167
0,B_task_nopark,50,8,0.8427989482879639
0,B_task_nopark,50,9,0.8305095434188843
0,B_task_nopark,50,10,0.8180521130561829
0,B_task_nopark,50,11,0.8052545189857483
0,B_task_nopark,50,12,0.7926477789878845
0,B_task_nopark,50,13,0.7803407311439514
0,B_task_nopark,50,14,0.768246054649353
0,B_task_nopark,50,15,0.7566704750061035
0,B_task_nopark,55,0,0.8969631195068359
0,B_task_nopark,55,1,0.8855758905410767
0,B_task_nopark,55,2,0.8802434206008911
0,B_task_nopark,55,3,0.8729604482650757
0,B_task_nopark,55,4,0.8637174367904663
0,B_task_nopark,55,5,0.853118896484375
0,B_task_nopark,55,6,0.8415676355361938
0,B_task_nopark,55,7,0.8293997049331665
0,B_task_nopark,55,8,0.8171089887619019
0,B_task_nopark,55,9,0.804743766784668
0,B_task_nopark,55,10,0.7921368479728699
0,B_task_nopark,55,11,0.779376745223999
0,B_task_nopark,55,12,0.767021656036377
0,B_task_nopark,55,13,0.7549147009849548
0,B_task_nopark,55,14,0.7430638074874878
0,B_task_nopark,55,15,0.7319919466972351
0,B_task_nopark,60,0,0.9155829548835754
0,B_task_nopark,60,1,0.9059953689575195
0,B_task_nopark,60,2,0.8999500870704651
0,B_task_nopark,60,3,0.8917416930198669
0,B_task_nopark,60,4,0.8817287683486938
0,B_task_nopark,60,5,0.8704360723495483
0,B_task_nopark,60,6,0.858073353767395
0,B_task_nopark,60,7,0.8451123237609863
0,B_task_nopark,60,8,0.8319694399833679
0,B_task_nopark,60,9,0.8186452984809875
0,B_task_nopark,60,10,0.8052342534065247
0,B_task_nopark,60,11,0.7916776537895203
0,B_task_nopark,60,12,0.7784439325332642
0,B_task_nopark,60,13,0.7655099630355835
0,B_task_nopark,60,14,0.752888560295105
0,B_task_nopark,60,15,0.7407464981079102
0,D_latent_nopark,1,0,-0.23446452617645264
0,D_latent_nopark,1,1,-0.25080573558807373
0,D_latent_nopark,1,2,-0.2677081823348999
0,D_latent_nopark,1,3,-0.2851196527481079
0,D_latent_nopark,1,4,-0.30288851261138916
0,D_latent_nopark,1,5,-0.32076191902160645
0,D_latent_nopark,1,6,-0.33853840827941895
0,D_latent_nopark,1,7,-0.356062650680542
0,D_latent_nopark,1,8,-0.37304019927978516
0,D_latent_nopark,1,9,-0.3894308805465698
0,D_latent_nopark,1,10,-0.40542685985565186
0,D_latent_nopark,1,11,-0.4208120107650757
0,D_latent_nopark,1,12,-0.4353766441345215
0,D_latent_nopark,1,13,-0.449149489402771
0,D_latent_nopark,1,14,-0.4618377685546875
0,D_latent_nopark,1,15,-0.4733436107635498
0,D_latent_nopark,5,0,-0.2627110481262207
0,D_latent_nopark,5,1,-0.27722787857055664
0,D_latent_nopark,5,2,-0.2925804853439331
0,D_latent_nopark,5,3,-0.30873215198516846
0,D_latent_nopark,5,4,-0.32547569274902344
0,D_latent_nopark,5,5,-0.3424621820449829
0,D_latent_nopark,5,6,-0.3595343828201294
0,D_latent_nopark,5,7,-0.37649238109588623
0,D_latent_nopark,5,8,-0.3929709196090698
0,D_latent_nopark,5,9,-0.4089926481246948
0,D_latent_nopark,5,10,-0.42472732067108154
0,D_latent_nopark,5,11,-0.4399186372756958
0,D_latent_nopark,5,12,-0.4543672800064087
0,D_latent_nopark,5,13,-0.46809303760528564
0,D_latent_nopark,5,14,-0.48076391220092773
0,D_latent_nopark,5,15,-0.4922977685928345
0,D_latent_nopark,10,0,-0.2142024040222168
0,D_latent_nopark,10,1,-0.22487783432006836
0,D_latent_nopark,10,2,-0.237662672996521
0,D_latent_nopark,10,3,-0.2522146701812744
0,D_latent_nopark,10,4,-0.2680799961090088
0,D_latent_nopark,10,5,-0.2847353219985962
0,D_latent_nopark,10,6,-0.30193090438842773
0,D_latent_nopark,10,7,-0.3193553686141968
0,D_latent_nopark,10,8,-0.3365520238876343
0,D_latent_nopark,10,9,-0.3535194396972656
0,D_latent_nopark,10,10,-0.3703850507736206
0,D_latent_nopark,10,11,-0.3868638277053833
0,D_latent_nopark,10,12,-0.40271294116973877
0,D_latent_nopark,10,13,-0.4179244041442871
0,D_latent_nopark,10,14,-0.43214988708496094
0,D_latent_nopark,10,15,-0.44528138637542725
0,D_latent_nopark,15,0,-0.2070600986480713
0,D_latent_nopark,15,1,-0.2139960527420044
0,D_latent_nopark,15,2,-0.22456681728363037
0,D_latent_nopark,15,3,-0.2378469705581665
0,D_latent_nopark,15,4,-0.25308263301849365
0,D_latent_nopark,15,5,-0.26945924758911133
0,D_latent_nopark,15,6,-0.28662729263305664
0,D_latent_nopark,15,7,-0.3042086362838745
0,D_latent_nopark,15,8,-0.321630597114563
0,D_latent_nopark,15,9,-0.3388732671737671
0,D_latent_nopark,15,10,-0.35610461235046387
0,D_latent_nopark,15,11,-0.37296533584594727
0,D_latent_nopark,15,12,-0.38917064666748047
0,D_latent_nopark,15,13,-0.4047943353652954
0,D_latent_nopark,15,14,-0.41939783096313477
0,D_latent_nopark,15,15,-0.43287837505340576
0,D_latent_nopark,20,0,-0.08655357360839844
0,D_latent_nopark,20,1,-0.08244204521179199
0,D_latent_nopark,20,2,-0.086067795753479
0,D_latent_nopark,20,3,-0.09368693828582764
0,D_latent_nopark,20,4,-0.10401690006256104
0,D_latent_nopark,20,5,-0.11689209938049316
0,D_latent_nopark,20,6,-0.13105249404907227
0,D_latent_nopark,20,7,-0.14602351188659668
0,D_latent_nopark,20,8,-0.1616579294204712
0,D_latent_nopark,20,9,-0.17725586891174316
0,D_latent_nopark,20,10,-0.19320464134216309
0,D_latent_nopark,20,11,-0.20942115783691406
0,D_latent_nopark,20,12,-0.22500133514404297
0,D_latent_nopark,20,13,-0.24028515815734863
0,D_latent_nopark,20,14,-0.2549464702606201
0,D_latent_nopark,20,15,-0.2683866024017334
0,D_latent_nopark,25,0,0.4708939790725708
0,D_latent_nopark,25,1,0.4933754801750183
0,D_latent_nopark,25,2,0.499498188495636
0,D_latent_nopark,25,3,0.49856436252593994
0,D_latent_nopark,25,4,0.49357181787490845
0,D_latent_nopark,25,5,0.48563772439956665
0,D_latent_nopark,25,6,0.47552794218063354
0,D_latent_nopark,25,7,0.4649307131767273
0,D_latent_nopark,25,8,0.4535961151123047
0,D_latent_nopark,25,9,0.4415331482887268
0,D_latent_nopark,25,10,0.429521381855011
0,D_latent_nopark,25,11,0.41672641038894653
0,D_latent_nopark,25,12,0.403947114944458
0,D_latent_nopark,25,13,0.39185434579849243
0,D_latent_nopark,25,14,0.3797491192817688
0,D_latent_nopark,25,15,0.3685622215270996
0,D_latent_nopark,30,0,0.7537236213684082
0,D_latent_nopark,30,1,0.7386013269424438
0,D_latent_nopark,30,2,0.7282341122627258
0,D_latent_nopark,30,3,0.7187738418579102
0,D_latent_nopark,30,4,0.7097296118736267
0,D_latent_nopark,30,5,0.7008602619171143
0,D_latent_nopark,30,6,0.6915174722671509
0,D_latent_nopark,30,7,0.68262779712677
0,D_latent_nopark,30,8,0.6742662191390991
0,D_latent_nopark,30,9,0.6657582521438599
0,D_latent_nopark,30,10,0.6576796174049377
0,D_latent_nopark,30,11,0.6494249105453491
0,D_latent_nopark,30,12,0.6412076950073242
0,D_latent_nopark,30,13,0.6338278651237488
0,D_latent_nopark,30,14,0.6265902519226074
0,D_latent_nopark,30,15,0.6197218894958496
0,D_latent_nopark,35,0,0.8187965750694275
0,D_latent_nopark,35,1,0.8100181221961975
0,D_latent_nopark,35,2,0.8010029792785645
0,D_latent_nopark,35,3,0.7917903661727905
0,D_latent_nopark,35,4,0.7830225229263306
0,D_latent_nopark,35,5,0.774409294128418
0,D_latent_nopark,35,6,0.7659640908241272
0,D_latent_nopark,35,7,0.7583730816841125
0,D_latent_nopark,35,8,0.7514159083366394
0,D_latent_nopark,35,9,0.7449294328689575
0,D_latent_nopark,35,10,0.7391399145126343
0,D_latent_nopark,35,11,0.7331319451332092
0,D_latent_nopark,35,12,0.7274947166442871
0,D_latent_nopark,35,13,0.7225134372711182
0,D_latent_nopark,35,14,0.7174050211906433
0,D_latent_nopark,35,15,0.7127475738525391
0,D_latent_nopark,40,0,0.8549501299858093
0,D_latent_nopark,40,1,0.848987340927124
0,D_latent_nopark,40,2,0.8419576287269592
0,D_latent_nopark,40,3,0.8339424133300781
0,D_latent_nopark,40,4,0.8256430625915527
0,D_latent_nopark,40,5,0.8169288635253906
0,D_latent_nopark,40,6,0.8080217838287354
0,D_latent_nopark,40,7,0.7993273735046387
0,D_latent_nopark,40,8,0.7910465002059937
0,D_latent_nopark,40,9,0.7832529544830322
0,D_latent_nopark,40,10,0.7757649421691895
0,D_latent_nopark,40,11,0.7682780027389526
0,D_latent_nopark,40,12,0.7613522410392761
0,D_latent_nopark,40,13,0.7548754811286926
0,D_latent_nopark,40,14,0.7485339641571045
0,D_latent_nopark,40,15,0.7428183555603027
0,D_latent_nopark,45,0,0.8621905446052551
0,D_latent_nopark,45,1,0.854462742805481
0,D_latent_nopark,45,2,0.8470218777656555
0,D_latent_nopark,45,3,0.8381029367446899
0,D_latent_nopark,45,4,0.8284400105476379
0,D_latent_nopark,45,5,0.8183673620223999
0,D_latent_nopark,45,6,0.8079246282577515
0,D_latent_nopark,45,7,0.7974082231521606
0,D_latent_nopark,45,8,0.7873618006706238
0,D_latent_nopark,45,9,0.7777862548828125
0,D_latent_nopark,45,10,0.7684231996536255
0,D_latent_nopark,45,11,0.7591661810874939
0,D_latent_nopark,45,12,0.750606894493103
0,D_latent_nopark,45,13,0.7425524592399597
0,D_latent_nopark,45,14,0.73502516746521
0,D_latent_nopark,45,15,0.7283427119255066
0,D_latent_nopark,50,0,0.8533296585083008
0,D_latent_nopark,50,1,0.845416784286499
0,D_latent_nopark,50,2,0.839259147644043
0,D_latent_nopark,50,3,0.831894040107727
0,D_latent_nopark,50,4,0.8238852024078369
0,D_latent_nopark,50,5,0.8153983950614929
0,D_latent_nopark,50,6,0.8063833117485046
0,D_latent_nopark,50,7,0.7972061634063721
0,D_latent_nopark,50,8,0.7883896827697754
0,D_latent_nopark,50,9,0.7799592614173889
0,D_latent_nopark,50,10,0.7717161178588867
0,D_latent_nopark,50,11,0.7634540796279907
0,D_latent_nopark,50,12,0.7559421062469482
0,D_latent_nopark,50,13,0.7490030527114868
0,D_latent_nopark,50,14,0.7424310445785522
0,D_latent_nopark,50,15,0.7368099689483643
0,D_latent_nopark,55,0,0.8433181047439575
0,D_latent_nopark,55,1,0.8337169885635376
0,D_latent_nopark,55,2,0.8276976943016052
0,D_latent_nopark,55,3,0.8211454153060913
0,D_latent_nopark,55,4,0.8141952157020569
0,D_latent_nopark,55,5,0.807092010974884
0,D_latent_nopark,55,6,0.7995507121086121
0,D_latent_nopark,55,7,0.7918640971183777
0,D_latent_nopark,55,8,0.784654974937439
0,D_latent_nopark,55,9,0.7778744697570801
0,D_latent_nopark,55,10,0.7712019085884094
0,D_latent_nopark,55,11,0.7646116018295288
0,D_latent_nopark,55,12,0.7587807774543762
0,D_latent_nopark,55,13,0.7534626126289368
0,D_latent_nopark,55,14,0.7486186027526855
0,D_latent_nopark,55,15,0.7446157932281494
0,D_latent_nopark,60,0,0.8696378469467163
0,D_latent_nopark,60,1,0.8603127598762512
0,D_latent_nopark,60,2,0.8522608280181885
0,D_latent_nopark,60,3,0.8430815935134888
0,D_latent_nopark,60,4,0.8330939412117004
0,D_latent_nopark,60,5,0.8226474523544312
0,D_latent_nopark,60,6,0.8118129968643188
0,D_latent_nopark,60,7,0.8009653687477112
0,D_latent_nopark,60,8,0.7906750440597534
0,D_latent_nopark,60,9,0.7810894250869751
0,D_latent_nopark,60,10,0.7718130946159363
0,D_latent_nopark,60,11,0.7629507780075073
0,D_latent_nopark,60,12,0.7551925182342529
0,D_latent_nopark,60,13,0.7481862902641296
0,D_latent_nopark,60,14,0.7419337034225464
0,D_latent_nopark,60,15,0.7368903160095215
1,A_recon,1,0,-0.0025086402893066406
1,A_recon,1,1,-0.01543581485748291
1,A_recon,1,2,-0.029265403747558594
1,A_recon,1,3,-0.04401588439941406
1,A_recon,1,4,-0.05952870845794678
1,A_recon,1,5,-0.075478196144104
1,A_recon,1,6,-0.09183621406555176
1,A_recon,1,7,-0.10834836959838867
1,A_recon,1,8,-0.1246645450592041
1,A_recon,1,9,-0.14082205295562744
1,A_recon,1,10,-0.1569603681564331
1,A_recon,1,11,-0.17283999919891357
1,A_recon,1,12,-0.1882539987564087
1,A_recon,1,13,-0.20318210124969482
1,A_recon,1,14,-0.2173478603363037
1,A_recon,1,15,-0.23060715198516846
1,A_recon,5,0,-0.09690320491790771
1,A_recon,5,1,-0.10123598575592041
1,A_recon,5,2,-0.10860645771026611
1,A_recon,5,3,-0.1184537410736084
1,A_recon,5,4,-0.130165696144104
1,A_recon,5,5,-0.14312434196472168
1,A_recon,5,6,-0.1571030616760254
1,A_recon,5,7,-0.17169499397277832
1,A_recon,5,8,-0.18641579151153564
1,A_recon,5,9,-0.20128774642944336
1,A_recon,5,10,-0.21638619899749756
1,A_recon,5,11,-0.23143255710601807
1,A_recon,5,12,-0.24616765975952148
1,A_recon,5,13,-0.26054227352142334
1,A_recon,5,14,-0.2742363214492798
1,A_recon,5,15,-0.28710389137268066
1,A_recon,10,0,0.1164889931678772
1,A_recon,10,1,0.12505173683166504
1,A_recon,10,2,0.12294137477874756
1,A_recon,10,3,0.11492443084716797
1,A_recon,10,4,0.10627502202987671
1,A_recon,10,5,0.0948411226272583
1,A_recon,10,6,0.08206355571746826
1,A_recon,10,7,0.07148385047912598
1,A_recon,10,8,0.059836745262145996
1,A_recon,10,9,0.04789036512374878
1,A_recon,10,10,0.03838533163070679
1,A_recon,10,11,0.027620375156402588
1,A_recon,10,12,0.01704549789428711
1,A_recon,10,13,0.009055674076080322
1,A_recon,10,14,0.00012183189392089844
1,A_recon,10,15,-0.008078455924987793
1,A_recon,15,0,0.14282846450805664
1,A_recon,15,1,0.1406543254852295
1,A_recon,15,2,0.1346561312675476
1,A_recon,15,3,0.12531191110610962
1,A_recon,15,4,0.11764556169509888
1,A_recon,15,5,0.1078653335571289
1,A_recon,15,6,0.09676545858383179
1,A_recon,15,7,0.08815866708755493
1,A_recon,15,8,0.07817012071609497
1,A_recon,15,9,0.06807297468185425
1,A_recon,15,10,0.06041222810745239
1,A_recon,15,11,0.05038785934448242
1,A_recon,15,12,0.041055500507354736
1,A_recon,15,13,0.034198105335235596
1,A_recon,15,14,0.025938034057617188
1,A_recon,15,15,0.018652260303497314
1,A_recon,20,0,0.17323976755142212
1,A_recon,20,1,0.16767412424087524
1,A_recon,20,2,0.15957796573638916
1,A_recon,20,3,0.14888334274291992
1,A_recon,20,4,0.13964515924453735
1,A_recon,20,5,0.12942248582839966
1,A_recon,20,6,0.117584228515625
1,A_recon,20,7,0.10798507928848267
1,A_recon,20,8,0.09824097156524658
1,A_recon,20,9,0.08777493238449097
1,A_recon,20,10,0.07926779985427856
1,A_recon,20,11,0.06944650411605835
1,A_recon,20,12,0.05992180109024048
1,A_recon,20,13,0.05248802900314331
1,A_recon,20,14,0.04448193311691284
1,A_recon,20,15,0.037044405937194824
1,A_recon,25,0,0.18960565328598022
1,A_recon,25,1,0.18216049671173096
1,A_recon,25,2,0.1730465292930603
1,A_recon,25,3,0.16161948442459106
1,A_recon,25,4,0.15216964483261108
1,A_recon,25,5,0.14163923263549805
1,A_recon,25,6,0.12944334745407104
1,A_recon,25,7,0.12023741006851196
1,A_recon,25,8,0.11062121391296387
1,A_recon,25,9,0.10000741481781006
1,A_recon,25,10,0.09191590547561646
1,A_recon,25,11,0.08220231533050537
1,A_recon,25,12,0.0724976658821106
1,A_recon,25,13,0.06541091203689575
1,A_recon,25,14,0.05744826793670654
1,A_recon,25,15,0.04972708225250244
1,A_recon,30,0,0.6580305099487305
1,A_recon,30,1,0.6612609028816223
1,A_recon,30,2,0.6628749966621399
1,A_recon,30,3,0.6608396768569946
1,A_recon,30,4,0.6582349538803101
1,A_recon,30,5,0.6558033227920532
1,A_recon,30,6,0.6515019536018372
1,A_recon,30,7,0.6486122608184814
1,A_recon,30,8,0.6462416052818298
1,A_recon,30,9,0.6426230072975159
1,A_recon,30,10,0.640045166015625
1,A_recon,30,11,0.6359089016914368
1,A_recon,30,12,0.6313177347183228
1,A_recon,30,13,0.6277637481689453
1,A_recon,30,14,0.6225490570068359
1,A_recon,30,15,0.6172034740447998
1,A_recon,35,0,0.835239052772522
1,A_recon,35,1,0.8414264917373657
1,A_recon,35,2,0.8447048664093018
1,A_recon,35,3,0.8443121910095215
1,A_recon,35,4,0.8428179025650024
1,A_recon,35,5,0.8395248055458069
1,A_recon,35,6,0.8334196209907532
1,A_recon,35,7,0.8284734487533569
1,A_recon,35,8,0.8228746056556702
1,A_recon,35,9,0.815706729888916
1,A_recon,35,10,0.8099949955940247
1,A_recon,35,11,0.8020334243774414
1,A_recon,35,12,0.7923830151557922
1,A_recon,35,13,0.7844641804695129
1,A_recon,35,14,0.7735832929611206
1,A_recon,35,15,0.7615401148796082
1,A_recon,40,0,0.9056081175804138
1,A_recon,40,1,0.909138023853302
1,A_recon,40,2,0.9123173356056213
1,A_recon,40,3,0.9126728177070618
1,A_recon,40,4,0.9121167659759521
1,A_recon,40,5,0.9109706878662109
1,A_recon,40,6,0.9074973464012146
1,A_recon,40,7,0.9039274454116821
1,A_recon,40,8,0.9000811576843262
1,A_recon,40,9,0.89458829164505
1,A_recon,40,10,0.8893041014671326
1,A_recon,40,11,0.8826929926872253
1,A_recon,40,12,0.8755746483802795
1,A_recon,40,13,0.8692996501922607
1,A_recon,40,14,0.8622939586639404
1,A_recon,40,15,0.8562387228012085
1,A_recon,45,0,0.9276729226112366
1,A_recon,45,1,0.932390034198761
1,A_recon,45,2,0.9359995126724243
1,A_recon,45,3,0.936935305595398
1,A_recon,45,4,0.9369588494300842
1,A_recon,45,5,0.9371942281723022
1,A_recon,45,6,0.9355894327163696
1,A_recon,45,7,0.9339235424995422
1,A_recon,45,8,0.9329490661621094
1,A_recon,45,9,0.9309148788452148
1,A_recon,45,10,0.9284008741378784
1,A_recon,45,11,0.925581693649292
1,A_recon,45,12,0.9225371479988098
1,A_recon,45,13,0.919782280921936
1,A_recon,45,14,0.9168288707733154
1,A_recon,45,15,0.9138395190238953
1,A_recon,50,0,0.9519289135932922
1,A_recon,50,1,0.9550564289093018
1,A_recon,50,2,0.9571287035942078
1,A_recon,50,3,0.9573221206665039
1,A_recon,50,4,0.9570253491401672
1,A_recon,50,5,0.9571735262870789
1,A_recon,50,6,0.9561388492584229
1,A_recon,50,7,0.9551378488540649
1,A_recon,50,8,0.9550439119338989
1,A_recon,50,9,0.9544059634208679
1,A_recon,50,10,0.9532918334007263
1,A_recon,50,11,0.9520882368087769
1,A_recon,50,12,0.950869083404541
1,A_recon,50,13,0.9496974349021912
1,A_recon,50,14,0.9483248591423035
1,A_recon,50,15,0.9471790194511414
1,A_recon,55,0,0.9462399482727051
1,A_recon,55,1,0.9496331810951233
1,A_recon,55,2,0.9511232972145081
1,A_recon,55,3,0.9507446885108948
1,A_recon,55,4,0.9504566788673401
1,A_recon,55,5,0.9504972696304321
1,A_recon,55,6,0.949200451374054
1,A_recon,55,7,0.948482096195221
1,A_recon,55,8,0.9485875964164734
1,A_recon,55,9,0.9479045867919922
1,A_recon,55,10,0.947073221206665
1,A_recon,55,11,0.9462020397186279
1,A_recon,55,12,0.9450316429138184
1,A_recon,55,13,0.9443157911300659
1,A_recon,55,14,0.9438744783401489
1,A_recon,55,15,0.9435584545135498
1,A_recon,60,0,0.9482046961784363
1,A_recon,60,1,0.9508860111236572
1,A_recon,60,2,0.951978325843811
1,A_recon,60,3,0.9513551592826843
1,A_recon,60,4,0.9506954550743103
1,A_recon,60,5,0.9504969120025635
1,A_recon,60,6,0.9487208127975464
1,A_recon,60,7,0.9471063613891602
1,A_recon,60,8,0.9464729428291321
1,A_recon,60,9,0.9450081586837769
1,A_recon,60,10,0.9430240392684937
1,A_recon,60,11,0.9411897659301758
1,A_recon,60,12,0.9391884207725525
1,A_recon,60,13,0.9375746846199036
1,A_recon,60,14,0.9367666840553284
1,A_recon,60,15,0.9363976120948792
1,A_recon,65,0,0.9546644687652588
1,A_recon,65,1,0.9576383829116821
1,A_recon,65,2,0.9585743546485901
1,A_recon,65,3,0.957955002784729
1,A_recon,65,4,0.957531213760376
1,A_recon,65,5,0.9576361179351807
1,A_recon,65,6,0.9565368294715881
1,A_recon,65,7,0.9555884003639221
1,A_recon,65,8,0.9554262161254883
1,A_recon,65,9,0.9544528722763062
1,A_recon,65,10,0.9530670046806335
1,A_recon,65,11,0.9517239928245544
1,A_recon,65,12,0.9501532316207886
1,A_recon,65,13,0.9492247700691223
1,A_recon,65,14,0.9490450024604797
1,A_recon,65,15,0.9489378333091736
1,A_recon,70,0,0.9606384038925171
1,A_recon,70,1,0.9623600244522095
1,A_recon,70,2,0.9625513553619385
1,A_recon,70,3,0.9612924456596375
1,A_recon,70,4,0.9602428078651428
1,A_recon,70,5,0.9598448872566223
1,A_recon,70,6,0.9582551717758179
1,A_recon,70,7,0.9568817615509033
1,A_recon,70,8,0.9564897418022156
1,A_recon,70,9,0.9552436470985413
1,A_recon,70,10,0.9536007046699524
1,A_recon,70,11,0.952189028263092
1,A_recon,70,12,0.9503898024559021
1,A_recon,70,13,0.9491093158721924
1,A_recon,70,14,0.9484927654266357
1,A_recon,70,15,0.947973370552063
1,B_task,1,0,-0.0025283098220825195
1,B_task,1,1,-0.015476107597351074
1,B_task,1,2,-0.029319286346435547
1,B_task,1,3,-0.04409301280975342
1,B_task,1,4,-0.059621334075927734
1,B_task,1,5,-0.07559561729431152
1,B_task,1,6,-0.09196650981903076
1,B_task,1,7,-0.10850107669830322
1,B_task,1,8,-0.12483382225036621
1,B_task,1,9,-0.1410154104232788
1,B_task,1,10,-0.1571657657623291
1,B_task,1,11,-0.1730642318725586
1,B_task,1,12,-0.18849122524261475
1,B_task,1,13,-0.2034306526184082
1,B_task,1,14,-0.21761023998260498
1,B_task,1,15,-0.23088610172271729
1,B_task,5,0,-0.09113430976867676
1,B_task,5,1,-0.0965280532836914
1,B_task,5,2,-0.10463035106658936
1,B_task,5,3,-0.11499261856079102
1,B_task,5,4,-0.12705886363983154
1,B_task,5,5,-0.14027440547943115
1,B_task,5,6,-0.15443110466003418
1,B_task,5,7,-0.16914212703704834
1,B_task,5,8,-0.18394219875335693
1,B_task,5,9,-0.19885897636413574
1,B_task,5,10,-0.21397483348846436
1,B_task,5,11,-0.22902250289916992
1,B_task,5,12,-0.24374890327453613
1,B_task,5,13,-0.2580963373184204
1,B_task,5,14,-0.27175629138946533
1,B_task,5,15,-0.28458738327026367
1,B_task,10,0,0.09617877006530762
1,B_task,10,1,0.10503309965133667
1,B_task,10,2,0.10308456420898438
1,B_task,10,3,0.09529769420623779
1,B_task,10,4,0.08782708644866943
1,B_task,10,5,0.0767660140991211
1,B_task,10,6,0.06426656246185303
1,B_task,10,7,0.05477505922317505
1,B_task,10,8,0.04335397481918335
1,B_task,10,9,0.031828343868255615
1,B_task,10,10,0.02316492795944214
1,B_task,10,11,0.012465238571166992
1,B_task,10,12,0.0020439624786376953
1,B_task,10,13,-0.005372047424316406
1,B_task,10,14,-0.01445162296295166
1,B_task,10,15,-0.02267754077911377
1,B_task,15,0,0.15243375301361084
1,B_task,15,1,0.14740771055221558
1,B_task,15,2,0.13956105709075928
1,B_task,15,3,0.12892019748687744
1,B_task,15,4,0.12065863609313965
1,B_task,15,5,0.11044228076934814
1,B_task,15,6,0.09871065616607666
1,B_task,15,7,0.08988732099533081
1,B_task,15,8,0.07965081930160522
1,B_task,15,9,0.06914454698562622
1,B_task,15,10,0.061419546604156494
1,B_task,15,11,0.0514337420463562
1,B_task,15,12,0.041790544986724854
1,B_task,15,13,0.03510713577270508
1,B_task,15,14,0.02680879831314087
1,B_task,15,15,0.01921677589416504
1,B_task,20,0,0.17994022369384766
1,B_task,20,1,0.1704554557800293
1,B_task,20,2,0.16149157285690308
1,B_task,20,3,0.1498047113418579
1,B_task,20,4,0.13987493515014648
1,B_task,20,5,0.12973082065582275
1,B_task,20,6,0.1174810528755188
1,B_task,20,7,0.1073915958404541
1,B_task,20,8,0.09771585464477539
1,B_task,20,9,0.08714032173156738
1,B_task,20,10,0.07824724912643433
1,B_task,20,11,0.06841528415679932
1,B_task,20,12,0.05901414155960083
1,B_task,20,13,0.05129951238632202
1,B_task,20,14,0.043311357498168945
1,B_task,20,15,0.035952866077423096
1,B_task,25,0,0.18792778253555298
1,B_task,25,1,0.17840242385864258
1,B_task,25,2,0.17034250497817993
1,B_task,25,3,0.15935266017913818
1,B_task,25,4,0.14995914697647095
1,B_task,25,5,0.14089363813400269
1,B_task,25,6,0.12905102968215942
1,B_task,25,7,0.11974340677261353
1,B_task,25,8,0.11106717586517334
1,B_task,25,9,0.10070145130157471
1,B_task,25,10,0.09235811233520508
1,B_task,25,11,0.08293032646179199
1,B_task,25,12,0.07332819700241089
1,B_task,25,13,0.06583195924758911
1,B_task,25,14,0.057958781719207764
1,B_task,25,15,0.05033433437347412
1,B_task,30,0,0.3349876403808594
1,B_task,30,1,0.3221021294593811
1,B_task,30,2,0.31224972009658813
1,B_task,30,3,0.2986927032470703
1,B_task,30,4,0.28675246238708496
1,B_task,30,5,0.2763233780860901
1,B_task,30,6,0.2625458240509033
1,B_task,30,7,0.25143808126449585
1,B_task,30,8,0.24207669496536255
1,B_task,30,9,0.23051685094833374
1,B_task,30,10,0.22067242860794067
1,B_task,30,11,0.21111929416656494
1,B_task,30,12,0.20062202215194702
1,B_task,30,13,0.1919737458229065
1,B_task,30,14,0.1837446689605713
1,B_task,30,15,0.17534315586090088
1,B_task,35,0,0.5240024328231812
1,B_task,35,1,0.5191190242767334
1,B_task,35,2,0.5129134058952332
1,B_task,35,3,0.5039061307907104
1,B_task,35,4,0.49579495191574097
1,B_task,35,5,0.4868814945220947
1,B_task,35,6,0.47517824172973633
1,B_task,35,7,0.46581876277923584
1,B_task,35,8,0.45580244064331055
1,B_task,35,9,0.4434811472892761
1,B_task,35,10,0.4334433674812317
1,B_task,35,11,0.4215485453605652
1,B_task,35,12,0.4082016348838806
1,B_task,35,13,0.39725059270858765
1,B_task,35,14,0.38542306423187256
1,B_task,35,15,0.37258410453796387
1,B_task,40,0,0.6879299879074097
1,B_task,40,1,0.6925344467163086
1,B_task,40,2,0.6941688656806946
1,B_task,40,3,0.6928899884223938
1,B_task,40,4,0.6912583708763123
1,B_task,40,5,0.6899071335792542
1,B_task,40,6,0.6854941844940186
1,B_task,40,7,0.6818065643310547
1,B_task,40,8,0.6784757375717163
1,B_task,40,9,0.6727892160415649
1,B_task,40,10,0.6679000854492188
1,B_task,40,11,0.662050724029541
1,B_task,40,12,0.6542972326278687
1,B_task,40,13,0.648335874080658
1,B_task,40,14,0.641929030418396
1,B_task,40,15,0.6335469484329224
1,B_task,45,0,0.7162970304489136
1,B_task,45,1,0.7208476662635803
1,B_task,45,2,0.720889687538147
1,B_task,45,3,0.7174321413040161
1,B_task,45,4,0.7145999670028687
1,B_task,45,5,0.71189284324646
1,B_task,45,6,0.7059898972511292
1,B_task,45,7,0.7019003629684448
1,B_task,45,8,0.6982948780059814
1,B_task,45,9,0.6925557851791382
1,B_task,45,10,0.6882953643798828
1,B_task,45,11,0.682933509349823
1,B_task,45,12,0.6762990355491638
1,B_task,45,13,0.6721704006195068
1,B_task,45,14,0.6673986911773682
1,B_task,45,15,0.6610522866249084
1,B_task,50,0,0.7278525233268738
1,B_task,50,1,0.731104850769043
1,B_task,50,2,0.7313649654388428
1,B_task,50,3,0.7289562821388245
1,B_task,50,4,0.7274028062820435
1,B_task,50,5,0.7254352569580078
1,B_task,50,6,0.7201866507530212
1,B_task,50,7,0.7169787883758545
1,B_task,50,8,0.7138290405273438
1,B_task,50,9,0.7082794904708862
1,B_task,50,10,0.7044677734375
1,B_task,50,11,0.6993340849876404
1,B_task,50,12,0.6925860643386841
1,B_task,50,13,0.6879696846008301
1,B_task,50,14,0.6827293634414673
1,B_task,50,15,0.675756573677063
1,B_task,55,0,0.7396962642669678
1,B_task,55,1,0.7421186566352844
1,B_task,55,2,0.7426059246063232
1,B_task,55,3,0.7407280206680298
1,B_task,55,4,0.7392531633377075
1,B_task,55,5,0.7376879453659058
1,B_task,55,6,0.7334838509559631
1,B_task,55,7,0.7308181524276733
1,B_task,55,8,0.7282295227050781
1,B_task,55,9,0.7231811285018921
1,B_task,55,10,0.719459056854248
1,B_task,55,11,0.7143847346305847
1,B_task,55,12,0.7076847553253174
1,B_task,55,13,0.7029194831848145
1,B_task,55,14,0.6973803639411926
1,B_task,55,15,0.690514087677002
1,B_task,60,0,0.7278099060058594
1,B_task,60,1,0.7288999557495117
1,B_task,60,2,0.7287852168083191
1,B_task,60,3,0.726304829120636
1,B_task,60,4,0.7246183753013611
1,B_task,60,5,0.722145676612854
1,B_task,60,6,0.7175002694129944
1,B_task,60,7,0.7148805856704712
1,B_task,60,8,0.7122223973274231
1,B_task,60,9,0.7076200246810913
1,B_task,60,10,0.704788327217102
1,B_task,60,11,0.7005850076675415
1,B_task,60,12,0.6945496201515198
1,B_task,60,13,0.6903226971626282
1,B_task,60,14,0.6849390268325806
1,B_task,60,15,0.6782472133636475
1,B_task,65,0,0.7658140063285828
1,B_task,65,1,0.7672582268714905
1,B_task,65,2,0.7686502933502197
1,B_task,65,3,0.7684692144393921
1,B_task,65,4,0.7693965435028076
1,B_task,65,5,0.7696204781532288
1,B_task,65,6,0.7678093910217285
1,B_task,65,7,0.7675195932388306
1,B_task,65,8,0.7667606472969055
1,B_task,65,9,0.7640276551246643
1,B_task,65,10,0.7626971006393433
1,B_task,65,11,0.7600274682044983
1,B_task,65,12,0.755898118019104
1,B_task,65,13,0.7531203031539917
1,B_task,65,14,0.7490938305854797
1,B_task,65,15,0.7437765598297119
1,B_task,70,0,0.7520413994789124
1,B_task,70,1,0.7524397373199463
1,B_task,70,2,0.7537897825241089
1,B_task,70,3,0.753326952457428
1,B_task,70,4,0.7535814642906189
1,B_task,70,5,0.7534258961677551
1,B_task,70,6,0.7512296438217163
1,B_task,70,7,0.7501839995384216
1,B_task,70,8,0.7492562532424927
1,B_task,70,9,0.7468277215957642
1,B_task,70,10,0.7459198236465454
1,B_task,70,11,0.7442409992218018
1,B_task,70,12,0.7416393756866455
1,B_task,70,13,0.7408701181411743
1,B_task,70,14,0.7392396926879883
1,B_task,70,15,0.7368751764297485
1,B_task,75,0,0.738290548324585
1,B_task,75,1,0.7374855875968933
1,B_task,75,2,0.7385166883468628
1,B_task,75,3,0.7380843758583069
1,B_task,75,4,0.7382833361625671
1,B_task,75,5,0.7383420467376709
1,B_task,75,6,0.7366611361503601
1,B_task,75,7,0.7359139919281006
1,B_task,75,8,0.7350704669952393
1,B_task,75,9,0.7325204014778137
1,B_task,75,10,0.7312124967575073
1,B_task,75,11,0.728671669960022
1,B_task,75,12,0.7249892950057983
1,B_task,75,13,0.7229068279266357
1,B_task,75,14,0.720057487487793
1,B_task,75,15,0.7166316509246826
1,B_task,80,0,0.7315857410430908
1,B_task,80,1,0.7311024069786072
1,B_task,80,2,0.7324177026748657
1,B_task,80,3,0.7318906784057617
1,B_task,80,4,0.7320460081100464
1,B_task,80,5,0.7319104671478271
1,B_task,80,6,0.7299817800521851
1,B_task,80,7,0.7288272380828857
1,B_task,80,8,0.7276157736778259
1,B_task,80,9,0.7248203754425049
1,B_task,80,10,0.7230486869812012
1,B_task,80,11,0.7206753492355347
1,B_task,80,12,0.7175629138946533
1,B_task,80,13,0.716195821762085
1,B_task,80,14,0.7142762541770935
1,B_task,80,15,0.7121137976646423
1,B_task,85,0,0.7553858757019043
1,B_task,85,1,0.7564210891723633
1,B_task,85,2,0.7589318752288818
1,B_task,85,3,0.7595377564430237
1,B_task,85,4,0.7608046531677246
1,B_task,85,5,0.7620447874069214
1,B_task,85,6,0.7612824440002441
1,B_task,85,7,0.7609090209007263
1,B_task,85,8,0.7606068253517151
1,B_task,85,9,0.7586665153503418
1,B_task,85,10,0.7578303217887878
1,B_task,85,11,0.7562943696975708
1,B_task,85,12,0.7537492513656616
1,B_task,85,13,0.7526308298110962
1,B_task,85,14,0.7506495714187622
1,B_task,85,15,0.7480720281600952
1,C_scene,1,0,0.005149722099304199
1,C_scene,1,1,-0.008069515228271484
1,C_scene,1,2,-0.02225315570831299
1,C_scene,1,3,-0.03745424747467041
1,C_scene,1,4,-0.05345582962036133
1,C_scene,1,5,-0.06996345520019531
1,C_scene,1,6,-0.08694028854370117
1,C_scene,1,7,-0.10409760475158691
1,C_scene,1,8,-0.12109637260437012
1,C_scene,1,9,-0.13799035549163818
1,C_scene,1,10,-0.15486419200897217
1,C_scene,1,11,-0.17151284217834473
1,C_scene,1,12,-0.1877206563949585
1,C_scene,1,13,-0.20342683792114258
1,C_scene,1,14,-0.2183821201324463
1,C_scene,1,15,-0.23244059085845947
1,C_scene,5,0,-0.034100890159606934
1,C_scene,5,1,-0.03848624229431152
1,C_scene,5,2,-0.046152472496032715
1,C_scene,5,3,-0.056482791900634766
1,C_scene,5,4,-0.06881701946258545
1,C_scene,5,5,-0.08246338367462158
1,C_scene,5,6,-0.09726071357727051
1,C_scene,5,7,-0.11276042461395264
1,C_scene,5,8,-0.1284472942352295
1,C_scene,5,9,-0.1443871259689331
1,C_scene,5,10,-0.16065943241119385
1,C_scene,5,11,-0.1769653558731079
1,C_scene,5,12,-0.19304049015045166
1,C_scene,5,13,-0.20882952213287354
1,C_scene,5,14,-0.2239999771118164
1,C_scene,5,15,-0.2383894920349121
1,C_scene,10,0,0.09857481718063354
1,C_scene,10,1,0.10732501745223999
1,C_scene,10,2,0.10282909870147705
1,C_scene,10,3,0.0940125584602356
1,C_scene,10,4,0.08599799871444702
1,C_scene,10,5,0.07404053211212158
1,C_scene,10,6,0.06138652563095093
1,C_scene,10,7,0.0520206093788147
1,C_scene,10,8,0.0403481125831604
1,C_scene,10,9,0.02869260311126709
1,C_scene,10,10,0.020524203777313232
1,C_scene,10,11,0.010634839534759521
1,C_scene,10,12,0.0004604458808898926
1,C_scene,10,13,-0.0062198638916015625
1,C_scene,10,14,-0.014184117317199707
1,C_scene,10,15,-0.021785497665405273
1,C_scene,15,0,-0.034182190895080566
1,C_scene,15,1,-0.04319882392883301
1,C_scene,15,2,-0.053661465644836426
1,C_scene,15,3,-0.06503307819366455
1,C_scene,15,4,-0.07519423961639404
1,C_scene,15,5,-0.08667051792144775
1,C_scene,15,6,-0.09909617900848389
1,C_scene,15,7,-0.10928738117218018
1,C_scene,15,8,-0.11976134777069092
1,C_scene,15,9,-0.13031232357025146
1,C_scene,15,10,-0.1385059356689453
1,C_scene,15,11,-0.14737379550933838
1,C_scene,15,12,-0.1558629274368286
1,C_scene,15,13,-0.16175103187561035
1,C_scene,15,14,-0.16784894466400146
1,C_scene,15,15,-0.17333698272705078
1,C_scene,20,0,0.350871205329895
1,C_scene,20,1,0.34160250425338745
1,C_scene,20,2,0.33421146869659424
1,C_scene,20,3,0.3260936737060547
1,C_scene,20,4,0.31896114349365234
1,C_scene,20,5,0.3100780248641968
1,C_scene,20,6,0.2997305989265442
1,C_scene,20,7,0.2909482717514038
1,C_scene,20,8,0.2817807197570801
1,C_scene,20,9,0.2721942067146301
1,C_scene,20,10,0.2640646696090698
1,C_scene,20,11,0.2546924948692322
1,C_scene,20,12,0.24531561136245728
1,C_scene,20,13,0.23776978254318237
1,C_scene,20,14,0.2297561764717102
1,C_scene,20,15,0.22211360931396484
1,C_scene,25,0,0.4793287515640259
1,C_scene,25,1,0.4736940264701843
1,C_scene,25,2,0.4679079055786133
1,C_scene,25,3,0.46141892671585083
1,C_scene,25,4,0.4562525749206543
1,C_scene,25,5,0.4478721022605896
1,C_scene,25,6,0.4380965828895569
1,C_scene,25,7,0.43075042963027954
1,C_scene,25,8,0.42117178440093994
1,C_scene,25,9,0.4107655882835388
1,C_scene,25,10,0.4023638963699341
1,C_scene,25,11,0.3908346891403198
1,C_scene,25,12,0.3788873553276062
1,C_scene,25,13,0.36918914318084717
1,C_scene,25,14,0.3576083779335022
1,C_scene,25,15,0.3459942936897278
1,C_scene,30,0,0.5540339946746826
1,C_scene,30,1,0.5542234182357788
1,C_scene,30,2,0.5535004138946533
1,C_scene,30,3,0.5513230562210083
1,C_scene,30,4,0.549497663974762
1,C_scene,30,5,0.5451014041900635
1,C_scene,30,6,0.5391860008239746
1,C_scene,30,7,0.5352401733398438
1,C_scene,30,8,0.5299818515777588
1,C_scene,30,9,0.5239678621292114
1,C_scene,30,10,0.5191529989242554
1,C_scene,30,11,0.5114676356315613
1,C_scene,30,12,0.5031443238258362
1,C_scene,30,13,0.4959336519241333
1,C_scene,30,14,0.48717784881591797
1,C_scene,30,15,0.47765886783599854
1,C_scene,35,0,0.5669505596160889
1,C_scene,35,1,0.563589334487915
1,C_scene,35,2,0.5609757304191589
1,C_scene,35,3,0.5579743385314941
1,C_scene,35,4,0.5554368495941162
1,C_scene,35,5,0.550678014755249
1,C_scene,35,6,0.5449939966201782
1,C_scene,35,7,0.5405731201171875
1,C_scene,35,8,0.5347103476524353
1,C_scene,35,9,0.5290191173553467
1,C_scene,35,10,0.524639368057251
1,C_scene,35,11,0.5182764530181885
1,C_scene,35,12,0.5122199058532715
1,C_scene,35,13,0.5077635645866394
1,C_scene,35,14,0.5017281174659729
1,C_scene,35,15,0.49558025598526
1,C_scene,40,0,0.6110928654670715
1,C_scene,40,1,0.6091480255126953
1,C_scene,40,2,0.6065443158149719
1,C_scene,40,3,0.6040698885917664
1,C_scene,40,4,0.6018829345703125
1,C_scene,40,5,0.5977475643157959
1,C_scene,40,6,0.5937294960021973
1,C_scene,40,7,0.5910458564758301
1,C_scene,40,8,0.5874475836753845
1,C_scene,40,9,0.5848648548126221
1,C_scene,40,10,0.5829950571060181
1,C_scene,40,11,0.5790742635726929
1,C_scene,40,12,0.5760743021965027
1,C_scene,40,13,0.5735709071159363
1,C_scene,40,14,0.5693240761756897
1,C_scene,40,15,0.5655685663223267
1,C_scene,45,0,0.6071251630783081
1,C_scene,45,1,0.6049764156341553
1,C_scene,45,2,0.6020437479019165
1,C_scene,45,3,0.5988789796829224
1,C_scene,45,4,0.5961995124816895
1,C_scene,45,5,0.5918505191802979
1,C_scene,45,6,0.5870204567909241
1,C_scene,45,7,0.5834041237831116
1,C_scene,45,8,0.5789370536804199
1,C_scene,45,9,0.574588418006897
1,C_scene,45,10,0.5712156295776367
1,C_scene,45,11,0.5662648677825928
1,C_scene,45,12,0.5614297986030579
1,C_scene,45,13,0.5578168034553528
1,C_scene,45,14,0.5534852743148804
1,C_scene,45,15,0.5493389368057251
1,C_scene,50,0,0.6485568284988403
1,C_scene,50,1,0.6448850631713867
1,C_scene,50,2,0.6417902708053589
1,C_scene,50,3,0.6385498642921448
1,C_scene,50,4,0.6358006000518799
1,C_scene,50,5,0.6321859359741211
1,C_scene,50,6,0.6277729868888855
1,C_scene,50,7,0.6246122121810913
1,C_scene,50,8,0.6211904287338257
1,C_scene,50,9,0.6173800230026245
1,C_scene,50,10,0.6144195199012756
1,C_scene,50,11,0.6102786064147949
1,C_scene,50,12,0.605618953704834
1,C_scene,50,13,0.6017216444015503
1,C_scene,50,14,0.597385048866272
1,C_scene,50,15,0.5930979251861572
1,C_scene,55,0,0.6506904363632202
1,C_scene,55,1,0.6495219469070435
1,C_scene,55,2,0.647836446762085
1,C_scene,55,3,0.6459158062934875
1,C_scene,55,4,0.644829273223877
1,C_scene,55,5,0.6428384780883789
1,C_scene,55,6,0.6400151252746582
1,C_scene,55,7,0.6381498575210571
1,C_scene,55,8,0.6357340216636658
1,C_scene,55,9,0.6331228613853455
1,C_scene,55,10,0.631260335445404
1,C_scene,55,11,0.6280524134635925
1,C_scene,55,12,0.6246019005775452
1,C_scene,55,13,0.6217473149299622
1,C_scene,55,14,0.6179957389831543
1,C_scene,55,15,0.6141077280044556
1,C_scene,60,0,0.6551624536514282
1,C_scene,60,1,0.6549087762832642
1,C_scene,60,2,0.6532008647918701
1,C_scene,60,3,0.6511406898498535
1,C_scene,60,4,0.6497235894203186
1,C_scene,60,5,0.6478845477104187
1,C_scene,60,6,0.6455954313278198
1,C_scene,60,7,0.6443493366241455
1,C_scene,60,8,0.6431636810302734
1,C_scene,60,9,0.6419968008995056
1,C_scene,60,10,0.6412999033927917
1,C_scene,60,11,0.6397144794464111
1,C_scene,60,12,0.6382076144218445
1,C_scene,60,13,0.6368368864059448
1,C_scene,60,14,0.6347805261611938
1,C_scene,60,15,0.6328943967819214
1,C_scene,65,0,0.6816839575767517
1,C_scene,65,1,0.679958701133728
1,C_scene,65,2,0.6774048805236816
1,C_scene,65,3,0.6749392747879028
1,C_scene,65,4,0.6729615926742554
1,C_scene,65,5,0.6708039045333862
1,C_scene,65,6,0.6684139966964722
1,C_scene,65,7,0.6665917634963989
1,C_scene,65,8,0.6647228002548218
1,C_scene,65,9,0.6627805233001709
1,C_scene,65,10,0.6610357761383057
1,C_scene,65,11,0.6586502194404602
1,C_scene,65,12,0.6565936803817749
1,C_scene,65,13,0.6549825668334961
1,C_scene,65,14,0.6533412933349609
1,C_scene,65,15,0.6523612141609192
1,C_scene,70,0,0.7018667459487915
1,C_scene,70,1,0.7015968561172485
1,C_scene,70,2,0.6997030973434448
1,C_scene,70,3,0.6974533796310425
1,C_scene,70,4,0.6956475973129272
1,C_scene,70,5,0.6934858560562134
1,C_scene,70,6,0.6908297538757324
1,C_scene,70,7,0.6888775825500488
1,C_scene,70,8,0.6867678165435791
1,C_scene,70,9,0.6843222379684448
1,C_scene,70,10,0.6821996569633484
1,C_scene,70,11,0.6792066693305969
1,C_scene,70,12,0.6762274503707886
1,C_scene,70,13,0.6738755702972412
1,C_scene,70,14,0.6713801622390747
1,C_scene,70,15,0.6694192886352539
1,C_scene,75,0,0.713875412940979
1,C_scene,75,1,0.714384913444519
1,C_scene,75,2,0.7128503918647766
1,C_scene,75,3,0.7108640670776367
1,C_scene,75,4,0.7095404267311096
1,C_scene,75,5,0.7075791954994202
1,C_scene,75,6,0.7049747705459595
1,C_scene,75,7,0.7031970024108887
1,C_scene,75,8,0.700853168964386
1,C_scene,75,9,0.6982215642929077
1,C_scene,75,10,0.695935070514679
1,C_scene,75,11,0.6923320293426514
1,C_scene,75,12,0.6886422634124756
1,C_scene,75,13,0.6854149699211121
1,C_scene,75,14,0.681442379951477
1,C_scene,75,15,0.677557110786438
1,C_scene,80,0,0.7035431861877441
1,C_scene,80,1,0.7044942378997803
1,C_scene,80,2,0.7031142711639404
1,C_scene,80,3,0.7010802626609802
1,C_scene,80,4,0.6992412209510803
1,C_scene,80,5,0.6970959901809692
1,C_scene,80,6,0.6944775581359863
1,C_scene,80,7,0.6925091743469238
1,C_scene,80,8,0.6902021169662476
1,C_scene,80,9,0.6875994205474854
1,C_scene,80,10,0.6851909756660461
1,C_scene,80,11,0.681751012802124
1,C_scene,80,12,0.6784394979476929
1,C_scene,80,13,0.6759650111198425
1,C_scene,80,14,0.6733565330505371
1,C_scene,80,15,0.6709927916526794
1,C_scene,85,0,0.7217608094215393
1,C_scene,85,1,0.7225395441055298
1,C_scene,85,2,0.7214086651802063
1,C_scene,85,3,0.7192057371139526
1,C_scene,85,4,0.7173807621002197
1,C_scene,85,5,0.7153401374816895
1,C_scene,85,6,0.7127628326416016
1,C_scene,85,7,0.7108869552612305
1,C_scene,85,8,0.7089498043060303
1,C_scene,85,9,0.7069437503814697
1,C_scene,85,10,0.7051891088485718
1,C_scene,85,11,0.7027335166931152
1,C_scene,85,12,0.700361967086792
1,C_scene,85,13,0.6981974840164185
1,C_scene,85,14,0.6956904530525208
1,C_scene,85,15,0.6933894753456116
1,C_scene,90,0,0.722077488899231
1,C_scene,90,1,0.723839521408081
1,C_scene,90,2,0.72362220287323
1,C_scene,90,3,0.7224375605583191
1,C_scene,90,4,0.7220776081085205
1,C_scene,90,5,0.7214343547821045
1,C_scene,90,6,0.7203450202941895
1,C_scene,90,7,0.7201054096221924
1,C_scene,90,8,0.7194015979766846
1,C_scene,90,9,0.718227744102478
1,C_scene,90,10,0.7171841859817505
1,C_scene,90,11,0.7148396968841553
1,C_scene,90,12,0.712405800819397
1,C_scene,90,13,0.7104582190513611
1,C_scene,90,14,0.7082975506782532
1,C_scene,90,15,0.7068648338317871
1,C_scene,95,0,0.7482162117958069
1,C_scene,95,1,0.7482571601867676
1,C_scene,95,2,0.7469965219497681
1,C_scene,95,3,0.7446780800819397
1,C_scene,95,4,0.7430345416069031
1,C_scene,95,5,0.7408682107925415
1,C_scene,95,6,0.7379790544509888
1,C_scene,95,7,0.7359534502029419
1,C_scene,95,8,0.7336977124214172
1,C_scene,95,9,0.7311645150184631
1,C_scene,95,10,0.7291476130485535
1,C_scene,95,11,0.7261278629302979
1,C_scene,95,12,0.7230017781257629
1,C_scene,95,13,0.720284104347229
1,C_scene,95,14,0.7172249555587769
1,C_scene,95,15,0.7143888473510742
1,C_scene,100,0,0.7502076029777527
1,C_scene,100,1,0.7503909468650818
1,C_scene,100,2,0.7495699524879456
1,C_scene,100,3,0.7478234767913818
1,C_scene,100,4,0.7466428875923157
1,C_scene,100,5,0.7455059289932251
1,C_scene,100,6,0.7437430024147034
1,C_scene,100,7,0.7427566051483154
1,C_scene,100,8,0.7419453859329224
1,C_scene,100,9,0.7408748269081116
1,C_scene,100,10,0.7402173280715942
1,C_scene,100,11,0.7389470338821411
1,C_scene,100,12,0.7375463247299194
1,C_scene,100,13,0.7361341714859009
1,C_scene,100,14,0.7345154285430908
1,C_scene,100,15,0.7329639196395874
1,C_scene,105,0,0.7578070759773254
1,C_scene,105,1,0.7588710784912109
1,C_scene,105,2,0.759108304977417
1,C_scene,105,3,0.7583295702934265
1,C_scene,105,4,0.757952094078064
1,C_scene,105,5,0.7573567032814026
1,C_scene,105,6,0.7560552358627319
1,C_scene,105,7,0.75519198179245
1,C_scene,105,8,0.754169762134552
1,C_scene,105,9,0.7528538703918457
1,C_scene,105,10,0.7515860199928284
1,C_scene,105,11,0.7493821978569031
1,C_scene,105,12,0.7472203373908997
1,C_scene,105,13,0.74507075548172
1,C_scene,105,14,0.742429256439209
1,C_scene,105,15,0.7400708198547363
1,C_scene,110,0,0.7587956190109253
1,C_scene,110,1,0.7597123980522156
1,C_scene,110,2,0.7600867748260498
1,C_scene,110,3,0.7590892910957336
1,C_scene,110,4,0.7584510445594788
1,C_scene,110,5,0.7577030062675476
1,C_scene,110,6,0.7560260891914368
1,C_scene,110,7,0.754694938659668
1,C_scene,110,8,0.7531425356864929
1,C_scene,110,9,0.7510561943054199
1,C_scene,110,10,0.7490142583847046
1,C_scene,110,11,0.7461310625076294
1,C_scene,110,12,0.743294894695282
1,C_scene,110,13,0.7408883571624756
1,C_scene,110,14,0.738736629486084
1,C_scene,110,15,0.737193763256073
1,C_scene,115,0,0.7725110650062561
1,C_scene,115,1,0.7740650773048401
1,C_scene,115,2,0.774727463722229
1,C_scene,115,3,0.773798942565918
1,C_scene,115,4,0.7730470895767212
1,C_scene,115,5,0.7723191976547241
1,C_scene,115,6,0.7703842520713806
1,C_scene,115,7,0.7686278820037842
1,C_scene,115,8,0.7670484185218811
1,C_scene,115,9,0.7649403810501099
1,C_scene,115,10,0.762636125087738
1,C_scene,115,11,0.7597997188568115
1,C_scene,115,12,0.7569076418876648
1,C_scene,115,13,0.7541443109512329
1,C_scene,115,14,0.7516419887542725
1,C_scene,115,15,0.7493456602096558
1,C_scene,120,0,0.7781800627708435
1,C_scene,120,1,0.7800459861755371
1,C_scene,120,2,0.7814810276031494
1,C_scene,120,3,0.7811309099197388
1,C_scene,120,4,0.7810369729995728
1,C_scene,120,5,0.780902624130249
1,C_scene,120,6,0.7796099185943604
1,C_scene,120,7,0.7787154912948608
1,C_scene,120,8,0.7779288291931152
1,C_scene,120,9,0.7763285636901855
1,C_scene,120,10,0.7744554877281189
1,C_scene,120,11,0.7721233367919922
1,C_scene,120,12,0.7696793675422668
1,C_scene,120,13,0.7673439979553223
1,C_scene,120,14,0.7655229568481445
1,C_scene,120,15,0.7640202641487122
1,D_latent,1,0,-0.0035516023635864258
1,D_latent,1,1,-0.014894247055053711
1,D_latent,1,2,-0.02729511260986328
1,D_latent,1,3,-0.04074716567993164
1,D_latent,1,4,-0.05502927303314209
1,D_latent,1,5,-0.06985092163085938
1,D_latent,1,6,-0.08516073226928711
1,D_latent,1,7,-0.10066521167755127
1,D_latent,1,8,-0.11604833602905273
1,D_latent,1,9,-0.13135361671447754
1,D_latent,1,10,-0.14666306972503662
1,D_latent,1,11,-0.16180992126464844
1,D_latent,1,12,-0.17656779289245605
1,D_latent,1,13,-0.1908649206161499
1,D_latent,1,14,-0.20449066162109375
1,D_latent,1,15,-0.217279314994812
1,D_latent,5,0,-0.11988985538482666
1,D_latent,5,1,-0.11856710910797119
1,D_latent,5,2,-0.1231386661529541
1,D_latent,5,3,-0.13167524337768555
1,D_latent,5,4,-0.1428818702697754
1,D_latent,5,5,-0.1557708978652954
1,D_latent,5,6,-0.16991782188415527
1,D_latent,5,7,-0.18481910228729248
1,D_latent,5,8,-0.19991183280944824
1,D_latent,5,9,-0.21516048908233643
1,D_latent,5,10,-0.23062539100646973
1,D_latent,5,11,-0.24600327014923096
1,D_latent,5,12,-0.2610170841217041
1,D_latent,5,13,-0.2756258249282837
1,D_latent,5,14,-0.28950631618499756
1,D_latent,5,15,-0.30250799655914307
1,D_latent,10,0,-0.09237241744995117
1,D_latent,10,1,-0.08637642860412598
1,D_latent,10,2,-0.08778142929077148
1,D_latent,10,3,-0.09407472610473633
1,D_latent,10,4,-0.10365760326385498
1,D_latent,10,5,-0.11532187461853027
1,D_latent,10,6,-0.12852227687835693
1,D_latent,10,7,-0.14270329475402832
1,D_latent,10,8,-0.1571979522705078
1,D_latent,10,9,-0.17198753356933594
1,D_latent,10,10,-0.1871645450592041
1,D_latent,10,11,-0.20236492156982422
1,D_latent,10,12,-0.21730709075927734
1,D_latent,10,13,-0.23196768760681152
1,D_latent,10,14,-0.24598586559295654
1,D_latent,10,15,-0.2591921091079712
1,D_latent,15,0,0.024958670139312744
1,D_latent,15,1,0.02326291799545288
1,D_latent,15,2,0.019958555698394775
1,D_latent,15,3,0.014329671859741211
1,D_latent,15,4,0.003245234489440918
1,D_latent,15,5,-0.00789034366607666
1,D_latent,15,6,-0.018920540809631348
1,D_latent,15,7,-0.0336606502532959
1,D_latent,15,8,-0.045964598655700684
1,D_latent,15,9,-0.05809640884399414
1,D_latent,15,10,-0.07331955432891846
1,D_latent,15,11,-0.08648502826690674
1,D_latent,15,12,-0.09855771064758301
1,D_latent,15,13,-0.11284375190734863
1,D_latent,15,14,-0.1245882511138916
1,D_latent,15,15,-0.13478374481201172
1,D_latent,20,0,0.11883014440536499
1,D_latent,20,1,0.1279575228691101
1,D_latent,20,2,0.12855029106140137
1,D_latent,20,3,0.12468570470809937
1,D_latent,20,4,0.12053203582763672
1,D_latent,20,5,0.11394280195236206
1,D_latent,20,6,0.10612744092941284
1,D_latent,20,7,0.09922188520431519
1,D_latent,20,8,0.09126025438308716
1,D_latent,20,9,0.08217489719390869
1,D_latent,20,10,0.07518869638442993
1,D_latent,20,11,0.066539466381073
1,D_latent,20,12,0.05714058876037598
1,D_latent,20,13,0.050163209438323975
1,D_latent,20,14,0.04223525524139404
1,D_latent,20,15,0.0343242883682251
1,D_latent,25,0,0.8294916152954102
1,D_latent,25,1,0.8424686789512634
1,D_latent,25,2,0.8505710363388062
1,D_latent,25,3,0.8547383546829224
1,D_latent,25,4,0.8562226295471191
1,D_latent,25,5,0.855283260345459
1,D_latent,25,6,0.8518953323364258
1,D_latent,25,7,0.8479540348052979
1,D_latent,25,8,0.8430030941963196
1,D_latent,25,9,0.8371480107307434
1,D_latent,25,10,0.8316534161567688
1,D_latent,25,11,0.8243570923805237
1,D_latent,25,12,0.8157939910888672
1,D_latent,25,13,0.808376133441925
1,D_latent,25,14,0.7992207407951355
1,D_latent,25,15,0.7890246510505676
1,D_latent,30,0,0.9281646013259888
1,D_latent,30,1,0.9314631819725037
1,D_latent,30,2,0.9348437786102295
1,D_latent,30,3,0.9358271956443787
1,D_latent,30,4,0.9361174702644348
1,D_latent,30,5,0.9358054399490356
1,D_latent,30,6,0.9336647391319275
1,D_latent,30,7,0.9316696524620056
1,D_latent,30,8,0.9297406077384949
1,D_latent,30,9,0.9271093606948853
1,D_latent,30,10,0.9243902564048767
1,D_latent,30,11,0.9209242463111877
1,D_latent,30,12,0.91673743724823
1,D_latent,30,13,0.9128580689430237
1,D_latent,30,14,0.9086742997169495
1,D_latent,30,15,0.9039347767829895
1,D_latent,35,0,0.9509396553039551
1,D_latent,35,1,0.9525899887084961
1,D_latent,35,2,0.9539597630500793
1,D_latent,35,3,0.9536057710647583
1,D_latent,35,4,0.9528985023498535
1,D_latent,35,5,0.9521450996398926
1,D_latent,35,6,0.9501906633377075
1,D_latent,35,7,0.9485065340995789
1,D_latent,35,8,0.9471670985221863
1,D_latent,35,9,0.9456409215927124
1,D_latent,35,10,0.9442013502120972
1,D_latent,35,11,0.9423069953918457
1,D_latent,35,12,0.9401550889015198
1,D_latent,35,13,0.9382755756378174
1,D_latent,35,14,0.9364562630653381
1,D_latent,35,15,0.9347960352897644
1,D_latent,40,0,0.9593193531036377
1,D_latent,40,1,0.960669219493866
1,D_latent,40,2,0.9614942669868469
1,D_latent,40,3,0.9607741236686707
1,D_latent,40,4,0.9599170088768005
1,D_latent,40,5,0.9591358304023743
1,D_latent,40,6,0.9574890732765198
1,D_latent,40,7,0.9563214778900146
1,D_latent,40,8,0.9556422233581543
1,D_latent,40,9,0.954574465751648
1,D_latent,40,10,0.953554630279541
1,D_latent,40,11,0.9521846175193787
1,D_latent,40,12,0.9504618048667908
1,D_latent,40,13,0.9491395950317383
1,D_latent,40,14,0.9478790760040283
1,D_latent,40,15,0.9467312693595886
1,D_latent,45,0,0.9680994153022766
1,D_latent,45,1,0.9683024883270264
1,D_latent,45,2,0.9683260321617126
1,D_latent,45,3,0.9671366214752197
1,D_latent,45,4,0.9659151434898376
1,D_latent,45,5,0.9648076295852661
1,D_latent,45,6,0.9629747867584229
1,D_latent,45,7,0.9615646600723267
1,D_latent,45,8,0.9607416391372681
1,D_latent,45,9,0.9595856070518494
1,D_latent,45,10,0.9585892558097839
1,D_latent,45,11,0.9573716521263123
1,D_latent,45,12,0.9557507038116455
1,D_latent,45,13,0.9544097185134888
1,D_latent,45,14,0.9532610177993774
1,D_latent,45,15,0.9522566795349121
1,D_latent,50,0,0.9585935473442078
1,D_latent,50,1,0.9579935669898987
1,D_latent,50,2,0.9576262831687927
1,D_latent,50,3,0.956078052520752
1,D_latent,50,4,0.9547119736671448
1,D_latent,50,5,0.9536664485931396
1,D_latent,50,6,0.9521217346191406
1,D_latent,50,7,0.9511845111846924
1,D_latent,50,8,0.9509184956550598
1,D_latent,50,9,0.9505476951599121
1,D_latent,50,10,0.9505954384803772
1,D_latent,50,11,0.950602650642395
1,D_latent,50,12,0.9504618644714355
1,D_latent,50,13,0.9506865739822388
1,D_latent,50,14,0.9508402347564697
1,D_latent,50,15,0.9510339498519897
1,D_latent,55,0,0.9686111211776733
1,D_latent,55,1,0.967906653881073
1,D_latent,55,2,0.9672183990478516
1,D_latent,55,3,0.9653967618942261
1,D_latent,55,4,0.963490903377533
1,D_latent,55,5,0.9619637727737427
1,D_latent,55,6,0.9599633812904358
1,D_latent,55,7,0.958477258682251
1,D_latent,55,8,0.9576099514961243
1,D_latent,55,9,0.9566119313240051
1,D_latent,55,10,0.9558690786361694
1,D_latent,55,11,0.9551376104354858
1,D_latent,55,12,0.954123318195343
1,D_latent,55,13,0.9532451033592224
1,D_latent,55,14,0.9524737000465393
1,D_latent,55,15,0.9517132639884949
1,D_latent,60,0,0.9621178507804871
1,D_latent,60,1,0.9612727761268616
1,D_latent,60,2,0.9610230922698975
1,D_latent,60,3,0.959378719329834
1,D_latent,60,4,0.9575973153114319
1,D_latent,60,5,0.9563186764717102
1,D_latent,60,6,0.9545497894287109
1,D_latent,60,7,0.9533970952033997
1,D_latent,60,8,0.9529438614845276
1,D_latent,60,9,0.9522056579589844
1,D_latent,60,10,0.9517609477043152
1,D_latent,60,11,0.9511867761611938
1,D_latent,60,12,0.9504201412200928
1,D_latent,60,13,0.9497308135032654
1,D_latent,60,14,0.9490274786949158
1,D_latent,60,15,0.9485759139060974
1,D_latent,65,0,0.9643012881278992
1,D_latent,65,1,0.9637999534606934
1,D_latent,65,2,0.963427722454071
1,D_latent,65,3,0.961658239364624
1,D_latent,65,4,0.9598557949066162
1,D_latent,65,5,0.9585731029510498
1,D_latent,65,6,0.9568127989768982
1,D_latent,65,7,0.9556776285171509
1,D_latent,65,8,0.9554437398910522
1,D_latent,65,9,0.9552236199378967
1,D_latent,65,10,0.9552640318870544
1,D_latent,65,11,0.95533287525177
1,D_latent,65,12,0.9552477598190308
1,D_latent,65,13,0.9551078081130981
1,D_latent,65,14,0.9549156427383423
1,D_latent,65,15,0.9548451900482178
1,B_task_nopark,1,0,-0.15863537788391113
1,B_task_nopark,1,1,-0.17768466472625732
1,B_task_nopark,1,2,-0.19733917713165283
1,B_task_nopark,1,3,-0.2175288200378418
1,B_task_nopark,1,4,-0.23810505867004395
1,B_task_nopark,1,5,-0.2587754726409912
1,B_task_nopark,1,6,-0.27935636043548584
1,B_task_nopark,1,7,-0.29966723918914795
1,B_task_nopark,1,8,-0.31937432289123535
1,B_task_nopark,1,9,-0.3384608030319214
1,B_task_nopark,1,10,-0.3571126461029053
1,B_task_nopark,1,11,-0.3750985860824585
1,B_task_nopark,1,12,-0.3921927213668823
1,B_task_nopark,1,13,-0.4084256887435913
1,B_task_nopark,1,14,-0.423486590385437
1,B_task_nopark,1,15,-0.4372711181640625
1,B_task_nopark,5,0,-0.15991687774658203
1,B_task_nopark,5,1,-0.1783658266067505
1,B_task_nopark,5,2,-0.1973862648010254
1,B_task_nopark,5,3,-0.2168980836868286
1,B_task_nopark,5,4,-0.23675322532653809
1,B_task_nopark,5,5,-0.2566845417022705
1,B_task_nopark,5,6,-0.27649378776550293
1,B_task_nopark,5,7,-0.2960021495819092
1,B_task_nopark,5,8,-0.31490397453308105
1,B_task_nopark,5,9,-0.3331657648086548
1,B_task_nopark,5,10,-0.3509899377822876
1,B_task_nopark,5,11,-0.3681609630584717
1,B_task_nopark,5,12,-0.38444221019744873
1,B_task_nopark,5,13,-0.39987218379974365
1,B_task_nopark,5,14,-0.4141629934310913
1,B_task_nopark,5,15,-0.4271911382675171
1,B_task_nopark,10,0,-0.19012939929962158
1,B_task_nopark,10,1,-0.19621431827545166
1,B_task_nopark,10,2,-0.20502960681915283
1,B_task_nopark,10,3,-0.21589624881744385
1,B_task_nopark,10,4,-0.22740256786346436
1,B_task_nopark,10,5,-0.24017775058746338
1,B_task_nopark,10,6,-0.2539101839065552
1,B_task_nopark,10,7,-0.26748383045196533
1,B_task_nopark,10,8,-0.2810995578765869
1,B_task_nopark,10,9,-0.2948122024536133
1,B_task_nopark,10,10,-0.3080238103866577
1,B_task_nopark,10,11,-0.32121801376342773
1,B_task_nopark,10,12,-0.3340388536453247
1,B_task_nopark,10,13,-0.345869779586792
1,B_task_nopark,10,14,-0.35691773891448975
1,B_task_nopark,10,15,-0.3671915531158447
1,B_task_nopark,15,0,-0.09060227870941162
1,B_task_nopark,15,1,-0.07547008991241455
1,B_task_nopark,15,2,-0.07076764106750488
1,B_task_nopark,15,3,-0.07234835624694824
1,B_task_nopark,15,4,-0.07662296295166016
1,B_task_nopark,15,5,-0.08298790454864502
1,B_task_nopark,15,6,-0.09155452251434326
1,B_task_nopark,15,7,-0.10023927688598633
1,B_task_nopark,15,8,-0.10917007923126221
1,B_task_nopark,15,9,-0.11894166469573975
1,B_task_nopark,15,10,-0.12818503379821777
1,B_task_nopark,15,11,-0.13752961158752441
1,B_task_nopark,15,12,-0.14692556858062744
1,B_task_nopark,15,13,-0.1554025411605835
1,B_task_nopark,15,14,-0.16319847106933594
1,B_task_nopark,15,15,-0.17038178443908691
1,B_task_nopark,20,0,0.3278779983520508
1,B_task_nopark,20,1,0.32589226961135864
1,B_task_nopark,20,2,0.31482815742492676
1,B_task_nopark,20,3,0.2994793653488159
1,B_task_nopark,20,4,0.282592236995697
1,B_task_nopark,20,5,0.2664394974708557
1,B_task_nopark,20,6,0.2503190040588379
1,B_task_nopark,20,7,0.23456329107284546
1,B_task_nopark,20,8,0.22023296356201172
1,B_task_nopark,20,9,0.2064516544342041
1,B_task_nopark,20,10,0.1933876872062683
1,B_task_nopark,20,11,0.18093860149383545
1,B_task_nopark,20,12,0.16923320293426514
1,B_task_nopark,20,13,0.158572256565094
1,B_task_nopark,20,14,0.14853841066360474
1,B_task_nopark,20,15,0.13969457149505615
1,B_task_nopark,25,0,0.7202227711677551
1,B_task_nopark,25,1,0.7056905031204224
1,B_task_nopark,25,2,0.6946589946746826
1,B_task_nopark,25,3,0.6845730543136597
1,B_task_nopark,25,4,0.6744072437286377
1,B_task_nopark,25,5,0.6640875935554504
1,B_task_nopark,25,6,0.6539727449417114
1,B_task_nopark,25,7,0.6442075967788696
1,B_task_nopark,25,8,0.6351684331893921
1,B_task_nopark,25,9,0.6271264553070068
1,B_task_nopark,25,10,0.6196833252906799
1,B_task_nopark,25,11,0.612408459186554
1,B_task_nopark,25,12,0.6063342094421387
1,B_task_nopark,25,13,0.6012011766433716
1,B_task_nopark,25,14,0.5964394807815552
1,B_task_nopark,25,15,0.5932410955429077
1,B_task_nopark,30,0,0.8225873112678528
1,B_task_nopark,30,1,0.8140097856521606
1,B_task_nopark,30,2,0.8065367937088013
1,B_task_nopark,30,3,0.7992285490036011
1,B_task_nopark,30,4,0.7912630438804626
1,B_task_nopark,30,5,0.7825078368186951
1,B_task_nopark,30,6,0.7737661004066467
1,B_task_nopark,30,7,0.765095055103302
1,B_task_nopark,30,8,0.7565164566040039
1,B_task_nopark,30,9,0.7486156225204468
1,B_task_nopark,30,10,0.7406933307647705
1,B_task_nopark,30,11,0.7323952913284302
1,B_task_nopark,30,12,0.7248910665512085
1,B_task_nopark,30,13,0.7177133560180664
1,B_task_nopark,30,14,0.7103006839752197
1,B_task_nopark,30,15,0.7041329145431519
1,B_task_nopark,35,0,0.8268642425537109
1,B_task_nopark,35,1,0.8147279024124146
1,B_task_nopark,35,2,0.8044378757476807
1,B_task_nopark,35,3,0.7941323518753052
1,B_task_nopark,35,4,0.7829544544219971
1,B_task_nopark,35,5,0.7710000872612
1,B_task_nopark,35,6,0.7591666579246521
1,B_task_nopark,35,7,0.7475785613059998
1,B_task_nopark,35,8,0.7361639738082886
1,B_task_nopark,35,9,0.7256374955177307
1,B_task_nopark,35,10,0.7152993679046631
1,B_task_nopark,35,11,0.70494544506073
1,B_task_nopark,35,12,0.6955119371414185
1,B_task_nopark,35,13,0.6865361928939819
1,B_task_nopark,35,14,0.6775906085968018
1,B_task_nopark,35,15,0.6698205471038818
1,B_task_nopark,40,0,0.833825945854187
1,B_task_nopark,40,1,0.8247246146202087
1,B_task_nopark,40,2,0.8181657791137695
1,B_task_nopark,40,3,0.8112216591835022
1,B_task_nopark,40,4,0.8032722473144531
1,B_task_nopark,40,5,0.7941750884056091
1,B_task_nopark,40,6,0.784896731376648
1,B_task_nopark,40,7,0.7757177352905273
1,B_task_nopark,40,8,0.7663731575012207
1,B_task_nopark,40,9,0.7578002214431763
1,B_task_nopark,40,10,0.7492031455039978
1,B_task_nopark,40,11,0.7404592633247375
1,B_task_nopark,40,12,0.7325555086135864
1,B_task_nopark,40,13,0.7249910235404968
1,B_task_nopark,40,14,0.7173929810523987
1,B_task_nopark,40,15,0.7108795642852783
1,B_task_nopark,45,0,0.8523584604263306
1,B_task_nopark,45,1,0.8415736556053162
1,B_task_nopark,45,2,0.8324472904205322
1,B_task_nopark,45,3,0.8225357532501221
1,B_task_nopark,45,4,0.811279296875
1,B_task_nopark,45,5,0.7988737225532532
1,B_task_nopark,45,6,0.7864763736724854
1,B_task_nopark,45,7,0.7741489410400391
1,B_task_nopark,45,8,0.7618729472160339
1,B_task_nopark,45,9,0.7506771087646484
1,B_task_nopark,45,10,0.7395060062408447
1,B_task_nopark,45,11,0.7283141016960144
1,B_task_nopark,45,12,0.7182105779647827
1,B_task_nopark,45,13,0.7086337804794312
1,B_task_nopark,45,14,0.6992182731628418
1,B_task_nopark,45,15,0.6911582946777344
1,B_task_nopark,50,0,0.839695930480957
1,B_task_nopark,50,1,0.8235822916030884
1,B_task_nopark,50,2,0.8111801147460938
1,B_task_nopark,50,3,0.7990651726722717
1,B_task_nopark,50,4,0.7865124940872192
1,B_task_nopark,50,5,0.7734792828559875
1,B_task_nopark,50,6,0.7606256008148193
1,B_task_nopark,50,7,0.7481376528739929
1,B_task_nopark,50,8,0.7359362840652466
1,B_task_nopark,50,9,0.7247540950775146
1,B_task_nopark,50,10,0.7138916850090027
1,B_task_nopark,50,11,0.7030876874923706
1,B_task_nopark,50,12,0.6933916211128235
1,B_task_nopark,50,13,0.6846059560775757
1,B_task_nopark,50,14,0.6761534214019775
1,B_task_nopark,50,15,0.6691062450408936
1,B_task_nopark,55,0,0.8527930378913879
1,B_task_nopark,55,1,0.8423262238502502
1,B_task_nopark,55,2,0.8334604501724243
1,B_task_nopark,55,3,0.8239927291870117
1,B_task_nopark,55,4,0.8137251734733582
1,B_task_nopark,55,5,0.8027153611183167
1,B_task_nopark,55,6,0.7916401624679565
1,B_task_nopark,55,7,0.7807842493057251
1,B_task_nopark,55,8,0.770185649394989
1,B_task_nopark,55,9,0.7605112791061401
1,B_task_nopark,55,10,0.7512215375900269
1,B_task_nopark,55,11,0.7421183586120605
1,B_task_nopark,55,12,0.7342381477355957
1,B_task_nopark,55,13,0.7272682189941406
1,B_task_nopark,55,14,0.7207719087600708
1,B_task_nopark,55,15,0.7157429456710815
1,B_task_nopark,60,0,0.834165096282959
1,B_task_nopark,60,1,0.819559633731842
1,B_task_nopark,60,2,0.8068215250968933
1,B_task_nopark,60,3,0.794023334980011
1,B_task_nopark,60,4,0.7810314893722534
1,B_task_nopark,60,5,0.7678939700126648
1,B_task_nopark,60,6,0.7548694014549255
1,B_task_nopark,60,7,0.7424812316894531
1,B_task_nopark,60,8,0.7308123111724854
1,B_task_nopark,60,9,0.720288872718811
1,B_task_nopark,60,10,0.7104374170303345
1,B_task_nopark,60,11,0.7011573314666748
1,B_task_nopark,60,12,0.6931326985359192
1,B_task_nopark,60,13,0.6862567663192749
1,B_task_nopark,60,14,0.6800402402877808
1,B_task_nopark,60,15,0.6753206849098206
1,D_latent_nopark,1,0,-0.1841144561767578
1,D_latent_nopark,1,1,-0.2012397050857544
1,D_latent_nopark,1,2,-0.21907973289489746
1,D_latent_nopark,1,3,-0.23756694793701172
1,D_latent_nopark,1,4,-0.2565336227416992
1,D_latent_nopark,1,5,-0.27566254138946533
1,D_latent_nopark,1,6,-0.29477250576019287
1,D_latent_nopark,1,7,-0.31367766857147217
1,D_latent_nopark,1,8,-0.3320348262786865
1,D_latent_nopark,1,9,-0.3498363494873047
1,D_latent_nopark,1,10,-0.36725080013275146
1,D_latent_nopark,1,11,-0.3840543031692505
1,D_latent_nopark,1,12,-0.4000275135040283
1,D_latent_nopark,1,13,-0.41518330574035645
1,D_latent_nopark,1,14,-0.4292231798171997
1,D_latent_nopark,1,15,-0.44204485416412354
1,D_latent_nopark,5,0,-0.1615428924560547
1,D_latent_nopark,5,1,-0.1802504062652588
1,D_latent_nopark,5,2,-0.19958031177520752
1,D_latent_nopark,5,3,-0.21944808959960938
1,D_latent_nopark,5,4,-0.23971354961395264
1,D_latent_nopark,5,5,-0.2600947618484497
1,D_latent_nopark,5,6,-0.28038346767425537
1,D_latent_nopark,5,7,-0.30040884017944336
1,D_latent_nopark,5,8,-0.3198486566543579
1,D_latent_nopark,5,9,-0.3386728763580322
1,D_latent_nopark,5,10,-0.35708320140838623
1,D_latent_nopark,5,11,-0.37485599517822266
1,D_latent_nopark,5,12,-0.3917505741119385
1,D_latent_nopark,5,13,-0.4078027009963989
1,D_latent_nopark,5,14,-0.4227161407470703
1,D_latent_nopark,5,15,-0.4363600015640259
1,D_latent_nopark,10,0,-0.1889430284500122
1,D_latent_nopark,10,1,-0.2037036418914795
1,D_latent_nopark,10,2,-0.21965503692626953
1,D_latent_nopark,10,3,-0.236578106880188
1,D_latent_nopark,10,4,-0.25426924228668213
1,D_latent_nopark,10,5,-0.2723454236984253
1,D_latent_nopark,10,6,-0.29055309295654297
1,D_latent_nopark,10,7,-0.30872297286987305
1,D_latent_nopark,10,8,-0.3264594078063965
1,D_latent_nopark,10,9,-0.3437267541885376
1,D_latent_nopark,10,10,-0.36075687408447266
1,D_latent_nopark,10,11,-0.37726759910583496
1,D_latent_nopark,10,12,-0.39300537109375
1,D_latent_nopark,10,13,-0.40803956985473633
1,D_latent_nopark,10,14,-0.42201924324035645
1,D_latent_nopark,10,15,-0.4348151683807373
1,D_latent_nopark,15,0,-0.09522926807403564
1,D_latent_nopark,15,1,-0.10510373115539551
1,D_latent_nopark,15,2,-0.11774718761444092
1,D_latent_nopark,15,3,-0.13236892223358154
1,D_latent_nopark,15,4,-0.1485213041305542
1,D_latent_nopark,15,5,-0.1657015085220337
1,D_latent_nopark,15,6,-0.18357789516448975
1,D_latent_nopark,15,7,-0.20180976390838623
1,D_latent_nopark,15,8,-0.2199479341506958
1,D_latent_nopark,15,9,-0.23796617984771729
1,D_latent_nopark,15,10,-0.2560567855834961
1,D_latent_nopark,15,11,-0.27396154403686523
1,D_latent_nopark,15,12,-0.2913562059402466
1,D_latent_nopark,15,13,-0.30823421478271484
1,D_latent_nopark,15,14,-0.32431793212890625
1,D_latent_nopark,15,15,-0.3394228219985962
1,D_latent_nopark,20,0,0.7898821830749512
1,D_latent_nopark,20,1,0.7734466791152954
1,D_latent_nopark,20,2,0.7637086510658264
1,D_latent_nopark,20,3,0.7530794143676758
1,D_latent_nopark,20,4,0.7400029897689819
1,D_latent_nopark,20,5,0.7244216203689575
1,D_latent_nopark,20,6,0.7063727974891663
1,D_latent_nopark,20,7,0.686861515045166
1,D_latent_nopark,20,8,0.6664755344390869
1,D_latent_nopark,20,9,0.6453883647918701
1,D_latent_nopark,20,10,0.6237214803695679
1,D_latent_nopark,20,11,0.6016151905059814
1,D_latent_nopark,20,12,0.5799236297607422
1,D_latent_nopark,20,13,0.55873042345047
1,D_latent_nopark,20,14,0.5379760265350342
1,D_latent_nopark,20,15,0.5184738636016846
1,D_latent_nopark,25,0,0.8807276487350464
1,D_latent_nopark,25,1,0.8718762397766113
1,D_latent_nopark,25,2,0.8635459542274475
1,D_latent_nopark,25,3,0.8548768162727356
1,D_latent_nopark,25,4,0.8451614379882812
1,D_latent_nopark,25,5,0.834627628326416
1,D_latent_nopark,25,6,0.8232758641242981
1,D_latent_nopark,25,7,0.8113027811050415
1,D_latent_nopark,25,8,0.7993855476379395
1,D_latent_nopark,25,9,0.7873724102973938
1,D_latent_nopark,25,10,0.774795651435852
1,D_latent_nopark,25,11,0.7621662616729736
1,D_latent_nopark,25,12,0.7500191330909729
1,D_latent_nopark,25,13,0.7379672527313232
1,D_latent_nopark,25,14,0.7263728380203247
1,D_latent_nopark,25,15,0.7158578038215637
1,D_latent_nopark,30,0,0.8873364925384521
1,D_latent_nopark,30,1,0.8755825757980347
1,D_latent_nopark,30,2,0.8658292293548584
1,D_latent_nopark,30,3,0.8564884662628174
1,D_latent_nopark,30,4,0.8468140363693237
1,D_latent_nopark,30,5,0.8372540473937988
1,D_latent_nopark,30,6,0.8274235129356384
1,D_latent_nopark,30,7,0.8173923492431641
1,D_latent_nopark,30,8,0.807785153388977
1,D_latent_nopark,30,9,0.7982879877090454
1,D_latent_nopark,30,10,0.7884155511856079
1,D_latent_nopark,30,11,0.7785295844078064
1,D_latent_nopark,30,12,0.7689726948738098
1,D_latent_nopark,30,13,0.7593889236450195
1,D_latent_nopark,30,14,0.75005042552948
1,D_latent_nopark,30,15,0.7414054274559021
1,D_latent_nopark,35,0,0.9222407341003418
1,D_latent_nopark,35,1,0.9112696051597595
1,D_latent_nopark,35,2,0.9011768698692322
1,D_latent_nopark,35,3,0.8909270167350769
1,D_latent_nopark,35,4,0.8802415132522583
1,D_latent_nopark,35,5,0.8693798184394836
1,D_latent_nopark,35,6,0.8579864501953125
1,D_latent_nopark,35,7,0.8463101387023926
1,D_latent_nopark,35,8,0.8349035978317261
1,D_latent_nopark,35,9,0.8233859539031982
1,D_latent_nopark,35,10,0.8114506006240845
1,D_latent_nopark,35,11,0.7994918823242188
1,D_latent_nopark,35,12,0.7876719832420349
1,D_latent_nopark,35,13,0.775746762752533
1,D_latent_nopark,35,14,0.7640652060508728
1,D_latent_nopark,35,15,0.752859354019165
1,D_latent_nopark,40,0,0.9153661727905273
1,D_latent_nopark,40,1,0.9044168591499329
1,D_latent_nopark,40,2,0.894432008266449
1,D_latent_nopark,40,3,0.8841469287872314
1,D_latent_nopark,40,4,0.8733875751495361
1,D_latent_nopark,40,5,0.8623863458633423
1,D_latent_nopark,40,6,0.8506523370742798
1,D_latent_nopark,40,7,0.8386896848678589
1,D_latent_nopark,40,8,0.8272415399551392
1,D_latent_nopark,40,9,0.8158180117607117
1,D_latent_nopark,40,10,0.8041620254516602
1,D_latent_nopark,40,11,0.792791485786438
1,D_latent_nopark,40,12,0.7818053960800171
1,D_latent_nopark,40,13,0.7709627747535706
1,D_latent_nopark,40,14,0.7606927156448364
1,D_latent_nopark,40,15,0.7510668039321899
1,D_latent_nopark,45,0,0.9077314138412476
1,D_latent_nopark,45,1,0.8972912430763245
1,D_latent_nopark,45,2,0.8862240314483643
1,D_latent_nopark,45,3,0.8748759031295776
1,D_latent_nopark,45,4,0.863408088684082
1,D_latent_nopark,45,5,0.8520162105560303
1,D_latent_nopark,45,6,0.8401418328285217
1,D_latent_nopark,45,7,0.8283686637878418
1,D_latent_nopark,45,8,0.8172708749771118
1,D_latent_nopark,45,9,0.8063923120498657
1,D_latent_nopark,45,10,0.7954517006874084
1,D_latent_nopark,45,11,0.7848321199417114
1,D_latent_nopark,45,12,0.7746343612670898
1,D_latent_nopark,45,13,0.7646404504776001
1,D_latent_nopark,45,14,0.755051851272583
1,D_latent_nopark,45,15,0.7460360527038574
1,D_latent_nopark,50,0,0.9089288115501404
1,D_latent_nopark,50,1,0.8998947739601135
1,D_latent_nopark,50,2,0.8897370100021362
1,D_latent_nopark,50,3,0.8793021440505981
1,D_latent_nopark,50,4,0.8689123392105103
1,D_latent_nopark,50,5,0.8585689663887024
1,D_latent_nopark,50,6,0.8477127552032471
1,D_latent_nopark,50,7,0.8371338844299316
1,D_latent_nopark,50,8,0.8273535966873169
1,D_latent_nopark,50,9,0.8178347945213318
1,D_latent_nopark,50,10,0.8084844350814819
1,D_latent_nopark,50,11,0.7994827032089233
1,D_latent_nopark,50,12,0.7908267974853516
1,D_latent_nopark,50,13,0.7824485301971436
1,D_latent_nopark,50,14,0.7743183374404907
1,D_latent_nopark,50,15,0.766516923904419
1,D_latent_nopark,55,0,0.917279064655304
1,D_latent_nopark,55,1,0.9087940454483032
1,D_latent_nopark,55,2,0.8984925150871277
1,D_latent_nopark,55,3,0.8875362277030945
1,D_latent_nopark,55,4,0.8766502141952515
1,D_latent_nopark,55,5,0.865611732006073
1,D_latent_nopark,55,6,0.8539205193519592
1,D_latent_nopark,55,7,0.8428214192390442
1,D_latent_nopark,55,8,0.8324092626571655
1,D_latent_nopark,55,9,0.822109043598175
1,D_latent_nopark,55,10,0.8121340870857239
1,D_latent_nopark,55,11,0.8023555278778076
1,D_latent_nopark,55,12,0.7928206920623779
1,D_latent_nopark,55,13,0.7837961316108704
1,D_latent_nopark,55,14,0.7750649452209473
1,D_latent_nopark,55,15,0.7668558359146118
1,D_latent_nopark,60,0,0.9206530451774597
1,D_latent_nopark,60,1,0.9149772524833679
1,D_latent_nopark,60,2,0.9069054126739502
1,D_latent_nopark,60,3,0.8976436257362366
1,D_latent_nopark,60,4,0.8876854181289673
1,D_latent_nopark,60,5,0.8771514296531677
1,D_latent_nopark,60,6,0.865739107131958
1,D_latent_nopark,60,7,0.8544710874557495
1,D_latent_nopark,60,8,0.843914806842804
1,D_latent_nopark,60,9,0.833562970161438
1,D_latent_nopark,60,10,0.823481559753418
1,D_latent_nopark,60,11,0.8138005137443542
1,D_latent_nopark,60,12,0.8046814203262329
1,D_latent_nopark,60,13,0.7960875034332275
1,D_latent_nopark,60,14,0.7878572940826416
1,D_latent_nopark,60,15,0.7801867723464966
1,D_latent_nopark,65,0,0.9111287593841553
1,D_latent_nopark,65,1,0.9054326415061951
1,D_latent_nopark,65,2,0.8959563970565796
1,D_latent_nopark,65,3,0.8849149942398071
1,D_latent_nopark,65,4,0.8730853796005249
1,D_latent_nopark,65,5,0.8606915473937988
1,D_latent_nopark,65,6,0.8475735783576965
1,D_latent_nopark,65,7,0.8348281383514404
1,D_latent_nopark,65,8,0.8229247331619263
1,D_latent_nopark,65,9,0.8114688396453857
1,D_latent_nopark,65,10,0.8005233407020569
1,D_latent_nopark,65,11,0.7901549935340881
1,D_latent_nopark,65,12,0.7805994153022766
1,D_latent_nopark,65,13,0.7718756198883057
1,D_latent_nopark,65,14,0.7636550664901733
1,D_latent_nopark,65,15,0.7562819719314575
1,D_latent_nopark,70,0,0.9181357622146606
1,D_latent_nopark,70,1,0.9131428599357605
1,D_latent_nopark,70,2,0.9053728580474854
1,D_latent_nopark,70,3,0.8962731957435608
1,D_latent_nopark,70,4,0.8865755796432495
1,D_latent_nopark,70,5,0.8763750791549683
1,D_latent_nopark,70,6,0.8653647899627686
1,D_latent_nopark,70,7,0.8546898365020752
1,D_latent_nopark,70,8,0.844826340675354
1,D_latent_nopark,70,9,0.8354198336601257
1,D_latent_nopark,70,10,0.8262348175048828
1,D_latent_nopark,70,11,0.8171988725662231
1,D_latent_nopark,70,12,0.8087054491043091
1,D_latent_nopark,70,13,0.8007017374038696
1,D_latent_nopark,70,14,0.7928812503814697
1,D_latent_nopark,70,15,0.7856138944625854
1,D_latent_nopark,75,0,0.9253220558166504
1,D_latent_nopark,75,1,0.9208316802978516
1,D_latent_nopark,75,2,0.9130280613899231
1,D_latent_nopark,75,3,0.9037868976593018
1,D_latent_nopark,75,4,0.8939321041107178
1,D_latent_nopark,75,5,0.8834347128868103
1,D_latent_nopark,75,6,0.8722133636474609
1,D_latent_nopark,75,7,0.8615691661834717
1,D_latent_nopark,75,8,0.8516157865524292
1,D_latent_nopark,75,9,0.8419920206069946
1,D_latent_nopark,75,10,0.8327405452728271
1,D_latent_nopark,75,11,0.823639452457428
1,D_latent_nopark,75,12,0.8150114417076111
1,D_latent_nopark,75,13,0.8069588541984558
1,D_latent_nopark,75,14,0.799164354801178
1,D_latent_nopark,75,15,0.7918667197227478
1,D_latent_nopark,80,0,0.9165923595428467
1,D_latent_nopark,80,1,0.913105309009552
1,D_latent_nopark,80,2,0.9066864252090454
1,D_latent_nopark,80,3,0.8988627791404724
1,D_latent_nopark,80,4,0.8902243971824646
1,D_latent_nopark,80,5,0.8809269666671753
1,D_latent_nopark,80,6,0.8708956837654114
1,D_latent_nopark,80,7,0.8612446784973145
1,D_latent_nopark,80,8,0.8523382544517517
1,D_latent_nopark,80,9,0.8438906073570251
1,D_latent_nopark,80,10,0.8357456922531128
1,D_latent_nopark,80,11,0.8278460502624512
1,D_latent_nopark,80,12,0.8205102682113647
1,D_latent_nopark,80,13,0.8136533498764038
1,D_latent_nopark,80,14,0.8069943189620972
1,D_latent_nopark,80,15,0.8008354902267456
1,D_latent_nopark,85,0,0.9219021797180176
1,D_latent_nopark,85,1,0.9181318879127502
1,D_latent_nopark,85,2,0.909740686416626
1,D_latent_nopark,85,3,0.899590015411377
1,D_latent_nopark,85,4,0.8886381387710571
1,D_latent_nopark,85,5,0.8768496513366699
1,D_latent_nopark,85,6,0.8643669486045837
1,D_latent_nopark,85,7,0.8524723052978516
1,D_latent_nopark,85,8,0.8412284851074219
1,D_latent_nopark,85,9,0.8304345607757568
1,D_latent_nopark,85,10,0.8202322721481323
1,D_latent_nopark,85,11,0.8104482889175415
1,D_latent_nopark,85,12,0.801436722278595
1,D_latent_nopark,85,13,0.7931616306304932
1,D_latent_nopark,85,14,0.7852916717529297
1,D_latent_nopark,85,15,0.7781480550765991
1,D_latent_nopark,90,0,0.9227475523948669
1,D_latent_nopark,90,1,0.9189826846122742
1,D_latent_nopark,90,2,0.9104326367378235
1,D_latent_nopark,90,3,0.9000453352928162
1,D_latent_nopark,90,4,0.8887036442756653
1,D_latent_nopark,90,5,0.8766921162605286
1,D_latent_nopark,90,6,0.8639254570007324
1,D_latent_nopark,90,7,0.8517385125160217
1,D_latent_nopark,90,8,0.8405108451843262
1,D_latent_nopark,90,9,0.8297721743583679
1,D_latent_nopark,90,10,0.819587767124176
1,D_latent_nopark,90,11,0.8098365068435669
1,D_latent_nopark,90,12,0.8006728887557983
1,D_latent_nopark,90,13,0.7921320796012878
1,D_latent_nopark,90,14,0.7839714288711548
1,D_latent_nopark,90,15,0.7763870358467102
1,D_latent_nopark,95,0,0.9182699918746948
1,D_latent_nopark,95,1,0.9154602885246277
1,D_latent_nopark,95,2,0.9086764454841614
1,D_latent_nopark,95,3,0.8998985290527344
1,D_latent_nopark,95,4,0.8898918032646179
1,D_latent_nopark,95,5,0.8789927959442139
1,D_latent_nopark,95,6,0.8671991229057312
1,D_latent_nopark,95,7,0.8558787107467651
1,D_latent_nopark,95,8,0.8454397916793823
1,D_latent_nopark,95,9,0.8354896306991577
1,D_latent_nopark,95,10,0.8260494470596313
1,D_latent_nopark,95,11,0.8170528411865234
1,D_latent_nopark,95,12,0.8087582588195801
1,D_latent_nopark,95,13,0.801086962223053
1,D_latent_nopark,95,14,0.7938700914382935
1,D_latent_nopark,95,15,0.7873782515525818
1,D_latent_nopark,100,0,0.9135385751724243
1,D_latent_nopark,100,1,0.9108018279075623
1,D_latent_nopark,100,2,0.9034625887870789
1,D_latent_nopark,100,3,0.8943440318107605
1,D_latent_nopark,100,4,0.884190022945404
1,D_latent_nopark,100,5,0.8731591701507568
1,D_latent_nopark,100,6,0.8612737059593201
1,D_latent_nopark,100,7,0.8497645854949951
1,D_latent_nopark,100,8,0.8390051126480103
1,D_latent_nopark,100,9,0.8287799954414368
1,D_latent_nopark,100,10,0.8191547393798828
1,D_latent_nopark,100,11,0.8100032210350037
1,D_latent_nopark,100,12,0.8016166687011719
1,D_latent_nopark,100,13,0.793938159942627
1,D_latent_nopark,100,14,0.786767840385437
1,D_latent_nopark,100,15,0.7803416848182678
2,A_recon,1,0,-0.055229783058166504
2,A_recon,1,1,-0.06706607341766357
2,A_recon,1,2,-0.07985198497772217
2,A_recon,1,3,-0.09357094764709473
2,A_recon,1,4,-0.10799384117126465
2,A_recon,1,5,-0.12294268608093262
2,A_recon,1,6,-0.1382993459701538
2,A_recon,1,7,-0.15377271175384521
2,A_recon,1,8,-0.16913831233978271
2,A_recon,1,9,-0.18437469005584717
2,A_recon,1,10,-0.19952690601348877
2,A_recon,1,11,-0.21448910236358643
2,A_recon,1,12,-0.22901976108551025
2,A_recon,1,13,-0.24301791191101074
2,A_recon,1,14,-0.2563354969024658
2,A_recon,1,15,-0.26878345012664795
2,A_recon,5,0,-0.03999006748199463
2,A_recon,5,1,-0.037358880043029785
2,A_recon,5,2,-0.04038131237030029
2,A_recon,5,3,-0.04764282703399658
2,A_recon,5,4,-0.057816386222839355
2,A_recon,5,5,-0.0698995590209961
2,A_recon,5,6,-0.08365058898925781
2,A_recon,5,7,-0.09839355945587158
2,A_recon,5,8,-0.11357927322387695
2,A_recon,5,9,-0.12926995754241943
2,A_recon,5,10,-0.1453927755355835
2,A_recon,5,11,-0.16171646118164062
2,A_recon,5,12,-0.17795169353485107
2,A_recon,5,13,-0.19392859935760498
2,A_recon,5,14,-0.20940792560577393
2,A_recon,5,15,-0.22418642044067383
2,A_recon,10,0,0.06407833099365234
2,A_recon,10,1,0.06911575794219971
2,A_recon,10,2,0.06882584095001221
2,A_recon,10,3,0.06462985277175903
2,A_recon,10,4,0.058824896812438965
2,A_recon,10,5,0.04956924915313721
2,A_recon,10,6,0.039679646492004395
2,A_recon,10,7,0.03030085563659668
2,A_recon,10,8,0.019704759120941162
2,A_recon,10,9,0.009882330894470215
2,A_recon,10,10,0.0007660984992980957
2,A_recon,10,11,-0.009325861930847168
2,A_recon,10,12,-0.018321990966796875
2,A_recon,10,13,-0.026520133018493652
2,A_recon,10,14,-0.03534865379333496
2,A_recon,10,15,-0.04223334789276123
2,A_recon,15,0,0.17026770114898682
2,A_recon,15,1,0.15966391563415527
2,A_recon,15,2,0.1513282060623169
2,A_recon,15,3,0.1401994228363037
2,A_recon,15,4,0.12964332103729248
2,A_recon,15,5,0.11873334646224976
2,A_recon,15,6,0.10659503936767578
2,A_recon,15,7,0.0956682562828064
2,A_recon,15,8,0.08592945337295532
2,A_recon,15,9,0.07599467039108276
2,A_recon,15,10,0.06599926948547363
2,A_recon,15,11,0.056903719902038574
2,A_recon,15,12,0.04842311143875122
2,A_recon,15,13,0.039738237857818604
2,A_recon,15,14,0.032443106174468994
2,A_recon,15,15,0.02632659673690796
2,A_recon,20,0,0.14057350158691406
2,A_recon,20,1,0.12714701890945435
2,A_recon,20,2,0.12163680791854858
2,A_recon,20,3,0.11396282911300659
2,A_recon,20,4,0.1060640811920166
2,A_recon,20,5,0.09664136171340942
2,A_recon,20,6,0.08691728115081787
2,A_recon,20,7,0.07827085256576538
2,A_recon,20,8,0.0692605972290039
2,A_recon,20,9,0.06065946817398071
2,A_recon,20,10,0.0524173378944397
2,A_recon,20,11,0.04370325803756714
2,A_recon,20,12,0.03601652383804321
2,A_recon,20,13,0.028749287128448486
2,A_recon,20,14,0.021734893321990967
2,A_recon,20,15,0.015766680240631104
2,A_recon,25,0,0.7619012594223022
2,A_recon,25,1,0.7596097588539124
2,A_recon,25,2,0.7651368975639343
2,A_recon,25,3,0.7665998339653015
2,A_recon,25,4,0.7655128240585327
2,A_recon,25,5,0.7618386745452881
2,A_recon,25,6,0.7568625211715698
2,A_recon,25,7,0.7529710531234741
2,A_recon,25,8,0.7485849261283875
2,A_recon,25,9,0.7440377473831177
2,A_recon,25,10,0.7397250533103943
2,A_recon,25,11,0.7334410548210144
2,A_recon,25,12,0.7266773581504822
2,A_recon,25,13,0.7204957008361816
2,A_recon,25,14,0.7121740579605103
2,A_recon,25,15,0.7034711837768555
2,A_recon,30,0,0.8563539981842041
2,A_recon,30,1,0.863263726234436
2,A_recon,30,2,0.8688283562660217
2,A_recon,30,3,0.8704972267150879
2,A_recon,30,4,0.8695606589317322
2,A_recon,30,5,0.8666394948959351
2,A_recon,30,6,0.8620730638504028
2,A_recon,30,7,0.8577386736869812
2,A_recon,30,8,0.852717936038971
2,A_recon,30,9,0.8472634553909302
2,A_recon,30,10,0.8420742750167847
2,A_recon,30,11,0.8352841138839722
2,A_recon,30,12,0.8277075886726379
2,A_recon,30,13,0.8209590911865234
2,A_recon,30,14,0.8120111227035522
2,A_recon,30,15,0.8017914891242981
2,A_recon,35,0,0.9145912528038025
2,A_recon,35,1,0.9180801510810852
2,A_recon,35,2,0.9215617179870605
2,A_recon,35,3,0.923018217086792
2,A_recon,35,4,0.9224504828453064
2,A_recon,35,5,0.9211357831954956
2,A_recon,35,6,0.9189956188201904
2,A_recon,35,7,0.916688859462738
2,A_recon,35,8,0.914419412612915
2,A_recon,35,9,0.9123053550720215
2,A_recon,35,10,0.9099554419517517
2,A_recon,35,11,0.9064298868179321
2,A_recon,35,12,0.9033552408218384
2,A_recon,35,13,0.9000277519226074
2,A_recon,35,14,0.8955263495445251
2,A_recon,35,15,0.8907135725021362
2,A_recon,40,0,0.9528571963310242
2,A_recon,40,1,0.953209638595581
2,A_recon,40,2,0.9567068815231323
2,A_recon,40,3,0.958018958568573
2,A_recon,40,4,0.958170473575592
2,A_recon,40,5,0.9585572481155396
2,A_recon,40,6,0.9578327536582947
2,A_recon,40,7,0.9568602442741394
2,A_recon,40,8,0.956790030002594
2,A_recon,40,9,0.9564476013183594
2,A_recon,40,10,0.9557381272315979
2,A_recon,40,11,0.9548124074935913
2,A_recon,40,12,0.9538833498954773
2,A_recon,40,13,0.9528506398200989
2,A_recon,40,14,0.9513988494873047
2,A_recon,40,15,0.9494692087173462
2,A_recon,45,0,0.9737698435783386
2,A_recon,45,1,0.9731436967849731
2,A_recon,45,2,0.9745473265647888
2,A_recon,45,3,0.9743260145187378
2,A_recon,45,4,0.9729840755462646
2,A_recon,45,5,0.9720999002456665
2,A_recon,45,6,0.9702659845352173
2,A_recon,45,7,0.968501627445221
2,A_recon,45,8,0.9679003953933716
2,A_recon,45,9,0.9671499133110046
2,A_recon,45,10,0.9661369323730469
2,A_recon,45,11,0.9652529358863831
2,A_recon,45,12,0.9645528197288513
2,A_recon,45,13,0.9637621641159058
2,A_recon,45,14,0.9627156257629395
2,A_recon,45,15,0.9615675210952759
2,A_recon,50,0,0.9777281284332275
2,A_recon,50,1,0.9773536920547485
2,A_recon,50,2,0.97793048620224
2,A_recon,50,3,0.9770338535308838
2,A_recon,50,4,0.9754283428192139
2,A_recon,50,5,0.9744302034378052
2,A_recon,50,6,0.9724833965301514
2,A_recon,50,7,0.9707119464874268
2,A_recon,50,8,0.9701159596443176
2,A_recon,50,9,0.9693452715873718
2,A_recon,50,10,0.9683935642242432
2,A_recon,50,11,0.9675662517547607
2,A_recon,50,12,0.9666050672531128
2,A_recon,50,13,0.965514063835144
2,A_recon,50,14,0.9641217589378357
2,A_recon,50,15,0.9626030921936035
2,A_recon,55,0,0.9809749722480774
2,A_recon,55,1,0.9802621603012085
2,A_recon,55,2,0.9804624915122986
2,A_recon,55,3,0.9794856905937195
2,A_recon,55,4,0.9780057072639465
2,A_recon,55,5,0.9771926999092102
2,A_recon,55,6,0.9755030870437622
2,A_recon,55,7,0.9739744067192078
2,A_recon,55,8,0.9737204909324646
2,A_recon,55,9,0.9732984900474548
2,A_recon,55,10,0.9728823900222778
2,A_recon,55,11,0.9727657437324524
2,A_recon,55,12,0.9723023176193237
2,A_recon,55,13,0.9716616868972778
2,A_recon,55,14,0.9708371758460999
2,A_recon,55,15,0.9696269631385803
2,A_recon,60,0,0.9761000871658325
2,A_recon,60,1,0.9742764830589294
2,A_recon,60,2,0.974331796169281
2,A_recon,60,3,0.9734047055244446
2,A_recon,60,4,0.9721514582633972
2,A_recon,60,5,0.9718549251556396
2,A_recon,60,6,0.9707443714141846
2,A_recon,60,7,0.9697421789169312
2,A_recon,60,8,0.9700649976730347
2,A_recon,60,9,0.9703018069267273
2,A_recon,60,10,0.9704272150993347
2,A_recon,60,11,0.9707342386245728
2,A_recon,60,12,0.9706255197525024
2,A_recon,60,13,0.9704409241676331
2,A_recon,60,14,0.9700605273246765
2,A_recon,60,15,0.9693278670310974
2,A_recon,65,0,0.9820995330810547
2,A_recon,65,1,0.9807634353637695
2,A_recon,65,2,0.9802352786064148
2,A_recon,65,3,0.9787520170211792
2,A_recon,65,4,0.9768564701080322
2,A_recon,65,5,0.9757077097892761
2,A_recon,65,6,0.9737891554832458
2,A_recon,65,7,0.9720568656921387
2,A_recon,65,8,0.9717366099357605
2,A_recon,65,9,0.9715574979782104
2,A_recon,65,10,0.9714478254318237
2,A_recon,65,11,0.9715917110443115
2,A_recon,65,12,0.9714838266372681
2,A_recon,65,13,0.9713406562805176
2,A_recon,65,14,0.9711084365844727
2,A_recon,65,15,0.970553994178772
2,A_recon,70,0,0.9805165529251099
2,A_recon,70,1,0.9788732528686523
2,A_recon,70,2,0.9781917929649353
2,A_recon,70,3,0.9766358137130737
2,A_recon,70,4,0.9746515154838562
2,A_recon,70,5,0.9734464883804321
2,A_recon,70,6,0.9715155363082886
2,A_recon,70,7,0.9696637988090515
2,A_recon,70,8,0.9691174030303955
2,A_recon,70,9,0.9686296582221985
2,A_recon,70,10,0.9680554270744324
2,A_recon,70,11,0.9678241014480591
2,A_recon,70,12,0.9675140976905823
2,A_recon,70,13,0.9672144055366516
2,A_recon,70,14,0.9668328166007996
2,A_recon,70,15,0.9661211967468262
2,A_recon,75,0,0.9816868901252747
2,A_recon,75,1,0.9801174998283386
2,A_recon,75,2,0.9794297218322754
2,A_recon,75,3,0.9778124690055847
2,A_recon,75,4,0.975883960723877
2,A_recon,75,5,0.9748061299324036
2,A_recon,75,6,0.9730568528175354
2,A_recon,75,7,0.9714387655258179
2,A_recon,75,8,0.9711012840270996
2,A_recon,75,9,0.9709206819534302
2,A_recon,75,10,0.9706932306289673
2,A_recon,75,11,0.9707033634185791
2,A_recon,75,12,0.9705320596694946
2,A_recon,75,13,0.9703817367553711
2,A_recon,75,14,0.9702918529510498
2,A_recon,75,15,0.9699738025665283
2,B_task,1,0,-0.05581951141357422
2,B_task,1,1,-0.0677487850189209
2,B_task,1,2,-0.08062517642974854
2,B_task,1,3,-0.09442281723022461
2,B_task,1,4,-0.10892081260681152
2,B_task,1,5,-0.12393856048583984
2,B_task,1,6,-0.1393522024154663
2,B_task,1,7,-0.15487873554229736
2,B_task,1,8,-0.17029333114624023
2,B_task,1,9,-0.1855710744857788
2,B_task,1,10,-0.20075809955596924
2,B_task,1,11,-0.21575069427490234
2,B_task,1,12,-0.23030531406402588
2,B_task,1,13,-0.2443181276321411
2,B_task,1,14,-0.25764763355255127
2,B_task,1,15,-0.27010178565979004
2,B_task,5,0,-0.03286623954772949
2,B_task,5,1,-0.030853748321533203
2,B_task,5,2,-0.034261345863342285
2,B_task,5,3,-0.0417780876159668
2,B_task,5,4,-0.05211925506591797
2,B_task,5,5,-0.06429731845855713
2,B_task,5,6,-0.07809746265411377
2,B_task,5,7,-0.09286367893218994
2,B_task,5,8,-0.1080406904220581
2,B_task,5,9,-0.12369978427886963
2,B_task,5,10,-0.1397991180419922
2,B_task,5,11,-0.1560831069946289
2,B_task,5,12,-0.1722726821899414
2,B_task,5,13,-0.18821072578430176
2,B_task,5,14,-0.20363664627075195
2,B_task,5,15,-0.21836578845977783
2,B_task,10,0,0.02164512872695923
2,B_task,10,1,0.03319704532623291
2,B_task,10,2,0.03480452299118042
2,B_task,10,3,0.031358420848846436
2,B_task,10,4,0.0251387357711792
2,B_task,10,5,0.016502737998962402
2,B_task,10,6,0.0072901248931884766
2,B_task,10,7,-0.0022716522216796875
2,B_task,10,8,-0.012144088745117188
2,B_task,10,9,-0.021100997924804688
2,B_task,10,10,-0.030414342880249023
2,B_task,10,11,-0.04043900966644287
2,B_task,10,12,-0.04875600337982178
2,B_task,10,13,-0.05719304084777832
2,B_task,10,14,-0.0660405158996582
2,B_task,10,15,-0.0726175308227539
2,B_task,15,0,0.16466277837753296
2,B_task,15,1,0.15770912170410156
2,B_task,15,2,0.1503359079360962
2,B_task,15,3,0.1402553915977478
2,B_task,15,4,0.13065117597579956
2,B_task,15,5,0.12014496326446533
2,B_task,15,6,0.10863560438156128
2,B_task,15,7,0.09847664833068848
2,B_task,15,8,0.08872079849243164
2,B_task,15,9,0.07892113924026489
2,B_task,15,10,0.06965452432632446
2,B_task,15,11,0.06016862392425537
2,B_task,15,12,0.051371216773986816
2,B_task,15,13,0.04327660799026489
2,B_task,15,14,0.03573465347290039
2,B_task,15,15,0.029272615909576416
2,B_task,20,0,0.10547864437103271
2,B_task,20,1,0.09519416093826294
2,B_task,20,2,0.08863866329193115
2,B_task,20,3,0.08057546615600586
2,B_task,20,4,0.07276451587677002
2,B_task,20,5,0.06369972229003906
2,B_task,20,6,0.05435299873352051
2,B_task,20,7,0.04615342617034912
2,B_task,20,8,0.03770613670349121
2,B_task,20,9,0.02957254648208618
2,B_task,20,10,0.021921157836914062
2,B_task,20,11,0.013376295566558838
2,B_task,20,12,0.0059754252433776855
2,B_task,20,13,-0.0004878044128417969
2,B_task,20,14,-0.006982564926147461
2,B_task,20,15,-0.012550115585327148
2,B_task,25,0,0.15841811895370483
2,B_task,25,1,0.15168505907058716
2,B_task,25,2,0.14353573322296143
2,B_task,25,3,0.13300329446792603
2,B_task,25,4,0.12348484992980957
2,B_task,25,5,0.113666832447052
2,B_task,25,6,0.10248637199401855
2,B_task,25,7,0.09295850992202759
2,B_task,25,8,0.08375048637390137
2,B_task,25,9,0.07398968935012817
2,B_task,25,10,0.06526815891265869
2,B_task,25,11,0.0552288293838501
2,B_task,25,12,0.04598653316497803
2,B_task,25,13,0.03789180517196655
2,B_task,25,14,0.02970820665359497
2,B_task,25,15,0.02145165205001831
2,B_task,30,0,0.44473695755004883
2,B_task,30,1,0.43459784984588623
2,B_task,30,2,0.42562854290008545
2,B_task,30,3,0.41438329219818115
2,B_task,30,4,0.4044768810272217
2,B_task,30,5,0.39333808422088623
2,B_task,30,6,0.3808019161224365
2,B_task,30,7,0.370505690574646
2,B_task,30,8,0.3591410517692566
2,B_task,30,9,0.34724587202072144
2,B_task,30,10,0.3373425602912903
2,B_task,30,11,0.32545286417007446
2,B_task,30,12,0.3137660026550293
2,B_task,30,13,0.3047446608543396
2,B_task,30,14,0.29416388273239136
2,B_task,30,15,0.28336429595947266
2,B_task,35,0,0.3372601866722107
2,B_task,35,1,0.33024370670318604
2,B_task,35,2,0.32415771484375
2,B_task,35,3,0.315157413482666
2,B_task,35,4,0.3068896532058716
2,B_task,35,5,0.29815590381622314
2,B_task,35,6,0.2873724699020386
2,B_task,35,7,0.27828270196914673
2,B_task,35,8,0.26893168687820435
2,B_task,35,9,0.2585904598236084
2,B_task,35,10,0.24929505586624146
2,B_task,35,11,0.23902201652526855
2,B_task,35,12,0.22930485010147095
2,B_task,35,13,0.22077971696853638
2,B_task,35,14,0.21166694164276123
2,B_task,35,15,0.20213264226913452
2,B_task,40,0,0.8257113695144653
2,B_task,40,1,0.8299063444137573
2,B_task,40,2,0.8349699974060059
2,B_task,40,3,0.837428629398346
2,B_task,40,4,0.8375642895698547
2,B_task,40,5,0.8376504182815552
2,B_task,40,6,0.8359826803207397
2,B_task,40,7,0.8338527083396912
2,B_task,40,8,0.8322605490684509
2,B_task,40,9,0.8299243450164795
2,B_task,40,10,0.8271999955177307
2,B_task,40,11,0.8228251934051514
2,B_task,40,12,0.8181466460227966
2,B_task,40,13,0.8139753937721252
2,B_task,40,14,0.8075145483016968
2,B_task,40,15,0.7997557520866394
2,B_task,45,0,0.9075775146484375
2,B_task,45,1,0.9089431166648865
2,B_task,45,2,0.9109146595001221
2,B_task,45,3,0.9107292294502258
2,B_task,45,4,0.9096435904502869
2,B_task,45,5,0.907920777797699
2,B_task,45,6,0.9042857885360718
2,B_task,45,7,0.9006599187850952
2,B_task,45,8,0.8973079919815063
2,B_task,45,9,0.8930768966674805
2,B_task,45,10,0.8882547616958618
2,B_task,45,11,0.8826895356178284
2,B_task,45,12,0.876469612121582
2,B_task,45,13,0.8701868653297424
2,B_task,45,14,0.8624759912490845
2,B_task,45,15,0.8537311553955078
2,B_task,50,0,0.9168931245803833
2,B_task,50,1,0.9177672863006592
2,B_task,50,2,0.9196377396583557
2,B_task,50,3,0.9196822643280029
2,B_task,50,4,0.9187421202659607
2,B_task,50,5,0.9176459312438965
2,B_task,50,6,0.9150199294090271
2,B_task,50,7,0.9126694202423096
2,B_task,50,8,0.9112362265586853
2,B_task,50,9,0.9091367125511169
2,B_task,50,10,0.906434178352356
2,B_task,50,11,0.9033175110816956
2,B_task,50,12,0.9000563025474548
2,B_task,50,13,0.8965100049972534
2,B_task,50,14,0.8924676775932312
2,B_task,50,15,0.8880268335342407
2,B_task,55,0,0.9374896287918091
2,B_task,55,1,0.9382185339927673
2,B_task,55,2,0.9400702714920044
2,B_task,55,3,0.9400858879089355
2,B_task,55,4,0.9397805333137512
2,B_task,55,5,0.9398704767227173
2,B_task,55,6,0.938210129737854
2,B_task,55,7,0.9373664259910583
2,B_task,55,8,0.93760746717453
2,B_task,55,9,0.9367117881774902
2,B_task,55,10,0.9354947209358215
2,B_task,55,11,0.9338232278823853
2,B_task,55,12,0.9313440918922424
2,B_task,55,13,0.9288197159767151
2,B_task,55,14,0.925850510597229
2,B_task,55,15,0.9221628904342651
2,B_task,60,0,0.9365690350532532
2,B_task,60,1,0.9358463287353516
2,B_task,60,2,0.936571478843689
2,B_task,60,3,0.9360836744308472
2,B_task,60,4,0.9353840947151184
2,B_task,60,5,0.9350564479827881
2,B_task,60,6,0.9334192872047424
2,B_task,60,7,0.9323247671127319
2,B_task,60,8,0.9324333667755127
2,B_task,60,9,0.9318028092384338
2,B_task,60,10,0.9307428002357483
2,B_task,60,11,0.9293386340141296
2,B_task,60,12,0.9277273416519165
2,B_task,60,13,0.9259761571884155
2,B_task,60,14,0.9238747358322144
2,B_task,60,15,0.9215956926345825
2,B_task,65,0,0.9476568102836609
2,B_task,65,1,0.9473135471343994
2,B_task,65,2,0.9477138519287109
2,B_task,65,3,0.9469280242919922
2,B_task,65,4,0.9460042119026184
2,B_task,65,5,0.9457388520240784
2,B_task,65,6,0.944237232208252
2,B_task,65,7,0.943288266658783
2,B_task,65,8,0.9433939456939697
2,B_task,65,9,0.9426537156105042
2,B_task,65,10,0.941535472869873
2,B_task,65,11,0.940187931060791
2,B_task,65,12,0.9385270476341248
2,B_task,65,13,0.9366340041160583
2,B_task,65,14,0.9344053864479065
2,B_task,65,15,0.9319911003112793
2,B_task,70,0,0.9580668210983276
2,B_task,70,1,0.9578630924224854
2,B_task,70,2,0.9579176306724548
2,B_task,70,3,0.9568211436271667
2,B_task,70,4,0.9555418491363525
2,B_task,70,5,0.9550247192382812
2,B_task,70,6,0.9532907605171204
2,B_task,70,7,0.9521013498306274
2,B_task,70,8,0.9520813226699829
2,B_task,70,9,0.9512680172920227
2,B_task,70,10,0.9501031637191772
2,B_task,70,11,0.9489240646362305
2,B_task,70,12,0.9472727179527283
2,B_task,70,13,0.9452455043792725
2,B_task,70,14,0.9432438611984253
2,B_task,70,15,0.9409903287887573
2,B_task,75,0,0.9669045209884644
2,B_task,75,1,0.9668385982513428
2,B_task,75,2,0.9666380882263184
2,B_task,75,3,0.9653385877609253
2,B_task,75,4,0.9639776349067688
2,B_task,75,5,0.9633234739303589
2,B_task,75,6,0.9614871144294739
2,B_task,75,7,0.9602185487747192
2,B_task,75,8,0.9599937200546265
2,B_task,75,9,0.9589987993240356
2,B_task,75,10,0.9576857089996338
2,B_task,75,11,0.9562506079673767
2,B_task,75,12,0.9544278383255005
2,B_task,75,13,0.9522388577461243
2,B_task,75,14,0.9498971700668335
2,B_task,75,15,0.9474106431007385
2,B_task,80,0,0.9619670510292053
2,B_task,80,1,0.9618671536445618
2,B_task,80,2,0.9616702198982239
2,B_task,80,3,0.9603952169418335
2,B_task,80,4,0.958938717842102
2,B_task,80,5,0.9581977725028992
2,B_task,80,6,0.9564831852912903
2,B_task,80,7,0.955342710018158
2,B_task,80,8,0.9552733898162842
2,B_task,80,9,0.954475998878479
2,B_task,80,10,0.9533871412277222
2,B_task,80,11,0.952255129814148
2,B_task,80,12,0.9507719874382019
2,B_task,80,13,0.9490769505500793
2,B_task,80,14,0.9476156234741211
2,B_task,80,15,0.9461317658424377
2,B_task,85,0,0.9624983668327332
2,B_task,85,1,0.9620972275733948
2,B_task,85,2,0.9614202976226807
2,B_task,85,3,0.9597525000572205
2,B_task,85,4,0.9580409526824951
2,B_task,85,5,0.9569801688194275
2,B_task,85,6,0.9549931287765503
2,B_task,85,7,0.953734815120697
2,B_task,85,8,0.9534306526184082
2,B_task,85,9,0.9523457884788513
2,B_task,85,10,0.951080322265625
2,B_task,85,11,0.9497267007827759
2,B_task,85,12,0.9480516910552979
2,B_task,85,13,0.9462457299232483
2,B_task,85,14,0.9445049166679382
2,B_task,85,15,0.942757785320282
2,B_task,90,0,0.9643954038619995
2,B_task,90,1,0.9637334942817688
2,B_task,90,2,0.9629294276237488
2,B_task,90,3,0.9611470103263855
2,B_task,90,4,0.9590345621109009
2,B_task,90,5,0.9575706124305725
2,B_task,90,6,0.9553856253623962
2,B_task,90,7,0.953849196434021
2,B_task,90,8,0.9532813429832458
2,B_task,90,9,0.9519736170768738
2,B_task,90,10,0.95027756690979
2,B_task,90,11,0.9485055208206177
2,B_task,90,12,0.9466087222099304
2,B_task,90,13,0.9446174502372742
2,B_task,90,14,0.9428505897521973
2,B_task,90,15,0.9413267374038696
2,B_task,95,0,0.9614257216453552
2,B_task,95,1,0.9611656069755554
2,B_task,95,2,0.9607168436050415
2,B_task,95,3,0.9591932892799377
2,B_task,95,4,0.9575782418251038
2,B_task,95,5,0.9567084908485413
2,B_task,95,6,0.9550231099128723
2,B_task,95,7,0.9539058208465576
2,B_task,95,8,0.9537575244903564
2,B_task,95,9,0.9528877139091492
2,B_task,95,10,0.9516074061393738
2,B_task,95,11,0.950158417224884
2,B_task,95,12,0.9486114978790283
2,B_task,95,13,0.9471078515052795
2,B_task,95,14,0.9458099603652954
2,B_task,95,15,0.9446084499359131
2,C_scene,1,0,-0.04673922061920166
2,C_scene,1,1,-0.0593411922454834
2,C_scene,1,2,-0.07281625270843506
2,C_scene,1,3,-0.0871729850769043
2,C_scene,1,4,-0.10217797756195068
2,C_scene,1,5,-0.11761963367462158
2,C_scene,1,6,-0.1334317922592163
2,C_scene,1,7,-0.14930176734924316
2,C_scene,1,8,-0.16499245166778564
2,C_scene,1,9,-0.18052053451538086
2,C_scene,1,10,-0.1959141492843628
2,C_scene,1,11,-0.21107709407806396
2,C_scene,1,12,-0.22577154636383057
2,C_scene,1,13,-0.23989927768707275
2,C_scene,1,14,-0.2533046007156372
2,C_scene,1,15,-0.2658216953277588
2,C_scene,5,0,-0.06574392318725586
2,C_scene,5,1,-0.06434786319732666
2,C_scene,5,2,-0.0673900842666626
2,C_scene,5,3,-0.07404792308807373
2,C_scene,5,4,-0.08319628238677979
2,C_scene,5,5,-0.09400367736816406
2,C_scene,5,6,-0.10635185241699219
2,C_scene,5,7,-0.11958038806915283
2,C_scene,5,8,-0.13320040702819824
2,C_scene,5,9,-0.14729130268096924
2,C_scene,5,10,-0.16176080703735352
2,C_scene,5,11,-0.17640376091003418
2,C_scene,5,12,-0.19096314907073975
2,C_scene,5,13,-0.2052450180053711
2,C_scene,5,14,-0.21905231475830078
2,C_scene,5,15,-0.2321937084197998
2,C_scene,10,0,0.010747969150543213
2,C_scene,10,1,0.020173966884613037
2,C_scene,10,2,0.020393669605255127
2,C_scene,10,3,0.016280174255371094
2,C_scene,10,4,0.011261999607086182
2,C_scene,10,5,0.0029197335243225098
2,C_scene,10,6,-0.006520390510559082
2,C_scene,10,7,-0.014962196350097656
2,C_scene,10,8,-0.024661898612976074
2,C_scene,10,9,-0.03427565097808838
2,C_scene,10,10,-0.04281926155090332
2,C_scene,10,11,-0.05222666263580322
2,C_scene,10,12,-0.06135737895965576
2,C_scene,10,13,-0.06898760795593262
2,C_scene,10,14,-0.07732582092285156
2,C_scene,10,15,-0.0847095251083374
2,C_scene,15,0,0.0644424557685852
2,C_scene,15,1,0.058055579662323
2,C_scene,15,2,0.04894179105758667
2,C_scene,15,3,0.037878453731536865
2,C_scene,15,4,0.027810394763946533
2,C_scene,15,5,0.01598536968231201
2,C_scene,15,6,0.002874433994293213
2,C_scene,15,7,-0.008306741714477539
2,C_scene,15,8,-0.0197141170501709
2,C_scene,15,9,-0.030969619750976562
2,C_scene,15,10,-0.040525197982788086
2,C_scene,15,11,-0.05085563659667969
2,C_scene,15,12,-0.0599902868270874
2,C_scene,15,13,-0.067513108253479
2,C_scene,15,14,-0.07562255859375
2,C_scene,15,15,-0.08212196826934814
2,C_scene,20,0,-0.003925681114196777
2,C_scene,20,1,-0.017904996871948242
2,C_scene,20,2,-0.03340554237365723
2,C_scene,20,3,-0.049927353858947754
2,C_scene,20,4,-0.06464076042175293
2,C_scene,20,5,-0.08173871040344238
2,C_scene,20,6,-0.10040700435638428
2,C_scene,20,7,-0.11582481861114502
2,C_scene,20,8,-0.13094544410705566
2,C_scene,20,9,-0.14619553089141846
2,C_scene,20,10,-0.15801286697387695
2,C_scene,20,11,-0.17000627517700195
2,C_scene,20,12,-0.1816631555557251
2,C_scene,20,13,-0.18998396396636963
2,C_scene,20,14,-0.19808828830718994
2,C_scene,20,15,-0.20634400844573975
2,C_scene,25,0,-0.0008805990219116211
2,C_scene,25,1,-0.01123952865600586
2,C_scene,25,2,-0.0273897647857666
2,C_scene,25,3,-0.04553961753845215
2,C_scene,25,4,-0.06118655204772949
2,C_scene,25,5,-0.07829594612121582
2,C_scene,25,6,-0.09640443325042725
2,C_scene,25,7,-0.11033821105957031
2,C_scene,25,8,-0.12434530258178711
2,C_scene,25,9,-0.13804280757904053
2,C_scene,25,10,-0.14813721179962158
2,C_scene,25,11,-0.1594834327697754
2,C_scene,25,12,-0.16925883293151855
2,C_scene,25,13,-0.1753087043762207
2,C_scene,25,14,-0.18189668655395508
2,C_scene,25,15,-0.18790698051452637
2,C_scene,30,0,0.014309108257293701
2,C_scene,30,1,0.003232896327972412
2,C_scene,30,2,-0.016103744506835938
2,C_scene,30,3,-0.03761279582977295
2,C_scene,30,4,-0.05671834945678711
2,C_scene,30,5,-0.07719564437866211
2,C_scene,30,6,-0.09860014915466309
2,C_scene,30,7,-0.11548984050750732
2,C_scene,30,8,-0.13293099403381348
2,C_scene,30,9,-0.14971518516540527
2,C_scene,30,10,-0.16227614879608154
2,C_scene,30,11,-0.17647361755371094
2,C_scene,30,12,-0.1882312297821045
2,C_scene,30,13,-0.1959524154663086
2,C_scene,30,14,-0.2043159008026123
2,C_scene,30,15,-0.21171224117279053
2,C_scene,35,0,0.10681664943695068
2,C_scene,35,1,0.0976594090461731
2,C_scene,35,2,0.08014118671417236
2,C_scene,35,3,0.060914456844329834
2,C_scene,35,4,0.04357248544692993
2,C_scene,35,5,0.024321138858795166
2,C_scene,35,6,0.004182338714599609
2,C_scene,35,7,-0.011925220489501953
2,C_scene,35,8,-0.028828024864196777
2,C_scene,35,9,-0.04487204551696777
2,C_scene,35,10,-0.05626237392425537
2,C_scene,35,11,-0.06936287879943848
2,C_scene,35,12,-0.08080697059631348
2,C_scene,35,13,-0.08808326721191406
2,C_scene,35,14,-0.09658384323120117
2,C_scene,35,15,-0.10426640510559082
2,C_scene,40,0,0.19606029987335205
2,C_scene,40,1,0.18739479780197144
2,C_scene,40,2,0.17144489288330078
2,C_scene,40,3,0.15366238355636597
2,C_scene,40,4,0.1375340223312378
2,C_scene,40,5,0.12062996625900269
2,C_scene,40,6,0.1029900312423706
2,C_scene,40,7,0.08883517980575562
2,C_scene,40,8,0.07582032680511475
2,C_scene,40,9,0.0638931393623352
2,C_scene,40,10,0.055348217487335205
2,C_scene,40,11,0.046434760093688965
2,C_scene,40,12,0.038575947284698486
2,C_scene,40,13,0.03367900848388672
2,C_scene,40,14,0.028778076171875
2,C_scene,40,15,0.02429908514022827
2,C_scene,45,0,0.297893226146698
2,C_scene,45,1,0.28848278522491455
2,C_scene,45,2,0.27593594789505005
2,C_scene,45,3,0.2613266110420227
2,C_scene,45,4,0.24842005968093872
2,C_scene,45,5,0.2343841791152954
2,C_scene,45,6,0.21856409311294556
2,C_scene,45,7,0.20617777109146118
2,C_scene,45,8,0.19460594654083252
2,C_scene,45,9,0.18354922533035278
2,C_scene,45,10,0.17582917213439941
2,C_scene,45,11,0.16757696866989136
2,C_scene,45,12,0.1602601408958435
2,C_scene,45,13,0.15590471029281616
2,C_scene,45,14,0.1507655382156372
2,C_scene,45,15,0.14621496200561523
2,C_scene,50,0,0.3505043387413025
2,C_scene,50,1,0.3414075970649719
2,C_scene,50,2,0.32987868785858154
2,C_scene,50,3,0.316814661026001
2,C_scene,50,4,0.3043043613433838
2,C_scene,50,5,0.29159826040267944
2,C_scene,50,6,0.2770407199859619
2,C_scene,50,7,0.263588547706604
2,C_scene,50,8,0.2515987753868103
2,C_scene,50,9,0.23947840929031372
2,C_scene,50,10,0.22827130556106567
2,C_scene,50,11,0.2180059552192688
2,C_scene,50,12,0.20836001634597778
2,C_scene,50,13,0.19969487190246582
2,C_scene,50,14,0.19141244888305664
2,C_scene,50,15,0.18407243490219116
2,C_scene,55,0,0.3668404817581177
2,C_scene,55,1,0.3576095700263977
2,C_scene,55,2,0.3467223644256592
2,C_scene,55,3,0.3347087502479553
2,C_scene,55,4,0.3240002989768982
2,C_scene,55,5,0.31298983097076416
2,C_scene,55,6,0.30034327507019043
2,C_scene,55,7,0.289242684841156
2,C_scene,55,8,0.279044508934021
2,C_scene,55,9,0.26878297328948975
2,C_scene,55,10,0.2600756287574768
2,C_scene,55,11,0.2517620325088501
2,C_scene,55,12,0.24417656660079956
2,C_scene,55,13,0.23806166648864746
2,C_scene,55,14,0.23145443201065063
2,C_scene,55,15,0.22564512491226196
2,C_scene,60,0,0.3667986989021301
2,C_scene,60,1,0.3587266802787781
2,C_scene,60,2,0.3495553731918335
2,C_scene,60,3,0.339735746383667
2,C_scene,60,4,0.33057701587677
2,C_scene,60,5,0.3216114044189453
2,C_scene,60,6,0.3114817142486572
2,C_scene,60,7,0.3024439811706543
2,C_scene,60,8,0.29445862770080566
2,C_scene,60,9,0.2861534357070923
2,C_scene,60,10,0.27819252014160156
2,C_scene,60,11,0.27049052715301514
2,C_scene,60,12,0.2628169655799866
2,C_scene,60,13,0.2563984990119934
2,C_scene,60,14,0.25015145540237427
2,C_scene,60,15,0.24459487199783325
2,C_scene,65,0,0.40347838401794434
2,C_scene,65,1,0.3957144618034363
2,C_scene,65,2,0.3863638639450073
2,C_scene,65,3,0.37584155797958374
2,C_scene,65,4,0.3652529716491699
2,C_scene,65,5,0.3545282483100891
2,C_scene,65,6,0.34229832887649536
2,C_scene,65,7,0.3306962251663208
2,C_scene,65,8,0.32045483589172363
2,C_scene,65,9,0.30966466665267944
2,C_scene,65,10,0.29944586753845215
2,C_scene,65,11,0.2899608016014099
2,C_scene,65,12,0.2806127071380615
2,C_scene,65,13,0.2726629972457886
2,C_scene,65,14,0.26547378301620483
2,C_scene,65,15,0.2591302990913391
2,C_scene,70,0,0.3512371778488159
2,C_scene,70,1,0.34155160188674927
2,C_scene,70,2,0.3318188786506653
2,C_scene,70,3,0.3206902742385864
2,C_scene,70,4,0.30978912115097046
2,C_scene,70,5,0.29969680309295654
2,C_scene,70,6,0.2880680561065674
2,C_scene,70,7,0.27725136280059814
2,C_scene,70,8,0.2683470845222473
2,C_scene,70,9,0.258877694606781
2,C_scene,70,10,0.24993866682052612
2,C_scene,70,11,0.2415987253189087
2,C_scene,70,12,0.23350411653518677
2,C_scene,70,13,0.2269863486289978
2,C_scene,70,14,0.22106581926345825
2,C_scene,70,15,0.21614724397659302
2,C_scene,75,0,0.4267203211784363
2,C_scene,75,1,0.42000430822372437
2,C_scene,75,2,0.4133138060569763
2,C_scene,75,3,0.40537238121032715
2,C_scene,75,4,0.3972548246383667
2,C_scene,75,5,0.3893686532974243
2,C_scene,75,6,0.38030582666397095
2,C_scene,75,7,0.37146419286727905
2,C_scene,75,8,0.3638157844543457
2,C_scene,75,9,0.355376660823822
2,C_scene,75,10,0.3463577628135681
2,C_scene,75,11,0.3369203805923462
2,C_scene,75,12,0.32684046030044556
2,C_scene,75,13,0.3170959949493408
2,C_scene,75,14,0.3078227639198303
2,C_scene,75,15,0.29967206716537476
2,C_scene,80,0,0.3743569254875183
2,C_scene,80,1,0.36689192056655884
2,C_scene,80,2,0.3602466583251953
2,C_scene,80,3,0.35218846797943115
2,C_scene,80,4,0.343919038772583
2,C_scene,80,5,0.3361905813217163
2,C_scene,80,6,0.32707536220550537
2,C_scene,80,7,0.3184862732887268
2,C_scene,80,8,0.31130343675613403
2,C_scene,80,9,0.3037078380584717
2,C_scene,80,10,0.29630762338638306
2,C_scene,80,11,0.2892987132072449
2,C_scene,80,12,0.28266918659210205
2,C_scene,80,13,0.2765330672264099
2,C_scene,80,14,0.2704618573188782
2,C_scene,80,15,0.2649863362312317
2,C_scene,85,0,0.41097885370254517
2,C_scene,85,1,0.4055212140083313
2,C_scene,85,2,0.40094834566116333
2,C_scene,85,3,0.3948465585708618
2,C_scene,85,4,0.38906651735305786
2,C_scene,85,5,0.38403183221817017
2,C_scene,85,6,0.3775075078010559
2,C_scene,85,7,0.3712540864944458
2,C_scene,85,8,0.3664041757583618
2,C_scene,85,9,0.360801637172699
2,C_scene,85,10,0.35433679819107056
2,C_scene,85,11,0.34770911931991577
2,C_scene,85,12,0.3410029411315918
2,C_scene,85,13,0.33357805013656616
2,C_scene,85,14,0.32613039016723633
2,C_scene,85,15,0.31912028789520264
2,C_scene,90,0,0.43242770433425903
2,C_scene,90,1,0.4273647665977478
2,C_scene,90,2,0.42264461517333984
2,C_scene,90,3,0.4159790277481079
2,C_scene,90,4,0.41028934717178345
2,C_scene,90,5,0.4048312306404114
2,C_scene,90,6,0.3979782462120056
2,C_scene,90,7,0.3924381136894226
2,C_scene,90,8,0.3876326084136963
2,C_scene,90,9,0.38215744495391846
2,C_scene,90,10,0.37701094150543213
2,C_scene,90,11,0.3710986375808716
2,C_scene,90,12,0.36487245559692383
2,C_scene,90,13,0.3589513897895813
2,C_scene,90,14,0.35258591175079346
2,C_scene,90,15,0.3468741774559021
2,C_scene,95,0,0.4424890875816345
2,C_scene,95,1,0.4372389316558838
2,C_scene,95,2,0.4323771595954895
2,C_scene,95,3,0.42537564039230347
2,C_scene,95,4,0.4179180860519409
2,C_scene,95,5,0.4109600782394409
2,C_scene,95,6,0.40220803022384644
2,C_scene,95,7,0.39339929819107056
2,C_scene,95,8,0.3861690163612366
2,C_scene,95,9,0.3780398368835449
2,C_scene,95,10,0.3692963719367981
2,C_scene,95,11,0.36070823669433594
2,C_scene,95,12,0.35192984342575073
2,C_scene,95,13,0.34283387660980225
2,C_scene,95,14,0.3346909284591675
2,C_scene,95,15,0.327440083026886
2,C_scene,100,0,0.4512314200401306
2,C_scene,100,1,0.4468541145324707
2,C_scene,100,2,0.44278931617736816
2,C_scene,100,3,0.43676984310150146
2,C_scene,100,4,0.43079501390457153
2,C_scene,100,5,0.42515814304351807
2,C_scene,100,6,0.4179341197013855
2,C_scene,100,7,0.4114174246788025
2,C_scene,100,8,0.4058901071548462
2,C_scene,100,9,0.3994045853614807
2,C_scene,100,10,0.39271873235702515
2,C_scene,100,11,0.38573575019836426
2,C_scene,100,12,0.3786168098449707
2,C_scene,100,13,0.3715899586677551
2,C_scene,100,14,0.3645690679550171
2,C_scene,100,15,0.3581775426864624
2,C_scene,105,0,0.41974663734436035
2,C_scene,105,1,0.41425973176956177
2,C_scene,105,2,0.41030144691467285
2,C_scene,105,3,0.40433990955352783
2,C_scene,105,4,0.3985564708709717
2,C_scene,105,5,0.39342719316482544
2,C_scene,105,6,0.3865661025047302
2,C_scene,105,7,0.3804469108581543
2,C_scene,105,8,0.3760194778442383
2,C_scene,105,9,0.37093526124954224
2,C_scene,105,10,0.3660759925842285
2,C_scene,105,11,0.3615095615386963
2,C_scene,105,12,0.3567505478858948
2,C_scene,105,13,0.3522183299064636
2,C_scene,105,14,0.3482426404953003
2,C_scene,105,15,0.34445929527282715
2,C_scene,110,0,0.5003816485404968
2,C_scene,110,1,0.4962543845176697
2,C_scene,110,2,0.49417805671691895
2,C_scene,110,3,0.48994237184524536
2,C_scene,110,4,0.48534083366394043
2,C_scene,110,5,0.48167145252227783
2,C_scene,110,6,0.47599518299102783
2,C_scene,110,7,0.4702075123786926
2,C_scene,110,8,0.4658624529838562
2,C_scene,110,9,0.4604032635688782
2,C_scene,110,10,0.45442771911621094
2,C_scene,110,11,0.4485352635383606
2,C_scene,110,12,0.44216251373291016
2,C_scene,110,13,0.43497055768966675
2,C_scene,110,14,0.4280262589454651
2,C_scene,110,15,0.42194879055023193
2,C_scene,115,0,0.47881007194519043
2,C_scene,115,1,0.47384899854660034
2,C_scene,115,2,0.47131437063217163
2,C_scene,115,3,0.46635377407073975
2,C_scene,115,4,0.46134454011917114
2,C_scene,115,5,0.4573361277580261
2,C_scene,115,6,0.45131993293762207
2,C_scene,115,7,0.4461323618888855
2,C_scene,115,8,0.44262683391571045
2,C_scene,115,9,0.43804001808166504
2,C_scene,115,10,0.4335947632789612
2,C_scene,115,11,0.4295307397842407
2,C_scene,115,12,0.4246450662612915
2,C_scene,115,13,0.41997188329696655
2,C_scene,115,14,0.416012704372406
2,C_scene,115,15,0.4122454524040222
2,C_scene,120,0,0.4705401062965393
2,C_scene,120,1,0.4655837416648865
2,C_scene,120,2,0.46164238452911377
2,C_scene,120,3,0.4549769163131714
2,C_scene,120,4,0.44821345806121826
2,C_scene,120,5,0.44178712368011475
2,C_scene,120,6,0.4333782196044922
2,C_scene,120,7,0.4253482222557068
2,C_scene,120,8,0.41877835988998413
2,C_scene,120,9,0.4113675355911255
2,C_scene,120,10,0.403964102268219
2,C_scene,120,11,0.3974528908729553
2,C_scene,120,12,0.3913743495941162
2,C_scene,120,13,0.38586199283599854
2,C_scene,120,14,0.38181155920028687
2,C_scene,120,15,0.3788200616836548
2,D_latent,1,0,-0.07597744464874268
2,D_latent,1,1,-0.08409929275512695
2,D_latent,1,2,-0.09353888034820557
2,D_latent,1,3,-0.10423159599304199
2,D_latent,1,4,-0.11586952209472656
2,D_latent,1,5,-0.12825655937194824
2,D_latent,1,6,-0.14126241207122803
2,D_latent,1,7,-0.15454339981079102
2,D_latent,1,8,-0.1678917407989502
2,D_latent,1,9,-0.1812756061553955
2,D_latent,1,10,-0.19469308853149414
2,D_latent,1,11,-0.20807337760925293
2,D_latent,1,12,-0.22116482257843018
2,D_latent,1,13,-0.23382222652435303
2,D_latent,1,14,-0.24593091011047363
2,D_latent,1,15,-0.25729846954345703
2,D_latent,5,0,-0.020881056785583496
2,D_latent,5,1,-0.02007770538330078
2,D_latent,5,2,-0.024963855743408203
2,D_latent,5,3,-0.033795952796936035
2,D_latent,5,4,-0.045287132263183594
2,D_latent,5,5,-0.05855882167816162
2,D_latent,5,6,-0.07329154014587402
2,D_latent,5,7,-0.08888041973114014
2,D_latent,5,8,-0.10482776165008545
2,D_latent,5,9,-0.12114870548248291
2,D_latent,5,10,-0.13782274723052979
2,D_latent,5,11,-0.15463554859161377
2,D_latent,5,12,-0.1712794303894043
2,D_latent,5,13,-0.1876211166381836
2,D_latent,5,14,-0.20342600345611572
2,D_latent,5,15,-0.21847951412200928
2,D_latent,10,0,-0.11116969585418701
2,D_latent,10,1,-0.10657680034637451
2,D_latent,10,2,-0.10826301574707031
2,D_latent,10,3,-0.11446654796600342
2,D_latent,10,4,-0.12370717525482178
2,D_latent,10,5,-0.13496458530426025
2,D_latent,10,6,-0.14782512187957764
2,D_latent,10,7,-0.16160500049591064
2,D_latent,10,8,-0.17575514316558838
2,D_latent,10,9,-0.19027209281921387
2,D_latent,10,10,-0.20512187480926514
2,D_latent,10,11,-0.2200683355331421
2,D_latent,10,12,-0.23481130599975586
2,D_latent,10,13,-0.2492150068283081
2,D_latent,10,14,-0.26304149627685547
2,D_latent,10,15,-0.2760899066925049
2,D_latent,15,0,-0.017180323600769043
2,D_latent,15,1,-0.014759421348571777
2,D_latent,15,2,-0.01789247989654541
2,D_latent,15,3,-0.02519834041595459
2,D_latent,15,4,-0.03518962860107422
2,D_latent,15,5,-0.04677712917327881
2,D_latent,15,6,-0.05986356735229492
2,D_latent,15,7,-0.07349014282226562
2,D_latent,15,8,-0.0872882604598999
2,D_latent,15,9,-0.1009286642074585
2,D_latent,15,10,-0.11468744277954102
2,D_latent,15,11,-0.12896621227264404
2,D_latent,15,12,-0.1421675682067871
2,D_latent,15,13,-0.15509843826293945
2,D_latent,15,14,-0.1677837371826172
2,D_latent,15,15,-0.17923212051391602
2,D_latent,20,0,0.09744507074356079
2,D_latent,20,1,0.09247732162475586
2,D_latent,20,2,0.08851838111877441
2,D_latent,20,3,0.0833902359008789
2,D_latent,20,4,0.07664966583251953
2,D_latent,20,5,0.07020479440689087
2,D_latent,20,6,0.06255745887756348
2,D_latent,20,7,0.054283857345581055
2,D_latent,20,8,0.047066450119018555
2,D_latent,20,9,0.03975003957748413
2,D_latent,20,10,0.031315505504608154
2,D_latent,20,11,0.022870361804962158
2,D_latent,20,12,0.01565384864807129
2,D_latent,20,13,0.007669329643249512
2,D_latent,20,14,0.0005568265914916992
2,D_latent,20,15,-0.00533604621887207
2,D_latent,25,0,0.14531034231185913
2,D_latent,25,1,0.13426649570465088
2,D_latent,25,2,0.12635284662246704
2,D_latent,25,3,0.11726653575897217
2,D_latent,25,4,0.10789757966995239
2,D_latent,25,5,0.09903120994567871
2,D_latent,25,6,0.0891619324684143
2,D_latent,25,7,0.0796322226524353
2,D_latent,25,8,0.07071256637573242
2,D_latent,25,9,0.06230121850967407
2,D_latent,25,10,0.053322434425354004
2,D_latent,25,11,0.04379647970199585
2,D_latent,25,12,0.03584849834442139
2,D_latent,25,13,0.02782958745956421
2,D_latent,25,14,0.019980788230895996
2,D_latent,25,15,0.013733923435211182
2,D_latent,30,0,0.0884895920753479
2,D_latent,30,1,0.07623505592346191
2,D_latent,30,2,0.06689023971557617
2,D_latent,30,3,0.057468950748443604
2,D_latent,30,4,0.04817819595336914
2,D_latent,30,5,0.03809899091720581
2,D_latent,30,6,0.02827388048171997
2,D_latent,30,7,0.019549131393432617
2,D_latent,30,8,0.010243117809295654
2,D_latent,30,9,0.002460479736328125
2,D_latent,30,10,-0.005072593688964844
2,D_latent,30,11,-0.014041662216186523
2,D_latent,30,12,-0.020827054977416992
2,D_latent,30,13,-0.02702462673187256
2,D_latent,30,14,-0.03398787975311279
2,D_latent,30,15,-0.0386500358581543
2,D_latent,35,0,0.527083158493042
2,D_latent,35,1,0.5206732749938965
2,D_latent,35,2,0.5112156867980957
2,D_latent,35,3,0.5008864998817444
2,D_latent,35,4,0.4908491373062134
2,D_latent,35,5,0.48015785217285156
2,D_latent,35,6,0.4684051275253296
2,D_latent,35,7,0.4588267207145691
2,D_latent,35,8,0.4485493302345276
2,D_latent,35,9,0.4391394257545471
2,D_latent,35,10,0.43005090951919556
2,D_latent,35,11,0.41901564598083496
2,D_latent,35,12,0.4098106026649475
2,D_latent,35,13,0.40019387006759644
2,D_latent,35,14,0.38928306102752686
2,D_latent,35,15,0.38018518686294556
2,D_latent,40,0,0.9052423238754272
2,D_latent,40,1,0.9105810523033142
2,D_latent,40,2,0.9113062024116516
2,D_latent,40,3,0.9084210991859436
2,D_latent,40,4,0.9043087363243103
2,D_latent,40,5,0.899587094783783
2,D_latent,40,6,0.8927541375160217
2,D_latent,40,7,0.8868321180343628
2,D_latent,40,8,0.8812346458435059
2,D_latent,40,9,0.8749951124191284
2,D_latent,40,10,0.8694653511047363
2,D_latent,40,11,0.8625688552856445
2,D_latent,40,12,0.855411946773529
2,D_latent,40,13,0.8490167260169983
2,D_latent,40,14,0.8411602973937988
2,D_latent,40,15,0.8334990739822388
2,D_latent,45,0,0.9371178150177002
2,D_latent,45,1,0.9403836131095886
2,D_latent,45,2,0.9411849975585938
2,D_latent,45,3,0.9401362538337708
2,D_latent,45,4,0.938673198223114
2,D_latent,45,5,0.9376143217086792
2,D_latent,45,6,0.935004711151123
2,D_latent,45,7,0.9330769777297974
2,D_latent,45,8,0.9323530197143555
2,D_latent,45,9,0.9305911064147949
2,D_latent,45,10,0.9290704727172852
2,D_latent,45,11,0.9273627996444702
2,D_latent,45,12,0.9251582026481628
2,D_latent,45,13,0.9233811497688293
2,D_latent,45,14,0.9209269285202026
2,D_latent,45,15,0.9183214902877808
2,D_latent,50,0,0.9545625448226929
2,D_latent,50,1,0.9558542966842651
2,D_latent,50,2,0.956485390663147
2,D_latent,50,3,0.9556427597999573
2,D_latent,50,4,0.9547101259231567
2,D_latent,50,5,0.9543789625167847
2,D_latent,50,6,0.9528408050537109
2,D_latent,50,7,0.9521656632423401
2,D_latent,50,8,0.9528744220733643
2,D_latent,50,9,0.9526067972183228
2,D_latent,50,10,0.9527838230133057
2,D_latent,50,11,0.9529362916946411
2,D_latent,50,12,0.9524387121200562
2,D_latent,50,13,0.9522015452384949
2,D_latent,50,14,0.9516587257385254
2,D_latent,50,15,0.9507790803909302
2,D_latent,55,0,0.9649642705917358
2,D_latent,55,1,0.9657202363014221
2,D_latent,55,2,0.9663842916488647
2,D_latent,55,3,0.9658712148666382
2,D_latent,55,4,0.9649037718772888
2,D_latent,55,5,0.9645674824714661
2,D_latent,55,6,0.9631242752075195
2,D_latent,55,7,0.9621073007583618
2,D_latent,55,8,0.9621265530586243
2,D_latent,55,9,0.9614413976669312
2,D_latent,55,10,0.9610042572021484
2,D_latent,55,11,0.9607434868812561
2,D_latent,55,12,0.95998215675354
2,D_latent,55,13,0.9595416784286499
2,D_latent,55,14,0.9590800404548645
2,D_latent,55,15,0.9584463238716125
2,D_latent,60,0,0.9630129337310791
2,D_latent,60,1,0.963154673576355
2,D_latent,60,2,0.963154137134552
2,D_latent,60,3,0.9620361924171448
2,D_latent,60,4,0.9605329036712646
2,D_latent,60,5,0.9595626592636108
2,D_latent,60,6,0.957669734954834
2,D_latent,60,7,0.9563684463500977
2,D_latent,60,8,0.9561934471130371
2,D_latent,60,9,0.9555387496948242
2,D_latent,60,10,0.9552761912345886
2,D_latent,60,11,0.9552149772644043
2,D_latent,60,12,0.9546918272972107
2,D_latent,60,13,0.9546072483062744
2,D_latent,60,14,0.9545257091522217
2,D_latent,60,15,0.9542356729507446
2,D_latent,65,0,0.9625865817070007
2,D_latent,65,1,0.963180422782898
2,D_latent,65,2,0.9636040925979614
2,D_latent,65,3,0.962791919708252
2,D_latent,65,4,0.9616111516952515
2,D_latent,65,5,0.9610955715179443
2,D_latent,65,6,0.9597373604774475
2,D_latent,65,7,0.9587200880050659
2,D_latent,65,8,0.9586984515190125
2,D_latent,65,9,0.958189070224762
2,D_latent,65,10,0.957931399345398
2,D_latent,65,11,0.9577871561050415
2,D_latent,65,12,0.957275927066803
2,D_latent,65,13,0.9571166038513184
2,D_latent,65,14,0.9569389820098877
2,D_latent,65,15,0.9567716121673584
2,D_latent,70,0,0.9698197841644287
2,D_latent,70,1,0.9697864055633545
2,D_latent,70,2,0.969662606716156
2,D_latent,70,3,0.9684871435165405
2,D_latent,70,4,0.9671111106872559
2,D_latent,70,5,0.9661456942558289
2,D_latent,70,6,0.9644515514373779
2,D_latent,70,7,0.9631420373916626
2,D_latent,70,8,0.962834894657135
2,D_latent,70,9,0.9623764157295227
2,D_latent,70,10,0.9620038270950317
2,D_latent,70,11,0.9616429209709167
2,D_latent,70,12,0.9610494375228882
2,D_latent,70,13,0.9606529474258423
2,D_latent,70,14,0.9602173566818237
2,D_latent,70,15,0.9599939584732056
2,D_latent,75,0,0.9735925793647766
2,D_latent,75,1,0.9736193418502808
2,D_latent,75,2,0.9734957814216614
2,D_latent,75,3,0.9720726013183594
2,D_latent,75,4,0.9705169200897217
2,D_latent,75,5,0.969296395778656
2,D_latent,75,6,0.9670886993408203
2,D_latent,75,7,0.9654073715209961
2,D_latent,75,8,0.9647403955459595
2,D_latent,75,9,0.9638282656669617
2,D_latent,75,10,0.9631932377815247
2,D_latent,75,11,0.9626625180244446
2,D_latent,75,12,0.9619228839874268
2,D_latent,75,13,0.9614274501800537
2,D_latent,75,14,0.9607526063919067
2,D_latent,75,15,0.9601691365242004
2,B_task_nopark,1,0,-0.147491455078125
2,B_task_nopark,1,1,-0.1664048433303833
2,B_task_nopark,1,2,-0.18598473072052002
2,B_task_nopark,1,3,-0.20615911483764648
2,B_task_nopark,1,4,-0.22669005393981934
2,B_task_nopark,1,5,-0.24738192558288574
2,B_task_nopark,1,6,-0.26804471015930176
2,B_task_nopark,1,7,-0.288396954536438
2,B_task_nopark,1,8,-0.3082214593887329
2,B_task_nopark,1,9,-0.3274667263031006
2,B_task_nopark,1,10,-0.3462250232696533
2,B_task_nopark,1,11,-0.3643702268600464
2,B_task_nopark,1,12,-0.3816647529602051
2,B_task_nopark,1,13,-0.39803385734558105
2,B_task_nopark,1,14,-0.4133021831512451
2,B_task_nopark,1,15,-0.4273192882537842
2,B_task_nopark,5,0,-0.11472022533416748
2,B_task_nopark,5,1,-0.13400673866271973
2,B_task_nopark,5,2,-0.15394341945648193
2,B_task_nopark,5,3,-0.17453444004058838
2,B_task_nopark,5,4,-0.19546890258789062
2,B_task_nopark,5,5,-0.2165454626083374
2,B_task_nopark,5,6,-0.2376490831375122
2,B_task_nopark,5,7,-0.2584230899810791
2,B_task_nopark,5,8,-0.2786519527435303
2,B_task_nopark,5,9,-0.2983396053314209
2,B_task_nopark,5,10,-0.31753766536712646
2,B_task_nopark,5,11,-0.33613526821136475
2,B_task_nopark,5,12,-0.3539266586303711
2,B_task_nopark,5,13,-0.37077367305755615
2,B_task_nopark,5,14,-0.38653409481048584
2,B_task_nopark,5,15,-0.40106701850891113
2,B_task_nopark,10,0,-0.219903826713562
2,B_task_nopark,10,1,-0.23251831531524658
2,B_task_nopark,10,2,-0.24620449542999268
2,B_task_nopark,10,3,-0.2608811855316162
2,B_task_nopark,10,4,-0.2761244773864746
2,B_task_nopark,10,5,-0.291782021522522
2,B_task_nopark,10,6,-0.3077049255371094
2,B_task_nopark,10,7,-0.32344233989715576
2,B_task_nopark,10,8,-0.3388155698776245
2,B_task_nopark,10,9,-0.35385239124298096
2,B_task_nopark,10,10,-0.3685281276702881
2,B_task_nopark,10,11,-0.3827928304672241
2,B_task_nopark,10,12,-0.3964003324508667
2,B_task_nopark,10,13,-0.40922391414642334
2,B_task_nopark,10,14,-0.42108583450317383
2,B_task_nopark,10,15,-0.43186354637145996
2,B_task_nopark,15,0,-0.07206952571868896
2,B_task_nopark,15,1,-0.06544077396392822
2,B_task_nopark,15,2,-0.06451082229614258
2,B_task_nopark,15,3,-0.06797564029693604
2,B_task_nopark,15,4,-0.07359886169433594
2,B_task_nopark,15,5,-0.08126652240753174
2,B_task_nopark,15,6,-0.09073424339294434
2,B_task_nopark,15,7,-0.10071587562561035
2,B_task_nopark,15,8,-0.11108314990997314
2,B_task_nopark,15,9,-0.12182581424713135
2,B_task_nopark,15,10,-0.1326228380203247
2,B_task_nopark,15,11,-0.1434614658355713
2,B_task_nopark,15,12,-0.15393459796905518
2,B_task_nopark,15,13,-0.1639728546142578
2,B_task_nopark,15,14,-0.17329514026641846
2,B_task_nopark,15,15,-0.18147313594818115
2,B_task_nopark,20,0,-0.05380094051361084
2,B_task_nopark,20,1,-0.06117832660675049
2,B_task_nopark,20,2,-0.07480740547180176
2,B_task_nopark,20,3,-0.08988022804260254
2,B_task_nopark,20,4,-0.10497033596038818
2,B_task_nopark,20,5,-0.12013626098632812
2,B_task_nopark,20,6,-0.13500523567199707
2,B_task_nopark,20,7,-0.14888238906860352
2,B_task_nopark,20,8,-0.16204404830932617
2,B_task_nopark,20,9,-0.17422938346862793
2,B_task_nopark,20,10,-0.1854797601699829
2,B_task_nopark,20,11,-0.1962214708328247
2,B_task_nopark,20,12,-0.20580732822418213
2,B_task_nopark,20,13,-0.214178204536438
2,B_task_nopark,20,14,-0.22123324871063232
2,B_task_nopark,20,15,-0.22669732570648193
2,B_task_nopark,25,0,0.4709751605987549
2,B_task_nopark,25,1,0.4608466625213623
2,B_task_nopark,25,2,0.44690555334091187
2,B_task_nopark,25,3,0.43003857135772705
2,B_task_nopark,25,4,0.41217464208602905
2,B_task_nopark,25,5,0.3944017291069031
2,B_task_nopark,25,6,0.37628018856048584
2,B_task_nopark,25,7,0.3596423864364624
2,B_task_nopark,25,8,0.34400486946105957
2,B_task_nopark,25,9,0.3288116455078125
2,B_task_nopark,25,10,0.314608633518219
2,B_task_nopark,25,11,0.3005499243736267
2,B_task_nopark,25,12,0.2869364023208618
2,B_task_nopark,25,13,0.2748757004737854
2,B_task_nopark,25,14,0.2633141875267029
2,B_task_nopark,25,15,0.25266462564468384
2,B_task_nopark,30,0,0.758102536201477
2,B_task_nopark,30,1,0.7400511503219604
2,B_task_nopark,30,2,0.7304987907409668
2,B_task_nopark,30,3,0.7208367586135864
2,B_task_nopark,30,4,0.7103209495544434
2,B_task_nopark,30,5,0.6998343467712402
2,B_task_nopark,30,6,0.6891544461250305
2,B_task_nopark,30,7,0.6790212392807007
2,B_task_nopark,30,8,0.6697214245796204
2,B_task_nopark,30,9,0.660889744758606
2,B_task_nopark,30,10,0.6525155901908875
2,B_task_nopark,30,11,0.6442505121231079
2,B_task_nopark,30,12,0.6366087794303894
2,B_task_nopark,30,13,0.6295337080955505
2,B_task_nopark,30,14,0.6227644681930542
2,B_task_nopark,30,15,0.6165403723716736
2,B_task_nopark,35,0,0.7352414727210999
2,B_task_nopark,35,1,0.7219336032867432
2,B_task_nopark,35,2,0.7153996229171753
2,B_task_nopark,35,3,0.7086195945739746
2,B_task_nopark,35,4,0.7008267641067505
2,B_task_nopark,35,5,0.6928368806838989
2,B_task_nopark,35,6,0.6848934888839722
2,B_task_nopark,35,7,0.6772240400314331
2,B_task_nopark,35,8,0.6703863739967346
2,B_task_nopark,35,9,0.6641174554824829
2,B_task_nopark,35,10,0.6581676006317139
2,B_task_nopark,35,11,0.6523547172546387
2,B_task_nopark,35,12,0.64702969789505
2,B_task_nopark,35,13,0.6420961618423462
2,B_task_nopark,35,14,0.6372823715209961
2,B_task_nopark,35,15,0.6327336430549622
2,B_task_nopark,40,0,0.8109655380249023
2,B_task_nopark,40,1,0.8004171848297119
2,B_task_nopark,40,2,0.7949072122573853
2,B_task_nopark,40,3,0.7882468700408936
2,B_task_nopark,40,4,0.7797985076904297
2,B_task_nopark,40,5,0.7704771161079407
2,B_task_nopark,40,6,0.7610992193222046
2,B_task_nopark,40,7,0.7517293691635132
2,B_task_nopark,40,8,0.7430340051651001
2,B_task_nopark,40,9,0.7348825335502625
2,B_task_nopark,40,10,0.7269382476806641
2,B_task_nopark,40,11,0.7190729379653931
2,B_task_nopark,40,12,0.7115314602851868
2,B_task_nopark,40,13,0.7042993307113647
2,B_task_nopark,40,14,0.6971019506454468
2,B_task_nopark,40,15,0.6900291442871094
2,B_task_nopark,45,0,0.8304612636566162
2,B_task_nopark,45,1,0.8221240043640137
2,B_task_nopark,45,2,0.8171643018722534
2,B_task_nopark,45,3,0.8108984231948853
2,B_task_nopark,45,4,0.802729070186615
2,B_task_nopark,45,5,0.7933717370033264
2,B_task_nopark,45,6,0.783873438835144
2,B_task_nopark,45,7,0.7744204998016357
2,B_task_nopark,45,8,0.7653706073760986
2,B_task_nopark,45,9,0.7569200396537781
2,B_task_nopark,45,10,0.7487474679946899
2,B_task_nopark,45,11,0.7405968308448792
2,B_task_nopark,45,12,0.7329027652740479
2,B_task_nopark,45,13,0.7254533767700195
2,B_task_nopark,45,14,0.7180249094963074
2,B_task_nopark,45,15,0.7107725143432617
2,B_task_nopark,50,0,0.8080434799194336
2,B_task_nopark,50,1,0.8000461459159851
2,B_task_nopark,50,2,0.7961606979370117
2,B_task_nopark,50,3,0.7907294034957886
2,B_task_nopark,50,4,0.7834175229072571
2,B_task_nopark,50,5,0.7752183079719543
2,B_task_nopark,50,6,0.7669525146484375
2,B_task_nopark,50,7,0.7587598562240601
2,B_task_nopark,50,8,0.7512292861938477
2,B_task_nopark,50,9,0.7444795370101929
2,B_task_nopark,50,10,0.7380107641220093
2,B_task_nopark,50,11,0.7319269180297852
2,B_task_nopark,50,12,0.7264519333839417
2,B_task_nopark,50,13,0.721200704574585
2,B_task_nopark,50,14,0.7161833047866821
2,B_task_nopark,50,15,0.7112447023391724
2,B_task_nopark,55,0,0.8362311720848083
2,B_task_nopark,55,1,0.8269932866096497
2,B_task_nopark,55,2,0.8203705549240112
2,B_task_nopark,55,3,0.8123638033866882
2,B_task_nopark,55,4,0.8026994466781616
2,B_task_nopark,55,5,0.7925971746444702
2,B_task_nopark,55,6,0.7825526595115662
2,B_task_nopark,55,7,0.7726420164108276
2,B_task_nopark,55,8,0.7637152671813965
2,B_task_nopark,55,9,0.7555575370788574
2,B_task_nopark,55,10,0.7478137016296387
2,B_task_nopark,55,11,0.7406100034713745
2,B_task_nopark,55,12,0.7340908050537109
2,B_task_nopark,55,13,0.7279332876205444
2,B_task_nopark,55,14,0.7223358154296875
2,B_task_nopark,55,15,0.7170500755310059
2,B_task_nopark,60,0,0.8494462370872498
2,B_task_nopark,60,1,0.8413937091827393
2,B_task_nopark,60,2,0.8359851837158203
2,B_task_nopark,60,3,0.8290824294090271
2,B_task_nopark,60,4,0.8204141855239868
2,B_task_nopark,60,5,0.8110577464103699
2,B_task_nopark,60,6,0.8014696836471558
2,B_task_nopark,60,7,0.791851282119751
2,B_task_nopark,60,8,0.78299880027771
2,B_task_nopark,60,9,0.7746031880378723
2,B_task_nopark,60,10,0.7664793729782104
2,B_task_nopark,60,11,0.7588399648666382
2,B_task_nopark,60,12,0.7516467571258545
2,B_task_nopark,60,13,0.7446108460426331
2,B_task_nopark,60,14,0.738139808177948
2,B_task_nopark,60,15,0.7318461537361145
2,B_task_nopark,65,0,0.8637657165527344
2,B_task_nopark,65,1,0.8552212715148926
2,B_task_nopark,65,2,0.8484965562820435
2,B_task_nopark,65,3,0.8401607275009155
2,B_task_nopark,65,4,0.8303120136260986
2,B_task_nopark,65,5,0.8197892904281616
2,B_task_nopark,65,6,0.8088610172271729
2,B_task_nopark,65,7,0.7981503009796143
2,B_task_nopark,65,8,0.7882408499717712
2,B_task_nopark,65,9,0.7787997126579285
2,B_task_nopark,65,10,0.7700357437133789
2,B_task_nopark,65,11,0.7618186473846436
2,B_task_nopark,65,12,0.7539947032928467
2,B_task_nopark,65,13,0.746722936630249
2,B_task_nopark,65,14,0.7400089502334595
2,B_task_nopark,65,15,0.7335784435272217
2,B_task_nopark,70,0,0.8409370183944702
2,B_task_nopark,70,1,0.8349209427833557
2,B_task_nopark,70,2,0.8276984691619873
2,B_task_nopark,70,3,0.8193491697311401
2,B_task_nopark,70,4,0.8091369867324829
2,B_task_nopark,70,5,0.7982375025749207
2,B_task_nopark,70,6,0.7875432968139648
2,B_task_nopark,70,7,0.7769614458084106
2,B_task_nopark,70,8,0.7672563791275024
2,B_task_nopark,70,9,0.7584648728370667
2,B_task_nopark,70,10,0.7500349879264832
2,B_task_nopark,70,11,0.7422988414764404
2,B_task_nopark,70,12,0.7356157898902893
2,B_task_nopark,70,13,0.729134202003479
2,B_task_nopark,70,14,0.7231749296188354
2,B_task_nopark,70,15,0.7179670929908752
2,B_task_nopark,75,0,0.8434717655181885
2,B_task_nopark,75,1,0.8359173536300659
2,B_task_nopark,75,2,0.8278940916061401
2,B_task_nopark,75,3,0.8184109330177307
2,B_task_nopark,75,4,0.8074964284896851
2,B_task_nopark,75,5,0.7960461378097534
2,B_task_nopark,75,6,0.7844284772872925
2,B_task_nopark,75,7,0.772905170917511
2,B_task_nopark,75,8,0.7622485160827637
2,B_task_nopark,75,9,0.7524794340133667
2,B_task_nopark,75,10,0.7433396577835083
2,B_task_nopark,75,11,0.7348883152008057
2,B_task_nopark,75,12,0.727311909198761
2,B_task_nopark,75,13,0.7203072905540466
2,B_task_nopark,75,14,0.7140979766845703
2,B_task_nopark,75,15,0.7087894082069397
2,B_task_nopark,80,0,0.8025768995285034
2,B_task_nopark,80,1,0.7960289120674133
2,B_task_nopark,80,2,0.7892578840255737
2,B_task_nopark,80,3,0.7807619571685791
2,B_task_nopark,80,4,0.7706077694892883
2,B_task_nopark,80,5,0.7599800825119019
2,B_task_nopark,80,6,0.7492156028747559
2,B_task_nopark,80,7,0.7387877702713013
2,B_task_nopark,80,8,0.7294982671737671
2,B_task_nopark,80,9,0.7211995124816895
2,B_task_nopark,80,10,0.7136966586112976
2,B_task_nopark,80,11,0.707089900970459
2,B_task_nopark,80,12,0.7017027735710144
2,B_task_nopark,80,13,0.6970523595809937
2,B_task_nopark,80,14,0.6932242512702942
2,B_task_nopark,80,15,0.6905475854873657
2,D_latent_nopark,1,0,-0.08771514892578125
2,D_latent_nopark,1,1,-0.10463571548461914
2,D_latent_nopark,1,2,-0.12238574028015137
2,D_latent_nopark,1,3,-0.14092504978179932
2,D_latent_nopark,1,4,-0.15998613834381104
2,D_latent_nopark,1,5,-0.1793985366821289
2,D_latent_nopark,1,6,-0.19898581504821777
2,D_latent_nopark,1,7,-0.21842801570892334
2,D_latent_nopark,1,8,-0.23751914501190186
2,D_latent_nopark,1,9,-0.2562216520309448
2,D_latent_nopark,1,10,-0.27459728717803955
2,D_latent_nopark,1,11,-0.29255712032318115
2,D_latent_nopark,1,12,-0.309839129447937
2,D_latent_nopark,1,13,-0.32632553577423096
2,D_latent_nopark,1,14,-0.3418891429901123
2,D_latent_nopark,1,15,-0.35632944107055664
2,D_latent_nopark,5,0,-0.1315765380859375
2,D_latent_nopark,5,1,-0.14925944805145264
2,D_latent_nopark,5,2,-0.16780614852905273
2,D_latent_nopark,5,3,-0.18713092803955078
2,D_latent_nopark,5,4,-0.20698153972625732
2,D_latent_nopark,5,5,-0.22713613510131836
2,D_latent_nopark,5,6,-0.24740064144134521
2,D_latent_nopark,5,7,-0.26748526096343994
2,D_latent_nopark,5,8,-0.2871359586715698
2,D_latent_nopark,5,9,-0.30631816387176514
2,D_latent_nopark,5,10,-0.32513701915740967
2,D_latent_nopark,5,11,-0.3434445858001709
2,D_latent_nopark,5,12,-0.3609929084777832
2,D_latent_nopark,5,13,-0.377705454826355
2,D_latent_nopark,5,14,-0.39339208602905273
2,D_latent_nopark,5,15,-0.4078868627548218
2,D_latent_nopark,10,0,-0.20634174346923828
2,D_latent_nopark,10,1,-0.2171114683151245
2,D_latent_nopark,10,2,-0.23039507865905762
2,D_latent_nopark,10,3,-0.24553430080413818
2,D_latent_nopark,10,4,-0.26196014881134033
2,D_latent_nopark,10,5,-0.2792705297470093
2,D_latent_nopark,10,6,-0.2970848083496094
2,D_latent_nopark,10,7,-0.31503772735595703
2,D_latent_nopark,10,8,-0.33281028270721436
2,D_latent_nopark,10,9,-0.35030126571655273
2,D_latent_nopark,10,10,-0.3675888776779175
2,D_latent_nopark,10,11,-0.38449668884277344
2,D_latent_nopark,10,12,-0.40074801445007324
2,D_latent_nopark,10,13,-0.4162548780441284
2,D_latent_nopark,10,14,-0.4308044910430908
2,D_latent_nopark,10,15,-0.4442284107208252
2,D_latent_nopark,15,0,-0.19800055027008057
2,D_latent_nopark,15,1,-0.20777595043182373
2,D_latent_nopark,15,2,-0.2209320068359375
2,D_latent_nopark,15,3,-0.236322283744812
2,D_latent_nopark,15,4,-0.2531721591949463
2,D_latent_nopark,15,5,-0.27101683616638184
2,D_latent_nopark,15,6,-0.28939497470855713
2,D_latent_nopark,15,7,-0.30789995193481445
2,D_latent_nopark,15,8,-0.3262287378311157
2,D_latent_nopark,15,9,-0.3442423343658447
2,D_latent_nopark,15,10,-0.36201179027557373
2,D_latent_nopark,15,11,-0.3793830871582031
2,D_latent_nopark,15,12,-0.39606165885925293
2,D_latent_nopark,15,13,-0.41195499897003174
2,D_latent_nopark,15,14,-0.42687439918518066
2,D_latent_nopark,15,15,-0.44063007831573486
2,D_latent_nopark,20,0,-0.2143470048904419
2,D_latent_nopark,20,1,-0.2171940803527832
2,D_latent_nopark,20,2,-0.22490465641021729
2,D_latent_nopark,20,3,-0.2356710433959961
2,D_latent_nopark,20,4,-0.2485499382019043
2,D_latent_nopark,20,5,-0.2628946304321289
2,D_latent_nopark,20,6,-0.2782076597213745
2,D_latent_nopark,20,7,-0.2940957546234131
2,D_latent_nopark,20,8,-0.3101311922073364
2,D_latent_nopark,20,9,-0.3262298107147217
2,D_latent_nopark,20,10,-0.34249770641326904
2,D_latent_nopark,20,11,-0.35868704319000244
2,D_latent_nopark,20,12,-0.3744666576385498
2,D_latent_nopark,20,13,-0.3898148536682129
2,D_latent_nopark,20,14,-0.40442585945129395
2,D_latent_nopark,20,15,-0.41811370849609375
2,D_latent_nopark,25,0,0.17420434951782227
2,D_latent_nopark,25,1,0.17929095029830933
2,D_latent_nopark,25,2,0.1719021201133728
2,D_latent_nopark,25,3,0.15935778617858887
2,D_latent_nopark,25,4,0.14385658502578735
2,D_latent_nopark,25,5,0.12650775909423828
2,D_latent_nopark,25,6,0.10867083072662354
2,D_latent_nopark,25,7,0.09074455499649048
2,D_latent_nopark,25,8,0.07308685779571533
2,D_latent_nopark,25,9,0.05642497539520264
2,D_latent_nopark,25,10,0.039882123470306396
2,D_latent_nopark,25,11,0.023501157760620117
2,D_latent_nopark,25,12,0.008527636528015137
2,D_latent_nopark,25,13,-0.005707740783691406
2,D_latent_nopark,25,14,-0.01919257640838623
2,D_latent_nopark,25,15,-0.031003832817077637
2,D_latent_nopark,30,0,0.8264191746711731
2,D_latent_nopark,30,1,0.819369375705719
2,D_latent_nopark,30,2,0.8124539852142334
2,D_latent_nopark,30,3,0.8044615387916565
2,D_latent_nopark,30,4,0.7953296303749084
2,D_latent_nopark,30,5,0.7855387330055237
2,D_latent_nopark,30,6,0.7746449708938599
2,D_latent_nopark,30,7,0.76324862241745
2,D_latent_nopark,30,8,0.7521121501922607
2,D_latent_nopark,30,9,0.7409384250640869
2,D_latent_nopark,30,10,0.7291519641876221
2,D_latent_nopark,30,11,0.7170133590698242
2,D_latent_nopark,30,12,0.7050573825836182
2,D_latent_nopark,30,13,0.6927571296691895
2,D_latent_nopark,30,14,0.6801314949989319
2,D_latent_nopark,30,15,0.6680523157119751
2,D_latent_nopark,35,0,0.882865309715271
2,D_latent_nopark,35,1,0.8761516213417053
2,D_latent_nopark,35,2,0.8671407699584961
2,D_latent_nopark,35,3,0.8579014539718628
2,D_latent_nopark,35,4,0.8481965661048889
2,D_latent_nopark,35,5,0.8387702703475952
2,D_latent_nopark,35,6,0.8292464017868042
2,D_latent_nopark,35,7,0.8199613094329834
2,D_latent_nopark,35,8,0.8115807175636292
2,D_latent_nopark,35,9,0.8034995198249817
2,D_latent_nopark,35,10,0.7952374219894409
2,D_latent_nopark,35,11,0.7868434190750122
2,D_latent_nopark,35,12,0.7784951329231262
2,D_latent_nopark,35,13,0.7697762846946716
2,D_latent_nopark,35,14,0.7606339454650879
2,D_latent_nopark,35,15,0.7516014575958252
2,D_latent_nopark,40,0,0.9017087817192078
2,D_latent_nopark,40,1,0.8965388536453247
2,D_latent_nopark,40,2,0.8879396915435791
2,D_latent_nopark,40,3,0.8799698948860168
2,D_latent_nopark,40,4,0.8720303177833557
2,D_latent_nopark,40,5,0.8647361993789673
2,D_latent_nopark,40,6,0.8576074242591858
2,D_latent_nopark,40,7,0.8507174253463745
2,D_latent_nopark,40,8,0.8447551131248474
2,D_latent_nopark,40,9,0.8390926122665405
2,D_latent_nopark,40,10,0.8332171440124512
2,D_latent_nopark,40,11,0.827325701713562
2,D_latent_nopark,40,12,0.8214879035949707
2,D_latent_nopark,40,13,0.815218985080719
2,D_latent_nopark,40,14,0.8085582256317139
2,D_latent_nopark,40,15,0.8017964959144592
2,D_latent_nopark,45,0,0.892287015914917
2,D_latent_nopark,45,1,0.8883830904960632
2,D_latent_nopark,45,2,0.8801935911178589
2,D_latent_nopark,45,3,0.8733200430870056
2,D_latent_nopark,45,4,0.8668283224105835
2,D_latent_nopark,45,5,0.8608524799346924
2,D_latent_nopark,45,6,0.8548640608787537
2,D_latent_nopark,45,7,0.8489611148834229
2,D_latent_nopark,45,8,0.8437833786010742
2,D_latent_nopark,45,9,0.8387464284896851
2,D_latent_nopark,45,10,0.8334868550300598
2,D_latent_nopark,45,11,0.8282055854797363
2,D_latent_nopark,45,12,0.8229974508285522
2,D_latent_nopark,45,13,0.8174378275871277
2,D_latent_nopark,45,14,0.8115317821502686
2,D_latent_nopark,45,15,0.8055629134178162
2,D_latent_nopark,50,0,0.8765484094619751
2,D_latent_nopark,50,1,0.873235285282135
2,D_latent_nopark,50,2,0.8647260665893555
2,D_latent_nopark,50,3,0.8583823442459106
2,D_latent_nopark,50,4,0.8529396653175354
2,D_latent_nopark,50,5,0.8482319116592407
2,D_latent_nopark,50,6,0.8437279462814331
2,D_latent_nopark,50,7,0.8392919898033142
2,D_latent_nopark,50,8,0.8355339765548706
2,D_latent_nopark,50,9,0.8320208787918091
2,D_latent_nopark,50,10,0.8282621502876282
2,D_latent_nopark,50,11,0.8244314789772034
2,D_latent_nopark,50,12,0.8207727670669556
2,D_latent_nopark,50,13,0.8167803287506104
2,D_latent_nopark,50,14,0.812451183795929
2,D_latent_nopark,50,15,0.808169960975647
2,D_latent_nopark,55,0,0.8889738917350769
2,D_latent_nopark,55,1,0.8839401006698608
2,D_latent_nopark,55,2,0.8743050694465637
2,D_latent_nopark,55,3,0.866579532623291
2,D_latent_nopark,55,4,0.8596735000610352
2,D_latent_nopark,55,5,0.8533930778503418
2,D_latent_nopark,55,6,0.8474157452583313
2,D_latent_nopark,55,7,0.8417234420776367
2,D_latent_nopark,55,8,0.8367496728897095
2,D_latent_nopark,55,9,0.8322491645812988
2,D_latent_nopark,55,10,0.8275237083435059
2,D_latent_nopark,55,11,0.8227030038833618
2,D_latent_nopark,55,12,0.8182245492935181
2,D_latent_nopark,55,13,0.8134201169013977
2,D_latent_nopark,55,14,0.8083749413490295
2,D_latent_nopark,55,15,0.8035039901733398
2,D_latent_nopark,60,0,0.898765504360199
2,D_latent_nopark,60,1,0.8945274949073792
2,D_latent_nopark,60,2,0.8864217400550842
2,D_latent_nopark,60,3,0.8800832033157349
2,D_latent_nopark,60,4,0.874313235282898
2,D_latent_nopark,60,5,0.8689103126525879
2,D_latent_nopark,60,6,0.8635730147361755
2,D_latent_nopark,60,7,0.8584238290786743
2,D_latent_nopark,60,8,0.8539674878120422
2,D_latent_nopark,60,9,0.8499510884284973
2,D_latent_nopark,60,10,0.8457918167114258
2,D_latent_nopark,60,11,0.8416116237640381
2,D_latent_nopark,60,12,0.8377991914749146
2,D_latent_nopark,60,13,0.8337910175323486
2,D_latent_nopark,60,14,0.8296121954917908
2,D_latent_nopark,60,15,0.8256334662437439
2,D_latent_nopark,65,0,0.8968626260757446
2,D_latent_nopark,65,1,0.8936035633087158
2,D_latent_nopark,65,2,0.8865746259689331
2,D_latent_nopark,65,3,0.8813084363937378
2,D_latent_nopark,65,4,0.876228928565979
2,D_latent_nopark,65,5,0.8711934089660645
2,D_latent_nopark,65,6,0.8659599423408508
2,D_latent_nopark,65,7,0.8606784343719482
2,D_latent_nopark,65,8,0.8559131622314453
2,D_latent_nopark,65,9,0.8515599370002747
2,D_latent_nopark,65,10,0.8470336198806763
2,D_latent_nopark,65,11,0.8424704670906067
2,D_latent_nopark,65,12,0.8382694125175476
2,D_latent_nopark,65,13,0.8339271545410156
2,D_latent_nopark,65,14,0.8294609785079956
2,D_latent_nopark,65,15,0.8252701759338379
2,D_latent_nopark,70,0,0.9015383124351501
2,D_latent_nopark,70,1,0.8967148661613464
2,D_latent_nopark,70,2,0.8871569037437439
2,D_latent_nopark,70,3,0.878974437713623
2,D_latent_nopark,70,4,0.8712875247001648
2,D_latent_nopark,70,5,0.8641023635864258
2,D_latent_nopark,70,6,0.8570736050605774
2,D_latent_nopark,70,7,0.8504728674888611
2,D_latent_nopark,70,8,0.8449019193649292
2,D_latent_nopark,70,9,0.8400821685791016
2,D_latent_nopark,70,10,0.8354126214981079
2,D_latent_nopark,70,11,0.831084132194519
2,D_latent_nopark,70,12,0.8273265361785889
2,D_latent_nopark,70,13,0.8235803246498108
2,D_latent_nopark,70,14,0.8199558854103088
2,D_latent_nopark,70,15,0.8167970180511475
2,D_latent_nopark,75,0,0.8993027210235596
2,D_latent_nopark,75,1,0.8936894536018372
2,D_latent_nopark,75,2,0.884337306022644
2,D_latent_nopark,75,3,0.8763872385025024
2,D_latent_nopark,75,4,0.8687673807144165
2,D_latent_nopark,75,5,0.8615463972091675
2,D_latent_nopark,75,6,0.8545006513595581
2,D_latent_nopark,75,7,0.8477596044540405
2,D_latent_nopark,75,8,0.8420183658599854
2,D_latent_nopark,75,9,0.8370578289031982
2,D_latent_nopark,75,10,0.8322073221206665
2,D_latent_nopark,75,11,0.82759028673172
2,D_latent_nopark,75,12,0.8235057592391968
2,D_latent_nopark,75,13,0.8194348216056824
2,D_latent_nopark,75,14,0.815475344657898
2,D_latent_nopark,75,15,0.8118987083435059
2,D_latent_nopark,80,0,0.9110307693481445
2,D_latent_nopark,80,1,0.9055548906326294
2,D_latent_nopark,80,2,0.8964576125144958
2,D_latent_nopark,80,3,0.8884616494178772
2,D_latent_nopark,80,4,0.8808833956718445
2,D_latent_nopark,80,5,0.8736532926559448
2,D_latent_nopark,80,6,0.8666954040527344
2,D_latent_nopark,80,7,0.8601561188697815
2,D_latent_nopark,80,8,0.8544273376464844
2,D_latent_nopark,80,9,0.8495051264762878
2,D_latent_nopark,80,10,0.8448449373245239
2,D_latent_nopark,80,11,0.8402848243713379
2,D_latent_nopark,80,12,0.8363417387008667
2,D_latent_nopark,80,13,0.832470715045929
2,D_latent_nopark,80,14,0.8285760283470154
2,D_latent_nopark,80,15,0.8251386284828186
3,A_recon,1,0,-0.08712053298950195
3,A_recon,1,1,-0.09692227840423584
3,A_recon,1,2,-0.10776364803314209
3,A_recon,1,3,-0.11960494518280029
3,A_recon,1,4,-0.13229799270629883
3,A_recon,1,5,-0.14557135105133057
3,A_recon,1,6,-0.15929961204528809
3,A_recon,1,7,-0.17330193519592285
3,A_recon,1,8,-0.18724477291107178
3,A_recon,1,9,-0.2011115550994873
3,A_recon,1,10,-0.21502995491027832
3,A_recon,1,11,-0.22877192497253418
3,A_recon,1,12,-0.2421196699142456
3,A_recon,1,13,-0.25507795810699463
3,A_recon,1,14,-0.26735782623291016
3,A_recon,1,15,-0.27882468700408936
3,A_recon,5,0,-0.06070280075073242
3,A_recon,5,1,-0.056168317794799805
3,A_recon,5,2,-0.05789315700531006
3,A_recon,5,3,-0.06400156021118164
3,A_recon,5,4,-0.07330048084259033
3,A_recon,5,5,-0.0847625732421875
3,A_recon,5,6,-0.09787523746490479
3,A_recon,5,7,-0.11217057704925537
3,A_recon,5,8,-0.12699317932128906
3,A_recon,5,9,-0.14228332042694092
3,A_recon,5,10,-0.15818297863006592
3,A_recon,5,11,-0.17428207397460938
3,A_recon,5,12,-0.190271258354187
3,A_recon,5,13,-0.20616447925567627
3,A_recon,5,14,-0.2215251922607422
3,A_recon,5,15,-0.2361675500869751
3,A_recon,10,0,-0.004875540733337402
3,A_recon,10,1,0.009985089302062988
3,A_recon,10,2,0.016547739505767822
3,A_recon,10,3,0.01822185516357422
3,A_recon,10,4,0.016137659549713135
3,A_recon,10,5,0.011942088603973389
3,A_recon,10,6,0.006045520305633545
3,A_recon,10,7,-0.0011432170867919922
3,A_recon,10,8,-0.00808572769165039
3,A_recon,10,9,-0.015512228012084961
3,A_recon,10,10,-0.023600459098815918
3,A_recon,10,11,-0.031357407569885254
3,A_recon,10,12,-0.03893601894378662
3,A_recon,10,13,-0.04669809341430664
3,A_recon,10,14,-0.053798794746398926
3,A_recon,10,15,-0.05999469757080078
3,A_recon,15,0,0.11315000057220459
3,A_recon,15,1,0.10418719053268433
3,A_recon,15,2,0.09723591804504395
3,A_recon,15,3,0.08765256404876709
3,A_recon,15,4,0.0778970718383789
3,A_recon,15,5,0.06864786148071289
3,A_recon,15,6,0.05724388360977173
3,A_recon,15,7,0.046709656715393066
3,A_recon,15,8,0.037317752838134766
3,A_recon,15,9,0.02679377794265747
3,A_recon,15,10,0.017280638217926025
3,A_recon,15,11,0.007954418659210205
3,A_recon,15,12,-0.001717686653137207
3,A_recon,15,13,-0.009982585906982422
3,A_recon,15,14,-0.017580747604370117
3,A_recon,15,15,-0.0250241756439209
3,A_recon,20,0,0.15736323595046997
3,A_recon,20,1,0.1443040370941162
3,A_recon,20,2,0.13827461004257202
3,A_recon,20,3,0.1309751272201538
3,A_recon,20,4,0.12202107906341553
3,A_recon,20,5,0.11471676826477051
3,A_recon,20,6,0.10602587461471558
3,A_recon,20,7,0.09691834449768066
3,A_recon,20,8,0.08941066265106201
3,A_recon,20,9,0.08119374513626099
3,A_recon,20,10,0.0730295181274414
3,A_recon,20,11,0.0648493766784668
3,A_recon,20,12,0.05667412281036377
3,A_recon,20,13,0.049151062965393066
3,A_recon,20,14,0.04237043857574463
3,A_recon,20,15,0.03584855794906616
3,A_recon,25,0,0.16375106573104858
3,A_recon,25,1,0.1485094428062439
3,A_recon,25,2,0.13962537050247192
3,A_recon,25,3,0.12972915172576904
3,A_recon,25,4,0.11896634101867676
3,A_recon,25,5,0.11011672019958496
3,A_recon,25,6,0.09983885288238525
3,A_recon,25,7,0.08968150615692139
3,A_recon,25,8,0.08120781183242798
3,A_recon,25,9,0.07169264554977417
3,A_recon,25,10,0.06337159872055054
3,A_recon,25,11,0.05502694845199585
3,A_recon,25,12,0.04594993591308594
3,A_recon,25,13,0.03866231441497803
3,A_recon,25,14,0.03181326389312744
3,A_recon,25,15,0.024471640586853027
3,A_recon,30,0,0.13901662826538086
3,A_recon,30,1,0.12425589561462402
3,A_recon,30,2,0.11546319723129272
3,A_recon,30,3,0.10586720705032349
3,A_recon,30,4,0.09499555826187134
3,A_recon,30,5,0.08569031953811646
3,A_recon,30,6,0.07547903060913086
3,A_recon,30,7,0.06549406051635742
3,A_recon,30,8,0.05659538507461548
3,A_recon,30,9,0.04720890522003174
3,A_recon,30,10,0.03924274444580078
3,A_recon,30,11,0.030581891536712646
3,A_recon,30,12,0.02194535732269287
3,A_recon,30,13,0.015407800674438477
3,A_recon,30,14,0.008907616138458252
3,A_recon,30,15,0.002058744430541992
3,A_recon,35,0,0.14565837383270264
3,A_recon,35,1,0.12933564186096191
3,A_recon,35,2,0.11969512701034546
3,A_recon,35,3,0.10934567451477051
3,A_recon,35,4,0.09984356164932251
3,A_recon,35,5,0.09091430902481079
3,A_recon,35,6,0.08033233880996704
3,A_recon,35,7,0.07156533002853394
3,A_recon,35,8,0.06292575597763062
3,A_recon,35,9,0.05278688669204712
3,A_recon,35,10,0.04569119215011597
3,A_recon,35,11,0.037171125411987305
3,A_recon,35,12,0.02727806568145752
3,A_recon,35,13,0.021182775497436523
3,A_recon,35,14,0.013964414596557617
3,A_recon,35,15,0.005603909492492676
3,A_recon,40,0,0.10407114028930664
3,A_recon,40,1,0.08798837661743164
3,A_recon,40,2,0.07721972465515137
3,A_recon,40,3,0.06558996438980103
3,A_recon,40,4,0.05353844165802002
3,A_recon,40,5,0.04303693771362305
3,A_recon,40,6,0.030801713466644287
3,A_recon,40,7,0.02034848928451538
3,A_recon,40,8,0.010949492454528809
3,A_recon,40,9,-0.00044214725494384766
3,A_recon,40,10,-0.00879216194152832
3,A_recon,40,11,-0.01765882968902588
3,A_recon,40,12,-0.028709053993225098
3,A_recon,40,13,-0.03577744960784912
3,A_recon,40,14,-0.04300558567047119
3,A_recon,40,15,-0.05205643177032471
3,A_recon,45,0,0.12810802459716797
3,A_recon,45,1,0.10999977588653564
3,A_recon,45,2,0.09478944540023804
3,A_recon,45,3,0.08181184530258179
3,A_recon,45,4,0.069699227809906
3,A_recon,45,5,0.05632483959197998
3,A_recon,45,6,0.043929874897003174
3,A_recon,45,7,0.03288686275482178
3,A_recon,45,8,0.019895493984222412
3,A_recon,45,9,0.0075032711029052734
3,A_recon,45,10,-0.002062678337097168
3,A_recon,45,11,-0.014502644538879395
3,A_recon,45,12,-0.027039766311645508
3,A_recon,45,13,-0.035687923431396484
3,A_recon,45,14,-0.04705953598022461
3,A_recon,45,15,-0.05816006660461426
3,A_recon,50,0,0.11803305149078369
3,A_recon,50,1,0.10129839181900024
3,A_recon,50,2,0.08915084600448608
3,A_recon,50,3,0.07524555921554565
3,A_recon,50,4,0.0650566816329956
3,A_recon,50,5,0.0538562536239624
3,A_recon,50,6,0.04104816913604736
3,A_recon,50,7,0.033151984214782715
3,A_recon,50,8,0.022327721118927002
3,A_recon,50,9,0.010067105293273926
3,A_recon,50,10,0.003923952579498291
3,A_recon,50,11,-0.007176399230957031
3,A_recon,50,12,-0.020270347595214844
3,A_recon,50,13,-0.026929855346679688
3,A_recon,50,14,-0.03753995895385742
3,A_recon,50,15,-0.04889857769012451
3,A_recon,55,0,0.10733979940414429
3,A_recon,55,1,0.08888041973114014
3,A_recon,55,2,0.0710287094116211
3,A_recon,55,3,0.05297499895095825
3,A_recon,55,4,0.036225080490112305
3,A_recon,55,5,0.01700460910797119
3,A_recon,55,6,-0.001051187515258789
3,A_recon,55,7,-0.015193700790405273
3,A_recon,55,8,-0.033516526222229004
3,A_recon,55,9,-0.051364898681640625
3,A_recon,55,10,-0.06334459781646729
3,A_recon,55,11,-0.08147037029266357
3,A_recon,55,12,-0.09991919994354248
3,A_recon,55,13,-0.11212456226348877
3,A_recon,55,14,-0.12826871871948242
3,A_recon,55,15,-0.14450359344482422
3,A_recon,60,0,-0.026238322257995605
3,A_recon,60,1,-0.05278182029724121
3,A_recon,60,2,-0.07670485973358154
3,A_recon,60,3,-0.09945988655090332
3,A_recon,60,4,-0.12032890319824219
3,A_recon,60,5,-0.1434706449508667
3,A_recon,60,6,-0.16510438919067383
3,A_recon,60,7,-0.18410277366638184
3,A_recon,60,8,-0.20601427555084229
3,A_recon,60,9,-0.2266141176223755
3,A_recon,60,10,-0.24235594272613525
3,A_recon,60,11,-0.26267480850219727
3,A_recon,60,12,-0.2830747365951538
3,A_recon,60,13,-0.29785895347595215
3,A_recon,60,14,-0.31569886207580566
3,A_recon,60,15,-0.33400189876556396
3,A_recon,65,0,-0.028931379318237305
3,A_recon,65,1,-0.05477583408355713
3,A_recon,65,2,-0.07736647129058838
3,A_recon,65,3,-0.1018223762512207
3,A_recon,65,4,-0.12195110321044922
3,A_recon,65,5,-0.14425063133239746
3,A_recon,65,6,-0.16661596298217773
3,A_recon,65,7,-0.1837252378463745
3,A_recon,65,8,-0.20562422275543213
3,A_recon,65,9,-0.2272188663482666
3,A_recon,65,10,-0.24252593517303467
3,A_recon,65,11,-0.2638099193572998
3,A_recon,65,12,-0.2849346399307251
3,A_recon,65,13,-0.2988314628601074
3,A_recon,65,14,-0.31702733039855957
3,A_recon,65,15,-0.3347322940826416
3,A_recon,70,0,0.0566447377204895
3,A_recon,70,1,0.040842413902282715
3,A_recon,70,2,0.022832751274108887
3,A_recon,70,3,0.004261672496795654
3,A_recon,70,4,-0.011914610862731934
3,A_recon,70,5,-0.03122103214263916
3,A_recon,70,6,-0.05084848403930664
3,A_recon,70,7,-0.06710648536682129
3,A_recon,70,8,-0.08764076232910156
3,A_recon,70,9,-0.10708439350128174
3,A_recon,70,10,-0.12239730358123779
3,A_recon,70,11,-0.14432549476623535
3,A_recon,70,12,-0.1645195484161377
3,A_recon,70,13,-0.1799858808517456
3,A_recon,70,14,-0.19950103759765625
3,A_recon,70,15,-0.218841552734375
3,A_recon,75,0,0.03065788745880127
3,A_recon,75,1,0.016196072101593018
3,A_recon,75,2,-0.002287149429321289
3,A_recon,75,3,-0.02324080467224121
3,A_recon,75,4,-0.03889322280883789
3,A_recon,75,5,-0.05848813056945801
3,A_recon,75,6,-0.07920145988464355
3,A_recon,75,7,-0.09509873390197754
3,A_recon,75,8,-0.11480605602264404
3,A_recon,75,9,-0.13476109504699707
3,A_recon,75,10,-0.15102362632751465
3,A_recon,75,11,-0.17219483852386475
3,A_recon,75,12,-0.1930713653564453
3,A_recon,75,13,-0.21080529689788818
3,A_recon,75,14,-0.2317657470703125
3,A_recon,75,15,-0.2517207860946655
3,A_recon,80,0,0.07820743322372437
3,A_recon,80,1,0.06634259223937988
3,A_recon,80,2,0.048557937145233154
3,A_recon,80,3,0.03049415349960327
3,A_recon,80,4,0.014191508293151855
3,A_recon,80,5,-0.005258321762084961
3,A_recon,80,6,-0.024369359016418457
3,A_recon,80,7,-0.04106855392456055
3,A_recon,80,8,-0.062163352966308594
3,A_recon,80,9,-0.08111226558685303
3,A_recon,80,10,-0.0961606502532959
3,A_recon,80,11,-0.1177523136138916
3,A_recon,80,12,-0.13769972324371338
3,A_recon,80,13,-0.15284311771392822
3,A_recon,80,14,-0.1738373041152954
3,A_recon,80,15,-0.19388294219970703
3,A_recon,85,0,0.07331907749176025
3,A_recon,85,1,0.05939990282058716
3,A_recon,85,2,0.04015171527862549
3,A_recon,85,3,0.021610260009765625
3,A_recon,85,4,0.005164444446563721
3,A_recon,85,5,-0.01421046257019043
3,A_recon,85,6,-0.033046603202819824
3,A_recon,85,7,-0.0493086576461792
3,A_recon,85,8,-0.06889224052429199
3,A_recon,85,9,-0.08614575862884521
3,A_recon,85,10,-0.10106313228607178
3,A_recon,85,11,-0.12074613571166992
3,A_recon,85,12,-0.13901448249816895
3,A_recon,85,13,-0.15410006046295166
3,A_recon,85,14,-0.17313098907470703
3,A_recon,85,15,-0.19187259674072266
3,A_recon,90,0,0.06188011169433594
3,A_recon,90,1,0.045097947120666504
3,A_recon,90,2,0.02554178237915039
3,A_recon,90,3,0.003928780555725098
3,A_recon,90,4,-0.014458298683166504
3,A_recon,90,5,-0.035131216049194336
3,A_recon,90,6,-0.056771039962768555
3,A_recon,90,7,-0.07437622547149658
3,A_recon,90,8,-0.09506607055664062
3,A_recon,90,9,-0.11567449569702148
3,A_recon,90,10,-0.13320958614349365
3,A_recon,90,11,-0.15538537502288818
3,A_recon,90,12,-0.17555594444274902
3,A_recon,90,13,-0.1923295259475708
3,A_recon,90,14,-0.2128159999847412
3,A_recon,90,15,-0.23211145401000977
3,A_recon,95,0,0.14898580312728882
3,A_recon,95,1,0.13681435585021973
3,A_recon,95,2,0.12265121936798096
3,A_recon,95,3,0.10653764009475708
3,A_recon,95,4,0.09281522035598755
3,A_recon,95,5,0.07571905851364136
3,A_recon,95,6,0.05815702676773071
3,A_recon,95,7,0.04375523328781128
3,A_recon,95,8,0.026301145553588867
3,A_recon,95,9,0.008733808994293213
3,A_recon,95,10,-0.006627559661865234
3,A_recon,95,11,-0.0258486270904541
3,A_recon,95,12,-0.04208183288574219
3,A_recon,95,13,-0.056442975997924805
3,A_recon,95,14,-0.07393276691436768
3,A_recon,95,15,-0.08945024013519287
3,A_recon,100,0,0.1009168028831482
3,A_recon,100,1,0.08871203660964966
3,A_recon,100,2,0.07402485609054565
3,A_recon,100,3,0.058891355991363525
3,A_recon,100,4,0.0451350212097168
3,A_recon,100,5,0.02684885263442993
3,A_recon,100,6,0.009341835975646973
3,A_recon,100,7,-0.005728483200073242
3,A_recon,100,8,-0.024861812591552734
3,A_recon,100,9,-0.04325509071350098
3,A_recon,100,10,-0.05862295627593994
3,A_recon,100,11,-0.07804727554321289
3,A_recon,100,12,-0.09352672100067139
3,A_recon,100,13,-0.10599935054779053
3,A_recon,100,14,-0.12204444408416748
3,A_recon,100,15,-0.1356053352355957
3,A_recon,105,0,0.13167279958724976
3,A_recon,105,1,0.12104988098144531
3,A_recon,105,2,0.10970622301101685
3,A_recon,105,3,0.09796911478042603
3,A_recon,105,4,0.08571511507034302
3,A_recon,105,5,0.07065623998641968
3,A_recon,105,6,0.055206894874572754
3,A_recon,105,7,0.041286349296569824
3,A_recon,105,8,0.025484561920166016
3,A_recon,105,9,0.00929492712020874
3,A_recon,105,10,-0.004357576370239258
3,A_recon,105,11,-0.021145939826965332
3,A_recon,105,12,-0.03382515907287598
3,A_recon,105,13,-0.044499754905700684
3,A_recon,105,14,-0.05859637260437012
3,A_recon,105,15,-0.0698937177658081
3,A_recon,110,0,0.16311711072921753
3,A_recon,110,1,0.15402060747146606
3,A_recon,110,2,0.14279955625534058
3,A_recon,110,3,0.13055884838104248
3,A_recon,110,4,0.11771053075790405
3,A_recon,110,5,0.10214293003082275
3,A_recon,110,6,0.08789193630218506
3,A_recon,110,7,0.07547569274902344
3,A_recon,110,8,0.05942338705062866
3,A_recon,110,9,0.044140756130218506
3,A_recon,110,10,0.031026005744934082
3,A_recon,110,11,0.013512372970581055
3,A_recon,110,12,-0.0004582405090332031
3,A_recon,110,13,-0.011962652206420898
3,A_recon,110,14,-0.027311205863952637
3,A_recon,110,15,-0.040997862815856934
3,A_recon,115,0,0.1436435580253601
3,A_recon,115,1,0.13625973463058472
3,A_recon,115,2,0.1255931258201599
3,A_recon,115,3,0.11405670642852783
3,A_recon,115,4,0.101909339427948
3,A_recon,115,5,0.08805769681930542
3,A_recon,115,6,0.07544606924057007
3,A_recon,115,7,0.0639122724533081
3,A_recon,115,8,0.05016571283340454
3,A_recon,115,9,0.03808993101119995
3,A_recon,115,10,0.025390148162841797
3,A_recon,115,11,0.009578704833984375
3,A_recon,115,12,-0.0012336969375610352
3,A_recon,115,13,-0.013311982154846191
3,A_recon,115,14,-0.02832508087158203
3,A_recon,115,15,-0.04089248180389404
3,A_recon,120,0,0.33336955308914185
3,A_recon,120,1,0.32421964406967163
3,A_recon,120,2,0.31434768438339233
3,A_recon,120,3,0.300281822681427
3,A_recon,120,4,0.28666967153549194
3,A_recon,120,5,0.27387070655822754
3,A_recon,120,6,0.2591625452041626
3,A_recon,120,7,0.24669396877288818
3,A_recon,120,8,0.233178973197937
3,A_recon,120,9,0.21868008375167847
3,A_recon,120,10,0.20684963464736938
3,A_recon,120,11,0.19184261560440063
3,A_recon,120,12,0.1777191162109375
3,A_recon,120,13,0.16641265153884888
3,A_recon,120,14,0.1506306529045105
3,A_recon,120,15,0.13441622257232666
3,B_task,1,0,-0.08760643005371094
3,B_task,1,1,-0.09734237194061279
3,B_task,1,2,-0.10812556743621826
3,B_task,1,3,-0.11991560459136963
3,B_task,1,4,-0.13256168365478516
3,B_task,1,5,-0.14579451084136963
3,B_task,1,6,-0.1594858169555664
3,B_task,1,7,-0.17345523834228516
3,B_task,1,8,-0.18736815452575684
3,B_task,1,9,-0.20120680332183838
3,B_task,1,10,-0.2151017189025879
3,B_task,1,11,-0.2288203239440918
3,B_task,1,12,-0.2421501874923706
3,B_task,1,13,-0.25509166717529297
3,B_task,1,14,-0.26735448837280273
3,B_task,1,15,-0.2788059711456299
3,B_task,5,0,-0.07348573207855225
3,B_task,5,1,-0.06976401805877686
3,B_task,5,2,-0.07194042205810547
3,B_task,5,3,-0.07827293872833252
3,B_task,5,4,-0.08764505386352539
3,B_task,5,5,-0.09912967681884766
3,B_task,5,6,-0.11219429969787598
3,B_task,5,7,-0.12638521194458008
3,B_task,5,8,-0.14110541343688965
3,B_task,5,9,-0.15626180171966553
3,B_task,5,10,-0.17197275161743164
3,B_task,5,11,-0.18787455558776855
3,B_task,5,12,-0.20364415645599365
3,B_task,5,13,-0.2192833423614502
3,B_task,5,14,-0.23439109325408936
3,B_task,5,15,-0.2487705945968628
3,B_task,10,0,0.030944645404815674
3,B_task,10,1,0.05131399631500244
3,B_task,10,2,0.0581974983215332
3,B_task,10,3,0.05608028173446655
3,B_task,10,4,0.049837350845336914
3,B_task,10,5,0.04168921709060669
3,B_task,10,6,0.03043586015701294
3,B_task,10,7,0.019242942333221436
3,B_task,10,8,0.007516264915466309
3,B_task,10,9,-0.005466103553771973
3,B_task,10,10,-0.01718127727508545
3,B_task,10,11,-0.030436277389526367
3,B_task,10,12,-0.04362940788269043
3,B_task,10,13,-0.05517852306365967
3,B_task,10,14,-0.06788694858551025
3,B_task,10,15,-0.08000481128692627
3,B_task,15,0,0.1284276843070984
3,B_task,15,1,0.12252140045166016
3,B_task,15,2,0.1155022382736206
3,B_task,15,3,0.10576140880584717
3,B_task,15,4,0.09510678052902222
3,B_task,15,5,0.08501088619232178
3,B_task,15,6,0.07318860292434692
3,B_task,15,7,0.06184101104736328
3,B_task,15,8,0.051406800746917725
3,B_task,15,9,0.04045438766479492
3,B_task,15,10,0.03038787841796875
3,B_task,15,11,0.019734740257263184
3,B_task,15,12,0.00977778434753418
3,B_task,15,13,0.0010139942169189453
3,B_task,15,14,-0.007708311080932617
3,B_task,15,15,-0.015482902526855469
3,B_task,20,0,0.13999050855636597
3,B_task,20,1,0.1308743953704834
3,B_task,20,2,0.12664437294006348
3,B_task,20,3,0.12002909183502197
3,B_task,20,4,0.11214512586593628
3,B_task,20,5,0.10553336143493652
3,B_task,20,6,0.09700298309326172
3,B_task,20,7,0.08829975128173828
3,B_task,20,8,0.08121991157531738
3,B_task,20,9,0.07292443513870239
3,B_task,20,10,0.0646856427192688
3,B_task,20,11,0.056419968605041504
3,B_task,20,12,0.048169493675231934
3,B_task,20,13,0.040399014949798584
3,B_task,20,14,0.033524930477142334
3,B_task,20,15,0.026839077472686768
3,B_task,25,0,0.16896826028823853
3,B_task,25,1,0.1563270092010498
3,B_task,25,2,0.14973974227905273
3,B_task,25,3,0.14095526933670044
3,B_task,25,4,0.13025742769241333
3,B_task,25,5,0.12220907211303711
3,B_task,25,6,0.11216312646865845
3,B_task,25,7,0.1017419695854187
3,B_task,25,8,0.09373092651367188
3,B_task,25,9,0.08429223299026489
3,B_task,25,10,0.07525783777236938
3,B_task,25,11,0.06663727760314941
3,B_task,25,12,0.0575675368309021
3,B_task,25,13,0.049289047718048096
3,B_task,25,14,0.042141854763031006
3,B_task,25,15,0.03462493419647217
3,B_task,30,0,0.16629081964492798
3,B_task,30,1,0.15238934755325317
3,B_task,30,2,0.14391934871673584
3,B_task,30,3,0.13440841436386108
3,B_task,30,4,0.12258189916610718
3,B_task,30,5,0.11361545324325562
3,B_task,30,6,0.10336440801620483
3,B_task,30,7,0.09217429161071777
3,B_task,30,8,0.0834459662437439
3,B_task,30,9,0.07390928268432617
3,B_task,30,10,0.06453824043273926
3,B_task,30,11,0.05552870035171509
3,B_task,30,12,0.04644376039505005
3,B_task,30,13,0.03802657127380371
3,B_task,30,14,0.03081601858139038
3,B_task,30,15,0.023490428924560547
3,B_task,35,0,0.11876106262207031
3,B_task,35,1,0.10516083240509033
3,B_task,35,2,0.0965002179145813
3,B_task,35,3,0.08659851551055908
3,B_task,35,4,0.07589554786682129
3,B_task,35,5,0.06685668230056763
3,B_task,35,6,0.056115806102752686
3,B_task,35,7,0.04561495780944824
3,B_task,35,8,0.036651551723480225
3,B_task,35,9,0.02644205093383789
3,B_task,35,10,0.01758807897567749
3,B_task,35,11,0.00868755578994751
3,B_task,35,12,-0.0009895563125610352
3,B_task,35,13,-0.008845925331115723
3,B_task,35,14,-0.016002416610717773
3,B_task,35,15,-0.02371799945831299
3,B_task,40,0,0.05412769317626953
3,B_task,40,1,0.03495091199874878
3,B_task,40,2,0.02418571710586548
3,B_task,40,3,0.011711180210113525
3,B_task,40,4,-0.0019856691360473633
3,B_task,40,5,-0.012556076049804688
3,B_task,40,6,-0.024835705757141113
3,B_task,40,7,-0.036234140396118164
3,B_task,40,8,-0.04527425765991211
3,B_task,40,9,-0.05644702911376953
3,B_task,40,10,-0.06570267677307129
3,B_task,40,11,-0.07426762580871582
3,B_task,40,12,-0.08437097072601318
3,B_task,40,13,-0.09225082397460938
3,B_task,40,14,-0.09890544414520264
3,B_task,40,15,-0.10630440711975098
3,B_task,45,0,-0.034453392028808594
3,B_task,45,1,-0.05918848514556885
3,B_task,45,2,-0.07774138450622559
3,B_task,45,3,-0.09695231914520264
3,B_task,45,4,-0.11569273471832275
3,B_task,45,5,-0.132063627243042
3,B_task,45,6,-0.15076661109924316
3,B_task,45,7,-0.16829204559326172
3,B_task,45,8,-0.18481123447418213
3,B_task,45,9,-0.2033475637435913
3,B_task,45,10,-0.21974289417266846
3,B_task,45,11,-0.23638546466827393
3,B_task,45,12,-0.253414511680603
3,B_task,45,13,-0.2687196731567383
3,B_task,45,14,-0.28178226947784424
3,B_task,45,15,-0.2957878112792969
3,B_task,50,0,-0.06303215026855469
3,B_task,50,1,-0.08946883678436279
3,B_task,50,2,-0.10835635662078857
3,B_task,50,3,-0.1277221441268921
3,B_task,50,4,-0.1441587209701538
3,B_task,50,5,-0.1601499319076538
3,B_task,50,6,-0.17998111248016357
3,B_task,50,7,-0.19592702388763428
3,B_task,50,8,-0.21282315254211426
3,B_task,50,9,-0.2325429916381836
3,B_task,50,10,-0.24737298488616943
3,B_task,50,11,-0.2641575336456299
3,B_task,50,12,-0.28207290172576904
3,B_task,50,13,-0.296059250831604
3,B_task,50,14,-0.3093554973602295
3,B_task,50,15,-0.32333922386169434
3,B_task,55,0,-0.23344099521636963
3,B_task,55,1,-0.26741600036621094
3,B_task,55,2,-0.2968384027481079
3,B_task,55,3,-0.32693660259246826
3,B_task,55,4,-0.3526979684829712
3,B_task,55,5,-0.3781728744506836
3,B_task,55,6,-0.40705347061157227
3,B_task,55,7,-0.4302866458892822
3,B_task,55,8,-0.452511191368103
3,B_task,55,9,-0.47753000259399414
3,B_task,55,10,-0.49656009674072266
3,B_task,55,11,-0.516342282295227
3,B_task,55,12,-0.5373735427856445
3,B_task,55,13,-0.5550445318222046
3,B_task,55,14,-0.5707811117172241
3,B_task,55,15,-0.587546706199646
3,B_task,60,0,-0.26147544384002686
3,B_task,60,1,-0.2983713150024414
3,B_task,60,2,-0.3317277431488037
3,B_task,60,3,-0.36336493492126465
3,B_task,60,4,-0.3892538547515869
3,B_task,60,5,-0.4154520034790039
3,B_task,60,6,-0.4425942897796631
3,B_task,60,7,-0.46471941471099854
3,B_task,60,8,-0.48895084857940674
3,B_task,60,9,-0.5138347148895264
3,B_task,60,10,-0.5330581665039062
3,B_task,60,11,-0.5558933019638062
3,B_task,60,12,-0.5774717330932617
3,B_task,60,13,-0.5937551259994507
3,B_task,60,14,-0.6117669343948364
3,B_task,60,15,-0.6288665533065796
3,B_task,65,0,-0.20614147186279297
3,B_task,65,1,-0.24001669883728027
3,B_task,65,2,-0.26903653144836426
3,B_task,65,3,-0.3008958101272583
3,B_task,65,4,-0.3285341262817383
3,B_task,65,5,-0.35373759269714355
3,B_task,65,6,-0.38334906101226807
3,B_task,65,7,-0.40850698947906494
3,B_task,65,8,-0.43143022060394287
3,B_task,65,9,-0.4561882019042969
3,B_task,65,10,-0.47608864307403564
3,B_task,65,11,-0.4967234134674072
3,B_task,65,12,-0.5175670385360718
3,B_task,65,13,-0.5357265472412109
3,B_task,65,14,-0.5518585443496704
3,B_task,65,15,-0.5691686868667603
3,B_task,70,0,-0.24789392948150635
3,B_task,70,1,-0.28056108951568604
3,B_task,70,2,-0.3110191822052002
3,B_task,70,3,-0.34270596504211426
3,B_task,70,4,-0.3700495958328247
3,B_task,70,5,-0.39632368087768555
3,B_task,70,6,-0.4249436855316162
3,B_task,70,7,-0.4500817060470581
3,B_task,70,8,-0.47371411323547363
3,B_task,70,9,-0.49843740463256836
3,B_task,70,10,-0.5186280012130737
3,B_task,70,11,-0.5405913591384888
3,B_task,70,12,-0.5623427629470825
3,B_task,70,13,-0.5794910192489624
3,B_task,70,14,-0.5965063571929932
3,B_task,70,15,-0.6132858991622925
3,B_task,75,0,-0.2192462682723999
3,B_task,75,1,-0.250150203704834
3,B_task,75,2,-0.27879178524017334
3,B_task,75,3,-0.31188714504241943
3,B_task,75,4,-0.3409731388092041
3,B_task,75,5,-0.367816686630249
3,B_task,75,6,-0.39727163314819336
3,B_task,75,7,-0.4223167896270752
3,B_task,75,8,-0.4461822509765625
3,B_task,75,9,-0.4717932939529419
3,B_task,75,10,-0.4925910234451294
3,B_task,75,11,-0.5143934488296509
3,B_task,75,12,-0.5366008281707764
3,B_task,75,13,-0.554558277130127
3,B_task,75,14,-0.5709148645401001
3,B_task,75,15,-0.5882461071014404
3,B_task,80,0,-0.21545863151550293
3,B_task,80,1,-0.24810755252838135
3,B_task,80,2,-0.2790868282318115
3,B_task,80,3,-0.3141162395477295
3,B_task,80,4,-0.34369421005249023
3,B_task,80,5,-0.3705875873565674
3,B_task,80,6,-0.40169739723205566
3,B_task,80,7,-0.4287456274032593
3,B_task,80,8,-0.45312750339508057
3,B_task,80,9,-0.47917640209198
3,B_task,80,10,-0.501497745513916
3,B_task,80,11,-0.5247780084609985
3,B_task,80,12,-0.5480704307556152
3,B_task,80,13,-0.566791296005249
3,B_task,80,14,-0.5850933790206909
3,B_task,80,15,-0.6024482250213623
3,B_task,85,0,-0.25419914722442627
3,B_task,85,1,-0.2832298278808594
3,B_task,85,2,-0.3144187927246094
3,B_task,85,3,-0.3498951196670532
3,B_task,85,4,-0.3796132802963257
3,B_task,85,5,-0.40857207775115967
3,B_task,85,6,-0.44105207920074463
3,B_task,85,7,-0.4692535400390625
3,B_task,85,8,-0.496113657951355
3,B_task,85,9,-0.5247929096221924
3,B_task,85,10,-0.5496913194656372
3,B_task,85,11,-0.5756089687347412
3,B_task,85,12,-0.6003975868225098
3,B_task,85,13,-0.6206158399581909
3,B_task,85,14,-0.6409664154052734
3,B_task,85,15,-0.6601284742355347
3,B_task,90,0,-0.2507293224334717
3,B_task,90,1,-0.2810412645339966
3,B_task,90,2,-0.31341981887817383
3,B_task,90,3,-0.34757041931152344
3,B_task,90,4,-0.3764519691467285
3,B_task,90,5,-0.4044013023376465
3,B_task,90,6,-0.4343932867050171
3,B_task,90,7,-0.46141934394836426
3,B_task,90,8,-0.4876420497894287
3,B_task,90,9,-0.5134224891662598
3,B_task,90,10,-0.5367002487182617
3,B_task,90,11,-0.5616747140884399
3,B_task,90,12,-0.5837846994400024
3,B_task,90,13,-0.603296160697937
3,B_task,90,14,-0.623761773109436
3,B_task,90,15,-0.6420632600784302
3,B_task,95,0,-0.28401434421539307
3,B_task,95,1,-0.31748902797698975
3,B_task,95,2,-0.352283239364624
3,B_task,95,3,-0.3890392780303955
3,B_task,95,4,-0.4208199977874756
3,B_task,95,5,-0.44995641708374023
3,B_task,95,6,-0.48085594177246094
3,B_task,95,7,-0.5077861547470093
3,B_task,95,8,-0.533998966217041
3,B_task,95,9,-0.5612469911575317
3,B_task,95,10,-0.5855203866958618
3,B_task,95,11,-0.6120961904525757
3,B_task,95,12,-0.6369161605834961
3,B_task,95,13,-0.6588550806045532
3,B_task,95,14,-0.681393027305603
3,B_task,95,15,-0.7013460397720337
3,B_task,100,0,-0.2697925567626953
3,B_task,100,1,-0.2985575199127197
3,B_task,100,2,-0.32992231845855713
3,B_task,100,3,-0.36310136318206787
3,B_task,100,4,-0.39116573333740234
3,B_task,100,5,-0.4189889430999756
3,B_task,100,6,-0.4494631290435791
3,B_task,100,7,-0.4745965003967285
3,B_task,100,8,-0.5003479719161987
3,B_task,100,9,-0.5270248651504517
3,B_task,100,10,-0.5495713949203491
3,B_task,100,11,-0.5737031698226929
3,B_task,100,12,-0.595157265663147
3,B_task,100,13,-0.6126018762588501
3,B_task,100,14,-0.6319738626480103
3,B_task,100,15,-0.6490480899810791
3,B_task,105,0,-0.37416601181030273
3,B_task,105,1,-0.4074423313140869
3,B_task,105,2,-0.4442002773284912
3,B_task,105,3,-0.4818626642227173
3,B_task,105,4,-0.5146259069442749
3,B_task,105,5,-0.5454264879226685
3,B_task,105,6,-0.5781034231185913
3,B_task,105,7,-0.6065194606781006
3,B_task,105,8,-0.6350709199905396
3,B_task,105,9,-0.6634948253631592
3,B_task,105,10,-0.687241792678833
3,B_task,105,11,-0.712352991104126
3,B_task,105,12,-0.7344884872436523
3,B_task,105,13,-0.7528691291809082
3,B_task,105,14,-0.7733907699584961
3,B_task,105,15,-0.7914310693740845
3,B_task,110,0,-0.3766971826553345
3,B_task,110,1,-0.4093583822250366
3,B_task,110,2,-0.4462648630142212
3,B_task,110,3,-0.4846782684326172
3,B_task,110,4,-0.5182608366012573
3,B_task,110,5,-0.5508749485015869
3,B_task,110,6,-0.584763765335083
3,B_task,110,7,-0.6137173175811768
3,B_task,110,8,-0.6439307928085327
3,B_task,110,9,-0.6730164289474487
3,B_task,110,10,-0.6969926357269287
3,B_task,110,11,-0.7237095832824707
3,B_task,110,12,-0.746666431427002
3,B_task,110,13,-0.7647753953933716
3,B_task,110,14,-0.7855613231658936
3,B_task,110,15,-0.8026520013809204
3,B_task,115,0,-0.34463560581207275
3,B_task,115,1,-0.374332070350647
3,B_task,115,2,-0.4093623161315918
3,B_task,115,3,-0.4433954954147339
3,B_task,115,4,-0.47314441204071045
3,B_task,115,5,-0.5027592182159424
3,B_task,115,6,-0.533622145652771
3,B_task,115,7,-0.5610191822052002
3,B_task,115,8,-0.588783860206604
3,B_task,115,9,-0.616395115852356
3,B_task,115,10,-0.6396281719207764
3,B_task,115,11,-0.6651586294174194
3,B_task,115,12,-0.6888203620910645
3,B_task,115,13,-0.708280086517334
3,B_task,115,14,-0.7298331260681152
3,B_task,115,15,-0.748039722442627
3,B_task,120,0,-0.29122447967529297
3,B_task,120,1,-0.31699085235595703
3,B_task,120,2,-0.3485625982284546
3,B_task,120,3,-0.38198328018188477
3,B_task,120,4,-0.4086951017379761
3,B_task,120,5,-0.43599164485931396
3,B_task,120,6,-0.4657992124557495
3,B_task,120,7,-0.49128544330596924
3,B_task,120,8,-0.5169302225112915
3,B_task,120,9,-0.5426470041275024
3,B_task,120,10,-0.5655736923217773
3,B_task,120,11,-0.5895334482192993
3,B_task,120,12,-0.6111283302307129
3,B_task,120,13,-0.6286748647689819
3,B_task,120,14,-0.6469773054122925
3,B_task,120,15,-0.6629180908203125
3,C_scene,1,0,-0.09868931770324707
3,C_scene,1,1,-0.10711085796356201
3,C_scene,1,2,-0.11676275730133057
3,C_scene,1,3,-0.1276102066040039
3,C_scene,1,4,-0.13946890830993652
3,C_scene,1,5,-0.15201163291931152
3,C_scene,1,6,-0.16512823104858398
3,C_scene,1,7,-0.1786208152770996
3,C_scene,1,8,-0.19211184978485107
3,C_scene,1,9,-0.20560777187347412
3,C_scene,1,10,-0.21922814846038818
3,C_scene,1,11,-0.23272454738616943
3,C_scene,1,12,-0.24587523937225342
3,C_scene,1,13,-0.25868678092956543
3,C_scene,1,14,-0.27084672451019287
3,C_scene,1,15,-0.2822314500808716
3,C_scene,5,0,-0.1028972864151001
3,C_scene,5,1,-0.0986565351486206
3,C_scene,5,2,-0.09979140758514404
3,C_scene,5,3,-0.10472548007965088
3,C_scene,5,4,-0.1126178503036499
3,C_scene,5,5,-0.12263989448547363
3,C_scene,5,6,-0.13413047790527344
3,C_scene,5,7,-0.14679467678070068
3,C_scene,5,8,-0.16003751754760742
3,C_scene,5,9,-0.17364394664764404
3,C_scene,5,10,-0.1878502368927002
3,C_scene,5,11,-0.20224761962890625
3,C_scene,5,12,-0.216461181640625
3,C_scene,5,13,-0.23058581352233887
3,C_scene,5,14,-0.2442018985748291
3,C_scene,5,15,-0.2570401430130005
3,C_scene,10,0,0.050940871238708496
3,C_scene,10,1,0.06330865621566772
3,C_scene,10,2,0.0647127628326416
3,C_scene,10,3,0.06051844358444214
3,C_scene,10,4,0.05453336238861084
3,C_scene,10,5,0.046593546867370605
3,C_scene,10,6,0.036863863468170166
3,C_scene,10,7,0.02728092670440674
3,C_scene,10,8,0.017775356769561768
3,C_scene,10,9,0.00831228494644165
3,C_scene,10,10,-0.000864863395690918
3,C_scene,10,11,-0.011116862297058105
3,C_scene,10,12,-0.02058851718902588
3,C_scene,10,13,-0.029465079307556152
3,C_scene,10,14,-0.03852963447570801
3,C_scene,10,15,-0.04677295684814453
3,C_scene,15,0,-0.012085318565368652
3,C_scene,15,1,-0.009924054145812988
3,C_scene,15,2,-0.012256860733032227
3,C_scene,15,3,-0.018691658973693848
3,C_scene,15,4,-0.024974942207336426
3,C_scene,15,5,-0.03224623203277588
3,C_scene,15,6,-0.0421597957611084
3,C_scene,15,7,-0.05060887336730957
3,C_scene,15,8,-0.05890786647796631
3,C_scene,15,9,-0.06754767894744873
3,C_scene,15,10,-0.07537198066711426
3,C_scene,15,11,-0.0842137336730957
3,C_scene,15,12,-0.09208428859710693
3,C_scene,15,13,-0.09906518459320068
3,C_scene,15,14,-0.10639023780822754
3,C_scene,15,15,-0.11223649978637695
3,C_scene,20,0,-0.3654773235321045
3,C_scene,20,1,-0.39386236667633057
3,C_scene,20,2,-0.4191175699234009
3,C_scene,20,3,-0.44399476051330566
3,C_scene,20,4,-0.46728503704071045
3,C_scene,20,5,-0.48997998237609863
3,C_scene,20,6,-0.5138977766036987
3,C_scene,20,7,-0.5359301567077637
3,C_scene,20,8,-0.5563235282897949
3,C_scene,20,9,-0.5762394666671753
3,C_scene,20,10,-0.5943217277526855
3,C_scene,20,11,-0.6113725900650024
3,C_scene,20,12,-0.6266565322875977
3,C_scene,20,13,-0.6403862237930298
3,C_scene,20,14,-0.6527649164199829
3,C_scene,20,15,-0.6626946926116943
3,C_scene,25,0,-0.27393102645874023
3,C_scene,25,1,-0.3008112907409668
3,C_scene,25,2,-0.324285626411438
3,C_scene,25,3,-0.34758830070495605
3,C_scene,25,4,-0.3693249225616455
3,C_scene,25,5,-0.3913613557815552
3,C_scene,25,6,-0.41484951972961426
3,C_scene,25,7,-0.43588900566101074
3,C_scene,25,8,-0.4564875364303589
3,C_scene,25,9,-0.47638118267059326
3,C_scene,25,10,-0.49284136295318604
3,C_scene,25,11,-0.5091897249221802
3,C_scene,25,12,-0.5244859457015991
3,C_scene,25,13,-0.5366339683532715
3,C_scene,25,14,-0.5485069751739502
3,C_scene,25,15,-0.5587935447692871
3,C_scene,30,0,-0.2324610948562622
3,C_scene,30,1,-0.25843703746795654
3,C_scene,30,2,-0.2839932441711426
3,C_scene,30,3,-0.3085569143295288
3,C_scene,30,4,-0.3306175470352173
3,C_scene,30,5,-0.3540703058242798
3,C_scene,30,6,-0.37768661975860596
3,C_scene,30,7,-0.39922845363616943
3,C_scene,30,8,-0.42187750339508057
3,C_scene,30,9,-0.4430347681045532
3,C_scene,30,10,-0.4614906311035156
3,C_scene,30,11,-0.4804466962814331
3,C_scene,30,12,-0.49738287925720215
3,C_scene,30,13,-0.511959433555603
3,C_scene,30,14,-0.5261950492858887
3,C_scene,30,15,-0.5383738279342651
3,C_scene,35,0,-0.24717938899993896
3,C_scene,35,1,-0.27289879322052
3,C_scene,35,2,-0.29790008068084717
3,C_scene,35,3,-0.3225656747817993
3,C_scene,35,4,-0.3464311361312866
3,C_scene,35,5,-0.3710658550262451
3,C_scene,35,6,-0.3950819969177246
3,C_scene,35,7,-0.41831207275390625
3,C_scene,35,8,-0.4425255060195923
3,C_scene,35,9,-0.4647172689437866
3,C_scene,35,10,-0.48490309715270996
3,C_scene,35,11,-0.5062470436096191
3,C_scene,35,12,-0.5252488851547241
3,C_scene,35,13,-0.5427142381668091
3,C_scene,35,14,-0.5602664947509766
3,C_scene,35,15,-0.5754475593566895
3,C_scene,40,0,-0.1918407678604126
3,C_scene,40,1,-0.2147376537322998
3,C_scene,40,2,-0.23849999904632568
3,C_scene,40,3,-0.2609471082687378
3,C_scene,40,4,-0.2815910577774048
3,C_scene,40,5,-0.303561806678772
3,C_scene,40,6,-0.32401275634765625
3,C_scene,40,7,-0.34311091899871826
3,C_scene,40,8,-0.3642615079879761
3,C_scene,40,9,-0.3839930295944214
3,C_scene,40,10,-0.40188074111938477
3,C_scene,40,11,-0.4219421148300171
3,C_scene,40,12,-0.4407618045806885
3,C_scene,40,13,-0.4572627544403076
3,C_scene,40,14,-0.47463929653167725
3,C_scene,40,15,-0.4896829128265381
3,C_scene,45,0,-0.1690272092819214
3,C_scene,45,1,-0.18775665760040283
3,C_scene,45,2,-0.20972537994384766
3,C_scene,45,3,-0.23077845573425293
3,C_scene,45,4,-0.25115013122558594
3,C_scene,45,5,-0.2727854251861572
3,C_scene,45,6,-0.2929067611694336
3,C_scene,45,7,-0.31245267391204834
3,C_scene,45,8,-0.33325183391571045
3,C_scene,45,9,-0.35185396671295166
3,C_scene,45,10,-0.3692692518234253
3,C_scene,45,11,-0.38799309730529785
3,C_scene,45,12,-0.40428757667541504
3,C_scene,45,13,-0.4191441535949707
3,C_scene,45,14,-0.4343712329864502
3,C_scene,45,15,-0.4468724727630615
3,C_scene,50,0,-0.12966609001159668
3,C_scene,50,1,-0.14555442333221436
3,C_scene,50,2,-0.16453003883361816
3,C_scene,50,3,-0.18366968631744385
3,C_scene,50,4,-0.20196664333343506
3,C_scene,50,5,-0.22162389755249023
3,C_scene,50,6,-0.2402360439300537
3,C_scene,50,7,-0.25878047943115234
3,C_scene,50,8,-0.278964638710022
3,C_scene,50,9,-0.2972421646118164
3,C_scene,50,10,-0.3145991563796997
3,C_scene,50,11,-0.33409249782562256
3,C_scene,50,12,-0.3515141010284424
3,C_scene,50,13,-0.36657774448394775
3,C_scene,50,14,-0.38217008113861084
3,C_scene,50,15,-0.3947000503540039
3,C_scene,55,0,-0.18845093250274658
3,C_scene,55,1,-0.20466208457946777
3,C_scene,55,2,-0.22500836849212646
3,C_scene,55,3,-0.2453763484954834
3,C_scene,55,4,-0.2662465572357178
3,C_scene,55,5,-0.28765857219696045
3,C_scene,55,6,-0.30765342712402344
3,C_scene,55,7,-0.3281437158584595
3,C_scene,55,8,-0.3492077589035034
3,C_scene,55,9,-0.36860203742980957
3,C_scene,55,10,-0.38800203800201416
3,C_scene,55,11,-0.40817487239837646
3,C_scene,55,12,-0.42659080028533936
3,C_scene,55,13,-0.4434518814086914
3,C_scene,55,14,-0.46027302742004395
3,C_scene,55,15,-0.47482943534851074
3,C_scene,60,0,-0.2679022550582886
3,C_scene,60,1,-0.28323328495025635
3,C_scene,60,2,-0.30424678325653076
3,C_scene,60,3,-0.3258110284805298
3,C_scene,60,4,-0.34669721126556396
3,C_scene,60,5,-0.3696242570877075
3,C_scene,60,6,-0.3916165828704834
3,C_scene,60,7,-0.4122593402862549
3,C_scene,60,8,-0.4344494342803955
3,C_scene,60,9,-0.45541930198669434
3,C_scene,60,10,-0.47507214546203613
3,C_scene,60,11,-0.4954949617385864
3,C_scene,60,12,-0.5145039558410645
3,C_scene,60,13,-0.5313642024993896
3,C_scene,60,14,-0.548405647277832
3,C_scene,60,15,-0.5633928775787354
3,C_scene,65,0,-0.16080963611602783
3,C_scene,65,1,-0.17397332191467285
3,C_scene,65,2,-0.19383811950683594
3,C_scene,65,3,-0.21502423286437988
3,C_scene,65,4,-0.23660969734191895
3,C_scene,65,5,-0.2589585781097412
3,C_scene,65,6,-0.2806870937347412
3,C_scene,65,7,-0.3021653890609741
3,C_scene,65,8,-0.32389354705810547
3,C_scene,65,9,-0.34445130825042725
3,C_scene,65,10,-0.36551856994628906
3,C_scene,65,11,-0.3872026205062866
3,C_scene,65,12,-0.4077296257019043
3,C_scene,65,13,-0.4271329641342163
3,C_scene,65,14,-0.4469001293182373
3,C_scene,65,15,-0.4641159772872925
3,C_scene,70,0,-0.12974750995635986
3,C_scene,70,1,-0.14387285709381104
3,C_scene,70,2,-0.16258060932159424
3,C_scene,70,3,-0.18252956867218018
3,C_scene,70,4,-0.2040926218032837
3,C_scene,70,5,-0.2259349822998047
3,C_scene,70,6,-0.24707627296447754
3,C_scene,70,7,-0.2683507204055786
3,C_scene,70,8,-0.28911280632019043
3,C_scene,70,9,-0.30804944038391113
3,C_scene,70,10,-0.32728588581085205
3,C_scene,70,11,-0.3460575342178345
3,C_scene,70,12,-0.3632204532623291
3,C_scene,70,13,-0.3789479732513428
3,C_scene,70,14,-0.3943004608154297
3,C_scene,70,15,-0.40728962421417236
3,C_scene,75,0,-0.11634933948516846
3,C_scene,75,1,-0.13034844398498535
3,C_scene,75,2,-0.1469634771347046
3,C_scene,75,3,-0.16358637809753418
3,C_scene,75,4,-0.18110644817352295
3,C_scene,75,5,-0.1985323429107666
3,C_scene,75,6,-0.21563482284545898
3,C_scene,75,7,-0.23274147510528564
3,C_scene,75,8,-0.24990785121917725
3,C_scene,75,9,-0.2664119005203247
3,C_scene,75,10,-0.28386056423187256
3,C_scene,75,11,-0.30165743827819824
3,C_scene,75,12,-0.31785643100738525
3,C_scene,75,13,-0.33244454860687256
3,C_scene,75,14,-0.34682750701904297
3,C_scene,75,15,-0.3589998483657837
3,C_scene,80,0,-0.14931035041809082
3,C_scene,80,1,-0.16123950481414795
3,C_scene,80,2,-0.17297756671905518
3,C_scene,80,3,-0.18524408340454102
3,C_scene,80,4,-0.1988006830215454
3,C_scene,80,5,-0.21188890933990479
3,C_scene,80,6,-0.22468352317810059
3,C_scene,80,7,-0.23755788803100586
3,C_scene,80,8,-0.24916768074035645
3,C_scene,80,9,-0.2599151134490967
3,C_scene,80,10,-0.2705804109573364
3,C_scene,80,11,-0.2813931703567505
3,C_scene,80,12,-0.29169905185699463
3,C_scene,80,13,-0.3009212017059326
3,C_scene,80,14,-0.3101475238800049
3,C_scene,80,15,-0.31917786598205566
3,C_scene,85,0,-0.07546615600585938
3,C_scene,85,1,-0.09306752681732178
3,C_scene,85,2,-0.1107485294342041
3,C_scene,85,3,-0.12945854663848877
3,C_scene,85,4,-0.14735651016235352
3,C_scene,85,5,-0.16451025009155273
3,C_scene,85,6,-0.18261098861694336
3,C_scene,85,7,-0.1999368667602539
3,C_scene,85,8,-0.2173253297805786
3,C_scene,85,9,-0.23532259464263916
3,C_scene,85,10,-0.2530252933502197
3,C_scene,85,11,-0.27089226245880127
3,C_scene,85,12,-0.2880362272262573
3,C_scene,85,13,-0.3033205270767212
3,C_scene,85,14,-0.31800317764282227
3,C_scene,85,15,-0.33121776580810547
3,C_scene,90,0,-0.09296417236328125
3,C_scene,90,1,-0.10787153244018555
3,C_scene,90,2,-0.12517023086547852
3,C_scene,90,3,-0.14370083808898926
3,C_scene,90,4,-0.1617969274520874
3,C_scene,90,5,-0.17961299419403076
3,C_scene,90,6,-0.1976834535598755
3,C_scene,90,7,-0.21517598628997803
3,C_scene,90,8,-0.23264527320861816
3,C_scene,90,9,-0.2500264644622803
3,C_scene,90,10,-0.2676640748977661
3,C_scene,90,11,-0.2853381633758545
3,C_scene,90,12,-0.3020455837249756
3,C_scene,90,13,-0.31741201877593994
3,C_scene,90,14,-0.3319835662841797
3,C_scene,90,15,-0.34540021419525146
3,C_scene,95,0,-0.11116683483123779
3,C_scene,95,1,-0.12437188625335693
3,C_scene,95,2,-0.1404883861541748
3,C_scene,95,3,-0.15836822986602783
3,C_scene,95,4,-0.17643487453460693
3,C_scene,95,5,-0.19291281700134277
3,C_scene,95,6,-0.21008753776550293
3,C_scene,95,7,-0.22715210914611816
3,C_scene,95,8,-0.24293017387390137
3,C_scene,95,9,-0.25897514820098877
3,C_scene,95,10,-0.27613043785095215
3,C_scene,95,11,-0.29216039180755615
3,C_scene,95,12,-0.30755889415740967
3,C_scene,95,13,-0.32228803634643555
3,C_scene,95,14,-0.33524608612060547
3,C_scene,95,15,-0.3470752239227295
3,C_scene,100,0,-0.07944905757904053
3,C_scene,100,1,-0.09233963489532471
3,C_scene,100,2,-0.1084221601486206
3,C_scene,100,3,-0.12524700164794922
3,C_scene,100,4,-0.14216256141662598
3,C_scene,100,5,-0.15838348865509033
3,C_scene,100,6,-0.17409956455230713
3,C_scene,100,7,-0.18937933444976807
3,C_scene,100,8,-0.20405352115631104
3,C_scene,100,9,-0.2181715965270996
3,C_scene,100,10,-0.23317742347717285
3,C_scene,100,11,-0.2479344606399536
3,C_scene,100,12,-0.2620220184326172
3,C_scene,100,13,-0.27522706985473633
3,C_scene,100,14,-0.2876622676849365
3,C_scene,100,15,-0.2991764545440674
3,C_scene,105,0,-0.10439729690551758
3,C_scene,105,1,-0.11694502830505371
3,C_scene,105,2,-0.1323535442352295
3,C_scene,105,3,-0.14876306056976318
3,C_scene,105,4,-0.16484534740447998
3,C_scene,105,5,-0.18094944953918457
3,C_scene,105,6,-0.1965247392654419
3,C_scene,105,7,-0.2110532522201538
3,C_scene,105,8,-0.22570538520812988
3,C_scene,105,9,-0.23953068256378174
3,C_scene,105,10,-0.2535064220428467
3,C_scene,105,11,-0.26749157905578613
3,C_scene,105,12,-0.2802436351776123
3,C_scene,105,13,-0.29204654693603516
3,C_scene,105,14,-0.3038008213043213
3,C_scene,105,15,-0.3138667345046997
3,C_scene,110,0,-0.08043909072875977
3,C_scene,110,1,-0.09240233898162842
3,C_scene,110,2,-0.10744285583496094
3,C_scene,110,3,-0.12347519397735596
3,C_scene,110,4,-0.1397181749343872
3,C_scene,110,5,-0.15607082843780518
3,C_scene,110,6,-0.17185473442077637
3,C_scene,110,7,-0.18722856044769287
3,C_scene,110,8,-0.20267212390899658
3,C_scene,110,9,-0.21750450134277344
3,C_scene,110,10,-0.23284578323364258
3,C_scene,110,11,-0.2481938600540161
3,C_scene,110,12,-0.2626744508743286
3,C_scene,110,13,-0.2763645648956299
3,C_scene,110,14,-0.2895090579986572
3,C_scene,110,15,-0.3005528450012207
3,C_scene,115,0,-0.10208582878112793
3,C_scene,115,1,-0.11573934555053711
3,C_scene,115,2,-0.13231658935546875
3,C_scene,115,3,-0.14992928504943848
3,C_scene,115,4,-0.16760754585266113
3,C_scene,115,5,-0.1858152151107788
3,C_scene,115,6,-0.20379841327667236
3,C_scene,115,7,-0.22083723545074463
3,C_scene,115,8,-0.23782837390899658
3,C_scene,115,9,-0.25421464443206787
3,C_scene,115,10,-0.27052509784698486
3,C_scene,115,11,-0.2864854335784912
3,C_scene,115,12,-0.30153822898864746
3,C_scene,115,13,-0.31533002853393555
3,C_scene,115,14,-0.3286879062652588
3,C_scene,115,15,-0.34056317806243896
3,C_scene,120,0,-0.11622428894042969
3,C_scene,120,1,-0.1295260190963745
3,C_scene,120,2,-0.14541339874267578
3,C_scene,120,3,-0.16204750537872314
3,C_scene,120,4,-0.17853868007659912
3,C_scene,120,5,-0.19561922550201416
3,C_scene,120,6,-0.21244096755981445
3,C_scene,120,7,-0.22852325439453125
3,C_scene,120,8,-0.2450491189956665
3,C_scene,120,9,-0.26130664348602295
3,C_scene,120,10,-0.2774691581726074
3,C_scene,120,11,-0.2936832904815674
3,C_scene,120,12,-0.30924153327941895
3,C_scene,120,13,-0.32380974292755127
3,C_scene,120,14,-0.33866631984710693
3,C_scene,120,15,-0.35261058807373047
3,D_latent,1,0,-0.007443428039550781
3,D_latent,1,1,-0.015513300895690918
3,D_latent,1,2,-0.024917125701904297
3,D_latent,1,3,-0.035570502281188965
3,D_latent,1,4,-0.047248244285583496
3,D_latent,1,5,-0.05968606472015381
3,D_latent,1,6,-0.07277178764343262
3,D_latent,1,7,-0.08625030517578125
3,D_latent,1,8,-0.09981942176818848
3,D_latent,1,9,-0.11346578598022461
3,D_latent,1,10,-0.1272726058959961
3,D_latent,1,11,-0.14107346534729004
3,D_latent,1,12,-0.15462887287139893
3,D_latent,1,13,-0.16787075996398926
3,D_latent,1,14,-0.18059587478637695
3,D_latent,1,15,-0.19260835647583008
3,D_latent,5,0,-0.05902266502380371
3,D_latent,5,1,-0.05530059337615967
3,D_latent,5,2,-0.058159470558166504
3,D_latent,5,3,-0.06540894508361816
3,D_latent,5,4,-0.07571017742156982
3,D_latent,5,5,-0.08790075778961182
3,D_latent,5,6,-0.10153830051422119
3,D_latent,5,7,-0.11621403694152832
3,D_latent,5,8,-0.13121366500854492
3,D_latent,5,9,-0.14652323722839355
3,D_latent,5,10,-0.16230237483978271
3,D_latent,5,11,-0.1781214475631714
3,D_latent,5,12,-0.1937047243118286
3,D_latent,5,13,-0.20911097526550293
3,D_latent,5,14,-0.22388160228729248
3,D_latent,5,15,-0.2378673553466797
3,D_latent,10,0,-0.04102885723114014
3,D_latent,10,1,-0.04375171661376953
3,D_latent,10,2,-0.051206231117248535
3,D_latent,10,3,-0.061911702156066895
3,D_latent,10,4,-0.0747978687286377
3,D_latent,10,5,-0.08910143375396729
3,D_latent,10,6,-0.10447824001312256
3,D_latent,10,7,-0.12047851085662842
3,D_latent,10,8,-0.13658225536346436
3,D_latent,10,9,-0.15281248092651367
3,D_latent,10,10,-0.16926896572113037
3,D_latent,10,11,-0.18566977977752686
3,D_latent,10,12,-0.20174360275268555
3,D_latent,10,13,-0.2174462080001831
3,D_latent,10,14,-0.23248207569122314
3,D_latent,10,15,-0.2466719150543213
3,D_latent,15,0,0.0590214729309082
3,D_latent,15,1,0.05708491802215576
3,D_latent,15,2,0.05808514356613159
3,D_latent,15,3,0.05540257692337036
3,D_latent,15,4,0.05057728290557861
3,D_latent,15,5,0.0421900749206543
3,D_latent,15,6,0.03276371955871582
3,D_latent,15,7,0.0231400728225708
3,D_latent,15,8,0.012134134769439697
3,D_latent,15,9,0.0011193156242370605
3,D_latent,15,10,-0.009583115577697754
3,D_latent,15,11,-0.021185636520385742
3,D_latent,15,12,-0.03227519989013672
3,D_latent,15,13,-0.04268491268157959
3,D_latent,15,14,-0.05337822437286377
3,D_latent,15,15,-0.06255567073822021
3,D_latent,20,0,0.12621742486953735
3,D_latent,20,1,0.11437195539474487
3,D_latent,20,2,0.11094051599502563
3,D_latent,20,3,0.1052473783493042
3,D_latent,20,4,0.10000312328338623
3,D_latent,20,5,0.09140902757644653
3,D_latent,20,6,0.08269935846328735
3,D_latent,20,7,0.0755496621131897
3,D_latent,20,8,0.06603318452835083
3,D_latent,20,9,0.056889235973358154
3,D_latent,20,10,0.049866676330566406
3,D_latent,20,11,0.04055821895599365
3,D_latent,20,12,0.031085193157196045
3,D_latent,20,13,0.024329721927642822
3,D_latent,20,14,0.01591777801513672
3,D_latent,20,15,0.008653759956359863
3,D_latent,25,0,0.15933024883270264
3,D_latent,25,1,0.14217543601989746
3,D_latent,25,2,0.1359083652496338
3,D_latent,25,3,0.1262115240097046
3,D_latent,25,4,0.11648106575012207
3,D_latent,25,5,0.10854023694992065
3,D_latent,25,6,0.09881269931793213
3,D_latent,25,7,0.08934152126312256
3,D_latent,25,8,0.08118116855621338
3,D_latent,25,9,0.07240414619445801
3,D_latent,25,10,0.06409019231796265
3,D_latent,25,11,0.05532008409500122
3,D_latent,25,12,0.04651576280593872
3,D_latent,25,13,0.03871184587478638
3,D_latent,25,14,0.031478703022003174
3,D_latent,25,15,0.0247916579246521
3,D_latent,30,0,0.18293052911758423
3,D_latent,30,1,0.16956454515457153
3,D_latent,30,2,0.160688579082489
3,D_latent,30,3,0.15074241161346436
3,D_latent,30,4,0.13910645246505737
3,D_latent,30,5,0.12934941053390503
3,D_latent,30,6,0.11962670087814331
3,D_latent,30,7,0.10876226425170898
3,D_latent,30,8,0.09925961494445801
3,D_latent,30,9,0.09051024913787842
3,D_latent,30,10,0.081257164478302
3,D_latent,30,11,0.07156836986541748
3,D_latent,30,12,0.06260323524475098
3,D_latent,30,13,0.05399656295776367
3,D_latent,30,14,0.04618149995803833
3,D_latent,30,15,0.03977084159851074
3,D_latent,35,0,0.14384013414382935
3,D_latent,35,1,0.12968480587005615
3,D_latent,35,2,0.12200045585632324
3,D_latent,35,3,0.11374253034591675
3,D_latent,35,4,0.1049497127532959
3,D_latent,35,5,0.09646856784820557
3,D_latent,35,6,0.08811056613922119
3,D_latent,35,7,0.07936453819274902
3,D_latent,35,8,0.0705689787864685
3,D_latent,35,9,0.06243026256561279
3,D_latent,35,10,0.05471467971801758
3,D_latent,35,11,0.04524165391921997
3,D_latent,35,12,0.03661924600601196
3,D_latent,35,13,0.02947413921356201
3,D_latent,35,14,0.021290361881256104
3,D_latent,35,15,0.014811873435974121
3,D_latent,40,0,0.1598879098892212
3,D_latent,40,1,0.14569634199142456
3,D_latent,40,2,0.13877218961715698
3,D_latent,40,3,0.13243162631988525
3,D_latent,40,4,0.1229749321937561
3,D_latent,40,5,0.11427927017211914
3,D_latent,40,6,0.10669821500778198
3,D_latent,40,7,0.09705513715744019
3,D_latent,40,8,0.08832871913909912
3,D_latent,40,9,0.08128947019577026
3,D_latent,40,10,0.07321757078170776
3,D_latent,40,11,0.06360757350921631
3,D_latent,40,12,0.05568176507949829
3,D_latent,40,13,0.04811084270477295
3,D_latent,40,14,0.039542555809020996
3,D_latent,40,15,0.03325927257537842
3,D_latent,45,0,0.19740146398544312
3,D_latent,45,1,0.18564289808273315
3,D_latent,45,2,0.17936426401138306
3,D_latent,45,3,0.1716950535774231
3,D_latent,45,4,0.16187548637390137
3,D_latent,45,5,0.1537027359008789
3,D_latent,45,6,0.14489203691482544
3,D_latent,45,7,0.13522714376449585
3,D_latent,45,8,0.12705564498901367
3,D_latent,45,9,0.11933243274688721
3,D_latent,45,10,0.1115456223487854
3,D_latent,45,11,0.10242146253585815
3,D_latent,45,12,0.09422874450683594
3,D_latent,45,13,0.087127685546875
3,D_latent,45,14,0.07914632558822632
3,D_latent,45,15,0.07307225465774536
3,D_latent,50,0,0.1680416464805603
3,D_latent,50,1,0.15349000692367554
3,D_latent,50,2,0.14545142650604248
3,D_latent,50,3,0.13676738739013672
3,D_latent,50,4,0.12591296434402466
3,D_latent,50,5,0.1156434416770935
3,D_latent,50,6,0.10543298721313477
3,D_latent,50,7,0.09444797039031982
3,D_latent,50,8,0.08303838968276978
3,D_latent,50,9,0.07338327169418335
3,D_latent,50,10,0.06476819515228271
3,D_latent,50,11,0.052668988704681396
3,D_latent,50,12,0.04263806343078613
3,D_latent,50,13,0.03493094444274902
3,D_latent,50,14,0.024286508560180664
3,D_latent,50,15,0.016737699508666992
3,D_latent,55,0,0.11673569679260254
3,D_latent,55,1,0.10387611389160156
3,D_latent,55,2,0.09280097484588623
3,D_latent,55,3,0.08043605089187622
3,D_latent,55,4,0.06611323356628418
3,D_latent,55,5,0.05349326133728027
3,D_latent,55,6,0.04034453630447388
3,D_latent,55,7,0.026842117309570312
3,D_latent,55,8,0.014704227447509766
3,D_latent,55,9,0.0025763511657714844
3,D_latent,55,10,-0.008185029029846191
3,D_latent,55,11,-0.021453857421875
3,D_latent,55,12,-0.033721208572387695
3,D_latent,55,13,-0.04410851001739502
3,D_latent,55,14,-0.05591261386871338
3,D_latent,55,15,-0.06651806831359863
3,D_latent,60,0,0.06410104036331177
3,D_latent,60,1,0.05090510845184326
3,D_latent,60,2,0.0403064489364624
3,D_latent,60,3,0.029643535614013672
3,D_latent,60,4,0.016890764236450195
3,D_latent,60,5,0.003456294536590576
3,D_latent,60,6,-0.009183287620544434
3,D_latent,60,7,-0.022592902183532715
3,D_latent,60,8,-0.03621935844421387
3,D_latent,60,9,-0.04756128787994385
3,D_latent,60,10,-0.05791950225830078
3,D_latent,60,11,-0.07152926921844482
3,D_latent,60,12,-0.08265459537506104
3,D_latent,60,13,-0.09225726127624512
3,D_latent,60,14,-0.10457360744476318
3,D_latent,60,15,-0.11331605911254883
3,D_latent,65,0,0.08392584323883057
3,D_latent,65,1,0.06255090236663818
3,D_latent,65,2,0.045637547969818115
3,D_latent,65,3,0.02867758274078369
3,D_latent,65,4,0.010021746158599854
3,D_latent,65,5,-0.006800651550292969
3,D_latent,65,6,-0.024019598960876465
3,D_latent,65,7,-0.042578816413879395
3,D_latent,65,8,-0.05921518802642822
3,D_latent,65,9,-0.0759803056716919
3,D_latent,65,10,-0.09273719787597656
3,D_latent,65,11,-0.11043107509613037
3,D_latent,65,12,-0.12686991691589355
3,D_latent,65,13,-0.14289486408233643
3,D_latent,65,14,-0.1590421199798584
3,D_latent,65,15,-0.17396032810211182
3,D_latent,70,0,0.0525088906288147
3,D_latent,70,1,0.03460651636123657
3,D_latent,70,2,0.016345083713531494
3,D_latent,70,3,-0.005225419998168945
3,D_latent,70,4,-0.024685978889465332
3,D_latent,70,5,-0.04264974594116211
3,D_latent,70,6,-0.062448859214782715
3,D_latent,70,7,-0.08030581474304199
3,D_latent,70,8,-0.09742081165313721
3,D_latent,70,9,-0.11449909210205078
3,D_latent,70,10,-0.12827765941619873
3,D_latent,70,11,-0.14517486095428467
3,D_latent,70,12,-0.16209208965301514
3,D_latent,70,13,-0.17533814907073975
3,D_latent,70,14,-0.1919018030166626
3,D_latent,70,15,-0.20828557014465332
3,D_latent,75,0,0.07160085439682007
3,D_latent,75,1,0.05389279127120972
3,D_latent,75,2,0.03777951002120972
3,D_latent,75,3,0.02010434865951538
3,D_latent,75,4,0.002677619457244873
3,D_latent,75,5,-0.013132691383361816
3,D_latent,75,6,-0.030681133270263672
3,D_latent,75,7,-0.0485532283782959
3,D_latent,75,8,-0.06543636322021484
3,D_latent,75,9,-0.08083736896514893
3,D_latent,75,10,-0.0959007740020752
3,D_latent,75,11,-0.11403179168701172
3,D_latent,75,12,-0.13063430786132812
3,D_latent,75,13,-0.14645040035247803
3,D_latent,75,14,-0.16441524028778076
3,D_latent,75,15,-0.17990827560424805
3,D_latent,80,0,0.08153796195983887
3,D_latent,80,1,0.06543862819671631
3,D_latent,80,2,0.04713517427444458
3,D_latent,80,3,0.028780221939086914
3,D_latent,80,4,0.012504279613494873
3,D_latent,80,5,-0.004910826683044434
3,D_latent,80,6,-0.023302912712097168
3,D_latent,80,7,-0.04012465476989746
3,D_latent,80,8,-0.05987143516540527
3,D_latent,80,9,-0.07872438430786133
3,D_latent,80,10,-0.09413790702819824
3,D_latent,80,11,-0.11760222911834717
3,D_latent,80,12,-0.1397538185119629
3,D_latent,80,13,-0.157434344291687
3,D_latent,80,14,-0.18012142181396484
3,D_latent,80,15,-0.20053565502166748
3,D_latent,85,0,-0.04217410087585449
3,D_latent,85,1,-0.06297791004180908
3,D_latent,85,2,-0.08585751056671143
3,D_latent,85,3,-0.10922741889953613
3,D_latent,85,4,-0.1301279067993164
3,D_latent,85,5,-0.15213477611541748
3,D_latent,85,6,-0.1735013723373413
3,D_latent,85,7,-0.19183135032653809
3,D_latent,85,8,-0.21224606037139893
3,D_latent,85,9,-0.23041951656341553
3,D_latent,85,10,-0.24406194686889648
3,D_latent,85,11,-0.26449310779571533
3,D_latent,85,12,-0.28206706047058105
3,D_latent,85,13,-0.2938903570175171
3,D_latent,85,14,-0.3110746145248413
3,D_latent,85,15,-0.3257099390029907
3,D_latent,90,0,0.007667064666748047
3,D_latent,90,1,-0.007699012756347656
3,D_latent,90,2,-0.02725851535797119
3,D_latent,90,3,-0.048398494720458984
3,D_latent,90,4,-0.06976377964019775
3,D_latent,90,5,-0.08886444568634033
3,D_latent,90,6,-0.10924363136291504
3,D_latent,90,7,-0.13014984130859375
3,D_latent,90,8,-0.15004050731658936
3,D_latent,90,9,-0.16976439952850342
3,D_latent,90,10,-0.18654215335845947
3,D_latent,90,11,-0.2057715654373169
3,D_latent,90,12,-0.2245117425918579
3,D_latent,90,13,-0.23972535133361816
3,D_latent,90,14,-0.25770366191864014
3,D_latent,90,15,-0.27501988410949707
3,D_latent,95,0,-0.006051063537597656
3,D_latent,95,1,-0.0208817720413208
3,D_latent,95,2,-0.04173123836517334
3,D_latent,95,3,-0.06711280345916748
3,D_latent,95,4,-0.08848845958709717
3,D_latent,95,5,-0.1100318431854248
3,D_latent,95,6,-0.13380491733551025
3,D_latent,95,7,-0.15344786643981934
3,D_latent,95,8,-0.17535221576690674
3,D_latent,95,9,-0.19700288772583008
3,D_latent,95,10,-0.21196579933166504
3,D_latent,95,11,-0.23164772987365723
3,D_latent,95,12,-0.2513636350631714
3,D_latent,95,13,-0.2655935287475586
3,D_latent,95,14,-0.2825047969818115
3,D_latent,95,15,-0.30104923248291016
3,D_latent,100,0,0.1468578577041626
3,D_latent,100,1,0.13201189041137695
3,D_latent,100,2,0.11344349384307861
3,D_latent,100,3,0.09358108043670654
3,D_latent,100,4,0.07584667205810547
3,D_latent,100,5,0.0594172477722168
3,D_latent,100,6,0.04132091999053955
3,D_latent,100,7,0.025357067584991455
3,D_latent,100,8,0.00900799036026001
3,D_latent,100,9,-0.006549954414367676
3,D_latent,100,10,-0.018203377723693848
3,D_latent,100,11,-0.03336811065673828
3,D_latent,100,12,-0.04800879955291748
3,D_latent,100,13,-0.05949246883392334
3,D_latent,100,14,-0.07330894470214844
3,D_latent,100,15,-0.08680093288421631
3,D_latent,105,0,-0.054479122161865234
3,D_latent,105,1,-0.07184064388275146
3,D_latent,105,2,-0.09226071834564209
3,D_latent,105,3,-0.11598789691925049
3,D_latent,105,4,-0.13752388954162598
3,D_latent,105,5,-0.15695595741271973
3,D_latent,105,6,-0.17837309837341309
3,D_latent,105,7,-0.19667422771453857
3,D_latent,105,8,-0.2148723602294922
3,D_latent,105,9,-0.23196923732757568
3,D_latent,105,10,-0.24687814712524414
3,D_latent,105,11,-0.2642248868942261
3,D_latent,105,12,-0.28045737743377686
3,D_latent,105,13,-0.29438936710357666
3,D_latent,105,14,-0.30829906463623047
3,D_latent,105,15,-0.3223109245300293
3,D_latent,110,0,-0.0005229711532592773
3,D_latent,110,1,-0.016707181930541992
3,D_latent,110,2,-0.03568089008331299
3,D_latent,110,3,-0.05811583995819092
3,D_latent,110,4,-0.07977330684661865
3,D_latent,110,5,-0.0979241132736206
3,D_latent,110,6,-0.11747193336486816
3,D_latent,110,7,-0.13659155368804932
3,D_latent,110,8,-0.15398013591766357
3,D_latent,110,9,-0.16941845417022705
3,D_latent,110,10,-0.1839057207107544
3,D_latent,110,11,-0.20040130615234375
3,D_latent,110,12,-0.21404290199279785
3,D_latent,110,13,-0.22755300998687744
3,D_latent,110,14,-0.24120330810546875
3,D_latent,110,15,-0.25253868103027344
3,D_latent,115,0,0.056133389472961426
3,D_latent,115,1,0.0396655797958374
3,D_latent,115,2,0.021753013134002686
3,D_latent,115,3,0.0001589059829711914
3,D_latent,115,4,-0.022304892539978027
3,D_latent,115,5,-0.041097164154052734
3,D_latent,115,6,-0.06199836730957031
3,D_latent,115,7,-0.08344948291778564
3,D_latent,115,8,-0.10347819328308105
3,D_latent,115,9,-0.12273383140563965
3,D_latent,115,10,-0.13991355895996094
3,D_latent,115,11,-0.15896892547607422
3,D_latent,115,12,-0.17710161209106445
3,D_latent,115,13,-0.19306182861328125
3,D_latent,115,14,-0.20994770526885986
3,D_latent,115,15,-0.225774884223938
3,D_latent,120,0,0.031740665435791016
3,D_latent,120,1,0.014354467391967773
3,D_latent,120,2,-0.005604267120361328
3,D_latent,120,3,-0.028820157051086426
3,D_latent,120,4,-0.05130267143249512
3,D_latent,120,5,-0.07240617275238037
3,D_latent,120,6,-0.09437346458435059
3,D_latent,120,7,-0.1155632734298706
3,D_latent,120,8,-0.13700449466705322
3,D_latent,120,9,-0.1568007469177246
3,D_latent,120,10,-0.17371892929077148
3,D_latent,120,11,-0.1944488286972046
3,D_latent,120,12,-0.21260583400726318
3,D_latent,120,13,-0.22739267349243164
3,D_latent,120,14,-0.2452690601348877
3,D_latent,120,15,-0.2613496780395508
3,B_task_nopark,1,0,-0.14844751358032227
3,B_task_nopark,1,1,-0.16564631462097168
3,B_task_nopark,1,2,-0.18355834484100342
3,B_task_nopark,1,3,-0.20206868648529053
3,B_task_nopark,1,4,-0.22108519077301025
3,B_task_nopark,1,5,-0.2403322458267212
3,B_task_nopark,1,6,-0.25957679748535156
3,B_task_nopark,1,7,-0.27869606018066406
3,B_task_nopark,1,8,-0.2973536252975464
3,B_task_nopark,1,9,-0.3154791593551636
3,B_task_nopark,1,10,-0.33330416679382324
3,B_task_nopark,1,11,-0.35056066513061523
3,B_task_nopark,1,12,-0.36701536178588867
3,B_task_nopark,1,13,-0.3827340602874756
3,B_task_nopark,1,14,-0.3973846435546875
3,B_task_nopark,1,15,-0.4108346700668335
3,B_task_nopark,5,0,-0.15291428565979004
3,B_task_nopark,5,1,-0.16625630855560303
3,B_task_nopark,5,2,-0.1810835599899292
3,B_task_nopark,5,3,-0.19711768627166748
3,B_task_nopark,5,4,-0.21419453620910645
3,B_task_nopark,5,5,-0.23190569877624512
3,B_task_nopark,5,6,-0.2499455213546753
3,B_task_nopark,5,7,-0.2681753635406494
3,B_task_nopark,5,8,-0.28616440296173096
3,B_task_nopark,5,9,-0.30381202697753906
3,B_task_nopark,5,10,-0.3214089870452881
3,B_task_nopark,5,11,-0.33860301971435547
3,B_task_nopark,5,12,-0.3551180362701416
3,B_task_nopark,5,13,-0.37105536460876465
3,B_task_nopark,5,14,-0.38601362705230713
3,B_task_nopark,5,15,-0.39982151985168457
3,B_task_nopark,10,0,-0.1679978370666504
3,B_task_nopark,10,1,-0.16043555736541748
3,B_task_nopark,10,2,-0.15956294536590576
3,B_task_nopark,10,3,-0.16402971744537354
3,B_task_nopark,10,4,-0.17133021354675293
3,B_task_nopark,10,5,-0.18138766288757324
3,B_task_nopark,10,6,-0.1937847137451172
3,B_task_nopark,10,7,-0.20649075508117676
3,B_task_nopark,10,8,-0.22000598907470703
3,B_task_nopark,10,9,-0.23444175720214844
3,B_task_nopark,10,10,-0.2481839656829834
3,B_task_nopark,10,11,-0.26222312450408936
3,B_task_nopark,10,12,-0.2764793634414673
3,B_task_nopark,10,13,-0.28933966159820557
3,B_task_nopark,10,14,-0.3017534017562866
3,B_task_nopark,10,15,-0.3135843276977539
3,B_task_nopark,15,0,-0.060593605041503906
3,B_task_nopark,15,1,-0.037230849266052246
3,B_task_nopark,15,2,-0.027802467346191406
3,B_task_nopark,15,3,-0.025069236755371094
3,B_task_nopark,15,4,-0.027779102325439453
3,B_task_nopark,15,5,-0.034430623054504395
3,B_task_nopark,15,6,-0.04279947280883789
3,B_task_nopark,15,7,-0.05276477336883545
3,B_task_nopark,15,8,-0.0634385347366333
3,B_task_nopark,15,9,-0.07404005527496338
3,B_task_nopark,15,10,-0.08537447452545166
3,B_task_nopark,15,11,-0.0967479944229126
3,B_task_nopark,15,12,-0.10740530490875244
3,B_task_nopark,15,13,-0.11797869205474854
3,B_task_nopark,15,14,-0.12794554233551025
3,B_task_nopark,15,15,-0.13631021976470947
3,B_task_nopark,20,0,-0.07469785213470459
3,B_task_nopark,20,1,-0.07496786117553711
3,B_task_nopark,20,2,-0.07840418815612793
3,B_task_nopark,20,3,-0.08433866500854492
3,B_task_nopark,20,4,-0.09214448928833008
3,B_task_nopark,20,5,-0.10006821155548096
3,B_task_nopark,20,6,-0.10834074020385742
3,B_task_nopark,20,7,-0.11717987060546875
3,B_task_nopark,20,8,-0.12522459030151367
3,B_task_nopark,20,9,-0.13263678550720215
3,B_task_nopark,20,10,-0.14042925834655762
3,B_task_nopark,20,11,-0.14794588088989258
3,B_task_nopark,20,12,-0.15424895286560059
3,B_task_nopark,20,13,-0.16063082218170166
3,B_task_nopark,20,14,-0.16597557067871094
3,B_task_nopark,20,15,-0.16944098472595215
3,B_task_nopark,25,0,0.5803289413452148
3,B_task_nopark,25,1,0.56862473487854
3,B_task_nopark,25,2,0.5582512617111206
3,B_task_nopark,25,3,0.5459284782409668
3,B_task_nopark,25,4,0.5327028036117554
3,B_task_nopark,25,5,0.520052433013916
3,B_task_nopark,25,6,0.5068715810775757
3,B_task_nopark,25,7,0.49419963359832764
3,B_task_nopark,25,8,0.48258012533187866
3,B_task_nopark,25,9,0.47151458263397217
3,B_task_nopark,25,10,0.46097487211227417
3,B_task_nopark,25,11,0.45078426599502563
3,B_task_nopark,25,12,0.44178420305252075
3,B_task_nopark,25,13,0.4337698817253113
3,B_task_nopark,25,14,0.42631810903549194
3,B_task_nopark,25,15,0.42024219036102295
3,B_task_nopark,30,0,0.7644827365875244
3,B_task_nopark,30,1,0.7610101699829102
3,B_task_nopark,30,2,0.7532026171684265
3,B_task_nopark,30,3,0.7434439659118652
3,B_task_nopark,30,4,0.7320864796638489
3,B_task_nopark,30,5,0.7200130224227905
3,B_task_nopark,30,6,0.7077392935752869
3,B_task_nopark,30,7,0.6957027912139893
3,B_task_nopark,30,8,0.6843554973602295
3,B_task_nopark,30,9,0.6737737655639648
3,B_task_nopark,30,10,0.6637506484985352
3,B_task_nopark,30,11,0.6538921594619751
3,B_task_nopark,30,12,0.6453649997711182
3,B_task_nopark,30,13,0.6377147436141968
3,B_task_nopark,30,14,0.6304638385772705
3,B_task_nopark,30,15,0.6246432065963745
3,B_task_nopark,35,0,0.8107422590255737
3,B_task_nopark,35,1,0.803046464920044
3,B_task_nopark,35,2,0.7940503358840942
3,B_task_nopark,35,3,0.7839129567146301
3,B_task_nopark,35,4,0.773193359375
3,B_task_nopark,35,5,0.7620380520820618
3,B_task_nopark,35,6,0.7512157559394836
3,B_task_nopark,35,7,0.7411335706710815
3,B_task_nopark,35,8,0.7316336631774902
3,B_task_nopark,35,9,0.7227779626846313
3,B_task_nopark,35,10,0.7144285440444946
3,B_task_nopark,35,11,0.7059891819953918
3,B_task_nopark,35,12,0.6980727910995483
3,B_task_nopark,35,13,0.6903804540634155
3,B_task_nopark,35,14,0.6829128861427307
3,B_task_nopark,35,15,0.6763017773628235
3,B_task_nopark,40,0,0.8508873581886292
3,B_task_nopark,40,1,0.8406352996826172
3,B_task_nopark,40,2,0.8311813473701477
3,B_task_nopark,40,3,0.8209585547447205
3,B_task_nopark,40,4,0.8099650144577026
3,B_task_nopark,40,5,0.7983302474021912
3,B_task_nopark,40,6,0.7869871854782104
3,B_task_nopark,40,7,0.775934636592865
3,B_task_nopark,40,8,0.7652535438537598
3,B_task_nopark,40,9,0.7550613880157471
3,B_task_nopark,40,10,0.7449661493301392
3,B_task_nopark,40,11,0.7347965836524963
3,B_task_nopark,40,12,0.7251845598220825
3,B_task_nopark,40,13,0.7155623435974121
3,B_task_nopark,40,14,0.7060995101928711
3,B_task_nopark,40,15,0.6975771188735962
3,B_task_nopark,45,0,0.8360018134117126
3,B_task_nopark,45,1,0.8233426809310913
3,B_task_nopark,45,2,0.8129627704620361
3,B_task_nopark,45,3,0.8017083406448364
3,B_task_nopark,45,4,0.7895639538764954
3,B_task_nopark,45,5,0.7767394781112671
3,B_task_nopark,45,6,0.7643072009086609
3,B_task_nopark,45,7,0.7523627281188965
3,B_task_nopark,45,8,0.7411888837814331
3,B_task_nopark,45,9,0.730501115322113
3,B_task_nopark,45,10,0.7201226949691772
3,B_task_nopark,45,11,0.7099179029464722
3,B_task_nopark,45,12,0.6999326944351196
3,B_task_nopark,45,13,0.6898518800735474
3,B_task_nopark,45,14,0.6798266172409058
3,B_task_nopark,45,15,0.6706070899963379
3,B_task_nopark,50,0,0.844840407371521
3,B_task_nopark,50,1,0.8307958245277405
3,B_task_nopark,50,2,0.8212423324584961
3,B_task_nopark,50,3,0.8109226226806641
3,B_task_nopark,50,4,0.7993302345275879
3,B_task_nopark,50,5,0.7868971824645996
3,B_task_nopark,50,6,0.7746492624282837
3,B_task_nopark,50,7,0.7626146078109741
3,B_task_nopark,50,8,0.7512258887290955
3,B_task_nopark,50,9,0.7403814196586609
3,B_task_nopark,50,10,0.7298639416694641
3,B_task_nopark,50,11,0.7194552421569824
3,B_task_nopark,50,12,0.7094364166259766
3,B_task_nopark,50,13,0.6993109583854675
3,B_task_nopark,50,14,0.689302921295166
3,B_task_nopark,50,15,0.6800236701965332
3,B_task_nopark,55,0,0.8227941989898682
3,B_task_nopark,55,1,0.8098839521408081
3,B_task_nopark,55,2,0.8017664551734924
3,B_task_nopark,55,3,0.7932072281837463
3,B_task_nopark,55,4,0.7838107943534851
3,B_task_nopark,55,5,0.7738950252532959
3,B_task_nopark,55,6,0.7643566727638245
3,B_task_nopark,55,7,0.7553235292434692
3,B_task_nopark,55,8,0.74703049659729
3,B_task_nopark,55,9,0.7392590045928955
3,B_task_nopark,55,10,0.7319844961166382
3,B_task_nopark,55,11,0.724830150604248
3,B_task_nopark,55,12,0.7178900241851807
3,B_task_nopark,55,13,0.710922122001648
3,B_task_nopark,55,14,0.7038401365280151
3,B_task_nopark,55,15,0.6972517967224121
3,B_task_nopark,60,0,0.8423473834991455
3,B_task_nopark,60,1,0.8280754089355469
3,B_task_nopark,60,2,0.8170933723449707
3,B_task_nopark,60,3,0.8055877089500427
3,B_task_nopark,60,4,0.7932149767875671
3,B_task_nopark,60,5,0.780540943145752
3,B_task_nopark,60,6,0.7682163119316101
3,B_task_nopark,60,7,0.7562957406044006
3,B_task_nopark,60,8,0.7453099489212036
3,B_task_nopark,60,9,0.7348780632019043
3,B_task_nopark,60,10,0.7248613834381104
3,B_task_nopark,60,11,0.7151281833648682
3,B_task_nopark,60,12,0.7056723833084106
3,B_task_nopark,60,13,0.6962931156158447
3,B_task_nopark,60,14,0.6870710849761963
3,B_task_nopark,60,15,0.6787338256835938
3,D_latent_nopark,1,0,-0.2127901315689087
3,D_latent_nopark,1,1,-0.22817599773406982
3,D_latent_nopark,1,2,-0.24434340000152588
3,D_latent_nopark,1,3,-0.26115429401397705
3,D_latent_nopark,1,4,-0.2784922122955322
3,D_latent_nopark,1,5,-0.2960929870605469
3,D_latent_nopark,1,6,-0.31370973587036133
3,D_latent_nopark,1,7,-0.3312019109725952
3,D_latent_nopark,1,8,-0.34826672077178955
3,D_latent_nopark,1,9,-0.36481809616088867
3,D_latent_nopark,1,10,-0.3810628652572632
3,D_latent_nopark,1,11,-0.3967636823654175
3,D_latent_nopark,1,12,-0.411690354347229
3,D_latent_nopark,1,13,-0.42588770389556885
3,D_latent_nopark,1,14,-0.4390435218811035
3,D_latent_nopark,1,15,-0.45103883743286133
3,D_latent_nopark,5,0,-0.13380861282348633
3,D_latent_nopark,5,1,-0.1487802267074585
3,D_latent_nopark,5,2,-0.16518676280975342
3,D_latent_nopark,5,3,-0.18273651599884033
3,D_latent_nopark,5,4,-0.2012171745300293
3,D_latent_nopark,5,5,-0.22021591663360596
3,D_latent_nopark,5,6,-0.2394702434539795
3,D_latent_nopark,5,7,-0.25880634784698486
3,D_latent_nopark,5,8,-0.27779674530029297
3,D_latent_nopark,5,9,-0.2963848114013672
3,D_latent_nopark,5,10,-0.3148297071456909
3,D_latent_nopark,5,11,-0.3328026533126831
3,D_latent_nopark,5,12,-0.35004281997680664
3,D_latent_nopark,5,13,-0.36663818359375
3,D_latent_nopark,5,14,-0.38219499588012695
3,D_latent_nopark,5,15,-0.39657270908355713
3,D_latent_nopark,10,0,-0.14907121658325195
3,D_latent_nopark,10,1,-0.15757489204406738
3,D_latent_nopark,10,2,-0.1698012351989746
3,D_latent_nopark,10,3,-0.18451011180877686
3,D_latent_nopark,10,4,-0.20100927352905273
3,D_latent_nopark,10,5,-0.21865534782409668
3,D_latent_nopark,10,6,-0.2369530200958252
3,D_latent_nopark,10,7,-0.2556118965148926
3,D_latent_nopark,10,8,-0.274164080619812
3,D_latent_nopark,10,9,-0.2924625873565674
3,D_latent_nopark,10,10,-0.3107290267944336
3,D_latent_nopark,10,11,-0.32863712310791016
3,D_latent_nopark,10,12,-0.3458815813064575
3,D_latent_nopark,10,13,-0.3625197410583496
3,D_latent_nopark,10,14,-0.37818098068237305
3,D_latent_nopark,10,15,-0.39268815517425537
3,D_latent_nopark,15,0,-0.19239282608032227
3,D_latent_nopark,15,1,-0.19715631008148193
3,D_latent_nopark,15,2,-0.20655441284179688
3,D_latent_nopark,15,3,-0.2189701795578003
3,D_latent_nopark,15,4,-0.23355889320373535
3,D_latent_nopark,15,5,-0.24953460693359375
3,D_latent_nopark,15,6,-0.26628780364990234
3,D_latent_nopark,15,7,-0.28355133533477783
3,D_latent_nopark,15,8,-0.3007645606994629
3,D_latent_nopark,15,9,-0.31776726245880127
3,D_latent_nopark,15,10,-0.3348475694656372
3,D_latent_nopark,15,11,-0.3515970706939697
3,D_latent_nopark,15,12,-0.36769700050354004
3,D_latent_nopark,15,13,-0.3832815885543823
3,D_latent_nopark,15,14,-0.3978809118270874
3,D_latent_nopark,15,15,-0.4113351106643677
3,D_latent_nopark,20,0,-0.15925002098083496
3,D_latent_nopark,20,1,-0.15069043636322021
3,D_latent_nopark,20,2,-0.15135574340820312
3,D_latent_nopark,20,3,-0.1577376127243042
3,D_latent_nopark,20,4,-0.1670215129852295
3,D_latent_nopark,20,5,-0.17830431461334229
3,D_latent_nopark,20,6,-0.19126975536346436
3,D_latent_nopark,20,7,-0.20468878746032715
3,D_latent_nopark,20,8,-0.21806025505065918
3,D_latent_nopark,20,9,-0.2319880723953247
3,D_latent_nopark,20,10,-0.24591290950775146
3,D_latent_nopark,20,11,-0.2594273090362549
3,D_latent_nopark,20,12,-0.27286839485168457
3,D_latent_nopark,20,13,-0.28574907779693604
3,D_latent_nopark,20,14,-0.29743504524230957
3,D_latent_nopark,20,15,-0.30842745304107666
3,D_latent_nopark,25,0,-0.017643451690673828
3,D_latent_nopark,25,1,-0.016475796699523926
3,D_latent_nopark,25,2,-0.016564130783081055
3,D_latent_nopark,25,3,-0.019366145133972168
3,D_latent_nopark,25,4,-0.02601492404937744
3,D_latent_nopark,25,5,-0.03332531452178955
3,D_latent_nopark,25,6,-0.04114937782287598
3,D_latent_nopark,25,7,-0.05113780498504639
3,D_latent_nopark,25,8,-0.06022453308105469
3,D_latent_nopark,25,9,-0.06899237632751465
3,D_latent_nopark,25,10,-0.07966482639312744
3,D_latent_nopark,25,11,-0.08962702751159668
3,D_latent_nopark,25,12,-0.09853589534759521
3,D_latent_nopark,25,13,-0.10838782787322998
3,D_latent_nopark,25,14,-0.11706662178039551
3,D_latent_nopark,25,15,-0.12430870532989502
3,D_latent_nopark,30,0,-0.0001786947250366211
3,D_latent_nopark,30,1,-0.008942127227783203
3,D_latent_nopark,30,2,-0.01479494571685791
3,D_latent_nopark,30,3,-0.019354939460754395
3,D_latent_nopark,30,4,-0.02711653709411621
3,D_latent_nopark,30,5,-0.0363154411315918
3,D_latent_nopark,30,6,-0.043871164321899414
3,D_latent_nopark,30,7,-0.05318737030029297
3,D_latent_nopark,30,8,-0.06258761882781982
3,D_latent_nopark,30,9,-0.07064199447631836
3,D_latent_nopark,30,10,-0.07990157604217529
3,D_latent_nopark,30,11,-0.0890418291091919
3,D_latent_nopark,30,12,-0.0971527099609375
3,D_latent_nopark,30,13,-0.10521626472473145
3,D_latent_nopark,30,14,-0.11265599727630615
3,D_latent_nopark,30,15,-0.11871480941772461
3,D_latent_nopark,35,0,0.614609956741333
3,D_latent_nopark,35,1,0.6151772737503052
3,D_latent_nopark,35,2,0.6192626953125
3,D_latent_nopark,35,3,0.621123194694519
3,D_latent_nopark,35,4,0.619313657283783
3,D_latent_nopark,35,5,0.6151443123817444
3,D_latent_nopark,35,6,0.6099709272384644
3,D_latent_nopark,35,7,0.602874219417572
3,D_latent_nopark,35,8,0.5949081182479858
3,D_latent_nopark,35,9,0.5871085524559021
3,D_latent_nopark,35,10,0.5776486396789551
3,D_latent_nopark,35,11,0.5674335956573486
3,D_latent_nopark,35,12,0.5578312277793884
3,D_latent_nopark,35,13,0.5477256774902344
3,D_latent_nopark,35,14,0.5375334024429321
3,D_latent_nopark,35,15,0.5284866094589233
3,D_latent_nopark,40,0,0.7618807554244995
3,D_latent_nopark,40,1,0.753736138343811
3,D_latent_nopark,40,2,0.7512530088424683
3,D_latent_nopark,40,3,0.7492226362228394
3,D_latent_nopark,40,4,0.7469017505645752
3,D_latent_nopark,40,5,0.7445665597915649
3,D_latent_nopark,40,6,0.7427022457122803
3,D_latent_nopark,40,7,0.7409518361091614
3,D_latent_nopark,40,8,0.7393253445625305
3,D_latent_nopark,40,9,0.737932562828064
3,D_latent_nopark,40,10,0.7356828451156616
3,D_latent_nopark,40,11,0.7326781153678894
3,D_latent_nopark,40,12,0.7295335531234741
3,D_latent_nopark,40,13,0.7255849838256836
3,D_latent_nopark,40,14,0.7211635112762451
3,D_latent_nopark,40,15,0.716681182384491
3,D_latent_nopark,45,0,0.7925703525543213
3,D_latent_nopark,45,1,0.7775886654853821
3,D_latent_nopark,45,2,0.7718315124511719
3,D_latent_nopark,45,3,0.7667410373687744
3,D_latent_nopark,45,4,0.7613998651504517
3,D_latent_nopark,45,5,0.7564281225204468
3,D_latent_nopark,45,6,0.7515082359313965
3,D_latent_nopark,45,7,0.7466049194335938
3,D_latent_nopark,45,8,0.7421427965164185
3,D_latent_nopark,45,9,0.7376832962036133
3,D_latent_nopark,45,10,0.7326744198799133
3,D_latent_nopark,45,11,0.7275477051734924
3,D_latent_nopark,45,12,0.7221826314926147
3,D_latent_nopark,45,13,0.7163270711898804
3,D_latent_nopark,45,14,0.7104986310005188
3,D_latent_nopark,45,15,0.7044002413749695
3,D_latent_nopark,50,0,0.812224268913269
3,D_latent_nopark,50,1,0.7981144785881042
3,D_latent_nopark,50,2,0.793053925037384
3,D_latent_nopark,50,3,0.7885321378707886
3,D_latent_nopark,50,4,0.7834659814834595
3,D_latent_nopark,50,5,0.7785952091217041
3,D_latent_nopark,50,6,0.7737573385238647
3,D_latent_nopark,50,7,0.768794596195221
3,D_latent_nopark,50,8,0.7642906904220581
3,D_latent_nopark,50,9,0.7599611878395081
3,D_latent_nopark,50,10,0.7550519108772278
3,D_latent_nopark,50,11,0.7500902414321899
3,D_latent_nopark,50,12,0.7451688051223755
3,D_latent_nopark,50,13,0.7396571040153503
3,D_latent_nopark,50,14,0.7342175245285034
3,D_latent_nopark,50,15,0.7285711765289307
3,D_latent_nopark,55,0,0.8400843143463135
3,D_latent_nopark,55,1,0.8252342939376831
3,D_latent_nopark,55,2,0.8193496465682983
3,D_latent_nopark,55,3,0.8139544129371643
3,D_latent_nopark,55,4,0.8081091046333313
3,D_latent_nopark,55,5,0.8023555874824524
3,D_latent_nopark,55,6,0.7965051531791687
3,D_latent_nopark,55,7,0.7905678153038025
3,D_latent_nopark,55,8,0.7850155830383301
3,D_latent_nopark,55,9,0.7796391844749451
3,D_latent_nopark,55,10,0.7738122344017029
3,D_latent_nopark,55,11,0.7680220603942871
3,D_latent_nopark,55,12,0.7623919248580933
3,D_latent_nopark,55,13,0.7563489079475403
3,D_latent_nopark,55,14,0.7503181099891663
3,D_latent_nopark,55,15,0.7443658113479614
3,D_latent_nopark,60,0,0.8490296602249146
3,D_latent_nopark,60,1,0.8348102569580078
3,D_latent_nopark,60,2,0.8298105001449585
3,D_latent_nopark,60,3,0.8247993588447571
3,D_latent_nopark,60,4,0.8191448450088501
3,D_latent_nopark,60,5,0.813445508480072
3,D_latent_nopark,60,6,0.8071507215499878
3,D_latent_nopark,60,7,0.8008612394332886
3,D_latent_nopark,60,8,0.7949862480163574
3,D_latent_nopark,60,9,0.7888112664222717
3,D_latent_nopark,60,10,0.7823081612586975
3,D_latent_nopark,60,11,0.7758131623268127
3,D_latent_nopark,60,12,0.7691009044647217
3,D_latent_nopark,60,13,0.7620487213134766
3,D_latent_nopark,60,14,0.7549171447753906
3,D_latent_nopark,60,15,0.7473260164260864
3,D_latent_nopark,65,0,0.8524980545043945
3,D_latent_nopark,65,1,0.8386377692222595
3,D_latent_nopark,65,2,0.8339847326278687
3,D_latent_nopark,65,3,0.829336404800415
3,D_latent_nopark,65,4,0.824247419834137
3,D_latent_nopark,65,5,0.8191338181495667
3,D_latent_nopark,65,6,0.8132992386817932
3,D_latent_nopark,65,7,0.8074114322662354
3,D_latent_nopark,65,8,0.8018522262573242
3,D_latent_nopark,65,9,0.7958554625511169
3,D_latent_nopark,65,10,0.7896266579627991
3,D_latent_nopark,65,11,0.7832702994346619
3,D_latent_nopark,65,12,0.7766926884651184
3,D_latent_nopark,65,13,0.7699946165084839
3,D_latent_nopark,65,14,0.7632468938827515
3,D_latent_nopark,65,15,0.7563018798828125
3,D_latent_nopark,70,0,0.8249280452728271
3,D_latent_nopark,70,1,0.8097041249275208
3,D_latent_nopark,70,2,0.8046895265579224
3,D_latent_nopark,70,3,0.8003415465354919
3,D_latent_nopark,70,4,0.7961457967758179
3,D_latent_nopark,70,5,0.792350172996521
3,D_latent_nopark,70,6,0.7879209518432617
3,D_latent_nopark,70,7,0.7836388349533081
3,D_latent_nopark,70,8,0.7797724008560181
3,D_latent_nopark,70,9,0.7754601836204529
3,D_latent_nopark,70,10,0.7709596157073975
3,D_latent_nopark,70,11,0.7664089202880859
3,D_latent_nopark,70,12,0.7615832090377808
3,D_latent_nopark,70,13,0.7566735744476318
3,D_latent_nopark,70,14,0.7517601847648621
3,D_latent_nopark,70,15,0.7466145753860474
3,D_latent_nopark,75,0,0.8467721939086914
3,D_latent_nopark,75,1,0.8343009948730469
3,D_latent_nopark,75,2,0.830173671245575
3,D_latent_nopark,75,3,0.8258597254753113
3,D_latent_nopark,75,4,0.8213582038879395
3,D_latent_nopark,75,5,0.8168686628341675
3,D_latent_nopark,75,6,0.8113809823989868
3,D_latent_nopark,75,7,0.8058953285217285
3,D_latent_nopark,75,8,0.8006914854049683
3,D_latent_nopark,75,9,0.7947298288345337
3,D_latent_nopark,75,10,0.7885962724685669
3,D_latent_nopark,75,11,0.7823061347007751
3,D_latent_nopark,75,12,0.7754825353622437
3,D_latent_nopark,75,13,0.7686256766319275
3,D_latent_nopark,75,14,0.7617142200469971
3,D_latent_nopark,75,15,0.7544152736663818
3,D_latent_nopark,80,0,0.8621742725372314
3,D_latent_nopark,80,1,0.8503502607345581
3,D_latent_nopark,80,2,0.845956563949585
3,D_latent_nopark,80,3,0.8413469791412354
3,D_latent_nopark,80,4,0.8364695310592651
3,D_latent_nopark,80,5,0.8316802382469177
3,D_latent_nopark,80,6,0.8260810375213623
3,D_latent_nopark,80,7,0.8203384280204773
3,D_latent_nopark,80,8,0.8148722052574158
3,D_latent_nopark,80,9,0.8088081479072571
3,D_latent_nopark,80,10,0.8024489879608154
3,D_latent_nopark,80,11,0.7960780262947083
3,D_latent_nopark,80,12,0.7893964648246765
3,D_latent_nopark,80,13,0.782504677772522
3,D_latent_nopark,80,14,0.7756252884864807
3,D_latent_nopark,80,15,0.7685716152191162
3,D_latent_nopark,85,0,0.8385521173477173
3,D_latent_nopark,85,1,0.8256313800811768
3,D_latent_nopark,85,2,0.8203582763671875
3,D_latent_nopark,85,3,0.814895510673523
3,D_latent_nopark,85,4,0.8095613121986389
3,D_latent_nopark,85,5,0.8047648668289185
3,D_latent_nopark,85,6,0.7993330955505371
3,D_latent_nopark,85,7,0.7939470410346985
3,D_latent_nopark,85,8,0.789044976234436
3,D_latent_nopark,85,9,0.7834947109222412
3,D_latent_nopark,85,10,0.7776931524276733
3,D_latent_nopark,85,11,0.7718806266784668
3,D_latent_nopark,85,12,0.7657662630081177
3,D_latent_nopark,85,13,0.7594959735870361
3,D_latent_nopark,85,14,0.7534918785095215
3,D_latent_nopark,85,15,0.7475178241729736
3,D_latent_nopark,90,0,0.873838484287262
3,D_latent_nopark,90,1,0.8646344542503357
3,D_latent_nopark,90,2,0.8618596792221069
3,D_latent_nopark,90,3,0.8588725328445435
3,D_latent_nopark,90,4,0.8557637929916382
3,D_latent_nopark,90,5,0.8528743982315063
3,D_latent_nopark,90,6,0.8488616347312927
3,D_latent_nopark,90,7,0.8443838953971863
3,D_latent_nopark,90,8,0.8400930166244507
3,D_latent_nopark,90,9,0.8347702026367188
3,D_latent_nopark,90,10,0.8287899494171143
3,D_latent_nopark,90,11,0.8225642442703247
3,D_latent_nopark,90,12,0.8156348466873169
3,D_latent_nopark,90,13,0.8082350492477417
3,D_latent_nopark,90,14,0.8009316325187683
3,D_latent_nopark,90,15,0.7932316660881042
3,D_latent_nopark,95,0,0.8568896055221558
3,D_latent_nopark,95,1,0.8486876487731934
3,D_latent_nopark,95,2,0.8461245894432068
3,D_latent_nopark,95,3,0.8427591919898987
3,D_latent_nopark,95,4,0.8392037153244019
3,D_latent_nopark,95,5,0.8358181715011597
3,D_latent_nopark,95,6,0.8313531875610352
3,D_latent_nopark,95,7,0.8266327381134033
3,D_latent_nopark,95,8,0.8221325874328613
3,D_latent_nopark,95,9,0.8166031837463379
3,D_latent_nopark,95,10,0.8105833530426025
3,D_latent_nopark,95,11,0.8044039011001587
3,D_latent_nopark,95,12,0.7975047826766968
3,D_latent_nopark,95,13,0.7903484106063843
3,D_latent_nopark,95,14,0.7833720445632935
3,D_latent_nopark,95,15,0.7760259509086609
3,D_latent_nopark,100,0,0.8410685658454895
3,D_latent_nopark,100,1,0.8318739533424377
3,D_latent_nopark,100,2,0.8272691369056702
3,D_latent_nopark,100,3,0.822047770023346
3,D_latent_nopark,100,4,0.8171386122703552
3,D_latent_nopark,100,5,0.8129910230636597
3,D_latent_nopark,100,6,0.8080905675888062
3,D_latent_nopark,100,7,0.8032090663909912
3,D_latent_nopark,100,8,0.798944354057312
3,D_latent_nopark,100,9,0.7938821911811829
3,D_latent_nopark,100,10,0.7884901762008667
3,D_latent_nopark,100,11,0.7831682562828064
3,D_latent_nopark,100,12,0.7773216962814331
3,D_latent_nopark,100,13,0.7711616158485413
3,D_latent_nopark,100,14,0.7652823328971863
3,D_latent_nopark,100,15,0.7591555118560791
3,D_latent_nopark,105,0,0.8490688800811768
3,D_latent_nopark,105,1,0.8427294492721558
3,D_latent_nopark,105,2,0.8405873775482178
3,D_latent_nopark,105,3,0.8376411199569702
3,D_latent_nopark,105,4,0.8348447680473328
3,D_latent_nopark,105,5,0.8324641585350037
3,D_latent_nopark,105,6,0.8292240500450134
3,D_latent_nopark,105,7,0.8259119987487793
3,D_latent_nopark,105,8,0.8229153156280518
3,D_latent_nopark,105,9,0.8190412521362305
3,D_latent_nopark,105,10,0.814667820930481
3,D_latent_nopark,105,11,0.8101164102554321
3,D_latent_nopark,105,12,0.8049893975257874
3,D_latent_nopark,105,13,0.7995559573173523
3,D_latent_nopark,105,14,0.79429030418396
3,D_latent_nopark,105,15,0.7887527942657471
3,D_latent_nopark,110,0,0.8649939894676208
3,D_latent_nopark,110,1,0.8597897291183472
3,D_latent_nopark,110,2,0.8566006422042847
3,D_latent_nopark,110,3,0.8522195816040039
3,D_latent_nopark,110,4,0.8478201627731323
3,D_latent_nopark,110,5,0.8436799645423889
3,D_latent_nopark,110,6,0.8388016223907471
3,D_latent_nopark,110,7,0.8338655829429626
3,D_latent_nopark,110,8,0.8291431069374084
3,D_latent_nopark,110,9,0.8236935138702393
3,D_latent_nopark,110,10,0.8179003000259399
3,D_latent_nopark,110,11,0.8118816614151001
3,D_latent_nopark,110,12,0.8054739236831665
3,D_latent_nopark,110,13,0.7988836765289307
3,D_latent_nopark,110,14,0.7924709916114807
3,D_latent_nopark,110,15,0.7860004305839539
4,A_recon,1,0,-0.036318421363830566
4,A_recon,1,1,-0.049872636795043945
4,A_recon,1,2,-0.06432044506072998
4,A_recon,1,3,-0.07962501049041748
4,A_recon,1,4,-0.09565246105194092
4,A_recon,1,5,-0.11211252212524414
4,A_recon,1,6,-0.1288759708404541
4,A_recon,1,7,-0.1457458734512329
4,A_recon,1,8,-0.16237914562225342
4,A_recon,1,9,-0.1787705421447754
4,A_recon,1,10,-0.19509077072143555
4,A_recon,1,11,-0.21111488342285156
4,A_recon,1,12,-0.2265915870666504
4,A_recon,1,13,-0.2415391206741333
4,A_recon,1,14,-0.255682110786438
4,A_recon,1,15,-0.2688537836074829
4,A_recon,5,0,-0.11238563060760498
4,A_recon,5,1,-0.11364495754241943
4,A_recon,5,2,-0.11869168281555176
4,A_recon,5,3,-0.12671315670013428
4,A_recon,5,4,-0.13705706596374512
4,A_recon,5,5,-0.14894258975982666
4,A_recon,5,6,-0.16201865673065186
4,A_recon,5,7,-0.17595374584197998
4,A_recon,5,8,-0.19016516208648682
4,A_recon,5,9,-0.20460259914398193
4,A_recon,5,10,-0.21944379806518555
4,A_recon,5,11,-0.23431932926177979
4,A_recon,5,12,-0.24890947341918945
4,A_recon,5,13,-0.26327061653137207
4,A_recon,5,14,-0.2769932746887207
4,A_recon,5,15,-0.2898916006088257
4,A_recon,10,0,0.04315918684005737
4,A_recon,10,1,0.024236321449279785
4,A_recon,10,2,0.013683855533599854
4,A_recon,10,3,0.0030364990234375
4,A_recon,10,4,-0.006207466125488281
4,A_recon,10,5,-0.017187952995300293
4,A_recon,10,6,-0.029297828674316406
4,A_recon,10,7,-0.040032029151916504
4,A_recon,10,8,-0.0512547492980957
4,A_recon,10,9,-0.06317591667175293
4,A_recon,10,10,-0.07400929927825928
4,A_recon,10,11,-0.08462679386138916
4,A_recon,10,12,-0.09560906887054443
4,A_recon,10,13,-0.10535097122192383
4,A_recon,10,14,-0.11485409736633301
4,A_recon,10,15,-0.12391209602355957
4,A_recon,15,0,0.09905481338500977
4,A_recon,15,1,0.08137857913970947
4,A_recon,15,2,0.07252991199493408
4,A_recon,15,3,0.062443673610687256
4,A_recon,15,4,0.05354893207550049
4,A_recon,15,5,0.045291900634765625
4,A_recon,15,6,0.035168349742889404
4,A_recon,15,7,0.02630472183227539
4,A_recon,15,8,0.018573641777038574
4,A_recon,15,9,0.009901762008666992
4,A_recon,15,10,0.0018867254257202148
4,A_recon,15,11,-0.005774378776550293
4,A_recon,15,12,-0.013681292533874512
4,A_recon,15,13,-0.02060067653656006
4,A_recon,15,14,-0.026716232299804688
4,A_recon,15,15,-0.03280961513519287
4,A_recon,20,0,0.07076221704483032
4,A_recon,20,1,0.0570712685585022
4,A_recon,20,2,0.04800134897232056
4,A_recon,20,3,0.03884333372116089
4,A_recon,20,4,0.02985304594039917
4,A_recon,20,5,0.02078831195831299
4,A_recon,20,6,0.01149594783782959
4,A_recon,20,7,0.0030396580696105957
4,A_recon,20,8,-0.004628300666809082
4,A_recon,20,9,-0.012583613395690918
4,A_recon,20,10,-0.01996910572052002
4,A_recon,20,11,-0.027364015579223633
4,A_recon,20,12,-0.03489887714385986
4,A_recon,20,13,-0.04129910469055176
4,A_recon,20,14,-0.04716062545776367
4,A_recon,20,15,-0.053064584732055664
4,A_recon,25,0,0.07583087682723999
4,A_recon,25,1,0.06491661071777344
4,A_recon,25,2,0.05659765005111694
4,A_recon,25,3,0.04779517650604248
4,A_recon,25,4,0.0398898720741272
4,A_recon,25,5,0.031149089336395264
4,A_recon,25,6,0.021675050258636475
4,A_recon,25,7,0.014223694801330566
4,A_recon,25,8,0.006104826927185059
4,A_recon,25,9,-0.0024538040161132812
4,A_recon,25,10,-0.009145736694335938
4,A_recon,25,11,-0.01698780059814453
4,A_recon,25,12,-0.024932861328125
4,A_recon,25,13,-0.030461907386779785
4,A_recon,25,14,-0.036649346351623535
4,A_recon,25,15,-0.04283571243286133
4,A_recon,30,0,0.15547585487365723
4,A_recon,30,1,0.14730608463287354
4,A_recon,30,2,0.1384297013282776
4,A_recon,30,3,0.1287602186203003
4,A_recon,30,4,0.12046509981155396
4,A_recon,30,5,0.11101830005645752
4,A_recon,30,6,0.1010291576385498
4,A_recon,30,7,0.09356087446212769
4,A_recon,30,8,0.0851515531539917
4,A_recon,30,9,0.0765160322189331
4,A_recon,30,10,0.07001203298568726
4,A_recon,30,11,0.06149637699127197
4,A_recon,30,12,0.053185105323791504
4,A_recon,30,13,0.04749685525894165
4,A_recon,30,14,0.0404391884803772
4,A_recon,30,15,0.033625245094299316
4,A_recon,35,0,0.883887767791748
4,A_recon,35,1,0.8858344554901123
4,A_recon,35,2,0.8845798373222351
4,A_recon,35,3,0.880596935749054
4,A_recon,35,4,0.8767890334129333
4,A_recon,35,5,0.8726129531860352
4,A_recon,35,6,0.8668237328529358
4,A_recon,35,7,0.8619542121887207
4,A_recon,35,8,0.8571832776069641
4,A_recon,35,9,0.8514626622200012
4,A_recon,35,10,0.8461001515388489
4,A_recon,35,11,0.8393855094909668
4,A_recon,35,12,0.8321689367294312
4,A_recon,35,13,0.825823962688446
4,A_recon,35,14,0.8180444240570068
4,A_recon,35,15,0.8101130127906799
4,A_recon,40,0,0.9370481967926025
4,A_recon,40,1,0.9425605535507202
4,A_recon,40,2,0.9438976645469666
4,A_recon,40,3,0.9429526329040527
4,A_recon,40,4,0.9416993856430054
4,A_recon,40,5,0.9407058358192444
4,A_recon,40,6,0.9381564855575562
4,A_recon,40,7,0.9362717270851135
4,A_recon,40,8,0.9352346062660217
4,A_recon,40,9,0.9330624938011169
4,A_recon,40,10,0.9310240745544434
4,A_recon,40,11,0.9286780953407288
4,A_recon,40,12,0.9255762696266174
4,A_recon,40,13,0.9226868152618408
4,A_recon,40,14,0.9190418720245361
4,A_recon,40,15,0.9150252938270569
4,A_recon,45,0,0.9614582061767578
4,A_recon,45,1,0.9650183320045471
4,A_recon,45,2,0.9658719897270203
4,A_recon,45,3,0.9652466773986816
4,A_recon,45,4,0.9647829532623291
4,A_recon,45,5,0.9645723700523376
4,A_recon,45,6,0.9632547497749329
4,A_recon,45,7,0.9625274538993835
4,A_recon,45,8,0.9623746871948242
4,A_recon,45,9,0.9614071846008301
4,A_recon,45,10,0.9604741334915161
4,A_recon,45,11,0.959559977054596
4,A_recon,45,12,0.9582031965255737
4,A_recon,45,13,0.9569915533065796
4,A_recon,45,14,0.9553186893463135
4,A_recon,45,15,0.9533590078353882
4,A_recon,50,0,0.9668451547622681
4,A_recon,50,1,0.9697853922843933
4,A_recon,50,2,0.9700183272361755
4,A_recon,50,3,0.9689975380897522
4,A_recon,50,4,0.9683364629745483
4,A_recon,50,5,0.9680104851722717
4,A_recon,50,6,0.9665773510932922
4,A_recon,50,7,0.9659557938575745
4,A_recon,50,8,0.9660705924034119
4,A_recon,50,9,0.9654574394226074
4,A_recon,50,10,0.9650641679763794
4,A_recon,50,11,0.9645583033561707
4,A_recon,50,12,0.9635675549507141
4,A_recon,50,13,0.9628704786300659
4,A_recon,50,14,0.9618081450462341
4,A_recon,50,15,0.9606714844703674
4,A_recon,55,0,0.9779688715934753
4,A_recon,55,1,0.9792333841323853
4,A_recon,55,2,0.9798099994659424
4,A_recon,55,3,0.9792138934135437
4,A_recon,55,4,0.9787721037864685
4,A_recon,55,5,0.978624165058136
4,A_recon,55,6,0.9773917198181152
4,A_recon,55,7,0.9766135811805725
4,A_recon,55,8,0.9767302870750427
4,A_recon,55,9,0.9763412475585938
4,A_recon,55,10,0.9759733080863953
4,A_recon,55,11,0.9757831692695618
4,A_recon,55,12,0.9753015041351318
4,A_recon,55,13,0.9749042391777039
4,A_recon,55,14,0.9743814468383789
4,A_recon,55,15,0.9737863540649414
4,A_recon,60,0,0.9787830710411072
4,A_recon,60,1,0.979804515838623
4,A_recon,60,2,0.9797085523605347
4,A_recon,60,3,0.9783652424812317
4,A_recon,60,4,0.9773269295692444
4,A_recon,60,5,0.9764677286148071
4,A_recon,60,6,0.9745797514915466
4,A_recon,60,7,0.9733518362045288
4,A_recon,60,8,0.9728202223777771
4,A_recon,60,9,0.9718642830848694
4,A_recon,60,10,0.9710934162139893
4,A_recon,60,11,0.970140814781189
4,A_recon,60,12,0.9689869284629822
4,A_recon,60,13,0.9681627750396729
4,A_recon,60,14,0.9669841527938843
4,A_recon,60,15,0.9659832715988159
4,A_recon,65,0,0.9736297130584717
4,A_recon,65,1,0.9761604070663452
4,A_recon,65,2,0.9766916632652283
4,A_recon,65,3,0.9757815003395081
4,A_recon,65,4,0.9752885103225708
4,A_recon,65,5,0.9751887917518616
4,A_recon,65,6,0.9739556908607483
4,A_recon,65,7,0.9733763337135315
4,A_recon,65,8,0.9735952019691467
4,A_recon,65,9,0.9732481837272644
4,A_recon,65,10,0.9728602170944214
4,A_recon,65,11,0.9723409414291382
4,A_recon,65,12,0.9717112183570862
4,A_recon,65,13,0.9714124798774719
4,A_recon,65,14,0.9708179235458374
4,A_recon,65,15,0.97037273645401
4,A_recon,70,0,0.9775379300117493
4,A_recon,70,1,0.9793043732643127
4,A_recon,70,2,0.9796348810195923
4,A_recon,70,3,0.9787538647651672
4,A_recon,70,4,0.9782276153564453
4,A_recon,70,5,0.9779478311538696
4,A_recon,70,6,0.9765899777412415
4,A_recon,70,7,0.9757898449897766
4,A_recon,70,8,0.9758367538452148
4,A_recon,70,9,0.9754106402397156
4,A_recon,70,10,0.9748439192771912
4,A_recon,70,11,0.9742441773414612
4,A_recon,70,12,0.9736483097076416
4,A_recon,70,13,0.9733223915100098
4,A_recon,70,14,0.9727664589881897
4,A_recon,70,15,0.9724581241607666
4,A_recon,75,0,0.9812403321266174
4,A_recon,75,1,0.9822756052017212
4,A_recon,75,2,0.9819540977478027
4,A_recon,75,3,0.9804229140281677
4,A_recon,75,4,0.9792691469192505
4,A_recon,75,5,0.9784038662910461
4,A_recon,75,6,0.9765520691871643
4,A_recon,75,7,0.9752699136734009
4,A_recon,75,8,0.97496497631073
4,A_recon,75,9,0.9743569493293762
4,A_recon,75,10,0.9734807014465332
4,A_recon,75,11,0.9725782871246338
4,A_recon,75,12,0.9718607068061829
4,A_recon,75,13,0.9713963866233826
4,A_recon,75,14,0.9706899523735046
4,A_recon,75,15,0.9703535437583923
4,B_task,1,0,-0.036284446716308594
4,B_task,1,1,-0.049830079078674316
4,B_task,1,2,-0.06427955627441406
4,B_task,1,3,-0.07958400249481201
4,B_task,1,4,-0.09561014175415039
4,B_task,1,5,-0.11207175254821777
4,B_task,1,6,-0.12883424758911133
4,B_task,1,7,-0.1457052230834961
4,B_task,1,8,-0.16233789920806885
4,B_task,1,9,-0.17873036861419678
4,B_task,1,10,-0.19505035877227783
4,B_task,1,11,-0.21107888221740723
4,B_task,1,12,-0.22655606269836426
4,B_task,1,13,-0.24150443077087402
4,B_task,1,14,-0.255651593208313
4,B_task,1,15,-0.2688220739364624
4,B_task,5,0,-0.11211979389190674
4,B_task,5,1,-0.11304903030395508
4,B_task,5,2,-0.11780834197998047
4,B_task,5,3,-0.1255815029144287
4,B_task,5,4,-0.13569283485412598
4,B_task,5,5,-0.14736509323120117
4,B_task,5,6,-0.16025137901306152
4,B_task,5,7,-0.17399930953979492
4,B_task,5,8,-0.18803250789642334
4,B_task,5,9,-0.2023073434829712
4,B_task,5,10,-0.21699512004852295
4,B_task,5,11,-0.2317277193069458
4,B_task,5,12,-0.24619555473327637
4,B_task,5,13,-0.260434627532959
4,B_task,5,14,-0.2740529775619507
4,B_task,5,15,-0.28686511516571045
4,B_task,10,0,0.024174213409423828
4,B_task,10,1,0.04223400354385376
4,B_task,10,2,0.047199904918670654
4,B_task,10,3,0.045803964138031006
4,B_task,10,4,0.04152095317840576
4,B_task,10,5,0.03421962261199951
4,B_task,10,6,0.0248449444770813
4,B_task,10,7,0.015506744384765625
4,B_task,10,8,0.00614011287689209
4,B_task,10,9,-0.004145145416259766
4,B_task,10,10,-0.014103293418884277
4,B_task,10,11,-0.023268461227416992
4,B_task,10,12,-0.03274238109588623
4,B_task,10,13,-0.04166209697723389
4,B_task,10,14,-0.049665212631225586
4,B_task,10,15,-0.05689811706542969
4,B_task,15,0,0.0809023380279541
4,B_task,15,1,0.07563537359237671
4,B_task,15,2,0.07036566734313965
4,B_task,15,3,0.062451064586639404
4,B_task,15,4,0.05426222085952759
4,B_task,15,5,0.046133458614349365
4,B_task,15,6,0.036290109157562256
4,B_task,15,7,0.026922762393951416
4,B_task,15,8,0.018768489360809326
4,B_task,15,9,0.00937497615814209
4,B_task,15,10,0.0007200837135314941
4,B_task,15,11,-0.00734865665435791
4,B_task,15,12,-0.01610243320465088
4,B_task,15,13,-0.023598790168762207
4,B_task,15,14,-0.029902100563049316
4,B_task,15,15,-0.03618741035461426
4,B_task,20,0,0.8170803189277649
4,B_task,20,1,0.82040935754776
4,B_task,20,2,0.822774350643158
4,B_task,20,3,0.8223788738250732
4,B_task,20,4,0.8208038806915283
4,B_task,20,5,0.8183648586273193
4,B_task,20,6,0.814190685749054
4,B_task,20,7,0.810041069984436
4,B_task,20,8,0.8059954643249512
4,B_task,20,9,0.8012433052062988
4,B_task,20,10,0.796583890914917
4,B_task,20,11,0.7908292412757874
4,B_task,20,12,0.7843441963195801
4,B_task,20,13,0.778349757194519
4,B_task,20,14,0.7714290022850037
4,B_task,20,15,0.7638252973556519
4,B_task,25,0,0.9458374381065369
4,B_task,25,1,0.9464510083198547
4,B_task,25,2,0.9479590058326721
4,B_task,25,3,0.9479843378067017
4,B_task,25,4,0.9476932883262634
4,B_task,25,5,0.9473971128463745
4,B_task,25,6,0.9457671642303467
4,B_task,25,7,0.944175124168396
4,B_task,25,8,0.9430193901062012
4,B_task,25,9,0.9408247470855713
4,B_task,25,10,0.9381881356239319
4,B_task,25,11,0.9350355863571167
4,B_task,25,12,0.9312632083892822
4,B_task,25,13,0.9272370338439941
4,B_task,25,14,0.9228000044822693
4,B_task,25,15,0.9179238080978394
4,B_task,30,0,0.9398886561393738
4,B_task,30,1,0.9391661882400513
4,B_task,30,2,0.9399310946464539
4,B_task,30,3,0.9396185278892517
4,B_task,30,4,0.9392924904823303
4,B_task,30,5,0.9389944076538086
4,B_task,30,6,0.9378774762153625
4,B_task,30,7,0.9370967149734497
4,B_task,30,8,0.9368625283241272
4,B_task,30,9,0.9361624717712402
4,B_task,30,10,0.9350433349609375
4,B_task,30,11,0.9335339069366455
4,B_task,30,12,0.9317260384559631
4,B_task,30,13,0.9298582077026367
4,B_task,30,14,0.9276959896087646
4,B_task,30,15,0.925678551197052
4,B_task,35,0,0.945317268371582
4,B_task,35,1,0.9444497227668762
4,B_task,35,2,0.9446753263473511
4,B_task,35,3,0.9440160989761353
4,B_task,35,4,0.9432121515274048
4,B_task,35,5,0.9427958726882935
4,B_task,35,6,0.9417308568954468
4,B_task,35,7,0.9406845569610596
4,B_task,35,8,0.9402869939804077
4,B_task,35,9,0.9396679401397705
4,B_task,35,10,0.9386498332023621
4,B_task,35,11,0.9373055696487427
4,B_task,35,12,0.935767412185669
4,B_task,35,13,0.9340761303901672
4,B_task,35,14,0.9321333765983582
4,B_task,35,15,0.9306214451789856
4,B_task,40,0,0.9552659392356873
4,B_task,40,1,0.9547532200813293
4,B_task,40,2,0.9554688334465027
4,B_task,40,3,0.955094575881958
4,B_task,40,4,0.9546023607254028
4,B_task,40,5,0.9545783400535583
4,B_task,40,6,0.9537352323532104
4,B_task,40,7,0.9532425403594971
4,B_task,40,8,0.9534390568733215
4,B_task,40,9,0.9531044960021973
4,B_task,40,10,0.9523804783821106
4,B_task,40,11,0.9514041543006897
4,B_task,40,12,0.9498963952064514
4,B_task,40,13,0.9482707381248474
4,B_task,40,14,0.9466380476951599
4,B_task,40,15,0.9453363418579102
4,B_task,45,0,0.9561262130737305
4,B_task,45,1,0.9549157619476318
4,B_task,45,2,0.9550496935844421
4,B_task,45,3,0.9541687369346619
4,B_task,45,4,0.953228235244751
4,B_task,45,5,0.9527053833007812
4,B_task,45,6,0.9514445066452026
4,B_task,45,7,0.950425386428833
4,B_task,45,8,0.9501786828041077
4,B_task,45,9,0.949741780757904
4,B_task,45,10,0.9490604400634766
4,B_task,45,11,0.9480870962142944
4,B_task,45,12,0.9467607140541077
4,B_task,45,13,0.9454432129859924
4,B_task,45,14,0.9441317319869995
4,B_task,45,15,0.9430429339408875
4,B_task,50,0,0.9567217230796814
4,B_task,50,1,0.9554840326309204
4,B_task,50,2,0.9559106826782227
4,B_task,50,3,0.9553826451301575
4,B_task,50,4,0.9547816514968872
4,B_task,50,5,0.9544724225997925
4,B_task,50,6,0.9534735083580017
4,B_task,50,7,0.9527567028999329
4,B_task,50,8,0.9527052044868469
4,B_task,50,9,0.9525294899940491
4,B_task,50,10,0.9520294070243835
4,B_task,50,11,0.9511480927467346
4,B_task,50,12,0.9500598311424255
4,B_task,50,13,0.9488495588302612
4,B_task,50,14,0.9475893378257751
4,B_task,50,15,0.9467619061470032
4,B_task,55,0,0.9484888911247253
4,B_task,55,1,0.9470078349113464
4,B_task,55,2,0.9465726017951965
4,B_task,55,3,0.9453208446502686
4,B_task,55,4,0.943840742111206
4,B_task,55,5,0.9425033926963806
4,B_task,55,6,0.9406214952468872
4,B_task,55,7,0.938957691192627
4,B_task,55,8,0.9379326105117798
4,B_task,55,9,0.9368640780448914
4,B_task,55,10,0.9353433847427368
4,B_task,55,11,0.9334316253662109
4,B_task,55,12,0.9313559532165527
4,B_task,55,13,0.929020345211029
4,B_task,55,14,0.9266729354858398
4,B_task,55,15,0.9248780608177185
4,B_task,60,0,0.9510837197303772
4,B_task,60,1,0.9495047330856323
4,B_task,60,2,0.9494367241859436
4,B_task,60,3,0.9485206604003906
4,B_task,60,4,0.9473481774330139
4,B_task,60,5,0.946459174156189
4,B_task,60,6,0.9449978470802307
4,B_task,60,7,0.9438022971153259
4,B_task,60,8,0.9433184266090393
4,B_task,60,9,0.9427586793899536
4,B_task,60,10,0.9418100714683533
4,B_task,60,11,0.9404879808425903
4,B_task,60,12,0.9391410946846008
4,B_task,60,13,0.9375813007354736
4,B_task,60,14,0.9361169934272766
4,B_task,60,15,0.9350982904434204
4,C_scene,1,0,-0.07993268966674805
4,C_scene,1,1,-0.09193050861358643
4,C_scene,1,2,-0.10498034954071045
4,C_scene,1,3,-0.11899125576019287
4,C_scene,1,4,-0.13381719589233398
4,C_scene,1,5,-0.14918184280395508
4,C_scene,1,6,-0.16490721702575684
4,C_scene,1,7,-0.18080604076385498
4,C_scene,1,8,-0.19654357433319092
4,C_scene,1,9,-0.21208465099334717
4,C_scene,1,10,-0.2276071310043335
4,C_scene,1,11,-0.2428884506225586
4,C_scene,1,12,-0.2576625347137451
4,C_scene,1,13,-0.27195239067077637
4,C_scene,1,14,-0.28547561168670654
4,C_scene,1,15,-0.2980564832687378
4,C_scene,5,0,-0.13607239723205566
4,C_scene,5,1,-0.13712263107299805
4,C_scene,5,2,-0.1414870023727417
4,C_scene,5,3,-0.1485215425491333
4,C_scene,5,4,-0.15765595436096191
4,C_scene,5,5,-0.16832435131072998
4,C_scene,5,6,-0.18015837669372559
4,C_scene,5,7,-0.1928248405456543
4,C_scene,5,8,-0.20585966110229492
4,C_scene,5,9,-0.219169020652771
4,C_scene,5,10,-0.2328941822052002
4,C_scene,5,11,-0.24671399593353271
4,C_scene,5,12,-0.2603257894515991
4,C_scene,5,13,-0.2737225294113159
4,C_scene,5,14,-0.2865574359893799
4,C_scene,5,15,-0.29862546920776367
4,C_scene,10,0,0.020500361919403076
4,C_scene,10,1,0.018122076988220215
4,C_scene,10,2,0.010917186737060547
4,C_scene,10,3,0.0010861754417419434
4,C_scene,10,4,-0.008380293846130371
4,C_scene,10,5,-0.019843459129333496
4,C_scene,10,6,-0.03226339817047119
4,C_scene,10,7,-0.04301607608795166
4,C_scene,10,8,-0.05474591255187988
4,C_scene,10,9,-0.06631338596343994
4,C_scene,10,10,-0.07618701457977295
4,C_scene,10,11,-0.0869436264038086
4,C_scene,10,12,-0.09758484363555908
4,C_scene,10,13,-0.10633277893066406
4,C_scene,10,14,-0.11537051200866699
4,C_scene,10,15,-0.12374722957611084
4,C_scene,15,0,0.16374653577804565
4,C_scene,15,1,0.15235298871994019
4,C_scene,15,2,0.14244455099105835
4,C_scene,15,3,0.1303943395614624
4,C_scene,15,4,0.1198415756225586
4,C_scene,15,5,0.10911405086517334
4,C_scene,15,6,0.0963323712348938
4,C_scene,15,7,0.08500421047210693
4,C_scene,15,8,0.07446885108947754
4,C_scene,15,9,0.06240302324295044
4,C_scene,15,10,0.0515100359916687
4,C_scene,15,11,0.040836334228515625
4,C_scene,15,12,0.029531240463256836
4,C_scene,15,13,0.01920229196548462
4,C_scene,15,14,0.00960087776184082
4,C_scene,15,15,-9.655952453613281e-05
4,C_scene,20,0,0.4696936011314392
4,C_scene,20,1,0.4630880355834961
4,C_scene,20,2,0.45576173067092896
4,C_scene,20,3,0.44596385955810547
4,C_scene,20,4,0.43597471714019775
4,C_scene,20,5,0.4246523380279541
4,C_scene,20,6,0.4118066430091858
4,C_scene,20,7,0.40039634704589844
4,C_scene,20,8,0.38899195194244385
4,C_scene,20,9,0.3766075372695923
4,C_scene,20,10,0.365226149559021
4,C_scene,20,11,0.3531653881072998
4,C_scene,20,12,0.34072190523147583
4,C_scene,20,13,0.329669713973999
4,C_scene,20,14,0.31878989934921265
4,C_scene,20,15,0.3076643943786621
4,C_scene,25,0,0.6512890458106995
4,C_scene,25,1,0.6430514454841614
4,C_scene,25,2,0.633682906627655
4,C_scene,25,3,0.6234582662582397
4,C_scene,25,4,0.6130273342132568
4,C_scene,25,5,0.6015523672103882
4,C_scene,25,6,0.5887172222137451
4,C_scene,25,7,0.5774546265602112
4,C_scene,25,8,0.5658031105995178
4,C_scene,25,9,0.5532830953598022
4,C_scene,25,10,0.5413602590560913
4,C_scene,25,11,0.5284136533737183
4,C_scene,25,12,0.5152192115783691
4,C_scene,25,13,0.5027377605438232
4,C_scene,25,14,0.4897887706756592
4,C_scene,25,15,0.47707271575927734
4,C_scene,30,0,0.7012165784835815
4,C_scene,30,1,0.6897656917572021
4,C_scene,30,2,0.6821261048316956
4,C_scene,30,3,0.6742017269134521
4,C_scene,30,4,0.6663867831230164
4,C_scene,30,5,0.6570554971694946
4,C_scene,30,6,0.6457269787788391
4,C_scene,30,7,0.6358329057693481
4,C_scene,30,8,0.6255017518997192
4,C_scene,30,9,0.6137844324111938
4,C_scene,30,10,0.6030837297439575
4,C_scene,30,11,0.5917444229125977
4,C_scene,30,12,0.5796356201171875
4,C_scene,30,13,0.5687946081161499
4,C_scene,30,14,0.5578324794769287
4,C_scene,30,15,0.5464339256286621
4,C_scene,35,0,0.7493400573730469
4,C_scene,35,1,0.7397325038909912
4,C_scene,35,2,0.7340223789215088
4,C_scene,35,3,0.7282198667526245
4,C_scene,35,4,0.7224690914154053
4,C_scene,35,5,0.7146678566932678
4,C_scene,35,6,0.7046072483062744
4,C_scene,35,7,0.6957809925079346
4,C_scene,35,8,0.6859053373336792
4,C_scene,35,9,0.6745859384536743
4,C_scene,35,10,0.664573073387146
4,C_scene,35,11,0.6533874273300171
4,C_scene,35,12,0.6413794755935669
4,C_scene,35,13,0.6308010816574097
4,C_scene,35,14,0.6196874976158142
4,C_scene,35,15,0.6079989671707153
4,C_scene,40,0,0.7262139320373535
4,C_scene,40,1,0.7185815572738647
4,C_scene,40,2,0.7164222002029419
4,C_scene,40,3,0.7143663167953491
4,C_scene,40,4,0.7115033864974976
4,C_scene,40,5,0.706404447555542
4,C_scene,40,6,0.6997534036636353
4,C_scene,40,7,0.6934194564819336
4,C_scene,40,8,0.6858565211296082
4,C_scene,40,9,0.6775473356246948
4,C_scene,40,10,0.6700125932693481
4,C_scene,40,11,0.6613392233848572
4,C_scene,40,12,0.6525737047195435
4,C_scene,40,13,0.644900381565094
4,C_scene,40,14,0.6367050409317017
4,C_scene,40,15,0.6283477544784546
4,C_scene,45,0,0.7655738592147827
4,C_scene,45,1,0.7624592781066895
4,C_scene,45,2,0.7618613243103027
4,C_scene,45,3,0.7609554529190063
4,C_scene,45,4,0.7593336701393127
4,C_scene,45,5,0.7561635375022888
4,C_scene,45,6,0.7513648271560669
4,C_scene,45,7,0.7466249465942383
4,C_scene,45,8,0.7404921054840088
4,C_scene,45,9,0.7329917550086975
4,C_scene,45,10,0.725570797920227
4,C_scene,45,11,0.7161043882369995
4,C_scene,45,12,0.7057949304580688
4,C_scene,45,13,0.6958593130111694
4,C_scene,45,14,0.6847090125083923
4,C_scene,45,15,0.6731460094451904
4,C_scene,50,0,0.7711548209190369
4,C_scene,50,1,0.768338143825531
4,C_scene,50,2,0.7677493691444397
4,C_scene,50,3,0.7668880224227905
4,C_scene,50,4,0.7655931711196899
4,C_scene,50,5,0.7629373669624329
4,C_scene,50,6,0.759170413017273
4,C_scene,50,7,0.755440354347229
4,C_scene,50,8,0.7503446936607361
4,C_scene,50,9,0.7442376017570496
4,C_scene,50,10,0.7380495071411133
4,C_scene,50,11,0.7298970818519592
4,C_scene,50,12,0.7211683988571167
4,C_scene,50,13,0.7129267454147339
4,C_scene,50,14,0.7034544348716736
4,C_scene,50,15,0.6940809488296509
4,C_scene,55,0,0.7606520056724548
4,C_scene,55,1,0.7593095302581787
4,C_scene,55,2,0.7581053972244263
4,C_scene,55,3,0.7566092014312744
4,C_scene,55,4,0.7544642686843872
4,C_scene,55,5,0.7506272792816162
4,C_scene,55,6,0.7463061809539795
4,C_scene,55,7,0.7423245906829834
4,C_scene,55,8,0.7373797297477722
4,C_scene,55,9,0.7323291301727295
4,C_scene,55,10,0.7277902364730835
4,C_scene,55,11,0.7218329310417175
4,C_scene,55,12,0.7158199548721313
4,C_scene,55,13,0.7106106877326965
4,C_scene,55,14,0.7043433785438538
4,C_scene,55,15,0.6981901526451111
4,C_scene,60,0,0.7837461233139038
4,C_scene,60,1,0.7833002209663391
4,C_scene,60,2,0.7834978103637695
4,C_scene,60,3,0.7827833890914917
4,C_scene,60,4,0.7814798355102539
4,C_scene,60,5,0.7788854837417603
4,C_scene,60,6,0.7752623558044434
4,C_scene,60,7,0.7715327739715576
4,C_scene,60,8,0.7665847539901733
4,C_scene,60,9,0.7608826160430908
4,C_scene,60,10,0.7552112936973572
4,C_scene,60,11,0.7476834058761597
4,C_scene,60,12,0.7398191690444946
4,C_scene,60,13,0.7326024770736694
4,C_scene,60,14,0.7244000434875488
4,C_scene,60,15,0.7163254022598267
4,C_scene,65,0,0.7573422193527222
4,C_scene,65,1,0.7576059103012085
4,C_scene,65,2,0.7573281526565552
4,C_scene,65,3,0.7567700147628784
4,C_scene,65,4,0.7553463578224182
4,C_scene,65,5,0.752498209476471
4,C_scene,65,6,0.7496092915534973
4,C_scene,65,7,0.7464799880981445
4,C_scene,65,8,0.7420772314071655
4,C_scene,65,9,0.7377654314041138
4,C_scene,65,10,0.7332894802093506
4,C_scene,65,11,0.7269017100334167
4,C_scene,65,12,0.7208704948425293
4,C_scene,65,13,0.7155660390853882
4,C_scene,65,14,0.7091699838638306
4,C_scene,65,15,0.7033812999725342
4,C_scene,70,0,0.7316202521324158
4,C_scene,70,1,0.732153594493866
4,C_scene,70,2,0.7318129539489746
4,C_scene,70,3,0.7308512926101685
4,C_scene,70,4,0.7292046546936035
4,C_scene,70,5,0.7263285517692566
4,C_scene,70,6,0.7232719659805298
4,C_scene,70,7,0.7203930616378784
4,C_scene,70,8,0.716977596282959
4,C_scene,70,9,0.7133429050445557
4,C_scene,70,10,0.7098031044006348
4,C_scene,70,11,0.7051925659179688
4,C_scene,70,12,0.7004004716873169
4,C_scene,70,13,0.6961988210678101
4,C_scene,70,14,0.6913985013961792
4,C_scene,70,15,0.686772882938385
4,C_scene,75,0,0.7625154852867126
4,C_scene,75,1,0.7617859840393066
4,C_scene,75,2,0.760520875453949
4,C_scene,75,3,0.759058952331543
4,C_scene,75,4,0.7571092247962952
4,C_scene,75,5,0.7544236779212952
4,C_scene,75,6,0.7516818046569824
4,C_scene,75,7,0.7488768696784973
4,C_scene,75,8,0.7456763982772827
4,C_scene,75,9,0.7424267530441284
4,C_scene,75,10,0.7391281127929688
4,C_scene,75,11,0.734474778175354
4,C_scene,75,12,0.7299501895904541
4,C_scene,75,13,0.7259421348571777
4,C_scene,75,14,0.7209956645965576
4,C_scene,75,15,0.7162202596664429
4,C_scene,80,0,0.764755368232727
4,C_scene,80,1,0.7658829689025879
4,C_scene,80,2,0.765658438205719
4,C_scene,80,3,0.7649890780448914
4,C_scene,80,4,0.7636392116546631
4,C_scene,80,5,0.7614402770996094
4,C_scene,80,6,0.7592440247535706
4,C_scene,80,7,0.7567446827888489
4,C_scene,80,8,0.7536286115646362
4,C_scene,80,9,0.7507426738739014
4,C_scene,80,10,0.7475499510765076
4,C_scene,80,11,0.742942214012146
4,C_scene,80,12,0.7389516830444336
4,C_scene,80,13,0.7355310916900635
4,C_scene,80,14,0.7314914464950562
4,C_scene,80,15,0.7281642556190491
4,C_scene,85,0,0.7750227451324463
4,C_scene,85,1,0.7763746976852417
4,C_scene,85,2,0.7764308452606201
4,C_scene,85,3,0.7762957811355591
4,C_scene,85,4,0.7753628492355347
4,C_scene,85,5,0.7734995484352112
4,C_scene,85,6,0.7716660499572754
4,C_scene,85,7,0.7695006132125854
4,C_scene,85,8,0.766750156879425
4,C_scene,85,9,0.7641786336898804
4,C_scene,85,10,0.7610974311828613
4,C_scene,85,11,0.7566614151000977
4,C_scene,85,12,0.7524849772453308
4,C_scene,85,13,0.7486206293106079
4,C_scene,85,14,0.7440723180770874
4,C_scene,85,15,0.7398884296417236
4,C_scene,90,0,0.7958999276161194
4,C_scene,90,1,0.7961519956588745
4,C_scene,90,2,0.7950320243835449
4,C_scene,90,3,0.7937723398208618
4,C_scene,90,4,0.791749894618988
4,C_scene,90,5,0.7888492941856384
4,C_scene,90,6,0.7858718037605286
4,C_scene,90,7,0.782599925994873
4,C_scene,90,8,0.7788278460502625
4,C_scene,90,9,0.7752452492713928
4,C_scene,90,10,0.7711262702941895
4,C_scene,90,11,0.7654227018356323
4,C_scene,90,12,0.7596792578697205
4,C_scene,90,13,0.7538067102432251
4,C_scene,90,14,0.7468103170394897
4,C_scene,90,15,0.7397438287734985
4,C_scene,95,0,0.7819790244102478
4,C_scene,95,1,0.7833382487297058
4,C_scene,95,2,0.7833203673362732
4,C_scene,95,3,0.783094584941864
4,C_scene,95,4,0.7819028496742249
4,C_scene,95,5,0.7799029350280762
4,C_scene,95,6,0.7778328061103821
4,C_scene,95,7,0.7752593755722046
4,C_scene,95,8,0.7724671959877014
4,C_scene,95,9,0.7699648141860962
4,C_scene,95,10,0.7668591141700745
4,C_scene,95,11,0.7624469995498657
4,C_scene,95,12,0.7586061954498291
4,C_scene,95,13,0.7548913955688477
4,C_scene,95,14,0.7500364780426025
4,C_scene,95,15,0.7456430792808533
4,C_scene,100,0,0.7257910966873169
4,C_scene,100,1,0.726675271987915
4,C_scene,100,2,0.7263767719268799
4,C_scene,100,3,0.7256311178207397
4,C_scene,100,4,0.723809540271759
4,C_scene,100,5,0.7215930223464966
4,C_scene,100,6,0.7191348075866699
4,C_scene,100,7,0.7162270545959473
4,C_scene,100,8,0.7132043242454529
4,C_scene,100,9,0.710138201713562
4,C_scene,100,10,0.7065024971961975
4,C_scene,100,11,0.7016898393630981
4,C_scene,100,12,0.6973674893379211
4,C_scene,100,13,0.6933221817016602
4,C_scene,100,14,0.6887848377227783
4,C_scene,100,15,0.6850279569625854
4,C_scene,105,0,0.8005992770195007
4,C_scene,105,1,0.8008235692977905
4,C_scene,105,2,0.7992053031921387
4,C_scene,105,3,0.7973127365112305
4,C_scene,105,4,0.7939067482948303
4,C_scene,105,5,0.789255678653717
4,C_scene,105,6,0.7848368883132935
4,C_scene,105,7,0.7795596718788147
4,C_scene,105,8,0.7737997770309448
4,C_scene,105,9,0.7687985897064209
4,C_scene,105,10,0.7632508277893066
4,C_scene,105,11,0.7569103240966797
4,C_scene,105,12,0.7516594529151917
4,C_scene,105,13,0.7468500137329102
4,C_scene,105,14,0.741759181022644
4,C_scene,105,15,0.7375720739364624
4,C_scene,110,0,0.7862319946289062
4,C_scene,110,1,0.7887529730796814
4,C_scene,110,2,0.7891852855682373
4,C_scene,110,3,0.78887939453125
4,C_scene,110,4,0.7877415418624878
4,C_scene,110,5,0.7857798337936401
4,C_scene,110,6,0.7836083769798279
4,C_scene,110,7,0.7812318801879883
4,C_scene,110,8,0.7786870002746582
4,C_scene,110,9,0.7760909199714661
4,C_scene,110,10,0.7729004621505737
4,C_scene,110,11,0.7685947418212891
4,C_scene,110,12,0.7647891044616699
4,C_scene,110,13,0.7611949443817139
4,C_scene,110,14,0.7568315863609314
4,C_scene,110,15,0.7533861398696899
4,C_scene,115,0,0.7798839211463928
4,C_scene,115,1,0.7816280126571655
4,C_scene,115,2,0.7806010246276855
4,C_scene,115,3,0.77949458360672
4,C_scene,115,4,0.7772455811500549
4,C_scene,115,5,0.7741632461547852
4,C_scene,115,6,0.771856427192688
4,C_scene,115,7,0.7692996859550476
4,C_scene,115,8,0.7664469480514526
4,C_scene,115,9,0.76421058177948
4,C_scene,115,10,0.7613359689712524
4,C_scene,115,11,0.7575043439865112
4,C_scene,115,12,0.7543561458587646
4,C_scene,115,13,0.7512190341949463
4,C_scene,115,14,0.7475935816764832
4,C_scene,115,15,0.7449097633361816
4,C_scene,120,0,0.7746159434318542
4,C_scene,120,1,0.7773594856262207
4,C_scene,120,2,0.7781945466995239
4,C_scene,120,3,0.7784488201141357
4,C_scene,120,4,0.7776057124137878
4,C_scene,120,5,0.7759037017822266
4,C_scene,120,6,0.7742832899093628
4,C_scene,120,7,0.7722564935684204
4,C_scene,120,8,0.7699934244155884
4,C_scene,120,9,0.7677340507507324
4,C_scene,120,10,0.7644555568695068
4,C_scene,120,11,0.7599250674247742
4,C_scene,120,12,0.7558260560035706
4,C_scene,120,13,0.7515782713890076
4,C_scene,120,14,0.7467483282089233
4,C_scene,120,15,0.7427195310592651
4,D_latent,1,0,-0.05431222915649414
4,D_latent,1,1,-0.06666219234466553
4,D_latent,1,2,-0.08001363277435303
4,D_latent,1,3,-0.09433126449584961
4,D_latent,1,4,-0.10949158668518066
4,D_latent,1,5,-0.12515532970428467
4,D_latent,1,6,-0.141196608543396
4,D_latent,1,7,-0.1574317216873169
4,D_latent,1,8,-0.17347395420074463
4,D_latent,1,9,-0.18933558464050293
4,D_latent,1,10,-0.20520484447479248
4,D_latent,1,11,-0.22083187103271484
4,D_latent,1,12,-0.23596298694610596
4,D_latent,1,13,-0.250629186630249
4,D_latent,1,14,-0.2645217180252075
4,D_latent,1,15,-0.2774704694747925
4,D_latent,5,0,-0.11287736892700195
4,D_latent,5,1,-0.11507070064544678
4,D_latent,5,2,-0.12088906764984131
4,D_latent,5,3,-0.12946414947509766
4,D_latent,5,4,-0.14016985893249512
4,D_latent,5,5,-0.15233922004699707
4,D_latent,5,6,-0.16559159755706787
4,D_latent,5,7,-0.17959904670715332
4,D_latent,5,8,-0.19385504722595215
4,D_latent,5,9,-0.20828354358673096
4,D_latent,5,10,-0.2230464220046997
4,D_latent,5,11,-0.2378394603729248
4,D_latent,5,12,-0.2523484230041504
4,D_latent,5,13,-0.266587495803833
4,D_latent,5,14,-0.2802168130874634
4,D_latent,5,15,-0.2930288314819336
4,D_latent,10,0,-0.1640535593032837
4,D_latent,10,1,-0.15579462051391602
4,D_latent,10,2,-0.15483736991882324
4,D_latent,10,3,-0.1589118242263794
4,D_latent,10,4,-0.16658544540405273
4,D_latent,10,5,-0.17662250995635986
4,D_latent,10,6,-0.18837428092956543
4,D_latent,10,7,-0.20132923126220703
4,D_latent,10,8,-0.21479809284210205
4,D_latent,10,9,-0.22865509986877441
4,D_latent,10,10,-0.24301743507385254
4,D_latent,10,11,-0.257501482963562
4,D_latent,10,12,-0.2717771530151367
4,D_latent,10,13,-0.2858402729034424
4,D_latent,10,14,-0.299312949180603
4,D_latent,10,15,-0.31199049949645996
4,D_latent,15,0,-0.016800642013549805
4,D_latent,15,1,-0.016706347465515137
4,D_latent,15,2,-0.02191603183746338
4,D_latent,15,3,-0.030728936195373535
4,D_latent,15,4,-0.04212391376495361
4,D_latent,15,5,-0.055199623107910156
4,D_latent,15,6,-0.06951987743377686
4,D_latent,15,7,-0.08468854427337646
4,D_latent,15,8,-0.10011208057403564
4,D_latent,15,9,-0.1157679557800293
4,D_latent,15,10,-0.1318720579147339
4,D_latent,15,11,-0.14806950092315674
4,D_latent,15,12,-0.1640470027923584
4,D_latent,15,13,-0.17983686923980713
4,D_latent,15,14,-0.19505655765533447
4,D_latent,15,15,-0.20948576927185059
4,D_latent,20,0,0.06177318096160889
4,D_latent,20,1,0.06541657447814941
4,D_latent,20,2,0.05937552452087402
4,D_latent,20,3,0.05065208673477173
4,D_latent,20,4,0.04213958978652954
4,D_latent,20,5,0.031173229217529297
4,D_latent,20,6,0.019919872283935547
4,D_latent,20,7,0.009837687015533447
4,D_latent,20,8,-0.0007932186126708984
4,D_latent,20,9,-0.011368274688720703
4,D_latent,20,10,-0.020967721939086914
4,D_latent,20,11,-0.03052842617034912
4,D_latent,20,12,-0.03995513916015625
4,D_latent,20,13,-0.04839515686035156
4,D_latent,20,14,-0.05616164207458496
4,D_latent,20,15,-0.06328320503234863
4,D_latent,25,0,0.6530743837356567
4,D_latent,25,1,0.6531420946121216
4,D_latent,25,2,0.6460438966751099
4,D_latent,25,3,0.6347944736480713
4,D_latent,25,4,0.6235929727554321
4,D_latent,25,5,0.6107710599899292
4,D_latent,25,6,0.5963661670684814
4,D_latent,25,7,0.5838072299957275
4,D_latent,25,8,0.5710631608963013
4,D_latent,25,9,0.5580488443374634
4,D_latent,25,10,0.5465450882911682
4,D_latent,25,11,0.5336845517158508
4,D_latent,25,12,0.5210069417953491
4,D_latent,25,13,0.509680986404419
4,D_latent,25,14,0.4974556565284729
4,D_latent,25,15,0.4858158230781555
4,D_latent,30,0,0.8963172435760498
4,D_latent,30,1,0.9006315469741821
4,D_latent,30,2,0.9012733697891235
4,D_latent,30,3,0.898586094379425
4,D_latent,30,4,0.8948501348495483
4,D_latent,30,5,0.8894372582435608
4,D_latent,30,6,0.8819069266319275
4,D_latent,30,7,0.8757054805755615
4,D_latent,30,8,0.8697206974029541
4,D_latent,30,9,0.8630387783050537
4,D_latent,30,10,0.8571705222129822
4,D_latent,30,11,0.8500658869743347
4,D_latent,30,12,0.8421698808670044
4,D_latent,30,13,0.8354480266571045
4,D_latent,30,14,0.8272876739501953
4,D_latent,30,15,0.818840742111206
4,D_latent,35,0,0.9255837202072144
4,D_latent,35,1,0.9308096766471863
4,D_latent,35,2,0.9327977299690247
4,D_latent,35,3,0.9324203133583069
4,D_latent,35,4,0.9314279556274414
4,D_latent,35,5,0.9307144284248352
4,D_latent,35,6,0.9286487698554993
4,D_latent,35,7,0.9269980788230896
4,D_latent,35,8,0.9258868098258972
4,D_latent,35,9,0.9238764643669128
4,D_latent,35,10,0.9217664003372192
4,D_latent,35,11,0.9191453456878662
4,D_latent,35,12,0.9156761765480042
4,D_latent,35,13,0.9120162129402161
4,D_latent,35,14,0.9079576134681702
4,D_latent,35,15,0.9034212231636047
4,D_latent,40,0,0.946453869342804
4,D_latent,40,1,0.9497698545455933
4,D_latent,40,2,0.9519975185394287
4,D_latent,40,3,0.9524338841438293
4,D_latent,40,4,0.9527434706687927
4,D_latent,40,5,0.9535925388336182
4,D_latent,40,6,0.953265368938446
4,D_latent,40,7,0.9531900882720947
4,D_latent,40,8,0.9537107348442078
4,D_latent,40,9,0.9532036781311035
4,D_latent,40,10,0.9524804949760437
4,D_latent,40,11,0.9518786072731018
4,D_latent,40,12,0.9506705403327942
4,D_latent,40,13,0.9493471384048462
4,D_latent,40,14,0.9482070207595825
4,D_latent,40,15,0.9468834400177002
4,D_latent,45,0,0.9648963212966919
4,D_latent,45,1,0.966589093208313
4,D_latent,45,2,0.9676235914230347
4,D_latent,45,3,0.9670653939247131
4,D_latent,45,4,0.9662967324256897
4,D_latent,45,5,0.9656860828399658
4,D_latent,45,6,0.9641850590705872
4,D_latent,45,7,0.9630635380744934
4,D_latent,45,8,0.9624312520027161
4,D_latent,45,9,0.9612060189247131
4,D_latent,45,10,0.9602808356285095
4,D_latent,45,11,0.9595790505409241
4,D_latent,45,12,0.9587070345878601
4,D_latent,45,13,0.9577964544296265
4,D_latent,45,14,0.9570928812026978
4,D_latent,45,15,0.9564160704612732
4,D_latent,50,0,0.9433532953262329
4,D_latent,50,1,0.9441490173339844
4,D_latent,50,2,0.9450019598007202
4,D_latent,50,3,0.9445790648460388
4,D_latent,50,4,0.9439839124679565
4,D_latent,50,5,0.9439722895622253
4,D_latent,50,6,0.9434249401092529
4,D_latent,50,7,0.9433155655860901
4,D_latent,50,8,0.9439463019371033
4,D_latent,50,9,0.9440503120422363
4,D_latent,50,10,0.9443250298500061
4,D_latent,50,11,0.9450345635414124
4,D_latent,50,12,0.9457772374153137
4,D_latent,50,13,0.9463433027267456
4,D_latent,50,14,0.9472276568412781
4,D_latent,50,15,0.9481571912765503
4,D_latent,55,0,0.9607372283935547
4,D_latent,55,1,0.9620041847229004
4,D_latent,55,2,0.9628553986549377
4,D_latent,55,3,0.9622572064399719
4,D_latent,55,4,0.9613093137741089
4,D_latent,55,5,0.9605709910392761
4,D_latent,55,6,0.9592038989067078
4,D_latent,55,7,0.9580734372138977
4,D_latent,55,8,0.9573464393615723
4,D_latent,55,9,0.9562098979949951
4,D_latent,55,10,0.9553304314613342
4,D_latent,55,11,0.9548037648200989
4,D_latent,55,12,0.9544380903244019
4,D_latent,55,13,0.9540440440177917
4,D_latent,55,14,0.9540706276893616
4,D_latent,55,15,0.9543044567108154
4,D_latent,60,0,0.9620440602302551
4,D_latent,60,1,0.9626859426498413
4,D_latent,60,2,0.9635151028633118
4,D_latent,60,3,0.9630324840545654
4,D_latent,60,4,0.9621662497520447
4,D_latent,60,5,0.9614953994750977
4,D_latent,60,6,0.9600802659988403
4,D_latent,60,7,0.958957314491272
4,D_latent,60,8,0.9584317207336426
4,D_latent,60,9,0.9576621055603027
4,D_latent,60,10,0.9573533535003662
4,D_latent,60,11,0.957512617111206
4,D_latent,60,12,0.9577081799507141
4,D_latent,60,13,0.9579161405563354
4,D_latent,60,14,0.9583163857460022
4,D_latent,60,15,0.9586641788482666
4,D_latent,65,0,0.968061625957489
4,D_latent,65,1,0.9687220454216003
4,D_latent,65,2,0.9690972566604614
4,D_latent,65,3,0.9680997133255005
4,D_latent,65,4,0.9666857719421387
4,D_latent,65,5,0.96541827917099
4,D_latent,65,6,0.9633975028991699
4,D_latent,65,7,0.9615968465805054
4,D_latent,65,8,0.9603201746940613
4,D_latent,65,9,0.9586510062217712
4,D_latent,65,10,0.9573194980621338
4,D_latent,65,11,0.9564222693443298
4,D_latent,65,12,0.9555339813232422
4,D_latent,65,13,0.9547055959701538
4,D_latent,65,14,0.9543405175209045
4,D_latent,65,15,0.9540479183197021
4,B_task_nopark,1,0,-0.1834951639175415
4,B_task_nopark,1,1,-0.20104265213012695
4,B_task_nopark,1,2,-0.21934962272644043
4,B_task_nopark,1,3,-0.23826277256011963
4,B_task_nopark,1,4,-0.2576601505279541
4,B_task_nopark,1,5,-0.27728331089019775
4,B_task_nopark,1,6,-0.2968548536300659
4,B_task_nopark,1,7,-0.3162316083908081
4,B_task_nopark,1,8,-0.3351041078567505
4,B_task_nopark,1,9,-0.35338592529296875
4,B_task_nopark,1,10,-0.37129485607147217
4,B_task_nopark,1,11,-0.38861072063446045
4,B_task_nopark,1,12,-0.405062198638916
4,B_task_nopark,1,13,-0.4207038879394531
4,B_task_nopark,1,14,-0.4352409839630127
4,B_task_nopark,1,15,-0.4485201835632324
4,B_task_nopark,5,0,-0.2715888023376465
4,B_task_nopark,5,1,-0.28504836559295654
4,B_task_nopark,5,2,-0.29964613914489746
4,B_task_nopark,5,3,-0.31504905223846436
4,B_task_nopark,5,4,-0.3312504291534424
4,B_task_nopark,5,5,-0.3479570150375366
4,B_task_nopark,5,6,-0.36472034454345703
4,B_task_nopark,5,7,-0.3815070390701294
4,B_task_nopark,5,8,-0.39793336391448975
4,B_task_nopark,5,9,-0.4138230085372925
4,B_task_nopark,5,10,-0.42948293685913086
4,B_task_nopark,5,11,-0.44458794593811035
4,B_task_nopark,5,12,-0.4588487148284912
4,B_task_nopark,5,13,-0.47238874435424805
4,B_task_nopark,5,14,-0.48483240604400635
4,B_task_nopark,5,15,-0.4960261583328247
4,B_task_nopark,10,0,-0.05873227119445801
4,B_task_nopark,10,1,-0.05566132068634033
4,B_task_nopark,10,2,-0.05992686748504639
4,B_task_nopark,10,3,-0.06871283054351807
4,B_task_nopark,10,4,-0.07972431182861328
4,B_task_nopark,10,5,-0.09281420707702637
4,B_task_nopark,10,6,-0.10737121105194092
4,B_task_nopark,10,7,-0.12216949462890625
4,B_task_nopark,10,8,-0.13733279705047607
4,B_task_nopark,10,9,-0.15261352062225342
4,B_task_nopark,10,10,-0.16776156425476074
4,B_task_nopark,10,11,-0.18311560153961182
4,B_task_nopark,10,12,-0.19802963733673096
4,B_task_nopark,10,13,-0.21226286888122559
4,B_task_nopark,10,14,-0.22597825527191162
4,B_task_nopark,10,15,-0.2385786771774292
4,B_task_nopark,15,0,0.3037042021751404
4,B_task_nopark,15,1,0.2830701470375061
4,B_task_nopark,15,2,0.26587629318237305
4,B_task_nopark,15,3,0.24787670373916626
4,B_task_nopark,15,4,0.22986483573913574
4,B_task_nopark,15,5,0.21181118488311768
4,B_task_nopark,15,6,0.1930510401725769
4,B_task_nopark,15,7,0.17505592107772827
4,B_task_nopark,15,8,0.15798676013946533
4,B_task_nopark,15,9,0.14111089706420898
4,B_task_nopark,15,10,0.12488609552383423
4,B_task_nopark,15,11,0.10910600423812866
4,B_task_nopark,15,12,0.09390240907669067
4,B_task_nopark,15,13,0.07977581024169922
4,B_task_nopark,15,14,0.06676453351974487
4,B_task_nopark,15,15,0.05492210388183594
4,B_task_nopark,20,0,0.8678991198539734
4,B_task_nopark,20,1,0.8497998118400574
4,B_task_nopark,20,2,0.8383723497390747
4,B_task_nopark,20,3,0.8264973163604736
4,B_task_nopark,20,4,0.8135626316070557
4,B_task_nopark,20,5,0.8001140356063843
4,B_task_nopark,20,6,0.7862207889556885
4,B_task_nopark,20,7,0.7728282809257507
4,B_task_nopark,20,8,0.7602980136871338
4,B_task_nopark,20,9,0.7481117248535156
4,B_task_nopark,20,10,0.7363464832305908
4,B_task_nopark,20,11,0.7248794436454773
4,B_task_nopark,20,12,0.7137725353240967
4,B_task_nopark,20,13,0.7032292485237122
4,B_task_nopark,20,14,0.6930299997329712
4,B_task_nopark,20,15,0.6836000084877014
4,B_task_nopark,25,0,0.9160225987434387
4,B_task_nopark,25,1,0.90203857421875
4,B_task_nopark,25,2,0.8915543556213379
4,B_task_nopark,25,3,0.8789727687835693
4,B_task_nopark,25,4,0.8653454780578613
4,B_task_nopark,25,5,0.85100919008255
4,B_task_nopark,25,6,0.8364385366439819
4,B_task_nopark,25,7,0.8227155804634094
4,B_task_nopark,25,8,0.8095569014549255
4,B_task_nopark,25,9,0.7969870567321777
4,B_task_nopark,25,10,0.7851220369338989
4,B_task_nopark,25,11,0.7734519839286804
4,B_task_nopark,25,12,0.7623734474182129
4,B_task_nopark,25,13,0.7519650459289551
4,B_task_nopark,25,14,0.7417982816696167
4,B_task_nopark,25,15,0.732429027557373
4,B_task_nopark,30,0,0.9037647843360901
4,B_task_nopark,30,1,0.887972354888916
4,B_task_nopark,30,2,0.8771474957466125
4,B_task_nopark,30,3,0.8635812401771545
4,B_task_nopark,30,4,0.8491733074188232
4,B_task_nopark,30,5,0.8343492746353149
4,B_task_nopark,30,6,0.8197342157363892
4,B_task_nopark,30,7,0.8061568737030029
4,B_task_nopark,30,8,0.793300986289978
4,B_task_nopark,30,9,0.7815309166908264
4,B_task_nopark,30,10,0.7704998254776001
4,B_task_nopark,30,11,0.7598173022270203
4,B_task_nopark,30,12,0.7501640319824219
4,B_task_nopark,30,13,0.7412055730819702
4,B_task_nopark,30,14,0.7326121926307678
4,B_task_nopark,30,15,0.7251492738723755
4,B_task_nopark,35,0,0.9019743204116821
4,B_task_nopark,35,1,0.8848015666007996
4,B_task_nopark,35,2,0.8749143481254578
4,B_task_nopark,35,3,0.8619580864906311
4,B_task_nopark,35,4,0.8477916717529297
4,B_task_nopark,35,5,0.8330633640289307
4,B_task_nopark,35,6,0.8184784054756165
4,B_task_nopark,35,7,0.8050297498703003
4,B_task_nopark,35,8,0.7925077676773071
4,B_task_nopark,35,9,0.7812570333480835
4,B_task_nopark,35,10,0.7710831761360168
4,B_task_nopark,35,11,0.7614763975143433
4,B_task_nopark,35,12,0.7530622482299805
4,B_task_nopark,35,13,0.7456920742988586
4,B_task_nopark,35,14,0.73887038230896
4,B_task_nopark,35,15,0.733221173286438
4,B_task_nopark,40,0,0.9263685941696167
4,B_task_nopark,40,1,0.9119061827659607
4,B_task_nopark,40,2,0.901351273059845
4,B_task_nopark,40,3,0.8876065015792847
4,B_task_nopark,40,4,0.8726823925971985
4,B_task_nopark,40,5,0.8570342063903809
4,B_task_nopark,40,6,0.8414804339408875
4,B_task_nopark,40,7,0.826998233795166
4,B_task_nopark,40,8,0.8133432865142822
4,B_task_nopark,40,9,0.8009254932403564
4,B_task_nopark,40,10,0.7895388603210449
4,B_task_nopark,40,11,0.7788541316986084
4,B_task_nopark,40,12,0.7695282697677612
4,B_task_nopark,40,13,0.761135458946228
4,B_task_nopark,40,14,0.7532197833061218
4,B_task_nopark,40,15,0.7464715838432312
4,B_task_nopark,45,0,0.9034719467163086
4,B_task_nopark,45,1,0.8863022327423096
4,B_task_nopark,45,2,0.8754112124443054
4,B_task_nopark,45,3,0.8624944686889648
4,B_task_nopark,45,4,0.8490004539489746
4,B_task_nopark,45,5,0.8350690603256226
4,B_task_nopark,45,6,0.8212642073631287
4,B_task_nopark,45,7,0.8084006309509277
4,B_task_nopark,45,8,0.79631108045578
4,B_task_nopark,45,9,0.7853349447250366
4,B_task_nopark,45,10,0.7753052115440369
4,B_task_nopark,45,11,0.7659323215484619
4,B_task_nopark,45,12,0.7576779127120972
4,B_task_nopark,45,13,0.7502740025520325
4,B_task_nopark,45,14,0.743428111076355
4,B_task_nopark,45,15,0.7375725507736206
4,B_task_nopark,50,0,0.9165075421333313
4,B_task_nopark,50,1,0.8971379995346069
4,B_task_nopark,50,2,0.8820897340774536
4,B_task_nopark,50,3,0.8657189607620239
4,B_task_nopark,50,4,0.8492105603218079
4,B_task_nopark,50,5,0.8326386213302612
4,B_task_nopark,50,6,0.8165988922119141
4,B_task_nopark,50,7,0.8015949726104736
4,B_task_nopark,50,8,0.7875733375549316
4,B_task_nopark,50,9,0.7747613787651062
4,B_task_nopark,50,10,0.7627976536750793
4,B_task_nopark,50,11,0.7514440417289734
4,B_task_nopark,50,12,0.7412428855895996
4,B_task_nopark,50,13,0.7318256497383118
4,B_task_nopark,50,14,0.722988486289978
4,B_task_nopark,50,15,0.7152087688446045
4,B_task_nopark,55,0,0.9140200018882751
4,B_task_nopark,55,1,0.8968951106071472
4,B_task_nopark,55,2,0.8824827671051025
4,B_task_nopark,55,3,0.8669099807739258
4,B_task_nopark,55,4,0.8513989448547363
4,B_task_nopark,55,5,0.8359863758087158
4,B_task_nopark,55,6,0.8208716511726379
4,B_task_nopark,55,7,0.8067296743392944
4,B_task_nopark,55,8,0.7935308218002319
4,B_task_nopark,55,9,0.7814742922782898
4,B_task_nopark,55,10,0.7705060243606567
4,B_task_nopark,55,11,0.7604471445083618
4,B_task_nopark,55,12,0.7514268159866333
4,B_task_nopark,55,13,0.7434072494506836
4,B_task_nopark,55,14,0.7360340356826782
4,B_task_nopark,55,15,0.7293961048126221
4,B_task_nopark,60,0,0.9180278778076172
4,B_task_nopark,60,1,0.9038411974906921
4,B_task_nopark,60,2,0.8918867111206055
4,B_task_nopark,60,3,0.8784149289131165
4,B_task_nopark,60,4,0.864569365978241
4,B_task_nopark,60,5,0.8505316376686096
4,B_task_nopark,60,6,0.8365901708602905
4,B_task_nopark,60,7,0.823638916015625
4,B_task_nopark,60,8,0.811680793762207
4,B_task_nopark,60,9,0.8007546663284302
4,B_task_nopark,60,10,0.7909719944000244
4,B_task_nopark,60,11,0.7822355031967163
4,B_task_nopark,60,12,0.774599552154541
4,B_task_nopark,60,13,0.7680583000183105
4,B_task_nopark,60,14,0.7622939348220825
4,B_task_nopark,60,15,0.7573986649513245
4,B_task_nopark,65,0,0.9125446081161499
4,B_task_nopark,65,1,0.8986645340919495
4,B_task_nopark,65,2,0.8860784769058228
4,B_task_nopark,65,3,0.8724881410598755
4,B_task_nopark,65,4,0.8589578866958618
4,B_task_nopark,65,5,0.8455075025558472
4,B_task_nopark,65,6,0.8321056962013245
4,B_task_nopark,65,7,0.8196830749511719
4,B_task_nopark,65,8,0.808361291885376
4,B_task_nopark,65,9,0.7981600165367126
4,B_task_nopark,65,10,0.7891806960105896
4,B_task_nopark,65,11,0.7810705900192261
4,B_task_nopark,65,12,0.7737546563148499
4,B_task_nopark,65,13,0.7673557996749878
4,B_task_nopark,65,14,0.7615491151809692
4,B_task_nopark,65,15,0.7564634084701538
4,B_task_nopark,70,0,0.8973846435546875
4,B_task_nopark,70,1,0.8837097883224487
4,B_task_nopark,70,2,0.8712354302406311
4,B_task_nopark,70,3,0.8581501841545105
4,B_task_nopark,70,4,0.845507025718689
4,B_task_nopark,70,5,0.8331365585327148
4,B_task_nopark,70,6,0.820918083190918
4,B_task_nopark,70,7,0.8095917701721191
4,B_task_nopark,70,8,0.7993674278259277
4,B_task_nopark,70,9,0.7902073860168457
4,B_task_nopark,70,10,0.7820392847061157
4,B_task_nopark,70,11,0.7747735381126404
4,B_task_nopark,70,12,0.7683776617050171
4,B_task_nopark,70,13,0.7629349827766418
4,B_task_nopark,70,14,0.7581079602241516
4,B_task_nopark,70,15,0.7539143562316895
4,B_task_nopark,75,0,0.8982403874397278
4,B_task_nopark,75,1,0.8816418051719666
4,B_task_nopark,75,2,0.8647195100784302
4,B_task_nopark,75,3,0.8477665781974792
4,B_task_nopark,75,4,0.8314547538757324
4,B_task_nopark,75,5,0.8158722519874573
4,B_task_nopark,75,6,0.8009132742881775
4,B_task_nopark,75,7,0.7872216105461121
4,B_task_nopark,75,8,0.7750766277313232
4,B_task_nopark,75,9,0.7642434239387512
4,B_task_nopark,75,10,0.7546006441116333
4,B_task_nopark,75,11,0.7462360858917236
4,B_task_nopark,75,12,0.7389093637466431
4,B_task_nopark,75,13,0.7325212955474854
4,B_task_nopark,75,14,0.7269430160522461
4,B_task_nopark,75,15,0.7220920920372009
4,B_task_nopark,80,0,0.9075136780738831
4,B_task_nopark,80,1,0.8937453031539917
4,B_task_nopark,80,2,0.8805015683174133
4,B_task_nopark,80,3,0.8668978214263916
4,B_task_nopark,80,4,0.8538836240768433
4,B_task_nopark,80,5,0.8412729501724243
4,B_task_nopark,80,6,0.8289883732795715
4,B_task_nopark,80,7,0.817764401435852
4,B_task_nopark,80,8,0.8077775239944458
4,B_task_nopark,80,9,0.798854410648346
4,B_task_nopark,80,10,0.7909327745437622
4,B_task_nopark,80,11,0.7839992642402649
4,B_task_nopark,80,12,0.777895987033844
4,B_task_nopark,80,13,0.7727410197257996
4,B_task_nopark,80,14,0.7683172821998596
4,B_task_nopark,80,15,0.764351487159729
4,B_task_nopark,85,0,0.9005540609359741
4,B_task_nopark,85,1,0.8868721127510071
4,B_task_nopark,85,2,0.8718729019165039
4,B_task_nopark,85,3,0.8565729856491089
4,B_task_nopark,85,4,0.8419560194015503
4,B_task_nopark,85,5,0.8280099630355835
4,B_task_nopark,85,6,0.8144615888595581
4,B_task_nopark,85,7,0.8020015358924866
4,B_task_nopark,85,8,0.7909886837005615
4,B_task_nopark,85,9,0.7810343503952026
4,B_task_nopark,85,10,0.7720347046852112
4,B_task_nopark,85,11,0.7642188668251038
4,B_task_nopark,85,12,0.7571629285812378
4,B_task_nopark,85,13,0.7511249780654907
4,B_task_nopark,85,14,0.7459414005279541
4,B_task_nopark,85,15,0.7412304878234863
4,B_task_nopark,90,0,0.9085137248039246
4,B_task_nopark,90,1,0.8962591290473938
4,B_task_nopark,90,2,0.8829777836799622
4,B_task_nopark,90,3,0.8688439726829529
4,B_task_nopark,90,4,0.8551657795906067
4,B_task_nopark,90,5,0.8415833711624146
4,B_task_nopark,90,6,0.8278281092643738
4,B_task_nopark,90,7,0.814914345741272
4,B_task_nopark,90,8,0.803012490272522
4,B_task_nopark,90,9,0.7920302152633667
4,B_task_nopark,90,10,0.7820337414741516
4,B_task_nopark,90,11,0.7728914618492126
4,B_task_nopark,90,12,0.7644943594932556
4,B_task_nopark,90,13,0.7569242715835571
4,B_task_nopark,90,14,0.7499293088912964
4,B_task_nopark,90,15,0.7434720396995544
4,B_task_nopark,95,0,0.9024025201797485
4,B_task_nopark,95,1,0.891984760761261
4,B_task_nopark,95,2,0.8804983496665955
4,B_task_nopark,95,3,0.8678117990493774
4,B_task_nopark,95,4,0.8550443053245544
4,B_task_nopark,95,5,0.8424322009086609
4,B_task_nopark,95,6,0.8296673893928528
4,B_task_nopark,95,7,0.8175700902938843
4,B_task_nopark,95,8,0.8065001368522644
4,B_task_nopark,95,9,0.7963587045669556
4,B_task_nopark,95,10,0.7870882749557495
4,B_task_nopark,95,11,0.7788089513778687
4,B_task_nopark,95,12,0.7711250185966492
4,B_task_nopark,95,13,0.7642958760261536
4,B_task_nopark,95,14,0.7581003308296204
4,B_task_nopark,95,15,0.7523717284202576
4,B_task_nopark,100,0,0.9058990478515625
4,B_task_nopark,100,1,0.8916346430778503
4,B_task_nopark,100,2,0.8770714402198792
4,B_task_nopark,100,3,0.8621570467948914
4,B_task_nopark,100,4,0.8478384613990784
4,B_task_nopark,100,5,0.8338420391082764
4,B_task_nopark,100,6,0.8199958205223083
4,B_task_nopark,100,7,0.807202935218811
4,B_task_nopark,100,8,0.7954529523849487
4,B_task_nopark,100,9,0.784723162651062
4,B_task_nopark,100,10,0.7750372886657715
4,B_task_nopark,100,11,0.7663705348968506
4,B_task_nopark,100,12,0.7586005926132202
4,B_task_nopark,100,13,0.7517208456993103
4,B_task_nopark,100,14,0.7454913854598999
4,B_task_nopark,100,15,0.7397719621658325
4,D_latent_nopark,1,0,-0.205666184425354
4,D_latent_nopark,1,1,-0.22258329391479492
4,D_latent_nopark,1,2,-0.24023032188415527
4,D_latent_nopark,1,3,-0.25849032402038574
4,D_latent_nopark,1,4,-0.2772376537322998
4,D_latent_nopark,1,5,-0.2961982488632202
4,D_latent_nopark,1,6,-0.3151324987411499
4,D_latent_nopark,1,7,-0.3338726758956909
4,D_latent_nopark,1,8,-0.35211992263793945
4,D_latent_nopark,1,9,-0.36980319023132324
4,D_latent_nopark,1,10,-0.3871256113052368
4,D_latent_nopark,1,11,-0.4038734436035156
4,D_latent_nopark,1,12,-0.4197911024093628
4,D_latent_nopark,1,13,-0.4349106550216675
4,D_latent_nopark,1,14,-0.44894933700561523
4,D_latent_nopark,1,15,-0.46176230907440186
4,D_latent_nopark,5,0,-0.19405066967010498
4,D_latent_nopark,5,1,-0.211043119430542
4,D_latent_nopark,5,2,-0.22890400886535645
4,D_latent_nopark,5,3,-0.2474595308303833
4,D_latent_nopark,5,4,-0.2665611505508423
4,D_latent_nopark,5,5,-0.28595805168151855
4,D_latent_nopark,5,6,-0.3053685426712036
4,D_latent_nopark,5,7,-0.3246196508407593
4,D_latent_nopark,5,8,-0.34341228008270264
4,D_latent_nopark,5,9,-0.36165666580200195
4,D_latent_nopark,5,10,-0.37956738471984863
4,D_latent_nopark,5,11,-0.3969317674636841
4,D_latent_nopark,5,12,-0.4134714603424072
4,D_latent_nopark,5,13,-0.4292283058166504
4,D_latent_nopark,5,14,-0.4439120292663574
4,D_latent_nopark,5,15,-0.4573591947555542
4,D_latent_nopark,10,0,-0.24057137966156006
4,D_latent_nopark,10,1,-0.2527574300765991
4,D_latent_nopark,10,2,-0.2668626308441162
4,D_latent_nopark,10,3,-0.282415509223938
4,D_latent_nopark,10,4,-0.29909539222717285
4,D_latent_nopark,10,5,-0.31647789478302
4,D_latent_nopark,10,6,-0.33419299125671387
4,D_latent_nopark,10,7,-0.35201752185821533
4,D_latent_nopark,10,8,-0.3695765733718872
4,D_latent_nopark,10,9,-0.38675177097320557
4,D_latent_nopark,10,10,-0.40373992919921875
4,D_latent_nopark,10,11,-0.4202845096588135
4,D_latent_nopark,10,12,-0.43609118461608887
4,D_latent_nopark,10,13,-0.4512019157409668
4,D_latent_nopark,10,14,-0.46528828144073486
4,D_latent_nopark,10,15,-0.47819483280181885
4,D_latent_nopark,15,0,-0.27035272121429443
4,D_latent_nopark,15,1,-0.27493178844451904
4,D_latent_nopark,15,2,-0.28282487392425537
4,D_latent_nopark,15,3,-0.29311609268188477
4,D_latent_nopark,15,4,-0.3051649332046509
4,D_latent_nopark,15,5,-0.3184823989868164
4,D_latent_nopark,15,6,-0.3327178955078125
4,D_latent_nopark,15,7,-0.347454309463501
4,D_latent_nopark,15,8,-0.3623025417327881
4,D_latent_nopark,15,9,-0.3771880865097046
4,D_latent_nopark,15,10,-0.39217638969421387
4,D_latent_nopark,15,11,-0.40706586837768555
4,D_latent_nopark,15,12,-0.42156052589416504
4,D_latent_nopark,15,13,-0.43558669090270996
4,D_latent_nopark,15,14,-0.4488459825515747
4,D_latent_nopark,15,15,-0.4611855745315552
4,D_latent_nopark,20,0,-0.08574819564819336
4,D_latent_nopark,20,1,-0.08085429668426514
4,D_latent_nopark,20,2,-0.08688211441040039
4,D_latent_nopark,20,3,-0.0979759693145752
4,D_latent_nopark,20,4,-0.11127710342407227
4,D_latent_nopark,20,5,-0.12631893157958984
4,D_latent_nopark,20,6,-0.142675518989563
4,D_latent_nopark,20,7,-0.15911483764648438
4,D_latent_nopark,20,8,-0.1756352186203003
4,D_latent_nopark,20,9,-0.19230258464813232
4,D_latent_nopark,20,10,-0.20866143703460693
4,D_latent_nopark,20,11,-0.2248835563659668
4,D_latent_nopark,20,12,-0.24080026149749756
4,D_latent_nopark,20,13,-0.25588250160217285
4,D_latent_nopark,20,14,-0.2701716423034668
4,D_latent_nopark,20,15,-0.28358185291290283
4,D_latent_nopark,25,0,0.6596492528915405
4,D_latent_nopark,25,1,0.667012631893158
4,D_latent_nopark,25,2,0.6686240434646606
4,D_latent_nopark,25,3,0.666200578212738
4,D_latent_nopark,25,4,0.660589873790741
4,D_latent_nopark,25,5,0.6524488925933838
4,D_latent_nopark,25,6,0.6422544717788696
4,D_latent_nopark,25,7,0.6309009790420532
4,D_latent_nopark,25,8,0.6191631555557251
4,D_latent_nopark,25,9,0.6072295904159546
4,D_latent_nopark,25,10,0.5951035022735596
4,D_latent_nopark,25,11,0.5827189683914185
4,D_latent_nopark,25,12,0.570590078830719
4,D_latent_nopark,25,13,0.5589196681976318
4,D_latent_nopark,25,14,0.5476377010345459
4,D_latent_nopark,25,15,0.53697270154953
4,D_latent_nopark,30,0,0.8613205552101135
4,D_latent_nopark,30,1,0.8486392498016357
4,D_latent_nopark,30,2,0.8392581343650818
4,D_latent_nopark,30,3,0.8303953409194946
4,D_latent_nopark,30,4,0.8220260143280029
4,D_latent_nopark,30,5,0.8139976263046265
4,D_latent_nopark,30,6,0.8054664134979248
4,D_latent_nopark,30,7,0.7973272800445557
4,D_latent_nopark,30,8,0.7896428108215332
4,D_latent_nopark,30,9,0.7819145917892456
4,D_latent_nopark,30,10,0.7742774486541748
4,D_latent_nopark,30,11,0.7664074301719666
4,D_latent_nopark,30,12,0.7583980560302734
4,D_latent_nopark,30,13,0.750465989112854
4,D_latent_nopark,30,14,0.7422510385513306
4,D_latent_nopark,30,15,0.7342448234558105
4,D_latent_nopark,35,0,0.8879908323287964
4,D_latent_nopark,35,1,0.8757935762405396
4,D_latent_nopark,35,2,0.8643139004707336
4,D_latent_nopark,35,3,0.8531733155250549
4,D_latent_nopark,35,4,0.842575192451477
4,D_latent_nopark,35,5,0.8327545523643494
4,D_latent_nopark,35,6,0.8229482173919678
4,D_latent_nopark,35,7,0.813822865486145
4,D_latent_nopark,35,8,0.8057606220245361
4,D_latent_nopark,35,9,0.7979977130889893
4,D_latent_nopark,35,10,0.7906924486160278
4,D_latent_nopark,35,11,0.7835992574691772
4,D_latent_nopark,35,12,0.7766006588935852
4,D_latent_nopark,35,13,0.7698032855987549
4,D_latent_nopark,35,14,0.7630418539047241
4,D_latent_nopark,35,15,0.7565947771072388
4,D_latent_nopark,40,0,0.919192910194397
4,D_latent_nopark,40,1,0.9095938801765442
4,D_latent_nopark,40,2,0.8979492783546448
4,D_latent_nopark,40,3,0.8855374455451965
4,D_latent_nopark,40,4,0.8729166388511658
4,D_latent_nopark,40,5,0.8605750799179077
4,D_latent_nopark,40,6,0.8482626676559448
4,D_latent_nopark,40,7,0.8366085290908813
4,D_latent_nopark,40,8,0.8259336948394775
4,D_latent_nopark,40,9,0.815788745880127
4,D_latent_nopark,40,10,0.8060179352760315
4,D_latent_nopark,40,11,0.7966169118881226
4,D_latent_nopark,40,12,0.7876768708229065
4,D_latent_nopark,40,13,0.7789265513420105
4,D_latent_nopark,40,14,0.7704257965087891
4,D_latent_nopark,40,15,0.7626311779022217
4,D_latent_nopark,45,0,0.9321809411048889
4,D_latent_nopark,45,1,0.9236531257629395
4,D_latent_nopark,45,2,0.9132505655288696
4,D_latent_nopark,45,3,0.9019727110862732
4,D_latent_nopark,45,4,0.8903263211250305
4,D_latent_nopark,45,5,0.8789185285568237
4,D_latent_nopark,45,6,0.8673340082168579
4,D_latent_nopark,45,7,0.8562822341918945
4,D_latent_nopark,45,8,0.846133828163147
4,D_latent_nopark,45,9,0.8363217711448669
4,D_latent_nopark,45,10,0.8268641233444214
4,D_latent_nopark,45,11,0.817777693271637
4,D_latent_nopark,45,12,0.8090127110481262
4,D_latent_nopark,45,13,0.8003422021865845
4,D_latent_nopark,45,14,0.7919317483901978
4,D_latent_nopark,45,15,0.7840279340744019
4,D_latent_nopark,50,0,0.92775958776474
4,D_latent_nopark,50,1,0.9164174795150757
4,D_latent_nopark,50,2,0.9046287536621094
4,D_latent_nopark,50,3,0.8925658464431763
4,D_latent_nopark,50,4,0.8803544640541077
4,D_latent_nopark,50,5,0.8686201572418213
4,D_latent_nopark,50,6,0.8571104407310486
4,D_latent_nopark,50,7,0.8461704254150391
4,D_latent_nopark,50,8,0.83622145652771
4,D_latent_nopark,50,9,0.8269166350364685
4,D_latent_nopark,50,10,0.8179165720939636
4,D_latent_nopark,50,11,0.8093269467353821
4,D_latent_nopark,50,12,0.8013287782669067
4,D_latent_nopark,50,13,0.7934351563453674
4,D_latent_nopark,50,14,0.7859795689582825
4,D_latent_nopark,50,15,0.7793135046958923
4,D_latent_nopark,55,0,0.9181966781616211
4,D_latent_nopark,55,1,0.9092527031898499
4,D_latent_nopark,55,2,0.8995795249938965
4,D_latent_nopark,55,3,0.8894881010055542
4,D_latent_nopark,55,4,0.879159688949585
4,D_latent_nopark,55,5,0.869158148765564
4,D_latent_nopark,55,6,0.8592705130577087
4,D_latent_nopark,55,7,0.8500248789787292
4,D_latent_nopark,55,8,0.8417547345161438
4,D_latent_nopark,55,9,0.8340046405792236
4,D_latent_nopark,55,10,0.826507031917572
4,D_latent_nopark,55,11,0.8193074464797974
4,D_latent_nopark,55,12,0.8126314878463745
4,D_latent_nopark,55,13,0.8059954047203064
4,D_latent_nopark,55,14,0.7995953559875488
4,D_latent_nopark,55,15,0.7938611507415771
4,D_latent_nopark,60,0,0.9285517334938049
4,D_latent_nopark,60,1,0.9206979870796204
4,D_latent_nopark,60,2,0.9128051400184631
4,D_latent_nopark,60,3,0.9042311906814575
4,D_latent_nopark,60,4,0.8951507806777954
4,D_latent_nopark,60,5,0.8861240148544312
4,D_latent_nopark,60,6,0.876920759677887
4,D_latent_nopark,60,7,0.8682591915130615
4,D_latent_nopark,60,8,0.8606826663017273
4,D_latent_nopark,60,9,0.8536338806152344
4,D_latent_nopark,60,10,0.8468876481056213
4,D_latent_nopark,60,11,0.840541422367096
4,D_latent_nopark,60,12,0.8347132205963135
4,D_latent_nopark,60,13,0.8289778828620911
4,D_latent_nopark,60,14,0.8235594630241394
4,D_latent_nopark,60,15,0.8186812996864319
4,D_latent_nopark,65,0,0.912968099117279
4,D_latent_nopark,65,1,0.9040278196334839
4,D_latent_nopark,65,2,0.8948597311973572
4,D_latent_nopark,65,3,0.8850989937782288
4,D_latent_nopark,65,4,0.8747832775115967
4,D_latent_nopark,65,5,0.864435613155365
4,D_latent_nopark,65,6,0.8539562225341797
4,D_latent_nopark,65,7,0.8440082669258118
4,D_latent_nopark,65,8,0.8351254463195801
4,D_latent_nopark,65,9,0.8270240426063538
4,D_latent_nopark,65,10,0.8193385601043701
4,D_latent_nopark,65,11,0.8122883439064026
4,D_latent_nopark,65,12,0.8060771226882935
4,D_latent_nopark,65,13,0.8001981377601624
4,D_latent_nopark,65,14,0.7949184775352478
4,D_latent_nopark,65,15,0.7904959917068481
4,D_latent_nopark,70,0,0.9320325255393982
4,D_latent_nopark,70,1,0.924556314945221
4,D_latent_nopark,70,2,0.9169626235961914
4,D_latent_nopark,70,3,0.9085952639579773
4,D_latent_nopark,70,4,0.8994694352149963
4,D_latent_nopark,70,5,0.8902348279953003
4,D_latent_nopark,70,6,0.8807706236839294
4,D_latent_nopark,70,7,0.8717908263206482
4,D_latent_nopark,70,8,0.863905131816864
4,D_latent_nopark,70,9,0.8567577600479126
4,D_latent_nopark,70,10,0.850059986114502
4,D_latent_nopark,70,11,0.8438996076583862
4,D_latent_nopark,70,12,0.8383874893188477
4,D_latent_nopark,70,13,0.8331526517868042
4,D_latent_nopark,70,14,0.8283323645591736
4,D_latent_nopark,70,15,0.8241087198257446
4,D_latent_nopark,75,0,0.9344552755355835
4,D_latent_nopark,75,1,0.9276822805404663
4,D_latent_nopark,75,2,0.9202368259429932
4,D_latent_nopark,75,3,0.9117336869239807
4,D_latent_nopark,75,4,0.9024841785430908
4,D_latent_nopark,75,5,0.8930889964103699
4,D_latent_nopark,75,6,0.8835268020629883
4,D_latent_nopark,75,7,0.8744842410087585
4,D_latent_nopark,75,8,0.8665153980255127
4,D_latent_nopark,75,9,0.8593097925186157
4,D_latent_nopark,75,10,0.8526206016540527
4,D_latent_nopark,75,11,0.8465464115142822
4,D_latent_nopark,75,12,0.841225266456604
4,D_latent_nopark,75,13,0.8362575769424438
4,D_latent_nopark,75,14,0.8317456245422363
4,D_latent_nopark,75,15,0.8279145359992981
4,D_latent_nopark,80,0,0.9304332137107849
4,D_latent_nopark,80,1,0.9229450821876526
4,D_latent_nopark,80,2,0.915048360824585
4,D_latent_nopark,80,3,0.9062814712524414
4,D_latent_nopark,80,4,0.8967353105545044
4,D_latent_nopark,80,5,0.8870293498039246
4,D_latent_nopark,80,6,0.8770461082458496
4,D_latent_nopark,80,7,0.867483377456665
4,D_latent_nopark,80,8,0.8590292930603027
4,D_latent_nopark,80,9,0.851399838924408
4,D_latent_nopark,80,10,0.8444263339042664
4,D_latent_nopark,80,11,0.8382003903388977
4,D_latent_nopark,80,12,0.8328316807746887
4,D_latent_nopark,80,13,0.8279418349266052
4,D_latent_nopark,80,14,0.8237442970275879
4,D_latent_nopark,80,15,0.8203150629997253
4,D_latent_nopark,85,0,0.933242917060852
4,D_latent_nopark,85,1,0.9257872104644775
4,D_latent_nopark,85,2,0.9186235666275024
4,D_latent_nopark,85,3,0.9103246331214905
4,D_latent_nopark,85,4,0.9012055397033691
4,D_latent_nopark,85,5,0.8918371796607971
4,D_latent_nopark,85,6,0.8820188641548157
4,D_latent_nopark,85,7,0.8726441264152527
4,D_latent_nopark,85,8,0.8644000291824341
4,D_latent_nopark,85,9,0.8569265007972717
4,D_latent_nopark,85,10,0.849945604801178
4,D_latent_nopark,85,11,0.8436238765716553
4,D_latent_nopark,85,12,0.8381013870239258
4,D_latent_nopark,85,13,0.8329559564590454
4,D_latent_nopark,85,14,0.8284221291542053
4,D_latent_nopark,85,15,0.8245223760604858
4,D_latent_nopark,90,0,0.92296302318573
4,D_latent_nopark,90,1,0.9148154258728027
4,D_latent_nopark,90,2,0.9070299863815308
4,D_latent_nopark,90,3,0.898909330368042
4,D_latent_nopark,90,4,0.8904750943183899
4,D_latent_nopark,90,5,0.8819713592529297
4,D_latent_nopark,90,6,0.8731017708778381
4,D_latent_nopark,90,7,0.8645967245101929
4,D_latent_nopark,90,8,0.857148289680481
4,D_latent_nopark,90,9,0.8504467010498047
4,D_latent_nopark,90,10,0.8441754579544067
4,D_latent_nopark,90,11,0.8385718464851379
4,D_latent_nopark,90,12,0.833739697933197
4,D_latent_nopark,90,13,0.8291950225830078
4,D_latent_nopark,90,14,0.8251997828483582
4,D_latent_nopark,90,15,0.8217654228210449
