arm,seed,epoch,task_mse,aux,mse_k0,mse_k1,mse_kH,z_norm,z_dim_std,z_eff_rank,nonfinite_batches,sec
A_recon,0,1,1.0204476895539656,0.051188997600389564,1.0078727,0.90230024,1.141645,5.6568403244018555,0.03878112882375717,5.121659278869629,0,5.919183731079102
A_recon,0,2,1.0123807658319888,0.04388065960096276,0.9934213,0.88780767,1.1407173,5.65684175491333,0.18027928471565247,2.144962787628174,0,4.497003078460693
A_recon,0,3,1.007479709127675,0.029993471891983696,0.9826168,0.8754103,1.1399341,5.656845569610596,0.13896296918392181,2.603398561477661,0,4.525756597518921
A_recon,0,4,1.0020404483961023,0.027254757673844048,0.9745749,0.86788595,1.135052,5.656843662261963,0.16651159524917603,2.5269641876220703,0,4.556517124176025
A_recon,0,5,1.0045495240584663,0.021831585013348122,0.9770877,0.8685691,1.1382235,5.656832218170166,0.2512255907058716,2.6071572303771973,0,4.566011190414429
A_recon,0,6,1.0039851147195566,0.01940918357475944,0.9801035,0.87138766,1.1355575,5.656841278076172,0.18776105344295502,2.903393507003784,0,4.589199542999268
A_recon,0,7,0.9886233288308849,0.019235820873923924,0.9663641,0.85831463,1.1191587,5.656849384307861,0.1339603215456009,2.6646149158477783,0,4.647379398345947
A_recon,0,8,0.9408595872961957,0.018731824729753578,0.9235451,0.8264778,1.0557679,5.656849384307861,0.13392409682273865,2.8458034992218018,0,4.644555568695068
A_recon,0,9,0.9179947894552479,0.018247991800308228,0.90228695,0.81209815,1.0236791,5.656846523284912,0.14599469304084778,3.4174001216888428,0,4.661492109298706
A_recon,0,10,0.8922987398893937,0.01819556174070939,0.87548894,0.7910662,0.9936128,5.656850337982178,0.13957636058330536,3.200705051422119,0,4.718598365783691
A_recon,0,11,0.885494729746943,0.018426836832709934,0.867948,0.78586555,0.98436725,5.656849384307861,0.15029276907444,3.870011329650879,0,4.702418327331543
A_recon,0,12,0.8684312571649966,0.018191507329111515,0.8488081,0.7723509,0.9664851,5.656850337982178,0.1598454713821411,3.9376795291900635,0,4.7568604946136475
A_recon,0,13,0.851327481477157,0.017815899589787357,0.8286584,0.7571042,0.9479539,5.656851291656494,0.15086692571640015,4.287137508392334,0,4.795129060745239
A_recon,0,14,0.8433003632918649,0.018157756846884022,0.8207817,0.7503857,0.93784165,5.656853675842285,0.14727231860160828,3.8640520572662354,0,4.817671298980713
A_recon,0,15,0.8416501750116763,0.017457429481589275,0.8202288,0.75044096,0.9328657,5.656853675842285,0.13112694025039673,4.398226737976074,0,4.8432776927948
A_recon,0,16,0.8343986842943274,0.017157322686651478,0.81058514,0.74318707,0.926216,5.656853199005127,0.18719476461410522,4.467777729034424,0,4.88135290145874
A_recon,0,17,0.8324430714482847,0.017471472854199616,0.81007165,0.741013,0.92371976,5.656852722167969,0.2386074960231781,4.600602626800537,0,4.9168572425842285
A_recon,0,18,0.8249148493227751,0.016605563785718834,0.8023831,0.736195,0.9134355,5.656853675842285,0.2003699243068695,4.738149166107178,0,4.98230767250061
A_recon,0,19,0.8329160109810207,0.01712313164835391,0.81465745,0.7431646,0.9223205,5.656852722167969,0.3111756145954132,4.986268997192383,0,5.002551317214966
A_recon,0,20,0.826630799666695,0.017758017000944717,0.8049485,0.7380246,0.91530716,5.656853675842285,0.2383415549993515,4.867245197296143,0,5.085911512374878
A_recon,0,21,0.8196754455566406,0.016967129448185795,0.79902285,0.73222446,0.9073893,5.656853675842285,0.2349490076303482,5.209693908691406,0,5.183543682098389
A_recon,0,22,0.8112931458846383,0.016552401625591774,0.7895743,0.7258242,0.8974804,5.656853675842285,0.2751588225364685,5.552947044372559,0,5.266772985458374
A_recon,0,23,0.8121675408404806,0.0173517776572186,0.7906525,0.7256565,0.8992365,5.656853675842285,0.29558998346328735,5.626383304595947,0,5.376192808151245
A_recon,0,24,0.8145325702169667,0.01692074796427851,0.7949968,0.72852707,0.901081,5.656852722167969,0.33885324001312256,5.946106433868408,0,5.393472909927368
A_recon,0,25,0.8120301288107167,0.01815234837324723,0.7933032,0.7272291,0.8975289,5.656853675842285,0.2867205739021301,5.762855529785156,0,5.275237798690796
A_recon,0,26,0.8049199477485989,0.017247303672458813,0.78467894,0.7209685,0.88972676,5.656853675842285,0.3181081712245941,6.044931888580322,0,5.149981737136841
A_recon,0,27,0.8002720708432405,0.017305574987245644,0.7817813,0.7172995,0.88479733,5.656853675842285,0.3705825209617615,6.265345096588135,0,5.083690166473389
A_recon,0,28,0.7963698013969089,0.017166129920793617,0.7788757,0.71325296,0.88079554,5.656854629516602,0.32809826731681824,6.350767135620117,0,5.027351140975952
A_recon,0,29,0.7949466705322266,0.01700266806975655,0.7778421,0.7127785,0.87902856,5.656853675842285,0.3851947784423828,6.95573616027832,0,5.019459247589111
A_recon,0,30,0.7888490428095278,0.016869592925776607,0.770537,0.7081226,0.87181515,5.656853675842285,0.3312537670135498,7.5310797691345215,0,5.018359422683716
A_recon,0,31,0.7876328178074049,0.01772362382515617,0.7702469,0.7073336,0.8706811,5.656853675842285,0.3987177908420563,7.940070152282715,0,4.977713108062744
A_recon,0,32,0.7760008107060972,0.01748697394910066,0.76003903,0.6973907,0.85743374,5.656853675842285,0.39956873655319214,8.458239555358887,0,4.988408327102661
A_recon,0,33,0.7678507929262908,0.018854593453199966,0.7504778,0.69077206,0.8486,5.656853675842285,0.40692031383514404,8.634748458862305,0,5.003638505935669
A_recon,0,34,0.7679500579833984,0.019239355688509735,0.7501629,0.6908651,0.8480311,5.656852722167969,0.42398613691329956,11.13382625579834,0,5.044178009033203
A_recon,0,35,0.7635153065557065,0.018051006223844444,0.7479002,0.6888852,0.8419664,5.656852722167969,0.41810342669487,11.125231742858887,0,5.090318918228149
A_recon,0,36,0.7516758960226307,0.018304059038991512,0.73359,0.6771737,0.83174425,5.656852722167969,0.4524342119693756,11.48943042755127,0,5.1179585456848145
A_recon,0,37,0.7416121441385021,0.018154622420020725,0.7290813,0.6708873,0.81750244,5.656851291656494,0.47781985998153687,12.510238647460938,0,5.179917812347412
A_recon,0,38,0.7244887144669242,0.017916206432425457,0.7090631,0.6559103,0.80020875,5.6568450927734375,0.4477134644985199,14.069836616516113,0,5.145924806594849
A_recon,0,39,0.7093600397524626,0.018622402263724285,0.6954087,0.6417488,0.78591645,5.656842231750488,0.561524510383606,16.78412628173828,0,5.153901815414429
A_recon,0,40,0.6877867657205333,0.018071181100347767,0.67624855,0.62502205,0.76089406,5.656845569610596,0.5484631061553955,16.334238052368164,0,5.1495466232299805
A_recon,0,41,0.672582833663277,0.01723213817762292,0.6611588,0.6121225,0.7444197,5.656843185424805,0.5815535187721252,17.020769119262695,0,5.105870246887207
A_recon,0,42,0.6353289562722911,0.017182276300762012,0.6216629,0.5805735,0.703076,5.656840801239014,0.5728917121887207,18.302709579467773,0,5.105952262878418
A_recon,0,43,0.6113167223723038,0.017455904380134914,0.59701663,0.55956835,0.6789945,5.656826019287109,0.623631477355957,19.772668838500977,0,5.077096700668335
A_recon,0,44,0.5804387382839037,0.01718520859013433,0.5705607,0.53487575,0.6437165,5.656826019287109,0.6168466806411743,19.572885513305664,0,5.048696517944336
A_recon,0,45,0.5700047534445057,0.01732816773912181,0.557222,0.52437735,0.63433266,5.6568284034729,0.6456254124641418,19.498437881469727,0,5.06622576713562
A_recon,0,46,0.5388063762498938,0.016905353121135547,0.5308911,0.49806798,0.60128003,5.656822681427002,0.6735265851020813,21.11688995361328,0,5.041046857833862
A_recon,0,47,0.5105984729269276,0.017106358123862225,0.5014306,0.47568604,0.56804925,5.65681266784668,0.7134055495262146,22.20742416381836,0,5.0783774852752686
A_recon,0,48,0.48571259042491083,0.01686131565467171,0.47811463,0.45426115,0.5409447,5.656805515289307,0.7166482210159302,22.716388702392578,0,5.110341787338257
A_recon,0,49,0.45839977264404297,0.017021238803863525,0.4526765,0.4325092,0.50965196,5.656787872314453,0.735336184501648,22.32756996154785,0,5.102612495422363
A_recon,0,50,0.4344261003577191,0.01688366350920304,0.4298341,0.41131228,0.4846974,5.656802654266357,0.733786404132843,23.229110717773438,0,5.120954751968384
A_recon,0,51,0.42960295469864557,0.01653663749280183,0.42238677,0.40703154,0.47996113,5.656800270080566,0.7396715879440308,23.41509437561035,0,5.12067723274231
A_recon,0,52,0.40065238786780316,0.016729133284610252,0.39797068,0.3836804,0.44654492,5.656798362731934,0.752013623714447,23.258426666259766,0,5.121074438095093
A_recon,0,53,0.3701912838479747,0.015939945759980576,0.3679302,0.3578433,0.4122368,5.65680456161499,0.7399700880050659,23.49639129638672,0,5.124898672103882
A_recon,0,54,0.3459819503452467,0.015661322552224865,0.34472138,0.337258,0.38548997,5.656793117523193,0.7727824449539185,23.68297004699707,0,5.080718994140625
A_recon,0,55,0.3271705378656802,0.01560877976210221,0.32775098,0.32217276,0.3627959,5.656788349151611,0.792987585067749,24.128143310546875,0,5.083691596984863
A_recon,0,56,0.3456241358881411,0.0158726560032886,0.3479144,0.3376923,0.38434237,5.656765937805176,0.8002345561981201,24.32218360900879,0,5.070230484008789
A_recon,0,57,0.34104287106057873,0.016428026168242744,0.3422813,0.33329022,0.37860718,5.65675687789917,0.828526496887207,24.6648006439209,0,5.05056095123291
A_recon,0,58,0.32962908952132514,0.01612406709919805,0.33099183,0.32419914,0.36425263,5.656765937805176,0.8133888244628906,24.6638240814209,0,5.061742305755615
A_recon,0,59,0.28872305413951044,0.015492708786674168,0.29157683,0.29207122,0.31733403,5.656763076782227,0.8017255067825317,24.770647048950195,0,5.079397439956665
A_recon,0,60,0.28768332108207373,0.015577098597650942,0.29053688,0.28731564,0.3200783,5.656782627105713,0.8055387735366821,24.50204849243164,0,5.0749547481536865
A_recon,0,61,0.2610918749933657,0.015413512354311735,0.26562455,0.26768377,0.28678927,5.6567702293396,0.8039314150810242,24.7454776763916,0,5.100811004638672
A_recon,0,62,0.24714745645937714,0.015175146901089212,0.25237587,0.25558802,0.27033007,5.656759738922119,0.8311222791671753,25.043609619140625,0,5.068125486373901
A_recon,0,63,0.22538610126661218,0.01494103799695554,0.23258908,0.23650824,0.24643101,5.656759738922119,0.8171324729919434,25.115373611450195,0,5.0937933921813965
A_recon,0,64,0.21426316966181216,0.014933372321336166,0.22233756,0.22748497,0.23231803,5.656754970550537,0.8276757001876831,25.414583206176758,0,5.116665601730347
A_recon,0,65,0.20472891434379245,0.014729628096456114,0.21423058,0.2189395,0.22151513,5.6567583084106445,0.8198689818382263,25.437952041625977,0,5.112605571746826
A_recon,0,66,0.20761301206505817,0.014676761368046637,0.21633714,0.2205102,0.22653006,5.656749725341797,0.8311928510665894,25.372318267822266,0,5.0934412479400635
A_recon,0,67,0.19727026897927988,0.014637029689291248,0.20682532,0.21048088,0.21588553,5.656739711761475,0.840700626373291,25.481536865234375,0,5.112258672714233
A_recon,0,68,0.1933503772901452,0.014735444732334303,0.20383888,0.20970793,0.20834814,5.656739711761475,0.8483343124389648,25.73645782470703,0,5.1069111824035645
A_recon,0,69,0.17700531171715778,0.014517410941745924,0.18801127,0.19412994,0.1907795,5.656741619110107,0.8424152135848999,25.71458625793457,0,5.118397235870361
A_recon,0,70,0.16901705576025922,0.014330462269161058,0.1811706,0.18736182,0.18104802,5.656744480133057,0.8484212160110474,25.788673400878906,0,5.120662212371826
A_recon,0,71,0.1700265303902004,0.014364994090536366,0.18237162,0.18766518,0.1824958,5.656740665435791,0.8364322781562805,25.962392807006836,0,5.117619752883911
A_recon,0,72,0.1619404813517695,0.01427939015886058,0.17399347,0.18029346,0.17357016,5.656736373901367,0.8551867604255676,25.97938346862793,0,5.116748809814453
A_recon,0,73,0.15367856233016305,0.0140784810418668,0.1666824,0.17312151,0.16426715,5.656741142272949,0.8472021818161011,25.957576751708984,0,5.117725610733032
A_recon,0,74,0.1450037023295527,0.0139580848424331,0.15948808,0.16624057,0.15336752,5.6567254066467285,0.8657032251358032,26.1414852142334,0,5.112851619720459
A_recon,0,75,0.14027259660803754,0.013904269622719807,0.15454869,0.16065283,0.14876814,5.656727313995361,0.859655499458313,26.220735549926758,0,5.122759819030762
A_recon,0,76,0.13478993332904318,0.013789901266927305,0.14960536,0.15644407,0.14137332,5.656718730926514,0.8605532050132751,26.288528442382812,0,5.093646049499512
A_recon,0,77,0.12796180144600247,0.013668614885081415,0.14352074,0.14973012,0.1347712,5.656723499298096,0.8603513240814209,26.341768264770508,0,5.111032247543335
A_recon,0,78,0.12414104005564815,0.013571940038515173,0.13986656,0.14575644,0.13056655,5.6567182540893555,0.8610712289810181,26.383943557739258,0,5.1192991733551025
A_recon,0,79,0.12152133817258089,0.013486036787862364,0.13717134,0.14337195,0.12783511,5.656723499298096,0.8652548789978027,26.42073631286621,0,5.092226028442383
A_recon,0,80,0.12028099142986795,0.013431440229001253,0.13709892,0.14161247,0.12711258,5.656723499298096,0.8654777407646179,26.426313400268555,0,5.124109983444214
A_recon,0,81,0.11696517985800038,0.01338768912398297,0.13319352,0.13843921,0.12333749,5.656723499298096,0.8694936037063599,26.510217666625977,0,5.106917381286621
A_recon,0,82,0.11700320243835449,0.013259612995645275,0.13241884,0.13759726,0.12423089,5.656712055206299,0.8571099042892456,26.46114730834961,0,5.109661340713501
A_recon,0,83,0.12159961202870244,0.013251931770988132,0.1370997,0.14090142,0.12952717,5.6567158699035645,0.8681087493896484,26.477598190307617,0,5.112135171890259
A_recon,0,84,0.15041928705961807,0.01345484153084133,0.16558827,0.16521358,0.16322862,5.656715393066406,0.8592021465301514,26.583181381225586,0,5.109618186950684
A_recon,0,85,0.17879289129505987,0.014248042002968166,0.19113883,0.19082522,0.1947361,5.656720161437988,0.8826698064804077,26.346691131591797,0,5.132293701171875
A_recon,0,86,0.2049919418666674,0.014507992112118265,0.21698199,0.21165603,0.22742201,5.656723499298096,0.8536888360977173,26.165904998779297,0,5.092836856842041
A_recon,0,87,0.1978683679000191,0.014965333368467249,0.20958191,0.20853269,0.21670966,5.65676212310791,0.8471980690956116,25.90582847595215,0,5.099600553512573
A_recon,0,88,0.17813680482947308,0.01421765659166419,0.19208764,0.19042869,0.19483326,5.656767845153809,0.8559589982032776,26.410717010498047,0,5.117938280105591
A_recon,0,89,0.12735629081726074,0.01348503387492636,0.1443202,0.14850703,0.13346621,5.65676212310791,0.8695998191833496,26.569583892822266,0,5.08637809753418
A_recon,0,90,0.1077414491902227,0.013066891742789227,0.12541075,0.130412,0.111220814,5.65675687789917,0.865127682685852,26.643604278564453,0,5.097185134887695
A_recon,0,91,0.09919717000878375,0.012854940217474232,0.11728214,0.1223446,0.10189509,5.6567559242248535,0.8662853837013245,26.711029052734375,0,5.091803312301636
A_recon,0,92,0.09374592615210492,0.01270381782365882,0.111852504,0.116871476,0.09617358,5.656750679016113,0.8693355321884155,26.71906852722168,0,5.102652072906494
A_recon,0,93,0.08879440763722295,0.012574137552924778,0.10711687,0.111789614,0.09119624,5.656747817993164,0.8693058490753174,26.82494354248047,0,5.108593702316284
A_recon,0,94,0.08480962981348453,0.012475144603978033,0.10301211,0.10750023,0.08717163,5.656746864318848,0.8685829639434814,26.773374557495117,0,5.10811972618103
A_recon,0,95,0.08260636744291885,0.012372066145357878,0.100847445,0.10512736,0.08541724,5.656739234924316,0.8725197911262512,26.876726150512695,0,5.0977911949157715
A_recon,0,96,0.07967182346012282,0.012314309244570524,0.09798201,0.10229809,0.08208373,5.656744480133057,0.8725471496582031,26.86321449279785,0,5.105849504470825
A_recon,0,97,0.0772920795108961,0.012220599081205286,0.09555654,0.09952419,0.079813786,5.656739234924316,0.8719394207000732,26.899906158447266,0,5.106147289276123
A_recon,0,98,0.07479835074880849,0.012129783630371094,0.09291536,0.09668087,0.07740282,5.656741619110107,0.8688331842422485,26.92055320739746,0,5.091875314712524
A_recon,0,99,0.07336954448534094,0.012092721203099127,0.0915105,0.09485988,0.076055,5.656741142272949,0.8707029819488525,26.873817443847656,0,5.11047625541687
A_recon,0,100,0.07199989194455354,0.012057444323664126,0.09013795,0.09362462,0.07465655,5.656734466552734,0.8712677359580994,26.937875747680664,0,5.0915703773498535
A_recon,0,101,0.07115233462789784,0.011905041725739189,0.089186005,0.092333175,0.07436276,5.656740665435791,0.8766123056411743,26.938583374023438,0,5.087106943130493
A_recon,0,102,0.06905014100282089,0.01185277363528376,0.08657658,0.09015919,0.07161566,5.656730651855469,0.8728727102279663,27.03091812133789,0,5.105720043182373
A_recon,0,103,0.06597031199413797,0.011804544407388439,0.0834869,0.08648481,0.069079295,5.656737327575684,0.8707077503204346,27.027355194091797,0,5.095556020736694
A_recon,0,104,0.06504243353138799,0.011806984310564787,0.08273606,0.085250765,0.06827086,5.656729221343994,0.8701258897781372,27.030498504638672,0,5.106226682662964
A_recon,0,105,0.08041286986807118,0.012028396129608154,0.096469074,0.09818381,0.08668225,5.656728744506836,0.877810001373291,26.895597457885742,0,5.103691816329956
A_recon,0,106,0.07000646902167279,0.011783511742301609,0.087077744,0.08969257,0.07401397,5.656735420227051,0.8642235994338989,27.024911880493164,0,5.079079627990723
A_recon,0,107,0.06307976660521133,0.011662836955941242,0.08037618,0.08303935,0.06650415,5.656727313995361,0.8703537583351135,26.979331970214844,0,5.102895021438599
A_recon,0,108,0.06016132624252983,0.011589028265165247,0.07756755,0.079911806,0.063442156,5.656732559204102,0.8653441667556763,27.060359954833984,0,5.097938299179077
A_recon,0,109,0.05744964143504267,0.011549848577250605,0.07444888,0.076763526,0.060730424,5.656729221343994,0.8714205622673035,27.05514144897461,0,5.092150688171387
A_recon,0,110,0.05646103879679804,0.011540324791618015,0.07343234,0.07539769,0.059805647,5.656730651855469,0.8691490888595581,27.129365921020508,0,5.109322547912598
A_recon,0,111,0.05423256106998609,0.011476669622504192,0.07098109,0.0730642,0.057859726,5.656731128692627,0.8738114833831787,27.149450302124023,0,5.089658975601196
A_recon,0,112,0.052930748980978264,0.011399015136387037,0.0697865,0.071272835,0.056803104,5.656728267669678,0.8691611886024475,27.066600799560547,0,5.115097522735596
A_recon,0,113,0.05489467537921408,0.011487975068714308,0.07156828,0.07291836,0.059182175,5.656729221343994,0.8720473051071167,27.18236541748047,0,5.110198259353638
A_recon,0,114,0.05191218334695567,0.011466969614443571,0.068017565,0.069446884,0.056091376,5.6567254066467285,0.8701732158660889,27.108028411865234,0,5.1118199825286865
A_recon,0,115,0.051169944846111794,0.011393361765405407,0.06796079,0.06924074,0.05475815,5.656734466552734,0.8686408400535583,27.10797119140625,0,5.113915920257568
A_recon,0,116,0.048964769943900734,0.011292845010757446,0.06464185,0.06595614,0.05332766,5.65673303604126,0.868588924407959,27.101011276245117,0,5.102029085159302
A_recon,0,117,0.047463484432386314,0.0112779192302538,0.063533746,0.06423475,0.051800992,5.656732559204102,0.8708513379096985,27.08738136291504,0,5.102234601974487
A_recon,0,118,0.04734491783639659,0.011345523854960566,0.062819295,0.06373918,0.052018862,5.656732559204102,0.8720913529396057,27.168190002441406,0,5.112712383270264
A_recon,0,119,0.04962977119114088,0.011310973893041197,0.06527105,0.06579351,0.054412186,5.656726837158203,0.8740302324295044,27.230911254882812,0,5.093819618225098
A_recon,0,120,0.049360223438428795,0.011273286912752234,0.06464054,0.065095715,0.054455183,5.656731128692627,0.8625533580780029,27.24443244934082,0,5.097868919372559
B_task,0,1,1.0204892365828804,0.0,1.0079327,0.9023504,1.1416727,5.6568403244018555,0.031002048403024673,6.1186418533325195,0,2.882154941558838
B_task,0,2,1.0123099451479705,0.0,0.99329334,0.887683,1.1406484,5.656844139099121,0.023964926600456238,6.442219257354736,0,2.8575592041015625
B_task,0,3,1.0072621884553328,0.0,0.9823307,0.87504864,1.1398201,5.656845569610596,0.02331899106502533,6.37434196472168,0,2.8578007221221924
B_task,0,4,1.0017540973165762,0.0,0.97421217,0.8675204,1.1348892,5.656845569610596,0.02514035813510418,6.202975749969482,0,2.8633217811584473
B_task,0,5,1.0041870448900305,0.0,0.97661716,0.86802584,1.1379819,5.656845569610596,0.02349020540714264,6.538817882537842,0,2.8935067653656006
B_task,0,6,1.002069556194803,0.0,0.9771065,0.8688689,1.1343035,5.656849384307861,0.013504678383469582,8.649530410766602,0,2.864062547683716
B_task,0,7,0.9847339961839758,0.0,0.96238595,0.85555345,1.113661,5.656852722167969,0.0076636699959635735,10.751967430114746,0,2.864851236343384
B_task,0,8,0.9378072489862856,0.0,0.92291427,0.8248274,1.0512999,5.656853675842285,0.004498644266277552,13.038012504577637,0,2.8538267612457275
B_task,0,9,0.9077947865361753,0.0,0.8913877,0.804854,1.010708,5.656853675842285,0.00463489955291152,11.509156227111816,0,2.873652696609497
B_task,0,10,0.8879794245180876,0.0,0.870209,0.78782225,0.9896952,5.656853675842285,0.0062365117482841015,8.992000579833984,0,2.884150505065918
B_task,0,11,0.8779329216998556,0.0,0.8584607,0.7797169,0.977301,5.656853675842285,0.006162559613585472,8.780003547668457,0,2.8530235290527344
B_task,0,12,0.8651092363440472,0.0,0.84419584,0.76925534,0.9627083,5.656853675842285,0.006822495721280575,8.100695610046387,0,2.861440420150757
B_task,0,13,0.849868110988451,0.0,0.8264296,0.75609773,0.9453087,5.656853675842285,0.016428815200924873,4.491901874542236,0,2.8609747886657715
B_task,0,14,0.8430461054262908,0.0,0.81958,0.75101125,0.9365853,5.656853675842285,0.10305365920066833,2.6134512424468994,0,2.854393720626831
B_task,0,15,0.8427752619204314,0.0,0.82006603,0.7515553,0.93392384,5.656854629516602,0.056167785078287125,2.3984551429748535,0,2.87546706199646
B_task,0,16,0.8368267391038977,0.0,0.8118943,0.7456093,0.927986,5.656854629516602,0.05752819776535034,2.3475046157836914,0,2.835519552230835
B_task,0,17,0.8326892023501189,0.0,0.8087466,0.7413671,0.9238684,5.656854629516602,0.08403541147708893,2.076810359954834,0,2.8364062309265137
B_task,0,18,0.8279928953751273,0.0,0.8041364,0.7390954,0.91616523,5.656854629516602,0.0827176570892334,1.974914312362671,0,2.834392786026001
B_task,0,19,0.8396127949590269,0.0,0.81860435,0.7487591,0.9293522,5.656854629516602,0.06716614961624146,2.4621973037719727,0,2.8519365787506104
B_task,0,20,0.8283029639202616,0.0,0.8053913,0.7398255,0.9165941,5.656854629516602,0.0689607486128807,2.335561752319336,0,2.8715577125549316
B_task,0,21,0.8248080377993376,0.0,0.80224246,0.7370138,0.9123712,5.656854629516602,0.10559848695993423,2.117539167404175,0,2.833401918411255
B_task,0,22,0.8180532870085343,0.0,0.794796,0.73123676,0.90452236,5.656854629516602,0.08394837379455566,2.2424871921539307,0,2.8337879180908203
B_task,0,23,0.817699266516644,0.0,0.793834,0.7304166,0.9046364,5.656854629516602,0.10603059828281403,2.201005458831787,0,2.8437576293945312
B_task,0,24,0.821033643639606,0.0,0.79963636,0.7336703,0.9080734,5.656854629516602,0.14021387696266174,2.0968055725097656,0,2.854558229446411
B_task,0,25,0.8183304330577021,0.0,0.79555213,0.7316384,0.90480924,5.656854629516602,0.10848545283079147,1.9756304025650024,0,2.848360300064087
B_task,0,26,0.8121222620425017,0.0,0.7891913,0.72653294,0.8974766,5.656854629516602,0.06695009768009186,2.608707904815674,0,2.8318114280700684
B_task,0,27,0.8105728315270465,0.0,0.7896028,0.7255659,0.8954955,5.656854629516602,0.14227496087551117,2.5653793811798096,0,2.8409571647644043
B_task,0,28,0.8059821750806726,0.0,0.78394914,0.7202271,0.8917041,5.656854629516602,0.141812264919281,2.023615598678589,0,2.8227646350860596
B_task,0,29,0.8061977884043818,0.0,0.785553,0.7215894,0.89104986,5.656854629516602,0.11568078398704529,2.501641273498535,0,2.848912239074707
B_task,0,30,0.8065616773522418,0.0,0.7851373,0.7235272,0.8900907,5.656854629516602,0.13683351874351501,2.4202187061309814,0,2.8300368785858154
B_task,0,31,0.8084345278532609,0.0,0.7864523,0.72368896,0.89327896,5.656854629516602,0.14896678924560547,2.4513533115386963,0,2.818492889404297
B_task,0,32,0.8008652562680452,0.0,0.77961236,0.71715313,0.8850776,5.656854629516602,0.144206240773201,2.7542028427124023,0,2.8320157527923584
B_task,0,33,0.7963479083517323,0.0,0.77494526,0.7138638,0.8798457,5.656854629516602,0.1275911182165146,3.8378539085388184,0,2.839707851409912
B_task,0,34,0.7981424746306046,0.0,0.776884,0.71637726,0.88042015,5.656854629516602,0.16096746921539307,3.4075777530670166,0,2.863638401031494
B_task,0,35,0.7944461988366168,0.0,0.7737954,0.71386015,0.87577754,5.656854629516602,0.16781184077262878,3.4178335666656494,0,2.8311240673065186
B_task,0,36,0.7911886132281759,0.0,0.76954794,0.7105909,0.87307525,5.656854629516602,0.19137272238731384,4.900288105010986,0,2.812174081802368
B_task,0,37,0.7915908150050951,0.0,0.77057725,0.710702,0.8732456,5.656854629516602,0.19866561889648438,4.991797924041748,0,2.8307080268859863
B_task,0,38,0.7908439636230469,0.0,0.7702399,0.7115419,0.8715742,5.656854629516602,0.20078936219215393,4.521480560302734,0,2.8318910598754883
B_task,0,39,0.7889295660931132,0.0,0.7673848,0.7082756,0.8712291,5.656854629516602,0.1823575645685196,6.229449272155762,0,2.858299970626831
B_task,0,40,0.7818445122760275,0.0,0.7610658,0.7024457,0.8629038,5.656854629516602,0.21675744652748108,5.769088268280029,0,2.814751625061035
B_task,0,41,0.7819567970607592,0.0,0.76272297,0.70357,0.8616231,5.656854629516602,0.24897903203964233,7.519251346588135,0,2.820436954498291
B_task,0,42,0.7732447748598845,0.0,0.7528745,0.69534993,0.8525962,5.656854629516602,0.22581323981285095,7.111905574798584,0,2.8170180320739746
B_task,0,43,0.7734461245329484,0.0,0.7543399,0.6959845,0.85337704,5.656854629516602,0.18793487548828125,8.316732406616211,0,2.8458380699157715
B_task,0,44,0.7695317475692086,0.0,0.75144255,0.6935694,0.8483588,5.656854629516602,0.2676273584365845,10.168740272521973,0,2.8548288345336914
B_task,0,45,0.7553877623184867,0.0,0.7379349,0.68111646,0.8336268,5.656854629516602,0.27629590034484863,9.626821517944336,0,2.828744888305664
B_task,0,46,0.755602214647376,0.0,0.7381765,0.6824856,0.8323469,5.656852722167969,0.3175162374973297,15.15939998626709,0,2.8218090534210205
B_task,0,47,0.7526549463686736,0.0,0.7351583,0.6802491,0.82895,5.656853675842285,0.3698433041572571,15.84628963470459,0,2.8211441040039062
B_task,0,48,0.7300392648448115,0.0,0.7125581,0.6614172,0.8045569,5.656851291656494,0.4123312830924988,18.13136100769043,0,2.8477253913879395
B_task,0,49,0.7162110701851223,0.0,0.69983435,0.65103114,0.7882292,5.656853675842285,0.3910375237464905,16.882308959960938,0,2.8554580211639404
B_task,0,50,0.7025630785071332,0.0,0.68642205,0.6387216,0.7747476,5.656852722167969,0.49576061964035034,19.310136795043945,0,2.8226053714752197
B_task,0,51,0.6856975555419922,0.0,0.6701289,0.6250802,0.7564656,5.656852722167969,0.4710966944694519,20.42461585998535,0,2.818577289581299
B_task,0,52,0.6635686625605044,0.0,0.65052015,0.6049022,0.73421884,5.656852722167969,0.49591952562332153,20.83194351196289,0,2.8106775283813477
B_task,0,53,0.6350317830624788,0.0,0.6189394,0.5832455,0.7012449,5.656850814819336,0.5630312561988831,21.861900329589844,0,2.8414669036865234
B_task,0,54,0.6172084808349609,0.0,0.602049,0.5677408,0.6821551,5.656846523284912,0.6239508986473083,22.465673446655273,0,2.8511195182800293
B_task,0,55,0.5889798869257388,0.0,0.5738067,0.54274553,0.65395963,5.656849384307861,0.6289627552032471,22.61636734008789,0,2.826730728149414
B_task,0,56,0.5657501220703125,0.0,0.5522688,0.5236033,0.6270718,5.656849384307861,0.6189343929290771,23.009063720703125,0,2.8083484172821045
B_task,0,57,0.5432030221690303,0.0,0.52773976,0.5030432,0.6061194,5.656848430633545,0.6322064399719238,23.38718605041504,0,2.8177342414855957
B_task,0,58,0.5107246481853983,0.0,0.4969825,0.47857833,0.566446,5.656844139099121,0.6866133809089661,23.51477813720703,0,2.852666139602661
B_task,0,59,0.49202458754829737,0.0,0.47868782,0.46060637,0.5481602,5.656846523284912,0.6880624294281006,23.317262649536133,0,2.8311779499053955
B_task,0,60,0.4878514745961065,0.0,0.4776856,0.45880958,0.5416839,5.656842231750488,0.6929068565368652,23.85111427307129,0,2.8235960006713867
B_task,0,61,0.4473112769748854,0.0,0.43523237,0.42371893,0.4973637,5.656844139099121,0.7333109378814697,24.025419235229492,0,2.8058600425720215
B_task,0,62,0.43563523499862006,0.0,0.42376792,0.41276345,0.4870414,5.656844139099121,0.6986544132232666,24.194660186767578,0,2.835667610168457
B_task,0,63,0.41505933844524884,0.0,0.4057897,0.39770663,0.46091118,5.6568403244018555,0.721102774143219,24.32355308532715,0,2.841618776321411
B_task,0,64,0.4205243898474652,0.0,0.41145024,0.40055105,0.46799672,5.656846046447754,0.6926433444023132,24.340410232543945,0,2.8216376304626465
B_task,0,65,0.3904064012610394,0.0,0.38119417,0.3751563,0.4347866,5.65684175491333,0.7365267276763916,24.47513198852539,0,2.8074300289154053
B_task,0,66,0.3776867907980214,0.0,0.37036324,0.36469838,0.42134005,5.656841278076172,0.7203944325447083,24.927413940429688,0,2.8299882411956787
B_task,0,67,0.35965662417204486,0.0,0.35259736,0.34788948,0.40261954,5.656834125518799,0.7403795719146729,24.907827377319336,0,2.8233587741851807
B_task,0,68,0.3388633728027344,0.0,0.3357633,0.3327259,0.37587345,5.65683650970459,0.7441349029541016,24.953065872192383,0,2.8565266132354736
B_task,0,69,0.3336443279100501,0.0,0.33061388,0.32756457,0.3706578,5.656835079193115,0.7479740381240845,25.083148956298828,0,2.8244738578796387
B_task,0,70,0.304321579311205,0.0,0.30140784,0.30473584,0.33667114,5.656835079193115,0.7747937440872192,25.24211311340332,0,2.814157009124756
B_task,0,71,0.3116273880004883,0.0,0.30919108,0.3075788,0.3484725,5.656832218170166,0.7682427167892456,25.146089553833008,0,2.818826913833618
B_task,0,72,0.28950403047644574,0.0,0.28912503,0.29094276,0.31995645,5.6568284034729,0.7693043351173401,25.21375846862793,0,2.837547540664673
B_task,0,73,0.2912960259810738,0.0,0.29201397,0.2923809,0.32341576,5.65683126449585,0.787157416343689,25.35116195678711,0,2.8515336513519287
B_task,0,74,0.2727807915729025,0.0,0.27435756,0.27589953,0.30398446,5.6568284034729,0.7830734252929688,25.59170150756836,0,2.817826986312866
B_task,0,75,0.2553748255190642,0.0,0.2563676,0.2612265,0.28293127,5.6568284034729,0.7758644819259644,25.456676483154297,0,2.822909355163574
B_task,0,76,0.2394557828488557,0.0,0.24124752,0.24835119,0.26410848,5.656830310821533,0.7743602991104126,25.524452209472656,0,2.8267252445220947
B_task,0,77,0.22196355073348337,0.0,0.22603448,0.23299597,0.2446067,5.656826972961426,0.7905538082122803,25.804590225219727,0,2.850224018096924
B_task,0,78,0.211245350215746,0.0,0.21678276,0.2247986,0.23109476,5.656825542449951,0.7904534339904785,25.81601333618164,0,2.85215163230896
B_task,0,79,0.23278624078501825,0.0,0.23708852,0.24085018,0.2579161,5.656822204589844,0.7971521615982056,25.945858001708984,0,2.829439163208008
B_task,0,80,0.21783341532168182,0.0,0.22247827,0.2286362,0.24118152,5.656822204589844,0.8156378269195557,26.10938262939453,0,2.8300044536590576
B_task,0,81,0.21602147558461066,0.0,0.22243606,0.22654891,0.23820092,5.65682315826416,0.8057699203491211,26.077693939208984,0,2.8149116039276123
B_task,0,82,0.20452066089795984,0.0,0.2124966,0.2175093,0.22396809,5.656817436218262,0.8028860092163086,26.25139808654785,0,2.8567638397216797
B_task,0,83,0.19672397945238196,0.0,0.2051595,0.21191102,0.21530348,5.656816005706787,0.8079109787940979,26.182218551635742,0,2.835792064666748
B_task,0,84,0.1899686274321183,0.0,0.19885527,0.20545162,0.20673127,5.65681791305542,0.802682101726532,26.195186614990234,0,2.830653429031372
B_task,0,85,0.17847921537316364,0.0,0.18863973,0.1955914,0.19315358,5.656820774078369,0.8068854808807373,26.219829559326172,0,2.826502561569214
B_task,0,86,0.18507124030071756,0.0,0.19396612,0.19957699,0.20422092,5.656823635101318,0.8092945218086243,26.221210479736328,0,2.8189358711242676
B_task,0,87,0.16902072533317233,0.0,0.17933224,0.1862907,0.18274808,5.656819820404053,0.8122501373291016,26.365882873535156,0,2.85837984085083
B_task,0,88,0.15789968034495477,0.0,0.16961649,0.17617647,0.1705262,5.656813144683838,0.8215170502662659,26.40309715270996,0,2.832683801651001
B_task,0,89,0.14963914000469705,0.0,0.16237737,0.168909,0.1616078,5.656816005706787,0.8201459050178528,26.46782684326172,0,2.816696882247925
B_task,0,90,0.1458602055259373,0.0,0.1593162,0.16558762,0.15729186,5.656813621520996,0.8244564533233643,26.476259231567383,0,2.813979148864746
B_task,0,91,0.14259934425354004,0.0,0.15639819,0.1628542,0.15276247,5.656813621520996,0.8192557692527771,26.556333541870117,0,2.82049560546875
B_task,0,92,0.13811525054599927,0.0,0.15267539,0.1587619,0.14776692,5.656810760498047,0.8278749585151672,26.668840408325195,0,2.837519407272339
B_task,0,93,0.13541726444078528,0.0,0.14992122,0.15657349,0.14440657,5.656811237335205,0.8241899609565735,26.60151481628418,0,2.826580047607422
B_task,0,94,0.1390008304430091,0.0,0.15375093,0.15958409,0.14874615,5.656807899475098,0.8215980529785156,26.50720977783203,0,2.8282766342163086
B_task,0,95,0.13235217591990595,0.0,0.14750476,0.1536085,0.14040162,5.656813144683838,0.8320422172546387,26.74213981628418,0,2.8253681659698486
B_task,0,96,0.1620527972345767,0.0,0.17502461,0.1779207,0.17655344,5.656811714172363,0.8265716433525085,26.722150802612305,0,2.8177294731140137
B_task,0,97,0.19303265861842944,0.0,0.2055298,0.20347114,0.21296051,5.656816005706787,0.812093198299408,26.624425888061523,0,2.840167999267578
B_task,0,98,0.197488142096478,0.0,0.20855413,0.20782037,0.21768324,5.656815528869629,0.8187129497528076,26.581544876098633,0,2.8167343139648438
B_task,0,99,0.21035679526951,0.0,0.21948558,0.21731308,0.2346596,5.65682315826416,0.8388028144836426,26.72085952758789,0,2.82405948638916
B_task,0,100,0.21517268471095874,0.0,0.22496568,0.22336537,0.23779857,5.6568169593811035,0.8056985139846802,26.76498031616211,0,2.809915542602539
B_task,0,101,0.1911976026452106,0.0,0.20424338,0.20365475,0.21006161,5.6568098068237305,0.8044605255126953,27.011926651000977,0,2.8286325931549072
B_task,0,102,0.1659095701964005,0.0,0.17826545,0.1817593,0.17953381,5.656826019287109,0.832530677318573,27.092445373535156,0,2.827521800994873
B_task,0,103,0.1353966878808063,0.0,0.15004447,0.15520635,0.14446753,5.656824111938477,0.8262820243835449,27.0650577545166,0,2.8096067905426025
B_task,0,104,0.12429748410763948,0.0,0.14023687,0.14599213,0.13061717,5.656820297241211,0.8314379453659058,27.09061050415039,0,2.805535316467285
B_task,0,105,0.11956570459448773,0.0,0.13606796,0.14130716,0.12586568,5.656818866729736,0.8275350332260132,27.119213104248047,0,2.8136253356933594
B_task,0,106,0.11242381386134935,0.0,0.1292172,0.13510858,0.11725703,5.656817436218262,0.8265681266784668,27.105405807495117,0,2.8345043659210205
B_task,0,107,0.10887322218521782,0.0,0.12579323,0.13132451,0.11444825,5.65681791305542,0.8326096534729004,27.17262077331543,0,2.8543243408203125
B_task,0,108,0.10516164613806683,0.0,0.12238105,0.12809204,0.10949174,5.656816005706787,0.8312992453575134,27.163410186767578,0,2.8264873027801514
B_task,0,109,0.10131992464480193,0.0,0.11875314,0.124102056,0.105587155,5.656813144683838,0.8374960422515869,27.194843292236328,0,2.7906253337860107
B_task,0,110,0.10027930010919986,0.0,0.11804593,0.12313393,0.10470172,5.656815528869629,0.8340445756912231,27.217130661010742,0,2.8166093826293945
B_task,0,111,0.10358901645826257,0.0,0.12125862,0.12584414,0.108382426,5.6568169593811035,0.8304115533828735,27.163862228393555,0,2.841994524002075
B_task,0,112,0.10337883493174678,0.0,0.120396346,0.12497811,0.1089628,5.656813621520996,0.8383774757385254,27.190773010253906,0,2.843902111053467
B_task,0,113,0.09516557403232741,0.0,0.112907216,0.1177887,0.09893191,5.656811714172363,0.8404656052589417,27.275243759155273,0,2.8149914741516113
B_task,0,114,0.09123108697974164,0.0,0.10929693,0.11381181,0.09506315,5.65681266784668,0.838067889213562,27.28594398498535,0,2.8222548961639404
B_task,0,115,0.08936143958050272,0.0,0.107594915,0.11254554,0.09267125,5.656810760498047,0.8352079391479492,27.25742530822754,0,2.807096242904663
B_task,0,116,0.08700457863185716,0.0,0.10512882,0.10984495,0.090454884,5.656810760498047,0.8356546759605408,27.257678985595703,0,2.852614402770996
B_task,0,117,0.08492136001586914,0.0,0.102847934,0.10732383,0.08855067,5.656811714172363,0.8397977352142334,27.314529418945312,0,2.830383777618408
B_task,0,118,0.08261476392331331,0.0,0.10079362,0.10509814,0.08622457,5.656810760498047,0.8390947580337524,27.340351104736328,0,2.8245344161987305
B_task,0,119,0.08070090542668881,0.0,0.09898889,0.10319909,0.08428929,5.656809329986572,0.8420543670654297,27.336551666259766,0,2.8118598461151123
B_task,0,120,0.07915507192197054,0.0,0.09714239,0.1012458,0.08284135,5.656810283660889,0.8398393392562866,27.354650497436523,0,2.8171606063842773
C_scene,0,1,1.0174923772397249,0.08030461228412131,1.0026828,0.89697784,1.1410247,5.656822204589844,0.008682661689817905,18.6378116607666,0,2.9141275882720947
C_scene,0,2,1.010726431141729,0.07117473560830821,0.9903235,0.884072,1.1401881,5.656826019287109,0.00827418826520443,19.020912170410156,0,2.8707573413848877
C_scene,0,3,1.006564181783925,0.07102954387664795,0.9804566,0.8729405,1.1398907,5.656826972961426,0.008987258188426495,19.419544219970703,0,2.87968373298645
C_scene,0,4,1.001117291657821,0.07079053961712381,0.97349125,0.86660767,1.1344694,5.65681791305542,0.027633333578705788,16.450817108154297,0,2.883603096008301
C_scene,0,5,1.00360223521357,0.056921191837476647,0.9765478,0.86794,1.1370739,5.654814720153809,0.4395868182182312,15.669051170349121,0,2.8836982250213623
C_scene,0,6,0.9946849657141644,0.03225342605424964,0.97068673,0.8627522,1.1260164,5.655916690826416,0.429465115070343,17.984359741210938,0,2.889948844909668
C_scene,0,7,0.9589003687319548,0.022240796814794125,0.93940496,0.8405214,1.0795013,5.655273914337158,0.4634188413619995,20.07483673095703,0,2.8649816513061523
C_scene,0,8,0.9175156303074049,0.019376232572223828,0.89901024,0.81013554,1.0266029,5.655810832977295,0.5133765339851379,20.971092224121094,0,2.856598138809204
C_scene,0,9,0.89764520396357,0.015716839095820553,0.88058317,0.79626375,0.99959385,5.655414581298828,0.5016701817512512,21.632795333862305,0,2.8599753379821777
C_scene,0,10,0.8722491057022758,0.016154898249584694,0.8528707,0.7748917,0.97179323,5.655301094055176,0.5220553278923035,22.38465118408203,0,2.8949570655822754
C_scene,0,11,0.84967389314071,0.01680267245873161,0.83056885,0.7557657,0.9460799,5.6553473472595215,0.5985972881317139,22.820735931396484,0,2.881930351257324
C_scene,0,12,0.8360161159349524,0.01815272543741309,0.81696546,0.7442041,0.9324849,5.654233455657959,0.6929382681846619,23.49312400817871,0,2.856705665588379
C_scene,0,13,0.8110877327297045,0.018904438485269962,0.7954119,0.7237196,0.90448457,5.654187202453613,0.7046060562133789,24.01445960998535,0,2.8363091945648193
C_scene,0,14,0.7739135908043903,0.019360958234123562,0.7581859,0.69268936,0.86392385,5.653956413269043,0.768072247505188,24.588916778564453,0,2.83801007270813
C_scene,0,15,0.73602643220321,0.021061885616053707,0.71923256,0.6597689,0.82114464,5.652935981750488,0.8348488211631775,25.041479110717773,0,2.883060932159424
C_scene,0,16,0.6746270552925442,0.02112023985904196,0.6592739,0.6064776,0.7564521,5.653803825378418,0.8343725204467773,25.280826568603516,0,2.8735105991363525
C_scene,0,17,0.59982328829558,0.0216126156889874,0.58474195,0.54569036,0.6735364,5.648416519165039,0.8896171450614929,26.2535400390625,0,2.8547754287719727
C_scene,0,18,0.5251567674719769,0.02183412209801052,0.51040643,0.4825389,0.5896367,5.648383140563965,0.9164647459983826,26.443378448486328,0,2.852633237838745
C_scene,0,19,0.45827732915463654,0.02191376945246821,0.44654799,0.42425323,0.5176832,5.649231433868408,0.9224152565002441,26.467260360717773,0,2.850472927093506
C_scene,0,20,0.3981115092401919,0.02207986427390057,0.39019728,0.37581527,0.45054942,5.6479668617248535,0.9122739434242249,26.67873764038086,0,2.895214080810547
C_scene,0,21,0.3650163152943487,0.02227813264598017,0.35879815,0.34546277,0.4159412,5.646909713745117,0.9361991882324219,26.94149398803711,0,2.8513386249542236
C_scene,0,22,0.3191491002621858,0.021616894265879757,0.31793746,0.30676123,0.36357254,5.645636081695557,0.9311327338218689,27.046396255493164,0,2.8470377922058105
C_scene,0,23,0.3006180472995924,0.020562235427939373,0.30015546,0.29136416,0.34232318,5.647565841674805,0.9407135844230652,27.239688873291016,0,2.8475723266601562
C_scene,0,24,0.2686508842136549,0.020447451135386593,0.27246782,0.26440957,0.3059924,5.647027015686035,0.9351845383644104,27.205570220947266,0,2.8577232360839844
C_scene,0,25,0.24177787614905316,0.019808569680089535,0.24793708,0.24134193,0.27515963,5.647027969360352,0.9344824552536011,27.40062713623047,0,2.886826753616333
C_scene,0,26,0.21959574326224948,0.01936938710834669,0.2290919,0.22348917,0.24740863,5.64586877822876,0.9335571527481079,27.594703674316406,0,2.8282055854797363
C_scene,0,27,0.20152065028315005,0.01908682351527007,0.21297269,0.20829228,0.22734207,5.645802021026611,0.9310802221298218,27.75206184387207,0,2.8476595878601074
C_scene,0,28,0.19224036258199942,0.01883648400721343,0.20397873,0.19935004,0.21706967,5.646961212158203,0.9371193647384644,27.780176162719727,0,2.846172332763672
C_scene,0,29,0.19098953578783118,0.01862786775049956,0.20306633,0.19868018,0.21521552,5.645809650421143,0.9370207190513611,27.806894302368164,0,2.86818528175354
C_scene,0,30,0.17084024263464886,0.018408190944920414,0.18438628,0.18199374,0.1914678,5.64574670791626,0.9413914680480957,27.894479751586914,0,2.8956844806671143
C_scene,0,31,0.16050995951113495,0.01819218889526699,0.17517884,0.17309427,0.17895311,5.6441497802734375,0.9389729499816895,27.965471267700195,0,2.850735902786255
C_scene,0,32,0.15259862982708475,0.017958817274674126,0.16770901,0.16675057,0.16926454,5.646437168121338,0.9448707103729248,27.97481346130371,0,2.8486435413360596
C_scene,0,33,0.1484660583993663,0.017801354760709015,0.16362965,0.1621098,0.16491197,5.646727561950684,0.9378150105476379,27.924543380737305,0,2.851313829421997
C_scene,0,34,0.14971387904623282,0.017474507508070572,0.16481379,0.16319996,0.16606276,5.646962642669678,0.9429785013198853,27.966917037963867,0,2.888814687728882
C_scene,0,35,0.1350786893264107,0.01722925901412964,0.1504948,0.1495624,0.15058829,5.646200180053711,0.9406901001930237,28.143783569335938,0,2.8819420337677
C_scene,0,36,0.13532348301099695,0.017377270304638405,0.15113816,0.1513975,0.14904003,5.646439075469971,0.9395579099655151,28.126169204711914,0,2.845642566680908
C_scene,0,37,0.12556692828302798,0.016876347686933434,0.14186569,0.14143617,0.13832913,5.646739482879639,0.9403462409973145,28.18982696533203,0,2.84236216545105
C_scene,0,38,0.11661080692125403,0.016648919686027195,0.13339607,0.13475151,0.12636486,5.646559238433838,0.9411054849624634,28.2520751953125,0,2.8601934909820557
C_scene,0,39,0.11090659058612326,0.016330423562423042,0.12697625,0.12860055,0.12123009,5.646435737609863,0.9401338696479797,28.208066940307617,0,2.876488208770752
C_scene,0,40,0.10604674919791844,0.0161054834075596,0.12359232,0.12507796,0.11446298,5.647525310516357,0.934208869934082,28.249914169311523,0,2.861311435699463
C_scene,0,41,0.09994559702665909,0.015733330146126125,0.11770924,0.118723124,0.10810026,5.646035194396973,0.9436174631118774,28.373878479003906,0,2.8407630920410156
C_scene,0,42,0.10281853053880774,0.015834287456844166,0.11959682,0.12127864,0.11114099,5.647703647613525,0.9392165541648865,28.29718780517578,0,2.8524134159088135
C_scene,0,43,0.0996600337650465,0.015666525001111237,0.11611608,0.11749787,0.108073026,5.647380828857422,0.93897545337677,28.457672119140625,0,2.870478630065918
C_scene,0,44,0.09676773651786473,0.015656686347463856,0.11352529,0.1154019,0.104263484,5.647212982177734,0.9414172172546387,28.421632766723633,0,2.8903868198394775
C_scene,0,45,0.08926613434501317,0.015355160702829775,0.10593326,0.108284734,0.095512144,5.648591995239258,0.9385250806808472,28.354814529418945,0,2.836500644683838
C_scene,0,46,0.08392487919848898,0.015086779127950254,0.10006799,0.10276363,0.09018633,5.648017883300781,0.9390605688095093,28.430030822753906,0,2.8296563625335693
C_scene,0,47,0.08378880956898564,0.014847371889197308,0.0996706,0.10198108,0.09005605,5.648037910461426,0.9417002201080322,28.4016170501709,0,2.848595142364502
C_scene,0,48,0.07734539197838824,0.014762971712195355,0.09345012,0.09598119,0.082819045,5.6483845710754395,0.9333536624908447,28.479799270629883,0,2.8819148540496826
C_scene,0,49,0.07152077426081119,0.014472294112910395,0.087692045,0.09040893,0.076530136,5.648701190948486,0.9389595985412598,28.47148895263672,0,2.8779397010803223
C_scene,0,50,0.07105567662612251,0.014225647501323534,0.08648376,0.08883757,0.07685727,5.648619174957275,0.9381767511367798,28.498186111450195,0,2.8485710620880127
C_scene,0,51,0.0725393709929093,0.01429529034573099,0.08764441,0.089612514,0.078797795,5.6480865478515625,0.9363362789154053,28.485448837280273,0,2.851280450820923
C_scene,0,52,0.06713103211444357,0.01413300633430481,0.08243786,0.08435197,0.07259139,5.648666858673096,0.9434823989868164,28.48523712158203,0,2.8485910892486572
C_scene,0,53,0.06482233690178912,0.013804364463557367,0.08014183,0.08257461,0.06981422,5.648735046386719,0.9395769834518433,28.52841567993164,0,2.8858981132507324
C_scene,0,54,0.06089889484903087,0.01366866541945416,0.075935595,0.07794134,0.06588597,5.64914083480835,0.9410902261734009,28.51526641845703,0,2.871197462081909
C_scene,0,55,0.05777051137841266,0.013462871313095093,0.07236668,0.07440035,0.06324697,5.6490020751953125,0.9375332593917847,28.572368621826172,0,2.840513229370117
C_scene,0,56,0.05592753576195758,0.01335617640744085,0.070546396,0.0723534,0.060761556,5.649592399597168,0.9389249086380005,28.549026489257812,0,2.8406877517700195
C_scene,0,57,0.053778067879054856,0.013116630523101143,0.067901365,0.06962325,0.05896646,5.648862838745117,0.9373253583908081,28.574270248413086,0,2.8436832427978516
C_scene,0,58,0.0519701916238536,0.012980505176212477,0.0655915,0.06746669,0.05727328,5.649147987365723,0.9350535869598389,28.585895538330078,0,2.9034979343414307
C_scene,0,59,0.05278864114180855,0.012914832519448322,0.066340186,0.06759735,0.058865335,5.649599552154541,0.9402974247932434,28.619932174682617,0,2.866260051727295
C_scene,0,60,0.04933899900187617,0.012702808431957079,0.062561214,0.06369863,0.055127475,5.649295806884766,0.9369889497756958,28.647661209106445,0,2.8433663845062256
C_scene,0,61,0.04915708044300909,0.012681289859440016,0.06218804,0.063133866,0.055264205,5.649586200714111,0.9397038221359253,28.629552841186523,0,2.8386995792388916
C_scene,0,62,0.048011432523312775,0.012422122385190882,0.060701072,0.06204488,0.0536683,5.649952411651611,0.9341353178024292,28.59340476989746,0,2.8891727924346924
C_scene,0,63,0.04725628313810929,0.01229928239532139,0.05940863,0.060476817,0.053458583,5.650049209594727,0.9360666275024414,28.60892105102539,0,2.9033615589141846
C_scene,0,64,0.04600786126178244,0.012252547170804895,0.058135655,0.05894551,0.051986,5.649848937988281,0.9412012100219727,28.680326461791992,0,2.849905490875244
C_scene,0,65,0.04432325777800187,0.012165790018828018,0.056323707,0.056877527,0.050899785,5.650004863739014,0.9377505779266357,28.61821746826172,0,2.837005376815796
C_scene,0,66,0.04272531426471213,0.011963646049084871,0.054372136,0.055243865,0.048616182,5.650387763977051,0.9395005106925964,28.679841995239258,0,2.8508379459381104
C_scene,0,67,0.042297280353048576,0.011904207260712334,0.05369054,0.054144755,0.048474696,5.649713039398193,0.9388964176177979,28.705591201782227,0,2.8617806434631348
C_scene,0,68,0.04091896181521208,0.011777982763622118,0.052320044,0.05283701,0.04678646,5.650712966918945,0.9371359348297119,28.674768447875977,0,2.883742094039917
C_scene,0,69,0.044086705083432404,0.011814402497333029,0.055098534,0.05550772,0.05047455,5.650213718414307,0.9359709620475769,28.729610443115234,0,2.8363242149353027
C_scene,0,70,0.04005750625029854,0.011574286481608515,0.050952114,0.051259294,0.04626569,5.650783538818359,0.9391101598739624,28.75074005126953,0,2.848933696746826
C_scene,0,71,0.0362815753273342,0.011360693237055903,0.0471418,0.04729159,0.042328008,5.6510748863220215,0.941112756729126,28.71131134033203,0,2.848341464996338
C_scene,0,72,0.034774635149085006,0.011213103066320005,0.04534304,0.045703407,0.040777788,5.65122127532959,0.9361791610717773,28.746835708618164,0,2.893558979034424
C_scene,0,73,0.03565276705700418,0.011142909526824951,0.04611439,0.046218697,0.041727092,5.650851726531982,0.9369863271713257,28.76922607421875,0,2.871976375579834
C_scene,0,74,0.03473305961360102,0.011135456354721733,0.044954628,0.045035727,0.040860385,5.651291847229004,0.9359184503555298,28.77621841430664,0,2.8488614559173584
C_scene,0,75,0.032701624476391335,0.010908652906832487,0.042803343,0.043012533,0.03840229,5.651352882385254,0.9369451403617859,28.803123474121094,0,2.8471384048461914
C_scene,0,76,0.031985630159792694,0.01080234478349271,0.041846648,0.04185687,0.038127784,5.651299953460693,0.9344744086265564,28.763898849487305,0,2.850168466567993
C_scene,0,77,0.030772548654805058,0.010650577752486519,0.040791426,0.04080528,0.036359955,5.651636123657227,0.93531334400177,28.796512603759766,0,2.877730131149292
C_scene,0,78,0.030848873698193092,0.010521997576174528,0.040299736,0.04048158,0.036597885,5.651644229888916,0.9331283569335938,28.774126052856445,0,2.868096113204956
C_scene,0,79,0.031019208223923393,0.010501372425452522,0.040379204,0.04033976,0.037259135,5.652054786682129,0.9342955350875854,28.780733108520508,0,2.8543834686279297
C_scene,0,80,0.03056127351263295,0.010320381625838902,0.039706867,0.039849058,0.036439765,5.6517720222473145,0.9344183802604675,28.841936111450195,0,2.843919515609741
C_scene,0,81,0.029163337272146473,0.01025537239468616,0.03842942,0.038598772,0.034570117,5.652174949645996,0.9302419424057007,28.79174041748047,0,2.850933790206909
C_scene,0,82,0.027924843456434166,0.010147621450216873,0.036870103,0.036658455,0.034094486,5.651822090148926,0.9349395036697388,28.86121940612793,0,2.88216495513916
C_scene,0,83,0.028485334437826405,0.010069055401760599,0.037421156,0.037171125,0.034478698,5.652020454406738,0.9355388879776001,28.852880477905273,0,2.8512957096099854
C_scene,0,84,0.029742538928985596,0.01009555873663529,0.03848308,0.038170945,0.035677858,5.651819229125977,0.933706521987915,28.878812789916992,0,2.8452799320220947
C_scene,0,85,0.03163078297739443,0.010000179643216341,0.04039117,0.039928615,0.037826966,5.652123928070068,0.9355688691139221,28.823013305664062,0,2.841033458709717
C_scene,0,86,0.03229523741680643,0.010034588368042656,0.041110933,0.04047816,0.038450822,5.652517318725586,0.9344309568405151,28.844247817993164,0,2.8438174724578857
C_scene,0,87,0.03066585115764452,0.009932619721993156,0.03935096,0.03884476,0.03665479,5.65193510055542,0.932952880859375,28.899309158325195,0,2.8725368976593018
C_scene,0,88,0.0357713854831198,0.010067902181459509,0.044011556,0.04366351,0.042009525,5.65200138092041,0.939010739326477,28.90376853942871,0,2.8483893871307373
C_scene,0,89,0.0332484711771426,0.00995923902677453,0.041741688,0.041288815,0.03932563,5.652337074279785,0.9346126317977905,28.95278549194336,0,2.8362984657287598
C_scene,0,90,0.030441945013792618,0.009829942298972088,0.038950775,0.03844173,0.03610342,5.6524658203125,0.9350299835205078,28.882211685180664,0,2.8484039306640625
C_scene,0,91,0.027138577855151634,0.009647143275841423,0.03559656,0.035370734,0.032559536,5.652676582336426,0.9372438192367554,28.863378524780273,0,2.868551731109619
C_scene,0,92,0.025366270023843517,0.009501422876897066,0.033552308,0.033244897,0.03078338,5.652764320373535,0.9345672130584717,28.926515579223633,0,2.8779385089874268
C_scene,0,93,0.024492235287376072,0.009389247583306354,0.032504026,0.032139216,0.030000843,5.652827262878418,0.9340595006942749,28.888568878173828,0,2.8523247241973877
C_scene,0,94,0.02393740933874379,0.009343781548997631,0.0318565,0.03163324,0.029041428,5.652978897094727,0.9296162128448486,28.893796920776367,0,2.8444440364837646
C_scene,0,95,0.028789385505344555,0.009356704743012138,0.036634166,0.036684778,0.034010716,5.652412414550781,0.9390029311180115,28.99443817138672,0,2.8457579612731934
C_scene,0,96,0.027438179306361988,0.009373128414154053,0.03515483,0.034580827,0.033280242,5.653168201446533,0.9276058673858643,28.924856185913086,0,2.8639516830444336
C_scene,0,97,0.025461266870084015,0.009221039388490759,0.033168238,0.03278192,0.030876795,5.6532087326049805,0.9332709312438965,28.900094985961914,0,2.871858596801758
C_scene,0,98,0.023739493411520252,0.009141284486521845,0.03153868,0.030879974,0.029060781,5.653141975402832,0.9328173398971558,28.939533233642578,0,2.849724292755127
C_scene,0,99,0.022277083085930866,0.008978922729906828,0.029729662,0.029340317,0.0274258,5.653275966644287,0.9321975708007812,28.90639305114746,0,2.835387706756592
C_scene,0,100,0.021604865789413452,0.008907507943070454,0.028898126,0.028787855,0.026354423,5.65350866317749,0.931012749671936,28.916133880615234,0,2.8435118198394775
C_scene,0,101,0.035993975141774055,0.00950726866722107,0.043601334,0.041874595,0.043416165,5.6522932052612305,0.9364697933197021,28.96017837524414,0,2.88256573677063
C_scene,0,102,0.25654025699781335,0.01539200933083244,0.26010635,0.23256843,0.29539272,5.651248455047607,0.9331992864608765,28.43825340270996,0,2.8657102584838867
C_scene,0,103,0.2913360181062118,0.01776599884033203,0.29401347,0.27321517,0.32736832,5.653695583343506,0.9370937943458557,28.31134796142578,0,2.8460845947265625
C_scene,0,104,0.16907601771147354,0.015576957360557888,0.17533672,0.16818044,0.18742318,5.653129577636719,0.9407965540885925,28.47307777404785,0,2.8407135009765625
C_scene,0,105,0.10894336907759956,0.014615587566209875,0.116862535,0.11476093,0.11976472,5.654118061065674,0.9437093138694763,28.77667808532715,0,2.8481802940368652
C_scene,0,106,0.06379727176997972,0.01296070088510928,0.07368901,0.072871804,0.06987477,5.654494285583496,0.9432809352874756,28.82181739807129,0,2.8958685398101807
C_scene,0,107,0.045058794643567955,0.011912437884703926,0.05534238,0.054987732,0.049226042,5.654505252838135,0.9411301612854004,28.84891128540039,0,2.8405678272247314
C_scene,0,108,0.037215494591256844,0.011338189892146898,0.047353134,0.04701801,0.041106764,5.654686450958252,0.9398694634437561,28.850318908691406,0,2.837170362472534
C_scene,0,109,0.03275230397348818,0.010975596697434135,0.04232701,0.04210505,0.036728926,5.6548662185668945,0.9392060041427612,28.853092193603516,0,2.8570876121520996
C_scene,0,110,0.029584542564723804,0.010719545509504236,0.038967643,0.038873225,0.03336492,5.6548943519592285,0.9394768476486206,28.858047485351562,0,2.873931884765625
C_scene,0,111,0.027192919150642727,0.010469307718069656,0.03627315,0.036167152,0.031141307,5.654952049255371,0.9377081394195557,28.882490158081055,0,2.872105598449707
C_scene,0,112,0.025456244530885117,0.010288693334745325,0.034243695,0.03410613,0.029467363,5.655021667480469,0.9378992319107056,28.875886917114258,0,2.8511548042297363
C_scene,0,113,0.023950250252433445,0.010108253230219301,0.032661963,0.032427803,0.028082218,5.655055046081543,0.9362756013870239,28.89204978942871,0,2.840712070465088
C_scene,0,114,0.022674964821856956,0.009928009432295094,0.031030642,0.030668424,0.026972685,5.6551361083984375,0.9367297291755676,28.85662078857422,0,2.852043867111206
C_scene,0,115,0.021893058134161907,0.009822444423385288,0.030381657,0.030063342,0.025947886,5.655142307281494,0.9338860511779785,28.877256393432617,0,2.8881139755249023
C_scene,0,116,0.02094112271847932,0.009665607758190321,0.029150417,0.028788062,0.025295123,5.655167102813721,0.9342496991157532,28.867603302001953,0,2.871976137161255
C_scene,0,117,0.02037518568660902,0.00952840823194255,0.02843787,0.027940968,0.024771992,5.655216693878174,0.9335770010948181,28.8737735748291,0,2.8404877185821533
C_scene,0,118,0.019810431677362194,0.009380188973053642,0.027766347,0.027278397,0.0240849,5.655197620391846,0.9343447685241699,28.869421005249023,0,2.848733901977539
C_scene,0,119,0.01938531061877375,0.009294175583383312,0.027051086,0.026834434,0.023687534,5.655281066894531,0.9324978590011597,28.855701446533203,0,2.865172863006592
C_scene,0,120,0.018829778484676197,0.00922655929689822,0.026666004,0.026061922,0.023209251,5.655268669128418,0.9315752983093262,28.869800567626953,0,2.8976831436157227
D_latent,0,1,1.0159137559973674,0.2110251758409583,0.99853814,0.8944668,1.1390347,5.656795501708984,0.4030245542526245,2.177908420562744,0,3.712101697921753
D_latent,0,2,1.012493548185929,0.010918040638384611,0.9922586,0.88524663,1.1414386,5.656818866729736,0.3800038695335388,2.337217092514038,0,3.6733219623565674
D_latent,0,3,1.0084727743397588,0.004229285146879113,0.98401165,0.8768226,1.1407082,5.656826972961426,0.2947828769683838,2.419922113418579,0,3.681150436401367
D_latent,0,4,1.0031346860139265,0.0023147238661413608,0.97642684,0.87035096,1.135893,5.656827449798584,0.26401644945144653,2.6055655479431152,0,3.699662208557129
D_latent,0,5,1.005785900613536,0.0019988433822341585,0.97875637,0.8707695,1.1393685,5.656826972961426,0.2608383893966675,2.9027838706970215,0,3.644906759262085
D_latent,0,6,1.0064664923626443,0.001685317443764728,0.98223484,0.87388325,1.1389244,5.656827926635742,0.2440153956413269,3.2034213542938232,0,3.632107734680176
D_latent,0,7,1.003873990929645,0.0019117836718973906,0.9776464,0.8688816,1.1373881,5.656824111938477,0.2544766068458557,3.70951247215271,0,3.6428613662719727
D_latent,0,8,1.003444008205248,0.0023108724018801813,0.9777431,0.8692992,1.1362466,5.656824111938477,0.2720337510108948,4.038967132568359,0,3.679948568344116
D_latent,0,9,1.0022135195524797,0.001732108385666557,0.97571623,0.8665951,1.1364408,5.656824111938477,0.28439009189605713,4.249660491943359,0,3.6192150115966797
D_latent,0,10,1.001205941905146,0.0015488822499047155,0.9740466,0.86511636,1.1356776,5.656826019287109,0.28300437331199646,4.312787055969238,0,3.617555618286133
D_latent,0,11,1.0047195268713909,0.0021900001751339955,0.9779586,0.8692305,1.1380858,5.656826019287109,0.3129529356956482,4.336913108825684,0,3.6453301906585693
D_latent,0,12,0.9975341299305791,0.0026371261995771656,0.97150093,0.8640397,1.1313536,5.656832218170166,0.32300299406051636,4.252664089202881,0,3.645601987838745
D_latent,0,13,0.9734212626581606,0.0040901180194771805,0.9516751,0.84926766,1.1000853,5.656835079193115,0.3465040922164917,4.143803596496582,0,3.6177380084991455
D_latent,0,14,0.9405752264935038,0.004950998593931613,0.91964465,0.82484215,1.0564407,5.656841278076172,0.28536754846572876,4.315159797668457,0,3.618590831756592
D_latent,0,15,0.917743268220321,0.00485405779403189,0.8998818,0.81110424,1.0226971,5.656846523284912,0.23688998818397522,4.3156561851501465,0,3.6586179733276367
D_latent,0,16,0.8947840151579484,0.004087327939012776,0.87435806,0.7942521,0.99545324,5.656845569610596,0.2688577175140381,4.359550952911377,0,3.620610237121582
D_latent,0,17,0.8767259846562925,0.004195518467737281,0.85574555,0.7774725,0.97589236,5.656846523284912,0.27575722336769104,4.394326686859131,0,3.6213667392730713
D_latent,0,18,0.8659168740977412,0.004126941380293473,0.8475252,0.7706139,0.96168804,5.656848430633545,0.2827872633934021,4.268918514251709,0,3.629707098007202
D_latent,0,19,0.8666430763576342,0.004314271004303642,0.8522089,0.7717096,0.96153235,5.656849384307861,0.2878369390964508,4.36307430267334,0,3.6610913276672363
D_latent,0,20,0.8546767856763757,0.003746217035728952,0.8359538,0.761752,0.9481074,5.656849384307861,0.2971932888031006,4.335742950439453,0,3.6055216789245605
D_latent,0,21,0.8474234705385955,0.003458293235820273,0.8277064,0.7557962,0.9398956,5.6568498611450195,0.3280763328075409,4.339273929595947,0,3.6043949127197266
D_latent,0,22,0.8385440162990404,0.003354811474033024,0.8180474,0.7485038,0.92929924,5.656850337982178,0.34832555055618286,4.523591041564941,0,3.6275246143341064
D_latent,0,23,0.8349808402683424,0.005383823552857275,0.81336397,0.743909,0.9265433,5.656850337982178,0.3705085813999176,4.449315071105957,0,3.654695749282837
D_latent,0,24,0.8396451369575832,0.006375614067782526,0.8235055,0.7506161,0.9291801,5.656851291656494,0.33299776911735535,4.753678798675537,0,3.6048474311828613
D_latent,0,25,0.8308448791503906,0.0041707109497941056,0.8112564,0.7420541,0.9205706,5.656851291656494,0.3441137671470642,4.838826656341553,0,3.6132359504699707
D_latent,0,26,0.8242483553679093,0.004377146130022796,0.80363816,0.7363834,0.9127265,5.656852722167969,0.3582288920879364,4.883123397827148,0,3.629335880279541
D_latent,0,27,0.8215375153914742,0.00569155488325202,0.80329704,0.7340351,0.90963674,5.656851291656494,0.387649804353714,5.0319976806640625,0,3.6404902935028076
D_latent,0,28,0.8154824298361073,0.00751262384912242,0.7963133,0.7280107,0.90373456,5.656851291656494,0.4267423152923584,5.262048721313477,0,3.609382390975952
D_latent,0,29,0.8160260241964589,0.007225560753241829,0.79971486,0.7295396,0.90327066,5.656852722167969,0.41450512409210205,5.314043998718262,0,3.6194450855255127
D_latent,0,30,0.8154070481010105,0.005890083053837652,0.7968581,0.72980076,0.90184414,5.656852722167969,0.42033618688583374,5.310408115386963,0,3.6416115760803223
D_latent,0,31,0.8114613242771315,0.0061232518890629644,0.79332054,0.7264509,0.8970721,5.656852722167969,0.4395173192024231,5.740747451782227,0,3.613307476043701
D_latent,0,32,0.8057354636814283,0.007907042684762375,0.7888139,0.7213205,0.89143217,5.656852722167969,0.47033947706222534,5.705435752868652,0,3.588153123855591
D_latent,0,33,0.7963619232177734,0.009517156559488048,0.77901196,0.71305585,0.88117886,5.656852722167969,0.45898598432540894,6.258487224578857,0,3.603949785232544
D_latent,0,34,0.80059698353643,0.008953348450038744,0.7837001,0.7188674,0.88317317,5.656852722167969,0.4610939621925354,6.537949562072754,0,3.6383371353149414
D_latent,0,35,0.7942277659540591,0.009837079307307367,0.7765134,0.7124559,0.877592,5.656851291656494,0.487715482711792,6.9338202476501465,0,3.5954551696777344
D_latent,0,36,0.7844222524891729,0.012469947338104248,0.7669909,0.70423585,0.8667922,5.656849384307861,0.52825927734375,7.579533576965332,0,3.5945446491241455
D_latent,0,37,0.7721421614937161,0.01837764226871988,0.7530636,0.6942514,0.8539118,5.656836032867432,0.5876229405403137,9.62448501586914,0,3.6083312034606934
D_latent,0,38,0.5886453545611837,0.05694819533306619,0.5302921,0.52120924,0.6739154,5.6567702293396,0.6709845066070557,11.599891662597656,0,3.6218457221984863
D_latent,0,39,0.4223095023113748,0.042929683042609176,0.3469062,0.36451373,0.50688916,5.656770706176758,0.6809384226799011,11.955759048461914,0,3.575202226638794
D_latent,0,40,0.34921961245329486,0.04505929739578911,0.28189605,0.30419007,0.42165267,5.656779766082764,0.6606936454772949,12.226956367492676,0,3.589419364929199
D_latent,0,41,0.30873383646425995,0.058684157288592796,0.24920908,0.27129683,0.3746219,5.656766891479492,0.6616865992546082,12.527923583984375,0,3.578165054321289
D_latent,0,42,0.27725427047066065,0.06888906852058742,0.2260672,0.24613707,0.3370789,5.656760215759277,0.6892164945602417,12.84487247467041,0,3.611191987991333
D_latent,0,43,0.2457188316013502,0.07276187254034955,0.19973254,0.21686342,0.30426395,5.656764507293701,0.6714910864830017,13.05109977722168,0,3.5788450241088867
D_latent,0,44,0.2214412896529488,0.07340822530829388,0.18302754,0.19768472,0.27381617,5.656746864318848,0.6803522109985352,13.161367416381836,0,3.577144145965576
D_latent,0,45,0.19717871624490488,0.07309644636900528,0.16183051,0.17391236,0.24841097,5.656737327575684,0.6788674592971802,13.9723482131958,0,3.5914626121520996
D_latent,0,46,0.18408555569856064,0.07313238019528596,0.15105891,0.16129783,0.23411983,5.656729221343994,0.6916780471801758,14.352158546447754,0,3.601024866104126
D_latent,0,47,0.1639920939569888,0.0710927092510721,0.13588263,0.14460434,0.20812793,5.656735420227051,0.6910218000411987,14.497309684753418,0,3.574644088745117
D_latent,0,48,0.16201797775600268,0.07523427838864534,0.13486713,0.14290111,0.20521185,5.656719207763672,0.7088481783866882,14.996089935302734,0,3.574740171432495
D_latent,0,49,0.13878632628399393,0.07366870797198752,0.11314066,0.1200039,0.18087628,5.656696796417236,0.7071279287338257,15.617191314697266,0,3.606130361557007
D_latent,0,50,0.12136374349179475,0.07447055630061937,0.09848316,0.104017444,0.15969825,5.656670093536377,0.7191312313079834,16.29209327697754,0,3.5931241512298584
D_latent,0,51,0.10752924628879713,0.0753854046697202,0.08727502,0.091081426,0.14295493,5.6566572189331055,0.7169109582901001,16.692543029785156,0,3.5796051025390625
D_latent,0,52,0.09667225505994714,0.07621063875115436,0.07891467,0.082007356,0.12865369,5.656632423400879,0.7278153896331787,17.17318344116211,0,3.583789825439453
D_latent,0,53,0.08712008725041928,0.07525832238404648,0.070759565,0.07328324,0.11699683,5.656631946563721,0.7290922403335571,17.340801239013672,0,3.6220273971557617
D_latent,0,54,0.07717802731887154,0.0746801003165867,0.06324841,0.06495176,0.104679205,5.656627655029297,0.722427248954773,17.471040725708008,0,3.5978081226348877
D_latent,0,55,0.0696988986886066,0.07225557513858961,0.057297204,0.058790945,0.09457746,5.656633377075195,0.7216229438781738,17.616418838500977,0,3.5827903747558594
D_latent,0,56,0.06405364948770274,0.07105992151343304,0.052849106,0.05418426,0.08690406,5.656623840332031,0.7298309803009033,17.787996292114258,0,3.5949058532714844
D_latent,0,57,0.05841730470242708,0.0684720692427262,0.04858527,0.049252506,0.07999935,5.65663480758667,0.7193093299865723,17.85603904724121,0,3.6157617568969727
D_latent,0,58,0.05418225993280825,0.06733030339945918,0.045145404,0.045747116,0.07413008,5.6566290855407715,0.7213606834411621,17.913721084594727,0,3.5860049724578857
D_latent,0,59,0.04930820672408394,0.06516159099081288,0.041494273,0.04173434,0.06792964,5.656615257263184,0.7239924669265747,18.177127838134766,0,3.585392951965332
D_latent,0,60,0.04746963666832965,0.06408288167870563,0.040543225,0.04050116,0.06495822,5.656613349914551,0.7248013019561768,18.179458618164062,0,3.5936758518218994
D_latent,0,61,0.04426008722056513,0.06274650407874066,0.03772148,0.037293788,0.061328173,5.656608581542969,0.7275137305259705,18.2403507232666,0,3.612245798110962
D_latent,0,62,0.040966334550277046,0.06112451138703719,0.034916338,0.034679834,0.05668477,5.656607151031494,0.727219820022583,18.24531364440918,0,3.579366683959961
D_latent,0,63,0.03827876111735468,0.05978254131648852,0.033264425,0.032730367,0.05330365,5.656607151031494,0.7252758741378784,18.3099308013916,0,3.5836760997772217
D_latent,0,64,0.03519714137782221,0.05822064565575641,0.030565532,0.029780267,0.049336378,5.656608581542969,0.7200024127960205,18.422042846679688,0,3.6128787994384766
D_latent,0,65,0.034088295439015266,0.05751278089440387,0.02983005,0.029332532,0.047424305,5.656601428985596,0.7194972634315491,18.477252960205078,0,3.612314224243164
D_latent,0,66,0.032961824665898865,0.05694305896759033,0.028792366,0.028136073,0.045828383,5.656590938568115,0.713058352470398,18.75127410888672,0,3.577995538711548
D_latent,0,67,0.031311444614244545,0.055780768394470215,0.027593818,0.026879093,0.043720946,5.656593322753906,0.7139806747436523,18.830810546875,0,3.571843147277832
D_latent,0,68,0.0297793201778246,0.05507026547970979,0.026433008,0.025757747,0.04184316,5.656589984893799,0.707904577255249,18.92949104309082,0,3.6052558422088623
D_latent,0,69,0.027794055316759193,0.054065460744111435,0.024938265,0.024039526,0.039290357,5.656589508056641,0.7111214399337769,18.982521057128906,0,3.5944292545318604
D_latent,0,70,0.026968440283899723,0.0533944264702175,0.02424067,0.023488335,0.038196243,5.6565842628479,0.7098387479782104,19.074817657470703,0,3.579986572265625
D_latent,0,71,0.02568256077559098,0.0524387670599896,0.023232438,0.02251558,0.0360323,5.656585693359375,0.706989049911499,19.20700454711914,0,3.578577995300293
D_latent,0,72,0.025620748167452606,0.052388481471849525,0.023252705,0.022291752,0.036304507,5.656578063964844,0.7054628133773804,19.264543533325195,0,3.6267049312591553
D_latent,0,73,0.024265849072000256,0.05147531758184019,0.02225875,0.021287741,0.03430609,5.65658712387085,0.7002254724502563,19.26411247253418,0,3.5879769325256348
D_latent,0,74,0.023546978183414623,0.050509551297063415,0.021829983,0.020897677,0.033304214,5.656589984893799,0.6989167928695679,19.372089385986328,0,3.5896453857421875
D_latent,0,75,0.023084415041882057,0.05013965005459993,0.021517405,0.020583313,0.03267822,5.656583786010742,0.7028660774230957,19.39979362487793,0,3.598057985305786
D_latent,0,76,0.021942128305849823,0.04942182354305102,0.020651454,0.019609552,0.031089032,5.65657901763916,0.6964647173881531,19.61647605895996,0,3.6361660957336426
D_latent,0,77,0.02086325702459916,0.048225138498389206,0.019646429,0.018688107,0.029781865,5.656578540802002,0.6936162710189819,19.73052978515625,0,3.578904867172241
D_latent,0,78,0.020250681949698406,0.047739692356275475,0.019132785,0.018072344,0.028951228,5.656588077545166,0.6888511180877686,19.796131134033203,0,3.5832810401916504
D_latent,0,79,0.020368988099305527,0.04721567423447319,0.019549798,0.018482858,0.028793871,5.656580448150635,0.6920285224914551,19.848003387451172,0,3.610074281692505
D_latent,0,80,0.01956376692523127,0.046213720155798874,0.018782968,0.017710034,0.027841369,5.656576633453369,0.6958531141281128,19.800540924072266,0,3.6287310123443604
D_latent,0,81,0.01897481990897137,0.04592321230017621,0.018374214,0.01729438,0.027239785,5.656588077545166,0.6811221837997437,19.977582931518555,0,3.580721616744995
D_latent,0,82,0.018786561229954594,0.04508729084678318,0.018059319,0.017050505,0.026809208,5.656579971313477,0.6885874271392822,20.070409774780273,0,3.576725721359253
D_latent,0,83,0.017998682416003685,0.04454822643943455,0.017447626,0.016520469,0.025834188,5.656582832336426,0.6880451440811157,20.151777267456055,0,3.5911593437194824
D_latent,0,84,0.018010305321734886,0.043932987296062966,0.017582737,0.016510723,0.025664175,5.65657901763916,0.6890983581542969,20.2086238861084,0,3.6079885959625244
D_latent,0,85,0.017339622196943863,0.043414724909740944,0.017026482,0.015999561,0.0249231,5.656595230102539,0.6826503276824951,20.184932708740234,0,3.585602045059204
D_latent,0,86,0.016841615023820297,0.04282291039176609,0.016695673,0.015671644,0.02420079,5.656583786010742,0.6863324046134949,20.232267379760742,0,3.579907178878784
D_latent,0,87,0.016147350487501724,0.04226946571598882,0.016257698,0.015159304,0.023251262,5.65658712387085,0.6885968446731567,20.264162063598633,0,3.612109899520874
D_latent,0,88,0.01574736185695814,0.041328575300133744,0.015918428,0.014810564,0.022668533,5.656595230102539,0.6829556226730347,20.29499626159668,0,3.601130247116089
D_latent,0,89,0.016060978174209595,0.04127680737039317,0.016264604,0.015141552,0.022900593,5.656586170196533,0.6884853839874268,20.34630584716797,0,3.5863747596740723
D_latent,0,90,0.016085587117982948,0.04060274621714716,0.016245166,0.015287101,0.022839699,5.656591415405273,0.6846984624862671,20.383699417114258,0,3.5902369022369385
B_task_nopark,0,1,1.0098412555197012,0.0,1.0055491,0.92418647,1.0987666,5.656840801239014,0.015421044081449509,12.82535171508789,0,2.8860061168670654
B_task_nopark,0,2,1.008656874946926,0.0,1.0029308,0.919105,1.1011622,5.6568427085876465,0.012105962261557579,14.296867370605469,0,2.860438346862793
B_task_nopark,0,3,1.0037123638650645,0.0,0.99600005,0.91424555,1.0959482,5.656844139099121,0.014575270004570484,12.688253402709961,0,2.853665828704834
B_task_nopark,0,4,1.0035018920898438,0.0,0.9950858,0.91359985,1.0956695,5.656842231750488,0.01773572713136673,13.284258842468262,0,2.864443302154541
B_task_nopark,0,5,1.0063255973484204,0.0,0.9977836,0.91473806,1.0998354,5.656818389892578,0.04515774920582771,13.2717866897583,0,2.8754632472991943
B_task_nopark,0,6,0.9707764335300612,0.0,0.9554138,0.8807301,1.0672321,5.656179428100586,0.4481809139251709,10.850509643554688,0,2.8807947635650635
B_task_nopark,0,7,0.908560213835343,0.0,0.8817769,0.8201965,1.0127578,5.625364303588867,0.5327907800674438,14.468586921691895,0,2.8215465545654297
B_task_nopark,0,8,0.8755043693210768,0.0,0.8388722,0.7890523,0.9800457,5.655001163482666,0.3766780197620392,13.626392364501953,0,2.799619674682617
B_task_nopark,0,9,0.8549701027248217,0.0,0.81823707,0.77149254,0.9570836,5.652522087097168,0.5015576481819153,13.196905136108398,0,2.8277862071990967
B_task_nopark,0,10,0.8319136578103771,0.0,0.7990284,0.754114,0.9312781,5.65123176574707,0.5159034729003906,13.689565658569336,0,2.831791400909424
B_task_nopark,0,11,0.8033576633619226,0.0,0.7706258,0.72973466,0.8985504,5.653316497802734,0.5696873664855957,13.951688766479492,0,2.8459370136260986
B_task_nopark,0,12,0.771455018416695,0.0,0.7341822,0.696676,0.8705117,5.642498016357422,0.651347815990448,14.652595520019531,0,2.8255627155303955
B_task_nopark,0,13,0.7166163403054943,0.0,0.6630653,0.63266385,0.8299249,5.637404441833496,0.6838555932044983,14.833781242370605,0,2.8094003200531006
B_task_nopark,0,14,0.5744825031446374,0.0,0.50334114,0.48323056,0.7125888,5.626900672912598,0.7349117994308472,14.68093490600586,0,2.812593698501587
B_task_nopark,0,15,0.33341140332429303,0.0,0.27909917,0.27834618,0.44533777,5.634757995605469,0.7281111478805542,14.657928466796875,0,2.8475453853607178
B_task_nopark,0,16,0.18724847876507303,0.0,0.1476685,0.14941473,0.27134812,5.638103485107422,0.7144393920898438,14.336792945861816,0,2.83772349357605
B_task_nopark,0,17,0.12557793700176736,0.0,0.0939825,0.09454437,0.19186448,5.640048980712891,0.6707789897918701,14.609920501708984,0,2.8256685733795166
B_task_nopark,0,18,0.098612816437431,0.0,0.07212281,0.07141874,0.15338382,5.640264511108398,0.6991722583770752,14.09376335144043,0,2.7962775230407715
B_task_nopark,0,19,0.08434232421543288,0.0,0.05946219,0.05870775,0.13376348,5.641444206237793,0.680716335773468,14.72575569152832,0,2.809788227081299
B_task_nopark,0,20,0.0714175908461861,0.0,0.04874689,0.048217166,0.115979664,5.642725944519043,0.6776959896087646,14.483742713928223,0,2.837690830230713
B_task_nopark,0,21,0.06448676275170367,0.0,0.0439318,0.04309588,0.10505491,5.642185211181641,0.6772481203079224,14.545246124267578,0,2.8348217010498047
B_task_nopark,0,22,0.05791139084359874,0.0,0.03880399,0.03809283,0.09562756,5.643221378326416,0.6772849559783936,14.689960479736328,0,2.8012118339538574
B_task_nopark,0,23,0.0530955169511878,0.0,0.035569575,0.034688964,0.088494636,5.64269495010376,0.6855128407478333,14.849044799804688,0,2.807706117630005
B_task_nopark,0,24,0.050438124200572136,0.0,0.03333233,0.0320917,0.08523961,5.6428327560424805,0.6750227212905884,14.891919136047363,0,2.8174493312835693
B_task_nopark,0,25,0.04514542351598325,0.0,0.030510753,0.029099435,0.07663442,5.643198013305664,0.6826012134552002,14.805818557739258,0,2.8368117809295654
B_task_nopark,0,26,0.042268942231717316,0.0,0.028629519,0.027072893,0.07193052,5.643052101135254,0.6767087578773499,15.003069877624512,0,2.8282618522644043
B_task_nopark,0,27,0.040899655093317444,0.0,0.027920093,0.026437579,0.069483414,5.643077373504639,0.6779563426971436,15.002392768859863,0,2.8188223838806152
B_task_nopark,0,28,0.03819265572921089,0.0,0.026035063,0.024713185,0.06521202,5.642532825469971,0.6836462020874023,14.989683151245117,0,2.795830488204956
B_task_nopark,0,29,0.03819192492443582,0.0,0.026149696,0.024479602,0.06492397,5.643637180328369,0.6807187795639038,15.06896686553955,0,2.804969310760498
B_task_nopark,0,30,0.03588142343189405,0.0,0.024282552,0.02296028,0.06160014,5.642910957336426,0.6877516508102417,15.069900512695312,0,2.840381145477295
B_task_nopark,0,31,0.03259017156518024,0.0,0.02251793,0.020989113,0.05638591,5.643298625946045,0.6864010095596313,15.176081657409668,0,2.842341899871826
B_task_nopark,0,32,0.031768632971722145,0.0,0.02234239,0.020762045,0.054903585,5.642215251922607,0.6922003626823425,15.088883399963379,0,2.8076765537261963
B_task_nopark,0,33,0.03146030591881793,0.0,0.021822419,0.020265967,0.05443815,5.643110752105713,0.6910154819488525,15.076679229736328,0,2.8043556213378906
B_task_nopark,0,34,0.02944464528042337,0.0,0.020340787,0.0190196,0.051213425,5.642528533935547,0.6953821182250977,15.187704086303711,0,2.8078980445861816
B_task_nopark,0,35,0.029245467289634373,0.0,0.02072197,0.019118411,0.050601743,5.643107891082764,0.6940011382102966,15.258565902709961,0,2.8380606174468994
B_task_nopark,0,36,0.028023701647053593,0.0,0.020098839,0.018661251,0.048633162,5.643411636352539,0.6916415691375732,15.39282512664795,0,2.8182601928710938
B_task_nopark,0,37,0.02728803261466648,0.0,0.019276047,0.017678909,0.047757573,5.64291524887085,0.699447751045227,15.263453483581543,0,2.803380012512207
B_task_nopark,0,38,0.026161388210628345,0.0,0.01862295,0.017251698,0.045655172,5.643790245056152,0.6978628635406494,15.25183391571045,0,2.8108787536621094
B_task_nopark,0,39,0.02499187251795893,0.0,0.017970894,0.01650676,0.04413651,5.643871307373047,0.7000925540924072,15.265953063964844,0,2.825350761413574
B_task_nopark,0,40,0.024506641470867653,0.0,0.017669797,0.016188633,0.043083463,5.643709182739258,0.6951853036880493,15.389728546142578,0,2.839250087738037
B_task_nopark,0,41,0.023239278275033703,0.0,0.016880814,0.015404286,0.041146223,5.643702030181885,0.6969010233879089,15.433924674987793,0,2.8248422145843506
B_task_nopark,0,42,0.02176632829334425,0.0,0.015851451,0.014380603,0.039241426,5.643884181976318,0.6973801255226135,15.5071439743042,0,2.824086904525757
B_task_nopark,0,43,0.021603927664134815,0.0,0.015950888,0.014460149,0.038531877,5.643712997436523,0.693752646446228,15.536391258239746,0,2.813810348510742
B_task_nopark,0,44,0.022147531094758408,0.0,0.016522173,0.015064261,0.03889885,5.643960952758789,0.7046748399734497,15.586455345153809,0,2.8319292068481445
B_task_nopark,0,45,0.020740690438643745,0.0,0.015542861,0.014001991,0.036830198,5.6437811851501465,0.6987636089324951,15.719832420349121,0,2.849407434463501
B_task_nopark,0,46,0.02012458184491033,0.0,0.015198694,0.013786561,0.036005504,5.64331579208374,0.702978253364563,15.502653121948242,0,2.8115577697753906
B_task_nopark,0,47,0.0189641156922216,0.0,0.014201716,0.012964827,0.03411525,5.644300937652588,0.6998571753501892,15.593449592590332,0,2.797618865966797
B_task_nopark,0,48,0.018200010061264038,0.0,0.013808899,0.012432775,0.03302357,5.644749641418457,0.7013353109359741,15.68464469909668,0,2.8160274028778076
B_task_nopark,0,49,0.018549026354499485,0.0,0.0143213365,0.012970609,0.032943293,5.644629001617432,0.6997459530830383,15.735187530517578,0,2.829742670059204
B_task_nopark,0,50,0.01780158670052238,0.0,0.013643009,0.0122403735,0.032073975,5.644462585449219,0.7020031213760376,15.773995399475098,0,2.8356270790100098
B_task_nopark,0,51,0.01732101259024247,0.0,0.013298217,0.0119954115,0.031003209,5.644006729125977,0.6983076333999634,15.73421859741211,0,2.8021750450134277
B_task_nopark,0,52,0.016912744097087696,0.0,0.013023382,0.011627678,0.030565126,5.6441802978515625,0.7034057378768921,15.799530029296875,0,2.808413028717041
B_task_nopark,0,53,0.016741337983504585,0.0,0.013320906,0.011882641,0.029993275,5.64406156539917,0.7018939256668091,15.774176597595215,0,2.7886111736297607
B_task_nopark,0,54,0.01683692569318025,0.0,0.01308764,0.011765477,0.030110681,5.644536972045898,0.700624942779541,15.794516563415527,0,2.8421523571014404
B_task_nopark,0,55,0.016616689122241478,0.0,0.013119085,0.01176882,0.029439231,5.645079612731934,0.7005336284637451,15.80908203125,0,2.8399763107299805
B_task_nopark,0,56,0.015982528095660004,0.0,0.0128502585,0.011469861,0.02838432,5.644201278686523,0.7113277912139893,15.881467819213867,0,2.8029086589813232
B_task_nopark,0,57,0.015828227219374283,0.0,0.012480484,0.011239054,0.027940312,5.645535469055176,0.7054316401481628,15.833148002624512,0,2.797567844390869
B_task_nopark,0,58,0.0158217614111693,0.0,0.012557649,0.011287632,0.028057413,5.645082950592041,0.7093367576599121,15.967501640319824,0,2.8061819076538086
B_task_nopark,0,59,0.01732268152029618,0.0,0.013664626,0.012365212,0.030082006,5.645672798156738,0.7121863961219788,15.818224906921387,0,2.846754789352417
B_task_nopark,0,60,0.01613084907117097,0.0,0.012746462,0.011279996,0.028575517,5.645419597625732,0.706852912902832,16.018661499023438,0,2.8325395584106445
D_latent_nopark,0,1,1.010034063588018,0.21103802971217944,1.00517,0.9236537,1.099003,5.656795978546143,0.40780016779899597,2.3590023517608643,0,3.7170424461364746
D_latent_nopark,0,2,1.0091229314389436,0.01018564338269441,1.0039828,0.9200445,1.1006333,5.656810760498047,0.5036715269088745,2.4520604610443115,0,3.689565658569336
D_latent_nopark,0,3,1.0063718712848166,0.006187774564908898,0.9993552,0.9167512,1.0982554,5.656826019287109,0.3735206723213196,2.438821315765381,0,3.700420618057251
D_latent_nopark,0,4,1.003485223521357,0.0027989988093790803,0.99541676,0.9133506,1.0960088,5.656826019287109,0.3591371774673462,2.5910701751708984,0,3.7021584510803223
D_latent_nopark,0,5,1.0069722714631453,0.0018305209991724594,0.9985005,0.9153546,1.1007305,5.656826972961426,0.3416796624660492,2.7299556732177734,0,3.6579904556274414
D_latent_nopark,0,6,1.0064728778341543,0.001687785205633744,0.9988801,0.9163267,1.0982714,5.656833171844482,0.26909878849983215,2.9725589752197266,0,3.67733097076416
D_latent_nopark,0,7,1.0041277512260105,0.0014890056589375372,0.9956432,0.9117208,1.0987304,5.65683126449585,0.29062238335609436,3.349370241165161,0,3.704477548599243
D_latent_nopark,0,8,1.0043703162151834,0.001410334006599758,0.99403465,0.912073,1.097926,5.656830310821533,0.3143400549888611,3.561432123184204,0,3.6771817207336426
D_latent_nopark,0,9,0.9974982220193614,0.0010253315710503123,0.9889195,0.9070258,1.0896351,5.656828880310059,0.313900887966156,3.9037556648254395,0,3.6605188846588135
D_latent_nopark,0,10,1.003180628237517,0.001137542254898859,0.9948815,0.9116832,1.0966486,5.656830310821533,0.3154742121696472,3.936918020248413,0,3.676485300064087
D_latent_nopark,0,11,1.0079971811045771,0.0013405314606168995,0.9986839,0.9160664,1.100896,5.656832218170166,0.3090539872646332,4.193820953369141,0,3.7019290924072266
D_latent_nopark,0,12,1.005327141803244,0.002574829627638278,0.99502325,0.9136009,1.0986251,5.65683126449585,0.35565340518951416,4.23054313659668,0,3.6597490310668945
D_latent_nopark,0,13,1.0049960094949473,0.002760687276073124,0.99555176,0.91384804,1.0970681,5.656833648681641,0.3730615973472595,4.5117878913879395,0,3.657360792160034
D_latent_nopark,0,14,1.0019272514011548,0.0024214317293270774,0.9929531,0.90979934,1.0956537,5.656837463378906,0.34022027254104614,4.897934436798096,0,3.6785945892333984
D_latent_nopark,0,15,1.000886170760445,0.0021195473230403404,0.9904573,0.9090733,1.0935249,5.65683650970459,0.37527018785476685,5.096677780151367,0,3.6641995906829834
D_latent_nopark,0,16,1.0000276980192766,0.003286318934482077,0.9903376,0.9072913,1.0943841,5.656828880310059,0.44578662514686584,5.453460693359375,0,3.643160581588745
D_latent_nopark,0,17,0.9871900807256284,0.010584199558133665,0.9778431,0.8962921,1.0804083,5.65680456161499,0.5513691902160645,6.701878547668457,0,3.66172194480896
D_latent_nopark,0,18,0.9525145655092986,0.019005832464798637,0.94102615,0.8660085,1.0445702,5.656658172607422,0.672638475894928,8.779722213745117,0,3.705404043197632
D_latent_nopark,0,19,0.9058392566183339,0.023868262767791748,0.89101845,0.8239241,0.99875444,5.656495094299316,0.6809203028678894,10.230990409851074,0,3.6435794830322266
D_latent_nopark,0,20,0.8735006581182065,0.03520266906074856,0.8542348,0.79425937,0.9654235,5.656670093536377,0.6265140175819397,10.65156078338623,0,3.6144473552703857
D_latent_nopark,0,21,0.8437757906706437,0.04788181056147036,0.8233371,0.7699731,0.9336125,5.656628608703613,0.6305409073829651,11.64061450958252,0,3.594740390777588
D_latent_nopark,0,22,0.8104465318762738,0.06299314809882123,0.78992134,0.7404696,0.89941925,5.656493186950684,0.6610751748085022,12.312469482421875,0,3.6363697052001953
D_latent_nopark,0,23,0.7611514381740404,0.07330593337183414,0.7346509,0.69396895,0.85333604,5.656175136566162,0.7187200784683228,12.97080135345459,0,3.5915403366088867
D_latent_nopark,0,24,0.6699290068253226,0.10272251004758089,0.6252706,0.5956024,0.7819135,5.655364036560059,0.7421244382858276,14.137351989746094,0,3.594912528991699
D_latent_nopark,0,25,0.5230029147604237,0.12191372332365616,0.47049192,0.4578544,0.64017063,5.655486106872559,0.760192334651947,14.263250350952148,0,3.605182409286499
D_latent_nopark,0,26,0.4158919375875722,0.11961621823518173,0.37261072,0.36753815,0.5157991,5.655266284942627,0.7825599312782288,15.033348083496094,0,3.6281321048736572
D_latent_nopark,0,27,0.34566750733748725,0.1267127161440642,0.3086449,0.30711055,0.43000567,5.6553521156311035,0.7798287272453308,15.411965370178223,0,3.5844573974609375
D_latent_nopark,0,28,0.26869581056677777,0.1254347614620043,0.23401271,0.2357125,0.3429889,5.655252456665039,0.7752396464347839,16.052141189575195,0,3.593153953552246
D_latent_nopark,0,29,0.20172973301099695,0.12618692024894382,0.17240395,0.17550011,0.26318422,5.655245780944824,0.7506944537162781,16.927942276000977,0,3.6159679889678955
D_latent_nopark,0,30,0.1537156001381252,0.12012296137602432,0.13036063,0.13310896,0.20447205,5.655416965484619,0.7524478435516357,16.879186630249023,0,3.6210639476776123
D_latent_nopark,0,31,0.117434315059496,0.10887322218521782,0.09562192,0.09691956,0.16366896,5.655411243438721,0.7445504069328308,17.30401039123535,0,3.577731132507324
D_latent_nopark,0,32,0.10087782403697139,0.10196518898010254,0.08200762,0.0826314,0.14194047,5.655282974243164,0.7332226634025574,17.65414810180664,0,3.5850002765655518
D_latent_nopark,0,33,0.08582318865734598,0.0953777147376019,0.068313465,0.06825781,0.12390438,5.6554670333862305,0.725359320640564,17.771358489990234,0,3.6206624507904053
D_latent_nopark,0,34,0.07494737272677214,0.08943308954653532,0.058598395,0.058457386,0.11037611,5.655387878417969,0.7275221347808838,17.85319709777832,0,3.6225244998931885
D_latent_nopark,0,35,0.06686183162357497,0.0852521917094355,0.051884916,0.051480874,0.099984564,5.655492305755615,0.7156800031661987,17.927602767944336,0,3.5873563289642334
D_latent_nopark,0,36,0.060220889423204506,0.08066497678342073,0.046797276,0.046354886,0.090955324,5.65540885925293,0.7168086767196655,18.201005935668945,0,3.5803945064544678
D_latent_nopark,0,37,0.05452762479367464,0.07689097653264584,0.04174039,0.041252185,0.08356542,5.655431270599365,0.7095701694488525,18.332155227661133,0,3.620354175567627
D_latent_nopark,0,38,0.052282037942305855,0.07404601573944092,0.04020875,0.039439514,0.07994977,5.65546178817749,0.7197369337081909,18.264026641845703,0,3.5968518257141113
D_latent_nopark,0,39,0.05048308683478314,0.07125355886376422,0.039142456,0.038095705,0.07739576,5.655539035797119,0.7075380682945251,18.2496337890625,0,3.5817999839782715
D_latent_nopark,0,40,0.04608564791472062,0.06856833333554475,0.035596404,0.03456452,0.07168043,5.65548038482666,0.718001127243042,18.412086486816406,0,3.5860800743103027
D_latent_nopark,0,41,0.04272293007892111,0.0660971040311067,0.033457004,0.03241007,0.06665205,5.655516147613525,0.7122757434844971,18.48848533630371,0,3.620465040206909
D_latent_nopark,0,42,0.04026648790939995,0.06400309956592062,0.031447332,0.030288257,0.06336394,5.655581951141357,0.7176798582077026,18.46717071533203,0,3.5771145820617676
D_latent_nopark,0,43,0.03897745972094328,0.06230935843094536,0.030699484,0.029222198,0.06131355,5.655519008636475,0.7203058004379272,18.52667236328125,0,3.582127571105957
D_latent_nopark,0,44,0.03909463986106541,0.061560475307962166,0.030695498,0.029720211,0.060775988,5.655582904815674,0.7183144092559814,18.563697814941406,0,3.593284845352173
D_latent_nopark,0,45,0.03505185894344164,0.05878691569618557,0.0278082,0.026518948,0.055475578,5.65558385848999,0.7148571014404297,18.659517288208008,0,3.610690116882324
D_latent_nopark,0,46,0.033049290594847305,0.0574838752331941,0.026213175,0.024926245,0.052758325,5.655608177185059,0.7142219543457031,18.68610954284668,0,3.582279682159424
D_latent_nopark,0,47,0.031660111054130226,0.05604611790698508,0.02523061,0.023862952,0.051038805,5.655598163604736,0.714990496635437,18.694543838500977,0,3.574904441833496
D_latent_nopark,0,48,0.029175403325454048,0.05402238472648289,0.023735112,0.022170743,0.047322974,5.655622959136963,0.7106152772903442,18.802261352539062,0,3.597569227218628
D_latent_nopark,0,49,0.029540976752405582,0.052981449210125466,0.02408734,0.022563176,0.0473661,5.655579090118408,0.7094951868057251,18.927812576293945,0,3.6069366931915283
D_latent_nopark,0,50,0.029282261496004852,0.05215539102968962,0.023746204,0.022329897,0.046981253,5.655642032623291,0.7100752592086792,18.835617065429688,0,3.5792396068573
D_latent_nopark,0,51,0.027844089528788692,0.05083584267160167,0.022875784,0.021287836,0.044820707,5.6556477546691895,0.7054425477981567,18.92800521850586,0,3.5732178688049316
D_latent_nopark,0,52,0.026478785535563595,0.04968696055204972,0.021957802,0.020409003,0.042636476,5.655655384063721,0.7116812467575073,19.00432586669922,0,3.604018211364746
D_latent_nopark,0,53,0.02689181203427522,0.04890593238498853,0.022252493,0.020580895,0.04337804,5.655642032623291,0.7053382396697998,18.940540313720703,0,3.608400344848633
D_latent_nopark,0,54,0.02568553582481716,0.048277585402778954,0.021585165,0.019999426,0.041221846,5.655693531036377,0.7075077295303345,18.929174423217773,0,3.592109203338623
D_latent_nopark,0,55,0.023972205493761146,0.04679170380467954,0.020317072,0.018744797,0.039009504,5.655693054199219,0.7038336992263794,18.967384338378906,0,3.5829458236694336
D_latent_nopark,0,56,0.02383651163267053,0.046221562053846275,0.020330438,0.018695485,0.038702622,5.655668258666992,0.7090829610824585,19.01946258544922,0,3.6118521690368652
D_latent_nopark,0,57,0.022959530353546143,0.045231166093245796,0.019818433,0.018036462,0.037165795,5.655690670013428,0.7086901068687439,19.073871612548828,0,3.586515188217163
D_latent_nopark,0,58,0.02191210829693338,0.04456992771314538,0.018987888,0.017505199,0.035863098,5.655695915222168,0.7079836130142212,19.034793853759766,0,3.588387966156006
D_latent_nopark,0,59,0.022356831509134045,0.04413991389067277,0.019250818,0.01750101,0.03642751,5.65571403503418,0.7067667841911316,19.11310386657715,0,3.586500883102417
D_latent_nopark,0,60,0.020623446806617405,0.04314523935317993,0.018215774,0.016548991,0.03374956,5.655718803405762,0.7073306441307068,19.100078582763672,0,3.637934684753418
A_recon,1,1,1.0254772849704907,0.05252995698348335,1.0083755,0.907264,1.1458737,5.656839370727539,0.009337833151221275,15.42436408996582,0,5.156280994415283
A_recon,1,2,1.0153492637302564,0.050233504046564514,0.9916723,0.8898289,1.1426392,5.656838417053223,0.014477597549557686,11.788820266723633,0,5.16318416595459
A_recon,1,3,1.013373499331267,0.04986312078393024,0.9883331,0.885317,1.1425077,5.656827926635742,0.13062167167663574,2.9419686794281006,0,5.161266803741455
A_recon,1,4,1.0122751153033713,0.03849336893662163,0.9860278,0.88167125,1.1427611,5.6568474769592285,0.1933373510837555,2.150538444519043,0,5.184728384017944
A_recon,1,5,1.0092148988143257,0.03002998103266177,0.97969455,0.87566835,1.1409968,5.656851291656494,0.1612391173839569,2.4583182334899902,0,5.193986892700195
A_recon,1,6,1.0064776047416355,0.027488643708436386,0.97691214,0.8735126,1.1373612,5.656851291656494,0.19622644782066345,2.5695009231567383,0,5.1563732624053955
A_recon,1,7,0.9906250497569209,0.02179985461027726,0.9684085,0.86567265,1.1159891,5.656851291656494,0.14592492580413818,2.9439022541046143,0,5.148180723190308
A_recon,1,8,0.9661583278490149,0.019731255977050118,0.9448343,0.8471275,1.0841075,5.656851291656494,0.14740082621574402,2.873873472213745,0,5.14659571647644
A_recon,1,9,0.9276922474736753,0.01893522946730904,0.9074795,0.8198448,1.0360605,5.656852722167969,0.11195852607488632,2.99934720993042,0,5.13416600227356
A_recon,1,10,0.8959803373917289,0.01894086340199346,0.87346715,0.7944367,0.99833786,5.656852722167969,0.11822636425495148,3.154290199279785,0,5.144493341445923
A_recon,1,11,0.8819073386814283,0.019033810366754948,0.85985386,0.78281933,0.9822844,5.656852722167969,0.11557631939649582,3.5781867504119873,0,5.116791486740112
A_recon,1,12,0.8768963191820227,0.019062818392463352,0.8519674,0.7796639,0.97527397,5.656852722167969,0.12090179324150085,3.9150285720825195,0,5.122028112411499
A_recon,1,13,0.8649491849152938,0.018005075662032417,0.8431235,0.7702977,0.96163964,5.656853675842285,0.09301139414310455,4.024714469909668,0,5.131960153579712
A_recon,1,14,0.8529860455056896,0.01743705505910127,0.8286581,0.760369,0.946782,5.656853675842285,0.13174128532409668,4.621333122253418,0,5.117472887039185
A_recon,1,15,0.8522619164508322,0.016857271609099014,0.82730097,0.7578798,0.94671714,5.656853675842285,0.1217176616191864,4.665956020355225,0,5.1152565479278564
A_recon,1,16,0.8450754414434019,0.01698990230974944,0.82008034,0.75330454,0.93779176,5.656853675842285,0.14782549440860748,4.64988374710083,0,5.1128010749816895
A_recon,1,17,0.8387189118758492,0.0165477744911028,0.8167136,0.7487284,0.9289152,5.656853675842285,0.15522532165050507,5.203238010406494,0,5.113137245178223
A_recon,1,18,0.8377080171004586,0.01700489806092304,0.8146496,0.7470635,0.92884994,5.656853675842285,0.16173991560935974,4.930220127105713,0,5.115046501159668
A_recon,1,19,0.8286792091701342,0.016258212535277657,0.8042233,0.73939484,0.9180075,5.656853675842285,0.1764957308769226,4.928622722625732,0,5.101956129074097
A_recon,1,20,0.8316012672756029,0.016792136689890987,0.8090887,0.7416484,0.9215479,5.656853675842285,0.21013343334197998,5.306761264801025,0,5.104982137680054
A_recon,1,21,0.8265321980351987,0.017208069562911987,0.8032896,0.7389002,0.9148126,5.656853675842285,0.20720571279525757,5.410393238067627,0,5.107106685638428
A_recon,1,22,0.8233921216881793,0.017174862001253212,0.8006917,0.73465896,0.9129305,5.656854152679443,0.30582094192504883,4.085466384887695,0,5.117958307266235
A_recon,1,23,0.8222245755402938,0.016666947499565456,0.79965997,0.73431146,0.9110046,5.656853675842285,0.23447704315185547,5.5058088302612305,0,5.113107442855835
A_recon,1,24,0.8199571526568868,0.01716382736745088,0.7980836,0.73305297,0.90761197,5.656854152679443,0.2380492389202118,5.1127848625183105,0,5.114301443099976
A_recon,1,25,0.8156255639117697,0.016693226669145668,0.79332006,0.7273336,0.90524006,5.656853675842285,0.2454696148633957,5.7785258293151855,0,5.123530864715576
A_recon,1,26,0.8120467973792035,0.017412711744723114,0.7894445,0.72518283,0.8996203,5.656853199005127,0.2992206811904907,6.700430870056152,0,5.133833646774292
A_recon,1,27,0.727804598600968,0.021779881871264915,0.69028366,0.6499153,0.8161622,5.6566572189331055,0.5865408182144165,7.228701591491699,0,5.128612995147705
A_recon,1,28,0.6448264329329781,0.023880362510681152,0.6076803,0.58612794,0.72247255,5.65669059753418,0.5930107831954956,7.83078145980835,0,5.110779762268066
A_recon,1,29,0.618243466252866,0.020390437996905784,0.5789466,0.56320506,0.6941772,5.656780242919922,0.617819607257843,7.596105098724365,0,5.120469331741333
A_recon,1,30,0.5304284717725671,0.022425762985063637,0.47764525,0.48126698,0.6040591,5.656716823577881,0.6276696920394897,9.260725975036621,0,5.105191230773926
A_recon,1,31,0.380293141240659,0.02518740166788516,0.31374446,0.33804843,0.45239723,5.656660556793213,0.6456129550933838,9.994958877563477,0,5.085705518722534
A_recon,1,32,0.34191471597422723,0.02206523781237395,0.27411816,0.29993504,0.41300583,5.65653133392334,0.6479548215866089,10.826035499572754,0,5.085100889205933
A_recon,1,33,0.3191757409468941,0.021329928999361786,0.25729978,0.2814248,0.38524082,5.656577110290527,0.6613526344299316,10.653480529785156,0,5.06576943397522
A_recon,1,34,0.30142023252404254,0.02061923042587612,0.2405222,0.26447207,0.36517495,5.656500816345215,0.6720941662788391,11.351889610290527,0,5.071844577789307
A_recon,1,35,0.2905229070912237,0.019945950611777927,0.23434186,0.25649098,0.351367,5.656483173370361,0.6705362200737,11.909923553466797,0,5.06606912612915
A_recon,1,36,0.2708728417106297,0.01927234815514606,0.21707487,0.2391129,0.32996613,5.656338691711426,0.6951518058776855,13.195196151733398,0,5.053621053695679
A_recon,1,37,0.24513970250668732,0.01880710410035175,0.19857259,0.21790159,0.30007896,5.65630578994751,0.7011394500732422,13.771458625793457,0,5.071892023086548
A_recon,1,38,0.21693760415782098,0.01807817298433055,0.17612112,0.19366285,0.26669452,5.656437397003174,0.6920840740203857,14.317852020263672,0,5.048263072967529
A_recon,1,39,0.18965553200763205,0.017760497072468632,0.15585217,0.17019604,0.23558669,5.656489372253418,0.6875150799751282,14.758013725280762,0,5.061737537384033
A_recon,1,40,0.16553615487140158,0.01725765674010567,0.13619587,0.14762549,0.2088375,5.656459808349609,0.6941788196563721,15.134096145629883,0,5.047052383422852
A_recon,1,41,0.13195139428843622,0.016161910865617836,0.10750074,0.11561774,0.17016384,5.656330585479736,0.7254100441932678,15.797831535339355,0,5.045189142227173
A_recon,1,42,0.11163654534713081,0.015960768513057545,0.08954384,0.09528228,0.14779535,5.656271457672119,0.7048913240432739,16.279878616333008,0,5.049012184143066
A_recon,1,43,0.09475377331609311,0.01553240936735402,0.075983636,0.07971434,0.12773137,5.656254291534424,0.704872190952301,16.753110885620117,0,5.06049656867981
A_recon,1,44,0.07985218711521315,0.014804513558097507,0.06365871,0.06619533,0.1091192,5.656265735626221,0.7015030980110168,16.722177505493164,0,5.077497959136963
A_recon,1,45,0.07037666569585385,0.014372486135234003,0.05583624,0.057374407,0.09797437,5.65623140335083,0.6994363069534302,17.070083618164062,0,5.082466125488281
A_recon,1,46,0.06292193868885869,0.013926530661790268,0.049868286,0.05113433,0.0881604,5.6562819480896,0.6907263994216919,17.008567810058594,0,5.068281888961792
A_recon,1,47,0.057927235313083816,0.013799425052559895,0.045676377,0.046805896,0.08114776,5.656245231628418,0.6932005286216736,17.172468185424805,0,5.077486515045166
A_recon,1,48,0.052435926769090736,0.013378134240274843,0.041357532,0.042061932,0.07428151,5.656291961669922,0.6845996379852295,17.429676055908203,0,5.091933250427246
A_recon,1,49,0.047897629115892494,0.013050395509471064,0.03798298,0.038597886,0.06806146,5.656259059906006,0.686668336391449,17.64638328552246,0,5.075071096420288
A_recon,1,50,0.043751369351926056,0.012709283310434093,0.034465615,0.034918763,0.06252343,5.656273365020752,0.6825764775276184,17.800926208496094,0,5.091438055038452
A_recon,1,51,0.04072942681934522,0.01243421046630196,0.032147393,0.032459546,0.05887797,5.6562395095825195,0.6880664825439453,17.823896408081055,0,5.090194940567017
A_recon,1,52,0.0391895926516989,0.012240719536076422,0.031123893,0.0312959,0.05606769,5.656222343444824,0.6889727711677551,18.225149154663086,0,5.086858034133911
A_recon,1,53,0.0365755091542783,0.012022584676742554,0.029345464,0.029276786,0.052610897,5.656250476837158,0.6962212324142456,18.20732879638672,0,5.102135181427002
A_recon,1,54,0.034995628439861794,0.01183700302372808,0.02848906,0.02819362,0.050069556,5.656228542327881,0.6956589818000793,18.322437286376953,0,5.08710241317749
A_recon,1,55,0.03409064075221186,0.011697627927946009,0.027704826,0.027514787,0.0485794,5.656212329864502,0.6975786685943604,18.451173782348633,0,5.0913567543029785
A_recon,1,56,0.031337167905724564,0.011616968590280285,0.025279347,0.02499984,0.04545639,5.656210422515869,0.6943883299827576,18.592628479003906,0,5.111567735671997
A_recon,1,57,0.029484398986982262,0.01152250041132388,0.024341635,0.023714924,0.042864215,5.656230449676514,0.690552830696106,18.571001052856445,0,5.085777282714844
A_recon,1,58,0.028158527353535526,0.011325018561404684,0.02337821,0.022946348,0.04075102,5.6562371253967285,0.7006028294563293,18.499483108520508,0,5.103390455245972
A_recon,1,59,0.026732755743938942,0.011230567227239195,0.022411983,0.02181514,0.03888621,5.65620756149292,0.7023424506187439,18.7047176361084,0,5.105335235595703
A_recon,1,60,0.025279540082682735,0.011168062686920166,0.021155225,0.020577287,0.03712303,5.656209468841553,0.6985102891921997,18.694414138793945,0,5.087618589401245
A_recon,1,61,0.024751144906748897,0.011049251193585604,0.020886999,0.020189418,0.035908017,5.656227111816406,0.7021504640579224,18.886600494384766,0,5.107208967208862
A_recon,1,62,0.02348380762597789,0.010979460633319357,0.020159308,0.01945102,0.03429007,5.656214237213135,0.7034228444099426,18.802444458007812,0,5.109010696411133
A_recon,1,63,0.022430723128111466,0.010844691292099331,0.019130167,0.018439846,0.03301881,5.656225681304932,0.6982620358467102,18.837547302246094,0,5.097613334655762
A_recon,1,64,0.021722669186799423,0.010794008555619614,0.018658394,0.017899957,0.032119017,5.656203269958496,0.7090810537338257,18.853736877441406,0,5.122744560241699
A_recon,1,65,0.021654477585916935,0.01074222637259442,0.01863645,0.01780939,0.031976983,5.6561970710754395,0.7040785551071167,18.967575073242188,0,5.106669902801514
A_recon,1,66,0.02029453930647477,0.010695923929629118,0.017653005,0.016702691,0.030232493,5.656225204467773,0.7036093473434448,18.999387741088867,0,5.107537031173706
A_recon,1,67,0.01927628076594809,0.010576401067816692,0.017272087,0.016381778,0.028481103,5.656222820281982,0.7100142240524292,19.06278419494629,0,5.116196632385254
A_recon,1,68,0.018784959679064545,0.010542966101480566,0.016707039,0.015823193,0.027840283,5.656208038330078,0.7082412242889404,19.022985458374023,0,5.102067470550537
A_recon,1,69,0.0183942305005115,0.0105024472526882,0.016355598,0.015464238,0.027219526,5.656230926513672,0.7025927305221558,19.055517196655273,0,5.10348916053772
A_recon,1,70,0.01755126274150351,0.010388460496197576,0.015886763,0.0149063915,0.026271963,5.6562275886535645,0.707169234752655,19.07574462890625,0,5.084386110305786
B_task,1,1,1.025475211765455,0.0,1.0083885,0.90726465,1.1458851,5.656839847564697,0.00791938416659832,16.82674217224121,0,2.8419084548950195
B_task,1,2,1.0153551516325579,0.0,0.9916867,0.8898419,1.1426469,5.656840801239014,0.0074224406853318214,17.249366760253906,0,2.8449490070343018
B_task,1,3,1.0133042542830757,0.0,0.9882333,0.8852346,1.1424471,5.656842231750488,0.006969872862100601,17.326969146728516,0,2.873788356781006
B_task,1,4,1.0121355471403704,0.0,0.9857197,0.8814455,1.1426897,5.656842231750488,0.006745851598680019,17.540294647216797,0,2.8496439456939697
B_task,1,5,1.009035359258237,0.0,0.979283,0.87545323,1.1408224,5.6568427085876465,0.006899983622133732,17.726327896118164,0,2.8364439010620117
B_task,1,6,1.0058648482612942,0.0,0.9762591,0.8729794,1.1367188,5.656843185424805,0.006377683486789465,16.964641571044922,0,2.834463119506836
B_task,1,7,0.9818890613058339,0.0,0.95751166,0.85709584,1.1059684,5.6568474769592285,0.005735122598707676,16.014915466308594,0,2.8398568630218506
B_task,1,8,0.9553917594577955,0.0,0.93153393,0.8378323,1.0720181,5.656849384307861,0.004051540978252888,17.166120529174805,0,2.856830358505249
B_task,1,9,0.9223110364831012,0.0,0.9009748,0.81664544,1.0282966,5.656851291656494,0.0038225711323320866,16.760862350463867,0,2.835552453994751
B_task,1,10,0.8930300007695737,0.0,0.8679907,0.79138047,0.99585724,5.656851291656494,0.004324255511164665,15.6716890335083,0,2.8449642658233643
B_task,1,11,0.8799765213676121,0.0,0.8551455,0.7804752,0.98141855,5.656851291656494,0.008827075362205505,10.250941276550293,0,2.8360142707824707
B_task,1,12,0.876487980718198,0.0,0.8504877,0.7796311,0.9741919,5.656851291656494,0.012398209422826767,8.642579078674316,0,2.8486616611480713
B_task,1,13,0.8627641097359036,0.0,0.8381301,0.7687485,0.95857865,5.656845569610596,0.05867926776409149,3.166849374771118,0,2.8657665252685547
B_task,1,14,0.853889216547427,0.0,0.8293886,0.76116556,0.94719714,5.656853675842285,0.00782657042145729,11.922404289245605,0,2.8268954753875732
B_task,1,15,0.850178511246391,0.0,0.8257308,0.7568618,0.943829,5.656825065612793,0.03824198246002197,9.674125671386719,0,2.8292789459228516
B_task,1,16,0.8416937952456267,0.0,0.8161856,0.74992895,0.9344531,5.656850337982178,0.03906691074371338,8.945133209228516,0,2.8231070041656494
B_task,1,17,0.8362278316331946,0.0,0.8135285,0.7463983,0.9261016,5.656846046447754,0.09390447288751602,8.270915985107422,0,2.8366384506225586
B_task,1,18,0.8372744684634001,0.0,0.8141257,0.7474081,0.9273788,5.656854629516602,0.024931617081165314,9.217656135559082,0,2.860239028930664
B_task,1,19,0.8288905931555707,0.0,0.8051467,0.7399843,0.9177379,5.656764030456543,0.23520740866661072,5.275410175323486,0,2.8252875804901123
B_task,1,20,0.8291728807532269,0.0,0.8060828,0.7398521,0.9182881,5.656852722167969,0.17160460352897644,9.490910530090332,0,2.8311972618103027
B_task,1,21,0.8219772836436396,0.0,0.7984025,0.7331905,0.91123134,5.656837463378906,0.2955102324485779,12.525104522705078,0,2.827434539794922
B_task,1,22,0.8181480739427649,0.0,0.7954536,0.72913224,0.9078375,5.656849384307861,0.3112606406211853,13.58709716796875,0,2.856261730194092
B_task,1,23,0.815024417379628,0.0,0.79375553,0.72725123,0.9037975,5.656852722167969,0.3544820547103882,13.92578125,0,2.8491106033325195
B_task,1,24,0.8055646315864895,0.0,0.78384537,0.7182535,0.8935683,5.655988693237305,0.4826797842979431,16.13762855529785,0,2.8240559101104736
B_task,1,25,0.7941722040591033,0.0,0.77095383,0.7063982,0.8844542,5.656822204589844,0.5118755102157593,16.645660400390625,0,2.8316171169281006
B_task,1,26,0.7857084688932999,0.0,0.7652214,0.7000228,0.8742057,5.656635761260986,0.4869995713233948,18.66206932067871,0,2.821547746658325
B_task,1,27,0.763019727623981,0.0,0.7400765,0.6791494,0.85151917,5.655879020690918,0.6179791688919067,19.963773727416992,0,2.850456953048706
B_task,1,28,0.7406144349471383,0.0,0.7151156,0.6602827,0.82844853,5.656121730804443,0.652705192565918,20.579713821411133,0,2.829406261444092
B_task,1,29,0.7054540385370669,0.0,0.6740695,0.6287057,0.7923147,5.655085563659668,0.7313435077667236,20.6380615234375,0,2.8226873874664307
B_task,1,30,0.6278734621794327,0.0,0.5964927,0.5630067,0.70797265,5.654880046844482,0.72536301612854,20.90642547607422,0,2.81241512298584
B_task,1,31,0.5807965320089589,0.0,0.5514516,0.52515393,0.65631914,5.65518856048584,0.7687406539916992,20.342863082885742,0,2.8080074787139893
B_task,1,32,0.5404758868010148,0.0,0.5139931,0.49146703,0.6109822,5.654666423797607,0.7513176202774048,21.044876098632812,0,2.8450052738189697
B_task,1,33,0.5058123547097911,0.0,0.48201558,0.46202478,0.5720111,5.654512882232666,0.7926878929138184,21.08743667602539,0,2.809206247329712
B_task,1,34,0.4735252131586489,0.0,0.45401865,0.43631762,0.53439695,5.654323101043701,0.7803713083267212,21.396577835083008,0,2.807997226715088
B_task,1,35,0.43111224796461023,0.0,0.4086207,0.39635032,0.48924795,5.653829097747803,0.806035578250885,21.374725341796875,0,2.8079535961151123
B_task,1,36,0.3298466309257176,0.0,0.3017961,0.30907294,0.3767701,5.653920650482178,0.8511533737182617,22.51848602294922,0,2.8123207092285156
B_task,1,37,0.25598768565965735,0.0,0.22603045,0.23777033,0.2995518,5.6540846824646,0.8456117510795593,23.18110466003418,0,2.833909273147583
B_task,1,38,0.20797132409137228,0.0,0.18291229,0.19403283,0.24662624,5.654055595397949,0.8516374826431274,22.58855438232422,0,2.8062169551849365
B_task,1,39,0.17883452125217603,0.0,0.15844886,0.16750704,0.21441598,5.654068470001221,0.8480198383331299,22.864910125732422,0,2.8060102462768555
B_task,1,40,0.1555334070454473,0.0,0.14036565,0.14712672,0.18795776,5.653986930847168,0.8676682710647583,22.843381881713867,0,2.828861951828003
B_task,1,41,0.13900731957477072,0.0,0.12543665,0.13206805,0.16904275,5.653806686401367,0.8733823895454407,22.98527717590332,0,2.81923508644104
B_task,1,42,0.1254247686137324,0.0,0.11493815,0.12084268,0.15256937,5.653820037841797,0.8585329055786133,23.240489959716797,0,2.8455677032470703
B_task,1,43,0.11378693580627441,0.0,0.105999626,0.110886514,0.13841553,5.653866767883301,0.8633090853691101,23.117115020751953,0,2.8243045806884766
B_task,1,44,0.10607603321904721,0.0,0.09950134,0.103784606,0.12947422,5.653636932373047,0.8752892017364502,23.187532424926758,0,2.8130061626434326
B_task,1,45,0.09668690225352412,0.0,0.09207823,0.096283175,0.117788784,5.653463840484619,0.8708616495132446,22.9649715423584,0,2.8170266151428223
B_task,1,46,0.09149938044340714,0.0,0.08749003,0.091628805,0.11095976,5.653744697570801,0.8613749742507935,23.30182647705078,0,2.82277774810791
B_task,1,47,0.0883351408916971,0.0,0.08408883,0.08840924,0.1082376,5.653720855712891,0.8742347955703735,23.286579132080078,0,2.8407866954803467
B_task,1,48,0.07868962702543839,0.0,0.07733779,0.0807533,0.09541879,5.65344762802124,0.8751118183135986,23.29378890991211,0,2.796440839767456
B_task,1,49,0.0726982717928679,0.0,0.07207556,0.07531151,0.088342786,5.653833389282227,0.8704227209091187,23.510112762451172,0,2.8196399211883545
B_task,1,50,0.06806280301964801,0.0,0.06869564,0.07174,0.08210027,5.653501510620117,0.8691304922103882,23.74628448486328,0,2.823791980743408
B_task,1,51,0.06369132580964462,0.0,0.06474852,0.066984326,0.078053124,5.653692722320557,0.8738136291503906,23.569406509399414,0,2.837416172027588
B_task,1,52,0.061074526413627296,0.0,0.062550455,0.06522536,0.07362864,5.65360689163208,0.86622554063797,23.62478256225586,0,2.841949939727783
B_task,1,53,0.05883281127266262,0.0,0.0607019,0.06298186,0.071691185,5.653615474700928,0.8729172945022583,23.597774505615234,0,2.8214914798736572
B_task,1,54,0.055344918499822204,0.0,0.057965606,0.059889127,0.06727425,5.65388298034668,0.8714337944984436,23.719758987426758,0,2.8069169521331787
B_task,1,55,0.05328612223915432,0.0,0.056084163,0.057810053,0.064761214,5.6536431312561035,0.8710562586784363,23.67522621154785,0,2.817711353302002
B_task,1,56,0.049678310104038406,0.0,0.052780695,0.05465389,0.060359757,5.653725624084473,0.8710281252861023,23.765701293945312,0,2.84395432472229
B_task,1,57,0.04708410345989725,0.0,0.050291497,0.051882,0.0575984,5.653695106506348,0.8687788844108582,23.911924362182617,0,2.8212509155273438
B_task,1,58,0.0455724052760912,0.0,0.04894162,0.05054604,0.05592478,5.653769016265869,0.8750245571136475,23.66091537475586,0,2.8177247047424316
B_task,1,59,0.043846664221390434,0.0,0.04754929,0.04881776,0.053861327,5.653720378875732,0.8658187389373779,23.652984619140625,0,2.8157687187194824
B_task,1,60,0.041344116563382355,0.0,0.045228813,0.046439,0.050439954,5.653552055358887,0.8666620254516602,23.853281021118164,0,2.8239006996154785
B_task,1,61,0.045614315115887184,0.0,0.048727695,0.04989313,0.05637681,5.653924942016602,0.8753526210784912,23.97244644165039,0,2.8413777351379395
B_task,1,62,0.046434516492097275,0.0,0.049235485,0.050641388,0.05646476,5.654067039489746,0.8558080196380615,24.038684844970703,0,2.814229965209961
B_task,1,63,0.04048552979593691,0.0,0.043967947,0.044896122,0.049909208,5.653921604156494,0.8717416524887085,24.102458953857422,0,2.7967498302459717
B_task,1,64,0.03671540643857873,0.0,0.041092828,0.04176262,0.04468486,5.653733730316162,0.8599876761436462,23.904541015625,0,2.810358762741089
B_task,1,65,0.03420416427695233,0.0,0.03849792,0.03884722,0.042473476,5.653839588165283,0.8583085536956787,24.14460563659668,0,2.8297221660614014
B_task,1,66,0.03267864559007728,0.0,0.036957983,0.037193544,0.04127331,5.653780460357666,0.8552281856536865,24.13936996459961,0,2.8451149463653564
B_task,1,67,0.03096470366353574,0.0,0.03544297,0.035673294,0.038781323,5.653891086578369,0.8585338592529297,24.2134952545166,0,2.822044849395752
B_task,1,68,0.029118623422539753,0.0,0.03356861,0.033714805,0.036940645,5.653696060180664,0.8597418069839478,24.131826400756836,0,2.811293840408325
B_task,1,69,0.028531126354051674,0.0,0.032739397,0.032850757,0.036264583,5.653958320617676,0.8596193194389343,24.182479858398438,0,2.826768398284912
B_task,1,70,0.027881098830181618,0.0,0.03224075,0.03237232,0.035201795,5.653899192810059,0.8529576063156128,24.117389678955078,0,2.8267152309417725
B_task,1,71,0.026903059171593708,0.0,0.031145718,0.031166663,0.034385476,5.653918743133545,0.8624329566955566,24.323755264282227,0,2.8307266235351562
B_task,1,72,0.025894338669984238,0.0,0.03010464,0.029961947,0.032904852,5.65390157699585,0.8559733629226685,24.22566795349121,0,2.814852714538574
B_task,1,73,0.025626607563184654,0.0,0.029975208,0.02966753,0.03292186,5.653857231140137,0.8565545082092285,24.327720642089844,0,2.8167779445648193
B_task,1,74,0.02463004381760307,0.0,0.02888884,0.028451033,0.031741858,5.653907775878906,0.8557229042053223,24.329126358032227,0,2.8273191452026367
B_task,1,75,0.02460018966508948,0.0,0.028865993,0.028480852,0.031801436,5.653702735900879,0.8594986796379089,24.409282684326172,0,2.842310667037964
B_task,1,76,0.02395643876946491,0.0,0.028213235,0.027887063,0.030574678,5.653965473175049,0.8559816479682922,24.26167869567871,0,2.8364291191101074
B_task,1,77,0.023446230784706448,0.0,0.027361268,0.027064105,0.030564664,5.653859615325928,0.8527112007141113,24.486408233642578,0,2.8172261714935303
B_task,1,78,0.022850453853607178,0.0,0.02716043,0.02648876,0.029651748,5.653837203979492,0.8523324131965637,24.211416244506836,0,2.798154830932617
B_task,1,79,0.02204739529153575,0.0,0.026229888,0.025797544,0.028644532,5.65402364730835,0.8473866581916809,24.302215576171875,0,2.81787371635437
B_task,1,80,0.021563058314116104,0.0,0.025435822,0.024937848,0.028127933,5.653909683227539,0.8444921970367432,24.231409072875977,0,2.830498218536377
B_task,1,81,0.02150182361188142,0.0,0.02564125,0.024790239,0.028173804,5.653911590576172,0.8515349626541138,24.310955047607422,0,2.832831859588623
B_task,1,82,0.02038624493972115,0.0,0.024732675,0.024048321,0.026342804,5.653913497924805,0.844592809677124,24.45030975341797,0,2.8106508255004883
B_task,1,83,0.019338881192000015,0.0,0.023476142,0.022665279,0.025593592,5.653927803039551,0.8431277275085449,24.400432586669922,0,2.810516357421875
B_task,1,84,0.018962378087251083,0.0,0.023108622,0.02229979,0.024959954,5.653824329376221,0.8408061861991882,24.49628257751465,0,2.8336398601531982
B_task,1,85,0.01854239987290424,0.0,0.022590896,0.021806443,0.024525674,5.653931140899658,0.8454217910766602,24.46945571899414,0,2.8483505249023438
C_scene,1,1,1.0227498593537703,0.08263329837633215,1.0038931,0.90282965,1.1451046,5.656492233276367,0.014846857637166977,17.4001522064209,0,2.8934922218322754
C_scene,1,2,1.0150530441947605,0.07155121409374735,0.99127257,0.8891364,1.1429272,5.656504154205322,0.013154273852705956,19.13157081604004,0,2.8671371936798096
C_scene,1,3,1.0144430243450662,0.07167672074359396,0.9895262,0.88606346,1.1437432,5.65667724609375,0.014784085564315319,20.08860206604004,0,2.875216245651245
C_scene,1,4,1.0112337858780571,0.07086268196935239,0.98358786,0.87963355,1.1419721,5.655803680419922,0.15874433517456055,14.970032691955566,0,2.8877522945404053
C_scene,1,5,1.007591081702191,0.04726519791976265,0.9778346,0.8738475,1.1392206,5.649714469909668,0.4017152488231659,16.536460876464844,0,2.903914451599121
C_scene,1,6,1.0053537617559019,0.025745057541391125,0.9757696,0.8723617,1.1355666,5.654331207275391,0.48592936992645264,18.070825576782227,0,2.849074363708496
C_scene,1,7,0.9768213189166525,0.019955914953480595,0.9510318,0.8525869,1.1008033,5.654602527618408,0.5723452568054199,19.283199310302734,0,2.8539626598358154
C_scene,1,8,0.9487863623577616,0.01784119787423507,0.9270074,0.8342904,1.0636392,5.655043601989746,0.5580482482910156,20.27703857421875,0,2.8409852981567383
C_scene,1,9,0.914091856583305,0.01689604313477226,0.89460164,0.80998325,1.0180625,5.655224323272705,0.573657751083374,21.06900405883789,0,2.8724465370178223
C_scene,1,10,0.8802784629490065,0.01604779388593591,0.8585043,0.78015244,0.98168117,5.654486656188965,0.5756843090057373,22.030202865600586,0,2.8846001625061035
C_scene,1,11,0.8589058751645295,0.01636740046998729,0.8371798,0.7630144,0.95721453,5.654771327972412,0.6016899943351746,22.683067321777344,0,2.8439629077911377
C_scene,1,12,0.8425833660623302,0.016984886449316273,0.81743044,0.7493921,0.93823576,5.654088020324707,0.6592881679534912,23.156726837158203,0,2.84818172454834
C_scene,1,13,0.8094201295272164,0.01923931422440902,0.7865328,0.72240883,0.9014892,5.654358863830566,0.7196234464645386,23.45466423034668,0,2.846971273422241
C_scene,1,14,0.7663312994915507,0.022082015224125073,0.7424882,0.6882837,0.8516782,5.651651859283447,0.786043107509613,23.847412109375,0,2.8837547302246094
C_scene,1,15,0.6934307347173276,0.022990405559539795,0.6689226,0.6210143,0.77798826,5.649946212768555,0.8253743648529053,24.38602638244629,0,2.856776475906372
C_scene,1,16,0.6012348092120626,0.02753749360208926,0.5747537,0.54351425,0.6771781,5.646427631378174,0.8539982438087463,25.005342483520508,0,2.8307223320007324
C_scene,1,17,0.4623180886973505,0.030993827011274254,0.4289522,0.42022628,0.5316957,5.644678115844727,0.8976436853408813,25.411983489990234,0,2.844264507293701
C_scene,1,18,0.38577195872431214,0.029261695302051048,0.35271758,0.3531304,0.44537774,5.64378023147583,0.8531992435455322,25.473106384277344,0,2.8296332359313965
C_scene,1,19,0.32160999463952106,0.02650366399599158,0.293245,0.29913083,0.37302417,5.648776054382324,0.8685736656188965,25.851200103759766,0,2.861233711242676
C_scene,1,20,0.2765111301256263,0.02476402987604556,0.2512904,0.25922534,0.32122916,5.648159980773926,0.8758760690689087,26.10418128967285,0,2.823011875152588
C_scene,1,21,0.2436204785886018,0.0232548247212949,0.22358876,0.23199227,0.28236502,5.648974418640137,0.8844119310379028,26.35077667236328,0,2.8214950561523438
C_scene,1,22,0.21629126175590183,0.02240098818488743,0.20064574,0.20915926,0.24991846,5.647636413574219,0.8720979690551758,26.487947463989258,0,2.8272111415863037
C_scene,1,23,0.18865541789842688,0.02176073582276054,0.17697667,0.18512358,0.21767053,5.647787570953369,0.8680893182754517,26.786609649658203,0,2.8349239826202393
C_scene,1,24,0.1713864388673202,0.021282979975575985,0.16148548,0.16943955,0.19768253,5.647058486938477,0.8714010715484619,26.90863037109375,0,2.8692514896392822
C_scene,1,25,0.1515344122181768,0.020516605480857517,0.14486656,0.15135893,0.17526037,5.647449493408203,0.8667742013931274,27.02649688720703,0,2.8517515659332275
C_scene,1,26,0.13479907616325046,0.019944981388423755,0.1299811,0.13721499,0.1546237,5.647481441497803,0.8621521592140198,27.12723159790039,0,2.8220322132110596
C_scene,1,27,0.12326986893363621,0.019551862841067108,0.120591655,0.12658636,0.14174575,5.646881580352783,0.8648918271064758,27.20905303955078,0,2.8403658866882324
C_scene,1,28,0.11663571647975755,0.01921249343001324,0.114789195,0.120237604,0.13421528,5.647670745849609,0.8714069128036499,27.299114227294922,0,2.8530197143554688
C_scene,1,29,0.10182622204656186,0.01856700881667759,0.101924606,0.1064496,0.117749006,5.64789342880249,0.8623749017715454,27.3604793548584,0,2.874849557876587
C_scene,1,30,0.09276792277460513,0.017940562704335087,0.093810216,0.09781761,0.10728713,5.647805213928223,0.8637228012084961,27.398950576782227,0,2.828706979751587
C_scene,1,31,0.08764195442199707,0.01764429652172586,0.08958983,0.09306205,0.10107825,5.648479461669922,0.8742601871490479,27.450532913208008,0,2.834568738937378
C_scene,1,32,0.08261277882949165,0.01738350676453632,0.08394612,0.08745744,0.09613027,5.647991180419922,0.8506646156311035,27.379627227783203,0,2.816917657852173
C_scene,1,33,0.07664849965468697,0.016853850820790165,0.07894519,0.08188343,0.08897654,5.648378372192383,0.8598447442054749,27.491716384887695,0,2.8528945446014404
C_scene,1,34,0.06885269413823666,0.01647549349328746,0.0718858,0.07446106,0.08027103,5.649144649505615,0.8487705588340759,27.548654556274414,0,2.878258466720581
C_scene,1,35,0.06291205986686375,0.015979906787043033,0.066745676,0.06887402,0.07359738,5.649533271789551,0.8531063199043274,27.67201805114746,0,2.830653667449951
C_scene,1,36,0.05890364232270614,0.015581825505132261,0.0628577,0.06433298,0.06928785,5.649371147155762,0.8492023944854736,27.72652816772461,0,2.8190526962280273
C_scene,1,37,0.054774263630742615,0.015131579793017843,0.05842127,0.059882544,0.06558493,5.649651527404785,0.8521770238876343,27.73883056640625,0,2.835434675216675
C_scene,1,38,0.051609469496685524,0.01486825942993164,0.055539366,0.05664317,0.06160587,5.64973258972168,0.853632926940918,27.806406021118164,0,2.855336904525757
C_scene,1,39,0.048955710037894874,0.014440038929814878,0.05266119,0.053832904,0.059063498,5.6498212814331055,0.8481164574623108,27.826963424682617,0,2.8554155826568604
C_scene,1,40,0.04664818100307299,0.014189546522886856,0.050823808,0.051578403,0.055897646,5.650301456451416,0.8347319960594177,27.776487350463867,0,2.847968816757202
C_scene,1,41,0.04587291116299837,0.013895506444184677,0.050079305,0.05072832,0.05525961,5.650279521942139,0.8446898460388184,27.85161590576172,0,2.823186159133911
C_scene,1,42,0.04494749981424083,0.013675614543583082,0.04855892,0.049154967,0.054395564,5.650045871734619,0.841796875,27.92792510986328,0,2.842515468597412
C_scene,1,43,0.04142571273057357,0.013364705054656319,0.045252547,0.04599701,0.05012059,5.650224685668945,0.8457562923431396,27.8911190032959,0,2.8598949909210205
C_scene,1,44,0.03872903015302575,0.013126076563544895,0.043078523,0.043224394,0.04745414,5.650609493255615,0.8376333117485046,28.025802612304688,0,2.843034029006958
C_scene,1,45,0.03764428003974583,0.012830765351005222,0.04152759,0.041644547,0.046439476,5.65091609954834,0.8416675329208374,27.989864349365234,0,2.8420863151550293
C_scene,1,46,0.03630683992220008,0.01252800614937492,0.04075177,0.040922094,0.04404137,5.650996208190918,0.8372387290000916,27.95599937438965,0,2.817836046218872
C_scene,1,47,0.03493594086688498,0.012326458226079527,0.039253514,0.039195485,0.043281365,5.651179790496826,0.8379340171813965,27.9508056640625,0,2.849546194076538
C_scene,1,48,0.03416589809500653,0.012153262677400009,0.03826715,0.038452156,0.042146955,5.651183128356934,0.8405541181564331,28.011960983276367,0,2.8656442165374756
C_scene,1,49,0.033335413621819535,0.011908060830572376,0.03742497,0.037418004,0.041355867,5.651412010192871,0.8379865884780884,28.02568244934082,0,2.8231496810913086
C_scene,1,50,0.031610110531682556,0.01171986953071926,0.035770852,0.035910856,0.038986076,5.651313781738281,0.8357346057891846,28.046497344970703,0,2.839656352996826
C_scene,1,51,0.031024170958477516,0.011547150819197945,0.03499947,0.034806017,0.03912217,5.651569843292236,0.8411647081375122,28.06832504272461,0,2.840690851211548
C_scene,1,52,0.029825513777525528,0.011363520570423292,0.033849776,0.033781044,0.037437223,5.651444911956787,0.8385046720504761,28.110027313232422,0,2.852703094482422
C_scene,1,53,0.029244819413060726,0.011183922705443008,0.03312917,0.03304,0.036857042,5.651836395263672,0.8365763425827026,28.132770538330078,0,2.872105121612549
C_scene,1,54,0.02842381466989932,0.011054004016129867,0.032370992,0.032286018,0.03541477,5.6518378257751465,0.8319365978240967,28.065876007080078,0,2.844287872314453
C_scene,1,55,0.02769708374272222,0.010833917752556179,0.031401575,0.03144114,0.03494191,5.651966094970703,0.8327884674072266,28.14834213256836,0,2.838460922241211
C_scene,1,56,0.02748492489690366,0.010747299246166063,0.031444266,0.031301737,0.03460866,5.652043342590332,0.8323396444320679,28.099252700805664,0,2.8406665325164795
C_scene,1,57,0.027092625265536102,0.01057245873886606,0.031058377,0.030722538,0.033940762,5.652182579040527,0.8295669555664062,28.119888305664062,0,2.865391731262207
C_scene,1,58,0.026295664517775826,0.010429243030755417,0.030075504,0.029933397,0.033110198,5.652219772338867,0.8301985859870911,28.13193130493164,0,2.8568501472473145
C_scene,1,59,0.025119216545768406,0.010266626010770384,0.029097237,0.029017504,0.03140716,5.65253210067749,0.8341177701950073,28.12653160095215,0,2.8425402641296387
C_scene,1,60,0.024563312530517578,0.010145794438279194,0.028381737,0.027949912,0.03120903,5.652320861816406,0.8398154973983765,28.154401779174805,0,2.8496828079223633
C_scene,1,61,0.025559487550154976,0.010067046984382298,0.0293057,0.029190574,0.031850822,5.652578830718994,0.8404983282089233,28.2108097076416,0,2.8466646671295166
C_scene,1,62,0.025995042013085407,0.010017143643420675,0.029495193,0.029434362,0.03251743,5.652734756469727,0.8302861452102661,28.218820571899414,0,2.8738510608673096
C_scene,1,63,0.025529387204543404,0.009900164992912956,0.029250272,0.029016465,0.031797763,5.652464866638184,0.8281505703926086,28.177642822265625,0,2.8656182289123535
C_scene,1,64,0.023370986399443253,0.009746311799339626,0.027030699,0.026795626,0.029598685,5.652901649475098,0.8362987041473389,28.158361434936523,0,2.8487026691436768
C_scene,1,65,0.02138726478037627,0.009574093248533167,0.025290681,0.024988374,0.027284792,5.652825832366943,0.8290125131607056,28.16053581237793,0,2.8432960510253906
C_scene,1,66,0.02203281288561614,0.009488655173260233,0.025729405,0.025300302,0.028171265,5.652574062347412,0.8317528963088989,28.166244506835938,0,2.849757671356201
C_scene,1,67,0.022934568964916725,0.009414109198943428,0.026668964,0.026505655,0.028767591,5.652996063232422,0.8318468332290649,28.18988609313965,0,2.8774235248565674
C_scene,1,68,0.02163972802784132,0.009282788504724917,0.02520269,0.024970207,0.02712433,5.653419494628906,0.8288968801498413,28.154865264892578,0,2.8448777198791504
C_scene,1,69,0.020565334869467693,0.009113999812499336,0.024460208,0.023932738,0.025897859,5.653171062469482,0.8324825763702393,28.214313507080078,0,2.854271411895752
C_scene,1,70,0.02052832686382791,0.009053986357605976,0.02414126,0.02386758,0.02610516,5.653265953063965,0.830756425857544,28.20612144470215,0,2.8492233753204346
C_scene,1,71,0.019772655290106068,0.008937616063200909,0.023561256,0.02313858,0.025132746,5.653353214263916,0.8324913382530212,28.180471420288086,0,2.8642196655273438
C_scene,1,72,0.01960929969082708,0.00884156900903453,0.02331387,0.022973761,0.024943504,5.653287887573242,0.8321108818054199,28.212329864501953,0,2.8916738033294678
C_scene,1,73,0.0202413110629372,0.008748101799384407,0.023971165,0.023723556,0.025286408,5.653446674346924,0.8336248397827148,28.218955993652344,0,2.8517987728118896
C_scene,1,74,0.0195613127687703,0.008666191412054974,0.02286231,0.022597115,0.025018295,5.653347969055176,0.8321467638015747,28.224258422851562,0,2.8670506477355957
C_scene,1,75,0.018590631692305855,0.008581675913022913,0.022079784,0.021661917,0.02371249,5.653499126434326,0.8307508826255798,28.28746795654297,0,2.853762149810791
C_scene,1,76,0.01848209940868875,0.008478662889936695,0.022326337,0.02165124,0.023718467,5.653512001037598,0.828258752822876,28.24074935913086,0,2.870814323425293
C_scene,1,77,0.017366409301757812,0.008373273455578348,0.02091916,0.020550668,0.02216044,5.653688907623291,0.828805685043335,28.238069534301758,0,2.884207010269165
C_scene,1,78,0.016735871200976166,0.008231437724569569,0.020402513,0.019968698,0.021683043,5.653700828552246,0.8292683362960815,28.280502319335938,0,2.851660966873169
C_scene,1,79,0.017243228528810585,0.00816002228985662,0.020726768,0.020291131,0.022150302,5.653602600097656,0.8251436352729797,28.286922454833984,0,2.8540406227111816
C_scene,1,80,0.01787842615790989,0.008157557119493898,0.021341907,0.020805748,0.02302089,5.653818130493164,0.8289927244186401,28.274581909179688,0,2.8595402240753174
C_scene,1,81,0.017512900673824806,0.008104340537734653,0.02092794,0.020335404,0.022304686,5.653690814971924,0.8313935995101929,28.298254013061523,0,2.8746349811553955
C_scene,1,82,0.016360416360523388,0.007961551780286043,0.01963666,0.019186553,0.021360273,5.653843402862549,0.8326097726821899,28.21771812438965,0,2.8750274181365967
C_scene,1,83,0.015079980311186417,0.007865575992542765,0.018655736,0.01814373,0.019468317,5.653934955596924,0.82737135887146,28.267181396484375,0,2.850313663482666
C_scene,1,84,0.015261488116305807,0.007809074028678562,0.018622955,0.018308902,0.01980802,5.654028415679932,0.8297888040542603,28.219654083251953,0,2.8485870361328125
C_scene,1,85,0.01625558474789495,0.007773345579271731,0.019643575,0.018910363,0.02090589,5.653936386108398,0.8374237418174744,28.249004364013672,0,2.8541152477264404
C_scene,1,86,0.016920440870782604,0.007763935819916103,0.020054042,0.019528646,0.02174099,5.653912544250488,0.8326832056045532,28.243806838989258,0,2.88262939453125
C_scene,1,87,0.017921367417211117,0.007727008150971454,0.021204399,0.020526499,0.022734635,5.653987884521484,0.8340964913368225,28.254472732543945,0,2.869642734527588
C_scene,1,88,0.017660042513971744,0.00765765685102214,0.020606928,0.020191144,0.022365034,5.653974533081055,0.8239789009094238,28.277252197265625,0,2.845855712890625
C_scene,1,89,0.01617339771726857,0.007590405319048011,0.019337324,0.01884472,0.020739589,5.65413236618042,0.8366849422454834,28.250797271728516,0,2.8486993312835693
C_scene,1,90,0.01571304642635843,0.0074994564056396484,0.018871613,0.018251266,0.020475324,5.654285907745361,0.834872841835022,28.236103057861328,0,2.858607053756714
C_scene,1,91,0.015553574199261873,0.007444722496944925,0.018738557,0.018202046,0.019633798,5.654253959655762,0.8360185623168945,28.268327713012695,0,2.8969218730926514
C_scene,1,92,0.014569554639899212,0.007381967228391896,0.017637666,0.017207528,0.018954702,5.654293537139893,0.8332956433296204,28.269561767578125,0,2.845031976699829
C_scene,1,93,0.014133430045583973,0.00725928272890008,0.01724685,0.016808538,0.018230615,5.654400825500488,0.8323205709457397,28.250164031982422,0,2.8585026264190674
C_scene,1,94,0.014041607794554337,0.0071846564178881436,0.01728217,0.016681947,0.018332642,5.654347896575928,0.8353620171546936,28.27200698852539,0,2.8517112731933594
C_scene,1,95,0.014427891244059023,0.007178177004275115,0.017628768,0.017084647,0.01863025,5.654301166534424,0.8321021199226379,28.316720962524414,0,2.8652217388153076
C_scene,1,96,0.014317127673522285,0.007147706721139991,0.017380936,0.01695631,0.018241916,5.654366493225098,0.8349846601486206,28.280345916748047,0,2.8754351139068604
C_scene,1,97,0.013639298470123955,0.0070751393618791,0.016711704,0.016331127,0.01754248,5.654466152191162,0.8274747133255005,28.328847885131836,0,2.855227470397949
C_scene,1,98,0.013887135878853176,0.006973169420076453,0.016837435,0.016330829,0.018025665,5.654335021972656,0.8377293944358826,28.312360763549805,0,2.856656074523926
C_scene,1,99,0.014582162318022354,0.00698175961556642,0.017318252,0.016837021,0.018498538,5.654443740844727,0.8324708938598633,28.303314208984375,0,2.8534529209136963
C_scene,1,100,0.013998324456422226,0.006957171403843424,0.016869893,0.01646998,0.017917736,5.654627799987793,0.8363860845565796,28.256710052490234,0,2.8830840587615967
C_scene,1,101,0.013611395721850187,0.006874773165454035,0.016564865,0.016016208,0.01781247,5.654507637023926,0.8331753611564636,28.33684539794922,0,2.8719265460968018
C_scene,1,102,0.013154093338095623,0.006823754828909169,0.015970387,0.015530207,0.01704467,5.65454626083374,0.8306056261062622,28.326080322265625,0,2.8441176414489746
C_scene,1,103,0.01357404175012008,0.006819361577863278,0.016784847,0.016170725,0.017359199,5.654547691345215,0.8323401808738708,28.308809280395508,0,2.8538389205932617
C_scene,1,104,0.01334138149800508,0.006768187103064164,0.01603193,0.015575202,0.017358962,5.65474796295166,0.8355728983879089,28.318218231201172,0,2.8664052486419678
C_scene,1,105,0.013270199298858643,0.0066958983307299404,0.01604228,0.015499008,0.017046172,5.654590129852295,0.8355385661125183,28.31760597229004,0,2.903350830078125
C_scene,1,106,0.013211986292963442,0.006688152318415435,0.015829828,0.015464094,0.017080609,5.654696941375732,0.8348817825317383,28.299394607543945,0,2.866865873336792
C_scene,1,107,0.013145731843036154,0.006635032270265662,0.015745085,0.015411349,0.016721137,5.6547698974609375,0.8316177129745483,28.306446075439453,0,2.864203453063965
C_scene,1,108,0.012998623692471048,0.006591746988503829,0.015717866,0.015111307,0.016881304,5.654839992523193,0.8385692238807678,28.334386825561523,0,2.867100954055786
C_scene,1,109,0.01654716289561728,0.006665001744809358,0.01925341,0.018415999,0.020668905,5.654894828796387,0.8387539386749268,28.325807571411133,0,2.8729965686798096
C_scene,1,110,0.013513147830963135,0.006540941155475119,0.016108114,0.015639437,0.017387673,5.654900550842285,0.8369073867797852,28.2525691986084,0,2.902055025100708
C_scene,1,111,0.012715671373450237,0.006468589539113252,0.015299191,0.014894458,0.016294815,5.65480899810791,0.8314810991287231,28.31742286682129,0,2.865115165710449
C_scene,1,112,0.012191353932670925,0.0064087244479552555,0.014921065,0.0144719975,0.015712077,5.654911518096924,0.838154137134552,28.324951171875,0,2.8663840293884277
C_scene,1,113,0.012019468390423319,0.006363136612850687,0.014675908,0.014212589,0.015515131,5.655003070831299,0.8362059593200684,28.294658660888672,0,2.852348804473877
C_scene,1,114,0.011146764392438143,0.006306856870651245,0.013863179,0.013315279,0.014653229,5.655063152313232,0.8343015313148499,28.290220260620117,0,2.8528549671173096
C_scene,1,115,0.011137819808462391,0.006226027789323226,0.013708362,0.013423178,0.0143315885,5.655006408691406,0.8340171575546265,28.321147918701172,0,2.8929078578948975
C_scene,1,116,0.011582982280979986,0.006206309665804324,0.014402304,0.013889064,0.0148860235,5.654922962188721,0.8342735767364502,28.297645568847656,0,2.8451454639434814
C_scene,1,117,0.011774241924285889,0.006194101079650547,0.014230413,0.013834466,0.015247827,5.655007362365723,0.8323332071304321,28.292171478271484,0,2.840839385986328
C_scene,1,118,0.011448008858639261,0.006180135452229044,0.014009627,0.013609749,0.014734535,5.655068874359131,0.8328378796577454,28.293087005615234,0,2.8398232460021973
C_scene,1,119,0.011217232631600422,0.006139617899189825,0.013727139,0.013297813,0.014570586,5.655165672302246,0.8393497467041016,28.281816482543945,0,2.8651537895202637
C_scene,1,120,0.010931666778481525,0.006084725260734558,0.013465121,0.013060055,0.014054037,5.655200004577637,0.8355051279067993,28.261974334716797,0,2.8592090606689453
D_latent,1,1,1.027452385943869,0.19304518077684485,1.0086035,0.90458333,1.1504954,5.6566572189331055,0.051462799310684204,6.796038627624512,0,3.6011345386505127
D_latent,1,2,1.0150234388268513,0.004606109922346862,0.99018985,0.8879657,1.1428463,5.656628608703613,0.10788517445325851,4.028035640716553,0,3.5800158977508545
D_latent,1,3,1.017148722773013,0.005527048007301662,0.99289256,0.8887314,1.1453625,5.656726837158203,0.19495882093906403,2.8997623920440674,0,3.59928822517395
D_latent,1,4,1.0125175144361414,0.003815847246543221,0.9856758,0.8817424,1.1428591,5.656717300415039,0.36085984110832214,2.658172607421875,0,3.6071202754974365
D_latent,1,5,1.0097769861635955,0.0030814276441283846,0.98053575,0.8767278,1.1411601,5.656704902648926,0.389126718044281,2.8590469360351562,0,3.5892333984375
D_latent,1,6,1.0090904235839844,0.0026117501699406166,0.9795878,0.8763918,1.1399387,5.656702041625977,0.331459641456604,3.238417625427246,0,3.5786728858947754
D_latent,1,7,1.0073048135508662,0.0025341266199298525,0.97816914,0.87411404,1.1386489,5.656693935394287,0.34157639741897583,3.46486759185791,0,3.60601806640625
D_latent,1,8,1.005936581155528,0.003782066961993342,0.9769158,0.8727302,1.1369041,5.656761169433594,0.3001139163970947,3.3838443756103516,0,3.6000735759735107
D_latent,1,9,1.0101475093675696,0.004233031493166219,0.98088706,0.8768387,1.141367,5.656750202178955,0.3311701714992523,3.7391135692596436,0,3.598597764968872
D_latent,1,10,1.007409551869268,0.00338691181462744,0.9791388,0.874113,1.1386234,5.656773090362549,0.2808432877063751,4.092458248138428,0,3.5991904735565186
D_latent,1,11,1.0065021514892578,0.0027523410061131353,0.9774386,0.8723366,1.1385467,5.656789302825928,0.2702217102050781,4.1611175537109375,0,3.6420907974243164
D_latent,1,12,1.0092205379320227,0.0029655341868815217,0.9793732,0.8750677,1.1405462,5.656792640686035,0.2568376064300537,4.391897201538086,0,3.6071701049804688
D_latent,1,13,1.006556054820185,0.0027709684294203053,0.9793243,0.87425035,1.1372582,5.656788349151611,0.2773171067237854,4.624965667724609,0,3.599191904067993
D_latent,1,14,0.9843116428541101,0.003746908320033032,0.95789295,0.85761815,1.1125277,5.656795024871826,0.2826688289642334,4.544759273529053,0,3.6205379962921143
D_latent,1,15,0.9647288115128226,0.004506555912287339,0.94181657,0.84777814,1.0799838,5.656799793243408,0.284140020608902,4.637636184692383,0,3.660006046295166
D_latent,1,16,0.9454332434612772,0.004545652348062266,0.9222788,0.8347359,1.0549768,5.656802654266357,0.25606781244277954,4.98207950592041,0,3.6190216541290283
D_latent,1,17,0.9197256668754246,0.005846044291620669,0.8969982,0.8149115,1.0238994,5.656808376312256,0.24759602546691895,4.979924201965332,0,3.6390137672424316
D_latent,1,18,0.907596671062967,0.00589977723100911,0.8858664,0.80630803,1.0093192,5.656780242919922,0.2494582235813141,5.847645282745361,0,3.6410462856292725
D_latent,1,19,0.8905059151027513,0.012075974889423536,0.86946696,0.79248613,0.9904225,5.6567816734313965,0.2852797508239746,6.292766571044922,0,3.6442463397979736
D_latent,1,20,0.8679653665293818,0.008547179724859156,0.8420062,0.76969993,0.96911454,5.656644821166992,0.3542543649673462,7.7597784996032715,0,3.612588882446289
D_latent,1,21,0.7971968443497367,0.028968603714652683,0.76053995,0.7096337,0.8972113,5.655994892120361,0.6231021285057068,9.452310562133789,0,3.583493947982788
D_latent,1,22,0.5290947789731233,0.04253211747045103,0.44520715,0.45304275,0.6370629,5.653911113739014,0.7039375305175781,10.413722038269043,0,3.590583324432373
D_latent,1,23,0.39907326905623725,0.04713126369144605,0.31540895,0.33446613,0.49889392,5.655754089355469,0.7251594066619873,11.529023170471191,0,3.577730417251587
D_latent,1,24,0.3216910154923149,0.07169880556023639,0.25705355,0.2760241,0.40472782,5.655703067779541,0.7401653528213501,11.7815523147583,0,3.5625569820404053
D_latent,1,25,0.26932533927585767,0.08860532097194505,0.21948755,0.23350899,0.3390087,5.655685901641846,0.7591878175735474,12.667499542236328,0,3.553750514984131
D_latent,1,26,0.22377206968224567,0.08840009440546451,0.18158393,0.19238083,0.2859441,5.655516147613525,0.760918140411377,13.181832313537598,0,3.5676283836364746
D_latent,1,27,0.19065711809241254,0.08664111469102942,0.15476915,0.1634631,0.24644439,5.655097961425781,0.7797189950942993,14.411764144897461,0,3.557502031326294
D_latent,1,28,0.15134456883306088,0.08634268200915793,0.11960946,0.12501612,0.2035309,5.654914855957031,0.77860426902771,15.27372932434082,0,3.5504963397979736
D_latent,1,29,0.1168676873911982,0.0851427523986153,0.0904011,0.09276117,0.16464567,5.654881000518799,0.7806224226951599,15.634954452514648,0,3.550222635269165
D_latent,1,30,0.09527843931446904,0.08378844157509181,0.07263362,0.07426258,0.13697837,5.654592037200928,0.7762828469276428,16.3785343170166,0,3.5796353816986084
D_latent,1,31,0.08404926631761633,0.08301842730978261,0.06388357,0.06509454,0.121204294,5.654654026031494,0.7779091596603394,16.647724151611328,0,3.5417144298553467
D_latent,1,32,0.07209898596224577,0.0799439575361169,0.05490342,0.055553596,0.10510568,5.654565334320068,0.7746131420135498,17.230016708374023,0,3.542494297027588
D_latent,1,33,0.06374882096829622,0.07830663867618727,0.048739262,0.04945044,0.09321194,5.654556751251221,0.7759929895401001,17.587064743041992,0,3.550990581512451
D_latent,1,34,0.05712838794874108,0.07674107862555463,0.04393658,0.044311658,0.08392073,5.654543876647949,0.7768608927726746,17.712188720703125,0,3.5769522190093994
D_latent,1,35,0.051657645598701805,0.07450715355251146,0.040090866,0.0403272,0.07628913,5.6542463302612305,0.7740467190742493,18.235816955566406,0,3.5446813106536865
D_latent,1,36,0.04677341295325238,0.0728239339330922,0.036579546,0.03662152,0.0695658,5.654355525970459,0.7701222896575928,18.437185287475586,0,3.540754556655884
D_latent,1,37,0.04276327464891517,0.07067693316418192,0.034070168,0.03376473,0.06326899,5.654394626617432,0.768356204032898,18.76231575012207,0,3.5570437908172607
D_latent,1,38,0.039911464504573654,0.06920460514400316,0.031539958,0.031218713,0.05997775,5.654297351837158,0.7678196430206299,18.844900131225586,0,3.5798587799072266
D_latent,1,39,0.03628969192504883,0.06641384311344313,0.02934247,0.028947875,0.054022893,5.654303550720215,0.7665368318557739,19.154863357543945,0,3.5465269088745117
D_latent,1,40,0.034244861291802445,0.06474952594093654,0.027880987,0.027211094,0.05150494,5.654261589050293,0.7650926113128662,19.255552291870117,0,3.538550853729248
D_latent,1,41,0.03180059920186582,0.06300077749335248,0.026168596,0.025338978,0.047861114,5.654242038726807,0.7627951502799988,19.435779571533203,0,3.556709051132202
D_latent,1,42,0.029697609984356423,0.061305388160373855,0.024749111,0.023945617,0.044595595,5.654278755187988,0.7616692781448364,19.555519104003906,0,3.5636696815490723
D_latent,1,43,0.028676662756049114,0.060026386509770935,0.024234517,0.023389837,0.043161694,5.654234409332275,0.7571941018104553,19.714500427246094,0,3.5351502895355225
D_latent,1,44,0.027464335379393204,0.058626781339230744,0.023285452,0.022247532,0.04104253,5.654233932495117,0.7541479468345642,19.74433708190918,0,3.537687301635742
D_latent,1,45,0.025531203850455906,0.05695123257844344,0.021935493,0.021099806,0.038344152,5.654256820678711,0.7587245106697083,19.847984313964844,0,3.555555820465088
D_latent,1,46,0.024570698323457138,0.05585201408552087,0.021446394,0.020556878,0.036909185,5.654217720031738,0.7495182752609253,19.897069931030273,0,3.5634493827819824
D_latent,1,47,0.024433094522227413,0.055239895115727966,0.021416562,0.020445775,0.03636491,5.654299259185791,0.7526296377182007,19.931516647338867,0,3.540106773376465
D_latent,1,48,0.02375792938729991,0.05449120376421058,0.021054761,0.020048503,0.035176028,5.654316425323486,0.7542580366134644,19.94638442993164,0,3.550729751586914
D_latent,1,49,0.021916506083115288,0.05259075372115425,0.019782363,0.018726934,0.032761462,5.654370307922363,0.7480869889259338,20.14348793029785,0,3.5726406574249268
D_latent,1,50,0.02117744736049486,0.051658583723980446,0.019109732,0.018049095,0.031596847,5.654375076293945,0.7432045936584473,20.113685607910156,0,3.569772481918335
D_latent,1,51,0.020345597163490627,0.05036925751229991,0.018750437,0.017671583,0.030418353,5.65437650680542,0.7440186738967896,20.33991813659668,0,3.5565922260284424
D_latent,1,52,0.020257631073827328,0.04965264382569686,0.018706951,0.0176327,0.029945917,5.654416084289551,0.7465418577194214,20.355960845947266,0,3.57861065864563
D_latent,1,53,0.019013340058534042,0.04860519844552745,0.01776095,0.016431289,0.028671449,5.654369354248047,0.739788293838501,20.43327522277832,0,3.6146695613861084
D_latent,1,54,0.01827635583670243,0.04745289553766665,0.017125968,0.016105236,0.027169174,5.654411315917969,0.739033579826355,20.527565002441406,0,3.5953783988952637
D_latent,1,55,0.018214946207792862,0.04676722443622092,0.01723007,0.016119478,0.02714376,5.654422283172607,0.7406938076019287,20.574787139892578,0,3.571549654006958
D_latent,1,56,0.017740148565043575,0.04582965892294179,0.01680628,0.015760995,0.026279993,5.654442310333252,0.7408452033996582,20.659395217895508,0,3.5862066745758057
D_latent,1,57,0.017264647328335304,0.045241143392479935,0.01656034,0.015509482,0.025741458,5.654495716094971,0.732492208480835,20.726123809814453,0,3.6256792545318604
D_latent,1,58,0.016494005918502808,0.04420644822327987,0.015834117,0.014709433,0.024714481,5.654471397399902,0.7326068878173828,20.763347625732422,0,3.592566967010498
D_latent,1,59,0.016133121822191322,0.04344290494918823,0.015846148,0.014616688,0.024160987,5.654434680938721,0.729381263256073,20.914764404296875,0,3.5757699012756348
D_latent,1,60,0.01638382543688235,0.042991848095603614,0.015926551,0.014906953,0.024375906,5.654544353485107,0.7294433116912842,20.959815979003906,0,3.5942142009735107
D_latent,1,61,0.016097921392192013,0.042184332142705505,0.015562136,0.014547563,0.023799028,5.654500484466553,0.7306014895439148,21.009321212768555,0,3.5913612842559814
D_latent,1,62,0.015734009120775307,0.04142387535261071,0.015525903,0.014516041,0.023117533,5.65449857711792,0.7322934865951538,21.054832458496094,0,3.5625698566436768
D_latent,1,63,0.015028777329818062,0.04054907871329266,0.014644853,0.013585213,0.022437254,5.654514789581299,0.7314291000366211,21.14288330078125,0,3.551373243331909
D_latent,1,64,0.01482965764792069,0.03991036829741105,0.014887819,0.013760471,0.022108402,5.654526710510254,0.7301018834114075,21.12467384338379,0,3.565728187561035
D_latent,1,65,0.01491997682529947,0.039726348026939064,0.014613998,0.013638277,0.02231337,5.654538154602051,0.7298488616943359,21.080984115600586,0,3.569586753845215
B_task_nopark,1,1,1.0241024183190388,0.0,1.0112863,0.9418117,1.1059749,5.656831741333008,0.007722456008195877,17.157442092895508,0,2.8257832527160645
B_task_nopark,1,2,1.0190201634946077,0.0,1.0008997,0.9355419,1.1025865,5.656833648681641,0.008588695898652077,15.857510566711426,0,2.8212225437164307
B_task_nopark,1,3,1.0183633721393088,0.0,1.0021693,0.93376243,1.1025589,5.6568403244018555,0.007602143567055464,15.73939323425293,0,2.804853677749634
B_task_nopark,1,4,1.0130635966425356,0.0,0.9943587,0.9273792,1.0987517,5.656838893890381,0.008012635633349419,15.237040519714355,0,2.8418047428131104
B_task_nopark,1,5,1.014014534328295,0.0,0.9941797,0.9284157,1.0990736,5.656835556030273,0.0120473001152277,12.593169212341309,0,2.8224685192108154
B_task_nopark,1,6,1.0187838181205418,0.0,0.99894667,0.9321461,1.1045543,5.656833648681641,0.016946837306022644,10.679804801940918,0,2.816622257232666
B_task_nopark,1,7,1.0155778138533882,0.0,0.9959443,0.9306008,1.099857,5.656820297241211,0.024945039302110672,9.781719207763672,0,2.8265278339385986
B_task_nopark,1,8,1.0152291836945906,0.0,0.99485433,0.9287064,1.1008,5.6568193435668945,0.034831397235393524,10.817773818969727,0,2.8430111408233643
B_task_nopark,1,9,1.0005189646845278,0.0,0.9806107,0.9143373,1.0869099,5.654975891113281,0.5992239713668823,10.263204574584961,0,2.859259843826294
B_task_nopark,1,10,0.9152880958888842,0.0,0.88801146,0.83355314,1.0101672,5.6128058433532715,0.6409065127372742,13.592962265014648,0,2.810504674911499
B_task_nopark,1,11,0.8674636509107507,0.0,0.83529115,0.7922892,0.95810944,5.65543270111084,0.5804822444915771,12.386229515075684,0,2.803711414337158
B_task_nopark,1,12,0.8430436175802479,0.0,0.8058489,0.7709221,0.9313008,5.653926849365234,0.5701744556427002,12.923125267028809,0,2.811850070953369
B_task_nopark,1,13,0.8215055880339249,0.0,0.7853309,0.75085324,0.90948737,5.656091213226318,0.5726932883262634,13.208929061889648,0,2.821732521057129
B_task_nopark,1,14,0.7977489803148352,0.0,0.76651734,0.73440987,0.8802045,5.655154228210449,0.6348706483840942,13.5730562210083,0,2.8330650329589844
B_task_nopark,1,15,0.7806819418202275,0.0,0.7516352,0.71825725,0.8631977,5.644598484039307,0.6711334586143494,15.530186653137207,0,2.821887969970703
B_task_nopark,1,16,0.7666091089663298,0.0,0.73655236,0.7052246,0.84986126,5.649922847747803,0.6705262660980225,15.735921859741211,0,2.79475998878479
B_task_nopark,1,17,0.7401761594025985,0.0,0.7072143,0.67764145,0.82466483,5.647984027862549,0.6936172246932983,16.409944534301758,0,2.8055970668792725
B_task_nopark,1,18,0.7199501369310461,0.0,0.6826363,0.65386534,0.8096601,5.650197505950928,0.6872801184654236,17.080820083618164,0,2.8446664810180664
B_task_nopark,1,19,0.6690480190774669,0.0,0.6253567,0.6025679,0.76053005,5.640659809112549,0.7596110105514526,16.944013595581055,0,2.8351686000823975
B_task_nopark,1,20,0.5487830949866254,0.0,0.49151832,0.4798145,0.65555745,5.640879154205322,0.8117924332618713,16.895307540893555,0,2.814811944961548
B_task_nopark,1,21,0.408508591029955,0.0,0.36272225,0.35796213,0.505789,5.645328998565674,0.7408445477485657,17.42476463317871,0,2.8089141845703125
B_task_nopark,1,22,0.29559780203777813,0.0,0.2595066,0.2621377,0.3766333,5.647961616516113,0.781245231628418,17.35041618347168,0,2.8023738861083984
B_task_nopark,1,23,0.19863304884537406,0.0,0.16682334,0.16964084,0.26621932,5.648853778839111,0.7587119340896606,17.48915672302246,0,2.8380229473114014
B_task_nopark,1,24,0.14581819202588953,0.0,0.11799443,0.11933438,0.20492081,5.649998188018799,0.7397160530090332,17.411888122558594,0,2.8026821613311768
B_task_nopark,1,25,0.11265504878500233,0.0,0.0894881,0.089713655,0.1632522,5.650217056274414,0.742516815662384,17.250337600708008,0,2.7857229709625244
B_task_nopark,1,26,0.09653366130331288,0.0,0.074773856,0.07471874,0.14207476,5.651507377624512,0.7243409752845764,17.371158599853516,0,2.7920517921447754
B_task_nopark,1,27,0.08175758693529211,0.0,0.061670747,0.061196588,0.12468818,5.651794910430908,0.7257227897644043,17.297626495361328,0,2.803818464279175
B_task_nopark,1,28,0.07930520306462827,0.0,0.061079323,0.060056288,0.11968609,5.651325702667236,0.7321410179138184,17.30156898498535,0,2.808619260787964
B_task_nopark,1,29,0.0668305832406749,0.0,0.049535546,0.048930407,0.104251355,5.652080059051514,0.7268857955932617,17.22634506225586,0,2.805762767791748
B_task_nopark,1,30,0.06167156281678573,0.0,0.046563454,0.04554057,0.0958965,5.6516289710998535,0.7389497756958008,17.21871566772461,0,2.800198554992676
B_task_nopark,1,31,0.05607475405154021,0.0,0.04187101,0.040549528,0.08875223,5.651602745056152,0.7295307517051697,17.497285842895508,0,2.784656047821045
B_task_nopark,1,32,0.051410167113594384,0.0,0.0381079,0.036477633,0.082559325,5.651829242706299,0.7208929061889648,17.442197799682617,0,2.7975759506225586
B_task_nopark,1,33,0.04756574527077053,0.0,0.035143286,0.033697743,0.0768648,5.651512622833252,0.7289972305297852,17.427682876586914,0,2.8027663230895996
B_task_nopark,1,34,0.04528042544489321,0.0,0.03369152,0.03220858,0.07309598,5.651208400726318,0.727653443813324,17.520357131958008,0,2.7881076335906982
B_task_nopark,1,35,0.043201322140900986,0.0,0.032332588,0.030695304,0.070250876,5.651427268981934,0.7254176139831543,17.5501708984375,0,2.8070790767669678
B_task_nopark,1,36,0.04114639240762462,0.0,0.030518148,0.02871884,0.067443974,5.651470184326172,0.7289975881576538,17.41684913635254,0,2.800741195678711
B_task_nopark,1,37,0.038841138715329376,0.0,0.029171497,0.027295038,0.063868046,5.651646614074707,0.7316666841506958,17.50432777404785,0,2.8131332397460938
B_task_nopark,1,38,0.037544716959414276,0.0,0.028013805,0.026053932,0.06201854,5.651541233062744,0.728878378868103,17.52941131591797,0,2.8071794509887695
B_task_nopark,1,39,0.03550868967305059,0.0,0.02715551,0.025153691,0.058681987,5.651547908782959,0.7290369272232056,17.5655460357666,0,2.7879092693328857
B_task_nopark,1,40,0.03378623983134394,0.0,0.025636954,0.02368231,0.05633842,5.651367664337158,0.724586546421051,17.566022872924805,0,2.786870241165161
B_task_nopark,1,41,0.033158545908720596,0.0,0.025149876,0.023300152,0.0552665,5.65128755569458,0.7282955646514893,17.626935958862305,0,2.7975690364837646
B_task_nopark,1,42,0.03253357565921286,0.0,0.024672171,0.022762762,0.05448369,5.651059627532959,0.7383056879043579,17.622772216796875,0,2.8085410594940186
B_task_nopark,1,43,0.030635292115418808,0.0,0.023544315,0.02173528,0.051548626,5.651242256164551,0.7304370403289795,17.670738220214844,0,2.7996151447296143
B_task_nopark,1,44,0.02914933795514314,0.0,0.02250564,0.02053638,0.049222812,5.6514739990234375,0.7294212579727173,17.667116165161133,0,2.8072173595428467
B_task_nopark,1,45,0.027503658895907196,0.0,0.021445574,0.019648049,0.04661977,5.651191711425781,0.7306137681007385,17.669281005859375,0,2.8045878410339355
B_task_nopark,1,46,0.026429147823997166,0.0,0.020805102,0.018789478,0.045089506,5.651362419128418,0.7316437363624573,17.720352172851562,0,2.8052728176116943
B_task_nopark,1,47,0.025824067385300346,0.0,0.020577706,0.018555133,0.043891285,5.651356220245361,0.7332163453102112,17.74226951599121,0,2.8262505531311035
B_task_nopark,1,48,0.025096061437026314,0.0,0.0200766,0.018114995,0.04275334,5.65127420425415,0.7299528121948242,17.76397705078125,0,2.7908341884613037
B_task_nopark,1,49,0.02441161352655162,0.0,0.019642923,0.017630195,0.041728366,5.651063442230225,0.7367638349533081,17.79178810119629,0,2.8043410778045654
B_task_nopark,1,50,0.023413113925767982,0.0,0.019006902,0.017089497,0.040015917,5.651152610778809,0.7357074022293091,17.70381736755371,0,2.8073291778564453
B_task_nopark,1,51,0.022958174995754078,0.0,0.018568099,0.016582284,0.039460562,5.651121616363525,0.7369536757469177,17.75458526611328,0,2.8140017986297607
B_task_nopark,1,52,0.02255440794903299,0.0,0.018371534,0.016330985,0.038764175,5.650938987731934,0.7371095418930054,17.834880828857422,0,2.8445279598236084
B_task_nopark,1,53,0.021797247554944908,0.0,0.017773371,0.015918007,0.0375421,5.651200771331787,0.7427748441696167,17.919458389282227,0,2.807969808578491
B_task_nopark,1,54,0.021340787410736084,0.0,0.017442647,0.015460256,0.037042286,5.651364326477051,0.7429030537605286,17.8073787689209,0,2.806391716003418
B_task_nopark,1,55,0.021399491507074108,0.0,0.017581377,0.01578447,0.036455046,5.6513352394104,0.7367140650749207,17.888219833374023,0,2.8264992237091064
B_task_nopark,1,56,0.021219582661338474,0.0,0.01730393,0.015492051,0.036150485,5.651219844818115,0.7434797883033752,17.862924575805664,0,2.824753999710083
B_task_nopark,1,57,0.02062166514603988,0.0,0.017425705,0.015448051,0.035158012,5.651299476623535,0.7460863590240479,17.821624755859375,0,2.8300797939300537
B_task_nopark,1,58,0.01996671376021012,0.0,0.01670094,0.0148091735,0.03435554,5.651246070861816,0.7429103851318359,17.92521858215332,0,2.8120083808898926
B_task_nopark,1,59,0.019248219935790352,0.0,0.016110064,0.014395925,0.03310876,5.651634216308594,0.742805004119873,17.816701889038086,0,2.810006856918335
B_task_nopark,1,60,0.018793240837428882,0.0,0.015742382,0.014094411,0.032258246,5.6512603759765625,0.7456192374229431,17.794824600219727,0,2.8108339309692383
D_latent_nopark,1,1,1.0238910343336023,0.1924899557362432,1.0110604,0.93990237,1.1068813,5.656689643859863,0.07140655815601349,5.029056549072266,0,3.7232255935668945
D_latent_nopark,1,2,1.024732672649881,0.005176980534325476,1.0091283,0.9420015,1.1070247,5.656691551208496,0.2398824542760849,3.2129180431365967,0,3.652125597000122
D_latent_nopark,1,3,1.0181329975957456,0.005704996378525444,1.0010146,0.9339583,1.1018618,5.656651020050049,0.4862064719200134,2.948885202407837,0,3.630924701690674
D_latent_nopark,1,4,1.0132718293563179,0.006742023255514062,0.99618715,0.9284341,1.09832,5.656673431396484,0.43623095750808716,3.3565709590911865,0,3.638909339904785
D_latent_nopark,1,5,1.013475169306216,0.004436270698257114,0.9942896,0.9278116,1.0988873,5.656676292419434,0.4410485327243805,3.6337482929229736,0,3.6408607959747314
D_latent_nopark,1,6,1.0187983305557915,0.0027378862318785295,0.9997774,0.9321391,1.1050131,5.656710147857666,0.41555914282798767,3.7014222145080566,0,3.596592664718628
D_latent_nopark,1,7,1.0161464525305706,0.004120907705763112,0.99783,0.9314431,1.1006461,5.6566972732543945,0.4402162730693817,3.8774032592773438,0,3.6102073192596436
D_latent_nopark,1,8,1.0152247055717136,0.0037279099873874498,0.9951531,0.9283716,1.1017047,5.656727313995361,0.4036845564842224,4.122957706451416,0,3.651779890060425
D_latent_nopark,1,9,1.0146918089493462,0.004213792798311814,0.9954635,0.9282954,1.1002642,5.656703948974609,0.42195001244544983,4.437757968902588,0,3.6386942863464355
D_latent_nopark,1,10,1.0149461497431216,0.004582884518996529,0.9944638,0.9270541,1.1022166,5.656655311584473,0.44969290494918823,4.722579479217529,0,3.6107659339904785
D_latent_nopark,1,11,1.0043987605882727,0.008377744451813076,0.9815266,0.91546273,1.0932028,5.6563568115234375,0.5309815406799316,7.0022358894348145,0,3.6158645153045654
D_latent_nopark,1,12,0.955225073772928,0.01650184392929077,0.9284998,0.8684624,1.04957,5.65588903427124,0.639748752117157,9.60969066619873,0,3.623769998550415
D_latent_nopark,1,13,0.9016472360362178,0.02174592277278071,0.8658934,0.8150606,1.0006813,5.655806541442871,0.591204822063446,10.362578392028809,0,3.600599527359009
D_latent_nopark,1,14,0.8693362526271654,0.03737041224604067,0.8295703,0.78425884,0.9678149,5.655346393585205,0.5879108309745789,10.873381614685059,0,3.590207099914551
D_latent_nopark,1,15,0.8350585439930791,0.04852973378222922,0.79326034,0.74784803,0.9376353,5.654087543487549,0.589081883430481,11.588482856750488,0,3.6144845485687256
D_latent_nopark,1,16,0.7934217867643937,0.06705973459326703,0.7398172,0.69728,0.9094251,5.653047561645508,0.6318833231925964,12.700692176818848,0,3.6562559604644775
D_latent_nopark,1,17,0.658025948897652,0.08440440115721329,0.56195384,0.5317013,0.82272184,5.649957180023193,0.7585499882698059,12.60722541809082,0,3.596982955932617
D_latent_nopark,1,18,0.507441230442213,0.10294065268143364,0.40372074,0.38160002,0.6997438,5.649740695953369,0.7014651298522949,13.881868362426758,0,3.5857114791870117
D_latent_nopark,1,19,0.33851926223091455,0.1114572753076968,0.23291804,0.22376807,0.5365923,5.650198459625244,0.7403225898742676,14.190546035766602,0,3.6011364459991455
D_latent_nopark,1,20,0.23319866346276324,0.10546730912250021,0.15472911,0.14957935,0.3922621,5.650859832763672,0.7397080063819885,14.903936386108398,0,3.638185977935791
D_latent_nopark,1,21,0.16956118915392004,0.09749966082365616,0.11482329,0.111353844,0.28743783,5.650989055633545,0.7499417066574097,15.39647388458252,0,3.580503225326538
D_latent_nopark,1,22,0.12957028720689856,0.09186341451561969,0.09077797,0.08742165,0.21673113,5.651263236999512,0.746311604976654,15.588356971740723,0,3.584315061569214
D_latent_nopark,1,23,0.09921595324640689,0.08457140300584876,0.06926958,0.066931635,0.16491409,5.651035785675049,0.7397085428237915,15.844207763671875,0,3.6121461391448975
D_latent_nopark,1,24,0.08170563760011093,0.07816519426262897,0.057252865,0.054861356,0.13577607,5.651263236999512,0.7307485342025757,15.883024215698242,0,3.617093563079834
D_latent_nopark,1,25,0.07121702380802321,0.07247794192770253,0.050513502,0.047829278,0.11853601,5.651219844818115,0.7343641519546509,15.971073150634766,0,3.591890335083008
D_latent_nopark,1,26,0.06549334526062012,0.06832415642945663,0.04667086,0.044138525,0.10786959,5.650990962982178,0.7378233075141907,16.151416778564453,0,3.582231283187866
D_latent_nopark,1,27,0.05668755717899488,0.06408374724180801,0.040647082,0.03848714,0.093502164,5.651340007781982,0.7298927307128906,16.262863159179688,0,3.6149537563323975
D_latent_nopark,1,28,0.05214612898619279,0.06094865695289944,0.03822889,0.036288746,0.08556788,5.651340961456299,0.7251384258270264,16.460927963256836,0,3.6017980575561523
D_latent_nopark,1,29,0.04771578311920166,0.05844207950260328,0.03491712,0.033158064,0.07869968,5.651566505432129,0.7217085361480713,16.603044509887695,0,3.5869812965393066
D_latent_nopark,1,30,0.04357226516889489,0.05580039646314538,0.03242684,0.03031614,0.07166438,5.651618957519531,0.719642162322998,16.682231903076172,0,3.576812505722046
D_latent_nopark,1,31,0.04165130335351695,0.05444559843643852,0.030879285,0.028843816,0.06880779,5.651297569274902,0.7264392375946045,16.819683074951172,0,3.601165294647217
D_latent_nopark,1,32,0.038165652233621346,0.05259288912234099,0.029212646,0.027424825,0.062350817,5.651484489440918,0.7178927659988403,17.0778751373291,0,3.5758633613586426
D_latent_nopark,1,33,0.0360565677933071,0.051432651022206184,0.027358804,0.025740389,0.059162468,5.651663303375244,0.7198104858398438,17.077728271484375,0,3.565581798553467
D_latent_nopark,1,34,0.03344773468763932,0.04979121685028076,0.025661785,0.02387796,0.055361148,5.651796340942383,0.7163655161857605,17.174516677856445,0,3.574517011642456
D_latent_nopark,1,35,0.03241405020589414,0.049201700998389206,0.025263317,0.023457441,0.05337847,5.651504993438721,0.721652626991272,17.346525192260742,0,3.6162030696868896
D_latent_nopark,1,36,0.030488991219064464,0.048209817513175636,0.023920659,0.02209525,0.050340213,5.651647567749023,0.7233021259307861,17.416446685791016,0,3.561230421066284
D_latent_nopark,1,37,0.02958428082258805,0.047508623289025345,0.023653306,0.021558806,0.048846625,5.651756763458252,0.7236363887786865,17.506607055664062,0,3.571117639541626
D_latent_nopark,1,38,0.029188889524211056,0.04703452794448189,0.023107091,0.02116676,0.0480726,5.6519060134887695,0.7172298431396484,17.592418670654297,0,3.5765209197998047
D_latent_nopark,1,39,0.027937754340793774,0.04598120502803637,0.022532731,0.020663908,0.04566447,5.6518049240112305,0.7237826585769653,17.768218994140625,0,3.6107733249664307
D_latent_nopark,1,40,0.027522587257882824,0.04582381248474121,0.022420738,0.020423047,0.04480526,5.651779651641846,0.7228695154190063,17.818981170654297,0,3.5807676315307617
D_latent_nopark,1,41,0.026255021924557892,0.04515950057817542,0.021627747,0.019571444,0.043370757,5.651968002319336,0.7282052040100098,17.849910736083984,0,3.5736241340637207
D_latent_nopark,1,42,0.024559562620909317,0.044025970541912575,0.020054901,0.018216293,0.040279627,5.651976585388184,0.7284820675849915,18.06491470336914,0,3.6037309169769287
D_latent_nopark,1,43,0.023740296778471573,0.04357762440391209,0.020044556,0.018110823,0.039056726,5.651790618896484,0.7254648208618164,18.144886016845703,0,3.612593173980713
D_latent_nopark,1,44,0.023117083570231563,0.042842346688975456,0.019477174,0.017497204,0.038246494,5.651939868927002,0.7254544496536255,18.088119506835938,0,3.5865349769592285
D_latent_nopark,1,45,0.022426739982936695,0.042235698388970414,0.019267065,0.017405702,0.0367059,5.6518731117248535,0.7302621603012085,18.28944206237793,0,3.592989206314087
D_latent_nopark,1,46,0.021779881871264915,0.04185881822005562,0.018555732,0.016634556,0.035975393,5.651911735534668,0.7270193099975586,18.350555419921875,0,3.604419708251953
D_latent_nopark,1,47,0.021305619374565456,0.04134824742441592,0.018411342,0.016460218,0.034963284,5.651988983154297,0.7282149791717529,18.441116333007812,0,3.604642868041992
D_latent_nopark,1,48,0.022355209226193634,0.041852388692938766,0.018940559,0.017051134,0.03658632,5.651945114135742,0.7321346402168274,18.598073959350586,0,3.593332052230835
D_latent_nopark,1,49,0.020049022591632347,0.040710407754649285,0.017364226,0.015490988,0.033141967,5.652142524719238,0.7268469333648682,18.597272872924805,0,3.5867605209350586
D_latent_nopark,1,50,0.01926308352014293,0.03984219094981318,0.016946392,0.015064739,0.031651434,5.652250289916992,0.7261813879013062,18.664203643798828,0,3.6172776222229004
D_latent_nopark,1,51,0.020278183014496513,0.03977965271991232,0.017812844,0.015836889,0.033035714,5.652328968048096,0.7284926176071167,18.60911750793457,0,3.5946569442749023
D_latent_nopark,1,52,0.01953459304312001,0.039285242557525635,0.017163973,0.015287024,0.03205811,5.652250289916992,0.7307882308959961,18.784687042236328,0,3.6070516109466553
D_latent_nopark,1,53,0.019271365974260414,0.0387167593707209,0.016921153,0.015166149,0.03137397,5.652406215667725,0.7240917682647705,18.76723289489746,0,3.6087350845336914
D_latent_nopark,1,54,0.018717804680699886,0.03807468258816263,0.016677668,0.014771666,0.030432533,5.652234077453613,0.7346665859222412,18.801067352294922,0,3.6285853385925293
D_latent_nopark,1,55,0.01808435372684313,0.037532381389452064,0.016068308,0.014338664,0.029605445,5.652302265167236,0.7267622947692871,18.792917251586914,0,3.5903561115264893
D_latent_nopark,1,56,0.018041343792625095,0.037255748458530594,0.016125843,0.01431981,0.029658658,5.652435302734375,0.7333389520645142,18.71904754638672,0,3.5890376567840576
D_latent_nopark,1,57,0.017356688561646835,0.036742635395215904,0.015646564,0.013855976,0.028253466,5.652596473693848,0.7249758243560791,18.733543395996094,0,3.631218194961548
D_latent_nopark,1,58,0.01628855648248092,0.036073829816735306,0.015059688,0.013335896,0.026684018,5.652514934539795,0.7322111129760742,18.726518630981445,0,3.6381332874298096
D_latent_nopark,1,59,0.015675943830738896,0.03516337145929751,0.014529546,0.012818856,0.025901185,5.6526055335998535,0.7233859896659851,18.710737228393555,0,3.598933219909668
D_latent_nopark,1,60,0.015977847835291988,0.034835688445879066,0.014932962,0.013083037,0.026133068,5.652580738067627,0.7274570465087891,18.747846603393555,0,3.5957753658294678
D_latent_nopark,1,61,0.0160133087116739,0.034464014613110085,0.014825986,0.013073872,0.026115341,5.652804851531982,0.7222340703010559,18.703548431396484,0,3.6311755180358887
D_latent_nopark,1,62,0.016502576029818992,0.03449766013933265,0.014961372,0.013257676,0.026736706,5.652774333953857,0.7260153293609619,18.63801383972168,0,3.6151111125946045
D_latent_nopark,1,63,0.016087612380152164,0.03386859530987947,0.014918675,0.013169066,0.02586348,5.652866363525391,0.7260950803756714,18.49711799621582,0,3.5898098945617676
D_latent_nopark,1,64,0.01566562833993331,0.03329006226166435,0.014589832,0.012749818,0.025537483,5.652975559234619,0.7303982973098755,18.544641494750977,0,3.590959310531616
D_latent_nopark,1,65,0.015892509533011395,0.033024140026258385,0.014469288,0.01285679,0.025803672,5.6529011726379395,0.7318906784057617,18.65291976928711,0,3.6226718425750732
D_latent_nopark,1,66,0.014746536379275114,0.03217950592870298,0.013763043,0.0120303165,0.024151297,5.653010368347168,0.729918360710144,18.560670852661133,0,3.578312397003174
D_latent_nopark,1,67,0.014408549536829409,0.031970716041067375,0.013604532,0.011858075,0.023574226,5.65308952331543,0.7254348397254944,18.467321395874023,0,3.577897071838379
D_latent_nopark,1,68,0.014323853928109875,0.03126532616822616,0.01341791,0.011684394,0.023550514,5.653137683868408,0.7299699783325195,18.56032371520996,0,3.579277515411377
D_latent_nopark,1,69,0.014403155316477236,0.031069190605827,0.013502042,0.011677825,0.023533216,5.6531758308410645,0.72591632604599,18.5086727142334,0,3.5917747020721436
D_latent_nopark,1,70,0.013501667458078136,0.030460520930912182,0.012896586,0.011204477,0.02214007,5.653282642364502,0.7279963493347168,18.471477508544922,0,3.5616202354431152
D_latent_nopark,1,71,0.013400105030640312,0.030127079590507175,0.01275325,0.011093127,0.021943646,5.653404235839844,0.7222615480422974,18.426076889038086,0,3.5552263259887695
D_latent_nopark,1,72,0.014420524887416674,0.030166322770326034,0.013726952,0.012015335,0.023198914,5.65327787399292,0.7313327789306641,18.3907470703125,0,3.5663530826568604
D_latent_nopark,1,73,0.013695299625396729,0.029835529949354088,0.012903775,0.011199748,0.022240655,5.653303146362305,0.7276456356048584,18.456829071044922,0,3.566730499267578
D_latent_nopark,1,74,0.013186321310375048,0.02935624122619629,0.0127622215,0.011064623,0.021542398,5.653372287750244,0.7295293211936951,18.42549705505371,0,3.5437099933624268
D_latent_nopark,1,75,0.013038360554239025,0.02903639492781266,0.012438913,0.010735909,0.021270277,5.653434753417969,0.7276031374931335,18.451284408569336,0,3.5490944385528564
D_latent_nopark,1,76,0.012521090714827827,0.028586302114569622,0.012094077,0.010407445,0.020577716,5.653623104095459,0.7247797846794128,18.327863693237305,0,3.5788307189941406
D_latent_nopark,1,77,0.012339205845542576,0.028374210647914722,0.011924737,0.010273126,0.020288896,5.653552055358887,0.7240352630615234,18.382829666137695,0,3.563032865524292
D_latent_nopark,1,78,0.013923887325369793,0.028377820616183075,0.013521611,0.011818651,0.02180022,5.65357780456543,0.7335609793663025,18.41214370727539,0,3.551414966583252
D_latent_nopark,1,79,0.013861743004425713,0.02864018212194028,0.012959527,0.011438534,0.022031976,5.65363073348999,0.7276725769042969,18.297780990600586,0,3.5572454929351807
D_latent_nopark,1,80,0.012286821137303892,0.027627543262813404,0.011760499,0.010205405,0.020042675,5.653770446777344,0.7293049097061157,18.214202880859375,0,3.6000053882598877
D_latent_nopark,1,81,0.01172041504279427,0.027346224888511326,0.011470108,0.009968026,0.01898454,5.653786659240723,0.7255210876464844,18.264089584350586,0,3.572470188140869
D_latent_nopark,1,82,0.011334660260573677,0.02711108456487241,0.01105575,0.009546151,0.018750457,5.653816223144531,0.7273123264312744,18.294189453125,0,3.5770397186279297
D_latent_nopark,1,83,0.011548678512158602,0.026975131553152332,0.011428995,0.009788308,0.018663282,5.654004096984863,0.7195569276809692,18.126070022583008,0,3.5904176235198975
D_latent_nopark,1,84,0.011618540338847948,0.026758857395337975,0.011426302,0.0099347355,0.018967448,5.653824806213379,0.7295279502868652,18.244943618774414,0,3.6097311973571777
D_latent_nopark,1,85,0.011077025662297789,0.026435647321783978,0.0108525455,0.009275624,0.018265793,5.6538496017456055,0.7276109457015991,18.28894805908203,0,3.5875470638275146
D_latent_nopark,1,86,0.010579022376433662,0.025972806889077892,0.010576329,0.009043403,0.017439483,5.6539106369018555,0.7278579473495483,18.306209564208984,0,3.58520245552063
D_latent_nopark,1,87,0.010875284671783447,0.02604661298834759,0.010659897,0.009190688,0.017684361,5.653955459594727,0.7246222496032715,18.168046951293945,0,3.611694097518921
D_latent_nopark,1,88,0.011400550603866577,0.02596646547317505,0.011068876,0.009568949,0.018404454,5.654001712799072,0.7294789552688599,18.193117141723633,0,3.623380661010742
D_latent_nopark,1,89,0.011334892200387043,0.025655863077744194,0.011121206,0.009702554,0.018072067,5.654108047485352,0.7292696833610535,18.099687576293945,0,3.616070032119751
D_latent_nopark,1,90,0.011579881543698519,0.02591662821562394,0.011321116,0.00979124,0.018448878,5.65402364730835,0.7295181751251221,18.12084197998047,0,3.598940134048462
D_latent_nopark,1,91,0.011176253142564194,0.025659996530284054,0.010914975,0.00937903,0.018305542,5.654037952423096,0.7289673089981079,18.214542388916016,0,3.6120595932006836
D_latent_nopark,1,92,0.012136393267175426,0.02587317642958268,0.011452814,0.009937927,0.019627396,5.654177188873291,0.7310405969619751,18.059070587158203,0,3.5983598232269287
D_latent_nopark,1,93,0.01109319147856339,0.02535294708998307,0.010884378,0.009371373,0.017777966,5.65416145324707,0.7312860488891602,17.947002410888672,0,3.5770814418792725
D_latent_nopark,1,94,0.011280882617701654,0.02530601231948189,0.01108578,0.009538903,0.018145964,5.654221057891846,0.7320844531059265,18.063119888305664,0,3.5735976696014404
D_latent_nopark,1,95,0.01107382903928342,0.024924482988274616,0.010900938,0.009442141,0.017553218,5.654226303100586,0.737138032913208,18.06312370300293,0,3.602764129638672
D_latent_nopark,1,96,0.010118987249291462,0.02459354763445647,0.010106455,0.0086959135,0.016457552,5.654275894165039,0.7326667308807373,18.086458206176758,0,3.549933433532715
D_latent_nopark,1,97,0.010069343058959297,0.024475452692612358,0.010120306,0.0086618755,0.016244013,5.654224872589111,0.7306275367736816,18.057689666748047,0,3.5487987995147705
D_latent_nopark,1,98,0.010126761768175207,0.024306452792623768,0.010202714,0.00873194,0.016461289,5.654351234436035,0.735689640045166,18.022567749023438,0,3.5510122776031494
D_latent_nopark,1,99,0.009786548821822456,0.024088240188101063,0.009673937,0.008266996,0.015883824,5.654417037963867,0.7321600914001465,17.94599151611328,0,3.581024646759033
D_latent_nopark,1,100,0.009275362543437792,0.023854421532672386,0.009529391,0.008119332,0.015003877,5.654387474060059,0.7330831289291382,17.961915969848633,0,3.551008701324463
A_recon,2,1,1.022907422936481,0.0528556315795235,1.0065467,0.8990084,1.1516665,5.656720161437988,0.05695272237062454,6.172693252563477,0,5.1142308712005615
A_recon,2,2,1.012688678243886,0.042769144410672394,0.990586,0.8820107,1.1467851,5.656718730926514,0.09907637536525726,4.265122413635254,0,5.118837833404541
A_recon,2,3,1.013130934342094,0.03177292968915856,0.9866698,0.87786835,1.1500038,5.656738758087158,0.12580083310604095,4.520233154296875,0,5.133983135223389
A_recon,2,4,1.0065911334493887,0.026752948760986328,0.9788399,0.8694081,1.143743,5.656706809997559,0.24253703653812408,3.9976232051849365,0,5.143617868423462
A_recon,2,5,1.0041095899498982,0.01887043533117875,0.9761339,0.8661011,1.1417625,5.656796932220459,0.21735328435897827,3.819552183151245,0,5.164010286331177
A_recon,2,6,1.0078572812287703,0.01761107341102932,0.9814726,0.8710108,1.1445533,5.656824588775635,0.1812196671962738,3.7328617572784424,0,5.1808459758758545
A_recon,2,7,0.987613760906717,0.01671660983044168,0.9603421,0.8539198,1.1230507,5.656835556030273,0.1528167426586151,3.864243268966675,0,5.165502309799194
A_recon,2,8,0.9650421142578125,0.017143997161284737,0.94444674,0.84290504,1.0880644,5.656842231750488,0.1356869488954544,3.748852252960205,0,5.142267942428589
A_recon,2,9,0.9279422760009766,0.01740209304768106,0.9100297,0.8179198,1.0396371,5.6568474769592285,0.1334446519613266,3.6956088542938232,0,5.1402270793914795
A_recon,2,10,0.9013565726902174,0.016933960759121437,0.8797478,0.7929679,1.0120507,5.656849384307861,0.11764399707317352,3.752232551574707,0,5.111272096633911
A_recon,2,11,0.882607833198879,0.017307626164477806,0.85887855,0.77863216,0.98988235,5.656849384307861,0.13168378174304962,3.8320348262786865,0,5.099851846694946
A_recon,2,12,0.8691370590873386,0.016172305397365406,0.8462505,0.7673005,0.973818,5.656850337982178,0.1217510998249054,4.098055839538574,0,5.105141878128052
A_recon,2,13,0.8661355557649032,0.016839435567026554,0.8447117,0.76598626,0.9687985,5.656850337982178,0.12327072024345398,4.2235426902771,0,5.087294816970825
A_recon,2,14,0.8603045422097911,0.017093260651049408,0.8400917,0.76080745,0.9618526,5.656851291656494,0.12891985476016998,4.418578147888184,0,5.0968217849731445
A_recon,2,15,0.8490960494331692,0.016011507614799168,0.82697374,0.75196874,0.9489866,5.656850337982178,0.14062413573265076,4.896302700042725,0,5.0895795822143555
A_recon,2,16,0.8404967266580333,0.01621000015217325,0.81800014,0.74369895,0.940315,5.656850337982178,0.16767573356628418,4.817880153656006,0,5.104442834854126
A_recon,2,17,0.8400353141452955,0.016002182079398113,0.8175733,0.7448414,0.93767816,5.656850337982178,0.1903526484966278,5.075560092926025,0,5.118070602416992
A_recon,2,18,0.8356345632801885,0.016402125358581543,0.81383747,0.74104685,0.9330763,5.656850337982178,0.21355317533016205,5.384523868560791,0,5.123239517211914
A_recon,2,19,0.8261690554411515,0.016462815844494362,0.8043835,0.73344797,0.9216071,5.656849384307861,0.2657155394554138,5.809837341308594,0,5.132550001144409
A_recon,2,20,0.8285232212232507,0.018374376970788708,0.80720055,0.73600084,0.92368543,5.656852722167969,0.24242401123046875,5.337009429931641,0,5.141651630401611
A_recon,2,21,0.8154680832572605,0.018984302230503246,0.793112,0.72486216,0.90939915,5.6568474769592285,0.2938711643218994,6.521860599517822,0,5.140469312667847
A_recon,2,22,0.671909415203592,0.02469421210496322,0.6043672,0.57043725,0.78099006,5.656486988067627,0.48070088028907776,7.358094692230225,0,5.138225555419922
A_recon,2,23,0.5757826514866041,0.021874767282734745,0.5066682,0.4793014,0.68372494,5.656546115875244,0.5724778771400452,5.987334251403809,0,5.107038974761963
A_recon,2,24,0.5498823082965353,0.01891927745031274,0.48285383,0.45997694,0.6522491,5.656563758850098,0.5699182748794556,6.821541786193848,0,5.0880959033966064
A_recon,2,25,0.4737530998561693,0.02148245080657627,0.40461102,0.4020785,0.561417,5.656404972076416,0.6216216683387756,9.082301139831543,0,5.1031272411346436
A_recon,2,26,0.3626446931258492,0.022240724252617878,0.29477727,0.31363955,0.4368179,5.656306743621826,0.6274352073669434,9.241930961608887,0,5.061958312988281
A_recon,2,27,0.3270302440809167,0.02024949892707493,0.25930083,0.2813135,0.40138686,5.655680179595947,0.6645282506942749,10.549453735351562,0,5.064119338989258
A_recon,2,28,0.31713543767514435,0.02165319349454797,0.25563955,0.27715975,0.38421202,5.656034469604492,0.6557201147079468,10.596565246582031,0,5.058818340301514
A_recon,2,29,0.29539620358011,0.019481823496196583,0.23614478,0.25865895,0.3610414,5.655667304992676,0.6880146265029907,10.692699432373047,0,5.037570238113403
A_recon,2,30,0.27087327708368714,0.01891590978788293,0.21851988,0.2392845,0.33182386,5.655726432800293,0.6951526999473572,11.516153335571289,0,5.047616481781006
A_recon,2,31,0.24546882380609927,0.018549006918202274,0.20095688,0.21966314,0.30045214,5.655268669128418,0.6912326812744141,12.887971878051758,0,5.028430461883545
A_recon,2,32,0.2250716789909031,0.018605214098225468,0.18665488,0.20375067,0.27286634,5.655594348907471,0.7193397283554077,12.75889778137207,0,5.029810428619385
A_recon,2,33,0.20321843935095746,0.018225716507953148,0.17011452,0.18512551,0.24722967,5.655449867248535,0.7395667433738708,13.590923309326172,0,5.050188064575195
A_recon,2,34,0.17031412539274796,0.01772913855055104,0.14168921,0.15387735,0.20861197,5.65560245513916,0.7178939580917358,14.784244537353516,0,5.033631801605225
A_recon,2,35,0.1484278906946597,0.01747848806173905,0.12124904,0.13061967,0.18536992,5.655655384063721,0.7613511085510254,14.769063949584961,0,5.069822311401367
A_recon,2,36,0.12376221366550612,0.016908738924109417,0.09868814,0.10539797,0.16007172,5.654971122741699,0.7704250812530518,15.87102222442627,0,5.050311088562012
A_recon,2,37,0.09937811934429666,0.015542136586230734,0.07715079,0.08196832,0.13249059,5.654702186584473,0.7689453363418579,16.18952178955078,0,5.049389839172363
A_recon,2,38,0.08330331159674603,0.014238005099089249,0.062774874,0.066921465,0.11356019,5.654873847961426,0.7676721811294556,16.373201370239258,0,5.072912693023682
A_recon,2,39,0.07023851767830226,0.013494098963944809,0.051491696,0.054391265,0.09884158,5.654919624328613,0.7458921670913696,16.436168670654297,0,5.075491666793823
A_recon,2,40,0.06364872144616168,0.013013084297594816,0.046172246,0.048342984,0.09114125,5.654966354370117,0.7534736394882202,16.66766929626465,0,5.08554220199585
A_recon,2,41,0.05680207584215247,0.012608945369720459,0.040998843,0.04259864,0.08173983,5.6547675132751465,0.7543244361877441,17.048025131225586,0,5.115386724472046
A_recon,2,42,0.051140215085900345,0.0124625317428423,0.036574464,0.03790571,0.074669,5.654777526855469,0.7632555961608887,16.949363708496094,0,5.079998254776001
A_recon,2,43,0.046722697175067406,0.0120911313139874,0.033303786,0.034113545,0.06900834,5.654738426208496,0.7546038627624512,17.35853385925293,0,5.079161643981934
A_recon,2,44,0.04326059507287067,0.0118544049884962,0.030664952,0.031353213,0.064531565,5.65480375289917,0.7603243589401245,17.303850173950195,0,5.090157508850098
A_recon,2,45,0.04052699907966282,0.011783314787823221,0.029007845,0.029377175,0.060517464,5.654694557189941,0.7490406036376953,17.57598114013672,0,5.0764710903167725
A_recon,2,46,0.03820650992186173,0.01156280481297037,0.027215777,0.027420664,0.0574931,5.654785633087158,0.7635565996170044,17.53380584716797,0,5.09525990486145
A_recon,2,47,0.03565019109974737,0.011540596899778946,0.025354246,0.025541881,0.05389498,5.65468692779541,0.7634307146072388,17.662921905517578,0,5.080509185791016
A_recon,2,48,0.03328452939572542,0.011318412811859795,0.024122352,0.023916053,0.050549548,5.654691696166992,0.7651954293251038,17.68595314025879,0,5.0702431201934814
A_recon,2,49,0.03161889314651489,0.01111817100773687,0.022671016,0.02253572,0.048225343,5.654735565185547,0.7586462497711182,17.86025619506836,0,5.084044694900513
A_recon,2,50,0.029843348523844845,0.01103618481884832,0.021588441,0.021444963,0.045411993,5.654706954956055,0.759707510471344,17.79711151123047,0,5.076580762863159
A_recon,2,51,0.029257774353027344,0.010969215113183727,0.021547861,0.02108049,0.04484175,5.654701232910156,0.7593874335289001,18.141876220703125,0,5.085693120956421
A_recon,2,52,0.02813877230105193,0.010898064012112825,0.020847382,0.020517008,0.04286361,5.654751777648926,0.761407196521759,18.004770278930664,0,5.087934494018555
A_recon,2,53,0.026710852332737133,0.010815111191376396,0.01992575,0.019439999,0.041094318,5.654797077178955,0.7681866884231567,18.0216007232666,0,5.084066867828369
A_recon,2,54,0.02645058994707854,0.010864627102146978,0.01994991,0.019502034,0.04033137,5.654747009277344,0.7624238729476929,18.118257522583008,0,5.098681926727295
A_recon,2,55,0.0240595237068508,0.010622196871301403,0.01811282,0.017482454,0.037582565,5.6547956466674805,0.763394296169281,18.312082290649414,0,5.0917041301727295
A_recon,2,56,0.023087117982947308,0.01051631634650023,0.017335353,0.016631734,0.036107548,5.654874801635742,0.7575128078460693,18.092914581298828,0,5.1044111251831055
A_recon,2,57,0.022258146949436352,0.01044005414713984,0.016802104,0.01633967,0.034781147,5.6547651290893555,0.7684496641159058,18.176231384277344,0,5.1206629276275635
A_recon,2,58,0.021637260913848877,0.010401903935100721,0.016675884,0.015903939,0.0340749,5.6547956466674805,0.7721977829933167,18.362234115600586,0,5.10961127281189
A_recon,2,59,0.021171444136163464,0.010311232960742453,0.016445417,0.015735352,0.032938853,5.654922962188721,0.766501784324646,18.25800323486328,0,5.110220432281494
A_recon,2,60,0.019971992658532185,0.010229208547136059,0.015307317,0.014622227,0.03185598,5.654905796051025,0.7641301155090332,18.40180778503418,0,5.088253974914551
A_recon,2,61,0.01965303654256074,0.010185610988865728,0.015418,0.014645711,0.03102782,5.654872894287109,0.7620011568069458,18.52511215209961,0,5.077085018157959
A_recon,2,62,0.018503220184989597,0.010089671482210573,0.014373076,0.013757586,0.02948229,5.654905319213867,0.7588655948638916,18.522092819213867,0,5.0879411697387695
A_recon,2,63,0.01799591080002163,0.010037062608677408,0.014136439,0.013349987,0.02899098,5.654879093170166,0.767271876335144,18.549814224243164,0,5.062817096710205
A_recon,2,64,0.01765840468199357,0.009966692846754322,0.014259404,0.013341029,0.028169202,5.654834747314453,0.7681472897529602,18.586576461791992,0,5.073606729507446
A_recon,2,65,0.017463847346927807,0.009955204051473866,0.013971315,0.013255267,0.027959246,5.654796600341797,0.773457944393158,18.75286102294922,0,5.0596091747283936
A_recon,2,66,0.01640337057735609,0.009835516629011734,0.013253622,0.012504342,0.026274925,5.654958724975586,0.7678205370903015,18.59682273864746,0,5.04632568359375
A_recon,2,67,0.015988855258278225,0.009792278642239778,0.012956202,0.012074615,0.025788307,5.65490198135376,0.7689565420150757,18.66843032836914,0,5.054325342178345
A_recon,2,68,0.01611720349477685,0.009712824355001036,0.013224176,0.012326098,0.02589472,5.654921531677246,0.7688403129577637,18.696224212646484,0,5.042662620544434
A_recon,2,69,0.016453157300534454,0.009696435021317524,0.01345132,0.012520062,0.02621199,5.65497350692749,0.7724062204360962,18.68627166748047,0,5.062087297439575
A_recon,2,70,0.015531479016594265,0.00968569322772648,0.012767883,0.011994519,0.024800258,5.6550116539001465,0.7651926279067993,18.746129989624023,0,5.068170785903931
A_recon,2,71,0.014774532421775486,0.009650649583857992,0.012369379,0.011628064,0.02357838,5.655088424682617,0.7643004059791565,18.70789337158203,0,5.071542024612427
A_recon,2,72,0.014881794867308243,0.00967331165852754,0.012404144,0.0116002355,0.023749437,5.655088424682617,0.7642674446105957,18.723907470703125,0,5.084552526473999
A_recon,2,73,0.013985127210617065,0.009517486976540607,0.01167287,0.010926204,0.022679724,5.655033588409424,0.7697080969810486,18.816211700439453,0,5.081143140792847
A_recon,2,74,0.013857853153477545,0.009446215370427008,0.01159165,0.0107792495,0.022471853,5.655065059661865,0.7675362229347229,18.836181640625,0,5.0883708000183105
A_recon,2,75,0.013309888217760168,0.00944399250590283,0.01133192,0.010519406,0.021596586,5.655096054077148,0.7656716108322144,18.883691787719727,0,5.102166175842285
B_task,2,1,1.0229465650475544,0.0,1.006655,0.89912623,1.1516722,5.656741142272949,0.026085063815116882,10.033679008483887,0,2.832258939743042
B_task,2,2,1.0121542889138926,0.0,0.9897359,0.88122386,1.1464205,5.656761169433594,0.02909495308995247,9.130738258361816,0,2.832051992416382
B_task,2,3,1.0132303652556047,0.0,0.9867835,0.87783295,1.1501935,5.656750679016113,0.03303994983434677,8.6931734085083,0,2.8231112957000732
B_task,2,4,1.0064852341361668,0.0,0.9784405,0.86905044,1.1437181,5.656738758087158,0.04114387556910515,8.33588981628418,0,2.858409881591797
B_task,2,5,1.0039675339408543,0.0,0.9760576,0.8658652,1.1416475,5.6567182540893555,0.050411656498909,7.478874683380127,0,2.852759838104248
B_task,2,6,1.0084339639414912,0.0,0.9828062,0.87220407,1.144791,5.656825542449951,0.15171712636947632,3.4371211528778076,0,2.836266040802002
B_task,2,7,0.9857191832169242,0.0,0.9588324,0.8524104,1.1204814,5.656852722167969,0.019769538193941116,6.561598300933838,0,2.834963083267212
B_task,2,8,0.9519761126974354,0.0,0.93273497,0.8333899,1.073505,5.656853675842285,0.021081024780869484,5.532200336456299,0,2.8186450004577637
B_task,2,9,0.9196949834408967,0.0,0.9000466,0.809964,1.0318224,5.656853675842285,0.03679870814085007,4.2412590980529785,0,2.8543827533721924
B_task,2,10,0.9016351285188094,0.0,0.8803192,0.7956217,1.007887,5.656854152679443,0.005796611774712801,9.76857852935791,0,2.8356077671051025
B_task,2,11,0.8807726321013077,0.0,0.8595494,0.7767086,0.98867226,5.656854629516602,0.0055521270260214806,10.162644386291504,0,2.816518545150757
B_task,2,12,0.8665419868800951,0.0,0.84444124,0.7644558,0.9713927,5.656854629516602,0.00649875495582819,9.609045028686523,0,2.8242294788360596
B_task,2,13,0.8621281333591627,0.0,0.84100527,0.7627348,0.9641441,5.656853675842285,0.010893937200307846,9.874814987182617,0,2.8431544303894043
B_task,2,14,0.8542273148246433,0.0,0.833662,0.7550252,0.9551639,5.656853675842285,0.01912607252597809,9.100897789001465,0,2.872587203979492
B_task,2,15,0.8475436335024626,0.0,0.82504827,0.7510768,0.94618917,5.656854629516602,0.02122269570827484,7.80451774597168,0,2.8312013149261475
B_task,2,16,0.8398582624352496,0.0,0.8164622,0.74346983,0.9384057,5.656854629516602,0.02917005494236946,7.627809524536133,0,2.8181869983673096
B_task,2,17,0.8397286456564198,0.0,0.8168061,0.7446237,0.9363906,5.656829833984375,0.09610576182603836,12.164789199829102,0,2.824169874191284
B_task,2,18,0.8352465422257133,0.0,0.8119865,0.74038255,0.9317983,5.656843185424805,0.15788337588310242,12.668296813964844,0,2.849092483520508
B_task,2,19,0.8256775399912959,0.0,0.80216384,0.73234767,0.9207295,5.656853675842285,0.12516158819198608,11.654638290405273,0,2.8520889282226562
B_task,2,20,0.8270152548085088,0.0,0.8044067,0.73326015,0.9225096,5.656843185424805,0.2673564553260803,15.82846736907959,0,2.8351142406463623
B_task,2,21,0.812340611996858,0.0,0.7908497,0.7211415,0.90612155,5.656852722167969,0.21520012617111206,15.479783058166504,0,2.819913864135742
B_task,2,22,0.8113046729046366,0.0,0.79044276,0.71964383,0.90497434,5.656827449798584,0.296032190322876,19.17792510986328,0,2.834143877029419
B_task,2,23,0.798444416211999,0.0,0.7804148,0.7093198,0.8912341,5.656846046447754,0.34357327222824097,19.55580711364746,0,2.8733460903167725
B_task,2,24,0.7878150939941406,0.0,0.76888907,0.7000304,0.88034075,5.65684175491333,0.4301688075065613,20.265003204345703,0,2.859375238418579
B_task,2,25,0.7679304869278617,0.0,0.74952465,0.6831948,0.85819036,5.6568074226379395,0.5040003061294556,20.381898880004883,0,2.846069097518921
B_task,2,26,0.7434485891590947,0.0,0.72756135,0.66398615,0.8306,5.656845569610596,0.4677330553531647,20.57451820373535,0,2.8305180072784424
B_task,2,27,0.7113946002462636,0.0,0.69508684,0.6342755,0.79869246,5.656834602355957,0.49077108502388,21.364524841308594,0,2.835594654083252
B_task,2,28,0.6708713199781335,0.0,0.64766866,0.59943,0.7552126,5.656527996063232,0.5535609126091003,21.650083541870117,0,2.8543548583984375
B_task,2,29,0.6086935375047766,0.0,0.5754303,0.5387615,0.6943134,5.6564812660217285,0.5394467711448669,21.092636108398438,0,2.829461097717285
B_task,2,30,0.5449897517328677,0.0,0.5029849,0.47601277,0.6301197,5.656532287597656,0.5189360976219177,19.2908878326416,0,2.8230350017547607
B_task,2,31,0.5073272041652513,0.0,0.46807274,0.44413546,0.587996,5.656559467315674,0.5180515050888062,19.133127212524414,0,2.80948543548584
B_task,2,32,0.4911895005599312,0.0,0.45692417,0.43076035,0.56914675,5.656549453735352,0.5470017194747925,19.42915916442871,0,2.8295795917510986
B_task,2,33,0.47185508064601733,0.0,0.44089875,0.41492626,0.5469007,5.656541347503662,0.5542875528335571,19.806055068969727,0,2.8432092666625977
B_task,2,34,0.44829998845639435,0.0,0.42003196,0.39511698,0.51988006,5.656457424163818,0.576145589351654,19.92976188659668,0,2.8093082904815674
B_task,2,35,0.4322157320768937,0.0,0.40493727,0.38229382,0.50142044,5.65634298324585,0.6224069595336914,19.800182342529297,0,2.7880022525787354
B_task,2,36,0.39252832661504333,0.0,0.36781234,0.35206127,0.45367268,5.656308174133301,0.5915332436561584,18.852249145507812,0,2.790717124938965
B_task,2,37,0.3124836009481679,0.0,0.28326735,0.28581423,0.36518818,5.6561970710754395,0.6430447101593018,18.37876319885254,0,2.818392276763916
B_task,2,38,0.2506643378216287,0.0,0.22055413,0.23244433,0.2966085,5.656033992767334,0.6631520986557007,19.914447784423828,0,2.816072463989258
B_task,2,39,0.20886309250541354,0.0,0.18250895,0.19538836,0.24890158,5.656178951263428,0.6762657165527344,19.895645141601562,0,2.7906851768493652
B_task,2,40,0.18784435935642407,0.0,0.16340789,0.17471397,0.22526608,5.656055450439453,0.7117285132408142,20.000211715698242,0,2.8085577487945557
B_task,2,41,0.15844982603321905,0.0,0.13812423,0.14819288,0.19021203,5.656081199645996,0.7041907906532288,20.171428680419922,0,2.802844524383545
B_task,2,42,0.14009368937948477,0.0,0.12158997,0.13012598,0.17100057,5.655577659606934,0.7586589455604553,21.1352596282959,0,2.8269267082214355
B_task,2,43,0.12561774253845215,0.0,0.10904087,0.11546576,0.15491603,5.65602445602417,0.705535352230072,20.48486328125,0,2.8123180866241455
B_task,2,44,0.10860813182333241,0.0,0.09387629,0.09933387,0.13619958,5.655843734741211,0.7490636110305786,21.09888458251953,0,2.7944464683532715
B_task,2,45,0.09328873261161473,0.0,0.08073745,0.0847297,0.11920125,5.655813694000244,0.7543048858642578,21.123525619506836,0,2.7889397144317627
B_task,2,46,0.08521549079729163,0.0,0.074076235,0.07768755,0.1086817,5.655841827392578,0.75404953956604,21.34830665588379,0,2.7974555492401123
B_task,2,47,0.07524898777837338,0.0,0.064671494,0.06804423,0.09749356,5.655785083770752,0.7535082101821899,21.39828109741211,0,2.8277430534362793
B_task,2,48,0.06796439834263014,0.0,0.05832464,0.060718983,0.089159064,5.655757904052734,0.7570449709892273,21.4157772064209,0,2.803306818008423
B_task,2,49,0.05982757651287576,0.0,0.05144579,0.053318713,0.079773,5.655806064605713,0.7528537511825562,21.50787353515625,0,2.7858448028564453
B_task,2,50,0.05553592287975809,0.0,0.048347734,0.049886078,0.07408206,5.655685901641846,0.7684072852134705,21.68398094177246,0,2.785797357559204
B_task,2,51,0.051117383915445076,0.0,0.044554215,0.045813873,0.06891165,5.655682563781738,0.7651585340499878,21.64204978942871,0,2.8059237003326416
B_task,2,52,0.04717978187229322,0.0,0.041379154,0.04231634,0.06428434,5.655679225921631,0.7717907428741455,21.726499557495117,0,2.818718671798706
B_task,2,53,0.04468464333078136,0.0,0.03903076,0.03983047,0.060980625,5.6557135581970215,0.7683908939361572,21.691795349121094,0,2.8001677989959717
B_task,2,54,0.04179187442945397,0.0,0.036774874,0.037341367,0.05736465,5.655590057373047,0.7710234522819519,21.818296432495117,0,2.807210683822632
B_task,2,55,0.04029716356940891,0.0,0.035543013,0.03583721,0.055736326,5.655735015869141,0.7769031524658203,21.71175193786621,0,2.807373523712158
B_task,2,56,0.03808187660963639,0.0,0.033716872,0.03393133,0.05259416,5.655767917633057,0.7658531069755554,21.665781021118164,0,2.8092777729034424
B_task,2,57,0.03593699828438137,0.0,0.03210185,0.03222698,0.049746845,5.655719757080078,0.7716614603996277,21.645015716552734,0,2.819983959197998
B_task,2,58,0.034494133099265724,0.0,0.030634973,0.03055785,0.048318475,5.65578556060791,0.765359103679657,21.671470642089844,0,2.8074429035186768
B_task,2,59,0.03316316138143125,0.0,0.029528804,0.029478725,0.046313107,5.655763626098633,0.768792986869812,21.67062759399414,0,2.804503917694092
B_task,2,60,0.031409281751383904,0.0,0.02808922,0.028050942,0.044035457,5.655684471130371,0.7738708257675171,21.735576629638672,0,2.8118042945861816
B_task,2,61,0.0302526302959608,0.0,0.027261859,0.027080232,0.04250886,5.655727863311768,0.7676788568496704,21.703998565673828,0,2.8229012489318848
B_task,2,62,0.029653717642245087,0.0,0.026937122,0.026696157,0.04164056,5.655738830566406,0.7724085450172424,21.82917594909668,0,2.8274548053741455
B_task,2,63,0.028262996155282726,0.0,0.025568161,0.025175298,0.04005062,5.655727386474609,0.7776870727539062,21.791139602661133,0,2.8098556995391846
B_task,2,64,0.02749384486156961,0.0,0.025080608,0.024530215,0.039100263,5.655735015869141,0.7750844359397888,21.70360565185547,0,2.8113021850585938
B_task,2,65,0.026765950348066246,0.0,0.024600353,0.024050385,0.03789339,5.655745029449463,0.776885986328125,21.746898651123047,0,2.8081533908843994
B_task,2,66,0.025335677292035973,0.0,0.023142891,0.022715844,0.03623545,5.6557488441467285,0.7748099565505981,21.77293586730957,0,2.83125638961792
B_task,2,67,0.024198697960895042,0.0,0.022246823,0.0216329,0.03480425,5.6557512283325195,0.7731306552886963,21.764522552490234,0,2.8111350536346436
B_task,2,68,0.023383765116981838,0.0,0.021776397,0.021090949,0.033622563,5.655792236328125,0.778241753578186,21.657136917114258,0,2.825174570083618
B_task,2,69,0.02281173156655353,0.0,0.02127803,0.02051028,0.032907475,5.655742168426514,0.7739034295082092,21.810922622680664,0,2.801870822906494
B_task,2,70,0.02192940660144972,0.0,0.020409351,0.019615257,0.031733193,5.65574836730957,0.7774423360824585,21.779441833496094,0,2.81427264213562
B_task,2,71,0.021646962217662647,0.0,0.02027201,0.019505091,0.03117521,5.655767917633057,0.7757540941238403,21.837369918823242,0,2.8259856700897217
B_task,2,72,0.020486940508303436,0.0,0.019255167,0.018429575,0.029900013,5.655803203582764,0.7729467153549194,21.82002830505371,0,2.8013882637023926
B_task,2,73,0.019983457482379417,0.0,0.019140396,0.018336197,0.02895587,5.655756950378418,0.7811835408210754,21.85082244873047,0,2.806217670440674
B_task,2,74,0.019669543141904083,0.0,0.018591773,0.017869517,0.028676,5.655777931213379,0.7786547541618347,21.763267517089844,0,2.806189775466919
B_task,2,75,0.01993306434672812,0.0,0.018841624,0.017919332,0.029071527,5.655738830566406,0.7743921279907227,21.738950729370117,0,2.8268494606018066
B_task,2,76,0.01941195907800094,0.0,0.0183897,0.017432092,0.028316123,5.655728816986084,0.7795718908309937,21.781986236572266,0,2.8188674449920654
B_task,2,77,0.019649366969647614,0.0,0.018539716,0.01753635,0.028782802,5.655705451965332,0.7761028409004211,21.892732620239258,0,2.7903406620025635
B_task,2,78,0.01889520235683607,0.0,0.018046267,0.01724264,0.02759306,5.6557440757751465,0.7798933982849121,21.825117111206055,0,2.8063344955444336
B_task,2,79,0.01797864100207453,0.0,0.017245585,0.016287308,0.026185865,5.655781269073486,0.7802133560180664,21.8645076751709,0,2.8079183101654053
B_task,2,80,0.01710463865943577,0.0,0.016565032,0.01560159,0.025244473,5.655788421630859,0.7773323059082031,21.835729598999023,0,2.829047441482544
B_task,2,81,0.016266080348388008,0.0,0.015955366,0.014942712,0.024103072,5.65576696395874,0.7821619510650635,21.896642684936523,0,2.809372901916504
B_task,2,82,0.015974197698676067,0.0,0.015754117,0.014737997,0.02354239,5.655786991119385,0.777980625629425,21.79169273376465,0,2.807612419128418
B_task,2,83,0.01598833695701931,0.0,0.015423055,0.014479927,0.02383054,5.655771255493164,0.7837523221969604,21.954999923706055,0,2.806548595428467
B_task,2,84,0.015522956848144531,0.0,0.015247117,0.014185974,0.023349445,5.655797481536865,0.7799983024597168,21.967540740966797,0,2.808501720428467
B_task,2,85,0.015081460061280624,0.0,0.015006557,0.01400789,0.022369947,5.655797481536865,0.7788111567497253,21.86515998840332,0,2.807809591293335
B_task,2,86,0.014622431734333868,0.0,0.014349977,0.013342741,0.021909269,5.655783653259277,0.7800776958465576,21.917848587036133,0,2.8022043704986572
B_task,2,87,0.014864343663920527,0.0,0.01479973,0.013741542,0.02215688,5.655776023864746,0.785045862197876,21.92231559753418,0,2.808859348297119
B_task,2,88,0.014570606791454813,0.0,0.014523648,0.013457081,0.021727562,5.655757427215576,0.7881669998168945,22.019197463989258,0,2.8100476264953613
B_task,2,89,0.013782923636229141,0.0,0.013844003,0.012814591,0.020851947,5.655797958374023,0.7840065956115723,21.908777236938477,0,2.790522575378418
B_task,2,90,0.01325299428856891,0.0,0.013414591,0.012355979,0.020035641,5.655796527862549,0.7831063270568848,21.936447143554688,0,2.8177764415740967
B_task,2,91,0.013147403364596159,0.0,0.013311449,0.012254674,0.019785408,5.655836582183838,0.7836476564407349,21.910886764526367,0,2.801422595977783
B_task,2,92,0.01308679839839106,0.0,0.013283306,0.0122153675,0.01972002,5.655749320983887,0.786142885684967,22.10011863708496,0,2.7934491634368896
B_task,2,93,0.012854221074477486,0.0,0.012986374,0.011957317,0.019533107,5.655796051025391,0.7877296209335327,21.924955368041992,0,2.805445909500122
B_task,2,94,0.012651689674543299,0.0,0.012883924,0.0118571175,0.019079603,5.655817985534668,0.7851165533065796,21.9079532623291,0,2.8104584217071533
B_task,2,95,0.012779733409052309,0.0,0.0128853535,0.011734376,0.019358285,5.65584659576416,0.7874823212623596,21.970510482788086,0,2.8439581394195557
C_scene,2,1,1.0208594280740488,0.08286183813343877,1.0038263,0.8971006,1.1506944,5.656825065612793,0.006309292279183865,20.136966705322266,0,2.851092576980591
C_scene,2,2,1.0117056473441746,0.07147189845209537,0.9888197,0.8803607,1.1463816,5.656826972961426,0.006467195227742195,19.716846466064453,0,2.8560314178466797
C_scene,2,3,1.0133135422416355,0.07137292364369267,0.9867386,0.87749505,1.1504271,5.656826972961426,0.0069388533011078835,19.412235260009766,0,2.856917142868042
C_scene,2,4,1.0065204786217732,0.07133610870527185,0.97863656,0.8691806,1.143689,5.656827926635742,0.009327463805675507,18.87164878845215,0,2.8782668113708496
C_scene,2,5,1.0039242454197095,0.06610721608866817,0.97578835,0.86587834,1.1416339,5.655796527862549,0.41263508796691895,13.364338874816895,0,2.8708837032318115
C_scene,2,6,1.0070299894913384,0.036291070606397545,0.97981083,0.86995864,1.1439296,5.655568599700928,0.4507483243942261,17.51180076599121,0,2.8259124755859375
C_scene,2,7,0.9915338599163553,0.022768627042355744,0.9666804,0.8571256,1.126381,5.65589714050293,0.5514727830886841,18.695728302001953,0,2.827425956726074
C_scene,2,8,0.9495721070662789,0.019445609787236088,0.9283745,0.8286132,1.0716919,5.6557111740112305,0.5053536295890808,20.26881980895996,0,2.8312759399414062
C_scene,2,9,0.915243563444718,0.017420253028040348,0.8993008,0.8078221,1.0239631,5.656256675720215,0.5092465281486511,20.8414363861084,0,2.8671576976776123
C_scene,2,10,0.8926519310992697,0.01662496250608693,0.87370926,0.78760445,0.99907887,5.656219482421875,0.586457371711731,21.475881576538086,0,2.8372015953063965
C_scene,2,11,0.8650550013003142,0.01555552171624225,0.84394056,0.76315093,0.97167647,5.656007289886475,0.6055424809455872,22.12662696838379,0,2.8262181282043457
C_scene,2,12,0.8421751105267069,0.016072664571845013,0.8243742,0.7453316,0.94468457,5.655740737915039,0.6349106431007385,22.912813186645508,0,2.8347461223602295
C_scene,2,13,0.8276464213495669,0.01740435154541679,0.81025034,0.73240376,0.9286374,5.655893325805664,0.6650921106338501,23.062671661376953,0,2.859253168106079
C_scene,2,14,0.8055699389913807,0.01914992410203685,0.789599,0.7148624,0.902364,5.655490398406982,0.7257206439971924,23.649089813232422,0,2.8743999004364014
C_scene,2,15,0.7716095136559528,0.02020258877588355,0.7554343,0.686091,0.8658138,5.654268741607666,0.767350435256958,24.323383331298828,0,2.8375027179718018
C_scene,2,16,0.72510113923446,0.022717874983082646,0.70855886,0.6476456,0.8145505,5.653728485107422,0.8388645648956299,24.997819900512695,0,2.846958875656128
C_scene,2,17,0.6654407252436099,0.02315919295601223,0.6496005,0.5970989,0.74928,5.65301513671875,0.8371779918670654,25.75289535522461,0,2.850555419921875
C_scene,2,18,0.595814497574516,0.02437358576318492,0.5798158,0.5400607,0.6721645,5.652939796447754,0.8828411102294922,25.985328674316406,0,2.869363307952881
C_scene,2,19,0.50515718045442,0.024859153706094494,0.48646462,0.46384522,0.5723323,5.651378631591797,0.8753138780593872,26.533891677856445,0,2.860525608062744
C_scene,2,20,0.4381680281265922,0.025007491526396378,0.42277744,0.40625557,0.49939957,5.6528143882751465,0.9005952477455139,26.408191680908203,0,2.8290767669677734
C_scene,2,21,0.3709223788717519,0.024420370226321014,0.35812098,0.35058516,0.42188868,5.65251350402832,0.8971538543701172,26.8587646484375,0,2.834901809692383
C_scene,2,22,0.31845859859300696,0.024057349433069645,0.31047377,0.30873746,0.35988647,5.651874542236328,0.8947295546531677,27.064579010009766,0,2.850750684738159
C_scene,2,23,0.2891422354656717,0.023941687915636146,0.28352684,0.28089908,0.32927704,5.652548313140869,0.9123721122741699,27.080556869506836,0,2.889902353286743
C_scene,2,24,0.24701914579971976,0.023250929687334145,0.24482626,0.24825248,0.277217,5.651117324829102,0.90688556432724,27.367572784423828,0,2.850804328918457
C_scene,2,25,0.21331449176954187,0.02268727447675622,0.21531397,0.21948898,0.23680152,5.651285171508789,0.897003173828125,27.401752471923828,0,2.845452308654785
C_scene,2,26,0.19560225113578464,0.022401143675265106,0.19884236,0.203637,0.21637984,5.650811195373535,0.9123490452766418,27.59642791748047,0,2.847273111343384
C_scene,2,27,0.17939526101817255,0.02194832200589387,0.183904,0.18895973,0.198636,5.6500654220581055,0.9065132141113281,27.795654296875,0,2.861297369003296
C_scene,2,28,0.16386297474736752,0.02187358037285183,0.169931,0.17532322,0.18013926,5.650302410125732,0.9135254621505737,27.72894859313965,0,2.87845516204834
C_scene,2,29,0.14484811865765115,0.021343809107075565,0.15170321,0.1583887,0.15756224,5.650611877441406,0.9136767983436584,27.88844871520996,0,2.8447117805480957
C_scene,2,30,0.13398860848468283,0.020553259745888088,0.14187789,0.14849366,0.14482516,5.650792598724365,0.9109892845153809,27.907562255859375,0,2.850677490234375
C_scene,2,31,0.12473130226135254,0.020084619522094727,0.13226096,0.13910048,0.13523762,5.650657653808594,0.905895471572876,27.981977462768555,0,2.843461275100708
C_scene,2,32,0.11376889892246413,0.019665681797525158,0.122280195,0.12880851,0.12315977,5.651073455810547,0.9143726825714111,28.062028884887695,0,2.870361328125
C_scene,2,33,0.10609074260877527,0.01910760998725891,0.11459216,0.12082851,0.114406824,5.650969505310059,0.9100609421730042,28.134477615356445,0,2.870169162750244
C_scene,2,34,0.10072553676107655,0.018744761529176132,0.109183036,0.11542314,0.10835549,5.651013374328613,0.9037514925003052,28.146562576293945,0,2.847463846206665
C_scene,2,35,0.09596653606580652,0.018316394608953724,0.103613034,0.11026534,0.10308719,5.650822639465332,0.909565806388855,28.23236083984375,0,2.857701063156128
C_scene,2,36,0.09120720365773076,0.0182309047035549,0.098852895,0.10417233,0.098918565,5.651548385620117,0.9075610637664795,28.210304260253906,0,2.8510282039642334
C_scene,2,37,0.0903142846148947,0.01806577133095783,0.09754888,0.102879785,0.09759773,5.651154518127441,0.9040865302085876,28.310415267944336,0,2.876807451248169
C_scene,2,38,0.08506917953491211,0.017732346835343735,0.09262527,0.0979268,0.09183297,5.651521682739258,0.9088003039360046,28.25444793701172,0,2.885037899017334
C_scene,2,39,0.07719542150912077,0.017200057921202286,0.08432278,0.08958275,0.083177954,5.651483535766602,0.9010806083679199,28.317018508911133,0,2.859673023223877
C_scene,2,40,0.07390565457551376,0.01700309307678886,0.081636526,0.085883066,0.08026235,5.651531219482422,0.8990479707717896,28.36277961730957,0,2.8511464595794678
C_scene,2,41,0.07347208002339238,0.01662134735480599,0.08053715,0.084544025,0.08030888,5.651432037353516,0.9048858880996704,28.360130310058594,0,2.8579087257385254
C_scene,2,42,0.06711370012034541,0.01640281081199646,0.074232705,0.07835171,0.072738074,5.652035236358643,0.9071937799453735,28.30889129638672,0,2.878222942352295
C_scene,2,43,0.0644479627194612,0.015922127858452175,0.07159952,0.07492556,0.070372514,5.651986122131348,0.9025819301605225,28.3685302734375,0,2.8579139709472656
C_scene,2,44,0.058097575021826706,0.01561515098032744,0.06515042,0.06856344,0.06327514,5.651973247528076,0.9029353857040405,28.45380401611328,0,2.8532161712646484
C_scene,2,45,0.05584679479184358,0.015296362016512,0.06323641,0.06609962,0.06108587,5.652398109436035,0.9010744094848633,28.370159149169922,0,2.8538107872009277
C_scene,2,46,0.05289377336916716,0.015109868153281834,0.060081508,0.06230685,0.058598414,5.652561664581299,0.8973924517631531,28.44100570678711,0,2.860995054244995
C_scene,2,47,0.04954434477764627,0.014744021322416223,0.05663573,0.059065435,0.05464237,5.65271520614624,0.8994307518005371,28.447856903076172,0,2.8837196826934814
C_scene,2,48,0.048818868139515754,0.014503271683402683,0.056094296,0.05765913,0.054632578,5.652614593505859,0.8935599327087402,28.461458206176758,0,2.8575711250305176
C_scene,2,49,0.04546268089957859,0.014221933872803398,0.052081242,0.05379612,0.0508097,5.652805328369141,0.9032478332519531,28.467790603637695,0,2.8548035621643066
C_scene,2,50,0.04149460792541504,0.014005466647770094,0.04859146,0.049998954,0.046992008,5.653092384338379,0.898277759552002,28.398338317871094,0,2.8514511585235596
C_scene,2,51,0.03976456756177156,0.013653809609620468,0.04691831,0.04780809,0.04526403,5.6531243324279785,0.8989047408103943,28.45332908630371,0,2.8689348697662354
C_scene,2,52,0.038920213346895965,0.013492452061694601,0.046061687,0.0470721,0.04400975,5.65309476852417,0.8932887315750122,28.469881057739258,0,2.870055675506592
C_scene,2,53,0.0372296260750812,0.013236211693805197,0.04406778,0.044842303,0.042681232,5.653039932250977,0.8952429890632629,28.48944091796875,0,2.8628289699554443
C_scene,2,54,0.036133146804312004,0.013031357008477917,0.042844195,0.04356621,0.04162408,5.653288841247559,0.8894622325897217,28.451627731323242,0,2.852274179458618
C_scene,2,55,0.034885650095732315,0.012815343297046164,0.04140708,0.041970998,0.04035456,5.653242588043213,0.893476128578186,28.47308921813965,0,2.8510477542877197
C_scene,2,56,0.0349732870640962,0.012630506702091383,0.04137264,0.04195366,0.040387012,5.653199672698975,0.902144193649292,28.531259536743164,0,2.884995937347412
C_scene,2,57,0.034216038558794105,0.012532595707022625,0.04057022,0.040902093,0.039874874,5.653481960296631,0.8954766988754272,28.467185974121094,0,2.8689358234405518
C_scene,2,58,0.032981082149173904,0.012392892785694288,0.039290994,0.039323226,0.038708325,5.653622627258301,0.8919142484664917,28.47216033935547,0,2.8548402786254883
C_scene,2,59,0.03199699909790703,0.012145643648893936,0.038263824,0.038091782,0.037795268,5.653698444366455,0.8916949033737183,28.47882652282715,0,2.862875461578369
C_scene,2,60,0.031312582285507866,0.01195775296377099,0.03771843,0.037604608,0.036552254,5.653772354125977,0.8948831558227539,28.459980010986328,0,2.8560845851898193
C_scene,2,61,0.029589961404385773,0.01181858259698619,0.03566965,0.035579573,0.03490927,5.653799533843994,0.8986290097236633,28.502548217773438,0,2.8752291202545166
C_scene,2,62,0.028075767600018044,0.01163594619087551,0.034115765,0.03405168,0.033236805,5.6538262367248535,0.8935343027114868,28.506807327270508,0,2.850092649459839
C_scene,2,63,0.027668007042097008,0.011490488829820053,0.03381714,0.033668727,0.032852653,5.653873920440674,0.8898316621780396,28.543453216552734,0,2.850820541381836
C_scene,2,64,0.0273913922517196,0.011352313601452372,0.03309561,0.032876562,0.03300555,5.653940677642822,0.8894517421722412,28.491588592529297,0,2.8558318614959717
C_scene,2,65,0.027567956758582073,0.011195001394852348,0.03357685,0.0331705,0.03286405,5.6537652015686035,0.8883649110794067,28.537418365478516,0,2.8646068572998047
C_scene,2,66,0.026464094286379608,0.011112467102382494,0.032100435,0.031722315,0.031823806,5.654019355773926,0.8954991698265076,28.52576446533203,0,2.8663153648376465
C_scene,2,67,0.025142630805139957,0.010947323363760243,0.030774511,0.030482873,0.030340012,5.654027462005615,0.8871188163757324,28.51601219177246,0,2.853555202484131
C_scene,2,68,0.025134244690770687,0.010788133610849794,0.030809445,0.030482177,0.030189976,5.653956890106201,0.8926454186439514,28.54473114013672,0,2.8533644676208496
C_scene,2,69,0.023984600668368133,0.010695517711017443,0.029513013,0.029091831,0.02910728,5.6541748046875,0.8931849598884583,28.501325607299805,0,2.8532114028930664
C_scene,2,70,0.023494614207226296,0.010535671011261318,0.029021246,0.028612865,0.028456494,5.6541571617126465,0.8887420892715454,28.52071762084961,0,2.882495164871216
C_scene,2,71,0.0237821858862172,0.010462783600973047,0.029031368,0.028353889,0.029073846,5.654196739196777,0.8889513611793518,28.491222381591797,0,2.854341506958008
C_scene,2,72,0.02342545986175537,0.010341585978217747,0.028795207,0.028214497,0.02836316,5.65429162979126,0.8887500762939453,28.48331642150879,0,2.8401260375976562
C_scene,2,73,0.023555734883184017,0.0102444589138031,0.028842006,0.02832763,0.028493915,5.654136657714844,0.8862425088882446,28.5251522064209,0,2.849341869354248
C_scene,2,74,0.02259394656056943,0.010175305216208748,0.027676867,0.026993195,0.027800186,5.654258728027344,0.8927781581878662,28.539947509765625,0,2.8623948097229004
C_scene,2,75,0.02202719968298207,0.01005578753740891,0.027466282,0.026742054,0.026757305,5.654423236846924,0.8916659951210022,28.529232025146484,0,2.8679862022399902
C_scene,2,76,0.023121520229007885,0.009960285995317541,0.028269371,0.027792213,0.027778002,5.654508590698242,0.8898154497146606,28.4887638092041,0,2.843444585800171
C_scene,2,77,0.022487285344497017,0.00981598315031632,0.02735315,0.02676161,0.02765303,5.654539108276367,0.8939923644065857,28.48389434814453,0,2.843705892562866
C_scene,2,78,0.022006926329239555,0.009776537185129911,0.026947383,0.026160158,0.026924018,5.654428958892822,0.8939576148986816,28.555147171020508,0,2.8352456092834473
C_scene,2,79,0.021079240933708523,0.009655217113702194,0.025839346,0.025255688,0.026027024,5.654520034790039,0.8917384147644043,28.50008201599121,0,2.8612072467803955
C_scene,2,80,0.020100975814072983,0.009509016638216765,0.024863202,0.024271574,0.024909427,5.654614448547363,0.8865197896957397,28.53885841369629,0,2.866795778274536
C_scene,2,81,0.01981583367223325,0.009428103980810745,0.024879195,0.024239136,0.024400901,5.654634952545166,0.8941841721534729,28.502540588378906,0,2.841050624847412
C_scene,2,82,0.019739503445832626,0.009328389945237534,0.024489803,0.023741039,0.024429241,5.654636383056641,0.8901253938674927,28.55765151977539,0,2.8450286388397217
C_scene,2,83,0.01878533415172411,0.009241060070369555,0.023439916,0.022818232,0.023432484,5.65479040145874,0.8907009363174438,28.475902557373047,0,2.8473870754241943
C_scene,2,84,0.01859503984451294,0.009156345673229383,0.023191439,0.022377998,0.023260558,5.6547369956970215,0.890641450881958,28.495073318481445,0,2.8806183338165283
C_scene,2,85,0.018695191196773365,0.00907531121502752,0.023309559,0.022597272,0.023432598,5.654698848724365,0.8855003118515015,28.55423355102539,0,2.864419937133789
C_scene,2,86,0.01892743680788123,0.008978719944539278,0.023574995,0.022777617,0.023371099,5.654714107513428,0.8905673027038574,28.535512924194336,0,2.8416202068328857
C_scene,2,87,0.018669068813323975,0.008938860634098883,0.023140782,0.022460075,0.023264553,5.654829978942871,0.8902692198753357,28.525480270385742,0,2.821446180343628
C_scene,2,88,0.018194267283315243,0.00886114978271982,0.022321109,0.021695426,0.022739422,5.654849052429199,0.8916666507720947,28.53840446472168,0,2.8495736122131348
C_scene,2,89,0.017690652090570202,0.00874684945396755,0.02203145,0.021467324,0.021961186,5.654781341552734,0.8868973851203918,28.541757583618164,0,2.9027981758117676
C_scene,2,90,0.018032383659611576,0.008715146909589353,0.02238432,0.021428145,0.022824997,5.65489387512207,0.8935498595237732,28.537757873535156,0,2.846057176589966
C_scene,2,91,0.02135519748148711,0.008718783440797226,0.02565476,0.02476576,0.025760954,5.654753684997559,0.9015597105026245,28.556785583496094,0,2.8149168491363525
C_scene,2,92,0.020075150158094322,0.008692117488902548,0.024154376,0.023430746,0.024798844,5.654897212982178,0.8943572044372559,28.550979614257812,0,2.8356151580810547
C_scene,2,93,0.018425420574519947,0.008602114475291708,0.022519264,0.021710033,0.023065891,5.654910087585449,0.891670823097229,28.561784744262695,0,2.84537410736084
C_scene,2,94,0.01704554065414097,0.008472885126652925,0.02118037,0.020432621,0.021193748,5.655014991760254,0.8948667645454407,28.49309730529785,0,2.8643879890441895
C_scene,2,95,0.016102447457935497,0.0083824441484783,0.020364854,0.019618047,0.020101873,5.655010223388672,0.889624834060669,28.514808654785156,0,2.825378179550171
C_scene,2,96,0.015687472146490345,0.008362683912982111,0.019902572,0.019028248,0.019924115,5.655052185058594,0.8942208886146545,28.514245986938477,0,2.82486891746521
C_scene,2,97,0.015537090923475183,0.00828699573226597,0.019751761,0.018788125,0.01981527,5.6550703048706055,0.8900654911994934,28.562166213989258,0,2.8282229900360107
C_scene,2,98,0.01532950608626656,0.008179090593172155,0.019493451,0.018677253,0.019319428,5.655165672302246,0.8881807327270508,28.495624542236328,0,2.86895489692688
C_scene,2,99,0.014428597429524298,0.008065933766572372,0.01854323,0.017661907,0.018384362,5.655179023742676,0.8847153782844543,28.560989379882812,0,2.879551649093628
C_scene,2,100,0.01416645620180213,0.008020958174829897,0.018389607,0.017662656,0.018078325,5.655185222625732,0.8938919305801392,28.466087341308594,0,2.8324227333068848
C_scene,2,101,0.01428165254385575,0.007948695965435194,0.018257156,0.017440714,0.018172408,5.655237197875977,0.8921525478363037,28.5229549407959,0,2.838803768157959
C_scene,2,102,0.014372830805571182,0.007918144697728365,0.01826857,0.017449306,0.018365152,5.655200481414795,0.8910062909126282,28.470388412475586,0,2.8335578441619873
C_scene,2,103,0.014540972916976265,0.007867951108061749,0.01854171,0.01762416,0.018528456,5.655209541320801,0.8910002708435059,28.475740432739258,0,2.8928534984588623
C_scene,2,104,0.013683351485625557,0.007784470267917799,0.017580517,0.016899932,0.01737238,5.655273914337158,0.891398549079895,28.507766723632812,0,2.856084108352661
C_scene,2,105,0.01355662553206734,0.0077120195264401645,0.017591408,0.016706415,0.017248632,5.655307292938232,0.8862990140914917,28.52863311767578,0,2.833768844604492
C_scene,2,106,0.014813345411549444,0.007694894852845565,0.018375583,0.017645227,0.018812522,5.655335426330566,0.8909783959388733,28.52304458618164,0,2.8390331268310547
C_scene,2,107,0.014472852582516878,0.007650328719097635,0.018306497,0.01751994,0.018199492,5.655359268188477,0.8867024183273315,28.507936477661133,0,2.8478753566741943
C_scene,2,108,0.014292276423910389,0.00759731492270594,0.017923452,0.017227193,0.01802078,5.655422210693359,0.8920829892158508,28.44863510131836,0,2.873028516769409
C_scene,2,109,0.014492822730022928,0.007591200911480448,0.018176269,0.017402997,0.01831118,5.655387878417969,0.8947749733924866,28.459749221801758,0,2.8310837745666504
C_scene,2,110,0.014417150746221128,0.00756622332593669,0.017903399,0.01714327,0.018143114,5.655386447906494,0.889628529548645,28.503084182739258,0,2.8225934505462646
C_scene,2,111,0.014190357664357061,0.007489446712576825,0.017865967,0.017072909,0.01771849,5.655392646789551,0.8879960179328918,28.537696838378906,0,2.825072765350342
C_scene,2,112,0.014189757730649866,0.0074234118928080016,0.017755834,0.017040959,0.01766799,5.655426502227783,0.888827383518219,28.544309616088867,0,2.8433990478515625
C_scene,2,113,0.014260679483413696,0.007422158251637998,0.017796038,0.016998472,0.018126488,5.6554388999938965,0.8894192576408386,28.513845443725586,0,2.8605926036834717
C_scene,2,114,0.01312699784403262,0.0073593356039213095,0.016687928,0.016000072,0.016703999,5.655454635620117,0.887725830078125,28.51534080505371,0,2.8505537509918213
C_scene,2,115,0.01278418172960696,0.007279009922691013,0.016312217,0.015549491,0.016304946,5.6554856300354,0.8923261165618896,28.498395919799805,0,2.8326919078826904
C_scene,2,116,0.012212171502735304,0.00723108260527901,0.015719447,0.015078304,0.01542595,5.655519008636475,0.8882030248641968,28.486724853515625,0,2.827561378479004
C_scene,2,117,0.01248365511064944,0.0071787898955137834,0.016215326,0.0153249735,0.015896954,5.655526161193848,0.8889807462692261,28.453981399536133,0,2.858205795288086
C_scene,2,118,0.012456967778827833,0.0071475648361703625,0.015892219,0.015196889,0.015647296,5.655550003051758,0.888172447681427,28.466764450073242,0,2.85939359664917
C_scene,2,119,0.012609302997589111,0.007093141260354415,0.016088096,0.015388284,0.016097825,5.655531883239746,0.896330714225769,28.510723114013672,0,2.826016426086426
C_scene,2,120,0.013967047566952913,0.007105896006459775,0.017351264,0.01638387,0.017533828,5.655524253845215,0.889603316783905,28.501270294189453,0,2.832967758178711
D_latent,2,1,1.0226993560791016,0.21435167478478473,1.0086938,0.8995172,1.1503036,5.656765460968018,0.2287047952413559,3.282627582550049,0,3.613426446914673
D_latent,2,2,1.0141091554061226,0.008360728621482849,0.99151796,0.8832196,1.1474783,5.656766891479492,0.447368323802948,2.6363136768341064,0,3.6251323223114014
D_latent,2,3,1.0144552977188774,0.006640846314637557,0.98929715,0.8809583,1.149784,5.656794548034668,0.4163475036621094,2.6975464820861816,0,3.5945708751678467
D_latent,2,4,1.0078960086988367,0.0038846089788105178,0.9812393,0.8721083,1.1442217,5.656810760498047,0.3361351490020752,2.840982437133789,0,3.5841283798217773
D_latent,2,5,1.0052074764085852,0.0025071113005928373,0.97796273,0.8679636,1.1429279,5.656810760498047,0.3529956340789795,3.2752556800842285,0,3.6153030395507812
D_latent,2,6,1.0096339350161345,0.002044979806827462,0.983189,0.873239,1.1468232,5.656811237335205,0.3539367914199829,3.511075496673584,0,3.608050584793091
D_latent,2,7,1.0035684834355894,0.002190583587988563,0.9773451,0.8670656,1.1406661,5.65681266784668,0.35731935501098633,3.654127597808838,0,3.6026601791381836
D_latent,2,8,1.0044958695121433,0.001465513816346293,0.9759482,0.8661935,1.1423544,5.6568169593811035,0.3371557593345642,3.7018654346466064,0,3.6049444675445557
D_latent,2,9,1.005153573077658,0.0014520545044670935,0.97834873,0.8675984,1.1429124,5.65682315826416,0.2850686311721802,3.8485450744628906,0,3.643587112426758
D_latent,2,10,1.0061055059018342,0.0014188671889512436,0.97717404,0.86652684,1.1445094,5.656824111938477,0.2750241756439209,4.004836559295654,0,3.6092989444732666
D_latent,2,11,1.0034212858780571,0.0021314191753449645,0.97713274,0.8669384,1.1400769,5.656824588775635,0.3047086298465729,4.012317657470703,0,3.605074882507324
D_latent,2,12,1.004174688588018,0.0016266883391401043,0.97704846,0.8662982,1.1414542,5.656822204589844,0.32775235176086426,4.088988304138184,0,3.6085004806518555
D_latent,2,13,1.0016909889552905,0.0015096497600493224,0.97347677,0.8635443,1.139734,5.656825065612793,0.3116024434566498,4.231930255889893,0,3.6429591178894043
D_latent,2,14,0.9897363911504331,0.0020876907460067582,0.966836,0.8573752,1.1252451,5.656826496124268,0.31969666481018066,4.304315090179443,0,3.624169111251831
D_latent,2,15,0.9639481254245924,0.006358020331548608,0.94583863,0.8429125,1.0858402,5.656836032867432,0.299712210893631,4.248272895812988,0,3.6223225593566895
D_latent,2,16,0.936945044476053,0.005182195292866748,0.91713905,0.8231451,1.051828,5.656838893890381,0.3080223798751831,4.217621803283691,0,3.643502712249756
D_latent,2,17,0.9134807586669922,0.004627973489139391,0.8947429,0.80687004,1.0214671,5.656839370727539,0.320690393447876,4.4333672523498535,0,3.6509780883789062
D_latent,2,18,0.8999234904413638,0.0058420371750126715,0.8810685,0.7964941,1.0063288,5.656844139099121,0.2888285517692566,4.475241661071777,0,3.640606641769409
D_latent,2,19,0.880702889483908,0.004915019092352494,0.86176175,0.7782816,0.98657346,5.656845569610596,0.28885042667388916,4.575523853302002,0,3.6478559970855713
D_latent,2,20,0.8773370825726053,0.0030647234424300814,0.85583127,0.7759234,0.9809918,5.656846523284912,0.28415486216545105,4.696713924407959,0,3.655301332473755
D_latent,2,21,0.8569531648055367,0.003782454392184382,0.83253044,0.7567645,0.9599297,5.656845569610596,0.3217531144618988,4.821877956390381,0,3.642787456512451
D_latent,2,22,0.8590885659922725,0.002855328762012979,0.8363623,0.7593519,0.9604232,5.6568474769592285,0.2740136384963989,5.156005859375,0,3.636695384979248
D_latent,2,23,0.8475493555483611,0.0032547236136768174,0.8240689,0.7488698,0.9480442,5.656847953796387,0.2788369655609131,5.287961959838867,0,3.635587692260742
D_latent,2,24,0.8413300721541696,0.0036664478804754176,0.8185744,0.74471915,0.9393232,5.6568474769592285,0.3016248941421509,5.5278544425964355,0,3.689891815185547
D_latent,2,25,0.8389329495637313,0.004609815452409827,0.8167998,0.7435692,0.93588585,5.656848430633545,0.3083650469779968,5.517848014831543,0,3.6246018409729004
D_latent,2,26,0.8320579528808594,0.005200445004131483,0.81099594,0.7384341,0.9264645,5.6568474769592285,0.34867244958877563,5.6887898445129395,0,3.6346335411071777
D_latent,2,27,0.8313920394234036,0.0052249515834061995,0.810032,0.73767805,0.92656684,5.656846523284912,0.3624957501888275,6.047060489654541,0,3.64233136177063
D_latent,2,28,0.8274968188741932,0.0055456401213355684,0.80881983,0.7353071,0.9215168,5.656846523284912,0.35002198815345764,6.496924877166748,0,3.6473309993743896
D_latent,2,29,0.8217234404190726,0.006449551685996677,0.79944456,0.7294012,0.9153465,5.656843185424805,0.385479211807251,6.90898323059082,0,3.6115734577178955
D_latent,2,30,0.8144201195758322,0.008040792916132055,0.7928072,0.7227858,0.90748775,5.65683650970459,0.43793046474456787,7.69386625289917,0,3.612534999847412
D_latent,2,31,0.8123107578443445,0.010393469877865004,0.7915246,0.72188115,0.90428454,5.656835079193115,0.4325256645679474,7.97054386138916,0,3.6051418781280518
D_latent,2,32,0.8128151271654211,0.013781792443731556,0.79547244,0.7240602,0.9034054,5.656824111938477,0.4455178380012512,8.73887825012207,0,3.6040544509887695
D_latent,2,33,0.801420958145805,0.014280990413997484,0.7849079,0.7124388,0.8933344,5.656801700592041,0.5023378133773804,9.38160514831543,0,3.585836172103882
D_latent,2,34,0.7672310704770295,0.02543304795804231,0.7481502,0.68547535,0.85339713,5.6567254066467285,0.544162929058075,10.021686553955078,0,3.5809109210968018
D_latent,2,35,0.6547096915867018,0.04735317955846372,0.6164286,0.58509254,0.7355367,5.656465530395508,0.649524450302124,12.554328918457031,0,3.6034979820251465
D_latent,2,36,0.43174859751825745,0.05286265456158182,0.3551484,0.36668265,0.52013916,5.656601428985596,0.6637424230575562,13.050695419311523,0,3.5640242099761963
D_latent,2,37,0.33456771270088526,0.056696933248768684,0.27225006,0.28776452,0.40900356,5.656510353088379,0.7355185151100159,13.628933906555176,0,3.5583205223083496
D_latent,2,38,0.2616988057675569,0.07030976855236551,0.20907214,0.22376339,0.32747275,5.65657901763916,0.7407547235488892,14.062253952026367,0,3.565051555633545
D_latent,2,39,0.20633347138114597,0.07927195922188136,0.16418484,0.17478906,0.26538363,5.656518936157227,0.7476465106010437,14.511743545532227,0,3.5858726501464844
D_latent,2,40,0.16466875698255456,0.08573854487875233,0.12909208,0.13733703,0.21819544,5.656496524810791,0.7493463754653931,14.79597282409668,0,3.5559964179992676
D_latent,2,41,0.1347003812375276,0.08919473316358484,0.10363839,0.10999943,0.1833698,5.656460762023926,0.7402315139770508,15.799642562866211,0,3.554279088973999
D_latent,2,42,0.11063213970350183,0.08781484935594641,0.084487215,0.088530995,0.15385206,5.656468391418457,0.7419732809066772,16.300695419311523,0,3.576458215713501
D_latent,2,43,0.09426738904870074,0.086543259413346,0.0709802,0.07394651,0.13313153,5.65643835067749,0.7372080087661743,16.632299423217773,0,3.5867576599121094
D_latent,2,44,0.08084768834321396,0.08377985850624416,0.061255824,0.06298502,0.11469408,5.656434535980225,0.7309673428535461,16.88875961303711,0,3.554867744445801
D_latent,2,45,0.07200599753338358,0.08312804802604344,0.054589402,0.05579022,0.10307849,5.65640115737915,0.7347946166992188,17.465389251708984,0,3.5539956092834473
D_latent,2,46,0.0628479408181232,0.08092167066491168,0.047599275,0.04852697,0.090378575,5.656404972076416,0.7312051057815552,17.830188751220703,0,3.5822079181671143
D_latent,2,47,0.05645422831825588,0.07828180686287257,0.042658217,0.043382704,0.08177651,5.65639066696167,0.7287548780441284,18.191486358642578,0,3.5671281814575195
D_latent,2,48,0.05182575142901877,0.07682160709215247,0.03947752,0.039691504,0.075203076,5.656376361846924,0.7321911454200745,18.39623260498047,0,3.5548219680786133
D_latent,2,49,0.046909638073133385,0.07470169793004575,0.03624956,0.03643577,0.06798623,5.6563897132873535,0.7254003882408142,18.670774459838867,0,3.5466065406799316
D_latent,2,50,0.04439277234284774,0.07369811120240585,0.034520023,0.03447391,0.064485446,5.656392574310303,0.7274722456932068,18.84727668762207,0,3.5840718746185303
D_latent,2,51,0.04183849303618721,0.07229359771894373,0.03303618,0.032793198,0.060727194,5.656380653381348,0.7238279581069946,19.09357261657715,0,3.5529017448425293
D_latent,2,52,0.03838460341743801,0.06996920316115669,0.030720182,0.030442137,0.0555448,5.656384468078613,0.7211209535598755,19.35002899169922,0,3.5605316162109375
D_latent,2,53,0.036385523236316185,0.06815550119980522,0.029537324,0.02900801,0.052699603,5.656396865844727,0.7177812457084656,19.489791870117188,0,3.565462589263916
D_latent,2,54,0.03362621431765349,0.06594004838362984,0.02748268,0.026957056,0.04871008,5.656392574310303,0.7115883827209473,19.64689064025879,0,3.590693712234497
D_latent,2,55,0.03222438304320625,0.064367211383322,0.026503013,0.025956796,0.046618924,5.656394958496094,0.7159833908081055,19.735029220581055,0,3.5574822425842285
D_latent,2,56,0.03070727897726971,0.06246494210284689,0.02550768,0.024805924,0.04440229,5.6563897132873535,0.7143293619155884,19.97533416748047,0,3.557582378387451
D_latent,2,57,0.029546862063200577,0.06103689255921737,0.024859522,0.02402999,0.04276648,5.6563849449157715,0.7150706648826599,20.07402992248535,0,3.574270486831665
D_latent,2,58,0.027734106001646622,0.059052560640418014,0.023560638,0.022781555,0.04005166,5.656394004821777,0.7140003442764282,20.12445068359375,0,3.5757527351379395
D_latent,2,59,0.026749540930208954,0.05731230715046758,0.023165727,0.022130515,0.03861708,5.656388759613037,0.7128984928131104,20.215309143066406,0,3.5690438747406006
D_latent,2,60,0.025591987630595333,0.055956736854884934,0.021992883,0.020963324,0.037356015,5.656392574310303,0.7088720202445984,20.374073028564453,0,3.5689280033111572
D_latent,2,61,0.024529876916304878,0.05421453973521357,0.021517474,0.020456415,0.035624918,5.6563897132873535,0.7099839448928833,20.43077278137207,0,3.5820810794830322
D_latent,2,62,0.02373118504233982,0.05273048774055813,0.021110423,0.0200953,0.034440108,5.65640115737915,0.7074050903320312,20.481918334960938,0,3.5803627967834473
D_latent,2,63,0.022478264311085575,0.05131475303484046,0.020198354,0.01904538,0.032736853,5.656398296356201,0.7071935534477234,20.527183532714844,0,3.5743486881256104
D_latent,2,64,0.022022449451944103,0.05046534019967784,0.020026937,0.01879545,0.032043856,5.656394004821777,0.7083948850631714,20.565813064575195,0,3.5572595596313477
D_latent,2,65,0.02161428461904111,0.049482376679130226,0.019765658,0.018566279,0.03130207,5.656407833099365,0.7041374444961548,20.60279655456543,0,3.58587908744812
D_latent,2,66,0.02058387709700543,0.047863524893055794,0.019016141,0.017722657,0.030031307,5.656406879425049,0.700596809387207,20.662723541259766,0,3.5628645420074463
D_latent,2,67,0.019643109777699345,0.0468593110208926,0.018184675,0.016963542,0.028878845,5.656414985656738,0.6972337961196899,20.756378173828125,0,3.5607402324676514
D_latent,2,68,0.01893252263898435,0.04567575454711914,0.01786813,0.016682252,0.027730763,5.656404972076416,0.6971489191055298,20.861019134521484,0,3.5713157653808594
D_latent,2,69,0.01934245617493339,0.04513002478558084,0.018162725,0.01690662,0.028280232,5.656405925750732,0.7021839618682861,20.818552017211914,0,3.608576774597168
D_latent,2,70,0.019312094087186066,0.04449170050413712,0.01814543,0.016908918,0.028098451,5.656418323516846,0.6958881616592407,20.82760238647461,0,3.5640947818756104
D_latent,2,71,0.01826475495877473,0.04365153934644616,0.017484898,0.016259367,0.026370414,5.656419277191162,0.6987932920455933,20.86048698425293,0,3.5709314346313477
D_latent,2,72,0.017511400191680244,0.0424470331357873,0.016866926,0.01566452,0.0255058,5.6564226150512695,0.6937686204910278,20.85881996154785,0,3.6008572578430176
D_latent,2,73,0.017111458208249962,0.04198005925054136,0.01660974,0.015342925,0.025201652,5.656419277191162,0.6924293637275696,20.92546272277832,0,3.5978195667266846
D_latent,2,74,0.016874969005584717,0.041127513284268585,0.016436007,0.015200694,0.024656896,5.656424522399902,0.6912845373153687,20.80238914489746,0,3.5697226524353027
D_latent,2,75,0.01682165653809257,0.04081979005233101,0.016537962,0.015322689,0.024285361,5.65643310546875,0.6904172897338867,20.911453247070312,0,3.5691916942596436
B_task_nopark,2,1,1.0208850528882898,0.0,1.0148494,0.93074334,1.1144028,5.656850337982178,0.0046097044833004475,18.045574188232422,0,2.8635590076446533
B_task_nopark,2,2,1.0143830672554348,0.0,1.0025588,0.92019415,1.1117779,5.656851291656494,0.004964978434145451,16.84923553466797,0,2.85764217376709
B_task_nopark,2,3,1.0102905605150305,0.0,0.9966714,0.91613567,1.107674,5.656851291656494,0.004630764480680227,17.65462875366211,0,2.8424148559570312
B_task_nopark,2,4,1.0123696534529976,0.0,0.99971974,0.91695267,1.1103995,5.656851291656494,0.004766491241753101,17.403175354003906,0,2.8446171283721924
B_task_nopark,2,5,1.0116662564484968,0.0,0.9989199,0.91577077,1.1101878,5.656851291656494,0.004553315229713917,17.412189483642578,0,2.840061664581299
B_task_nopark,2,6,1.014505386352539,0.0,1.0006331,0.91884285,1.1128085,5.656851291656494,0.004918311722576618,16.34177589416504,0,2.883126974105835
B_task_nopark,2,7,1.0115023073942766,0.0,0.997808,0.9148517,1.1109197,5.656851291656494,0.005348788574337959,15.718770980834961,0,2.857057571411133
B_task_nopark,2,8,1.0114158132801885,0.0,0.9969723,0.9149224,1.1100272,5.656851291656494,0.005619082599878311,15.551603317260742,0,2.8415329456329346
B_task_nopark,2,9,1.0052029982857082,0.0,0.9911296,0.91004014,1.1026556,5.656851291656494,0.0068604713305830956,14.225054740905762,0,2.843635082244873
B_task_nopark,2,10,1.0066485197647759,0.0,0.9924736,0.91064,1.1048847,5.656850337982178,0.010149380192160606,12.308262825012207,0,2.8559505939483643
B_task_nopark,2,11,1.000289004781972,0.0,0.9955035,0.90936875,1.093923,5.656850337982178,0.01637609302997589,11.400402069091797,0,2.8692774772644043
B_task_nopark,2,12,0.9620316546896229,0.0,0.9560679,0.87753946,1.0501864,5.656733512878418,0.5810439586639404,8.120039939880371,0,2.8420653343200684
B_task_nopark,2,13,0.8774593187415082,0.0,0.8613603,0.80475736,0.96449536,5.656708240509033,0.5690129399299622,9.113951683044434,0,2.7916252613067627
B_task_nopark,2,14,0.8350953641145126,0.0,0.81787276,0.76882344,0.9193479,5.65643835067749,0.568533182144165,9.605484962463379,0,2.809925079345703
B_task_nopark,2,15,0.8227343351944633,0.0,0.8069342,0.75911874,0.9045456,5.655981540679932,0.5991030931472778,10.649550437927246,0,2.7941417694091797
B_task_nopark,2,16,0.802526971568232,0.0,0.78102094,0.7402104,0.8837935,5.654446601867676,0.6597940921783447,11.007425308227539,0,2.807948112487793
B_task_nopark,2,17,0.7984911047894022,0.0,0.78508675,0.7395134,0.8766778,5.656570911407471,0.635388195514679,11.227709770202637,0,2.800238847732544
B_task_nopark,2,18,0.7778018453846807,0.0,0.75479096,0.717712,0.8558588,5.651314735412598,0.6851624846458435,12.772551536560059,0,2.8103392124176025
B_task_nopark,2,19,0.7645676654318104,0.0,0.73379254,0.69870096,0.8462386,5.652205467224121,0.7145422101020813,13.397095680236816,0,2.810997486114502
B_task_nopark,2,20,0.7678250851838485,0.0,0.74784213,0.7108287,0.8416578,5.653462886810303,0.6822226047515869,14.866934776306152,0,2.808946132659912
B_task_nopark,2,21,0.7450628695280656,0.0,0.71649534,0.6831718,0.8249603,5.650417327880859,0.7546002864837646,14.562776565551758,0,2.8117868900299072
B_task_nopark,2,22,0.717299751613451,0.0,0.6815729,0.65108055,0.80129784,5.651453018188477,0.7624623775482178,15.218304634094238,0,2.8065361976623535
B_task_nopark,2,23,0.6941947937011719,0.0,0.64815223,0.6238514,0.78443664,5.647924900054932,0.8375552892684937,14.85838794708252,0,2.8071024417877197
B_task_nopark,2,24,0.6209904629251232,0.0,0.56932145,0.55511874,0.7130065,5.643868923187256,0.8184812068939209,16.370832443237305,0,2.7866721153259277
B_task_nopark,2,25,0.5243532346642535,0.0,0.47903347,0.4688539,0.6103845,5.64813232421875,0.8017464280128479,16.101417541503906,0,2.8279154300689697
B_task_nopark,2,26,0.40301899288011633,0.0,0.35895374,0.3577817,0.48283148,5.651379585266113,0.8308848738670349,16.578258514404297,0,2.800830602645874
B_task_nopark,2,27,0.3195989028267238,0.0,0.2859511,0.28564152,0.3883046,5.652652263641357,0.8141001462936401,16.815616607666016,0,2.8045623302459717
B_task_nopark,2,28,0.23418870179549509,0.0,0.20719977,0.20953158,0.28840205,5.652856826782227,0.798479437828064,17.083974838256836,0,2.7873544692993164
B_task_nopark,2,29,0.18498344006745712,0.0,0.15943287,0.16092108,0.23575956,5.653390884399414,0.80811607837677,16.9814510345459,0,2.8070144653320312
B_task_nopark,2,30,0.13597592063572095,0.0,0.11447205,0.11553725,0.18110456,5.6540632247924805,0.7653629779815674,17.393266677856445,0,2.8277053833007812
B_task_nopark,2,31,0.11224830668905507,0.0,0.09329841,0.09276816,0.15388833,5.654252529144287,0.7277975678443909,17.313560485839844,0,2.7890706062316895
B_task_nopark,2,32,0.09745297224625298,0.0,0.08068549,0.08006128,0.13549913,5.654082298278809,0.7476843595504761,17.487239837646484,0,2.8082873821258545
B_task_nopark,2,33,0.08355128246804942,0.0,0.067731924,0.06711542,0.11917874,5.654204368591309,0.7449556589126587,17.2049503326416,0,2.8036391735076904
B_task_nopark,2,34,0.07743115010468857,0.0,0.06234452,0.0612226,0.112482354,5.654402256011963,0.7382887601852417,17.306238174438477,0,2.8183958530426025
B_task_nopark,2,35,0.07085069884424625,0.0,0.05712849,0.055822052,0.103744075,5.654486179351807,0.7378953695297241,17.318012237548828,0,2.8348939418792725
B_task_nopark,2,36,0.06404335084168808,0.0,0.051462147,0.04992971,0.095270626,5.654463768005371,0.7505096197128296,17.43389892578125,0,2.787611961364746
B_task_nopark,2,37,0.060035907703897225,0.0,0.04863548,0.046764225,0.089834586,5.65444278717041,0.7383003234863281,17.65631675720215,0,2.810009241104126
B_task_nopark,2,38,0.055382878884025245,0.0,0.044572566,0.04275063,0.0840967,5.654414176940918,0.7402210235595703,17.56865692138672,0,2.8125739097595215
B_task_nopark,2,39,0.051570317019586975,0.0,0.040930174,0.039337847,0.078925386,5.65448522567749,0.7402669191360474,17.583751678466797,0,2.8167378902435303
B_task_nopark,2,40,0.04860410482987114,0.0,0.038633704,0.03676988,0.07561586,5.654552936553955,0.7393434047698975,17.738962173461914,0,2.8266854286193848
B_task_nopark,2,41,0.045591515043507454,0.0,0.036229152,0.034276508,0.07151307,5.65452766418457,0.7400795817375183,17.55023193359375,0,2.792928695678711
B_task_nopark,2,42,0.04303178579910942,0.0,0.034169,0.03224435,0.068010256,5.654527187347412,0.7405654788017273,17.60310173034668,0,2.8095855712890625
B_task_nopark,2,43,0.04054216457449872,0.0,0.032423254,0.03027261,0.06514729,5.6545305252075195,0.7429612278938293,17.654521942138672,0,2.8076374530792236
B_task_nopark,2,44,0.038304668405781624,0.0,0.03066246,0.028497232,0.06163512,5.6545209884643555,0.7401226758956909,17.633769989013672,0,2.8243367671966553
B_task_nopark,2,45,0.036860875461412514,0.0,0.029520787,0.027545618,0.059472576,5.654666423797607,0.7394570112228394,17.757139205932617,0,2.8146374225616455
B_task_nopark,2,46,0.03586481965106467,0.0,0.028629856,0.026505632,0.058072854,5.654613494873047,0.7335569858551025,17.737316131591797,0,2.789639949798584
B_task_nopark,2,47,0.03382859800172889,0.0,0.027034644,0.02510358,0.05548823,5.654622554779053,0.7401988506317139,17.79166030883789,0,2.8059465885162354
B_task_nopark,2,48,0.03286957999934321,0.0,0.026121117,0.02418955,0.054137927,5.654590129852295,0.74051433801651,17.729097366333008,0,2.8044025897979736
B_task_nopark,2,49,0.031814386015353,0.0,0.02547031,0.02355078,0.052528773,5.654677391052246,0.7464199066162109,17.72507667541504,0,2.826678514480591
B_task_nopark,2,50,0.03196451456650444,0.0,0.025854412,0.023913285,0.05197579,5.654694080352783,0.7516232132911682,17.759061813354492,0,2.826765298843384
B_task_nopark,2,51,0.03291584356971409,0.0,0.026537184,0.024733206,0.053309415,5.654545307159424,0.743456244468689,17.831012725830078,0,2.7895333766937256
B_task_nopark,2,52,0.029336071532705555,0.0,0.023841638,0.021909012,0.048298206,5.654670715332031,0.7450889348983765,17.763038635253906,0,2.8065247535705566
B_task_nopark,2,53,0.027904989926711372,0.0,0.022453532,0.020655409,0.046513163,5.654736518859863,0.7384072542190552,17.791580200195312,0,2.810795545578003
B_task_nopark,2,54,0.026745601840641186,0.0,0.021730147,0.019998029,0.044838298,5.654793739318848,0.7397927045822144,17.84285545349121,0,2.828301191329956
B_task_nopark,2,55,0.026450478512307873,0.0,0.021768415,0.019780649,0.044445764,5.654661178588867,0.7424376010894775,17.78174591064453,0,2.8045525550842285
B_task_nopark,2,56,0.026796929214311684,0.0,0.0218279,0.020176174,0.0445508,5.654651641845703,0.7445945739746094,17.85291290283203,0,2.7917330265045166
B_task_nopark,2,57,0.02647370618322621,0.0,0.021738756,0.019937934,0.04385602,5.654749870300293,0.7432190775871277,17.841962814331055,0,2.8077375888824463
B_task_nopark,2,58,0.024273206358370575,0.0,0.019932797,0.01813533,0.041058112,5.654736518859863,0.7453962564468384,17.844608306884766,0,2.8249261379241943
B_task_nopark,2,59,0.023686271646748417,0.0,0.019754242,0.017796908,0.040070917,5.654783725738525,0.7445541620254517,17.839061737060547,0,2.8274295330047607
B_task_nopark,2,60,0.023494666037352188,0.0,0.019637482,0.018013235,0.03929902,5.654724597930908,0.743090808391571,17.858789443969727,0,2.789937973022461
B_task_nopark,2,61,0.022427190905031952,0.0,0.018449543,0.016681384,0.038226914,5.654736518859863,0.743077278137207,17.900920867919922,0,2.7894985675811768
B_task_nopark,2,62,0.02211716900701108,0.0,0.018413765,0.016808918,0.037477512,5.654774188995361,0.7399516105651855,17.962087631225586,0,2.8126766681671143
B_task_nopark,2,63,0.02066420860912489,0.0,0.017485239,0.015653465,0.035553392,5.654784202575684,0.7392871975898743,17.908348083496094,0,2.833806276321411
B_task_nopark,2,64,0.020905923584233158,0.0,0.017621467,0.015794646,0.035841938,5.654786586761475,0.7407206892967224,17.892929077148438,0,2.809760808944702
B_task_nopark,2,65,0.021063914765482365,0.0,0.017669482,0.01614321,0.03572833,5.6547532081604,0.7403380274772644,17.99485206604004,0,2.812124490737915
B_task_nopark,2,66,0.020259958246479862,0.0,0.0171176,0.015474554,0.0346936,5.654748439788818,0.7441632747650146,17.996816635131836,0,2.791959047317505
B_task_nopark,2,67,0.01951792447463326,0.0,0.016698139,0.014988833,0.033391584,5.6546430587768555,0.748054027557373,18.05333709716797,0,2.8113932609558105
B_task_nopark,2,68,0.01863149326780568,0.0,0.016106889,0.014433012,0.032048948,5.65480899810791,0.7378977537155151,18.008895874023438,0,2.8259429931640625
B_task_nopark,2,69,0.019045385329619698,0.0,0.016392624,0.014773841,0.032593396,5.654753684997559,0.7397846579551697,18.0240421295166,0,2.810131788253784
B_task_nopark,2,70,0.01827587381653164,0.0,0.015864665,0.014192846,0.031271163,5.654710292816162,0.7410780191421509,17.973953247070312,0,2.807241201400757
B_task_nopark,2,71,0.0194517503614011,0.0,0.016601698,0.01494761,0.032644857,5.654901504516602,0.7400963306427002,18.053165435791016,0,2.7916574478149414
B_task_nopark,2,72,0.01913066661876181,0.0,0.016424198,0.0148745105,0.03242155,5.65485954284668,0.7435157299041748,17.991565704345703,0,2.8093960285186768
B_task_nopark,2,73,0.017632154018982597,0.0,0.015635315,0.014054953,0.030064305,5.654730796813965,0.7446909546852112,18.1042537689209,0,2.8286280632019043
B_task_nopark,2,74,0.01699455017628877,0.0,0.015006554,0.013430347,0.029269652,5.654844284057617,0.7406314611434937,18.148876190185547,0,2.8023715019226074
B_task_nopark,2,75,0.016495667074037636,0.0,0.014410062,0.012878265,0.028342795,5.654885292053223,0.7443615198135376,18.153291702270508,0,2.8081600666046143
B_task_nopark,2,76,0.017876520105030224,0.0,0.015480537,0.013977682,0.030110912,5.654720306396484,0.7488938570022583,18.06241226196289,0,2.7979023456573486
B_task_nopark,2,77,0.01740355854449065,0.0,0.0151545275,0.01338314,0.029634926,5.654874801635742,0.7396425008773804,18.09072494506836,0,2.8146538734436035
B_task_nopark,2,78,0.01586378268573595,0.0,0.013964893,0.012467234,0.027383497,5.654879093170166,0.7404528856277466,18.138919830322266,0,2.8401565551757812
B_task_nopark,2,79,0.015232248150784037,0.0,0.013795507,0.012301215,0.026135324,5.654895305633545,0.7463142275810242,18.03284454345703,0,2.8123698234558105
B_task_nopark,2,80,0.014774979456611301,0.0,0.013403117,0.0118904635,0.025546629,5.654984951019287,0.7456822395324707,18.137893676757812,0,2.799501657485962
D_latent_nopark,2,1,1.0163293092147163,0.21363430437834366,1.0078835,0.9248756,1.1110786,5.656776428222656,0.32843929529190063,2.7081031799316406,0,3.6740787029266357
D_latent_nopark,2,2,1.016564078952955,0.009356193568395533,1.0058955,0.9232057,1.1125841,5.656788349151611,0.5940872430801392,2.6495330333709717,0,3.661550283432007
D_latent_nopark,2,3,1.0145117718240488,0.007535453723824542,1.0026728,0.92083204,1.1105767,5.6568098068237305,0.48009586334228516,2.6808812618255615,0,3.63407564163208
D_latent_nopark,2,4,1.0124014978823455,0.004098804424638333,1.0002607,0.9169798,1.1107347,5.656808853149414,0.49303579330444336,2.9203739166259766,0,3.627507448196411
D_latent_nopark,2,5,1.0111471259075662,0.0024131201207637787,0.9976361,0.9155669,1.1092848,5.656801700592041,0.5201061964035034,3.1508936882019043,0,3.641408681869507
D_latent_nopark,2,6,1.0136921924093496,0.002278620134229245,0.999536,0.9178521,1.1120946,5.656797409057617,0.5398694276809692,3.3261637687683105,0,3.6473889350891113
D_latent_nopark,2,7,1.011380900507388,0.0017975690248219864,0.99714744,0.9138376,1.1115745,5.656794548034668,0.5586012005805969,3.374847888946533,0,3.6254804134368896
D_latent_nopark,2,8,1.0112969771675442,0.0024512860438098078,0.9966373,0.9144367,1.1102905,5.656802177429199,0.5477302074432373,3.381845235824585,0,3.621647596359253
D_latent_nopark,2,9,1.0061025204865828,0.0021930864971616993,0.9919477,0.9105501,1.103947,5.656801223754883,0.5635830163955688,3.42574143409729,0,3.640232801437378
D_latent_nopark,2,10,1.0083302207615064,0.0016658142532991326,0.9929059,0.91120416,1.1074166,5.656798362731934,0.5782076716423035,3.5151829719543457,0,3.6330008506774902
D_latent_nopark,2,11,1.0077421768851902,0.0018453001976013184,0.9928857,0.91074264,1.1071634,5.656801223754883,0.5698504447937012,3.5858187675476074,0,3.6145236492156982
D_latent_nopark,2,12,1.0112931624702786,0.0017772692701090937,0.9963473,0.91374904,1.1103789,5.656797409057617,0.5717791318893433,3.7137272357940674,0,3.616861343383789
D_latent_nopark,2,13,1.0116417926290762,0.0023276170958643374,0.99621814,0.91409045,1.1110754,5.656801700592041,0.5699830651283264,3.7668237686157227,0,3.6437604427337646
D_latent_nopark,2,14,1.0108353987984036,0.0022524000833863797,0.99481726,0.9136545,1.1093392,5.656793594360352,0.5888668298721313,4.018640041351318,0,3.626741886138916
D_latent_nopark,2,15,1.0091493026069973,0.003302679437658061,0.9955372,0.9124438,1.1074759,5.656798362731934,0.5874084830284119,3.9716227054595947,0,3.617532730102539
D_latent_nopark,2,16,1.0055376135784646,0.003104772580706555,0.99006927,0.90918326,1.1035912,5.656782150268555,0.6139669418334961,4.488248825073242,0,3.6204493045806885
D_latent_nopark,2,17,1.0099120762037195,0.004696394114390663,0.9920556,0.9116944,1.1092055,5.656754970550537,0.6506553292274475,5.273049831390381,0,3.6584441661834717
D_latent_nopark,2,18,0.9926742885423743,0.012674678926882536,0.97384554,0.8951574,1.0943208,5.656611442565918,0.720840334892273,7.865894794464111,0,3.6232662200927734
D_latent_nopark,2,19,0.9390921385391898,0.02181846162547236,0.91486603,0.8461096,1.0436676,5.656300067901611,0.7821073532104492,10.092839241027832,0,3.607452869415283
D_latent_nopark,2,20,0.9054508209228516,0.033571308073790176,0.8763053,0.8150204,1.0103332,5.6564836502075195,0.7096657752990723,10.048568725585938,0,3.605304479598999
D_latent_nopark,2,21,0.8808675019637399,0.049821475277776306,0.846504,0.79077655,0.98650223,5.6563520431518555,0.6510385274887085,10.900921821594238,0,3.5954442024230957
D_latent_nopark,2,22,0.8616755112357761,0.06542312062304953,0.82644355,0.7727691,0.9660013,5.656267166137695,0.6537089347839355,11.859624862670898,0,3.5827696323394775
D_latent_nopark,2,23,0.8347041088601818,0.07691038173177968,0.8017095,0.74977624,0.93864006,5.655989646911621,0.678017795085907,13.077850341796875,0,3.584765911102295
D_latent_nopark,2,24,0.7926069342571757,0.09292891751164975,0.7616469,0.71394074,0.8938584,5.655357360839844,0.7692831754684448,13.989503860473633,0,3.599893093109131
D_latent_nopark,2,25,0.719517998073412,0.12463123902030614,0.67967206,0.6394963,0.82604927,5.6547746658325195,0.8024166822433472,14.000311851501465,0,3.5915040969848633
D_latent_nopark,2,26,0.5553950848786727,0.13736140209695566,0.50594246,0.4821813,0.6748506,5.655029773712158,0.8218754529953003,14.69282341003418,0,3.5738489627838135
D_latent_nopark,2,27,0.354003616001295,0.1424197943314262,0.32123885,0.30940938,0.45005322,5.655344486236572,0.8057944178581238,15.804936408996582,0,3.57417631149292
D_latent_nopark,2,28,0.2064096616662067,0.1362996308699898,0.18552293,0.18251847,0.27151135,5.6557111740112305,0.7994250059127808,15.92402458190918,0,3.605278730392456
D_latent_nopark,2,29,0.14351401121720023,0.12051638312961745,0.1254504,0.12189718,0.19748935,5.655927658081055,0.7776826620101929,15.942464828491211,0,3.5752594470977783
D_latent_nopark,2,30,0.10922487922336745,0.10830333958501401,0.093877636,0.08924075,0.15681763,5.655811786651611,0.7660071849822998,16.13705825805664,0,3.56658673286438
D_latent_nopark,2,31,0.09030105756676715,0.09748992712601372,0.07575438,0.07146714,0.13248044,5.655683994293213,0.7727071642875671,16.30685806274414,0,3.567380428314209
D_latent_nopark,2,32,0.07628659061763597,0.08843760905058487,0.06335645,0.059801653,0.11361127,5.655752658843994,0.760107159614563,16.412031173706055,0,3.5967323780059814
D_latent_nopark,2,33,0.06555049834044083,0.08116531890371571,0.05355829,0.050284922,0.09984064,5.655684471130371,0.7581673860549927,16.494651794433594,0,3.5689332485198975
D_latent_nopark,2,34,0.057524966157001,0.07510906198750371,0.046526205,0.04377594,0.08841745,5.655693054199219,0.742989182472229,16.615318298339844,0,3.571453094482422
D_latent_nopark,2,35,0.053303500880365784,0.07106240935947584,0.043296114,0.040412266,0.08234722,5.655695915222168,0.7356930375099182,16.691999435424805,0,3.5891811847686768
D_latent_nopark,2,36,0.04894234823144,0.06677774242732835,0.03970747,0.037345253,0.075487435,5.655543804168701,0.7466275095939636,16.782222747802734,0,3.592289447784424
D_latent_nopark,2,37,0.04537498950958252,0.06457262453825577,0.037165936,0.034814212,0.0708082,5.655695915222168,0.738298773765564,16.784191131591797,0,3.5778961181640625
D_latent_nopark,2,38,0.04103893300761347,0.06146202398383099,0.03375009,0.031341653,0.06462218,5.655668258666992,0.7371935844421387,16.82878875732422,0,3.574368953704834
D_latent_nopark,2,39,0.038442316262618355,0.05933404487112294,0.031453952,0.02913216,0.0613358,5.655600547790527,0.7360295653343201,16.905759811401367,0,3.6065776348114014
D_latent_nopark,2,40,0.03661383753237517,0.05744796213896378,0.030220654,0.027944503,0.058298863,5.655614852905273,0.7375937700271606,17.036407470703125,0,3.5870511531829834
D_latent_nopark,2,41,0.03528589787690536,0.05588154170824134,0.029373154,0.027088245,0.056009606,5.655627727508545,0.7333629131317139,17.057327270507812,0,3.56796932220459
D_latent_nopark,2,42,0.0332813807155775,0.05443821264349896,0.027880527,0.025585562,0.053477693,5.655632972717285,0.7296799421310425,17.091211318969727,0,3.5741941928863525
D_latent_nopark,2,43,0.031467956045399544,0.05326895091844642,0.026344277,0.02397251,0.050740685,5.655660629272461,0.7275741100311279,17.203014373779297,0,3.605154275894165
D_latent_nopark,2,44,0.029436044071031654,0.05153646158135455,0.024933629,0.022656942,0.047820117,5.65565299987793,0.7247055172920227,17.262014389038086,0,3.5814473628997803
D_latent_nopark,2,45,0.02876830878465072,0.05073976516723633,0.024358716,0.02206514,0.04651101,5.655634880065918,0.7219396233558655,17.338953018188477,0,3.572638988494873
D_latent_nopark,2,46,0.02817809063455333,0.04993882386580757,0.023844296,0.021814913,0.04542143,5.655625820159912,0.7260607481002808,17.39899444580078,0,3.570061683654785
D_latent_nopark,2,47,0.026176095008850098,0.048775983893353005,0.022663143,0.020410156,0.042875867,5.6556077003479,0.7213731408119202,17.497587203979492,0,3.5912845134735107
D_latent_nopark,2,48,0.02538215336592301,0.048123193823772926,0.022225492,0.01992924,0.041537505,5.655643463134766,0.7165125012397766,17.655731201171875,0,3.5715739727020264
D_latent_nopark,2,49,0.024062949678172237,0.0472375258155491,0.020936156,0.018610308,0.03994216,5.655613422393799,0.7260342836380005,17.629384994506836,0,3.5655314922332764
D_latent_nopark,2,50,0.023815302745155666,0.04663747808207636,0.02104194,0.018854622,0.03922242,5.655658721923828,0.7194033861160278,17.6594181060791,0,3.582653284072876
D_latent_nopark,2,51,0.022987554902615753,0.04629603676173998,0.020109821,0.01802331,0.038141068,5.6555986404418945,0.7219560146331787,17.76491928100586,0,3.580601930618286
D_latent_nopark,2,52,0.02221099449240643,0.045308983844259514,0.01973812,0.017808903,0.03634051,5.655634880065918,0.7157154679298401,17.916229248046875,0,3.5685858726501465
D_latent_nopark,2,53,0.022324302922124447,0.04523342588673467,0.019813022,0.017738134,0.036481798,5.655682563781738,0.7166879773139954,18.00070571899414,0,3.5739877223968506
D_latent_nopark,2,54,0.021994580393252167,0.04463047048319941,0.019484289,0.017475612,0.03589202,5.655664443969727,0.7171823978424072,18.083234786987305,0,3.5923726558685303
D_latent_nopark,2,55,0.020896347968474678,0.04394275209178095,0.018823816,0.01668529,0.034465753,5.6556501388549805,0.7149983644485474,18.100719451904297,0,3.579327344894409
D_latent_nopark,2,56,0.020441446615302044,0.043336464011150856,0.018546604,0.016434416,0.033848573,5.655656337738037,0.7209056615829468,18.159378051757812,0,3.5631778240203857
D_latent_nopark,2,57,0.01914338443590247,0.042591812817946724,0.017510958,0.015546643,0.031879865,5.655670166015625,0.7177125811576843,18.2432861328125,0,3.5705180168151855
D_latent_nopark,2,58,0.018475408139436142,0.04215113494707191,0.016994856,0.014964978,0.03080895,5.65571403503418,0.7162932753562927,18.264575958251953,0,3.6034562587738037
D_latent_nopark,2,59,0.01787135652873827,0.04146296563355819,0.016701665,0.014699491,0.029827936,5.655708312988281,0.7124245762825012,18.27019500732422,0,3.566617012023926
D_latent_nopark,2,60,0.017968128556790558,0.04121680104214212,0.016719963,0.014730237,0.029796638,5.6556572914123535,0.7159271240234375,18.40010643005371,0,3.5771780014038086
D_latent_nopark,2,61,0.0172491280928902,0.04061295416044152,0.016226301,0.01418952,0.02868088,5.655672550201416,0.7136540412902832,18.511655807495117,0,3.5834712982177734
D_latent_nopark,2,62,0.019129387710405434,0.04082926978235659,0.017580109,0.015668323,0.03118687,5.655681133270264,0.7268643975257874,18.483125686645508,0,3.604979991912842
D_latent_nopark,2,63,0.017926669639089832,0.04040974119435186,0.016501386,0.014539578,0.029470589,5.655736446380615,0.7154587507247925,18.47300148010254,0,3.5819990634918213
D_latent_nopark,2,64,0.017283619745917942,0.03980197077212126,0.016288152,0.014289233,0.028321085,5.655773639678955,0.7171688079833984,18.476377487182617,0,3.5853207111358643
D_latent_nopark,2,65,0.016840684673060543,0.03935397707897684,0.016107785,0.014160338,0.027442068,5.65580415725708,0.7136316299438477,18.496068954467773,0,3.5960259437561035
D_latent_nopark,2,66,0.015772973713667496,0.038669404776200005,0.015182938,0.0132264085,0.026084209,5.655753135681152,0.7191888093948364,18.57558822631836,0,3.6006178855895996
D_latent_nopark,2,67,0.016123568234236343,0.038452801497086235,0.01522785,0.0133277215,0.026832905,5.655808925628662,0.7141869068145752,18.54962921142578,0,3.579864740371704
D_latent_nopark,2,68,0.015759884015373562,0.03798380105391792,0.015140874,0.013188034,0.025951518,5.655772686004639,0.7148466110229492,18.682165145874023,0,3.575247287750244
D_latent_nopark,2,69,0.014848663755085157,0.037393315978672195,0.014395143,0.012594149,0.024672983,5.655790328979492,0.7165752053260803,18.681190490722656,0,3.6092073917388916
D_latent_nopark,2,70,0.014826937862064528,0.03696072360743647,0.0142308045,0.012335334,0.024583418,5.655795574188232,0.7151473760604858,18.70833969116211,0,3.5956668853759766
D_latent_nopark,2,71,0.014389443656672602,0.036480175412219505,0.014034684,0.012141039,0.023988403,5.6558403968811035,0.7120567560195923,18.74925994873047,0,3.5895235538482666
D_latent_nopark,2,72,0.014753398687943169,0.03618544858434926,0.01410425,0.012263102,0.024512507,5.655864238739014,0.7085727453231812,18.676616668701172,0,3.594923734664917
D_latent_nopark,2,73,0.015122080626695053,0.036169575608294945,0.014366179,0.01244396,0.025118409,5.655783176422119,0.7156983613967896,18.942298889160156,0,3.640800952911377
D_latent_nopark,2,74,0.014834406583205513,0.03548385008521702,0.014136753,0.012241389,0.024473561,5.655821800231934,0.7164826989173889,18.867460250854492,0,3.5768890380859375
D_latent_nopark,2,75,0.014234239640443222,0.034867167472839355,0.013768036,0.011951622,0.023318699,5.655850410461426,0.7096951007843018,18.921398162841797,0,3.58268666267395
D_latent_nopark,2,76,0.014729795248612114,0.034847604191821556,0.014244397,0.012433339,0.023893448,5.655849456787109,0.7135248184204102,18.85177230834961,0,3.5725696086883545
D_latent_nopark,2,77,0.014076429864634638,0.03431605256122092,0.01366336,0.011756707,0.0229195,5.6559014320373535,0.7073003053665161,18.83498764038086,0,3.5940513610839844
D_latent_nopark,2,78,0.013714572657709536,0.03380159968915193,0.01328427,0.011440822,0.022549985,5.655918598175049,0.7089115381240845,18.8248233795166,0,3.5766258239746094
D_latent_nopark,2,79,0.013800330784009851,0.03347074726353521,0.013324067,0.011425478,0.022781342,5.655884742736816,0.713631808757782,18.90656852722168,0,3.575207471847534
D_latent_nopark,2,80,0.013779943403990372,0.03324612068093341,0.013340475,0.011399079,0.022525363,5.655873775482178,0.7154161930084229,18.863370895385742,0,3.6060802936553955
A_recon,3,1,1.0228992130445398,0.050849505092786705,1.0087954,0.90635407,1.1419238,5.656834125518799,0.012323537841439247,13.806529998779297,0,5.14851713180542
A_recon,3,2,1.0088482732358186,0.04983323553334112,0.98646015,0.881265,1.1378573,5.656833171844482,0.016859004274010658,11.316646575927734,0,5.145386219024658
A_recon,3,3,1.0074538355288298,0.04807308445806089,0.9796963,0.87302643,1.1408335,5.656787872314453,0.20345360040664673,3.5092568397521973,0,5.131280899047852
A_recon,3,4,1.0074644503386125,0.03768142669097237,0.98187226,0.8737259,1.1385903,5.656844139099121,0.0894755870103836,4.29374361038208,0,5.114745140075684
A_recon,3,5,1.0053001901377803,0.03212724302126014,0.97903305,0.87019,1.137348,5.656846523284912,0.11488761007785797,3.6469757556915283,0,5.140255689620972
A_recon,3,6,1.0026844688083814,0.027012039785799774,0.9751787,0.86616117,1.1360195,5.656826972961426,0.1884527951478958,4.911160945892334,0,5.140030860900879
A_recon,3,7,1.0041862156080164,0.019087245930796085,0.97967744,0.8708072,1.1357418,5.6568450927734375,0.200810506939888,4.267938137054443,0,5.145301818847656
A_recon,3,8,0.9572508438773777,0.019350167201912922,0.93596727,0.8361576,1.0805026,5.656850337982178,0.2022383213043213,4.042582035064697,0,5.126403570175171
A_recon,3,9,0.9235091002091117,0.018970633330552475,0.90751815,0.81408703,1.0332904,5.656853675842285,0.15058496594429016,3.911773681640625,0,5.127113342285156
A_recon,3,10,0.9069470944611923,0.018774970718052075,0.8899157,0.803277,1.0112988,5.656853675842285,0.15077584981918335,3.622471570968628,0,5.120315790176392
A_recon,3,11,0.8943146415378737,0.017228355874185978,0.87860626,0.7958899,0.9960609,5.656853675842285,0.13792289793491364,3.838754653930664,0,5.1159138679504395
A_recon,3,12,0.8693340135657269,0.016754817703495854,0.8492821,0.771003,0.9707102,5.656853675842285,0.14232924580574036,3.8791375160217285,0,5.126467704772949
A_recon,3,13,0.8653868799624236,0.01681880717692168,0.8434158,0.7673761,0.9650264,5.656854152679443,0.14801251888275146,3.8734958171844482,0,5.126004934310913
A_recon,3,14,0.8453801196554432,0.016570669153462284,0.8239362,0.75170195,0.94061685,5.656854152679443,0.1515335887670517,3.9060938358306885,0,5.124181032180786
A_recon,3,15,0.8521544415017833,0.01635319771973983,0.83141625,0.7556073,0.94967055,5.656854629516602,0.1382146179676056,4.019949913024902,0,5.119014024734497
A_recon,3,16,0.8458351466966711,0.016467293967371403,0.822678,0.75236166,0.939945,5.656853675842285,0.17749446630477905,3.9824423789978027,0,5.1154491901397705
A_recon,3,17,0.8349668254023013,0.016419514365818188,0.81289464,0.7432229,0.9274302,5.656854152679443,0.15911048650741577,4.214860916137695,0,5.111441373825073
A_recon,3,18,0.8340177950651749,0.016493212917576664,0.8112316,0.7430901,0.92595905,5.656854152679443,0.1787274032831192,4.123311996459961,0,5.128939867019653
A_recon,3,19,0.8279286260190217,0.01658488745274751,0.80664444,0.73744756,0.9192898,5.656853675842285,0.21015074849128723,4.3343424797058105,0,5.117956161499023
A_recon,3,20,0.8248660046121349,0.016682039136471954,0.802789,0.73525745,0.91486615,5.656853675842285,0.24705737829208374,4.513216972351074,0,5.114769697189331
A_recon,3,21,0.818671350893767,0.017171104317126068,0.7983061,0.7303613,0.90725726,5.656854152679443,0.2185535728931427,4.7960333824157715,0,5.110273361206055
A_recon,3,22,0.826096244480299,0.016828228598055633,0.80513275,0.73563105,0.91704273,5.656854152679443,0.2377990037202835,5.46698522567749,0,5.105587005615234
A_recon,3,23,0.8219941180685292,0.016396891811619633,0.8007427,0.73256433,0.9119452,5.656854152679443,0.2629135251045227,5.2329936027526855,0,5.113234758377075
A_recon,3,24,0.8138622615648352,0.01652155103890792,0.79274,0.725385,0.90278935,5.656853675842285,0.31711429357528687,5.762630462646484,0,5.127399206161499
A_recon,3,25,0.8169300245202106,0.018254874841026638,0.79905826,0.72901976,0.90551203,5.656854152679443,0.328792929649353,5.243565082550049,0,5.120122909545898
A_recon,3,26,0.812618172687033,0.01726856309434642,0.79292256,0.7259096,0.9003836,5.656854152679443,0.2592709958553314,4.965019702911377,0,5.104504346847534
A_recon,3,27,0.8070239191469939,0.016526897316393646,0.7885438,0.7205565,0.89443755,5.656854152679443,0.32240596413612366,5.059048652648926,0,5.110751152038574
A_recon,3,28,0.8056163787841797,0.017960569132929264,0.7849301,0.71843886,0.8936422,5.656854629516602,0.3358084559440613,5.638120174407959,0,5.117492198944092
A_recon,3,29,0.7988492716913638,0.016915334307629128,0.7790856,0.71475136,0.8845784,5.656854152679443,0.3446969985961914,6.563105583190918,0,5.111074686050415
A_recon,3,30,0.800854143889054,0.017974541239116505,0.78158164,0.7160333,0.88731724,5.656854629516602,0.35653817653656006,6.5490946769714355,0,5.107682704925537
A_recon,3,31,0.7955041139022164,0.018203894729199616,0.7783125,0.711928,0.8809019,5.656854629516602,0.30580705404281616,6.0635504722595215,0,5.104523420333862
A_recon,3,32,0.7886801180632218,0.01695788165797358,0.76895344,0.7066067,0.8722733,5.656854629516602,0.35451245307922363,6.390289306640625,0,5.101652383804321
A_recon,3,33,0.7931458846382473,0.017056831847066464,0.7748428,0.7100179,0.8775244,5.656854629516602,0.37206214666366577,6.547285556793213,0,5.10742712020874
A_recon,3,34,0.785754742829696,0.01759284864301267,0.7679737,0.7051294,0.8686624,5.656854629516602,0.3481898307800293,7.165238380432129,0,5.121806621551514
A_recon,3,35,0.7803187162979789,0.01768508553504944,0.7616482,0.699687,0.86297554,5.656854629516602,0.3497796356678009,6.815179347991943,0,5.094281911849976
A_recon,3,36,0.7741770537003226,0.016976046821345455,0.7570839,0.69491273,0.85693425,5.656854629516602,0.38868510723114014,7.428549289703369,0,5.096479415893555
A_recon,3,37,0.7710129281748896,0.01838346020035122,0.75324965,0.69292027,0.8527827,5.656854629516602,0.42081475257873535,7.631062030792236,0,5.1045801639556885
A_recon,3,38,0.759930652120839,0.017695591501567676,0.74270844,0.68388116,0.8398842,5.656854629516602,0.38520491123199463,8.00610637664795,0,5.093238592147827
A_recon,3,39,0.770255130270253,0.017592147640559986,0.7544155,0.69160783,0.852147,5.656854629516602,0.3768351674079895,7.359109878540039,0,5.110805511474609
A_recon,3,40,0.7631805254065472,0.016661272100780323,0.74577236,0.6870096,0.84311455,5.656854629516602,0.4022422730922699,8.055954933166504,0,5.103092908859253
A_recon,3,41,0.7456016540527344,0.017362467620683754,0.72983634,0.672887,0.8233354,5.656854629516602,0.40207362174987793,8.755282402038574,0,5.096795558929443
A_recon,3,42,0.7375059542448624,0.016901150993678882,0.72212577,0.6656863,0.81552833,5.656854629516602,0.42817583680152893,9.085138320922852,0,5.099953889846802
A_recon,3,43,0.7323712058689283,0.01716726629630379,0.717856,0.6609875,0.80971116,5.656854629516602,0.46152323484420776,9.229496002197266,0,5.088826417922974
A_recon,3,44,0.7318019866943359,0.017431259155273438,0.71409917,0.6609567,0.80929565,5.656854629516602,0.42975080013275146,9.695392608642578,0,5.109602689743042
A_recon,3,45,0.7187741321066151,0.016577637713888416,0.7052154,0.65103954,0.7934765,5.656854152679443,0.43229570984840393,10.18793773651123,0,5.102174520492554
A_recon,3,46,0.7186311638873556,0.017529259557309357,0.7041783,0.6522285,0.7913104,5.656854152679443,0.42284685373306274,10.116313934326172,0,5.08534836769104
A_recon,3,47,0.7127272564431896,0.01725657608198083,0.69784117,0.64709485,0.78613573,5.656854629516602,0.4730418026447296,10.572566032409668,0,5.094895124435425
A_recon,3,48,0.689646057460619,0.01610343352608059,0.6759963,0.62668544,0.76191896,5.656854629516602,0.4562540352344513,11.062206268310547,0,5.094112396240234
A_recon,3,49,0.685396028601605,0.0159902300523675,0.671396,0.6246672,0.7559594,5.656854152679443,0.4825900197029114,10.987744331359863,0,5.093303203582764
A_recon,3,50,0.675278373386549,0.016359501558801403,0.66129595,0.61752504,0.7448215,5.656854152679443,0.48829185962677,11.37600326538086,0,5.091296195983887
A_recon,3,51,0.6577548151430876,0.016470271608103878,0.64459336,0.6023502,0.72509915,5.656853675842285,0.4975796341896057,12.070173263549805,0,5.076879024505615
A_recon,3,52,0.6561938990717349,0.016463976839314335,0.6447801,0.6035125,0.7211813,5.656853675842285,0.4963298439979553,12.336278915405273,0,5.110741853713989
A_recon,3,53,0.6310396609099015,0.015803080538044804,0.6174312,0.5823514,0.69426316,5.656854152679443,0.5136674046516418,13.266335487365723,0,5.096599102020264
A_recon,3,54,0.6307092749554178,0.01626460707705954,0.619772,0.57967293,0.6963706,5.656853675842285,0.5344940423965454,13.700226783752441,0,5.082001447677612
A_recon,3,55,0.5998636328655741,0.015259254237879877,0.5849765,0.5562903,0.66034657,5.656853675842285,0.5375010371208191,13.736845016479492,0,5.098431348800659
A_recon,3,56,0.5795167840045431,0.015345796294834303,0.56229955,0.53902894,0.63870656,5.656853675842285,0.5364272594451904,14.209952354431152,0,5.08268928527832
A_recon,3,57,0.5808693015057108,0.015427273252735968,0.5677671,0.5416414,0.63975865,5.656853675842285,0.5658444166183472,14.808652877807617,0,5.090333461761475
A_recon,3,58,0.5817160813704781,0.015513035266295723,0.5675331,0.5405561,0.6408434,5.656853675842285,0.5452779531478882,14.942679405212402,0,5.097095251083374
A_recon,3,59,0.5505099503890328,0.015032597210096277,0.53620565,0.5157758,0.605418,5.656853675842285,0.5589240789413452,15.225118637084961,0,5.092371463775635
A_recon,3,60,0.5207678338755732,0.0150200297003207,0.5068666,0.49226072,0.57230496,5.656853675842285,0.5889138579368591,15.603822708129883,0,5.104060173034668
A_recon,3,61,0.5054388046264648,0.014855348545572033,0.4922213,0.48046747,0.5540557,5.656853675842285,0.5721743106842041,16.022361755371094,0,5.091002464294434
A_recon,3,62,0.5135996860006581,0.015357189852258434,0.5000907,0.4838462,0.5680828,5.656853675842285,0.5873790979385376,16.145872116088867,0,5.107174873352051
A_recon,3,63,0.48779690783956775,0.014964619408483091,0.47472668,0.46567282,0.53517205,5.656853675842285,0.5863342881202698,16.505718231201172,0,5.11386513710022
A_recon,3,64,0.4648212764574134,0.01474842299585757,0.45278516,0.4456718,0.51054305,5.656853675842285,0.5957800149917603,16.805200576782227,0,5.09398341178894
A_recon,3,65,0.48987301536228345,0.01542658391206161,0.47903895,0.4638603,0.5408341,5.656853675842285,0.5882116556167603,16.71339988708496,0,5.097412347793579
A_recon,3,66,0.46434352708899457,0.014715338530747787,0.45292526,0.44486254,0.51079077,5.656853675842285,0.592717707157135,17.08932113647461,0,5.113548278808594
A_recon,3,67,0.43673946546471637,0.014599026545234348,0.42192838,0.42403698,0.47686985,5.656853675842285,0.6002630591392517,17.361045837402344,0,5.082828760147095
A_recon,3,68,0.39835788892663043,0.014459505029346632,0.38472968,0.38989288,0.4368978,5.656852722167969,0.6181526184082031,18.079551696777344,0,5.113319158554077
A_recon,3,69,0.4020124932994013,0.014053596102673075,0.39090237,0.39382952,0.4412098,5.656851291656494,0.6317809820175171,18.268966674804688,0,5.10198974609375
A_recon,3,70,0.4035199206808339,0.015113369278285814,0.3930848,0.39578414,0.4434329,5.656852722167969,0.6262948513031006,17.678442001342773,0,5.099727630615234
A_recon,3,71,0.37705035831617273,0.014472645262013311,0.3665319,0.37217465,0.41313943,5.656852722167969,0.6307370662689209,18.241411209106445,0,5.103769540786743
A_recon,3,72,0.3593092379362687,0.01406275837317757,0.35084772,0.35783914,0.39225703,5.656851291656494,0.6519033908843994,18.432695388793945,0,5.086949348449707
A_recon,3,73,0.3522940925929857,0.014074586007906042,0.34197453,0.34974712,0.38747507,5.656851291656494,0.6588396430015564,18.469268798828125,0,5.092447280883789
A_recon,3,74,0.3322720942289933,0.01369833687077398,0.32435706,0.33431184,0.36287707,5.656851291656494,0.6538249254226685,18.74892234802246,0,5.080483913421631
A_recon,3,75,0.3273518811101499,0.013793090115422789,0.31977993,0.33173513,0.35707378,5.656851291656494,0.6456127166748047,18.127817153930664,0,5.077347040176392
A_recon,3,76,0.37707905147386633,0.014298635980357294,0.36996397,0.3697249,0.41567168,5.656851291656494,0.6597062349319458,18.762577056884766,0,5.081867933273315
A_recon,3,77,0.3653996094413426,0.014773580043212227,0.36025098,0.36427614,0.39703897,5.656851291656494,0.6514524221420288,18.308658599853516,0,5.067988872528076
A_recon,3,78,0.36165092302405316,0.01374422726423844,0.3563818,0.35954624,0.39605725,5.656851291656494,0.6459791660308838,19.19769287109375,0,5.07644510269165
A_recon,3,79,0.31208660291588824,0.013506478589514027,0.30590016,0.3183819,0.33820668,5.656850337982178,0.6568475961685181,19.629932403564453,0,5.100212812423706
A_recon,3,80,0.2863003067348314,0.013225779585216356,0.28192666,0.29634815,0.3099452,5.656850337982178,0.6617686152458191,19.344858169555664,0,5.0799946784973145
A_recon,3,81,0.26699706782465393,0.012922632953395014,0.26342204,0.27980074,0.28817347,5.6568498611450195,0.6729359030723572,19.636934280395508,0,5.100732326507568
A_recon,3,82,0.25623060309368634,0.012763848771219668,0.25329337,0.26988325,0.2758516,5.656849384307861,0.6800878643989563,19.8858585357666,0,5.0717527866363525
A_recon,3,83,0.24816662332286005,0.012610019549079563,0.24681336,0.26243466,0.26735583,5.656849384307861,0.6822980642318726,20.00802230834961,0,5.076954126358032
A_recon,3,84,0.2406760091366975,0.012535193692082945,0.23960699,0.25572386,0.2588853,5.656848907470703,0.6897622346878052,20.106229782104492,0,5.100727081298828
A_recon,3,85,0.23485716529514478,0.012661229009213655,0.23427129,0.2500208,0.25325412,5.656848430633545,0.6933807730674744,20.11738395690918,0,5.084233999252319
A_recon,3,86,0.2317518773286239,0.01249408333197884,0.23299006,0.24727705,0.24996302,5.656848430633545,0.6955186128616333,20.20089340209961,0,5.102551221847534
A_recon,3,87,0.2228061219920283,0.012312172547630642,0.22493556,0.24008836,0.23852044,5.656848430633545,0.6994127035140991,20.340957641601562,0,5.087809801101685
A_recon,3,88,0.21740254111911939,0.012410956880320673,0.21991278,0.23491685,0.23280255,5.656848430633545,0.7049446702003479,20.37493133544922,0,5.076715707778931
A_recon,3,89,0.2190088811128036,0.012581413206846817,0.22251439,0.236956,0.23405844,5.656848430633545,0.6945116519927979,20.136371612548828,0,5.0915915966033936
A_recon,3,90,0.22203105428944464,0.012348264455795288,0.22522332,0.23832297,0.23875488,5.656847953796387,0.7076400518417358,20.3569278717041,0,5.0830161571502686
A_recon,3,91,0.23386167443316916,0.01248153655425362,0.23534556,0.24882962,0.25219613,5.656848907470703,0.6885561943054199,19.92033576965332,0,5.065167665481567
A_recon,3,92,0.29978640183158545,0.013969716818436333,0.29924774,0.3009648,0.33046645,5.656848430633545,0.6899782419204712,20.48661231994629,0,5.097176551818848
A_recon,3,93,0.27338848943295685,0.013832186875136002,0.274641,0.28277323,0.29722998,5.656849384307861,0.6794633269309998,20.43552589416504,0,5.071411609649658
A_recon,3,94,0.22438461884208347,0.012953229572462,0.22703815,0.23982017,0.24184799,5.656848430633545,0.7144806981086731,20.686107635498047,0,5.076822996139526
A_recon,3,95,0.20480894005816916,0.012184470891952515,0.2087789,0.22393216,0.21784762,5.656848430633545,0.7063170671463013,20.78980827331543,0,5.0828657150268555
A_recon,3,96,0.1888387099556301,0.011943326048229052,0.1948746,0.21014911,0.19917576,5.656848430633545,0.7103974223136902,20.800350189208984,0,5.066242218017578
A_recon,3,97,0.18186753729115362,0.011813879013061523,0.1878599,0.20324461,0.19210593,5.656847953796387,0.7137742042541504,21.112621307373047,0,5.092743396759033
A_recon,3,98,0.17664776677670685,0.01173412411109261,0.18344899,0.19847588,0.18568262,5.6568474769592285,0.726351261138916,21.122426986694336,0,5.089210510253906
A_recon,3,99,0.172329798988674,0.011661471232123997,0.17995426,0.19410425,0.18158971,5.6568474769592285,0.7291549444198608,21.091238021850586,0,5.075773239135742
A_recon,3,100,0.16710485582766327,0.01157585304716359,0.17531563,0.18955654,0.17537454,5.6568474769592285,0.7259865999221802,21.18687629699707,0,5.080313205718994
A_recon,3,101,0.16241692460101584,0.011531193619189055,0.17129666,0.1853526,0.1701778,5.656846523284912,0.7348233461380005,21.413976669311523,0,5.07305383682251
A_recon,3,102,0.1575674699700397,0.01146219217258951,0.16670325,0.1804514,0.16463323,5.656846523284912,0.739876389503479,21.388652801513672,0,5.099853277206421
A_recon,3,103,0.15497999605925186,0.011435946692591127,0.16473119,0.17774118,0.16240674,5.656846523284912,0.7412617206573486,21.39146614074707,0,5.087702035903931
A_recon,3,104,0.15210282284280527,0.011403375345727673,0.16237165,0.17529353,0.1586369,5.656846523284912,0.7351945042610168,21.480573654174805,0,5.0843892097473145
A_recon,3,105,0.1480886521546737,0.011300471813782402,0.15876895,0.1713103,0.1544732,5.656846523284912,0.7459705471992493,21.51038360595703,0,5.111567258834839
A_recon,3,106,0.1450523500857146,0.011276433001393858,0.15587445,0.1681988,0.15074106,5.656845569610596,0.7445505857467651,21.595325469970703,0,5.082842588424683
A_recon,3,107,0.14254000912541928,0.011221173016921333,0.15414496,0.165868,0.14810404,5.656845569610596,0.750186026096344,21.699983596801758,0,5.091270208358765
A_recon,3,108,0.14065237667249597,0.011335851057716038,0.15213522,0.16360977,0.14623767,5.656846046447754,0.744189977645874,21.59501838684082,0,5.118675231933594
A_recon,3,109,0.1377119188723357,0.011230181092801302,0.14958175,0.16117491,0.14242181,5.656844139099121,0.7581287026405334,21.796293258666992,0,5.09938383102417
A_recon,3,110,0.1328897994497548,0.011146176120509272,0.14442372,0.15592708,0.13784495,5.656845569610596,0.7493191957473755,21.84181022644043,0,5.105872631072998
A_recon,3,111,0.12991472949152408,0.011159952567971271,0.1418044,0.15281537,0.13384788,5.656844139099121,0.7575331926345825,22.049251556396484,0,5.092324495315552
A_recon,3,112,0.1350239256153936,0.011267471572627192,0.14643039,0.15643524,0.14081307,5.656845569610596,0.7507153749465942,21.921390533447266,0,5.101729154586792
A_recon,3,113,0.13117279177126678,0.011092559151027514,0.14237894,0.15208401,0.13783433,5.656844139099121,0.7547285556793213,21.979040145874023,0,5.109557390213013
A_recon,3,114,0.12467409216839334,0.011092443828997404,0.13632235,0.14643835,0.12977757,5.656844139099121,0.7546950578689575,22.091720581054688,0,5.114798069000244
A_recon,3,115,0.12063860893249512,0.010941681654556938,0.13260873,0.14249134,0.124824695,5.656843185424805,0.7655798196792603,22.17287254333496,0,5.1003453731536865
A_recon,3,116,0.1283117895540984,0.011216658612956171,0.14012533,0.14904055,0.1337881,5.656844139099121,0.7481346130371094,22.233901977539062,0,5.1200337409973145
A_recon,3,117,0.22910346155581268,0.012927138287088146,0.23441511,0.23192734,0.2519348,5.6568474769592285,0.7592883706092834,21.17329216003418,0,5.080055475234985
A_recon,3,118,0.3484980956367824,0.01520764568577642,0.3433656,0.32917523,0.39168802,5.656848430633545,0.7116207480430603,22.02246856689453,0,5.094316482543945
A_recon,3,119,0.26754279758619226,0.012802744689195053,0.26079857,0.25767198,0.3049208,5.656844139099121,0.745629608631134,21.725244522094727,0,5.077184438705444
A_recon,3,120,0.25741004943847656,0.01324744587359221,0.25270104,0.25227636,0.28814614,5.656845569610596,0.7303617596626282,21.678373336791992,0,5.08986759185791
B_task,3,1,1.0228904226551885,0.0,1.0087609,0.9063246,1.1419239,5.656836032867432,0.01101117953658104,14.720542907714844,0,2.8885838985443115
B_task,3,2,1.0088242240574048,0.0,0.9864152,0.8812129,1.1378405,5.656838417053223,0.011626118794083595,13.875280380249023,0,2.8578717708587646
B_task,3,3,1.0073616193688435,0.0,0.9796507,0.87297314,1.1407441,5.656839370727539,0.01098395511507988,14.317026138305664,0,2.8466665744781494
B_task,3,4,1.0073545704717222,0.0,0.98163325,0.8735267,1.1387218,5.656841278076172,0.010400276631116867,13.475375175476074,0,2.8517961502075195
B_task,3,5,1.0056562009065046,0.0,0.9799366,0.87083745,1.137233,5.656845569610596,0.008870167657732964,13.331083297729492,0,2.855506658554077
B_task,3,6,1.0027275085449219,0.0,0.975347,0.8663452,1.1359316,5.656846523284912,0.012321572750806808,10.548851013183594,0,2.8775057792663574
B_task,3,7,1.0053356834079907,0.0,0.9799295,0.8709318,1.1376011,5.6568474769592285,0.010472286492586136,11.772272109985352,0,2.834789752960205
B_task,3,8,0.9635957634967306,0.0,0.9429741,0.83969086,1.0874827,5.656848430633545,0.008080340921878815,13.04065227508545,0,2.8449833393096924
B_task,3,9,0.9268309551736583,0.0,0.91125286,0.81745213,1.0367576,5.656854152679443,0.004268140532076359,12.517333984375,0,2.84928822517395
B_task,3,10,0.9015759177829908,0.0,0.8839652,0.7970371,1.0064976,5.656854629516602,0.0032765886280685663,13.411669731140137,0,2.8478734493255615
B_task,3,11,0.8964211007823115,0.0,0.8809623,0.7955631,0.99924606,5.656854629516602,0.0029513766057789326,13.27292537689209,0,2.846859931945801
B_task,3,12,0.8731311300526494,0.0,0.852746,0.7739486,0.97479314,5.656854629516602,0.00314212660305202,12.65942096710205,0,2.8416473865509033
B_task,3,13,0.867092049640158,0.0,0.8457512,0.76863366,0.9673837,5.656854629516602,0.003162875073030591,12.247519493103027,0,2.8427906036376953
B_task,3,14,0.8467762159264606,0.0,0.8254337,0.7516225,0.9438014,5.656854629516602,0.003365372773259878,12.196999549865723,0,2.8435590267181396
B_task,3,15,0.8516717164412789,0.0,0.82995796,0.75541276,0.94907296,5.656854629516602,0.003796018660068512,11.870850563049316,0,2.8659632205963135
B_task,3,16,0.8447276405666185,0.0,0.820911,0.7506434,0.9396538,5.656854629516602,0.004265567287802696,10.667266845703125,0,2.8484246730804443
B_task,3,17,0.8347265824027683,0.0,0.81217146,0.7421205,0.9277924,5.656854629516602,0.004963045474141836,10.279438018798828,0,2.834702491760254
B_task,3,18,0.8348119984502378,0.0,0.81206423,0.74322015,0.92707145,5.656854629516602,0.006395629607141018,8.839757919311523,0,2.8325629234313965
B_task,3,19,0.8303470611572266,0.0,0.8087099,0.73950505,0.92176694,5.656854629516602,0.009679287672042847,7.1077752113342285,0,2.8363425731658936
B_task,3,20,0.8300004212752633,0.0,0.80817914,0.74037486,0.9197569,5.656854629516602,0.0121950414031744,6.101877212524414,0,2.86755633354187
B_task,3,21,0.8228189219599185,0.0,0.80059874,0.7338038,0.91183233,5.656854629516602,0.03433791548013687,3.803431272506714,0,2.835503578186035
B_task,3,22,0.8272478684135105,0.0,0.80424684,0.7362136,0.9186081,5.656854629516602,0.03500523418188095,3.2677361965179443,0,2.8384478092193604
B_task,3,23,0.8242923902428668,0.0,0.80237645,0.7344173,0.9143055,5.656854629516602,0.04313600808382034,3.45976185798645,0,2.8191380500793457
B_task,3,24,0.8181775963824728,0.0,0.7962533,0.7293177,0.9073077,5.656854629516602,0.045544467866420746,3.5307724475860596,0,2.852189540863037
B_task,3,25,0.8210222824760105,0.0,0.8001672,0.7314853,0.91052425,5.656854629516602,0.08092401921749115,2.981569528579712,0,2.861898422241211
B_task,3,26,0.8149102252462636,0.0,0.79323363,0.7266817,0.90321755,5.656854629516602,0.06889978051185608,2.809429407119751,0,2.8304197788238525
B_task,3,27,0.8152966706649117,0.0,0.7945756,0.7271075,0.90351933,5.656854629516602,0.06055326387286186,5.812300205230713,0,2.8288662433624268
B_task,3,28,0.8105854366136633,0.0,0.78831154,0.7221373,0.8992781,5.656854629516602,0.09418473392724991,2.9546725749969482,0,2.823732376098633
B_task,3,29,0.8087368011474609,0.0,0.78787607,0.7224078,0.89534056,5.656854629516602,0.09379810094833374,3.2015843391418457,0,2.847830295562744
B_task,3,30,0.8111484361731488,0.0,0.79027385,0.7229637,0.89972806,5.656852722167969,0.13911369442939758,7.060030937194824,0,2.841866970062256
B_task,3,31,0.8060310197913129,0.0,0.7853077,0.71990186,0.89240646,5.656853675842285,0.1061398833990097,11.166604995727539,0,2.8170175552368164
B_task,3,32,0.8009286963421366,0.0,0.78007585,0.714318,0.88729477,5.656848907470703,0.16646917164325714,11.482491493225098,0,2.8202970027923584
B_task,3,33,0.8090756457784901,0.0,0.78947085,0.72256196,0.89569026,5.656854629516602,0.11475185304880142,9.767171859741211,0,2.826937675476074
B_task,3,34,0.7945615519648013,0.0,0.77432424,0.71001977,0.88025963,5.656844139099121,0.3854489326477051,13.8333101272583,0,2.852158784866333
B_task,3,35,0.7900966975999915,0.0,0.7699915,0.705541,0.8763667,5.656852722167969,0.383653461933136,14.291598320007324,0,2.842946767807007
B_task,3,36,0.7859085746433424,0.0,0.7652112,0.7014864,0.8726847,5.656820774078369,0.42005500197410583,16.92576026916504,0,2.8322176933288574
B_task,3,37,0.7711889018183169,0.0,0.7520892,0.68949896,0.8569312,5.656843662261963,0.5002133846282959,17.73529052734375,0,2.8303885459899902
B_task,3,38,0.7518465622611668,0.0,0.73369485,0.6717153,0.83721346,5.656852722167969,0.5265451073646545,17.35178565979004,0,2.8330063819885254
B_task,3,39,0.7406561478324558,0.0,0.7249455,0.66233206,0.8245991,5.656847953796387,0.5625817775726318,18.960947036743164,0,2.853041172027588
B_task,3,40,0.7268070552660071,0.0,0.711125,0.6527236,0.80823976,5.656843662261963,0.6413582563400269,19.92094612121582,0,2.808506488800049
B_task,3,41,0.6892718439516814,0.0,0.67246014,0.61904424,0.7693897,5.656846523284912,0.6230182647705078,20.44279670715332,0,2.8154590129852295
B_task,3,42,0.6607786676158076,0.0,0.64254284,0.5938393,0.74022037,5.656846523284912,0.6495341062545776,20.010536193847656,0,2.8146471977233887
B_task,3,43,0.6394961813221807,0.0,0.6240366,0.5763123,0.7176857,5.656846523284912,0.6655927896499634,21.364540100097656,0,2.815845251083374
B_task,3,44,0.6113549522731615,0.0,0.59514517,0.55353206,0.6848928,5.6568474769592285,0.6693333387374878,21.592937469482422,0,2.847271203994751
B_task,3,45,0.5946806202764097,0.0,0.5783776,0.538787,0.6670152,5.656841278076172,0.7001945972442627,21.894845962524414,0,2.8062567710876465
B_task,3,46,0.5760530388873556,0.0,0.5580317,0.5231407,0.647728,5.656844139099121,0.7154445648193359,22.060468673706055,0,2.801039457321167
B_task,3,47,0.5570485488228176,0.0,0.5385953,0.5064173,0.6278695,5.656840801239014,0.7402145862579346,22.514678955078125,0,2.8192832469940186
B_task,3,48,0.5394575284874957,0.0,0.52483743,0.49417832,0.6049974,5.65683650970459,0.7588338851928711,22.745689392089844,0,2.840682029724121
B_task,3,49,0.5321724933126698,0.0,0.51550406,0.48747918,0.5987917,5.6568403244018555,0.7591916918754578,23.15361976623535,0,2.829576253890991
B_task,3,50,0.4996606577997622,0.0,0.48565534,0.4609127,0.5612615,5.656841278076172,0.7724620699882507,23.224979400634766,0,2.8155391216278076
B_task,3,51,0.473558177118716,0.0,0.45920372,0.43891385,0.53275406,5.656838893890381,0.7669967412948608,23.391727447509766,0,2.8101963996887207
B_task,3,52,0.4508399548737899,0.0,0.4396498,0.4210347,0.50611913,5.656839370727539,0.7899363040924072,23.521371841430664,0,2.821547508239746
B_task,3,53,0.4328370716260827,0.0,0.4220888,0.40616545,0.48692355,5.656838417053223,0.7938587665557861,23.785348892211914,0,2.831944465637207
B_task,3,54,0.4216085516888162,0.0,0.40990987,0.39552552,0.47645992,5.656839847564697,0.7927573323249817,23.873830795288086,0,2.8301377296447754
B_task,3,55,0.41546937693720276,0.0,0.4043097,0.39221466,0.46776867,5.65683650970459,0.790387749671936,24.035526275634766,0,2.801508665084839
B_task,3,56,0.39042609670887823,0.0,0.38122198,0.37216786,0.43814722,5.656836032867432,0.8141459226608276,24.100662231445312,0,2.805238962173462
B_task,3,57,0.36410829295282776,0.0,0.35531554,0.34963012,0.40986815,5.656841278076172,0.7956984639167786,24.159549713134766,0,2.8066489696502686
B_task,3,58,0.35600794916567596,0.0,0.34706715,0.34034854,0.40304512,5.656835556030273,0.8208724856376648,24.388683319091797,0,2.851039171218872
B_task,3,59,0.3275130313375722,0.0,0.32043096,0.32019988,0.36760283,5.656835556030273,0.8397528529167175,24.469146728515625,0,2.8164100646972656
B_task,3,60,0.3140699759773586,0.0,0.30723432,0.3081905,0.35337254,5.656838893890381,0.8196017742156982,24.3853759765625,0,2.817343235015869
B_task,3,61,0.31957709270974866,0.0,0.3135488,0.31239504,0.35957494,5.656838417053223,0.8334320783615112,24.539281845092773,0,2.8185975551605225
B_task,3,62,0.3363928172899329,0.0,0.32959044,0.323602,0.383155,5.656835079193115,0.8374664783477783,24.504186630249023,0,2.8320560455322266
B_task,3,63,0.2962040071902068,0.0,0.29145843,0.29313803,0.33436173,5.656835556030273,0.8455594778060913,24.72459602355957,0,2.8423025608062744
B_task,3,64,0.2662788681361986,0.0,0.26254487,0.2665898,0.3013268,5.656837463378906,0.8523061275482178,24.898475646972656,0,2.8016536235809326
B_task,3,65,0.2543957129768703,0.0,0.2521639,0.2579257,0.28636634,5.656835556030273,0.8528819680213928,24.798898696899414,0,2.8011457920074463
B_task,3,66,0.24081020769865616,0.0,0.24040306,0.24605617,0.27031973,5.656836032867432,0.8498555421829224,24.90580177307129,0,2.8127224445343018
B_task,3,67,0.22410434225331183,0.0,0.22508356,0.23263232,0.25045788,5.656833171844482,0.8579157590866089,25.04677391052246,0,2.8445255756378174
B_task,3,68,0.2151189265043839,0.0,0.21670632,0.22426593,0.23985778,5.656832218170166,0.8650791049003601,25.156044006347656,0,2.8354690074920654
B_task,3,69,0.206273659415867,0.0,0.20870414,0.21647276,0.23069645,5.656833648681641,0.864883303642273,25.1809139251709,0,2.811596155166626
B_task,3,70,0.2052840564561927,0.0,0.208525,0.21536969,0.22960821,5.656831741333008,0.8667405843734741,25.132320404052734,0,2.824152946472168
B_task,3,71,0.21984799011893894,0.0,0.22052792,0.2274919,0.2473005,5.656834125518799,0.8677470088005066,25.349029541015625,0,2.816333055496216
B_task,3,72,0.19468680672023608,0.0,0.19872494,0.20685448,0.21732306,5.656834125518799,0.8685006499290466,25.40690803527832,0,2.8316426277160645
B_task,3,73,0.1812617882438328,0.0,0.18654975,0.19458468,0.20230371,5.656832218170166,0.8746963739395142,25.501144409179688,0,2.8231329917907715
B_task,3,74,0.17831675902656888,0.0,0.18450399,0.19241813,0.19753928,5.656828880310059,0.8822345733642578,25.512248992919922,0,2.8247597217559814
B_task,3,75,0.1833956759908925,0.0,0.18828768,0.19676012,0.20467298,5.656833171844482,0.8814444541931152,25.44939422607422,0,2.821270704269409
B_task,3,76,0.19511577357416568,0.0,0.20158185,0.20705038,0.21629496,5.656827926635742,0.8731689453125,25.470754623413086,0,2.8225584030151367
B_task,3,77,0.18926765607750934,0.0,0.19427128,0.20101717,0.21165195,5.656830310821533,0.8760682344436646,25.484167098999023,0,2.8403098583221436
B_task,3,78,0.1918739028598951,0.0,0.19690607,0.20319867,0.21386316,5.656830310821533,0.8799440860748291,25.571792602539062,0,2.808980703353882
B_task,3,79,0.18771254498025644,0.0,0.19517612,0.19970204,0.20868756,5.656828880310059,0.8792622685432434,25.682323455810547,0,2.8234763145446777
B_task,3,80,0.17765832983929178,0.0,0.18506472,0.19076388,0.19731405,5.65683126449585,0.8788553476333618,25.684288024902344,0,2.8115150928497314
B_task,3,81,0.16009021841961404,0.0,0.1688077,0.17621179,0.17634034,5.656828880310059,0.8811962604522705,25.81979751586914,0,2.829868793487549
B_task,3,82,0.14620716675468112,0.0,0.15662916,0.16490233,0.1585916,5.656827926635742,0.8825507164001465,25.862524032592773,0,2.8543245792388916
B_task,3,83,0.13826747562574304,0.0,0.1503133,0.15866758,0.14948252,5.656827926635742,0.8834234476089478,25.87016487121582,0,2.8175501823425293
B_task,3,84,0.13389856918998386,0.0,0.14603941,0.15400945,0.14447829,5.656828880310059,0.8884641528129578,25.930025100708008,0,2.8239657878875732
B_task,3,85,0.12958812713623047,0.0,0.14215219,0.15056661,0.13975754,5.656827926635742,0.8879511952400208,25.874469757080078,0,2.8225696086883545
B_task,3,86,0.1297001838684082,0.0,0.14273216,0.15020055,0.14016727,5.656827449798584,0.891671895980835,25.978553771972656,0,2.8412065505981445
B_task,3,87,0.1314231416453486,0.0,0.14456964,0.15196083,0.14157727,5.656827926635742,0.8864856362342834,25.996057510375977,0,2.8313710689544678
B_task,3,88,0.13023112131201703,0.0,0.14284468,0.15004843,0.14112678,5.656826019287109,0.8891607522964478,26.04965591430664,0,2.814573049545288
B_task,3,89,0.12077337762583858,0.0,0.1347466,0.14219616,0.12968849,5.656826972961426,0.8853821754455566,25.953393936157227,0,2.8004581928253174
B_task,3,90,0.11558141915694527,0.0,0.12989007,0.13763312,0.1236377,5.65682315826416,0.8952896595001221,26.08841323852539,0,2.8227968215942383
B_task,3,91,0.11212071128513502,0.0,0.12672581,0.13495284,0.11906816,5.656824588775635,0.896942138671875,26.15313148498535,0,2.839087963104248
B_task,3,92,0.10823647872261379,0.0,0.123343214,0.13170664,0.11375292,5.656825065612793,0.8963061571121216,26.146766662597656,0,2.8349876403808594
B_task,3,93,0.10928421435148819,0.0,0.12419485,0.13212284,0.11603048,5.656826019287109,0.8967928886413574,26.12566566467285,0,2.810171127319336
B_task,3,94,0.11900212453759235,0.0,0.13434687,0.1400273,0.12767337,5.656822681427002,0.8925991058349609,26.123865127563477,0,2.8257620334625244
B_task,3,95,0.1170876233474068,0.0,0.13146065,0.13800518,0.12560663,5.656824111938477,0.8929687142372131,26.17994499206543,0,2.8202803134918213
B_task,3,96,0.11642847890439241,0.0,0.13165684,0.13801298,0.123633966,5.656818866729736,0.9027441143989563,26.376672744750977,0,2.833169460296631
B_task,3,97,0.1338919556659201,0.0,0.14753307,0.15166567,0.14560825,5.656816482543945,0.8887051343917847,26.265697479248047,0,2.8150012493133545
B_task,3,98,0.12160172669783882,0.0,0.13590974,0.14192277,0.13031115,5.656824111938477,0.890701949596405,26.32575798034668,0,2.812060594558716
B_task,3,99,0.10482464665951936,0.0,0.12038405,0.12756582,0.10991681,5.656818866729736,0.8983609676361084,26.44858741760254,0,2.805541515350342
B_task,3,100,0.09686297955720322,0.0,0.113001205,0.120576106,0.100346215,5.65682315826416,0.8922250270843506,26.454208374023438,0,2.82733154296875
B_task,3,101,0.09230810662974483,0.0,0.10910224,0.11628526,0.09551975,5.6568193435668945,0.8943577408790588,26.454971313476562,0,2.8355417251586914
B_task,3,102,0.08945746007172958,0.0,0.10660887,0.11362001,0.09223011,5.656819820404053,0.8955531716346741,26.49690818786621,0,2.7946057319641113
B_task,3,103,0.08740410597428032,0.0,0.10461102,0.11158788,0.09016296,5.65681791305542,0.8992404341697693,26.57636833190918,0,2.8043577671051025
B_task,3,104,0.0862470761589382,0.0,0.10358204,0.11034366,0.08890213,5.6568193435668945,0.8891038298606873,26.440906524658203,0,2.820817232131958
B_task,3,105,0.08402420126873514,0.0,0.10123677,0.10793598,0.08679628,5.656818866729736,0.9012419581413269,26.574859619140625,0,2.8266568183898926
B_task,3,106,0.08213005376898724,0.0,0.09954653,0.10628101,0.08406445,5.656818389892578,0.8980979919433594,26.57470703125,0,2.824896812438965
B_task,3,107,0.08007346028866975,0.0,0.09749293,0.10373867,0.08277013,5.6568169593811035,0.8989462852478027,26.578401565551758,0,2.805344343185425
B_task,3,108,0.07816934585571289,0.0,0.0955101,0.10193064,0.08050836,5.6568193435668945,0.8987815380096436,26.586641311645508,0,2.810553550720215
B_task,3,109,0.07687364453854768,0.0,0.094346404,0.10052108,0.07927984,5.6568169593811035,0.8996651768684387,26.660308837890625,0,2.7986326217651367
B_task,3,110,0.07520085314045781,0.0,0.09233161,0.09885392,0.0771009,5.6568193435668945,0.9011718034744263,26.593202590942383,0,2.8306925296783447
B_task,3,111,0.07366702867590863,0.0,0.09117184,0.09730659,0.07573578,5.656815528869629,0.8969533443450928,26.681638717651367,0,2.816659450531006
B_task,3,112,0.07310457851575769,0.0,0.090568565,0.09611162,0.07559081,5.656815052032471,0.8997175693511963,26.711641311645508,0,2.8063504695892334
B_task,3,113,0.07156288105508556,0.0,0.08916306,0.094951786,0.073672816,5.656813621520996,0.8998019695281982,26.78009033203125,0,2.797001838684082
B_task,3,114,0.07185445661130159,0.0,0.089161396,0.094894744,0.07424434,5.656811714172363,0.901496171951294,26.76879119873047,0,2.8118810653686523
B_task,3,115,0.07057183203489883,0.0,0.08763307,0.09344162,0.07289692,5.656813144683838,0.9005213975906372,26.797883987426758,0,2.8384416103363037
B_task,3,116,0.06937513662421185,0.0,0.08648587,0.09228608,0.07125001,5.656811237335205,0.9017831087112427,26.85120964050293,0,2.798210620880127
B_task,3,117,0.11290267239446225,0.0,0.12703136,0.1277601,0.12372504,5.656796932220459,0.895801305770874,26.899497985839844,0,2.8093085289001465
B_task,3,118,0.3472301856331203,0.0,0.34649158,0.3230954,0.3967197,5.6568284034729,0.8659418821334839,26.12623405456543,0,2.7927749156951904
B_task,3,119,0.2519098364788553,0.0,0.25564986,0.24580622,0.28606585,5.65682315826416,0.8835967183113098,26.58952522277832,0,2.818709135055542
B_task,3,120,0.1335110560707424,0.0,0.14630823,0.14837357,0.14628646,5.656822204589844,0.8875073194503784,26.73754119873047,0,2.836273193359375
C_scene,3,1,1.0207390163255774,0.08077986862348474,1.0042735,0.9016155,1.1417447,5.656842231750488,0.005779201164841652,20.648418426513672,0,2.8729963302612305
C_scene,3,2,1.0072315879490064,0.07129498150037683,0.9832814,0.8775827,1.1371286,5.656843185424805,0.0060359034687280655,20.190385818481445,0,2.8653783798217773
C_scene,3,3,1.0064382138459578,0.07114909006201703,0.97825557,0.8713362,1.139909,5.656842231750488,0.008291542530059814,19.080821990966797,0,2.872549533843994
C_scene,3,4,1.0068776503853176,0.07021460325821587,0.9811848,0.87291473,1.1380409,5.656683921813965,0.10026250779628754,14.78531265258789,0,2.8905770778656006
C_scene,3,5,1.0052180082901665,0.04357867655546769,0.9791183,0.87078935,1.1366402,5.656135559082031,0.4152396321296692,16.927457809448242,0,2.871447801589966
C_scene,3,6,0.9982620736827021,0.026006851507269817,0.97419834,0.8642713,1.1299598,5.656250953674316,0.5066627860069275,18.623483657836914,0,2.846344470977783
C_scene,3,7,0.967421407284944,0.020784023015395454,0.94626844,0.845155,1.0903099,5.655889987945557,0.556921660900116,20.206756591796875,0,2.8461549282073975
C_scene,3,8,0.9272532255753226,0.017541969599931137,0.9123533,0.81829196,1.0376246,5.6558661460876465,0.4970850944519043,21.0643310546875,0,2.832775592803955
C_scene,3,9,0.8960640119469684,0.016247943691585377,0.881269,0.7943534,0.99971956,5.656391620635986,0.5205862522125244,21.175073623657227,0,2.8718063831329346
C_scene,3,10,0.880894951198412,0.01546532822691876,0.865354,0.78221333,0.9820543,5.656017780303955,0.5551864504814148,22.163311004638672,0,2.8470895290374756
C_scene,3,11,0.8690902046535326,0.015123141848522684,0.8533444,0.7726775,0.9703799,5.655899524688721,0.5818437337875366,22.8500919342041,0,2.841869592666626
C_scene,3,12,0.8389151200004246,0.015498767728390902,0.8209818,0.7461717,0.9364066,5.655673503875732,0.7116187810897827,23.079116821289062,0,2.8496928215026855
C_scene,3,13,0.8270652605139691,0.018704747376234634,0.810397,0.7370131,0.92286336,5.655904293060303,0.7550277709960938,23.324363708496094,0,2.8515915870666504
C_scene,3,14,0.7867957405422045,0.017536305862924328,0.7706173,0.7031183,0.8779812,5.655062198638916,0.779533863067627,24.373319625854492,0,2.8705947399139404
C_scene,3,15,0.7548761782438859,0.019938967798067177,0.73889184,0.6770283,0.8420713,5.655818462371826,0.8361912965774536,24.703475952148438,0,2.843221426010132
C_scene,3,16,0.6940344105596128,0.020157755716987278,0.6774843,0.6248978,0.7761168,5.653810977935791,0.8810206651687622,25.29559898376465,0,2.8247451782226562
C_scene,3,17,0.6305918071580969,0.020813848661339802,0.6153841,0.572251,0.7061547,5.6515374183654785,0.9157840013504028,26.05209732055664,0,2.835472345352173
C_scene,3,18,0.5611404336017111,0.022931757180587105,0.54461247,0.51244503,0.63214445,5.651482582092285,0.9154605865478516,26.377918243408203,0,2.846937656402588
C_scene,3,19,0.4774244971897291,0.022054635960122814,0.4647761,0.44486228,0.53587073,5.651575088500977,0.9212985038757324,26.82493782043457,0,2.850320816040039
C_scene,3,20,0.41217190286387567,0.022380608579386837,0.4020571,0.39038178,0.46385533,5.651448726654053,0.9282108545303345,27.068653106689453,0,2.833761692047119
C_scene,3,21,0.35206657907237177,0.02223931188168733,0.3482156,0.3383175,0.39731628,5.653128147125244,0.9231242537498474,27.060503005981445,0,2.829965353012085
C_scene,3,22,0.31203628622967267,0.021737688261529674,0.3113593,0.30421895,0.352213,5.648432731628418,0.9390586614608765,27.331989288330078,0,2.8330535888671875
C_scene,3,23,0.2821652992911961,0.021427159724028214,0.28422016,0.27889383,0.31888857,5.651020526885986,0.9397268295288086,27.365203857421875,0,2.857041597366333
C_scene,3,24,0.24826785792475162,0.020838390225949494,0.25443333,0.24997939,0.2799534,5.65079927444458,0.9299335479736328,27.549169540405273,0,2.859992742538452
C_scene,3,25,0.22156904054724652,0.02055575147919033,0.23022188,0.22751014,0.24853502,5.6507344245910645,0.9196563959121704,27.630569458007812,0,2.832026243209839
C_scene,3,26,0.20677193351413892,0.020268107238023178,0.21770594,0.215211,0.23173209,5.650949478149414,0.9268324375152588,27.758546829223633,0,2.826249361038208
C_scene,3,27,0.18750802330348804,0.01997693206952966,0.20025402,0.19900465,0.20897694,5.650110244750977,0.9337019920349121,27.866806030273438,0,2.8271429538726807
C_scene,3,28,0.18011487048605215,0.019661684399065765,0.19216467,0.19176558,0.20146248,5.650554656982422,0.9296201467514038,27.95441246032715,0,2.8554329872131348
C_scene,3,29,0.168192894562431,0.01933991261150526,0.18260798,0.18182038,0.18700936,5.651010990142822,0.9337592124938965,27.9454345703125,0,2.8473243713378906
C_scene,3,30,0.1596413176992665,0.019069074288658474,0.1743866,0.17407688,0.17725429,5.651410102844238,0.9282850623130798,28.01186752319336,0,2.8317222595214844
C_scene,3,31,0.14934305522752844,0.018659898768300594,0.16532387,0.16518007,0.16500844,5.651132583618164,0.9309363961219788,28.123172760009766,0,2.8260161876678467
C_scene,3,32,0.14022534826527472,0.01855877171392026,0.15572141,0.15779154,0.15345381,5.651412010192871,0.9340307116508484,28.08100128173828,0,2.848270893096924
C_scene,3,33,0.13266256581182065,0.018115362395410953,0.14941828,0.15081336,0.14517902,5.651246547698975,0.9272392392158508,28.281129837036133,0,2.8686840534210205
C_scene,3,34,0.13007852305536685,0.017820176870926567,0.14679961,0.14794369,0.14289619,5.652203559875488,0.9265536069869995,28.241785049438477,0,2.8312416076660156
C_scene,3,35,0.12700333802596384,0.01763658290324004,0.14344874,0.14581178,0.13806595,5.651898384094238,0.9269484281539917,28.275554656982422,0,2.8460426330566406
C_scene,3,36,0.11827822353528894,0.01740077397097712,0.13628213,0.13769941,0.12827806,5.6519598960876465,0.9248252511024475,28.294160842895508,0,2.845543622970581
C_scene,3,37,0.11473748994910199,0.017116708600002785,0.13202704,0.13482209,0.12356753,5.6514153480529785,0.9266483187675476,28.44565200805664,0,2.8525843620300293
C_scene,3,38,0.11224243951880414,0.016929433397624805,0.12917903,0.13215204,0.120494306,5.65158224105835,0.9330639839172363,28.392881393432617,0,2.85752534866333
C_scene,3,39,0.10832769974418309,0.01661766352860824,0.12507764,0.12803496,0.116516605,5.651876926422119,0.9356060028076172,28.41636848449707,0,2.8454155921936035
C_scene,3,40,0.10350774682086447,0.01650136709213257,0.12070568,0.12391109,0.11083722,5.652128219604492,0.925534188747406,28.48826026916504,0,2.838400363922119
C_scene,3,41,0.09690477537072223,0.016189082809116528,0.11475427,0.11772206,0.10280908,5.6516432762146,0.9321978092193604,28.467145919799805,0,2.830066680908203
C_scene,3,42,0.09353148418924083,0.016075666831887287,0.11112601,0.114258625,0.09928349,5.651727676391602,0.9255021214485168,28.524505615234375,0,2.867922067642212
C_scene,3,43,0.08896743732949962,0.015798301800437595,0.10654351,0.10930538,0.094562024,5.651901721954346,0.9233126044273376,28.592378616333008,0,2.8604726791381836
C_scene,3,44,0.08667415639628535,0.015658859325491863,0.103640586,0.107422195,0.091284715,5.65190315246582,0.9269735813140869,28.60220718383789,0,2.8532872200012207
C_scene,3,45,0.08482764078223187,0.015390546425529148,0.10197795,0.10470244,0.090144046,5.651747703552246,0.9300206899642944,28.617794036865234,0,2.8417727947235107
C_scene,3,46,0.096980561380801,0.015658955211224762,0.11249639,0.114813134,0.104768015,5.651945114135742,0.9283209443092346,28.645160675048828,0,2.8508341312408447
C_scene,3,47,0.09377473333607549,0.015710969334063324,0.1105637,0.11222318,0.10073622,5.652675628662109,0.9275673627853394,28.614110946655273,0,2.8674120903015137
C_scene,3,48,0.0891613649285358,0.0153975292392399,0.105854854,0.107966356,0.094477914,5.652112007141113,0.9286687970161438,28.684518814086914,0,2.8452134132385254
C_scene,3,49,0.08138443594393523,0.015118946199831755,0.098271824,0.10041775,0.08582989,5.652255535125732,0.9261960387229919,28.66808319091797,0,2.8306334018707275
C_scene,3,50,0.07634931543599004,0.01501188330028368,0.093150154,0.09569104,0.08040159,5.652571678161621,0.9297538995742798,28.648733139038086,0,2.8309764862060547
C_scene,3,51,0.0696203034857045,0.014713989651721457,0.086976066,0.08889296,0.07306828,5.652521133422852,0.9235445857048035,28.694198608398438,0,2.8432705402374268
C_scene,3,52,0.06448165748430335,0.014486452807550844,0.081201054,0.08322384,0.06781771,5.652822971343994,0.9227070808410645,28.70053482055664,0,2.871140480041504
C_scene,3,53,0.06213573269222094,0.014253565798635069,0.07845337,0.08067396,0.06581817,5.652698993682861,0.9222168922424316,28.729280471801758,0,2.831127166748047
C_scene,3,54,0.06073803487031356,0.014081983462623928,0.07669729,0.078473,0.06481756,5.65293550491333,0.9256693124771118,28.71398162841797,0,2.846508741378784
C_scene,3,55,0.05635222663050112,0.013855566149172575,0.07197728,0.074090675,0.059937395,5.6531267166137695,0.9224833846092224,28.774044036865234,0,2.840540885925293
C_scene,3,56,0.05405475782311481,0.013652218424755594,0.06957033,0.07119872,0.05834371,5.65298318862915,0.9220471978187561,28.794748306274414,0,2.863114356994629
C_scene,3,57,0.053687095642089844,0.013555661491725756,0.06893216,0.07021813,0.057893116,5.6531524658203125,0.9249696135520935,28.7911434173584,0,2.8543496131896973
C_scene,3,58,0.054608184358348015,0.013408397850782974,0.06954139,0.07056435,0.059285417,5.65323543548584,0.9238181710243225,28.777664184570312,0,2.8456218242645264
C_scene,3,59,0.054258724917536194,0.01339059679404549,0.06897719,0.06969516,0.059215304,5.653241157531738,0.9232172966003418,28.78999137878418,0,2.851069927215576
C_scene,3,60,0.05910027027130127,0.01340535283088684,0.07286186,0.07343777,0.06508609,5.653218746185303,0.9244575500488281,28.787429809570312,0,2.838101863861084
C_scene,3,61,0.05614741988804029,0.013291301934615425,0.07004909,0.07117141,0.060666293,5.653255462646484,0.9209116697311401,28.77335548400879,0,2.870797634124756
C_scene,3,62,0.04984036217565122,0.01312005649442258,0.06381008,0.0646944,0.054641712,5.653359889984131,0.9182305335998535,28.794048309326172,0,2.844907522201538
C_scene,3,63,0.04621406741764234,0.012795071239056795,0.060012974,0.06113264,0.049868505,5.653378009796143,0.92389315366745,28.87969207763672,0,2.847846031188965
C_scene,3,64,0.044771821602531105,0.012713462114334106,0.058284197,0.058994353,0.049362693,5.653606414794922,0.9145199656486511,28.8275203704834,0,2.8369815349578857
C_scene,3,65,0.04451249993365744,0.012547007073526796,0.057796493,0.05834472,0.049344484,5.653664588928223,0.917125403881073,28.83297348022461,0,2.852717161178589
C_scene,3,66,0.043023259743400245,0.012380965377973474,0.056022804,0.056277603,0.048153106,5.653656482696533,0.9191332459449768,28.828750610351562,0,2.8778934478759766
C_scene,3,67,0.040867263856141464,0.012253461972526882,0.05369467,0.053893182,0.045728922,5.653713226318359,0.9174057245254517,28.833396911621094,0,2.841205358505249
C_scene,3,68,0.04030366565870202,0.012146171020424885,0.05283933,0.052746665,0.04549624,5.653567790985107,0.9163248538970947,28.901018142700195,0,2.836782932281494
C_scene,3,69,0.03979939481486445,0.012094456216563349,0.052220445,0.05231985,0.04492622,5.653769016265869,0.9212992787361145,28.899763107299805,0,2.84120774269104
C_scene,3,70,0.03773205954095592,0.011833209058512812,0.049850088,0.050044943,0.04245419,5.653969764709473,0.9192212820053101,28.844186782836914,0,2.860297679901123
C_scene,3,71,0.03631587909615558,0.011687387590822966,0.048343167,0.048448283,0.041261967,5.654047966003418,0.9160783290863037,28.829130172729492,0,2.896923303604126
C_scene,3,72,0.035651100718456764,0.01160173053326814,0.047465645,0.047651146,0.040172964,5.654007911682129,0.9131337404251099,28.88459587097168,0,2.851792573928833
C_scene,3,73,0.034460347631703254,0.011468131905016691,0.045538977,0.045760084,0.039604746,5.6539177894592285,0.9140453338623047,28.904438018798828,0,2.8444273471832275
C_scene,3,74,0.03360164683798085,0.011428588110467663,0.04482269,0.044687018,0.038372453,5.6539812088012695,0.919113278388977,28.854915618896484,0,2.8522555828094482
C_scene,3,75,0.033412858195926834,0.011302314374757849,0.044275295,0.043985568,0.038645748,5.653952121734619,0.9184880256652832,28.894161224365234,0,2.874021530151367
C_scene,3,76,0.03194868564605713,0.011146261640216993,0.042957664,0.04269514,0.036606446,5.653982639312744,0.9164894819259644,28.959136962890625,0,2.856020212173462
C_scene,3,77,0.03208083691804305,0.011081801808398703,0.04271202,0.042244356,0.037358843,5.6541852951049805,0.9172893762588501,28.909128189086914,0,2.8427133560180664
C_scene,3,78,0.03540265819300776,0.011154178691946941,0.045673277,0.045131974,0.041178606,5.654157638549805,0.9139503240585327,28.974302291870117,0,2.8438141345977783
C_scene,3,79,0.0451681665752245,0.011431320853855299,0.05565696,0.053952612,0.052815095,5.653514862060547,0.9390418529510498,28.995311737060547,0,2.8546624183654785
C_scene,3,80,0.1941993754843007,0.0147963619750479,0.20076945,0.18383802,0.2245922,5.6537251472473145,0.9225082397460938,28.68177032470703,0,2.8771684169769287
C_scene,3,81,0.2526049406632133,0.01718980462654777,0.25726607,0.24075723,0.28627095,5.6532769203186035,0.9337141513824463,28.54668426513672,0,2.8509888648986816
C_scene,3,82,0.14881669956704843,0.016160427228264187,0.16178983,0.1559519,0.16056743,5.654481887817383,0.9365152716636658,28.661426544189453,0,2.847844362258911
C_scene,3,83,0.09947786123856255,0.01538819204206052,0.11123048,0.109323025,0.10792061,5.655014514923096,0.9291205406188965,28.662246704101562,0,2.848365545272827
C_scene,3,84,0.06012781806614088,0.013916995214379353,0.07305143,0.07227584,0.06404924,5.654956340789795,0.9237005710601807,28.7652645111084,0,2.8494861125946045
C_scene,3,85,0.04731503258580747,0.013254569924396017,0.060147088,0.059883986,0.05048299,5.65506649017334,0.9268651604652405,28.777664184570312,0,2.8911333084106445
C_scene,3,86,0.04050769235776818,0.012785863617192144,0.053128123,0.052635677,0.043760896,5.655088424682617,0.9223312139511108,28.793506622314453,0,2.8322019577026367
C_scene,3,87,0.035892929719841996,0.012424830509268719,0.04835378,0.048170727,0.039054062,5.6551618576049805,0.920330286026001,28.827686309814453,0,2.8546886444091797
C_scene,3,88,0.03303232400313667,0.012172040732010551,0.04495153,0.04456448,0.03639685,5.655294895172119,0.9191734194755554,28.814456939697266,0,2.843381881713867
C_scene,3,89,0.03119993728140126,0.011882228695827982,0.04272987,0.04258797,0.03459605,5.655322551727295,0.9137065410614014,28.819019317626953,0,2.8645389080047607
C_scene,3,90,0.02947020789851313,0.011748808881510859,0.040812813,0.04029579,0.03323783,5.655255317687988,0.9172558188438416,28.852832794189453,0,2.877241373062134
C_scene,3,91,0.02797124955965125,0.011510473230610723,0.039202236,0.038767107,0.03160214,5.655309200286865,0.9168554544448853,28.8331298828125,0,2.8425278663635254
C_scene,3,92,0.02695217339888863,0.011358429556307585,0.037799783,0.03748845,0.030795202,5.655338764190674,0.9159502983093262,28.857818603515625,0,2.848470687866211
C_scene,3,93,0.026132306326990543,0.011215260495310244,0.036952812,0.036607735,0.02981059,5.655377388000488,0.9136576056480408,28.85758399963379,0,2.848468065261841
C_scene,3,94,0.025083544461623482,0.01106587959372479,0.035626,0.035153437,0.028951287,5.655393123626709,0.914091944694519,28.881704330444336,0,2.8845789432525635
C_scene,3,95,0.024211069811945377,0.010894774094871853,0.0346501,0.034201376,0.028105032,5.655398845672607,0.9157122373580933,28.872684478759766,0,2.8709216117858887
C_scene,3,96,0.023683485777481743,0.0108173580273338,0.034044117,0.033601616,0.027466075,5.655483245849609,0.9133736491203308,28.850622177124023,0,2.840526580810547
C_scene,3,97,0.023709406023440155,0.01066465481467869,0.033731386,0.033182364,0.027651267,5.655417442321777,0.9139277935028076,28.889415740966797,0,2.8481826782226562
C_scene,3,98,0.02275614634804104,0.01053907819416212,0.03270296,0.032198,0.026807936,5.65548038482666,0.9116064310073853,28.858314514160156,0,2.8505828380584717
C_scene,3,99,0.02209072786828746,0.010449590242427328,0.031738684,0.03124687,0.026082423,5.6555047035217285,0.9138267040252686,28.86820411682129,0,2.888864517211914
C_scene,3,100,0.02204677333002505,0.010330748946770378,0.03149046,0.031030884,0.026226081,5.655508518218994,0.9134984016418457,28.861583709716797,0,2.851976156234741
C_scene,3,101,0.022380631902943485,0.010247886180877686,0.03191966,0.03139399,0.026408922,5.655529975891113,0.9111882448196411,28.88451385498047,0,2.8447484970092773
C_scene,3,102,0.02185734976892886,0.010162775931151016,0.030953705,0.030483343,0.0260839,5.655511856079102,0.9123275876045227,28.860240936279297,0,2.8495395183563232
C_scene,3,103,0.021288039891616158,0.010093173902967701,0.030430118,0.029906802,0.02517655,5.655562400817871,0.9115641117095947,28.8837833404541,0,2.8633193969726562
C_scene,3,104,0.020548232223676598,0.010021112535310827,0.029633706,0.029070398,0.02471935,5.655632972717285,0.9091936349868774,28.848098754882812,0,2.890056848526001
C_scene,3,105,0.02056187780007072,0.009869544402412746,0.029290713,0.028886165,0.02476728,5.655556678771973,0.9126275777816772,28.882143020629883,0,2.8480613231658936
C_scene,3,106,0.020199460827785988,0.009811231623525206,0.028901815,0.028342243,0.024385775,5.6556267738342285,0.9089773893356323,28.877227783203125,0,2.8325939178466797
C_scene,3,107,0.0203201615292093,0.009740002777265467,0.029065222,0.028313484,0.024560902,5.655594348907471,0.9124377965927124,28.88726043701172,0,2.840641498565674
C_scene,3,108,0.02029072720071544,0.009675039545349453,0.028667059,0.027985994,0.024754697,5.655588150024414,0.9112457036972046,28.911163330078125,0,2.8597915172576904
C_scene,3,109,0.019989955684413082,0.00963847209577975,0.028409835,0.028021416,0.023709148,5.65565824508667,0.9099677801132202,28.90125846862793,0,2.8634493350982666
C_scene,3,110,0.019575330226317696,0.009537965059280396,0.027905423,0.02733113,0.02383327,5.655595779418945,0.9126473665237427,28.902935028076172,0,2.829007863998413
C_scene,3,111,0.020031995099523792,0.009456087065779644,0.028400308,0.027615758,0.024131782,5.655648231506348,0.9136092066764832,28.860715866088867,0,2.823188066482544
C_scene,3,112,0.01950505635012751,0.009412564661191858,0.027447216,0.02674143,0.023797112,5.655685901641846,0.9124733805656433,28.893383026123047,0,2.8437674045562744
C_scene,3,113,0.019169007954390152,0.009339600153591322,0.027121441,0.026563477,0.023321215,5.655672550201416,0.9108350872993469,28.913631439208984,0,2.8819117546081543
C_scene,3,114,0.019131876852201378,0.009267866611480713,0.027126137,0.02627364,0.023330541,5.655720233917236,0.9093996286392212,28.877531051635742,0,2.8535070419311523
C_scene,3,115,0.018927075292753136,0.009212522403053616,0.026561517,0.025947656,0.023237903,5.655725479125977,0.9105024337768555,28.878385543823242,0,2.833744525909424
C_scene,3,116,0.018482997365619824,0.009146863999574081,0.026307788,0.02577575,0.022262871,5.655683517456055,0.9104799032211304,28.916250228881836,0,2.8277194499969482
C_scene,3,117,0.01841793241708175,0.009080160571181255,0.02588238,0.025206408,0.022728931,5.655727863311768,0.9090566635131836,28.924449920654297,0,2.8429031372070312
C_scene,3,118,0.018579095602035522,0.00902240690977677,0.026130874,0.02535455,0.022776285,5.6557722091674805,0.9113696217536926,28.85799789428711,0,2.8647446632385254
C_scene,3,119,0.018305594506471054,0.008979875108470087,0.02573263,0.0250541,0.022395968,5.655713081359863,0.9133590459823608,28.900541305541992,0,2.835507869720459
C_scene,3,120,0.01793980209723763,0.008911697112995646,0.02529819,0.024672387,0.0219007,5.655704498291016,0.9121485948562622,28.914878845214844,0,2.8302061557769775
D_latent,3,1,1.0230509716531504,0.20701804368392282,1.0066988,0.9043161,1.1430279,5.656842231750488,0.04437139630317688,6.051473140716553,0,3.6393039226531982
D_latent,3,2,1.0092867975649626,0.005106175075406613,0.9862652,0.8804069,1.1379682,5.656837463378906,0.22607025504112244,2.4563679695129395,0,3.678499698638916
D_latent,3,3,1.0085163945737092,0.0037722334913585496,0.9813318,0.875398,1.1406214,5.6568403244018555,0.3158572316169739,2.307661771774292,0,3.6310009956359863
D_latent,3,4,1.0083880217179009,0.0032175089354100433,0.9824738,0.875459,1.1392084,5.656842231750488,0.4187164306640625,2.253208637237549,0,3.620393991470337
D_latent,3,5,1.0078358028246008,0.0029436142548270846,0.9817578,0.8739189,1.1392825,5.6568474769592285,0.3924141824245453,2.2817513942718506,0,3.6306190490722656
D_latent,3,6,1.004573158595873,0.0019934679503026214,0.97715145,0.86892563,1.1377203,5.656848430633545,0.3306235373020172,2.3843328952789307,0,3.6412785053253174
D_latent,3,7,1.0089884218962297,0.001866228716528934,0.9823962,0.8738471,1.1419423,5.656847953796387,0.41354459524154663,2.5609805583953857,0,3.627802610397339
D_latent,3,8,1.0016675202742866,0.00193662795683612,0.97540337,0.86562383,1.135027,5.656849384307861,0.35969698429107666,2.7652556896209717,0,3.623250722885132
D_latent,3,9,1.0040123151696247,0.0017913362902143726,0.9779504,0.86905897,1.136916,5.656848430633545,0.38408440351486206,3.0178492069244385,0,3.662055492401123
D_latent,3,10,1.0026395217232082,0.001722965551459271,0.97550327,0.86588246,1.1362642,5.656848430633545,0.39067888259887695,3.3959133625030518,0,3.6451473236083984
D_latent,3,11,1.0053978795590608,0.002875731043193651,0.9785257,0.8702639,1.1381193,5.656849384307861,0.3780617117881775,3.6384987831115723,0,3.610816240310669
D_latent,3,12,0.9909662993057914,0.0020777490799841676,0.96426076,0.85761976,1.1242855,5.656848430633545,0.4331822991371155,3.7127389907836914,0,3.625795364379883
D_latent,3,13,0.9742879452912704,0.005972106819567473,0.9516091,0.8492234,1.098522,5.656850337982178,0.41376399993896484,3.6389071941375732,0,3.6558380126953125
D_latent,3,14,0.943470167077106,0.003951617881007816,0.92240226,0.83027387,1.0565623,5.656851291656494,0.37660571932792664,3.8018698692321777,0,3.624290943145752
D_latent,3,15,0.9320993838102921,0.002619331621605417,0.91380936,0.82514787,1.0393364,5.656851291656494,0.40329819917678833,3.861257553100586,0,3.62206768989563
D_latent,3,16,0.9087210945461107,0.0032237596485925756,0.8851036,0.8042364,1.0142666,5.656852722167969,0.3534165620803833,4.036755084991455,0,3.6193082332611084
D_latent,3,17,0.8981570368227751,0.0033336942610533342,0.88235325,0.7976663,1.0011859,5.656852722167969,0.2929983139038086,4.117214679718018,0,3.644719362258911
D_latent,3,18,0.8835977471393087,0.004091709852218628,0.8624515,0.7833784,0.9866507,5.656852722167969,0.34279555082321167,4.207312107086182,0,3.6178953647613525
D_latent,3,19,0.8683921150539232,0.00294499423192895,0.8480744,0.7703583,0.9684151,5.656852722167969,0.34610965847969055,4.387198448181152,0,3.6252408027648926
D_latent,3,20,0.8677572996720023,0.004081741299318231,0.84981,0.7722246,0.96403414,5.656853675842285,0.33595162630081177,4.246826648712158,0,3.6433448791503906
D_latent,3,21,0.8542159536610479,0.004450152425662331,0.8328943,0.76014286,0.949221,5.656853675842285,0.34837156534194946,4.476683616638184,0,3.628541946411133
D_latent,3,22,0.8584735704504926,0.00350985999988473,0.83753246,0.7637284,0.9539704,5.656853675842285,0.3600289225578308,4.5668792724609375,0,3.61376690864563
D_latent,3,23,0.8444769486137058,0.0034568154293557873,0.82210374,0.7511187,0.9383214,5.656853675842285,0.4165140390396118,4.737869739532471,0,3.613299608230591
D_latent,3,24,0.8382836217465608,0.003981218713781108,0.81638455,0.7462368,0.9309641,5.656853675842285,0.39789748191833496,4.772010326385498,0,3.6391167640686035
D_latent,3,25,0.8415999205216117,0.00672081242436948,0.82387686,0.7504402,0.9329711,5.656853675842285,0.4165962338447571,4.7634806632995605,0,3.625126361846924
D_latent,3,26,0.8319949274477751,0.004353472720021787,0.8120236,0.7421196,0.9231332,5.656853675842285,0.3864302635192871,4.931379795074463,0,3.6099979877471924
D_latent,3,27,0.825642378433891,0.004959387947683749,0.80552715,0.7363145,0.9156044,5.656853675842285,0.4228837788105011,5.1084818840026855,0,3.6003379821777344
D_latent,3,28,0.8212520765221637,0.00567677422710087,0.79932714,0.73060143,0.9125292,5.656853675842285,0.44279417395591736,5.065558910369873,0,3.641916513442993
D_latent,3,29,0.816212446793266,0.006586939096450806,0.79565597,0.72986454,0.9035808,5.656853675842285,0.4500020146369934,5.074832916259766,0,3.590289354324341
D_latent,3,30,0.8203590227210004,0.007393416503201361,0.80234945,0.7327269,0.9088222,5.656853675842285,0.4456491470336914,5.301352500915527,0,3.6008787155151367
D_latent,3,31,0.8082560663637908,0.007249679254448932,0.789334,0.72148144,0.8955108,5.656853675842285,0.4646201729774475,5.319148063659668,0,3.612917900085449
D_latent,3,32,0.805321569028108,0.008034058239149012,0.78728944,0.71978223,0.8913014,5.656853675842285,0.4677860736846924,5.618802547454834,0,3.6212451457977295
D_latent,3,33,0.805423819500467,0.008242943364640942,0.786799,0.7192402,0.89226526,5.656853675842285,0.4867165684700012,5.786906719207764,0,3.598222017288208
D_latent,3,34,0.7974579023278278,0.01091444881066032,0.77933115,0.7144127,0.8816185,5.656854629516602,0.4692964553833008,5.679165363311768,0,3.5934696197509766
D_latent,3,35,0.7939880205237347,0.010216768021168917,0.775472,0.7120401,0.8773009,5.656854629516602,0.5091386437416077,5.966347694396973,0,3.6166396141052246
D_latent,3,36,0.795750908229662,0.010900019303612087,0.7792112,0.71313876,0.87973356,5.656854629516602,0.4881644546985626,6.217916011810303,0,3.5946593284606934
D_latent,3,37,0.7933148923127548,0.009575771896735481,0.77665305,0.7108421,0.87770134,5.656854629516602,0.5193200707435608,6.5610857009887695,0,3.5987303256988525
D_latent,3,38,0.7781939299210258,0.008596812901289566,0.76115376,0.69778717,0.86105835,5.656854152679443,0.5124839544296265,6.735130786895752,0,3.592482566833496
D_latent,3,39,0.7803278384001359,0.012725875429485155,0.7640537,0.7000896,0.86229765,5.656853675842285,0.5198788642883301,6.914556503295898,0,3.6181812286376953
D_latent,3,40,0.7761883113695227,0.012102843626685764,0.75983006,0.6970683,0.85795635,5.656853675842285,0.517203688621521,7.062559604644775,0,3.600719690322876
D_latent,3,41,0.7672775931980299,0.011081505080927973,0.75098735,0.69140035,0.846024,5.656854629516602,0.48742878437042236,7.234463691711426,0,3.585623025894165
D_latent,3,42,0.7594773665718411,0.013811406881912895,0.74505126,0.6835501,0.8393906,5.656854152679443,0.5439097285270691,7.604576110839844,0,3.599088191986084
D_latent,3,43,0.7569969840671705,0.014872893043186354,0.74259436,0.68060064,0.83745086,5.656854629516602,0.506325364112854,7.9514079093933105,0,3.6388680934906006
D_latent,3,44,0.754778240038001,0.016012616779493248,0.7410231,0.68040544,0.8325149,5.656854629516602,0.5093700289726257,7.985144138336182,0,3.597540855407715
D_latent,3,45,0.7443442137345023,0.01322332931601483,0.7309131,0.67104936,0.8223044,5.656853675842285,0.5306905508041382,8.274032592773438,0,3.59421706199646
D_latent,3,46,0.7344415913457456,0.01582440215608348,0.7211081,0.6647538,0.8100508,5.656853675842285,0.5442646145820618,8.77482795715332,0,3.6040799617767334
D_latent,3,47,0.7460215195365574,0.022375236386838165,0.73382634,0.6735286,0.8227681,5.656853675842285,0.5570081472396851,8.660409927368164,0,3.6112987995147705
D_latent,3,48,0.719139928403108,0.020443968150926674,0.7054062,0.6511797,0.7937302,5.656853675842285,0.5706851482391357,8.988729476928711,0,3.596656322479248
D_latent,3,49,0.7177280757738196,0.026245674361353336,0.7078495,0.6507179,0.7911353,5.656853675842285,0.5751729607582092,9.18088436126709,0,3.589116334915161
D_latent,3,50,0.7151997607687245,0.025462985038757324,0.7020246,0.64895064,0.7877337,5.656853675842285,0.5688631534576416,9.655657768249512,0,3.617227792739868
D_latent,3,51,0.699074703714122,0.025770633117012356,0.68670505,0.6355347,0.77010596,5.656853675842285,0.5653415322303772,10.344938278198242,0,3.595430374145508
D_latent,3,52,0.6883472359698751,0.02630227285882701,0.6790927,0.62715757,0.75730366,5.656853675842285,0.5931631326675415,10.4818696975708,0,3.589662551879883
D_latent,3,53,0.6765373478765073,0.030861999677575153,0.664639,0.61839795,0.7438233,5.656853675842285,0.5854294300079346,11.033371925354004,0,3.5923213958740234
D_latent,3,54,0.6781037372091542,0.03205449684806492,0.6688103,0.61856306,0.7460511,5.656853675842285,0.5990481376647949,11.61816120147705,0,3.6316051483154297
D_latent,3,55,0.6499291710231615,0.037735495878302536,0.6378289,0.5963397,0.713704,5.656853675842285,0.5899450182914734,12.089868545532227,0,3.5749289989471436
D_latent,3,56,0.64111502274223,0.04456702522609545,0.63039184,0.59108025,0.70257443,5.656853675842285,0.619383692741394,12.203075408935547,0,3.591984987258911
D_latent,3,57,0.634777193484099,0.04257114037223484,0.6240136,0.5833699,0.6981165,5.656853675842285,0.6312497854232788,12.576552391052246,0,3.5994455814361572
D_latent,3,58,0.6177264918451724,0.045310326244520104,0.60990435,0.57071775,0.67768383,5.656853675842285,0.6305699348449707,13.334264755249023,0,3.606580972671509
D_latent,3,59,0.5970213516898777,0.045141681380893875,0.58673704,0.553389,0.65375036,5.656853675842285,0.6614206433296204,14.095856666564941,0,3.586679220199585
D_latent,3,60,0.5916282819664996,0.05454198173854662,0.58198464,0.54971695,0.64906603,5.656853675842285,0.6608441472053528,13.548050880432129,0,3.585373640060425
D_latent,3,61,0.5754881734433381,0.05250500077786653,0.56708145,0.5381887,0.62712336,5.656853675842285,0.6557599306106567,14.637331008911133,0,3.587212562561035
D_latent,3,62,0.5714161499686863,0.05733180564382802,0.56481236,0.53534234,0.6227356,5.656853675842285,0.6815320253372192,14.450109481811523,0,3.5963730812072754
D_latent,3,63,0.5571757192197053,0.06029537449712339,0.55074114,0.52265733,0.6082231,5.656853199005127,0.6683710217475891,15.411406517028809,0,3.587247371673584
D_latent,3,64,0.5490510774695355,0.06417831130649733,0.5435075,0.51555073,0.5984781,5.656853199005127,0.6767412424087524,15.364084243774414,0,3.581099271774292
D_latent,3,65,0.5396177872367527,0.06930301500403363,0.5371968,0.5078868,0.5886508,5.656853675842285,0.6745187640190125,15.71769905090332,0,3.636927366256714
D_latent,3,66,0.5300623437632686,0.07475745677947998,0.5247721,0.499151,0.5789103,5.656853199005127,0.675993800163269,16.091062545776367,0,3.5923328399658203
D_latent,3,67,0.5167015324468198,0.07537271665490192,0.5097862,0.4891311,0.56199175,5.656852722167969,0.6871603727340698,16.334062576293945,0,3.577793598175049
D_latent,3,68,0.5015242618063221,0.07720825464829155,0.498009,0.4754288,0.5466349,5.656852722167969,0.6916159391403198,16.32264518737793,0,3.5940067768096924
D_latent,3,69,0.5009816625843877,0.08265762743742569,0.49726143,0.47565594,0.5451782,5.656852722167969,0.6935099363327026,16.25002670288086,0,3.613250970840454
D_latent,3,70,0.4880254579626996,0.08590168538300888,0.48339093,0.4645305,0.5308234,5.656852722167969,0.7109967470169067,16.568378448486328,0,3.5850417613983154
D_latent,3,71,0.47729015350341797,0.08890285699263863,0.4738674,0.45843703,0.5156078,5.656852722167969,0.7067350149154663,16.65265464782715,0,3.5809459686279297
D_latent,3,72,0.46834502012833307,0.08843105772267217,0.46569008,0.44795373,0.5087464,5.656852722167969,0.7034424543380737,17.224533081054688,0,3.6104958057403564
D_latent,3,73,0.456019691798998,0.09160680356233017,0.45201087,0.43865177,0.4945542,5.656852722167969,0.7158852815628052,17.223121643066406,0,3.6208441257476807
D_latent,3,74,0.4548579506252123,0.09749185520669688,0.45413238,0.4382045,0.49227148,5.656852722167969,0.7079674005508423,17.27033042907715,0,3.585214376449585
D_latent,3,75,0.44823194586712384,0.100822521292645,0.44756132,0.43285507,0.48535258,5.656852722167969,0.7074424028396606,17.32329750061035,0,3.589254140853882
D_latent,3,76,0.42749326125435205,0.09858126225678818,0.4264713,0.41768813,0.46002513,5.656852722167969,0.735791027545929,17.405916213989258,0,3.6122548580169678
D_latent,3,77,0.4357336707737135,0.10295958104340927,0.43469012,0.42240694,0.4713925,5.656852722167969,0.7403051853179932,17.777204513549805,0,3.59689998626709
D_latent,3,78,0.4242148606673531,0.10829857121343198,0.42297894,0.41409022,0.4569716,5.656852722167969,0.7344708442687988,17.914424896240234,0,3.587458848953247
D_latent,3,79,0.413521144701087,0.10597290163454802,0.41333607,0.40314665,0.44744062,5.656852722167969,0.7369807362556458,17.961376190185547,0,3.5865323543548584
D_latent,3,80,0.4259609554124915,0.11011480248492697,0.42754406,0.41560635,0.4584771,5.656852722167969,0.73157799243927,18.414649963378906,0,3.606794834136963
D_latent,3,81,0.38944766832434613,0.10844303214031717,0.38980082,0.3844762,0.41914722,5.656852722167969,0.7410274147987366,18.033811569213867,0,3.5758378505706787
D_latent,3,82,0.3938932833464249,0.11108265752377718,0.39740974,0.3884396,0.42339256,5.656852722167969,0.756022572517395,18.385841369628906,0,3.5873782634735107
D_latent,3,83,0.36837034640104876,0.11035859066507091,0.37071523,0.36814168,0.39269283,5.656852722167969,0.7511855959892273,18.499553680419922,0,3.595778465270996
D_latent,3,84,0.3681877385015073,0.11343993311342986,0.37079692,0.36829674,0.39177004,5.656852722167969,0.7645915746688843,18.767040252685547,0,3.619175910949707
D_latent,3,85,0.35366858606753143,0.11783306495003078,0.35697374,0.35640946,0.37603676,5.656852722167969,0.761890172958374,19.020450592041016,0,3.5846548080444336
D_latent,3,86,0.33587710753731104,0.12156163091244905,0.33989897,0.34183964,0.35659653,5.656852722167969,0.7574335336685181,18.914648056030273,0,3.5819053649902344
D_latent,3,87,0.3532383545585301,0.1264451897662619,0.35675332,0.35490364,0.3760766,5.656852722167969,0.7513083219528198,19.02508544921875,0,3.609217882156372
D_latent,3,88,0.36268661333167035,0.1304112828296164,0.36753395,0.36113122,0.38860688,5.656852722167969,0.7715685963630676,18.857219696044922,0,3.6029582023620605
D_latent,3,89,0.3393105009327764,0.13122200965881348,0.3445469,0.34310582,0.3615239,5.656851291656494,0.7662292718887329,19.2651309967041,0,3.586459159851074
D_latent,3,90,0.33920611505923065,0.13476872444152832,0.34619924,0.34481305,0.35961694,5.656852722167969,0.7729218006134033,19.34469223022461,0,3.589648723602295
D_latent,3,91,0.34174299240112305,0.14046605773594067,0.34707233,0.3454883,0.36477658,5.656851291656494,0.7448907494544983,19.199066162109375,0,3.607159376144409
D_latent,3,92,0.3338590912196947,0.1350457771964695,0.34007317,0.33912763,0.35369828,5.656852722167969,0.7594879269599915,19.402624130249023,0,3.592907190322876
D_latent,3,93,0.32818356804225757,0.1363303868666939,0.3366887,0.33480504,0.34711543,5.656852722167969,0.7582589983940125,19.613733291625977,0,3.5953962802886963
D_latent,3,94,0.2994767479274584,0.13376210046851117,0.30663252,0.3120669,0.31320047,5.656852722167969,0.7593172788619995,19.730459213256836,0,3.5988404750823975
D_latent,3,95,0.2836237990337869,0.1343534407408341,0.2907416,0.2977568,0.29731157,5.656851291656494,0.7727245688438416,19.944225311279297,0,3.619112014770508
D_latent,3,96,0.288065765215003,0.13752151572186014,0.2970728,0.3019002,0.30076692,5.656851291656494,0.7694355249404907,20.137542724609375,0,3.5898678302764893
D_latent,3,97,0.26451790851095447,0.1381505883258322,0.27353445,0.2827787,0.27385962,5.656851291656494,0.7755652666091919,20.11639976501465,0,3.583516836166382
D_latent,3,98,0.2552673298379649,0.1407042586285135,0.26380703,0.27422813,0.2642566,5.656851291656494,0.7763268351554871,20.071117401123047,0,3.6041131019592285
D_latent,3,99,0.24887371063232422,0.14197304974431577,0.2589474,0.26866353,0.25807992,5.656851291656494,0.7726219892501831,20.387027740478516,0,3.6325600147247314
D_latent,3,100,0.2669474352961001,0.14762562254200812,0.27560195,0.28368214,0.2770712,5.656851291656494,0.7837239503860474,20.070798873901367,0,3.598459482192993
D_latent,3,101,0.3014451731806216,0.15048386739647907,0.30972642,0.31035832,0.31924418,5.656851291656494,0.7763165235519409,20.434795379638672,0,3.591834545135498
D_latent,3,102,0.27034836230070697,0.14846188089121942,0.28060955,0.2853111,0.28325975,5.656851291656494,0.7740610241889954,20.43808937072754,0,3.630967855453491
D_latent,3,103,0.25184220853059186,0.14684792186902917,0.26178664,0.26890758,0.2637547,5.656851291656494,0.7806378602981567,20.40120506286621,0,3.5967910289764404
D_latent,3,104,0.25294701949409815,0.14954680981843368,0.2630966,0.2708839,0.26212004,5.656851291656494,0.7768698930740356,20.558229446411133,0,3.586700677871704
D_latent,3,105,0.224331461864969,0.14898831947990085,0.23555346,0.24584419,0.23187786,5.656851291656494,0.7834462523460388,20.705371856689453,0,3.5813446044921875
D_latent,3,106,0.22709317829297937,0.149388137071029,0.24096778,0.24884544,0.23338972,5.656851291656494,0.7785892486572266,20.788808822631836,0,3.6059179306030273
D_latent,3,107,0.22361417438672937,0.1518450405286706,0.23664352,0.2449037,0.23010634,5.656851291656494,0.7890599370002747,20.928028106689453,0,3.590975761413574
D_latent,3,108,0.25052468673042627,0.15789836385975714,0.2648757,0.2682798,0.25986037,5.656851291656494,0.7846450805664062,20.67223358154297,0,3.5849359035491943
D_latent,3,109,0.25044352075327997,0.15867992069410242,0.26213318,0.26628065,0.26445448,5.656851291656494,0.7756186127662659,20.935060501098633,0,3.593712091445923
D_latent,3,110,0.2595175660174826,0.15949465917504352,0.27164453,0.27505225,0.27116203,5.656851291656494,0.7798889875411987,21.01042366027832,0,3.604466438293457
D_latent,3,111,0.27995884936788806,0.17100794418998386,0.29186776,0.29323962,0.29449615,5.656852722167969,0.7620038986206055,20.78752326965332,0,3.5772061347961426
D_latent,3,112,0.2362667581309443,0.1565346095872962,0.24989857,0.25761494,0.24188662,5.656851291656494,0.7604837417602539,20.969207763671875,0,3.5728607177734375
D_latent,3,113,0.20907713019329568,0.149148588595183,0.22361636,0.23268639,0.21300353,5.656851291656494,0.7754094004631042,21.17595863342285,0,3.6009271144866943
D_latent,3,114,0.18980878332386847,0.14772157047105872,0.20535202,0.21563049,0.19112524,5.656851291656494,0.7755581736564636,21.209901809692383,0,3.6117024421691895
D_latent,3,115,0.18080180624256964,0.147777391516644,0.19741094,0.20764598,0.18149434,5.656851291656494,0.7776681184768677,21.264820098876953,0,3.587930202484131
D_latent,3,116,0.1821754911671514,0.15108940912329633,0.19975154,0.20856598,0.18332909,5.656851291656494,0.7642165422439575,21.143625259399414,0,3.5785958766937256
D_latent,3,117,0.18075667256894318,0.15035625126050867,0.19827895,0.20661071,0.18242754,5.656851291656494,0.779578685760498,21.431509017944336,0,3.6143829822540283
D_latent,3,118,0.17077725866566534,0.14912446685459302,0.18756825,0.19744962,0.17176768,5.656851291656494,0.7791324257850647,21.455732345581055,0,3.5920352935791016
D_latent,3,119,0.16476032008295474,0.14958471837251083,0.18269792,0.19198582,0.16525139,5.656851291656494,0.7746598124504089,21.421680450439453,0,3.582162857055664
D_latent,3,120,0.15988160216290018,0.1491870465485946,0.17744465,0.18672183,0.16057517,5.656850337982178,0.7772296667098999,21.567058563232422,0,3.591867208480835
B_task_nopark,3,1,1.0137460128120754,0.0,1.00591,0.9273375,1.102478,5.656832218170166,0.02162523940205574,10.220170974731445,0,2.8711087703704834
B_task_nopark,3,2,1.0080714847730554,0.0,0.99632835,0.9169089,1.1016079,5.656837463378906,0.014223141595721245,12.5285005569458,0,2.841731071472168
B_task_nopark,3,3,1.0109992649244226,0.0,0.9976976,0.9181855,1.1050202,5.656838417053223,0.017116157338023186,11.249333381652832,0,2.841928005218506
B_task_nopark,3,4,1.0130347376284392,0.0,0.9982312,0.9197518,1.1065222,5.656839370727539,0.01575513929128647,11.97602653503418,0,2.8351211547851562
B_task_nopark,3,5,1.0109453615934954,0.0,0.99674773,0.91671604,1.1051247,5.656841278076172,0.011269526556134224,15.993191719055176,0,2.8535549640655518
B_task_nopark,3,6,1.0069184510604194,0.0,0.9937416,0.9132836,1.1010951,5.656849384307861,0.00722820870578289,14.976573944091797,0,2.8766114711761475
B_task_nopark,3,7,1.0125281292459238,0.0,0.99958104,0.9198489,1.105097,5.656850337982178,0.007248780690133572,14.213802337646484,0,2.834090232849121
B_task_nopark,3,8,1.0045084745987602,0.0,0.99087524,0.90919554,1.0998235,5.656850337982178,0.007956848479807377,14.321020126342773,0,2.835197687149048
B_task_nopark,3,9,0.9946333014446757,0.0,0.9836864,0.9067218,1.0835093,5.656850337982178,0.008616583421826363,14.102469444274902,0,2.839970111846924
B_task_nopark,3,10,0.987531330274499,0.0,0.97546446,0.90082806,1.0731475,5.656446933746338,0.07631046324968338,10.059103965759277,0,2.8626298904418945
B_task_nopark,3,11,0.9772610042406165,0.0,0.96643806,0.8955061,1.0594403,5.656735420227051,0.1951572299003601,7.2899274826049805,0,2.8605003356933594
B_task_nopark,3,12,0.9295412146526835,0.0,0.9205222,0.85655636,1.0069892,5.65643835067749,0.5546316504478455,9.017378807067871,0,2.838822841644287
B_task_nopark,3,13,0.8676904595416525,0.0,0.8494724,0.8010275,0.9485384,5.656281471252441,0.5686198472976685,9.85424518585205,0,2.8072760105133057
B_task_nopark,3,14,0.8259664618450663,0.0,0.8059538,0.7634265,0.90934896,5.656364440917969,0.5929973721504211,9.545388221740723,0,2.7895193099975586
B_task_nopark,3,15,0.8067720661992612,0.0,0.7850038,0.744236,0.8910435,5.656556606292725,0.5872950553894043,10.329909324645996,0,2.820058584213257
B_task_nopark,3,16,0.8029066998025646,0.0,0.7828437,0.7424897,0.8842589,5.656264305114746,0.5885772705078125,11.440455436706543,0,2.811833143234253
B_task_nopark,3,17,0.7822945636251698,0.0,0.76119953,0.7244044,0.86002225,5.656097412109375,0.6216548681259155,12.099141120910645,0,2.7867112159729004
B_task_nopark,3,18,0.7777020827583645,0.0,0.7582675,0.72061366,0.85500306,5.649030685424805,0.6016265153884888,15.151381492614746,0,2.806137800216675
B_task_nopark,3,19,0.7658382913340693,0.0,0.7515345,0.7110057,0.84040207,5.655596733093262,0.6107997894287109,14.393492698669434,0,2.812901020050049
B_task_nopark,3,20,0.749822533648947,0.0,0.7310612,0.69732964,0.8233742,5.654526233673096,0.6262866258621216,15.492927551269531,0,2.829094648361206
B_task_nopark,3,21,0.6904242142387058,0.0,0.6590287,0.63071734,0.7744841,5.642413139343262,0.6848894357681274,16.127065658569336,0,2.801994562149048
B_task_nopark,3,22,0.5667919076007345,0.0,0.53417474,0.51785004,0.6503824,5.644750118255615,0.6630449295043945,16.151020050048828,0,2.786531686782837
B_task_nopark,3,23,0.4765406898830248,0.0,0.444545,0.43218815,0.5574945,5.6434149742126465,0.699051022529602,15.991312980651855,0,2.80438494682312
B_task_nopark,3,24,0.4001481014749278,0.0,0.36848244,0.36235777,0.47624213,5.643373012542725,0.7405637502670288,16.282299041748047,0,2.7903287410736084
B_task_nopark,3,25,0.33616909773453424,0.0,0.30404684,0.30269763,0.40617076,5.645686149597168,0.756643533706665,15.843732833862305,0,2.8107423782348633
B_task_nopark,3,26,0.2940397469893746,0.0,0.26622513,0.26625383,0.35633013,5.6467108726501465,0.7380633354187012,16.535871505737305,0,2.7967329025268555
B_task_nopark,3,27,0.26816892623901367,0.0,0.24462704,0.24448346,0.3241039,5.647029876708984,0.7852993607521057,16.871183395385742,0,2.7870032787323
B_task_nopark,3,28,0.23259471810382346,0.0,0.20956421,0.20976378,0.28593504,5.649033069610596,0.7235444784164429,18.035354614257812,0,2.7872684001922607
B_task_nopark,3,29,0.1944721678028936,0.0,0.17302257,0.17408843,0.24318366,5.648739337921143,0.7512795925140381,17.894378662109375,0,2.7958950996398926
B_task_nopark,3,30,0.1539475088534148,0.0,0.13205694,0.13319021,0.19995733,5.647861003875732,0.7406923770904541,18.19416046142578,0,2.819232702255249
B_task_nopark,3,31,0.11556946712991466,0.0,0.095773935,0.09564914,0.15769072,5.650393009185791,0.7153844833374023,18.051528930664062,0,2.796905517578125
B_task_nopark,3,32,0.09354550942130711,0.0,0.07499761,0.07501668,0.13204215,5.6501264572143555,0.7132028341293335,17.872676849365234,0,2.789794921875
B_task_nopark,3,33,0.07978725951650868,0.0,0.062004294,0.061281648,0.1169525,5.650730609893799,0.718564510345459,17.716331481933594,0,2.8048601150512695
B_task_nopark,3,34,0.07067063580388608,0.0,0.05459445,0.053765047,0.104781404,5.650585174560547,0.7123650312423706,17.77179527282715,0,2.809408664703369
B_task_nopark,3,35,0.06350623524707297,0.0,0.04829367,0.047075626,0.096120454,5.650616645812988,0.7306070923805237,17.560583114624023,0,2.809880495071411
B_task_nopark,3,36,0.05718001075412916,0.0,0.042839028,0.04183179,0.08802276,5.650564670562744,0.7192955613136292,17.53413200378418,0,2.7926576137542725
B_task_nopark,3,37,0.052746612092723015,0.0,0.03933101,0.037955433,0.08242164,5.651088714599609,0.7226824164390564,17.57097816467285,0,2.804187536239624
B_task_nopark,3,38,0.04973472201305887,0.0,0.037031475,0.03561124,0.077976055,5.650906085968018,0.7243930101394653,17.57941436767578,0,2.7845630645751953
B_task_nopark,3,39,0.046048703400985054,0.0,0.034071557,0.03250014,0.0730773,5.6508331298828125,0.7232305407524109,17.472827911376953,0,2.8285470008850098
B_task_nopark,3,40,0.044105695641559105,0.0,0.03292602,0.031213827,0.07005989,5.650815010070801,0.7320898771286011,17.403690338134766,0,2.806431531906128
B_task_nopark,3,41,0.04224418298057888,0.0,0.031389557,0.02974314,0.06750095,5.65065336227417,0.7271376848220825,17.49200439453125,0,2.7917065620422363
B_task_nopark,3,42,0.04029800321744836,0.0,0.029875217,0.028340114,0.064778745,5.651120185852051,0.7335851192474365,17.538551330566406,0,2.807490825653076
B_task_nopark,3,43,0.03730425886485888,0.0,0.027763212,0.025867607,0.060659047,5.651238918304443,0.7349783182144165,17.36956787109375,0,2.8077712059020996
B_task_nopark,3,44,0.03536769099857496,0.0,0.026387345,0.024601242,0.05790232,5.651524066925049,0.7298247814178467,17.518552780151367,0,2.827805280685425
B_task_nopark,3,45,0.0346170741578807,0.0,0.026482357,0.024699528,0.056060303,5.651389122009277,0.7352977395057678,17.463281631469727,0,2.8044357299804688
B_task_nopark,3,46,0.033297354760377304,0.0,0.025229812,0.023394106,0.054313004,5.6513237953186035,0.7343586683273315,17.444787979125977,0,2.7856862545013428
B_task_nopark,3,47,0.033430011376090675,0.0,0.025447242,0.02358169,0.054541297,5.651266574859619,0.7348003387451172,17.451208114624023,0,2.7856600284576416
B_task_nopark,3,48,0.03070377007774685,0.0,0.02326905,0.021454098,0.05081383,5.651395797729492,0.7408757209777832,17.366064071655273,0,2.8091883659362793
B_task_nopark,3,49,0.029483258724212646,0.0,0.022630775,0.020714309,0.04884308,5.651384353637695,0.7404080629348755,17.459056854248047,0,2.827544689178467
B_task_nopark,3,50,0.028774821239969006,0.0,0.022061286,0.020273507,0.04764889,5.6514434814453125,0.7420292496681213,17.410585403442383,0,2.787050247192383
B_task_nopark,3,51,0.026997726896534794,0.0,0.020822847,0.018933592,0.045057707,5.651701927185059,0.7418218851089478,17.438554763793945,0,2.7884559631347656
B_task_nopark,3,52,0.02664742262467094,0.0,0.020987738,0.019005561,0.044448305,5.651628494262695,0.7398505210876465,17.462661743164062,0,2.786912202835083
B_task_nopark,3,53,0.025938207688538925,0.0,0.020339062,0.018432569,0.04326063,5.651616096496582,0.7432304620742798,17.436891555786133,0,2.825580358505249
B_task_nopark,3,54,0.024757302325704823,0.0,0.01935973,0.017485805,0.04191918,5.6515984535217285,0.7372088432312012,17.394933700561523,0,2.8168177604675293
B_task_nopark,3,55,0.024724981059198795,0.0,0.019639336,0.017689066,0.041283622,5.651739120483398,0.7395256757736206,17.489177703857422,0,2.807953119277954
B_task_nopark,3,56,0.023231791413348656,0.0,0.01839071,0.01651729,0.039392352,5.651882171630859,0.7435835599899292,17.50420379638672,0,2.79746150970459
B_task_nopark,3,57,0.022333507952482803,0.0,0.017922703,0.01616795,0.037713785,5.651827335357666,0.7396677732467651,17.548179626464844,0,2.7845230102539062
B_task_nopark,3,58,0.021522183781084808,0.0,0.017322868,0.015620346,0.036399975,5.6516523361206055,0.744637131690979,17.42337417602539,0,2.8212995529174805
B_task_nopark,3,59,0.020593245392260345,0.0,0.01667152,0.014940927,0.03531862,5.651866912841797,0.7430081367492676,17.525484085083008,0,2.813352346420288
B_task_nopark,3,60,0.02023861200913139,0.0,0.016443703,0.014712357,0.034521583,5.652112007141113,0.7464505434036255,17.467416763305664,0,2.8036787509918213
D_latent_nopark,3,1,1.0177862747855808,0.20756748448247495,1.0116359,0.9301515,1.1071212,5.656842231750488,0.07294831424951553,3.977421760559082,0,3.695030689239502
D_latent_nopark,3,2,1.0091320535411006,0.006403144287026446,0.99819183,0.9178157,1.1025232,5.656838417053223,0.2618343234062195,2.3738625049591064,0,3.6960959434509277
D_latent_nopark,3,3,1.011192570561948,0.003249131143093109,0.9975475,0.91863006,1.1048868,5.656839370727539,0.4224725365638733,2.382624387741089,0,3.6851179599761963
D_latent_nopark,3,4,1.014248972353728,0.004102087215236996,1.0006934,0.921471,1.1075883,5.656841278076172,0.45036935806274414,2.4368271827697754,0,3.671116828918457
D_latent_nopark,3,5,1.0120263306990913,0.003197502506815869,0.9990213,0.91867226,1.1059134,5.656843185424805,0.4837515354156494,2.809150457382202,0,3.700132131576538
D_latent_nopark,3,6,1.0100590249766475,0.0029522860827653303,0.9982252,0.9176705,1.1037266,5.656845569610596,0.43895775079727173,3.042851686477661,0,3.7088403701782227
D_latent_nopark,3,7,1.0109243807585344,0.0017979745955570884,0.9967163,0.91787213,1.1046643,5.656846523284912,0.4444490969181061,3.1980981826782227,0,3.6694512367248535
D_latent_nopark,3,8,1.0058624433434529,0.002306720160919687,0.9917878,0.91014034,1.1019095,5.6568474769592285,0.45245760679244995,3.2972609996795654,0,3.6706886291503906
D_latent_nopark,3,9,1.0050343223240064,0.001728685005851414,0.99144655,0.9115212,1.099097,5.656848430633545,0.4496447443962097,3.3618547916412354,0,3.677406072616577
D_latent_nopark,3,10,1.0106674691905146,0.0011277410161236057,0.9955054,0.91507393,1.1062447,5.656848430633545,0.43509775400161743,3.4146728515625,0,3.684605598449707
D_latent_nopark,3,11,1.0081817792809529,0.001074418587529141,0.9916123,0.9131049,1.1026318,5.656848430633545,0.4510129690170288,3.5319604873657227,0,3.6385157108306885
D_latent_nopark,3,12,1.0053525178328804,0.00181641834585563,0.9905376,0.91079587,1.1002162,5.656848430633545,0.48111891746520996,3.6444005966186523,0,3.6551942825317383
D_latent_nopark,3,13,1.0102087103802224,0.001263254767526751,0.9949113,0.91495323,1.1048436,5.656848430633545,0.4843669533729553,3.779972553253174,0,3.704531669616699
D_latent_nopark,3,14,1.0044650202212126,0.002362277520739514,0.98910356,0.90952057,1.099111,5.656848430633545,0.5262720584869385,3.932818651199341,0,3.6641321182250977
D_latent_nopark,3,15,1.0063524660856829,0.0018999544174774833,0.99080795,0.91033506,1.1019577,5.656848430633545,0.5301971435546875,4.117743015289307,0,3.6505379676818848
D_latent_nopark,3,16,1.0048902760381284,0.002812506712001303,0.9898702,0.91036177,1.0993774,5.656849384307861,0.5071823000907898,4.330056190490723,0,3.65525484085083
D_latent_nopark,3,17,1.0039710998535156,0.003506576237471207,0.98943,0.91047394,1.0966412,5.656849384307861,0.47025036811828613,4.545377254486084,0,3.721468925476074
D_latent_nopark,3,18,0.9939135675844939,0.005509305907332379,0.98155695,0.90451044,1.0830723,5.6568498611450195,0.49685102701187134,4.913391590118408,0,3.6784493923187256
D_latent_nopark,3,19,0.9791144495425017,0.005910035708676214,0.9670251,0.8940586,1.0633639,5.656849384307861,0.5061734914779663,5.412078380584717,0,3.6743555068969727
D_latent_nopark,3,20,0.9692295737888502,0.008161991834640503,0.95675975,0.8879367,1.0508054,5.656849384307861,0.5117876529693604,6.0484843254089355,0,3.6723086833953857
D_latent_nopark,3,21,0.9553413391113281,0.011221717233243196,0.9437344,0.8760414,1.034071,5.656845569610596,0.5740904808044434,7.1714887619018555,0,3.6802406311035156
D_latent_nopark,3,22,0.939413485319718,0.019027917281441067,0.9261908,0.8631085,1.0172957,5.6568403244018555,0.6163153648376465,8.723417282104492,0,3.661759614944458
D_latent_nopark,3,23,0.9053256822668988,0.02428906896839971,0.89065933,0.8341811,0.9817079,5.656827926635742,0.627437949180603,9.203214645385742,0,3.653916835784912
D_latent_nopark,3,24,0.8646697998046875,0.03695086551749188,0.84987825,0.7989924,0.9388624,5.6568098068237305,0.6417896747589111,10.047112464904785,0,3.6710031032562256
D_latent_nopark,3,25,0.8382063326628312,0.04760048182114311,0.82354283,0.77774364,0.9099421,5.656797409057617,0.6592033505439758,10.540804862976074,0,3.6469924449920654
D_latent_nopark,3,26,0.8128717671269956,0.05675476012022599,0.7989926,0.75451845,0.88429004,5.656808853149414,0.6565667390823364,11.196419715881348,0,3.609436273574829
D_latent_nopark,3,27,0.7920097682787024,0.06260962071626083,0.77730477,0.7374019,0.8600688,5.656816005706787,0.6674281358718872,11.689913749694824,0,3.606074571609497
D_latent_nopark,3,28,0.7773335498312245,0.0676074857297151,0.76370484,0.7238773,0.84487253,5.656792640686035,0.6950240731239319,12.884594917297363,0,3.6584386825561523
D_latent_nopark,3,29,0.7609754645306132,0.0799044888952504,0.74684125,0.7120567,0.8246044,5.656789302825928,0.6925400495529175,13.3549165725708,0,3.6083383560180664
D_latent_nopark,3,30,0.7497641521951427,0.09069328722746475,0.73926646,0.7014246,0.81365454,5.65676212310791,0.7264478802680969,13.906517028808594,0,3.60809588432312
D_latent_nopark,3,31,0.7145850969397504,0.09700226783752441,0.7044555,0.66976166,0.77924556,5.656730651855469,0.7638126611709595,14.146071434020996,0,3.6093595027923584
D_latent_nopark,3,32,0.662049791087275,0.1206633940986965,0.6534386,0.62605613,0.7226286,5.656667232513428,0.7684928178787231,15.088984489440918,0,3.610091209411621
D_latent_nopark,3,33,0.5394026300181514,0.1340387074843697,0.5263255,0.51139504,0.60311025,5.6566057205200195,0.7846994400024414,15.262969017028809,0,3.5899181365966797
D_latent_nopark,3,34,0.4029837069304093,0.14386322187340778,0.3884963,0.38713104,0.46041882,5.656666278839111,0.7164880037307739,16.53887367248535,0,3.592501163482666
D_latent_nopark,3,35,0.2788917292719302,0.14321214219798212,0.2652543,0.27088723,0.32621795,5.656669616699219,0.7104378938674927,16.748430252075195,0,3.6239194869995117
D_latent_nopark,3,36,0.20686616068300995,0.13430927110754926,0.19426768,0.19938469,0.24823819,5.656668186187744,0.7067602276802063,17.03183937072754,0,3.609339714050293
D_latent_nopark,3,37,0.15676188468933105,0.12186600850976032,0.14474867,0.14994316,0.19322793,5.656679630279541,0.6992231607437134,16.965959548950195,0,3.5933871269226074
D_latent_nopark,3,38,0.13404709359873895,0.11394572257995605,0.12216254,0.12548377,0.1684419,5.656681060791016,0.7050023078918457,17.25672149658203,0,3.602942943572998
D_latent_nopark,3,39,0.11338967862336533,0.10308907342993695,0.10253353,0.105310515,0.14446332,5.656659126281738,0.697284996509552,17.305835723876953,0,3.6404225826263428
D_latent_nopark,3,40,0.10131346661111583,0.09738819495491359,0.09104268,0.09276125,0.1309533,5.656656742095947,0.6937233209609985,17.5293025970459,0,3.620800733566284
D_latent_nopark,3,41,0.0874295131019924,0.09212152854256007,0.078207895,0.07924003,0.115402244,5.656663417816162,0.6987712383270264,17.540922164916992,0,3.6014115810394287
D_latent_nopark,3,42,0.08019571718962296,0.08729101263958475,0.07124023,0.07222588,0.10678106,5.6566643714904785,0.6946536898612976,17.668684005737305,0,3.598165273666382
D_latent_nopark,3,43,0.07512790223826533,0.08339922324470851,0.06684925,0.06688144,0.100864545,5.656659126281738,0.7040542364120483,17.69286346435547,0,3.634532928466797
D_latent_nopark,3,44,0.06877373612445334,0.07999337237814198,0.061574228,0.06142978,0.09300496,5.6566572189331055,0.6955406665802002,17.96347427368164,0,3.6058685779571533
D_latent_nopark,3,45,0.06180639370628025,0.07638377210368281,0.054814782,0.054124344,0.08571506,5.656659126281738,0.6966166496276855,18.07683753967285,0,3.606801986694336
D_latent_nopark,3,46,0.059394489163937775,0.07366687836854355,0.052490775,0.051950682,0.0824497,5.656656265258789,0.7024753093719482,18.293710708618164,0,3.622864246368408
D_latent_nopark,3,47,0.054971259573231575,0.0707621781722359,0.04853952,0.04753784,0.077113144,5.656651496887207,0.7077935338020325,18.452547073364258,0,3.6330790519714355
D_latent_nopark,3,48,0.05139296987782354,0.06820069188657014,0.04588077,0.044809632,0.07246265,5.6566481590271,0.6988247632980347,18.658836364746094,0,3.6055965423583984
D_latent_nopark,3,49,0.049779047136721405,0.06603073555490245,0.0442325,0.04292714,0.07050247,5.65664005279541,0.6995347738265991,18.841073989868164,0,3.6092135906219482
D_latent_nopark,3,50,0.047386428584223206,0.0637328106424083,0.042461663,0.041169487,0.067247294,5.656655788421631,0.7005089521408081,18.889671325683594,0,3.658519744873047
D_latent_nopark,3,51,0.045222722965738045,0.06168240567912226,0.04026842,0.039010238,0.0645966,5.656642913818359,0.6995124816894531,19.019987106323242,0,3.6114039421081543
D_latent_nopark,3,52,0.04279214402903681,0.060450745665508766,0.038225614,0.036788702,0.061902113,5.656643867492676,0.705973744392395,19.180578231811523,0,3.6043481826782227
D_latent_nopark,3,53,0.04050609339838442,0.058662559675133744,0.036255937,0.034948878,0.058699615,5.656641483306885,0.7006729245185852,19.209341049194336,0,3.605125904083252
D_latent_nopark,3,54,0.03947781220726345,0.057308803433957306,0.03566816,0.034203876,0.056912508,5.656642913818359,0.7117030620574951,19.326509475708008,0,3.6505823135375977
D_latent_nopark,3,55,0.03755196799402651,0.05547879571500032,0.033977643,0.032503318,0.054556247,5.656641006469727,0.7076011896133423,19.48529052734375,0,3.6002399921417236
D_latent_nopark,3,56,0.03559455664261528,0.05416074006453804,0.032085694,0.030652437,0.05223355,5.65664529800415,0.704495906829834,19.37229347229004,0,3.5965616703033447
D_latent_nopark,3,57,0.03407910595769468,0.05280435085296631,0.030839613,0.029222604,0.050383948,5.656650066375732,0.7019764184951782,19.4971866607666,0,3.612637996673584
D_latent_nopark,3,58,0.03365895799968554,0.0518514228903729,0.030885296,0.0291715,0.04930038,5.656650066375732,0.7015933990478516,19.545804977416992,0,3.636101245880127
D_latent_nopark,3,59,0.03238486207049826,0.05044468589451002,0.029785365,0.028083792,0.047467127,5.656649112701416,0.7026404142379761,19.594655990600586,0,3.6028859615325928
D_latent_nopark,3,60,0.03176948816879936,0.049720847088357674,0.029085891,0.027347542,0.046887558,5.656649112701416,0.70099937915802,19.626352310180664,0,3.593500852584839
D_latent_nopark,3,61,0.029970119828763214,0.04866585005884585,0.0278285,0.025938503,0.04450496,5.656654357910156,0.6972500085830688,19.703210830688477,0,3.6097829341888428
D_latent_nopark,3,62,0.029003500938415527,0.0476034516873567,0.026915474,0.02511915,0.043145534,5.656652927398682,0.6983380913734436,19.62455177307129,0,3.6086885929107666
D_latent_nopark,3,63,0.028255112793134605,0.04684712575829547,0.026468236,0.02458214,0.04205043,5.656651973724365,0.6991127729415894,19.71831703186035,0,3.5949268341064453
D_latent_nopark,3,64,0.02886529590772546,0.04630523660908575,0.026815968,0.024859846,0.043004684,5.6566548347473145,0.7001804113388062,19.631242752075195,0,3.5865981578826904
D_latent_nopark,3,65,0.028232766234356423,0.045496645181075386,0.026448876,0.024504077,0.041740824,5.656651020050049,0.7024273872375488,19.77984619140625,0,3.610100030899048
D_latent_nopark,3,66,0.026574508003566578,0.044624131658802864,0.025022477,0.023175206,0.039559226,5.656652450561523,0.7043168544769287,19.759925842285156,0,3.5875513553619385
D_latent_nopark,3,67,0.025477142437644627,0.043649782305178436,0.024123037,0.022135086,0.038327277,5.656655311584473,0.6997761726379395,19.8189697265625,0,3.5773918628692627
D_latent_nopark,3,68,0.02462063405824744,0.04294525022092073,0.023374578,0.02122451,0.037545033,5.656655311584473,0.7060490846633911,19.821208953857422,0,3.568404197692871
D_latent_nopark,3,69,0.025791178578915802,0.04296445846557617,0.024332637,0.022307217,0.03855357,5.6566596031188965,0.7048355937004089,19.8504581451416,0,3.611794948577881
D_latent_nopark,3,70,0.025012381698774254,0.04231045038803764,0.023759382,0.021673772,0.03749784,5.656651973724365,0.7094650268554688,19.839780807495117,0,3.5685815811157227
D_latent_nopark,3,71,0.024286267550095268,0.04154044648875361,0.023164205,0.02107172,0.03651852,5.656656265258789,0.7056028842926025,19.801485061645508,0,3.570655107498169
D_latent_nopark,3,72,0.024054576521334442,0.040976376637168556,0.023262883,0.021033537,0.036096916,5.6566572189331055,0.7057988047599792,19.903682708740234,0,3.5895614624023438
D_latent_nopark,3,73,0.023044161174608314,0.040279587973719055,0.022253856,0.020122588,0.034513615,5.6566596031188965,0.7081620693206787,19.745990753173828,0,3.60194730758667
D_latent_nopark,3,74,0.021656381047290306,0.03968728366105453,0.020970237,0.01879422,0.03326167,5.6566572189331055,0.7004955410957336,19.78602409362793,0,3.5733258724212646
D_latent_nopark,3,75,0.021210832440334816,0.03905899369198343,0.020666696,0.018555716,0.032497454,5.656654357910156,0.7012956142425537,19.883089065551758,0,3.569697856903076
D_latent_nopark,3,76,0.020649171393850575,0.03818887990453969,0.020153608,0.018054435,0.031639557,5.656665802001953,0.7028772234916687,19.797731399536133,0,3.58915114402771
D_latent_nopark,3,77,0.020346909761428833,0.03767147530680117,0.020147506,0.0179919,0.03131301,5.656658172607422,0.703302264213562,19.85055923461914,0,3.5867602825164795
D_latent_nopark,3,78,0.019586849471797115,0.03716709302819293,0.01948317,0.017217902,0.030132929,5.656667232513428,0.6982650756835938,19.800012588500977,0,3.577392101287842
D_latent_nopark,3,79,0.019006923488948658,0.03660399239996205,0.018852627,0.01671839,0.029378481,5.656662464141846,0.7021870017051697,19.874719619750977,0,3.5785067081451416
D_latent_nopark,3,80,0.0189588303151338,0.036182341368302055,0.019101638,0.016846703,0.029114028,5.656655311584473,0.701154351234436,19.937545776367188,0,3.6117990016937256
D_latent_nopark,3,81,0.018499496190444283,0.035710523957791535,0.018481024,0.016264569,0.028530583,5.656665802001953,0.6978806257247925,19.839170455932617,0,3.576890707015991
D_latent_nopark,3,82,0.01821902264719424,0.03524881083032359,0.018264905,0.016191531,0.028171748,5.656666278839111,0.6964842081069946,19.84901237487793,0,3.5827383995056152
D_latent_nopark,3,83,0.018599922242371933,0.03495045071062834,0.018607339,0.016470766,0.028577056,5.656662464141846,0.7049872279167175,19.86585235595703,0,3.581907272338867
D_latent_nopark,3,84,0.018663414146589195,0.03489170126293017,0.01849417,0.016394645,0.028822208,5.656668663024902,0.7021634578704834,19.693981170654297,0,3.6126363277435303
D_latent_nopark,3,85,0.019144586894823158,0.03481965738794078,0.01889105,0.016852325,0.029186632,5.6566572189331055,0.7071108818054199,19.92671012878418,0,3.5822677612304688
D_latent_nopark,3,86,0.017452931922415028,0.03404365933459738,0.017712433,0.015511853,0.02693422,5.656670093536377,0.6986353397369385,19.876338958740234,0,3.5782458782196045
D_latent_nopark,3,87,0.017849565848060276,0.03371217717295107,0.018049244,0.0158946,0.027162237,5.656665325164795,0.703038215637207,19.817358016967773,0,3.583099603652954
D_latent_nopark,3,88,0.017953702937001766,0.033660220063251,0.017836284,0.015678076,0.027575148,5.656670093536377,0.7019875049591064,19.85063934326172,0,3.6014792919158936
D_latent_nopark,3,89,0.017037339832471764,0.03298425156137218,0.017334333,0.015204489,0.02615158,5.656674861907959,0.704921543598175,19.76198959350586,0,3.5884742736816406
D_latent_nopark,3,90,0.017650565375452457,0.03276746687681779,0.017647538,0.015728,0.026794385,5.656662464141846,0.7018200755119324,19.92116355895996,0,3.58121395111084
D_latent_nopark,3,91,0.018955803435781727,0.0334084241286568,0.018675942,0.016712472,0.028289037,5.656665802001953,0.7043458223342896,19.861722946166992,0,3.6129603385925293
D_latent_nopark,3,92,0.017634026382280434,0.03239882769791976,0.017536419,0.015370303,0.02693855,5.656672477722168,0.7026150226593018,19.810684204101562,0,3.6038780212402344
D_latent_nopark,3,93,0.017060505307239036,0.03207118614860203,0.017058518,0.014988003,0.026121432,5.656669616699219,0.7063873410224915,19.906967163085938,0,3.5708060264587402
D_latent_nopark,3,94,0.017265205797941788,0.0322820492412733,0.017563991,0.015444853,0.026313849,5.656675338745117,0.7023678421974182,19.8404483795166,0,3.596022367477417
D_latent_nopark,3,95,0.015361274066178696,0.03137844541798467,0.015726114,0.013681815,0.023933543,5.656673908233643,0.7009767293930054,19.80738639831543,0,3.6098086833953857
D_latent_nopark,3,96,0.01454427190448927,0.030713070993838104,0.015103491,0.013005121,0.022823539,5.656686782836914,0.7004785537719727,19.701499938964844,0,3.5940756797790527
D_latent_nopark,3,97,0.014507495838662853,0.030349399732506794,0.015070239,0.013013306,0.022914162,5.656678199768066,0.7021039724349976,19.82295799255371,0,3.5859532356262207
D_latent_nopark,3,98,0.016012374473654705,0.03072942599006321,0.016046489,0.013929403,0.02490916,5.656672954559326,0.7024214267730713,19.87824058532715,0,3.58597469329834
D_latent_nopark,3,99,0.015834584184314892,0.030287403127421505,0.016140863,0.014040587,0.024460388,5.65668249130249,0.7003867626190186,19.664024353027344,0,3.6293187141418457
D_latent_nopark,3,100,0.015210150376610134,0.02990192693212758,0.015526639,0.013429515,0.023548964,5.6566877365112305,0.6979975700378418,19.616514205932617,0,3.5840084552764893
D_latent_nopark,3,101,0.014566741559816443,0.029223810071530548,0.01499401,0.012932217,0.022651564,5.656687259674072,0.7014349699020386,19.776704788208008,0,3.583855390548706
D_latent_nopark,3,102,0.013540232959000961,0.028605940549269966,0.01417262,0.012222478,0.021190029,5.656686782836914,0.698689341545105,19.76689910888672,0,3.5956978797912598
D_latent_nopark,3,103,0.014399072398310122,0.028628035731937573,0.014895701,0.0127818305,0.022579186,5.656687259674072,0.7021447420120239,19.710805892944336,0,3.6081271171569824
D_latent_nopark,3,104,0.013835329076518183,0.02824002504348755,0.01443801,0.012356158,0.021680404,5.656686782836914,0.6970341205596924,19.738243103027344,0,3.5812039375305176
D_latent_nopark,3,105,0.013017247552457064,0.02759281189545341,0.013815429,0.0118109705,0.020331185,5.656692981719971,0.6982697248458862,19.57318878173828,0,3.5908732414245605
D_latent_nopark,3,106,0.01298566486524499,0.027389352736265762,0.013698047,0.011776871,0.020516247,5.656691074371338,0.6990455389022827,19.529998779296875,0,3.598043203353882
D_latent_nopark,3,107,0.014006114524343739,0.02757376950720082,0.014403591,0.01237348,0.021885525,5.656696319580078,0.6969078779220581,19.481922149658203,0,3.600250482559204
D_latent_nopark,3,108,0.016071529492087986,0.02822265158528867,0.015756248,0.0138655035,0.024263468,5.656685829162598,0.7068376541137695,19.619380950927734,0,3.600850820541382
D_latent_nopark,3,109,0.015308906202730925,0.02790750109631082,0.01570815,0.013687915,0.022937149,5.656691074371338,0.70902419090271,19.532611846923828,0,3.587254285812378
D_latent_nopark,3,110,0.013497239869573841,0.027106653089108673,0.013964811,0.012063058,0.02103541,5.656696319580078,0.6988954544067383,19.568214416503906,0,3.6267147064208984
A_recon,4,1,1.0156834643820059,0.05113199482793394,0.9959455,0.8924729,1.142524,5.6567864418029785,0.012869094498455524,17.036054611206055,0,5.158448934555054
A_recon,4,2,1.0124952067499575,0.0495434222014054,0.9884257,0.88376933,1.1438068,5.6567206382751465,0.12855055928230286,4.757774353027344,0,5.1760828495025635
A_recon,4,3,1.0114527163298235,0.04239631476609603,0.985182,0.8791387,1.1440331,5.656792640686035,0.18757294118404388,3.6934447288513184,0,5.1459059715271
A_recon,4,4,1.0098387676736582,0.03137651474579521,0.9829446,0.8772764,1.1429285,5.656825065612793,0.2002176195383072,4.263764381408691,0,5.152803182601929
A_recon,4,5,1.0062266640041186,0.02225234197533649,0.976687,0.87077767,1.1399592,5.656834125518799,0.2441386878490448,4.070502281188965,0,5.142789840698242
A_recon,4,6,1.0038059068762737,0.018247157335281372,0.9752174,0.86947286,1.1374156,5.656842231750488,0.22440357506275177,4.130548000335693,0,5.141695261001587
A_recon,4,7,0.9941718060037364,0.01722455543020497,0.96800625,0.862797,1.1254994,5.656845569610596,0.22571080923080444,3.9816370010375977,0,5.15429162979126
A_recon,4,8,0.9498163306194803,0.01866740117902341,0.9302613,0.83446354,1.0659224,5.656851291656494,0.13865625858306885,3.895613193511963,0,5.156478404998779
A_recon,4,9,0.920526587444803,0.01770437022914057,0.90557057,0.81510174,1.0254545,5.656851291656494,0.16808083653450012,3.9106616973876953,0,5.1280717849731445
A_recon,4,10,0.9018253658128821,0.017413692629855614,0.8862487,0.8011555,1.0047667,5.656852722167969,0.14513924717903137,3.9828989505767822,0,5.15775990486145
A_recon,4,11,0.8834919307542883,0.016341221073399418,0.86316025,0.784499,0.985914,5.656852722167969,0.17536000907421112,4.282658100128174,0,5.131384611129761
A_recon,4,12,0.870158983313519,0.016920103974964306,0.8471911,0.77163994,0.9714766,5.656852722167969,0.17988887429237366,4.456381320953369,0,5.1482908725738525
A_recon,4,13,0.8665675287661345,0.01642806633659031,0.84477633,0.7694852,0.96656114,5.656852722167969,0.19690147042274475,4.512258529663086,0,5.146515607833862
A_recon,4,14,0.8651005288828975,0.0168839693069458,0.84061533,0.7687893,0.9631233,5.656852722167969,0.17699110507965088,4.734656810760498,0,5.148143768310547
A_recon,4,15,0.850580878879713,0.0160574109657951,0.8269761,0.7567263,0.94702405,5.656852722167969,0.19111181795597076,4.998778343200684,0,5.1611714363098145
A_recon,4,16,0.850092017132303,0.01612062298733255,0.8279359,0.75629926,0.9455002,5.656852722167969,0.2050609439611435,5.117506504058838,0,5.143972635269165
A_recon,4,17,0.8440914983334749,0.01628468218057052,0.82062465,0.75244224,0.93691796,5.656852722167969,0.22891134023666382,5.508597373962402,0,5.140096664428711
A_recon,4,18,0.845660168191661,0.016240419253059055,0.8224333,0.7533537,0.93991005,5.656853675842285,0.1962411254644394,5.702312469482422,0,5.1511852741241455
A_recon,4,19,0.8407945218293563,0.016103173079697983,0.81870794,0.7492962,0.9343496,5.656852722167969,0.24696500599384308,5.920088291168213,0,5.1393067836761475
A_recon,4,20,0.8355343860128651,0.01606369666431261,0.8132118,0.74524117,0.92728996,5.656852722167969,0.23651953041553497,6.09459114074707,0,5.156427621841431
A_recon,4,21,0.8355309859566067,0.016106008187584255,0.81182986,0.74477345,0.92790323,5.656851768493652,0.2913286089897156,6.761483192443848,0,5.139289379119873
A_recon,4,22,0.8385926951532778,0.017791669005933014,0.8170797,0.7475471,0.9312568,5.656854152679443,0.1874316930770874,5.844405174255371,0,5.148892164230347
A_recon,4,23,0.8304719510285751,0.016092606212781822,0.80841047,0.74139977,0.921595,5.656853675842285,0.2938160002231598,6.089128017425537,0,5.139315843582153
A_recon,4,24,0.8278656005859375,0.01685116472451583,0.80554426,0.73957527,0.9185239,5.656853675842285,0.29672348499298096,7.010387420654297,0,5.131164312362671
A_recon,4,25,0.82196219071098,0.016735983931499977,0.79989,0.7336953,0.9126704,5.656853675842285,0.3127945363521576,7.676441192626953,0,5.134161949157715
A_recon,4,26,0.8220170062521229,0.01660130334937054,0.79916245,0.7337984,0.9131779,5.656852722167969,0.31257110834121704,8.540261268615723,0,5.146554470062256
A_recon,4,27,0.8145847320556641,0.01669413887936136,0.7952077,0.72934467,0.90255815,5.656853675842285,0.2696441411972046,8.477058410644531,0,5.137066602706909
A_recon,4,28,0.8152297476063604,0.017042412706043408,0.79453206,0.72851354,0.90431273,5.656852722167969,0.3441091775894165,9.38941478729248,0,5.137093544006348
A_recon,4,29,0.8052393042522928,0.01696887353192205,0.78673077,0.720894,0.89289534,5.656851291656494,0.4330918788909912,10.906277656555176,0,5.127239227294922
A_recon,4,30,0.8123239434283712,0.01715649340463721,0.7916467,0.7269005,0.90077716,5.656850814819336,0.42087411880493164,11.011561393737793,0,5.125514507293701
A_recon,4,31,0.7909405749777089,0.016114186981449955,0.7714858,0.70879257,0.8782118,5.656849384307861,0.4569782316684723,11.606001853942871,0,5.137560606002808
A_recon,4,32,0.7570765122123386,0.017725167067154594,0.7392487,0.6805364,0.8395098,5.6568121910095215,0.5683456659317017,13.194903373718262,0,5.124257802963257
A_recon,4,33,0.6079296858414359,0.02349878912386687,0.58058345,0.5539064,0.6761602,5.656799793243408,0.5831391215324402,12.365846633911133,0,5.118469953536987
A_recon,4,34,0.409699066825535,0.021930520949156387,0.36573568,0.36730635,0.47566667,5.656815052032471,0.5870596170425415,13.011241912841797,0,5.111482381820679
A_recon,4,35,0.2781585817751677,0.01890086091083029,0.23172887,0.24417824,0.3352662,5.656819820404053,0.5572087168693542,13.119317054748535,0,5.108142375946045
A_recon,4,36,0.2087236280026643,0.015932833370955093,0.17016989,0.18109465,0.259611,5.656820297241211,0.5884883403778076,13.351982116699219,0,5.114758729934692
A_recon,4,37,0.1726012540900189,0.015209270560223124,0.13908859,0.14825137,0.21725804,5.656821250915527,0.5674341917037964,13.45166301727295,0,5.1044416427612305
A_recon,4,38,0.13562299894249957,0.013123889332232267,0.10663618,0.11449667,0.17726134,5.6568169593811035,0.57521653175354,13.573210716247559,0,5.099025726318359
A_recon,4,39,0.11541330296060313,0.012294409067734428,0.08958458,0.096299775,0.15363464,5.656822204589844,0.572526216506958,13.618926048278809,0,5.11570930480957
A_recon,4,40,0.10104300664818805,0.012163702560507732,0.07789442,0.08312728,0.13646874,5.656819820404053,0.5675274133682251,13.75993824005127,0,5.110645532608032
A_recon,4,41,0.08914215668388036,0.011928452097851297,0.06839292,0.07277299,0.12177633,5.656813144683838,0.594725489616394,13.988954544067383,0,5.10995078086853
A_recon,4,42,0.08066790000252101,0.01140719781751218,0.060703285,0.06438766,0.11136925,5.6568145751953125,0.5779202580451965,14.079546928405762,0,5.11175274848938
A_recon,4,43,0.07503361287324326,0.011313648327537205,0.05691461,0.059750315,0.104432344,5.656815528869629,0.5793090462684631,14.151287078857422,0,5.092418193817139
A_recon,4,44,0.06858090732408606,0.011243208594944166,0.051504634,0.05411352,0.0963239,5.65681266784668,0.580482006072998,14.321123123168945,0,5.112609386444092
A_recon,4,45,0.0631751133048016,0.011113517958184948,0.04694647,0.04911342,0.08956642,5.656810283660889,0.5709981918334961,14.495759963989258,0,5.111526250839233
A_recon,4,46,0.0598489408907683,0.010942367107971855,0.044754133,0.046447553,0.08501519,5.656809329986572,0.5731096267700195,14.527823448181152,0,5.089169025421143
A_recon,4,47,0.05551358409549879,0.010861263974853184,0.04118401,0.042588297,0.07935914,5.656808853149414,0.5774004459381104,14.732418060302734,0,5.106562614440918
A_recon,4,48,0.05200014943661897,0.010918126158092333,0.038593512,0.03987479,0.07497647,5.656808376312256,0.5811435580253601,14.821160316467285,0,5.09923791885376
A_recon,4,49,0.04922969963239587,0.010769406090611998,0.036451258,0.037362803,0.071480654,5.656805515289307,0.5699899792671204,14.969554901123047,0,5.112410068511963
A_recon,4,50,0.048926109852998154,0.01073072656341221,0.0365707,0.037334602,0.07018569,5.65680456161499,0.5795935392379761,15.037980079650879,0,5.100752115249634
A_recon,4,51,0.04514583815699038,0.01058760220589845,0.033501025,0.034243938,0.065865666,5.656800270080566,0.570207417011261,15.267816543579102,0,5.092212915420532
A_recon,4,52,0.042668814244477646,0.010610756018887396,0.031206395,0.03193244,0.06255974,5.65679931640625,0.5785199403762817,15.251618385314941,0,5.1092329025268555
A_recon,4,53,0.04067813313525656,0.010546270272006159,0.029857462,0.03045535,0.059853446,5.656798362731934,0.5761498808860779,15.3507661819458,0,5.101616144180298
A_recon,4,54,0.0393309411795243,0.010382734563039698,0.029101104,0.029381122,0.058241062,5.656795024871826,0.5841483473777771,15.477680206298828,0,5.100877046585083
A_recon,4,55,0.03771945704584536,0.010304950501607813,0.028068077,0.028375732,0.05583951,5.656795501708984,0.5755907297134399,15.588187217712402,0,5.114181041717529
A_recon,4,56,0.035722634066706116,0.010274028648500856,0.02639953,0.026666017,0.053173702,5.656794548034668,0.58064204454422,15.708109855651855,0,5.094500541687012
A_recon,4,57,0.033994272999141525,0.010191000674081884,0.024869692,0.025046956,0.051149774,5.656793117523193,0.5792998671531677,15.850540161132812,0,5.113368511199951
A_recon,4,58,0.0328743224558623,0.010162890605304552,0.024459865,0.024350675,0.04933807,5.656790733337402,0.5839166641235352,15.895923614501953,0,5.099754095077515
A_recon,4,59,0.03283826423727948,0.010144103480421978,0.0247369,0.024673175,0.048727613,5.6567888259887695,0.584158182144165,16.046117782592773,0,5.091934680938721
A_recon,4,60,0.03127375633820244,0.010038101154824963,0.023251718,0.02322099,0.04699961,5.656789302825928,0.585716724395752,16.032550811767578,0,5.101812124252319
A_recon,4,61,0.03026325288026229,0.009989036166149637,0.02280773,0.022598946,0.04550351,5.656792640686035,0.5907905101776123,16.139421463012695,0,5.094228506088257
A_recon,4,62,0.028748126133628513,0.009971099055331686,0.021501979,0.021232516,0.043747652,5.6567888259887695,0.5888965129852295,16.234434127807617,0,5.111866474151611
A_recon,4,63,0.028085037418033764,0.009878971654435863,0.021233257,0.020907508,0.042322304,5.6567840576171875,0.5971558094024658,16.349098205566406,0,5.10671591758728
A_recon,4,64,0.027636271456013554,0.009838946487592615,0.021029523,0.020567417,0.041850414,5.656787395477295,0.6005600690841675,16.392494201660156,0,5.1053466796875
A_recon,4,65,0.02690457520277604,0.009870597849721495,0.020500403,0.020231675,0.040772367,5.656787872314453,0.5999274253845215,16.583499908447266,0,5.114275217056274
A_recon,4,66,0.026140394418135933,0.009690342390018961,0.019932823,0.019544382,0.03959269,5.6567840576171875,0.6016594767570496,16.623010635375977,0,5.101790428161621
A_recon,4,67,0.025102882281593655,0.009663265684376593,0.019126909,0.018649021,0.038188305,5.6567816734313965,0.5968830585479736,16.683340072631836,0,5.113401651382446
A_recon,4,68,0.024621250836745552,0.009577556148819302,0.018902328,0.018445114,0.037376355,5.65678596496582,0.6064848303794861,16.815553665161133,0,5.118276357650757
A_recon,4,69,0.023334627566130264,0.009527571823285974,0.017996687,0.0175407,0.035850607,5.65678071975708,0.605105459690094,16.847267150878906,0,5.11070704460144
A_recon,4,70,0.023184200991754948,0.009553194693897081,0.017958162,0.017424865,0.035557974,5.656782150268555,0.6058921217918396,16.9315185546875,0,5.115572214126587
A_recon,4,71,0.022663411886795708,0.009552068036535511,0.017543234,0.017034696,0.03466636,5.6567816734313965,0.6174594163894653,17.061519622802734,0,5.0997538566589355
A_recon,4,72,0.022294065226679264,0.009422239402066107,0.017388603,0.016761644,0.034179337,5.656778335571289,0.6164426803588867,17.096561431884766,0,5.108320474624634
A_recon,4,73,0.022009053955907406,0.009427411400753519,0.017120179,0.01651566,0.033835035,5.656777381896973,0.608198881149292,17.25006675720215,0,5.128100395202637
A_recon,4,74,0.021426457425822384,0.009344614718271338,0.016459875,0.015937425,0.0332133,5.656774044036865,0.6135454177856445,17.34769058227539,0,5.107359886169434
A_recon,4,75,0.020037757313769798,0.009272592871085457,0.015909133,0.015290554,0.030848568,5.656777858734131,0.6123002767562866,17.403724670410156,0,5.115072965621948
B_task,4,1,1.015680396038553,0.0,0.995943,0.8924719,1.1425178,5.656787872314453,0.012858545407652855,16.931503295898438,0,2.8855769634246826
B_task,4,2,1.0125175973643428,0.0,0.98846704,0.8837992,1.1438252,5.656793117523193,0.011028784327208996,18.940486907958984,0,2.8483011722564697
B_task,4,3,1.0103189219599185,0.0,0.9832637,0.8773954,1.1433039,5.656787872314453,0.014552485197782516,17.79344940185547,0,2.855893135070801
B_task,4,4,1.0098286504330842,0.0,0.98331213,0.87703085,1.1430299,5.656805038452148,0.012135889381170273,15.589301109313965,0,2.8434877395629883
B_task,4,5,1.0062727720841118,0.0,0.97661644,0.87065434,1.14007,5.656820774078369,0.01168169267475605,18.639873504638672,0,2.8888728618621826
B_task,4,6,1.0029369022535242,0.0,0.97426474,0.86861825,1.136592,5.656813621520996,0.015343968756496906,17.370445251464844,0,2.8597724437713623
B_task,4,7,0.9957334269648013,0.0,0.9708298,0.8641811,1.126506,5.656791687011719,0.02951189875602722,15.220183372497559,0,2.860142707824707
B_task,4,8,0.9452369524085004,0.0,0.9253557,0.83077484,1.0603607,5.656822681427002,0.05595943331718445,13.820727348327637,0,2.8512749671936035
B_task,4,9,0.9267116214918054,0.0,0.9105691,0.81941706,1.0357789,5.656853675842285,0.0732191801071167,10.473956108093262,0,2.8627195358276367
B_task,4,10,0.8887601935345194,0.0,0.86796695,0.78361124,0.99697727,5.656816005706787,0.28294986486434937,11.821548461914062,0,2.8713200092315674
B_task,4,11,0.8491462209950322,0.0,0.8269898,0.74980897,0.95670146,5.655609607696533,0.44422614574432373,12.934296607971191,0,2.80853533744812
B_task,4,12,0.827687056168266,0.0,0.8018833,0.72699225,0.9351545,5.656776428222656,0.46596431732177734,13.532886505126953,0,2.790221929550171
B_task,4,13,0.8226681584897249,0.0,0.79711175,0.72435164,0.9284422,5.656423091888428,0.4515238404273987,14.693631172180176,0,2.8043694496154785
B_task,4,14,0.8163147801938264,0.0,0.78610903,0.71648365,0.9225887,5.65671443939209,0.5187208652496338,14.69768238067627,0,2.8356881141662598
B_task,4,15,0.8008629342784053,0.0,0.7740891,0.70386183,0.9063659,5.656355857849121,0.5097445845603943,16.26504135131836,0,2.8382279872894287
B_task,4,16,0.7610234799592391,0.0,0.7256556,0.6656053,0.86771226,5.65193510055542,0.6111032962799072,16.614784240722656,0,2.8031013011932373
B_task,4,17,0.64148007268491,0.0,0.5774991,0.5499279,0.75149834,5.642679691314697,0.6772637367248535,15.248808860778809,0,2.8062782287597656
B_task,4,18,0.4552971798440684,0.0,0.36798686,0.3763051,0.56252337,5.644783020019531,0.7244691848754883,15.053586959838867,0,2.8072385787963867
B_task,4,19,0.3630825954934825,0.0,0.28313315,0.30083585,0.45683718,5.648946285247803,0.7349573969841003,14.888257026672363,0,2.8197975158691406
B_task,4,20,0.2756028175354004,0.0,0.21133399,0.2272998,0.35671934,5.650363445281982,0.7500927448272705,14.97803020477295,0,2.816049814224243
B_task,4,21,0.2214732377425484,0.0,0.16873771,0.17901966,0.29555893,5.6512908935546875,0.7343040704727173,16.59276580810547,0,2.7906649112701416
B_task,4,22,0.17673942317133365,0.0,0.13293317,0.14071761,0.2416058,5.651391983032227,0.7655251622200012,16.378000259399414,0,2.788966655731201
B_task,4,23,0.13484744403673254,0.0,0.09922421,0.10417569,0.19096787,5.651628017425537,0.7575017213821411,16.779268264770508,0,2.8110623359680176
B_task,4,24,0.11038623685422151,0.0,0.07922863,0.08326632,0.16015255,5.651878356933594,0.7334929704666138,17.479955673217773,0,2.81609845161438
B_task,4,25,0.09047480251478113,0.0,0.06463957,0.067798495,0.13316542,5.651858806610107,0.7441747784614563,16.943471908569336,0,2.8275299072265625
B_task,4,26,0.07450282573699951,0.0,0.051797993,0.05412132,0.11258011,5.652042865753174,0.7536588907241821,17.59755516052246,0,2.803302526473999
B_task,4,27,0.0650443460630334,0.0,0.046143573,0.04783984,0.098750114,5.65194845199585,0.75053471326828,17.65444564819336,0,2.810720443725586
B_task,4,28,0.05696069675943126,0.0,0.040520385,0.04133597,0.08790358,5.652047157287598,0.7656863927841187,17.362628936767578,0,2.817373275756836
B_task,4,29,0.05151292552118716,0.0,0.036275316,0.037246794,0.07989363,5.651942253112793,0.770695686340332,17.43549919128418,0,2.819610357284546
B_task,4,30,0.04617522073828656,0.0,0.03293282,0.033356886,0.071981184,5.652044296264648,0.7742732763290405,17.45302391052246,0,2.810861825942993
B_task,4,31,0.04280105881069018,0.0,0.030734636,0.031031871,0.06735091,5.651820182800293,0.7707648873329163,17.545665740966797,0,2.791635513305664
B_task,4,32,0.038869119208791984,0.0,0.02782172,0.027945187,0.061593167,5.651972770690918,0.7862796783447266,17.272178649902344,0,2.806720495223999
B_task,4,33,0.03562550441078518,0.0,0.025959264,0.026089702,0.056443606,5.652111053466797,0.7784873247146606,17.41684913635254,0,2.8092260360717773
B_task,4,34,0.03272032478581304,0.0,0.023562077,0.023429003,0.05244745,5.65205192565918,0.7755220532417297,17.506540298461914,0,2.8349268436431885
B_task,4,35,0.030164604601652725,0.0,0.021994717,0.021750197,0.04865687,5.652141571044922,0.7782521843910217,17.49258041381836,0,2.795090675354004
B_task,4,36,0.028765406297600788,0.0,0.021120016,0.020835131,0.04647212,5.651878356933594,0.785108745098114,17.509204864501953,0,2.7890307903289795
B_task,4,37,0.030262581680131996,0.0,0.022199923,0.022185637,0.047634233,5.652073383331299,0.7870692014694214,17.448654174804688,0,2.8066020011901855
B_task,4,38,0.026788442031196926,0.0,0.020050569,0.019683229,0.042983897,5.651973247528076,0.7774157524108887,17.536314010620117,0,2.83042311668396
B_task,4,39,0.02520647256270699,0.0,0.019260803,0.018799707,0.04023068,5.65206241607666,0.7821100950241089,17.546354293823242,0,2.8249876499176025
B_task,4,40,0.02442819657533065,0.0,0.018774843,0.018518401,0.038901504,5.651880741119385,0.7788966298103333,17.66428565979004,0,2.80572772026062
B_task,4,41,0.023246288299560547,0.0,0.01756028,0.017236931,0.037488196,5.651805877685547,0.7774109840393066,17.593355178833008,0,2.792032241821289
B_task,4,42,0.021864235401153564,0.0,0.016724033,0.016197462,0.035293847,5.652061939239502,0.7743381261825562,17.615697860717773,0,2.803441286087036
B_task,4,43,0.02036409403966821,0.0,0.015928198,0.01549217,0.032841094,5.651890277862549,0.7760071754455566,17.645612716674805,0,2.830414295196533
B_task,4,44,0.01963737736577573,0.0,0.015353626,0.0148682995,0.031842884,5.652133941650391,0.7779783010482788,17.744226455688477,0,2.807041645050049
B_task,4,45,0.018993027832197105,0.0,0.014934776,0.014424096,0.030782288,5.651980876922607,0.7747101783752441,17.691869735717773,0,2.811244249343872
B_task,4,46,0.018200793991918148,0.0,0.0145664,0.013987899,0.02941203,5.651827335357666,0.774070143699646,17.733522415161133,0,2.804093360900879
B_task,4,47,0.017668527105580204,0.0,0.014190891,0.01360517,0.028813368,5.651759147644043,0.7821611166000366,17.6621036529541,0,2.8104751110076904
B_task,4,48,0.017401320778805275,0.0,0.013954237,0.013412754,0.028177775,5.65194845199585,0.7779848575592041,17.71693992614746,0,2.8130228519439697
B_task,4,49,0.017247269982876984,0.0,0.013824443,0.013323877,0.028032295,5.6519036293029785,0.7793663740158081,17.736665725708008,0,2.811021327972412
B_task,4,50,0.01657857843067335,0.0,0.013475583,0.012976762,0.026598174,5.652026653289795,0.772104799747467,17.689329147338867,0,2.8124642372131348
B_task,4,51,0.015495796566424162,0.0,0.0125927385,0.0120306285,0.025342159,5.652023792266846,0.7798773050308228,17.701786041259766,0,2.78847599029541
B_task,4,52,0.015053979728532873,0.0,0.012541138,0.011919198,0.024575578,5.651872634887695,0.7814536094665527,17.71987533569336,0,2.8267805576324463
B_task,4,53,0.014289947955504707,0.0,0.011947691,0.011383226,0.023385491,5.651910305023193,0.7753981351852417,17.840538024902344,0,2.844909906387329
B_task,4,54,0.014385719662127287,0.0,0.012179699,0.011489924,0.023534343,5.651920795440674,0.7752830982208252,17.764698028564453,0,2.7882773876190186
B_task,4,55,0.014820557573567266,0.0,0.012364608,0.011778716,0.023973137,5.651902675628662,0.7799870371818542,17.72495460510254,0,2.8060293197631836
B_task,4,56,0.013917482417562733,0.0,0.011649675,0.011078119,0.02267605,5.6517791748046875,0.7808140516281128,17.79292869567871,0,2.801236867904663
B_task,4,57,0.013213501028392626,0.0,0.011297891,0.010654249,0.021619093,5.651815414428711,0.7835500836372375,17.799400329589844,0,2.827573299407959
B_task,4,58,0.012944224088088326,0.0,0.011151748,0.0104985945,0.021170598,5.651701927185059,0.7819013595581055,17.758472442626953,0,2.8218653202056885
B_task,4,59,0.013050973415374756,0.0,0.011110763,0.010540509,0.021261021,5.651927471160889,0.784681499004364,17.83925437927246,0,2.7891273498535156
B_task,4,60,0.012700293375098187,0.0,0.010836684,0.010147822,0.020831592,5.6519060134887695,0.7811022996902466,17.783992767333984,0,2.807697296142578
C_scene,4,1,1.0140291296917459,0.08052712419758672,0.9938204,0.88939774,1.142174,5.656634330749512,0.014069916680455208,18.79235076904297,0,2.8773741722106934
C_scene,4,2,1.0131472711977751,0.07153742209724757,0.98962843,0.88471067,1.144486,5.656641960144043,0.013284441083669662,19.172786712646484,0,2.89028000831604
C_scene,4,3,1.009977921195652,0.07141909391983696,0.9827381,0.8767988,1.1429359,5.65662145614624,0.016269734129309654,21.19269561767578,0,2.884357213973999
C_scene,4,4,1.0093145785124407,0.07022719797880753,0.981714,0.87586117,1.142897,5.655024528503418,0.20171605050563812,15.762022018432617,0,2.8701727390289307
C_scene,4,5,1.0028207198433254,0.0550575360007908,0.9751928,0.86770165,1.136803,5.654563903808594,0.4593237638473511,15.347532272338867,0,2.8671185970306396
C_scene,4,6,0.9955223746921705,0.03791485662045686,0.96713674,0.8613359,1.1300956,5.655845642089844,0.4920944571495056,17.139564514160156,0,2.8535478115081787
C_scene,4,7,0.9873767521070398,0.03038117678269096,0.9605615,0.8545038,1.1205566,5.654689788818359,0.540143609046936,18.835302352905273,0,2.894087791442871
C_scene,4,8,0.9531620689060377,0.026438062605650528,0.9331932,0.8311339,1.0769206,5.654581069946289,0.4888474941253662,19.704092025756836,0,2.8632760047912598
C_scene,4,9,0.9011526522429093,0.02722406128178472,0.8801157,0.79082596,1.0137914,5.653835773468018,0.5178213119506836,21.819753646850586,0,2.8581557273864746
C_scene,4,10,0.8605568097985309,0.028118382329526154,0.84198505,0.7605777,0.9636238,5.654368877410889,0.5500098466873169,21.710891723632812,0,2.854749917984009
C_scene,4,11,0.8209881989852242,0.027533202067665432,0.79853725,0.7247054,0.92496467,5.652340888977051,0.5866570472717285,22.95326805114746,0,2.8582475185394287
C_scene,4,12,0.7539459726084834,0.027767860371133556,0.729685,0.66732866,0.8516837,5.646567344665527,0.652131199836731,23.150318145751953,0,2.876711368560791
C_scene,4,13,0.6990236199420431,0.028172837651294212,0.67710686,0.6236562,0.7895651,5.649469375610352,0.7542993426322937,23.39275360107422,0,2.853071451187134
C_scene,4,14,0.619420341823412,0.028323878412661346,0.5975846,0.55482227,0.70199937,5.64132022857666,0.7477084994316101,24.323226928710938,0,2.8495774269104004
C_scene,4,15,0.5188215919162916,0.030981763549472973,0.49609098,0.46698496,0.5955719,5.636697769165039,0.8260989189147949,24.76180076599121,0,2.8449347019195557
C_scene,4,16,0.42565345764160156,0.030451212240302044,0.40262944,0.38413858,0.4943293,5.641275882720947,0.8217763900756836,24.952058792114258,0,2.855280876159668
C_scene,4,17,0.3337575041729471,0.02899823240611864,0.3134358,0.30594307,0.39171556,5.632350921630859,0.8520598411560059,25.1182861328125,0,2.8696820735931396
C_scene,4,18,0.2722538865130881,0.02849442025889521,0.25303942,0.2527264,0.3206011,5.631142616271973,0.8426585793495178,25.372549057006836,0,2.8485395908355713
C_scene,4,19,0.22946817978568698,0.02706106071886809,0.21485342,0.21754868,0.269321,5.63355827331543,0.8485182523727417,25.788150787353516,0,2.8477885723114014
C_scene,4,20,0.193301594775656,0.025715320006660793,0.180276,0.18572888,0.22594531,5.637551307678223,0.8224652409553528,25.987695693969727,0,2.8449981212615967
C_scene,4,21,0.169243688168733,0.024776883747266686,0.15788136,0.16397451,0.19831896,5.638110160827637,0.8283449411392212,26.008298873901367,0,2.877634048461914
C_scene,4,22,0.14258915445078973,0.02366082823794821,0.13411854,0.14057492,0.16641624,5.6375298500061035,0.8320780396461487,26.07241439819336,0,2.85449481010437
C_scene,4,23,0.12444410116776176,0.02305522690648618,0.117963314,0.12294495,0.14642061,5.641188144683838,0.8148279190063477,26.201200485229492,0,2.8448777198791504
C_scene,4,24,0.10823200059973676,0.022074144819508427,0.10431965,0.108311325,0.12828472,5.6412739753723145,0.8367335200309753,25.99040985107422,0,2.8527116775512695
C_scene,4,25,0.09571372944375743,0.021241011826888374,0.09253612,0.095823064,0.114346094,5.640814304351807,0.8139690160751343,26.34345054626465,0,2.858330726623535
C_scene,4,26,0.08485495525857677,0.02036073544751043,0.08358058,0.08589791,0.10230944,5.6415114402771,0.7988212704658508,26.52078628540039,0,2.876220703125
C_scene,4,27,0.08007215416949728,0.01983392886493517,0.07937282,0.08147745,0.096217476,5.642770290374756,0.8175169229507446,26.604490280151367,0,2.857849597930908
C_scene,4,28,0.07118080491605012,0.019269787746927013,0.07062695,0.072536245,0.086996764,5.642733097076416,0.8221534490585327,26.6186580657959,0,2.850796937942505
C_scene,4,29,0.06507590024367622,0.018615701924199642,0.06560257,0.0668403,0.07900898,5.644345760345459,0.7921352386474609,26.682323455810547,0,2.8477845191955566
C_scene,4,30,0.060078403224115784,0.018159769151521767,0.061469458,0.061803944,0.07400594,5.644580841064453,0.8067322969436646,26.74021339416504,0,2.8705592155456543
C_scene,4,31,0.053731348203576126,0.017535755167836727,0.055361774,0.055547964,0.06671402,5.6443257331848145,0.8072522282600403,26.613061904907227,0,2.8631985187530518
C_scene,4,32,0.051315965859786324,0.01702041729636814,0.053470373,0.053446386,0.06395762,5.645069599151611,0.8070906400680542,26.754127502441406,0,2.8458549976348877
C_scene,4,33,0.04588916509047798,0.016569961672243866,0.047868896,0.04787084,0.058025315,5.64601469039917,0.7989593744277954,26.877676010131836,0,2.841064691543579
C_scene,4,34,0.042530036490896476,0.016086717014727386,0.044997785,0.044438463,0.054458693,5.646662712097168,0.8083796501159668,26.94207000732422,0,2.8593034744262695
C_scene,4,35,0.03996093895124352,0.015543875486954399,0.042802136,0.042036355,0.050872613,5.646547317504883,0.7916988134384155,26.960262298583984,0,2.8818740844726562
C_scene,4,36,0.03750817672066067,0.015142742706381756,0.040336262,0.039610893,0.04858209,5.647180080413818,0.7997516393661499,27.044275283813477,0,2.8493733406066895
C_scene,4,37,0.03671237696772036,0.014884475780569988,0.039377782,0.038865246,0.04739344,5.647324562072754,0.8009100556373596,27.04720115661621,0,2.8489699363708496
C_scene,4,38,0.034946698209513787,0.014572422141614168,0.03763564,0.03692171,0.04532825,5.64796781539917,0.7994716763496399,27.16449737548828,0,2.8485004901885986
C_scene,4,39,0.03329564695772917,0.014253068229426508,0.03663721,0.03579769,0.0431556,5.647655963897705,0.7960360050201416,27.22694969177246,0,2.8881125450134277
C_scene,4,40,0.03324229561764261,0.013942592817804089,0.03594321,0.034932073,0.043403156,5.6476149559021,0.801063597202301,27.22592544555664,0,2.8868911266326904
C_scene,4,41,0.032761617847110916,0.013776823230411695,0.035490647,0.034710582,0.04231106,5.647845268249512,0.8096179366111755,27.286827087402344,0,2.833738327026367
C_scene,4,42,0.03185501565103945,0.013549247513646666,0.03476543,0.0338585,0.04108765,5.648480415344238,0.8067703247070312,27.316242218017578,0,2.844400405883789
C_scene,4,43,0.029342096784840458,0.013281061597492384,0.03217704,0.031527374,0.038131498,5.648656368255615,0.7993931770324707,27.307947158813477,0,2.864187240600586
C_scene,4,44,0.029891586822012196,0.012939357239267101,0.03279332,0.031957302,0.03868354,5.648274898529053,0.8076848387718201,27.29764747619629,0,2.8736977577209473
C_scene,4,45,0.030209403970967167,0.012819605029147604,0.032620657,0.03178801,0.039347507,5.648873329162598,0.8044542074203491,27.385059356689453,0,2.8891968727111816
C_scene,4,46,0.029339735922606094,0.01269858427669691,0.032005485,0.031173842,0.03783383,5.6490278244018555,0.8113992214202881,27.451332092285156,0,2.8520843982696533
C_scene,4,47,0.026275756566420845,0.0123062613217727,0.029076176,0.028374404,0.034415655,5.649349212646484,0.8044606447219849,27.39144515991211,0,2.855560064315796
C_scene,4,48,0.024650322354358177,0.012090421241262684,0.02764593,0.026905425,0.032298382,5.650028705596924,0.7975015044212341,27.41496467590332,0,2.842276096343994
C_scene,4,49,0.025205656238224194,0.011896446995113207,0.027818328,0.027283728,0.032884154,5.649374008178711,0.8011441826820374,27.555566787719727,0,2.8815853595733643
C_scene,4,50,0.025388124196425728,0.01176625749339228,0.028134486,0.027375804,0.033054695,5.649715423583984,0.8090529441833496,27.469858169555664,0,2.857889175415039
C_scene,4,51,0.023518367953922436,0.011594815098721048,0.026038505,0.025474884,0.031099528,5.650146484375,0.8056694269180298,27.514562606811523,0,2.8531384468078613
C_scene,4,52,0.02166859999946926,0.011341713044954382,0.024759058,0.023920016,0.028620124,5.649417877197266,0.8005416393280029,27.523611068725586,0,2.867676019668579
C_scene,4,53,0.02197033685186635,0.011185459468675696,0.025032494,0.0243018,0.0287188,5.650625705718994,0.800460934638977,27.543947219848633,0,2.862734794616699
C_scene,4,54,0.021612330623294995,0.010975692583167034,0.02442118,0.023859307,0.028052952,5.650338172912598,0.8005008697509766,27.565303802490234,0,2.8824470043182373
C_scene,4,55,0.022438730882561726,0.010891463445580524,0.024840282,0.024242666,0.029596813,5.650474548339844,0.8093681335449219,27.545700073242188,0,2.85317063331604
C_scene,4,56,0.02220200714857682,0.010846284420593925,0.024939265,0.024305522,0.028761929,5.650326728820801,0.8117908239364624,27.599580764770508,0,2.8524022102355957
C_scene,4,57,0.021179239387097565,0.01063557681830033,0.023995291,0.023254057,0.02774728,5.650955677032471,0.8150928616523743,27.577207565307617,0,2.848985195159912
C_scene,4,58,0.0205602853194527,0.010495916656825853,0.023005372,0.022408063,0.027271437,5.650758743286133,0.808377742767334,27.70816993713379,0,2.8718461990356445
C_scene,4,59,0.024879141994144604,0.010559273154839226,0.027469728,0.026553662,0.031758636,5.651033878326416,0.8015990257263184,27.61158561706543,0,2.8752951622009277
C_scene,4,60,0.022592477176500404,0.010396698894708054,0.024624258,0.024100037,0.029441118,5.651173114776611,0.8036589622497559,27.66978645324707,0,2.8436548709869385
C_scene,4,61,0.019555273263350777,0.010165764585785244,0.022139043,0.021583568,0.025596347,5.651071071624756,0.8073842525482178,27.59951400756836,0,2.840256690979004
C_scene,4,62,0.01789899623912314,0.009909353178480396,0.020620503,0.019957904,0.023892336,5.651640892028809,0.8073134422302246,27.631526947021484,0,2.8489320278167725
C_scene,4,63,0.016942181017087853,0.009821184303449549,0.019678343,0.019057993,0.022669451,5.651625156402588,0.8063727617263794,27.73699951171875,0,2.875300884246826
C_scene,4,64,0.017406405314155247,0.009651823536209438,0.020111727,0.01932633,0.023256736,5.651596546173096,0.8082350492477417,27.680082321166992,0,2.8808751106262207
C_scene,4,65,0.01673079832740452,0.009536699108455492,0.019558707,0.01890698,0.022326726,5.651645183563232,0.802665650844574,27.745927810668945,0,2.8471109867095947
C_scene,4,66,0.016550622556520546,0.009465515613555908,0.019025313,0.018610422,0.02211219,5.651792526245117,0.8049519062042236,27.763996124267578,0,2.8380415439605713
C_scene,4,67,0.01601685389228489,0.009328375691952913,0.018570434,0.01790367,0.021573365,5.651789665222168,0.8056177496910095,27.678800582885742,0,2.849761962890625
C_scene,4,68,0.015929963277733845,0.009191315459168476,0.01860767,0.018128091,0.021055995,5.651859283447266,0.8102164268493652,27.80911636352539,0,2.881932258605957
C_scene,4,69,0.015884966953941013,0.009070666587871054,0.018301604,0.017727995,0.021392409,5.652096748352051,0.8037123680114746,27.796058654785156,0,2.8382019996643066
C_scene,4,70,0.016342935354813286,0.009040079686952673,0.018780349,0.018207245,0.02168285,5.65219783782959,0.8041263818740845,27.83092498779297,0,2.845416307449341
C_scene,4,71,0.017108549242434296,0.009001207092533941,0.019397853,0.018690411,0.02270837,5.652331829071045,0.8089408278465271,27.749263763427734,0,2.8442564010620117
C_scene,4,72,0.01760452467462291,0.008958592363025831,0.019701263,0.019106988,0.023422021,5.6519622802734375,0.8166152238845825,27.726171493530273,0,2.8603105545043945
C_scene,4,73,0.016004554603410805,0.008823360437932222,0.018307468,0.017752072,0.021090962,5.652186393737793,0.809579610824585,27.754789352416992,0,2.88297438621521
C_scene,4,74,0.015497709098069565,0.008700528870458189,0.017824428,0.017232317,0.020674296,5.65236759185791,0.8048155307769775,27.769649505615234,0,2.8455209732055664
C_scene,4,75,0.015334326287974482,0.008617563092190287,0.017774073,0.017137157,0.020483628,5.652362823486328,0.8101040124893188,27.786060333251953,0,2.843021869659424
C_scene,4,76,0.015372880127118982,0.008553876825000929,0.017576301,0.01704307,0.020388892,5.652585983276367,0.8108577728271484,27.830400466918945,0,2.840031147003174
C_scene,4,77,0.014142386291338049,0.008415943254595217,0.016435115,0.01586732,0.019086732,5.652702331542969,0.8066998720169067,27.812875747680664,0,2.8785290718078613
C_scene,4,78,0.014762401580810547,0.008367646647536236,0.01703994,0.016285619,0.020034099,5.652792930603027,0.8171632289886475,27.75867462158203,0,2.8597607612609863
C_scene,4,79,0.015179012132727581,0.00828082535577857,0.017452486,0.016839396,0.01992919,5.652655124664307,0.8104917407035828,27.820016860961914,0,2.847036600112915
C_scene,4,80,0.014241240594698034,0.008225584807603256,0.016436491,0.015849225,0.019184245,5.6527886390686035,0.8132431507110596,27.767742156982422,0,2.836263656616211
C_scene,4,81,0.01418039461840754,0.008110203820726147,0.016407305,0.015804553,0.018813461,5.652749061584473,0.8135985136032104,27.825185775756836,0,2.8479270935058594
C_scene,4,82,0.013459799082382866,0.008046922476395317,0.015689036,0.0150742745,0.018172866,5.652834892272949,0.816624104976654,27.76748275756836,0,2.8818087577819824
C_scene,4,83,0.014025280009145323,0.007972175660340683,0.016286273,0.015814798,0.018396316,5.653061866760254,0.8188961744308472,27.751493453979492,0,2.846461772918701
C_scene,4,84,0.013261995885683142,0.007891167765078337,0.015234321,0.01462015,0.01800519,5.653128623962402,0.8176896572113037,27.750255584716797,0,2.8521289825439453
C_scene,4,85,0.012711263221243153,0.00781616827715998,0.01492314,0.014321483,0.017071646,5.6531476974487305,0.8194010257720947,27.83955955505371,0,2.852994918823242
C_scene,4,86,0.01214936375617981,0.007755536748015363,0.014457011,0.013827926,0.01647837,5.6534104347229,0.8137816190719604,27.807598114013672,0,2.8592681884765625
C_scene,4,87,0.012937716815782629,0.007683639293131621,0.0150062535,0.014472427,0.017462099,5.653295040130615,0.819063663482666,27.78326416015625,0,2.8948795795440674
C_scene,4,88,0.013439523137134054,0.00771147854950117,0.015665257,0.015067394,0.01788609,5.653169631958008,0.8126053214073181,27.823720932006836,0,2.851900100708008
C_scene,4,89,0.012983007275539896,0.00760281345118647,0.015092405,0.014457062,0.01734043,5.65352201461792,0.8107115030288696,27.78843116760254,0,2.8516297340393066
C_scene,4,90,0.012212142996166063,0.0074746129305466365,0.014294188,0.013564698,0.01662137,5.653453826904297,0.8127357959747314,27.78891372680664,0,2.8478171825408936
C_scene,4,91,0.012422227341195812,0.00746505415957907,0.0144941015,0.013982292,0.016519533,5.6535325050354,0.8112111687660217,27.781328201293945,0,2.8644094467163086
C_scene,4,92,0.012334259955779366,0.0073913407066594,0.014551721,0.013908839,0.016496621,5.653693199157715,0.8162684440612793,27.781131744384766,0,2.8772764205932617
C_scene,4,93,0.012107400790504787,0.007308161776998769,0.0141935265,0.0137155345,0.016231362,5.65339994430542,0.8112585544586182,27.822399139404297,0,2.8553178310394287
C_scene,4,94,0.012961611799571825,0.00731495605862659,0.014956236,0.014289719,0.017320462,5.653489112854004,0.814150869846344,27.81564712524414,0,2.8410911560058594
C_scene,4,95,0.012630215157633242,0.007256082866502845,0.014428386,0.013805532,0.017036164,5.653604507446289,0.8172227144241333,27.72384262084961,0,2.844109535217285
C_scene,4,96,0.012713559295820154,0.007225460332372914,0.014592759,0.013950804,0.01710019,5.653707027435303,0.814834475517273,27.808061599731445,0,2.8748419284820557
C_scene,4,97,0.012376833221186762,0.007190515165743621,0.014284444,0.0136305755,0.0166214,5.653763294219971,0.8186793327331543,27.760507583618164,0,2.86842679977417
C_scene,4,98,0.012481555990550829,0.007144434944443081,0.014297604,0.01376348,0.016596977,5.654001235961914,0.8140981197357178,27.773958206176758,0,2.8503830432891846
C_scene,4,99,0.012185867713845295,0.007052946349848871,0.014130237,0.013460766,0.016106812,5.653941631317139,0.8158010840415955,27.780614852905273,0,2.8467249870300293
C_scene,4,100,0.010943828717522,0.007015360438305399,0.012791971,0.012264879,0.014761378,5.654092311859131,0.8120765686035156,27.752492904663086,0,2.8634865283966064
C_scene,4,101,0.011358701664468517,0.006919800587322401,0.013329108,0.01265489,0.015266391,5.654213905334473,0.8195167779922485,27.719348907470703,0,2.9084930419921875
C_scene,4,102,0.01203106278958528,0.006895221445871436,0.013817554,0.013066426,0.016146591,5.653928279876709,0.8175168633460999,27.81454086303711,0,2.85976243019104
C_scene,4,103,0.01295485574266185,0.0069463486256806746,0.014549168,0.013852517,0.017407335,5.654026508331299,0.8213338851928711,27.76630973815918,0,2.8514249324798584
C_scene,4,104,0.01220772966094639,0.006782712495845297,0.013809168,0.013194033,0.016149659,5.654056072235107,0.8201430439949036,27.6992130279541,0,2.870265245437622
C_scene,4,105,0.011365442172340725,0.006766147587610328,0.013285295,0.012689605,0.0152856605,5.654030799865723,0.8174452185630798,27.782588958740234,0,2.856137990951538
C_scene,4,106,0.010544623369755953,0.006691528403240702,0.012384867,0.011805967,0.014254152,5.65427303314209,0.8162832260131836,27.7073917388916,0,2.8848063945770264
C_scene,4,107,0.010563724066900171,0.00668521031089451,0.01238061,0.011805208,0.014388822,5.65431547164917,0.8209065198898315,27.729555130004883,0,2.8562371730804443
C_scene,4,108,0.010355152513669886,0.00659979231979536,0.012129067,0.0115371,0.014146874,5.654190540313721,0.8172221183776855,27.74588966369629,0,2.8500025272369385
C_scene,4,109,0.011193805414697399,0.006536984573239865,0.012870305,0.012273314,0.014958219,5.654544353485107,0.8133100271224976,27.781620025634766,0,2.850395441055298
C_scene,4,110,0.010579911263092705,0.006534872495609781,0.0122823985,0.011571567,0.014402961,5.6543097496032715,0.8214036822319031,27.75644874572754,0,2.876832962036133
C_scene,4,111,0.00956723223561826,0.0064927637577056885,0.011456366,0.010889605,0.012992197,5.654480457305908,0.8209354281425476,27.75424575805664,0,2.861302137374878
C_scene,4,112,0.008791409108949743,0.006353258438732313,0.0106999595,0.010107618,0.011981166,5.654465675354004,0.8181729912757874,27.74235725402832,0,2.846646785736084
C_scene,4,113,0.00924491752748904,0.006312345033106597,0.011167208,0.010527787,0.012570173,5.654592514038086,0.8196464776992798,27.735586166381836,0,2.8483469486236572
C_scene,4,114,0.009227779248486395,0.006238308937653252,0.01102515,0.0103437845,0.012646708,5.654588222503662,0.8159460425376892,27.793292999267578,0,2.849752902984619
C_scene,4,115,0.009094476051952528,0.006218831176343171,0.011035872,0.010375672,0.012406781,5.654549598693848,0.8190981149673462,27.733747482299805,0,2.895171880722046
C_scene,4,116,0.009516064239584881,0.006185506349024566,0.011306311,0.010654221,0.013032449,5.654623031616211,0.8168765306472778,27.729806900024414,0,2.8462095260620117
C_scene,4,117,0.009557745378950367,0.006183472664459892,0.011203736,0.010652855,0.012928684,5.654760837554932,0.8097082376480103,27.799039840698242,0,2.8486945629119873
C_scene,4,118,0.010312693922416023,0.006210859702981036,0.011905257,0.011252887,0.013945666,5.6546807289123535,0.8243199586868286,27.673206329345703,0,2.8430542945861816
C_scene,4,119,0.010352967225986979,0.006167041218799093,0.011788371,0.0111609,0.014092528,5.654696464538574,0.8183080554008484,27.799285888671875,0,2.8652634620666504
C_scene,4,120,0.009982579428216686,0.006111613434293996,0.011691306,0.011068657,0.013313283,5.654643535614014,0.8213191032409668,27.711076736450195,0,2.8873801231384277
D_latent,4,1,1.016225648962933,0.20366732970527981,0.99599606,0.8911086,1.1447824,5.656581401824951,0.40434569120407104,3.8950343132019043,0,3.685276985168457
D_latent,4,2,1.0154795439346977,0.017979744983756023,0.9946083,0.8883879,1.1457243,5.656688690185547,0.5210391879081726,3.5073251724243164,0,3.654817581176758
D_latent,4,3,1.0131215634553328,0.00891842271970666,0.9882401,0.8823431,1.1458431,5.6567182540893555,0.5244671106338501,3.5151870250701904,0,3.6703760623931885
D_latent,4,4,1.0132826100225034,0.0053143951555956965,0.98859715,0.88208,1.1467632,5.6567511558532715,0.4434312582015991,3.6575069427490234,0,3.657578945159912
D_latent,4,5,1.0076318823772927,0.002804049331208934,0.97933364,0.87412405,1.1419028,5.656763076782227,0.4193965196609497,3.7461698055267334,0,3.6367135047912598
D_latent,4,6,1.0063404414964758,0.0019160282352696295,0.9775679,0.8728521,1.1409156,5.656773090362549,0.37349408864974976,3.9249908924102783,0,3.629688262939453
D_latent,4,7,1.0061271501624065,0.0019593400799709816,0.978423,0.8722263,1.1406044,5.656778812408447,0.3480033278465271,4.14721155166626,0,3.6722795963287354
D_latent,4,8,1.0054268215013586,0.0013636156268741774,0.9763802,0.87066704,1.1401823,5.656780242919922,0.34247979521751404,4.413585662841797,0,3.654733657836914
D_latent,4,9,1.0057227922522503,0.0010838709447694862,0.9768869,0.87113225,1.1404331,5.6567816734313965,0.3274226784706116,4.683358192443848,0,3.623599052429199
D_latent,4,10,1.0085752735967222,0.0011161939929360929,0.9785891,0.87266535,1.143634,5.656782627105713,0.30922359228134155,5.014623641967773,0,3.616868495941162
D_latent,4,11,1.0060219142747961,0.0015406491963759713,0.97709054,0.8713253,1.1410176,5.656774997711182,0.32985690236091614,5.284941673278809,0,3.6511809825897217
D_latent,4,12,1.0037769649339758,0.0017956700985846312,0.97591496,0.8695698,1.1372584,5.656769275665283,0.33423763513565063,5.711183071136475,0,3.6229023933410645
D_latent,4,13,1.0058504187542459,0.0015248228674349577,0.97826874,0.8714121,1.140053,5.656759738922119,0.3592405319213867,6.021395206451416,0,3.6212100982666016
D_latent,4,14,1.0062546937362007,0.0020670025892879653,0.9768497,0.8708091,1.1413121,5.656750679016113,0.39680564403533936,6.2245001792907715,0,3.635788917541504
D_latent,4,15,1.0016086412512737,0.003220463576524154,0.97362965,0.8668901,1.136183,5.656740665435791,0.42418843507766724,6.4674482345581055,0,3.638054132461548
D_latent,4,16,0.9816438426142153,0.005191635502421338,0.9557537,0.85212773,1.1128193,5.65673828125,0.4791647791862488,6.429455280303955,0,3.6102936267852783
D_latent,4,17,0.9352509042491084,0.009263015311697254,0.9169843,0.8242796,1.0485978,5.6567769050598145,0.47660380601882935,6.303948879241943,0,3.5960276126861572
D_latent,4,18,0.9178232110064962,0.0075734238261761875,0.8991298,0.8131075,1.0243717,5.656798362731934,0.433338463306427,6.514084815979004,0,3.6356382369995117
D_latent,4,19,0.8986869480298914,0.009685954321985659,0.8812043,0.79787266,1.0005933,5.656800746917725,0.46020811796188354,6.5541462898254395,0,3.6192879676818848
D_latent,4,20,0.8825770668361498,0.008623820284138555,0.86326784,0.7838406,0.98370236,5.656813621520996,0.4577725827693939,6.4838948249816895,0,3.609168291091919
D_latent,4,21,0.8745871004850968,0.009326445019763449,0.85499436,0.77692175,0.9747276,5.656810760498047,0.4866044819355011,6.629809856414795,0,3.5952987670898438
D_latent,4,22,0.8741532201352327,0.007251803641733916,0.85509044,0.77816516,0.9721785,5.65680456161499,0.4917778968811035,6.925516605377197,0,3.6290996074676514
D_latent,4,23,0.857834525730299,0.011331372934839,0.8377437,0.76442087,0.9545161,5.656780242919922,0.5321879386901855,7.378388404846191,0,3.608220100402832
D_latent,4,24,0.8287922403086787,0.022909490958504055,0.8030137,0.7379318,0.92615914,5.656602382659912,0.626213550567627,9.068798065185547,0,3.5937483310699463
D_latent,4,25,0.6714041336722996,0.04198088853255562,0.62445676,0.5945478,0.7695233,5.655092239379883,0.7088524103164673,11.752099990844727,0,3.579517126083374
D_latent,4,26,0.4374480040177055,0.046140064363894256,0.36593974,0.37739012,0.5292047,5.654318332672119,0.748133659362793,12.35831356048584,0,3.6103405952453613
D_latent,4,27,0.36915260812510614,0.048181098440419075,0.30051413,0.31957707,0.44749546,5.655243396759033,0.743574321269989,12.097996711730957,0,3.560781717300415
D_latent,4,28,0.3217646557351817,0.06461530146391495,0.25508216,0.27349424,0.3967033,5.655675411224365,0.741150438785553,12.7616605758667,0,3.5632126331329346
D_latent,4,29,0.2900730630625849,0.08264040946960449,0.22874603,0.2472291,0.35875598,5.655704498291016,0.7382768392562866,13.468588829040527,0,3.588229179382324
D_latent,4,30,0.2527529467707095,0.08995082067406696,0.19360663,0.21055496,0.32047987,5.655620574951172,0.7471734285354614,13.914612770080566,0,3.5823557376861572
D_latent,4,31,0.21916984475177267,0.09183257559071416,0.16392933,0.17973447,0.2840978,5.655709266662598,0.7562652826309204,14.588095664978027,0,3.5602545738220215
D_latent,4,32,0.1874075350554093,0.09215507300003715,0.13892132,0.15260853,0.24765156,5.65584135055542,0.7434940338134766,15.469084739685059,0,3.5611722469329834
D_latent,4,33,0.15633081353229025,0.08955879833387292,0.11705375,0.12763031,0.20913811,5.655825138092041,0.7304823994636536,16.163589477539062,0,3.5913190841674805
D_latent,4,34,0.12320144280143407,0.08415321681810461,0.09171927,0.098818064,0.16966674,5.655782699584961,0.7491529583930969,16.560626983642578,0,3.5793261528015137
D_latent,4,35,0.10361803096273671,0.07969551501066788,0.077617474,0.08276368,0.14404657,5.655796527862549,0.736443281173706,17.049362182617188,0,3.5641133785247803
D_latent,4,36,0.08745994775191597,0.0746943069540936,0.06540592,0.0690433,0.12371468,5.655491352081299,0.7296129465103149,17.686519622802734,0,3.5598740577697754
D_latent,4,37,0.07683193683624268,0.07163328709809677,0.057856478,0.060650546,0.10871426,5.655751705169678,0.7183918356895447,17.74671173095703,0,3.594635009765625
D_latent,4,38,0.06722086408863896,0.06793363197990086,0.05046528,0.05236897,0.09619314,5.6557793617248535,0.7121699452400208,17.682842254638672,0,3.576169013977051
D_latent,4,39,0.05980229377746582,0.06454154719477115,0.045191817,0.046435937,0.0861382,5.655755996704102,0.7156280279159546,18.06167221069336,0,3.5756382942199707
D_latent,4,40,0.05548156862673552,0.06311048113781473,0.042211164,0.043096855,0.080132805,5.655635833740234,0.7164211273193359,18.462064743041992,0,3.567899465560913
D_latent,4,41,0.04987967014312744,0.06103050708770752,0.038361616,0.038834494,0.07225485,5.655658721923828,0.7152169942855835,18.458072662353516,0,3.597362518310547
D_latent,4,42,0.04627975691919741,0.05933248996734619,0.0360394,0.036107358,0.06738051,5.655655384063721,0.7088606357574463,18.723125457763672,0,3.564418077468872
D_latent,4,43,0.042859230352484665,0.05802719489387844,0.03376115,0.0336541,0.06262771,5.655571460723877,0.7056624889373779,18.813783645629883,0,3.578183174133301
D_latent,4,44,0.041140061357746956,0.05686764613441799,0.032751568,0.03245127,0.05988555,5.655540466308594,0.7121776938438416,19.066696166992188,0,3.5808265209198
D_latent,4,45,0.03767782968023549,0.05539092291956362,0.030067343,0.02960635,0.055581592,5.655574798583984,0.7071493864059448,19.24015235900879,0,3.596423625946045
D_latent,4,46,0.03587423200192659,0.05438116322393003,0.0289754,0.028350797,0.052550327,5.655511856079102,0.7074185609817505,19.449878692626953,0,3.5678796768188477
D_latent,4,47,0.03358737800432288,0.05317228255064591,0.027532883,0.026669778,0.049257424,5.655499458312988,0.7009074091911316,19.595705032348633,0,3.5803818702697754
D_latent,4,48,0.03209914331850798,0.05253142895905868,0.026461814,0.025610954,0.04719792,5.655423164367676,0.708109974861145,19.72998046875,0,3.5958943367004395
D_latent,4,49,0.031009497849837593,0.05189016072646431,0.025527498,0.024744185,0.045516565,5.655487537384033,0.6996257305145264,19.852067947387695,0,3.602964162826538
D_latent,4,50,0.02811136712198672,0.05042275656824526,0.02340422,0.022646492,0.041641936,5.655479907989502,0.7020063400268555,19.955286026000977,0,3.5733273029327393
D_latent,4,51,0.027277949063674263,0.049547122872394066,0.02295617,0.021987755,0.04023479,5.655451774597168,0.6962989568710327,20.036441802978516,0,3.573498487472534
D_latent,4,52,0.02617381707481716,0.048733001169951065,0.021984631,0.020960294,0.03896306,5.65541410446167,0.6974153518676758,20.161211013793945,0,3.5953369140625
D_latent,4,53,0.025186994801396908,0.047934039779331375,0.021320095,0.020325726,0.0375569,5.655401706695557,0.6968324184417725,20.24228858947754,0,3.6055572032928467
D_latent,4,54,0.023872365122256073,0.047094044478043266,0.020773541,0.019714039,0.035311747,5.655449867248535,0.6918864250183105,20.389366149902344,0,3.5653371810913086
D_latent,4,55,0.023546695709228516,0.046640183614647904,0.020375157,0.019249013,0.03519883,5.655346870422363,0.7019764184951782,20.300806045532227,0,3.5749802589416504
D_latent,4,56,0.02226114791372548,0.04597968122233515,0.019554978,0.018486138,0.03298218,5.655365467071533,0.694129228591919,20.594860076904297,0,3.6105377674102783
D_latent,4,57,0.022477460944134255,0.04572046839672586,0.020020835,0.018915446,0.033021737,5.655340671539307,0.6986229419708252,20.579591751098633,0,3.58737850189209
D_latent,4,58,0.02151880056961723,0.04492338843967603,0.019071985,0.018015716,0.031895235,5.6553521156311035,0.6913865208625793,20.696941375732422,0,3.5744574069976807
D_latent,4,59,0.021323013564814693,0.04442072951275369,0.018910943,0.017912427,0.031372875,5.655383586883545,0.6940513253211975,20.774038314819336,0,3.5839107036590576
D_latent,4,60,0.020100480836370716,0.043835173482480255,0.01796593,0.016929753,0.029944284,5.655351161956787,0.6861876249313354,20.9160213470459,0,3.6054563522338867
D_latent,4,61,0.019277397705161053,0.04285314031269239,0.017427612,0.016291367,0.028765498,5.655416965484619,0.6892906427383423,20.9061336517334,0,3.5724477767944336
D_latent,4,62,0.018930146227712216,0.04214339930078258,0.017454352,0.016242735,0.028124085,5.655390739440918,0.691962480545044,20.97079849243164,0,3.5805649757385254
D_latent,4,63,0.018253909504931908,0.04154206618018772,0.016719466,0.015549888,0.027350636,5.6553635597229,0.6906247138977051,20.975078582763672,0,3.587265729904175
D_latent,4,64,0.017795360606649647,0.04109803230866142,0.016524501,0.015285779,0.026427796,5.655439853668213,0.6882779598236084,21.016130447387695,0,3.614351987838745
D_latent,4,65,0.017168832861858864,0.04023916306702987,0.01582449,0.014805045,0.025843892,5.655387878417969,0.6860633492469788,20.951711654663086,0,3.5856659412384033
B_task_nopark,4,1,1.0168465324070142,0.0,1.0037299,0.9312188,1.1054355,5.656832218170166,0.008959345519542694,17.918983459472656,0,2.8591408729553223
B_task_nopark,4,2,1.0143615888512654,0.0,0.99782944,0.9276436,1.1038755,5.656834125518799,0.011543073691427708,16.517261505126953,0,2.8522536754608154
B_task_nopark,4,3,1.014150619506836,0.0,0.99664515,0.92732716,1.1034403,5.656834125518799,0.020476900041103363,12.912933349609375,0,2.876894474029541
B_task_nopark,4,4,1.0171829721202021,0.0,0.9989391,0.9287552,1.1074872,5.6568121910095215,0.029523005709052086,14.794038772583008,0,2.851475954055786
B_task_nopark,4,5,0.996874187303626,0.0,0.97182775,0.9066496,1.0910852,5.649015426635742,0.5159562230110168,13.840057373046875,0,2.8500564098358154
B_task_nopark,4,6,0.927137043165124,0.0,0.8969623,0.8420057,1.0282162,5.652501583099365,0.41032615303993225,14.821818351745605,0,2.8321900367736816
B_task_nopark,4,7,0.8931215535039487,0.0,0.8544441,0.80870473,0.99521214,5.651202201843262,0.4558759331703186,13.939546585083008,0,2.841338872909546
B_task_nopark,4,8,0.8664580635402513,0.0,0.8243041,0.78469634,0.9674262,5.652430057525635,0.45496928691864014,13.852215766906738,0,2.8331568241119385
B_task_nopark,4,9,0.8560371398925781,0.0,0.8121475,0.7748658,0.95683986,5.648815155029297,0.5341860055923462,13.941740036010742,0,2.826794147491455
B_task_nopark,4,10,0.8384579368259596,0.0,0.7950346,0.7577368,0.940038,5.644251823425293,0.521888792514801,14.23887825012207,0,2.82191801071167
B_task_nopark,4,11,0.8201129747473676,0.0,0.779311,0.7467668,0.91503483,5.654818058013916,0.5105797648429871,13.850122451782227,0,2.811438798904419
B_task_nopark,4,12,0.8003524282704229,0.0,0.76305634,0.73131555,0.89279807,5.636988639831543,0.6407757997512817,14.712077140808105,0,2.853912591934204
B_task_nopark,4,13,0.7656636445418649,0.0,0.7216061,0.6958323,0.8597731,5.65427303314209,0.6131658554077148,14.097820281982422,0,2.8210840225219727
B_task_nopark,4,14,0.7153865980065387,0.0,0.6585936,0.640739,0.81991833,5.616049289703369,0.7229557037353516,15.107842445373535,0,2.8207380771636963
B_task_nopark,4,15,0.5932521820068359,0.0,0.5379079,0.5248014,0.70430714,5.639290809631348,0.6832678914070129,15.37491226196289,0,2.785320520401001
B_task_nopark,4,16,0.49669746730638586,0.0,0.45195472,0.44165304,0.5956918,5.643483638763428,0.6795840263366699,15.572622299194336,0,2.792279005050659
B_task_nopark,4,17,0.3850574078767196,0.0,0.34046537,0.33793572,0.47721836,5.63572883605957,0.6976705193519592,16.6209659576416,0,2.843144416809082
B_task_nopark,4,18,0.2251070686008619,0.0,0.19008645,0.19318679,0.2988136,5.644143581390381,0.682133674621582,16.60802459716797,0,2.8211147785186768
B_task_nopark,4,19,0.14019585692364236,0.0,0.11253508,0.11329642,0.19965452,5.646551609039307,0.6840287446975708,16.03671646118164,0,2.8104209899902344
B_task_nopark,4,20,0.1062484824139139,0.0,0.082069084,0.082193084,0.15716481,5.646966934204102,0.6783283948898315,16.1129150390625,0,2.8147380352020264
B_task_nopark,4,21,0.0864076510719631,0.0,0.06474208,0.06468255,0.13114324,5.647342205047607,0.6824419498443604,16.01583480834961,0,2.8035151958465576
B_task_nopark,4,22,0.07654335706130318,0.0,0.056453638,0.0563419,0.11737049,5.647937297821045,0.6859534978866577,15.993185043334961,0,2.859055280685425
B_task_nopark,4,23,0.06580509310183318,0.0,0.04793758,0.047317274,0.10331208,5.6486496925354,0.6952940225601196,16.16596221923828,0,2.792335033416748
B_task_nopark,4,24,0.059397609337516456,0.0,0.042764872,0.04169148,0.094868675,5.648216247558594,0.7011585831642151,16.132165908813477,0,2.8228232860565186
B_task_nopark,4,25,0.05559086281320323,0.0,0.03979889,0.039012622,0.08904358,5.648106098175049,0.7056298851966858,16.147907257080078,0,2.802469253540039
B_task_nopark,4,26,0.05244227595951246,0.0,0.037299298,0.036362126,0.08425081,5.648184299468994,0.7099136114120483,16.185155868530273,0,2.822127342224121
B_task_nopark,4,27,0.048972492632658585,0.0,0.03452371,0.033654563,0.07967898,5.64840841293335,0.7030224800109863,16.249767303466797,0,2.84321665763855
B_task_nopark,4,28,0.045630211415498154,0.0,0.03248823,0.031489983,0.074648276,5.648526191711426,0.7054471969604492,16.27103042602539,0,2.807556390762329
B_task_nopark,4,29,0.044841978860938034,0.0,0.03241508,0.031378925,0.07269874,5.647838592529297,0.7249941229820251,16.211366653442383,0,2.7865407466888428
B_task_nopark,4,30,0.04165019937183546,0.0,0.029706491,0.028714782,0.06842694,5.648994445800781,0.7201296091079712,16.26291275024414,0,2.8083760738372803
B_task_nopark,4,31,0.036806720754374626,0.0,0.026228372,0.025130412,0.061669342,5.648670673370361,0.7210168838500977,16.32029914855957,0,2.8313188552856445
B_task_nopark,4,32,0.035951059797535774,0.0,0.0258306,0.024764005,0.059860468,5.64869499206543,0.7235841751098633,16.337646484375,0,2.8273537158966064
B_task_nopark,4,33,0.034753307052280594,0.0,0.024901241,0.02390999,0.057772677,5.648907661437988,0.7175540328025818,16.439220428466797,0,2.8076658248901367
B_task_nopark,4,34,0.034171586451323135,0.0,0.024386592,0.023176922,0.05705954,5.6486687660217285,0.730685830116272,16.3424072265625,0,2.8093864917755127
B_task_nopark,4,35,0.03235270147738249,0.0,0.023539891,0.022330184,0.05384004,5.648768901824951,0.7254831194877625,16.36558723449707,0,2.8037004470825195
B_task_nopark,4,36,0.030635323213494343,0.0,0.022262743,0.02103681,0.051721677,5.648740768432617,0.7307054400444031,16.41386604309082,0,2.832780361175537
B_task_nopark,4,37,0.02885429237199866,0.0,0.020886118,0.019652592,0.04903202,5.648941516876221,0.7278803586959839,16.46990394592285,0,2.8294079303741455
B_task_nopark,4,38,0.028149646261463993,0.0,0.020979615,0.019762373,0.047599237,5.6488752365112305,0.7300962209701538,16.531675338745117,0,2.802769184112549
B_task_nopark,4,39,0.025814712047576904,0.0,0.019454358,0.018162545,0.043990627,5.648881435394287,0.727098286151886,16.5494327545166,0,2.806833028793335
B_task_nopark,4,40,0.025671492452206818,0.0,0.019409848,0.018038709,0.043873988,5.648550510406494,0.7321694493293762,16.65738868713379,0,2.8090591430664062
B_task_nopark,4,41,0.025062296701514202,0.0,0.01882615,0.017582426,0.04268557,5.649038791656494,0.7304635643959045,16.573196411132812,0,2.831618070602417
B_task_nopark,4,42,0.023922127226124638,0.0,0.018223323,0.016813923,0.040897835,5.648765563964844,0.7366257309913635,16.65076446533203,0,2.8154094219207764
B_task_nopark,4,43,0.023686020270637844,0.0,0.018123472,0.016707027,0.04023564,5.648756980895996,0.7352902889251709,16.63340187072754,0,2.8105669021606445
B_task_nopark,4,44,0.023251559423363728,0.0,0.01788063,0.016449315,0.039912347,5.649114608764648,0.7388908863067627,16.53915023803711,0,2.8298561573028564
B_task_nopark,4,45,0.023599264414414116,0.0,0.018091755,0.016696103,0.039921418,5.649197578430176,0.7386435270309448,16.61604881286621,0,2.818673610687256
B_task_nopark,4,46,0.02195926852848219,0.0,0.017145462,0.015615128,0.037790034,5.649025917053223,0.7445245981216431,16.642921447753906,0,2.8435537815093994
B_task_nopark,4,47,0.019941261281137882,0.0,0.015912382,0.0143933855,0.034712814,5.649184226989746,0.7394706010818481,16.61065101623535,0,2.795639753341675
B_task_nopark,4,48,0.019429214622663414,0.0,0.015582386,0.01414135,0.03357865,5.649156093597412,0.7389617562294006,16.701656341552734,0,2.822296380996704
B_task_nopark,4,49,0.019459751637085625,0.0,0.015852414,0.014172011,0.03371606,5.649170398712158,0.7364503145217896,16.74407958984375,0,2.818798303604126
B_task_nopark,4,50,0.018797313389570816,0.0,0.015081312,0.013715432,0.03273149,5.649331092834473,0.7433030605316162,16.568538665771484,0,2.8295857906341553
B_task_nopark,4,51,0.018577523853467857,0.0,0.015218021,0.013630701,0.032079183,5.6496758460998535,0.7440007328987122,16.659282684326172,0,2.8190386295318604
B_task_nopark,4,52,0.017610822034918743,0.0,0.014599327,0.013052427,0.030662404,5.649441719055176,0.7413145899772644,16.707998275756836,0,2.8073666095733643
B_task_nopark,4,53,0.018127524334451427,0.0,0.015003983,0.013449977,0.031113472,5.649713516235352,0.7388184070587158,16.702285766601562,0,2.8074569702148438
B_task_nopark,4,54,0.019631033358366592,0.0,0.01590325,0.014398687,0.033265907,5.649505615234375,0.7475506067276001,16.76034164428711,0,2.8072052001953125
B_task_nopark,4,55,0.01874849718549977,0.0,0.015258048,0.013765865,0.03185367,5.649668216705322,0.7454608678817749,16.732633590698242,0,2.8300485610961914
B_task_nopark,4,56,0.017331307348997696,0.0,0.014193209,0.012755924,0.030031195,5.649168968200684,0.7494160532951355,16.714563369750977,0,2.808117389678955
B_task_nopark,4,57,0.01734754572743955,0.0,0.014834263,0.013333397,0.029375821,5.650191307067871,0.7482197284698486,16.739639282226562,0,2.8056282997131348
B_task_nopark,4,58,0.01698396516882855,0.0,0.014012632,0.012572881,0.029335197,5.649487495422363,0.7501464486122131,16.770111083984375,0,2.809208393096924
B_task_nopark,4,59,0.015752744415531986,0.0,0.013392402,0.011918926,0.027284153,5.649761199951172,0.7436162829399109,16.8237247467041,0,2.8146257400512695
B_task_nopark,4,60,0.01500059988187707,0.0,0.012798773,0.011447996,0.026215168,5.649889945983887,0.747499942779541,16.762792587280273,0,2.829726219177246
B_task_nopark,4,61,0.013996987239174221,0.0,0.012127297,0.010694779,0.02466399,5.649909019470215,0.7400782108306885,16.78465461730957,0,2.8099524974823
B_task_nopark,4,62,0.013880449792613153,0.0,0.012130019,0.010692778,0.024499016,5.650144100189209,0.7430636882781982,16.843456268310547,0,2.8077566623687744
B_task_nopark,4,63,0.013942718505859375,0.0,0.012249659,0.0107942885,0.024353663,5.649860858917236,0.7442546486854553,16.86520767211914,0,2.8083183765411377
B_task_nopark,4,64,0.013561975696812506,0.0,0.011824608,0.010393981,0.023687825,5.650119304656982,0.7474160194396973,16.736499786376953,0,2.8273048400878906
B_task_nopark,4,65,0.013517568940701693,0.0,0.011819366,0.010364266,0.023776721,5.650131702423096,0.7511640191078186,16.760929107666016,0,2.8517379760742188
B_task_nopark,4,66,0.012895941734313965,0.0,0.011532416,0.010081544,0.022764834,5.6504411697387695,0.7463796734809875,16.856761932373047,0,2.8052737712860107
B_task_nopark,4,67,0.012634373229482899,0.0,0.011281499,0.009874108,0.022370556,5.650079727172852,0.7457337379455566,16.839019775390625,0,2.8111917972564697
B_task_nopark,4,68,0.012820668842481531,0.0,0.011523524,0.0101161115,0.022338826,5.650174140930176,0.7484582662582397,16.81700325012207,0,2.8120498657226562
B_task_nopark,4,69,0.013046829596809719,0.0,0.011557968,0.010156871,0.022572432,5.6501030921936035,0.7529475092887878,16.777565002441406,0,2.8308498859405518
B_task_nopark,4,70,0.013149882140366928,0.0,0.011696342,0.010281034,0.022800237,5.650629997253418,0.7500724196434021,16.861698150634766,0,2.833272695541382
B_task_nopark,4,71,0.012052809414656265,0.0,0.011026941,0.009609698,0.021016154,5.650297164916992,0.7471916079521179,16.866579055786133,0,2.795999050140381
B_task_nopark,4,72,0.011948750070903612,0.0,0.010851446,0.009395273,0.020990098,5.650671482086182,0.7508296966552734,16.843873977661133,0,2.8084683418273926
B_task_nopark,4,73,0.011995902527933535,0.0,0.010911247,0.009618734,0.02078409,5.65048885345459,0.7506804466247559,16.85175895690918,0,2.806743621826172
B_task_nopark,4,74,0.012175004119458406,0.0,0.010967214,0.009666172,0.021090128,5.651037216186523,0.7529392242431641,16.765338897705078,0,2.8308534622192383
B_task_nopark,4,75,0.011884034975715305,0.0,0.010583679,0.009314505,0.02072517,5.6505584716796875,0.7516937851905823,16.86452865600586,0,2.8233749866485596
B_task_nopark,4,76,0.011464556922083315,0.0,0.010523921,0.009169493,0.019891597,5.650717258453369,0.7507979869842529,16.821857452392578,0,2.7993240356445312
B_task_nopark,4,77,0.011134992475095003,0.0,0.010159431,0.008829037,0.01944066,5.650941371917725,0.7509616613388062,16.876232147216797,0,2.783095121383667
B_task_nopark,4,78,0.011496946863506151,0.0,0.010407102,0.009083715,0.019893322,5.65117073059082,0.7525824308395386,16.79841423034668,0,2.7832579612731934
B_task_nopark,4,79,0.011275132065233976,0.0,0.010304655,0.009004341,0.019532185,5.6508049964904785,0.7530996799468994,16.94854736328125,0,2.8425722122192383
B_task_nopark,4,80,0.01121671173883521,0.0,0.010328748,0.009062482,0.019256143,5.651197910308838,0.7556581497192383,16.86149024963379,0,2.810032844543457
B_task_nopark,4,81,0.010112835013348124,0.0,0.009522322,0.008242698,0.017734356,5.651161193847656,0.751380443572998,16.830516815185547,0,2.7927393913269043
B_task_nopark,4,82,0.01027599301027215,0.0,0.009633262,0.008316993,0.01805173,5.65134334564209,0.7554101943969727,16.923999786376953,0,2.8111228942871094
B_task_nopark,4,83,0.009982010592585024,0.0,0.009506328,0.008238314,0.017283456,5.651531219482422,0.7575013041496277,16.846275329589844,0,2.8100218772888184
B_task_nopark,4,84,0.009922481101492176,0.0,0.009332326,0.008022696,0.017389422,5.651310443878174,0.7576571702957153,16.976123809814453,0,2.839839458465576
B_task_nopark,4,85,0.010246530823085619,0.0,0.009403966,0.008119305,0.017869147,5.651370525360107,0.7572464942932129,16.79462242126465,0,2.7900078296661377
B_task_nopark,4,86,0.010005469555440157,0.0,0.0093967235,0.008146404,0.017289514,5.65145206451416,0.7531998157501221,16.966327667236328,0,2.8038508892059326
B_task_nopark,4,87,0.0092984139919281,0.0,0.008999038,0.0077326475,0.016268732,5.65138053894043,0.753040611743927,16.871252059936523,0,2.7852394580841064
B_task_nopark,4,88,0.009867566435233406,0.0,0.0093113445,0.008117943,0.016938189,5.651843547821045,0.7546342611312866,16.8801326751709,0,2.815753936767578
B_task_nopark,4,89,0.009862354268198427,0.0,0.009358294,0.008112668,0.016957257,5.651434898376465,0.7513623237609863,16.955053329467773,0,2.8679211139678955
B_task_nopark,4,90,0.010337565904078276,0.0,0.009703983,0.00838226,0.017674098,5.651435852050781,0.7597957253456116,16.915019989013672,0,2.795013189315796
B_task_nopark,4,91,0.009533985801365065,0.0,0.00897851,0.0077784755,0.016430752,5.65162467956543,0.7540074586868286,16.8670654296875,0,2.7877113819122314
B_task_nopark,4,92,0.008917905714200891,0.0,0.008666654,0.007525112,0.015362401,5.651724338531494,0.7539099454879761,16.848718643188477,0,2.8077869415283203
B_task_nopark,4,93,0.008602326978807863,0.0,0.008377894,0.007180037,0.014989909,5.652161121368408,0.7535810470581055,16.898813247680664,0,2.8164069652557373
B_task_nopark,4,94,0.00925663631895314,0.0,0.008796234,0.0076565486,0.015766138,5.651856422424316,0.7563009262084961,16.8223876953125,0,2.8712518215179443
B_task_nopark,4,95,0.009936468756717184,0.0,0.009410925,0.0081542,0.016644072,5.65194034576416,0.7602083086967468,16.94781494140625,0,2.7943501472473145
B_task_nopark,4,96,0.009597962317259415,0.0,0.0089543145,0.0077404696,0.016221667,5.651827335357666,0.7595000863075256,17.00986099243164,0,2.8054113388061523
B_task_nopark,4,97,0.01015998099161231,0.0,0.009399756,0.008222598,0.017258484,5.652218818664551,0.7586853504180908,16.850629806518555,0,2.7905805110931396
B_task_nopark,4,98,0.010828279930612316,0.0,0.01010049,0.008891295,0.0176764,5.652191162109375,0.7659201622009277,16.891611099243164,0,2.8202693462371826
B_task_nopark,4,99,0.010214492678642273,0.0,0.009413356,0.008277039,0.017066196,5.652220249176025,0.757819414138794,17.045682907104492,0,2.8350274562835693
B_task_nopark,4,100,0.008720288458077805,0.0,0.008300778,0.0072003882,0.014975647,5.652225017547607,0.7637432813644409,16.8891658782959,0,2.7880589962005615
D_latent_nopark,4,1,1.0205776380456013,0.20279061275979746,1.0079238,0.93646234,1.1081355,5.656639575958252,0.4580344259738922,3.2523622512817383,0,3.6403896808624268
D_latent_nopark,4,2,1.017972697382388,0.015402854784675266,1.0041754,0.9331966,1.1058304,5.656715393066406,0.5781392455101013,3.3247461318969727,0,3.636260509490967
D_latent_nopark,4,3,1.0162294636601987,0.00925421909145687,1.0001405,0.9300912,1.1051289,5.656764030456543,0.522212028503418,3.310110092163086,0,3.636566400527954
D_latent_nopark,4,4,1.0181849106498386,0.0043741814468217935,1.0006299,0.9301009,1.1090088,5.656774044036865,0.5046179890632629,3.4880669116973877,0,3.6180219650268555
D_latent_nopark,4,5,1.0151159866996433,0.002502963918706645,0.9983616,0.9276193,1.1047901,5.6567840576171875,0.4831804931163788,3.5830626487731934,0,3.6176466941833496
D_latent_nopark,4,6,1.0164386915123982,0.0024921989635280943,0.99796975,0.92923653,1.1060883,5.656789302825928,0.4893866777420044,3.7012875080108643,0,3.6454427242279053
D_latent_nopark,4,7,1.0165616740351138,0.002143532685611559,0.9999568,0.9285528,1.1070318,5.656798362731934,0.46154260635375977,3.8109207153320312,0,3.6325674057006836
D_latent_nopark,4,8,1.01378872083581,0.002576953690984975,0.99453413,0.92641175,1.1034597,5.656802654266357,0.4776041805744171,3.869234323501587,0,3.617584228515625
D_latent_nopark,4,9,1.0101465142291526,0.0018351254579813583,0.9914406,0.92281216,1.0993452,5.656806945800781,0.45907068252563477,4.037034511566162,0,3.6105635166168213
D_latent_nopark,4,10,1.0135435021441916,0.0023109051196471505,0.9947098,0.92522526,1.1036246,5.656803607940674,0.45704716444015503,4.288941860198975,0,3.6387929916381836
D_latent_nopark,4,11,1.0178508758544922,0.002375587011161058,0.9981928,0.92919666,1.1090038,5.656797409057617,0.4778951406478882,4.641587734222412,0,3.6038577556610107
D_latent_nopark,4,12,1.0099799944006878,0.0040938416900842085,0.9907961,0.9217639,1.0998837,5.656789302825928,0.4786143898963928,5.164971828460693,0,3.594616174697876
D_latent_nopark,4,13,1.005193046901537,0.007931108060090439,0.98369294,0.91517776,1.0978992,5.6567158699035645,0.5219189524650574,5.840809345245361,0,3.619455575942993
D_latent_nopark,4,14,0.9676225081734036,0.018534570932388306,0.9444026,0.8800428,1.0633687,5.656238079071045,0.7187575101852417,9.01948356628418,0,3.638800859451294
D_latent_nopark,4,15,0.9339289457901664,0.022427981314451798,0.90869546,0.8474813,1.0326893,5.656033992767334,0.6551225185394287,9.653863906860352,0,3.5802578926086426
D_latent_nopark,4,16,0.8991142770518428,0.03791612386703491,0.8693846,0.81631726,0.9957485,5.656261444091797,0.5948779582977295,10.4587984085083,0,3.581996440887451
D_latent_nopark,4,17,0.8737218276314114,0.0551748742227969,0.84154844,0.7919548,0.9713615,5.656230926513672,0.5830776691436768,11.435726165771484,0,3.5970237255096436
D_latent_nopark,4,18,0.865204437919285,0.06263879589412523,0.82974774,0.78350466,0.9629045,5.656213760375977,0.5372458100318909,12.265894889831543,0,3.6053006649017334
D_latent_nopark,4,19,0.8484847856604535,0.07142813827680505,0.8125551,0.76749736,0.9465377,5.656014442443848,0.546117901802063,12.912610054016113,0,3.5777597427368164
D_latent_nopark,4,20,0.8282435043998386,0.0764858515366264,0.793625,0.7494007,0.9258397,5.656117916107178,0.5754444003105164,13.224444389343262,0,3.5789291858673096
D_latent_nopark,4,21,0.7976558519446332,0.08201036764227826,0.76812464,0.7259498,0.8896942,5.65593147277832,0.637474775314331,13.743060111999512,0,3.597015619277954
D_latent_nopark,4,22,0.763993387636931,0.09249638474505881,0.7355077,0.69741285,0.85379136,5.655920028686523,0.6691721677780151,14.046490669250488,0,3.5980401039123535
D_latent_nopark,4,23,0.6843662261962891,0.10780376973359482,0.6468835,0.6193925,0.7805726,5.655357360839844,0.7022582292556763,14.82215690612793,0,3.580674409866333
D_latent_nopark,4,24,0.5070895319399626,0.12220801477846892,0.4628003,0.45133674,0.6114017,5.6551923751831055,0.7168516516685486,15.052460670471191,0,3.572205066680908
D_latent_nopark,4,25,0.34925792528235394,0.12744378006976584,0.3173908,0.31363302,0.436258,5.654720783233643,0.7648556232452393,15.474823951721191,0,3.611781597137451
D_latent_nopark,4,26,0.22690447517063306,0.127703044725501,0.2063132,0.205994,0.29105604,5.655092716217041,0.7407160997390747,15.852710723876953,0,3.593745231628418
D_latent_nopark,4,27,0.15043404827947202,0.11278026000313136,0.13148084,0.13110054,0.20418395,5.655240535736084,0.7158108949661255,15.97085189819336,0,3.5878517627716064
D_latent_nopark,4,28,0.11427739392156186,0.10125661932903787,0.09736784,0.095375106,0.16133645,5.65522575378418,0.7234630584716797,16.03801727294922,0,3.598816156387329
D_latent_nopark,4,29,0.09353390983913255,0.09134143331776494,0.07798765,0.07520644,0.135723,5.655217170715332,0.7257158160209656,16.140443801879883,0,3.6341021060943604
D_latent_nopark,4,30,0.07851173566735309,0.08309544687685759,0.06346193,0.061055075,0.11691347,5.655308246612549,0.7240666151046753,16.195093154907227,0,3.589768648147583
D_latent_nopark,4,31,0.06749295151751974,0.07664760299350905,0.054000203,0.05166254,0.10225735,5.655263423919678,0.7217200398445129,16.28148078918457,0,3.588911533355713
D_latent_nopark,4,32,0.05981512691663659,0.07158892051033351,0.04698621,0.04495827,0.09196536,5.655343055725098,0.7216339707374573,16.375385284423828,0,3.60659122467041
D_latent_nopark,4,33,0.05622987643532131,0.06811125900434412,0.04350763,0.041572545,0.08687353,5.655328273773193,0.7136523723602295,16.45292854309082,0,3.6263668537139893
D_latent_nopark,4,34,0.050719712091528854,0.06483370324839717,0.039215542,0.03713622,0.0793808,5.6553826332092285,0.7205671072006226,16.486379623413086,0,3.588620662689209
D_latent_nopark,4,35,0.04758805813996688,0.06185632684956426,0.03679045,0.03488817,0.07491567,5.655461311340332,0.7103252410888672,16.578645706176758,0,3.590425968170166
D_latent_nopark,4,36,0.043821739113849144,0.05982177672178849,0.03373013,0.031543944,0.07003464,5.655261039733887,0.7263525724411011,16.684345245361328,0,3.6113288402557373
D_latent_nopark,4,37,0.04104637581369151,0.05756183810856031,0.031674348,0.02957115,0.065822355,5.655403137207031,0.714454174041748,16.839736938476562,0,3.621321678161621
D_latent_nopark,4,38,0.039562614067741066,0.05614366220391315,0.031004163,0.029029783,0.06296133,5.655324935913086,0.7202421426773071,16.912670135498047,0,3.592817544937134
D_latent_nopark,4,39,0.0363506908002107,0.05415008897366731,0.028094098,0.026380556,0.058893397,5.655405044555664,0.7145885229110718,16.991487503051758,0,3.61102294921875
D_latent_nopark,4,40,0.034349630708279816,0.05266316559003747,0.026719892,0.02485373,0.056011632,5.655291557312012,0.7164206504821777,17.183509826660156,0,3.6313436031341553
D_latent_nopark,4,41,0.03247417574343474,0.05163324915844461,0.02543273,0.023557039,0.05312327,5.655430316925049,0.7164440155029297,17.134193420410156,0,3.604041814804077
D_latent_nopark,4,42,0.0307532989460489,0.05007363920626433,0.02460647,0.022551646,0.05049542,5.6554274559021,0.7145723104476929,17.283878326416016,0,3.5978145599365234
D_latent_nopark,4,43,0.031065852745719578,0.04980493110159169,0.02537757,0.023407537,0.050045863,5.655378341674805,0.7183359861373901,17.512327194213867,0,3.588552713394165
D_latent_nopark,4,44,0.029477801011956257,0.04840788115625796,0.023639891,0.021719752,0.0478309,5.655473709106445,0.7193644642829895,17.45189094543457,0,3.63558030128479
D_latent_nopark,4,45,0.02729462022366731,0.04742041878078295,0.021856591,0.020109393,0.045241382,5.655401706695557,0.7216135859489441,17.606042861938477,0,3.6036922931671143
D_latent_nopark,4,46,0.027322935021441917,0.0468811729679937,0.022255836,0.020247301,0.045012712,5.655457019805908,0.7230207920074463,17.730606079101562,0,3.59366774559021
D_latent_nopark,4,47,0.025793899660525116,0.04628791498101276,0.021265097,0.019390302,0.04276077,5.655500888824463,0.7176985144615173,17.692651748657227,0,3.62046480178833
D_latent_nopark,4,48,0.02531805764073911,0.045453113058339,0.020862121,0.019120317,0.041786846,5.655453681945801,0.7233135104179382,17.804119110107422,0,3.6278936862945557
D_latent_nopark,4,49,0.02428791574809862,0.0446283713631008,0.020195324,0.018261725,0.040118266,5.655542373657227,0.7187228202819824,17.896589279174805,0,3.5956976413726807
D_latent_nopark,4,50,0.022923404755799667,0.04376898641171663,0.019450719,0.01760919,0.03820609,5.655491828918457,0.7197912931442261,17.96780014038086,0,3.596648931503296
D_latent_nopark,4,51,0.022828317206838856,0.04318430112755817,0.019323437,0.01736706,0.037862483,5.655542373657227,0.7202659845352173,18.03093910217285,0,3.624311685562134
D_latent_nopark,4,52,0.022731594417406166,0.04298595241878344,0.019242344,0.017374339,0.037578538,5.655488014221191,0.7294368147850037,18.051664352416992,0,3.611499309539795
D_latent_nopark,4,53,0.02382750873980315,0.043321249277695366,0.019937467,0.018412137,0.038477197,5.655519962310791,0.7295674085617065,18.1461124420166,0,3.597252368927002
D_latent_nopark,4,54,0.021256523287814598,0.04192346852758656,0.018094832,0.016339783,0.03554499,5.655576705932617,0.7245197296142578,18.170490264892578,0,3.590681314468384
D_latent_nopark,4,55,0.020389610010644665,0.04121640972469164,0.017836625,0.016052185,0.03377747,5.655568599700928,0.7277424335479736,18.32127571105957,0,3.605137825012207
D_latent_nopark,4,56,0.019718924294347347,0.04062555147253949,0.017324636,0.0155063355,0.032957435,5.655513286590576,0.7301232218742371,18.405006408691406,0,3.5744283199310303
D_latent_nopark,4,57,0.01999010987903761,0.04044159339821857,0.017398885,0.01563488,0.03297309,5.655604362487793,0.7265098094940186,18.416709899902344,0,3.5761938095092773
D_latent_nopark,4,58,0.019527987293575123,0.04039447203926418,0.016953658,0.015272323,0.032458555,5.655568599700928,0.7320213317871094,18.449934005737305,0,3.57613205909729
D_latent_nopark,4,59,0.018494282079779583,0.03968942424525385,0.016306765,0.014602714,0.030823389,5.655628681182861,0.7307887077331543,18.566158294677734,0,3.6309759616851807
D_latent_nopark,4,60,0.018700622993966808,0.039207969022833786,0.016620832,0.014928459,0.030940954,5.65565299987793,0.7255083918571472,18.586584091186523,0,3.5837292671203613
D_latent_nopark,4,61,0.01702317854632502,0.038378513377645744,0.015360312,0.013795056,0.028445335,5.655641078948975,0.7316490411758423,18.65191078186035,0,3.5749614238739014
D_latent_nopark,4,62,0.016840343889982803,0.037838186906731644,0.015228073,0.013506131,0.02848378,5.65566873550415,0.7303885221481323,18.715129852294922,0,3.619638204574585
D_latent_nopark,4,63,0.018165156893108204,0.03817394764527031,0.015987627,0.014335393,0.030256674,5.655632495880127,0.7323093414306641,18.82465362548828,0,3.6004467010498047
D_latent_nopark,4,64,0.017189089370810467,0.03786567760550458,0.015389883,0.013702528,0.028711291,5.655694961547852,0.7311168909072876,18.73605728149414,0,3.5780484676361084
D_latent_nopark,4,65,0.01706044051958167,0.03717448918715767,0.015319691,0.013673778,0.02819957,5.655699729919434,0.7282827496528625,18.754819869995117,0,3.5671658515930176
D_latent_nopark,4,66,0.016631572142891262,0.03659600019454956,0.014926412,0.013287298,0.027779372,5.655671119689941,0.7293597459793091,18.926525115966797,0,3.5930190086364746
D_latent_nopark,4,67,0.015205319808877033,0.03598185466683429,0.013992504,0.01241047,0.025585884,5.655717372894287,0.7289553880691528,18.857961654663086,0,3.5807905197143555
D_latent_nopark,4,68,0.015825955764107082,0.0356592639632847,0.014524204,0.012917963,0.026325388,5.65566873550415,0.7284560799598694,19.076650619506836,0,3.572544813156128
D_latent_nopark,4,69,0.01501779582189477,0.03526909195858499,0.013907445,0.012216071,0.025117634,5.655740737915039,0.7267378568649292,18.991907119750977,0,3.5716991424560547
D_latent_nopark,4,70,0.015180048735245415,0.034938648990962815,0.014060543,0.012507369,0.025157843,5.6557393074035645,0.7276917695999146,19.08098602294922,0,3.5983526706695557
D_latent_nopark,4,71,0.01501104624375053,0.03444198162659355,0.013749636,0.012107345,0.02507788,5.655757427215576,0.7250609993934631,19.1019229888916,0,3.568145751953125
D_latent_nopark,4,72,0.014833863662636799,0.033953438634457794,0.013540721,0.012034673,0.02482366,5.65576171875,0.7236059904098511,19.202342987060547,0,3.5698444843292236
D_latent_nopark,4,73,0.015548405439957329,0.034550037073052445,0.014430228,0.012824227,0.025255607,5.6557722091674805,0.7307994365692139,19.240453720092773,0,3.5796194076538086
D_latent_nopark,4,74,0.014327390038448832,0.033612909524337105,0.013133489,0.011729091,0.02364328,5.655745029449463,0.7330591678619385,19.350595474243164,0,3.6075384616851807
D_latent_nopark,4,75,0.013261029253835264,0.03273065193839695,0.012775079,0.011258148,0.022148125,5.65578556060791,0.7284107208251953,19.339927673339844,0,3.558922290802002
D_latent_nopark,4,76,0.01332795879115229,0.03238232498583586,0.012704131,0.011152387,0.022434698,5.65582799911499,0.7288281321525574,19.22985076904297,0,3.555752992630005
D_latent_nopark,4,77,0.013411905454552692,0.032013760960620384,0.012657896,0.011091549,0.022422804,5.655803680419922,0.7266831398010254,19.30082893371582,0,3.573345422744751
D_latent_nopark,4,78,0.013868964236715565,0.032085537910461426,0.013016692,0.011427438,0.023033272,5.655829429626465,0.7284148931503296,19.2535457611084,0,3.5860238075256348
D_latent_nopark,4,79,0.014444530010223389,0.03181736365608547,0.013708908,0.012048273,0.0233843,5.655841827392578,0.7290675640106201,19.298160552978516,0,3.56703782081604
D_latent_nopark,4,80,0.014121422301168028,0.03189046745714934,0.013054392,0.011581311,0.02321179,5.6558122634887695,0.7270920276641846,19.447694778442383,0,3.566800117492676
D_latent_nopark,4,81,0.013430875280629034,0.03099923548491105,0.012766807,0.011233279,0.021985525,5.655906677246094,0.7252411842346191,19.23474884033203,0,3.5886197090148926
D_latent_nopark,4,82,0.012572386990422789,0.03040178444074548,0.011918157,0.010396304,0.02100903,5.6559247970581055,0.725010097026825,19.140897750854492,0,3.5836479663848877
D_latent_nopark,4,83,0.012154003848200258,0.02992404802985813,0.011886635,0.010372548,0.020114314,5.6558837890625,0.7271060943603516,19.29583740234375,0,3.575392961502075
D_latent_nopark,4,84,0.012114500221998795,0.029727754385575005,0.011672453,0.010104502,0.020367205,5.655908584594727,0.7245780229568481,19.311697006225586,0,3.5743367671966553
D_latent_nopark,4,85,0.012233753567156584,0.02924076111420341,0.011859814,0.010303029,0.020165516,5.655885219573975,0.7288165092468262,19.349462509155273,0,3.607644557952881
D_latent_nopark,4,86,0.012554600186969923,0.02925384822099105,0.011980109,0.010438588,0.020785024,5.655937194824219,0.7216001749038696,19.283475875854492,0,3.580815553665161
D_latent_nopark,4,87,0.012432453425034233,0.028823528600775677,0.011926979,0.01032382,0.020527698,5.655941963195801,0.7245709300041199,19.23792266845703,0,3.5967774391174316
D_latent_nopark,4,88,0.013000934020332668,0.02874104872993801,0.012125578,0.010647615,0.021136705,5.655953407287598,0.7255150079727173,19.189130783081055,0,3.5925214290618896
D_latent_nopark,4,89,0.013234024462492569,0.028723232124162758,0.012328203,0.010803548,0.021651907,5.655917644500732,0.7305033206939697,19.37770652770996,0,3.622770071029663
D_latent_nopark,4,90,0.012316883906074192,0.02845963187839674,0.0117998775,0.0102454685,0.020302316,5.655957221984863,0.72344970703125,19.242830276489258,0,3.5979976654052734
