seed,model,condition,episode,return,success,time_in_radius,chose_active,final_dist_px
-1,noop,planning,0,-0.6361871,0.0,0.0,0.0,20.137136
-1,noop,planning,1,-0.50281703,0.0,0.0,0.0,15.748118
-1,noop,planning,2,-0.67353916,0.0,0.0,0.0,22.78522
-1,noop,planning,3,-0.7752637,0.0,0.0,0.0,23.271494
-1,noop,planning,4,-0.51512164,0.0,0.0,1.0,17.699497
-1,noop,planning,5,-0.71569806,0.0,0.0,0.0,23.219152
-1,noop,planning,6,-0.26624572,0.0,0.0,1.0,10.735219
-1,noop,planning,7,-0.7837898,0.0,0.0,0.0,25.49616
-1,noop,planning,8,-0.45551512,0.0,0.0,0.0,13.868942
-1,noop,planning,9,0.16547225,0.0,0.5111111111111111,1.0,1.6428976
-1,noop,planning,10,-0.611246,0.0,0.0,0.0,20.420305
-1,noop,planning,11,-0.44921386,0.0,0.0,0.0,13.046231
-1,noop,planning,12,-0.46720153,0.0,0.0,0.0,13.312644
-1,noop,planning,13,-0.37437278,0.0,0.0,1.0,11.852777
-1,noop,planning,14,-0.18407921,0.0,0.0,1.0,5.6301484
-1,noop,planning,15,-0.8277054,0.0,0.0,0.0,27.005836
-1,noop,planning,16,-0.52031463,0.0,0.0,1.0,16.973692
-1,noop,planning,17,-0.1179786,0.0,0.0,1.0,1.9417921
-1,noop,planning,18,-0.40521523,0.0,0.0,0.0,12.365181
-1,noop,planning,19,-0.71315485,0.0,0.0,1.0,22.637636
-1,noop,planning,20,-0.69718224,0.0,0.0,0.0,23.18167
-1,noop,planning,21,-0.29077047,0.0,0.0,0.0,9.450085
-1,noop,planning,22,-0.37204525,0.0,0.0,1.0,11.452234
-1,noop,planning,23,-0.14335549,0.0,0.0,1.0,4.6333685
-1,noop,planning,24,-0.5269361,0.0,0.0,0.0,17.400494
-1,noop,planning,25,-0.43157077,0.0,0.0,1.0,12.963174
-1,noop,planning,26,-0.6200041,0.0,0.0,0.0,19.037668
-1,noop,planning,27,-0.2942432,0.0,0.0,1.0,6.8411374
-1,noop,planning,28,-0.51270616,0.0,0.0,1.0,12.592464
-1,noop,planning,29,-0.64904064,0.0,0.0,0.0,20.20504
-1,noop,planning,30,-0.6449561,0.0,0.0,0.0,23.729025
-1,noop,planning,31,-0.5361305,0.0,0.0,0.0,16.888754
-1,noop,planning,32,-0.51241285,0.0,0.0,1.0,16.098398
-1,noop,planning,33,-0.7672154,0.0,0.0,0.0,24.739176
-1,noop,planning,34,-0.89809936,0.0,0.0,0.0,28.582867
-1,noop,planning,35,-0.5564557,0.0,0.0,0.0,18.48683
-1,noop,planning,36,-0.23295437,0.0,0.0,1.0,9.152462
-1,noop,planning,37,-0.2082858,0.0,0.0,0.0,10.644393
-1,noop,planning,38,-0.6455214,0.0,0.0,0.0,21.045235
-1,noop,planning,39,-0.52713686,0.0,0.0,0.0,14.113793
-1,noop,planning,40,-0.7588192,0.0,0.0,0.0,23.642532
-1,noop,planning,41,-0.52250886,0.0,0.0,0.0,18.722204
-1,noop,planning,42,-0.53403157,0.0,0.0,0.0,19.161509
-1,noop,planning,43,-0.4119782,0.0,0.0,1.0,12.471611
-1,noop,planning,44,-0.23959881,0.0,0.0,1.0,7.696556
-1,noop,planning,45,-0.2985902,0.0,0.0,1.0,9.271261
-1,noop,planning,46,-0.28698498,0.0,0.0,1.0,7.771071
-1,noop,planning,47,-0.3045586,0.0,0.0,1.0,11.268746
-1,noop,planning,48,-0.61315554,0.0,0.0,0.0,22.834929
-1,noop,planning,49,-0.27743554,0.0,0.0,1.0,9.093105
-1,noop,planning,50,-0.69105554,0.0,0.0,0.0,21.263973
-1,noop,planning,51,-0.7482921,0.0,0.0,1.0,25.09914
-1,noop,planning,52,-0.34467933,0.0,0.0,0.0,13.3086405
-1,noop,planning,53,-0.4210721,0.0,0.0,1.0,14.65571
-1,noop,planning,54,-0.29076147,0.0,0.0,1.0,6.7677417
-1,noop,planning,55,-0.5092608,0.0,0.0,1.0,18.44325
-1,noop,planning,56,-0.5502331,0.0,0.0,0.0,19.01517
-1,noop,planning,57,-0.40569887,0.0,0.0,0.0,12.966645
-1,noop,planning,58,-0.38141042,0.0,0.0,0.0,11.284794
-1,noop,planning,59,-0.40732354,0.0,0.0,1.0,12.520736
-1,noop,planning,60,-0.1823461,0.0,0.0,1.0,3.464905
-1,noop,planning,61,-0.6154136,0.0,0.0,0.0,18.955822
-1,noop,planning,62,-0.73998964,0.0,0.0,0.0,23.32213
-1,noop,planning,63,-0.4664211,0.0,0.0,0.0,13.350597
-1,noop,planning,64,-0.3308879,0.0,0.0,1.0,6.1596885
-1,noop,planning,65,-0.22417639,0.0,0.0,1.0,7.4026146
-1,noop,planning,66,-0.35044307,0.0,0.0,0.0,12.220091
-1,noop,planning,67,-0.29924235,0.0,0.0,1.0,9.822808
-1,noop,planning,68,-0.2804944,0.0,0.0,0.0,10.30644
-1,noop,planning,69,-0.29319265,0.0,0.0,0.0,10.615368
-1,noop,planning,70,-0.33919704,0.0,0.0,1.0,10.98629
-1,noop,planning,71,-0.52435774,0.0,0.0,0.0,15.074148
-1,noop,planning,72,-0.8186192,0.0,0.0,0.0,26.069164
-1,noop,planning,73,-0.20044579,0.0,0.0,1.0,6.6575637
-1,noop,planning,74,-0.75049937,0.0,0.0,0.0,24.192291
-1,noop,planning,75,-0.79859847,0.0,0.0,0.0,27.96169
-1,noop,planning,76,-0.6477301,0.0,0.0,0.0,19.951931
-1,noop,planning,77,-0.38376182,0.0,0.0,0.0,9.974883
-1,noop,planning,78,-0.20344704,0.0,0.0,1.0,6.8238406
-1,noop,planning,79,-0.5547528,0.0,0.0,0.0,18.664366
-1,noop,planning,80,-0.10835715,0.0,0.0,1.0,3.3346598
-1,noop,planning,81,-0.4164082,0.0,0.0,1.0,12.567179
-1,noop,planning,82,-0.44080913,0.0,0.0,0.0,13.282387
-1,noop,planning,83,-0.36949426,0.0,0.0,0.0,12.646033
-1,noop,planning,84,-0.43393102,0.0,0.0,0.0,16.724808
-1,noop,planning,85,-0.55000734,0.0,0.0,0.0,17.41436
-1,noop,planning,86,-0.4948978,0.0,0.0,0.0,15.0476265
-1,noop,planning,87,-0.86111504,0.0,0.0,0.0,29.282803
-1,noop,planning,88,-0.30878755,0.0,0.0,1.0,9.4024105
-1,noop,planning,89,-0.4472612,0.0,0.0,0.0,14.721284
-1,noop,planning,90,-0.40710673,0.0,0.0,0.0,16.486622
-1,noop,planning,91,-0.47114706,0.0,0.0,0.0,14.690607
-1,noop,planning,92,-1.0508556,0.0,0.0,0.0,33.396706
-1,noop,planning,93,-0.22990657,0.0,0.0,1.0,6.5498767
-1,noop,planning,94,-0.47327587,0.0,0.0,1.0,16.873627
-1,noop,planning,95,-0.23973827,0.0,0.0,1.0,10.785144
-1,noop,planning,96,-0.26086643,0.0,0.0,1.0,9.099243
-1,noop,planning,97,-0.22919464,0.0,0.0,1.0,7.3753877
-1,noop,planning,98,-0.4836663,0.0,0.0,1.0,15.019381
-1,noop,planning,99,-0.6215186,0.0,0.0,0.0,19.216679
-1,noop,planning,100,-0.2861969,0.0,0.0,0.0,10.928949
-1,noop,planning,101,-0.23861092,0.0,0.0,1.0,4.2403307
-1,noop,planning,102,-0.34218037,0.0,0.0,1.0,7.047059
-1,noop,planning,103,-0.18251513,0.0,0.0,1.0,6.6860504
-1,noop,planning,104,-0.48390126,0.0,0.0,0.0,18.480654
-1,noop,planning,105,-0.61075646,0.0,0.0,0.0,19.41837
-1,noop,planning,106,-0.36773655,0.0,0.0,0.0,13.288738
-1,noop,planning,107,-0.60407555,0.0,0.0,0.0,21.049482
-1,noop,planning,108,-0.49642643,0.0,0.0,0.0,17.796694
-1,noop,planning,109,-0.25333482,0.0,0.0,1.0,7.1641345
-1,noop,planning,110,-0.48441374,0.0,0.0,0.0,14.567081
-1,noop,planning,111,-0.5062747,0.0,0.0,0.0,18.596321
-1,noop,planning,112,0.058443166,1.0,0.3333333333333333,1.0,1.3192705
-1,noop,planning,113,-0.027388759,0.0,0.0,1.0,3.7503412
-1,noop,planning,114,-0.75518966,0.0,0.0,0.0,26.098154
-1,noop,planning,115,-0.44759077,0.0,0.0,0.0,13.863371
-1,noop,planning,116,-0.42217395,0.0,0.0,1.0,15.407026
-1,noop,planning,117,-0.86535686,0.0,0.0,0.0,26.939407
-1,noop,planning,118,-0.12179382,0.0,0.0,1.0,4.356452
-1,noop,planning,119,-0.40217623,0.0,0.0,1.0,12.929916
-1,noop,planning,120,-0.47813487,0.0,0.0,1.0,17.20587
-1,noop,planning,121,-0.57820415,0.0,0.0,1.0,18.867496
-1,noop,planning,122,-0.72938037,0.0,0.0,1.0,23.880173
-1,noop,planning,123,-0.3169457,0.0,0.0,1.0,7.264509
-1,noop,planning,124,-0.55480725,0.0,0.0,0.0,17.794085
-1,noop,planning,125,-0.51440364,0.0,0.0,0.0,17.167358
-1,noop,planning,126,-0.46179682,0.0,0.0,0.0,17.148037
-1,noop,planning,127,-0.5391896,0.0,0.0,0.0,16.736115
-1,noop,planning,128,-0.24185447,0.0,0.0,1.0,9.385479
-1,noop,planning,129,-0.48394695,0.0,0.0,1.0,16.972624
-1,noop,planning,130,-0.48959544,0.0,0.0,0.0,16.030048
-1,noop,planning,131,-0.58110636,0.0,0.0,0.0,19.991545
-1,noop,planning,132,-0.23784918,0.0,0.0,1.0,7.7663608
-1,noop,planning,133,-0.39888853,0.0,0.0,1.0,13.055475
-1,noop,planning,134,-0.3285368,0.0,0.0,1.0,10.136257
-1,noop,planning,135,-0.59387547,0.0,0.0,0.0,18.160837
-1,noop,planning,136,-0.55431926,0.0,0.0,0.0,18.52207
-1,noop,planning,137,-0.53374106,0.0,0.0,0.0,18.816193
-1,noop,planning,138,-0.6729197,0.0,0.0,1.0,22.847652
-1,noop,planning,139,-0.210783,0.0,0.0,1.0,6.9426966
-1,noop,planning,140,-0.5534635,0.0,0.0,1.0,15.571231
-1,noop,planning,141,-0.5513355,0.0,0.0,0.0,19.677994
-1,noop,planning,142,-0.6011274,0.0,0.0,0.0,18.287941
-1,noop,planning,143,-0.48654947,0.0,0.0,1.0,17.11462
-1,noop,planning,144,-0.21416706,0.0,0.0,1.0,5.6465783
-1,noop,planning,145,-0.566383,0.0,0.0,1.0,17.008448
-1,noop,planning,146,-0.39857656,0.0,0.0,1.0,11.975175
-1,noop,planning,147,-0.28110436,0.0,0.0,1.0,10.306139
-1,noop,planning,148,-0.63139087,0.0,0.0,0.0,21.629297
-1,noop,planning,149,-0.2724301,0.0,0.0,1.0,8.415833
-1,noop,planning,150,-0.6160533,0.0,0.0,0.0,18.20754
-1,noop,planning,151,-0.5335034,0.0,0.0,0.0,20.032337
-1,noop,planning,152,-0.3567539,0.0,0.0,1.0,10.453425
-1,noop,planning,153,-0.39027384,0.0,0.0,0.0,12.011703
-1,noop,planning,154,-0.5227248,0.0,0.0,0.0,16.682898
-1,noop,planning,155,-0.56901073,0.0,0.0,0.0,16.396194
-1,noop,planning,156,-0.53820336,0.0,0.0,0.0,16.598347
-1,noop,planning,157,-0.2998788,0.0,0.0,1.0,11.52112
-1,noop,planning,158,-0.5782155,0.0,0.0,0.0,17.889223
-1,noop,planning,159,-0.2524767,0.0,0.0,1.0,4.949487
-1,noop,planning,160,-0.37912637,0.0,0.0,0.0,14.47906
-1,noop,planning,161,-0.49230403,0.0,0.0,0.0,15.923346
-1,noop,planning,162,-0.40225974,0.0,0.0,0.0,11.870051
-1,noop,planning,163,-0.46774566,0.0,0.0,1.0,14.619424
-1,noop,planning,164,-0.27367654,0.0,0.0,1.0,8.158012
-1,noop,planning,165,-0.42278612,0.0,0.0,0.0,15.711391
-1,noop,planning,166,-0.5286045,0.0,0.0,1.0,17.199518
-1,noop,planning,167,-0.7373591,0.0,0.0,0.0,23.296995
-1,noop,planning,168,-0.39836037,0.0,0.0,1.0,12.768896
-1,noop,planning,169,-0.37567398,0.0,0.0,1.0,12.673633
-1,noop,planning,170,-0.13804139,0.0,0.1111111111111111,0.0,9.25457
-1,noop,planning,171,-0.6341353,0.0,0.0,1.0,20.34091
-1,noop,planning,172,-0.21882735,0.0,0.0,1.0,6.8042374
-1,noop,planning,173,-0.28393212,0.0,0.0,1.0,10.953474
-1,noop,planning,174,-0.6987008,0.0,0.0,0.0,23.102022
-1,noop,planning,175,-0.554829,0.0,0.0,0.0,17.052608
-1,noop,planning,176,-0.83767414,0.0,0.0,0.0,26.878935
-1,noop,planning,177,-0.71343505,0.0,0.0,0.0,22.468126
-1,noop,planning,178,-0.6136638,0.0,0.0,0.0,20.447096
-1,noop,planning,179,-0.33725137,0.0,0.0,1.0,8.081633
-1,noop,planning,180,-0.5859015,0.0,0.0,0.0,17.783897
-1,noop,planning,181,-0.46977,0.0,0.0,1.0,17.21347
-1,noop,planning,182,-0.38976628,0.0,0.0,0.0,15.255177
-1,noop,planning,183,-0.62502074,0.0,0.0,1.0,21.280973
-1,noop,planning,184,-0.31579542,0.0,0.0,1.0,11.903595
-1,noop,planning,185,-0.49499393,0.0,0.0,0.0,17.040665
-1,noop,planning,186,-0.5637788,0.0,0.0,0.0,16.584543
-1,noop,planning,187,-0.59569544,0.0,0.0,0.0,19.562727
-1,noop,planning,188,-0.8142223,0.0,0.0,0.0,24.268305
-1,noop,planning,189,-0.5181973,0.0,0.0,0.0,14.751011
-1,noop,planning,190,-0.07456149,0.0,0.0,1.0,3.3905833
-1,noop,planning,191,-0.27411595,0.0,0.0,1.0,9.899993
-1,noop,planning,192,-0.37907317,0.0,0.0,0.0,12.219283
-1,noop,planning,193,-0.3621217,0.0,0.0,0.0,10.042416
-1,noop,planning,194,-0.114273414,0.0,0.0,1.0,5.999244
-1,noop,planning,195,-0.19881494,0.0,0.0,1.0,8.04202
-1,noop,planning,196,-0.32844442,0.0,0.0,1.0,9.8093815
-1,noop,planning,197,-0.30327475,0.0,0.0,1.0,8.369277
-1,noop,planning,198,-0.43068597,0.0,0.0,1.0,15.466134
-1,noop,planning,199,-0.61176777,0.0,0.0,0.0,21.947298
-1,random,planning,0,-0.64528775,0.0,0.0,0.0,19.27408
-1,random,planning,1,-0.6323036,0.0,0.0,0.0,23.658775
-1,random,planning,2,-0.7615369,0.0,0.0,0.0,27.131376
-1,random,planning,3,-0.7442794,0.0,0.0,0.0,23.155794
-1,random,planning,4,-0.5108557,0.0,0.0,1.0,17.133974
-1,random,planning,5,-0.72282547,0.0,0.0,0.0,23.55449
-1,random,planning,6,-0.22254276,0.0,0.0,1.0,8.793494
-1,random,planning,7,-0.7563794,0.0,0.0,0.0,24.834948
-1,random,planning,8,-0.5971688,0.0,0.0,0.0,22.163198
-1,random,planning,9,-0.08517833,0.0,0.0,1.0,5.9694643
-1,random,planning,10,-0.6373347,0.0,0.0,0.0,21.705364
-1,random,planning,11,-0.46879506,0.0,0.0,1.0,13.671053
-1,random,planning,12,-0.4709272,0.0,0.0,0.0,15.239086
-1,random,planning,13,-0.42108464,0.0,0.0,1.0,11.981422
-1,random,planning,14,-0.20318854,0.0,0.0,1.0,7.6480336
-1,random,planning,15,-0.73461354,0.0,0.0,0.0,20.494205
-1,random,planning,16,-0.5016267,0.0,0.0,0.0,16.097853
-1,random,planning,17,-0.041856095,0.0,0.15555555555555556,1.0,3.515923
-1,random,planning,18,-0.31943312,0.0,0.0,0.0,10.416575
-1,random,planning,19,-0.73356205,0.0,0.0,1.0,23.546606
-1,random,planning,20,-0.6532887,0.0,0.0,0.0,22.46519
-1,random,planning,21,-0.3550003,0.0,0.0,0.0,16.828506
-1,random,planning,22,-0.2740452,0.0,0.0,1.0,5.9692364
-1,random,planning,23,-0.14378087,0.0,0.0,1.0,3.8764584
-1,random,planning,24,-0.57553196,0.0,0.0,0.0,20.948236
-1,random,planning,25,-0.34711283,0.0,0.0,1.0,8.395704
-1,random,planning,26,-0.74750817,0.0,0.0,0.0,26.709768
-1,random,planning,27,-0.36676535,0.0,0.0,1.0,7.9044204
-1,random,planning,28,-0.43960774,0.0,0.0,1.0,8.314149
-1,random,planning,29,-0.75650847,0.0,0.0,0.0,26.621254
-1,random,planning,30,-0.71716654,0.0,0.0,0.0,26.265247
-1,random,planning,31,-0.50547963,0.0,0.0,1.0,13.2654705
-1,random,planning,32,-0.5667219,0.0,0.0,1.0,19.679214
-1,random,planning,33,-0.706922,0.0,0.0,0.0,21.13138
-1,random,planning,34,-0.92489237,0.0,0.0,0.0,30.164244
-1,random,planning,35,-0.4750903,0.0,0.0,1.0,12.316051
-1,random,planning,36,-0.16927625,0.0,0.0,1.0,6.0556035
-1,random,planning,37,-0.13420206,0.0,0.0,1.0,10.245242
-1,random,planning,38,-0.68840235,0.0,0.0,0.0,25.225069
-1,random,planning,39,-0.49965054,0.0,0.0,0.0,12.314073
-1,random,planning,40,-0.81433266,0.0,0.0,0.0,25.530268
-1,random,planning,41,-0.5784108,0.0,0.0,0.0,21.860197
-1,random,planning,42,-0.35751987,0.0,0.0,1.0,7.798117
-1,random,planning,43,-0.5262072,0.0,0.0,0.0,20.653908
-1,random,planning,44,-0.18907739,0.0,0.0,1.0,6.2624626
-1,random,planning,45,-0.28566515,0.0,0.0,1.0,9.079472
-1,random,planning,46,-0.25807887,0.0,0.0,1.0,7.0372076
-1,random,planning,47,-0.22474082,0.0,0.0,1.0,6.2433686
-1,random,planning,48,-0.6912655,0.0,0.0,0.0,24.456926
-1,random,planning,49,-0.30431208,0.0,0.0,1.0,11.002687
-1,random,planning,50,-0.66853577,0.0,0.0,0.0,18.032572
-1,random,planning,51,-0.72203505,0.0,0.0,1.0,20.439161
-1,random,planning,52,-0.33426687,0.0,0.0,1.0,10.802753
-1,random,planning,53,-0.38760084,0.0,0.0,1.0,10.954522
-1,random,planning,54,-0.24619575,0.0,0.0,1.0,2.4415529
-1,random,planning,55,-0.50326735,0.0,0.0,1.0,15.714825
-1,random,planning,56,-0.65314376,0.0,0.0,0.0,23.546211
-1,random,planning,57,-0.48241374,0.0,0.0,0.0,20.448946
-1,random,planning,58,-0.26017573,0.0,0.0,1.0,5.912611
-1,random,planning,59,-0.35952953,0.0,0.0,1.0,9.326304
-1,random,planning,60,-0.19410856,0.0,0.0,1.0,4.740872
-1,random,planning,61,-0.6321003,0.0,0.0,0.0,19.420374
-1,random,planning,62,-0.77917343,0.0,0.0,0.0,26.5018
-1,random,planning,63,-0.58610165,0.0,0.0,0.0,20.377138
-1,random,planning,64,-0.25242752,0.0,0.0,1.0,2.6081142
-1,random,planning,65,-0.32752445,0.0,0.0,1.0,11.015679
-1,random,planning,66,-0.2908903,0.0,0.0,1.0,9.946804
-1,random,planning,67,-0.37241513,0.0,0.0,1.0,14.291386
-1,random,planning,68,-0.19301592,0.0,0.0,1.0,4.2606893
-1,random,planning,69,-0.22455162,0.0,0.0,1.0,6.389024
-1,random,planning,70,-0.3746049,0.0,0.0,0.0,11.682617
-1,random,planning,71,-0.62476754,0.0,0.0,0.0,22.16428
-1,random,planning,72,-0.7242664,0.0,0.0,0.0,19.639841
-1,random,planning,73,-0.26567104,0.0,0.0,1.0,8.520377
-1,random,planning,74,-0.7351937,0.0,0.0,0.0,23.937656
-1,random,planning,75,-0.85752964,0.0,0.0,0.0,30.574574
-1,random,planning,76,-0.6462935,0.0,0.0,0.0,19.966972
-1,random,planning,77,-0.37692887,0.0,0.0,1.0,7.076684
-1,random,planning,78,-0.21652862,0.0,0.0,1.0,6.917091
-1,random,planning,79,-0.5277032,0.0,0.0,0.0,15.381622
-1,random,planning,80,-0.19964609,0.0,0.0,1.0,7.8606963
-1,random,planning,81,-0.55226266,0.0,0.0,0.0,20.383533
-1,random,planning,82,-0.42664108,0.0,0.0,0.0,11.340743
-1,random,planning,83,-0.43377155,0.0,0.0,0.0,17.869097
-1,random,planning,84,-0.41459537,0.0,0.0,0.0,13.488428
-1,random,planning,85,-0.5222618,0.0,0.0,0.0,14.954453
-1,random,planning,86,-0.5116723,0.0,0.0,0.0,19.817162
-1,random,planning,87,-0.88819826,0.0,0.0,0.0,30.24783
-1,random,planning,88,-0.34254685,0.0,0.0,1.0,11.815668
-1,random,planning,89,-0.5664144,0.0,0.0,0.0,23.511967
-1,random,planning,90,-0.46354395,0.0,0.0,0.0,21.108545
-1,random,planning,91,-0.507018,0.0,0.0,0.0,17.919798
-1,random,planning,92,-1.0050557,0.0,0.0,0.0,29.928465
-1,random,planning,93,-0.19612868,0.0,0.0,0.0,6.7294235
-1,random,planning,94,-0.48929965,0.0,0.0,1.0,15.463266
-1,random,planning,95,-0.23764631,0.0,0.0,1.0,11.065244
-1,random,planning,96,-0.35344264,0.0,0.0,1.0,15.109682
-1,random,planning,97,-0.34582528,0.0,0.0,0.0,15.055906
-1,random,planning,98,-0.5225232,0.0,0.0,1.0,17.024199
-1,random,planning,99,-0.6490243,0.0,0.0,0.0,22.107391
-1,random,planning,100,-0.3729289,0.0,0.0,0.0,17.362757
-1,random,planning,101,-0.2741349,0.0,0.0,1.0,4.937615
-1,random,planning,102,-0.3644331,0.0,0.0,1.0,6.5297
-1,random,planning,103,-0.08768157,0.0,0.0,1.0,2.0231745
-1,random,planning,104,-0.55943155,0.0,0.0,0.0,24.400263
-1,random,planning,105,-0.587277,0.0,0.0,0.0,19.749048
-1,random,planning,106,-0.42405117,0.0,0.0,0.0,16.661476
-1,random,planning,107,-0.6094123,0.0,0.0,0.0,20.990435
-1,random,planning,108,-0.48610082,0.0,0.0,0.0,17.862644
-1,random,planning,109,-0.31033224,0.0,0.0,1.0,10.126618
-1,random,planning,110,-0.5180353,0.0,0.0,0.0,16.152246
-1,random,planning,111,-0.52178293,0.0,0.0,0.0,22.049278
-1,random,planning,112,-0.09066956,0.0,0.0,1.0,2.7046745
-1,random,planning,113,0.06845896,0.0,0.13333333333333333,1.0,3.5107505
-1,random,planning,114,-0.73006576,0.0,0.0,0.0,22.830217
-1,random,planning,115,-0.4785133,0.0,0.0,0.0,13.123059
-1,random,planning,116,-0.2883687,0.0,0.0,1.0,7.4912095
-1,random,planning,117,-0.82920563,0.0,0.0,0.0,23.515175
-1,random,planning,118,-0.231584,0.0,0.0,1.0,9.978196
-1,random,planning,119,-0.46248046,0.0,0.0,1.0,15.432652
-1,random,planning,120,-0.45258746,0.0,0.0,1.0,14.617041
-1,random,planning,121,-0.55387974,0.0,0.0,1.0,15.265884
-1,random,planning,122,-0.7558018,0.0,0.0,1.0,24.578419
-1,random,planning,123,-0.31202263,0.0,0.0,1.0,8.606961
-1,random,planning,124,-0.4660795,0.0,0.0,0.0,13.56502
-1,random,planning,125,-0.55957144,0.0,0.0,0.0,20.573633
-1,random,planning,126,-0.43613923,0.0,0.0,0.0,16.709616
-1,random,planning,127,-0.54362917,0.0,0.0,0.0,19.958101
-1,random,planning,128,-0.19002293,0.0,0.0,1.0,6.730571
-1,random,planning,129,-0.48493707,0.0,0.0,1.0,13.606797
-1,random,planning,130,-0.5746139,0.0,0.0,0.0,20.926968
-1,random,planning,131,-0.58885425,0.0,0.0,0.0,20.871078
-1,random,planning,132,-0.26385534,0.0,0.0,1.0,8.684555
-1,random,planning,133,-0.4175613,0.0,0.0,1.0,14.818014
-1,random,planning,134,-0.40688443,0.0,0.0,1.0,16.184069
-1,random,planning,135,-0.59584814,0.0,0.0,0.0,18.667864
-1,random,planning,136,-0.58762765,0.0,0.0,0.0,21.044577
-1,random,planning,137,-0.5549518,0.0,0.0,0.0,21.025682
-1,random,planning,138,-0.6458097,0.0,0.0,1.0,24.311983
-1,random,planning,139,-0.15585491,0.0,0.0,1.0,4.8388586
-1,random,planning,140,-0.52476776,0.0,0.0,1.0,14.306449
-1,random,planning,141,-0.60961187,0.0,0.0,0.0,24.009808
-1,random,planning,142,-0.6516686,0.0,0.0,0.0,19.854313
-1,random,planning,143,-0.4836573,0.0,0.0,1.0,18.142107
-1,random,planning,144,-0.18420221,0.0,0.0,1.0,3.9050083
-1,random,planning,145,-0.5023439,0.0,0.0,1.0,12.789023
-1,random,planning,146,-0.45090526,0.0,0.0,1.0,16.691898
-1,random,planning,147,-0.35429174,0.0,0.0,1.0,13.845982
-1,random,planning,148,-0.6245642,0.0,0.0,0.0,19.824791
-1,random,planning,149,-0.26230937,0.0,0.0,1.0,7.5410905
-1,random,planning,150,-0.67977864,0.0,0.0,0.0,21.88131
-1,random,planning,151,-0.39503723,0.0,0.0,1.0,9.292591
-1,random,planning,152,-0.3100366,0.0,0.0,1.0,7.637461
-1,random,planning,153,-0.3724745,0.0,0.0,1.0,10.492778
-1,random,planning,154,-0.56649625,0.0,0.0,0.0,17.604565
-1,random,planning,155,-0.5165124,0.0,0.0,0.0,14.595426
-1,random,planning,156,-0.5597856,0.0,0.0,0.0,18.026468
-1,random,planning,157,-0.37221324,0.0,0.0,1.0,14.439225
-1,random,planning,158,-0.6025066,0.0,0.0,0.0,20.611065
-1,random,planning,159,-0.28648856,0.0,0.0,0.0,7.7837453
-1,random,planning,160,-0.46534747,0.0,0.0,0.0,18.814186
-1,random,planning,161,-0.4705973,0.0,0.0,0.0,13.85318
-1,random,planning,162,-0.49062496,0.0,0.0,0.0,18.864803
-1,random,planning,163,-0.47785166,0.0,0.0,1.0,13.473652
-1,random,planning,164,-0.29001278,0.0,0.0,1.0,9.075961
-1,random,planning,165,-0.39112815,0.0,0.0,0.0,11.768165
-1,random,planning,166,-0.55984735,0.0,0.0,1.0,18.35794
-1,random,planning,167,-0.7961887,0.0,0.0,0.0,26.873642
-1,random,planning,168,-0.34033376,0.0,0.0,1.0,9.408589
-1,random,planning,169,-0.41427702,0.0,0.0,1.0,15.343435
-1,random,planning,170,-0.2729464,0.0,0.06666666666666667,0.0,17.153582
-1,random,planning,171,-0.65137935,0.0,0.0,1.0,20.150167
-1,random,planning,172,-0.19726759,0.0,0.0,1.0,6.932041
-1,random,planning,173,-0.3674741,0.0,0.0,1.0,14.300007
-1,random,planning,174,-0.71610165,0.0,0.0,0.0,22.99029
-1,random,planning,175,-0.61672854,0.0,0.0,0.0,18.595787
-1,random,planning,176,-0.8277486,0.0,0.0,0.0,27.609898
-1,random,planning,177,-0.798337,0.0,0.0,0.0,27.075296
-1,random,planning,178,-0.58507425,0.0,0.0,0.0,20.110756
-1,random,planning,179,-0.37341583,0.0,0.0,0.0,11.445188
-1,random,planning,180,-0.7069116,0.0,0.0,0.0,23.769548
-1,random,planning,181,-0.38364026,0.0,0.0,1.0,12.127789
-1,random,planning,182,-0.4488438,0.0,0.0,0.0,20.200481
-1,random,planning,183,-0.6572515,0.0,0.0,1.0,22.858427
-1,random,planning,184,-0.32570815,0.0,0.0,1.0,13.463335
-1,random,planning,185,-0.55906886,0.0,0.0,0.0,18.389177
-1,random,planning,186,-0.6242732,0.0,0.0,0.0,20.547062
-1,random,planning,187,-0.5555846,0.0,0.0,0.0,15.878719
-1,random,planning,188,-0.86192083,0.0,0.0,0.0,27.395893
-1,random,planning,189,-0.5496875,0.0,0.0,0.0,19.192905
-1,random,planning,190,-0.18106848,0.0,0.0,1.0,7.8388443
-1,random,planning,191,-0.18603726,0.0,0.0,1.0,7.972413
-1,random,planning,192,-0.34176743,0.0,0.0,0.0,12.153842
-1,random,planning,193,-0.36716047,0.0,0.0,0.0,10.243177
-1,random,planning,194,-0.21026762,0.0,0.0,0.0,11.082043
-1,random,planning,195,-0.25136182,0.0,0.0,1.0,9.749639
-1,random,planning,196,-0.40875676,0.0,0.0,1.0,14.165366
-1,random,planning,197,-0.34954217,0.0,0.0,0.0,13.088179
-1,random,planning,198,-0.48321825,0.0,0.0,1.0,18.730028
-1,random,planning,199,-0.55333614,0.0,0.0,0.0,16.782381
-1,oracle,planning,0,0.0011642701,1.0,0.4444444444444444,1.0,0.016198263
-1,oracle,planning,1,0.1410157,1.0,0.5555555555555556,1.0,0.0067333463
-1,oracle,planning,2,0.06255803,1.0,0.4888888888888889,1.0,0.013133413
-1,oracle,planning,3,-0.09411149,1.0,0.4,1.0,0.0060964
-1,oracle,planning,4,0.1156575,1.0,0.4888888888888889,1.0,0.01798714
-1,oracle,planning,5,-0.1260448,1.0,0.3333333333333333,1.0,0.008913005
-1,oracle,planning,6,0.34849134,1.0,0.7333333333333333,1.0,0.025533168
-1,oracle,planning,7,-0.07780755,1.0,0.37777777777777777,1.0,0.019878585
-1,oracle,planning,8,0.15888017,1.0,0.5777777777777777,1.0,0.011029099
-1,oracle,planning,9,0.38969857,1.0,0.8222222222222222,1.0,0.007190725
-1,oracle,planning,10,0.012314259,1.0,0.4222222222222222,1.0,0.019767398
-1,oracle,planning,11,0.17254218,1.0,0.6,1.0,0.005427083
-1,oracle,planning,12,0.122820474,1.0,0.5333333333333333,1.0,0.0248602
-1,oracle,planning,13,0.2536185,1.0,0.6666666666666666,1.0,0.013758417
-1,oracle,planning,14,0.33780783,1.0,0.7555555555555555,1.0,0.012343043
-1,oracle,planning,15,-0.13445385,1.0,0.3333333333333333,1.0,0.00790446
-1,oracle,planning,16,0.09795526,1.0,0.4888888888888889,1.0,0.011796303
-1,oracle,planning,17,0.3018241,1.0,0.7333333333333333,1.0,0.016303254
-1,oracle,planning,18,0.18095317,1.0,0.5777777777777777,1.0,0.005572147
-1,oracle,planning,19,-0.11967644,1.0,0.3333333333333333,1.0,0.011568619
-1,oracle,planning,20,-0.022278203,1.0,0.4222222222222222,1.0,0.014653594
-1,oracle,planning,21,0.31464112,1.0,0.7333333333333333,1.0,0.04698918
-1,oracle,planning,22,0.20637412,1.0,0.6,1.0,0.020316092
-1,oracle,planning,23,0.38693315,1.0,0.8222222222222222,1.0,0.014564198
-1,oracle,planning,24,0.12379585,1.0,0.5333333333333333,1.0,0.0073658065
-1,oracle,planning,25,0.17185614,1.0,0.5777777777777777,1.0,0.010472594
-1,oracle,planning,26,0.029873524,1.0,0.4666666666666667,1.0,0.03268928
-1,oracle,planning,27,0.26270774,1.0,0.6888888888888889,1.0,0.011017164
-1,oracle,planning,28,0.11162722,1.0,0.5777777777777777,1.0,0.032719623
-1,oracle,planning,29,0.060578197,1.0,0.5111111111111111,1.0,0.020006618
-1,oracle,planning,30,-0.004665459,1.0,0.37777777777777777,1.0,0.0052570687
-1,oracle,planning,31,0.13955265,1.0,0.5777777777777777,1.0,0.012140094
-1,oracle,planning,32,0.097434394,1.0,0.5111111111111111,1.0,0.0056289914
-1,oracle,planning,33,-0.15357408,1.0,0.3111111111111111,1.0,0.0127487555
-1,oracle,planning,34,-0.15640187,1.0,0.35555555555555557,1.0,0.010035465
-1,oracle,planning,35,0.09018561,1.0,0.4888888888888889,1.0,0.00095658907
-1,oracle,planning,36,0.41226977,1.0,0.8,1.0,0.0052440725
-1,oracle,planning,37,0.4560532,1.0,0.9555555555555556,1.0,0.012334945
-1,oracle,planning,38,0.0003549874,1.0,0.4222222222222222,1.0,0.02765767
-1,oracle,planning,39,0.078063264,1.0,0.5333333333333333,1.0,0.031616244
-1,oracle,planning,40,-0.12658474,1.0,0.35555555555555557,1.0,0.005719365
-1,oracle,planning,41,0.17839943,1.0,0.5777777777777777,1.0,0.019402878
-1,oracle,planning,42,0.14755557,1.0,0.5333333333333333,1.0,0.021233518
-1,oracle,planning,43,0.17505708,1.0,0.5777777777777777,1.0,0.0062547866
-1,oracle,planning,44,0.32059672,1.0,0.7333333333333333,1.0,0.028660936
-1,oracle,planning,45,0.269979,1.0,0.6666666666666666,1.0,0.016708769
-1,oracle,planning,46,0.2823148,1.0,0.6888888888888889,1.0,0.004266984
-1,oracle,planning,47,0.29384753,1.0,0.6888888888888889,1.0,0.024352897
-1,oracle,planning,48,0.035624005,1.0,0.4222222222222222,1.0,0.01694522
-1,oracle,planning,49,0.2994902,1.0,0.7111111111111111,1.0,0.021991735
-1,oracle,planning,50,-0.1319853,1.0,0.3111111111111111,1.0,0.016634826
-1,oracle,planning,51,-0.034638602,1.0,0.4,1.0,0.015046924
-1,oracle,planning,52,0.2783859,1.0,0.6444444444444445,1.0,0.01551939
-1,oracle,planning,53,0.1896311,1.0,0.5777777777777777,1.0,0.047574375
-1,oracle,planning,54,0.2287252,1.0,0.6444444444444445,1.0,0.008260052
-1,oracle,planning,55,0.18498628,1.0,0.5777777777777777,1.0,0.026806584
-1,oracle,planning,56,0.08576864,1.0,0.4888888888888889,1.0,0.019976266
-1,oracle,planning,57,0.20748967,1.0,0.6222222222222222,1.0,0.02029208
-1,oracle,planning,58,0.19049947,1.0,0.6,1.0,0.012760427
-1,oracle,planning,59,0.17490436,1.0,0.5777777777777777,1.0,0.027215516
-1,oracle,planning,60,0.31064105,1.0,0.7333333333333333,1.0,0.025718823
-1,oracle,planning,61,0.046783306,1.0,0.4888888888888889,1.0,0.023609467
-1,oracle,planning,62,-0.1164472,1.0,0.35555555555555557,1.0,0.023046456
-1,oracle,planning,63,0.11337077,1.0,0.5333333333333333,1.0,0.02261747
-1,oracle,planning,64,0.17097735,1.0,0.6,1.0,0.0019504025
-1,oracle,planning,65,0.35188156,1.0,0.7555555555555555,1.0,0.0042561567
-1,oracle,planning,66,0.24713816,1.0,0.6444444444444445,1.0,0.017149916
-1,oracle,planning,67,0.28048486,1.0,0.6666666666666666,1.0,0.017371941
-1,oracle,planning,68,0.34610176,1.0,0.7555555555555555,1.0,0.02564803
-1,oracle,planning,69,0.31263563,1.0,0.7111111111111111,1.0,0.0299572
-1,oracle,planning,70,0.23928882,1.0,0.6222222222222222,1.0,0.018300155
-1,oracle,planning,71,0.104524836,1.0,0.5555555555555556,1.0,0.024148554
-1,oracle,planning,72,-0.13960144,1.0,0.3333333333333333,1.0,0.017464427
-1,oracle,planning,73,0.37919343,1.0,0.8,1.0,0.012857409
-1,oracle,planning,74,-0.14787082,1.0,0.3111111111111111,1.0,0.017920267
-1,oracle,planning,75,-0.054095935,1.0,0.37777777777777777,1.0,0.039041765
-1,oracle,planning,76,0.024301985,1.0,0.4666666666666667,1.0,0.029596664
-1,oracle,planning,77,0.16608287,1.0,0.6,1.0,0.019331366
-1,oracle,planning,78,0.38029784,1.0,0.8,1.0,0.018225484
-1,oracle,planning,79,0.12650165,1.0,0.5333333333333333,1.0,0.019744914
-1,oracle,planning,80,0.37230936,1.0,0.8,1.0,0.02451178
-1,oracle,planning,81,0.2135062,1.0,0.6222222222222222,1.0,0.026734196
-1,oracle,planning,82,0.14445382,1.0,0.5555555555555556,1.0,0.016766855
-1,oracle,planning,83,0.23332572,1.0,0.6222222222222222,1.0,0.017004486
-1,oracle,planning,84,0.19545634,1.0,0.5555555555555556,1.0,0.011652762
-1,oracle,planning,85,0.11494027,1.0,0.5333333333333333,1.0,0.0032270614
-1,oracle,planning,86,0.13169807,1.0,0.5555555555555556,1.0,0.028762281
-1,oracle,planning,87,-0.12941031,1.0,0.3333333333333333,1.0,0.03337969
-1,oracle,planning,88,0.2680085,1.0,0.6666666666666666,1.0,0.009891453
-1,oracle,planning,89,0.19817787,1.0,0.6,1.0,0.008737093
-1,oracle,planning,90,0.24847884,1.0,0.6,1.0,0.017238377
-1,oracle,planning,91,0.13646482,1.0,0.5333333333333333,1.0,0.018752666
-1,oracle,planning,92,-0.31240234,1.0,0.26666666666666666,1.0,0.018487545
-1,oracle,planning,93,0.32829612,1.0,0.7333333333333333,1.0,0.015786245
-1,oracle,planning,94,0.15005678,1.0,0.5111111111111111,1.0,0.009489139
-1,oracle,planning,95,0.41998312,1.0,0.8222222222222222,1.0,0.010151682
-1,oracle,planning,96,0.31519374,1.0,0.7333333333333333,1.0,0.027682994
-1,oracle,planning,97,0.33349144,1.0,0.7555555555555555,1.0,0.02341619
-1,oracle,planning,98,0.11628214,1.0,0.5333333333333333,1.0,0.008075349
-1,oracle,planning,99,0.007917173,1.0,0.4444444444444444,1.0,0.019245438
-1,oracle,planning,100,0.31723067,1.0,0.7111111111111111,1.0,0.010003665
-1,oracle,planning,101,0.24948387,1.0,0.6666666666666666,1.0,0.01668522
-1,oracle,planning,102,0.17625171,1.0,0.6222222222222222,1.0,0.0066231415
-1,oracle,planning,103,0.3923966,1.0,0.8,1.0,0.007052652
-1,oracle,planning,104,0.21443918,1.0,0.6,1.0,0.015216293
-1,oracle,planning,105,0.011183972,1.0,0.4444444444444444,1.0,0.013381872
-1,oracle,planning,106,0.2929195,1.0,0.6888888888888889,1.0,0.01911238
-1,oracle,planning,107,0.085801,1.0,0.4888888888888889,1.0,0.020901274
-1,oracle,planning,108,0.15814152,1.0,0.5333333333333333,1.0,0.021216212
-1,oracle,planning,109,0.2903036,1.0,0.7111111111111111,1.0,0.020216724
-1,oracle,planning,110,0.12990862,1.0,0.5555555555555556,1.0,0.027877161
-1,oracle,planning,111,0.16683194,1.0,0.5555555555555556,1.0,0.017848028
-1,oracle,planning,112,0.36188194,1.0,0.8,1.0,0.017096339
-1,oracle,planning,113,0.45781073,1.0,0.9111111111111111,1.0,0.011863436
-1,oracle,planning,114,-0.0950158,1.0,0.3333333333333333,1.0,0.02020055
-1,oracle,planning,115,0.14332256,1.0,0.5555555555555556,1.0,0.006756071
-1,oracle,planning,116,0.25009865,1.0,0.6444444444444445,1.0,0.008522849
-1,oracle,planning,117,-0.2970551,1.0,0.2222222222222222,1.0,0.27593237
-1,oracle,planning,118,0.42432222,1.0,0.8666666666666667,1.0,0.013109264
-1,oracle,planning,119,0.21499032,1.0,0.6222222222222222,1.0,0.02318722
-1,oracle,planning,120,0.2049676,1.0,0.5777777777777777,1.0,0.018418567
-1,oracle,planning,121,0.059349712,1.0,0.4666666666666667,1.0,0.0059038964
-1,oracle,planning,122,-0.09003813,1.0,0.35555555555555557,1.0,0.017577454
-1,oracle,planning,123,0.24405664,1.0,0.6666666666666666,1.0,0.011352646
-1,oracle,planning,124,0.06311557,1.0,0.4666666666666667,1.0,0.009144679
-1,oracle,planning,125,0.10029491,1.0,0.4888888888888889,1.0,0.020825878
-1,oracle,planning,126,0.18466333,1.0,0.5555555555555556,1.0,0.031296417
-1,oracle,planning,127,0.0670352,1.0,0.4888888888888889,1.0,0.014903803
-1,oracle,planning,128,0.3908898,1.0,0.8,1.0,0.0356955
-1,oracle,planning,129,0.1424598,1.0,0.5111111111111111,1.0,0.0075524775
-1,oracle,planning,130,0.15492211,1.0,0.5555555555555556,1.0,0.018657366
-1,oracle,planning,131,0.13715851,1.0,0.5555555555555556,1.0,0.0170828
-1,oracle,planning,132,0.32413527,1.0,0.7333333333333333,1.0,0.020235127
-1,oracle,planning,133,0.21597159,1.0,0.6,1.0,0.027475927
-1,oracle,planning,134,0.26710564,1.0,0.6666666666666666,1.0,0.008816209
-1,oracle,planning,135,0.018971257,1.0,0.4666666666666667,1.0,0.0076479577
-1,oracle,planning,136,0.11485238,1.0,0.5333333333333333,1.0,0.027944382
-1,oracle,planning,137,0.14281161,1.0,0.5333333333333333,1.0,0.012493138
-1,oracle,planning,138,0.06644892,1.0,0.4888888888888889,1.0,0.021060105
-1,oracle,planning,139,0.3742022,1.0,0.8,1.0,0.013829524
-1,oracle,planning,140,0.08886681,1.0,0.5333333333333333,1.0,0.015926361
-1,oracle,planning,141,0.08458295,1.0,0.4666666666666667,1.0,0.014403497
-1,oracle,planning,142,0.0324517,1.0,0.4666666666666667,1.0,0.010201125
-1,oracle,planning,143,0.14769247,1.0,0.5333333333333333,1.0,0.01753864
-1,oracle,planning,144,0.31128353,1.0,0.7333333333333333,1.0,0.018975211
-1,oracle,planning,145,0.062224146,1.0,0.4888888888888889,1.0,0.030357268
-1,oracle,planning,146,0.21016383,1.0,0.6222222222222222,1.0,0.020403143
-1,oracle,planning,147,0.3251727,1.0,0.7333333333333333,1.0,0.0039775656
-1,oracle,planning,148,0.04127575,1.0,0.4444444444444444,1.0,0.014164546
-1,oracle,planning,149,0.28503245,1.0,0.6888888888888889,1.0,0.016341481
-1,oracle,planning,150,0.07258254,1.0,0.5333333333333333,1.0,0.03991426
-1,oracle,planning,151,0.13028553,1.0,0.4888888888888889,1.0,0.026800498
-1,oracle,planning,152,0.22299805,1.0,0.6222222222222222,1.0,0.013265421
-1,oracle,planning,153,0.21187134,1.0,0.6222222222222222,1.0,0.008825559
-1,oracle,planning,154,0.08719924,1.0,0.4888888888888889,1.0,0.027528847
-1,oracle,planning,155,0.041421056,1.0,0.4888888888888889,1.0,0.022024611
-1,oracle,planning,156,0.10467524,1.0,0.5333333333333333,1.0,0.00813989
-1,oracle,planning,157,0.34936732,1.0,0.7555555555555555,1.0,0.0354761
-1,oracle,planning,158,0.04931124,1.0,0.4888888888888889,1.0,0.004323571
-1,oracle,planning,159,0.24969557,1.0,0.6666666666666666,1.0,0.019824978
-1,oracle,planning,160,0.253184,1.0,0.6222222222222222,1.0,0.013178662
-1,oracle,planning,161,0.11592762,1.0,0.5111111111111111,1.0,0.051586118
-1,oracle,planning,162,0.17191537,1.0,0.5777777777777777,1.0,0.044307657
-1,oracle,planning,163,0.12900594,1.0,0.5333333333333333,1.0,0.020656474
-1,oracle,planning,164,0.29667792,1.0,0.7111111111111111,1.0,0.03422318
-1,oracle,planning,165,0.19761828,1.0,0.5777777777777777,1.0,0.034194954
-1,oracle,planning,166,0.09508018,1.0,0.5111111111111111,1.0,0.030030547
-1,oracle,planning,167,-0.09440823,1.0,0.37777777777777777,1.0,0.0164725
-1,oracle,planning,168,0.22943437,1.0,0.6444444444444445,1.0,0.016054789
-1,oracle,planning,169,0.2063818,1.0,0.5777777777777777,1.0,0.038143583
-1,oracle,planning,170,0.49257034,1.0,1.0,1.0,0.01789967
-1,oracle,planning,171,0.005606008,1.0,0.4444444444444444,1.0,0.019145444
-1,oracle,planning,172,0.32968307,1.0,0.7333333333333333,1.0,0.004430486
-1,oracle,planning,173,0.3243011,1.0,0.7111111111111111,1.0,0.02275332
-1,oracle,planning,174,-0.066601284,1.0,0.35555555555555557,1.0,0.0046355575
-1,oracle,planning,175,0.102308854,1.0,0.5333333333333333,1.0,0.018625867
-1,oracle,planning,176,-0.089330666,1.0,0.4,1.0,0.0050118994
-1,oracle,planning,177,0.009542283,1.0,0.4666666666666667,1.0,0.026179109
-1,oracle,planning,178,0.09256826,1.0,0.5111111111111111,1.0,0.020327406
-1,oracle,planning,179,0.234358,1.0,0.6666666666666666,1.0,0.015336674
-1,oracle,planning,180,0.051087376,1.0,0.4888888888888889,1.0,0.01499638
-1,oracle,planning,181,0.16735901,1.0,0.5333333333333333,1.0,0.004866793
-1,oracle,planning,182,0.27691934,1.0,0.6444444444444445,1.0,0.018027753
-1,oracle,planning,183,0.040524524,1.0,0.4444444444444444,1.0,0.004424637
-1,oracle,planning,184,0.31202528,1.0,0.6888888888888889,1.0,0.004533249
-1,oracle,planning,185,0.19603595,1.0,0.6,1.0,0.010358188
-1,oracle,planning,186,0.04537447,1.0,0.4888888888888889,1.0,0.020333577
-1,oracle,planning,187,0.09933176,1.0,0.5111111111111111,1.0,0.026049515
-1,oracle,planning,188,-0.08738234,1.0,0.4222222222222222,1.0,0.015754916
-1,oracle,planning,189,0.13241938,1.0,0.5777777777777777,1.0,0.034524538
-1,oracle,planning,190,0.43063986,1.0,0.8666666666666667,1.0,0.013113062
-1,oracle,planning,191,0.31661624,1.0,0.7111111111111111,1.0,0.0063367267
-1,oracle,planning,192,0.25523442,1.0,0.6666666666666666,1.0,0.022508878
-1,oracle,planning,193,0.22774756,1.0,0.6444444444444445,1.0,0.034730706
-1,oracle,planning,194,0.43467754,1.0,0.8888888888888888,1.0,0.02096322
-1,oracle,planning,195,0.39824247,1.0,0.8,1.0,0.015130163
-1,oracle,planning,196,0.27032968,1.0,0.6888888888888889,1.0,0.017128354
-1,oracle,planning,197,0.25719067,1.0,0.6666666666666666,1.0,0.012637938
-1,oracle,planning,198,0.24360985,1.0,0.6444444444444445,1.0,0.017759614
-1,oracle,planning,199,0.06399071,1.0,0.4666666666666667,1.0,0.0058587766
-1,oracle_myopic,planning,0,-0.20387293,0.0,0.06666666666666667,1.0,1.942318
-1,oracle_myopic,planning,1,-0.07219591,1.0,0.15555555555555556,1.0,1.0112962
-1,oracle_myopic,planning,2,-0.14354457,1.0,0.15555555555555556,1.0,1.3481543
-1,oracle_myopic,planning,3,-0.3531948,0.0,0.0,1.0,3.5954742
-1,oracle_myopic,planning,4,0.0071952827,1.0,0.26666666666666666,1.0,0.9703169
-1,oracle_myopic,planning,5,-0.27413455,0.0,0.06666666666666667,1.0,4.019477
-1,oracle_myopic,planning,6,0.3066641,1.0,0.7111111111111111,1.0,0.00011861595
-1,oracle_myopic,planning,7,-0.31017065,0.0,0.0,1.0,3.6957512
-1,oracle_myopic,planning,8,-0.06270994,1.0,0.17777777777777778,1.0,1.1752748
-1,oracle_myopic,planning,9,0.25922486,1.0,0.6,1.0,3.3464068e-05
-1,oracle_myopic,planning,10,-0.1385943,1.0,0.13333333333333333,1.0,0.5996964
-1,oracle_myopic,planning,11,-0.051570576,1.0,0.2,1.0,1.0982053
-1,oracle_myopic,planning,12,-0.066652246,1.0,0.2,1.0,1.1758876
-1,oracle_myopic,planning,13,0.13281591,1.0,0.4222222222222222,1.0,0.13805513
-1,oracle_myopic,planning,14,0.14678034,1.0,0.4444444444444444,1.0,0.2971357
-1,oracle_myopic,planning,15,-0.34479374,0.0,0.0,1.0,3.6727684
-1,oracle_myopic,planning,16,-0.09412339,1.0,0.13333333333333333,1.0,0.7966801
-1,oracle_myopic,planning,17,0.03741261,1.0,0.3111111111111111,1.0,0.7353675
-1,oracle_myopic,planning,18,-0.006955299,1.0,0.26666666666666666,1.0,1.4449673
-1,oracle_myopic,planning,19,-0.2775084,0.0,0.06666666666666667,1.0,4.380125
-1,oracle_myopic,planning,20,-0.22628896,0.0,0.06666666666666667,1.0,2.704968
-1,oracle_myopic,planning,21,0.19323654,1.0,0.4888888888888889,1.0,0.1989748
-1,oracle_myopic,planning,22,0.030977,1.0,0.3111111111111111,1.0,1.2908376
-1,oracle_myopic,planning,23,0.28947136,1.0,0.6222222222222222,1.0,0.0001168762
-1,oracle_myopic,planning,24,-0.065228716,1.0,0.15555555555555556,1.0,1.1782334
-1,oracle_myopic,planning,25,-0.045681085,1.0,0.17777777777777778,1.0,1.3326678
-1,oracle_myopic,planning,26,-0.18366025,1.0,0.044444444444444446,1.0,0.488057
-1,oracle_myopic,planning,27,0.03719301,1.0,0.3333333333333333,1.0,0.53734434
-1,oracle_myopic,planning,28,-0.17130148,0.0,0.13333333333333333,1.0,1.733771
-1,oracle_myopic,planning,29,-0.15125635,0.0,0.15555555555555556,1.0,1.5872239
-1,oracle_myopic,planning,30,-0.13567732,1.0,0.1111111111111111,1.0,1.1535096
-1,oracle_myopic,planning,31,-0.11022838,0.0,0.1111111111111111,1.0,1.9300591
-1,oracle_myopic,planning,32,-0.084605135,1.0,0.17777777777777778,1.0,0.49139094
-1,oracle_myopic,planning,33,-0.28740013,0.0,0.06666666666666667,1.0,3.5899818
-1,oracle_myopic,planning,34,-0.38632783,0.0,0.0,1.0,3.0054471
-1,oracle_myopic,planning,35,-0.076430045,1.0,0.2,1.0,0.8193784
-1,oracle_myopic,planning,36,0.3979777,1.0,0.8,1.0,7.657695e-05
-1,oracle_myopic,planning,37,0.39926127,1.0,0.7555555555555555,1.0,0.00017000249
-1,oracle_myopic,planning,38,-0.17633739,1.0,0.08888888888888889,1.0,1.2254386
-1,oracle_myopic,planning,39,-0.18838611,1.0,0.06666666666666667,1.0,0.53725576
-1,oracle_myopic,planning,40,-0.2939822,0.0,0.06666666666666667,1.0,3.5021286
-1,oracle_myopic,planning,41,0.0067252456,1.0,0.24444444444444444,1.0,0.6297938
-1,oracle_myopic,planning,42,-0.017918224,1.0,0.2,1.0,1.067388
-1,oracle_myopic,planning,43,0.00030056172,1.0,0.28888888888888886,1.0,1.4537209
-1,oracle_myopic,planning,44,0.24687394,1.0,0.6,1.0,0.00012973743
-1,oracle_myopic,planning,45,0.079830915,1.0,0.35555555555555557,1.0,0.13038376
-1,oracle_myopic,planning,46,0.09546077,1.0,0.37777777777777777,1.0,0.4207361
-1,oracle_myopic,planning,47,0.2307389,1.0,0.5555555555555556,1.0,0.0042074923
-1,oracle_myopic,planning,48,-0.09575801,1.0,0.13333333333333333,1.0,0.45268852
-1,oracle_myopic,planning,49,0.15284353,1.0,0.4444444444444444,1.0,0.027449165
-1,oracle_myopic,planning,50,-0.27790564,0.0,0.06666666666666667,1.0,3.673936
-1,oracle_myopic,planning,51,-0.2378293,0.0,0.0,1.0,1.615335
-1,oracle_myopic,planning,52,0.18882677,1.0,0.4888888888888889,1.0,0.3067255
-1,oracle_myopic,planning,53,0.07824322,1.0,0.35555555555555557,1.0,0.68464273
-1,oracle_myopic,planning,54,0.014699751,1.0,0.24444444444444444,1.0,1.4930155
-1,oracle_myopic,planning,55,0.0044883145,1.0,0.2222222222222222,1.0,1.1280206
-1,oracle_myopic,planning,56,-0.08515116,1.0,0.15555555555555556,1.0,0.49034137
-1,oracle_myopic,planning,57,0.06893272,1.0,0.35555555555555557,1.0,0.3053009
-1,oracle_myopic,planning,58,0.0277157,1.0,0.28888888888888886,1.0,1.3219758
-1,oracle_myopic,planning,59,0.010164589,1.0,0.28888888888888886,1.0,1.2330375
-1,oracle_myopic,planning,60,0.14307801,1.0,0.4222222222222222,1.0,0.19444181
-1,oracle_myopic,planning,61,-0.21330643,1.0,0.044444444444444446,1.0,1.0321096
-1,oracle_myopic,planning,62,-0.27756304,0.0,0.06666666666666667,1.0,3.2883286
-1,oracle_myopic,planning,63,-0.112070315,1.0,0.15555555555555556,1.0,0.43862116
-1,oracle_myopic,planning,64,-0.087594435,1.0,0.17777777777777778,1.0,1.4586858
-1,oracle_myopic,planning,65,0.28176278,1.0,0.6,1.0,9.367169e-05
-1,oracle_myopic,planning,66,0.13304272,1.0,0.4222222222222222,1.0,7.549934e-05
-1,oracle_myopic,planning,67,0.1817651,1.0,0.4888888888888889,1.0,0.23281805
-1,oracle_myopic,planning,68,0.2706161,1.0,0.6,1.0,0.000238495
-1,oracle_myopic,planning,69,0.19088101,1.0,0.4666666666666667,1.0,0.0002805226
-1,oracle_myopic,planning,70,0.10568443,1.0,0.37777777777777777,1.0,0.14503497
-1,oracle_myopic,planning,71,-0.13657288,1.0,0.08888888888888889,1.0,0.6892799
-1,oracle_myopic,planning,72,-0.34355482,0.0,0.0,1.0,3.3854253
-1,oracle_myopic,planning,73,0.32794002,1.0,0.7111111111111111,1.0,0.00016479142
-1,oracle_myopic,planning,74,-0.29405433,0.0,0.06666666666666667,1.0,4.8199444
-1,oracle_myopic,planning,75,-0.2544049,0.0,0.0,1.0,1.7078137
-1,oracle_myopic,planning,76,-0.21864876,1.0,0.044444444444444446,1.0,1.2874973
-1,oracle_myopic,planning,77,-0.07897292,1.0,0.17777777777777778,1.0,1.2989788
-1,oracle_myopic,planning,78,0.3293007,1.0,0.6888888888888889,1.0,0.00014733658
-1,oracle_myopic,planning,79,-0.08513105,1.0,0.2,1.0,1.2016512
-1,oracle_myopic,planning,80,0.27740496,1.0,0.6,1.0,0.00021981166
-1,oracle_myopic,planning,81,-0.0008287357,1.0,0.28888888888888886,1.0,1.1685461
-1,oracle_myopic,planning,82,-0.03641924,1.0,0.24444444444444444,1.0,1.247484
-1,oracle_myopic,planning,83,0.069994144,1.0,0.35555555555555557,1.0,0.667127
-1,oracle_myopic,planning,84,0.10594618,1.0,0.35555555555555557,1.0,0.45903134
-1,oracle_myopic,planning,85,-0.13660085,1.0,0.1111111111111111,1.0,1.4724479
-1,oracle_myopic,planning,86,-0.08125912,1.0,0.17777777777777778,1.0,1.4023769
-1,oracle_myopic,planning,87,-0.33961967,0.0,0.0,1.0,3.7447944
-1,oracle_myopic,planning,88,0.14358808,1.0,0.4444444444444444,1.0,0.19180885
-1,oracle_myopic,planning,89,0.049462307,1.0,0.28888888888888886,1.0,0.17508362
-1,oracle_myopic,planning,90,0.16888547,1.0,0.4444444444444444,1.0,0.12061704
-1,oracle_myopic,planning,91,-0.018845387,1.0,0.26666666666666666,1.0,0.9702781
-1,oracle_myopic,planning,92,-0.457923,0.0,0.044444444444444446,1.0,6.293643
-1,oracle_myopic,planning,93,0.2215495,1.0,0.5333333333333333,1.0,0.000152078
-1,oracle_myopic,planning,94,0.058898948,1.0,0.3111111111111111,1.0,0.6571492
-1,oracle_myopic,planning,95,0.41344625,1.0,0.8222222222222222,1.0,0.0001412044
-1,oracle_myopic,planning,96,0.109071426,1.0,0.35555555555555557,1.0,0.30732232
-1,oracle_myopic,planning,97,0.20065005,1.0,0.5111111111111111,1.0,0.46263447
-1,oracle_myopic,planning,98,-0.04409759,1.0,0.2,1.0,0.8894808
-1,oracle_myopic,planning,99,-0.19400862,1.0,0.08888888888888889,1.0,1.4416431
-1,oracle_myopic,planning,100,0.2466139,1.0,0.5555555555555556,1.0,9.055831e-05
-1,oracle_myopic,planning,101,0.028093582,1.0,0.3111111111111111,1.0,1.0029665
-1,oracle_myopic,planning,102,-0.086409904,1.0,0.15555555555555556,1.0,1.3280494
-1,oracle_myopic,planning,103,0.36124256,1.0,0.8,1.0,0.00020041848
-1,oracle_myopic,planning,104,0.08564659,1.0,0.28888888888888886,1.0,0.089828074
-1,oracle_myopic,planning,105,-0.19049507,0.0,0.06666666666666667,1.0,1.7005606
-1,oracle_myopic,planning,106,0.20317076,1.0,0.5111111111111111,1.0,0.000111727415
-1,oracle_myopic,planning,107,-0.1131931,1.0,0.1111111111111111,1.0,0.11169243
-1,oracle_myopic,planning,108,0.007914708,1.0,0.2,1.0,0.9688627
-1,oracle_myopic,planning,109,0.09376345,1.0,0.3333333333333333,1.0,0.36724466
-1,oracle_myopic,planning,110,-0.07579114,1.0,0.17777777777777778,1.0,0.9610957
-1,oracle_myopic,planning,111,0.022103194,1.0,0.2222222222222222,1.0,0.7875214
-1,oracle_myopic,planning,112,0.18949202,1.0,0.5333333333333333,1.0,0.08319652
-1,oracle_myopic,planning,113,0.4371653,1.0,0.9111111111111111,1.0,0.00017063392
-1,oracle_myopic,planning,114,-0.24693324,0.0,0.06666666666666667,1.0,3.1924818
-1,oracle_myopic,planning,115,-0.02381463,1.0,0.2222222222222222,1.0,1.0500507
-1,oracle_myopic,planning,116,0.17571038,1.0,0.4888888888888889,1.0,0.026598275
-1,oracle_myopic,planning,117,-0.3862332,0.0,0.06666666666666667,1.0,4.459017
-1,oracle_myopic,planning,118,0.38654816,1.0,0.8222222222222222,1.0,0.00014708146
-1,oracle_myopic,planning,119,0.0069793607,1.0,0.28888888888888886,1.0,1.4491284
-1,oracle_myopic,planning,120,0.108370095,1.0,0.3333333333333333,1.0,0.07378419
-1,oracle_myopic,planning,121,-0.14015134,1.0,0.06666666666666667,1.0,0.14226218
-1,oracle_myopic,planning,122,-0.26377794,0.0,0.06666666666666667,1.0,3.5541706
-1,oracle_myopic,planning,123,0.01828124,1.0,0.3333333333333333,1.0,0.30415812
-1,oracle_myopic,planning,124,-0.10859107,1.0,0.15555555555555556,1.0,0.13752946
-1,oracle_myopic,planning,125,-0.061348226,1.0,0.17777777777777778,1.0,0.8554621
-1,oracle_myopic,planning,126,-0.011575288,1.0,0.2,1.0,1.0407574
-1,oracle_myopic,planning,127,-0.14068665,1.0,0.1111111111111111,1.0,0.493477
-1,oracle_myopic,planning,128,0.37539536,1.0,0.8,1.0,0.00020144858
-1,oracle_myopic,planning,129,0.051314928,1.0,0.28888888888888886,1.0,0.53302884
-1,oracle_myopic,planning,130,-0.040107656,1.0,0.17777777777777778,1.0,1.3961794
-1,oracle_myopic,planning,131,-0.008761444,1.0,0.3111111111111111,1.0,0.43496856
-1,oracle_myopic,planning,132,0.26787367,1.0,0.6,1.0,0.000126648
-1,oracle_myopic,planning,133,0.033175085,1.0,0.24444444444444444,1.0,0.8781283
-1,oracle_myopic,planning,134,0.13660304,1.0,0.35555555555555557,1.0,0.0663802
-1,oracle_myopic,planning,135,-0.18714081,1.0,0.08888888888888889,1.0,1.3736794
-1,oracle_myopic,planning,136,-0.066093095,1.0,0.15555555555555556,1.0,0.9914089
-1,oracle_myopic,planning,137,-0.0040563373,1.0,0.2,1.0,0.69175655
-1,oracle_myopic,planning,138,-0.12873186,1.0,0.2,1.0,1.4909748
-1,oracle_myopic,planning,139,0.30676025,1.0,0.6444444444444445,1.0,6.613917e-05
-1,oracle_myopic,planning,140,-0.16220035,1.0,0.08888888888888889,1.0,0.5262761
-1,oracle_myopic,planning,141,-0.08750364,1.0,0.15555555555555556,1.0,0.00016147488
-1,oracle_myopic,planning,142,-0.21411659,1.0,0.022222222222222223,1.0,1.112932
-1,oracle_myopic,planning,143,-0.029816903,1.0,0.2222222222222222,1.0,0.9802485
-1,oracle_myopic,planning,144,0.09988308,1.0,0.35555555555555557,1.0,0.34619886
-1,oracle_myopic,planning,145,-0.13530535,1.0,0.15555555555555556,1.0,0.20961365
-1,oracle_myopic,planning,146,0.0317995,1.0,0.26666666666666666,1.0,0.38623762
-1,oracle_myopic,planning,147,0.20089908,1.0,0.4888888888888889,1.0,0.00024202096
-1,oracle_myopic,planning,148,-0.121206135,1.0,0.13333333333333333,1.0,0.00021631434
-1,oracle_myopic,planning,149,0.10389112,1.0,0.3333333333333333,1.0,0.1874481
-1,oracle_myopic,planning,150,-0.14150077,0.0,0.15555555555555556,1.0,1.7481054
-1,oracle_myopic,planning,151,0.021010209,1.0,0.28888888888888886,1.0,1.0542266
-1,oracle_myopic,planning,152,0.029621521,1.0,0.28888888888888886,1.0,0.94123614
-1,oracle_myopic,planning,153,0.03046643,1.0,0.26666666666666666,1.0,1.1361223
-1,oracle_myopic,planning,154,-0.060359098,1.0,0.2222222222222222,1.0,0.6811246
-1,oracle_myopic,planning,155,-0.19859017,1.0,0.044444444444444446,1.0,1.0522348
-1,oracle_myopic,planning,156,-0.11753991,1.0,0.13333333333333333,1.0,1.0956202
-1,oracle_myopic,planning,157,0.28301996,1.0,0.6222222222222222,1.0,0.00010943985
-1,oracle_myopic,planning,158,-0.14650081,1.0,0.1111111111111111,1.0,0.37235093
-1,oracle_myopic,planning,159,0.036636792,1.0,0.26666666666666666,1.0,1.325844
-1,oracle_myopic,planning,160,0.1132536,1.0,0.3111111111111111,1.0,0.12740935
-1,oracle_myopic,planning,161,-0.073254086,1.0,0.15555555555555556,1.0,0.5718306
-1,oracle_myopic,planning,162,-0.016990704,1.0,0.26666666666666666,1.0,1.4027075
-1,oracle_myopic,planning,163,-0.05523119,1.0,0.2222222222222222,1.0,0.9851663
-1,oracle_myopic,planning,164,0.14353696,1.0,0.4,1.0,0.2147402
-1,oracle_myopic,planning,165,0.07959472,1.0,0.3333333333333333,1.0,0.87804055
-1,oracle_myopic,planning,166,-0.06885594,1.0,0.17777777777777778,1.0,0.8845446
-1,oracle_myopic,planning,167,-0.26477507,0.0,0.06666666666666667,1.0,2.8724108
-1,oracle_myopic,planning,168,0.0373713,1.0,0.24444444444444444,1.0,0.5576808
-1,oracle_myopic,planning,169,0.1023928,1.0,0.37777777777777777,1.0,0.53696734
-1,oracle_myopic,planning,170,0.44322687,1.0,0.9111111111111111,1.0,0.00021612286
-1,oracle_myopic,planning,171,-0.19286162,0.0,0.08888888888888889,1.0,1.683851
-1,oracle_myopic,planning,172,0.22657315,1.0,0.5333333333333333,1.0,0.06505632
-1,oracle_myopic,planning,173,0.29666382,1.0,0.7111111111111111,1.0,0.00019416265
-1,oracle_myopic,planning,174,-0.24141753,0.0,0.06666666666666667,1.0,3.3396902
-1,oracle_myopic,planning,175,-0.12130993,1.0,0.1111111111111111,1.0,0.725398
-1,oracle_myopic,planning,176,-0.3156947,0.0,0.0,1.0,2.6045315
-1,oracle_myopic,planning,177,-0.21697827,1.0,0.06666666666666667,1.0,0.85443026
-1,oracle_myopic,planning,178,-0.09169842,1.0,0.15555555555555556,1.0,0.89615196
-1,oracle_myopic,planning,179,-0.030769745,0.0,0.17777777777777778,1.0,1.5973334
-1,oracle_myopic,planning,180,-0.1825174,1.0,0.044444444444444446,1.0,0.5698812
-1,oracle_myopic,planning,181,0.041914918,1.0,0.28888888888888886,1.0,0.730682
-1,oracle_myopic,planning,182,0.18035944,1.0,0.4444444444444444,1.0,0.13123742
-1,oracle_myopic,planning,183,-0.11008878,1.0,0.13333333333333333,1.0,9.6808384e-05
-1,oracle_myopic,planning,184,0.28474796,1.0,0.6888888888888889,1.0,0.00013780875
-1,oracle_myopic,planning,185,0.008354613,1.0,0.3111111111111111,1.0,0.6346649
-1,oracle_myopic,planning,186,-0.20184383,1.0,0.044444444444444446,1.0,0.47521943
-1,oracle_myopic,planning,187,-0.09269759,0.0,0.15555555555555556,1.0,1.7374728
-1,oracle_myopic,planning,188,-0.33550045,0.0,0.0,1.0,2.0983512
-1,oracle_myopic,planning,189,-0.13154127,0.0,0.13333333333333333,1.0,1.7027065
-1,oracle_myopic,planning,190,0.40764046,1.0,0.8666666666666667,1.0,3.126184e-05
-1,oracle_myopic,planning,191,0.27503914,1.0,0.7111111111111111,1.0,0.00015097606
-1,oracle_myopic,planning,192,0.054766014,1.0,0.37777777777777777,1.0,0.6198128
-1,oracle_myopic,planning,193,0.015774697,1.0,0.3111111111111111,1.0,0.23076232
-1,oracle_myopic,planning,194,0.38269994,1.0,0.7555555555555555,1.0,0.00023048709
-1,oracle_myopic,planning,195,0.37408036,1.0,0.8,1.0,0.00015587175
-1,oracle_myopic,planning,196,0.06607216,1.0,0.3333333333333333,1.0,0.5499146
-1,oracle_myopic,planning,197,0.07568262,1.0,0.35555555555555557,1.0,0.5119156
-1,oracle_myopic,planning,198,0.12876505,1.0,0.4,1.0,0.18872583
-1,oracle_myopic,planning,199,-0.090684965,1.0,0.15555555555555556,1.0,0.061363123
-1,oracle_colourblind,planning,0,-0.64685583,0.0,0.0,0.0,21.278284
-1,oracle_colourblind,planning,1,-0.63841903,0.0,0.0,0.0,20.591812
-1,oracle_colourblind,planning,2,-0.6750728,0.0,0.0,0.0,21.57345
-1,oracle_colourblind,planning,3,-0.5063819,0.0,0.0,0.0,13.17648
-1,oracle_colourblind,planning,4,0.07222614,1.0,0.4444444444444444,1.0,0.06292201
-1,oracle_colourblind,planning,5,-0.54612786,0.0,0.0,0.0,16.332266
-1,oracle_colourblind,planning,6,0.34744444,1.0,0.7333333333333333,1.0,0.037700146
-1,oracle_colourblind,planning,7,-0.09316341,1.0,0.37777777777777777,1.0,0.04674798
-1,oracle_colourblind,planning,8,0.15610467,1.0,0.5555555555555556,1.0,0.06716814
-1,oracle_colourblind,planning,9,0.38749605,1.0,0.8222222222222222,1.0,0.055578474
-1,oracle_colourblind,planning,10,-0.45741814,0.0,0.0,0.0,13.939309
-1,oracle_colourblind,planning,11,0.16996892,1.0,0.5777777777777777,1.0,0.056633767
-1,oracle_colourblind,planning,12,-0.39090106,0.0,0.0,0.0,11.121522
-1,oracle_colourblind,planning,13,0.2514965,1.0,0.6666666666666666,1.0,0.0693729
-1,oracle_colourblind,planning,14,0.33552715,1.0,0.7555555555555555,1.0,0.060105678
-1,oracle_colourblind,planning,15,-0.14448868,1.0,0.3333333333333333,1.0,0.07400194
-1,oracle_colourblind,planning,16,-0.48340175,0.0,0.0,0.0,15.848267
-1,oracle_colourblind,planning,17,0.09479332,1.0,0.4444444444444444,1.0,0.05295366
-1,oracle_colourblind,planning,18,-0.43462595,0.0,0.0,0.0,13.683496
-1,oracle_colourblind,planning,19,-0.20101903,1.0,0.24444444444444444,1.0,0.05767531
-1,oracle_colourblind,planning,20,-0.6261466,0.0,0.0,0.0,19.495562
-1,oracle_colourblind,planning,21,-0.44006783,0.0,0.0,0.0,15.291367
-1,oracle_colourblind,planning,22,0.03793986,1.0,0.37777777777777777,1.0,0.091592565
-1,oracle_colourblind,planning,23,0.38579348,1.0,0.8222222222222222,1.0,0.055676244
-1,oracle_colourblind,planning,24,-0.47553384,0.0,0.0,0.0,14.835184
-1,oracle_colourblind,planning,25,0.16897868,1.0,0.5777777777777777,1.0,0.058175962
-1,oracle_colourblind,planning,26,-0.58729297,0.0,0.0,0.0,18.07685
-1,oracle_colourblind,planning,27,0.25148535,1.0,0.6666666666666666,1.0,0.07816608
-1,oracle_colourblind,planning,28,0.10871204,1.0,0.5777777777777777,1.0,0.082183845
-1,oracle_colourblind,planning,29,-0.6383913,0.0,0.0,0.0,19.723522
-1,oracle_colourblind,planning,30,-0.6319025,0.0,0.0,0.0,20.542849
-1,oracle_colourblind,planning,31,-0.55105805,0.0,0.0,0.0,17.051567
-1,oracle_colourblind,planning,32,-0.4431408,0.0,0.0,0.0,15.941236
-1,oracle_colourblind,planning,33,-0.4657425,0.0,0.0,0.0,11.615596
-1,oracle_colourblind,planning,34,-0.58093464,0.0,0.0,0.0,15.323455
-1,oracle_colourblind,planning,35,-0.4055203,0.0,0.0,0.0,11.79043
-1,oracle_colourblind,planning,36,0.41096625,1.0,0.8,1.0,0.07065138
-1,oracle_colourblind,planning,37,0.45492566,1.0,0.9555555555555556,1.0,0.046383873
-1,oracle_colourblind,planning,38,-0.36902377,0.0,0.0,1.0,9.191167
-1,oracle_colourblind,planning,39,-0.54228014,0.0,0.0,0.0,16.436438
-1,oracle_colourblind,planning,40,-0.5821755,0.0,0.0,0.0,16.1302
-1,oracle_colourblind,planning,41,-0.48711312,0.0,0.0,0.0,15.920552
-1,oracle_colourblind,planning,42,-0.0833857,1.0,0.26666666666666666,1.0,0.05584411
-1,oracle_colourblind,planning,43,0.160855,1.0,0.5555555555555556,1.0,0.06402362
-1,oracle_colourblind,planning,44,0.3198508,1.0,0.7333333333333333,1.0,0.025679627
-1,oracle_colourblind,planning,45,-0.03866732,1.0,0.28888888888888886,1.0,0.08438374
-1,oracle_colourblind,planning,46,-0.45474786,0.0,0.0,0.0,16.267706
-1,oracle_colourblind,planning,47,0.29039022,1.0,0.6888888888888889,1.0,0.035404578
-1,oracle_colourblind,planning,48,-0.40530887,0.0,0.0,0.0,12.459868
-1,oracle_colourblind,planning,49,0.28072977,1.0,0.6888888888888889,1.0,0.050583012
-1,oracle_colourblind,planning,50,-0.5815919,0.0,0.0,0.0,18.469923
-1,oracle_colourblind,planning,51,-0.03592157,1.0,0.4,1.0,0.039870042
-1,oracle_colourblind,planning,52,0.27457482,1.0,0.6444444444444445,1.0,0.07153735
-1,oracle_colourblind,planning,53,-0.2762906,0.0,0.0,1.0,6.73801
-1,oracle_colourblind,planning,54,-0.51466244,0.0,0.0,0.0,16.655977
-1,oracle_colourblind,planning,55,0.18393898,1.0,0.5777777777777777,1.0,0.09223652
-1,oracle_colourblind,planning,56,-0.47771707,0.0,0.0,0.0,15.090256
-1,oracle_colourblind,planning,57,-0.412034,0.0,0.0,0.0,12.857338
-1,oracle_colourblind,planning,58,-0.35272586,0.0,0.0,0.0,10.936093
-1,oracle_colourblind,planning,59,-0.34329182,0.0,0.0,0.0,12.799761
-1,oracle_colourblind,planning,60,0.22347857,1.0,0.6,1.0,0.02877883
-1,oracle_colourblind,planning,61,0.044200122,1.0,0.4666666666666667,1.0,0.06460153
-1,oracle_colourblind,planning,62,-0.584021,0.0,0.0,0.0,17.28424
-1,oracle_colourblind,planning,63,-0.4961763,0.0,0.0,0.0,15.347386
-1,oracle_colourblind,planning,64,0.0012194674,1.0,0.35555555555555557,1.0,0.0488946
-1,oracle_colourblind,planning,65,0.35078618,1.0,0.7555555555555555,1.0,0.067015894
-1,oracle_colourblind,planning,66,-0.4945062,0.0,0.0,0.0,16.888603
-1,oracle_colourblind,planning,67,-0.2985652,0.0,0.0,0.0,9.619688
-1,oracle_colourblind,planning,68,0.33137238,1.0,0.7333333333333333,1.0,0.07481612
-1,oracle_colourblind,planning,69,-0.4081699,0.0,0.0,0.0,15.170641
-1,oracle_colourblind,planning,70,0.10499673,1.0,0.4444444444444444,1.0,0.053110886
-1,oracle_colourblind,planning,71,-0.53054106,0.0,0.0,0.0,16.179022
-1,oracle_colourblind,planning,72,-0.18801348,1.0,0.28888888888888886,1.0,0.048176587
-1,oracle_colourblind,planning,73,0.37755406,1.0,0.8,1.0,0.060543075
-1,oracle_colourblind,planning,74,-0.5603897,0.0,0.0,0.0,16.382893
-1,oracle_colourblind,planning,75,-0.07097457,1.0,0.37777777777777777,1.0,0.032813523
-1,oracle_colourblind,planning,76,-0.46118143,0.0,0.0,0.0,12.897257
-1,oracle_colourblind,planning,77,-0.4379947,0.0,0.0,0.0,13.515451
-1,oracle_colourblind,planning,78,0.37759608,1.0,0.8,1.0,0.086336926
-1,oracle_colourblind,planning,79,-0.49699873,0.0,0.0,0.0,15.381098
-1,oracle_colourblind,planning,80,0.36931276,1.0,0.8,1.0,0.10088439
-1,oracle_colourblind,planning,81,0.2103802,1.0,0.6222222222222222,1.0,0.10738494
-1,oracle_colourblind,planning,82,-0.39905006,0.0,0.0,0.0,12.155023
-1,oracle_colourblind,planning,83,-0.3540015,0.0,0.0,0.0,11.627184
-1,oracle_colourblind,planning,84,-0.49020478,0.0,0.0,0.0,16.580235
-1,oracle_colourblind,planning,85,0.10615379,1.0,0.5333333333333333,1.0,0.056453224
-1,oracle_colourblind,planning,86,-0.5854982,0.0,0.0,0.0,18.331358
-1,oracle_colourblind,planning,87,-0.77317876,0.0,0.0,0.0,24.310843
-1,oracle_colourblind,planning,88,0.26320857,1.0,0.6666666666666666,1.0,0.08718494
-1,oracle_colourblind,planning,89,0.1946149,1.0,0.6,1.0,0.05220919
-1,oracle_colourblind,planning,90,-0.35642383,0.0,0.0,0.0,11.743539
-1,oracle_colourblind,planning,91,-0.019682426,1.0,0.3333333333333333,1.0,0.07724233
-1,oracle_colourblind,planning,92,-0.6992541,0.0,0.0,0.0,18.507494
-1,oracle_colourblind,planning,93,-0.3234228,0.0,0.0,0.0,10.87918
-1,oracle_colourblind,planning,94,0.13045174,1.0,0.4888888888888889,1.0,0.057308007
-1,oracle_colourblind,planning,95,0.41837722,1.0,0.8222222222222222,1.0,0.074088044
-1,oracle_colourblind,planning,96,0.31301922,1.0,0.7333333333333333,1.0,0.06183393
-1,oracle_colourblind,planning,97,0.31402692,1.0,0.7111111111111111,1.0,0.09151555
-1,oracle_colourblind,planning,98,0.10852543,1.0,0.5333333333333333,1.0,0.056110825
-1,oracle_colourblind,planning,99,-0.51188886,0.0,0.0,0.0,19.309374
-1,oracle_colourblind,planning,100,0.3142262,1.0,0.7111111111111111,1.0,0.07573416
-1,oracle_colourblind,planning,101,-0.37716845,0.0,0.0,0.0,11.69206
-1,oracle_colourblind,planning,102,-0.61120397,0.0,0.0,0.0,19.51534
-1,oracle_colourblind,planning,103,0.39037275,1.0,0.8,1.0,0.06152514
-1,oracle_colourblind,planning,104,-0.4209087,0.0,0.0,0.0,13.555762
-1,oracle_colourblind,planning,105,-0.5122457,0.0,0.0,0.0,15.507951
-1,oracle_colourblind,planning,106,-0.4446399,0.0,0.0,0.0,15.186714
-1,oracle_colourblind,planning,107,0.07810178,1.0,0.4888888888888889,1.0,0.05705754
-1,oracle_colourblind,planning,108,-0.46396154,0.0,0.0,0.0,15.275409
-1,oracle_colourblind,planning,109,0.27512825,1.0,0.6888888888888889,1.0,0.047976382
-1,oracle_colourblind,planning,110,-0.39561683,0.0,0.0,0.0,11.803552
-1,oracle_colourblind,planning,111,-0.50023437,0.0,0.0,0.0,16.120789
-1,oracle_colourblind,planning,112,0.36043727,1.0,0.8,1.0,0.05068507
-1,oracle_colourblind,planning,113,0.45630085,1.0,0.9111111111111111,1.0,0.072148144
-1,oracle_colourblind,planning,114,-0.4458752,0.0,0.0,0.0,12.125318
-1,oracle_colourblind,planning,115,-0.47286284,0.0,0.0,0.0,15.454949
-1,oracle_colourblind,planning,116,0.249744,1.0,0.6444444444444445,1.0,0.061957583
-1,oracle_colourblind,planning,117,-0.6185263,0.0,0.0,0.0,16.403774
-1,oracle_colourblind,planning,118,0.42314255,1.0,0.8666666666666667,1.0,0.07046077
-1,oracle_colourblind,planning,119,0.20128901,1.0,0.6222222222222222,1.0,0.09087347
-1,oracle_colourblind,planning,120,0.2041106,1.0,0.5777777777777777,1.0,0.06703671
-1,oracle_colourblind,planning,121,-0.36483738,0.0,0.0,0.0,12.311892
-1,oracle_colourblind,planning,122,-0.4457516,0.0,0.0,0.0,11.332382
-1,oracle_colourblind,planning,123,-0.35538894,0.0,0.0,1.0,9.665854
-1,oracle_colourblind,planning,124,-0.5450386,0.0,0.0,0.0,17.41574
-1,oracle_colourblind,planning,125,-0.51291525,0.0,0.0,0.0,16.49793
-1,oracle_colourblind,planning,126,-0.44361308,0.0,0.0,0.0,15.002796
-1,oracle_colourblind,planning,127,-0.47764078,0.0,0.0,0.0,14.992945
-1,oracle_colourblind,planning,128,0.38958922,1.0,0.8,1.0,0.048955865
-1,oracle_colourblind,planning,129,0.1216623,1.0,0.4888888888888889,1.0,0.07195469
-1,oracle_colourblind,planning,130,0.15031002,1.0,0.5555555555555556,1.0,0.071607366
-1,oracle_colourblind,planning,131,0.1329108,1.0,0.5555555555555556,1.0,0.052558016
-1,oracle_colourblind,planning,132,0.32248405,1.0,0.7333333333333333,1.0,0.036915164
-1,oracle_colourblind,planning,133,0.21517067,1.0,0.6222222222222222,1.0,0.06380479
-1,oracle_colourblind,planning,134,0.15258566,1.0,0.5111111111111111,1.0,0.06094167
-1,oracle_colourblind,planning,135,-0.42403913,0.0,0.0,0.0,11.785484
-1,oracle_colourblind,planning,136,-0.378884,0.0,0.0,0.0,11.952226
-1,oracle_colourblind,planning,137,-0.57127076,0.0,0.0,0.0,19.791235
-1,oracle_colourblind,planning,138,0.06520126,1.0,0.4888888888888889,1.0,0.059811033
-1,oracle_colourblind,planning,139,0.3729182,1.0,0.8,1.0,0.08089424
-1,oracle_colourblind,planning,140,0.08843016,1.0,0.5333333333333333,1.0,0.0789278
-1,oracle_colourblind,planning,141,-0.43237314,0.0,0.0,0.0,13.617958
-1,oracle_colourblind,planning,142,-0.5471056,0.0,0.0,0.0,16.556314
-1,oracle_colourblind,planning,143,0.14354792,1.0,0.5333333333333333,1.0,0.07721378
-1,oracle_colourblind,planning,144,0.305251,1.0,0.7333333333333333,1.0,0.07422596
-1,oracle_colourblind,planning,145,-0.07860334,1.0,0.28888888888888886,1.0,0.09676752
-1,oracle_colourblind,planning,146,0.2084678,1.0,0.6222222222222222,1.0,0.054465152
-1,oracle_colourblind,planning,147,0.32328483,1.0,0.7333333333333333,1.0,0.0658863
-1,oracle_colourblind,planning,148,-0.6174999,0.0,0.0,0.0,20.766483
-1,oracle_colourblind,planning,149,0.2842247,1.0,0.6888888888888889,1.0,0.04726625
-1,oracle_colourblind,planning,150,-0.6316683,0.0,0.0,0.0,19.531658
-1,oracle_colourblind,planning,151,-0.33194038,0.0,0.0,0.0,11.6342325
-1,oracle_colourblind,planning,152,0.22125119,1.0,0.6222222222222222,1.0,0.06300961
-1,oracle_colourblind,planning,153,0.20935279,1.0,0.6,1.0,0.045955993
-1,oracle_colourblind,planning,154,-0.3917708,0.0,0.0,0.0,11.620035
-1,oracle_colourblind,planning,155,-0.5684947,0.0,0.0,0.0,17.432037
-1,oracle_colourblind,planning,156,-0.5750567,0.0,0.0,0.0,17.886646
-1,oracle_colourblind,planning,157,0.31940466,1.0,0.7111111111111111,1.0,0.07394687
-1,oracle_colourblind,planning,158,-0.557938,0.0,0.0,0.0,17.660675
-1,oracle_colourblind,planning,159,0.24822083,1.0,0.6666666666666666,1.0,0.054382544
-1,oracle_colourblind,planning,160,-0.43109253,0.0,0.0,0.0,14.612376
-1,oracle_colourblind,planning,161,-0.42121106,0.0,0.0,0.0,12.942554
-1,oracle_colourblind,planning,162,-0.28325987,0.0,0.0,1.0,2.6916301
-1,oracle_colourblind,planning,163,0.08538672,1.0,0.4888888888888889,1.0,0.09139399
-1,oracle_colourblind,planning,164,0.29456437,1.0,0.7111111111111111,1.0,0.042390473
-1,oracle_colourblind,planning,165,-0.45423615,0.0,0.0,0.0,14.998781
-1,oracle_colourblind,planning,166,-0.4098581,0.0,0.0,0.0,14.969582
-1,oracle_colourblind,planning,167,-0.5923243,0.0,0.0,0.0,17.206406
-1,oracle_colourblind,planning,168,0.22626072,1.0,0.6222222222222222,1.0,0.04684508
-1,oracle_colourblind,planning,169,0.20464419,1.0,0.5777777777777777,1.0,0.10885187
-1,oracle_colourblind,planning,170,0.49118704,1.0,1.0,1.0,0.050776333
-1,oracle_colourblind,planning,171,-0.08232435,1.0,0.3333333333333333,1.0,0.04030074
-1,oracle_colourblind,planning,172,0.32725504,1.0,0.7333333333333333,1.0,0.051679358
-1,oracle_colourblind,planning,173,0.3220167,1.0,0.7111111111111111,1.0,0.02560477
-1,oracle_colourblind,planning,174,-0.56551653,0.0,0.0,0.0,17.458426
-1,oracle_colourblind,planning,175,0.09459298,1.0,0.5111111111111111,1.0,0.07092147
-1,oracle_colourblind,planning,176,-0.58331835,0.0,0.0,0.0,16.81053
-1,oracle_colourblind,planning,177,-0.57792884,0.0,0.0,0.0,17.402672
-1,oracle_colourblind,planning,178,-0.4708939,0.0,0.0,0.0,14.164553
-1,oracle_colourblind,planning,179,0.23147215,1.0,0.6666666666666666,1.0,0.09439216
-1,oracle_colourblind,planning,180,-0.5008932,0.0,0.0,0.0,15.129746
-1,oracle_colourblind,planning,181,-0.16803017,1.0,0.08888888888888889,1.0,0.07431848
-1,oracle_colourblind,planning,182,-0.40345356,0.0,0.0,0.0,13.65103
-1,oracle_colourblind,planning,183,0.029321626,1.0,0.4444444444444444,1.0,0.060852706
-1,oracle_colourblind,planning,184,0.31120804,1.0,0.6888888888888889,1.0,0.0609601
-1,oracle_colourblind,planning,185,0.18851376,1.0,0.6,1.0,0.06153243
-1,oracle_colourblind,planning,186,-0.5911638,0.0,0.0,0.0,18.7565
-1,oracle_colourblind,planning,187,-0.45742905,0.0,0.0,0.0,13.912066
-1,oracle_colourblind,planning,188,-0.20398399,1.0,0.26666666666666666,1.0,0.053403873
-1,oracle_colourblind,planning,189,-0.4278522,0.0,0.0,0.0,13.677537
-1,oracle_colourblind,planning,190,0.42921335,1.0,0.8666666666666667,1.0,0.05747859
-1,oracle_colourblind,planning,191,0.314492,1.0,0.7111111111111111,1.0,0.06771412
-1,oracle_colourblind,planning,192,-0.37779775,0.0,0.0,0.0,11.850719
-1,oracle_colourblind,planning,193,-0.3825498,0.0,0.0,0.0,11.672515
-1,oracle_colourblind,planning,194,0.43367186,1.0,0.8888888888888888,1.0,0.04226095
-1,oracle_colourblind,planning,195,0.39740703,1.0,0.8,1.0,0.04005476
-1,oracle_colourblind,planning,196,0.26915923,1.0,0.6888888888888889,1.0,0.038080476
-1,oracle_colourblind,planning,197,-0.36638725,0.0,0.0,0.0,12.032696
-1,oracle_colourblind,planning,198,0.24094056,1.0,0.6444444444444445,1.0,0.08640245
-1,oracle_colourblind,planning,199,-0.5959741,0.0,0.0,0.0,20.230125
-1,oracle_wrong,planning,0,-0.65093887,0.0,0.0,0.0,21.330051
-1,oracle_wrong,planning,1,-0.64108413,0.0,0.0,0.0,20.664764
-1,oracle_wrong,planning,2,-0.6772798,0.0,0.0,0.0,21.640137
-1,oracle_wrong,planning,3,-0.5290827,0.0,0.0,0.0,13.240827
-1,oracle_wrong,planning,4,-0.5645252,0.0,0.0,0.0,20.911346
-1,oracle_wrong,planning,5,-0.5481128,0.0,0.0,0.0,16.386595
-1,oracle_wrong,planning,6,-0.30325183,0.0,0.0,0.0,11.87559
-1,oracle_wrong,planning,7,-0.49045554,0.0,0.0,0.0,11.984712
-1,oracle_wrong,planning,8,-0.40872717,0.0,0.0,0.0,12.8973675
-1,oracle_wrong,planning,9,-0.41920048,0.0,0.0,0.0,15.390295
-1,oracle_wrong,planning,10,-0.4598422,0.0,0.0,0.0,13.98688
-1,oracle_wrong,planning,11,-0.4143969,0.0,0.0,0.0,12.435737
-1,oracle_wrong,planning,12,-0.394963,0.0,0.0,0.0,11.197362
-1,oracle_wrong,planning,13,-0.41446576,0.0,0.0,0.0,15.582588
-1,oracle_wrong,planning,14,-0.33038807,0.0,0.0,0.0,11.027125
-1,oracle_wrong,planning,15,-0.6569033,0.0,0.0,0.0,19.490387
-1,oracle_wrong,planning,16,-0.4871055,0.0,0.0,0.0,15.904819
-1,oracle_wrong,planning,17,-0.47628173,0.0,0.0,0.0,17.490324
-1,oracle_wrong,planning,18,-0.43914324,0.0,0.0,0.0,13.741442
-1,oracle_wrong,planning,19,-0.5514936,0.0,0.0,0.0,16.453009
-1,oracle_wrong,planning,20,-0.63082147,0.0,0.0,0.0,19.545923
-1,oracle_wrong,planning,21,-0.44905812,0.0,0.0,0.0,15.350918
-1,oracle_wrong,planning,22,-0.5166289,0.0,0.0,0.0,18.401785
-1,oracle_wrong,planning,23,-0.4073252,0.0,0.0,0.0,19.858948
-1,oracle_wrong,planning,24,-0.47740176,0.0,0.0,0.0,14.90118
-1,oracle_wrong,planning,25,-0.42908147,0.0,0.0,0.0,15.153269
-1,oracle_wrong,planning,26,-0.58916175,0.0,0.0,0.0,18.137142
-1,oracle_wrong,planning,27,-0.42376816,0.0,0.0,0.0,13.638351
-1,oracle_wrong,planning,28,-0.5611655,0.0,0.0,0.0,16.42059
-1,oracle_wrong,planning,29,-0.6401424,0.0,0.0,0.0,19.80413
-1,oracle_wrong,planning,30,-0.6339821,0.0,0.0,0.0,20.58668
-1,oracle_wrong,planning,31,-0.55286753,0.0,0.0,0.0,17.104816
-1,oracle_wrong,planning,32,-0.4488392,0.0,0.0,0.0,16.005623
-1,oracle_wrong,planning,33,-0.46733344,0.0,0.0,0.0,11.674744
-1,oracle_wrong,planning,34,-0.5827405,0.0,0.0,0.0,15.393244
-1,oracle_wrong,planning,35,-0.41306254,0.0,0.0,0.0,11.861014
-1,oracle_wrong,planning,36,-0.18861692,0.0,0.13333333333333333,0.0,17.101093
-1,oracle_wrong,planning,37,-0.46360576,0.0,0.0,0.0,19.549889
-1,oracle_wrong,planning,38,-0.5856481,0.0,0.0,0.0,18.834156
-1,oracle_wrong,planning,39,-0.54435635,0.0,0.0,0.0,16.496153
-1,oracle_wrong,planning,40,-0.5879998,0.0,0.0,0.0,16.187754
-1,oracle_wrong,planning,41,-0.4936607,0.0,0.0,0.0,15.980571
-1,oracle_wrong,planning,42,-0.49879533,0.0,0.0,0.0,16.567667
-1,oracle_wrong,planning,43,-0.4621112,0.0,0.0,0.0,15.007804
-1,oracle_wrong,planning,44,-0.2707119,0.0,0.0,0.0,11.486355
-1,oracle_wrong,planning,45,-0.47818047,0.0,0.0,0.0,19.564512
-1,oracle_wrong,planning,46,-0.4619326,0.0,0.0,0.0,16.31844
-1,oracle_wrong,planning,47,-0.36174995,0.0,0.0,0.0,14.929002
-1,oracle_wrong,planning,48,-0.40688753,0.0,0.0,0.0,12.512762
-1,oracle_wrong,planning,49,-0.4931014,0.0,0.0,0.0,17.046398
-1,oracle_wrong,planning,50,-0.5891864,0.0,0.0,0.0,18.533346
-1,oracle_wrong,planning,51,-0.3883942,0.0,0.0,0.0,11.657725
-1,oracle_wrong,planning,52,-0.54073775,0.0,0.0,0.0,19.920776
-1,oracle_wrong,planning,53,-0.5117107,0.0,0.0,0.0,20.956034
-1,oracle_wrong,planning,54,-0.51614285,0.0,0.0,0.0,16.687458
-1,oracle_wrong,planning,55,-0.2833538,0.0,0.0,0.0,11.048925
-1,oracle_wrong,planning,56,-0.48101342,0.0,0.0,0.0,15.152143
-1,oracle_wrong,planning,57,-0.41420135,0.0,0.0,0.0,12.922826
-1,oracle_wrong,planning,58,-0.355938,0.0,0.0,0.0,10.999824
-1,oracle_wrong,planning,59,-0.66714543,0.0,0.0,0.0,24.369762
-1,oracle_wrong,planning,60,-0.48541984,0.0,0.0,0.0,16.657898
-1,oracle_wrong,planning,61,-0.4525711,0.0,0.0,0.0,13.198862
-1,oracle_wrong,planning,62,-0.58588386,0.0,0.0,0.0,17.338745
-1,oracle_wrong,planning,63,-0.49937248,0.0,0.0,0.0,15.397865
-1,oracle_wrong,planning,64,-0.65051615,0.0,0.0,0.0,22.748676
-1,oracle_wrong,planning,65,-0.37272698,0.0,0.0,0.0,14.430412
-1,oracle_wrong,planning,66,-0.4969554,0.0,0.0,0.0,16.944845
-1,oracle_wrong,planning,67,-0.53437537,0.0,0.0,0.0,19.204533
-1,oracle_wrong,planning,68,-0.4556672,0.0,0.0,0.0,15.891801
-1,oracle_wrong,planning,69,-0.42317098,0.0,0.0,0.0,15.238118
-1,oracle_wrong,planning,70,-0.4649665,0.0,0.0,0.0,16.18823
-1,oracle_wrong,planning,71,-0.53273344,0.0,0.0,0.0,16.248749
-1,oracle_wrong,planning,72,-0.5860121,0.0,0.0,0.0,15.047181
-1,oracle_wrong,planning,73,-0.29305294,0.0,0.0,0.0,11.031443
-1,oracle_wrong,planning,74,-0.56268924,0.0,0.0,0.0,16.43782
-1,oracle_wrong,planning,75,-0.48739552,0.0,0.0,0.0,12.682405
-1,oracle_wrong,planning,76,-0.46429902,0.0,0.0,0.0,12.953772
-1,oracle_wrong,planning,77,-0.442049,0.0,0.0,0.0,13.56319
-1,oracle_wrong,planning,78,-0.3662746,0.0,0.0,0.0,13.379027
-1,oracle_wrong,planning,79,-0.49893138,0.0,0.0,0.0,15.437173
-1,oracle_wrong,planning,80,-0.30066347,0.0,0.0,0.0,11.481353
-1,oracle_wrong,planning,81,-0.5078141,0.0,0.0,0.0,17.669086
-1,oracle_wrong,planning,82,-0.40105027,0.0,0.0,0.0,12.24785
-1,oracle_wrong,planning,83,-0.35770875,0.0,0.0,0.0,11.667915
-1,oracle_wrong,planning,84,-0.49270028,0.0,0.0,0.0,16.64289
-1,oracle_wrong,planning,85,-0.55137223,0.0,0.0,0.0,17.152037
-1,oracle_wrong,planning,86,-0.58723104,0.0,0.0,0.0,18.405756
-1,oracle_wrong,planning,87,-0.7752023,0.0,0.0,0.0,24.37895
-1,oracle_wrong,planning,88,-0.4143911,0.0,0.0,0.0,15.410974
-1,oracle_wrong,planning,89,-0.3672304,0.0,0.0,0.0,11.223325
-1,oracle_wrong,planning,90,-0.35849288,0.0,0.0,0.0,11.796678
-1,oracle_wrong,planning,91,-0.50944,0.0,0.0,0.0,16.700756
-1,oracle_wrong,planning,92,-0.7013544,0.0,0.0,0.0,18.561535
-1,oracle_wrong,planning,93,-0.32640523,0.0,0.0,0.0,10.948736
-1,oracle_wrong,planning,94,-0.35961455,0.0,0.0,0.0,13.623616
-1,oracle_wrong,planning,95,-0.35613716,0.0,0.0,0.0,15.556382
-1,oracle_wrong,planning,96,-0.27644932,0.0,0.0,0.0,10.924741
-1,oracle_wrong,planning,97,-0.38363096,0.0,0.0,0.0,14.286151
-1,oracle_wrong,planning,98,-0.38784015,0.0,0.0,0.0,11.871037
-1,oracle_wrong,planning,99,-0.6241275,0.0,0.0,0.0,19.35847
-1,oracle_wrong,planning,100,-0.36193123,0.0,0.0,0.0,12.3577585
-1,oracle_wrong,planning,101,-0.379821,0.0,0.0,0.0,11.759623
-1,oracle_wrong,planning,102,-0.61270416,0.0,0.0,0.0,19.574688
-1,oracle_wrong,planning,103,-0.40797326,0.0,0.0,0.0,17.563639
-1,oracle_wrong,planning,104,-0.4228886,0.0,0.0,0.0,13.602441
-1,oracle_wrong,planning,105,-0.5140464,0.0,0.0,0.0,15.573257
-1,oracle_wrong,planning,106,-0.4495792,0.0,0.0,0.0,15.2510605
-1,oracle_wrong,planning,107,-0.5826273,0.0,0.0,0.0,18.65308
-1,oracle_wrong,planning,108,-0.46609882,0.0,0.0,0.0,15.34858
-1,oracle_wrong,planning,109,-0.4442015,0.0,0.0,0.0,17.906052
-1,oracle_wrong,planning,110,-0.39946172,0.0,0.0,0.0,11.864251
-1,oracle_wrong,planning,111,-0.50236785,0.0,0.0,0.0,16.188066
-1,oracle_wrong,planning,112,-0.35596624,0.0,0.0,0.0,12.415813
-1,oracle_wrong,planning,113,-0.3174388,0.0,0.0,0.0,16.40087
-1,oracle_wrong,planning,114,-0.44783875,0.0,0.0,0.0,12.186728
-1,oracle_wrong,planning,115,-0.4832908,0.0,0.0,0.0,15.514431
-1,oracle_wrong,planning,116,-0.24847469,0.0,0.06666666666666667,0.0,14.2918215
-1,oracle_wrong,planning,117,-0.62870854,0.0,0.0,0.0,16.455263
-1,oracle_wrong,planning,118,-0.30055836,0.0,0.0,0.0,11.402045
-1,oracle_wrong,planning,119,-0.38134277,0.0,0.0,0.0,12.521188
-1,oracle_wrong,planning,120,-0.28292844,0.0,0.0,0.0,12.044409
-1,oracle_wrong,planning,121,-0.37361786,0.0,0.0,0.0,12.376144
-1,oracle_wrong,planning,122,-0.4509252,0.0,0.0,0.0,11.407983
-1,oracle_wrong,planning,123,-0.71161216,0.0,0.0,0.0,25.19603
-1,oracle_wrong,planning,124,-0.5496627,0.0,0.0,0.0,17.48089
-1,oracle_wrong,planning,125,-0.51853806,0.0,0.0,0.0,16.56725
-1,oracle_wrong,planning,126,-0.44660506,0.0,0.0,0.0,15.074347
-1,oracle_wrong,planning,127,-0.4804197,0.0,0.0,0.0,15.051102
-1,oracle_wrong,planning,128,-0.17539163,0.0,0.08888888888888889,0.0,10.900427
-1,oracle_wrong,planning,129,-0.43337372,0.0,0.0,0.0,15.771343
-1,oracle_wrong,planning,130,-0.558859,0.0,0.0,0.0,18.461435
-1,oracle_wrong,planning,131,-0.4382863,0.0,0.0,0.0,13.324113
-1,oracle_wrong,planning,132,-0.39640668,0.0,0.0,0.0,17.729176
-1,oracle_wrong,planning,133,-0.28725597,0.0,0.0,0.0,13.030465
-1,oracle_wrong,planning,134,-0.4699901,0.0,0.0,0.0,17.009962
-1,oracle_wrong,planning,135,-0.42586988,0.0,0.0,0.0,11.840452
-1,oracle_wrong,planning,136,-0.41956317,0.0,0.0,0.0,12.004108
-1,oracle_wrong,planning,137,-0.5751565,0.0,0.0,0.0,19.84788
-1,oracle_wrong,planning,138,-0.36379606,0.0,0.0,0.0,11.347347
-1,oracle_wrong,planning,139,-0.25764924,0.0,0.06666666666666667,0.0,13.879795
-1,oracle_wrong,planning,140,-0.60748297,0.0,0.0,0.0,19.181675
-1,oracle_wrong,planning,141,-0.43549126,0.0,0.0,0.0,13.675673
-1,oracle_wrong,planning,142,-0.5522422,0.0,0.0,0.0,16.617977
-1,oracle_wrong,planning,143,-0.36479068,0.0,0.0,0.0,13.729777
-1,oracle_wrong,planning,144,-0.37616557,0.0,0.0,0.0,14.117268
-1,oracle_wrong,planning,145,-0.5010774,0.0,0.0,0.0,16.265402
-1,oracle_wrong,planning,146,-0.31682274,0.0,0.0,0.0,10.882358
-1,oracle_wrong,planning,147,-0.30117843,0.0,0.0,0.0,13.824099
-1,oracle_wrong,planning,148,-0.62156385,0.0,0.0,0.0,20.836834
-1,oracle_wrong,planning,149,-0.21030481,0.0,0.06666666666666667,0.0,11.5913725
-1,oracle_wrong,planning,150,-0.6387915,0.0,0.0,0.0,19.594723
-1,oracle_wrong,planning,151,-0.3380133,0.0,0.0,0.0,11.68652
-1,oracle_wrong,planning,152,-0.36885834,0.0,0.0,0.0,14.987629
-1,oracle_wrong,planning,153,-0.46367916,0.0,0.0,0.0,14.987391
-1,oracle_wrong,planning,154,-0.3933994,0.0,0.0,0.0,11.673379
-1,oracle_wrong,planning,155,-0.5723225,0.0,0.0,0.0,17.471107
-1,oracle_wrong,planning,156,-0.5769689,0.0,0.0,0.0,17.945265
-1,oracle_wrong,planning,157,-0.48365676,0.0,0.0,0.0,19.002644
-1,oracle_wrong,planning,158,-0.56094015,0.0,0.0,0.0,17.72845
-1,oracle_wrong,planning,159,-0.36218563,0.0,0.0,0.0,12.036025
-1,oracle_wrong,planning,160,-0.4337532,0.0,0.0,0.0,14.664517
-1,oracle_wrong,planning,161,-0.42314878,0.0,0.0,0.0,13.00566
-1,oracle_wrong,planning,162,-0.5508887,0.0,0.0,0.0,17.86969
-1,oracle_wrong,planning,163,-0.436511,0.0,0.0,0.0,14.606278
-1,oracle_wrong,planning,164,-0.43145892,0.0,0.0,0.0,16.796038
-1,oracle_wrong,planning,165,-0.45613152,0.0,0.0,0.0,15.047785
-1,oracle_wrong,planning,166,-0.41445762,0.0,0.0,0.0,15.030127
-1,oracle_wrong,planning,167,-0.5954949,0.0,0.0,0.0,17.26485
-1,oracle_wrong,planning,168,-0.5063697,0.0,0.0,0.0,17.333305
-1,oracle_wrong,planning,169,-0.29475772,0.0,0.0,0.0,14.693453
-1,oracle_wrong,planning,170,-0.2941393,0.0,0.06666666666666667,0.0,12.562134
-1,oracle_wrong,planning,171,-0.5316743,0.0,0.0,0.0,15.717365
-1,oracle_wrong,planning,172,-0.39125514,0.0,0.0,0.0,16.493717
-1,oracle_wrong,planning,173,-0.29819968,0.0,0.0,0.0,11.229665
-1,oracle_wrong,planning,174,-0.5671627,0.0,0.0,0.0,17.503756
-1,oracle_wrong,planning,175,-0.509255,0.0,0.0,0.0,15.405557
-1,oracle_wrong,planning,176,-0.5853328,0.0,0.0,0.0,16.869667
-1,oracle_wrong,planning,177,-0.57966137,0.0,0.0,0.0,17.460972
-1,oracle_wrong,planning,178,-0.47313195,0.0,0.0,0.0,14.225082
-1,oracle_wrong,planning,179,-0.38516644,0.0,0.0,0.0,11.88018
-1,oracle_wrong,planning,180,-0.5065895,0.0,0.0,0.0,15.204992
-1,oracle_wrong,planning,181,-0.5604335,0.0,0.0,0.0,21.001991
-1,oracle_wrong,planning,182,-0.40587163,0.0,0.0,0.0,13.710674
-1,oracle_wrong,planning,183,-0.46863395,0.0,0.0,0.0,14.33628
-1,oracle_wrong,planning,184,-0.20115034,0.0,0.08888888888888889,0.0,14.682386
-1,oracle_wrong,planning,185,-0.46842274,0.0,0.0,0.0,15.030625
-1,oracle_wrong,planning,186,-0.59478164,0.0,0.0,0.0,18.821875
-1,oracle_wrong,planning,187,-0.46103913,0.0,0.0,0.0,13.976466
-1,oracle_wrong,planning,188,-0.69602895,0.0,0.0,0.0,19.93627
-1,oracle_wrong,planning,189,-0.46935043,0.0,0.0,0.0,13.745873
-1,oracle_wrong,planning,190,-0.42997903,0.0,0.0,0.0,17.489502
-1,oracle_wrong,planning,191,-0.34988663,0.0,0.0,0.0,15.337416
-1,oracle_wrong,planning,192,-0.382012,0.0,0.0,0.0,11.907322
-1,oracle_wrong,planning,193,-0.38465145,0.0,0.0,0.0,11.729433
-1,oracle_wrong,planning,194,-0.3147528,0.0,0.0,0.0,13.629862
-1,oracle_wrong,planning,195,-0.33933988,0.0,0.0,0.0,16.897545
-1,oracle_wrong,planning,196,-0.3112916,0.0,0.0,0.0,12.9144745
-1,oracle_wrong,planning,197,-0.37025425,0.0,0.0,0.0,12.098761
-1,oracle_wrong,planning,198,-0.46167743,0.0,0.0,0.0,17.651655
-1,oracle_wrong,planning,199,-0.60121566,0.0,0.0,0.0,20.301353
0,A_recon,planning,0,-0.6324372,0.0,0.0,0.0,20.75293
0,A_recon,planning,1,-0.5747855,0.0,0.0,0.0,19.175753
0,A_recon,planning,2,-0.74139625,0.0,0.0,0.0,26.436398
0,A_recon,planning,3,-0.71966004,0.0,0.0,0.0,20.696
0,A_recon,planning,4,-0.5387097,0.0,0.0,1.0,18.137564
0,A_recon,planning,5,-0.6941921,0.0,0.0,0.0,21.215872
0,A_recon,planning,6,-0.21500085,0.0,0.0,1.0,6.887479
0,A_recon,planning,7,-0.78684676,0.0,0.0,0.0,24.623777
0,A_recon,planning,8,-0.41607556,0.0,0.0,1.0,12.491796
0,A_recon,planning,9,-0.031927872,0.0,0.0,1.0,2.653363
0,A_recon,planning,10,-0.66144425,0.0,0.0,0.0,22.788536
0,A_recon,planning,11,-0.43169266,0.0,0.0,0.0,11.988615
0,A_recon,planning,12,-0.36384222,0.0,0.0,1.0,7.447382
0,A_recon,planning,13,-0.3952604,0.0,0.0,1.0,13.564418
0,A_recon,planning,14,-0.15888572,0.0,0.0,1.0,7.1378117
0,A_recon,planning,15,-0.82360613,0.0,0.0,0.0,27.942715
0,A_recon,planning,16,-0.4855615,0.0,0.0,1.0,16.420874
0,A_recon,planning,17,-0.043105215,1.0,0.2222222222222222,1.0,0.15379407
0,A_recon,planning,18,-0.40177175,0.0,0.0,0.0,12.289727
0,A_recon,planning,19,-0.7072614,0.0,0.0,1.0,22.469128
0,A_recon,planning,20,-0.7046764,0.0,0.0,0.0,25.341667
0,A_recon,planning,21,-0.32438016,0.0,0.0,0.0,11.248457
0,A_recon,planning,22,-0.2979439,0.0,0.0,1.0,7.87688
0,A_recon,planning,23,-0.14328456,0.0,0.0,1.0,4.128887
0,A_recon,planning,24,-0.5131749,0.0,0.0,0.0,16.638626
0,A_recon,planning,25,-0.42582148,0.0,0.0,1.0,11.609573
0,A_recon,planning,26,-0.598321,0.0,0.0,0.0,18.530071
0,A_recon,planning,27,-0.37514335,0.0,0.0,0.0,12.07791
0,A_recon,planning,28,-0.5123699,0.0,0.0,0.0,14.401771
0,A_recon,planning,29,-0.66146886,0.0,0.0,0.0,23.3418
0,A_recon,planning,30,-0.6210981,0.0,0.0,0.0,23.064352
0,A_recon,planning,31,-0.527353,0.0,0.0,0.0,18.68624
0,A_recon,planning,32,-0.5578298,0.0,0.0,1.0,17.96884
0,A_recon,planning,33,-0.7628533,0.0,0.0,0.0,24.696337
0,A_recon,planning,34,-0.87712175,0.0,0.0,0.0,26.751295
0,A_recon,planning,35,-0.49189103,0.0,0.0,0.0,14.90922
0,A_recon,planning,36,-0.22023016,0.0,0.0,1.0,7.4816785
0,A_recon,planning,37,-0.19584732,0.0,0.0,1.0,9.7114315
0,A_recon,planning,38,-0.6023854,0.0,0.0,0.0,19.61142
0,A_recon,planning,39,-0.4877458,0.0,0.0,0.0,11.928479
0,A_recon,planning,40,-0.79103154,0.0,0.0,0.0,25.295177
0,A_recon,planning,41,-0.46414357,0.0,0.0,0.0,15.816229
0,A_recon,planning,42,-0.48395932,0.0,0.0,0.0,16.572475
0,A_recon,planning,43,-0.44332236,0.0,0.0,0.0,13.353126
0,A_recon,planning,44,-0.24443646,0.0,0.0,1.0,8.58636
0,A_recon,planning,45,-0.30909634,0.0,0.0,1.0,9.116811
0,A_recon,planning,46,-0.3602924,0.0,0.0,0.0,13.891236
0,A_recon,planning,47,-0.26703814,0.0,0.0,1.0,9.76964
0,A_recon,planning,48,-0.6169557,0.0,0.0,0.0,22.092997
0,A_recon,planning,49,-0.28063214,0.0,0.0,1.0,10.509895
0,A_recon,planning,50,-0.6757345,0.0,0.0,0.0,20.516817
0,A_recon,planning,51,-0.75358397,0.0,0.0,1.0,24.230877
0,A_recon,planning,52,-0.36113065,0.0,0.0,1.0,13.428701
0,A_recon,planning,53,-0.47744548,0.0,0.0,1.0,17.075033
0,A_recon,planning,54,-0.28218344,0.0,0.0,1.0,7.1172214
0,A_recon,planning,55,-0.49783877,0.0,0.0,1.0,16.698933
0,A_recon,planning,56,-0.5176071,0.0,0.0,0.0,17.831322
0,A_recon,planning,57,-0.360016,0.0,0.0,0.0,12.018973
0,A_recon,planning,58,-0.40138605,0.0,0.0,0.0,10.512616
0,A_recon,planning,59,-0.41447127,0.0,0.0,1.0,13.989332
0,A_recon,planning,60,-0.16011643,0.0,0.0,1.0,2.0008762
0,A_recon,planning,61,-0.6033388,0.0,0.0,0.0,19.235561
0,A_recon,planning,62,-0.7547491,0.0,0.0,0.0,22.371319
0,A_recon,planning,63,-0.5277129,0.0,0.0,0.0,15.623088
0,A_recon,planning,64,-0.34582356,0.0,0.0,1.0,8.181604
0,A_recon,planning,65,-0.22228114,0.0,0.0,1.0,7.123658
0,A_recon,planning,66,-0.3462097,0.0,0.0,0.0,12.8948145
0,A_recon,planning,67,-0.30830094,0.0,0.0,1.0,9.685252
0,A_recon,planning,68,-0.27893543,0.0,0.0,0.0,10.220213
0,A_recon,planning,69,-0.22009918,0.0,0.0,1.0,6.082713
0,A_recon,planning,70,-0.33610904,0.0,0.0,1.0,9.656539
0,A_recon,planning,71,-0.5234467,0.0,0.0,0.0,15.942692
0,A_recon,planning,72,-0.8017638,0.0,0.0,0.0,25.255604
0,A_recon,planning,73,-0.16430375,0.0,0.0,1.0,5.4381037
0,A_recon,planning,74,-0.7270604,0.0,0.0,0.0,21.074184
0,A_recon,planning,75,-0.7854215,0.0,0.0,0.0,28.931858
0,A_recon,planning,76,-0.62182635,0.0,0.0,0.0,19.138159
0,A_recon,planning,77,-0.50862336,0.0,0.0,0.0,16.095108
0,A_recon,planning,78,-0.20242234,0.0,0.0,1.0,6.88395
0,A_recon,planning,79,-0.5959332,0.0,0.0,0.0,20.447819
0,A_recon,planning,80,-0.110308565,0.0,0.0,1.0,4.088846
0,A_recon,planning,81,-0.37938693,0.0,0.0,1.0,10.262947
0,A_recon,planning,82,-0.48318836,0.0,0.0,0.0,17.196692
0,A_recon,planning,83,-0.38178337,0.0,0.0,0.0,13.465882
0,A_recon,planning,84,-0.49233007,0.0,0.0,0.0,19.831121
0,A_recon,planning,85,-0.5696448,0.0,0.0,0.0,19.382187
0,A_recon,planning,86,-0.4831537,0.0,0.0,0.0,14.540116
0,A_recon,planning,87,-0.8949979,0.0,0.0,0.0,31.46276
0,A_recon,planning,88,-0.32548308,0.0,0.0,1.0,8.987545
0,A_recon,planning,89,-0.42346624,0.0,0.0,0.0,14.465685
0,A_recon,planning,90,-0.42358512,0.0,0.0,0.0,18.98177
0,A_recon,planning,91,-0.55262184,0.0,0.0,0.0,19.13466
0,A_recon,planning,92,-1.0408864,0.0,0.0,0.0,33.320007
0,A_recon,planning,93,-0.19761376,0.0,0.0,1.0,5.787121
0,A_recon,planning,94,-0.47230467,0.0,0.0,1.0,17.196312
0,A_recon,planning,95,-0.22369167,0.0,0.0,1.0,10.864777
0,A_recon,planning,96,-0.233755,0.0,0.0,1.0,7.5072455
0,A_recon,planning,97,-0.25735927,0.0,0.0,0.0,11.011545
0,A_recon,planning,98,-0.46912563,0.0,0.0,1.0,12.960674
0,A_recon,planning,99,-0.58709145,0.0,0.0,0.0,18.385277
0,A_recon,planning,100,-0.21637617,0.0,0.0,0.0,7.2061253
0,A_recon,planning,101,-0.25652787,0.0,0.0,1.0,5.3000174
0,A_recon,planning,102,-0.33515197,0.0,0.0,1.0,4.875555
0,A_recon,planning,103,-0.1699651,0.0,0.0,1.0,7.2061276
0,A_recon,planning,104,-0.4493062,0.0,0.0,0.0,16.03258
0,A_recon,planning,105,-0.6706286,0.0,0.0,0.0,22.951088
0,A_recon,planning,106,-0.35542163,0.0,0.0,0.0,10.777755
0,A_recon,planning,107,-0.5831201,0.0,0.0,0.0,20.0568
0,A_recon,planning,108,-0.43546173,0.0,0.0,0.0,15.585249
0,A_recon,planning,109,-0.36161235,0.0,0.0,1.0,12.675315
0,A_recon,planning,110,-0.5127522,0.0,0.0,0.0,15.263693
0,A_recon,planning,111,-0.5047453,0.0,0.0,0.0,17.463877
0,A_recon,planning,112,-0.1845258,0.0,0.0,1.0,7.606861
0,A_recon,planning,113,-0.040668797,0.0,0.0,1.0,3.4767926
0,A_recon,planning,114,-0.7517007,0.0,0.0,0.0,25.962463
0,A_recon,planning,115,-0.41964632,0.0,0.0,1.0,11.960524
0,A_recon,planning,116,-0.39031398,0.0,0.0,1.0,12.910737
0,A_recon,planning,117,-0.83228105,0.0,0.0,0.0,24.381594
0,A_recon,planning,118,-0.20745918,0.0,0.0,1.0,8.169274
0,A_recon,planning,119,-0.38403815,0.0,0.0,1.0,13.762375
0,A_recon,planning,120,-0.46897465,0.0,0.0,1.0,16.592247
0,A_recon,planning,121,-0.5694305,0.0,0.0,1.0,18.49471
0,A_recon,planning,122,-0.7623584,0.0,0.0,1.0,24.632998
0,A_recon,planning,123,-0.2925223,0.0,0.0,1.0,6.5144033
0,A_recon,planning,124,-0.5854596,0.0,0.0,0.0,18.311377
0,A_recon,planning,125,-0.5752232,0.0,0.0,0.0,19.5729
0,A_recon,planning,126,-0.47987425,0.0,0.0,1.0,16.652903
0,A_recon,planning,127,-0.4806701,0.0,0.0,0.0,14.592975
0,A_recon,planning,128,-0.24725719,0.0,0.0,1.0,8.398935
0,A_recon,planning,129,-0.47014686,0.0,0.0,1.0,16.761032
0,A_recon,planning,130,-0.4584462,0.0,0.0,0.0,15.278485
0,A_recon,planning,131,-0.64587575,0.0,0.0,1.0,23.466831
0,A_recon,planning,132,-0.21441998,0.0,0.0,1.0,6.8646345
0,A_recon,planning,133,-0.39569205,0.0,0.0,1.0,14.9680395
0,A_recon,planning,134,-0.30660188,0.0,0.0,1.0,8.658779
0,A_recon,planning,135,-0.649612,0.0,0.0,0.0,20.693113
0,A_recon,planning,136,-0.5450289,0.0,0.0,0.0,19.174505
0,A_recon,planning,137,-0.56285256,0.0,0.0,0.0,21.20161
0,A_recon,planning,138,-0.6929553,0.0,0.0,1.0,23.291054
0,A_recon,planning,139,-0.25209284,0.0,0.0,1.0,7.8426895
0,A_recon,planning,140,-0.5545492,0.0,0.0,1.0,16.9622
0,A_recon,planning,141,-0.5817165,0.0,0.0,0.0,20.184538
0,A_recon,planning,142,-0.6024687,0.0,0.0,0.0,19.710619
0,A_recon,planning,143,-0.43769243,0.0,0.0,1.0,14.950368
0,A_recon,planning,144,-0.23008722,0.0,0.0,1.0,5.4710054
0,A_recon,planning,145,-0.46628752,0.0,0.0,1.0,11.350564
0,A_recon,planning,146,-0.42187962,0.0,0.0,1.0,12.915269
0,A_recon,planning,147,-0.29574344,0.0,0.0,1.0,11.812184
0,A_recon,planning,148,-0.6752822,0.0,0.0,0.0,23.441343
0,A_recon,planning,149,-0.26759768,0.0,0.0,1.0,8.748371
0,A_recon,planning,150,-0.5098008,0.0,0.0,1.0,10.23092
0,A_recon,planning,151,-0.5352607,0.0,0.0,0.0,20.20571
0,A_recon,planning,152,-0.4187333,0.0,0.0,1.0,13.564437
0,A_recon,planning,153,-0.40705642,0.0,0.0,1.0,14.321087
0,A_recon,planning,154,-0.52319926,0.0,0.0,0.0,15.873195
0,A_recon,planning,155,-0.56540143,0.0,0.0,0.0,15.53886
0,A_recon,planning,156,-0.5721589,0.0,0.0,0.0,16.903818
0,A_recon,planning,157,-0.33357173,0.0,0.0,1.0,13.837382
0,A_recon,planning,158,-0.61119485,0.0,0.0,0.0,18.890465
0,A_recon,planning,159,-0.33501285,0.0,0.0,1.0,8.351792
0,A_recon,planning,160,-0.36387452,0.0,0.0,0.0,12.953286
0,A_recon,planning,161,-0.44945073,0.0,0.0,0.0,12.1768875
0,A_recon,planning,162,-0.40183106,0.0,0.0,0.0,11.93454
0,A_recon,planning,163,-0.47195125,0.0,0.0,1.0,16.357935
0,A_recon,planning,164,-0.2627731,0.0,0.0,1.0,8.512909
0,A_recon,planning,165,-0.3523011,0.0,0.0,0.0,13.010447
0,A_recon,planning,166,-0.476125,0.0,0.0,1.0,14.788862
0,A_recon,planning,167,-0.74756014,0.0,0.0,0.0,24.315903
0,A_recon,planning,168,-0.36376825,0.0,0.0,1.0,11.789162
0,A_recon,planning,169,-0.374894,0.0,0.0,1.0,12.160103
0,A_recon,planning,170,-0.11773218,0.0,0.13333333333333333,0.0,11.055876
0,A_recon,planning,171,-0.6879461,0.0,0.0,1.0,22.892176
0,A_recon,planning,172,-0.21868117,0.0,0.0,1.0,7.986596
0,A_recon,planning,173,-0.30381098,0.0,0.0,1.0,10.190059
0,A_recon,planning,174,-0.6855217,0.0,0.0,0.0,22.866407
0,A_recon,planning,175,-0.56998175,0.0,0.0,0.0,16.954702
0,A_recon,planning,176,-0.8052635,0.0,0.0,0.0,23.884325
0,A_recon,planning,177,-0.71519244,0.0,0.0,0.0,21.760866
0,A_recon,planning,178,-0.61304635,0.0,0.0,0.0,22.511927
0,A_recon,planning,179,-0.311106,0.0,0.0,1.0,6.476084
0,A_recon,planning,180,-0.5593961,0.0,0.0,0.0,17.07358
0,A_recon,planning,181,-0.39871156,0.0,0.0,1.0,13.894854
0,A_recon,planning,182,-0.39721507,0.0,0.0,0.0,16.102638
0,A_recon,planning,183,-0.5675272,0.0,0.0,1.0,18.372604
0,A_recon,planning,184,-0.30106145,0.0,0.0,1.0,11.567099
0,A_recon,planning,185,-0.4678216,0.0,0.0,0.0,15.830911
0,A_recon,planning,186,-0.56533444,0.0,0.0,0.0,18.336138
0,A_recon,planning,187,-0.6731944,0.0,0.0,0.0,23.469685
0,A_recon,planning,188,-0.8660513,0.0,0.0,0.0,26.784534
0,A_recon,planning,189,-0.539833,0.0,0.0,0.0,14.1469345
0,A_recon,planning,190,-0.17171681,0.0,0.0,1.0,6.236865
0,A_recon,planning,191,-0.27471358,0.0,0.0,1.0,8.759451
0,A_recon,planning,192,-0.33717263,0.0,0.0,0.0,9.864425
0,A_recon,planning,193,-0.3207204,0.0,0.0,0.0,8.307422
0,A_recon,planning,194,-0.10198588,0.0,0.0,1.0,5.0351396
0,A_recon,planning,195,-0.16817999,0.0,0.0,1.0,7.0904813
0,A_recon,planning,196,-0.32951295,0.0,0.0,1.0,7.959888
0,A_recon,planning,197,-0.24778731,0.0,0.0,0.0,7.306507
0,A_recon,planning,198,-0.42471242,0.0,0.0,1.0,15.139484
0,A_recon,planning,199,-0.67835563,0.0,0.0,0.0,24.621899
0,B_task,planning,0,-0.13355482,1.0,0.17777777777777778,1.0,0.55141383
0,B_task,planning,1,-0.00986281,1.0,0.2222222222222222,1.0,1.4111351
0,B_task,planning,2,-0.31847632,0.0,0.0,1.0,5.4521885
0,B_task,planning,3,-0.38697666,0.0,0.0,1.0,5.7694893
0,B_task,planning,4,-0.45973325,0.0,0.0,1.0,14.418222
0,B_task,planning,5,-0.37278837,0.0,0.0,1.0,4.541682
0,B_task,planning,6,-0.21331653,0.0,0.0,1.0,5.7948747
0,B_task,planning,7,-0.3411824,0.0,0.0,1.0,6.3996487
0,B_task,planning,8,-0.4347409,0.0,0.0,1.0,10.334799
0,B_task,planning,9,0.041935284,0.0,0.0,1.0,3.1825244
0,B_task,planning,10,-0.59356964,0.0,0.0,0.0,21.001781
0,B_task,planning,11,-0.431014,0.0,0.0,1.0,11.553136
0,B_task,planning,12,-0.27868924,0.0,0.0,1.0,6.1472263
0,B_task,planning,13,-0.21126324,0.0,0.0,1.0,5.4800673
0,B_task,planning,14,-0.27638316,0.0,0.0,1.0,10.917946
0,B_task,planning,15,-0.35430667,0.0,0.0,1.0,3.9417424
0,B_task,planning,16,-0.41938347,0.0,0.0,1.0,13.956263
0,B_task,planning,17,0.1575389,1.0,0.6222222222222222,1.0,1.507492
0,B_task,planning,18,-0.26031944,0.0,0.0,0.0,9.16075
0,B_task,planning,19,-0.62758225,0.0,0.0,1.0,20.057873
0,B_task,planning,20,-0.29235148,0.0,0.0,1.0,5.186159
0,B_task,planning,21,-0.2794139,0.0,0.0,0.0,12.270347
0,B_task,planning,22,-0.25844505,0.0,0.0,1.0,7.348282
0,B_task,planning,23,-0.18514864,0.0,0.0,1.0,5.3228517
0,B_task,planning,24,-0.21022017,0.0,0.0,1.0,4.4573126
0,B_task,planning,25,-0.28232902,0.0,0.0,1.0,6.5230627
0,B_task,planning,26,-0.37266448,0.0,0.0,1.0,7.9259515
0,B_task,planning,27,-0.110279106,0.0,0.0,1.0,2.8957915
0,B_task,planning,28,-0.24719764,0.0,0.0,1.0,7.609334
0,B_task,planning,29,-0.37862918,0.0,0.0,0.0,10.781667
0,B_task,planning,30,-0.5172971,0.0,0.0,0.0,17.60294
0,B_task,planning,31,-0.3592126,0.0,0.0,1.0,12.057121
0,B_task,planning,32,-0.4134639,0.0,0.0,1.0,10.686679
0,B_task,planning,33,-0.64147925,0.0,0.0,0.0,20.107353
0,B_task,planning,34,-0.41718975,0.0,0.0,1.0,4.6277905
0,B_task,planning,35,-0.2282667,0.0,0.0,1.0,5.694779
0,B_task,planning,36,-0.2080612,0.0,0.0,1.0,7.450142
0,B_task,planning,37,-0.19677563,0.0,0.0,1.0,9.629742
0,B_task,planning,38,-0.30162874,0.0,0.0,1.0,4.4533253
0,B_task,planning,39,-0.35228753,0.0,0.0,1.0,7.794394
0,B_task,planning,40,-0.65032566,0.0,0.0,0.0,19.710413
0,B_task,planning,41,-0.36442372,0.0,0.0,0.0,11.7000475
0,B_task,planning,42,-0.49279165,0.0,0.0,0.0,20.445215
0,B_task,planning,43,-0.36247274,0.0,0.0,1.0,11.203249
0,B_task,planning,44,-0.25318974,0.0,0.0,1.0,9.115451
0,B_task,planning,45,-0.20497006,0.0,0.0,1.0,6.254533
0,B_task,planning,46,-0.011958289,0.0,0.2,1.0,5.080162
0,B_task,planning,47,-0.24520399,0.0,0.0,1.0,7.6729126
0,B_task,planning,48,-0.51805663,0.0,0.0,0.0,18.591516
0,B_task,planning,49,-0.27955097,0.0,0.0,1.0,11.869344
0,B_task,planning,50,-0.35071257,0.0,0.0,1.0,3.9391167
0,B_task,planning,51,-0.5729944,0.0,0.0,1.0,15.843107
0,B_task,planning,52,-0.36778614,0.0,0.0,0.0,15.080994
0,B_task,planning,53,-0.37914163,0.0,0.0,1.0,13.448516
0,B_task,planning,54,-0.19445334,0.0,0.0,1.0,6.5021076
0,B_task,planning,55,-0.34075943,0.0,0.0,1.0,13.675625
0,B_task,planning,56,-0.285758,0.0,0.0,1.0,5.443526
0,B_task,planning,57,-0.24877645,0.0,0.0,0.0,7.5621734
0,B_task,planning,58,-0.29679048,0.0,0.0,0.0,8.598405
0,B_task,planning,59,0.0030089312,1.0,0.2,1.0,1.1011533
0,B_task,planning,60,0.11393931,0.0,0.28888888888888886,1.0,1.6875063
0,B_task,planning,61,-0.26439935,0.0,0.0,1.0,6.228109
0,B_task,planning,62,-0.38874695,0.0,0.0,1.0,6.014526
0,B_task,planning,63,-0.2935803,0.0,0.0,1.0,7.8978252
0,B_task,planning,64,0.007043881,0.0,0.2,1.0,2.2014568
0,B_task,planning,65,-0.14645743,0.0,0.0,1.0,3.604584
0,B_task,planning,66,-0.32517406,0.0,0.0,0.0,13.809853
0,B_task,planning,67,-0.2474932,0.0,0.0,1.0,9.157214
0,B_task,planning,68,-0.22948854,0.0,0.0,0.0,8.5734625
0,B_task,planning,69,-0.30927345,0.0,0.0,0.0,14.693128
0,B_task,planning,70,-0.22893812,0.0,0.0,1.0,5.8999004
0,B_task,planning,71,-0.063561834,0.0,0.24444444444444444,1.0,3.7166538
0,B_task,planning,72,-0.43970603,0.0,0.0,1.0,7.58333
0,B_task,planning,73,-0.08759081,0.0,0.0,1.0,2.2413874
0,B_task,planning,74,-0.37532815,0.0,0.0,1.0,4.868745
0,B_task,planning,75,-0.6080197,0.0,0.0,0.0,21.28412
0,B_task,planning,76,-0.49803594,0.0,0.0,0.0,15.77402
0,B_task,planning,77,-0.33216438,0.0,0.0,0.0,8.3075695
0,B_task,planning,78,0.015353873,0.0,0.0,1.0,2.025548
0,B_task,planning,79,-0.3963639,0.0,0.0,1.0,12.551591
0,B_task,planning,80,0.023814185,0.0,0.0,1.0,2.209587
0,B_task,planning,81,-0.2442944,0.0,0.0,1.0,5.2675867
0,B_task,planning,82,-0.3340786,0.0,0.0,0.0,9.299193
0,B_task,planning,83,-0.3451764,0.0,0.0,0.0,14.304567
0,B_task,planning,84,-0.38606977,0.0,0.0,0.0,14.373573
0,B_task,planning,85,-0.43458426,0.0,0.0,1.0,11.632168
0,B_task,planning,86,-0.31053254,0.0,0.0,1.0,8.232272
0,B_task,planning,87,-0.52574503,0.0,0.0,1.0,14.1167345
0,B_task,planning,88,-0.18819302,0.0,0.0,1.0,3.7166998
0,B_task,planning,89,-0.32631782,0.0,0.0,0.0,9.897168
0,B_task,planning,90,-0.42155567,0.0,0.0,0.0,18.174932
0,B_task,planning,91,-0.2315844,0.0,0.0,1.0,5.993746
0,B_task,planning,92,-0.69853425,0.0,0.0,1.0,15.456267
0,B_task,planning,93,-0.1773471,0.0,0.0,0.0,6.646784
0,B_task,planning,94,-0.45484793,0.0,0.0,1.0,16.488897
0,B_task,planning,95,-0.24466208,0.0,0.0,1.0,10.983411
0,B_task,planning,96,-0.24486858,0.0,0.0,1.0,7.8058286
0,B_task,planning,97,-0.21972023,0.0,0.0,1.0,6.855786
0,B_task,planning,98,-0.3498298,0.0,0.0,1.0,11.231807
0,B_task,planning,99,-0.46073872,0.0,0.0,0.0,13.220649
0,B_task,planning,100,-0.26210818,0.0,0.0,0.0,11.281571
0,B_task,planning,101,-0.082129896,0.0,0.0,1.0,3.1695817
0,B_task,planning,102,-0.22802614,0.0,0.0,1.0,7.83432
0,B_task,planning,103,-0.21106796,0.0,0.0,1.0,8.471932
0,B_task,planning,104,-0.359914,0.0,0.0,1.0,12.576854
0,B_task,planning,105,-0.09832077,0.0,0.24444444444444444,1.0,1.6023904
0,B_task,planning,106,-0.24914959,0.0,0.0,0.0,7.916624
0,B_task,planning,107,-0.2608055,0.0,0.0,1.0,6.181257
0,B_task,planning,108,-0.44805238,0.0,0.0,0.0,14.29919
0,B_task,planning,109,-0.18240476,0.0,0.0,1.0,5.921213
0,B_task,planning,110,-0.30012906,0.0,0.0,1.0,6.7380776
0,B_task,planning,111,-0.40031943,0.0,0.0,0.0,14.621476
0,B_task,planning,112,-0.049994268,0.0,0.13333333333333333,1.0,5.818402
0,B_task,planning,113,-0.12573113,0.0,0.0,1.0,10.4241905
0,B_task,planning,114,-0.30770597,0.0,0.0,1.0,2.9636493
0,B_task,planning,115,-0.24144037,0.0,0.0,1.0,4.3055167
0,B_task,planning,116,-0.4100697,0.0,0.0,1.0,12.632563
0,B_task,planning,117,-0.47216347,0.0,0.0,1.0,5.5460706
0,B_task,planning,118,-0.08938992,0.0,0.0,1.0,5.229289
0,B_task,planning,119,-0.2195909,0.0,0.0,1.0,6.7500634
0,B_task,planning,120,-0.4324153,0.0,0.0,1.0,14.504406
0,B_task,planning,121,-0.35258237,0.0,0.0,1.0,8.0765705
0,B_task,planning,122,-0.3310146,0.0,0.0,1.0,4.3744965
0,B_task,planning,123,-0.15969858,0.0,0.0,1.0,4.5630145
0,B_task,planning,124,-0.4277733,0.0,0.0,0.0,13.156037
0,B_task,planning,125,-0.32144096,0.0,0.0,1.0,10.470168
0,B_task,planning,126,-0.29866847,0.0,0.0,1.0,11.340462
0,B_task,planning,127,-0.42166537,0.0,0.0,0.0,12.663472
0,B_task,planning,128,-0.21189673,0.0,0.0,1.0,7.371433
0,B_task,planning,129,-0.38617203,0.0,0.0,1.0,11.061887
0,B_task,planning,130,-0.35485676,0.0,0.0,0.0,14.068389
0,B_task,planning,131,-0.2086803,0.0,0.0,1.0,2.805223
0,B_task,planning,132,-0.2896247,0.0,0.0,1.0,12.218482
0,B_task,planning,133,-0.22331508,0.0,0.0,1.0,6.7909164
0,B_task,planning,134,-0.38439178,0.0,0.0,1.0,17.417454
0,B_task,planning,135,-0.29677334,0.0,0.0,1.0,3.635808
0,B_task,planning,136,-0.29763913,0.0,0.0,0.0,7.188244
0,B_task,planning,137,-0.3461621,0.0,0.0,1.0,10.621605
0,B_task,planning,138,-0.5292975,0.0,0.0,1.0,15.212788
0,B_task,planning,139,-0.23728317,0.0,0.0,1.0,9.684617
0,B_task,planning,140,-0.34846458,0.0,0.0,1.0,8.973942
0,B_task,planning,141,-0.47741506,0.0,0.0,0.0,16.952454
0,B_task,planning,142,-0.14887705,0.0,0.1111111111111111,1.0,3.2366686
0,B_task,planning,143,-0.44719115,0.0,0.0,1.0,16.241512
0,B_task,planning,144,-0.17503908,0.0,0.0,1.0,4.4370074
0,B_task,planning,145,-0.05795858,1.0,0.3333333333333333,1.0,1.4401293
0,B_task,planning,146,-0.18952669,0.0,0.0,1.0,4.3083854
0,B_task,planning,147,-0.29960945,0.0,0.0,1.0,10.620408
0,B_task,planning,148,-0.30066302,0.0,0.0,1.0,6.1715384
0,B_task,planning,149,-0.21660711,0.0,0.0,1.0,7.287037
0,B_task,planning,150,-0.047753938,1.0,0.37777777777777777,1.0,0.53920835
0,B_task,planning,151,-0.42549917,0.0,0.0,1.0,16.679466
0,B_task,planning,152,-0.20901118,0.0,0.0,1.0,3.4387088
0,B_task,planning,153,-0.2517655,0.0,0.0,1.0,7.4778614
0,B_task,planning,154,-0.35230413,0.0,0.0,1.0,9.400875
0,B_task,planning,155,-0.22572501,0.0,0.0,1.0,4.188003
0,B_task,planning,156,-0.24329336,0.0,0.0,1.0,3.3699293
0,B_task,planning,157,-0.30807146,0.0,0.0,0.0,13.770941
0,B_task,planning,158,-0.44475576,0.0,0.0,0.0,11.952215
0,B_task,planning,159,-0.22905,0.0,0.0,1.0,5.2648616
0,B_task,planning,160,-0.24383013,0.0,0.0,0.0,8.46057
0,B_task,planning,161,-0.3431313,0.0,0.0,1.0,10.007976
0,B_task,planning,162,-0.2195844,0.0,0.0,1.0,4.997184
0,B_task,planning,163,-0.21472782,0.0,0.0,1.0,3.8287773
0,B_task,planning,164,-0.19279526,0.0,0.0,1.0,6.3110075
0,B_task,planning,165,-0.3516562,0.0,0.0,0.0,11.7985735
0,B_task,planning,166,-0.34178814,0.0,0.0,1.0,7.2405066
0,B_task,planning,167,-0.5324605,0.0,0.0,1.0,14.118151
0,B_task,planning,168,-0.3633531,0.0,0.0,1.0,10.451661
0,B_task,planning,169,-0.28446457,0.0,0.0,1.0,7.0479856
0,B_task,planning,170,-0.13228759,0.0,0.08888888888888889,0.0,8.819307
0,B_task,planning,171,-0.31753445,0.0,0.0,1.0,4.7658715
0,B_task,planning,172,-0.24822578,0.0,0.0,1.0,10.271402
0,B_task,planning,173,-0.2566435,0.0,0.0,0.0,11.487351
0,B_task,planning,174,-0.4009236,0.0,0.0,1.0,11.733997
0,B_task,planning,175,-0.122735,0.0,0.0,1.0,3.38576
0,B_task,planning,176,-0.4351856,0.0,0.0,1.0,7.9490943
0,B_task,planning,177,-0.26705402,0.0,0.0,1.0,3.6050892
0,B_task,planning,178,-0.1913048,0.0,0.0,1.0,1.867985
0,B_task,planning,179,-0.28213903,0.0,0.0,1.0,6.521606
0,B_task,planning,180,-0.340582,0.0,0.0,1.0,7.3169436
0,B_task,planning,181,-0.4355494,0.0,0.0,1.0,15.901707
0,B_task,planning,182,-0.42572454,0.0,0.0,0.0,19.75668
0,B_task,planning,183,-0.48765585,0.0,0.0,1.0,17.026396
0,B_task,planning,184,-0.34203258,0.0,0.0,1.0,12.579543
0,B_task,planning,185,-0.25493518,0.0,0.0,1.0,6.1340275
0,B_task,planning,186,-0.3302294,0.0,0.0,1.0,7.861516
0,B_task,planning,187,-0.26666138,0.0,0.0,1.0,5.132632
0,B_task,planning,188,-0.5139256,0.0,0.0,1.0,11.186162
0,B_task,planning,189,-0.25602007,0.0,0.0,1.0,3.3670638
0,B_task,planning,190,-0.08617192,0.0,0.0,1.0,5.955179
0,B_task,planning,191,-0.1766022,0.0,0.0,1.0,5.890396
0,B_task,planning,192,-0.19387476,0.0,0.0,0.0,7.6175756
0,B_task,planning,193,-0.2325698,0.0,0.0,1.0,7.739686
0,B_task,planning,194,-0.20997225,0.0,0.0,0.0,11.232665
0,B_task,planning,195,-0.20850025,0.0,0.0,1.0,7.5075693
0,B_task,planning,196,-0.31176612,0.0,0.0,1.0,9.321039
0,B_task,planning,197,-0.23688003,0.0,0.0,1.0,6.5862346
0,B_task,planning,198,-0.29126048,0.0,0.0,1.0,9.069593
0,B_task,planning,199,-0.38293278,0.0,0.0,0.0,12.029479
0,C_scene,planning,0,-0.6456666,0.0,0.0,0.0,21.779343
0,C_scene,planning,1,-0.608087,0.0,0.0,0.0,24.234709
0,C_scene,planning,2,-0.59644926,0.0,0.0,0.0,15.622714
0,C_scene,planning,3,-0.7419229,0.0,0.0,0.0,24.076365
0,C_scene,planning,4,-0.51040864,0.0,0.0,1.0,15.680927
0,C_scene,planning,5,-0.6327552,0.0,0.0,0.0,18.249365
0,C_scene,planning,6,-0.19020802,0.0,0.0,1.0,8.591177
0,C_scene,planning,7,-0.7706357,0.0,0.0,0.0,24.66462
0,C_scene,planning,8,-0.4432589,0.0,0.0,0.0,14.213941
0,C_scene,planning,9,0.15965435,1.0,0.5333333333333333,1.0,1.437756
0,C_scene,planning,10,-0.506146,0.0,0.0,0.0,15.098316
0,C_scene,planning,11,-0.4871159,0.0,0.0,0.0,14.573512
0,C_scene,planning,12,-0.35442987,0.0,0.0,1.0,9.560465
0,C_scene,planning,13,-0.31727353,0.0,0.0,1.0,12.152676
0,C_scene,planning,14,-0.13527739,0.0,0.0,1.0,4.7361684
0,C_scene,planning,15,-0.8099116,0.0,0.0,0.0,22.782059
0,C_scene,planning,16,-0.48174667,0.0,0.0,0.0,16.886393
0,C_scene,planning,17,-0.25142926,0.0,0.0,1.0,6.5780473
0,C_scene,planning,18,-0.42821983,0.0,0.0,0.0,15.394539
0,C_scene,planning,19,-0.6310482,0.0,0.0,1.0,19.708044
0,C_scene,planning,20,-0.63524514,0.0,0.0,1.0,20.426472
0,C_scene,planning,21,-0.31848446,0.0,0.0,0.0,8.112329
0,C_scene,planning,22,-0.22200002,0.0,0.0,1.0,3.1332445
0,C_scene,planning,23,-0.09375447,0.0,0.0,1.0,5.7036266
0,C_scene,planning,24,-0.618306,0.0,0.0,0.0,21.981874
0,C_scene,planning,25,-0.6285931,0.0,0.0,0.0,20.174824
0,C_scene,planning,26,-0.49608845,0.0,0.0,0.0,14.807183
0,C_scene,planning,27,-0.396356,0.0,0.0,1.0,11.356401
0,C_scene,planning,28,-0.5024959,0.0,0.0,0.0,11.43486
0,C_scene,planning,29,-0.68462694,0.0,0.0,0.0,20.309597
0,C_scene,planning,30,-0.5182378,0.0,0.0,0.0,18.568398
0,C_scene,planning,31,-0.54723734,0.0,0.0,1.0,17.466208
0,C_scene,planning,32,-0.65109307,0.0,0.0,0.0,25.458015
0,C_scene,planning,33,-0.72788,0.0,0.0,0.0,23.923553
0,C_scene,planning,34,-0.9174201,0.0,0.0,0.0,28.647665
0,C_scene,planning,35,-0.5339458,0.0,0.0,0.0,19.082108
0,C_scene,planning,36,-0.20396668,0.0,0.0,1.0,8.668469
0,C_scene,planning,37,-0.09026753,0.0,0.06666666666666667,1.0,8.138748
0,C_scene,planning,38,-0.73929054,0.0,0.0,0.0,23.987709
0,C_scene,planning,39,-0.7428424,0.0,0.0,0.0,23.724186
0,C_scene,planning,40,-0.7847079,0.0,0.0,0.0,22.073576
0,C_scene,planning,41,-0.51942116,0.0,0.0,0.0,18.655952
0,C_scene,planning,42,-0.5021836,0.0,0.0,0.0,20.213896
0,C_scene,planning,43,-0.48006672,0.0,0.0,1.0,16.051582
0,C_scene,planning,44,-0.29542264,0.0,0.0,1.0,10.820919
0,C_scene,planning,45,-0.2770996,0.0,0.0,1.0,10.068149
0,C_scene,planning,46,-0.30576524,0.0,0.0,1.0,9.075568
0,C_scene,planning,47,-0.25465885,0.0,0.0,1.0,9.768931
0,C_scene,planning,48,-0.6987007,0.0,0.0,0.0,25.31497
0,C_scene,planning,49,-0.37922752,0.0,0.0,1.0,14.183766
0,C_scene,planning,50,-0.59118074,0.0,0.0,1.0,12.8737135
0,C_scene,planning,51,-0.76399815,0.0,0.0,1.0,23.712358
0,C_scene,planning,52,-0.29186246,0.0,0.0,0.0,12.437447
0,C_scene,planning,53,-0.5233604,0.0,0.0,1.0,20.436855
0,C_scene,planning,54,-0.34375882,0.0,0.0,1.0,7.4088025
0,C_scene,planning,55,-0.4460174,0.0,0.0,1.0,15.538792
0,C_scene,planning,56,-0.4464996,0.0,0.0,0.0,12.944638
0,C_scene,planning,57,-0.34667495,0.0,0.0,0.0,11.314024
0,C_scene,planning,58,-0.5066274,0.0,0.0,0.0,16.908749
0,C_scene,planning,59,-0.38710302,0.0,0.0,1.0,7.9464445
0,C_scene,planning,60,-0.2794949,0.0,0.0,0.0,10.664213
0,C_scene,planning,61,-0.47880164,0.0,0.0,1.0,12.03558
0,C_scene,planning,62,-0.79672927,0.0,0.0,0.0,24.403387
0,C_scene,planning,63,-0.50684345,0.0,0.0,0.0,15.66782
0,C_scene,planning,64,-0.42578694,0.0,0.0,1.0,10.029552
0,C_scene,planning,65,-0.12865707,0.0,0.0,0.0,8.35028
0,C_scene,planning,66,-0.32481006,0.0,0.0,1.0,8.047475
0,C_scene,planning,67,-0.36841846,0.0,0.0,0.0,12.4937105
0,C_scene,planning,68,-0.4125309,0.0,0.0,0.0,17.609104
0,C_scene,planning,69,-0.26208052,0.0,0.0,0.0,12.072221
0,C_scene,planning,70,-0.35729226,0.0,0.0,1.0,14.8945055
0,C_scene,planning,71,-0.54253983,0.0,0.0,0.0,16.25643
0,C_scene,planning,72,-0.7572098,0.0,0.0,0.0,24.761707
0,C_scene,planning,73,-0.11315118,0.0,0.0,1.0,5.3483205
0,C_scene,planning,74,-0.7549091,0.0,0.0,0.0,24.066315
0,C_scene,planning,75,-0.7504752,0.0,0.0,0.0,22.111706
0,C_scene,planning,76,-0.5530083,0.0,0.0,0.0,16.856808
0,C_scene,planning,77,-0.47804263,0.0,0.0,0.0,14.502174
0,C_scene,planning,78,-0.22208282,0.0,0.0,1.0,7.5796075
0,C_scene,planning,79,-0.6269659,0.0,0.0,0.0,20.286972
0,C_scene,planning,80,-0.2234992,0.0,0.0,1.0,7.409056
0,C_scene,planning,81,-0.3477877,0.0,0.0,1.0,11.802137
0,C_scene,planning,82,-0.5795746,0.0,0.0,0.0,19.391615
0,C_scene,planning,83,-0.49786225,0.0,0.0,0.0,18.50455
0,C_scene,planning,84,-0.5431018,0.0,0.0,0.0,21.133844
0,C_scene,planning,85,-0.48920923,0.0,0.0,0.0,12.100736
0,C_scene,planning,86,-0.5455447,0.0,0.0,0.0,18.919943
0,C_scene,planning,87,-0.9063189,0.0,0.0,0.0,32.753857
0,C_scene,planning,88,-0.25759485,0.0,0.0,1.0,6.3529735
0,C_scene,planning,89,-0.45285624,0.0,0.0,1.0,16.828802
0,C_scene,planning,90,-0.42799556,0.0,0.0,0.0,14.734906
0,C_scene,planning,91,-0.3582865,0.0,0.0,1.0,8.9887495
0,C_scene,planning,92,-1.0179759,0.0,0.0,0.0,30.109766
0,C_scene,planning,93,-0.19321984,0.0,0.0,1.0,3.0670104
0,C_scene,planning,94,-0.43649542,0.0,0.0,1.0,12.149065
0,C_scene,planning,95,-0.15106775,0.0,0.0,1.0,8.3119335
0,C_scene,planning,96,-0.25638312,0.0,0.0,1.0,11.740838
0,C_scene,planning,97,-0.2510621,0.0,0.0,1.0,7.9642467
0,C_scene,planning,98,-0.54558057,0.0,0.0,1.0,18.0684
0,C_scene,planning,99,-0.49630678,0.0,0.0,0.0,12.988843
0,C_scene,planning,100,-0.2118838,0.0,0.0,0.0,8.156084
0,C_scene,planning,101,-0.2152069,0.0,0.0,1.0,5.359147
0,C_scene,planning,102,-0.36244243,0.0,0.0,0.0,11.359705
0,C_scene,planning,103,-0.23693267,0.0,0.0,1.0,9.12721
0,C_scene,planning,104,-0.34956238,0.0,0.0,0.0,13.442966
0,C_scene,planning,105,-0.6754462,0.0,0.0,0.0,20.72691
0,C_scene,planning,106,-0.35408825,0.0,0.0,0.0,12.126456
0,C_scene,planning,107,-0.47256392,0.0,0.0,0.0,15.290898
0,C_scene,planning,108,-0.3590935,0.0,0.0,1.0,10.811499
0,C_scene,planning,109,-0.33451214,0.0,0.0,1.0,8.127544
0,C_scene,planning,110,-0.5060913,0.0,0.0,0.0,14.592566
0,C_scene,planning,111,-0.61638254,0.0,0.0,0.0,23.104626
0,C_scene,planning,112,-0.23148575,0.0,0.0,1.0,5.9605856
0,C_scene,planning,113,-0.14944139,0.0,0.0,1.0,4.802736
0,C_scene,planning,114,-0.75066996,0.0,0.0,0.0,22.607325
0,C_scene,planning,115,-0.4037602,0.0,0.0,0.0,13.656474
0,C_scene,planning,116,-0.36586303,0.0,0.0,1.0,9.193084
0,C_scene,planning,117,-0.88779193,0.0,0.0,0.0,28.032253
0,C_scene,planning,118,-0.108802795,0.0,0.0,1.0,4.208811
0,C_scene,planning,119,-0.34905794,0.0,0.0,0.0,10.937826
0,C_scene,planning,120,-0.3728915,0.0,0.0,1.0,14.224612
0,C_scene,planning,121,-0.5398798,0.0,0.0,1.0,17.172468
0,C_scene,planning,122,-0.80307025,0.0,0.0,1.0,27.001553
0,C_scene,planning,123,-0.21746619,0.0,0.0,1.0,3.8272202
0,C_scene,planning,124,-0.6405238,0.0,0.0,0.0,20.65016
0,C_scene,planning,125,-0.526879,0.0,0.0,0.0,15.393138
0,C_scene,planning,126,-0.5199807,0.0,0.0,1.0,18.452997
0,C_scene,planning,127,-0.42705247,0.0,0.0,1.0,9.748243
0,C_scene,planning,128,-0.25250545,0.0,0.0,1.0,9.906088
0,C_scene,planning,129,-0.49910545,0.0,0.0,1.0,14.225752
0,C_scene,planning,130,-0.38790876,0.0,0.0,1.0,12.006686
0,C_scene,planning,131,-0.5859218,0.0,0.0,1.0,22.10251
0,C_scene,planning,132,-0.3027824,0.0,0.0,1.0,9.418684
0,C_scene,planning,133,-0.35870013,0.0,0.0,1.0,10.116641
0,C_scene,planning,134,-0.24801828,0.0,0.0,1.0,8.546635
0,C_scene,planning,135,-0.5784236,0.0,0.0,0.0,18.850298
0,C_scene,planning,136,-0.5524899,0.0,0.0,0.0,20.164034
0,C_scene,planning,137,-0.65131074,0.0,0.0,0.0,23.437996
0,C_scene,planning,138,-0.71682197,0.0,0.0,1.0,23.46398
0,C_scene,planning,139,-0.26941317,0.0,0.0,1.0,10.693869
0,C_scene,planning,140,-0.66465044,0.0,0.0,1.0,17.92169
0,C_scene,planning,141,-0.56438774,0.0,0.0,0.0,18.504189
0,C_scene,planning,142,-0.62852615,0.0,0.0,1.0,18.284853
0,C_scene,planning,143,-0.40836966,0.0,0.0,1.0,12.131487
0,C_scene,planning,144,-0.4148968,0.0,0.0,1.0,16.10626
0,C_scene,planning,145,-0.47009298,0.0,0.0,1.0,12.894954
0,C_scene,planning,146,-0.46204513,0.0,0.0,1.0,13.387121
0,C_scene,planning,147,-0.3579049,0.0,0.0,1.0,11.961526
0,C_scene,planning,148,-0.70004296,0.0,0.0,0.0,27.84649
0,C_scene,planning,149,-0.24776138,0.0,0.0,1.0,4.7122397
0,C_scene,planning,150,-0.64103866,0.0,0.0,0.0,21.848475
0,C_scene,planning,151,-0.44314507,0.0,0.0,0.0,15.682784
0,C_scene,planning,152,-0.4456697,0.0,0.0,1.0,15.036173
0,C_scene,planning,153,-0.31423172,0.0,0.0,0.0,10.841077
0,C_scene,planning,154,-0.49920103,0.0,0.0,0.0,18.124184
0,C_scene,planning,155,-0.5360036,0.0,0.0,0.0,17.206238
0,C_scene,planning,156,-0.64998096,0.0,0.0,0.0,24.708923
0,C_scene,planning,157,-0.37096336,0.0,0.0,1.0,14.694037
0,C_scene,planning,158,-0.6513822,0.0,0.0,0.0,20.863968
0,C_scene,planning,159,-0.27619424,0.0,0.0,1.0,4.61491
0,C_scene,planning,160,-0.2918099,0.0,0.0,0.0,11.794704
0,C_scene,planning,161,-0.45241725,0.0,0.0,0.0,15.217887
0,C_scene,planning,162,-0.41615865,0.0,0.0,0.0,17.465899
0,C_scene,planning,163,-0.5595388,0.0,0.0,1.0,17.816252
0,C_scene,planning,164,-0.16685113,0.0,0.0,1.0,4.7446413
0,C_scene,planning,165,-0.3309682,0.0,0.0,0.0,10.11479
0,C_scene,planning,166,-0.47912586,0.0,0.0,1.0,17.116537
0,C_scene,planning,167,-0.8253524,0.0,0.0,0.0,25.609217
0,C_scene,planning,168,-0.3044145,0.0,0.0,1.0,8.74712
0,C_scene,planning,169,-0.3892703,0.0,0.0,1.0,12.600851
0,C_scene,planning,170,-0.11996555,0.0,0.06666666666666667,1.0,5.7732863
0,C_scene,planning,171,-0.73229754,0.0,0.0,1.0,24.319637
0,C_scene,planning,172,-0.27711338,0.0,0.0,1.0,8.058195
0,C_scene,planning,173,-0.33429715,0.0,0.0,1.0,11.196837
0,C_scene,planning,174,-0.6799837,0.0,0.0,0.0,19.340204
0,C_scene,planning,175,-0.6071294,0.0,0.0,0.0,21.240303
0,C_scene,planning,176,-0.8285213,0.0,0.0,0.0,28.617605
0,C_scene,planning,177,-0.62790877,0.0,0.0,0.0,19.86941
0,C_scene,planning,178,-0.5921631,0.0,0.0,0.0,17.615742
0,C_scene,planning,179,-0.3867856,0.0,0.0,0.0,12.129678
0,C_scene,planning,180,-0.6373681,0.0,0.0,0.0,20.426777
0,C_scene,planning,181,-0.50452995,0.0,0.0,0.0,18.069977
0,C_scene,planning,182,-0.48976073,0.0,0.0,0.0,18.653826
0,C_scene,planning,183,-0.57336557,0.0,0.0,1.0,21.649405
0,C_scene,planning,184,-0.24019714,0.0,0.0,1.0,9.139
0,C_scene,planning,185,-0.60876775,0.0,0.0,0.0,21.27026
0,C_scene,planning,186,-0.52209437,0.0,0.0,0.0,12.770666
0,C_scene,planning,187,-0.62415427,0.0,0.0,0.0,20.122852
0,C_scene,planning,188,-0.79192936,0.0,0.0,0.0,21.445202
0,C_scene,planning,189,-0.54766464,0.0,0.0,0.0,16.67726
0,C_scene,planning,190,-0.19384159,0.0,0.0,1.0,6.9156547
0,C_scene,planning,191,-0.23906109,0.0,0.0,1.0,9.83826
0,C_scene,planning,192,-0.2718106,0.0,0.0,0.0,7.868955
0,C_scene,planning,193,-0.36148506,0.0,0.0,0.0,9.849887
0,C_scene,planning,194,-0.1885927,0.0,0.0,0.0,10.145719
0,C_scene,planning,195,-0.24832174,0.0,0.0,1.0,7.778064
0,C_scene,planning,196,-0.39915234,0.0,0.0,1.0,14.368538
0,C_scene,planning,197,-0.33046845,0.0,0.0,0.0,8.853173
0,C_scene,planning,198,-0.56565744,0.0,0.0,1.0,20.467918
0,C_scene,planning,199,-0.7284132,0.0,0.0,0.0,26.19591
0,D_latent,planning,0,-0.24757631,0.0,0.0,1.0,3.7786138
0,D_latent,planning,1,-0.22907753,0.0,0.0,1.0,5.609235
0,D_latent,planning,2,-0.1571155,0.0,0.0,1.0,2.6757715
0,D_latent,planning,3,-0.4273745,0.0,0.0,1.0,8.600805
0,D_latent,planning,4,-0.45862722,0.0,0.0,1.0,15.146504
0,D_latent,planning,5,-0.3517769,0.0,0.0,1.0,4.504942
0,D_latent,planning,6,-0.26650837,0.0,0.0,0.0,11.312896
0,D_latent,planning,7,-0.3367155,0.0,0.0,1.0,5.5945616
0,D_latent,planning,8,-0.27802685,0.0,0.0,1.0,6.425308
0,D_latent,planning,9,0.011639692,0.0,0.2,1.0,6.3055115
0,D_latent,planning,10,-0.35389566,0.0,0.0,1.0,7.52344
0,D_latent,planning,11,-0.04911676,0.0,0.1111111111111111,1.0,2.5040517
0,D_latent,planning,12,-0.18105477,0.0,0.0,1.0,2.3067808
0,D_latent,planning,13,-0.26996687,0.0,0.0,1.0,10.027093
0,D_latent,planning,14,-0.088685274,0.0,0.0,1.0,3.1186883
0,D_latent,planning,15,-0.63515395,0.0,0.0,0.0,17.551956
0,D_latent,planning,16,-0.33807662,0.0,0.0,1.0,11.768665
0,D_latent,planning,17,-0.014355214,0.0,0.17777777777777778,1.0,5.3258533
0,D_latent,planning,18,-0.21157818,0.0,0.0,1.0,6.6390657
0,D_latent,planning,19,-0.2854624,0.0,0.0,1.0,1.6001968
0,D_latent,planning,20,-0.28610432,0.0,0.0,1.0,3.2396517
0,D_latent,planning,21,-0.063438535,0.0,0.06666666666666667,1.0,2.9079976
0,D_latent,planning,22,-0.15825905,0.0,0.0,1.0,4.182583
0,D_latent,planning,23,-0.087815255,0.0,0.0,1.0,6.453559
0,D_latent,planning,24,-0.24984153,0.0,0.0,1.0,6.320236
0,D_latent,planning,25,-0.35563067,0.0,0.0,1.0,11.017727
0,D_latent,planning,26,-0.36389533,0.0,0.0,1.0,8.500179
0,D_latent,planning,27,-0.085903145,0.0,0.08888888888888889,1.0,7.1847525
0,D_latent,planning,28,-0.2759402,0.0,0.0,1.0,7.9527483
0,D_latent,planning,29,-0.31837165,0.0,0.0,1.0,5.391994
0,D_latent,planning,30,-0.44638345,0.0,0.0,1.0,10.080912
0,D_latent,planning,31,-0.35263497,0.0,0.0,1.0,8.594623
0,D_latent,planning,32,-0.39588445,0.0,0.0,1.0,10.749222
0,D_latent,planning,33,-0.64508027,0.0,0.0,0.0,19.27037
0,D_latent,planning,34,-0.3984066,0.0,0.0,1.0,5.7640433
0,D_latent,planning,35,-0.05655646,1.0,0.26666666666666666,1.0,1.1143975
0,D_latent,planning,36,-0.21046433,0.0,0.0,1.0,8.368384
0,D_latent,planning,37,-0.27065328,0.0,0.0,1.0,7.2782598
0,D_latent,planning,38,-0.21966235,0.0,0.0,1.0,1.7764269
0,D_latent,planning,39,-0.34220186,0.0,0.0,1.0,9.375573
0,D_latent,planning,40,-0.56433237,0.0,0.0,0.0,14.592032
0,D_latent,planning,41,-0.3446146,0.0,0.0,0.0,11.122966
0,D_latent,planning,42,-0.24510264,0.0,0.0,1.0,5.2045355
0,D_latent,planning,43,-0.41795778,0.0,0.0,1.0,14.1785555
0,D_latent,planning,44,-0.24363865,0.0,0.0,1.0,6.706018
0,D_latent,planning,45,-0.2801299,0.0,0.0,1.0,9.6465225
0,D_latent,planning,46,-0.17325415,0.0,0.0,1.0,6.68962
0,D_latent,planning,47,-0.30569088,0.0,0.0,1.0,12.081802
0,D_latent,planning,48,-0.42040688,0.0,0.0,1.0,8.418795
0,D_latent,planning,49,-0.14756556,0.0,0.0,1.0,4.199123
0,D_latent,planning,50,-0.3980212,0.0,0.0,1.0,8.599273
0,D_latent,planning,51,-0.43522233,0.0,0.0,1.0,11.0096445
0,D_latent,planning,52,-0.2944047,0.0,0.0,0.0,11.069905
0,D_latent,planning,53,-0.3650319,0.0,0.0,1.0,12.056574
0,D_latent,planning,54,-0.106956,0.0,0.08888888888888889,1.0,7.0416126
0,D_latent,planning,55,-0.4411341,0.0,0.0,1.0,16.304243
0,D_latent,planning,56,-0.27689907,0.0,0.0,1.0,7.083222
0,D_latent,planning,57,-0.22218202,0.0,0.0,1.0,6.822708
0,D_latent,planning,58,-0.21471436,0.0,0.0,1.0,3.249046
0,D_latent,planning,59,-0.0023010308,0.0,0.24444444444444444,1.0,3.18484
0,D_latent,planning,60,0.19187279,1.0,0.5555555555555556,1.0,1.0899668
0,D_latent,planning,61,-0.2979339,0.0,0.0,1.0,6.4928055
0,D_latent,planning,62,-0.44142976,0.0,0.0,1.0,8.866126
0,D_latent,planning,63,-0.22043805,0.0,0.0,1.0,5.8912177
0,D_latent,planning,64,-0.12512639,0.0,0.15555555555555556,1.0,8.582817
0,D_latent,planning,65,-0.19721213,0.0,0.0,1.0,5.8092575
0,D_latent,planning,66,-0.22555472,0.0,0.0,1.0,6.646474
0,D_latent,planning,67,-0.16627613,0.0,0.0,1.0,2.7652733
0,D_latent,planning,68,-0.14504296,0.0,0.0,1.0,4.9525733
0,D_latent,planning,69,-0.20062919,0.0,0.0,1.0,6.9844766
0,D_latent,planning,70,-0.22905827,0.0,0.0,1.0,7.1705956
0,D_latent,planning,71,-0.26876387,0.0,0.0,1.0,5.2582393
0,D_latent,planning,72,-0.37451455,0.0,0.0,1.0,5.048454
0,D_latent,planning,73,-0.21507248,0.0,0.0,1.0,8.607438
0,D_latent,planning,74,-0.38182923,0.0,0.0,1.0,5.4505014
0,D_latent,planning,75,-0.48913756,0.0,0.0,1.0,10.159518
0,D_latent,planning,76,-0.3502708,0.0,0.0,1.0,6.1527185
0,D_latent,planning,77,-0.22236899,0.0,0.0,1.0,5.1318607
0,D_latent,planning,78,-0.15826103,0.0,0.0,1.0,6.0285625
0,D_latent,planning,79,-0.42427284,0.0,0.0,0.0,14.725932
0,D_latent,planning,80,-0.07166928,0.0,0.0,1.0,5.3225365
0,D_latent,planning,81,-0.23307645,0.0,0.0,1.0,6.2085824
0,D_latent,planning,82,-0.36360803,0.0,0.0,0.0,9.814582
0,D_latent,planning,83,-0.20631935,0.0,0.0,1.0,6.4932904
0,D_latent,planning,84,-0.36195213,0.0,0.0,0.0,14.107188
0,D_latent,planning,85,-0.3367087,0.0,0.0,1.0,7.899085
0,D_latent,planning,86,-0.28431478,0.0,0.0,1.0,5.129972
0,D_latent,planning,87,-0.64677614,0.0,0.0,0.0,17.67028
0,D_latent,planning,88,-0.29257014,0.0,0.0,1.0,10.22411
0,D_latent,planning,89,-0.22727609,0.0,0.0,0.0,6.4761353
0,D_latent,planning,90,-0.3145308,0.0,0.0,0.0,12.487905
0,D_latent,planning,91,-0.010735316,0.0,0.24444444444444444,1.0,2.4118705
0,D_latent,planning,92,-0.81350183,0.0,0.0,0.0,17.859402
0,D_latent,planning,93,-0.16438852,0.0,0.0,1.0,6.0726566
0,D_latent,planning,94,-0.35743925,0.0,0.0,1.0,12.276282
0,D_latent,planning,95,-0.27260762,0.0,0.0,1.0,11.508282
0,D_latent,planning,96,-0.24570265,0.0,0.0,1.0,7.7975655
0,D_latent,planning,97,-0.21592893,0.0,0.0,1.0,9.2942915
0,D_latent,planning,98,-0.19381152,0.0,0.0,1.0,2.4061098
0,D_latent,planning,99,-0.41140795,0.0,0.0,1.0,8.855169
0,D_latent,planning,100,-0.28540695,0.0,0.0,0.0,11.78078
0,D_latent,planning,101,-0.16197719,0.0,0.0,1.0,2.6871612
0,D_latent,planning,102,-0.21351488,0.0,0.0,1.0,6.408823
0,D_latent,planning,103,-0.22256967,0.0,0.0,1.0,8.016904
0,D_latent,planning,104,-0.2723204,0.0,0.0,0.0,8.919279
0,D_latent,planning,105,-0.22994542,0.0,0.0,1.0,4.286313
0,D_latent,planning,106,-0.28422746,0.0,0.0,0.0,10.134973
0,D_latent,planning,107,-0.20210783,0.0,0.0,1.0,4.716191
0,D_latent,planning,108,-0.28355557,0.0,0.0,1.0,8.647291
0,D_latent,planning,109,-0.12292186,0.0,0.0,1.0,5.3306665
0,D_latent,planning,110,-0.42887077,0.0,0.0,1.0,12.3817425
0,D_latent,planning,111,-0.2731146,0.0,0.0,1.0,9.444915
0,D_latent,planning,112,-0.11911644,0.0,0.044444444444444446,0.0,8.6606245
0,D_latent,planning,113,0.13555172,0.0,0.13333333333333333,1.0,3.074918
0,D_latent,planning,114,-0.31494644,0.0,0.0,1.0,4.8738256
0,D_latent,planning,115,-0.28256547,0.0,0.0,1.0,8.090935
0,D_latent,planning,116,-0.3956631,0.0,0.0,1.0,15.566755
0,D_latent,planning,117,-0.5096417,0.0,0.0,1.0,9.825828
0,D_latent,planning,118,-0.07830923,0.0,0.0,1.0,5.1072817
0,D_latent,planning,119,-0.30758563,0.0,0.0,0.0,10.542279
0,D_latent,planning,120,-0.31481722,0.0,0.0,1.0,9.675873
0,D_latent,planning,121,-0.4368543,0.0,0.0,1.0,11.712885
0,D_latent,planning,122,-0.333075,0.0,0.0,1.0,3.3148582
0,D_latent,planning,123,-0.12084342,0.0,0.0,1.0,3.4020033
0,D_latent,planning,124,-0.3438514,0.0,0.0,1.0,8.361642
0,D_latent,planning,125,-0.19354194,0.0,0.0,1.0,2.9154713
0,D_latent,planning,126,-0.3016484,0.0,0.0,1.0,11.552643
0,D_latent,planning,127,-0.39758965,0.0,0.0,0.0,10.452862
0,D_latent,planning,128,-0.23884603,0.0,0.0,1.0,10.665381
0,D_latent,planning,129,-0.3994032,0.0,0.0,1.0,15.421965
0,D_latent,planning,130,-0.32485422,0.0,0.0,1.0,9.174615
0,D_latent,planning,131,0.04237803,0.0,0.4222222222222222,1.0,1.6681722
0,D_latent,planning,132,-0.1238817,0.0,0.0,1.0,4.729869
0,D_latent,planning,133,-0.29501516,0.0,0.0,1.0,7.499149
0,D_latent,planning,134,-0.23766384,0.0,0.0,1.0,8.12232
0,D_latent,planning,135,-0.40633664,0.0,0.0,0.0,8.543273
0,D_latent,planning,136,-0.1926532,0.0,0.0,1.0,3.203018
0,D_latent,planning,137,-0.41403407,0.0,0.0,1.0,13.18568
0,D_latent,planning,138,-0.3554687,0.0,0.0,1.0,7.859792
0,D_latent,planning,139,-0.20790084,0.0,0.0,1.0,8.692375
0,D_latent,planning,140,-0.17727795,0.0,0.0,1.0,1.615911
0,D_latent,planning,141,-0.43059248,0.0,0.0,0.0,14.751926
0,D_latent,planning,142,-0.1661904,0.0,0.0,1.0,2.8733387
0,D_latent,planning,143,-0.32914066,0.0,0.0,1.0,8.725361
0,D_latent,planning,144,-0.17106815,0.0,0.0,1.0,4.7598286
0,D_latent,planning,145,-0.3113618,0.0,0.0,1.0,5.346409
0,D_latent,planning,146,-0.23972923,0.0,0.0,1.0,5.8336425
0,D_latent,planning,147,-0.23352519,0.0,0.0,1.0,9.829872
0,D_latent,planning,148,-0.32480568,0.0,0.0,1.0,7.2406917
0,D_latent,planning,149,-0.22752582,0.0,0.0,1.0,5.0704303
0,D_latent,planning,150,-0.16673625,0.0,0.13333333333333333,1.0,5.609732
0,D_latent,planning,151,-0.4513801,0.0,0.0,1.0,15.467354
0,D_latent,planning,152,-0.1929014,0.0,0.0,1.0,2.9505963
0,D_latent,planning,153,-0.2122183,0.0,0.0,1.0,4.111439
0,D_latent,planning,154,-0.26234037,0.0,0.0,1.0,4.3133345
0,D_latent,planning,155,-0.15564267,0.0,0.0,1.0,2.983079
0,D_latent,planning,156,-0.24200082,0.0,0.0,1.0,3.431561
0,D_latent,planning,157,-0.1769767,0.0,0.0,1.0,4.7066073
0,D_latent,planning,158,-0.33736572,0.0,0.0,1.0,8.063376
0,D_latent,planning,159,-0.2263177,0.0,0.0,1.0,6.941491
0,D_latent,planning,160,-0.24909282,0.0,0.0,1.0,9.775093
0,D_latent,planning,161,-0.28219873,0.0,0.0,1.0,7.2698894
0,D_latent,planning,162,-0.26348853,0.0,0.0,1.0,6.7860703
0,D_latent,planning,163,-0.16379467,0.0,0.0,1.0,2.1883116
0,D_latent,planning,164,-0.073799536,0.0,0.0,1.0,5.1746593
0,D_latent,planning,165,-0.26029453,0.0,0.0,0.0,8.276004
0,D_latent,planning,166,-0.28183424,0.0,0.0,1.0,6.111002
0,D_latent,planning,167,-0.45094478,0.0,0.0,1.0,9.838121
0,D_latent,planning,168,-0.24138702,0.0,0.0,1.0,7.543866
0,D_latent,planning,169,-0.35755807,0.0,0.0,1.0,12.848921
0,D_latent,planning,170,-0.09420418,0.0,0.1111111111111111,1.0,6.8122416
0,D_latent,planning,171,-0.37543756,0.0,0.0,1.0,8.812253
0,D_latent,planning,172,-0.13819174,0.0,0.0,1.0,3.9554472
0,D_latent,planning,173,-0.25543135,0.0,0.0,1.0,10.2026205
0,D_latent,planning,174,-0.32578972,0.0,0.0,1.0,5.1531715
0,D_latent,planning,175,-0.23229715,0.0,0.0,1.0,4.8572636
0,D_latent,planning,176,-0.28724697,0.0,0.0,1.0,2.8414624
0,D_latent,planning,177,-0.20774646,0.0,0.0,1.0,2.262802
0,D_latent,planning,178,-0.27858245,0.0,0.0,1.0,5.4157968
0,D_latent,planning,179,0.06273294,0.0,0.3333333333333333,1.0,3.1636317
0,D_latent,planning,180,-0.24529041,0.0,0.0,1.0,3.4330702
0,D_latent,planning,181,-0.058672138,1.0,0.2222222222222222,1.0,1.1617924
0,D_latent,planning,182,-0.27726543,0.0,0.0,0.0,9.527204
0,D_latent,planning,183,-0.3454411,0.0,0.0,1.0,8.210379
0,D_latent,planning,184,-0.2962186,0.0,0.0,1.0,11.7722845
0,D_latent,planning,185,-0.2556327,0.0,0.0,1.0,5.722809
0,D_latent,planning,186,-0.43825594,0.0,0.0,1.0,11.663176
0,D_latent,planning,187,-0.07263054,0.0,0.08888888888888889,1.0,1.8638597
0,D_latent,planning,188,-0.52340794,0.0,0.0,1.0,9.830446
0,D_latent,planning,189,-0.037521627,0.0,0.24444444444444444,1.0,3.3294683
0,D_latent,planning,190,0.08582885,0.0,0.15555555555555556,1.0,4.494336
0,D_latent,planning,191,-0.2075132,0.0,0.0,1.0,7.868628
0,D_latent,planning,192,-0.20054711,0.0,0.0,1.0,5.249606
0,D_latent,planning,193,-0.24321216,0.0,0.0,1.0,5.758527
0,D_latent,planning,194,-0.01744027,0.0,0.0,1.0,3.446281
0,D_latent,planning,195,-0.20485905,0.0,0.0,1.0,8.407793
0,D_latent,planning,196,-0.21900974,0.0,0.0,1.0,5.802453
0,D_latent,planning,197,-0.20947854,0.0,0.0,1.0,4.960661
0,D_latent,planning,198,-0.30411142,0.0,0.0,1.0,9.361068
0,D_latent,planning,199,-0.44131276,0.0,0.0,1.0,13.779839
1,A_recon,planning,0,-0.45062524,0.0,0.0,0.0,11.189535
1,A_recon,planning,1,-0.3734417,0.0,0.0,1.0,11.514099
1,A_recon,planning,2,-0.5881046,0.0,0.0,0.0,18.373835
1,A_recon,planning,3,-0.7859473,0.0,0.0,0.0,24.810814
1,A_recon,planning,4,-0.47559234,0.0,0.0,1.0,12.856152
1,A_recon,planning,5,-0.37680465,0.0,0.0,1.0,6.0976634
1,A_recon,planning,6,-0.29352823,0.0,0.0,1.0,14.991072
1,A_recon,planning,7,-0.37653893,0.0,0.0,1.0,7.8839726
1,A_recon,planning,8,-0.31508788,0.0,0.0,0.0,7.198104
1,A_recon,planning,9,-0.096309364,0.0,0.0,1.0,3.6375666
1,A_recon,planning,10,-0.58896214,0.0,0.0,0.0,21.747837
1,A_recon,planning,11,-0.4129971,0.0,0.0,1.0,14.249262
1,A_recon,planning,12,-0.5212049,0.0,0.0,0.0,19.804361
1,A_recon,planning,13,-0.4151027,0.0,0.0,1.0,16.635647
1,A_recon,planning,14,-0.20726833,0.0,0.0,1.0,6.781491
1,A_recon,planning,15,-0.52701503,0.0,0.0,1.0,9.73865
1,A_recon,planning,16,-0.40965542,0.0,0.0,1.0,13.876741
1,A_recon,planning,17,-0.18529391,0.0,0.0,1.0,7.4084077
1,A_recon,planning,18,-0.47259468,0.0,0.0,0.0,18.790035
1,A_recon,planning,19,-0.7055266,0.0,0.0,1.0,23.090773
1,A_recon,planning,20,-0.3813652,0.0,0.0,1.0,6.1015954
1,A_recon,planning,21,-0.30738816,0.0,0.0,0.0,13.25212
1,A_recon,planning,22,-0.38000256,0.0,0.0,1.0,15.763743
1,A_recon,planning,23,-0.12100112,0.0,0.0,1.0,5.5177193
1,A_recon,planning,24,-0.30393854,0.0,0.0,1.0,5.9896574
1,A_recon,planning,25,-0.3086809,0.0,0.0,0.0,8.229783
1,A_recon,planning,26,-0.63731515,0.0,0.0,0.0,21.93341
1,A_recon,planning,27,-0.0857832,0.0,0.13333333333333333,1.0,6.7232013
1,A_recon,planning,28,-0.3901496,0.0,0.0,1.0,9.43053
1,A_recon,planning,29,-0.3753931,0.0,0.0,1.0,7.391466
1,A_recon,planning,30,-0.59074634,0.0,0.0,0.0,21.734467
1,A_recon,planning,31,-0.31264448,0.0,0.0,1.0,7.695346
1,A_recon,planning,32,-0.38550588,0.0,0.0,0.0,13.656008
1,A_recon,planning,33,-0.7389109,0.0,0.0,0.0,25.672037
1,A_recon,planning,34,-0.85999143,0.0,0.0,0.0,28.575506
1,A_recon,planning,35,-0.42821604,0.0,0.0,0.0,14.562718
1,A_recon,planning,36,-0.21471998,0.0,0.0,1.0,8.102101
1,A_recon,planning,37,-0.28123623,0.0,0.044444444444444446,0.0,17.670113
1,A_recon,planning,38,-0.4309514,0.0,0.0,1.0,9.329348
1,A_recon,planning,39,-0.33863056,0.0,0.0,1.0,9.888591
1,A_recon,planning,40,-0.6006478,0.0,0.0,0.0,13.895422
1,A_recon,planning,41,-0.42269665,0.0,0.0,0.0,15.158984
1,A_recon,planning,42,-0.56830883,0.0,0.0,0.0,24.234282
1,A_recon,planning,43,-0.41055977,0.0,0.0,1.0,14.618041
1,A_recon,planning,44,-0.13913971,0.0,0.0,1.0,3.341396
1,A_recon,planning,45,-0.34290406,0.0,0.0,1.0,14.29488
1,A_recon,planning,46,-0.29265478,0.0,0.0,1.0,11.161016
1,A_recon,planning,47,-0.37129655,0.0,0.0,1.0,17.380394
1,A_recon,planning,48,-0.46396425,0.0,0.0,0.0,15.939277
1,A_recon,planning,49,-0.18814632,0.0,0.0,1.0,3.5054073
1,A_recon,planning,50,-0.66451925,0.0,0.0,0.0,18.891733
1,A_recon,planning,51,-0.49180526,0.0,0.0,1.0,11.648883
1,A_recon,planning,52,-0.40011424,0.0,0.0,0.0,18.899218
1,A_recon,planning,53,-0.43224213,0.0,0.0,1.0,17.837135
1,A_recon,planning,54,-0.24220794,0.0,0.0,1.0,9.914417
1,A_recon,planning,55,-0.5298793,0.0,0.0,1.0,19.238535
1,A_recon,planning,56,-0.5148845,0.0,0.0,0.0,19.332047
1,A_recon,planning,57,-0.3686454,0.0,0.0,0.0,13.390261
1,A_recon,planning,58,-0.36852285,0.0,0.0,0.0,13.1054945
1,A_recon,planning,59,-0.2710001,0.0,0.0,1.0,4.8345942
1,A_recon,planning,60,-0.1294098,0.0,0.0,1.0,3.927063
1,A_recon,planning,61,-0.5732416,0.0,0.0,0.0,18.585808
1,A_recon,planning,62,-0.6219058,0.0,0.0,0.0,19.15473
1,A_recon,planning,63,-0.4055831,0.0,0.0,1.0,15.590138
1,A_recon,planning,64,-0.25988173,0.0,0.0,1.0,7.9081316
1,A_recon,planning,65,-0.18314406,0.0,0.0,1.0,5.948819
1,A_recon,planning,66,-0.38966644,0.0,0.0,0.0,17.171066
1,A_recon,planning,67,-0.31074867,0.0,0.0,0.0,12.442721
1,A_recon,planning,68,-0.1800282,0.0,0.0,1.0,5.2693233
1,A_recon,planning,69,-0.3186484,0.0,0.0,0.0,14.519193
1,A_recon,planning,70,-0.38174227,0.0,0.0,0.0,15.645614
1,A_recon,planning,71,-0.47346637,0.0,0.0,0.0,17.417664
1,A_recon,planning,72,-0.64775884,0.0,0.0,0.0,19.379944
1,A_recon,planning,73,-0.28100327,0.0,0.0,1.0,14.602678
1,A_recon,planning,74,-0.6850691,0.0,0.0,0.0,23.93383
1,A_recon,planning,75,-0.68046945,0.0,0.0,0.0,21.88285
1,A_recon,planning,76,-0.40587658,0.0,0.0,1.0,7.6507206
1,A_recon,planning,77,-0.27164027,0.0,0.0,1.0,4.628798
1,A_recon,planning,78,-0.1324857,0.0,0.0,1.0,4.4501143
1,A_recon,planning,79,-0.3281909,0.0,0.0,1.0,8.776885
1,A_recon,planning,80,0.019778175,0.0,0.15555555555555556,1.0,1.8003659
1,A_recon,planning,81,-0.48680776,0.0,0.0,0.0,17.839554
1,A_recon,planning,82,-0.32621187,0.0,0.0,0.0,8.112202
1,A_recon,planning,83,-0.24264485,0.0,0.0,1.0,5.261527
1,A_recon,planning,84,-0.3979746,0.0,0.0,0.0,15.628264
1,A_recon,planning,85,-0.40340415,0.0,0.0,1.0,8.992605
1,A_recon,planning,86,-0.2689745,0.0,0.0,1.0,5.1956744
1,A_recon,planning,87,-0.7237242,0.0,0.0,0.0,23.164003
1,A_recon,planning,88,-0.3546713,0.0,0.0,1.0,11.848238
1,A_recon,planning,89,-0.3982752,0.0,0.0,0.0,14.9676
1,A_recon,planning,90,-0.40292108,0.0,0.0,0.0,16.02504
1,A_recon,planning,91,-0.43159854,0.0,0.0,1.0,15.213955
1,A_recon,planning,92,-1.0041426,0.0,0.0,0.0,30.539204
1,A_recon,planning,93,-0.23709844,0.0,0.0,1.0,10.904212
1,A_recon,planning,94,-0.28017867,0.0,0.0,1.0,6.4987464
1,A_recon,planning,95,-0.2792439,0.0,0.0,1.0,14.523093
1,A_recon,planning,96,-0.26373118,0.0,0.0,1.0,8.901956
1,A_recon,planning,97,-0.20185596,0.0,0.0,1.0,3.6668637
1,A_recon,planning,98,-0.20573798,0.0,0.0,1.0,3.6170447
1,A_recon,planning,99,-0.60481226,0.0,0.0,0.0,21.036757
1,A_recon,planning,100,-0.3490691,0.0,0.0,0.0,15.978172
1,A_recon,planning,101,-0.31773993,0.0,0.0,0.0,11.884313
1,A_recon,planning,102,-0.30958015,0.0,0.0,1.0,7.4928684
1,A_recon,planning,103,-0.1502967,0.0,0.0,1.0,4.5191517
1,A_recon,planning,104,-0.4884682,0.0,0.0,0.0,21.4049
1,A_recon,planning,105,-0.4030106,0.0,0.0,0.0,10.300662
1,A_recon,planning,106,-0.32942724,0.0,0.0,0.0,15.335395
1,A_recon,planning,107,-0.51806015,0.0,0.0,1.0,19.772045
1,A_recon,planning,108,-0.4993553,0.0,0.0,0.0,19.5101
1,A_recon,planning,109,-0.16030304,0.0,0.0,1.0,5.0460587
1,A_recon,planning,110,-0.2832135,0.0,0.0,1.0,4.857029
1,A_recon,planning,111,-0.30776834,0.0,0.0,1.0,9.81669
1,A_recon,planning,112,0.0021114475,1.0,0.1111111111111111,1.0,1.3565575
1,A_recon,planning,113,0.01881284,0.0,0.0,1.0,2.2987182
1,A_recon,planning,114,-0.34753937,0.0,0.0,1.0,5.6253333
1,A_recon,planning,115,-0.33405763,0.0,0.0,1.0,10.80805
1,A_recon,planning,116,-0.44024044,0.0,0.0,1.0,15.245056
1,A_recon,planning,117,-0.6515072,0.0,0.0,0.0,16.29511
1,A_recon,planning,118,-0.0890059,0.0,0.0,1.0,4.0400095
1,A_recon,planning,119,-0.33336458,0.0,0.0,1.0,10.186104
1,A_recon,planning,120,-0.46775344,0.0,0.0,1.0,17.115608
1,A_recon,planning,121,-0.57139593,0.0,0.0,1.0,19.145021
1,A_recon,planning,122,-0.3813967,0.0,0.0,1.0,6.0708823
1,A_recon,planning,123,-0.28783008,0.0,0.0,1.0,7.186993
1,A_recon,planning,124,-0.36299336,0.0,0.0,1.0,9.638423
1,A_recon,planning,125,-0.4196389,0.0,0.0,0.0,11.888271
1,A_recon,planning,126,-0.38833755,0.0,0.0,1.0,14.366717
1,A_recon,planning,127,-0.47115675,0.0,0.0,1.0,15.290563
1,A_recon,planning,128,-0.24674405,0.0,0.0,1.0,10.430623
1,A_recon,planning,129,-0.3967969,0.0,0.0,1.0,13.858543
1,A_recon,planning,130,-0.52549356,0.0,0.0,0.0,19.865759
1,A_recon,planning,131,-0.29437128,0.0,0.0,1.0,7.4256973
1,A_recon,planning,132,-0.24831039,0.0,0.0,1.0,7.729095
1,A_recon,planning,133,-0.38959792,0.0,0.0,1.0,13.761041
1,A_recon,planning,134,-0.37389854,0.0,0.0,1.0,13.075385
1,A_recon,planning,135,-0.44126514,0.0,0.0,0.0,8.755568
1,A_recon,planning,136,-0.3915028,0.0,0.0,1.0,10.856066
1,A_recon,planning,137,-0.5061398,0.0,0.0,1.0,19.292261
1,A_recon,planning,138,-0.34722656,0.0,0.0,1.0,5.8636675
1,A_recon,planning,139,-0.2822303,0.0,0.0,1.0,11.620136
1,A_recon,planning,140,-0.1257733,0.0,0.2,1.0,1.9636537
1,A_recon,planning,141,-0.4322058,0.0,0.0,0.0,14.287219
1,A_recon,planning,142,-0.3020967,0.0,0.0,1.0,4.5652504
1,A_recon,planning,143,-0.4363642,0.0,0.0,1.0,14.444897
1,A_recon,planning,144,-0.20517413,0.0,0.0,1.0,6.553462
1,A_recon,planning,145,-0.3165023,0.0,0.0,1.0,8.958508
1,A_recon,planning,146,-0.14148138,0.0,0.0,1.0,3.533472
1,A_recon,planning,147,-0.19737917,0.0,0.0,1.0,3.702336
1,A_recon,planning,148,-0.3209808,0.0,0.0,1.0,7.4707932
1,A_recon,planning,149,-0.26330203,0.0,0.0,1.0,10.91049
1,A_recon,planning,150,-0.25833786,0.0,0.0,1.0,3.5705051
1,A_recon,planning,151,-0.49500555,0.0,0.0,0.0,18.549269
1,A_recon,planning,152,-0.22497615,0.0,0.0,1.0,2.4229627
1,A_recon,planning,153,-0.31787723,0.0,0.0,0.0,11.685344
1,A_recon,planning,154,-0.4098856,0.0,0.0,0.0,12.797294
1,A_recon,planning,155,-0.30796248,0.0,0.0,1.0,5.2952194
1,A_recon,planning,156,-0.36214092,0.0,0.0,0.0,10.937028
1,A_recon,planning,157,-0.30781066,0.0,0.0,1.0,11.753431
1,A_recon,planning,158,-0.53006035,0.0,0.0,1.0,17.203018
1,A_recon,planning,159,-0.21254916,0.0,0.0,1.0,7.383008
1,A_recon,planning,160,-0.3663833,0.0,0.0,0.0,15.459378
1,A_recon,planning,161,-0.5310114,0.0,0.0,0.0,20.222075
1,A_recon,planning,162,-0.40067813,0.0,0.0,0.0,15.045996
1,A_recon,planning,163,-0.28246188,0.0,0.0,1.0,6.0727763
1,A_recon,planning,164,-0.28153437,0.0,0.0,1.0,10.6737
1,A_recon,planning,165,-0.402468,0.0,0.0,0.0,15.121295
1,A_recon,planning,166,-0.4613782,0.0,0.0,1.0,18.374605
1,A_recon,planning,167,-0.59228235,0.0,0.0,0.0,15.378298
1,A_recon,planning,168,-0.40694046,0.0,0.0,1.0,15.746399
1,A_recon,planning,169,-0.35861203,0.0,0.0,1.0,12.341225
1,A_recon,planning,170,-0.0492669,0.0,0.13333333333333333,1.0,3.9060786
1,A_recon,planning,171,-0.56034327,0.0,0.0,1.0,18.090664
1,A_recon,planning,172,-0.16133963,0.0,0.0,1.0,3.1751313
1,A_recon,planning,173,-0.252004,0.0,0.0,1.0,10.584671
1,A_recon,planning,174,-0.49707583,0.0,0.0,0.0,14.374401
1,A_recon,planning,175,-0.2787729,0.0,0.0,1.0,3.7268894
1,A_recon,planning,176,-0.8253144,0.0,0.0,0.0,28.546417
1,A_recon,planning,177,-0.66148424,0.0,0.0,0.0,22.506374
1,A_recon,planning,178,-0.46180442,0.0,0.0,0.0,13.842809
1,A_recon,planning,179,-0.20429957,0.0,0.0,1.0,2.7364025
1,A_recon,planning,180,-0.497035,0.0,0.0,0.0,15.3394
1,A_recon,planning,181,-0.44802997,0.0,0.0,1.0,17.498096
1,A_recon,planning,182,-0.37961388,0.0,0.0,0.0,15.776271
1,A_recon,planning,183,-0.62846893,0.0,0.0,1.0,23.978605
1,A_recon,planning,184,-0.3229546,0.0,0.0,1.0,13.149702
1,A_recon,planning,185,-0.29983348,0.0,0.0,1.0,6.494922
1,A_recon,planning,186,-0.42885938,0.0,0.0,1.0,10.798494
1,A_recon,planning,187,-0.26229715,0.0,0.0,1.0,3.7899306
1,A_recon,planning,188,-0.7308526,0.0,0.0,0.0,19.450935
1,A_recon,planning,189,-0.5575949,0.0,0.0,1.0,19.456844
1,A_recon,planning,190,0.02743783,0.0,0.0,1.0,3.1807601
1,A_recon,planning,191,-0.27605766,0.0,0.0,1.0,9.694815
1,A_recon,planning,192,-0.37893468,0.0,0.0,0.0,14.634676
1,A_recon,planning,193,-0.3875319,0.0,0.0,0.0,16.044342
1,A_recon,planning,194,-0.12627877,0.0,0.0,1.0,7.937294
1,A_recon,planning,195,-0.19449355,0.0,0.0,1.0,7.219647
1,A_recon,planning,196,-0.2917643,0.0,0.0,1.0,11.424775
1,A_recon,planning,197,-0.3189831,0.0,0.0,1.0,10.519193
1,A_recon,planning,198,-0.28256816,0.0,0.0,1.0,7.353256
1,A_recon,planning,199,-0.46002126,0.0,0.0,0.0,15.0808735
1,B_task,planning,0,-0.28668198,0.0,0.0,1.0,4.38718
1,B_task,planning,1,-0.22047438,0.0,0.0,1.0,4.775747
1,B_task,planning,2,-0.30699968,0.0,0.0,1.0,9.07593
1,B_task,planning,3,-0.6018138,0.0,0.0,0.0,14.753692
1,B_task,planning,4,-0.48820326,0.0,0.0,1.0,17.250332
1,B_task,planning,5,-0.2965634,0.0,0.0,1.0,2.2222497
1,B_task,planning,6,-0.18551949,0.0,0.0,1.0,6.6115565
1,B_task,planning,7,-0.21626788,1.0,0.17777777777777778,1.0,0.8348442
1,B_task,planning,8,-0.21732384,0.0,0.0,1.0,4.8546433
1,B_task,planning,9,0.07031386,0.0,0.1111111111111111,1.0,2.8171642
1,B_task,planning,10,-0.46705213,0.0,0.0,1.0,14.475359
1,B_task,planning,11,-0.087541714,0.0,0.0,1.0,2.0995321
1,B_task,planning,12,-0.30941886,0.0,0.0,1.0,5.144524
1,B_task,planning,13,-0.25723767,0.0,0.0,1.0,6.1372375
1,B_task,planning,14,-0.118762136,0.0,0.0,1.0,5.3434114
1,B_task,planning,15,-0.35389245,0.0,0.0,1.0,3.345492
1,B_task,planning,16,-0.35247988,0.0,0.0,1.0,10.545541
1,B_task,planning,17,-0.04946045,0.0,0.0,1.0,3.800323
1,B_task,planning,18,-0.1771806,0.0,0.0,1.0,3.3406947
1,B_task,planning,19,-0.34970492,0.0,0.0,1.0,4.0373874
1,B_task,planning,20,-0.058220007,1.0,0.4,1.0,0.5375188
1,B_task,planning,21,-0.19069535,0.0,0.0,1.0,5.3079095
1,B_task,planning,22,-0.24215342,0.0,0.0,1.0,5.624926
1,B_task,planning,23,0.01801005,0.0,0.0,1.0,3.839763
1,B_task,planning,24,-0.19629209,0.0,0.0,1.0,3.0493753
1,B_task,planning,25,-0.2779082,0.0,0.0,1.0,6.5174265
1,B_task,planning,26,-0.29153296,0.0,0.0,1.0,4.899618
1,B_task,planning,27,0.11299183,1.0,0.4888888888888889,1.0,0.8481652
1,B_task,planning,28,-0.21185741,0.0,0.06666666666666667,1.0,5.617956
1,B_task,planning,29,-0.22159263,0.0,0.0,1.0,3.3047988
1,B_task,planning,30,-0.563014,0.0,0.0,0.0,20.82922
1,B_task,planning,31,-0.22650082,0.0,0.0,1.0,5.2163496
1,B_task,planning,32,-0.3171887,0.0,0.0,1.0,7.036103
1,B_task,planning,33,-0.41484472,0.0,0.0,0.0,6.442439
1,B_task,planning,34,-0.46018723,0.0,0.0,1.0,6.256643
1,B_task,planning,35,-0.2676682,0.0,0.0,1.0,4.088117
1,B_task,planning,36,-0.16285802,0.0,0.0,1.0,4.065118
1,B_task,planning,37,-0.23484606,0.0,0.0,0.0,11.841997
1,B_task,planning,38,-0.38649598,0.0,0.0,1.0,9.42895
1,B_task,planning,39,-0.24292849,0.0,0.0,1.0,6.783621
1,B_task,planning,40,-0.43377292,0.0,0.0,1.0,9.506488
1,B_task,planning,41,-0.31519505,0.0,0.0,0.0,8.583475
1,B_task,planning,42,-0.40850908,0.0,0.0,1.0,13.439496
1,B_task,planning,43,-0.21653144,0.0,0.0,1.0,3.53614
1,B_task,planning,44,-0.06408869,0.0,0.0,1.0,2.493002
1,B_task,planning,45,-0.24521512,0.0,0.0,1.0,7.799941
1,B_task,planning,46,-0.001157405,1.0,0.2,1.0,1.0907687
1,B_task,planning,47,-0.34498027,0.0,0.0,1.0,11.683304
1,B_task,planning,48,-0.35656887,0.0,0.0,0.0,8.47742
1,B_task,planning,49,-0.23683663,0.0,0.0,1.0,8.264407
1,B_task,planning,50,-0.31599247,0.0,0.0,1.0,2.5132513
1,B_task,planning,51,-0.4290763,0.0,0.0,1.0,10.016773
1,B_task,planning,52,-0.30153826,0.0,0.0,1.0,11.262408
1,B_task,planning,53,-0.3315188,0.0,0.0,1.0,10.127406
1,B_task,planning,54,-0.16775522,0.0,0.0,1.0,4.4303083
1,B_task,planning,55,-0.39068687,0.0,0.0,1.0,11.088812
1,B_task,planning,56,-0.3445996,0.0,0.0,1.0,9.755333
1,B_task,planning,57,0.0655202,1.0,0.4,1.0,1.0706002
1,B_task,planning,58,-0.2885252,0.0,0.0,0.0,6.993687
1,B_task,planning,59,-0.21664776,0.0,0.0,1.0,3.250299
1,B_task,planning,60,0.12671407,0.0,0.24444444444444444,1.0,1.7159044
1,B_task,planning,61,-0.313962,0.0,0.0,1.0,7.730064
1,B_task,planning,62,-0.39388436,0.0,0.0,1.0,5.208655
1,B_task,planning,63,-0.12083227,1.0,0.15555555555555556,1.0,0.5386279
1,B_task,planning,64,-0.022818835,1.0,0.35555555555555557,1.0,1.2484257
1,B_task,planning,65,-0.22192974,0.0,0.0,1.0,7.5140114
1,B_task,planning,66,-0.33095115,0.0,0.0,0.0,11.9674835
1,B_task,planning,67,-0.2546888,0.0,0.0,1.0,8.276358
1,B_task,planning,68,-0.21869768,0.0,0.0,1.0,8.665418
1,B_task,planning,69,-0.26769382,0.0,0.0,0.0,9.880653
1,B_task,planning,70,-0.19344135,0.0,0.0,1.0,2.5402439
1,B_task,planning,71,-0.28596732,0.0,0.0,1.0,6.4507155
1,B_task,planning,72,-0.38839078,0.0,0.0,1.0,5.2026753
1,B_task,planning,73,-0.08543755,0.0,0.0,1.0,3.4057171
1,B_task,planning,74,-0.43702096,0.0,0.0,1.0,9.076636
1,B_task,planning,75,-0.32939607,0.0,0.0,1.0,6.152041
1,B_task,planning,76,-0.3312107,0.0,0.0,1.0,5.9861274
1,B_task,planning,77,-0.2680107,0.0,0.0,1.0,6.519246
1,B_task,planning,78,-0.051653948,0.0,0.0,1.0,3.1575172
1,B_task,planning,79,-0.3288418,0.0,0.0,1.0,8.075212
1,B_task,planning,80,-0.122899435,0.0,0.0,1.0,5.576157
1,B_task,planning,81,-0.205237,0.0,0.0,1.0,3.9247792
1,B_task,planning,82,-0.25922292,0.0,0.0,1.0,6.056175
1,B_task,planning,83,-0.2998166,0.0,0.0,0.0,10.045797
1,B_task,planning,84,-0.32369646,0.0,0.0,0.0,10.529045
1,B_task,planning,85,-0.22876197,0.0,0.0,1.0,5.3221545
1,B_task,planning,86,-0.21987858,0.0,0.0,1.0,2.9672964
1,B_task,planning,87,-0.46866444,0.0,0.0,1.0,12.179598
1,B_task,planning,88,-0.34537774,0.0,0.0,1.0,10.164984
1,B_task,planning,89,-0.31701452,0.0,0.0,0.0,9.211426
1,B_task,planning,90,-0.39655083,0.0,0.0,0.0,15.945364
1,B_task,planning,91,-0.3040075,0.0,0.0,1.0,7.062417
1,B_task,planning,92,-0.74640596,0.0,0.0,1.0,6.6890354
1,B_task,planning,93,-0.19070627,0.0,0.0,0.0,7.2953444
1,B_task,planning,94,-0.34710175,0.0,0.0,1.0,12.1582155
1,B_task,planning,95,-0.2007017,0.0,0.0,1.0,9.559422
1,B_task,planning,96,-0.24166633,0.0,0.0,1.0,7.469789
1,B_task,planning,97,-0.28223565,0.0,0.0,0.0,13.7934265
1,B_task,planning,98,-0.1611946,0.0,0.0,1.0,2.5745254
1,B_task,planning,99,-0.3063269,0.0,0.0,1.0,4.903366
1,B_task,planning,100,-0.3232946,0.0,0.0,0.0,14.551083
1,B_task,planning,101,-0.20668274,0.0,0.0,1.0,5.66955
1,B_task,planning,102,-0.2773007,0.0,0.0,1.0,6.961348
1,B_task,planning,103,-0.15849133,0.0,0.0,1.0,4.52367
1,B_task,planning,104,-0.37215334,0.0,0.0,0.0,12.129578
1,B_task,planning,105,-0.27947116,0.0,0.0,1.0,3.7412813
1,B_task,planning,106,-0.21124984,0.0,0.0,1.0,6.0793324
1,B_task,planning,107,-0.28544125,0.0,0.0,1.0,4.910165
1,B_task,planning,108,-0.3256435,0.0,0.0,1.0,8.755551
1,B_task,planning,109,-0.19349845,0.0,0.0,1.0,5.6116605
1,B_task,planning,110,-0.34973863,0.0,0.0,1.0,8.31134
1,B_task,planning,111,-0.33144903,0.0,0.0,1.0,8.767135
1,B_task,planning,112,-0.20646638,0.0,0.0,1.0,7.6154776
1,B_task,planning,113,-0.0391592,0.0,0.0,1.0,4.0900946
1,B_task,planning,114,-0.3018666,0.0,0.0,1.0,2.9456995
1,B_task,planning,115,-0.27385372,0.0,0.0,1.0,8.92799
1,B_task,planning,116,-0.42856598,0.0,0.0,1.0,15.311709
1,B_task,planning,117,-0.4860905,0.0,0.0,1.0,6.078287
1,B_task,planning,118,0.28291363,1.0,0.6444444444444445,1.0,1.3676318
1,B_task,planning,119,-0.1594365,0.0,0.0,1.0,6.0575023
1,B_task,planning,120,-0.33203605,0.0,0.0,1.0,10.967037
1,B_task,planning,121,-0.5290742,0.0,0.0,1.0,19.104376
1,B_task,planning,122,-0.38088268,0.0,0.0,1.0,6.854343
1,B_task,planning,123,-0.18373866,0.0,0.0,1.0,6.0848036
1,B_task,planning,124,-0.29204705,0.0,0.0,1.0,4.947564
1,B_task,planning,125,-0.26870182,0.0,0.0,1.0,5.2218475
1,B_task,planning,126,-0.3220795,0.0,0.0,1.0,10.914874
1,B_task,planning,127,-0.42904666,0.0,0.0,0.0,12.491322
1,B_task,planning,128,-0.19988737,0.0,0.0,1.0,6.2349133
1,B_task,planning,129,-0.4200785,0.0,0.0,1.0,15.510331
1,B_task,planning,130,-0.25160968,0.0,0.0,1.0,5.586593
1,B_task,planning,131,-0.31486824,0.0,0.0,1.0,6.6364093
1,B_task,planning,132,-0.27684805,0.0,0.0,1.0,11.690137
1,B_task,planning,133,-0.30607116,0.0,0.0,1.0,9.531698
1,B_task,planning,134,-0.23137766,0.0,0.0,1.0,4.3532314
1,B_task,planning,135,-0.43195695,0.0,0.0,0.0,10.601937
1,B_task,planning,136,-0.26061073,0.0,0.0,1.0,7.7153063
1,B_task,planning,137,-0.42409775,0.0,0.0,1.0,14.496744
1,B_task,planning,138,-0.30727413,0.0,0.0,1.0,4.754419
1,B_task,planning,139,-0.22388273,0.0,0.0,1.0,6.9951086
1,B_task,planning,140,-0.2602597,0.0,0.0,1.0,6.1073236
1,B_task,planning,141,-0.44855702,0.0,0.0,0.0,15.957706
1,B_task,planning,142,-0.30361426,0.0,0.0,1.0,5.336587
1,B_task,planning,143,-0.39148986,0.0,0.0,1.0,11.785509
1,B_task,planning,144,-0.08025999,0.0,0.0,1.0,2.793663
1,B_task,planning,145,-0.05148095,0.0,0.26666666666666666,1.0,2.0784461
1,B_task,planning,146,-0.2022107,0.0,0.0,1.0,3.8350928
1,B_task,planning,147,-0.21902522,0.0,0.0,1.0,8.797354
1,B_task,planning,148,-0.28751943,0.0,0.0,1.0,6.4558496
1,B_task,planning,149,-0.29071468,0.0,0.0,1.0,12.322621
1,B_task,planning,150,-0.18199976,0.0,0.0,1.0,3.7160614
1,B_task,planning,151,-0.47904804,0.0,0.0,1.0,17.747696
1,B_task,planning,152,-0.2875374,0.0,0.0,1.0,8.375139
1,B_task,planning,153,-0.19786228,0.0,0.0,1.0,4.804734
1,B_task,planning,154,-0.35845917,0.0,0.0,1.0,9.6018095
1,B_task,planning,155,-0.37632442,0.0,0.0,1.0,11.210321
1,B_task,planning,156,-0.24593869,0.0,0.0,1.0,3.54742
1,B_task,planning,157,-0.2778123,0.0,0.0,1.0,10.323966
1,B_task,planning,158,-0.34531254,0.0,0.0,1.0,7.6990056
1,B_task,planning,159,-0.08048908,0.0,0.0,1.0,3.3415718
1,B_task,planning,160,-0.27808398,0.0,0.0,0.0,8.6949835
1,B_task,planning,161,-0.36364648,0.0,0.0,1.0,11.533556
1,B_task,planning,162,-0.29015875,0.0,0.0,1.0,8.609808
1,B_task,planning,163,-0.2922504,0.0,0.0,1.0,7.71014
1,B_task,planning,164,-0.065868266,0.0,0.0,1.0,1.85623
1,B_task,planning,165,-0.3128004,0.0,0.0,0.0,11.217115
1,B_task,planning,166,-0.24275006,0.0,0.0,1.0,5.203931
1,B_task,planning,167,-0.52877903,0.0,0.0,1.0,6.5073357
1,B_task,planning,168,-0.26542103,0.0,0.0,1.0,6.973816
1,B_task,planning,169,-0.38617676,0.0,0.0,1.0,13.412686
1,B_task,planning,170,-0.110015966,0.0,0.06666666666666667,0.0,7.731735
1,B_task,planning,171,-0.33352804,0.0,0.0,1.0,6.991826
1,B_task,planning,172,-0.16282938,0.0,0.0,1.0,6.067534
1,B_task,planning,173,-0.22728178,0.0,0.0,1.0,8.651554
1,B_task,planning,174,-0.34471402,0.0,0.0,1.0,5.746355
1,B_task,planning,175,-0.08878365,1.0,0.24444444444444444,1.0,1.4956521
1,B_task,planning,176,-0.31469414,0.0,0.0,1.0,4.3250885
1,B_task,planning,177,-0.25210136,0.0,0.0,1.0,3.0627973
1,B_task,planning,178,-0.19025978,0.0,0.0,1.0,5.262447
1,B_task,planning,179,-0.3766076,0.0,0.0,0.0,9.96324
1,B_task,planning,180,-0.28556314,0.0,0.0,1.0,5.8198824
1,B_task,planning,181,-0.38029352,0.0,0.0,1.0,11.732569
1,B_task,planning,182,-0.338953,0.0,0.0,0.0,13.661727
1,B_task,planning,183,-0.3622756,0.0,0.0,1.0,9.69071
1,B_task,planning,184,-0.3009605,0.0,0.0,1.0,11.067223
1,B_task,planning,185,-0.28594688,0.0,0.0,1.0,6.937904
1,B_task,planning,186,-0.32322425,0.0,0.0,1.0,7.0778418
1,B_task,planning,187,-0.27051026,0.0,0.0,1.0,7.1289544
1,B_task,planning,188,-0.36473563,1.0,0.13333333333333333,1.0,0.3000775
1,B_task,planning,189,-0.12914596,0.0,0.0,1.0,3.2266805
1,B_task,planning,190,-0.13414879,0.0,0.0,1.0,3.9832675
1,B_task,planning,191,-0.21906671,0.0,0.0,1.0,6.742851
1,B_task,planning,192,-0.18795405,0.0,0.0,1.0,5.937986
1,B_task,planning,193,-0.22922325,0.0,0.0,1.0,5.6033645
1,B_task,planning,194,-0.17458913,0.0,0.0,1.0,8.911983
1,B_task,planning,195,-0.19970173,0.0,0.0,1.0,7.847482
1,B_task,planning,196,-0.11073067,0.0,0.0,1.0,2.147133
1,B_task,planning,197,-0.31392276,0.0,0.0,0.0,12.036656
1,B_task,planning,198,-0.37999243,0.0,0.0,1.0,12.849475
1,B_task,planning,199,-0.32596752,0.0,0.0,1.0,8.456194
1,C_scene,planning,0,-0.5119378,0.0,0.0,1.0,8.792884
1,C_scene,planning,1,-0.35110146,0.0,0.0,1.0,8.014847
1,C_scene,planning,2,-0.6857509,0.0,0.0,0.0,22.561623
1,C_scene,planning,3,-0.6380481,0.0,0.0,0.0,18.07534
1,C_scene,planning,4,-0.5115177,0.0,0.0,1.0,16.476128
1,C_scene,planning,5,-0.7220577,0.0,0.0,0.0,26.225718
1,C_scene,planning,6,-0.29826686,0.0,0.0,0.0,12.955242
1,C_scene,planning,7,-0.46121058,0.0,0.0,1.0,11.650528
1,C_scene,planning,8,-0.4558229,0.0,0.0,1.0,14.905814
1,C_scene,planning,9,0.02988851,0.0,0.0,1.0,2.0065765
1,C_scene,planning,10,-0.60907394,0.0,0.0,0.0,22.191275
1,C_scene,planning,11,-0.48780358,0.0,0.0,0.0,15.701955
1,C_scene,planning,12,-0.39889163,0.0,0.0,0.0,10.574037
1,C_scene,planning,13,-0.31011277,0.0,0.0,1.0,8.763074
1,C_scene,planning,14,-0.22835526,0.0,0.0,1.0,9.14727
1,C_scene,planning,15,-0.6814398,0.0,0.0,0.0,18.427923
1,C_scene,planning,16,-0.40283918,0.0,0.0,1.0,13.832801
1,C_scene,planning,17,0.005043687,0.0,0.0,1.0,1.7207448
1,C_scene,planning,18,-0.31766406,0.0,0.0,0.0,8.831879
1,C_scene,planning,19,-0.6261376,0.0,0.0,1.0,19.306929
1,C_scene,planning,20,-0.52857864,0.0,0.0,0.0,15.765584
1,C_scene,planning,21,-0.23377404,0.0,0.0,1.0,8.563021
1,C_scene,planning,22,-0.15061863,0.0,0.0,1.0,4.6065006
1,C_scene,planning,23,-0.1281294,0.0,0.0,1.0,7.0055504
1,C_scene,planning,24,-0.28945193,0.0,0.0,1.0,7.1388826
1,C_scene,planning,25,-0.40052423,0.0,0.0,1.0,12.813341
1,C_scene,planning,26,-0.4500077,0.0,0.0,0.0,12.012589
1,C_scene,planning,27,-0.06980604,0.0,0.1111111111111111,1.0,4.9476986
1,C_scene,planning,28,-0.3845262,0.0,0.0,1.0,8.039458
1,C_scene,planning,29,-0.50531983,0.0,0.0,0.0,14.491286
1,C_scene,planning,30,-0.59260064,0.0,0.0,0.0,22.065323
1,C_scene,planning,31,-0.5165905,0.0,0.0,0.0,17.214872
1,C_scene,planning,32,-0.44433805,0.0,0.0,1.0,14.346297
1,C_scene,planning,33,-0.74686295,0.0,0.0,0.0,24.229168
1,C_scene,planning,34,-0.82961816,0.0,0.0,0.0,27.376404
1,C_scene,planning,35,-0.51010346,0.0,0.0,1.0,15.355534
1,C_scene,planning,36,-0.22711512,0.0,0.0,1.0,9.146409
1,C_scene,planning,37,-0.15226245,0.0,0.044444444444444446,1.0,9.21632
1,C_scene,planning,38,-0.3915893,0.0,0.0,0.0,11.321246
1,C_scene,planning,39,-0.59504354,0.0,0.0,0.0,17.72179
1,C_scene,planning,40,-0.6900731,0.0,0.0,0.0,20.103529
1,C_scene,planning,41,-0.50501215,0.0,0.0,0.0,20.919182
1,C_scene,planning,42,-0.42206383,0.0,0.0,1.0,14.113035
1,C_scene,planning,43,-0.51403373,0.0,0.0,1.0,17.904068
1,C_scene,planning,44,-0.25432232,0.0,0.0,1.0,11.688576
1,C_scene,planning,45,-0.22004068,0.0,0.0,1.0,4.392313
1,C_scene,planning,46,-0.23079251,0.0,0.0,1.0,8.958951
1,C_scene,planning,47,-0.2924927,0.0,0.0,1.0,9.209177
1,C_scene,planning,48,-0.48006848,0.0,0.0,0.0,16.388454
1,C_scene,planning,49,-0.38119262,0.0,0.0,1.0,12.547123
1,C_scene,planning,50,-0.5295641,0.0,0.0,0.0,16.907211
1,C_scene,planning,51,-0.6223432,0.0,0.0,1.0,22.338488
1,C_scene,planning,52,-0.36146322,0.0,0.0,0.0,14.74076
1,C_scene,planning,53,-0.5112028,0.0,0.0,1.0,16.355993
1,C_scene,planning,54,-0.2959866,0.0,0.0,1.0,8.907017
1,C_scene,planning,55,-0.47709814,0.0,0.0,1.0,18.008907
1,C_scene,planning,56,-0.4532758,0.0,0.0,0.0,15.113389
1,C_scene,planning,57,-0.09011616,0.0,0.15555555555555556,1.0,5.8048053
1,C_scene,planning,58,-0.5745869,0.0,0.0,0.0,17.26712
1,C_scene,planning,59,-0.20806484,0.0,0.0,1.0,3.2994947
1,C_scene,planning,60,-0.20932254,0.0,0.0,1.0,4.118142
1,C_scene,planning,61,-0.38204286,0.0,0.0,0.0,11.415979
1,C_scene,planning,62,-0.6728972,0.0,0.0,0.0,21.857748
1,C_scene,planning,63,-0.39720818,0.0,0.0,0.0,11.546988
1,C_scene,planning,64,-0.23165682,0.0,0.0,1.0,7.4221787
1,C_scene,planning,65,-0.21874578,0.0,0.0,1.0,7.1196737
1,C_scene,planning,66,-0.3363392,0.0,0.0,0.0,11.465059
1,C_scene,planning,67,-0.37237868,0.0,0.0,0.0,13.793156
1,C_scene,planning,68,-0.28097603,0.0,0.0,0.0,11.505711
1,C_scene,planning,69,-0.3171228,0.0,0.0,0.0,10.261917
1,C_scene,planning,70,-0.32408822,0.0,0.0,0.0,11.4906645
1,C_scene,planning,71,-0.50757325,0.0,0.0,0.0,15.065542
1,C_scene,planning,72,-0.7540435,0.0,0.0,0.0,23.717485
1,C_scene,planning,73,-0.15047902,0.0,0.044444444444444446,1.0,8.700424
1,C_scene,planning,74,-0.5575377,0.0,0.0,0.0,16.64455
1,C_scene,planning,75,-0.7237931,0.0,0.0,0.0,24.284569
1,C_scene,planning,76,-0.4867112,0.0,0.0,0.0,15.695447
1,C_scene,planning,77,-0.30141765,0.0,0.0,1.0,6.3361406
1,C_scene,planning,78,0.19904469,0.0,0.5111111111111111,1.0,2.2442737
1,C_scene,planning,79,-0.6203237,0.0,0.0,0.0,21.124073
1,C_scene,planning,80,-0.2196589,0.0,0.0,1.0,7.2306104
1,C_scene,planning,81,-0.36294276,0.0,0.0,1.0,8.811442
1,C_scene,planning,82,-0.38016543,0.0,0.0,0.0,9.454257
1,C_scene,planning,83,-0.27477518,0.0,0.0,1.0,7.178051
1,C_scene,planning,84,-0.43603945,0.0,0.0,0.0,14.45991
1,C_scene,planning,85,-0.30858842,0.0,0.0,1.0,4.65429
1,C_scene,planning,86,-0.5405355,0.0,0.0,0.0,17.982689
1,C_scene,planning,87,-0.6730245,0.0,0.0,0.0,17.412313
1,C_scene,planning,88,-0.40589923,0.0,0.0,1.0,14.556728
1,C_scene,planning,89,-0.40109676,0.0,0.0,0.0,15.806524
1,C_scene,planning,90,-0.44576663,0.0,0.0,0.0,17.49234
1,C_scene,planning,91,-0.40194833,0.0,0.0,1.0,11.873911
1,C_scene,planning,92,-0.98084015,0.0,0.0,0.0,31.408104
1,C_scene,planning,93,-0.26453733,0.0,0.0,0.0,9.68288
1,C_scene,planning,94,-0.4408709,0.0,0.0,1.0,16.53564
1,C_scene,planning,95,-0.14319378,0.0,0.0,1.0,5.286327
1,C_scene,planning,96,-0.1749441,0.0,0.0,1.0,4.302756
1,C_scene,planning,97,-0.23744085,0.0,0.0,0.0,8.724061
1,C_scene,planning,98,-0.5771994,0.0,0.0,1.0,18.313482
1,C_scene,planning,99,-0.48488054,0.0,0.0,0.0,12.428319
1,C_scene,planning,100,-0.27193907,0.0,0.0,0.0,12.132411
1,C_scene,planning,101,-0.14731908,0.0,0.0,1.0,3.1868153
1,C_scene,planning,102,-0.116850056,1.0,0.15555555555555556,1.0,1.4674174
1,C_scene,planning,103,-0.20935516,0.0,0.0,1.0,7.385522
1,C_scene,planning,104,-0.41830114,0.0,0.0,0.0,16.088465
1,C_scene,planning,105,-0.51160896,0.0,0.0,1.0,5.752151
1,C_scene,planning,106,-0.36047462,0.0,0.0,0.0,15.528723
1,C_scene,planning,107,-0.46725595,0.0,0.0,0.0,14.470473
1,C_scene,planning,108,-0.42352396,0.0,0.0,0.0,15.752154
1,C_scene,planning,109,-0.20699675,0.0,0.0,1.0,6.9244123
1,C_scene,planning,110,-0.42174983,0.0,0.0,1.0,8.541029
1,C_scene,planning,111,-0.42035133,0.0,0.0,1.0,16.292383
1,C_scene,planning,112,-0.2161407,0.0,0.0,1.0,4.87552
1,C_scene,planning,113,0.11070465,1.0,0.022222222222222223,1.0,1.5447158
1,C_scene,planning,114,-0.70621,0.0,0.0,0.0,25.415789
1,C_scene,planning,115,-0.33295342,0.0,0.0,1.0,10.260715
1,C_scene,planning,116,-0.41137064,0.0,0.0,1.0,14.173877
1,C_scene,planning,117,-0.7622749,0.0,0.0,0.0,26.254293
1,C_scene,planning,118,-0.16590077,0.0,0.0,1.0,6.876487
1,C_scene,planning,119,-0.42586076,0.0,0.0,0.0,16.329401
1,C_scene,planning,120,-0.46338862,0.0,0.0,1.0,16.264315
1,C_scene,planning,121,-0.44340044,0.0,0.0,1.0,14.064277
1,C_scene,planning,122,-0.48959514,0.0,0.0,0.0,12.692556
1,C_scene,planning,123,-0.2009707,0.0,0.0,1.0,4.9194603
1,C_scene,planning,124,-0.4117469,0.0,0.0,0.0,12.45443
1,C_scene,planning,125,-0.47683287,0.0,0.0,0.0,15.465989
1,C_scene,planning,126,-0.5211102,0.0,0.0,1.0,18.297352
1,C_scene,planning,127,-0.49497306,0.0,0.0,0.0,14.972508
1,C_scene,planning,128,-0.2445345,0.0,0.0,1.0,8.577186
1,C_scene,planning,129,-0.38159344,0.0,0.0,1.0,12.469479
1,C_scene,planning,130,-0.3974718,0.0,0.0,1.0,11.896274
1,C_scene,planning,131,-0.5676636,0.0,0.0,1.0,20.947472
1,C_scene,planning,132,-0.222735,0.0,0.0,1.0,6.6989956
1,C_scene,planning,133,-0.28145567,0.0,0.0,1.0,9.102065
1,C_scene,planning,134,-0.33125806,0.0,0.0,1.0,10.037975
1,C_scene,planning,135,-0.5141522,0.0,0.0,0.0,15.701515
1,C_scene,planning,136,-0.47648633,0.0,0.0,0.0,16.70092
1,C_scene,planning,137,-0.49820596,0.0,0.0,0.0,16.090572
1,C_scene,planning,138,-0.4663453,0.0,0.0,1.0,13.699987
1,C_scene,planning,139,-0.29353112,0.0,0.0,1.0,10.993258
1,C_scene,planning,140,-0.32006142,0.0,0.0,1.0,5.7723713
1,C_scene,planning,141,-0.4474662,0.0,0.0,0.0,17.381947
1,C_scene,planning,142,-0.39548767,0.0,0.0,0.0,8.996665
1,C_scene,planning,143,-0.42040163,0.0,0.0,1.0,14.224507
1,C_scene,planning,144,-0.22301468,0.0,0.0,1.0,3.9707465
1,C_scene,planning,145,-0.6830463,0.0,0.0,0.0,22.144262
1,C_scene,planning,146,-0.3967999,0.0,0.0,1.0,12.078711
1,C_scene,planning,147,-0.32793504,0.0,0.0,1.0,11.015238
1,C_scene,planning,148,-0.472017,0.0,0.0,0.0,13.190909
1,C_scene,planning,149,-0.3409425,0.0,0.0,1.0,10.145831
1,C_scene,planning,150,-0.29238048,0.0,0.0,1.0,1.7427866
1,C_scene,planning,151,-0.5149126,0.0,0.0,0.0,19.447533
1,C_scene,planning,152,-0.2550762,0.0,0.0,1.0,6.711027
1,C_scene,planning,153,-0.31488168,0.0,0.0,1.0,9.730057
1,C_scene,planning,154,-0.54030746,0.0,0.0,0.0,18.348108
1,C_scene,planning,155,-0.48109087,0.0,0.0,0.0,11.553873
1,C_scene,planning,156,-0.5212148,0.0,0.0,0.0,13.547688
1,C_scene,planning,157,-0.2835573,0.0,0.0,1.0,9.966405
1,C_scene,planning,158,-0.39769983,0.0,0.0,1.0,8.573185
1,C_scene,planning,159,-0.27610037,0.0,0.0,1.0,8.008901
1,C_scene,planning,160,-0.31272316,0.0,0.0,0.0,11.048654
1,C_scene,planning,161,-0.49183494,0.0,0.0,0.0,16.7928
1,C_scene,planning,162,-0.34978816,0.0,0.0,1.0,8.953568
1,C_scene,planning,163,-0.34157923,0.0,0.0,1.0,8.629889
1,C_scene,planning,164,-0.15774801,0.0,0.0,1.0,2.911491
1,C_scene,planning,165,-0.31763086,0.0,0.0,0.0,12.41572
1,C_scene,planning,166,-0.5229505,0.0,0.0,1.0,18.0704
1,C_scene,planning,167,-0.49429274,0.0,0.0,1.0,7.6366677
1,C_scene,planning,168,-0.34015435,0.0,0.0,1.0,9.9452505
1,C_scene,planning,169,-0.358775,0.0,0.0,1.0,12.396071
1,C_scene,planning,170,-0.056115046,0.0,0.15555555555555556,0.0,7.492003
1,C_scene,planning,171,-0.5873057,0.0,0.0,1.0,18.779844
1,C_scene,planning,172,-0.13245295,0.0,0.0,1.0,3.6243966
1,C_scene,planning,173,-0.3000452,0.0,0.0,1.0,13.055267
1,C_scene,planning,174,-0.6192673,0.0,0.0,0.0,20.307987
1,C_scene,planning,175,-0.49371642,0.0,0.0,0.0,14.659654
1,C_scene,planning,176,-0.7132894,0.0,0.0,0.0,20.261461
1,C_scene,planning,177,-0.4758591,0.0,0.0,1.0,9.890028
1,C_scene,planning,178,-0.3850513,0.0,0.0,1.0,7.510191
1,C_scene,planning,179,-0.38142213,0.0,0.0,1.0,10.203411
1,C_scene,planning,180,-0.57414883,0.0,0.0,0.0,19.329874
1,C_scene,planning,181,-0.5113753,0.0,0.0,1.0,17.40124
1,C_scene,planning,182,-0.4572686,0.0,0.0,0.0,18.49087
1,C_scene,planning,183,-0.524808,0.0,0.0,1.0,17.455957
1,C_scene,planning,184,-0.23341607,0.0,0.0,1.0,8.150798
1,C_scene,planning,185,-0.5364969,0.0,0.0,1.0,17.700298
1,C_scene,planning,186,-0.48903403,0.0,0.0,0.0,14.180233
1,C_scene,planning,187,-0.42002136,0.0,0.0,1.0,6.4767795
1,C_scene,planning,188,-0.62440866,0.0,0.0,0.0,15.564997
1,C_scene,planning,189,-0.6022847,0.0,0.0,0.0,17.681824
1,C_scene,planning,190,-0.21149857,0.0,0.0,1.0,8.309257
1,C_scene,planning,191,-0.29677352,0.0,0.0,1.0,8.00624
1,C_scene,planning,192,-0.32773492,0.0,0.0,0.0,10.813858
1,C_scene,planning,193,-0.3947049,0.0,0.0,0.0,10.912079
1,C_scene,planning,194,-0.2513002,0.0,0.0,0.0,15.509819
1,C_scene,planning,195,-0.20366588,0.0,0.0,1.0,7.7435255
1,C_scene,planning,196,-0.20913361,0.0,0.0,1.0,2.77454
1,C_scene,planning,197,-0.28424445,0.0,0.0,0.0,9.096878
1,C_scene,planning,198,-0.28647602,0.0,0.0,1.0,9.393772
1,C_scene,planning,199,-0.64223343,0.0,0.0,0.0,21.836077
1,D_latent,planning,0,-0.15076686,0.0,0.13333333333333333,1.0,3.0167618
1,D_latent,planning,1,-0.02450941,0.0,0.24444444444444444,1.0,3.4540572
1,D_latent,planning,2,-0.07965091,0.0,0.2222222222222222,1.0,3.2650492
1,D_latent,planning,3,-0.37898192,0.0,0.0,1.0,6.2599673
1,D_latent,planning,4,-0.33849156,0.0,0.0,1.0,11.32029
1,D_latent,planning,5,-0.3306359,0.0,0.0,1.0,3.8559327
1,D_latent,planning,6,-0.21233429,0.0,0.0,1.0,7.9608283
1,D_latent,planning,7,-0.170697,0.0,0.1111111111111111,1.0,1.6529951
1,D_latent,planning,8,-0.28117383,0.0,0.0,1.0,6.119469
1,D_latent,planning,9,-0.11505353,0.0,0.0,1.0,8.264231
1,D_latent,planning,10,-0.25289157,0.0,0.0,1.0,3.554523
1,D_latent,planning,11,0.0011487524,0.0,0.28888888888888886,1.0,2.1074789
1,D_latent,planning,12,-0.0058276956,0.0,0.26666666666666666,1.0,1.8888859
1,D_latent,planning,13,-0.19655524,0.0,0.0,1.0,4.6907444
1,D_latent,planning,14,-0.18143755,0.0,0.0,1.0,6.8125377
1,D_latent,planning,15,-0.3262414,0.0,0.0,1.0,3.423324
1,D_latent,planning,16,-0.3307891,0.0,0.0,1.0,9.108063
1,D_latent,planning,17,0.07054101,0.0,0.24444444444444444,1.0,2.6828816
1,D_latent,planning,18,0.049568467,1.0,0.4222222222222222,1.0,1.1697251
1,D_latent,planning,19,-0.20298842,1.0,0.17777777777777778,1.0,0.28509563
1,D_latent,planning,20,-0.13122721,1.0,0.24444444444444444,1.0,0.90386397
1,D_latent,planning,21,0.026368512,0.0,0.0,1.0,2.4892251
1,D_latent,planning,22,0.013981043,0.0,0.2,1.0,2.9117079
1,D_latent,planning,23,0.02064965,0.0,0.0,1.0,3.40345
1,D_latent,planning,24,-0.06717781,0.0,0.17777777777777778,1.0,4.1004915
1,D_latent,planning,25,-0.18693061,0.0,0.0,1.0,5.9110155
1,D_latent,planning,26,-0.27608368,0.0,0.0,1.0,4.0430655
1,D_latent,planning,27,-0.07751326,0.0,0.08888888888888889,1.0,4.7855277
1,D_latent,planning,28,-0.22668232,0.0,0.044444444444444446,1.0,7.1815767
1,D_latent,planning,29,-0.106242135,1.0,0.28888888888888886,1.0,1.453671
1,D_latent,planning,30,-0.30661765,0.0,0.0,1.0,6.594366
1,D_latent,planning,31,-0.20676519,0.0,0.0,1.0,5.8664303
1,D_latent,planning,32,-0.3043785,0.0,0.0,0.0,9.307975
1,D_latent,planning,33,-0.22231925,1.0,0.2222222222222222,1.0,0.88177794
1,D_latent,planning,34,-0.39827588,0.0,0.0,1.0,5.597216
1,D_latent,planning,35,-0.1876296,0.0,0.0,1.0,2.974716
1,D_latent,planning,36,-0.20123318,0.0,0.0,1.0,9.152462
1,D_latent,planning,37,-0.22672376,0.0,0.0,0.0,10.470566
1,D_latent,planning,38,-0.012530888,1.0,0.4222222222222222,1.0,0.48009452
1,D_latent,planning,39,-0.33434135,0.0,0.0,1.0,9.723491
1,D_latent,planning,40,-0.457273,0.0,0.0,1.0,8.314618
1,D_latent,planning,41,-0.23067787,0.0,0.0,1.0,5.6272383
1,D_latent,planning,42,-0.36025375,0.0,0.0,1.0,11.307382
1,D_latent,planning,43,-0.23217915,0.0,0.0,1.0,4.4797287
1,D_latent,planning,44,-0.15049721,0.0,0.0,1.0,4.7866
1,D_latent,planning,45,-0.13121217,0.0,0.0,1.0,4.323978
1,D_latent,planning,46,-0.17055668,0.0,0.0,1.0,5.130422
1,D_latent,planning,47,-0.29265532,0.0,0.0,1.0,10.854713
1,D_latent,planning,48,-0.26065993,0.0,0.0,1.0,4.7137513
1,D_latent,planning,49,-0.14210753,0.0,0.0,1.0,5.594125
1,D_latent,planning,50,-0.2491219,0.0,0.0,1.0,2.592743
1,D_latent,planning,51,-0.11645766,0.0,0.28888888888888886,1.0,1.8734723
1,D_latent,planning,52,-0.3092404,0.0,0.0,1.0,11.21092
1,D_latent,planning,53,-0.20261809,0.0,0.0,1.0,4.955822
1,D_latent,planning,54,-0.24916552,0.0,0.0,1.0,9.555371
1,D_latent,planning,55,-0.42385757,0.0,0.0,1.0,14.803701
1,D_latent,planning,56,-0.13028209,0.0,0.0,1.0,2.166964
1,D_latent,planning,57,-0.16050458,0.0,0.0,1.0,3.9887362
1,D_latent,planning,58,-0.035446033,0.0,0.0,1.0,1.910247
1,D_latent,planning,59,-0.048186813,0.0,0.15555555555555556,1.0,4.0325418
1,D_latent,planning,60,0.0011947912,0.0,0.13333333333333333,1.0,3.5201554
1,D_latent,planning,61,-0.21818489,0.0,0.0,1.0,3.828054
1,D_latent,planning,62,-0.12972552,1.0,0.3333333333333333,1.0,0.40456277
1,D_latent,planning,63,-0.30119208,0.0,0.0,1.0,8.304165
1,D_latent,planning,64,-0.21887055,0.0,0.044444444444444446,1.0,8.332191
1,D_latent,planning,65,-0.1449292,0.0,0.0,1.0,3.846273
1,D_latent,planning,66,0.018667458,0.0,0.2222222222222222,1.0,4.1569266
1,D_latent,planning,67,-0.18354382,0.0,0.0,1.0,6.432304
1,D_latent,planning,68,-0.02918,0.0,0.0,1.0,2.5962555
1,D_latent,planning,69,-0.22132637,0.0,0.0,0.0,8.125949
1,D_latent,planning,70,-0.1372957,0.0,0.0,1.0,2.0144784
1,D_latent,planning,71,-0.2676764,0.0,0.0,1.0,6.852895
1,D_latent,planning,72,-0.42043665,0.0,0.0,1.0,6.7914376
1,D_latent,planning,73,-0.0058827912,1.0,0.06666666666666667,1.0,1.3452281
1,D_latent,planning,74,-0.3167202,0.0,0.0,1.0,2.6722682
1,D_latent,planning,75,-0.30113375,0.0,0.0,1.0,3.8937962
1,D_latent,planning,76,-0.14048956,0.0,0.13333333333333333,1.0,2.8740578
1,D_latent,planning,77,-0.18253297,0.0,0.0,1.0,5.396456
1,D_latent,planning,78,-0.008675794,0.0,0.0,1.0,3.0803006
1,D_latent,planning,79,-0.28713194,0.0,0.0,1.0,11.240467
1,D_latent,planning,80,-0.052906837,0.0,0.08888888888888889,1.0,5.407965
1,D_latent,planning,81,-0.123801105,0.0,0.0,1.0,1.8176671
1,D_latent,planning,82,-0.000733006,1.0,0.28888888888888886,1.0,0.12881044
1,D_latent,planning,83,-0.24456044,0.0,0.0,1.0,7.349963
1,D_latent,planning,84,-0.36344317,0.0,0.0,0.0,12.735014
1,D_latent,planning,85,-0.13304202,0.0,0.0,1.0,3.317357
1,D_latent,planning,86,-0.2531426,0.0,0.0,1.0,7.4371915
1,D_latent,planning,87,-0.39184597,0.0,0.0,1.0,7.0234194
1,D_latent,planning,88,-0.45109797,0.0,0.0,1.0,16.073431
1,D_latent,planning,89,-0.17883146,0.0,0.0,1.0,4.26426
1,D_latent,planning,90,-0.25866482,0.0,0.0,0.0,7.743219
1,D_latent,planning,91,-0.04469077,0.0,0.17777777777777778,1.0,3.1511018
1,D_latent,planning,92,-0.47938454,0.0,0.0,1.0,4.0653753
1,D_latent,planning,93,-0.03637032,0.0,0.0,1.0,4.706014
1,D_latent,planning,94,0.023785189,0.0,0.28888888888888886,1.0,2.207335
1,D_latent,planning,95,-0.19686309,0.0,0.0,1.0,4.3304896
1,D_latent,planning,96,-0.24047449,0.0,0.0,1.0,7.8083296
1,D_latent,planning,97,-0.088355355,0.0,0.0,1.0,3.5453303
1,D_latent,planning,98,0.02177046,1.0,0.5111111111111111,1.0,1.3491884
1,D_latent,planning,99,-0.11371197,0.0,0.2222222222222222,1.0,2.2009068
1,D_latent,planning,100,-0.21715385,0.0,0.0,1.0,7.804391
1,D_latent,planning,101,-0.1280348,0.0,0.08888888888888889,1.0,7.0834928
1,D_latent,planning,102,-0.16706087,0.0,0.0,1.0,5.3794317
1,D_latent,planning,103,-0.18932253,0.0,0.0,1.0,6.970671
1,D_latent,planning,104,-0.2669092,0.0,0.0,0.0,9.072629
1,D_latent,planning,105,-0.30204093,0.0,0.0,1.0,4.9054475
1,D_latent,planning,106,-0.14334807,0.0,0.0,1.0,4.6889024
1,D_latent,planning,107,-0.16867273,0.0,0.0,1.0,3.2185364
1,D_latent,planning,108,0.033413216,0.0,0.26666666666666666,1.0,2.3576915
1,D_latent,planning,109,-0.13429181,0.0,0.0,1.0,3.8944876
1,D_latent,planning,110,-0.28043664,0.0,0.0,1.0,7.7457013
1,D_latent,planning,111,-0.25902826,0.0,0.0,1.0,8.13064
1,D_latent,planning,112,-0.10103284,0.0,0.08888888888888889,1.0,6.8181944
1,D_latent,planning,113,0.2166625,1.0,0.24444444444444444,1.0,1.3940039
1,D_latent,planning,114,-0.24443728,0.0,0.0,1.0,2.8608847
1,D_latent,planning,115,-0.20784523,0.0,0.0,1.0,4.6458883
1,D_latent,planning,116,-0.29817483,0.0,0.0,1.0,9.948791
1,D_latent,planning,117,-0.3645636,1.0,0.1111111111111111,1.0,1.3595471
1,D_latent,planning,118,0.2803106,0.0,0.6444444444444445,1.0,1.777528
1,D_latent,planning,119,-0.1332507,0.0,0.0,1.0,3.8170757
1,D_latent,planning,120,-0.35639432,0.0,0.0,1.0,12.348829
1,D_latent,planning,121,-0.3107421,0.0,0.0,1.0,6.0692563
1,D_latent,planning,122,-0.27893782,0.0,0.0,1.0,3.5617576
1,D_latent,planning,123,-0.14666027,0.0,0.0,1.0,5.8306108
1,D_latent,planning,124,-0.07566292,0.0,0.2,1.0,2.8849485
1,D_latent,planning,125,-0.14665598,0.0,0.0,1.0,3.5855467
1,D_latent,planning,126,-0.22186665,0.0,0.0,1.0,6.179506
1,D_latent,planning,127,-0.27118248,0.0,0.0,1.0,6.104672
1,D_latent,planning,128,-0.0015357756,0.0,0.0,1.0,2.6373727
1,D_latent,planning,129,-0.32925227,0.0,0.0,1.0,11.049007
1,D_latent,planning,130,-0.22060831,0.0,0.0,1.0,5.0354896
1,D_latent,planning,131,-0.08796309,0.0,0.0,1.0,2.3452353
1,D_latent,planning,132,0.048947826,0.0,0.022222222222222223,1.0,1.9533857
1,D_latent,planning,133,-0.19895904,0.0,0.0,1.0,6.461232
1,D_latent,planning,134,-0.22608627,0.0,0.0,1.0,5.759384
1,D_latent,planning,135,-0.26719305,0.0,0.0,1.0,4.122562
1,D_latent,planning,136,0.02830851,0.0,0.4,1.0,1.9617407
1,D_latent,planning,137,-0.37924555,0.0,0.0,1.0,12.266664
1,D_latent,planning,138,-0.072782695,0.0,0.26666666666666666,1.0,1.9427365
1,D_latent,planning,139,-0.27423775,0.0,0.0,1.0,10.395215
1,D_latent,planning,140,-0.1268131,0.0,0.0,1.0,2.6991274
1,D_latent,planning,141,0.009847214,1.0,0.35555555555555557,1.0,1.0553042
1,D_latent,planning,142,-0.05979282,0.0,0.3333333333333333,1.0,1.7359279
1,D_latent,planning,143,-0.27142474,0.0,0.0,1.0,5.8462696
1,D_latent,planning,144,-0.1686871,0.0,0.0,1.0,4.900385
1,D_latent,planning,145,-0.1784274,0.0,0.0,1.0,3.4776177
1,D_latent,planning,146,-0.10903953,0.0,0.0,1.0,2.429432
1,D_latent,planning,147,-0.21389116,0.0,0.0,1.0,7.888176
1,D_latent,planning,148,-0.29636234,0.0,0.0,1.0,7.2417083
1,D_latent,planning,149,-0.14439207,0.0,0.0,1.0,5.0505953
1,D_latent,planning,150,-0.22578657,0.0,0.0,1.0,4.448701
1,D_latent,planning,151,-0.4650669,0.0,0.0,0.0,17.56723
1,D_latent,planning,152,-0.14795782,0.0,0.0,1.0,4.4173174
1,D_latent,planning,153,-0.14595118,0.0,0.0,1.0,2.3987129
1,D_latent,planning,154,-0.2991638,0.0,0.0,1.0,6.603029
1,D_latent,planning,155,-0.2966874,0.0,0.0,1.0,7.2624283
1,D_latent,planning,156,-0.20228508,0.0,0.0,1.0,2.9959292
1,D_latent,planning,157,-0.21676812,0.0,0.0,1.0,7.611035
1,D_latent,planning,158,-0.30282962,0.0,0.0,1.0,7.472883
1,D_latent,planning,159,-0.23663741,0.0,0.0,1.0,6.0490737
1,D_latent,planning,160,-0.1650835,0.0,0.0,1.0,4.346133
1,D_latent,planning,161,-0.22250335,0.0,0.0,1.0,4.3630815
1,D_latent,planning,162,-0.19420658,0.0,0.0,1.0,5.5683203
1,D_latent,planning,163,-0.1721193,0.0,0.0,1.0,2.7496321
1,D_latent,planning,164,0.16523176,1.0,0.5333333333333333,1.0,1.3320719
1,D_latent,planning,165,-0.3653462,0.0,0.0,0.0,13.860947
1,D_latent,planning,166,-0.19893812,0.0,0.0,1.0,2.6978848
1,D_latent,planning,167,-0.3653466,0.0,0.0,1.0,7.1294427
1,D_latent,planning,168,0.039936144,0.0,0.26666666666666666,1.0,1.995003
1,D_latent,planning,169,-0.3539824,0.0,0.0,1.0,11.987707
1,D_latent,planning,170,-0.16245602,0.0,0.08888888888888889,0.0,10.291151
1,D_latent,planning,171,-0.30030957,0.0,0.0,1.0,5.772944
1,D_latent,planning,172,0.039074484,0.0,0.17777777777777778,1.0,4.2106514
1,D_latent,planning,173,-0.23792042,0.0,0.0,1.0,8.950397
1,D_latent,planning,174,-0.18697813,0.0,0.13333333333333333,1.0,3.4591277
1,D_latent,planning,175,-0.16035126,0.0,0.06666666666666667,1.0,5.335169
1,D_latent,planning,176,-0.30125183,0.0,0.0,1.0,4.010681
1,D_latent,planning,177,-0.2640087,0.0,0.0,1.0,4.0687065
1,D_latent,planning,178,-0.09009511,0.0,0.0,1.0,2.1274867
1,D_latent,planning,179,-0.08712615,0.0,0.0,1.0,3.1847756
1,D_latent,planning,180,-0.08477949,0.0,0.2,1.0,2.615122
1,D_latent,planning,181,-0.44208565,0.0,0.0,1.0,15.890951
1,D_latent,planning,182,-0.33944023,0.0,0.0,0.0,11.58018
1,D_latent,planning,183,-0.5506841,0.0,0.0,1.0,13.493305
1,D_latent,planning,184,-0.28745908,0.0,0.0,1.0,12.64135
1,D_latent,planning,185,-0.044918675,0.0,0.0,1.0,1.7428348
1,D_latent,planning,186,-0.15518916,0.0,0.08888888888888889,1.0,4.3026934
1,D_latent,planning,187,-0.0470855,0.0,0.2,1.0,1.7429707
1,D_latent,planning,188,-0.3076898,0.0,0.022222222222222223,1.0,5.1360774
1,D_latent,planning,189,-0.12799603,0.0,0.1111111111111111,1.0,3.6310475
1,D_latent,planning,190,0.01825863,0.0,0.0,1.0,3.1113071
1,D_latent,planning,191,-0.08614094,0.0,0.0,1.0,3.4351478
1,D_latent,planning,192,-0.13169889,0.0,0.0,1.0,4.254766
1,D_latent,planning,193,-0.08126164,0.0,0.0,1.0,2.334755
1,D_latent,planning,194,-0.1482001,0.0,0.0,1.0,7.7749343
1,D_latent,planning,195,-0.08465459,0.0,0.0,1.0,3.2550962
1,D_latent,planning,196,0.034744296,0.0,0.15555555555555556,1.0,2.5969536
1,D_latent,planning,197,0.06220444,1.0,0.37777777777777777,1.0,1.1453671
1,D_latent,planning,198,-0.11938626,0.0,0.0,1.0,1.6569219
1,D_latent,planning,199,-0.2771366,0.0,0.0,1.0,4.546483
2,A_recon,planning,0,-0.16099092,1.0,0.17777777777777778,1.0,1.1022494
2,A_recon,planning,1,0.018390642,1.0,0.4888888888888889,1.0,1.5381951
2,A_recon,planning,2,-0.3153941,0.0,0.0,1.0,7.161259
2,A_recon,planning,3,-0.38299018,0.0,0.0,1.0,6.1430035
2,A_recon,planning,4,-0.46219265,0.0,0.0,1.0,16.177206
2,A_recon,planning,5,-0.3518423,0.0,0.0,1.0,5.3754854
2,A_recon,planning,6,-0.28263432,0.0,0.0,0.0,13.500236
2,A_recon,planning,7,-0.33835208,0.0,0.0,1.0,5.632233
2,A_recon,planning,8,-0.21401535,0.0,0.0,1.0,5.7048073
2,A_recon,planning,9,0.077870965,0.0,0.3111111111111111,1.0,7.3911347
2,A_recon,planning,10,-0.32241407,0.0,0.0,1.0,5.661877
2,A_recon,planning,11,-0.1431501,0.0,0.0,1.0,5.5146217
2,A_recon,planning,12,-0.31078398,0.0,0.0,1.0,6.4116545
2,A_recon,planning,13,-0.24133994,0.0,0.0,1.0,5.1965494
2,A_recon,planning,14,-0.23582146,0.0,0.0,1.0,11.469245
2,A_recon,planning,15,-0.41381365,0.0,0.0,1.0,8.502987
2,A_recon,planning,16,-0.2486094,0.0,0.0,1.0,4.53788
2,A_recon,planning,17,-0.024450196,0.0,0.17777777777777778,1.0,5.8319383
2,A_recon,planning,18,-0.26557305,0.0,0.0,1.0,6.188248
2,A_recon,planning,19,-0.3122711,0.0,0.0,1.0,3.0202866
2,A_recon,planning,20,-0.17965437,0.0,0.0,1.0,2.3132615
2,A_recon,planning,21,-0.17978127,0.0,0.0,1.0,4.976763
2,A_recon,planning,22,-0.2701674,0.0,0.0,1.0,7.5770984
2,A_recon,planning,23,-0.04698245,0.0,0.0,1.0,2.7443318
2,A_recon,planning,24,-0.24170779,0.0,0.0,1.0,5.2719245
2,A_recon,planning,25,-0.18768857,0.0,0.0,1.0,5.03695
2,A_recon,planning,26,-0.33450294,0.0,0.0,1.0,6.8528085
2,A_recon,planning,27,0.032629237,0.0,0.3111111111111111,1.0,2.1881032
2,A_recon,planning,28,-0.08377148,0.0,0.17777777777777778,1.0,2.7111776
2,A_recon,planning,29,-0.22752932,0.0,0.0,1.0,4.072894
2,A_recon,planning,30,-0.522731,0.0,0.0,0.0,16.738846
2,A_recon,planning,31,-0.309376,0.0,0.0,1.0,11.270466
2,A_recon,planning,32,-0.03637265,1.0,0.28888888888888886,1.0,0.811071
2,A_recon,planning,33,-0.4339428,0.0,0.0,1.0,7.563072
2,A_recon,planning,34,-0.417556,0.0,0.0,1.0,6.023909
2,A_recon,planning,35,-0.25841174,0.0,0.0,1.0,5.3002143
2,A_recon,planning,36,-0.21432813,0.0,0.0,1.0,7.9930596
2,A_recon,planning,37,-0.20519447,0.0,0.0,1.0,7.9146028
2,A_recon,planning,38,-0.43202353,0.0,0.0,1.0,7.630744
2,A_recon,planning,39,-0.25662136,0.0,0.0,1.0,5.5130982
2,A_recon,planning,40,-0.4003565,0.0,0.0,1.0,4.853632
2,A_recon,planning,41,-0.3176197,0.0,0.0,1.0,9.04877
2,A_recon,planning,42,-0.3621469,0.0,0.0,1.0,11.338925
2,A_recon,planning,43,-0.30027518,0.0,0.0,1.0,7.2955375
2,A_recon,planning,44,-0.16728167,0.0,0.0,1.0,5.2756715
2,A_recon,planning,45,-0.22805333,0.0,0.0,1.0,5.9440246
2,A_recon,planning,46,-0.06039618,0.0,0.0,1.0,4.333631
2,A_recon,planning,47,-0.24227946,0.0,0.0,1.0,8.616375
2,A_recon,planning,48,-0.2720198,0.0,0.0,1.0,4.9301257
2,A_recon,planning,49,-0.23559514,0.0,0.0,1.0,11.049056
2,A_recon,planning,50,-0.45219976,0.0,0.0,1.0,12.804026
2,A_recon,planning,51,-0.36002487,0.0,0.0,1.0,5.988177
2,A_recon,planning,52,-0.33010605,0.0,0.0,1.0,12.542726
2,A_recon,planning,53,-0.2320374,0.0,0.0,1.0,5.642136
2,A_recon,planning,54,-0.018757507,0.0,0.1111111111111111,1.0,2.6274128
2,A_recon,planning,55,-0.46715388,0.0,0.0,1.0,15.702729
2,A_recon,planning,56,-0.36261046,0.0,0.0,1.0,10.951451
2,A_recon,planning,57,-0.21916069,0.0,0.0,1.0,5.2643895
2,A_recon,planning,58,-0.22943734,0.0,0.0,1.0,5.161618
2,A_recon,planning,59,-0.09493125,1.0,0.044444444444444446,1.0,1.4967451
2,A_recon,planning,60,0.11340828,0.0,0.4,1.0,1.6209272
2,A_recon,planning,61,-0.26682952,0.0,0.0,1.0,2.4619577
2,A_recon,planning,62,-0.31447226,1.0,0.022222222222222223,1.0,1.4914755
2,A_recon,planning,63,-0.22930862,0.0,0.0,1.0,2.6153004
2,A_recon,planning,64,-0.2862563,0.0,0.0,1.0,10.418482
2,A_recon,planning,65,-0.010458887,0.0,0.0,1.0,3.47321
2,A_recon,planning,66,-0.23838526,0.0,0.0,1.0,7.137844
2,A_recon,planning,67,-0.23378739,0.0,0.0,1.0,8.3545685
2,A_recon,planning,68,-0.20628111,0.0,0.0,1.0,5.253467
2,A_recon,planning,69,-0.1784206,0.0,0.0,1.0,5.3844
2,A_recon,planning,70,-0.21891959,0.0,0.0,1.0,3.7649307
2,A_recon,planning,71,-0.07618681,0.0,0.2,1.0,3.1620252
2,A_recon,planning,72,-0.39134327,0.0,0.0,1.0,6.446468
2,A_recon,planning,73,-0.21856798,0.0,0.0,1.0,8.772436
2,A_recon,planning,74,-0.3634941,0.0,0.0,1.0,3.6526072
2,A_recon,planning,75,-0.20409091,0.0,0.13333333333333333,1.0,1.898766
2,A_recon,planning,76,-0.35340992,0.0,0.0,1.0,4.7054663
2,A_recon,planning,77,-0.29740953,0.0,0.0,1.0,8.965641
2,A_recon,planning,78,-0.112514816,0.0,0.0,1.0,3.4481747
2,A_recon,planning,79,-0.2768831,0.0,0.0,1.0,4.167415
2,A_recon,planning,80,-0.08857341,0.0,0.0,1.0,4.135368
2,A_recon,planning,81,-0.33427078,0.0,0.0,1.0,8.293166
2,A_recon,planning,82,-0.21107619,0.0,0.0,1.0,4.1813335
2,A_recon,planning,83,-0.28757864,0.0,0.0,1.0,8.328791
2,A_recon,planning,84,-0.37862685,0.0,0.0,0.0,11.862391
2,A_recon,planning,85,-0.20052181,0.0,0.0,1.0,5.191357
2,A_recon,planning,86,-0.16735895,0.0,0.0,1.0,2.1344051
2,A_recon,planning,87,-0.37902543,0.0,0.0,1.0,4.6383014
2,A_recon,planning,88,-0.26014262,0.0,0.0,1.0,8.30988
2,A_recon,planning,89,-0.2736294,0.0,0.0,0.0,7.1092505
2,A_recon,planning,90,-0.24012575,0.0,0.0,1.0,5.6651745
2,A_recon,planning,91,-0.2769166,0.0,0.0,1.0,3.3128173
2,A_recon,planning,92,-0.44014308,0.0,0.0,1.0,1.9195634
2,A_recon,planning,93,0.07598408,0.0,0.24444444444444444,1.0,2.9635906
2,A_recon,planning,94,-0.20984995,0.0,0.0,1.0,2.6044617
2,A_recon,planning,95,-0.19930293,0.0,0.0,1.0,6.29098
2,A_recon,planning,96,-0.2531596,0.0,0.0,1.0,8.393227
2,A_recon,planning,97,-0.12756087,0.0,0.0,1.0,5.113777
2,A_recon,planning,98,-0.21284324,0.0,0.0,1.0,3.3094864
2,A_recon,planning,99,-0.44180048,0.0,0.0,1.0,10.302156
2,A_recon,planning,100,-0.2546804,0.0,0.0,0.0,8.411712
2,A_recon,planning,101,0.06914659,1.0,0.4222222222222222,1.0,0.4398984
2,A_recon,planning,102,-0.18066026,0.0,0.0,1.0,4.771992
2,A_recon,planning,103,-0.017725982,1.0,0.08888888888888889,1.0,1.207771
2,A_recon,planning,104,-0.33733666,0.0,0.0,0.0,11.761631
2,A_recon,planning,105,-0.37997615,0.0,0.0,1.0,12.151178
2,A_recon,planning,106,-0.24431355,0.0,0.0,1.0,7.4881353
2,A_recon,planning,107,-0.33066952,0.0,0.0,1.0,8.308217
2,A_recon,planning,108,-0.32877,0.0,0.0,1.0,5.7643785
2,A_recon,planning,109,-0.21635047,0.0,0.0,1.0,6.3830423
2,A_recon,planning,110,-0.27548817,0.0,0.0,1.0,6.537204
2,A_recon,planning,111,-0.1845428,0.0,0.0,1.0,2.2781045
2,A_recon,planning,112,0.13779956,1.0,0.5111111111111111,1.0,1.4884478
2,A_recon,planning,113,-0.11347083,0.0,0.0,1.0,7.599809
2,A_recon,planning,114,-0.27666175,0.0,0.0,1.0,3.0027926
2,A_recon,planning,115,-0.2913433,0.0,0.0,1.0,6.150717
2,A_recon,planning,116,-0.39544103,0.0,0.0,1.0,13.612711
2,A_recon,planning,117,-0.46286997,0.0,0.0,1.0,4.5621624
2,A_recon,planning,118,-0.13282058,0.0,0.0,1.0,8.732576
2,A_recon,planning,119,-0.21507128,0.0,0.0,0.0,8.08463
2,A_recon,planning,120,-0.31742206,0.0,0.0,1.0,5.164821
2,A_recon,planning,121,-0.4552835,0.0,0.0,1.0,12.657631
2,A_recon,planning,122,-0.29047486,0.0,0.0,1.0,3.5538702
2,A_recon,planning,123,-0.1462018,0.0,0.0,1.0,4.195803
2,A_recon,planning,124,-0.23567797,0.0,0.0,1.0,4.7556596
2,A_recon,planning,125,-0.24446175,0.0,0.0,1.0,3.316296
2,A_recon,planning,126,-0.27816755,0.0,0.0,1.0,7.1225123
2,A_recon,planning,127,-0.3510277,0.0,0.0,1.0,7.08414
2,A_recon,planning,128,-0.188301,0.0,0.0,1.0,5.641325
2,A_recon,planning,129,-0.41925603,0.0,0.0,1.0,15.366289
2,A_recon,planning,130,-0.3274023,0.0,0.0,1.0,8.238053
2,A_recon,planning,131,0.016336955,0.0,0.28888888888888886,1.0,1.7933009
2,A_recon,planning,132,-0.22676368,0.0,0.0,1.0,7.3591
2,A_recon,planning,133,-0.18406507,0.0,0.0,1.0,3.2443478
2,A_recon,planning,134,-0.1955363,0.0,0.0,1.0,4.709509
2,A_recon,planning,135,-0.1643024,0.0,0.0,1.0,1.7311764
2,A_recon,planning,136,-0.082485855,0.0,0.0,1.0,1.9344366
2,A_recon,planning,137,-0.4072847,0.0,0.0,1.0,12.763324
2,A_recon,planning,138,-0.41392797,0.0,0.0,1.0,8.712544
2,A_recon,planning,139,-0.076003544,0.0,0.0,1.0,3.0055318
2,A_recon,planning,140,-0.33186454,0.0,0.0,1.0,7.0299006
2,A_recon,planning,141,-0.24252273,0.0,0.0,1.0,3.5007524
2,A_recon,planning,142,-0.23524329,0.0,0.0,1.0,3.7320101
2,A_recon,planning,143,-0.24515498,0.0,0.0,1.0,5.6288047
2,A_recon,planning,144,-0.20796539,0.0,0.0,1.0,6.476397
2,A_recon,planning,145,-0.12057152,1.0,0.2,1.0,1.0455724
2,A_recon,planning,146,-0.23374245,0.0,0.0,1.0,5.1371264
2,A_recon,planning,147,-0.20094484,0.0,0.0,1.0,2.9943326
2,A_recon,planning,148,-0.34543687,0.0,0.0,1.0,8.044948
2,A_recon,planning,149,-0.10763146,0.0,0.0,1.0,3.4380176
2,A_recon,planning,150,0.00042667537,0.0,0.4666666666666667,1.0,2.2279596
2,A_recon,planning,151,-0.14774592,0.0,0.0,1.0,1.9972664
2,A_recon,planning,152,-0.2030325,0.0,0.0,1.0,5.09165
2,A_recon,planning,153,-0.21890861,0.0,0.0,1.0,3.920795
2,A_recon,planning,154,-0.2441866,0.0,0.0,1.0,6.5098224
2,A_recon,planning,155,-0.24504608,0.0,0.0,1.0,4.8594985
2,A_recon,planning,156,-0.17477955,0.0,0.0,1.0,3.20788
2,A_recon,planning,157,-0.26678172,0.0,0.0,1.0,10.25792
2,A_recon,planning,158,-0.39695588,0.0,0.0,1.0,7.800092
2,A_recon,planning,159,0.01643941,1.0,0.3111111111111111,1.0,0.9099428
2,A_recon,planning,160,-0.24340257,0.0,0.0,1.0,5.6248536
2,A_recon,planning,161,-0.3810725,0.0,0.0,1.0,11.371751
2,A_recon,planning,162,-0.1706973,0.0,0.0,1.0,3.0266242
2,A_recon,planning,163,-0.20391814,0.0,0.0,1.0,3.9207954
2,A_recon,planning,164,-0.06570349,0.0,0.0,1.0,3.2921774
2,A_recon,planning,165,-0.3160772,0.0,0.0,0.0,11.146501
2,A_recon,planning,166,-0.39791578,0.0,0.0,1.0,10.743091
2,A_recon,planning,167,-0.4567699,0.0,0.0,1.0,10.355244
2,A_recon,planning,168,-0.33895084,0.0,0.0,1.0,10.47794
2,A_recon,planning,169,-0.3544785,0.0,0.0,1.0,11.045959
2,A_recon,planning,170,-0.0866945,0.0,0.1111111111111111,1.0,3.6771235
2,A_recon,planning,171,-0.30433843,0.0,0.0,1.0,4.6676793
2,A_recon,planning,172,-0.23793964,0.0,0.0,1.0,9.658158
2,A_recon,planning,173,-0.2087551,0.0,0.0,1.0,6.302675
2,A_recon,planning,174,-0.37069955,0.0,0.0,1.0,10.391557
2,A_recon,planning,175,-0.18540448,0.0,0.0,1.0,1.8230368
2,A_recon,planning,176,-0.20872542,0.0,0.17777777777777778,1.0,1.9811844
2,A_recon,planning,177,-0.0878785,1.0,0.3111111111111111,1.0,1.3915901
2,A_recon,planning,178,-0.16803268,0.0,0.0,1.0,2.8176353
2,A_recon,planning,179,-0.240385,0.0,0.0,1.0,5.9775805
2,A_recon,planning,180,-0.24323584,0.0,0.0,1.0,4.415691
2,A_recon,planning,181,-0.36217722,0.0,0.0,1.0,11.764828
2,A_recon,planning,182,-0.34879443,0.0,0.0,0.0,10.916752
2,A_recon,planning,183,-0.3210955,0.0,0.0,1.0,7.3280463
2,A_recon,planning,184,-0.29187992,0.0,0.0,1.0,12.5570965
2,A_recon,planning,185,-0.23657091,0.0,0.0,1.0,4.25115
2,A_recon,planning,186,-0.31117597,0.0,0.0,1.0,7.2820916
2,A_recon,planning,187,-0.2993757,0.0,0.0,1.0,5.5128207
2,A_recon,planning,188,-0.30936205,0.0,0.0,1.0,2.6622097
2,A_recon,planning,189,-0.09335844,0.0,0.0,1.0,2.4228957
2,A_recon,planning,190,0.03303434,0.0,0.0,1.0,2.9478304
2,A_recon,planning,191,-0.30896124,0.0,0.0,1.0,11.365718
2,A_recon,planning,192,-0.18726318,0.0,0.0,1.0,4.5782714
2,A_recon,planning,193,-0.2079532,0.0,0.0,1.0,3.9406526
2,A_recon,planning,194,0.0806388,0.0,0.1111111111111111,1.0,2.7189305
2,A_recon,planning,195,-0.16097218,0.0,0.0,1.0,6.11773
2,A_recon,planning,196,-0.24735796,0.0,0.0,1.0,5.311975
2,A_recon,planning,197,0.00032818582,0.0,0.17777777777777778,1.0,4.6623573
2,A_recon,planning,198,-0.19142273,0.0,0.0,1.0,3.2204535
2,A_recon,planning,199,-0.369542,0.0,0.0,1.0,7.956286
2,B_task,planning,0,-0.5593579,0.0,0.0,0.0,16.427261
2,B_task,planning,1,-0.42172262,0.0,0.0,0.0,12.488391
2,B_task,planning,2,-0.5802411,0.0,0.0,0.0,19.203093
2,B_task,planning,3,-0.8064326,0.0,0.0,0.0,25.071918
2,B_task,planning,4,-0.4712356,0.0,0.0,1.0,13.056445
2,B_task,planning,5,-0.7008523,0.0,0.0,0.0,21.063538
2,B_task,planning,6,-0.30559295,0.0,0.0,1.0,13.84996
2,B_task,planning,7,-0.77642137,0.0,0.0,0.0,24.041147
2,B_task,planning,8,-0.40026805,0.0,0.0,0.0,13.520284
2,B_task,planning,9,0.025056351,0.0,0.2,1.0,4.900865
2,B_task,planning,10,-0.59234667,0.0,0.0,0.0,21.734266
2,B_task,planning,11,-0.53804576,0.0,0.0,0.0,16.20513
2,B_task,planning,12,-0.47596312,0.0,0.0,0.0,15.222181
2,B_task,planning,13,-0.41630906,0.0,0.0,1.0,16.701942
2,B_task,planning,14,0.08436741,0.0,0.3111111111111111,1.0,1.6927195
2,B_task,planning,15,-0.79861486,0.0,0.0,0.0,25.475985
2,B_task,planning,16,-0.51135904,0.0,0.0,0.0,16.989677
2,B_task,planning,17,-0.20422573,0.0,0.0,1.0,5.0860186
2,B_task,planning,18,-0.45712173,0.0,0.0,0.0,15.278952
2,B_task,planning,19,-0.70357054,0.0,0.0,1.0,22.961721
2,B_task,planning,20,-0.63401425,0.0,0.0,0.0,21.948069
2,B_task,planning,21,-0.29545176,0.0,0.0,1.0,7.461766
2,B_task,planning,22,-0.3669833,0.0,0.0,1.0,14.096269
2,B_task,planning,23,-0.22207683,0.0,0.0,1.0,8.634376
2,B_task,planning,24,-0.4828211,0.0,0.0,0.0,12.609143
2,B_task,planning,25,-0.42834908,0.0,0.0,1.0,10.165024
2,B_task,planning,26,-0.64269066,0.0,0.0,0.0,23.113585
2,B_task,planning,27,-0.30207086,0.0,0.0,1.0,5.728712
2,B_task,planning,28,-0.45075324,0.0,0.0,1.0,11.366244
2,B_task,planning,29,-0.640046,0.0,0.0,0.0,20.568956
2,B_task,planning,30,-0.64248407,0.0,0.0,0.0,25.709644
2,B_task,planning,31,-0.49721083,0.0,0.0,0.0,15.386994
2,B_task,planning,32,-0.52953744,0.0,0.0,1.0,14.893924
2,B_task,planning,33,-0.77867764,0.0,0.0,0.0,25.835062
2,B_task,planning,34,-0.9325162,0.0,0.0,0.0,29.247482
2,B_task,planning,35,-0.6497339,0.0,0.0,0.0,22.881067
2,B_task,planning,36,-0.23768349,0.0,0.0,1.0,7.5771427
2,B_task,planning,37,-0.26629555,0.0,0.0,0.0,13.93193
2,B_task,planning,38,-0.6502849,0.0,0.0,0.0,19.17307
2,B_task,planning,39,-0.5450893,0.0,0.0,0.0,13.332952
2,B_task,planning,40,-0.7350104,0.0,0.0,0.0,21.160658
2,B_task,planning,41,-0.5862938,0.0,0.0,0.0,20.475487
2,B_task,planning,42,-0.5383293,0.0,0.0,0.0,21.37006
2,B_task,planning,43,-0.46871257,0.0,0.0,1.0,14.35309
2,B_task,planning,44,-0.21507479,0.0,0.0,1.0,4.32793
2,B_task,planning,45,-0.38752946,0.0,0.0,1.0,13.725182
2,B_task,planning,46,-0.26227316,0.0,0.0,1.0,9.22609
2,B_task,planning,47,-0.37580872,0.0,0.0,1.0,15.403547
2,B_task,planning,48,-0.59021276,0.0,0.0,0.0,19.181355
2,B_task,planning,49,-0.25613892,0.0,0.0,1.0,6.518264
2,B_task,planning,50,-0.6622807,0.0,0.0,0.0,19.760593
2,B_task,planning,51,-0.7448281,0.0,0.0,1.0,22.95014
2,B_task,planning,52,-0.41445568,0.0,0.0,0.0,17.717598
2,B_task,planning,53,-0.4483947,0.0,0.0,1.0,13.701513
2,B_task,planning,54,-0.24665083,0.0,0.0,1.0,5.591621
2,B_task,planning,55,-0.5121067,0.0,0.0,1.0,18.780075
2,B_task,planning,56,-0.54328305,0.0,0.0,0.0,21.14118
2,B_task,planning,57,-0.43974856,0.0,0.0,0.0,17.50565
2,B_task,planning,58,-0.38640562,0.0,0.0,0.0,9.633532
2,B_task,planning,59,-0.33451554,0.0,0.0,1.0,7.9553323
2,B_task,planning,60,-0.2493344,0.0,0.0,1.0,7.288967
2,B_task,planning,61,-0.61737376,0.0,0.0,0.0,22.018402
2,B_task,planning,62,-0.79712903,0.0,0.0,0.0,24.25758
2,B_task,planning,63,-0.4947706,0.0,0.0,0.0,13.027201
2,B_task,planning,64,-0.25354007,0.0,0.0,1.0,2.6304517
2,B_task,planning,65,-0.2099378,0.0,0.0,1.0,8.755308
2,B_task,planning,66,-0.3271465,0.0,0.0,0.0,11.017568
2,B_task,planning,67,-0.31650442,0.0,0.0,1.0,8.544066
2,B_task,planning,68,-0.24441542,0.0,0.0,1.0,5.592223
2,B_task,planning,69,-0.25266153,0.0,0.0,0.0,10.754076
2,B_task,planning,70,-0.4201641,0.0,0.0,0.0,16.229815
2,B_task,planning,71,-0.55223775,0.0,0.0,0.0,15.861788
2,B_task,planning,72,-0.8547172,0.0,0.0,0.0,26.870695
2,B_task,planning,73,-0.2269929,0.0,0.0,1.0,9.549596
2,B_task,planning,74,-0.7289949,0.0,0.0,0.0,20.982967
2,B_task,planning,75,-0.72192186,0.0,0.0,0.0,25.77584
2,B_task,planning,76,-0.6535058,0.0,0.0,0.0,22.333635
2,B_task,planning,77,-0.343976,0.0,0.0,1.0,6.4852843
2,B_task,planning,78,-0.28439033,0.0,0.0,0.0,10.318211
2,B_task,planning,79,-0.5500017,0.0,0.0,0.0,16.873966
2,B_task,planning,80,0.08151057,0.0,0.26666666666666666,1.0,4.143803
2,B_task,planning,81,-0.47259733,0.0,0.0,1.0,16.097397
2,B_task,planning,82,-0.36811236,0.0,0.0,0.0,9.120804
2,B_task,planning,83,-0.33062372,0.0,0.0,0.0,8.850911
2,B_task,planning,84,-0.4640225,0.0,0.0,0.0,16.032804
2,B_task,planning,85,-0.5169173,0.0,0.0,0.0,17.74886
2,B_task,planning,86,-0.57430655,0.0,0.0,0.0,17.219334
2,B_task,planning,87,-0.7491556,0.0,0.0,0.0,25.466345
2,B_task,planning,88,-0.38222322,0.0,0.0,1.0,12.821666
2,B_task,planning,89,-0.47618708,0.0,0.0,0.0,19.034298
2,B_task,planning,90,-0.37036896,0.0,0.0,0.0,13.160305
2,B_task,planning,91,-0.46892437,0.0,0.0,0.0,17.191463
2,B_task,planning,92,-0.9945339,0.0,0.0,0.0,31.006275
2,B_task,planning,93,-0.19858648,0.0,0.0,1.0,7.844915
2,B_task,planning,94,-0.41122526,0.0,0.0,1.0,14.210224
2,B_task,planning,95,-0.2742965,0.0,0.0,1.0,15.602951
2,B_task,planning,96,-0.30338335,0.0,0.0,1.0,12.277708
2,B_task,planning,97,-0.16458997,0.0,0.0,1.0,5.748865
2,B_task,planning,98,-0.5233921,0.0,0.0,1.0,14.968125
2,B_task,planning,99,-0.62139267,0.0,0.0,0.0,21.497751
2,B_task,planning,100,-0.2744683,0.0,0.0,0.0,13.001535
2,B_task,planning,101,-0.28194985,0.0,0.0,0.0,7.2851048
2,B_task,planning,102,-0.4238916,0.0,0.0,0.0,12.251462
2,B_task,planning,103,-0.20067927,0.0,0.0,1.0,5.747214
2,B_task,planning,104,-0.5272605,0.0,0.0,0.0,22.27729
2,B_task,planning,105,-0.51801807,0.0,0.0,0.0,14.236111
2,B_task,planning,106,-0.40757608,0.0,0.0,0.0,14.359485
2,B_task,planning,107,-0.62442863,0.0,0.0,0.0,25.05365
2,B_task,planning,108,-0.5278277,0.0,0.0,0.0,19.373278
2,B_task,planning,109,-0.12058012,0.0,0.0,1.0,2.5484235
2,B_task,planning,110,-0.45399302,0.0,0.0,0.0,11.517935
2,B_task,planning,111,-0.4977328,0.0,0.0,0.0,15.152346
2,B_task,planning,112,-0.15020901,0.0,0.0,1.0,3.6260066
2,B_task,planning,113,-0.06791427,0.0,0.0,1.0,2.555534
2,B_task,planning,114,-0.68054354,0.0,0.0,0.0,22.247631
2,B_task,planning,115,-0.42230633,0.0,0.0,0.0,14.982778
2,B_task,planning,116,-0.43379933,0.0,0.0,1.0,14.534576
2,B_task,planning,117,-0.8204665,0.0,0.0,0.0,22.057436
2,B_task,planning,118,0.1383676,0.0,0.3111111111111111,1.0,4.115396
2,B_task,planning,119,-0.3396962,0.0,0.0,1.0,10.833744
2,B_task,planning,120,-0.48173583,0.0,0.0,1.0,17.372042
2,B_task,planning,121,-0.5548186,0.0,0.0,1.0,18.508308
2,B_task,planning,122,-0.7412436,0.0,0.0,1.0,21.995502
2,B_task,planning,123,-0.35106254,0.0,0.0,1.0,11.786211
2,B_task,planning,124,-0.5683889,0.0,0.0,0.0,16.020145
2,B_task,planning,125,-0.48217615,0.0,0.0,0.0,15.020282
2,B_task,planning,126,-0.4719904,0.0,0.0,0.0,15.315664
2,B_task,planning,127,-0.5082541,0.0,0.0,0.0,17.154877
2,B_task,planning,128,-0.26786685,0.0,0.0,1.0,10.628012
2,B_task,planning,129,-0.46892628,0.0,0.0,1.0,13.301529
2,B_task,planning,130,-0.49666083,0.0,0.0,0.0,18.493614
2,B_task,planning,131,-0.6396057,0.0,0.0,0.0,22.14155
2,B_task,planning,132,-0.22136375,0.0,0.0,1.0,4.43875
2,B_task,planning,133,-0.36077878,0.0,0.0,1.0,13.831935
2,B_task,planning,134,-0.36291283,0.0,0.0,1.0,13.453568
2,B_task,planning,135,-0.5610143,0.0,0.0,0.0,18.349941
2,B_task,planning,136,-0.49575135,0.0,0.0,1.0,17.414476
2,B_task,planning,137,-0.45993808,0.0,0.0,1.0,17.017742
2,B_task,planning,138,-0.683597,0.0,0.0,1.0,20.500639
2,B_task,planning,139,-0.27919197,0.0,0.0,1.0,9.396552
2,B_task,planning,140,-0.54453313,0.0,0.0,1.0,12.430282
2,B_task,planning,141,-0.56205916,0.0,0.0,0.0,17.920172
2,B_task,planning,142,-0.5568732,0.0,0.0,0.0,16.268703
2,B_task,planning,143,-0.46851498,0.0,0.0,1.0,18.05738
2,B_task,planning,144,-0.27309102,0.0,0.0,1.0,6.772106
2,B_task,planning,145,-0.5780762,0.0,0.0,0.0,19.345322
2,B_task,planning,146,-0.40924716,0.0,0.0,1.0,10.140146
2,B_task,planning,147,-0.25968266,0.0,0.0,1.0,11.011234
2,B_task,planning,148,-0.5790932,0.0,0.0,0.0,19.27377
2,B_task,planning,149,-0.21234843,0.0,0.0,1.0,6.060374
2,B_task,planning,150,-0.7152586,0.0,0.0,0.0,22.305092
2,B_task,planning,151,-0.49350712,0.0,0.0,0.0,19.079103
2,B_task,planning,152,-0.3509971,0.0,0.0,1.0,10.217482
2,B_task,planning,153,-0.4302311,0.0,0.0,0.0,15.7903805
2,B_task,planning,154,-0.5876757,0.0,0.0,0.0,21.66449
2,B_task,planning,155,-0.64720744,0.0,0.0,0.0,21.736439
2,B_task,planning,156,-0.5824931,0.0,0.0,0.0,17.284576
2,B_task,planning,157,-0.29387888,0.0,0.0,1.0,8.941703
2,B_task,planning,158,-0.5836551,0.0,0.0,0.0,15.843686
2,B_task,planning,159,-0.28431308,0.0,0.0,1.0,5.3679447
2,B_task,planning,160,-0.42065573,0.0,0.0,0.0,18.818039
2,B_task,planning,161,-0.57837254,0.0,0.0,0.0,20.219126
2,B_task,planning,162,-0.486068,0.0,0.0,0.0,16.892113
2,B_task,planning,163,-0.4262361,0.0,0.0,1.0,11.53911
2,B_task,planning,164,-0.26045612,0.0,0.0,1.0,10.595462
2,B_task,planning,165,-0.40708897,0.0,0.0,0.0,17.296455
2,B_task,planning,166,-0.5580961,0.0,0.0,1.0,19.945528
2,B_task,planning,167,-0.69018066,0.0,0.0,0.0,18.373112
2,B_task,planning,168,-0.4329555,0.0,0.0,1.0,15.974584
2,B_task,planning,169,-0.34285256,0.0,0.0,1.0,8.584396
2,B_task,planning,170,-0.11254944,0.0,0.1111111111111111,0.0,10.098178
2,B_task,planning,171,-0.64219373,0.0,0.0,1.0,18.571226
2,B_task,planning,172,-0.14226185,0.0,0.0,1.0,3.6399174
2,B_task,planning,173,-0.30151048,0.0,0.0,1.0,10.281274
2,B_task,planning,174,-0.67007744,0.0,0.0,0.0,22.82143
2,B_task,planning,175,-0.64412934,0.0,0.0,0.0,20.835636
2,B_task,planning,176,-0.854199,0.0,0.0,0.0,28.310528
2,B_task,planning,177,-0.7388912,0.0,0.0,0.0,25.862091
2,B_task,planning,178,-0.564126,0.0,0.0,0.0,19.176632
2,B_task,planning,179,-0.42664036,0.0,0.0,1.0,11.109248
2,B_task,planning,180,-0.6019135,0.0,0.0,0.0,20.765818
2,B_task,planning,181,-0.48460963,0.0,0.0,1.0,16.111483
2,B_task,planning,182,-0.3515537,0.0,0.0,0.0,10.481786
2,B_task,planning,183,-0.623587,0.0,0.0,1.0,23.038103
2,B_task,planning,184,-0.33632165,0.0,0.0,1.0,14.028705
2,B_task,planning,185,-0.47651923,0.0,0.0,1.0,13.492566
2,B_task,planning,186,-0.48497343,0.0,0.0,0.0,12.531485
2,B_task,planning,187,-0.5706913,0.0,0.0,0.0,15.825912
2,B_task,planning,188,-0.7689209,0.0,0.0,0.0,23.140865
2,B_task,planning,189,-0.5842173,0.0,0.0,0.0,17.088049
2,B_task,planning,190,0.097881064,1.0,0.28888888888888886,1.0,1.5179247
2,B_task,planning,191,-0.28772372,0.0,0.0,1.0,9.754206
2,B_task,planning,192,-0.43257913,0.0,0.0,0.0,16.41706
2,B_task,planning,193,-0.4419689,0.0,0.0,0.0,14.010319
2,B_task,planning,194,-0.19145699,0.0,0.0,1.0,7.69675
2,B_task,planning,195,-0.18288152,0.0,0.0,1.0,7.8782177
2,B_task,planning,196,-0.36371806,0.0,0.0,1.0,12.683414
2,B_task,planning,197,-0.2530313,0.0,0.0,1.0,7.5348716
2,B_task,planning,198,-0.39929694,0.0,0.0,1.0,11.401227
2,B_task,planning,199,-0.60475266,0.0,0.0,0.0,18.990633
2,C_scene,planning,0,-0.60979986,0.0,0.0,1.0,16.38294
2,C_scene,planning,1,-0.40765572,0.0,0.0,1.0,10.860256
2,C_scene,planning,2,-0.64051574,0.0,0.0,0.0,21.14188
2,C_scene,planning,3,-0.7781211,0.0,0.0,0.0,24.78707
2,C_scene,planning,4,-0.496887,0.0,0.0,1.0,16.526152
2,C_scene,planning,5,-0.69400114,0.0,0.0,0.0,22.33079
2,C_scene,planning,6,-0.19824249,0.0,0.0,1.0,8.943395
2,C_scene,planning,7,-0.75322586,0.0,0.0,0.0,24.060217
2,C_scene,planning,8,-0.41641057,0.0,0.0,1.0,8.249268
2,C_scene,planning,9,0.0072051864,0.0,0.0,1.0,2.2718418
2,C_scene,planning,10,-0.5098954,0.0,0.0,0.0,14.934776
2,C_scene,planning,11,-0.4717917,0.0,0.0,0.0,18.274904
2,C_scene,planning,12,-0.4045302,0.0,0.0,1.0,9.482699
2,C_scene,planning,13,-0.30424497,0.0,0.0,1.0,9.273176
2,C_scene,planning,14,-0.23235631,0.0,0.0,1.0,8.968081
2,C_scene,planning,15,-0.77997947,0.0,0.0,0.0,23.05659
2,C_scene,planning,16,-0.50519097,0.0,0.0,1.0,15.04923
2,C_scene,planning,17,-0.1505942,0.0,0.0,1.0,3.3957646
2,C_scene,planning,18,-0.38082823,0.0,0.0,0.0,12.036531
2,C_scene,planning,19,-0.6133918,0.0,0.0,1.0,13.950198
2,C_scene,planning,20,-0.74866545,0.0,0.0,0.0,26.201223
2,C_scene,planning,21,-0.3106316,0.0,0.0,0.0,11.40801
2,C_scene,planning,22,-0.31567618,0.0,0.0,1.0,9.649032
2,C_scene,planning,23,-0.25284022,0.0,0.0,1.0,8.3096485
2,C_scene,planning,24,-0.513212,0.0,0.0,0.0,17.240108
2,C_scene,planning,25,-0.4725695,0.0,0.0,1.0,16.795664
2,C_scene,planning,26,-0.5467578,0.0,0.0,0.0,14.49688
2,C_scene,planning,27,-0.33361408,0.0,0.0,0.0,9.54692
2,C_scene,planning,28,-0.54616785,0.0,0.0,0.0,15.161741
2,C_scene,planning,29,-0.6263738,0.0,0.0,0.0,18.85392
2,C_scene,planning,30,-0.64395213,0.0,0.0,0.0,21.052794
2,C_scene,planning,31,-0.56902754,0.0,0.0,0.0,18.641142
2,C_scene,planning,32,-0.58522755,0.0,0.0,1.0,19.297249
2,C_scene,planning,33,-0.67558706,0.0,0.0,0.0,18.818098
2,C_scene,planning,34,-0.9056451,0.0,0.0,0.0,29.115448
2,C_scene,planning,35,-0.5627986,0.0,0.0,0.0,20.599293
2,C_scene,planning,36,-0.18382975,0.0,0.0,1.0,9.063172
2,C_scene,planning,37,-0.27892163,0.0,0.0,0.0,15.188086
2,C_scene,planning,38,-0.61725456,0.0,0.0,0.0,19.982431
2,C_scene,planning,39,-0.5804494,0.0,0.0,0.0,16.032045
2,C_scene,planning,40,-0.79495114,0.0,0.0,0.0,25.811996
2,C_scene,planning,41,-0.53679603,0.0,0.0,0.0,21.487225
2,C_scene,planning,42,-0.4771276,0.0,0.0,0.0,16.02893
2,C_scene,planning,43,-0.4602776,0.0,0.0,0.0,15.417032
2,C_scene,planning,44,-0.23017326,0.0,0.0,1.0,7.9657354
2,C_scene,planning,45,-0.3449501,0.0,0.0,1.0,8.399167
2,C_scene,planning,46,-0.31945136,0.0,0.0,1.0,8.59347
2,C_scene,planning,47,-0.3503858,0.0,0.0,1.0,13.052147
2,C_scene,planning,48,-0.6528829,0.0,0.0,0.0,25.67589
2,C_scene,planning,49,-0.27570102,0.0,0.0,1.0,7.7932186
2,C_scene,planning,50,-0.6558487,0.0,0.0,0.0,19.668777
2,C_scene,planning,51,-0.7410828,0.0,0.0,1.0,24.691694
2,C_scene,planning,52,-0.2824884,0.0,0.0,1.0,10.876439
2,C_scene,planning,53,-0.42172584,0.0,0.0,1.0,16.299425
2,C_scene,planning,54,-0.24626376,0.0,0.0,1.0,3.0181828
2,C_scene,planning,55,-0.42940634,0.0,0.0,1.0,14.052827
2,C_scene,planning,56,-0.5928831,0.0,0.0,0.0,20.876995
2,C_scene,planning,57,-0.3297686,0.0,0.0,0.0,9.562675
2,C_scene,planning,58,-0.456912,0.0,0.0,0.0,18.4463
2,C_scene,planning,59,-0.39517492,0.0,0.0,1.0,10.013046
2,C_scene,planning,60,-0.13426334,0.0,0.0,1.0,3.3924599
2,C_scene,planning,61,-0.5528197,0.0,0.0,1.0,15.37985
2,C_scene,planning,62,-0.77953845,0.0,0.0,0.0,25.914251
2,C_scene,planning,63,-0.523349,0.0,0.0,0.0,17.691113
2,C_scene,planning,64,-0.36463013,0.0,0.0,1.0,6.7416453
2,C_scene,planning,65,-0.2528804,0.0,0.0,1.0,7.4432526
2,C_scene,planning,66,-0.4103611,0.0,0.0,0.0,14.726236
2,C_scene,planning,67,-0.2991555,0.0,0.0,0.0,10.664259
2,C_scene,planning,68,-0.29024178,0.0,0.0,0.0,10.763152
2,C_scene,planning,69,-0.2964018,0.0,0.0,0.0,9.981113
2,C_scene,planning,70,-0.31823248,0.0,0.0,1.0,12.14651
2,C_scene,planning,71,-0.41754562,0.0,0.0,0.0,12.544898
2,C_scene,planning,72,-0.8496788,0.0,0.0,0.0,26.964802
2,C_scene,planning,73,-0.26473922,0.0,0.0,1.0,9.557412
2,C_scene,planning,74,-0.7444462,0.0,0.0,0.0,24.194357
2,C_scene,planning,75,-0.8370191,0.0,0.0,0.0,28.946888
2,C_scene,planning,76,-0.63750494,0.0,0.0,0.0,17.306591
2,C_scene,planning,77,-0.42988867,0.0,0.0,0.0,13.700658
2,C_scene,planning,78,-0.17897265,0.0,0.0,1.0,6.316679
2,C_scene,planning,79,-0.65487474,0.0,0.0,0.0,22.276993
2,C_scene,planning,80,-0.22829778,0.0,0.0,0.0,8.577464
2,C_scene,planning,81,-0.38849482,0.0,0.0,1.0,10.484178
2,C_scene,planning,82,-0.50275236,0.0,0.0,0.0,16.069252
2,C_scene,planning,83,-0.37603977,0.0,0.0,0.0,14.929934
2,C_scene,planning,84,-0.5324612,0.0,0.0,0.0,21.122513
2,C_scene,planning,85,-0.3664843,0.0,0.0,1.0,7.006598
2,C_scene,planning,86,-0.46871668,0.0,0.0,0.0,16.698196
2,C_scene,planning,87,-0.7918792,0.0,0.0,0.0,23.265886
2,C_scene,planning,88,-0.30999565,0.0,0.0,1.0,11.777447
2,C_scene,planning,89,-0.40299818,0.0,0.0,0.0,12.368953
2,C_scene,planning,90,-0.43312237,0.0,0.0,0.0,17.790943
2,C_scene,planning,91,-0.46128935,0.0,0.0,1.0,14.4942255
2,C_scene,planning,92,-1.0035914,0.0,0.0,0.0,27.938951
2,C_scene,planning,93,-0.27562886,0.0,0.0,1.0,8.353456
2,C_scene,planning,94,-0.4769788,0.0,0.0,1.0,16.900045
2,C_scene,planning,95,-0.20756419,0.0,0.0,1.0,7.608339
2,C_scene,planning,96,-0.19828174,0.0,0.0,1.0,5.865725
2,C_scene,planning,97,-0.31564087,0.0,0.0,0.0,11.308481
2,C_scene,planning,98,-0.5303306,0.0,0.0,1.0,18.492872
2,C_scene,planning,99,-0.58941764,0.0,0.0,0.0,15.858309
2,C_scene,planning,100,-0.22026397,0.0,0.0,0.0,8.086416
2,C_scene,planning,101,-0.22295645,0.0,0.0,1.0,5.160849
2,C_scene,planning,102,-0.40930328,0.0,0.0,0.0,14.167528
2,C_scene,planning,103,-0.16727492,0.0,0.0,1.0,6.5581656
2,C_scene,planning,104,-0.47179636,0.0,0.0,0.0,20.508558
2,C_scene,planning,105,-0.627506,0.0,0.0,0.0,18.956066
2,C_scene,planning,106,-0.4018583,0.0,0.0,0.0,17.006767
2,C_scene,planning,107,-0.5520594,0.0,0.0,0.0,18.181795
2,C_scene,planning,108,-0.3520486,0.0,0.0,1.0,10.195066
2,C_scene,planning,109,-0.20031963,0.0,0.0,1.0,3.2295659
2,C_scene,planning,110,-0.45693058,0.0,0.0,1.0,13.196103
2,C_scene,planning,111,-0.49422595,0.0,0.0,0.0,18.851658
2,C_scene,planning,112,-0.13481137,0.0,0.0,1.0,7.0317597
2,C_scene,planning,113,-0.22542316,0.0,0.0,1.0,9.851634
2,C_scene,planning,114,-0.66334116,0.0,0.0,0.0,24.156027
2,C_scene,planning,115,-0.35551152,0.0,0.0,1.0,10.499865
2,C_scene,planning,116,-0.35158113,0.0,0.0,1.0,12.022371
2,C_scene,planning,117,-0.8616598,0.0,0.0,0.0,26.76682
2,C_scene,planning,118,-0.20119709,0.0,0.0,1.0,5.353303
2,C_scene,planning,119,-0.39108136,0.0,0.0,0.0,12.974864
2,C_scene,planning,120,-0.4362004,0.0,0.0,1.0,14.806299
2,C_scene,planning,121,-0.5463265,0.0,0.0,1.0,14.630273
2,C_scene,planning,122,-0.762989,0.0,0.0,1.0,23.392471
2,C_scene,planning,123,-0.18532032,0.0,0.0,1.0,3.810981
2,C_scene,planning,124,-0.61897063,0.0,0.0,0.0,23.19433
2,C_scene,planning,125,-0.4940102,0.0,0.0,0.0,14.968667
2,C_scene,planning,126,-0.47996885,0.0,0.0,1.0,18.438444
2,C_scene,planning,127,-0.49281257,0.0,0.0,0.0,13.693848
2,C_scene,planning,128,-0.23554893,0.0,0.0,1.0,8.097516
2,C_scene,planning,129,-0.48208454,0.0,0.0,1.0,18.087172
2,C_scene,planning,130,-0.5047441,0.0,0.0,0.0,16.700005
2,C_scene,planning,131,-0.5387377,0.0,0.0,1.0,18.286806
2,C_scene,planning,132,-0.2864362,0.0,0.0,1.0,11.228771
2,C_scene,planning,133,-0.3989245,0.0,0.0,1.0,11.082925
2,C_scene,planning,134,-0.3254039,0.0,0.0,1.0,10.228739
2,C_scene,planning,135,-0.6230918,0.0,0.0,0.0,19.190403
2,C_scene,planning,136,-0.5554931,0.0,0.0,0.0,18.761843
2,C_scene,planning,137,-0.63024294,0.0,0.0,0.0,24.303154
2,C_scene,planning,138,-0.68828076,0.0,0.0,1.0,24.265102
2,C_scene,planning,139,-0.18989277,0.0,0.0,1.0,8.265169
2,C_scene,planning,140,-0.50289583,0.0,0.0,1.0,11.901993
2,C_scene,planning,141,-0.55050117,0.0,0.0,0.0,20.050419
2,C_scene,planning,142,-0.5794198,0.0,0.0,0.0,16.54338
2,C_scene,planning,143,-0.50218266,0.0,0.0,1.0,16.41767
2,C_scene,planning,144,-0.2286014,0.0,0.0,1.0,6.8316674
2,C_scene,planning,145,-0.43939653,0.0,0.0,0.0,13.593769
2,C_scene,planning,146,-0.38322717,0.0,0.0,1.0,10.837113
2,C_scene,planning,147,-0.26831624,0.0,0.0,1.0,6.783009
2,C_scene,planning,148,-0.63025516,0.0,0.0,0.0,19.858349
2,C_scene,planning,149,-0.3342419,0.0,0.0,1.0,9.544125
2,C_scene,planning,150,-0.59108126,0.0,0.0,0.0,20.322624
2,C_scene,planning,151,-0.47483352,0.0,0.0,1.0,14.811424
2,C_scene,planning,152,-0.3517613,0.0,0.0,1.0,10.156651
2,C_scene,planning,153,-0.260843,0.0,0.0,1.0,3.9926634
2,C_scene,planning,154,-0.43563604,0.0,0.0,0.0,14.659506
2,C_scene,planning,155,-0.54544747,0.0,0.0,0.0,16.511992
2,C_scene,planning,156,-0.6441167,0.0,0.0,0.0,21.56883
2,C_scene,planning,157,-0.36593002,0.0,0.0,1.0,14.32387
2,C_scene,planning,158,-0.6385934,0.0,0.0,0.0,19.893454
2,C_scene,planning,159,-0.2514588,0.0,0.0,1.0,6.4993615
2,C_scene,planning,160,-0.30206722,0.0,0.0,0.0,12.04393
2,C_scene,planning,161,-0.50149584,0.0,0.0,0.0,18.466944
2,C_scene,planning,162,-0.4125072,0.0,0.0,0.0,15.143515
2,C_scene,planning,163,-0.45496753,0.0,0.0,1.0,13.532075
2,C_scene,planning,164,-0.22882868,0.0,0.0,1.0,6.550023
2,C_scene,planning,165,-0.39603224,0.0,0.0,0.0,12.357708
2,C_scene,planning,166,-0.5228765,0.0,0.0,1.0,17.077187
2,C_scene,planning,167,-0.7065429,0.0,0.0,0.0,21.140629
2,C_scene,planning,168,-0.2995644,0.0,0.0,1.0,7.6934476
2,C_scene,planning,169,-0.3629584,0.0,0.0,1.0,11.961544
2,C_scene,planning,170,-0.13640016,0.0,0.08888888888888889,0.0,8.357216
2,C_scene,planning,171,-0.5738577,0.0,0.0,1.0,20.43587
2,C_scene,planning,172,-0.21738754,0.0,0.0,1.0,7.1848073
2,C_scene,planning,173,-0.34911257,0.0,0.0,1.0,14.2872
2,C_scene,planning,174,-0.7045171,0.0,0.0,0.0,23.037928
2,C_scene,planning,175,-0.5382254,0.0,0.0,0.0,15.640205
2,C_scene,planning,176,-0.7959334,0.0,0.0,0.0,25.360945
2,C_scene,planning,177,-0.61015373,0.0,0.0,0.0,19.201183
2,C_scene,planning,178,-0.6175017,0.0,0.0,0.0,20.94047
2,C_scene,planning,179,-0.31379274,0.0,0.0,0.0,9.543832
2,C_scene,planning,180,-0.56569725,0.0,0.0,0.0,16.114939
2,C_scene,planning,181,-0.5163389,0.0,0.0,1.0,21.078442
2,C_scene,planning,182,-0.43347308,0.0,0.0,0.0,17.577673
2,C_scene,planning,183,-0.6256889,0.0,0.0,1.0,20.822859
2,C_scene,planning,184,-0.3334084,0.0,0.0,1.0,12.662592
2,C_scene,planning,185,-0.52113163,0.0,0.0,0.0,17.764563
2,C_scene,planning,186,-0.5565581,0.0,0.0,0.0,15.569932
2,C_scene,planning,187,-0.6052102,0.0,0.0,0.0,20.405218
2,C_scene,planning,188,-0.7888489,0.0,0.0,0.0,22.708403
2,C_scene,planning,189,-0.52126056,0.0,0.0,0.0,16.480682
2,C_scene,planning,190,-0.15850542,0.0,0.0,1.0,8.311395
2,C_scene,planning,191,-0.27033472,0.0,0.0,1.0,9.666688
2,C_scene,planning,192,-0.36338112,0.0,0.0,0.0,11.188462
2,C_scene,planning,193,-0.336387,0.0,0.0,0.0,9.647825
2,C_scene,planning,194,-0.07525125,0.0,0.0,1.0,6.2579236
2,C_scene,planning,195,-0.23135126,0.0,0.0,1.0,9.402221
2,C_scene,planning,196,-0.29653278,0.0,0.0,1.0,9.813436
2,C_scene,planning,197,-0.2989933,0.0,0.0,0.0,8.496746
2,C_scene,planning,198,-0.52144474,0.0,0.0,1.0,20.222599
2,C_scene,planning,199,-0.75779563,0.0,0.0,0.0,29.547857
2,D_latent,planning,0,-0.34805596,0.0,0.0,1.0,5.6960654
2,D_latent,planning,1,-0.26110265,0.0,0.0,1.0,6.8136797
2,D_latent,planning,2,-0.3295119,0.0,0.0,1.0,6.218534
2,D_latent,planning,3,-0.5034333,0.0,0.0,0.0,8.008821
2,D_latent,planning,4,-0.5042006,0.0,0.0,1.0,15.434943
2,D_latent,planning,5,-0.31918922,0.0,0.0,1.0,1.7760601
2,D_latent,planning,6,-0.13479137,0.0,0.0,1.0,3.868006
2,D_latent,planning,7,-0.35237297,0.0,0.0,1.0,8.155011
2,D_latent,planning,8,-0.3141388,0.0,0.0,1.0,6.660496
2,D_latent,planning,9,0.09094784,0.0,0.24444444444444444,1.0,3.2110865
2,D_latent,planning,10,-0.56015044,0.0,0.0,1.0,17.50325
2,D_latent,planning,11,-0.07900272,0.0,0.17777777777777778,1.0,4.8396664
2,D_latent,planning,12,-0.31051216,0.0,0.0,1.0,4.985447
2,D_latent,planning,13,-0.12436349,0.0,0.0,1.0,3.3473747
2,D_latent,planning,14,-0.2755664,0.0,0.0,1.0,10.228954
2,D_latent,planning,15,-0.40360042,0.0,0.0,1.0,6.1857057
2,D_latent,planning,16,-0.33123863,0.0,0.0,1.0,7.500653
2,D_latent,planning,17,-0.03187378,0.0,0.0,1.0,3.21317
2,D_latent,planning,18,-0.28104588,0.0,0.0,1.0,5.8386464
2,D_latent,planning,19,-0.70658076,0.0,0.0,1.0,23.771004
2,D_latent,planning,20,-0.25120535,0.0,0.0,1.0,3.2946002
2,D_latent,planning,21,-0.25130284,0.0,0.0,1.0,7.6792097
2,D_latent,planning,22,-0.008757378,1.0,0.022222222222222223,1.0,1.4966955
2,D_latent,planning,23,-0.12384773,0.0,0.0,1.0,5.7190943
2,D_latent,planning,24,-0.30550402,0.0,0.0,1.0,8.24053
2,D_latent,planning,25,-0.31939104,0.0,0.0,1.0,7.820693
2,D_latent,planning,26,-0.29354575,0.0,0.0,1.0,3.1936169
2,D_latent,planning,27,0.039892606,0.0,0.3111111111111111,1.0,1.8080082
2,D_latent,planning,28,-0.2594287,0.0,0.0,1.0,5.292459
2,D_latent,planning,29,-0.47768432,0.0,0.0,0.0,13.709902
2,D_latent,planning,30,-0.4358574,0.0,0.0,1.0,10.841101
2,D_latent,planning,31,-0.4554156,0.0,0.0,1.0,15.6566
2,D_latent,planning,32,-0.47559536,0.0,0.0,1.0,14.463578
2,D_latent,planning,33,-0.37288436,0.0,0.0,1.0,3.881035
2,D_latent,planning,34,-0.31359804,1.0,0.13333333333333333,1.0,0.85857445
2,D_latent,planning,35,-0.42333874,0.0,0.0,0.0,11.615208
2,D_latent,planning,36,-0.09885329,0.0,0.0,1.0,3.0744064
2,D_latent,planning,37,-0.18768881,0.0,0.0,1.0,9.037365
2,D_latent,planning,38,-0.39391038,0.0,0.0,1.0,7.88546
2,D_latent,planning,39,-0.055550084,0.0,0.28888888888888886,1.0,2.6278806
2,D_latent,planning,40,-0.65000767,0.0,0.0,1.0,20.092632
2,D_latent,planning,41,-0.41635942,0.0,0.0,0.0,13.72378
2,D_latent,planning,42,-0.43248788,0.0,0.0,1.0,11.342739
2,D_latent,planning,43,-0.17283651,0.0,0.0,1.0,2.3554955
2,D_latent,planning,44,-0.19930926,0.0,0.0,1.0,5.281248
2,D_latent,planning,45,-0.19842403,0.0,0.0,1.0,5.178274
2,D_latent,planning,46,-0.2159417,0.0,0.0,1.0,6.360467
2,D_latent,planning,47,-0.21243663,0.0,0.0,1.0,5.6939187
2,D_latent,planning,48,-0.34533894,0.0,0.0,0.0,8.7129755
2,D_latent,planning,49,-0.23056829,0.0,0.0,1.0,8.067875
2,D_latent,planning,50,-0.3900279,0.0,0.0,1.0,6.9271836
2,D_latent,planning,51,-0.64478374,0.0,0.0,1.0,20.222916
2,D_latent,planning,52,-0.30048594,0.0,0.0,1.0,9.933283
2,D_latent,planning,53,-0.283542,0.0,0.0,1.0,7.040357
2,D_latent,planning,54,-0.2016101,0.0,0.0,1.0,6.364855
2,D_latent,planning,55,-0.4121624,0.0,0.0,1.0,9.886133
2,D_latent,planning,56,-0.21905458,0.0,0.0,1.0,3.8408027
2,D_latent,planning,57,-0.2033458,0.0,0.0,1.0,4.464653
2,D_latent,planning,58,-0.29995224,0.0,0.0,0.0,7.978225
2,D_latent,planning,59,-0.32957757,0.0,0.0,1.0,10.567049
2,D_latent,planning,60,-0.035846334,0.0,0.06666666666666667,1.0,5.5553064
2,D_latent,planning,61,-0.21234629,0.0,0.0,1.0,2.9974241
2,D_latent,planning,62,-0.35503304,0.0,0.0,1.0,3.3351398
2,D_latent,planning,63,-0.36081076,0.0,0.0,1.0,7.1078796
2,D_latent,planning,64,-0.26213738,0.0,0.0,1.0,6.0317974
2,D_latent,planning,65,-0.2181039,0.0,0.0,1.0,6.025631
2,D_latent,planning,66,-0.34779188,0.0,0.0,0.0,12.756033
2,D_latent,planning,67,-0.2827452,0.0,0.0,1.0,9.745885
2,D_latent,planning,68,-0.18008734,0.0,0.0,1.0,3.2968066
2,D_latent,planning,69,-0.18212676,0.0,0.0,1.0,4.819789
2,D_latent,planning,70,-0.27778152,0.0,0.0,1.0,8.036349
2,D_latent,planning,71,-0.0018209517,1.0,0.37777777777777777,1.0,0.80896753
2,D_latent,planning,72,-0.38139865,0.0,0.0,1.0,5.102539
2,D_latent,planning,73,-0.10421806,0.0,0.0,1.0,3.6090686
2,D_latent,planning,74,-0.4024055,0.0,0.0,1.0,4.6977243
2,D_latent,planning,75,-0.54247606,0.0,0.0,1.0,8.968022
2,D_latent,planning,76,-0.4561476,0.0,0.0,1.0,6.6881995
2,D_latent,planning,77,-0.16957116,0.0,0.0,1.0,2.3391232
2,D_latent,planning,78,0.07488624,1.0,0.13333333333333333,1.0,1.4971669
2,D_latent,planning,79,-0.41914877,0.0,0.0,0.0,12.28076
2,D_latent,planning,80,-0.12427242,0.0,0.0,1.0,7.7125096
2,D_latent,planning,81,-0.33498284,0.0,0.0,1.0,8.3372135
2,D_latent,planning,82,-0.34188077,0.0,0.0,1.0,9.309154
2,D_latent,planning,83,-0.2623476,0.0,0.0,1.0,6.7064624
2,D_latent,planning,84,-0.34389412,0.0,0.0,1.0,10.845921
2,D_latent,planning,85,-0.35808867,0.0,0.0,1.0,8.458773
2,D_latent,planning,86,-0.2207361,0.0,0.0,1.0,4.4659076
2,D_latent,planning,87,-0.51432556,0.0,0.0,1.0,12.465269
2,D_latent,planning,88,-0.21941829,0.0,0.0,1.0,3.7854214
2,D_latent,planning,89,-0.21605492,0.0,0.0,1.0,4.6679688
2,D_latent,planning,90,-0.38560086,0.0,0.0,0.0,15.578183
2,D_latent,planning,91,-0.1331802,0.0,0.0,1.0,2.9122217
2,D_latent,planning,92,-0.48161355,0.0,0.0,1.0,2.53524
2,D_latent,planning,93,-0.16399074,0.0,0.0,1.0,6.128696
2,D_latent,planning,94,-0.41438162,0.0,0.0,1.0,15.520188
2,D_latent,planning,95,-0.16593198,0.0,0.0,1.0,7.2564235
2,D_latent,planning,96,-0.25386733,0.0,0.0,1.0,8.838138
2,D_latent,planning,97,-0.22094882,0.0,0.0,1.0,8.614257
2,D_latent,planning,98,-0.35544664,0.0,0.0,1.0,11.384919
2,D_latent,planning,99,-0.1184382,0.0,0.2222222222222222,1.0,1.9062455
2,D_latent,planning,100,-0.23603456,0.0,0.0,0.0,8.45914
2,D_latent,planning,101,-0.18492903,0.0,0.0,1.0,5.0367656
2,D_latent,planning,102,-0.23326929,0.0,0.0,1.0,6.623751
2,D_latent,planning,103,-0.1722427,0.0,0.0,1.0,4.780808
2,D_latent,planning,104,-0.32671994,0.0,0.0,0.0,7.9607334
2,D_latent,planning,105,-0.32360247,0.0,0.0,1.0,6.9607987
2,D_latent,planning,106,-0.2550141,0.0,0.0,1.0,6.7720447
2,D_latent,planning,107,-0.25886458,0.0,0.0,1.0,4.3933578
2,D_latent,planning,108,-0.31721053,0.0,0.0,1.0,7.205718
2,D_latent,planning,109,-0.20570086,0.0,0.0,1.0,6.530121
2,D_latent,planning,110,-0.22145356,0.0,0.0,1.0,3.6264896
2,D_latent,planning,111,-0.29700243,0.0,0.0,1.0,7.2441573
2,D_latent,planning,112,-0.06328789,0.0,0.15555555555555556,1.0,8.229308
2,D_latent,planning,113,-0.05326339,0.0,0.0,1.0,3.6913056
2,D_latent,planning,114,-0.34551698,0.0,0.0,1.0,4.9785366
2,D_latent,planning,115,-0.22571678,0.0,0.0,1.0,4.9416013
2,D_latent,planning,116,-0.43917316,0.0,0.0,1.0,16.221321
2,D_latent,planning,117,-0.54239,0.0,0.0,1.0,10.098922
2,D_latent,planning,118,-0.13933341,0.0,0.0,1.0,8.355544
2,D_latent,planning,119,-0.26974505,0.0,0.0,1.0,7.335081
2,D_latent,planning,120,-0.35834092,0.0,0.0,1.0,11.379979
2,D_latent,planning,121,-0.59364694,0.0,0.0,1.0,19.808296
2,D_latent,planning,122,-0.3650808,0.0,0.0,1.0,5.516854
2,D_latent,planning,123,0.14605659,1.0,0.5555555555555556,1.0,0.49476048
2,D_latent,planning,124,-0.27635127,0.0,0.0,1.0,4.3221374
2,D_latent,planning,125,-0.33390334,0.0,0.0,1.0,8.129197
2,D_latent,planning,126,-0.36395645,0.0,0.0,1.0,13.515589
2,D_latent,planning,127,-0.36930296,0.0,0.0,1.0,7.193017
2,D_latent,planning,128,-0.28412405,0.0,0.0,1.0,11.072428
2,D_latent,planning,129,-0.3831177,0.0,0.0,1.0,11.911095
2,D_latent,planning,130,-0.3296374,0.0,0.0,1.0,9.455336
2,D_latent,planning,131,-0.35265118,0.0,0.0,1.0,6.578166
2,D_latent,planning,132,-0.08322014,0.0,0.0,1.0,1.8594385
2,D_latent,planning,133,-0.16806372,0.0,0.0,1.0,3.966001
2,D_latent,planning,134,-0.060781054,1.0,0.17777777777777778,1.0,0.44117042
2,D_latent,planning,135,-0.3014458,0.0,0.0,1.0,5.684266
2,D_latent,planning,136,-0.19624916,0.0,0.0,1.0,2.9645846
2,D_latent,planning,137,-0.523496,0.0,0.0,0.0,19.538094
2,D_latent,planning,138,-0.56795466,0.0,0.0,1.0,17.077555
2,D_latent,planning,139,-0.2067334,0.0,0.0,1.0,6.3935804
2,D_latent,planning,140,-0.42655677,0.0,0.0,1.0,12.865517
2,D_latent,planning,141,-0.30159938,0.0,0.0,1.0,8.9501705
2,D_latent,planning,142,-0.28328988,0.0,0.0,1.0,2.9443169
2,D_latent,planning,143,-0.36457443,0.0,0.0,1.0,9.544618
2,D_latent,planning,144,-0.16486529,0.0,0.0,1.0,4.977075
2,D_latent,planning,145,-0.44270787,0.0,0.0,1.0,9.982347
2,D_latent,planning,146,0.044781223,1.0,0.4,1.0,1.2919931
2,D_latent,planning,147,-0.3154836,0.0,0.0,1.0,11.873218
2,D_latent,planning,148,-0.3566264,0.0,0.0,1.0,9.114813
2,D_latent,planning,149,-0.21047722,0.0,0.0,1.0,7.6013327
2,D_latent,planning,150,-0.080632545,0.0,0.2,1.0,2.7594285
2,D_latent,planning,151,-0.43876308,0.0,0.0,1.0,11.841002
2,D_latent,planning,152,-0.38078678,0.0,0.0,1.0,12.253352
2,D_latent,planning,153,-0.2772678,0.0,0.0,1.0,5.640833
2,D_latent,planning,154,-0.27674437,0.0,0.0,1.0,5.3769965
2,D_latent,planning,155,-0.13647121,0.0,0.0,1.0,2.4170616
2,D_latent,planning,156,-0.40741923,0.0,0.0,1.0,10.5472355
2,D_latent,planning,157,-0.25744244,0.0,0.0,1.0,8.536996
2,D_latent,planning,158,-0.3580293,0.0,0.0,1.0,8.057667
2,D_latent,planning,159,-0.019889446,0.0,0.2,1.0,5.2813034
2,D_latent,planning,160,-0.22451402,0.0,0.0,1.0,9.206764
2,D_latent,planning,161,-0.32529065,0.0,0.0,1.0,6.886748
2,D_latent,planning,162,-0.26905304,0.0,0.0,1.0,4.056248
2,D_latent,planning,163,-0.3563758,0.0,0.0,1.0,9.408274
2,D_latent,planning,164,-0.11659568,0.0,0.0,1.0,2.804697
2,D_latent,planning,165,-0.2870313,0.0,0.0,0.0,8.05991
2,D_latent,planning,166,-0.41339782,0.0,0.0,1.0,11.33995
2,D_latent,planning,167,-0.62701964,0.0,0.0,0.0,18.349897
2,D_latent,planning,168,-0.3263014,0.0,0.0,1.0,9.364247
2,D_latent,planning,169,-0.3701686,0.0,0.0,1.0,10.841723
2,D_latent,planning,170,-0.12267507,0.0,0.1111111111111111,0.0,8.943338
2,D_latent,planning,171,-0.35653034,0.0,0.0,1.0,6.7049823
2,D_latent,planning,172,-0.22854234,0.0,0.0,1.0,8.198203
2,D_latent,planning,173,-0.1886031,0.0,0.0,1.0,4.2057266
2,D_latent,planning,174,-0.38613933,0.0,0.0,1.0,8.699451
2,D_latent,planning,175,-0.0062125497,1.0,0.4,1.0,0.36595377
2,D_latent,planning,176,-0.4476299,0.0,0.0,1.0,6.3297143
2,D_latent,planning,177,-0.41824564,0.0,0.0,1.0,6.633858
2,D_latent,planning,178,-0.1723778,0.0,0.0,1.0,2.8707511
2,D_latent,planning,179,-0.20649336,0.0,0.0,1.0,4.122564
2,D_latent,planning,180,-0.08429773,1.0,0.2222222222222222,1.0,1.097703
2,D_latent,planning,181,-0.26969096,0.0,0.0,1.0,6.142834
2,D_latent,planning,182,-0.37020695,0.0,0.0,0.0,15.072889
2,D_latent,planning,183,-0.53756493,0.0,0.0,1.0,15.395743
2,D_latent,planning,184,-0.29830298,0.0,0.0,1.0,11.064037
2,D_latent,planning,185,-0.09830789,0.0,0.0,1.0,2.5277302
2,D_latent,planning,186,-0.27335328,0.0,0.0,1.0,3.6205003
2,D_latent,planning,187,-0.39776558,0.0,0.0,0.0,11.099672
2,D_latent,planning,188,-0.5358053,0.0,0.0,1.0,11.93795
2,D_latent,planning,189,-0.022589315,0.0,0.26666666666666666,1.0,2.7828834
2,D_latent,planning,190,0.13140477,1.0,0.24444444444444444,1.0,1.003886
2,D_latent,planning,191,-0.26892573,0.0,0.0,1.0,8.810557
2,D_latent,planning,192,-0.102718145,1.0,0.06666666666666667,1.0,1.355647
2,D_latent,planning,193,-0.24162914,0.0,0.0,0.0,6.012722
2,D_latent,planning,194,-0.1219722,0.0,0.0,0.0,6.934131
2,D_latent,planning,195,-0.17368287,0.0,0.0,1.0,5.3033133
2,D_latent,planning,196,-0.15508252,0.0,0.0,1.0,2.7886724
2,D_latent,planning,197,-0.28259826,0.0,0.0,1.0,9.599297
2,D_latent,planning,198,-0.2621879,0.0,0.0,1.0,3.8056111
2,D_latent,planning,199,-0.4554368,0.0,0.0,0.0,14.713593
