seed,model,condition,episode,return,success,time_in_radius,chose_active,final_dist_px
0,A_recon,in_distribution,0,-0.30923674,0.0,0.0,1.0,6.656078
0,A_recon,in_distribution,1,-0.36423856,0.0,0.0,1.0,10.145393
0,A_recon,in_distribution,2,-0.69834054,0.0,0.0,0.0,22.073433
0,A_recon,in_distribution,3,-0.44866282,0.0,0.0,0.0,12.397837
0,A_recon,in_distribution,4,-0.312142,0.0,0.0,1.0,9.363973
0,A_recon,in_distribution,5,-0.64904994,0.0,0.0,0.0,21.53217
0,A_recon,in_distribution,6,-0.3138249,0.0,0.0,1.0,5.3975334
0,A_recon,in_distribution,7,-0.67439353,0.0,0.0,0.0,20.813772
0,A_recon,in_distribution,8,-0.51445574,0.0,0.0,1.0,13.49046
0,A_recon,in_distribution,9,-0.50743866,0.0,0.0,0.0,14.923868
0,A_recon,in_distribution,10,-0.62325704,0.0,0.0,0.0,21.420588
0,A_recon,in_distribution,11,-0.64448524,0.0,0.0,0.0,18.529533
0,A_recon,in_distribution,12,-0.21787494,0.0,0.0,0.0,11.738226
0,A_recon,in_distribution,13,-0.73444927,0.0,0.0,0.0,23.975315
0,A_recon,in_distribution,14,-0.41508684,0.0,0.0,0.0,13.474622
0,A_recon,in_distribution,15,-0.68755156,0.0,0.0,0.0,20.911283
0,A_recon,in_distribution,16,-0.27963802,0.0,0.0,1.0,8.208106
0,A_recon,in_distribution,17,-0.10639951,0.0,0.0,1.0,4.1861987
0,A_recon,in_distribution,18,-0.49178413,0.0,0.0,0.0,15.193914
0,A_recon,in_distribution,19,-0.74781483,0.0,0.0,0.0,23.57547
0,A_recon,in_distribution,20,-0.41767645,0.0,0.0,0.0,15.451461
0,A_recon,in_distribution,21,-0.1654298,0.0,0.0,1.0,5.0233893
0,A_recon,in_distribution,22,-0.21404415,0.0,0.0,1.0,7.2010746
0,A_recon,in_distribution,23,-0.023000792,0.0,0.0,1.0,3.4385986
0,A_recon,in_distribution,24,-0.32291144,0.0,0.0,1.0,9.721329
0,A_recon,in_distribution,25,-0.5733662,0.0,0.0,0.0,19.904156
0,A_recon,in_distribution,26,-0.14681275,0.0,0.0,1.0,6.3120785
0,A_recon,in_distribution,27,-0.17769635,0.0,0.0,1.0,5.7544127
0,A_recon,in_distribution,28,-0.18999842,0.0,0.0,1.0,6.2329655
0,A_recon,in_distribution,29,-0.4602057,0.0,0.0,1.0,15.842212
0,A_recon,in_distribution,30,-0.5976818,0.0,0.0,1.0,21.202362
0,A_recon,in_distribution,31,-0.4660928,0.0,0.0,0.0,13.376949
0,A_recon,in_distribution,32,-0.7726886,0.0,0.0,0.0,24.346903
0,A_recon,in_distribution,33,-0.3310616,0.0,0.0,0.0,13.233944
0,A_recon,in_distribution,34,-0.5359195,0.0,0.0,0.0,14.43462
0,A_recon,in_distribution,35,-0.28282687,0.0,0.0,1.0,9.991056
0,A_recon,in_distribution,36,-0.26079732,0.0,0.0,1.0,7.5270123
0,A_recon,in_distribution,37,-0.74375653,0.0,0.0,0.0,24.296318
0,A_recon,in_distribution,38,-0.32472527,0.0,0.0,1.0,8.900991
0,A_recon,in_distribution,39,-0.6647293,0.0,0.0,0.0,21.755415
0,A_recon,in_distribution,40,-0.40167496,0.0,0.0,1.0,10.518815
0,A_recon,in_distribution,41,-0.27080992,0.0,0.0,1.0,6.1028867
0,A_recon,in_distribution,42,-0.3664138,0.0,0.0,1.0,12.549143
0,A_recon,in_distribution,43,-0.3951429,0.0,0.0,1.0,12.903686
0,A_recon,in_distribution,44,-0.33414757,0.0,0.0,1.0,5.950852
0,A_recon,in_distribution,45,-0.43421045,0.0,0.0,0.0,13.712943
0,A_recon,in_distribution,46,-0.6506242,0.0,0.0,0.0,20.414362
0,A_recon,in_distribution,47,-0.18231215,0.0,0.0,1.0,7.8878937
0,A_recon,in_distribution,48,-0.5814615,0.0,0.0,1.0,18.044102
0,A_recon,in_distribution,49,-0.44548687,0.0,0.0,0.0,17.192379
0,A_recon,in_distribution,50,-0.27186307,0.0,0.0,1.0,5.224299
0,A_recon,in_distribution,51,-0.7261899,0.0,0.0,0.0,24.130964
0,A_recon,in_distribution,52,-0.23144741,0.0,0.0,1.0,6.424252
0,A_recon,in_distribution,53,-0.4979753,0.0,0.0,1.0,15.752976
0,A_recon,in_distribution,54,-0.19422801,0.0,0.0,1.0,8.3048725
0,A_recon,in_distribution,55,-0.55441487,0.0,0.0,0.0,16.061495
0,A_recon,in_distribution,56,0.02481925,0.0,0.24444444444444444,1.0,7.7539773
0,A_recon,in_distribution,57,-0.82434183,0.0,0.0,0.0,26.993544
0,A_recon,in_distribution,58,-0.48349714,0.0,0.0,0.0,19.38298
0,A_recon,in_distribution,59,-0.53503793,0.0,0.0,0.0,18.504614
0,A_recon,in_distribution,60,-0.7480708,0.0,0.0,0.0,21.019188
0,A_recon,in_distribution,61,-0.3915587,0.0,0.0,0.0,14.914899
0,A_recon,in_distribution,62,-0.51268977,0.0,0.0,1.0,17.411274
0,A_recon,in_distribution,63,-0.37504736,0.0,0.0,0.0,15.904338
0,A_recon,in_distribution,64,-0.7006438,0.0,0.0,0.0,25.099188
0,A_recon,in_distribution,65,0.023838114,0.0,0.13333333333333333,1.0,2.5796225
0,A_recon,in_distribution,66,0.103856914,0.0,0.24444444444444444,1.0,3.3579233
0,A_recon,in_distribution,67,-0.33968666,0.0,0.0,1.0,12.446213
0,A_recon,in_distribution,68,-0.8010266,0.0,0.0,0.0,23.430595
0,A_recon,in_distribution,69,-0.35291559,0.0,0.0,0.0,10.190139
0,A_recon,in_distribution,70,-0.3670984,0.0,0.0,1.0,11.959073
0,A_recon,in_distribution,71,-0.6250178,0.0,0.0,0.0,20.318523
0,A_recon,in_distribution,72,0.13810141,0.0,0.28888888888888886,1.0,3.4892738
0,A_recon,in_distribution,73,-0.38466382,0.0,0.0,1.0,13.823089
0,A_recon,in_distribution,74,-0.6346399,0.0,0.0,0.0,20.181787
0,A_recon,in_distribution,75,-0.4764901,0.0,0.0,1.0,16.961958
0,A_recon,in_distribution,76,-0.26884934,0.0,0.0,1.0,10.185919
0,A_recon,in_distribution,77,-0.61090606,0.0,0.0,0.0,19.128654
0,A_recon,in_distribution,78,-0.41613036,0.0,0.0,1.0,11.848739
0,A_recon,in_distribution,79,-0.33752742,0.0,0.0,0.0,10.905363
0,A_recon,in_distribution,80,-0.70246476,0.0,0.0,0.0,21.994957
0,A_recon,in_distribution,81,-0.5596163,0.0,0.0,1.0,16.033749
0,A_recon,in_distribution,82,-0.527724,0.0,0.0,1.0,14.387152
0,A_recon,in_distribution,83,-0.8202904,0.0,0.0,0.0,26.48823
0,A_recon,in_distribution,84,-0.5467066,0.0,0.0,0.0,20.828287
0,A_recon,in_distribution,85,-0.68496555,0.0,0.0,0.0,21.246529
0,A_recon,in_distribution,86,-0.4592333,0.0,0.0,0.0,13.830591
0,A_recon,in_distribution,87,-0.26769724,0.0,0.0,1.0,8.304515
0,A_recon,in_distribution,88,-0.1944957,0.0,0.0,1.0,4.3745556
0,A_recon,in_distribution,89,-0.28049365,0.0,0.0,0.0,9.4631405
0,A_recon,in_distribution,90,-0.60828245,0.0,0.0,0.0,17.836004
0,A_recon,in_distribution,91,-0.7729167,0.0,0.0,0.0,23.495516
0,A_recon,in_distribution,92,-0.3906288,0.0,0.0,0.0,13.961805
0,A_recon,in_distribution,93,-0.53794557,0.0,0.0,0.0,14.82946
0,A_recon,in_distribution,94,-0.22651742,0.0,0.0,1.0,6.290576
0,A_recon,in_distribution,95,-0.5146727,0.0,0.0,0.0,13.985185
0,A_recon,in_distribution,96,-0.62095255,0.0,0.0,0.0,22.118343
0,A_recon,in_distribution,97,-0.46348545,0.0,0.0,0.0,17.371996
0,A_recon,in_distribution,98,-0.2440818,0.0,0.0,1.0,7.2276416
0,A_recon,in_distribution,99,-0.6146295,0.0,0.0,0.0,17.821743
0,A_recon,4_distractors,0,-0.30823317,0.0,0.0,1.0,6.6141343
0,A_recon,4_distractors,1,-0.36693275,0.0,0.0,1.0,10.510465
0,A_recon,4_distractors,2,-0.6260287,0.0,0.0,0.0,18.70795
0,A_recon,4_distractors,3,-0.4172784,0.0,0.0,0.0,10.566296
0,A_recon,4_distractors,4,-0.31364605,0.0,0.0,1.0,8.553895
0,A_recon,4_distractors,5,-0.6497927,0.0,0.0,0.0,21.732359
0,A_recon,4_distractors,6,-0.30788544,0.0,0.0,1.0,5.1746016
0,A_recon,4_distractors,7,-0.68650794,0.0,0.0,0.0,21.745209
0,A_recon,4_distractors,8,-0.53540826,0.0,0.0,0.0,14.236008
0,A_recon,4_distractors,9,-0.44759357,0.0,0.0,0.0,12.508942
0,A_recon,4_distractors,10,-0.6690049,0.0,0.0,0.0,23.384758
0,A_recon,4_distractors,11,-0.61910105,0.0,0.0,1.0,16.436153
0,A_recon,4_distractors,12,-0.22737299,0.0,0.0,0.0,12.244008
0,A_recon,4_distractors,13,-0.75554353,0.0,0.0,0.0,25.077759
0,A_recon,4_distractors,14,-0.41613114,0.0,0.0,0.0,13.972673
0,A_recon,4_distractors,15,-0.69016606,0.0,0.0,0.0,21.278547
0,A_recon,4_distractors,16,-0.25785193,0.0,0.0,1.0,7.1030564
0,A_recon,4_distractors,17,-0.09900234,0.0,0.0,1.0,3.7755322
0,A_recon,4_distractors,18,-0.5216297,0.0,0.0,0.0,17.658352
0,A_recon,4_distractors,19,-0.75474805,0.0,0.0,0.0,24.075394
0,A_recon,4_distractors,20,-0.3461917,0.0,0.0,0.0,11.885212
0,A_recon,4_distractors,21,-0.19811302,0.0,0.0,0.0,6.476095
0,A_recon,4_distractors,22,-0.26020002,0.0,0.0,1.0,8.830669
0,A_recon,4_distractors,23,0.0497587,0.0,0.28888888888888886,1.0,1.8285878
0,A_recon,4_distractors,24,-0.3140233,0.0,0.0,1.0,8.58528
0,A_recon,4_distractors,25,-0.58576214,0.0,0.0,0.0,20.68727
0,A_recon,4_distractors,26,-0.14022271,0.0,0.0,1.0,5.971827
0,A_recon,4_distractors,27,-0.17846839,0.0,0.0,1.0,5.2875896
0,A_recon,4_distractors,28,-0.19759867,0.0,0.0,1.0,6.807867
0,A_recon,4_distractors,29,-0.45529386,0.0,0.0,1.0,16.687246
0,A_recon,4_distractors,30,-0.61344105,0.0,0.0,1.0,21.803185
0,A_recon,4_distractors,31,-0.47508764,0.0,0.0,0.0,14.075021
0,A_recon,4_distractors,32,-0.72965443,0.0,0.0,0.0,22.708076
0,A_recon,4_distractors,33,-0.37836495,0.0,0.0,0.0,14.285053
0,A_recon,4_distractors,34,-0.53883255,0.0,0.0,0.0,14.581646
0,A_recon,4_distractors,35,-0.28302065,0.0,0.0,1.0,10.043085
0,A_recon,4_distractors,36,-0.26465124,0.0,0.0,1.0,7.129852
0,A_recon,4_distractors,37,-0.73586273,0.0,0.0,0.0,23.929314
0,A_recon,4_distractors,38,-0.3445599,0.0,0.0,1.0,9.765326
0,A_recon,4_distractors,39,-0.7076034,0.0,0.0,0.0,23.571186
0,A_recon,4_distractors,40,-0.33804703,0.0,0.0,1.0,8.046621
0,A_recon,4_distractors,41,-0.29191586,0.0,0.0,1.0,6.05765
0,A_recon,4_distractors,42,-0.36216956,0.0,0.0,1.0,12.548099
0,A_recon,4_distractors,43,-0.40876707,0.0,0.0,1.0,12.93876
0,A_recon,4_distractors,44,-0.34479886,0.0,0.0,0.0,7.0211964
0,A_recon,4_distractors,45,-0.4083499,0.0,0.0,0.0,12.416483
0,A_recon,4_distractors,46,-0.63436365,0.0,0.0,0.0,20.339436
0,A_recon,4_distractors,47,-0.17951472,0.0,0.0,1.0,7.709064
0,A_recon,4_distractors,48,-0.5792657,0.0,0.0,1.0,17.656588
0,A_recon,4_distractors,49,-0.44366562,0.0,0.0,0.0,16.997364
0,A_recon,4_distractors,50,-0.25456223,0.0,0.0,1.0,4.179795
0,A_recon,4_distractors,51,-0.7190775,0.0,0.0,0.0,23.83087
0,A_recon,4_distractors,52,-0.19668995,0.0,0.0,1.0,5.1654696
0,A_recon,4_distractors,53,-0.51778024,0.0,0.0,1.0,17.521494
0,A_recon,4_distractors,54,-0.07941969,0.0,0.0,1.0,3.4786508
0,A_recon,4_distractors,55,-0.5742954,0.0,0.0,0.0,16.908716
0,A_recon,4_distractors,56,0.01650717,0.0,0.2222222222222222,1.0,8.52723
0,A_recon,4_distractors,57,-0.8218659,0.0,0.0,0.0,26.386581
0,A_recon,4_distractors,58,-0.46781862,0.0,0.0,0.0,19.103941
0,A_recon,4_distractors,59,-0.53698766,0.0,0.0,0.0,18.646042
0,A_recon,4_distractors,60,-0.7420218,0.0,0.0,0.0,20.750067
0,A_recon,4_distractors,61,-0.3937629,0.0,0.0,0.0,15.196694
0,A_recon,4_distractors,62,-0.49840587,0.0,0.0,1.0,16.344318
0,A_recon,4_distractors,63,-0.3713866,0.0,0.0,0.0,16.162033
0,A_recon,4_distractors,64,-0.72823167,0.0,0.0,0.0,26.247957
0,A_recon,4_distractors,65,0.038840912,0.0,0.2222222222222222,1.0,2.201043
0,A_recon,4_distractors,66,0.06527459,0.0,0.2222222222222222,1.0,4.0742087
0,A_recon,4_distractors,67,-0.2575959,0.0,0.0,1.0,8.84255
0,A_recon,4_distractors,68,-0.8406775,0.0,0.0,0.0,26.062908
0,A_recon,4_distractors,69,-0.3488637,0.0,0.0,1.0,10.314542
0,A_recon,4_distractors,70,-0.3494138,0.0,0.0,1.0,9.557248
0,A_recon,4_distractors,71,-0.5898907,0.0,0.0,0.0,17.923264
0,A_recon,4_distractors,72,-0.009004926,0.0,0.0,1.0,3.0286174
0,A_recon,4_distractors,73,-0.4086898,0.0,0.0,1.0,14.711611
0,A_recon,4_distractors,74,-0.6592234,0.0,0.0,0.0,22.295324
0,A_recon,4_distractors,75,-0.47168332,0.0,0.0,1.0,16.308077
0,A_recon,4_distractors,76,-0.28406492,0.0,0.0,1.0,9.433577
0,A_recon,4_distractors,77,-0.6340133,0.0,0.0,0.0,19.362513
0,A_recon,4_distractors,78,-0.42713445,0.0,0.0,1.0,12.290766
0,A_recon,4_distractors,79,-0.33997357,0.0,0.0,0.0,11.068638
0,A_recon,4_distractors,80,-0.70043784,0.0,0.0,0.0,21.802345
0,A_recon,4_distractors,81,-0.5746359,0.0,0.0,1.0,16.524324
0,A_recon,4_distractors,82,-0.52248317,0.0,0.0,1.0,14.367839
0,A_recon,4_distractors,83,-0.82091266,0.0,0.0,0.0,26.590641
0,A_recon,4_distractors,84,-0.5641232,0.0,0.0,0.0,21.503675
0,A_recon,4_distractors,85,-0.68924606,0.0,0.0,0.0,21.46399
0,A_recon,4_distractors,86,-0.43563157,0.0,0.0,0.0,11.561697
0,A_recon,4_distractors,87,-0.32404524,0.0,0.0,1.0,9.132056
0,A_recon,4_distractors,88,-0.13403477,0.0,0.0,1.0,4.2597723
0,A_recon,4_distractors,89,-0.26534322,0.0,0.0,1.0,9.367897
0,A_recon,4_distractors,90,-0.67130876,0.0,0.0,0.0,22.9489
0,A_recon,4_distractors,91,-0.80214065,0.0,0.0,0.0,23.76386
0,A_recon,4_distractors,92,-0.36848563,0.0,0.0,0.0,11.795557
0,A_recon,4_distractors,93,-0.55094725,0.0,0.0,0.0,15.831605
0,A_recon,4_distractors,94,-0.21066827,0.0,0.0,1.0,5.654622
0,A_recon,4_distractors,95,-0.5036658,0.0,0.0,0.0,13.393923
0,A_recon,4_distractors,96,-0.6279226,0.0,0.0,0.0,22.230474
0,A_recon,4_distractors,97,-0.38835517,0.0,0.0,1.0,9.065948
0,A_recon,4_distractors,98,-0.2631539,0.0,0.0,1.0,8.099097
0,A_recon,4_distractors,99,-0.6706315,0.0,0.0,0.0,20.236977
0,A_recon,fast_distractors,0,-0.30498153,0.0,0.0,1.0,6.3399754
0,A_recon,fast_distractors,1,-0.3724813,0.0,0.0,1.0,10.653237
0,A_recon,fast_distractors,2,-0.6923553,0.0,0.0,0.0,21.758307
0,A_recon,fast_distractors,3,-0.44877344,0.0,0.0,0.0,12.496873
0,A_recon,fast_distractors,4,-0.3171103,0.0,0.0,1.0,9.92809
0,A_recon,fast_distractors,5,-0.65365493,0.0,0.0,0.0,21.883608
0,A_recon,fast_distractors,6,-0.30543575,0.0,0.0,1.0,4.829125
0,A_recon,fast_distractors,7,-0.6731601,0.0,0.0,0.0,20.715994
0,A_recon,fast_distractors,8,-0.5179258,0.0,0.0,1.0,13.747891
0,A_recon,fast_distractors,9,-0.48891076,0.0,0.0,0.0,13.935408
0,A_recon,fast_distractors,10,-0.6238856,0.0,0.0,0.0,21.570564
0,A_recon,fast_distractors,11,-0.6447363,0.0,0.0,0.0,18.547832
0,A_recon,fast_distractors,12,-0.21966025,0.0,0.0,0.0,11.9713
0,A_recon,fast_distractors,13,-0.7484446,0.0,0.0,0.0,24.81594
0,A_recon,fast_distractors,14,-0.40038702,0.0,0.0,0.0,12.97968
0,A_recon,fast_distractors,15,-0.6850439,0.0,0.0,0.0,20.67377
0,A_recon,fast_distractors,16,-0.2793818,0.0,0.0,1.0,8.29734
0,A_recon,fast_distractors,17,-0.10659787,0.0,0.0,1.0,4.0981226
0,A_recon,fast_distractors,18,-0.4971504,0.0,0.0,0.0,15.836153
0,A_recon,fast_distractors,19,-0.7487654,0.0,0.0,0.0,23.65295
0,A_recon,fast_distractors,20,-0.4038134,0.0,0.0,0.0,14.852877
0,A_recon,fast_distractors,21,-0.16618198,0.0,0.0,1.0,4.9801345
0,A_recon,fast_distractors,22,-0.22122653,0.0,0.0,1.0,7.572976
0,A_recon,fast_distractors,23,-0.027671957,0.0,0.0,1.0,3.6976695
0,A_recon,fast_distractors,24,-0.32539132,0.0,0.0,1.0,9.975124
0,A_recon,fast_distractors,25,-0.5750924,0.0,0.0,0.0,20.122189
0,A_recon,fast_distractors,26,-0.14686604,0.0,0.0,1.0,6.3493733
0,A_recon,fast_distractors,27,-0.16855788,0.0,0.0,1.0,5.065455
0,A_recon,fast_distractors,28,-0.19141935,0.0,0.0,1.0,6.25873
0,A_recon,fast_distractors,29,-0.44890377,0.0,0.0,1.0,15.230443
0,A_recon,fast_distractors,30,-0.59968233,0.0,0.0,1.0,21.028847
0,A_recon,fast_distractors,31,-0.46448788,0.0,0.0,0.0,13.417316
0,A_recon,fast_distractors,32,-0.77654773,0.0,0.0,0.0,24.170784
0,A_recon,fast_distractors,33,-0.30092758,0.0,0.0,0.0,11.700181
0,A_recon,fast_distractors,34,-0.53800666,0.0,0.0,0.0,14.454645
0,A_recon,fast_distractors,35,-0.28446674,0.0,0.0,1.0,10.279979
0,A_recon,fast_distractors,36,-0.2590612,0.0,0.0,1.0,7.509387
0,A_recon,fast_distractors,37,-0.74091744,0.0,0.0,0.0,24.888561
0,A_recon,fast_distractors,38,-0.3335317,0.0,0.0,1.0,9.434276
0,A_recon,fast_distractors,39,-0.6494476,0.0,0.0,0.0,20.252329
0,A_recon,fast_distractors,40,-0.402868,0.0,0.0,1.0,10.344434
0,A_recon,fast_distractors,41,-0.32748404,0.0,0.0,1.0,10.965481
0,A_recon,fast_distractors,42,-0.36739352,0.0,0.0,1.0,12.646115
0,A_recon,fast_distractors,43,-0.39980248,0.0,0.0,1.0,13.056348
0,A_recon,fast_distractors,44,-0.3276363,0.0,0.0,1.0,5.7395396
0,A_recon,fast_distractors,45,-0.4219992,0.0,0.0,0.0,12.862901
0,A_recon,fast_distractors,46,-0.63466257,0.0,0.0,0.0,19.573309
0,A_recon,fast_distractors,47,-0.18926258,0.0,0.0,1.0,7.9632444
0,A_recon,fast_distractors,48,-0.5788877,0.0,0.0,1.0,17.900211
0,A_recon,fast_distractors,49,-0.44635552,0.0,0.0,0.0,17.253777
0,A_recon,fast_distractors,50,-0.26618844,0.0,0.0,1.0,4.752257
0,A_recon,fast_distractors,51,-0.7396827,0.0,0.0,0.0,25.54576
0,A_recon,fast_distractors,52,-0.24226968,0.0,0.0,1.0,7.033765
0,A_recon,fast_distractors,53,-0.5028963,0.0,0.0,1.0,16.224257
0,A_recon,fast_distractors,54,-0.19192524,0.0,0.0,1.0,7.893574
0,A_recon,fast_distractors,55,-0.5519696,0.0,0.0,0.0,15.831805
0,A_recon,fast_distractors,56,0.029657893,0.0,0.2222222222222222,1.0,7.563062
0,A_recon,fast_distractors,57,-0.81974375,0.0,0.0,0.0,27.074358
0,A_recon,fast_distractors,58,-0.48422208,0.0,0.0,0.0,19.336971
0,A_recon,fast_distractors,59,-0.53498626,0.0,0.0,0.0,18.506313
0,A_recon,fast_distractors,60,-0.7397585,0.0,0.0,0.0,20.435295
0,A_recon,fast_distractors,61,-0.39011514,0.0,0.0,0.0,14.823
0,A_recon,fast_distractors,62,-0.5069716,0.0,0.0,1.0,17.216217
0,A_recon,fast_distractors,63,-0.37581283,0.0,0.0,0.0,16.030657
0,A_recon,fast_distractors,64,-0.696468,0.0,0.0,0.0,24.7875
0,A_recon,fast_distractors,65,0.010284312,0.0,0.0,1.0,2.566525
0,A_recon,fast_distractors,66,0.103308454,0.0,0.24444444444444444,1.0,3.4616947
0,A_recon,fast_distractors,67,-0.3635442,0.0,0.0,1.0,14.400321
0,A_recon,fast_distractors,68,-0.79330385,0.0,0.0,0.0,23.099794
0,A_recon,fast_distractors,69,-0.34526834,0.0,0.0,0.0,9.911904
0,A_recon,fast_distractors,70,-0.35699794,0.0,0.0,1.0,10.317872
0,A_recon,fast_distractors,71,-0.6046262,0.0,0.0,0.0,18.827353
0,A_recon,fast_distractors,72,0.14684314,0.0,0.26666666666666666,1.0,3.046802
0,A_recon,fast_distractors,73,-0.3805251,0.0,0.0,1.0,13.528573
0,A_recon,fast_distractors,74,-0.60778594,0.0,0.0,0.0,19.143581
0,A_recon,fast_distractors,75,-0.47174767,0.0,0.0,1.0,16.277706
0,A_recon,fast_distractors,76,-0.24499582,0.0,0.0,1.0,8.045691
0,A_recon,fast_distractors,77,-0.6107079,0.0,0.0,0.0,19.008
0,A_recon,fast_distractors,78,-0.42450786,0.0,0.0,1.0,12.392498
0,A_recon,fast_distractors,79,-0.3388188,0.0,0.0,0.0,10.98519
0,A_recon,fast_distractors,80,-0.70259327,0.0,0.0,0.0,22.102863
0,A_recon,fast_distractors,81,-0.55790836,0.0,0.0,1.0,15.952454
0,A_recon,fast_distractors,82,-0.52315676,0.0,0.0,1.0,14.07028
0,A_recon,fast_distractors,83,-0.8216119,0.0,0.0,0.0,26.629776
0,A_recon,fast_distractors,84,-0.54689586,0.0,0.0,0.0,20.754282
0,A_recon,fast_distractors,85,-0.69151413,0.0,0.0,0.0,21.683828
0,A_recon,fast_distractors,86,-0.45246297,0.0,0.0,0.0,12.904352
0,A_recon,fast_distractors,87,-0.2764938,0.0,0.0,1.0,8.638884
0,A_recon,fast_distractors,88,-0.1986569,0.0,0.0,1.0,4.7239676
0,A_recon,fast_distractors,89,-0.26765314,0.0,0.0,0.0,8.283864
0,A_recon,fast_distractors,90,-0.61977077,0.0,0.0,0.0,18.084436
0,A_recon,fast_distractors,91,-0.77965003,0.0,0.0,0.0,22.94013
0,A_recon,fast_distractors,92,-0.38774326,0.0,0.0,0.0,13.588204
0,A_recon,fast_distractors,93,-0.5401885,0.0,0.0,0.0,15.158592
0,A_recon,fast_distractors,94,-0.21498513,0.0,0.0,1.0,5.50114
0,A_recon,fast_distractors,95,-0.51593745,0.0,0.0,0.0,14.190735
0,A_recon,fast_distractors,96,-0.62074083,0.0,0.0,0.0,22.0969
0,A_recon,fast_distractors,97,-0.41487625,0.0,0.0,0.0,12.867804
0,A_recon,fast_distractors,98,-0.23659615,0.0,0.0,1.0,6.5176167
0,A_recon,fast_distractors,99,-0.6220243,0.0,0.0,0.0,18.229536
0,A_recon,unseen_distractor_hues,0,-0.30806723,0.0,0.0,1.0,6.594172
0,A_recon,unseen_distractor_hues,1,-0.36733484,0.0,0.0,1.0,10.371588
0,A_recon,unseen_distractor_hues,2,-0.69777626,0.0,0.0,0.0,22.186504
0,A_recon,unseen_distractor_hues,3,-0.4413191,0.0,0.0,0.0,12.01075
0,A_recon,unseen_distractor_hues,4,-0.3145408,0.0,0.0,1.0,9.89586
0,A_recon,unseen_distractor_hues,5,-0.6481936,0.0,0.0,0.0,21.486685
0,A_recon,unseen_distractor_hues,6,-0.31259477,0.0,0.0,1.0,5.256169
0,A_recon,unseen_distractor_hues,7,-0.6716254,0.0,0.0,0.0,20.790642
0,A_recon,unseen_distractor_hues,8,-0.51572365,0.0,0.0,1.0,13.549577
0,A_recon,unseen_distractor_hues,9,-0.4551356,0.0,0.0,0.0,12.513257
0,A_recon,unseen_distractor_hues,10,-0.6665938,0.0,0.0,0.0,23.405697
0,A_recon,unseen_distractor_hues,11,-0.6415494,0.0,0.0,0.0,18.222067
0,A_recon,unseen_distractor_hues,12,-0.21954261,0.0,0.0,0.0,12.007633
0,A_recon,unseen_distractor_hues,13,-0.7372557,0.0,0.0,0.0,24.26015
0,A_recon,unseen_distractor_hues,14,-0.43543968,0.0,0.0,0.0,14.566889
0,A_recon,unseen_distractor_hues,15,-0.6882153,0.0,0.0,0.0,20.879595
0,A_recon,unseen_distractor_hues,16,-0.25887877,0.0,0.0,1.0,7.0998383
0,A_recon,unseen_distractor_hues,17,-0.105550945,0.0,0.0,1.0,4.150366
0,A_recon,unseen_distractor_hues,18,-0.4995809,0.0,0.0,0.0,15.84328
0,A_recon,unseen_distractor_hues,19,-0.7535894,0.0,0.0,0.0,23.94046
0,A_recon,unseen_distractor_hues,20,-0.3622059,0.0,0.0,0.0,12.349348
0,A_recon,unseen_distractor_hues,21,-0.17823851,0.0,0.0,1.0,5.622924
0,A_recon,unseen_distractor_hues,22,-0.1890718,0.0,0.0,1.0,5.7108603
0,A_recon,unseen_distractor_hues,23,0.014736965,0.0,0.2,1.0,5.44262
0,A_recon,unseen_distractor_hues,24,-0.33468074,0.0,0.0,1.0,10.232622
0,A_recon,unseen_distractor_hues,25,-0.5776406,0.0,0.0,0.0,20.337355
0,A_recon,unseen_distractor_hues,26,-0.1763495,0.0,0.0,1.0,7.94763
0,A_recon,unseen_distractor_hues,27,-0.055149354,0.0,0.0,1.0,3.37651
0,A_recon,unseen_distractor_hues,28,-0.18595569,0.0,0.0,1.0,5.6254177
0,A_recon,unseen_distractor_hues,29,-0.46222654,0.0,0.0,1.0,15.910615
0,A_recon,unseen_distractor_hues,30,-0.60337573,0.0,0.0,1.0,21.384314
0,A_recon,unseen_distractor_hues,31,-0.4625257,0.0,0.0,0.0,13.291128
0,A_recon,unseen_distractor_hues,32,-0.73762065,0.0,0.0,0.0,22.66242
0,A_recon,unseen_distractor_hues,33,-0.37702912,0.0,0.0,0.0,15.466156
0,A_recon,unseen_distractor_hues,34,-0.53745055,0.0,0.0,0.0,14.556529
0,A_recon,unseen_distractor_hues,35,-0.29155788,0.0,0.0,1.0,9.606422
0,A_recon,unseen_distractor_hues,36,-0.2671179,0.0,0.0,1.0,7.969704
0,A_recon,unseen_distractor_hues,37,-0.7303617,0.0,0.0,0.0,23.402378
0,A_recon,unseen_distractor_hues,38,-0.31660622,0.0,0.0,1.0,8.202194
0,A_recon,unseen_distractor_hues,39,-0.6742382,0.0,0.0,0.0,22.15339
0,A_recon,unseen_distractor_hues,40,-0.43057263,0.0,0.0,1.0,11.665131
0,A_recon,unseen_distractor_hues,41,-0.29748753,0.0,0.0,1.0,7.9491897
0,A_recon,unseen_distractor_hues,42,-0.3562417,0.0,0.0,1.0,12.068967
0,A_recon,unseen_distractor_hues,43,-0.39798707,0.0,0.0,1.0,12.668336
0,A_recon,unseen_distractor_hues,44,-0.32856116,0.0,0.0,1.0,5.8613605
0,A_recon,unseen_distractor_hues,45,-0.4248862,0.0,0.0,0.0,13.467269
0,A_recon,unseen_distractor_hues,46,-0.69233966,0.0,0.0,0.0,21.989672
0,A_recon,unseen_distractor_hues,47,-0.1816112,0.0,0.0,1.0,7.77221
0,A_recon,unseen_distractor_hues,48,-0.5756147,0.0,0.0,1.0,17.601961
0,A_recon,unseen_distractor_hues,49,-0.44743314,0.0,0.0,0.0,17.37107
0,A_recon,unseen_distractor_hues,50,-0.27072147,0.0,0.0,1.0,4.9048386
0,A_recon,unseen_distractor_hues,51,-0.73681724,0.0,0.0,0.0,25.416538
0,A_recon,unseen_distractor_hues,52,-0.23143132,0.0,0.0,1.0,6.5246444
0,A_recon,unseen_distractor_hues,53,-0.5104652,0.0,0.0,1.0,16.721212
0,A_recon,unseen_distractor_hues,54,-0.20062232,0.0,0.0,1.0,8.021903
0,A_recon,unseen_distractor_hues,55,-0.55126435,0.0,0.0,0.0,15.770344
0,A_recon,unseen_distractor_hues,56,0.030643256,0.0,0.24444444444444444,1.0,7.5150876
0,A_recon,unseen_distractor_hues,57,-0.8232204,0.0,0.0,0.0,27.147213
0,A_recon,unseen_distractor_hues,58,-0.5015367,0.0,0.0,0.0,20.505209
0,A_recon,unseen_distractor_hues,59,-0.55733997,0.0,0.0,0.0,19.366978
0,A_recon,unseen_distractor_hues,60,-0.7221842,0.0,0.0,0.0,19.78264
0,A_recon,unseen_distractor_hues,61,-0.38864735,0.0,0.0,0.0,14.781293
0,A_recon,unseen_distractor_hues,62,-0.5123571,0.0,0.0,1.0,17.569622
0,A_recon,unseen_distractor_hues,63,-0.3684655,0.0,0.0,0.0,15.670345
0,A_recon,unseen_distractor_hues,64,-0.7046522,0.0,0.0,0.0,25.598652
0,A_recon,unseen_distractor_hues,65,-0.010514048,0.0,0.0,1.0,2.3212554
0,A_recon,unseen_distractor_hues,66,0.0992358,0.0,0.24444444444444444,1.0,3.576399
0,A_recon,unseen_distractor_hues,67,-0.29618716,0.0,0.0,1.0,10.736514
0,A_recon,unseen_distractor_hues,68,-0.7596156,0.0,0.0,0.0,22.7145
0,A_recon,unseen_distractor_hues,69,-0.36617723,0.0,0.0,0.0,11.215452
0,A_recon,unseen_distractor_hues,70,-0.29387653,0.0,0.0,1.0,6.1991625
0,A_recon,unseen_distractor_hues,71,-0.6115948,0.0,0.0,0.0,19.326155
0,A_recon,unseen_distractor_hues,72,0.12578933,0.0,0.28888888888888886,1.0,4.8157616
0,A_recon,unseen_distractor_hues,73,-0.40958002,0.0,0.0,1.0,14.791893
0,A_recon,unseen_distractor_hues,74,-0.6383197,0.0,0.0,0.0,20.263182
0,A_recon,unseen_distractor_hues,75,-0.47316924,0.0,0.0,1.0,16.573025
0,A_recon,unseen_distractor_hues,76,-0.23337895,0.0,0.0,1.0,7.2113843
0,A_recon,unseen_distractor_hues,77,-0.60973835,0.0,0.0,0.0,19.009901
0,A_recon,unseen_distractor_hues,78,-0.3889467,0.0,0.0,1.0,10.875348
0,A_recon,unseen_distractor_hues,79,-0.30951452,0.0,0.0,0.0,9.812097
0,A_recon,unseen_distractor_hues,80,-0.7034178,0.0,0.0,0.0,22.155186
0,A_recon,unseen_distractor_hues,81,-0.5822433,0.0,0.0,1.0,16.371172
0,A_recon,unseen_distractor_hues,82,-0.52663016,0.0,0.0,1.0,14.632719
0,A_recon,unseen_distractor_hues,83,-0.81908923,0.0,0.0,0.0,26.458643
0,A_recon,unseen_distractor_hues,84,-0.54959446,0.0,0.0,0.0,20.875856
0,A_recon,unseen_distractor_hues,85,-0.690087,0.0,0.0,0.0,21.587887
0,A_recon,unseen_distractor_hues,86,-0.46809018,0.0,0.0,0.0,13.419642
0,A_recon,unseen_distractor_hues,87,-0.2760165,0.0,0.0,1.0,8.31883
0,A_recon,unseen_distractor_hues,88,-0.20328242,0.0,0.0,1.0,4.8272605
0,A_recon,unseen_distractor_hues,89,-0.25539052,0.0,0.0,0.0,7.7464247
0,A_recon,unseen_distractor_hues,90,-0.57338816,0.0,0.0,0.0,15.345352
0,A_recon,unseen_distractor_hues,91,-0.77131456,0.0,0.0,0.0,22.583006
0,A_recon,unseen_distractor_hues,92,-0.38874176,0.0,0.0,0.0,12.688213
0,A_recon,unseen_distractor_hues,93,-0.5353381,0.0,0.0,0.0,14.851786
0,A_recon,unseen_distractor_hues,94,-0.20078826,0.0,0.0,1.0,4.734385
0,A_recon,unseen_distractor_hues,95,-0.5146487,0.0,0.0,0.0,13.909427
0,A_recon,unseen_distractor_hues,96,-0.6235982,0.0,0.0,0.0,22.217777
0,A_recon,unseen_distractor_hues,97,-0.38270828,0.0,0.0,0.0,11.603704
0,A_recon,unseen_distractor_hues,98,-0.24204876,0.0,0.0,1.0,7.5100965
0,A_recon,unseen_distractor_hues,99,-0.6097854,0.0,0.0,0.0,17.010405
0,A_recon,heavy_pixel_noise,0,-0.3095301,0.0,0.0,1.0,6.7012506
0,A_recon,heavy_pixel_noise,1,-0.35626012,0.0,0.0,1.0,9.944593
0,A_recon,heavy_pixel_noise,2,-0.7018583,0.0,0.0,0.0,22.376764
0,A_recon,heavy_pixel_noise,3,-0.45130923,0.0,0.0,0.0,12.588188
0,A_recon,heavy_pixel_noise,4,-0.31586188,0.0,0.0,1.0,9.8836
0,A_recon,heavy_pixel_noise,5,-0.63014275,0.0,0.0,0.0,20.838907
0,A_recon,heavy_pixel_noise,6,-0.30788752,0.0,0.0,1.0,5.170625
0,A_recon,heavy_pixel_noise,7,-0.6767442,0.0,0.0,0.0,20.858593
0,A_recon,heavy_pixel_noise,8,-0.5497935,0.0,0.0,0.0,15.58786
0,A_recon,heavy_pixel_noise,9,-0.49521118,0.0,0.0,0.0,14.679913
0,A_recon,heavy_pixel_noise,10,-0.6239465,0.0,0.0,0.0,21.434473
0,A_recon,heavy_pixel_noise,11,-0.65905213,0.0,0.0,0.0,19.399525
0,A_recon,heavy_pixel_noise,12,-0.21402071,0.0,0.0,0.0,11.485853
0,A_recon,heavy_pixel_noise,13,-0.74321586,0.0,0.0,0.0,24.473244
0,A_recon,heavy_pixel_noise,14,-0.41120508,0.0,0.0,0.0,13.533864
0,A_recon,heavy_pixel_noise,15,-0.6910685,0.0,0.0,0.0,21.33646
0,A_recon,heavy_pixel_noise,16,-0.2797524,0.0,0.0,1.0,8.162679
0,A_recon,heavy_pixel_noise,17,-0.10671821,0.0,0.0,1.0,4.35571
0,A_recon,heavy_pixel_noise,18,-0.49308467,0.0,0.0,0.0,15.385757
0,A_recon,heavy_pixel_noise,19,-0.7437099,0.0,0.0,0.0,23.290161
0,A_recon,heavy_pixel_noise,20,-0.4214568,0.0,0.0,0.0,15.933482
0,A_recon,heavy_pixel_noise,21,-0.16559333,0.0,0.0,1.0,4.9979477
0,A_recon,heavy_pixel_noise,22,-0.2259629,0.0,0.0,1.0,7.8309145
0,A_recon,heavy_pixel_noise,23,-0.054293822,0.0,0.0,1.0,3.3024373
0,A_recon,heavy_pixel_noise,24,-0.33407688,0.0,0.0,1.0,10.392729
0,A_recon,heavy_pixel_noise,25,-0.5729485,0.0,0.0,0.0,19.778484
0,A_recon,heavy_pixel_noise,26,-0.14744326,0.0,0.0,1.0,6.314927
0,A_recon,heavy_pixel_noise,27,-0.17002752,0.0,0.0,1.0,5.3419094
0,A_recon,heavy_pixel_noise,28,-0.18036748,0.0,0.0,1.0,5.558695
0,A_recon,heavy_pixel_noise,29,-0.45846638,0.0,0.0,1.0,15.692816
0,A_recon,heavy_pixel_noise,30,-0.59455436,0.0,0.0,1.0,20.53658
0,A_recon,heavy_pixel_noise,31,-0.46998185,0.0,0.0,0.0,13.712185
0,A_recon,heavy_pixel_noise,32,-0.777157,0.0,0.0,0.0,24.325598
0,A_recon,heavy_pixel_noise,33,-0.3193356,0.0,0.0,0.0,12.517504
0,A_recon,heavy_pixel_noise,34,-0.53779054,0.0,0.0,0.0,14.553643
0,A_recon,heavy_pixel_noise,35,-0.2848658,0.0,0.0,1.0,9.787057
0,A_recon,heavy_pixel_noise,36,-0.27046305,0.0,0.0,1.0,8.109359
0,A_recon,heavy_pixel_noise,37,-0.7473175,0.0,0.0,0.0,24.592695
0,A_recon,heavy_pixel_noise,38,-0.32209575,0.0,0.0,1.0,8.920076
0,A_recon,heavy_pixel_noise,39,-0.6551308,0.0,0.0,0.0,21.09143
0,A_recon,heavy_pixel_noise,40,-0.35545063,0.0,0.0,1.0,8.517599
0,A_recon,heavy_pixel_noise,41,-0.26820958,0.0,0.0,1.0,5.610648
0,A_recon,heavy_pixel_noise,42,-0.28406712,0.0,0.0,1.0,9.088231
0,A_recon,heavy_pixel_noise,43,-0.3920504,0.0,0.0,1.0,12.71946
0,A_recon,heavy_pixel_noise,44,-0.33453873,0.0,0.0,1.0,5.9291186
0,A_recon,heavy_pixel_noise,45,-0.421573,0.0,0.0,0.0,13.209638
0,A_recon,heavy_pixel_noise,46,-0.6519497,0.0,0.0,0.0,20.378588
0,A_recon,heavy_pixel_noise,47,-0.18415731,0.0,0.0,1.0,8.03832
0,A_recon,heavy_pixel_noise,48,-0.5839203,0.0,0.0,1.0,18.247135
0,A_recon,heavy_pixel_noise,49,-0.44484994,0.0,0.0,0.0,17.20332
0,A_recon,heavy_pixel_noise,50,-0.2863279,0.0,0.0,1.0,5.6487284
0,A_recon,heavy_pixel_noise,51,-0.70169914,0.0,0.0,0.0,22.796804
0,A_recon,heavy_pixel_noise,52,-0.23469868,0.0,0.0,1.0,6.9350567
0,A_recon,heavy_pixel_noise,53,-0.4966969,0.0,0.0,1.0,15.685133
0,A_recon,heavy_pixel_noise,54,-0.18543595,0.0,0.0,1.0,7.8405433
0,A_recon,heavy_pixel_noise,55,-0.5640848,0.0,0.0,0.0,16.596563
0,A_recon,heavy_pixel_noise,56,0.026002647,0.0,0.2222222222222222,1.0,7.6126647
0,A_recon,heavy_pixel_noise,57,-0.8231733,0.0,0.0,0.0,26.906149
0,A_recon,heavy_pixel_noise,58,-0.46065262,0.0,0.0,0.0,18.516537
0,A_recon,heavy_pixel_noise,59,-0.53085655,0.0,0.0,0.0,18.208422
0,A_recon,heavy_pixel_noise,60,-0.72294134,0.0,0.0,0.0,19.925802
0,A_recon,heavy_pixel_noise,61,-0.39007902,0.0,0.0,0.0,14.8656645
0,A_recon,heavy_pixel_noise,62,-0.51369065,0.0,0.0,1.0,17.510471
0,A_recon,heavy_pixel_noise,63,-0.37115237,0.0,0.0,0.0,15.7340145
0,A_recon,heavy_pixel_noise,64,-0.6946515,0.0,0.0,0.0,24.581213
0,A_recon,heavy_pixel_noise,65,0.02529549,0.0,0.15555555555555556,1.0,2.1728356
0,A_recon,heavy_pixel_noise,66,0.053701226,0.0,0.2222222222222222,1.0,4.2411466
0,A_recon,heavy_pixel_noise,67,-0.30855438,0.0,0.0,1.0,11.301083
0,A_recon,heavy_pixel_noise,68,-0.80177146,0.0,0.0,0.0,23.406546
0,A_recon,heavy_pixel_noise,69,-0.37548438,0.0,0.0,0.0,11.628238
0,A_recon,heavy_pixel_noise,70,-0.35201386,0.0,0.0,1.0,10.757168
0,A_recon,heavy_pixel_noise,71,-0.62592745,0.0,0.0,0.0,19.727013
0,A_recon,heavy_pixel_noise,72,0.13425663,0.0,0.26666666666666666,1.0,3.3895576
0,A_recon,heavy_pixel_noise,73,-0.3843152,0.0,0.0,1.0,13.96717
0,A_recon,heavy_pixel_noise,74,-0.61426,0.0,0.0,0.0,19.196014
0,A_recon,heavy_pixel_noise,75,-0.47642106,0.0,0.0,1.0,16.955667
0,A_recon,heavy_pixel_noise,76,-0.29735503,0.0,0.0,1.0,10.996153
0,A_recon,heavy_pixel_noise,77,-0.61186826,0.0,0.0,0.0,19.173096
0,A_recon,heavy_pixel_noise,78,-0.42317852,0.0,0.0,1.0,12.229028
0,A_recon,heavy_pixel_noise,79,-0.32663772,0.0,0.0,0.0,10.5266905
0,A_recon,heavy_pixel_noise,80,-0.70364326,0.0,0.0,0.0,22.15162
0,A_recon,heavy_pixel_noise,81,-0.5778056,0.0,0.0,1.0,15.912371
0,A_recon,heavy_pixel_noise,82,-0.5131171,0.0,0.0,1.0,13.524299
0,A_recon,heavy_pixel_noise,83,-0.8207992,0.0,0.0,0.0,26.52991
0,A_recon,heavy_pixel_noise,84,-0.5235598,0.0,0.0,0.0,20.1072
0,A_recon,heavy_pixel_noise,85,-0.7120641,0.0,0.0,0.0,22.790045
0,A_recon,heavy_pixel_noise,86,-0.46517745,0.0,0.0,0.0,14.315199
0,A_recon,heavy_pixel_noise,87,-0.25891688,0.0,0.0,1.0,7.806817
0,A_recon,heavy_pixel_noise,88,-0.19112307,0.0,0.0,1.0,4.001145
0,A_recon,heavy_pixel_noise,89,-0.2963659,0.0,0.0,0.0,10.411372
0,A_recon,heavy_pixel_noise,90,-0.6246251,0.0,0.0,0.0,18.944017
0,A_recon,heavy_pixel_noise,91,-0.7743663,0.0,0.0,0.0,23.3905
0,A_recon,heavy_pixel_noise,92,-0.36196762,0.0,0.0,0.0,12.27533
0,A_recon,heavy_pixel_noise,93,-0.5386049,0.0,0.0,0.0,14.985922
0,A_recon,heavy_pixel_noise,94,-0.19888756,0.0,0.0,1.0,4.5370855
0,A_recon,heavy_pixel_noise,95,-0.51625055,0.0,0.0,0.0,14.033593
0,A_recon,heavy_pixel_noise,96,-0.6281048,0.0,0.0,0.0,22.341358
0,A_recon,heavy_pixel_noise,97,-0.42473027,0.0,0.0,0.0,13.54139
0,A_recon,heavy_pixel_noise,98,-0.24698989,0.0,0.0,1.0,7.2994194
0,A_recon,heavy_pixel_noise,99,-0.61463463,0.0,0.0,0.0,17.861795
0,B_task,in_distribution,0,0.03488425,0.0,0.3111111111111111,1.0,2.8547132
0,B_task,in_distribution,1,-0.1799315,0.0,0.0,1.0,2.6732738
0,B_task,in_distribution,2,-0.5674024,0.0,0.0,0.0,15.262901
0,B_task,in_distribution,3,-0.28405592,0.0,0.0,1.0,8.268927
0,B_task,in_distribution,4,-0.1570073,0.0,0.0,1.0,4.033267
0,B_task,in_distribution,5,-0.34567726,0.0,0.0,1.0,6.0230174
0,B_task,in_distribution,6,-0.18445267,0.0,0.022222222222222223,1.0,11.4905205
0,B_task,in_distribution,7,-0.3249033,0.0,0.0,1.0,5.9296994
0,B_task,in_distribution,8,-0.21913674,0.0,0.0,1.0,2.7132037
0,B_task,in_distribution,9,-0.32297197,0.0,0.0,1.0,8.694781
0,B_task,in_distribution,10,-0.28450856,0.0,0.0,1.0,4.388828
0,B_task,in_distribution,11,-0.46343425,0.0,0.0,1.0,11.161946
0,B_task,in_distribution,12,-0.33247533,0.0,0.0,0.0,14.883168
0,B_task,in_distribution,13,-0.41474444,0.0,0.0,1.0,5.2863398
0,B_task,in_distribution,14,-0.26972803,0.0,0.0,1.0,6.870239
0,B_task,in_distribution,15,-0.49625194,0.0,0.0,0.0,14.967481
0,B_task,in_distribution,16,-0.15384914,0.0,0.0,1.0,4.888995
0,B_task,in_distribution,17,-0.151781,0.0,0.0,1.0,5.7321963
0,B_task,in_distribution,18,-0.24106473,0.0,0.0,1.0,5.600269
0,B_task,in_distribution,19,-0.3010215,0.0,0.0,1.0,2.1109138
0,B_task,in_distribution,20,-0.22736946,0.0,0.0,1.0,6.1214533
0,B_task,in_distribution,21,0.04144795,0.0,0.0,1.0,2.6641793
0,B_task,in_distribution,22,-0.1550678,0.0,0.0,1.0,5.1005497
0,B_task,in_distribution,23,-0.08356728,0.0,0.0,1.0,8.428224
0,B_task,in_distribution,24,-0.36481717,0.0,0.0,1.0,9.81281
0,B_task,in_distribution,25,-0.5464212,0.0,0.0,0.0,20.612276
0,B_task,in_distribution,26,-0.044917084,0.0,0.0,1.0,5.535061
0,B_task,in_distribution,27,0.09476948,0.0,0.26666666666666666,1.0,2.015865
0,B_task,in_distribution,28,-0.2833302,0.0,0.0,1.0,11.607916
0,B_task,in_distribution,29,-0.35700586,0.0,0.0,1.0,14.42204
0,B_task,in_distribution,30,-0.26643068,0.0,0.0,1.0,5.7566404
0,B_task,in_distribution,31,-0.22886784,0.0,0.0,1.0,6.411194
0,B_task,in_distribution,32,-0.3518191,0.0,0.0,1.0,2.9988983
0,B_task,in_distribution,33,-0.23074853,0.0,0.0,1.0,10.315237
0,B_task,in_distribution,34,-0.075352445,0.0,0.15555555555555556,1.0,3.0023305
0,B_task,in_distribution,35,-0.25608316,0.0,0.0,1.0,8.819249
0,B_task,in_distribution,36,-0.19223525,0.0,0.0,1.0,6.0448356
0,B_task,in_distribution,37,-0.32417637,0.0,0.0,1.0,5.938256
0,B_task,in_distribution,38,-0.2856767,0.0,0.0,1.0,10.01792
0,B_task,in_distribution,39,-0.06566728,1.0,0.35555555555555557,1.0,0.75325024
0,B_task,in_distribution,40,-0.25660282,0.0,0.0,1.0,6.4136267
0,B_task,in_distribution,41,-0.3040362,0.0,0.0,1.0,12.229492
0,B_task,in_distribution,42,-0.2604975,0.0,0.0,1.0,7.0251017
0,B_task,in_distribution,43,-0.22334245,0.0,0.0,1.0,6.097933
0,B_task,in_distribution,44,-0.23630475,0.0,0.0,1.0,7.436426
0,B_task,in_distribution,45,-0.30966833,0.0,0.0,1.0,8.1621895
0,B_task,in_distribution,46,-0.31220573,0.0,0.0,1.0,4.7031374
0,B_task,in_distribution,47,-0.17548972,0.0,0.0,0.0,9.436418
0,B_task,in_distribution,48,-0.36229518,0.0,0.0,1.0,10.110669
0,B_task,in_distribution,49,-0.32797137,0.0,0.0,0.0,13.371487
0,B_task,in_distribution,50,-0.22308381,0.0,0.0,1.0,8.618888
0,B_task,in_distribution,51,-0.49384627,0.0,0.0,0.0,12.184515
0,B_task,in_distribution,52,-0.12940422,0.0,0.0,1.0,5.750985
0,B_task,in_distribution,53,-0.26097488,0.0,0.0,1.0,6.076836
0,B_task,in_distribution,54,-0.16995403,0.0,0.0,1.0,6.6899695
0,B_task,in_distribution,55,-0.14409879,0.0,0.15555555555555556,1.0,1.6032083
0,B_task,in_distribution,56,-0.056792673,0.0,0.06666666666666667,1.0,7.786743
0,B_task,in_distribution,57,-0.42601848,0.0,0.0,1.0,6.0470867
0,B_task,in_distribution,58,-0.33314487,0.0,0.0,0.0,11.015066
0,B_task,in_distribution,59,-0.4835408,0.0,0.0,0.0,18.541838
0,B_task,in_distribution,60,-0.39895722,0.0,0.0,1.0,7.1190915
0,B_task,in_distribution,61,-0.40460807,0.0,0.0,0.0,18.537544
0,B_task,in_distribution,62,-0.3499024,0.0,0.0,1.0,10.042879
0,B_task,in_distribution,63,-0.20862167,0.0,0.0,1.0,7.3237243
0,B_task,in_distribution,64,-0.31360382,0.0,0.0,1.0,9.114738
0,B_task,in_distribution,65,0.19156441,1.0,0.5111111111111111,1.0,0.8202378
0,B_task,in_distribution,66,0.0033600708,0.0,0.2222222222222222,1.0,8.749951
0,B_task,in_distribution,67,-0.19706298,0.0,0.0,1.0,7.2342596
0,B_task,in_distribution,68,-0.34534788,0.0,0.0,1.0,3.4762967
0,B_task,in_distribution,69,-0.22776455,0.0,0.0,1.0,6.998618
0,B_task,in_distribution,70,-0.028236533,1.0,0.1111111111111111,1.0,1.180556
0,B_task,in_distribution,71,-0.47585937,0.0,0.0,0.0,12.830334
0,B_task,in_distribution,72,0.029318428,0.0,0.2,1.0,5.6027813
0,B_task,in_distribution,73,-0.29845968,0.0,0.0,1.0,8.476174
0,B_task,in_distribution,74,-0.25646475,0.0,0.0,1.0,4.311694
0,B_task,in_distribution,75,-0.32233045,0.0,0.0,1.0,9.386305
0,B_task,in_distribution,76,-0.20864287,0.0,0.0,1.0,6.5116973
0,B_task,in_distribution,77,-0.36703032,0.0,0.0,0.0,7.520292
0,B_task,in_distribution,78,-0.35520387,0.0,0.0,1.0,10.7590885
0,B_task,in_distribution,79,-0.24463539,0.0,0.0,0.0,7.986198
0,B_task,in_distribution,80,-0.4913776,0.0,0.0,0.0,15.146422
0,B_task,in_distribution,81,-0.388404,0.0,0.0,1.0,8.854919
0,B_task,in_distribution,82,-0.37565312,0.0,0.0,1.0,10.801502
0,B_task,in_distribution,83,-0.42089966,0.0,0.0,1.0,7.2603574
0,B_task,in_distribution,84,-0.3929327,0.0,0.0,1.0,12.760106
0,B_task,in_distribution,85,-0.4686016,0.0,0.0,1.0,10.166755
0,B_task,in_distribution,86,-0.24656664,0.0,0.0,1.0,4.7581186
0,B_task,in_distribution,87,-0.14421564,0.0,0.0,1.0,3.9368842
0,B_task,in_distribution,88,-0.18444712,0.0,0.0,1.0,3.8633692
0,B_task,in_distribution,89,-0.30114484,0.0,0.0,1.0,12.272984
0,B_task,in_distribution,90,-0.34405476,0.0,0.0,1.0,5.9722366
0,B_task,in_distribution,91,-0.51726776,0.0,0.0,1.0,11.365809
0,B_task,in_distribution,92,-0.008764189,0.0,0.2222222222222222,1.0,3.0700347
0,B_task,in_distribution,93,-0.42737487,0.0,0.0,0.0,11.91724
0,B_task,in_distribution,94,-0.16562493,0.0,0.0,1.0,5.470931
0,B_task,in_distribution,95,-0.27870607,0.0,0.0,1.0,6.529766
0,B_task,in_distribution,96,-0.31209648,0.0,0.0,1.0,3.3157582
0,B_task,in_distribution,97,-0.25285202,0.0,0.0,1.0,7.8734193
0,B_task,in_distribution,98,-0.16996041,0.0,0.0,1.0,5.7297244
0,B_task,in_distribution,99,-0.16776931,0.0,0.08888888888888889,1.0,1.837054
0,B_task,4_distractors,0,0.073990904,1.0,0.37777777777777777,1.0,0.8692783
0,B_task,4_distractors,1,-0.16240923,0.0,0.0,1.0,3.3149116
0,B_task,4_distractors,2,-0.5091697,0.0,0.0,0.0,14.046445
0,B_task,4_distractors,3,-0.31977737,0.0,0.0,1.0,9.235161
0,B_task,4_distractors,4,-0.1132437,0.0,0.0,1.0,3.2154944
0,B_task,4_distractors,5,-0.35439774,0.0,0.0,1.0,7.1556034
0,B_task,4_distractors,6,-0.19100276,0.0,0.022222222222222223,0.0,11.913137
0,B_task,4_distractors,7,-0.33922586,0.0,0.0,1.0,7.008317
0,B_task,4_distractors,8,-0.30951518,0.0,0.0,1.0,6.155234
0,B_task,4_distractors,9,-0.33870062,0.0,0.0,1.0,9.879809
0,B_task,4_distractors,10,-0.31563577,0.0,0.0,1.0,6.246293
0,B_task,4_distractors,11,-0.6013979,0.0,0.0,1.0,17.52068
0,B_task,4_distractors,12,-0.2795002,0.0,0.0,0.0,11.694783
0,B_task,4_distractors,13,-0.4915607,0.0,0.0,0.0,11.105633
0,B_task,4_distractors,14,-0.30137262,0.0,0.0,0.0,9.937163
0,B_task,4_distractors,15,-0.48988783,0.0,0.0,0.0,14.821188
0,B_task,4_distractors,16,-0.12718815,0.0,0.0,1.0,4.0381136
0,B_task,4_distractors,17,-0.1436127,0.0,0.0,1.0,5.240403
0,B_task,4_distractors,18,-0.3793574,0.0,0.0,1.0,10.767513
0,B_task,4_distractors,19,-0.2553899,0.0,0.0,1.0,1.6433337
0,B_task,4_distractors,20,-0.21329977,0.0,0.0,1.0,6.1942525
0,B_task,4_distractors,21,0.021320907,0.0,0.0,1.0,3.199332
0,B_task,4_distractors,22,-0.13675186,0.0,0.0,1.0,4.208694
0,B_task,4_distractors,23,-0.11436852,0.0,0.0,1.0,8.153087
0,B_task,4_distractors,24,-0.34663954,0.0,0.0,1.0,7.631192
0,B_task,4_distractors,25,-0.39441338,0.0,0.0,0.0,13.03586
0,B_task,4_distractors,26,-0.09903921,0.0,0.0,0.0,6.228548
0,B_task,4_distractors,27,-0.0283086,0.0,0.0,1.0,2.3909543
0,B_task,4_distractors,28,-0.29991338,0.0,0.0,1.0,12.750326
0,B_task,4_distractors,29,-0.347816,0.0,0.0,1.0,14.182576
0,B_task,4_distractors,30,-0.2715826,0.0,0.0,1.0,6.7241745
0,B_task,4_distractors,31,-0.23345937,0.0,0.0,1.0,4.6564617
0,B_task,4_distractors,32,-0.3515274,0.0,0.0,1.0,3.22428
0,B_task,4_distractors,33,-0.24375157,0.0,0.0,0.0,10.378187
0,B_task,4_distractors,34,-0.030370412,0.0,0.2,1.0,2.48383
0,B_task,4_distractors,35,-0.2394384,0.0,0.0,1.0,8.066493
0,B_task,4_distractors,36,-0.1855392,0.0,0.0,1.0,5.556825
0,B_task,4_distractors,37,-0.336382,0.0,0.0,1.0,5.6493564
0,B_task,4_distractors,38,-0.27883956,0.0,0.0,1.0,10.313027
0,B_task,4_distractors,39,-0.1332859,1.0,0.06666666666666667,1.0,1.1680887
0,B_task,4_distractors,40,-0.25553364,0.0,0.0,1.0,6.5296974
0,B_task,4_distractors,41,-0.07275911,0.0,0.022222222222222223,1.0,5.1387067
0,B_task,4_distractors,42,-0.26669887,0.0,0.0,1.0,8.182395
0,B_task,4_distractors,43,-0.15276922,0.0,0.0,1.0,2.1887133
0,B_task,4_distractors,44,-0.19878277,0.0,0.0,1.0,5.5337462
0,B_task,4_distractors,45,-0.34287253,0.0,0.0,1.0,9.428379
0,B_task,4_distractors,46,-0.35228103,0.0,0.0,1.0,7.208271
0,B_task,4_distractors,47,-0.19264306,0.0,0.0,1.0,6.7652874
0,B_task,4_distractors,48,-0.4371466,0.0,0.0,1.0,12.967234
0,B_task,4_distractors,49,-0.33230066,0.0,0.0,0.0,14.022419
0,B_task,4_distractors,50,-0.22867325,0.0,0.0,1.0,8.847084
0,B_task,4_distractors,51,-0.6696011,0.0,0.0,0.0,21.758245
0,B_task,4_distractors,52,-0.13095796,0.0,0.0,1.0,5.9386306
0,B_task,4_distractors,53,-0.25598633,0.0,0.0,1.0,5.6415753
0,B_task,4_distractors,54,-0.16539754,0.0,0.0,1.0,6.3004127
0,B_task,4_distractors,55,-0.16231668,0.0,0.0,1.0,2.510009
0,B_task,4_distractors,56,-0.08581177,0.0,0.0,1.0,7.5274134
0,B_task,4_distractors,57,-0.44057,0.0,0.0,1.0,7.5835357
0,B_task,4_distractors,58,-0.3202316,0.0,0.0,0.0,10.219701
0,B_task,4_distractors,59,-0.45415273,0.0,0.0,0.0,16.990612
0,B_task,4_distractors,60,-0.39905325,0.0,0.0,1.0,7.1535716
0,B_task,4_distractors,61,-0.40174815,0.0,0.0,0.0,18.395897
0,B_task,4_distractors,62,-0.3325713,0.0,0.0,1.0,8.636936
0,B_task,4_distractors,63,-0.22656101,0.0,0.0,0.0,8.407653
0,B_task,4_distractors,64,-0.31493726,0.0,0.0,1.0,8.331632
0,B_task,4_distractors,65,0.14231819,0.0,0.35555555555555557,1.0,3.389401
0,B_task,4_distractors,66,0.033419978,0.0,0.24444444444444444,1.0,8.724369
0,B_task,4_distractors,67,-0.19784763,0.0,0.0,1.0,7.636102
0,B_task,4_distractors,68,-0.3408294,0.0,0.0,1.0,3.3108118
0,B_task,4_distractors,69,-0.22077484,0.0,0.0,1.0,5.688072
0,B_task,4_distractors,70,-0.04572743,0.0,0.0,1.0,1.9811755
0,B_task,4_distractors,71,-0.48901722,0.0,0.0,0.0,13.146392
0,B_task,4_distractors,72,-0.036131844,0.0,0.13333333333333333,1.0,6.351972
0,B_task,4_distractors,73,-0.35507742,0.0,0.0,1.0,9.174936
0,B_task,4_distractors,74,-0.27614757,0.0,0.0,1.0,4.7345157
0,B_task,4_distractors,75,-0.33187708,0.0,0.0,1.0,10.430831
0,B_task,4_distractors,76,-0.22195554,0.0,0.0,1.0,7.0550985
0,B_task,4_distractors,77,-0.35857865,0.0,0.0,1.0,7.2601857
0,B_task,4_distractors,78,-0.3866196,0.0,0.0,1.0,12.46871
0,B_task,4_distractors,79,-0.23272042,0.0,0.0,0.0,7.8149214
0,B_task,4_distractors,80,-0.4845558,0.0,0.0,0.0,14.686979
0,B_task,4_distractors,81,-0.39323723,0.0,0.0,1.0,10.233157
0,B_task,4_distractors,82,-0.38340238,0.0,0.0,1.0,10.958778
0,B_task,4_distractors,83,-0.46707988,0.0,0.0,1.0,10.297166
0,B_task,4_distractors,84,-0.37138012,0.0,0.0,1.0,11.326406
0,B_task,4_distractors,85,-0.44415987,0.0,0.0,1.0,9.025856
0,B_task,4_distractors,86,-0.20523207,0.0,0.0,1.0,2.4897695
0,B_task,4_distractors,87,0.021179233,1.0,0.24444444444444444,1.0,1.2270299
0,B_task,4_distractors,88,-0.12538365,0.0,0.0,1.0,1.9572127
0,B_task,4_distractors,89,-0.28398255,0.0,0.0,1.0,11.399488
0,B_task,4_distractors,90,-0.31033814,0.0,0.0,1.0,4.1948557
0,B_task,4_distractors,91,-0.37214822,0.0,0.0,1.0,3.5800352
0,B_task,4_distractors,92,-0.264086,0.0,0.0,1.0,7.42269
0,B_task,4_distractors,93,-0.45286614,0.0,0.0,0.0,10.633837
0,B_task,4_distractors,94,-0.16415818,0.0,0.0,1.0,5.564497
0,B_task,4_distractors,95,-0.23863375,0.0,0.0,1.0,4.033081
0,B_task,4_distractors,96,-0.5679007,0.0,0.0,0.0,18.427414
0,B_task,4_distractors,97,-0.22472979,0.0,0.0,1.0,5.7741623
0,B_task,4_distractors,98,-0.19062153,0.0,0.0,1.0,7.4317155
0,B_task,4_distractors,99,-0.33619753,0.0,0.0,1.0,4.9333315
0,B_task,fast_distractors,0,-0.15559554,0.0,0.0,1.0,4.7752314
0,B_task,fast_distractors,1,-0.20060891,0.0,0.0,1.0,3.8097267
0,B_task,fast_distractors,2,-0.5583023,0.0,0.0,0.0,14.657359
0,B_task,fast_distractors,3,-0.25477213,0.0,0.0,1.0,6.1006465
0,B_task,fast_distractors,4,0.04786421,0.0,0.2,1.0,1.9338638
0,B_task,fast_distractors,5,-0.36113808,0.0,0.0,1.0,6.543679
0,B_task,fast_distractors,6,-0.20639627,0.0,0.0,1.0,10.983861
0,B_task,fast_distractors,7,-0.31778887,0.0,0.0,1.0,5.6093626
0,B_task,fast_distractors,8,-0.27183765,0.0,0.0,1.0,3.9797504
0,B_task,fast_distractors,9,-0.2972606,0.0,0.0,1.0,7.0354033
0,B_task,fast_distractors,10,-0.26191285,0.0,0.0,1.0,4.0106893
0,B_task,fast_distractors,11,-0.44672436,0.0,0.0,1.0,10.818969
0,B_task,fast_distractors,12,-0.32739368,0.0,0.0,0.0,14.700812
0,B_task,fast_distractors,13,-0.4567067,0.0,0.0,1.0,8.37098
0,B_task,fast_distractors,14,-0.27345398,0.0,0.0,1.0,7.9296775
0,B_task,fast_distractors,15,-0.4957614,0.0,0.0,0.0,14.898982
0,B_task,fast_distractors,16,-0.1605059,0.0,0.0,1.0,5.5018134
0,B_task,fast_distractors,17,-0.148033,0.0,0.0,1.0,5.5573
0,B_task,fast_distractors,18,-0.27870432,0.0,0.0,1.0,6.6905007
0,B_task,fast_distractors,19,-0.28267017,0.0,0.0,1.0,2.086315
0,B_task,fast_distractors,20,-0.23103543,0.0,0.0,0.0,6.682913
0,B_task,fast_distractors,21,0.033198737,0.0,0.0,1.0,2.9664392
0,B_task,fast_distractors,22,-0.13945389,0.0,0.0,1.0,4.905944
0,B_task,fast_distractors,23,-0.0689826,0.0,0.0,1.0,7.975202
0,B_task,fast_distractors,24,-0.35510895,0.0,0.0,1.0,8.004812
0,B_task,fast_distractors,25,-0.5544647,0.0,0.0,0.0,21.531645
0,B_task,fast_distractors,26,-0.047977112,0.0,0.0,1.0,5.9325547
0,B_task,fast_distractors,27,0.16868141,1.0,0.4444444444444444,1.0,0.78632265
0,B_task,fast_distractors,28,-0.30110443,0.0,0.0,1.0,12.78032
0,B_task,fast_distractors,29,-0.3489508,0.0,0.0,1.0,13.469001
0,B_task,fast_distractors,30,-0.28246677,0.0,0.0,1.0,6.2434006
0,B_task,fast_distractors,31,-0.23295864,0.0,0.0,1.0,6.700731
0,B_task,fast_distractors,32,-0.35313675,0.0,0.0,1.0,3.058366
0,B_task,fast_distractors,33,-0.23042509,0.0,0.0,0.0,10.640293
0,B_task,fast_distractors,34,-0.06399986,0.0,0.15555555555555556,1.0,2.820152
0,B_task,fast_distractors,35,-0.2948017,0.0,0.0,1.0,11.099494
0,B_task,fast_distractors,36,-0.18770407,0.0,0.0,1.0,5.5572248
0,B_task,fast_distractors,37,-0.337868,0.0,0.0,1.0,5.716099
0,B_task,fast_distractors,38,-0.2944804,0.0,0.0,1.0,10.195356
0,B_task,fast_distractors,39,-0.08339155,1.0,0.3333333333333333,1.0,0.92260957
0,B_task,fast_distractors,40,-0.2501755,0.0,0.0,1.0,6.2961125
0,B_task,fast_distractors,41,-0.31783402,0.0,0.0,1.0,13.457934
0,B_task,fast_distractors,42,-0.27308396,0.0,0.0,1.0,8.170983
0,B_task,fast_distractors,43,-0.25784254,0.0,0.0,1.0,8.711091
0,B_task,fast_distractors,44,-0.2313365,0.0,0.0,1.0,7.1289806
0,B_task,fast_distractors,45,-0.33645612,0.0,0.0,1.0,9.687973
0,B_task,fast_distractors,46,-0.31344137,0.0,0.0,1.0,4.8646007
0,B_task,fast_distractors,47,-0.17689613,0.0,0.0,0.0,9.827132
0,B_task,fast_distractors,48,-0.35962275,0.0,0.0,1.0,10.185762
0,B_task,fast_distractors,49,-0.33428174,0.0,0.0,0.0,13.733677
0,B_task,fast_distractors,50,-0.22336055,0.0,0.0,1.0,8.63364
0,B_task,fast_distractors,51,-0.39354405,0.0,0.0,1.0,6.4382067
0,B_task,fast_distractors,52,-0.13080229,0.0,0.0,1.0,5.969749
0,B_task,fast_distractors,53,-0.17256603,0.0,0.0,1.0,4.784551
0,B_task,fast_distractors,54,-0.16563688,0.0,0.0,1.0,6.3923335
0,B_task,fast_distractors,55,-0.08831152,1.0,0.26666666666666666,1.0,0.93970037
0,B_task,fast_distractors,56,-0.059561513,0.0,0.06666666666666667,1.0,7.9361906
0,B_task,fast_distractors,57,-0.43094113,0.0,0.0,1.0,6.73821
0,B_task,fast_distractors,58,-0.3366621,0.0,0.0,0.0,11.1709585
0,B_task,fast_distractors,59,-0.45574158,0.0,0.0,0.0,16.789207
0,B_task,fast_distractors,60,-0.4141595,0.0,0.0,1.0,7.348945
0,B_task,fast_distractors,61,-0.4062993,0.0,0.0,0.0,18.668516
0,B_task,fast_distractors,62,-0.34469542,0.0,0.0,1.0,9.4554205
0,B_task,fast_distractors,63,-0.20999597,0.0,0.0,1.0,7.1264043
0,B_task,fast_distractors,64,-0.3151403,0.0,0.0,1.0,9.169328
0,B_task,fast_distractors,65,0.21715109,1.0,0.6,1.0,1.4977854
0,B_task,fast_distractors,66,-0.024763012,0.0,0.15555555555555556,1.0,9.349
0,B_task,fast_distractors,67,-0.19218153,0.0,0.0,1.0,6.8319182
0,B_task,fast_distractors,68,-0.33984512,0.0,0.0,1.0,3.1495736
0,B_task,fast_distractors,69,-0.22562051,0.0,0.0,1.0,6.735669
0,B_task,fast_distractors,70,-0.06294208,0.0,0.0,1.0,2.1967328
0,B_task,fast_distractors,71,-0.48047146,0.0,0.0,0.0,13.140608
0,B_task,fast_distractors,72,0.03284885,0.0,0.2,1.0,5.343777
0,B_task,fast_distractors,73,-0.29822192,0.0,0.0,1.0,8.081237
0,B_task,fast_distractors,74,-0.2187191,0.0,0.0,1.0,3.4294913
0,B_task,fast_distractors,75,-0.2805957,0.0,0.0,1.0,8.61651
0,B_task,fast_distractors,76,-0.22407508,0.0,0.0,1.0,7.6066284
0,B_task,fast_distractors,77,-0.36364156,0.0,0.0,0.0,7.406111
0,B_task,fast_distractors,78,-0.36040208,0.0,0.0,1.0,11.077727
0,B_task,fast_distractors,79,-0.2363386,0.0,0.0,0.0,7.4369345
0,B_task,fast_distractors,80,-0.4896884,0.0,0.0,0.0,14.998434
0,B_task,fast_distractors,81,-0.38470978,0.0,0.0,1.0,11.207777
0,B_task,fast_distractors,82,-0.3714875,0.0,0.0,1.0,11.020479
0,B_task,fast_distractors,83,-0.40712988,0.0,0.0,1.0,6.5028405
0,B_task,fast_distractors,84,-0.3858428,0.0,0.0,1.0,12.077538
0,B_task,fast_distractors,85,-0.4459665,0.0,0.0,1.0,8.537637
0,B_task,fast_distractors,86,-0.2639355,0.0,0.0,0.0,6.801883
0,B_task,fast_distractors,87,-0.13847621,0.0,0.0,1.0,3.9439392
0,B_task,fast_distractors,88,-0.1725074,0.0,0.0,1.0,3.7631586
0,B_task,fast_distractors,89,-0.29117998,0.0,0.0,1.0,11.848439
0,B_task,fast_distractors,90,-0.3513978,0.0,0.0,1.0,6.574008
0,B_task,fast_distractors,91,-0.46572915,0.0,0.0,1.0,10.275923
0,B_task,fast_distractors,92,0.013699007,0.0,0.24444444444444444,1.0,2.4180248
0,B_task,fast_distractors,93,-0.4303413,0.0,0.0,0.0,11.529899
0,B_task,fast_distractors,94,-0.16807349,0.0,0.0,1.0,5.8668747
0,B_task,fast_distractors,95,-0.19820854,0.0,0.0,1.0,2.9931996
0,B_task,fast_distractors,96,-0.33066514,0.0,0.0,1.0,4.499576
0,B_task,fast_distractors,97,-0.24543111,0.0,0.0,1.0,7.1261144
0,B_task,fast_distractors,98,-0.17613028,0.0,0.0,1.0,6.6914096
0,B_task,fast_distractors,99,-0.14680612,1.0,0.2,1.0,1.0038302
0,B_task,unseen_distractor_hues,0,-0.12498244,0.0,0.0,1.0,4.0064206
0,B_task,unseen_distractor_hues,1,-0.18534686,0.0,0.0,1.0,2.6838489
0,B_task,unseen_distractor_hues,2,-0.5796455,0.0,0.0,0.0,15.371812
0,B_task,unseen_distractor_hues,3,-0.29073974,0.0,0.0,1.0,8.789952
0,B_task,unseen_distractor_hues,4,-0.08633696,0.0,0.0,1.0,2.491731
0,B_task,unseen_distractor_hues,5,-0.3767116,0.0,0.0,1.0,7.096969
0,B_task,unseen_distractor_hues,6,-0.18864384,0.0,0.022222222222222223,0.0,11.600002
0,B_task,unseen_distractor_hues,7,-0.30993062,0.0,0.0,1.0,4.788456
0,B_task,unseen_distractor_hues,8,-0.3478479,0.0,0.0,1.0,8.544983
0,B_task,unseen_distractor_hues,9,-0.25928223,0.0,0.0,1.0,5.786397
0,B_task,unseen_distractor_hues,10,-0.26643494,0.0,0.0,1.0,4.0643334
0,B_task,unseen_distractor_hues,11,-0.4737399,0.0,0.0,1.0,11.755604
0,B_task,unseen_distractor_hues,12,-0.3083849,0.0,0.0,0.0,13.699989
0,B_task,unseen_distractor_hues,13,-0.4447178,0.0,0.0,1.0,7.5377426
0,B_task,unseen_distractor_hues,14,-0.2625581,0.0,0.0,1.0,6.506019
0,B_task,unseen_distractor_hues,15,-0.4819403,0.0,0.0,0.0,14.3510685
0,B_task,unseen_distractor_hues,16,-0.15472966,0.0,0.0,1.0,4.846616
0,B_task,unseen_distractor_hues,17,-0.13675858,0.0,0.0,1.0,4.8080487
0,B_task,unseen_distractor_hues,18,-0.2696789,0.0,0.0,1.0,6.2959943
0,B_task,unseen_distractor_hues,19,-0.266175,0.0,0.0,1.0,1.8248494
0,B_task,unseen_distractor_hues,20,-0.21765645,0.0,0.0,1.0,5.835264
0,B_task,unseen_distractor_hues,21,0.05327729,0.0,0.0,1.0,2.702241
0,B_task,unseen_distractor_hues,22,-0.13881111,0.0,0.0,1.0,4.4782066
0,B_task,unseen_distractor_hues,23,-0.10310246,0.0,0.0,1.0,7.955611
0,B_task,unseen_distractor_hues,24,-0.338709,0.0,0.0,1.0,7.3809876
0,B_task,unseen_distractor_hues,25,-0.5184326,0.0,0.0,0.0,18.877716
0,B_task,unseen_distractor_hues,26,-0.038452614,0.0,0.0,1.0,5.1195755
0,B_task,unseen_distractor_hues,27,0.072401926,0.0,0.13333333333333333,1.0,1.6598506
0,B_task,unseen_distractor_hues,28,-0.29894313,0.0,0.0,1.0,12.570574
0,B_task,unseen_distractor_hues,29,-0.32139966,0.0,0.0,1.0,12.841909
0,B_task,unseen_distractor_hues,30,-0.27685815,0.0,0.0,1.0,6.3285837
0,B_task,unseen_distractor_hues,31,-0.230468,0.0,0.0,1.0,6.4115095
0,B_task,unseen_distractor_hues,32,-0.6473958,0.0,0.0,0.0,18.282322
0,B_task,unseen_distractor_hues,33,-0.21426338,0.0,0.0,1.0,9.065734
0,B_task,unseen_distractor_hues,34,-0.06804529,0.0,0.13333333333333333,1.0,2.2006536
0,B_task,unseen_distractor_hues,35,-0.26485133,0.0,0.0,1.0,9.507359
0,B_task,unseen_distractor_hues,36,-0.19793138,0.0,0.0,1.0,5.5140653
0,B_task,unseen_distractor_hues,37,-0.3297763,0.0,0.0,1.0,6.608307
0,B_task,unseen_distractor_hues,38,-0.28110152,0.0,0.0,1.0,10.845107
0,B_task,unseen_distractor_hues,39,-0.10980095,1.0,0.28888888888888886,1.0,1.0008073
0,B_task,unseen_distractor_hues,40,-0.23989937,0.0,0.0,1.0,5.131156
0,B_task,unseen_distractor_hues,41,-0.3071475,0.0,0.0,1.0,12.528187
0,B_task,unseen_distractor_hues,42,-0.2536794,0.0,0.0,1.0,7.01152
0,B_task,unseen_distractor_hues,43,-0.24460556,0.0,0.0,1.0,7.7743015
0,B_task,unseen_distractor_hues,44,-0.20336336,0.0,0.0,1.0,5.951679
0,B_task,unseen_distractor_hues,45,-0.3409675,0.0,0.0,1.0,9.606392
0,B_task,unseen_distractor_hues,46,-0.31935605,0.0,0.0,1.0,5.449508
0,B_task,unseen_distractor_hues,47,-0.16774979,0.0,0.0,0.0,9.196521
0,B_task,unseen_distractor_hues,48,-0.3666983,0.0,0.0,1.0,11.829463
0,B_task,unseen_distractor_hues,49,-0.3686832,0.0,0.0,0.0,15.603249
0,B_task,unseen_distractor_hues,50,-0.23187381,0.0,0.0,1.0,9.523955
0,B_task,unseen_distractor_hues,51,-0.60152197,0.0,0.0,0.0,18.872047
0,B_task,unseen_distractor_hues,52,-0.124250285,0.0,0.0,1.0,5.5461855
0,B_task,unseen_distractor_hues,53,-0.17678295,0.0,0.0,1.0,4.7687035
0,B_task,unseen_distractor_hues,54,-0.17213151,0.0,0.0,1.0,6.8885927
0,B_task,unseen_distractor_hues,55,-0.13463327,1.0,0.17777777777777778,1.0,1.3123205
0,B_task,unseen_distractor_hues,56,-0.087764345,0.0,0.0,1.0,8.45399
0,B_task,unseen_distractor_hues,57,-0.44675797,0.0,0.0,1.0,7.447507
0,B_task,unseen_distractor_hues,58,-0.33622473,0.0,0.0,0.0,11.073827
0,B_task,unseen_distractor_hues,59,-0.48805308,0.0,0.0,0.0,18.478018
0,B_task,unseen_distractor_hues,60,-0.40781876,0.0,0.0,1.0,7.4040394
0,B_task,unseen_distractor_hues,61,-0.4003384,0.0,0.0,0.0,18.117157
0,B_task,unseen_distractor_hues,62,-0.32969645,0.0,0.0,1.0,8.622218
0,B_task,unseen_distractor_hues,63,-0.2406852,0.0,0.0,0.0,8.9628525
0,B_task,unseen_distractor_hues,64,-0.3134261,0.0,0.0,1.0,8.919524
0,B_task,unseen_distractor_hues,65,0.15953025,1.0,0.5111111111111111,1.0,1.248059
0,B_task,unseen_distractor_hues,66,0.08578245,0.0,0.3333333333333333,1.0,7.524387
0,B_task,unseen_distractor_hues,67,-0.1989806,0.0,0.0,1.0,7.717981
0,B_task,unseen_distractor_hues,68,-0.3416578,0.0,0.0,1.0,2.8526309
0,B_task,unseen_distractor_hues,69,-0.22043794,0.0,0.0,1.0,6.441872
0,B_task,unseen_distractor_hues,70,-0.00844814,1.0,0.17777777777777778,1.0,1.0882875
0,B_task,unseen_distractor_hues,71,-0.5009242,0.0,0.0,0.0,13.8655405
0,B_task,unseen_distractor_hues,72,-0.11618236,0.0,0.0,1.0,8.097466
0,B_task,unseen_distractor_hues,73,-0.38985974,0.0,0.0,1.0,11.975741
0,B_task,unseen_distractor_hues,74,-0.21475703,0.0,0.0,1.0,3.0988848
0,B_task,unseen_distractor_hues,75,-0.30623055,0.0,0.0,1.0,8.679438
0,B_task,unseen_distractor_hues,76,-0.20920067,0.0,0.0,1.0,7.0743194
0,B_task,unseen_distractor_hues,77,-0.37852108,0.0,0.0,0.0,7.7893248
0,B_task,unseen_distractor_hues,78,-0.38410205,0.0,0.0,1.0,11.720035
0,B_task,unseen_distractor_hues,79,-0.22414881,0.0,0.0,0.0,6.8679056
0,B_task,unseen_distractor_hues,80,-0.47317493,0.0,0.0,0.0,14.036985
0,B_task,unseen_distractor_hues,81,-0.39393103,0.0,0.0,1.0,11.787377
0,B_task,unseen_distractor_hues,82,-0.37561366,0.0,0.0,1.0,11.030086
0,B_task,unseen_distractor_hues,83,-0.41401562,0.0,0.0,1.0,6.987619
0,B_task,unseen_distractor_hues,84,-0.45677423,0.0,0.0,0.0,14.513728
0,B_task,unseen_distractor_hues,85,-0.47047216,0.0,0.0,1.0,10.057904
0,B_task,unseen_distractor_hues,86,-0.27185532,0.0,0.0,1.0,4.6682034
0,B_task,unseen_distractor_hues,87,-0.13958232,0.0,0.0,1.0,2.6278422
0,B_task,unseen_distractor_hues,88,-0.15842704,0.0,0.0,1.0,3.6146011
0,B_task,unseen_distractor_hues,89,-0.30388886,0.0,0.0,1.0,12.252956
0,B_task,unseen_distractor_hues,90,-0.28956082,0.0,0.0,1.0,4.59547
0,B_task,unseen_distractor_hues,91,-0.5583098,0.0,0.0,0.0,13.47567
0,B_task,unseen_distractor_hues,92,-0.09093009,0.0,0.0,1.0,1.8605032
0,B_task,unseen_distractor_hues,93,-0.42054576,0.0,0.0,0.0,11.726781
0,B_task,unseen_distractor_hues,94,-0.16151926,0.0,0.0,1.0,5.3435616
0,B_task,unseen_distractor_hues,95,-0.24551919,0.0,0.0,1.0,4.349205
0,B_task,unseen_distractor_hues,96,-0.2676045,0.0,0.0,1.0,2.177121
0,B_task,unseen_distractor_hues,97,-0.269982,0.0,0.0,1.0,9.326245
0,B_task,unseen_distractor_hues,98,-0.1697173,0.0,0.0,1.0,5.6310134
0,B_task,unseen_distractor_hues,99,-0.1307804,1.0,0.24444444444444444,1.0,0.84091026
0,B_task,heavy_pixel_noise,0,-0.18253551,0.0,0.0,1.0,3.7956424
0,B_task,heavy_pixel_noise,1,-0.21702506,0.0,0.0,1.0,7.862999
0,B_task,heavy_pixel_noise,2,-0.38124707,0.0,0.0,1.0,12.693349
0,B_task,heavy_pixel_noise,3,-0.30505615,0.0,0.0,1.0,9.525315
0,B_task,heavy_pixel_noise,4,-0.19316542,0.0,0.0,1.0,4.6170697
0,B_task,heavy_pixel_noise,5,-0.38378435,0.0,0.0,1.0,9.415166
0,B_task,heavy_pixel_noise,6,-0.14326696,0.0,0.1111111111111111,1.0,9.004427
0,B_task,heavy_pixel_noise,7,-0.3248119,0.0,0.0,1.0,5.8492312
0,B_task,heavy_pixel_noise,8,-0.4358719,0.0,0.0,1.0,12.957991
0,B_task,heavy_pixel_noise,9,-0.35278517,0.0,0.0,1.0,11.106213
0,B_task,heavy_pixel_noise,10,-0.2463141,0.0,0.0,1.0,3.5251472
0,B_task,heavy_pixel_noise,11,-0.528775,0.0,0.0,1.0,12.163041
0,B_task,heavy_pixel_noise,12,-0.13065085,0.0,0.08888888888888889,1.0,10.543987
0,B_task,heavy_pixel_noise,13,-0.37508065,0.0,0.0,1.0,3.8167443
0,B_task,heavy_pixel_noise,14,-0.34158632,0.0,0.0,1.0,9.245363
0,B_task,heavy_pixel_noise,15,-0.40608042,0.0,0.0,1.0,10.505293
0,B_task,heavy_pixel_noise,16,-0.12216246,0.0,0.0,1.0,4.158723
0,B_task,heavy_pixel_noise,17,-0.15931326,0.0,0.0,1.0,4.595254
0,B_task,heavy_pixel_noise,18,-0.2655843,0.0,0.0,1.0,4.3281107
0,B_task,heavy_pixel_noise,19,-0.30550447,0.0,0.0,1.0,3.0060022
0,B_task,heavy_pixel_noise,20,-0.24898258,0.0,0.0,0.0,7.2511168
0,B_task,heavy_pixel_noise,21,0.07315809,0.0,0.08888888888888889,1.0,2.2093313
0,B_task,heavy_pixel_noise,22,-0.13473777,0.0,0.0,1.0,4.317065
0,B_task,heavy_pixel_noise,23,-0.08342497,0.0,0.0,1.0,7.6822267
0,B_task,heavy_pixel_noise,24,-0.07916583,0.0,0.13333333333333333,1.0,6.4927063
0,B_task,heavy_pixel_noise,25,-0.47559515,0.0,0.0,0.0,12.893663
0,B_task,heavy_pixel_noise,26,0.055564754,0.0,0.0,1.0,1.6852014
0,B_task,heavy_pixel_noise,27,0.0155352885,1.0,0.06666666666666667,1.0,1.5483263
0,B_task,heavy_pixel_noise,28,-0.2961209,0.0,0.0,1.0,13.5171995
0,B_task,heavy_pixel_noise,29,-0.25939023,0.0,0.0,1.0,7.449566
0,B_task,heavy_pixel_noise,30,-0.40221342,0.0,0.0,1.0,13.242117
0,B_task,heavy_pixel_noise,31,-0.23451445,0.0,0.0,1.0,4.5787024
0,B_task,heavy_pixel_noise,32,-0.38560808,0.0,0.0,1.0,5.7845526
0,B_task,heavy_pixel_noise,33,-0.22648148,0.0,0.0,1.0,9.924815
0,B_task,heavy_pixel_noise,34,-0.21920136,0.0,0.0,1.0,3.2574313
0,B_task,heavy_pixel_noise,35,0.06763313,0.0,0.0,1.0,2.6562982
0,B_task,heavy_pixel_noise,36,-0.16769661,0.0,0.0,1.0,4.55301
0,B_task,heavy_pixel_noise,37,-0.27893037,0.0,0.0,1.0,5.384923
0,B_task,heavy_pixel_noise,38,-0.25084877,0.0,0.0,1.0,9.819894
0,B_task,heavy_pixel_noise,39,-0.2029703,0.0,0.0,1.0,3.1347072
0,B_task,heavy_pixel_noise,40,-0.19019008,0.0,0.0,1.0,4.820876
0,B_task,heavy_pixel_noise,41,-0.269386,0.0,0.0,1.0,10.927409
0,B_task,heavy_pixel_noise,42,-0.18449457,0.0,0.0,1.0,4.922354
0,B_task,heavy_pixel_noise,43,-0.22796004,0.0,0.0,1.0,5.7916923
0,B_task,heavy_pixel_noise,44,-0.0415961,0.0,0.17777777777777778,1.0,3.0596616
0,B_task,heavy_pixel_noise,45,-0.18663637,0.0,0.0,1.0,6.6183386
0,B_task,heavy_pixel_noise,46,-0.32133117,0.0,0.0,1.0,5.3719344
0,B_task,heavy_pixel_noise,47,-0.1809818,0.0,0.0,0.0,7.9219656
0,B_task,heavy_pixel_noise,48,-0.2225623,0.0,0.0,0.0,7.1293893
0,B_task,heavy_pixel_noise,49,-0.35922834,0.0,0.0,1.0,12.53553
0,B_task,heavy_pixel_noise,50,-0.19531304,0.0,0.0,1.0,7.738921
0,B_task,heavy_pixel_noise,51,-0.36429355,0.0,0.0,1.0,6.032892
0,B_task,heavy_pixel_noise,52,-0.14194082,0.0,0.0,1.0,6.6365128
0,B_task,heavy_pixel_noise,53,-0.27911714,0.0,0.0,1.0,6.736703
0,B_task,heavy_pixel_noise,54,-0.116698086,0.0,0.0,1.0,4.1559243
0,B_task,heavy_pixel_noise,55,-0.26173037,0.0,0.0,1.0,3.697444
0,B_task,heavy_pixel_noise,56,-0.0652849,0.0,0.0,1.0,6.7161145
0,B_task,heavy_pixel_noise,57,-0.49493498,0.0,0.0,1.0,11.919479
0,B_task,heavy_pixel_noise,58,-0.33733702,0.0,0.0,0.0,11.246317
0,B_task,heavy_pixel_noise,59,-0.3909435,0.0,0.0,0.0,15.220819
0,B_task,heavy_pixel_noise,60,-0.39924508,0.0,0.0,1.0,7.2657022
0,B_task,heavy_pixel_noise,61,-0.16397974,0.0,0.0,1.0,7.6596074
0,B_task,heavy_pixel_noise,62,-0.30127287,0.0,0.0,0.0,8.602529
0,B_task,heavy_pixel_noise,63,-0.28345457,0.0,0.0,1.0,11.752262
0,B_task,heavy_pixel_noise,64,-0.37947163,0.0,0.0,1.0,11.8245535
0,B_task,heavy_pixel_noise,65,0.28650826,1.0,0.7111111111111111,1.0,1.1260614
0,B_task,heavy_pixel_noise,66,-0.31748563,0.0,0.06666666666666667,1.0,17.364649
0,B_task,heavy_pixel_noise,67,-0.3387108,0.0,0.0,0.0,16.587566
0,B_task,heavy_pixel_noise,68,-0.34870684,0.0,0.0,1.0,3.7426746
0,B_task,heavy_pixel_noise,69,-0.21007487,0.0,0.0,1.0,4.3590264
0,B_task,heavy_pixel_noise,70,0.08272865,0.0,0.4444444444444444,1.0,1.580539
0,B_task,heavy_pixel_noise,71,-0.37413287,0.0,0.0,1.0,11.838565
0,B_task,heavy_pixel_noise,72,-0.060697697,0.0,0.13333333333333333,1.0,7.7024035
0,B_task,heavy_pixel_noise,73,-0.07898657,0.0,0.06666666666666667,1.0,4.986935
0,B_task,heavy_pixel_noise,74,-0.29337814,0.0,0.0,1.0,5.0345793
0,B_task,heavy_pixel_noise,75,-0.3501895,0.0,0.0,1.0,10.692619
0,B_task,heavy_pixel_noise,76,-0.19725028,0.0,0.0,1.0,6.2002563
0,B_task,heavy_pixel_noise,77,-0.37570268,0.0,0.0,0.0,8.553763
0,B_task,heavy_pixel_noise,78,-0.3460183,0.0,0.0,1.0,9.297529
0,B_task,heavy_pixel_noise,79,-0.35438856,0.0,0.0,1.0,18.451885
0,B_task,heavy_pixel_noise,80,-0.43658686,0.0,0.0,1.0,11.465483
0,B_task,heavy_pixel_noise,81,-0.38398796,0.0,0.0,1.0,10.057036
0,B_task,heavy_pixel_noise,82,-0.38107297,0.0,0.0,1.0,11.970598
0,B_task,heavy_pixel_noise,83,-0.45904914,0.0,0.0,1.0,9.770793
0,B_task,heavy_pixel_noise,84,-0.071780086,0.0,0.15555555555555556,1.0,1.6863426
0,B_task,heavy_pixel_noise,85,-0.41340184,0.0,0.0,1.0,7.689127
0,B_task,heavy_pixel_noise,86,-0.22180292,0.0,0.0,1.0,4.1258287
0,B_task,heavy_pixel_noise,87,-0.48788613,0.0,0.0,1.0,18.691957
0,B_task,heavy_pixel_noise,88,-0.21171932,0.0,0.0,1.0,3.5425136
0,B_task,heavy_pixel_noise,89,-0.30038851,0.0,0.0,1.0,12.116582
0,B_task,heavy_pixel_noise,90,-0.53046584,0.0,0.0,0.0,15.675984
0,B_task,heavy_pixel_noise,91,-0.46732312,0.0,0.0,1.0,8.79397
0,B_task,heavy_pixel_noise,92,-0.0048475363,0.0,0.2222222222222222,1.0,3.4003391
0,B_task,heavy_pixel_noise,93,-0.3016082,0.0,0.0,1.0,3.6839607
0,B_task,heavy_pixel_noise,94,-0.22086534,0.0,0.0,1.0,6.8827543
0,B_task,heavy_pixel_noise,95,-0.15634656,0.0,0.0,1.0,3.7657518
0,B_task,heavy_pixel_noise,96,-0.5832258,0.0,0.0,0.0,21.976316
0,B_task,heavy_pixel_noise,97,-0.22137156,0.0,0.0,1.0,6.02154
0,B_task,heavy_pixel_noise,98,-0.17561449,0.0,0.0,1.0,5.5356464
0,B_task,heavy_pixel_noise,99,-0.22520052,0.0,0.0,1.0,1.6706674
0,C_scene,in_distribution,0,-0.4465094,0.0,0.0,0.0,16.926495
0,C_scene,in_distribution,1,-0.41523373,0.0,0.0,1.0,16.105707
0,C_scene,in_distribution,2,-0.6974023,0.0,0.0,0.0,21.48508
0,C_scene,in_distribution,3,-0.5226996,0.0,0.0,0.0,18.208494
0,C_scene,in_distribution,4,-0.3586903,0.0,0.0,0.0,11.49069
0,C_scene,in_distribution,5,-0.73653394,0.0,0.0,0.0,24.019962
0,C_scene,in_distribution,6,-0.3038494,0.0,0.0,1.0,5.739031
0,C_scene,in_distribution,7,-0.82230955,0.0,0.0,0.0,27.178865
0,C_scene,in_distribution,8,-0.60031104,0.0,0.0,0.0,18.25613
0,C_scene,in_distribution,9,-0.4555358,0.0,0.0,0.0,15.49411
0,C_scene,in_distribution,10,-0.5809945,0.0,0.0,0.0,19.911535
0,C_scene,in_distribution,11,-0.6902428,0.0,0.0,0.0,23.255123
0,C_scene,in_distribution,12,-0.14193098,0.0,0.0,1.0,8.269619
0,C_scene,in_distribution,13,-0.7241062,0.0,0.0,0.0,22.678625
0,C_scene,in_distribution,14,-0.42796677,0.0,0.0,0.0,13.115034
0,C_scene,in_distribution,15,-0.6936153,0.0,0.0,0.0,22.019028
0,C_scene,in_distribution,16,-0.3163739,0.0,0.0,1.0,12.088326
0,C_scene,in_distribution,17,-0.022571942,0.0,0.1111111111111111,1.0,6.6703224
0,C_scene,in_distribution,18,-0.4796727,0.0,0.0,1.0,16.179167
0,C_scene,in_distribution,19,-0.87438136,0.0,0.0,0.0,24.912209
0,C_scene,in_distribution,20,-0.41149732,0.0,0.0,0.0,15.250346
0,C_scene,in_distribution,21,-0.23417136,0.0,0.0,1.0,7.004468
0,C_scene,in_distribution,22,-0.21891136,0.0,0.0,0.0,9.124596
0,C_scene,in_distribution,23,0.026116405,0.0,0.2222222222222222,1.0,5.3489857
0,C_scene,in_distribution,24,-0.44513008,0.0,0.0,0.0,12.168943
0,C_scene,in_distribution,25,-0.51076996,0.0,0.0,0.0,21.478758
0,C_scene,in_distribution,26,0.076315865,1.0,0.24444444444444444,1.0,0.9441344
0,C_scene,in_distribution,27,-0.17422055,0.0,0.0,1.0,4.3933864
0,C_scene,in_distribution,28,-0.046200234,0.0,0.0,1.0,2.7948878
0,C_scene,in_distribution,29,-0.38787618,0.0,0.0,1.0,14.9647
0,C_scene,in_distribution,30,-0.6176463,0.0,0.0,1.0,17.122128
0,C_scene,in_distribution,31,-0.5234781,0.0,0.0,0.0,18.65454
0,C_scene,in_distribution,32,-0.8976013,0.0,0.0,0.0,28.61124
0,C_scene,in_distribution,33,-0.3408208,0.0,0.0,1.0,10.312502
0,C_scene,in_distribution,34,-0.5496363,0.0,0.0,0.0,17.862597
0,C_scene,in_distribution,35,-0.34966385,0.0,0.0,1.0,12.713261
0,C_scene,in_distribution,36,-0.31633717,0.0,0.0,0.0,13.003008
0,C_scene,in_distribution,37,-0.7265458,0.0,0.0,0.0,25.81424
0,C_scene,in_distribution,38,-0.38600522,0.0,0.0,1.0,15.291846
0,C_scene,in_distribution,39,-0.6717444,0.0,0.0,0.0,20.928911
0,C_scene,in_distribution,40,-0.50322604,0.0,0.0,0.0,14.776699
0,C_scene,in_distribution,41,-0.1144944,0.0,0.0,1.0,3.5192633
0,C_scene,in_distribution,42,-0.2673309,0.0,0.0,1.0,4.6558013
0,C_scene,in_distribution,43,-0.4073579,0.0,0.0,1.0,13.519215
0,C_scene,in_distribution,44,-0.41986045,0.0,0.0,0.0,11.633068
0,C_scene,in_distribution,45,-0.43723345,0.0,0.0,0.0,14.030715
0,C_scene,in_distribution,46,-0.64905864,0.0,0.0,0.0,15.550154
0,C_scene,in_distribution,47,-0.10495304,0.0,0.0,1.0,4.0539136
0,C_scene,in_distribution,48,-0.5267233,0.0,0.0,1.0,16.152454
0,C_scene,in_distribution,49,-0.4317894,0.0,0.0,0.0,15.940248
0,C_scene,in_distribution,50,-0.01189543,0.0,0.2222222222222222,1.0,2.5040832
0,C_scene,in_distribution,51,-0.77001595,0.0,0.0,0.0,24.879099
0,C_scene,in_distribution,52,-0.21349703,0.0,0.0,0.0,8.347468
0,C_scene,in_distribution,53,-0.41490436,0.0,0.0,1.0,7.123797
0,C_scene,in_distribution,54,-0.21269336,0.0,0.0,1.0,6.0939374
0,C_scene,in_distribution,55,-0.50492376,0.0,0.0,0.0,16.959738
0,C_scene,in_distribution,56,0.0024696386,0.0,0.1111111111111111,1.0,3.3023307
0,C_scene,in_distribution,57,-0.7071554,0.0,0.0,0.0,20.839483
0,C_scene,in_distribution,58,-0.36853245,0.0,0.0,0.0,12.60769
0,C_scene,in_distribution,59,-0.5384086,0.0,0.0,0.0,15.2551
0,C_scene,in_distribution,60,-0.7333589,0.0,0.0,0.0,20.244177
0,C_scene,in_distribution,61,-0.3440668,0.0,0.0,0.0,10.996475
0,C_scene,in_distribution,62,-0.44021004,0.0,0.0,1.0,16.796305
0,C_scene,in_distribution,63,-0.2864382,0.0,0.0,0.0,11.637098
0,C_scene,in_distribution,64,-0.7232704,0.0,0.0,0.0,24.417519
0,C_scene,in_distribution,65,-0.13041757,0.0,0.0,1.0,3.0222092
0,C_scene,in_distribution,66,-0.023829304,0.0,0.0,1.0,3.4830532
0,C_scene,in_distribution,67,-0.29754815,0.0,0.0,1.0,7.727364
0,C_scene,in_distribution,68,-0.9076506,0.0,0.0,0.0,28.147017
0,C_scene,in_distribution,69,-0.37217358,0.0,0.0,0.0,13.776527
0,C_scene,in_distribution,70,-0.3684605,0.0,0.0,0.0,14.080339
0,C_scene,in_distribution,71,-0.6590358,0.0,0.0,0.0,20.167616
0,C_scene,in_distribution,72,0.32241553,1.0,0.8222222222222222,1.0,1.1348432
0,C_scene,in_distribution,73,-0.309014,0.0,0.0,1.0,8.103654
0,C_scene,in_distribution,74,-0.5839187,0.0,0.0,0.0,15.652739
0,C_scene,in_distribution,75,-0.54582584,0.0,0.0,1.0,19.158165
0,C_scene,in_distribution,76,-0.24194974,0.0,0.0,1.0,5.6100636
0,C_scene,in_distribution,77,-0.714853,0.0,0.0,0.0,26.823496
0,C_scene,in_distribution,78,-0.34990206,0.0,0.0,1.0,7.9831214
0,C_scene,in_distribution,79,-0.16767688,0.0,0.0,1.0,4.462835
0,C_scene,in_distribution,80,-0.7144049,0.0,0.0,0.0,23.666958
0,C_scene,in_distribution,81,-0.48482597,0.0,0.0,1.0,11.880043
0,C_scene,in_distribution,82,-0.5483931,0.0,0.0,1.0,16.48001
0,C_scene,in_distribution,83,-0.7577862,0.0,0.0,0.0,20.495514
0,C_scene,in_distribution,84,-0.4529792,0.0,0.0,0.0,15.600314
0,C_scene,in_distribution,85,-0.6040784,0.0,0.0,0.0,16.440691
0,C_scene,in_distribution,86,-0.5699405,0.0,0.0,0.0,21.630493
0,C_scene,in_distribution,87,-0.33773053,0.0,0.0,1.0,9.176693
0,C_scene,in_distribution,88,-0.24757038,0.0,0.0,1.0,12.455893
0,C_scene,in_distribution,89,-0.3520752,0.0,0.0,0.0,11.695465
0,C_scene,in_distribution,90,-0.47577968,0.0,0.0,1.0,8.826761
0,C_scene,in_distribution,91,-0.70746857,0.0,0.0,0.0,22.686497
0,C_scene,in_distribution,92,-0.42304403,0.0,0.0,0.0,12.547218
0,C_scene,in_distribution,93,-0.56751055,0.0,0.0,1.0,20.436436
0,C_scene,in_distribution,94,-0.021450175,1.0,0.2,1.0,0.98300093
0,C_scene,in_distribution,95,-0.6218322,0.0,0.0,0.0,19.852674
0,C_scene,in_distribution,96,-0.6455695,0.0,0.0,0.0,20.041746
0,C_scene,in_distribution,97,-0.3451796,0.0,0.0,0.0,10.94959
0,C_scene,in_distribution,98,-0.23621601,0.0,0.0,1.0,9.274613
0,C_scene,in_distribution,99,-0.66857314,0.0,0.0,0.0,22.51758
0,C_scene,4_distractors,0,-0.45187047,0.0,0.0,0.0,17.244192
0,C_scene,4_distractors,1,-0.28577867,0.0,0.0,1.0,9.215445
0,C_scene,4_distractors,2,-0.678817,0.0,0.0,0.0,19.503233
0,C_scene,4_distractors,3,-0.50209624,0.0,0.0,0.0,16.220627
0,C_scene,4_distractors,4,-0.2994003,0.0,0.0,1.0,5.977719
0,C_scene,4_distractors,5,-0.72341794,0.0,0.0,0.0,24.57242
0,C_scene,4_distractors,6,-0.3738078,0.0,0.0,1.0,10.9923315
0,C_scene,4_distractors,7,-0.8198348,0.0,0.0,0.0,29.19756
0,C_scene,4_distractors,8,-0.5877565,0.0,0.0,1.0,19.265238
0,C_scene,4_distractors,9,-0.40527633,0.0,0.0,0.0,12.452451
0,C_scene,4_distractors,10,-0.5648571,0.0,0.0,1.0,19.394651
0,C_scene,4_distractors,11,-0.64201325,0.0,0.0,0.0,19.313366
0,C_scene,4_distractors,12,-0.11582304,0.0,0.0,1.0,7.500472
0,C_scene,4_distractors,13,-0.7329639,0.0,0.0,0.0,21.894547
0,C_scene,4_distractors,14,-0.494036,0.0,0.0,0.0,16.796457
0,C_scene,4_distractors,15,-0.69092274,0.0,0.0,0.0,21.305033
0,C_scene,4_distractors,16,-0.2661781,0.0,0.0,1.0,8.99842
0,C_scene,4_distractors,17,-0.09798075,0.0,0.0,1.0,5.9576936
0,C_scene,4_distractors,18,-0.44759247,0.0,0.0,1.0,15.86579
0,C_scene,4_distractors,19,-0.75887996,0.0,0.0,0.0,19.43729
0,C_scene,4_distractors,20,-0.39738783,0.0,0.0,0.0,12.86224
0,C_scene,4_distractors,21,-0.15062296,0.0,0.0,1.0,3.4651563
0,C_scene,4_distractors,22,-0.25876907,0.0,0.0,1.0,10.807539
0,C_scene,4_distractors,23,-0.05483317,0.0,0.15555555555555556,1.0,5.9105587
0,C_scene,4_distractors,24,-0.4423097,0.0,0.0,1.0,13.902461
0,C_scene,4_distractors,25,-0.60490996,0.0,0.0,0.0,21.035069
0,C_scene,4_distractors,26,-0.11002195,0.0,0.0,1.0,5.2156873
0,C_scene,4_distractors,27,-0.18729259,0.0,0.0,1.0,5.860804
0,C_scene,4_distractors,28,-0.06540261,0.0,0.0,1.0,3.736146
0,C_scene,4_distractors,29,-0.4539243,0.0,0.0,1.0,18.883663
0,C_scene,4_distractors,30,-0.64153796,0.0,0.0,1.0,20.054445
0,C_scene,4_distractors,31,-0.5281201,0.0,0.0,0.0,18.280489
0,C_scene,4_distractors,32,-0.8594584,0.0,0.0,0.0,28.346815
0,C_scene,4_distractors,33,-0.38529077,0.0,0.0,0.0,13.166908
0,C_scene,4_distractors,34,-0.5819704,0.0,0.0,0.0,19.07326
0,C_scene,4_distractors,35,-0.3112654,0.0,0.0,1.0,13.179514
0,C_scene,4_distractors,36,-0.3015515,0.0,0.0,1.0,10.763894
0,C_scene,4_distractors,37,-0.7857142,0.0,0.0,0.0,26.365467
0,C_scene,4_distractors,38,-0.30327567,0.0,0.0,1.0,10.228905
0,C_scene,4_distractors,39,-0.68801343,0.0,0.0,0.0,23.114307
0,C_scene,4_distractors,40,-0.45571926,0.0,0.0,0.0,13.006595
0,C_scene,4_distractors,41,-0.18435182,0.0,0.0,1.0,4.581791
0,C_scene,4_distractors,42,-0.34488174,0.0,0.0,1.0,11.248488
0,C_scene,4_distractors,43,-0.43532017,0.0,0.0,1.0,15.3370285
0,C_scene,4_distractors,44,-0.40664977,0.0,0.0,0.0,8.836273
0,C_scene,4_distractors,45,-0.4859092,0.0,0.0,0.0,17.19542
0,C_scene,4_distractors,46,-0.66382813,0.0,0.0,0.0,19.546488
0,C_scene,4_distractors,47,0.20160317,1.0,0.4888888888888889,1.0,0.28557527
0,C_scene,4_distractors,48,-0.569394,0.0,0.0,1.0,21.219484
0,C_scene,4_distractors,49,-0.37802985,0.0,0.0,0.0,17.793545
0,C_scene,4_distractors,50,-0.2678795,0.0,0.0,1.0,8.100338
0,C_scene,4_distractors,51,-0.7838103,0.0,0.0,0.0,25.14809
0,C_scene,4_distractors,52,-0.206325,0.0,0.0,0.0,10.234361
0,C_scene,4_distractors,53,-0.48097673,0.0,0.0,1.0,12.559795
0,C_scene,4_distractors,54,-0.21126232,0.0,0.0,1.0,5.683571
0,C_scene,4_distractors,55,-0.47408164,0.0,0.0,0.0,14.799887
0,C_scene,4_distractors,56,-0.113521494,0.0,0.08888888888888889,1.0,8.022134
0,C_scene,4_distractors,57,-0.7061854,0.0,0.0,0.0,22.563906
0,C_scene,4_distractors,58,-0.35795203,0.0,0.0,0.0,13.320261
0,C_scene,4_distractors,59,-0.58465207,0.0,0.0,0.0,20.69074
0,C_scene,4_distractors,60,-0.79706794,0.0,0.0,0.0,23.600185
0,C_scene,4_distractors,61,-0.3079319,0.0,0.0,1.0,6.8044853
0,C_scene,4_distractors,62,-0.4456674,0.0,0.0,0.0,17.58993
0,C_scene,4_distractors,63,-0.31565714,0.0,0.0,0.0,14.5109415
0,C_scene,4_distractors,64,-0.75122994,0.0,0.0,0.0,25.266623
0,C_scene,4_distractors,65,-0.14713453,0.0,0.0,1.0,5.869184
0,C_scene,4_distractors,66,-0.05339325,0.0,0.0,1.0,5.6972113
0,C_scene,4_distractors,67,-0.34285432,0.0,0.0,0.0,13.309937
0,C_scene,4_distractors,68,-0.96332496,0.0,0.0,0.0,32.632175
0,C_scene,4_distractors,69,-0.3495018,0.0,0.0,1.0,11.448827
0,C_scene,4_distractors,70,-0.35641256,0.0,0.0,1.0,12.774269
0,C_scene,4_distractors,71,-0.6791507,0.0,0.0,0.0,20.662487
0,C_scene,4_distractors,72,0.23514071,1.0,0.5111111111111111,1.0,1.3623307
0,C_scene,4_distractors,73,-0.30299106,0.0,0.0,1.0,6.5251546
0,C_scene,4_distractors,74,-0.6393963,0.0,0.0,0.0,17.449577
0,C_scene,4_distractors,75,-0.51610416,0.0,0.0,1.0,16.99816
0,C_scene,4_distractors,76,-0.21295342,0.0,0.0,1.0,4.28327
0,C_scene,4_distractors,77,-0.5532089,0.0,0.0,0.0,15.820061
0,C_scene,4_distractors,78,-0.3677755,0.0,0.0,1.0,9.896432
0,C_scene,4_distractors,79,-0.20187053,0.0,0.0,1.0,5.194612
0,C_scene,4_distractors,80,-0.6182191,0.0,0.0,0.0,17.299494
0,C_scene,4_distractors,81,-0.47649646,0.0,0.0,0.0,12.56317
0,C_scene,4_distractors,82,-0.58362395,0.0,0.0,1.0,17.764927
0,C_scene,4_distractors,83,-0.72639805,0.0,0.0,1.0,18.747982
0,C_scene,4_distractors,84,-0.43641773,0.0,0.0,0.0,15.111237
0,C_scene,4_distractors,85,-0.56749266,0.0,0.0,1.0,15.232611
0,C_scene,4_distractors,86,-0.490081,0.0,0.0,0.0,19.723602
0,C_scene,4_distractors,87,-0.2973788,0.0,0.0,1.0,7.2052183
0,C_scene,4_distractors,88,-0.18347163,0.0,0.0,1.0,4.623543
0,C_scene,4_distractors,89,-0.35804448,0.0,0.0,0.0,10.600674
0,C_scene,4_distractors,90,-0.57921994,0.0,0.0,0.0,16.120884
0,C_scene,4_distractors,91,-0.7486464,0.0,0.0,0.0,25.88988
0,C_scene,4_distractors,92,-0.47092465,0.0,0.0,0.0,15.11544
0,C_scene,4_distractors,93,-0.6174077,0.0,0.0,0.0,21.550385
0,C_scene,4_distractors,94,-0.1763249,0.0,0.0,1.0,4.6043677
0,C_scene,4_distractors,95,-0.6260027,0.0,0.0,0.0,21.45185
0,C_scene,4_distractors,96,-0.6755998,0.0,0.0,0.0,20.825611
0,C_scene,4_distractors,97,-0.42318898,0.0,0.0,0.0,14.899751
0,C_scene,4_distractors,98,-0.23152773,0.0,0.0,1.0,9.9569235
0,C_scene,4_distractors,99,-0.73064166,0.0,0.0,0.0,26.19397
0,C_scene,fast_distractors,0,-0.4271115,0.0,0.0,0.0,16.95695
0,C_scene,fast_distractors,1,-0.48450848,0.0,0.0,1.0,18.258186
0,C_scene,fast_distractors,2,-0.68355596,0.0,0.0,0.0,22.024834
0,C_scene,fast_distractors,3,-0.54083216,0.0,0.0,0.0,18.885607
0,C_scene,fast_distractors,4,-0.3550121,0.0,0.0,0.0,10.413638
0,C_scene,fast_distractors,5,-0.73672104,0.0,0.0,0.0,24.136011
0,C_scene,fast_distractors,6,-0.3301199,0.0,0.0,1.0,7.94877
0,C_scene,fast_distractors,7,-0.8831137,0.0,0.0,0.0,30.608406
0,C_scene,fast_distractors,8,-0.61526453,0.0,0.0,0.0,19.776514
0,C_scene,fast_distractors,9,-0.4145519,0.0,0.0,0.0,12.135834
0,C_scene,fast_distractors,10,-0.58715254,0.0,0.0,0.0,21.290255
0,C_scene,fast_distractors,11,-0.6956082,0.0,0.0,1.0,23.489048
0,C_scene,fast_distractors,12,-0.12705688,0.0,0.0,1.0,6.409191
0,C_scene,fast_distractors,13,-0.7198095,0.0,0.0,0.0,21.541775
0,C_scene,fast_distractors,14,-0.45257348,0.0,0.0,0.0,14.8509445
0,C_scene,fast_distractors,15,-0.690665,0.0,0.0,0.0,22.169334
0,C_scene,fast_distractors,16,-0.33410767,0.0,0.0,1.0,13.290743
0,C_scene,fast_distractors,17,-0.045085955,0.0,0.13333333333333333,1.0,8.053673
0,C_scene,fast_distractors,18,-0.501425,0.0,0.0,1.0,18.693703
0,C_scene,fast_distractors,19,-0.8192809,0.0,0.0,0.0,25.414637
0,C_scene,fast_distractors,20,-0.43286172,0.0,0.0,0.0,15.7591
0,C_scene,fast_distractors,21,-0.22045636,0.0,0.0,1.0,4.9867234
0,C_scene,fast_distractors,22,-0.21523859,0.0,0.0,0.0,8.684578
0,C_scene,fast_distractors,23,0.05865708,0.0,0.2222222222222222,1.0,5.060443
0,C_scene,fast_distractors,24,-0.4910517,0.0,0.0,1.0,14.821216
0,C_scene,fast_distractors,25,-0.49201605,0.0,0.0,0.0,17.55282
0,C_scene,fast_distractors,26,0.06368596,0.0,0.0,1.0,1.6159573
0,C_scene,fast_distractors,27,-0.17506322,0.0,0.0,0.0,6.944654
0,C_scene,fast_distractors,28,-0.10462076,0.0,0.0,1.0,4.887987
0,C_scene,fast_distractors,29,-0.3929939,0.0,0.0,1.0,15.864935
0,C_scene,fast_distractors,30,-0.61759263,0.0,0.0,1.0,17.802845
0,C_scene,fast_distractors,31,-0.5035669,0.0,0.0,0.0,16.762524
0,C_scene,fast_distractors,32,-0.92417485,0.0,0.0,0.0,30.479893
0,C_scene,fast_distractors,33,-0.34246367,0.0,0.0,1.0,10.596841
0,C_scene,fast_distractors,34,-0.5559118,0.0,0.0,0.0,18.321217
0,C_scene,fast_distractors,35,-0.38622808,0.0,0.0,1.0,16.385256
0,C_scene,fast_distractors,36,-0.33484766,0.0,0.0,1.0,11.802786
0,C_scene,fast_distractors,37,-0.7271987,0.0,0.0,0.0,26.434952
0,C_scene,fast_distractors,38,-0.38996294,0.0,0.0,0.0,16.363583
0,C_scene,fast_distractors,39,-0.7068258,0.0,0.0,0.0,22.877237
0,C_scene,fast_distractors,40,-0.4954791,0.0,0.0,0.0,14.7530155
0,C_scene,fast_distractors,41,-0.18031324,0.0,0.0,1.0,5.9316716
0,C_scene,fast_distractors,42,-0.2637893,0.0,0.0,1.0,4.2354836
0,C_scene,fast_distractors,43,-0.44464913,0.0,0.0,1.0,15.590268
0,C_scene,fast_distractors,44,-0.38944405,0.0,0.0,0.0,8.146095
0,C_scene,fast_distractors,45,-0.45783472,0.0,0.0,0.0,15.1412525
0,C_scene,fast_distractors,46,-0.7135283,0.0,0.0,0.0,20.319675
0,C_scene,fast_distractors,47,-0.115652815,0.0,0.0,1.0,5.652771
0,C_scene,fast_distractors,48,-0.5311794,0.0,0.0,1.0,17.245369
0,C_scene,fast_distractors,49,-0.40621826,0.0,0.0,0.0,15.179534
0,C_scene,fast_distractors,50,-0.16129036,0.0,0.0,1.0,3.8978863
0,C_scene,fast_distractors,51,-0.7370414,0.0,0.0,0.0,22.267046
0,C_scene,fast_distractors,52,-0.2240583,0.0,0.0,0.0,10.021705
0,C_scene,fast_distractors,53,-0.47065738,0.0,0.0,1.0,10.681843
0,C_scene,fast_distractors,54,-0.19632083,0.0,0.0,1.0,5.028085
0,C_scene,fast_distractors,55,-0.51095676,0.0,0.0,0.0,16.728586
0,C_scene,fast_distractors,56,-0.010460467,0.0,0.1111111111111111,1.0,2.8577206
0,C_scene,fast_distractors,57,-0.7223265,0.0,0.0,0.0,23.441557
0,C_scene,fast_distractors,58,-0.371551,0.0,0.0,0.0,12.259201
0,C_scene,fast_distractors,59,-0.575468,0.0,0.0,0.0,19.956396
0,C_scene,fast_distractors,60,-0.773036,0.0,0.0,0.0,23.649525
0,C_scene,fast_distractors,61,-0.34066036,0.0,0.0,0.0,10.232374
0,C_scene,fast_distractors,62,-0.45979077,0.0,0.0,1.0,16.182089
0,C_scene,fast_distractors,63,-0.27552822,0.0,0.0,1.0,11.597079
0,C_scene,fast_distractors,64,-0.756708,0.0,0.0,0.0,26.109873
0,C_scene,fast_distractors,65,-0.10029944,0.0,0.0,1.0,1.812611
0,C_scene,fast_distractors,66,-0.12130117,0.0,0.0,1.0,6.880152
0,C_scene,fast_distractors,67,-0.3283916,0.0,0.0,1.0,11.695914
0,C_scene,fast_distractors,68,-0.84290147,0.0,0.0,0.0,25.631598
0,C_scene,fast_distractors,69,-0.36117813,0.0,0.0,0.0,11.3111315
0,C_scene,fast_distractors,70,-0.37958845,0.0,0.0,0.0,15.0975065
0,C_scene,fast_distractors,71,-0.6593316,0.0,0.0,0.0,19.642862
0,C_scene,fast_distractors,72,0.14200054,0.0,0.28888888888888886,1.0,3.400108
0,C_scene,fast_distractors,73,-0.309306,0.0,0.0,1.0,7.7500544
0,C_scene,fast_distractors,74,-0.57343894,0.0,0.0,0.0,14.662041
0,C_scene,fast_distractors,75,-0.52197486,0.0,0.0,1.0,16.944221
0,C_scene,fast_distractors,76,-0.25250927,0.0,0.0,1.0,6.792112
0,C_scene,fast_distractors,77,-0.77156526,0.0,0.0,0.0,25.612913
0,C_scene,fast_distractors,78,-0.3699622,0.0,0.0,1.0,8.292227
0,C_scene,fast_distractors,79,-0.21968263,0.0,0.0,0.0,6.427977
0,C_scene,fast_distractors,80,-0.6992486,0.0,0.0,0.0,22.933584
0,C_scene,fast_distractors,81,-0.4701799,0.0,0.0,1.0,11.388009
0,C_scene,fast_distractors,82,-0.56319404,0.0,0.0,1.0,17.715462
0,C_scene,fast_distractors,83,-0.7745725,0.0,0.0,0.0,21.864786
0,C_scene,fast_distractors,84,-0.44993642,0.0,0.0,0.0,16.199375
0,C_scene,fast_distractors,85,-0.61810005,0.0,0.0,0.0,17.228186
0,C_scene,fast_distractors,86,-0.5478286,0.0,0.0,0.0,21.398169
0,C_scene,fast_distractors,87,-0.35480392,0.0,0.0,1.0,11.269929
0,C_scene,fast_distractors,88,-0.220361,0.0,0.0,1.0,7.52569
0,C_scene,fast_distractors,89,-0.37265417,0.0,0.0,0.0,11.916581
0,C_scene,fast_distractors,90,-0.48992357,0.0,0.0,1.0,9.423622
0,C_scene,fast_distractors,91,-0.75438327,0.0,0.0,0.0,24.516161
0,C_scene,fast_distractors,92,-0.36917573,0.0,0.0,0.0,9.959713
0,C_scene,fast_distractors,93,-0.5682548,0.0,0.0,1.0,19.419907
0,C_scene,fast_distractors,94,-0.101725325,0.0,0.0,1.0,2.8716016
0,C_scene,fast_distractors,95,-0.6133243,0.0,0.0,0.0,18.831194
0,C_scene,fast_distractors,96,-0.6628712,0.0,0.0,0.0,21.095753
0,C_scene,fast_distractors,97,-0.37962925,0.0,0.0,0.0,11.937501
0,C_scene,fast_distractors,98,-0.25618774,0.0,0.0,1.0,10.28749
0,C_scene,fast_distractors,99,-0.68446577,0.0,0.0,0.0,22.936554
0,C_scene,unseen_distractor_hues,0,-0.4055386,0.0,0.0,0.0,15.804372
0,C_scene,unseen_distractor_hues,1,-0.39585516,0.0,0.0,1.0,15.280039
0,C_scene,unseen_distractor_hues,2,-0.7386262,0.0,0.0,0.0,25.469597
0,C_scene,unseen_distractor_hues,3,-0.5256621,0.0,0.0,0.0,18.667065
0,C_scene,unseen_distractor_hues,4,-0.2938439,0.0,0.0,1.0,7.7033095
0,C_scene,unseen_distractor_hues,5,-0.67410725,0.0,0.0,0.0,17.262054
0,C_scene,unseen_distractor_hues,6,-0.33971798,0.0,0.0,1.0,7.7546053
0,C_scene,unseen_distractor_hues,7,-0.80553335,0.0,0.0,0.0,26.51508
0,C_scene,unseen_distractor_hues,8,-0.5720487,0.0,0.0,1.0,17.622578
0,C_scene,unseen_distractor_hues,9,-0.3772518,0.0,0.0,0.0,8.470895
0,C_scene,unseen_distractor_hues,10,-0.5728342,0.0,0.0,0.0,19.339655
0,C_scene,unseen_distractor_hues,11,-0.67957985,0.0,0.0,0.0,22.481173
0,C_scene,unseen_distractor_hues,12,-0.19061865,0.0,0.0,0.0,18.62611
0,C_scene,unseen_distractor_hues,13,-0.6915442,0.0,0.0,0.0,20.289734
0,C_scene,unseen_distractor_hues,14,-0.4230133,0.0,0.0,0.0,12.811729
0,C_scene,unseen_distractor_hues,15,-0.7006784,0.0,0.0,0.0,22.462824
0,C_scene,unseen_distractor_hues,16,-0.33228672,0.0,0.0,1.0,13.70988
0,C_scene,unseen_distractor_hues,17,0.00012030436,0.0,0.17777777777777778,1.0,6.4426203
0,C_scene,unseen_distractor_hues,18,-0.3798973,0.0,0.0,1.0,13.285742
0,C_scene,unseen_distractor_hues,19,-0.82604563,0.0,0.0,0.0,20.845238
0,C_scene,unseen_distractor_hues,20,-0.38843253,0.0,0.0,0.0,15.172294
0,C_scene,unseen_distractor_hues,21,-0.15744558,0.0,0.0,1.0,3.3863876
0,C_scene,unseen_distractor_hues,22,-0.19988209,0.0,0.0,0.0,8.283992
0,C_scene,unseen_distractor_hues,23,0.033839267,0.0,0.2222222222222222,1.0,5.9413495
0,C_scene,unseen_distractor_hues,24,-0.45604658,0.0,0.0,1.0,13.140978
0,C_scene,unseen_distractor_hues,25,-0.5742467,0.0,0.0,0.0,22.068144
0,C_scene,unseen_distractor_hues,26,0.13752687,0.0,0.37777777777777777,1.0,1.7830061
0,C_scene,unseen_distractor_hues,27,-0.18794443,0.0,0.0,0.0,7.6202745
0,C_scene,unseen_distractor_hues,28,-0.016216554,0.0,0.0,1.0,4.031785
0,C_scene,unseen_distractor_hues,29,-0.39993367,0.0,0.0,1.0,16.421911
0,C_scene,unseen_distractor_hues,30,-0.6242637,0.0,0.0,1.0,17.685003
0,C_scene,unseen_distractor_hues,31,-0.49997267,0.0,0.0,0.0,17.109114
0,C_scene,unseen_distractor_hues,32,-0.871319,0.0,0.0,0.0,28.326887
0,C_scene,unseen_distractor_hues,33,-0.38267878,0.0,0.0,0.0,14.324582
0,C_scene,unseen_distractor_hues,34,-0.59495187,0.0,0.0,0.0,21.439323
0,C_scene,unseen_distractor_hues,35,-0.3307554,0.0,0.0,1.0,12.542792
0,C_scene,unseen_distractor_hues,36,-0.3520129,0.0,0.0,1.0,13.53288
0,C_scene,unseen_distractor_hues,37,-0.7724304,0.0,0.0,0.0,26.49213
0,C_scene,unseen_distractor_hues,38,-0.37275773,0.0,0.0,1.0,13.7251425
0,C_scene,unseen_distractor_hues,39,-0.6478209,0.0,0.0,0.0,18.996803
0,C_scene,unseen_distractor_hues,40,-0.5330759,0.0,0.0,0.0,16.44662
0,C_scene,unseen_distractor_hues,41,-0.24589248,0.0,0.0,1.0,8.422562
0,C_scene,unseen_distractor_hues,42,-0.26976368,0.0,0.0,1.0,4.6806536
0,C_scene,unseen_distractor_hues,43,-0.40393636,0.0,0.0,1.0,13.239354
0,C_scene,unseen_distractor_hues,44,-0.4076091,0.0,0.0,0.0,10.896281
0,C_scene,unseen_distractor_hues,45,-0.4409022,0.0,0.0,0.0,13.688573
0,C_scene,unseen_distractor_hues,46,-0.6198741,0.0,0.0,0.0,13.21196
0,C_scene,unseen_distractor_hues,47,0.09627209,1.0,0.15555555555555556,1.0,0.75892293
0,C_scene,unseen_distractor_hues,48,-0.52287203,0.0,0.0,1.0,16.35329
0,C_scene,unseen_distractor_hues,49,-0.3617914,0.0,0.0,0.0,12.703896
0,C_scene,unseen_distractor_hues,50,-0.11710312,0.0,0.0,1.0,4.837352
0,C_scene,unseen_distractor_hues,51,-0.7588485,0.0,0.0,0.0,22.50092
0,C_scene,unseen_distractor_hues,52,-0.20635355,0.0,0.0,0.0,8.2231865
0,C_scene,unseen_distractor_hues,53,-0.50276047,0.0,0.0,1.0,13.743683
0,C_scene,unseen_distractor_hues,54,-0.15540667,0.0,0.0,1.0,2.7002237
0,C_scene,unseen_distractor_hues,55,-0.45502123,0.0,0.0,0.0,13.518654
0,C_scene,unseen_distractor_hues,56,0.043650992,0.0,0.1111111111111111,1.0,2.5921478
0,C_scene,unseen_distractor_hues,57,-0.7358543,0.0,0.0,0.0,22.663422
0,C_scene,unseen_distractor_hues,58,-0.3516362,0.0,0.0,0.0,10.977657
0,C_scene,unseen_distractor_hues,59,-0.5591629,0.0,0.0,0.0,17.57724
0,C_scene,unseen_distractor_hues,60,-0.7889964,0.0,0.0,0.0,25.41153
0,C_scene,unseen_distractor_hues,61,-0.3571203,0.0,0.0,0.0,11.066781
0,C_scene,unseen_distractor_hues,62,-0.43035918,0.0,0.0,0.0,16.692976
0,C_scene,unseen_distractor_hues,63,-0.26861534,0.0,0.0,1.0,10.785926
0,C_scene,unseen_distractor_hues,64,-0.7196866,0.0,0.0,0.0,24.68566
0,C_scene,unseen_distractor_hues,65,-0.09903982,0.0,0.0,1.0,2.3111243
0,C_scene,unseen_distractor_hues,66,-0.05711126,0.0,0.0,1.0,4.1128435
0,C_scene,unseen_distractor_hues,67,-0.28659174,0.0,0.0,1.0,8.445532
0,C_scene,unseen_distractor_hues,68,-0.8238758,0.0,0.0,0.0,25.976816
0,C_scene,unseen_distractor_hues,69,-0.26570895,0.0,0.0,1.0,6.30548
0,C_scene,unseen_distractor_hues,70,-0.3636004,0.0,0.0,0.0,12.585773
0,C_scene,unseen_distractor_hues,71,-0.6393639,0.0,0.0,0.0,19.09491
0,C_scene,unseen_distractor_hues,72,0.014947831,0.0,0.022222222222222223,1.0,4.709346
0,C_scene,unseen_distractor_hues,73,-0.2960555,0.0,0.0,1.0,7.685268
0,C_scene,unseen_distractor_hues,74,-0.6239739,0.0,0.0,0.0,17.566238
0,C_scene,unseen_distractor_hues,75,-0.5338481,0.0,0.0,1.0,18.629633
0,C_scene,unseen_distractor_hues,76,-0.26472834,0.0,0.0,1.0,7.8248253
0,C_scene,unseen_distractor_hues,77,-0.6075629,0.0,0.0,0.0,20.388998
0,C_scene,unseen_distractor_hues,78,-0.28507522,0.0,0.0,1.0,7.1406846
0,C_scene,unseen_distractor_hues,79,-0.23880813,0.0,0.0,0.0,7.5980053
0,C_scene,unseen_distractor_hues,80,-0.70695984,0.0,0.0,0.0,23.185781
0,C_scene,unseen_distractor_hues,81,-0.4878699,0.0,0.0,1.0,12.763967
0,C_scene,unseen_distractor_hues,82,-0.58043563,0.0,0.0,1.0,18.353903
0,C_scene,unseen_distractor_hues,83,-0.7466367,0.0,0.0,0.0,19.62008
0,C_scene,unseen_distractor_hues,84,-0.42687628,0.0,0.0,0.0,14.581643
0,C_scene,unseen_distractor_hues,85,-0.63811827,0.0,0.0,0.0,18.136656
0,C_scene,unseen_distractor_hues,86,-0.56062937,0.0,0.0,0.0,21.55215
0,C_scene,unseen_distractor_hues,87,-0.3192933,0.0,0.0,1.0,8.819099
0,C_scene,unseen_distractor_hues,88,-0.18503074,0.0,0.0,1.0,5.8732924
0,C_scene,unseen_distractor_hues,89,-0.37014437,0.0,0.0,0.0,11.508681
0,C_scene,unseen_distractor_hues,90,-0.47473302,0.0,0.0,1.0,8.718943
0,C_scene,unseen_distractor_hues,91,-0.70444953,0.0,0.0,0.0,22.273142
0,C_scene,unseen_distractor_hues,92,-0.43117335,0.0,0.0,0.0,11.810919
0,C_scene,unseen_distractor_hues,93,-0.54570043,0.0,0.0,1.0,17.533321
0,C_scene,unseen_distractor_hues,94,-0.13245147,0.0,0.0,1.0,3.644756
0,C_scene,unseen_distractor_hues,95,-0.67527044,0.0,0.0,0.0,23.499317
0,C_scene,unseen_distractor_hues,96,-0.6261486,0.0,0.0,0.0,17.727316
0,C_scene,unseen_distractor_hues,97,-0.41283464,0.0,0.0,0.0,13.937392
0,C_scene,unseen_distractor_hues,98,-0.21871033,0.0,0.0,1.0,7.602345
0,C_scene,unseen_distractor_hues,99,-0.6562821,0.0,0.0,0.0,21.274387
0,C_scene,heavy_pixel_noise,0,-0.46349365,0.0,0.0,0.0,17.258318
0,C_scene,heavy_pixel_noise,1,-0.32154176,0.0,0.0,1.0,11.753773
0,C_scene,heavy_pixel_noise,2,-0.7270328,0.0,0.0,0.0,24.16805
0,C_scene,heavy_pixel_noise,3,-0.48217857,0.0,0.0,0.0,12.668962
0,C_scene,heavy_pixel_noise,4,-0.3270787,0.0,0.0,1.0,9.322395
0,C_scene,heavy_pixel_noise,5,-0.7328963,0.0,0.0,0.0,23.974293
0,C_scene,heavy_pixel_noise,6,-0.32230636,0.0,0.0,1.0,7.3550572
0,C_scene,heavy_pixel_noise,7,-0.8356805,0.0,0.0,0.0,27.229298
0,C_scene,heavy_pixel_noise,8,-0.5986792,0.0,0.0,1.0,18.99852
0,C_scene,heavy_pixel_noise,9,-0.4602432,0.0,0.0,0.0,15.527522
0,C_scene,heavy_pixel_noise,10,-0.5711917,0.0,0.0,0.0,19.348852
0,C_scene,heavy_pixel_noise,11,-0.6785212,0.0,0.0,0.0,22.51659
0,C_scene,heavy_pixel_noise,12,-0.06482324,0.0,0.0,1.0,5.7768464
0,C_scene,heavy_pixel_noise,13,-0.71316224,0.0,0.0,0.0,22.25197
0,C_scene,heavy_pixel_noise,14,-0.44297978,0.0,0.0,0.0,14.580311
0,C_scene,heavy_pixel_noise,15,-0.675265,0.0,0.0,0.0,20.707096
0,C_scene,heavy_pixel_noise,16,-0.32534528,0.0,0.0,1.0,13.4624605
0,C_scene,heavy_pixel_noise,17,-0.036759242,0.0,0.15555555555555556,1.0,8.045205
0,C_scene,heavy_pixel_noise,18,-0.38919577,0.0,0.0,0.0,7.1020937
0,C_scene,heavy_pixel_noise,19,-0.8427548,0.0,0.0,0.0,25.543072
0,C_scene,heavy_pixel_noise,20,-0.43445185,0.0,0.0,0.0,15.401762
0,C_scene,heavy_pixel_noise,21,-0.16969849,0.0,0.0,1.0,2.2124665
0,C_scene,heavy_pixel_noise,22,-0.18347372,0.0,0.0,1.0,6.5820084
0,C_scene,heavy_pixel_noise,23,-0.09522922,0.0,0.08888888888888889,1.0,6.5061154
0,C_scene,heavy_pixel_noise,24,-0.45163217,0.0,0.0,0.0,12.513229
0,C_scene,heavy_pixel_noise,25,-0.598832,0.0,0.0,0.0,20.282919
0,C_scene,heavy_pixel_noise,26,0.13696682,0.0,0.35555555555555557,1.0,2.2297518
0,C_scene,heavy_pixel_noise,27,-0.1872917,0.0,0.0,1.0,5.277226
0,C_scene,heavy_pixel_noise,28,0.01356351,0.0,0.0,1.0,1.6174264
0,C_scene,heavy_pixel_noise,29,-0.38707063,0.0,0.0,1.0,14.977155
0,C_scene,heavy_pixel_noise,30,-0.61825186,0.0,0.0,1.0,16.41666
0,C_scene,heavy_pixel_noise,31,-0.535703,0.0,0.0,0.0,19.63498
0,C_scene,heavy_pixel_noise,32,-0.88034683,0.0,0.0,0.0,27.980503
0,C_scene,heavy_pixel_noise,33,-0.3918092,0.0,0.0,0.0,15.023563
0,C_scene,heavy_pixel_noise,34,-0.57345045,0.0,0.0,0.0,19.862911
0,C_scene,heavy_pixel_noise,35,-0.30160663,0.0,0.0,1.0,11.164161
0,C_scene,heavy_pixel_noise,36,-0.36452904,0.0,0.0,0.0,12.593359
0,C_scene,heavy_pixel_noise,37,-0.72876793,0.0,0.0,0.0,25.853172
0,C_scene,heavy_pixel_noise,38,-0.38577875,0.0,0.0,1.0,15.462812
0,C_scene,heavy_pixel_noise,39,-0.65344465,0.0,0.0,0.0,19.628248
0,C_scene,heavy_pixel_noise,40,-0.5982724,0.0,0.0,0.0,19.742329
0,C_scene,heavy_pixel_noise,41,0.040484864,0.0,0.28888888888888886,1.0,2.948795
0,C_scene,heavy_pixel_noise,42,-0.30434898,0.0,0.0,1.0,6.61662
0,C_scene,heavy_pixel_noise,43,-0.4540356,0.0,0.0,1.0,17.380463
0,C_scene,heavy_pixel_noise,44,-0.48370358,0.0,0.0,0.0,13.390288
0,C_scene,heavy_pixel_noise,45,-0.4634062,0.0,0.0,0.0,16.0229
0,C_scene,heavy_pixel_noise,46,-0.7270695,0.0,0.0,0.0,22.454369
0,C_scene,heavy_pixel_noise,47,-0.07683115,0.0,0.022222222222222223,1.0,2.753781
0,C_scene,heavy_pixel_noise,48,-0.53783935,0.0,0.0,1.0,17.027672
0,C_scene,heavy_pixel_noise,49,-0.30889514,0.0,0.0,0.0,11.061315
0,C_scene,heavy_pixel_noise,50,-0.16973093,0.0,0.0,1.0,5.5558004
0,C_scene,heavy_pixel_noise,51,-0.78334165,0.0,0.0,0.0,25.824917
0,C_scene,heavy_pixel_noise,52,-0.17181188,0.0,0.0,1.0,6.4530616
0,C_scene,heavy_pixel_noise,53,-0.393371,0.0,0.0,1.0,5.0964956
0,C_scene,heavy_pixel_noise,54,-0.2337,0.0,0.0,1.0,6.7297506
0,C_scene,heavy_pixel_noise,55,-0.5290819,0.0,0.0,0.0,18.824678
0,C_scene,heavy_pixel_noise,56,-0.057369485,0.0,0.08888888888888889,1.0,4.222444
0,C_scene,heavy_pixel_noise,57,-0.69765526,0.0,0.0,0.0,21.652603
0,C_scene,heavy_pixel_noise,58,-0.34522802,0.0,0.0,0.0,11.651097
0,C_scene,heavy_pixel_noise,59,-0.5712362,0.0,0.0,0.0,17.836126
0,C_scene,heavy_pixel_noise,60,-0.75415695,0.0,0.0,0.0,22.078657
0,C_scene,heavy_pixel_noise,61,-0.34583166,0.0,0.0,0.0,10.350378
0,C_scene,heavy_pixel_noise,62,-0.48446986,0.0,0.0,0.0,19.969975
0,C_scene,heavy_pixel_noise,63,-0.272466,0.0,0.0,1.0,11.282846
0,C_scene,heavy_pixel_noise,64,-0.6947512,0.0,0.0,0.0,21.775845
0,C_scene,heavy_pixel_noise,65,-0.19822441,0.0,0.0,1.0,7.184304
0,C_scene,heavy_pixel_noise,66,-0.101194784,0.0,0.0,1.0,4.8375473
0,C_scene,heavy_pixel_noise,67,-0.29294536,0.0,0.0,1.0,9.928665
0,C_scene,heavy_pixel_noise,68,-0.8358237,0.0,0.0,0.0,25.890007
0,C_scene,heavy_pixel_noise,69,-0.3695747,0.0,0.0,0.0,13.013746
0,C_scene,heavy_pixel_noise,70,-0.35355872,0.0,0.0,0.0,12.907602
0,C_scene,heavy_pixel_noise,71,-0.70044875,0.0,0.0,0.0,21.448364
0,C_scene,heavy_pixel_noise,72,-0.010917836,0.0,0.0,1.0,4.9113536
0,C_scene,heavy_pixel_noise,73,-0.32499063,0.0,0.0,1.0,9.388089
0,C_scene,heavy_pixel_noise,74,-0.6247629,0.0,0.0,0.0,18.333723
0,C_scene,heavy_pixel_noise,75,-0.5216618,0.0,0.0,1.0,17.15142
0,C_scene,heavy_pixel_noise,76,-0.23643745,0.0,0.0,1.0,5.3020186
0,C_scene,heavy_pixel_noise,77,-0.76404047,0.0,0.0,0.0,26.074356
0,C_scene,heavy_pixel_noise,78,-0.3164611,0.0,0.0,1.0,6.9929576
0,C_scene,heavy_pixel_noise,79,-0.18803984,0.0,0.0,1.0,3.757258
0,C_scene,heavy_pixel_noise,80,-0.7068933,0.0,0.0,0.0,22.909878
0,C_scene,heavy_pixel_noise,81,-0.48972207,0.0,0.0,1.0,12.604027
0,C_scene,heavy_pixel_noise,82,-0.59078753,0.0,0.0,1.0,19.628948
0,C_scene,heavy_pixel_noise,83,-0.75568795,0.0,0.0,0.0,20.836563
0,C_scene,heavy_pixel_noise,84,-0.4736013,0.0,0.0,0.0,15.509645
0,C_scene,heavy_pixel_noise,85,-0.62354654,0.0,0.0,0.0,17.591438
0,C_scene,heavy_pixel_noise,86,-0.5438648,0.0,0.0,0.0,21.33847
0,C_scene,heavy_pixel_noise,87,-0.33883312,0.0,0.0,1.0,11.169503
0,C_scene,heavy_pixel_noise,88,-0.076433815,0.0,0.0,1.0,1.9643011
0,C_scene,heavy_pixel_noise,89,-0.3992078,0.0,0.0,0.0,14.140353
0,C_scene,heavy_pixel_noise,90,-0.5016229,0.0,0.0,0.0,10.697059
0,C_scene,heavy_pixel_noise,91,-0.83897907,0.0,0.0,0.0,30.02006
0,C_scene,heavy_pixel_noise,92,-0.49724698,0.0,0.0,0.0,17.373257
0,C_scene,heavy_pixel_noise,93,-0.60220414,0.0,0.0,1.0,21.636467
0,C_scene,heavy_pixel_noise,94,-0.024416586,1.0,0.2,1.0,0.5614131
0,C_scene,heavy_pixel_noise,95,-0.6074601,0.0,0.0,0.0,19.94943
0,C_scene,heavy_pixel_noise,96,-0.6395062,0.0,0.0,0.0,18.545145
0,C_scene,heavy_pixel_noise,97,-0.36265543,0.0,0.0,0.0,12.177178
0,C_scene,heavy_pixel_noise,98,-0.23287934,0.0,0.0,1.0,9.223978
0,C_scene,heavy_pixel_noise,99,-0.67784345,0.0,0.0,0.0,23.220459
0,D_latent,in_distribution,0,-0.14983761,0.0,0.0,1.0,7.7883224
0,D_latent,in_distribution,1,-0.1098359,0.0,0.0,1.0,1.835922
0,D_latent,in_distribution,2,-0.31122583,0.0,0.0,1.0,5.1280184
0,D_latent,in_distribution,3,-0.27082467,0.0,0.0,1.0,8.157879
0,D_latent,in_distribution,4,-0.20611453,0.0,0.0,1.0,7.6757374
0,D_latent,in_distribution,5,-0.3595359,0.0,0.0,1.0,7.3484244
0,D_latent,in_distribution,6,-0.19477342,0.0,0.0,1.0,8.081519
0,D_latent,in_distribution,7,-0.27879873,0.0,0.0,1.0,6.0335903
0,D_latent,in_distribution,8,-0.40588447,0.0,0.0,1.0,11.417903
0,D_latent,in_distribution,9,-0.043056913,1.0,0.2222222222222222,1.0,1.4192953
0,D_latent,in_distribution,10,-0.2624082,0.0,0.0,1.0,4.172543
0,D_latent,in_distribution,11,-0.36851823,0.0,0.0,1.0,6.422967
0,D_latent,in_distribution,12,-0.19435191,0.0,0.0,1.0,9.607592
0,D_latent,in_distribution,13,-0.6386639,0.0,0.0,0.0,18.534327
0,D_latent,in_distribution,14,-0.2879873,0.0,0.0,1.0,7.0544443
0,D_latent,in_distribution,15,-0.5318093,0.0,0.0,0.0,10.945776
0,D_latent,in_distribution,16,0.021856474,0.0,0.0,1.0,2.9362211
0,D_latent,in_distribution,17,-0.17187731,0.0,0.0,1.0,5.9818807
0,D_latent,in_distribution,18,-0.2919375,0.0,0.0,1.0,6.621286
0,D_latent,in_distribution,19,-0.24718004,0.0,0.0,1.0,3.8697453
0,D_latent,in_distribution,20,-0.2684949,0.0,0.0,0.0,10.829539
0,D_latent,in_distribution,21,-0.060335785,0.0,0.0,1.0,3.1733804
0,D_latent,in_distribution,22,-0.1894823,0.0,0.0,1.0,7.7283897
0,D_latent,in_distribution,23,0.09803256,0.0,0.26666666666666666,1.0,3.4530828
0,D_latent,in_distribution,24,-0.12955564,1.0,0.06666666666666667,1.0,1.4618171
0,D_latent,in_distribution,25,-0.37448663,0.0,0.0,0.0,12.079087
0,D_latent,in_distribution,26,0.13463134,1.0,0.4222222222222222,1.0,1.3566757
0,D_latent,in_distribution,27,-0.04865575,0.0,0.0,1.0,6.2897315
0,D_latent,in_distribution,28,-0.08144409,0.0,0.0,1.0,6.2033844
0,D_latent,in_distribution,29,-0.36330444,0.0,0.0,1.0,13.161251
0,D_latent,in_distribution,30,-0.06193536,0.0,0.28888888888888886,1.0,2.0879226
0,D_latent,in_distribution,31,-0.19909918,0.0,0.0,1.0,4.730528
0,D_latent,in_distribution,32,-0.38646346,0.0,0.0,1.0,5.8906
0,D_latent,in_distribution,33,-0.23297314,0.0,0.0,1.0,6.5551314
0,D_latent,in_distribution,34,-0.12949902,0.0,0.13333333333333333,1.0,4.9753428
0,D_latent,in_distribution,35,-0.26409388,0.0,0.0,1.0,10.146071
0,D_latent,in_distribution,36,-0.13865836,0.0,0.0,1.0,4.9876895
0,D_latent,in_distribution,37,-0.19472726,1.0,0.15555555555555556,1.0,1.4050493
0,D_latent,in_distribution,38,-0.24826552,0.0,0.0,1.0,8.944565
0,D_latent,in_distribution,39,-0.20444857,0.0,0.0,1.0,3.3413498
0,D_latent,in_distribution,40,-0.23138782,0.0,0.0,1.0,3.2079153
0,D_latent,in_distribution,41,0.07986801,0.0,0.4,1.0,1.8230782
0,D_latent,in_distribution,42,-0.24559422,0.0,0.0,1.0,9.377362
0,D_latent,in_distribution,43,-0.23161536,0.0,0.0,1.0,4.488011
0,D_latent,in_distribution,44,-0.28440145,0.0,0.0,1.0,9.948487
0,D_latent,in_distribution,45,-0.26176706,0.0,0.0,1.0,7.1560507
0,D_latent,in_distribution,46,-0.33375877,0.0,0.0,1.0,7.2372193
0,D_latent,in_distribution,47,-0.10715685,0.0,0.0,1.0,5.9575377
0,D_latent,in_distribution,48,-0.19899756,0.0,0.0,1.0,4.241365
0,D_latent,in_distribution,49,-0.32045412,0.0,0.0,0.0,11.43553
0,D_latent,in_distribution,50,-0.21614689,0.0,0.0,1.0,6.7466288
0,D_latent,in_distribution,51,-0.5820086,0.0,0.0,1.0,16.62735
0,D_latent,in_distribution,52,-0.16980647,0.0,0.0,1.0,5.6799326
0,D_latent,in_distribution,53,-0.35344687,0.0,0.0,1.0,11.008371
0,D_latent,in_distribution,54,-0.014214471,0.0,0.0,1.0,2.2951627
0,D_latent,in_distribution,55,-0.27058128,0.0,0.0,1.0,4.9276733
0,D_latent,in_distribution,56,-0.014831229,0.0,0.15555555555555556,1.0,5.2055364
0,D_latent,in_distribution,57,-0.5552212,0.0,0.0,0.0,13.511088
0,D_latent,in_distribution,58,-0.26318154,0.0,0.0,0.0,7.4329233
0,D_latent,in_distribution,59,-0.44371396,0.0,0.0,0.0,14.788557
0,D_latent,in_distribution,60,-0.39305216,0.0,0.0,1.0,7.0136714
0,D_latent,in_distribution,61,-0.2895229,0.0,0.0,1.0,9.8100605
0,D_latent,in_distribution,62,-0.36479086,0.0,0.0,0.0,12.572512
0,D_latent,in_distribution,63,-0.2986629,0.0,0.0,1.0,13.227905
0,D_latent,in_distribution,64,-0.37195426,0.0,0.0,1.0,10.690524
0,D_latent,in_distribution,65,0.0678307,0.0,0.24444444444444444,1.0,4.234905
0,D_latent,in_distribution,66,-0.006538002,0.0,0.17777777777777778,1.0,6.3044415
0,D_latent,in_distribution,67,-0.18251553,0.0,0.0,1.0,4.4434633
0,D_latent,in_distribution,68,-0.37829107,0.0,0.0,1.0,7.040954
0,D_latent,in_distribution,69,-0.05145108,0.0,0.0,1.0,2.781018
0,D_latent,in_distribution,70,-0.25128332,0.0,0.0,1.0,7.78459
0,D_latent,in_distribution,71,-0.44385326,0.0,0.0,1.0,11.632595
0,D_latent,in_distribution,72,0.009921515,0.0,0.2,1.0,6.1994295
0,D_latent,in_distribution,73,-0.29921767,0.0,0.0,1.0,8.368466
0,D_latent,in_distribution,74,-0.37947306,0.0,0.0,1.0,10.607809
0,D_latent,in_distribution,75,-0.27656698,0.0,0.0,1.0,8.140701
0,D_latent,in_distribution,76,-0.25553685,0.0,0.0,1.0,10.501853
0,D_latent,in_distribution,77,-0.5345816,0.0,0.0,0.0,15.397968
0,D_latent,in_distribution,78,-0.15243265,0.0,0.0,1.0,3.214913
0,D_latent,in_distribution,79,-0.2053858,0.0,0.0,1.0,6.195102
0,D_latent,in_distribution,80,-0.46705386,0.0,0.0,0.0,10.675129
0,D_latent,in_distribution,81,-0.30275172,0.0,0.0,1.0,7.7789617
0,D_latent,in_distribution,82,-0.32787907,0.0,0.0,1.0,9.245015
0,D_latent,in_distribution,83,-0.45467132,0.0,0.0,1.0,10.286338
0,D_latent,in_distribution,84,-0.41511855,0.0,0.0,1.0,15.282392
0,D_latent,in_distribution,85,-0.4050385,0.0,0.0,1.0,7.0749836
0,D_latent,in_distribution,86,-0.31900918,0.0,0.0,0.0,8.897117
0,D_latent,in_distribution,87,-0.09837233,0.0,0.0,1.0,1.802322
0,D_latent,in_distribution,88,-0.13771953,0.0,0.0,1.0,3.1511712
0,D_latent,in_distribution,89,-0.220965,0.0,0.0,1.0,7.215372
0,D_latent,in_distribution,90,-0.18630137,0.0,0.0,1.0,2.1847384
0,D_latent,in_distribution,91,-0.40727642,0.0,0.0,1.0,4.9257445
0,D_latent,in_distribution,92,-0.1945353,0.0,0.0,1.0,7.791483
0,D_latent,in_distribution,93,-0.40307337,0.0,0.0,1.0,11.356937
0,D_latent,in_distribution,94,-0.26121223,0.0,0.0,1.0,8.994556
0,D_latent,in_distribution,95,-0.23661843,0.0,0.0,1.0,3.172251
0,D_latent,in_distribution,96,-0.24437928,0.0,0.0,1.0,5.499424
0,D_latent,in_distribution,97,-0.078724116,0.0,0.0,1.0,2.4564054
0,D_latent,in_distribution,98,-0.17858842,0.0,0.0,1.0,6.686098
0,D_latent,in_distribution,99,-0.15449344,0.0,0.13333333333333333,1.0,4.920439
0,D_latent,4_distractors,0,-0.18383056,0.0,0.0,1.0,8.023951
0,D_latent,4_distractors,1,-0.23211785,0.0,0.0,1.0,5.097522
0,D_latent,4_distractors,2,-0.3202804,0.0,0.0,1.0,6.1479645
0,D_latent,4_distractors,3,-0.308977,0.0,0.0,1.0,9.126423
0,D_latent,4_distractors,4,-0.20087618,0.0,0.0,1.0,8.042449
0,D_latent,4_distractors,5,-0.3220744,0.0,0.0,1.0,5.145889
0,D_latent,4_distractors,6,-0.20009986,0.0,0.0,1.0,8.321542
0,D_latent,4_distractors,7,-0.24629964,0.0,0.0,1.0,4.525327
0,D_latent,4_distractors,8,-0.39123383,0.0,0.0,1.0,10.493955
0,D_latent,4_distractors,9,-0.0956649,0.0,0.044444444444444446,1.0,1.859253
0,D_latent,4_distractors,10,-0.23116833,0.0,0.0,1.0,3.1070437
0,D_latent,4_distractors,11,-0.38208613,0.0,0.0,1.0,6.6938887
0,D_latent,4_distractors,12,-0.20950301,0.0,0.0,1.0,10.031139
0,D_latent,4_distractors,13,-0.63835526,0.0,0.0,0.0,18.484444
0,D_latent,4_distractors,14,-0.28226292,0.0,0.0,1.0,6.6549144
0,D_latent,4_distractors,15,-0.41270998,0.0,0.0,0.0,10.864506
0,D_latent,4_distractors,16,0.04177425,0.0,0.0,1.0,3.049345
0,D_latent,4_distractors,17,-0.1644021,0.0,0.0,1.0,6.580206
0,D_latent,4_distractors,18,-0.31573367,0.0,0.0,1.0,8.162589
0,D_latent,4_distractors,19,-0.15210213,0.0,0.2,1.0,2.4229796
0,D_latent,4_distractors,20,-0.26745522,0.0,0.0,0.0,10.809337
0,D_latent,4_distractors,21,-0.05494736,0.0,0.0,1.0,4.238707
0,D_latent,4_distractors,22,-0.18468986,0.0,0.0,0.0,7.955447
0,D_latent,4_distractors,23,0.08642107,0.0,0.2222222222222222,1.0,3.17328
0,D_latent,4_distractors,24,-0.2515742,0.0,0.0,1.0,3.8795805
0,D_latent,4_distractors,25,-0.44927254,0.0,0.0,0.0,15.213009
0,D_latent,4_distractors,26,0.06943227,0.0,0.26666666666666666,1.0,5.2541466
0,D_latent,4_distractors,27,-0.18513608,0.0,0.0,0.0,7.7995834
0,D_latent,4_distractors,28,-0.07074507,0.0,0.0,1.0,6.0364113
0,D_latent,4_distractors,29,-0.36068544,0.0,0.0,1.0,13.009952
0,D_latent,4_distractors,30,-0.052920282,1.0,0.28888888888888886,1.0,0.15589502
0,D_latent,4_distractors,31,-0.20179607,0.0,0.0,1.0,3.9068098
0,D_latent,4_distractors,32,-0.40828535,0.0,0.0,1.0,7.6972647
0,D_latent,4_distractors,33,-0.19648091,0.0,0.0,1.0,3.6786625
0,D_latent,4_distractors,34,-0.08474068,0.0,0.15555555555555556,1.0,3.3233087
0,D_latent,4_distractors,35,-0.2895748,0.0,0.0,1.0,11.235007
0,D_latent,4_distractors,36,-0.15688783,0.0,0.0,1.0,4.8852797
0,D_latent,4_distractors,37,-0.12394132,1.0,0.28888888888888886,1.0,0.42298353
0,D_latent,4_distractors,38,-0.2562687,0.0,0.0,1.0,9.443397
0,D_latent,4_distractors,39,-0.28161588,0.0,0.0,1.0,4.572563
0,D_latent,4_distractors,40,-0.23213355,0.0,0.0,1.0,3.2134428
0,D_latent,4_distractors,41,0.06680976,0.0,0.35555555555555557,1.0,1.8497335
0,D_latent,4_distractors,42,-0.23635004,0.0,0.0,1.0,9.136494
0,D_latent,4_distractors,43,-0.21309943,0.0,0.0,1.0,3.5567942
0,D_latent,4_distractors,44,-0.28931725,0.0,0.0,1.0,10.618907
0,D_latent,4_distractors,45,-0.34466308,0.0,0.0,1.0,10.462634
0,D_latent,4_distractors,46,-0.33606225,0.0,0.0,1.0,7.3733463
0,D_latent,4_distractors,47,-0.08246579,0.0,0.0,1.0,5.423736
0,D_latent,4_distractors,48,-0.19201726,0.0,0.0,1.0,3.8793538
0,D_latent,4_distractors,49,-0.28021872,0.0,0.0,0.0,9.963333
0,D_latent,4_distractors,50,-0.20843074,0.0,0.0,1.0,5.936181
0,D_latent,4_distractors,51,-0.62759584,0.0,0.0,0.0,18.72357
0,D_latent,4_distractors,52,-0.15019481,0.0,0.0,1.0,4.9584107
0,D_latent,4_distractors,53,-0.31872013,0.0,0.0,1.0,8.636563
0,D_latent,4_distractors,54,0.06986731,1.0,0.15555555555555556,1.0,1.0147741
0,D_latent,4_distractors,55,-0.1561173,0.0,0.0,1.0,2.5674906
0,D_latent,4_distractors,56,0.19455665,0.0,0.2222222222222222,1.0,2.4088175
0,D_latent,4_distractors,57,-0.5607034,0.0,0.0,0.0,13.87952
0,D_latent,4_distractors,58,-0.2709439,0.0,0.0,0.0,7.8012114
0,D_latent,4_distractors,59,-0.42752284,0.0,0.0,0.0,15.679701
0,D_latent,4_distractors,60,-0.3853356,0.0,0.0,1.0,6.9736247
0,D_latent,4_distractors,61,-0.27607074,0.0,0.0,1.0,9.161458
0,D_latent,4_distractors,62,-0.3556422,0.0,0.0,0.0,12.15657
0,D_latent,4_distractors,63,-0.2673206,0.0,0.0,1.0,11.610514
0,D_latent,4_distractors,64,-0.3715847,0.0,0.0,1.0,9.607976
0,D_latent,4_distractors,65,0.05777975,0.0,0.2222222222222222,1.0,4.483446
0,D_latent,4_distractors,66,-0.032039527,0.0,0.13333333333333333,1.0,7.110662
0,D_latent,4_distractors,67,-0.18325545,0.0,0.0,1.0,4.4721007
0,D_latent,4_distractors,68,-0.3803736,0.0,0.0,1.0,7.114513
0,D_latent,4_distractors,69,-0.14690757,0.0,0.0,1.0,4.08029
0,D_latent,4_distractors,70,-0.2626991,0.0,0.0,1.0,8.551358
0,D_latent,4_distractors,71,-0.4072874,0.0,0.0,1.0,10.775506
0,D_latent,4_distractors,72,0.14381807,0.0,0.3111111111111111,1.0,3.3305893
0,D_latent,4_distractors,73,-0.28711924,0.0,0.0,1.0,8.562081
0,D_latent,4_distractors,74,-0.3769449,0.0,0.0,1.0,10.942515
0,D_latent,4_distractors,75,-0.29594848,0.0,0.0,1.0,9.013983
0,D_latent,4_distractors,76,-0.23075706,0.0,0.0,1.0,8.457374
0,D_latent,4_distractors,77,-0.53583133,0.0,0.0,0.0,16.169554
0,D_latent,4_distractors,78,-0.2285393,0.0,0.0,1.0,5.886658
0,D_latent,4_distractors,79,-0.24016853,0.0,0.0,1.0,7.723229
0,D_latent,4_distractors,80,-0.46650693,0.0,0.0,0.0,10.605233
0,D_latent,4_distractors,81,-0.29674762,0.0,0.0,1.0,7.3188105
0,D_latent,4_distractors,82,-0.3517017,0.0,0.0,1.0,10.820576
0,D_latent,4_distractors,83,-0.44120216,0.0,0.0,1.0,9.718941
0,D_latent,4_distractors,84,-0.41261655,0.0,0.0,1.0,15.101291
0,D_latent,4_distractors,85,-0.4058066,0.0,0.0,1.0,7.1521587
0,D_latent,4_distractors,86,-0.32128543,0.0,0.0,0.0,9.247424
0,D_latent,4_distractors,87,-0.080976754,0.0,0.0,1.0,2.4264662
0,D_latent,4_distractors,88,-0.13419192,0.0,0.0,1.0,2.4359705
0,D_latent,4_distractors,89,-0.21818699,0.0,0.0,1.0,7.470537
0,D_latent,4_distractors,90,-0.24360889,0.0,0.0,1.0,2.2748382
0,D_latent,4_distractors,91,-0.43566826,0.0,0.0,1.0,6.71185
0,D_latent,4_distractors,92,-0.1915568,0.0,0.0,1.0,7.66337
0,D_latent,4_distractors,93,-0.3825554,0.0,0.0,1.0,10.35829
0,D_latent,4_distractors,94,-0.2587266,0.0,0.0,1.0,8.85007
0,D_latent,4_distractors,95,-0.0942377,0.0,0.1111111111111111,1.0,4.1003647
0,D_latent,4_distractors,96,-0.2571451,0.0,0.0,1.0,5.932096
0,D_latent,4_distractors,97,-0.21169196,0.0,0.0,1.0,3.392874
0,D_latent,4_distractors,98,-0.19745542,0.0,0.0,1.0,6.8993683
0,D_latent,4_distractors,99,-0.20088452,0.0,0.08888888888888889,1.0,6.7815256
0,D_latent,fast_distractors,0,-0.1404846,0.0,0.0,1.0,6.695877
0,D_latent,fast_distractors,1,-0.16200463,0.0,0.0,1.0,2.6167448
0,D_latent,fast_distractors,2,-0.314151,0.0,0.0,1.0,5.5781345
0,D_latent,fast_distractors,3,-0.27335504,0.0,0.0,1.0,8.19882
0,D_latent,fast_distractors,4,-0.20671196,0.0,0.0,1.0,7.747332
0,D_latent,fast_distractors,5,-0.3383361,0.0,0.0,1.0,6.126558
0,D_latent,fast_distractors,6,-0.18887177,0.0,0.0,1.0,7.3426757
0,D_latent,fast_distractors,7,-0.25361,0.0,0.0,1.0,5.0691457
0,D_latent,fast_distractors,8,-0.40593788,0.0,0.0,1.0,11.432105
0,D_latent,fast_distractors,9,-0.006546811,1.0,0.35555555555555557,1.0,0.6611213
0,D_latent,fast_distractors,10,-0.1813395,0.0,0.0,1.0,2.206884
0,D_latent,fast_distractors,11,-0.38227195,0.0,0.0,0.0,7.180567
0,D_latent,fast_distractors,12,-0.20778163,0.0,0.0,1.0,10.213296
0,D_latent,fast_distractors,13,-0.6384627,0.0,0.0,0.0,18.530596
0,D_latent,fast_distractors,14,-0.29039434,0.0,0.0,1.0,7.2989616
0,D_latent,fast_distractors,15,-0.5619878,0.0,0.0,0.0,11.214377
0,D_latent,fast_distractors,16,-0.017604792,0.0,0.0,1.0,3.767008
0,D_latent,fast_distractors,17,-0.17089757,0.0,0.0,1.0,5.91576
0,D_latent,fast_distractors,18,-0.27838326,0.0,0.0,1.0,5.6150403
0,D_latent,fast_distractors,19,-0.19179416,0.0,0.06666666666666667,1.0,3.323935
0,D_latent,fast_distractors,20,-0.26506728,0.0,0.0,0.0,10.664303
0,D_latent,fast_distractors,21,0.0037659248,0.0,0.0,1.0,2.6356153
0,D_latent,fast_distractors,22,-0.19296919,0.0,0.0,1.0,7.5885797
0,D_latent,fast_distractors,23,0.045854226,0.0,0.17777777777777778,1.0,3.333175
0,D_latent,fast_distractors,24,-0.116962515,1.0,0.1111111111111111,1.0,1.2852981
0,D_latent,fast_distractors,25,-0.38408965,0.0,0.0,0.0,12.575925
0,D_latent,fast_distractors,26,0.12730572,1.0,0.28888888888888886,1.0,1.1533895
0,D_latent,fast_distractors,27,-0.050223555,0.0,0.0,1.0,6.324811
0,D_latent,fast_distractors,28,-0.04465111,0.0,0.08888888888888889,1.0,5.6636724
0,D_latent,fast_distractors,29,-0.3636262,0.0,0.0,1.0,13.201636
0,D_latent,fast_distractors,30,-0.0074395016,1.0,0.37777777777777777,1.0,1.1142248
0,D_latent,fast_distractors,31,-0.21532203,0.0,0.0,1.0,5.225274
0,D_latent,fast_distractors,32,-0.39422727,0.0,0.0,1.0,5.4469686
0,D_latent,fast_distractors,33,-0.2272481,0.0,0.0,1.0,5.8058147
0,D_latent,fast_distractors,34,-0.15804331,0.0,0.1111111111111111,1.0,7.2373013
0,D_latent,fast_distractors,35,-0.26111093,0.0,0.0,1.0,9.989319
0,D_latent,fast_distractors,36,-0.15928614,0.0,0.0,1.0,5.2842603
0,D_latent,fast_distractors,37,-0.12938547,1.0,0.3111111111111111,1.0,0.6661689
0,D_latent,fast_distractors,38,-0.26103896,0.0,0.0,1.0,9.786953
0,D_latent,fast_distractors,39,-0.18464993,0.0,0.0,1.0,2.498522
0,D_latent,fast_distractors,40,-0.2464943,0.0,0.0,1.0,3.8582673
0,D_latent,fast_distractors,41,0.013060926,0.0,0.13333333333333333,1.0,2.3811338
0,D_latent,fast_distractors,42,-0.24319871,0.0,0.0,1.0,9.318843
0,D_latent,fast_distractors,43,-0.20944886,0.0,0.0,1.0,3.4852016
0,D_latent,fast_distractors,44,-0.28496683,0.0,0.0,1.0,10.016319
0,D_latent,fast_distractors,45,-0.3445243,0.0,0.0,1.0,10.557828
0,D_latent,fast_distractors,46,-0.32954842,0.0,0.0,1.0,6.862262
0,D_latent,fast_distractors,47,-0.0748519,0.0,0.0,1.0,4.848143
0,D_latent,fast_distractors,48,-0.17492065,0.0,0.0,1.0,3.696152
0,D_latent,fast_distractors,49,-0.32183492,0.0,0.0,0.0,11.476736
0,D_latent,fast_distractors,50,-0.21564023,0.0,0.0,1.0,6.6529007
0,D_latent,fast_distractors,51,-0.58199775,0.0,0.0,1.0,16.610094
0,D_latent,fast_distractors,52,-0.17389695,0.0,0.0,1.0,5.7006774
0,D_latent,fast_distractors,53,-0.35435188,0.0,0.0,1.0,11.239885
0,D_latent,fast_distractors,54,-0.048017945,0.0,0.0,1.0,2.662716
0,D_latent,fast_distractors,55,-0.27696937,0.0,0.0,1.0,6.3491955
0,D_latent,fast_distractors,56,-0.01438955,0.0,0.15555555555555556,1.0,5.130368
0,D_latent,fast_distractors,57,-0.48899162,0.0,0.0,1.0,10.019481
0,D_latent,fast_distractors,58,-0.26287964,0.0,0.0,0.0,7.3355374
0,D_latent,fast_distractors,59,-0.43741447,0.0,0.0,0.0,13.800632
0,D_latent,fast_distractors,60,-0.39826715,0.0,0.0,1.0,6.757568
0,D_latent,fast_distractors,61,-0.2900749,0.0,0.0,1.0,9.798044
0,D_latent,fast_distractors,62,-0.35578755,0.0,0.0,0.0,12.129826
0,D_latent,fast_distractors,63,-0.2906463,0.0,0.0,1.0,12.747971
0,D_latent,fast_distractors,64,-0.36961275,0.0,0.0,1.0,10.504962
0,D_latent,fast_distractors,65,0.08319649,0.0,0.13333333333333333,1.0,3.2722974
0,D_latent,fast_distractors,66,-0.058421664,0.0,0.15555555555555556,1.0,7.9061666
0,D_latent,fast_distractors,67,-0.18594486,0.0,0.0,1.0,4.76095
0,D_latent,fast_distractors,68,-0.39057568,0.0,0.0,1.0,6.7190256
0,D_latent,fast_distractors,69,-0.097467475,0.0,0.0,1.0,2.7835052
0,D_latent,fast_distractors,70,-0.2876846,0.0,0.0,1.0,9.81959
0,D_latent,fast_distractors,71,-0.44257146,0.0,0.0,1.0,11.612038
0,D_latent,fast_distractors,72,0.029361974,0.0,0.2222222222222222,1.0,5.826887
0,D_latent,fast_distractors,73,-0.3294395,0.0,0.0,1.0,10.453664
0,D_latent,fast_distractors,74,-0.38155103,0.0,0.0,1.0,10.907205
0,D_latent,fast_distractors,75,-0.27857524,0.0,0.0,1.0,7.976704
0,D_latent,fast_distractors,76,-0.24297723,0.0,0.0,1.0,9.519701
0,D_latent,fast_distractors,77,-0.53626955,0.0,0.0,0.0,16.137362
0,D_latent,fast_distractors,78,-0.13221267,0.0,0.0,1.0,2.7437646
0,D_latent,fast_distractors,79,-0.21247444,0.0,0.0,1.0,6.48689
0,D_latent,fast_distractors,80,-0.46681783,0.0,0.0,0.0,10.667192
0,D_latent,fast_distractors,81,-0.32758874,0.0,0.0,1.0,9.516061
0,D_latent,fast_distractors,82,-0.33329946,0.0,0.0,1.0,9.364553
0,D_latent,fast_distractors,83,-0.45596737,0.0,0.0,1.0,10.200032
0,D_latent,fast_distractors,84,-0.41523907,0.0,0.0,1.0,15.285416
0,D_latent,fast_distractors,85,-0.4030938,0.0,0.0,1.0,6.7423496
0,D_latent,fast_distractors,86,-0.3192468,0.0,0.0,0.0,8.909281
0,D_latent,fast_distractors,87,-0.09494764,0.0,0.0,1.0,2.140736
0,D_latent,fast_distractors,88,-0.09637753,0.0,0.0,1.0,2.1396048
0,D_latent,fast_distractors,89,-0.22563976,0.0,0.0,1.0,7.6709647
0,D_latent,fast_distractors,90,-0.2830742,0.0,0.0,1.0,3.341378
0,D_latent,fast_distractors,91,-0.41340345,0.0,0.0,1.0,5.5960917
0,D_latent,fast_distractors,92,-0.19256091,0.0,0.0,1.0,7.9145536
0,D_latent,fast_distractors,93,-0.40470365,0.0,0.0,1.0,11.448046
0,D_latent,fast_distractors,94,-0.24385469,0.0,0.0,1.0,8.898311
0,D_latent,fast_distractors,95,-0.17748502,0.0,0.0,1.0,4.9304175
0,D_latent,fast_distractors,96,-0.27091214,0.0,0.0,1.0,6.8132553
0,D_latent,fast_distractors,97,-0.05510708,0.0,0.17777777777777778,1.0,1.808169
0,D_latent,fast_distractors,98,-0.17873749,0.0,0.0,1.0,6.5116687
0,D_latent,fast_distractors,99,-0.15453179,0.0,0.13333333333333333,1.0,4.8889127
0,D_latent,unseen_distractor_hues,0,-0.1858394,0.0,0.0,1.0,8.152324
0,D_latent,unseen_distractor_hues,1,-0.20236406,0.0,0.0,1.0,3.9879687
0,D_latent,unseen_distractor_hues,2,-0.30051565,0.0,0.0,1.0,4.0224166
0,D_latent,unseen_distractor_hues,3,-0.28574458,0.0,0.0,1.0,9.01665
0,D_latent,unseen_distractor_hues,4,-0.19442202,0.0,0.0,1.0,8.180655
0,D_latent,unseen_distractor_hues,5,-0.29547855,0.0,0.0,1.0,3.692289
0,D_latent,unseen_distractor_hues,6,-0.18610844,0.0,0.0,1.0,7.6203804
0,D_latent,unseen_distractor_hues,7,-0.25553298,0.0,0.0,1.0,5.226264
0,D_latent,unseen_distractor_hues,8,-0.40303594,0.0,0.0,1.0,11.136698
0,D_latent,unseen_distractor_hues,9,-0.06090709,0.0,0.13333333333333333,1.0,1.7283695
0,D_latent,unseen_distractor_hues,10,-0.18533936,0.0,0.0,1.0,2.3129416
0,D_latent,unseen_distractor_hues,11,-0.38656273,0.0,0.0,0.0,7.378089
0,D_latent,unseen_distractor_hues,12,-0.2611211,0.0,0.0,0.0,11.625044
0,D_latent,unseen_distractor_hues,13,-0.6375176,0.0,0.0,0.0,18.391829
0,D_latent,unseen_distractor_hues,14,-0.28097633,0.0,0.0,1.0,6.1721473
0,D_latent,unseen_distractor_hues,15,-0.5879921,0.0,0.0,0.0,19.514267
0,D_latent,unseen_distractor_hues,16,-0.07146864,0.0,0.0,1.0,2.6851273
0,D_latent,unseen_distractor_hues,17,-0.17150044,0.0,0.0,1.0,5.8632326
0,D_latent,unseen_distractor_hues,18,-0.29141077,0.0,0.0,1.0,6.5007896
0,D_latent,unseen_distractor_hues,19,-0.23251197,0.0,0.0,1.0,3.196135
0,D_latent,unseen_distractor_hues,20,-0.245498,0.0,0.0,0.0,9.680298
0,D_latent,unseen_distractor_hues,21,-0.04313982,0.0,0.0,1.0,3.1870396
0,D_latent,unseen_distractor_hues,22,-0.19663681,0.0,0.0,1.0,8.163784
0,D_latent,unseen_distractor_hues,23,0.07418819,0.0,0.26666666666666666,1.0,3.4125357
0,D_latent,unseen_distractor_hues,24,-0.16141325,0.0,0.0,1.0,2.1167223
0,D_latent,unseen_distractor_hues,25,-0.39601114,0.0,0.0,0.0,13.090037
0,D_latent,unseen_distractor_hues,26,0.18968442,0.0,0.4222222222222222,1.0,2.8504305
0,D_latent,unseen_distractor_hues,27,-0.057037618,0.0,0.0,1.0,6.30555
0,D_latent,unseen_distractor_hues,28,-0.08370532,0.0,0.0,1.0,6.4146795
0,D_latent,unseen_distractor_hues,29,-0.35603994,0.0,0.0,1.0,13.058806
0,D_latent,unseen_distractor_hues,30,-0.020541716,1.0,0.37777777777777777,1.0,0.9247949
0,D_latent,unseen_distractor_hues,31,-0.17208119,0.0,0.0,1.0,3.6062489
0,D_latent,unseen_distractor_hues,32,-0.3519256,0.0,0.0,1.0,7.2354064
0,D_latent,unseen_distractor_hues,33,-0.19541083,0.0,0.0,1.0,3.7721937
0,D_latent,unseen_distractor_hues,34,-0.03728792,0.0,0.2222222222222222,1.0,2.0566995
0,D_latent,unseen_distractor_hues,35,-0.2552742,0.0,0.0,1.0,10.095582
0,D_latent,unseen_distractor_hues,36,-0.15703134,0.0,0.0,1.0,6.469642
0,D_latent,unseen_distractor_hues,37,-0.19390778,1.0,0.15555555555555556,1.0,1.2011365
0,D_latent,unseen_distractor_hues,38,-0.20703171,0.0,0.0,1.0,7.2821302
0,D_latent,unseen_distractor_hues,39,-0.2641167,0.0,0.0,1.0,4.3989644
0,D_latent,unseen_distractor_hues,40,-0.19133922,0.0,0.0,1.0,2.3734603
0,D_latent,unseen_distractor_hues,41,0.058516387,0.0,0.3333333333333333,1.0,2.0069938
0,D_latent,unseen_distractor_hues,42,-0.23225035,0.0,0.0,1.0,9.3418865
0,D_latent,unseen_distractor_hues,43,-0.2135354,0.0,0.0,1.0,3.7478185
0,D_latent,unseen_distractor_hues,44,-0.28327712,0.0,0.0,1.0,9.853856
0,D_latent,unseen_distractor_hues,45,-0.35172957,0.0,0.0,1.0,10.755758
0,D_latent,unseen_distractor_hues,46,-0.3298382,0.0,0.0,1.0,6.984868
0,D_latent,unseen_distractor_hues,47,-0.08221455,0.0,0.0,1.0,5.840011
0,D_latent,unseen_distractor_hues,48,-0.17248218,0.0,0.0,1.0,3.7774456
0,D_latent,unseen_distractor_hues,49,-0.29247472,0.0,0.0,0.0,10.172974
0,D_latent,unseen_distractor_hues,50,-0.20540208,0.0,0.0,1.0,5.6616874
0,D_latent,unseen_distractor_hues,51,-0.62588865,0.0,0.0,0.0,18.610899
0,D_latent,unseen_distractor_hues,52,-0.21015188,0.0,0.0,1.0,7.0725
0,D_latent,unseen_distractor_hues,53,-0.34743854,0.0,0.0,1.0,10.96958
0,D_latent,unseen_distractor_hues,54,-0.038141415,0.0,0.0,1.0,2.948939
0,D_latent,unseen_distractor_hues,55,-0.29673794,0.0,0.0,1.0,7.744572
0,D_latent,unseen_distractor_hues,56,0.0066691083,0.0,0.15555555555555556,1.0,4.553062
0,D_latent,unseen_distractor_hues,57,-0.5772176,0.0,0.0,0.0,14.674155
0,D_latent,unseen_distractor_hues,58,-0.26159757,0.0,0.0,0.0,7.266926
0,D_latent,unseen_distractor_hues,59,-0.42522,0.0,0.0,0.0,15.435984
0,D_latent,unseen_distractor_hues,60,-0.39317682,0.0,0.0,1.0,6.9901886
0,D_latent,unseen_distractor_hues,61,-0.26754838,0.0,0.0,1.0,8.912654
0,D_latent,unseen_distractor_hues,62,-0.35168776,0.0,0.0,1.0,11.74699
0,D_latent,unseen_distractor_hues,63,-0.29925674,0.0,0.0,1.0,13.266161
0,D_latent,unseen_distractor_hues,64,-0.36074802,0.0,0.0,1.0,9.785
0,D_latent,unseen_distractor_hues,65,0.099431306,0.0,0.24444444444444444,1.0,3.1111584
0,D_latent,unseen_distractor_hues,66,-0.029641528,0.0,0.15555555555555556,1.0,7.796154
0,D_latent,unseen_distractor_hues,67,-0.18848902,0.0,0.0,1.0,5.0651274
0,D_latent,unseen_distractor_hues,68,-0.38294995,0.0,0.0,1.0,6.8658514
0,D_latent,unseen_distractor_hues,69,-0.06608277,0.0,0.0,1.0,2.2611659
0,D_latent,unseen_distractor_hues,70,-0.2123133,0.0,0.0,1.0,6.1294055
0,D_latent,unseen_distractor_hues,71,-0.4217761,0.0,0.0,1.0,11.27207
0,D_latent,unseen_distractor_hues,72,-0.073231325,0.0,0.0,1.0,5.595521
0,D_latent,unseen_distractor_hues,73,-0.2952931,0.0,0.0,1.0,7.8854094
0,D_latent,unseen_distractor_hues,74,-0.38054457,0.0,0.0,1.0,10.660745
0,D_latent,unseen_distractor_hues,75,-0.2825507,0.0,0.0,1.0,7.9875164
0,D_latent,unseen_distractor_hues,76,-0.22386451,0.0,0.0,1.0,9.352704
0,D_latent,unseen_distractor_hues,77,-0.5324306,0.0,0.0,0.0,14.736618
0,D_latent,unseen_distractor_hues,78,-0.23640718,0.0,0.0,1.0,5.943675
0,D_latent,unseen_distractor_hues,79,-0.20464367,0.0,0.0,1.0,6.122591
0,D_latent,unseen_distractor_hues,80,-0.50591886,0.0,0.0,0.0,12.961299
0,D_latent,unseen_distractor_hues,81,-0.29497817,0.0,0.0,1.0,7.6044006
0,D_latent,unseen_distractor_hues,82,-0.3472583,0.0,0.0,1.0,10.965118
0,D_latent,unseen_distractor_hues,83,-0.4455886,0.0,0.0,1.0,9.6975565
0,D_latent,unseen_distractor_hues,84,-0.42037913,0.0,0.0,1.0,15.773827
0,D_latent,unseen_distractor_hues,85,-0.40318668,0.0,0.0,1.0,6.6337204
0,D_latent,unseen_distractor_hues,86,-0.2999432,0.0,0.0,0.0,8.476365
0,D_latent,unseen_distractor_hues,87,-0.09735015,0.0,0.0,1.0,2.3470302
0,D_latent,unseen_distractor_hues,88,-0.11919925,0.0,0.0,1.0,3.509893
0,D_latent,unseen_distractor_hues,89,-0.21718867,0.0,0.0,1.0,7.0847416
0,D_latent,unseen_distractor_hues,90,-0.14594637,0.0,0.2222222222222222,1.0,1.5911795
0,D_latent,unseen_distractor_hues,91,-0.39660916,0.0,0.0,1.0,4.307752
0,D_latent,unseen_distractor_hues,92,-0.19558361,0.0,0.0,1.0,8.297962
0,D_latent,unseen_distractor_hues,93,-0.40175816,0.0,0.0,1.0,11.268017
0,D_latent,unseen_distractor_hues,94,-0.25350326,0.0,0.0,1.0,8.694052
0,D_latent,unseen_distractor_hues,95,-0.108582124,0.0,0.13333333333333333,1.0,5.189393
0,D_latent,unseen_distractor_hues,96,-0.26141164,0.0,0.0,1.0,5.886811
0,D_latent,unseen_distractor_hues,97,-0.031923316,0.0,0.17777777777777778,1.0,2.1695008
0,D_latent,unseen_distractor_hues,98,-0.18630123,0.0,0.0,1.0,6.9375763
0,D_latent,unseen_distractor_hues,99,-0.14663875,0.0,0.15555555555555556,1.0,4.8302937
0,D_latent,heavy_pixel_noise,0,-0.1699525,0.0,0.0,1.0,8.440419
0,D_latent,heavy_pixel_noise,1,-0.2297131,0.0,0.0,1.0,7.071076
0,D_latent,heavy_pixel_noise,2,-0.3234571,0.0,0.0,1.0,6.8286276
0,D_latent,heavy_pixel_noise,3,-0.31179154,0.0,0.0,1.0,9.009366
0,D_latent,heavy_pixel_noise,4,-0.22445439,0.0,0.0,1.0,8.850195
0,D_latent,heavy_pixel_noise,5,-0.15523079,0.0,0.17777777777777778,1.0,3.0490906
0,D_latent,heavy_pixel_noise,6,-0.12398638,0.0,0.0,1.0,5.3788958
0,D_latent,heavy_pixel_noise,7,-0.2762755,0.0,0.0,1.0,5.743053
0,D_latent,heavy_pixel_noise,8,-0.41251847,0.0,0.0,1.0,11.760953
0,D_latent,heavy_pixel_noise,9,-0.05332456,0.0,0.28888888888888886,1.0,1.9822452
0,D_latent,heavy_pixel_noise,10,-0.19347933,0.0,0.0,1.0,2.3694394
0,D_latent,heavy_pixel_noise,11,-0.30685252,0.0,0.0,1.0,5.1969714
0,D_latent,heavy_pixel_noise,12,0.009147552,0.0,0.0,1.0,3.012267
0,D_latent,heavy_pixel_noise,13,-0.6409391,0.0,0.0,0.0,18.363476
0,D_latent,heavy_pixel_noise,14,-0.26150438,0.0,0.0,1.0,8.624781
0,D_latent,heavy_pixel_noise,15,-0.23027807,0.0,0.1111111111111111,1.0,5.1446195
0,D_latent,heavy_pixel_noise,16,-0.033100218,0.0,0.0,1.0,2.2120888
0,D_latent,heavy_pixel_noise,17,-0.16758917,0.0,0.0,1.0,5.8113046
0,D_latent,heavy_pixel_noise,18,-0.2733032,0.0,0.0,1.0,4.9123936
0,D_latent,heavy_pixel_noise,19,-0.22812563,0.0,0.0,1.0,3.7370117
0,D_latent,heavy_pixel_noise,20,-0.24670435,0.0,0.0,1.0,3.9129896
0,D_latent,heavy_pixel_noise,21,0.05183381,0.0,0.0,1.0,2.239166
0,D_latent,heavy_pixel_noise,22,-0.18546088,0.0,0.0,0.0,7.603677
0,D_latent,heavy_pixel_noise,23,0.089001134,0.0,0.2,1.0,3.4781616
0,D_latent,heavy_pixel_noise,24,-0.20723318,0.0,0.0,1.0,3.021175
0,D_latent,heavy_pixel_noise,25,-0.46767247,0.0,0.0,0.0,16.44869
0,D_latent,heavy_pixel_noise,26,0.1507073,1.0,0.37777777777777777,1.0,1.0706362
0,D_latent,heavy_pixel_noise,27,-0.227098,0.0,0.0,0.0,10.001201
0,D_latent,heavy_pixel_noise,28,-0.11605341,0.0,0.0,1.0,7.0495596
0,D_latent,heavy_pixel_noise,29,-0.36479908,0.0,0.0,1.0,13.363756
0,D_latent,heavy_pixel_noise,30,-0.1073157,0.0,0.15555555555555556,1.0,3.014884
0,D_latent,heavy_pixel_noise,31,-0.09991518,1.0,0.044444444444444446,1.0,1.4104817
0,D_latent,heavy_pixel_noise,32,-0.3370546,0.0,0.0,1.0,8.245239
0,D_latent,heavy_pixel_noise,33,-0.11379947,0.0,0.0,1.0,1.8813158
0,D_latent,heavy_pixel_noise,34,-0.0411251,0.0,0.2222222222222222,1.0,2.4079251
0,D_latent,heavy_pixel_noise,35,-0.2321973,0.0,0.0,1.0,9.184848
0,D_latent,heavy_pixel_noise,36,-0.098473616,0.0,0.0,1.0,2.465815
0,D_latent,heavy_pixel_noise,37,-0.30463016,0.0,0.0,1.0,7.9349084
0,D_latent,heavy_pixel_noise,38,-0.18927193,0.0,0.0,1.0,5.385261
0,D_latent,heavy_pixel_noise,39,-0.10448796,0.0,0.2222222222222222,1.0,3.7429373
0,D_latent,heavy_pixel_noise,40,-0.24535753,0.0,0.0,1.0,4.2170024
0,D_latent,heavy_pixel_noise,41,0.09299886,1.0,0.4,1.0,0.335281
0,D_latent,heavy_pixel_noise,42,-0.15505077,0.0,0.0,1.0,5.3053393
0,D_latent,heavy_pixel_noise,43,-0.23034604,0.0,0.0,1.0,5.552375
0,D_latent,heavy_pixel_noise,44,-0.28530395,0.0,0.0,1.0,10.056823
0,D_latent,heavy_pixel_noise,45,-0.26627663,0.0,0.0,1.0,8.229367
0,D_latent,heavy_pixel_noise,46,-0.33859566,0.0,0.0,1.0,7.0006223
0,D_latent,heavy_pixel_noise,47,-0.15487733,0.0,0.0,1.0,7.6001563
0,D_latent,heavy_pixel_noise,48,-0.12124599,0.0,0.0,1.0,2.5021548
0,D_latent,heavy_pixel_noise,49,-0.008460041,0.0,0.0,1.0,1.8625427
0,D_latent,heavy_pixel_noise,50,-0.21141739,0.0,0.0,1.0,6.122201
0,D_latent,heavy_pixel_noise,51,-0.37473798,0.0,0.0,1.0,2.9505725
0,D_latent,heavy_pixel_noise,52,-0.13035189,0.0,0.0,1.0,4.5655217
0,D_latent,heavy_pixel_noise,53,-0.37904295,0.0,0.0,1.0,9.843246
0,D_latent,heavy_pixel_noise,54,0.16658436,0.0,0.4444444444444444,1.0,3.515155
0,D_latent,heavy_pixel_noise,55,-0.3037441,0.0,0.0,1.0,7.6206474
0,D_latent,heavy_pixel_noise,56,0.04330088,0.0,0.2,1.0,4.4793887
0,D_latent,heavy_pixel_noise,57,-0.5115102,0.0,0.0,0.0,10.61244
0,D_latent,heavy_pixel_noise,58,-0.29269016,0.0,0.0,0.0,9.0336895
0,D_latent,heavy_pixel_noise,59,-0.29417843,0.0,0.0,0.0,11.478182
0,D_latent,heavy_pixel_noise,60,-0.3802131,0.0,0.0,1.0,7.050967
0,D_latent,heavy_pixel_noise,61,-0.22738989,0.0,0.0,1.0,5.415802
0,D_latent,heavy_pixel_noise,62,-0.3721401,0.0,0.0,0.0,13.285554
0,D_latent,heavy_pixel_noise,63,-0.2986251,0.0,0.0,1.0,13.200224
0,D_latent,heavy_pixel_noise,64,-0.33825642,0.0,0.0,1.0,9.677093
0,D_latent,heavy_pixel_noise,65,0.05927599,0.0,0.2,1.0,4.2587767
0,D_latent,heavy_pixel_noise,66,0.039228626,0.0,0.2222222222222222,1.0,5.093691
0,D_latent,heavy_pixel_noise,67,-0.34529728,0.0,0.0,0.0,15.413948
0,D_latent,heavy_pixel_noise,68,-0.38330844,0.0,0.0,1.0,6.776543
0,D_latent,heavy_pixel_noise,69,-0.056760855,0.0,0.0,1.0,2.0915966
0,D_latent,heavy_pixel_noise,70,-0.3055867,0.0,0.0,1.0,10.89738
0,D_latent,heavy_pixel_noise,71,-0.27973863,0.0,0.044444444444444446,1.0,9.6072645
0,D_latent,heavy_pixel_noise,72,-0.013344947,0.0,0.0,1.0,4.0324736
0,D_latent,heavy_pixel_noise,73,-0.22457477,0.0,0.0,1.0,4.292279
0,D_latent,heavy_pixel_noise,74,-0.36101773,0.0,0.0,1.0,10.3907175
0,D_latent,heavy_pixel_noise,75,-0.33622143,0.0,0.0,1.0,10.166084
0,D_latent,heavy_pixel_noise,76,-0.2769489,0.0,0.0,1.0,9.100344
0,D_latent,heavy_pixel_noise,77,-0.5432548,0.0,0.0,0.0,16.615414
0,D_latent,heavy_pixel_noise,78,-0.12470012,0.0,0.0,1.0,2.766449
0,D_latent,heavy_pixel_noise,79,-0.2637988,0.0,0.0,1.0,12.900506
0,D_latent,heavy_pixel_noise,80,-0.407936,0.0,0.0,1.0,8.420042
0,D_latent,heavy_pixel_noise,81,-0.34910882,0.0,0.0,1.0,10.006377
0,D_latent,heavy_pixel_noise,82,-0.34480867,0.0,0.0,1.0,8.336247
0,D_latent,heavy_pixel_noise,83,-0.48694748,0.0,0.0,1.0,10.556145
0,D_latent,heavy_pixel_noise,84,-0.40042874,0.0,0.0,1.0,12.871126
0,D_latent,heavy_pixel_noise,85,-0.3955407,0.0,0.0,1.0,6.0035524
0,D_latent,heavy_pixel_noise,86,-0.30931154,0.0,0.0,1.0,9.664319
0,D_latent,heavy_pixel_noise,87,-0.24118699,0.0,0.0,1.0,8.1015
0,D_latent,heavy_pixel_noise,88,-0.061733857,0.0,0.13333333333333333,1.0,7.1433606
0,D_latent,heavy_pixel_noise,89,-0.21387468,0.0,0.0,1.0,6.9990377
0,D_latent,heavy_pixel_noise,90,-0.39279935,0.0,0.0,1.0,8.312512
0,D_latent,heavy_pixel_noise,91,-0.20167832,1.0,0.24444444444444444,1.0,1.3210057
0,D_latent,heavy_pixel_noise,92,-0.19383542,0.0,0.0,1.0,8.2175455
0,D_latent,heavy_pixel_noise,93,-0.3949608,0.0,0.0,1.0,11.30714
0,D_latent,heavy_pixel_noise,94,-0.2450313,0.0,0.0,1.0,8.972406
0,D_latent,heavy_pixel_noise,95,-0.38219875,0.0,0.0,1.0,9.574645
0,D_latent,heavy_pixel_noise,96,-0.3325357,0.0,0.0,1.0,11.929574
0,D_latent,heavy_pixel_noise,97,-0.08350098,0.0,0.0,1.0,2.9489408
0,D_latent,heavy_pixel_noise,98,-0.21662225,0.0,0.0,1.0,7.8424315
0,D_latent,heavy_pixel_noise,99,-0.074953586,0.0,0.26666666666666666,1.0,2.3809252
1,A_recon,in_distribution,0,-0.2593678,0.0,0.0,1.0,9.070641
1,A_recon,in_distribution,1,-0.4225296,0.0,0.0,1.0,16.604713
1,A_recon,in_distribution,2,-0.44947404,0.0,0.0,0.0,10.921229
1,A_recon,in_distribution,3,-0.29933694,0.0,0.0,1.0,9.180798
1,A_recon,in_distribution,4,-0.23442322,0.0,0.0,1.0,11.165956
1,A_recon,in_distribution,5,-0.5272251,0.0,0.0,0.0,17.12791
1,A_recon,in_distribution,6,-0.3194474,0.0,0.0,0.0,10.910739
1,A_recon,in_distribution,7,-0.18740219,0.0,0.1111111111111111,1.0,4.11873
1,A_recon,in_distribution,8,-0.45075375,0.0,0.0,1.0,15.585201
1,A_recon,in_distribution,9,-0.5388924,0.0,0.0,0.0,20.835012
1,A_recon,in_distribution,10,-0.5282954,0.0,0.0,0.0,18.694483
1,A_recon,in_distribution,11,-0.67619216,0.0,0.0,0.0,21.528421
1,A_recon,in_distribution,12,-0.27578965,0.0,0.0,0.0,11.317492
1,A_recon,in_distribution,13,-0.75111777,0.0,0.0,0.0,25.560467
1,A_recon,in_distribution,14,-0.35113353,0.0,0.0,0.0,15.174449
1,A_recon,in_distribution,15,-0.44715652,0.0,0.0,0.0,13.481751
1,A_recon,in_distribution,16,-0.19393685,0.0,0.0,1.0,5.943776
1,A_recon,in_distribution,17,-0.176307,0.0,0.0,1.0,6.062774
1,A_recon,in_distribution,18,-0.30296287,0.0,0.0,1.0,8.089368
1,A_recon,in_distribution,19,-0.631,0.0,0.0,0.0,18.242424
1,A_recon,in_distribution,20,-0.2407466,0.0,0.0,0.0,7.482193
1,A_recon,in_distribution,21,-0.2196981,0.0,0.0,1.0,8.855373
1,A_recon,in_distribution,22,-0.26466122,0.0,0.0,0.0,10.476538
1,A_recon,in_distribution,23,-0.08317284,0.0,0.0,1.0,3.478255
1,A_recon,in_distribution,24,-0.18788107,0.0,0.0,1.0,4.693698
1,A_recon,in_distribution,25,-0.5439705,0.0,0.0,0.0,17.443735
1,A_recon,in_distribution,26,-0.20201185,0.0,0.0,0.0,10.194748
1,A_recon,in_distribution,27,-0.064053856,0.0,0.0,1.0,6.4240613
1,A_recon,in_distribution,28,-0.26087916,0.0,0.0,1.0,10.493215
1,A_recon,in_distribution,29,-0.44044524,0.0,0.0,1.0,16.773062
1,A_recon,in_distribution,30,-0.26877105,0.0,0.0,1.0,5.2836328
1,A_recon,in_distribution,31,-0.4004946,0.0,0.0,1.0,14.0346575
1,A_recon,in_distribution,32,-0.6208782,0.0,0.0,0.0,16.887402
1,A_recon,in_distribution,33,-0.23368204,0.0,0.0,1.0,7.630735
1,A_recon,in_distribution,34,-0.3718763,0.0,0.0,1.0,7.2899776
1,A_recon,in_distribution,35,-0.26552123,0.0,0.0,1.0,9.284906
1,A_recon,in_distribution,36,-0.21317944,0.0,0.0,1.0,8.390457
1,A_recon,in_distribution,37,-0.7171546,0.0,0.0,0.0,23.853691
1,A_recon,in_distribution,38,-0.39433762,0.0,0.0,0.0,16.273315
1,A_recon,in_distribution,39,-0.31338495,0.0,0.0,1.0,3.0493937
1,A_recon,in_distribution,40,-0.29587984,0.0,0.0,1.0,7.756367
1,A_recon,in_distribution,41,-0.28748405,0.0,0.0,1.0,9.686792
1,A_recon,in_distribution,42,-0.22664347,0.0,0.0,1.0,3.946721
1,A_recon,in_distribution,43,-0.21858576,0.0,0.0,1.0,9.071189
1,A_recon,in_distribution,44,-0.30476165,0.0,0.0,1.0,12.573119
1,A_recon,in_distribution,45,-0.3627483,0.0,0.0,1.0,12.273813
1,A_recon,in_distribution,46,-0.40671456,0.0,0.0,1.0,9.791616
1,A_recon,in_distribution,47,-0.15793319,0.0,0.0,1.0,5.3172054
1,A_recon,in_distribution,48,-0.43439585,0.0,0.0,1.0,14.708087
1,A_recon,in_distribution,49,-0.4603933,0.0,0.0,0.0,21.365282
1,A_recon,in_distribution,50,-0.29043958,0.0,0.0,0.0,9.841654
1,A_recon,in_distribution,51,-0.6113021,0.0,0.0,0.0,17.077272
1,A_recon,in_distribution,52,-0.2366283,0.0,0.0,1.0,10.390912
1,A_recon,in_distribution,53,-0.3102581,0.0,0.0,1.0,9.937343
1,A_recon,in_distribution,54,-0.01048232,0.0,0.0,1.0,1.81375
1,A_recon,in_distribution,55,-0.54368806,0.0,0.0,0.0,18.01725
1,A_recon,in_distribution,56,0.15108258,0.0,0.08888888888888889,1.0,2.112914
1,A_recon,in_distribution,57,-0.85239154,0.0,0.0,0.0,29.791157
1,A_recon,in_distribution,58,-0.45652512,0.0,0.0,0.0,19.09616
1,A_recon,in_distribution,59,-0.472784,0.0,0.0,0.0,15.273969
1,A_recon,in_distribution,60,-0.39088592,0.0,0.0,1.0,5.0568686
1,A_recon,in_distribution,61,-0.31352058,0.0,0.0,0.0,10.462846
1,A_recon,in_distribution,62,-0.58610266,0.0,0.0,0.0,24.348606
1,A_recon,in_distribution,63,-0.346073,0.0,0.0,0.0,16.197334
1,A_recon,in_distribution,64,-0.36405343,0.0,0.0,1.0,9.159824
1,A_recon,in_distribution,65,0.16310619,0.0,0.37777777777777777,1.0,1.9864948
1,A_recon,in_distribution,66,-0.11945489,0.0,0.044444444444444446,1.0,10.038925
1,A_recon,in_distribution,67,-0.13117921,0.0,0.0,1.0,4.8567276
1,A_recon,in_distribution,68,-0.5071225,0.0,0.0,1.0,5.2673297
1,A_recon,in_distribution,69,-0.38206822,0.0,0.0,0.0,13.427481
1,A_recon,in_distribution,70,-0.17005798,0.0,0.0,1.0,6.721753
1,A_recon,in_distribution,71,-0.55976665,0.0,0.0,0.0,17.515814
1,A_recon,in_distribution,72,0.14949878,0.0,0.4222222222222222,1.0,3.9329698
1,A_recon,in_distribution,73,-0.37754187,0.0,0.0,1.0,13.642022
1,A_recon,in_distribution,74,-0.30052644,0.0,0.0,1.0,5.370921
1,A_recon,in_distribution,75,-0.35980105,0.0,0.0,1.0,10.435504
1,A_recon,in_distribution,76,-0.27077854,0.0,0.0,0.0,11.526948
1,A_recon,in_distribution,77,-0.45473662,0.0,0.0,1.0,11.417777
1,A_recon,in_distribution,78,-0.4122193,0.0,0.0,1.0,11.915182
1,A_recon,in_distribution,79,-0.30021942,0.0,0.0,1.0,12.56301
1,A_recon,in_distribution,80,-0.7009111,0.0,0.0,0.0,22.734241
1,A_recon,in_distribution,81,-0.5437702,0.0,0.0,1.0,19.189745
1,A_recon,in_distribution,82,-0.43466887,0.0,0.0,1.0,11.4535885
1,A_recon,in_distribution,83,-0.68236566,0.0,0.0,0.0,18.499983
1,A_recon,in_distribution,84,-0.5660128,0.0,0.0,0.0,25.300562
1,A_recon,in_distribution,85,-0.668377,0.0,0.0,0.0,20.316809
1,A_recon,in_distribution,86,-0.26195082,0.0,0.0,0.0,7.5007577
1,A_recon,in_distribution,87,-0.23828079,0.0,0.0,1.0,7.108081
1,A_recon,in_distribution,88,-0.27631024,0.0,0.0,1.0,11.680368
1,A_recon,in_distribution,89,-0.2261498,0.0,0.0,1.0,7.371829
1,A_recon,in_distribution,90,-0.38969332,0.0,0.0,1.0,10.754304
1,A_recon,in_distribution,91,-0.8587894,0.0,0.0,0.0,30.140556
1,A_recon,in_distribution,92,-0.27316335,0.0,0.0,1.0,6.671281
1,A_recon,in_distribution,93,-0.6399132,0.0,0.0,0.0,23.251165
1,A_recon,in_distribution,94,-0.30984962,0.0,0.0,1.0,13.515389
1,A_recon,in_distribution,95,-0.24657677,0.0,0.0,1.0,3.4651606
1,A_recon,in_distribution,96,-0.3387395,0.0,0.0,0.0,10.491457
1,A_recon,in_distribution,97,-0.25237396,0.0,0.0,1.0,8.055123
1,A_recon,in_distribution,98,-0.2794865,0.0,0.0,0.0,12.958393
1,A_recon,in_distribution,99,-0.2195769,0.0,0.0,1.0,3.015639
1,A_recon,4_distractors,0,-0.25791693,0.0,0.0,1.0,8.785519
1,A_recon,4_distractors,1,-0.4079792,0.0,0.0,1.0,15.617938
1,A_recon,4_distractors,2,-0.42214748,0.0,0.0,0.0,10.84886
1,A_recon,4_distractors,3,-0.3073441,0.0,0.0,1.0,9.414602
1,A_recon,4_distractors,4,-0.23376702,0.0,0.0,1.0,10.964087
1,A_recon,4_distractors,5,-0.5246921,0.0,0.0,0.0,16.545668
1,A_recon,4_distractors,6,-0.31829447,0.0,0.0,0.0,11.490504
1,A_recon,4_distractors,7,-0.39022765,0.0,0.0,1.0,7.591127
1,A_recon,4_distractors,8,-0.32111523,0.0,0.0,1.0,8.321395
1,A_recon,4_distractors,9,-0.5456582,0.0,0.0,0.0,20.998995
1,A_recon,4_distractors,10,-0.552218,0.0,0.0,0.0,20.236374
1,A_recon,4_distractors,11,-0.6504291,0.0,0.0,0.0,20.209427
1,A_recon,4_distractors,12,-0.29189837,0.0,0.0,0.0,11.736605
1,A_recon,4_distractors,13,-0.7210278,0.0,0.0,0.0,23.333548
1,A_recon,4_distractors,14,-0.34332237,0.0,0.0,0.0,14.209162
1,A_recon,4_distractors,15,-0.46372175,0.0,0.0,0.0,13.369568
1,A_recon,4_distractors,16,-0.16493541,0.0,0.0,1.0,4.881261
1,A_recon,4_distractors,17,-0.18686064,0.0,0.0,1.0,6.458586
1,A_recon,4_distractors,18,-0.35585862,0.0,0.0,1.0,11.421341
1,A_recon,4_distractors,19,-0.5953154,0.0,0.0,0.0,16.752409
1,A_recon,4_distractors,20,-0.21547593,0.0,0.0,0.0,6.7115774
1,A_recon,4_distractors,21,-0.22688054,0.0,0.0,0.0,9.3272705
1,A_recon,4_distractors,22,-0.22385882,0.0,0.0,1.0,8.156688
1,A_recon,4_distractors,23,-0.07516717,0.0,0.0,1.0,3.9455962
1,A_recon,4_distractors,24,-0.1453205,0.0,0.0,1.0,4.6995716
1,A_recon,4_distractors,25,-0.48981538,0.0,0.0,0.0,15.555722
1,A_recon,4_distractors,26,-0.2007149,0.0,0.0,0.0,10.145947
1,A_recon,4_distractors,27,0.008905067,0.0,0.15555555555555556,1.0,5.6763105
1,A_recon,4_distractors,28,-0.26517385,0.0,0.0,1.0,11.209281
1,A_recon,4_distractors,29,-0.41672254,0.0,0.0,1.0,16.218527
1,A_recon,4_distractors,30,-0.3055328,0.0,0.0,1.0,7.112702
1,A_recon,4_distractors,31,-0.40417558,0.0,0.0,1.0,14.526924
1,A_recon,4_distractors,32,-0.6166991,0.0,0.0,0.0,16.644924
1,A_recon,4_distractors,33,-0.2334391,0.0,0.0,1.0,7.4760413
1,A_recon,4_distractors,34,-0.38234407,0.0,0.0,1.0,8.261333
1,A_recon,4_distractors,35,-0.2969687,0.0,0.0,1.0,10.829149
1,A_recon,4_distractors,36,-0.21050578,0.0,0.0,1.0,8.989617
1,A_recon,4_distractors,37,-0.7042139,0.0,0.0,0.0,22.731743
1,A_recon,4_distractors,38,-0.38508907,0.0,0.0,0.0,15.426409
1,A_recon,4_distractors,39,-0.30277398,0.0,0.0,1.0,3.280178
1,A_recon,4_distractors,40,-0.3016527,0.0,0.0,1.0,7.915146
1,A_recon,4_distractors,41,-0.18305168,0.0,0.0,1.0,4.845518
1,A_recon,4_distractors,42,-0.21715882,0.0,0.0,1.0,3.5527267
1,A_recon,4_distractors,43,-0.29482698,0.0,0.0,1.0,12.985121
1,A_recon,4_distractors,44,-0.30463943,0.0,0.0,1.0,12.518265
1,A_recon,4_distractors,45,-0.32991028,0.0,0.0,1.0,10.985706
1,A_recon,4_distractors,46,-0.4043278,0.0,0.0,1.0,9.613647
1,A_recon,4_distractors,47,-0.2029061,0.0,0.0,1.0,6.0825605
1,A_recon,4_distractors,48,-0.43960273,0.0,0.0,1.0,14.331463
1,A_recon,4_distractors,49,-0.45981514,0.0,0.0,0.0,21.18576
1,A_recon,4_distractors,50,-0.2887393,0.0,0.0,0.0,9.597344
1,A_recon,4_distractors,51,-0.6638532,0.0,0.0,0.0,20.564003
1,A_recon,4_distractors,52,-0.23459841,0.0,0.0,1.0,9.66221
1,A_recon,4_distractors,53,-0.32395142,0.0,0.0,1.0,10.317835
1,A_recon,4_distractors,54,-0.048090186,0.0,0.0,1.0,1.7743452
1,A_recon,4_distractors,55,-0.30197865,0.0,0.0,1.0,6.2883406
1,A_recon,4_distractors,56,0.15128435,0.0,0.2222222222222222,1.0,3.4084911
1,A_recon,4_distractors,57,-0.83406484,0.0,0.0,0.0,28.725048
1,A_recon,4_distractors,58,-0.44846398,0.0,0.0,0.0,18.701664
1,A_recon,4_distractors,59,-0.42911753,0.0,0.0,0.0,13.469275
1,A_recon,4_distractors,60,-0.398314,0.0,0.0,1.0,6.211271
1,A_recon,4_distractors,61,-0.32324472,0.0,0.0,0.0,11.002479
1,A_recon,4_distractors,62,-0.61683583,0.0,0.0,1.0,24.514593
1,A_recon,4_distractors,63,-0.32222584,0.0,0.0,1.0,14.259049
1,A_recon,4_distractors,64,-0.37848228,0.0,0.0,1.0,9.904189
1,A_recon,4_distractors,65,0.23757657,1.0,0.6222222222222222,1.0,1.000239
1,A_recon,4_distractors,66,-0.11184439,0.0,0.06666666666666667,1.0,9.214548
1,A_recon,4_distractors,67,-0.14495236,0.0,0.0,1.0,6.206831
1,A_recon,4_distractors,68,-0.5013538,0.0,0.0,1.0,6.474745
1,A_recon,4_distractors,69,-0.4009473,0.0,0.0,0.0,14.8655405
1,A_recon,4_distractors,70,-0.27278563,0.0,0.0,1.0,10.803487
1,A_recon,4_distractors,71,-0.45854124,0.0,0.0,1.0,13.6571455
1,A_recon,4_distractors,72,0.0030068723,0.0,0.13333333333333333,1.0,6.023414
1,A_recon,4_distractors,73,-0.3562584,0.0,0.0,1.0,12.309893
1,A_recon,4_distractors,74,-0.35155323,0.0,0.0,1.0,8.096113
1,A_recon,4_distractors,75,-0.35858396,0.0,0.0,1.0,10.468081
1,A_recon,4_distractors,76,-0.2854664,0.0,0.0,0.0,12.719833
1,A_recon,4_distractors,77,-0.46128654,0.0,0.0,1.0,12.462265
1,A_recon,4_distractors,78,-0.4043303,0.0,0.0,1.0,11.067137
1,A_recon,4_distractors,79,-0.2957212,0.0,0.0,1.0,12.337531
1,A_recon,4_distractors,80,-0.70270354,0.0,0.0,0.0,22.841707
1,A_recon,4_distractors,81,-0.3329663,0.0,0.0,1.0,9.930158
1,A_recon,4_distractors,82,-0.41720843,0.0,0.0,1.0,9.885973
1,A_recon,4_distractors,83,-0.7130779,0.0,0.0,0.0,20.653982
1,A_recon,4_distractors,84,-0.5614081,0.0,0.0,0.0,24.993704
1,A_recon,4_distractors,85,-0.67944545,0.0,0.0,0.0,21.291664
1,A_recon,4_distractors,86,-0.49608794,0.0,0.0,0.0,19.170156
1,A_recon,4_distractors,87,-0.20996208,0.0,0.0,1.0,5.109931
1,A_recon,4_distractors,88,-0.28909415,0.0,0.0,1.0,12.327864
1,A_recon,4_distractors,89,-0.21312624,0.0,0.0,1.0,6.122867
1,A_recon,4_distractors,90,-0.39398658,0.0,0.0,1.0,10.858013
1,A_recon,4_distractors,91,-0.83946913,0.0,0.0,0.0,30.187775
1,A_recon,4_distractors,92,-0.2683848,0.0,0.0,1.0,6.9158397
1,A_recon,4_distractors,93,-0.6518468,0.0,0.0,0.0,23.983875
1,A_recon,4_distractors,94,-0.29751268,0.0,0.0,1.0,13.17285
1,A_recon,4_distractors,95,-0.36817437,0.0,0.0,1.0,7.5435243
1,A_recon,4_distractors,96,-0.28949246,0.0,0.0,1.0,5.8675833
1,A_recon,4_distractors,97,-0.25076276,0.0,0.0,1.0,7.0354266
1,A_recon,4_distractors,98,-0.27196226,0.0,0.0,0.0,12.241691
1,A_recon,4_distractors,99,-0.34507227,0.0,0.0,1.0,7.640947
1,A_recon,fast_distractors,0,-0.255393,0.0,0.0,1.0,8.516312
1,A_recon,fast_distractors,1,-0.42559928,0.0,0.0,1.0,16.35349
1,A_recon,fast_distractors,2,-0.41902098,0.0,0.0,0.0,10.5430765
1,A_recon,fast_distractors,3,-0.3050861,0.0,0.0,1.0,9.490475
1,A_recon,fast_distractors,4,-0.2081181,0.0,0.0,1.0,10.666317
1,A_recon,fast_distractors,5,-0.5272122,0.0,0.0,0.0,17.084202
1,A_recon,fast_distractors,6,-0.321488,0.0,0.0,0.0,11.444292
1,A_recon,fast_distractors,7,-0.16629079,0.0,0.13333333333333333,1.0,3.0768564
1,A_recon,fast_distractors,8,-0.45321965,0.0,0.0,1.0,15.868425
1,A_recon,fast_distractors,9,-0.54349625,0.0,0.0,0.0,20.900085
1,A_recon,fast_distractors,10,-0.53610206,0.0,0.0,0.0,19.378464
1,A_recon,fast_distractors,11,-0.67430824,0.0,0.0,0.0,21.53454
1,A_recon,fast_distractors,12,-0.27517658,0.0,0.0,0.0,11.267862
1,A_recon,fast_distractors,13,-0.7588009,0.0,0.0,0.0,25.45268
1,A_recon,fast_distractors,14,-0.34903172,0.0,0.0,0.0,14.972316
1,A_recon,fast_distractors,15,-0.42761832,0.0,0.0,0.0,12.3351965
1,A_recon,fast_distractors,16,-0.1787958,0.0,0.0,1.0,4.968854
1,A_recon,fast_distractors,17,-0.1794263,0.0,0.0,1.0,6.4493403
1,A_recon,fast_distractors,18,-0.3481389,0.0,0.0,1.0,11.113575
1,A_recon,fast_distractors,19,-0.6312999,0.0,0.0,0.0,17.745672
1,A_recon,fast_distractors,20,-0.2433414,0.0,0.0,0.0,7.574339
1,A_recon,fast_distractors,21,-0.22351536,0.0,0.0,0.0,8.997723
1,A_recon,fast_distractors,22,-0.27114865,0.0,0.0,0.0,11.193878
1,A_recon,fast_distractors,23,-0.08335379,0.0,0.0,1.0,3.4784298
1,A_recon,fast_distractors,24,-0.18501863,0.0,0.0,1.0,4.539412
1,A_recon,fast_distractors,25,-0.5462252,0.0,0.0,0.0,17.495916
1,A_recon,fast_distractors,26,-0.20326729,0.0,0.0,0.0,10.585903
1,A_recon,fast_distractors,27,-0.005769768,0.0,0.022222222222222223,1.0,5.6382484
1,A_recon,fast_distractors,28,-0.26427191,0.0,0.0,1.0,10.702099
1,A_recon,fast_distractors,29,-0.4370513,0.0,0.0,1.0,16.40577
1,A_recon,fast_distractors,30,-0.29472548,0.0,0.0,1.0,6.5249796
1,A_recon,fast_distractors,31,-0.4001256,0.0,0.0,1.0,13.841103
1,A_recon,fast_distractors,32,-0.60547036,0.0,0.0,0.0,16.11363
1,A_recon,fast_distractors,33,-0.22765562,0.0,0.0,1.0,7.052631
1,A_recon,fast_distractors,34,-0.3421098,0.0,0.0,1.0,6.1261754
1,A_recon,fast_distractors,35,-0.2761666,0.0,0.0,1.0,9.82933
1,A_recon,fast_distractors,36,-0.20675932,0.0,0.0,1.0,8.328149
1,A_recon,fast_distractors,37,-0.7160703,0.0,0.0,0.0,23.867424
1,A_recon,fast_distractors,38,-0.38543895,0.0,0.0,0.0,15.511475
1,A_recon,fast_distractors,39,-0.30172455,0.0,0.0,1.0,2.4502828
1,A_recon,fast_distractors,40,-0.29801625,0.0,0.0,1.0,7.938883
1,A_recon,fast_distractors,41,-0.27709374,0.0,0.0,1.0,9.010646
1,A_recon,fast_distractors,42,-0.22318734,0.0,0.0,1.0,3.951642
1,A_recon,fast_distractors,43,-0.25063342,0.0,0.0,0.0,10.862187
1,A_recon,fast_distractors,44,-0.30417067,0.0,0.0,1.0,12.440753
1,A_recon,fast_distractors,45,-0.3602054,0.0,0.0,1.0,11.9694805
1,A_recon,fast_distractors,46,-0.40226632,0.0,0.0,1.0,9.553276
1,A_recon,fast_distractors,47,-0.15404087,0.0,0.0,1.0,5.306179
1,A_recon,fast_distractors,48,-0.37893483,0.0,0.0,1.0,11.8758545
1,A_recon,fast_distractors,49,-0.45596674,0.0,0.0,0.0,21.139824
1,A_recon,fast_distractors,50,-0.29168716,0.0,0.0,0.0,9.863303
1,A_recon,fast_distractors,51,-0.6174629,0.0,0.0,0.0,17.93452
1,A_recon,fast_distractors,52,-0.23464543,0.0,0.0,1.0,10.2294235
1,A_recon,fast_distractors,53,-0.32288417,0.0,0.0,1.0,10.323424
1,A_recon,fast_distractors,54,0.035344597,1.0,0.13333333333333333,1.0,0.7396119
1,A_recon,fast_distractors,55,-0.5445579,0.0,0.0,0.0,18.061367
1,A_recon,fast_distractors,56,0.105891,0.0,0.08888888888888889,1.0,2.4028034
1,A_recon,fast_distractors,57,-0.84794277,0.0,0.0,0.0,29.581224
1,A_recon,fast_distractors,58,-0.45897913,0.0,0.0,0.0,19.159426
1,A_recon,fast_distractors,59,-0.47630072,0.0,0.0,0.0,14.937764
1,A_recon,fast_distractors,60,-0.33754116,0.0,0.0,1.0,2.2408605
1,A_recon,fast_distractors,61,-0.3153712,0.0,0.0,0.0,10.610308
1,A_recon,fast_distractors,62,-0.5956069,0.0,0.0,0.0,24.282707
1,A_recon,fast_distractors,63,-0.35937572,0.0,0.0,0.0,17.08645
1,A_recon,fast_distractors,64,-0.3612675,0.0,0.0,1.0,9.923826
1,A_recon,fast_distractors,65,0.18664612,0.0,0.4444444444444444,1.0,2.3396738
1,A_recon,fast_distractors,66,-0.11379746,0.0,0.044444444444444446,1.0,9.670716
1,A_recon,fast_distractors,67,-0.13098295,0.0,0.0,1.0,4.958156
1,A_recon,fast_distractors,68,-0.5998039,0.0,0.0,0.0,11.416871
1,A_recon,fast_distractors,69,-0.3632436,0.0,0.0,0.0,12.531146
1,A_recon,fast_distractors,70,-0.1759307,0.0,0.0,1.0,7.3740587
1,A_recon,fast_distractors,71,-0.5717313,0.0,0.0,0.0,18.207027
1,A_recon,fast_distractors,72,0.24843599,0.0,0.6666666666666666,1.0,2.8849316
1,A_recon,fast_distractors,73,-0.37282148,0.0,0.0,1.0,13.337304
1,A_recon,fast_distractors,74,-0.30285406,0.0,0.0,1.0,5.560746
1,A_recon,fast_distractors,75,-0.39532298,0.0,0.0,1.0,11.224045
1,A_recon,fast_distractors,76,-0.31952247,0.0,0.0,0.0,15.202925
1,A_recon,fast_distractors,77,-0.4599051,0.0,0.0,1.0,12.263034
1,A_recon,fast_distractors,78,-0.4119277,0.0,0.0,1.0,11.809974
1,A_recon,fast_distractors,79,-0.29895085,0.0,0.0,1.0,12.650753
1,A_recon,fast_distractors,80,-0.70150346,0.0,0.0,0.0,22.684942
1,A_recon,fast_distractors,81,-0.52616954,0.0,0.0,1.0,18.661476
1,A_recon,fast_distractors,82,-0.42396295,0.0,0.0,1.0,10.721065
1,A_recon,fast_distractors,83,-0.68321884,0.0,0.0,0.0,18.6302
1,A_recon,fast_distractors,84,-0.5584526,0.0,0.0,0.0,24.827423
1,A_recon,fast_distractors,85,-0.66880476,0.0,0.0,0.0,20.386324
1,A_recon,fast_distractors,86,-0.27547628,0.0,0.0,0.0,8.6312275
1,A_recon,fast_distractors,87,-0.2386268,0.0,0.0,1.0,6.8440638
1,A_recon,fast_distractors,88,-0.29114544,0.0,0.0,1.0,12.631928
1,A_recon,fast_distractors,89,-0.23049419,0.0,0.0,1.0,7.4188156
1,A_recon,fast_distractors,90,-0.39750892,0.0,0.0,1.0,11.869227
1,A_recon,fast_distractors,91,-0.8549724,0.0,0.0,0.0,30.040777
1,A_recon,fast_distractors,92,-0.26767397,0.0,0.0,1.0,6.569169
1,A_recon,fast_distractors,93,-0.63627416,0.0,0.0,0.0,22.908472
1,A_recon,fast_distractors,94,-0.31139064,0.0,0.0,1.0,13.542177
1,A_recon,fast_distractors,95,-0.2712138,0.0,0.0,1.0,3.3290682
1,A_recon,fast_distractors,96,-0.33664194,0.0,0.0,0.0,10.247026
1,A_recon,fast_distractors,97,-0.25544748,0.0,0.0,1.0,8.342413
1,A_recon,fast_distractors,98,-0.27316904,0.0,0.0,0.0,12.302186
1,A_recon,fast_distractors,99,-0.23299097,0.0,0.0,1.0,3.0747714
1,A_recon,unseen_distractor_hues,0,-0.25917006,0.0,0.0,1.0,8.815518
1,A_recon,unseen_distractor_hues,1,-0.44279417,0.0,0.0,1.0,17.617949
1,A_recon,unseen_distractor_hues,2,-0.3842842,0.0,0.0,1.0,10.101521
1,A_recon,unseen_distractor_hues,3,-0.30579945,0.0,0.0,1.0,9.393514
1,A_recon,unseen_distractor_hues,4,-0.21307905,0.0,0.0,1.0,10.516772
1,A_recon,unseen_distractor_hues,5,-0.5388677,0.0,0.0,0.0,17.773691
1,A_recon,unseen_distractor_hues,6,-0.3104043,0.0,0.0,0.0,10.299119
1,A_recon,unseen_distractor_hues,7,-0.24428883,0.0,0.0,1.0,5.518556
1,A_recon,unseen_distractor_hues,8,-0.4417358,0.0,0.0,1.0,15.0390835
1,A_recon,unseen_distractor_hues,9,-0.5368943,0.0,0.0,0.0,20.337381
1,A_recon,unseen_distractor_hues,10,-0.5863959,0.0,0.0,0.0,21.18356
1,A_recon,unseen_distractor_hues,11,-0.67403394,0.0,0.0,0.0,21.356228
1,A_recon,unseen_distractor_hues,12,-0.29856312,0.0,0.0,0.0,12.525357
1,A_recon,unseen_distractor_hues,13,-0.70811296,0.0,0.0,0.0,23.60191
1,A_recon,unseen_distractor_hues,14,-0.34726503,0.0,0.0,0.0,14.876739
1,A_recon,unseen_distractor_hues,15,-0.4731293,0.0,0.0,0.0,14.888189
1,A_recon,unseen_distractor_hues,16,-0.17557262,0.0,0.0,1.0,4.685882
1,A_recon,unseen_distractor_hues,17,-0.19267954,0.0,0.0,1.0,7.2457113
1,A_recon,unseen_distractor_hues,18,-0.33800605,0.0,0.0,1.0,10.588664
1,A_recon,unseen_distractor_hues,19,-0.63221073,0.0,0.0,0.0,18.380579
1,A_recon,unseen_distractor_hues,20,-0.22039206,0.0,0.0,0.0,7.0147033
1,A_recon,unseen_distractor_hues,21,-0.22485799,0.0,0.0,0.0,9.186808
1,A_recon,unseen_distractor_hues,22,-0.27958778,0.0,0.0,0.0,11.685541
1,A_recon,unseen_distractor_hues,23,-0.10329241,0.0,0.0,1.0,3.820323
1,A_recon,unseen_distractor_hues,24,-0.135137,0.0,0.0,1.0,5.4793625
1,A_recon,unseen_distractor_hues,25,-0.55053437,0.0,0.0,0.0,17.759323
1,A_recon,unseen_distractor_hues,26,-0.25900322,0.0,0.0,0.0,13.00145
1,A_recon,unseen_distractor_hues,27,0.025908459,0.0,0.2,1.0,5.773027
1,A_recon,unseen_distractor_hues,28,-0.2656722,0.0,0.0,1.0,11.273976
1,A_recon,unseen_distractor_hues,29,-0.36313817,0.0,0.0,1.0,14.312243
1,A_recon,unseen_distractor_hues,30,-0.26606974,0.0,0.0,1.0,4.9115376
1,A_recon,unseen_distractor_hues,31,-0.40717918,0.0,0.0,1.0,14.058331
1,A_recon,unseen_distractor_hues,32,-0.6471329,0.0,0.0,0.0,18.39118
1,A_recon,unseen_distractor_hues,33,-0.21836317,0.0,0.0,1.0,7.2756715
1,A_recon,unseen_distractor_hues,34,-0.4122468,0.0,0.0,1.0,9.058175
1,A_recon,unseen_distractor_hues,35,-0.24690197,0.0,0.0,1.0,8.745413
1,A_recon,unseen_distractor_hues,36,-0.20485887,0.0,0.0,1.0,8.724806
1,A_recon,unseen_distractor_hues,37,-0.735939,0.0,0.0,0.0,24.822512
1,A_recon,unseen_distractor_hues,38,-0.38209134,0.0,0.0,0.0,14.737786
1,A_recon,unseen_distractor_hues,39,-0.26248583,0.0,0.0,1.0,1.7358326
1,A_recon,unseen_distractor_hues,40,-0.3581371,0.0,0.0,0.0,10.401417
1,A_recon,unseen_distractor_hues,41,-0.2983638,0.0,0.0,1.0,10.027047
1,A_recon,unseen_distractor_hues,42,-0.21362618,0.0,0.0,1.0,3.9495893
1,A_recon,unseen_distractor_hues,43,-0.31328043,0.0,0.0,1.0,13.879177
1,A_recon,unseen_distractor_hues,44,-0.30439997,0.0,0.0,1.0,12.279397
1,A_recon,unseen_distractor_hues,45,-0.35179693,0.0,0.0,1.0,11.400225
1,A_recon,unseen_distractor_hues,46,-0.48784918,0.0,0.0,0.0,12.864935
1,A_recon,unseen_distractor_hues,47,-0.20909019,0.0,0.0,1.0,7.351272
1,A_recon,unseen_distractor_hues,48,-0.37360594,0.0,0.0,1.0,11.899841
1,A_recon,unseen_distractor_hues,49,-0.46408546,0.0,0.0,0.0,21.858498
1,A_recon,unseen_distractor_hues,50,-0.29351732,0.0,0.0,0.0,9.976831
1,A_recon,unseen_distractor_hues,51,-0.62852955,0.0,0.0,0.0,18.03731
1,A_recon,unseen_distractor_hues,52,-0.22420691,0.0,0.0,1.0,9.779846
1,A_recon,unseen_distractor_hues,53,-0.2948275,0.0,0.0,1.0,8.648133
1,A_recon,unseen_distractor_hues,54,-0.048305623,0.0,0.0,1.0,3.045381
1,A_recon,unseen_distractor_hues,55,-0.4506667,0.0,0.0,0.0,13.804857
1,A_recon,unseen_distractor_hues,56,0.2619605,0.0,0.4888888888888889,1.0,1.8777282
1,A_recon,unseen_distractor_hues,57,-0.85340023,0.0,0.0,0.0,29.485012
1,A_recon,unseen_distractor_hues,58,-0.4471504,0.0,0.0,0.0,18.26517
1,A_recon,unseen_distractor_hues,59,-0.41658524,0.0,0.0,0.0,12.737785
1,A_recon,unseen_distractor_hues,60,-0.3852787,0.0,0.0,1.0,4.392858
1,A_recon,unseen_distractor_hues,61,-0.30876297,0.0,0.0,0.0,10.42656
1,A_recon,unseen_distractor_hues,62,-0.57763994,0.0,0.0,0.0,24.326393
1,A_recon,unseen_distractor_hues,63,-0.33288488,0.0,0.0,0.0,15.075008
1,A_recon,unseen_distractor_hues,64,-0.39654773,0.0,0.0,1.0,10.759155
1,A_recon,unseen_distractor_hues,65,0.20664063,1.0,0.6222222222222222,1.0,1.4647588
1,A_recon,unseen_distractor_hues,66,-0.10429606,0.0,0.06666666666666667,1.0,9.458199
1,A_recon,unseen_distractor_hues,67,-0.16737223,0.0,0.0,1.0,6.5053596
1,A_recon,unseen_distractor_hues,68,-0.50741273,0.0,0.0,1.0,5.371666
1,A_recon,unseen_distractor_hues,69,-0.39491954,0.0,0.0,0.0,14.005395
1,A_recon,unseen_distractor_hues,70,-0.16054009,0.0,0.0,1.0,6.372559
1,A_recon,unseen_distractor_hues,71,-0.57981217,0.0,0.0,0.0,18.662216
1,A_recon,unseen_distractor_hues,72,0.29688004,0.0,0.7555555555555555,1.0,2.6682515
1,A_recon,unseen_distractor_hues,73,-0.38398755,0.0,0.0,1.0,14.251596
1,A_recon,unseen_distractor_hues,74,-0.31175974,0.0,0.0,1.0,6.3753777
1,A_recon,unseen_distractor_hues,75,-0.39019185,0.0,0.0,1.0,11.062155
1,A_recon,unseen_distractor_hues,76,-0.30503783,0.0,0.0,0.0,14.135107
1,A_recon,unseen_distractor_hues,77,-0.46121594,0.0,0.0,1.0,12.361453
1,A_recon,unseen_distractor_hues,78,-0.42575204,0.0,0.0,1.0,13.024927
1,A_recon,unseen_distractor_hues,79,-0.29925656,0.0,0.0,1.0,12.3321295
1,A_recon,unseen_distractor_hues,80,-0.70017445,0.0,0.0,0.0,22.72719
1,A_recon,unseen_distractor_hues,81,-0.36053315,0.0,0.0,1.0,12.201509
1,A_recon,unseen_distractor_hues,82,-0.42081764,0.0,0.0,1.0,10.807094
1,A_recon,unseen_distractor_hues,83,-0.64918005,0.0,0.0,1.0,16.893932
1,A_recon,unseen_distractor_hues,84,-0.5622612,0.0,0.0,0.0,25.159342
1,A_recon,unseen_distractor_hues,85,-0.6757197,0.0,0.0,0.0,20.9133
1,A_recon,unseen_distractor_hues,86,-0.25780874,0.0,0.0,0.0,8.112636
1,A_recon,unseen_distractor_hues,87,-0.167842,0.0,0.0,1.0,4.453035
1,A_recon,unseen_distractor_hues,88,-0.27601296,0.0,0.0,1.0,11.562517
1,A_recon,unseen_distractor_hues,89,-0.22439364,0.0,0.0,1.0,6.9271984
1,A_recon,unseen_distractor_hues,90,-0.39632705,0.0,0.0,1.0,11.3433075
1,A_recon,unseen_distractor_hues,91,-0.8856171,0.0,0.0,0.0,31.063898
1,A_recon,unseen_distractor_hues,92,-0.27036795,0.0,0.0,1.0,6.3646207
1,A_recon,unseen_distractor_hues,93,-0.6276572,0.0,0.0,0.0,22.306427
1,A_recon,unseen_distractor_hues,94,-0.31583226,0.0,0.0,1.0,13.780391
1,A_recon,unseen_distractor_hues,95,-0.19052808,0.0,0.0,1.0,3.6159189
1,A_recon,unseen_distractor_hues,96,-0.34392792,0.0,0.0,0.0,11.040376
1,A_recon,unseen_distractor_hues,97,-0.28947914,0.0,0.0,1.0,9.551453
1,A_recon,unseen_distractor_hues,98,-0.28403726,0.0,0.0,0.0,13.54964
1,A_recon,unseen_distractor_hues,99,-0.2636656,0.0,0.0,1.0,3.763656
1,A_recon,heavy_pixel_noise,0,-0.33871832,0.0,0.0,1.0,11.211674
1,A_recon,heavy_pixel_noise,1,-0.39421687,0.0,0.0,1.0,14.555155
1,A_recon,heavy_pixel_noise,2,-0.42514843,0.0,0.0,0.0,10.07918
1,A_recon,heavy_pixel_noise,3,-0.3307735,0.0,0.0,1.0,10.597433
1,A_recon,heavy_pixel_noise,4,-0.22737135,0.0,0.0,1.0,10.552901
1,A_recon,heavy_pixel_noise,5,-0.5245713,0.0,0.0,0.0,16.142876
1,A_recon,heavy_pixel_noise,6,-0.33212322,0.0,0.0,0.0,10.773966
1,A_recon,heavy_pixel_noise,7,-0.27886632,0.0,0.0,1.0,5.0717554
1,A_recon,heavy_pixel_noise,8,-0.24194698,0.0,0.0,1.0,3.3192716
1,A_recon,heavy_pixel_noise,9,-0.5303332,0.0,0.0,0.0,19.572731
1,A_recon,heavy_pixel_noise,10,-0.58727455,0.0,0.0,0.0,21.486177
1,A_recon,heavy_pixel_noise,11,-0.5830491,0.0,0.0,1.0,19.855453
1,A_recon,heavy_pixel_noise,12,-0.42763507,0.0,0.0,0.0,19.72123
1,A_recon,heavy_pixel_noise,13,-0.7266392,0.0,0.0,0.0,24.240988
1,A_recon,heavy_pixel_noise,14,-0.36022073,0.0,0.0,0.0,15.860539
1,A_recon,heavy_pixel_noise,15,-0.4728991,0.0,0.0,0.0,13.287229
1,A_recon,heavy_pixel_noise,16,-0.17693809,0.0,0.0,1.0,4.681743
1,A_recon,heavy_pixel_noise,17,-0.18624617,0.0,0.0,1.0,6.877521
1,A_recon,heavy_pixel_noise,18,-0.43998587,0.0,0.0,0.0,15.9216385
1,A_recon,heavy_pixel_noise,19,-0.6078276,0.0,0.0,0.0,17.457983
1,A_recon,heavy_pixel_noise,20,-0.23827471,0.0,0.0,0.0,7.268772
1,A_recon,heavy_pixel_noise,21,-0.22335987,0.0,0.0,0.0,8.697201
1,A_recon,heavy_pixel_noise,22,-0.19169407,0.0,0.0,1.0,4.9624557
1,A_recon,heavy_pixel_noise,23,0.0141188605,0.0,0.0,1.0,2.551015
1,A_recon,heavy_pixel_noise,24,-0.083515964,0.0,0.1111111111111111,1.0,5.5304546
1,A_recon,heavy_pixel_noise,25,-0.5340812,0.0,0.0,0.0,16.231588
1,A_recon,heavy_pixel_noise,26,-0.20559636,0.0,0.0,0.0,10.560782
1,A_recon,heavy_pixel_noise,27,-0.20904045,0.0,0.0,0.0,10.002673
1,A_recon,heavy_pixel_noise,28,-0.20297323,0.0,0.0,1.0,8.006321
1,A_recon,heavy_pixel_noise,29,-0.44862288,0.0,0.0,1.0,17.220797
1,A_recon,heavy_pixel_noise,30,-0.27132905,0.0,0.0,1.0,5.7458496
1,A_recon,heavy_pixel_noise,31,-0.4516858,0.0,0.0,1.0,16.451612
1,A_recon,heavy_pixel_noise,32,-0.5059573,0.0,0.0,0.0,11.434592
1,A_recon,heavy_pixel_noise,33,-0.2817392,0.0,0.0,1.0,10.255575
1,A_recon,heavy_pixel_noise,34,-0.33556026,0.0,0.0,1.0,6.9563236
1,A_recon,heavy_pixel_noise,35,-0.2663968,0.0,0.0,1.0,9.509023
1,A_recon,heavy_pixel_noise,36,-0.17439994,0.0,0.0,1.0,5.9227743
1,A_recon,heavy_pixel_noise,37,-0.64173776,0.0,0.0,0.0,21.011333
1,A_recon,heavy_pixel_noise,38,-0.39330244,0.0,0.0,0.0,16.050987
1,A_recon,heavy_pixel_noise,39,-0.2415491,0.0,0.0,1.0,3.293598
1,A_recon,heavy_pixel_noise,40,-0.2602865,0.0,0.0,1.0,6.343773
1,A_recon,heavy_pixel_noise,41,-0.17172669,0.0,0.0,1.0,4.5301113
1,A_recon,heavy_pixel_noise,42,-0.20332797,0.0,0.0,1.0,4.484744
1,A_recon,heavy_pixel_noise,43,-0.2287659,0.0,0.0,1.0,9.364275
1,A_recon,heavy_pixel_noise,44,-0.19668353,0.0,0.0,1.0,5.430459
1,A_recon,heavy_pixel_noise,45,-0.29004273,0.0,0.0,1.0,8.301799
1,A_recon,heavy_pixel_noise,46,-0.47144702,0.0,0.0,0.0,12.95391
1,A_recon,heavy_pixel_noise,47,-0.16480446,0.0,0.0,1.0,4.401984
1,A_recon,heavy_pixel_noise,48,-0.36031762,0.0,0.0,1.0,11.177511
1,A_recon,heavy_pixel_noise,49,-0.34728926,0.0,0.0,0.0,15.955399
1,A_recon,heavy_pixel_noise,50,-0.29165196,0.0,0.0,1.0,9.966845
1,A_recon,heavy_pixel_noise,51,-0.57825816,0.0,0.0,0.0,16.01202
1,A_recon,heavy_pixel_noise,52,-0.22961856,0.0,0.0,1.0,9.803048
1,A_recon,heavy_pixel_noise,53,-0.30392468,0.0,0.0,1.0,9.159154
1,A_recon,heavy_pixel_noise,54,0.023557084,1.0,0.13333333333333333,1.0,0.6628549
1,A_recon,heavy_pixel_noise,55,-0.5476244,0.0,0.0,0.0,18.338717
1,A_recon,heavy_pixel_noise,56,0.09345914,1.0,0.17777777777777778,1.0,1.4174657
1,A_recon,heavy_pixel_noise,57,-0.81307405,0.0,0.0,0.0,27.906256
1,A_recon,heavy_pixel_noise,58,-0.4772458,0.0,0.0,0.0,21.336256
1,A_recon,heavy_pixel_noise,59,-0.39941606,0.0,0.0,0.0,13.302049
1,A_recon,heavy_pixel_noise,60,-0.37894362,0.0,0.0,1.0,3.4255989
1,A_recon,heavy_pixel_noise,61,-0.2856155,0.0,0.0,1.0,8.164131
1,A_recon,heavy_pixel_noise,62,-0.57931894,0.0,0.0,1.0,24.192564
1,A_recon,heavy_pixel_noise,63,-0.3145935,0.0,0.0,1.0,14.296306
1,A_recon,heavy_pixel_noise,64,-0.43060163,0.0,0.0,1.0,11.68272
1,A_recon,heavy_pixel_noise,65,0.23395643,0.0,0.6444444444444445,1.0,1.622749
1,A_recon,heavy_pixel_noise,66,-0.109707154,0.0,0.06666666666666667,1.0,9.688744
1,A_recon,heavy_pixel_noise,67,-0.11505225,0.0,0.0,1.0,7.3346767
1,A_recon,heavy_pixel_noise,68,-0.561016,0.0,0.0,1.0,7.4999046
1,A_recon,heavy_pixel_noise,69,-0.43395796,0.0,0.0,0.0,14.188284
1,A_recon,heavy_pixel_noise,70,-0.1716611,0.0,0.0,1.0,6.6752944
1,A_recon,heavy_pixel_noise,71,-0.46313122,0.0,0.0,1.0,13.308457
1,A_recon,heavy_pixel_noise,72,-0.036560714,0.0,0.13333333333333333,1.0,7.068508
1,A_recon,heavy_pixel_noise,73,-0.3319939,0.0,0.0,1.0,12.27572
1,A_recon,heavy_pixel_noise,74,-0.48307034,0.0,0.0,0.0,13.862199
1,A_recon,heavy_pixel_noise,75,-0.3566715,0.0,0.0,1.0,10.603641
1,A_recon,heavy_pixel_noise,76,-0.27832255,0.0,0.0,0.0,11.907849
1,A_recon,heavy_pixel_noise,77,-0.47003156,0.0,0.0,1.0,12.313324
1,A_recon,heavy_pixel_noise,78,-0.41482025,0.0,0.0,1.0,12.2939415
1,A_recon,heavy_pixel_noise,79,0.012035793,0.0,0.13333333333333333,1.0,2.4522889
1,A_recon,heavy_pixel_noise,80,-0.68942106,0.0,0.0,0.0,22.87263
1,A_recon,heavy_pixel_noise,81,-0.53932756,0.0,0.0,1.0,19.172987
1,A_recon,heavy_pixel_noise,82,-0.39659637,0.0,0.0,1.0,10.114698
1,A_recon,heavy_pixel_noise,83,-0.6346798,0.0,0.0,1.0,17.539688
1,A_recon,heavy_pixel_noise,84,-0.487234,0.0,0.0,0.0,19.412127
1,A_recon,heavy_pixel_noise,85,-0.41795447,0.0,0.0,1.0,7.4100814
1,A_recon,heavy_pixel_noise,86,-0.29868048,0.0,0.0,0.0,9.693154
1,A_recon,heavy_pixel_noise,87,-0.23410116,0.0,0.0,1.0,6.464336
1,A_recon,heavy_pixel_noise,88,-0.29040653,0.0,0.0,1.0,10.512371
1,A_recon,heavy_pixel_noise,89,-0.22184664,0.0,0.0,1.0,6.827797
1,A_recon,heavy_pixel_noise,90,-0.36265686,0.0,0.0,1.0,10.8249035
1,A_recon,heavy_pixel_noise,91,-0.8415819,0.0,0.0,0.0,29.553503
1,A_recon,heavy_pixel_noise,92,-0.27993953,0.0,0.0,1.0,7.5828757
1,A_recon,heavy_pixel_noise,93,-0.67091495,0.0,0.0,0.0,23.553104
1,A_recon,heavy_pixel_noise,94,-0.29831594,0.0,0.0,1.0,13.055236
1,A_recon,heavy_pixel_noise,95,-0.33485806,0.0,0.0,1.0,6.617873
1,A_recon,heavy_pixel_noise,96,-0.33661577,0.0,0.0,1.0,8.76244
1,A_recon,heavy_pixel_noise,97,-0.23582676,0.0,0.0,1.0,6.287891
1,A_recon,heavy_pixel_noise,98,-0.27850655,0.0,0.0,0.0,13.185125
1,A_recon,heavy_pixel_noise,99,-0.22156368,0.0,0.0,1.0,3.171759
1,B_task,in_distribution,0,-0.12670358,0.0,0.0,1.0,2.7687335
1,B_task,in_distribution,1,-0.23805864,0.0,0.0,1.0,3.7946396
1,B_task,in_distribution,2,-0.38844812,0.0,0.0,1.0,7.0467567
1,B_task,in_distribution,3,-0.140269,0.0,0.0,1.0,2.4781697
1,B_task,in_distribution,4,-0.11361627,0.0,0.0,1.0,3.580101
1,B_task,in_distribution,5,-0.4774895,0.0,0.0,1.0,12.626321
1,B_task,in_distribution,6,-0.10409907,0.0,0.0,1.0,3.8658564
1,B_task,in_distribution,7,-0.05902707,1.0,0.4,1.0,1.2277718
1,B_task,in_distribution,8,-0.25547156,0.0,0.0,1.0,5.083436
1,B_task,in_distribution,9,-0.34877312,0.0,0.0,1.0,8.935278
1,B_task,in_distribution,10,-0.15134296,1.0,0.1111111111111111,1.0,1.1403245
1,B_task,in_distribution,11,-0.6080418,0.0,0.0,0.0,18.085789
1,B_task,in_distribution,12,-0.28186604,0.0,0.0,0.0,11.819879
1,B_task,in_distribution,13,-0.6620512,0.0,0.0,0.0,20.070915
1,B_task,in_distribution,14,-0.1633644,0.0,0.0,1.0,3.9648442
1,B_task,in_distribution,15,-0.42559013,0.0,0.0,0.0,8.308745
1,B_task,in_distribution,16,-0.09572263,0.0,0.0,1.0,5.767238
1,B_task,in_distribution,17,-0.097364955,0.0,0.0,1.0,2.5716264
1,B_task,in_distribution,18,-0.32152125,0.0,0.0,1.0,8.656251
1,B_task,in_distribution,19,-0.36211795,0.0,0.0,1.0,6.788272
1,B_task,in_distribution,20,-0.3545353,0.0,0.0,0.0,11.136339
1,B_task,in_distribution,21,0.006747108,0.0,0.0,1.0,1.987533
1,B_task,in_distribution,22,-0.20989113,0.0,0.0,1.0,6.879023
1,B_task,in_distribution,23,0.18149573,0.0,0.4222222222222222,1.0,1.9740207
1,B_task,in_distribution,24,-0.14742556,0.0,0.0,1.0,2.5101633
1,B_task,in_distribution,25,-0.49020278,0.0,0.0,0.0,17.893276
1,B_task,in_distribution,26,0.05125141,0.0,0.0,1.0,2.2574456
1,B_task,in_distribution,27,-0.023197124,0.0,0.0,1.0,2.1190894
1,B_task,in_distribution,28,0.03555834,0.0,0.2222222222222222,1.0,4.5212026
1,B_task,in_distribution,29,-0.31135294,0.0,0.0,1.0,9.204657
1,B_task,in_distribution,30,-0.2816572,0.0,0.0,1.0,5.797666
1,B_task,in_distribution,31,-0.09988331,0.0,0.0,1.0,2.811589
1,B_task,in_distribution,32,-0.21038894,0.0,0.13333333333333333,1.0,2.0332716
1,B_task,in_distribution,33,-0.28695348,0.0,0.0,0.0,11.885493
1,B_task,in_distribution,34,-0.06820485,0.0,0.0,1.0,1.5567751
1,B_task,in_distribution,35,-0.33034602,0.0,0.0,1.0,12.930897
1,B_task,in_distribution,36,-0.152562,0.0,0.0,1.0,4.502444
1,B_task,in_distribution,37,-0.15107083,1.0,0.24444444444444444,1.0,0.96142536
1,B_task,in_distribution,38,-0.25307652,0.0,0.0,1.0,6.8804812
1,B_task,in_distribution,39,-0.07907609,1.0,0.35555555555555557,1.0,0.8404258
1,B_task,in_distribution,40,-0.2912805,0.0,0.0,1.0,7.1711206
1,B_task,in_distribution,41,-0.026953805,0.0,0.15555555555555556,1.0,4.7762136
1,B_task,in_distribution,42,-0.09814039,0.0,0.0,1.0,4.149433
1,B_task,in_distribution,43,-0.21707825,0.0,0.0,1.0,3.7476928
1,B_task,in_distribution,44,-0.17244197,0.0,0.0,1.0,5.969591
1,B_task,in_distribution,45,-0.23314126,0.0,0.0,1.0,4.535284
1,B_task,in_distribution,46,-0.2229034,0.0,0.0,1.0,2.3971903
1,B_task,in_distribution,47,-0.14562558,0.0,0.0,1.0,7.069715
1,B_task,in_distribution,48,-0.47347403,0.0,0.0,1.0,11.348142
1,B_task,in_distribution,49,-0.365113,0.0,0.0,0.0,13.030627
1,B_task,in_distribution,50,-0.20844491,0.0,0.0,1.0,6.1302257
1,B_task,in_distribution,51,-0.32483876,0.0,0.0,1.0,2.664053
1,B_task,in_distribution,52,-0.14397904,0.0,0.0,1.0,3.366164
1,B_task,in_distribution,53,-0.2722206,0.0,0.0,1.0,5.7903843
1,B_task,in_distribution,54,-0.07744877,0.0,0.0,1.0,3.9841518
1,B_task,in_distribution,55,-0.16839829,0.0,0.0,1.0,3.3194687
1,B_task,in_distribution,56,0.13061216,0.0,0.28888888888888886,1.0,3.689409
1,B_task,in_distribution,57,-0.68785274,0.0,0.0,0.0,21.43324
1,B_task,in_distribution,58,-0.38466862,0.0,0.0,0.0,13.405021
1,B_task,in_distribution,59,-0.49205658,0.0,0.0,1.0,17.865654
1,B_task,in_distribution,60,-0.36190388,0.0,0.0,1.0,3.826918
1,B_task,in_distribution,61,-0.32454956,0.0,0.0,0.0,12.2764015
1,B_task,in_distribution,62,-0.43689787,0.0,0.0,1.0,14.040714
1,B_task,in_distribution,63,-0.3248724,0.0,0.0,0.0,16.214792
1,B_task,in_distribution,64,-0.23532768,0.0,0.0,1.0,2.493346
1,B_task,in_distribution,65,0.034846127,0.0,0.17777777777777778,1.0,4.2260346
1,B_task,in_distribution,66,0.24403903,1.0,0.5333333333333333,1.0,0.88018614
1,B_task,in_distribution,67,0.18518156,1.0,0.5777777777777777,1.0,1.4502763
1,B_task,in_distribution,68,-0.31455228,0.0,0.0,1.0,2.4837294
1,B_task,in_distribution,69,-0.2659691,0.0,0.0,1.0,6.6220584
1,B_task,in_distribution,70,-0.08606249,0.0,0.0,1.0,2.9852743
1,B_task,in_distribution,71,-0.43746665,0.0,0.0,1.0,10.580936
1,B_task,in_distribution,72,-0.04005677,0.0,0.13333333333333333,1.0,6.1434655
1,B_task,in_distribution,73,-0.2710243,0.0,0.0,1.0,8.039542
1,B_task,in_distribution,74,-0.46611986,0.0,0.0,1.0,7.939692
1,B_task,in_distribution,75,-0.3124975,0.0,0.0,1.0,8.228918
1,B_task,in_distribution,76,-0.31874645,0.0,0.0,0.0,13.488472
1,B_task,in_distribution,77,-0.29786155,0.0,0.0,1.0,3.2916968
1,B_task,in_distribution,78,-0.42649618,0.0,0.0,1.0,13.327202
1,B_task,in_distribution,79,-0.07585049,0.0,0.0,1.0,2.1491187
1,B_task,in_distribution,80,-0.19805086,1.0,0.2222222222222222,1.0,1.4727439
1,B_task,in_distribution,81,-0.3619372,0.0,0.0,1.0,10.982841
1,B_task,in_distribution,82,-0.30509555,0.0,0.0,1.0,6.038293
1,B_task,in_distribution,83,-0.16673405,1.0,0.24444444444444444,1.0,0.11866484
1,B_task,in_distribution,84,-0.41305098,0.0,0.0,0.0,15.256004
1,B_task,in_distribution,85,-0.3942379,0.0,0.0,1.0,8.7069435
1,B_task,in_distribution,86,-0.28611767,0.0,0.0,1.0,8.444758
1,B_task,in_distribution,87,-0.019632492,1.0,0.08888888888888889,1.0,1.2597196
1,B_task,in_distribution,88,-0.16892222,0.0,0.0,1.0,5.4130974
1,B_task,in_distribution,89,-0.25357386,0.0,0.0,1.0,9.679815
1,B_task,in_distribution,90,-0.3471895,0.0,0.0,1.0,7.0438795
1,B_task,in_distribution,91,-0.3197094,0.0,0.0,1.0,2.833617
1,B_task,in_distribution,92,-0.32977661,0.0,0.0,0.0,11.930407
1,B_task,in_distribution,93,-0.28597674,0.0,0.0,1.0,6.9517107
1,B_task,in_distribution,94,-0.17298304,0.0,0.0,1.0,4.7122455
1,B_task,in_distribution,95,0.012139516,1.0,0.37777777777777777,1.0,0.60161406
1,B_task,in_distribution,96,-0.29346746,0.0,0.0,1.0,5.81836
1,B_task,in_distribution,97,-0.091523126,0.0,0.0,1.0,2.6281493
1,B_task,in_distribution,98,-0.19473453,0.0,0.0,1.0,4.7485995
1,B_task,in_distribution,99,-0.09611682,0.0,0.2222222222222222,1.0,2.592729
1,B_task,4_distractors,0,-0.12476618,0.0,0.0,1.0,2.770626
1,B_task,4_distractors,1,-0.21104158,0.0,0.0,1.0,2.559868
1,B_task,4_distractors,2,-0.39608184,0.0,0.0,0.0,7.964361
1,B_task,4_distractors,3,-0.13764411,0.0,0.0,1.0,2.5265756
1,B_task,4_distractors,4,-0.10214979,0.0,0.0,1.0,3.3125029
1,B_task,4_distractors,5,-0.46238157,0.0,0.0,1.0,11.633691
1,B_task,4_distractors,6,-0.10821642,0.0,0.0,1.0,3.543761
1,B_task,4_distractors,7,-0.12995458,1.0,0.26666666666666666,1.0,1.2025028
1,B_task,4_distractors,8,-0.28980327,0.0,0.0,1.0,6.4100003
1,B_task,4_distractors,9,-0.34002206,0.0,0.0,1.0,8.557324
1,B_task,4_distractors,10,-0.24418966,0.0,0.0,1.0,2.5296059
1,B_task,4_distractors,11,-0.54208225,0.0,0.0,0.0,14.840572
1,B_task,4_distractors,12,-0.28610986,0.0,0.0,0.0,11.913061
1,B_task,4_distractors,13,-0.65862244,0.0,0.0,0.0,20.162384
1,B_task,4_distractors,14,-0.17114401,0.0,0.0,1.0,3.5460246
1,B_task,4_distractors,15,-0.52041525,0.0,0.0,0.0,14.974408
1,B_task,4_distractors,16,0.005151772,0.0,0.0,1.0,3.3941526
1,B_task,4_distractors,17,-0.0060957232,0.0,0.0,1.0,1.7187572
1,B_task,4_distractors,18,-0.2863368,0.0,0.0,1.0,7.0455713
1,B_task,4_distractors,19,-0.28320032,0.0,0.0,1.0,2.066904
1,B_task,4_distractors,20,-0.2568576,0.0,0.0,0.0,7.757661
1,B_task,4_distractors,21,0.03951007,0.0,0.0,1.0,2.1243184
1,B_task,4_distractors,22,-0.21768017,0.0,0.0,1.0,7.682546
1,B_task,4_distractors,23,0.09762713,0.0,0.26666666666666666,1.0,2.9765983
1,B_task,4_distractors,24,-0.2034369,0.0,0.0,1.0,4.0690155
1,B_task,4_distractors,25,-0.52843714,0.0,0.0,0.0,19.512081
1,B_task,4_distractors,26,-0.15122956,0.0,0.0,1.0,5.4451857
1,B_task,4_distractors,27,-0.019200588,0.0,0.0,1.0,2.0320072
1,B_task,4_distractors,28,-0.017139258,0.0,0.1111111111111111,1.0,4.864142
1,B_task,4_distractors,29,-0.29858652,0.0,0.0,1.0,8.390871
1,B_task,4_distractors,30,-0.28659078,0.0,0.0,1.0,6.4287133
1,B_task,4_distractors,31,-0.29568264,0.0,0.0,0.0,6.442829
1,B_task,4_distractors,32,-0.24246849,0.0,0.0,1.0,3.1239338
1,B_task,4_distractors,33,-0.16961907,0.0,0.0,1.0,5.7640624
1,B_task,4_distractors,34,0.004591799,1.0,0.37777777777777777,1.0,0.16328527
1,B_task,4_distractors,35,-0.32473564,0.0,0.0,1.0,12.808901
1,B_task,4_distractors,36,-0.14162357,0.0,0.0,1.0,4.191035
1,B_task,4_distractors,37,-0.35312307,0.0,0.0,1.0,2.6071987
1,B_task,4_distractors,38,-0.24002942,0.0,0.0,1.0,6.4476504
1,B_task,4_distractors,39,-0.15671454,1.0,0.044444444444444446,1.0,1.4583381
1,B_task,4_distractors,40,-0.24531983,0.0,0.0,1.0,5.023496
1,B_task,4_distractors,41,0.006566112,0.0,0.2,1.0,4.193762
1,B_task,4_distractors,42,-0.18541868,0.0,0.0,1.0,5.390562
1,B_task,4_distractors,43,-0.09215426,1.0,0.1111111111111111,1.0,0.9298609
1,B_task,4_distractors,44,-0.24079159,0.0,0.0,1.0,8.896401
1,B_task,4_distractors,45,-0.24256738,0.0,0.0,1.0,5.099898
1,B_task,4_distractors,46,-0.25220668,0.0,0.0,1.0,3.0188668
1,B_task,4_distractors,47,-0.2144905,0.0,0.0,1.0,9.840722
1,B_task,4_distractors,48,-0.50437987,0.0,0.0,1.0,12.994115
1,B_task,4_distractors,49,-0.33788934,0.0,0.0,0.0,11.846913
1,B_task,4_distractors,50,-0.20777191,0.0,0.0,1.0,5.8556886
1,B_task,4_distractors,51,-0.41951388,0.0,0.0,1.0,7.528835
1,B_task,4_distractors,52,-0.14343998,0.0,0.0,1.0,3.3525052
1,B_task,4_distractors,53,-0.26631826,0.0,0.0,1.0,5.3168488
1,B_task,4_distractors,54,-0.094507866,0.0,0.0,1.0,4.26004
1,B_task,4_distractors,55,-0.36416,0.0,0.0,1.0,9.0371275
1,B_task,4_distractors,56,0.12772599,0.0,0.28888888888888886,1.0,3.510679
1,B_task,4_distractors,57,-0.69891644,0.0,0.0,0.0,21.827854
1,B_task,4_distractors,58,-0.35755,0.0,0.0,0.0,12.051847
1,B_task,4_distractors,59,-0.41483337,0.0,0.0,1.0,14.648287
1,B_task,4_distractors,60,-0.29431933,0.0,0.0,1.0,1.6894007
1,B_task,4_distractors,61,-0.32334292,0.0,0.0,0.0,12.393223
1,B_task,4_distractors,62,-0.42115265,0.0,0.0,1.0,13.230091
1,B_task,4_distractors,63,-0.32654217,0.0,0.0,0.0,16.302673
1,B_task,4_distractors,64,-0.13939078,1.0,0.15555555555555556,1.0,1.0438994
1,B_task,4_distractors,65,0.069104716,0.0,0.2,1.0,3.2750998
1,B_task,4_distractors,66,0.14886656,1.0,0.28888888888888886,1.0,1.1856397
1,B_task,4_distractors,67,0.14356601,0.0,0.4888888888888889,1.0,1.6419681
1,B_task,4_distractors,68,-0.37346128,0.0,0.0,1.0,2.0684688
1,B_task,4_distractors,69,-0.34079364,0.0,0.0,1.0,9.987138
1,B_task,4_distractors,70,-0.15096189,0.0,0.0,1.0,4.1315093
1,B_task,4_distractors,71,-0.4313973,0.0,0.0,1.0,9.625417
1,B_task,4_distractors,72,0.19493097,0.0,0.4222222222222222,1.0,3.2917454
1,B_task,4_distractors,73,-0.35555166,0.0,0.0,1.0,12.045887
1,B_task,4_distractors,74,-0.3756192,0.0,0.0,1.0,6.706739
1,B_task,4_distractors,75,-0.321527,0.0,0.0,1.0,8.820162
1,B_task,4_distractors,76,-0.2640736,0.0,0.0,1.0,10.704659
1,B_task,4_distractors,77,-0.25009778,0.0,0.0,1.0,1.8157182
1,B_task,4_distractors,78,-0.39977384,0.0,0.0,1.0,12.134372
1,B_task,4_distractors,79,-0.08053982,0.0,0.0,1.0,1.9078743
1,B_task,4_distractors,80,-0.18138936,1.0,0.24444444444444444,1.0,1.3553591
1,B_task,4_distractors,81,-0.35415506,0.0,0.0,1.0,10.647083
1,B_task,4_distractors,82,-0.36024988,0.0,0.0,1.0,8.99981
1,B_task,4_distractors,83,-0.14792258,1.0,0.28888888888888886,1.0,1.213305
1,B_task,4_distractors,84,-0.43746728,0.0,0.0,0.0,16.058498
1,B_task,4_distractors,85,-0.39863244,0.0,0.0,1.0,8.690903
1,B_task,4_distractors,86,-0.27242744,0.0,0.0,1.0,6.914892
1,B_task,4_distractors,87,-0.14677955,0.0,0.0,1.0,3.49694
1,B_task,4_distractors,88,-0.19521618,0.0,0.0,1.0,6.741504
1,B_task,4_distractors,89,-0.23866653,0.0,0.0,1.0,9.095973
1,B_task,4_distractors,90,-0.3416573,0.0,0.0,1.0,7.1797
1,B_task,4_distractors,91,-0.2504381,0.0,0.0,1.0,2.6850057
1,B_task,4_distractors,92,-0.36896896,0.0,0.0,0.0,14.799369
1,B_task,4_distractors,93,-0.28551987,0.0,0.0,1.0,7.1096416
1,B_task,4_distractors,94,-0.18086267,0.0,0.0,1.0,5.1462126
1,B_task,4_distractors,95,-0.026264763,1.0,0.3333333333333333,1.0,0.86015546
1,B_task,4_distractors,96,-0.29545063,0.0,0.0,1.0,6.2132897
1,B_task,4_distractors,97,-0.043037135,0.0,0.06666666666666667,1.0,2.0189447
1,B_task,4_distractors,98,-0.18652363,0.0,0.0,1.0,4.259513
1,B_task,4_distractors,99,-0.1417706,0.0,0.08888888888888889,1.0,2.9010909
1,B_task,fast_distractors,0,-0.15554853,0.0,0.0,1.0,3.3290179
1,B_task,fast_distractors,1,-0.22665109,0.0,0.0,1.0,3.2155142
1,B_task,fast_distractors,2,-0.38784552,0.0,0.0,0.0,7.380873
1,B_task,fast_distractors,3,-0.19527029,0.0,0.0,1.0,3.7873185
1,B_task,fast_distractors,4,-0.10606651,0.0,0.0,1.0,3.2587116
1,B_task,fast_distractors,5,-0.48283398,0.0,0.0,1.0,12.944452
1,B_task,fast_distractors,6,-0.15191975,0.0,0.0,1.0,3.4390147
1,B_task,fast_distractors,7,-0.04891723,1.0,0.37777777777777777,1.0,0.8862866
1,B_task,fast_distractors,8,-0.25547713,0.0,0.0,1.0,5.0974827
1,B_task,fast_distractors,9,-0.35539407,0.0,0.0,1.0,9.755728
1,B_task,fast_distractors,10,-0.15034549,0.0,0.0,1.0,1.8576049
1,B_task,fast_distractors,11,-0.5730876,0.0,0.0,0.0,16.291298
1,B_task,fast_distractors,12,-0.27859896,0.0,0.0,0.0,11.580795
1,B_task,fast_distractors,13,-0.66438186,0.0,0.0,0.0,20.593437
1,B_task,fast_distractors,14,-0.17814486,0.0,0.0,1.0,4.515107
1,B_task,fast_distractors,15,-0.4313294,0.0,0.0,0.0,8.006535
1,B_task,fast_distractors,16,-0.07068643,0.0,0.0,1.0,4.6602645
1,B_task,fast_distractors,17,-0.08836061,0.0,0.0,1.0,2.3114054
1,B_task,fast_distractors,18,-0.2904949,0.0,0.0,1.0,8.076164
1,B_task,fast_distractors,19,-0.29818842,0.0,0.0,1.0,2.606132
1,B_task,fast_distractors,20,-0.34966522,0.0,0.0,0.0,10.40948
1,B_task,fast_distractors,21,0.017645229,0.0,0.0,1.0,1.7794228
1,B_task,fast_distractors,22,-0.2161263,0.0,0.0,1.0,7.338664
1,B_task,fast_distractors,23,0.15958665,0.0,0.2222222222222222,1.0,1.8142471
1,B_task,fast_distractors,24,-0.20962916,0.0,0.0,1.0,4.677152
1,B_task,fast_distractors,25,-0.48894835,0.0,0.0,0.0,17.837019
1,B_task,fast_distractors,26,0.05309452,0.0,0.0,1.0,2.2505987
1,B_task,fast_distractors,27,0.010787068,0.0,0.0,1.0,1.7781272
1,B_task,fast_distractors,28,0.03453922,0.0,0.2222222222222222,1.0,4.3868814
1,B_task,fast_distractors,29,-0.36983734,0.0,0.0,1.0,11.360797
1,B_task,fast_distractors,30,-0.28080872,0.0,0.0,1.0,5.921892
1,B_task,fast_distractors,31,-0.07204993,0.0,0.1111111111111111,1.0,2.6675594
1,B_task,fast_distractors,32,-0.21746267,0.0,0.0,1.0,3.0707653
1,B_task,fast_distractors,33,-0.2874929,0.0,0.0,0.0,12.359348
1,B_task,fast_distractors,34,-0.021216102,1.0,0.4,1.0,1.0277526
1,B_task,fast_distractors,35,-0.31009293,0.0,0.0,1.0,11.620556
1,B_task,fast_distractors,36,-0.15221156,0.0,0.0,1.0,4.4065714
1,B_task,fast_distractors,37,-0.21781561,0.0,0.0,1.0,2.4673736
1,B_task,fast_distractors,38,-0.25632533,0.0,0.0,1.0,7.23296
1,B_task,fast_distractors,39,-0.1003149,1.0,0.3111111111111111,1.0,0.86775106
1,B_task,fast_distractors,40,-0.2842213,0.0,0.0,1.0,6.32961
1,B_task,fast_distractors,41,0.04063857,0.0,0.24444444444444444,1.0,3.45092
1,B_task,fast_distractors,42,-0.09203609,0.0,0.0,1.0,4.046148
1,B_task,fast_distractors,43,-0.21996981,0.0,0.0,1.0,4.031572
1,B_task,fast_distractors,44,-0.15831374,0.0,0.0,1.0,5.311947
1,B_task,fast_distractors,45,-0.23307645,0.0,0.0,1.0,4.393502
1,B_task,fast_distractors,46,-0.23850314,0.0,0.0,1.0,2.7094748
1,B_task,fast_distractors,47,-0.16011485,0.0,0.0,1.0,7.670391
1,B_task,fast_distractors,48,-0.4917747,0.0,0.0,1.0,12.311036
1,B_task,fast_distractors,49,-0.34306112,0.0,0.0,0.0,11.997719
1,B_task,fast_distractors,50,-0.21400532,0.0,0.0,1.0,5.7181973
1,B_task,fast_distractors,51,-0.36519825,0.0,0.0,1.0,4.514258
1,B_task,fast_distractors,52,-0.14066005,0.0,0.0,1.0,3.209314
1,B_task,fast_distractors,53,-0.27704343,0.0,0.0,1.0,5.8268113
1,B_task,fast_distractors,54,-0.089512326,0.0,0.0,1.0,4.3418655
1,B_task,fast_distractors,55,-0.35826433,0.0,0.0,1.0,7.44751
1,B_task,fast_distractors,56,0.104845874,0.0,0.24444444444444444,1.0,3.678906
1,B_task,fast_distractors,57,-0.70201087,0.0,0.0,0.0,21.955233
1,B_task,fast_distractors,58,-0.37499508,0.0,0.0,0.0,8.976505
1,B_task,fast_distractors,59,-0.4961051,0.0,0.0,1.0,17.852844
1,B_task,fast_distractors,60,-0.32840702,0.0,0.0,1.0,2.4954276
1,B_task,fast_distractors,61,-0.31439352,0.0,0.0,0.0,11.634274
1,B_task,fast_distractors,62,-0.4359437,0.0,0.0,1.0,13.980658
1,B_task,fast_distractors,63,-0.32362923,0.0,0.0,0.0,16.040781
1,B_task,fast_distractors,64,-0.17386836,1.0,0.13333333333333333,1.0,1.0792203
1,B_task,fast_distractors,65,0.06441093,0.0,0.17777777777777778,1.0,3.0875251
1,B_task,fast_distractors,66,0.12727036,0.0,0.17777777777777778,1.0,2.6910813
1,B_task,fast_distractors,67,0.17042089,0.0,0.5111111111111111,1.0,1.6294928
1,B_task,fast_distractors,68,-0.2916616,1.0,0.13333333333333333,1.0,0.9233011
1,B_task,fast_distractors,69,-0.26606756,0.0,0.0,1.0,6.6224666
1,B_task,fast_distractors,70,0.07446659,0.0,0.3333333333333333,1.0,1.716929
1,B_task,fast_distractors,71,-0.43683645,0.0,0.0,1.0,10.179228
1,B_task,fast_distractors,72,-0.005537765,0.0,0.13333333333333333,1.0,4.960574
1,B_task,fast_distractors,73,-0.2699426,0.0,0.0,1.0,8.014762
1,B_task,fast_distractors,74,-0.45521212,0.0,0.0,1.0,7.2149615
1,B_task,fast_distractors,75,-0.3235199,0.0,0.0,1.0,8.634073
1,B_task,fast_distractors,76,-0.31208023,0.0,0.0,0.0,13.012256
1,B_task,fast_distractors,77,-0.30235088,0.0,0.0,1.0,3.479325
1,B_task,fast_distractors,78,-0.4265265,0.0,0.0,1.0,13.847635
1,B_task,fast_distractors,79,-0.08253615,0.0,0.0,1.0,2.1926808
1,B_task,fast_distractors,80,-0.19577447,1.0,0.2222222222222222,1.0,1.409895
1,B_task,fast_distractors,81,-0.3602614,0.0,0.0,1.0,10.901391
1,B_task,fast_distractors,82,-0.32782403,0.0,0.0,1.0,7.879296
1,B_task,fast_distractors,83,-0.17336729,1.0,0.24444444444444444,1.0,0.22802293
1,B_task,fast_distractors,84,-0.41322175,0.0,0.0,0.0,15.213514
1,B_task,fast_distractors,85,-0.38814816,0.0,0.0,1.0,8.690274
1,B_task,fast_distractors,86,-0.28039402,0.0,0.0,1.0,7.417128
1,B_task,fast_distractors,87,-0.067436054,0.0,0.0,1.0,1.8040289
1,B_task,fast_distractors,88,-0.16625667,0.0,0.0,1.0,5.322108
1,B_task,fast_distractors,89,-0.23453496,0.0,0.0,1.0,8.273459
1,B_task,fast_distractors,90,-0.34078622,0.0,0.0,1.0,7.302875
1,B_task,fast_distractors,91,-0.3731795,0.0,0.0,1.0,5.060428
1,B_task,fast_distractors,92,-0.32929805,0.0,0.0,0.0,11.746813
1,B_task,fast_distractors,93,-0.2885348,0.0,0.0,1.0,7.3706274
1,B_task,fast_distractors,94,-0.17857286,0.0,0.0,1.0,5.169708
1,B_task,fast_distractors,95,-0.2668953,0.0,0.0,1.0,4.8295193
1,B_task,fast_distractors,96,-0.298347,0.0,0.0,1.0,5.5724983
1,B_task,fast_distractors,97,-0.08089908,0.0,0.0,1.0,2.7421978
1,B_task,fast_distractors,98,-0.18461497,0.0,0.0,1.0,4.1966653
1,B_task,fast_distractors,99,-0.1735511,0.0,0.0,1.0,2.6605294
1,B_task,unseen_distractor_hues,0,-0.13073948,0.0,0.0,1.0,2.9298892
1,B_task,unseen_distractor_hues,1,-0.2348668,0.0,0.0,1.0,3.6459513
1,B_task,unseen_distractor_hues,2,-0.38599774,0.0,0.0,1.0,7.0606704
1,B_task,unseen_distractor_hues,3,-0.1532888,0.0,0.0,1.0,2.8173473
1,B_task,unseen_distractor_hues,4,-0.09841637,0.0,0.0,1.0,2.832614
1,B_task,unseen_distractor_hues,5,-0.49445254,0.0,0.0,1.0,12.939139
1,B_task,unseen_distractor_hues,6,-0.07432849,0.0,0.06666666666666667,1.0,3.5683105
1,B_task,unseen_distractor_hues,7,-0.052779797,1.0,0.4,1.0,0.96980137
1,B_task,unseen_distractor_hues,8,-0.29406923,0.0,0.0,1.0,6.8842015
1,B_task,unseen_distractor_hues,9,-0.35494366,0.0,0.0,1.0,9.606391
1,B_task,unseen_distractor_hues,10,-0.19506614,1.0,0.022222222222222223,1.0,1.494514
1,B_task,unseen_distractor_hues,11,-0.49889052,0.0,0.0,0.0,11.752651
1,B_task,unseen_distractor_hues,12,-0.27810913,0.0,0.0,0.0,11.739994
1,B_task,unseen_distractor_hues,13,-0.65259546,0.0,0.0,0.0,19.252487
1,B_task,unseen_distractor_hues,14,-0.16945639,0.0,0.0,1.0,4.4418445
1,B_task,unseen_distractor_hues,15,-0.4667981,0.0,0.0,0.0,12.096398
1,B_task,unseen_distractor_hues,16,-0.064133555,0.0,0.0,1.0,4.933438
1,B_task,unseen_distractor_hues,17,-0.09653918,0.0,0.0,1.0,2.4879222
1,B_task,unseen_distractor_hues,18,-0.26523685,0.0,0.0,1.0,5.1723814
1,B_task,unseen_distractor_hues,19,-0.3689039,0.0,0.0,1.0,7.5021253
1,B_task,unseen_distractor_hues,20,-0.33844998,0.0,0.0,0.0,9.385184
1,B_task,unseen_distractor_hues,21,0.016797105,1.0,0.044444444444444446,1.0,1.3426952
1,B_task,unseen_distractor_hues,22,-0.21177056,0.0,0.0,1.0,7.3490825
1,B_task,unseen_distractor_hues,23,0.055736538,0.0,0.2,1.0,3.2585135
1,B_task,unseen_distractor_hues,24,-0.20782103,0.0,0.0,1.0,4.1221457
1,B_task,unseen_distractor_hues,25,-0.49038467,0.0,0.0,0.0,18.66944
1,B_task,unseen_distractor_hues,26,0.048016507,0.0,0.0,1.0,2.2273715
1,B_task,unseen_distractor_hues,27,0.035320047,1.0,0.022222222222222223,1.0,1.5326992
1,B_task,unseen_distractor_hues,28,-0.015478353,0.0,0.1111111111111111,1.0,4.798329
1,B_task,unseen_distractor_hues,29,-0.3028753,0.0,0.0,1.0,8.714363
1,B_task,unseen_distractor_hues,30,-0.29391453,0.0,0.0,1.0,6.5864024
1,B_task,unseen_distractor_hues,31,-0.067950934,1.0,0.2,1.0,0.55450255
1,B_task,unseen_distractor_hues,32,-0.20185113,0.0,0.17777777777777778,1.0,1.6851869
1,B_task,unseen_distractor_hues,33,-0.16908163,0.0,0.0,1.0,5.8222556
1,B_task,unseen_distractor_hues,34,-0.09113654,0.0,0.0,1.0,2.1226952
1,B_task,unseen_distractor_hues,35,-0.3191335,0.0,0.0,1.0,11.784069
1,B_task,unseen_distractor_hues,36,-0.1390746,0.0,0.0,1.0,4.0085344
1,B_task,unseen_distractor_hues,37,-0.24358915,0.0,0.0,1.0,2.5308537
1,B_task,unseen_distractor_hues,38,-0.2378663,0.0,0.0,1.0,6.4612627
1,B_task,unseen_distractor_hues,39,-0.08064498,1.0,0.3111111111111111,1.0,0.32532004
1,B_task,unseen_distractor_hues,40,-0.23559843,0.0,0.0,1.0,4.4002237
1,B_task,unseen_distractor_hues,41,0.021185938,0.0,0.2,1.0,3.8622074
1,B_task,unseen_distractor_hues,42,-0.18153426,0.0,0.0,1.0,6.082685
1,B_task,unseen_distractor_hues,43,-0.22478735,0.0,0.0,1.0,4.535113
1,B_task,unseen_distractor_hues,44,-0.18636687,0.0,0.0,1.0,6.385742
1,B_task,unseen_distractor_hues,45,-0.28555736,0.0,0.0,1.0,6.579377
1,B_task,unseen_distractor_hues,46,-0.23570672,0.0,0.0,1.0,2.6581206
1,B_task,unseen_distractor_hues,47,-0.16324009,0.0,0.0,1.0,8.1296835
1,B_task,unseen_distractor_hues,48,-0.48978713,0.0,0.0,1.0,12.176569
1,B_task,unseen_distractor_hues,49,-0.3376869,0.0,0.0,0.0,11.873795
1,B_task,unseen_distractor_hues,50,-0.21095292,0.0,0.0,1.0,5.521259
1,B_task,unseen_distractor_hues,51,-0.37428337,0.0,0.0,1.0,5.677003
1,B_task,unseen_distractor_hues,52,-0.17764589,0.0,0.0,1.0,4.0665646
1,B_task,unseen_distractor_hues,53,-0.2636334,0.0,0.0,1.0,4.910158
1,B_task,unseen_distractor_hues,54,-0.083272666,0.0,0.0,1.0,4.0356426
1,B_task,unseen_distractor_hues,55,-0.36128336,0.0,0.0,1.0,8.301678
1,B_task,unseen_distractor_hues,56,0.09120198,0.0,0.2,1.0,3.1357677
1,B_task,unseen_distractor_hues,57,-0.70106786,0.0,0.0,0.0,21.92138
1,B_task,unseen_distractor_hues,58,-0.346924,0.0,0.0,0.0,12.233988
1,B_task,unseen_distractor_hues,59,-0.46398836,0.0,0.0,1.0,17.233501
1,B_task,unseen_distractor_hues,60,-0.32339743,0.0,0.0,1.0,2.2984862
1,B_task,unseen_distractor_hues,61,-0.30851588,0.0,0.0,0.0,11.053453
1,B_task,unseen_distractor_hues,62,-0.4332856,0.0,0.0,1.0,13.855506
1,B_task,unseen_distractor_hues,63,-0.32271874,0.0,0.0,0.0,16.061565
1,B_task,unseen_distractor_hues,64,-0.23413582,0.0,0.0,1.0,2.6100283
1,B_task,unseen_distractor_hues,65,0.053247593,0.0,0.17777777777777778,1.0,3.3208482
1,B_task,unseen_distractor_hues,66,0.19947383,1.0,0.37777777777777777,1.0,0.6144129
1,B_task,unseen_distractor_hues,67,0.116267174,0.0,0.3111111111111111,1.0,2.5688653
1,B_task,unseen_distractor_hues,68,-0.31815857,1.0,0.13333333333333333,1.0,1.4124731
1,B_task,unseen_distractor_hues,69,-0.28407195,0.0,0.0,1.0,7.690793
1,B_task,unseen_distractor_hues,70,0.020360908,0.0,0.08888888888888889,1.0,2.5550156
1,B_task,unseen_distractor_hues,71,-0.4360413,0.0,0.0,1.0,10.191937
1,B_task,unseen_distractor_hues,72,0.025630014,0.0,0.1111111111111111,1.0,4.1379266
1,B_task,unseen_distractor_hues,73,-0.29114443,0.0,0.0,1.0,8.975259
1,B_task,unseen_distractor_hues,74,-0.43915066,0.0,0.0,1.0,7.6151834
1,B_task,unseen_distractor_hues,75,-0.32239765,0.0,0.0,1.0,8.81322
1,B_task,unseen_distractor_hues,76,-0.23287582,0.0,0.0,1.0,8.649249
1,B_task,unseen_distractor_hues,77,-0.2853685,0.0,0.0,1.0,2.727725
1,B_task,unseen_distractor_hues,78,-0.37696218,0.0,0.0,1.0,11.527874
1,B_task,unseen_distractor_hues,79,-0.006583681,1.0,0.2,1.0,0.43654504
1,B_task,unseen_distractor_hues,80,-0.22185467,1.0,0.2,1.0,0.6993484
1,B_task,unseen_distractor_hues,81,-0.36146212,0.0,0.0,1.0,10.871582
1,B_task,unseen_distractor_hues,82,-0.3087934,0.0,0.0,1.0,6.7682166
1,B_task,unseen_distractor_hues,83,-0.19154166,1.0,0.26666666666666666,1.0,1.4109235
1,B_task,unseen_distractor_hues,84,-0.419335,0.0,0.0,0.0,15.631188
1,B_task,unseen_distractor_hues,85,-0.3956465,0.0,0.0,1.0,8.418092
1,B_task,unseen_distractor_hues,86,-0.2878609,0.0,0.0,1.0,8.14957
1,B_task,unseen_distractor_hues,87,-0.14850673,0.0,0.0,1.0,2.9660735
1,B_task,unseen_distractor_hues,88,-0.17847648,0.0,0.0,1.0,4.684066
1,B_task,unseen_distractor_hues,89,-0.18165673,0.0,0.0,1.0,5.3714294
1,B_task,unseen_distractor_hues,90,-0.35323742,0.0,0.0,1.0,8.074661
1,B_task,unseen_distractor_hues,91,-0.36530396,0.0,0.0,1.0,3.644543
1,B_task,unseen_distractor_hues,92,-0.35112274,0.0,0.0,0.0,14.293015
1,B_task,unseen_distractor_hues,93,-0.2854133,0.0,0.0,1.0,5.7953343
1,B_task,unseen_distractor_hues,94,-0.17519666,0.0,0.0,1.0,5.077146
1,B_task,unseen_distractor_hues,95,-0.21089794,0.0,0.0,1.0,2.7403944
1,B_task,unseen_distractor_hues,96,-0.3168512,0.0,0.0,1.0,4.5944757
1,B_task,unseen_distractor_hues,97,-0.1769183,0.0,0.0,1.0,3.7280385
1,B_task,unseen_distractor_hues,98,-0.1938354,0.0,0.0,1.0,4.8260846
1,B_task,unseen_distractor_hues,99,-0.1432974,0.0,0.13333333333333333,1.0,4.3125305
1,B_task,heavy_pixel_noise,0,-0.1475338,0.0,0.0,1.0,3.5058973
1,B_task,heavy_pixel_noise,1,-0.2592325,0.0,0.0,1.0,5.674345
1,B_task,heavy_pixel_noise,2,-0.35178128,0.0,0.0,1.0,6.0841355
1,B_task,heavy_pixel_noise,3,-0.14777806,0.0,0.0,1.0,2.62236
1,B_task,heavy_pixel_noise,4,-0.007228298,0.0,0.0,1.0,1.6531082
1,B_task,heavy_pixel_noise,5,-0.47053087,0.0,0.0,0.0,11.360176
1,B_task,heavy_pixel_noise,6,-0.16950719,0.0,0.044444444444444446,1.0,8.984455
1,B_task,heavy_pixel_noise,7,-0.18268345,0.0,0.0,1.0,2.2147002
1,B_task,heavy_pixel_noise,8,-0.2731724,0.0,0.0,1.0,6.1109867
1,B_task,heavy_pixel_noise,9,-0.36501756,0.0,0.0,1.0,9.29997
1,B_task,heavy_pixel_noise,10,-0.28973445,0.0,0.0,1.0,4.3617425
1,B_task,heavy_pixel_noise,11,-0.35437602,0.0,0.0,1.0,4.819483
1,B_task,heavy_pixel_noise,12,-0.13032104,0.0,0.0,1.0,8.532233
1,B_task,heavy_pixel_noise,13,-0.7004944,0.0,0.0,0.0,21.71257
1,B_task,heavy_pixel_noise,14,-0.27741402,0.0,0.0,1.0,6.632578
1,B_task,heavy_pixel_noise,15,-0.47426352,0.0,0.0,0.0,13.459103
1,B_task,heavy_pixel_noise,16,-0.09527254,0.0,0.0,1.0,5.846015
1,B_task,heavy_pixel_noise,17,0.06208336,1.0,0.17777777777777778,1.0,0.84490675
1,B_task,heavy_pixel_noise,18,-0.31830278,0.0,0.0,1.0,7.609064
1,B_task,heavy_pixel_noise,19,-0.36784545,0.0,0.0,1.0,4.922885
1,B_task,heavy_pixel_noise,20,-0.3463778,0.0,0.0,0.0,10.053785
1,B_task,heavy_pixel_noise,21,-0.08407167,0.0,0.0,1.0,4.479035
1,B_task,heavy_pixel_noise,22,-0.22627774,0.0,0.0,1.0,9.328855
1,B_task,heavy_pixel_noise,23,0.17697127,0.0,0.3111111111111111,1.0,1.8775523
1,B_task,heavy_pixel_noise,24,-0.19142604,0.0,0.0,1.0,5.162502
1,B_task,heavy_pixel_noise,25,-0.42968848,0.0,0.0,0.0,14.63274
1,B_task,heavy_pixel_noise,26,0.020136565,0.0,0.0,1.0,2.6187377
1,B_task,heavy_pixel_noise,27,-0.013837933,0.0,0.0,1.0,1.9697483
1,B_task,heavy_pixel_noise,28,-0.12829772,0.0,0.0,1.0,5.235958
1,B_task,heavy_pixel_noise,29,-0.31955695,0.0,0.0,1.0,10.040195
1,B_task,heavy_pixel_noise,30,-0.285458,0.0,0.0,1.0,6.4983215
1,B_task,heavy_pixel_noise,31,-0.11062482,0.0,0.0,1.0,3.6369023
1,B_task,heavy_pixel_noise,32,-0.38209507,0.0,0.0,1.0,4.45395
1,B_task,heavy_pixel_noise,33,-0.2082033,0.0,0.0,1.0,7.929976
1,B_task,heavy_pixel_noise,34,-0.016653389,1.0,0.4222222222222222,1.0,0.9945706
1,B_task,heavy_pixel_noise,35,-0.16375472,0.0,0.0,1.0,5.506644
1,B_task,heavy_pixel_noise,36,-0.110957466,0.0,0.0,1.0,3.8272297
1,B_task,heavy_pixel_noise,37,-0.46525183,0.0,0.0,1.0,9.335911
1,B_task,heavy_pixel_noise,38,-0.26806366,0.0,0.0,1.0,6.5848455
1,B_task,heavy_pixel_noise,39,-0.27582875,0.0,0.0,1.0,5.5697904
1,B_task,heavy_pixel_noise,40,-0.22002123,0.0,0.0,1.0,3.2795975
1,B_task,heavy_pixel_noise,41,-0.1804412,0.0,0.0,1.0,7.106378
1,B_task,heavy_pixel_noise,42,-0.06638438,0.0,0.0,1.0,4.7873683
1,B_task,heavy_pixel_noise,43,-0.1209569,0.0,0.0,1.0,3.2465515
1,B_task,heavy_pixel_noise,44,-0.15862763,0.0,0.0,1.0,5.5076876
1,B_task,heavy_pixel_noise,45,-0.36755443,0.0,0.0,1.0,10.269106
1,B_task,heavy_pixel_noise,46,-0.21807162,0.0,0.0,1.0,2.5759106
1,B_task,heavy_pixel_noise,47,-0.17319085,0.0,0.0,1.0,8.715158
1,B_task,heavy_pixel_noise,48,-0.48801062,0.0,0.0,1.0,13.781565
1,B_task,heavy_pixel_noise,49,-0.29284677,0.0,0.0,0.0,8.929451
1,B_task,heavy_pixel_noise,50,-0.16122398,0.0,0.0,1.0,4.346014
1,B_task,heavy_pixel_noise,51,-0.4426118,0.0,0.0,0.0,10.494779
1,B_task,heavy_pixel_noise,52,-0.18536659,0.0,0.0,1.0,4.8270054
1,B_task,heavy_pixel_noise,53,-0.29774904,0.0,0.0,1.0,7.0587916
1,B_task,heavy_pixel_noise,54,0.10080154,0.0,0.0,1.0,2.458031
1,B_task,heavy_pixel_noise,55,-0.06607977,0.0,0.26666666666666666,1.0,2.1988077
1,B_task,heavy_pixel_noise,56,0.08687655,0.0,0.24444444444444444,1.0,4.283242
1,B_task,heavy_pixel_noise,57,-0.7014299,0.0,0.0,0.0,21.910284
1,B_task,heavy_pixel_noise,58,-0.40269932,0.0,0.0,0.0,14.178033
1,B_task,heavy_pixel_noise,59,-0.35229513,0.0,0.0,0.0,10.803612
1,B_task,heavy_pixel_noise,60,-0.36762607,0.0,0.0,1.0,3.5691829
1,B_task,heavy_pixel_noise,61,-0.110096075,0.0,0.0,1.0,5.471992
1,B_task,heavy_pixel_noise,62,-0.37508944,0.0,0.0,0.0,11.179626
1,B_task,heavy_pixel_noise,63,-0.3270713,0.0,0.0,0.0,15.491151
1,B_task,heavy_pixel_noise,64,-0.23439308,0.0,0.0,1.0,2.8300703
1,B_task,heavy_pixel_noise,65,0.0780058,0.0,0.2222222222222222,1.0,3.5077758
1,B_task,heavy_pixel_noise,66,0.01912556,0.0,0.1111111111111111,1.0,2.6485617
1,B_task,heavy_pixel_noise,67,-0.22812262,0.0,0.0,1.0,8.829051
1,B_task,heavy_pixel_noise,68,-0.31700042,1.0,0.1111111111111111,1.0,0.9912627
1,B_task,heavy_pixel_noise,69,-0.32164425,0.0,0.0,1.0,9.047076
1,B_task,heavy_pixel_noise,70,-0.042727403,0.0,0.0,1.0,2.8630013
1,B_task,heavy_pixel_noise,71,-0.30983788,0.0,0.0,1.0,5.122602
1,B_task,heavy_pixel_noise,72,-0.11402369,0.0,0.1111111111111111,1.0,9.578424
1,B_task,heavy_pixel_noise,73,-0.30561683,0.0,0.0,1.0,10.364652
1,B_task,heavy_pixel_noise,74,-0.42075598,0.0,0.0,1.0,7.6100745
1,B_task,heavy_pixel_noise,75,-0.32142946,0.0,0.0,1.0,8.622853
1,B_task,heavy_pixel_noise,76,-0.32441834,0.0,0.0,0.0,14.23949
1,B_task,heavy_pixel_noise,77,-0.35238078,0.0,0.0,1.0,7.279688
1,B_task,heavy_pixel_noise,78,-0.34464118,0.0,0.0,1.0,10.329881
1,B_task,heavy_pixel_noise,79,-0.35486555,0.0,0.0,1.0,14.558834
1,B_task,heavy_pixel_noise,80,-0.19935979,1.0,0.2,1.0,0.50902927
1,B_task,heavy_pixel_noise,81,-0.40696537,0.0,0.0,1.0,11.353183
1,B_task,heavy_pixel_noise,82,-0.36349028,0.0,0.0,1.0,9.824917
1,B_task,heavy_pixel_noise,83,-0.37360993,0.0,0.0,1.0,7.30093
1,B_task,heavy_pixel_noise,84,-0.3955498,0.0,0.0,1.0,13.788285
1,B_task,heavy_pixel_noise,85,-0.33042258,0.0,0.0,1.0,4.5913157
1,B_task,heavy_pixel_noise,86,-0.30233365,0.0,0.0,0.0,7.7624807
1,B_task,heavy_pixel_noise,87,-0.1969652,0.0,0.0,1.0,5.262806
1,B_task,heavy_pixel_noise,88,-0.2775702,0.0,0.0,1.0,8.996448
1,B_task,heavy_pixel_noise,89,-0.26979902,0.0,0.0,1.0,10.483271
1,B_task,heavy_pixel_noise,90,-0.31419122,0.0,0.0,1.0,4.6208363
1,B_task,heavy_pixel_noise,91,-0.25985917,0.0,0.0,1.0,2.5549288
1,B_task,heavy_pixel_noise,92,-0.3470105,0.0,0.0,0.0,13.959961
1,B_task,heavy_pixel_noise,93,-0.49466667,0.0,0.0,1.0,15.560421
1,B_task,heavy_pixel_noise,94,-0.17046079,0.0,0.0,1.0,4.6223617
1,B_task,heavy_pixel_noise,95,-0.30671713,0.0,0.0,1.0,6.015406
1,B_task,heavy_pixel_noise,96,-0.17381608,0.0,0.0,1.0,3.8903012
1,B_task,heavy_pixel_noise,97,-0.23038398,0.0,0.0,1.0,5.3384047
1,B_task,heavy_pixel_noise,98,-0.19919033,0.0,0.0,1.0,4.912637
1,B_task,heavy_pixel_noise,99,-0.10111315,0.0,0.26666666666666666,1.0,1.7483542
1,C_scene,in_distribution,0,-0.3310499,0.0,0.0,1.0,9.569363
1,C_scene,in_distribution,1,-0.29179832,0.0,0.0,1.0,9.421928
1,C_scene,in_distribution,2,-0.6146846,0.0,0.0,0.0,19.680702
1,C_scene,in_distribution,3,-0.38819703,0.0,0.0,0.0,11.0624075
1,C_scene,in_distribution,4,-0.22635937,0.0,0.0,1.0,4.8420873
1,C_scene,in_distribution,5,-0.7337059,0.0,0.0,0.0,25.847517
1,C_scene,in_distribution,6,-0.27390978,0.0,0.0,1.0,5.338477
1,C_scene,in_distribution,7,-0.42432824,0.0,0.0,1.0,7.20366
1,C_scene,in_distribution,8,-0.521176,0.0,0.0,1.0,15.626427
1,C_scene,in_distribution,9,-0.4107067,0.0,0.0,0.0,10.486811
1,C_scene,in_distribution,10,-0.504442,0.0,0.0,0.0,17.7591
1,C_scene,in_distribution,11,-0.70911735,0.0,0.0,1.0,24.739325
1,C_scene,in_distribution,12,-0.21249722,0.0,0.0,1.0,10.642027
1,C_scene,in_distribution,13,-0.73318416,0.0,0.0,0.0,23.960691
1,C_scene,in_distribution,14,-0.36772892,0.0,0.0,0.0,12.697452
1,C_scene,in_distribution,15,-0.6119237,0.0,0.0,0.0,22.397367
1,C_scene,in_distribution,16,-0.27965277,0.0,0.0,1.0,9.620065
1,C_scene,in_distribution,17,-0.15810715,0.0,0.0,1.0,5.52219
1,C_scene,in_distribution,18,-0.38435346,0.0,0.0,1.0,11.102381
1,C_scene,in_distribution,19,-0.7218582,0.0,0.0,0.0,21.105736
1,C_scene,in_distribution,20,-0.24345411,0.0,0.0,0.0,8.076045
1,C_scene,in_distribution,21,-0.16973783,0.0,0.0,1.0,4.4194765
1,C_scene,in_distribution,22,-0.26285774,0.0,0.0,1.0,11.263944
1,C_scene,in_distribution,23,0.09881667,0.0,0.24444444444444444,1.0,2.4905312
1,C_scene,in_distribution,24,-0.25259063,0.0,0.0,1.0,4.771972
1,C_scene,in_distribution,25,-0.54258823,0.0,0.0,0.0,18.132406
1,C_scene,in_distribution,26,-0.09481355,0.0,0.0,1.0,2.789998
1,C_scene,in_distribution,27,-0.15890878,0.0,0.0,1.0,5.9869523
1,C_scene,in_distribution,28,-0.08753836,0.0,0.0,1.0,4.414556
1,C_scene,in_distribution,29,-0.36769336,0.0,0.0,1.0,12.513712
1,C_scene,in_distribution,30,-0.53296447,0.0,0.0,1.0,18.397137
1,C_scene,in_distribution,31,-0.44564128,0.0,0.0,0.0,11.706636
1,C_scene,in_distribution,32,-0.7025956,0.0,0.0,0.0,22.461252
1,C_scene,in_distribution,33,-0.31589562,0.0,0.0,0.0,12.653109
1,C_scene,in_distribution,34,-0.5800159,0.0,0.0,0.0,19.275265
1,C_scene,in_distribution,35,-0.34130463,0.0,0.0,1.0,14.888898
1,C_scene,in_distribution,36,-0.25410458,0.0,0.0,1.0,8.118349
1,C_scene,in_distribution,37,-0.49528825,0.0,0.0,1.0,5.788236
1,C_scene,in_distribution,38,-0.37142727,0.0,0.0,0.0,12.811301
1,C_scene,in_distribution,39,-0.4216619,0.0,0.0,1.0,9.999299
1,C_scene,in_distribution,40,-0.3614991,0.0,0.0,1.0,5.7520347
1,C_scene,in_distribution,41,-0.21330117,0.0,0.0,1.0,3.2903345
1,C_scene,in_distribution,42,-0.17105156,0.0,0.0,1.0,3.3595386
1,C_scene,in_distribution,43,-0.48894092,0.0,0.0,1.0,17.265926
1,C_scene,in_distribution,44,-0.2506541,0.0,0.0,1.0,6.3903947
1,C_scene,in_distribution,45,-0.41492382,0.0,0.0,0.0,15.023381
1,C_scene,in_distribution,46,-0.37130088,0.0,0.0,1.0,8.278576
1,C_scene,in_distribution,47,-0.14813253,0.0,0.0,1.0,6.3595743
1,C_scene,in_distribution,48,-0.5571173,0.0,0.0,1.0,17.621334
1,C_scene,in_distribution,49,-0.33687684,0.0,0.0,0.0,13.760178
1,C_scene,in_distribution,50,-0.21733305,0.0,0.0,1.0,4.2729716
1,C_scene,in_distribution,51,-0.6333602,0.0,0.0,0.0,17.202745
1,C_scene,in_distribution,52,-0.1733312,0.0,0.0,1.0,6.00886
1,C_scene,in_distribution,53,-0.3696379,0.0,0.0,1.0,6.1003275
1,C_scene,in_distribution,54,-0.21078874,0.0,0.0,1.0,7.5145607
1,C_scene,in_distribution,55,-0.44785994,0.0,0.0,0.0,13.183106
1,C_scene,in_distribution,56,-0.09404209,0.0,0.13333333333333333,1.0,8.723002
1,C_scene,in_distribution,57,-0.833061,0.0,0.0,0.0,26.690805
1,C_scene,in_distribution,58,-0.4227849,0.0,0.0,0.0,15.370136
1,C_scene,in_distribution,59,-0.28731254,0.0,0.0,1.0,8.599453
1,C_scene,in_distribution,60,-0.65801746,0.0,0.0,0.0,18.286938
1,C_scene,in_distribution,61,-0.24107336,0.0,0.0,1.0,9.022994
1,C_scene,in_distribution,62,-0.4870459,0.0,0.0,0.0,17.275263
1,C_scene,in_distribution,63,-0.2920513,0.0,0.0,0.0,10.7559395
1,C_scene,in_distribution,64,-0.48658264,0.0,0.0,0.0,13.351575
1,C_scene,in_distribution,65,-0.081351094,0.0,0.0,1.0,3.3765938
1,C_scene,in_distribution,66,-0.122606106,0.0,0.08888888888888889,1.0,7.587237
1,C_scene,in_distribution,67,-0.24194777,0.0,0.0,1.0,9.975215
1,C_scene,in_distribution,68,-0.6646763,0.0,0.0,0.0,12.934154
1,C_scene,in_distribution,69,-0.43307674,0.0,0.0,0.0,14.445358
1,C_scene,in_distribution,70,-0.43770984,0.0,0.0,1.0,15.061071
1,C_scene,in_distribution,71,-0.54386014,0.0,0.0,1.0,14.100843
1,C_scene,in_distribution,72,-0.15630166,0.0,0.044444444444444446,1.0,11.675094
1,C_scene,in_distribution,73,-0.29555526,0.0,0.0,1.0,8.651023
1,C_scene,in_distribution,74,-0.4377896,0.0,0.0,0.0,13.466081
1,C_scene,in_distribution,75,-0.41366035,0.0,0.0,1.0,12.463082
1,C_scene,in_distribution,76,-0.34032023,0.0,0.0,1.0,14.1733465
1,C_scene,in_distribution,77,-0.57865846,0.0,0.0,0.0,18.92979
1,C_scene,in_distribution,78,-0.2840039,0.0,0.0,1.0,7.758547
1,C_scene,in_distribution,79,-0.32978958,0.0,0.0,0.0,12.9995
1,C_scene,in_distribution,80,-0.68321514,0.0,0.0,0.0,22.743872
1,C_scene,in_distribution,81,-0.47392264,0.0,0.0,1.0,13.909443
1,C_scene,in_distribution,82,-0.42030042,0.0,0.0,1.0,7.5636387
1,C_scene,in_distribution,83,-0.71792316,0.0,0.0,0.0,20.671423
1,C_scene,in_distribution,84,-0.47429246,0.0,0.0,0.0,17.510525
1,C_scene,in_distribution,85,-0.707469,0.0,0.0,0.0,20.839705
1,C_scene,in_distribution,86,-0.33803558,0.0,0.0,0.0,9.195004
1,C_scene,in_distribution,87,-0.2002423,0.0,0.0,1.0,6.6821294
1,C_scene,in_distribution,88,-0.24940129,0.0,0.0,1.0,9.38683
1,C_scene,in_distribution,89,-0.40517527,0.0,0.0,0.0,15.578985
1,C_scene,in_distribution,90,-0.5853033,0.0,0.0,0.0,16.871971
1,C_scene,in_distribution,91,-0.8037424,0.0,0.0,0.0,26.03192
1,C_scene,in_distribution,92,-0.3924876,0.0,0.0,0.0,10.504286
1,C_scene,in_distribution,93,-0.5498527,0.0,0.0,0.0,16.974424
1,C_scene,in_distribution,94,-0.34259012,0.0,0.0,1.0,11.0063305
1,C_scene,in_distribution,95,-0.5618331,0.0,0.0,1.0,13.020871
1,C_scene,in_distribution,96,-0.41739327,0.0,0.0,0.0,13.234878
1,C_scene,in_distribution,97,-0.21199481,0.0,0.0,1.0,4.7485933
1,C_scene,in_distribution,98,-0.24280258,0.0,0.0,1.0,7.9474316
1,C_scene,in_distribution,99,-0.5470661,0.0,0.0,0.0,11.260685
1,C_scene,4_distractors,0,-0.29020458,0.0,0.0,1.0,6.7935996
1,C_scene,4_distractors,1,-0.37997133,0.0,0.0,0.0,13.819529
1,C_scene,4_distractors,2,-0.62990904,0.0,0.0,0.0,20.53356
1,C_scene,4_distractors,3,-0.34568623,0.0,0.0,1.0,8.571866
1,C_scene,4_distractors,4,-0.3272839,0.0,0.0,1.0,9.651032
1,C_scene,4_distractors,5,-0.68254244,0.0,0.0,0.0,23.880383
1,C_scene,4_distractors,6,-0.29711646,0.0,0.0,1.0,5.94958
1,C_scene,4_distractors,7,-0.73045444,0.0,0.0,0.0,23.019176
1,C_scene,4_distractors,8,-0.68342996,0.0,0.0,1.0,25.165762
1,C_scene,4_distractors,9,-0.43885633,0.0,0.0,0.0,10.973419
1,C_scene,4_distractors,10,-0.63493913,0.0,0.0,0.0,24.718632
1,C_scene,4_distractors,11,-0.7139569,0.0,0.0,1.0,23.516106
1,C_scene,4_distractors,12,-0.18199104,0.0,0.0,1.0,7.904233
1,C_scene,4_distractors,13,-0.74180657,0.0,0.0,0.0,22.53766
1,C_scene,4_distractors,14,-0.41049096,0.0,0.0,0.0,14.408711
1,C_scene,4_distractors,15,-0.66541433,0.0,0.0,0.0,22.123138
1,C_scene,4_distractors,16,-0.24266033,0.0,0.0,1.0,6.777893
1,C_scene,4_distractors,17,-0.21471773,0.0,0.0,1.0,6.984073
1,C_scene,4_distractors,18,-0.6482217,0.0,0.0,0.0,22.666077
1,C_scene,4_distractors,19,-0.45313874,0.0,0.0,1.0,8.955561
1,C_scene,4_distractors,20,-0.2912656,0.0,0.0,0.0,10.893811
1,C_scene,4_distractors,21,-0.15051322,0.0,0.0,1.0,4.0089097
1,C_scene,4_distractors,22,-0.23509191,0.0,0.0,1.0,9.575026
1,C_scene,4_distractors,23,0.017520946,0.0,0.2,1.0,5.53761
1,C_scene,4_distractors,24,-0.20028593,0.0,0.0,1.0,4.0045333
1,C_scene,4_distractors,25,-0.560505,0.0,0.0,0.0,20.777922
1,C_scene,4_distractors,26,-0.1333364,0.0,0.0,1.0,5.4050055
1,C_scene,4_distractors,27,-0.18132655,0.0,0.0,1.0,4.857695
1,C_scene,4_distractors,28,-0.18928456,0.0,0.0,1.0,4.982212
1,C_scene,4_distractors,29,-0.42725712,0.0,0.0,1.0,15.11657
1,C_scene,4_distractors,30,-0.6579203,0.0,0.0,1.0,22.0045
1,C_scene,4_distractors,31,-0.44974777,0.0,0.0,0.0,12.958697
1,C_scene,4_distractors,32,-0.706071,0.0,0.0,0.0,20.647476
1,C_scene,4_distractors,33,-0.32129335,0.0,0.0,0.0,14.180014
1,C_scene,4_distractors,34,-0.5708192,0.0,0.0,0.0,18.842997
1,C_scene,4_distractors,35,-0.33783954,0.0,0.0,1.0,12.565732
1,C_scene,4_distractors,36,-0.11427814,1.0,0.044444444444444446,1.0,1.4662642
1,C_scene,4_distractors,37,-0.7420165,0.0,0.0,0.0,23.850296
1,C_scene,4_distractors,38,-0.3492809,0.0,0.0,1.0,11.602586
1,C_scene,4_distractors,39,-0.45051572,0.0,0.0,1.0,10.489687
1,C_scene,4_distractors,40,-0.34435025,0.0,0.0,1.0,8.70805
1,C_scene,4_distractors,41,-0.3433539,0.0,0.0,1.0,8.455524
1,C_scene,4_distractors,42,-0.2804095,0.0,0.0,1.0,8.022117
1,C_scene,4_distractors,43,-0.36743727,0.0,0.0,1.0,5.9719296
1,C_scene,4_distractors,44,-0.4206646,0.0,0.0,0.0,11.014832
1,C_scene,4_distractors,45,-0.34546196,0.0,0.0,1.0,10.029953
1,C_scene,4_distractors,46,-0.43086183,0.0,0.0,1.0,7.1953087
1,C_scene,4_distractors,47,-0.1982696,0.0,0.0,1.0,6.397794
1,C_scene,4_distractors,48,-0.3632626,0.0,0.0,1.0,8.822511
1,C_scene,4_distractors,49,-0.3625132,0.0,0.0,0.0,14.1407
1,C_scene,4_distractors,50,-0.15670729,0.0,0.0,1.0,3.9994469
1,C_scene,4_distractors,51,-0.6658986,0.0,0.0,0.0,19.467543
1,C_scene,4_distractors,52,-0.022832971,0.0,0.0,1.0,3.032975
1,C_scene,4_distractors,53,-0.31416637,0.0,0.0,1.0,6.6169696
1,C_scene,4_distractors,54,-0.08569447,0.0,0.0,1.0,4.295791
1,C_scene,4_distractors,55,-0.5622612,0.0,0.0,0.0,18.944834
1,C_scene,4_distractors,56,-0.013459363,0.0,0.2,1.0,9.027244
1,C_scene,4_distractors,57,-0.6903959,0.0,0.0,0.0,22.650593
1,C_scene,4_distractors,58,-0.47068876,0.0,0.0,0.0,17.68712
1,C_scene,4_distractors,59,-0.19331004,0.0,0.0,1.0,2.812629
1,C_scene,4_distractors,60,-0.6063464,0.0,0.0,0.0,16.61383
1,C_scene,4_distractors,61,-0.29236707,0.0,0.0,1.0,10.068985
1,C_scene,4_distractors,62,-0.5060071,0.0,0.0,0.0,19.365387
1,C_scene,4_distractors,63,-0.277037,0.0,0.0,1.0,9.572005
1,C_scene,4_distractors,64,-0.86275566,0.0,0.0,0.0,26.204075
1,C_scene,4_distractors,65,-0.23240848,0.0,0.0,1.0,7.4376698
1,C_scene,4_distractors,66,-0.16066828,0.0,0.08888888888888889,1.0,10.909292
1,C_scene,4_distractors,67,-0.28897062,0.0,0.0,1.0,10.053515
1,C_scene,4_distractors,68,-0.42327526,0.0,0.0,1.0,5.778169
1,C_scene,4_distractors,69,-0.39794752,0.0,0.0,0.0,12.082976
1,C_scene,4_distractors,70,-0.24971123,0.0,0.0,1.0,5.129966
1,C_scene,4_distractors,71,-0.5249997,0.0,0.0,1.0,14.486695
1,C_scene,4_distractors,72,0.052116606,0.0,0.24444444444444444,1.0,6.5010366
1,C_scene,4_distractors,73,-0.29793626,0.0,0.0,1.0,8.380478
1,C_scene,4_distractors,74,-0.52553314,0.0,0.0,0.0,16.90162
1,C_scene,4_distractors,75,-0.44888932,0.0,0.0,1.0,16.398659
1,C_scene,4_distractors,76,-0.22708702,0.0,0.0,1.0,7.3600416
1,C_scene,4_distractors,77,-0.53752446,0.0,0.0,0.0,17.829653
1,C_scene,4_distractors,78,-0.30511647,0.0,0.0,1.0,9.278381
1,C_scene,4_distractors,79,-0.25486073,0.0,0.0,0.0,7.85564
1,C_scene,4_distractors,80,-0.68626684,0.0,0.0,0.0,23.175314
1,C_scene,4_distractors,81,-0.48061582,0.0,0.0,1.0,9.659371
1,C_scene,4_distractors,82,-0.40063044,0.0,0.0,1.0,6.1555867
1,C_scene,4_distractors,83,-0.6918478,0.0,0.0,0.0,21.22688
1,C_scene,4_distractors,84,-0.5227498,0.0,0.0,0.0,20.53529
1,C_scene,4_distractors,85,-0.64526486,0.0,0.0,0.0,18.203588
1,C_scene,4_distractors,86,-0.46806604,0.0,0.0,0.0,15.549065
1,C_scene,4_distractors,87,-0.30465695,0.0,0.0,1.0,9.170562
1,C_scene,4_distractors,88,-0.2009337,0.0,0.0,1.0,7.7640657
1,C_scene,4_distractors,89,-0.30488628,0.0,0.0,0.0,10.629659
1,C_scene,4_distractors,90,-0.640914,0.0,0.0,0.0,20.596123
1,C_scene,4_distractors,91,-0.88619107,0.0,0.0,0.0,30.069248
1,C_scene,4_distractors,92,-0.4287542,0.0,0.0,0.0,13.083241
1,C_scene,4_distractors,93,-0.58551896,0.0,0.0,0.0,19.100548
1,C_scene,4_distractors,94,-0.35020024,0.0,0.0,1.0,12.578844
1,C_scene,4_distractors,95,-0.5571966,0.0,0.0,0.0,16.211369
1,C_scene,4_distractors,96,-0.31430885,0.0,0.0,1.0,5.1684237
1,C_scene,4_distractors,97,-0.40282106,0.0,0.0,0.0,12.631668
1,C_scene,4_distractors,98,-0.21744052,0.0,0.0,1.0,8.560919
1,C_scene,4_distractors,99,-0.6722587,0.0,0.0,0.0,21.084696
1,C_scene,fast_distractors,0,-0.3194289,0.0,0.0,1.0,8.112044
1,C_scene,fast_distractors,1,-0.24603713,0.0,0.0,1.0,6.579782
1,C_scene,fast_distractors,2,-0.6001425,0.0,0.0,0.0,18.246313
1,C_scene,fast_distractors,3,-0.35742438,0.0,0.0,0.0,9.192707
1,C_scene,fast_distractors,4,-0.22697821,0.0,0.0,1.0,6.2471824
1,C_scene,fast_distractors,5,-0.7324108,0.0,0.0,0.0,25.6821
1,C_scene,fast_distractors,6,-0.28530258,0.0,0.0,1.0,6.2822566
1,C_scene,fast_distractors,7,-0.5035623,0.0,0.0,0.0,10.722052
1,C_scene,fast_distractors,8,-0.5194524,0.0,0.0,1.0,16.174915
1,C_scene,fast_distractors,9,-0.40981767,0.0,0.0,0.0,10.704334
1,C_scene,fast_distractors,10,-0.48986974,0.0,0.0,0.0,16.44852
1,C_scene,fast_distractors,11,-0.7097477,0.0,0.0,1.0,24.514715
1,C_scene,fast_distractors,12,-0.24418661,0.0,0.0,0.0,11.444117
1,C_scene,fast_distractors,13,-0.7262435,0.0,0.0,0.0,22.597654
1,C_scene,fast_distractors,14,-0.35511953,0.0,0.0,0.0,11.114872
1,C_scene,fast_distractors,15,-0.6390443,0.0,0.0,0.0,22.9545
1,C_scene,fast_distractors,16,-0.27265084,0.0,0.0,1.0,9.383093
1,C_scene,fast_distractors,17,-0.1625285,0.0,0.0,1.0,5.8495502
1,C_scene,fast_distractors,18,-0.43606195,0.0,0.0,1.0,13.301579
1,C_scene,fast_distractors,19,-0.71112585,0.0,0.0,0.0,20.212698
1,C_scene,fast_distractors,20,-0.24247304,0.0,0.0,0.0,7.7548428
1,C_scene,fast_distractors,21,-0.142918,0.0,0.0,1.0,3.2121425
1,C_scene,fast_distractors,22,-0.26676762,0.0,0.0,0.0,11.587754
1,C_scene,fast_distractors,23,0.08544045,0.0,0.17777777777777778,1.0,2.1046352
1,C_scene,fast_distractors,24,-0.24792416,0.0,0.0,1.0,5.032094
1,C_scene,fast_distractors,25,-0.57565886,0.0,0.0,0.0,20.2659
1,C_scene,fast_distractors,26,-0.059718594,0.0,0.0,1.0,2.1929138
1,C_scene,fast_distractors,27,-0.17007102,0.0,0.0,1.0,7.0199676
1,C_scene,fast_distractors,28,-0.03340395,0.0,0.0,1.0,1.567579
1,C_scene,fast_distractors,29,-0.36514533,0.0,0.0,1.0,12.515038
1,C_scene,fast_distractors,30,-0.5269716,0.0,0.0,1.0,18.152733
1,C_scene,fast_distractors,31,-0.45835677,0.0,0.0,0.0,13.008883
1,C_scene,fast_distractors,32,-0.69040304,0.0,0.0,0.0,21.771238
1,C_scene,fast_distractors,33,-0.32351533,0.0,0.0,0.0,13.179503
1,C_scene,fast_distractors,34,-0.5727072,0.0,0.0,0.0,19.329468
1,C_scene,fast_distractors,35,-0.32397777,0.0,0.0,1.0,13.910546
1,C_scene,fast_distractors,36,-0.2246188,0.0,0.0,1.0,6.8301487
1,C_scene,fast_distractors,37,-0.59953886,0.0,0.0,1.0,9.518077
1,C_scene,fast_distractors,38,-0.37296164,0.0,0.0,0.0,12.205811
1,C_scene,fast_distractors,39,-0.42781028,0.0,0.0,1.0,11.065767
1,C_scene,fast_distractors,40,-0.30347183,0.0,0.0,1.0,4.715783
1,C_scene,fast_distractors,41,-0.20560917,0.0,0.0,1.0,3.1806953
1,C_scene,fast_distractors,42,-0.1560493,0.0,0.0,1.0,3.8677175
1,C_scene,fast_distractors,43,-0.520807,0.0,0.0,0.0,18.39839
1,C_scene,fast_distractors,44,-0.28103802,0.0,0.0,1.0,8.583669
1,C_scene,fast_distractors,45,-0.39985225,0.0,0.0,0.0,13.4624405
1,C_scene,fast_distractors,46,-0.36985728,0.0,0.0,1.0,7.6643214
1,C_scene,fast_distractors,47,-0.14152043,0.0,0.0,1.0,6.3654313
1,C_scene,fast_distractors,48,-0.5540555,0.0,0.0,1.0,17.271454
1,C_scene,fast_distractors,49,-0.31918207,0.0,0.0,0.0,13.351873
1,C_scene,fast_distractors,50,-0.22171225,0.0,0.0,1.0,5.238857
1,C_scene,fast_distractors,51,-0.6586797,0.0,0.0,0.0,18.888828
1,C_scene,fast_distractors,52,-0.18814735,0.0,0.0,1.0,6.2671776
1,C_scene,fast_distractors,53,-0.5098433,0.0,0.0,1.0,14.946636
1,C_scene,fast_distractors,54,-0.2141578,0.0,0.0,1.0,7.575668
1,C_scene,fast_distractors,55,-0.4478589,0.0,0.0,0.0,12.7573595
1,C_scene,fast_distractors,56,-0.089665964,0.0,0.13333333333333333,1.0,8.3805
1,C_scene,fast_distractors,57,-0.82887334,0.0,0.0,0.0,26.623074
1,C_scene,fast_distractors,58,-0.40233856,0.0,0.0,0.0,13.951665
1,C_scene,fast_distractors,59,-0.25400242,0.0,0.0,1.0,4.522455
1,C_scene,fast_distractors,60,-0.6714742,0.0,0.0,0.0,19.173088
1,C_scene,fast_distractors,61,-0.2724702,0.0,0.0,1.0,10.729878
1,C_scene,fast_distractors,62,-0.48971188,0.0,0.0,0.0,17.477402
1,C_scene,fast_distractors,63,-0.28233686,0.0,0.0,0.0,10.728237
1,C_scene,fast_distractors,64,-0.4844115,0.0,0.0,0.0,13.265788
1,C_scene,fast_distractors,65,-0.10423483,0.0,0.0,1.0,4.808211
1,C_scene,fast_distractors,66,-0.051997695,0.0,0.13333333333333333,1.0,7.3553686
1,C_scene,fast_distractors,67,-0.2665545,0.0,0.0,1.0,11.1747465
1,C_scene,fast_distractors,68,-0.61263037,0.0,0.0,0.0,10.099999
1,C_scene,fast_distractors,69,-0.42559132,0.0,0.0,0.0,13.343162
1,C_scene,fast_distractors,70,-0.27694044,0.0,0.0,1.0,5.5612955
1,C_scene,fast_distractors,71,-0.5454877,0.0,0.0,1.0,14.699876
1,C_scene,fast_distractors,72,0.037753962,0.0,0.24444444444444444,1.0,6.2038746
1,C_scene,fast_distractors,73,-0.30545002,0.0,0.0,1.0,9.819304
1,C_scene,fast_distractors,74,-0.44623667,0.0,0.0,0.0,13.464172
1,C_scene,fast_distractors,75,-0.41550437,0.0,0.0,1.0,12.291463
1,C_scene,fast_distractors,76,-0.35891384,0.0,0.0,1.0,14.722049
1,C_scene,fast_distractors,77,-0.55398196,0.0,0.0,0.0,17.97622
1,C_scene,fast_distractors,78,-0.26785156,0.0,0.0,1.0,7.0606575
1,C_scene,fast_distractors,79,-0.28420398,0.0,0.0,0.0,9.5423155
1,C_scene,fast_distractors,80,-0.6776262,0.0,0.0,0.0,22.8187
1,C_scene,fast_distractors,81,-0.43023297,0.0,0.0,1.0,10.964847
1,C_scene,fast_distractors,82,-0.43949297,0.0,0.0,1.0,8.014267
1,C_scene,fast_distractors,83,-0.6586055,0.0,0.0,1.0,18.53717
1,C_scene,fast_distractors,84,-0.46510568,0.0,0.0,0.0,17.252495
1,C_scene,fast_distractors,85,-0.70927167,0.0,0.0,0.0,20.696014
1,C_scene,fast_distractors,86,-0.3627171,0.0,0.0,0.0,10.29441
1,C_scene,fast_distractors,87,-0.1249816,0.0,0.0,1.0,5.0601797
1,C_scene,fast_distractors,88,-0.2237188,0.0,0.0,1.0,7.0141172
1,C_scene,fast_distractors,89,-0.40768614,0.0,0.0,0.0,15.554608
1,C_scene,fast_distractors,90,-0.5788002,0.0,0.0,0.0,16.717382
1,C_scene,fast_distractors,91,-0.78682387,0.0,0.0,0.0,24.847416
1,C_scene,fast_distractors,92,-0.3742822,0.0,0.0,0.0,9.449099
1,C_scene,fast_distractors,93,-0.53981906,0.0,0.0,0.0,16.276794
1,C_scene,fast_distractors,94,-0.30682677,0.0,0.0,1.0,9.745303
1,C_scene,fast_distractors,95,-0.36590356,0.0,0.0,1.0,6.5236363
1,C_scene,fast_distractors,96,-0.43123484,0.0,0.0,0.0,12.267285
1,C_scene,fast_distractors,97,-0.131823,0.0,0.0,1.0,3.3583295
1,C_scene,fast_distractors,98,-0.24237022,0.0,0.0,1.0,7.981652
1,C_scene,fast_distractors,99,-0.4703586,0.0,0.0,1.0,9.065186
1,C_scene,unseen_distractor_hues,0,-0.24370053,0.0,0.0,1.0,3.710965
1,C_scene,unseen_distractor_hues,1,-0.3802237,0.0,0.0,0.0,13.698681
1,C_scene,unseen_distractor_hues,2,-0.60280377,0.0,0.0,0.0,19.506836
1,C_scene,unseen_distractor_hues,3,-0.21584545,0.0,0.0,1.0,3.1097364
1,C_scene,unseen_distractor_hues,4,-0.12698211,0.0,0.0,1.0,4.162181
1,C_scene,unseen_distractor_hues,5,-0.6426556,0.0,0.0,0.0,20.93871
1,C_scene,unseen_distractor_hues,6,-0.29392895,0.0,0.0,1.0,5.884479
1,C_scene,unseen_distractor_hues,7,-0.40303293,0.0,0.0,1.0,6.0701213
1,C_scene,unseen_distractor_hues,8,-0.5227298,0.0,0.0,1.0,16.06351
1,C_scene,unseen_distractor_hues,9,-0.45680204,0.0,0.0,0.0,12.311815
1,C_scene,unseen_distractor_hues,10,-0.47706947,0.0,0.0,0.0,16.545513
1,C_scene,unseen_distractor_hues,11,-0.67882574,0.0,0.0,1.0,22.936056
1,C_scene,unseen_distractor_hues,12,-0.29252097,0.0,0.0,0.0,13.39873
1,C_scene,unseen_distractor_hues,13,-0.7290411,0.0,0.0,0.0,23.797413
1,C_scene,unseen_distractor_hues,14,-0.3935588,0.0,0.0,0.0,12.135413
1,C_scene,unseen_distractor_hues,15,-0.632781,0.0,0.0,0.0,22.73136
1,C_scene,unseen_distractor_hues,16,-0.2941811,0.0,0.0,1.0,10.496736
1,C_scene,unseen_distractor_hues,17,-0.2174551,0.0,0.0,1.0,6.317775
1,C_scene,unseen_distractor_hues,18,-0.46844986,0.0,0.0,1.0,15.232027
1,C_scene,unseen_distractor_hues,19,-0.6501357,0.0,0.0,0.0,15.988499
1,C_scene,unseen_distractor_hues,20,-0.36920777,0.0,0.0,0.0,13.966865
1,C_scene,unseen_distractor_hues,21,-0.14738512,0.0,0.0,1.0,5.1351957
1,C_scene,unseen_distractor_hues,22,-0.29250827,0.0,0.0,1.0,12.281593
1,C_scene,unseen_distractor_hues,23,0.10907035,0.0,0.28888888888888886,1.0,2.7298017
1,C_scene,unseen_distractor_hues,24,-0.2512714,0.0,0.0,0.0,5.914913
1,C_scene,unseen_distractor_hues,25,-0.57066894,0.0,0.0,0.0,20.57629
1,C_scene,unseen_distractor_hues,26,-0.12814441,0.0,0.0,1.0,3.5806003
1,C_scene,unseen_distractor_hues,27,-0.15292183,0.0,0.0,1.0,6.2832623
1,C_scene,unseen_distractor_hues,28,0.037525713,0.0,0.2222222222222222,1.0,4.757573
1,C_scene,unseen_distractor_hues,29,-0.39450705,0.0,0.0,1.0,13.945179
1,C_scene,unseen_distractor_hues,30,-0.4487446,0.0,0.0,1.0,11.970235
1,C_scene,unseen_distractor_hues,31,-0.45091552,0.0,0.0,0.0,14.160135
1,C_scene,unseen_distractor_hues,32,-0.7103808,0.0,0.0,0.0,22.677807
1,C_scene,unseen_distractor_hues,33,-0.2897636,0.0,0.0,0.0,11.918433
1,C_scene,unseen_distractor_hues,34,-0.4964687,0.0,0.0,0.0,16.139843
1,C_scene,unseen_distractor_hues,35,-0.37464425,0.0,0.0,1.0,16.124628
1,C_scene,unseen_distractor_hues,36,-0.17984395,0.0,0.0,1.0,5.299554
1,C_scene,unseen_distractor_hues,37,-0.60387117,0.0,0.0,0.0,15.691886
1,C_scene,unseen_distractor_hues,38,-0.38851106,0.0,0.0,0.0,13.559164
1,C_scene,unseen_distractor_hues,39,-0.40749258,0.0,0.0,1.0,11.392181
1,C_scene,unseen_distractor_hues,40,-0.24145512,1.0,0.08888888888888889,1.0,0.6372422
1,C_scene,unseen_distractor_hues,41,-0.33031622,0.0,0.0,1.0,8.484571
1,C_scene,unseen_distractor_hues,42,-0.027001245,0.0,0.0,1.0,1.7145663
1,C_scene,unseen_distractor_hues,43,-0.5105648,0.0,0.0,0.0,18.32181
1,C_scene,unseen_distractor_hues,44,-0.27967235,0.0,0.0,1.0,8.062509
1,C_scene,unseen_distractor_hues,45,-0.37960544,0.0,0.0,0.0,11.991046
1,C_scene,unseen_distractor_hues,46,-0.35149145,0.0,0.0,1.0,7.5201607
1,C_scene,unseen_distractor_hues,47,-0.13958342,0.0,0.0,1.0,6.2335496
1,C_scene,unseen_distractor_hues,48,-0.56428957,0.0,0.0,1.0,16.47407
1,C_scene,unseen_distractor_hues,49,-0.4304951,0.0,0.0,0.0,17.446548
1,C_scene,unseen_distractor_hues,50,-0.20379743,0.0,0.0,1.0,4.2756023
1,C_scene,unseen_distractor_hues,51,-0.62329763,0.0,0.0,0.0,16.636065
1,C_scene,unseen_distractor_hues,52,-0.13969843,0.0,0.0,1.0,5.7931304
1,C_scene,unseen_distractor_hues,53,-0.56086314,0.0,0.0,1.0,15.49464
1,C_scene,unseen_distractor_hues,54,-0.14536467,0.0,0.0,1.0,4.3738074
1,C_scene,unseen_distractor_hues,55,-0.45060322,0.0,0.0,0.0,13.295803
1,C_scene,unseen_distractor_hues,56,-0.08189661,0.0,0.15555555555555556,1.0,9.136005
1,C_scene,unseen_distractor_hues,57,-0.836233,0.0,0.0,0.0,27.072422
1,C_scene,unseen_distractor_hues,58,-0.4191295,0.0,0.0,0.0,15.488749
1,C_scene,unseen_distractor_hues,59,-0.30480656,0.0,0.0,1.0,10.027505
1,C_scene,unseen_distractor_hues,60,-0.47398394,0.0,0.0,1.0,8.256968
1,C_scene,unseen_distractor_hues,61,-0.26379192,0.0,0.0,1.0,8.903222
1,C_scene,unseen_distractor_hues,62,-0.46728027,0.0,0.0,1.0,16.49816
1,C_scene,unseen_distractor_hues,63,-0.27827254,0.0,0.0,0.0,9.471346
1,C_scene,unseen_distractor_hues,64,-0.45997277,0.0,0.0,1.0,12.377225
1,C_scene,unseen_distractor_hues,65,0.00452723,0.0,0.0,1.0,2.3010528
1,C_scene,unseen_distractor_hues,66,-0.08703374,0.0,0.1111111111111111,1.0,7.5076504
1,C_scene,unseen_distractor_hues,67,-0.26254383,0.0,0.0,1.0,10.704363
1,C_scene,unseen_distractor_hues,68,-0.25822607,0.0,0.17777777777777778,1.0,2.1174202
1,C_scene,unseen_distractor_hues,69,-0.39398172,0.0,0.0,1.0,12.998382
1,C_scene,unseen_distractor_hues,70,-0.45824942,0.0,0.0,1.0,16.193027
1,C_scene,unseen_distractor_hues,71,-0.47151875,0.0,0.0,1.0,12.469247
1,C_scene,unseen_distractor_hues,72,-0.09782346,0.0,0.0,1.0,8.025489
1,C_scene,unseen_distractor_hues,73,-0.24070214,0.0,0.0,1.0,5.5944657
1,C_scene,unseen_distractor_hues,74,-0.44185647,0.0,0.0,0.0,13.578226
1,C_scene,unseen_distractor_hues,75,-0.40435597,0.0,0.0,1.0,11.993205
1,C_scene,unseen_distractor_hues,76,-0.26429936,0.0,0.0,0.0,11.354964
1,C_scene,unseen_distractor_hues,77,-0.42941612,0.0,0.0,1.0,12.111161
1,C_scene,unseen_distractor_hues,78,-0.2746264,0.0,0.0,1.0,8.162362
1,C_scene,unseen_distractor_hues,79,-0.30413204,0.0,0.0,0.0,12.283652
1,C_scene,unseen_distractor_hues,80,-0.7212823,0.0,0.0,0.0,22.31066
1,C_scene,unseen_distractor_hues,81,-0.47509596,0.0,0.0,1.0,14.037719
1,C_scene,unseen_distractor_hues,82,-0.41734272,0.0,0.0,1.0,9.325148
1,C_scene,unseen_distractor_hues,83,-0.74797195,0.0,0.0,0.0,21.985102
1,C_scene,unseen_distractor_hues,84,-0.5231811,0.0,0.0,0.0,19.524908
1,C_scene,unseen_distractor_hues,85,-0.6857782,0.0,0.0,0.0,19.915659
1,C_scene,unseen_distractor_hues,86,-0.3318261,0.0,0.0,0.0,9.56612
1,C_scene,unseen_distractor_hues,87,-0.2425344,0.0,0.0,1.0,6.1541905
1,C_scene,unseen_distractor_hues,88,-0.23363233,0.0,0.0,1.0,8.78967
1,C_scene,unseen_distractor_hues,89,-0.33798394,0.0,0.0,0.0,14.304957
1,C_scene,unseen_distractor_hues,90,-0.61027324,0.0,0.0,0.0,17.675934
1,C_scene,unseen_distractor_hues,91,-0.8010262,0.0,0.0,0.0,25.387222
1,C_scene,unseen_distractor_hues,92,-0.29348987,0.0,0.0,1.0,9.116269
1,C_scene,unseen_distractor_hues,93,-0.55657095,0.0,0.0,0.0,17.327509
1,C_scene,unseen_distractor_hues,94,-0.25110412,0.0,0.0,1.0,9.448847
1,C_scene,unseen_distractor_hues,95,-0.35576338,0.0,0.0,1.0,4.857079
1,C_scene,unseen_distractor_hues,96,-0.5970985,0.0,0.0,0.0,18.864151
1,C_scene,unseen_distractor_hues,97,-0.35892376,0.0,0.0,1.0,8.471121
1,C_scene,unseen_distractor_hues,98,-0.24157086,0.0,0.0,1.0,7.824377
1,C_scene,unseen_distractor_hues,99,-0.5628166,0.0,0.0,0.0,13.9699545
1,C_scene,heavy_pixel_noise,0,-0.28859457,0.0,0.0,1.0,6.8039923
1,C_scene,heavy_pixel_noise,1,-0.26722908,0.0,0.0,1.0,8.0643425
1,C_scene,heavy_pixel_noise,2,-0.6243997,0.0,0.0,0.0,19.783918
1,C_scene,heavy_pixel_noise,3,-0.38030842,0.0,0.0,0.0,10.699853
1,C_scene,heavy_pixel_noise,4,-0.32043126,0.0,0.0,1.0,8.346463
1,C_scene,heavy_pixel_noise,5,-0.5816558,0.0,0.0,0.0,14.61956
1,C_scene,heavy_pixel_noise,6,-0.36875942,0.0,0.0,1.0,9.520048
1,C_scene,heavy_pixel_noise,7,-0.5796015,0.0,0.0,0.0,17.407028
1,C_scene,heavy_pixel_noise,8,-0.492783,0.0,0.0,1.0,16.878693
1,C_scene,heavy_pixel_noise,9,-0.41005006,0.0,0.0,0.0,10.183756
1,C_scene,heavy_pixel_noise,10,-0.60038465,0.0,0.0,0.0,21.923437
1,C_scene,heavy_pixel_noise,11,-0.67998624,0.0,0.0,0.0,22.347576
1,C_scene,heavy_pixel_noise,12,-0.34390485,0.0,0.0,0.0,18.655462
1,C_scene,heavy_pixel_noise,13,-0.7762821,0.0,0.0,0.0,25.374931
1,C_scene,heavy_pixel_noise,14,-0.3934997,0.0,0.0,0.0,13.473663
1,C_scene,heavy_pixel_noise,15,-0.49970287,0.0,0.0,0.0,15.76776
1,C_scene,heavy_pixel_noise,16,-0.24963152,0.0,0.0,1.0,6.428324
1,C_scene,heavy_pixel_noise,17,-0.11465939,0.0,0.0,1.0,3.770949
1,C_scene,heavy_pixel_noise,18,-0.4371148,0.0,0.0,0.0,13.835035
1,C_scene,heavy_pixel_noise,19,-0.6631865,0.0,0.0,0.0,19.170053
1,C_scene,heavy_pixel_noise,20,-0.27897498,0.0,0.0,0.0,10.213009
1,C_scene,heavy_pixel_noise,21,-0.19126426,0.0,0.0,1.0,5.407478
1,C_scene,heavy_pixel_noise,22,-0.22059922,0.0,0.0,1.0,9.330786
1,C_scene,heavy_pixel_noise,23,-0.04892997,0.0,0.0,1.0,4.5636597
1,C_scene,heavy_pixel_noise,24,-0.31992272,0.0,0.0,1.0,7.7829266
1,C_scene,heavy_pixel_noise,25,-0.5652286,0.0,0.0,0.0,20.376339
1,C_scene,heavy_pixel_noise,26,0.096428,1.0,0.15555555555555556,1.0,1.2294114
1,C_scene,heavy_pixel_noise,27,-0.103580855,0.0,0.0,1.0,3.5591023
1,C_scene,heavy_pixel_noise,28,-0.17449774,0.0,0.0,1.0,5.8382335
1,C_scene,heavy_pixel_noise,29,-0.37763333,0.0,0.0,0.0,13.638858
1,C_scene,heavy_pixel_noise,30,-0.5552256,0.0,0.0,1.0,18.52223
1,C_scene,heavy_pixel_noise,31,-0.45056772,0.0,0.0,0.0,12.163007
1,C_scene,heavy_pixel_noise,32,-0.61239046,0.0,0.0,0.0,18.137989
1,C_scene,heavy_pixel_noise,33,-0.31805325,0.0,0.0,0.0,13.623359
1,C_scene,heavy_pixel_noise,34,-0.52823395,0.0,0.0,0.0,15.863443
1,C_scene,heavy_pixel_noise,35,-0.3332371,0.0,0.0,1.0,13.942187
1,C_scene,heavy_pixel_noise,36,-0.19639432,0.0,0.0,1.0,6.1085434
1,C_scene,heavy_pixel_noise,37,-0.59009045,0.0,0.0,1.0,13.367554
1,C_scene,heavy_pixel_noise,38,-0.35522446,0.0,0.0,1.0,10.874147
1,C_scene,heavy_pixel_noise,39,-0.5149098,0.0,0.0,0.0,14.237204
1,C_scene,heavy_pixel_noise,40,-0.33209231,0.0,0.0,1.0,3.3787107
1,C_scene,heavy_pixel_noise,41,-0.3357265,0.0,0.0,1.0,8.560752
1,C_scene,heavy_pixel_noise,42,-0.16245642,0.0,0.0,1.0,3.0831602
1,C_scene,heavy_pixel_noise,43,-0.47394454,0.0,0.0,1.0,16.51106
1,C_scene,heavy_pixel_noise,44,-0.3832425,0.0,0.0,0.0,10.529355
1,C_scene,heavy_pixel_noise,45,-0.406282,0.0,0.0,1.0,14.526672
1,C_scene,heavy_pixel_noise,46,-0.39272812,0.0,0.0,1.0,8.513517
1,C_scene,heavy_pixel_noise,47,-0.17503905,0.0,0.0,1.0,7.157362
1,C_scene,heavy_pixel_noise,48,-0.58997357,0.0,0.0,1.0,19.144361
1,C_scene,heavy_pixel_noise,49,-0.32987276,0.0,0.0,0.0,13.01036
1,C_scene,heavy_pixel_noise,50,-0.19576809,0.0,0.0,1.0,3.5609326
1,C_scene,heavy_pixel_noise,51,-0.5528844,0.0,0.0,0.0,10.99175
1,C_scene,heavy_pixel_noise,52,-0.058687113,0.0,0.0,1.0,6.052051
1,C_scene,heavy_pixel_noise,53,-0.55187833,0.0,0.0,1.0,15.919658
1,C_scene,heavy_pixel_noise,54,-0.14666694,0.0,0.0,1.0,4.515556
1,C_scene,heavy_pixel_noise,55,-0.5344846,0.0,0.0,0.0,15.9759
1,C_scene,heavy_pixel_noise,56,-0.07093207,0.0,0.15555555555555556,1.0,8.953944
1,C_scene,heavy_pixel_noise,57,-0.83643925,0.0,0.0,0.0,27.322422
1,C_scene,heavy_pixel_noise,58,-0.4105644,0.0,0.0,0.0,14.909935
1,C_scene,heavy_pixel_noise,59,-0.5311996,0.0,0.0,0.0,20.030056
1,C_scene,heavy_pixel_noise,60,-0.66413975,0.0,0.0,0.0,19.678875
1,C_scene,heavy_pixel_noise,61,-0.28372905,0.0,0.0,1.0,8.191149
1,C_scene,heavy_pixel_noise,62,-0.47134542,0.0,0.0,1.0,17.001556
1,C_scene,heavy_pixel_noise,63,-0.2966766,0.0,0.0,0.0,11.547357
1,C_scene,heavy_pixel_noise,64,-0.4926006,0.0,0.0,0.0,14.028982
1,C_scene,heavy_pixel_noise,65,-0.09355843,0.0,0.0,1.0,2.7226584
1,C_scene,heavy_pixel_noise,66,-0.14513323,0.0,0.0,1.0,8.418173
1,C_scene,heavy_pixel_noise,67,-0.2556837,0.0,0.0,1.0,10.397867
1,C_scene,heavy_pixel_noise,68,-0.6346125,0.0,0.0,0.0,11.657027
1,C_scene,heavy_pixel_noise,69,-0.4514812,0.0,0.0,0.0,14.913417
1,C_scene,heavy_pixel_noise,70,-0.31730637,0.0,0.0,1.0,9.327568
1,C_scene,heavy_pixel_noise,71,-0.6128024,0.0,0.0,1.0,17.27168
1,C_scene,heavy_pixel_noise,72,-0.20803,0.0,0.0,0.0,9.261075
1,C_scene,heavy_pixel_noise,73,-0.31645286,0.0,0.0,1.0,10.812864
1,C_scene,heavy_pixel_noise,74,-0.5158352,0.0,0.0,0.0,16.505724
1,C_scene,heavy_pixel_noise,75,-0.43265542,0.0,0.0,1.0,14.075847
1,C_scene,heavy_pixel_noise,76,-0.27940014,0.0,0.0,0.0,11.875793
1,C_scene,heavy_pixel_noise,77,-0.7075978,0.0,0.0,0.0,24.971252
1,C_scene,heavy_pixel_noise,78,-0.28933057,0.0,0.0,1.0,9.597952
1,C_scene,heavy_pixel_noise,79,-0.2133999,0.0,0.0,1.0,7.253743
1,C_scene,heavy_pixel_noise,80,-0.6857002,0.0,0.0,0.0,21.347166
1,C_scene,heavy_pixel_noise,81,-0.5000701,0.0,0.0,1.0,14.493956
1,C_scene,heavy_pixel_noise,82,-0.5503472,0.0,0.0,1.0,16.355192
1,C_scene,heavy_pixel_noise,83,-0.6532943,0.0,0.0,1.0,18.84616
1,C_scene,heavy_pixel_noise,84,-0.4658391,0.0,0.0,1.0,17.703787
1,C_scene,heavy_pixel_noise,85,-0.749419,0.0,0.0,0.0,22.957264
1,C_scene,heavy_pixel_noise,86,-0.399223,0.0,0.0,0.0,12.164494
1,C_scene,heavy_pixel_noise,87,-0.2207399,0.0,0.0,1.0,7.268242
1,C_scene,heavy_pixel_noise,88,-0.19533347,0.0,0.0,1.0,6.773142
1,C_scene,heavy_pixel_noise,89,-0.42972377,0.0,0.0,0.0,15.904819
1,C_scene,heavy_pixel_noise,90,-0.63851506,0.0,0.0,0.0,19.670486
1,C_scene,heavy_pixel_noise,91,-0.7627749,0.0,0.0,0.0,24.784395
1,C_scene,heavy_pixel_noise,92,-0.43760574,0.0,0.0,0.0,13.897783
1,C_scene,heavy_pixel_noise,93,-0.49947384,0.0,0.0,0.0,14.518416
1,C_scene,heavy_pixel_noise,94,-0.38108352,0.0,0.0,1.0,16.751356
1,C_scene,heavy_pixel_noise,95,-0.4738568,0.0,0.0,1.0,8.959691
1,C_scene,heavy_pixel_noise,96,-0.34098312,0.0,0.0,1.0,10.761695
1,C_scene,heavy_pixel_noise,97,-0.30247787,0.0,0.0,1.0,6.857449
1,C_scene,heavy_pixel_noise,98,-0.11473152,0.0,0.08888888888888889,1.0,4.760063
1,C_scene,heavy_pixel_noise,99,-0.6297889,0.0,0.0,0.0,19.140911
1,D_latent,in_distribution,0,0.15232778,1.0,0.5333333333333333,1.0,0.9267391
1,D_latent,in_distribution,1,0.055537175,1.0,0.4,1.0,1.4263496
1,D_latent,in_distribution,2,-0.06882538,1.0,0.4,1.0,1.2583337
1,D_latent,in_distribution,3,-0.093008526,0.0,0.0,1.0,2.8507454
1,D_latent,in_distribution,4,-0.049809746,0.0,0.0,1.0,2.5211916
1,D_latent,in_distribution,5,-0.39452544,0.0,0.0,1.0,9.257571
1,D_latent,in_distribution,6,-0.047925513,0.0,0.15555555555555556,1.0,3.7170506
1,D_latent,in_distribution,7,-0.046514846,0.0,0.37777777777777777,1.0,1.5858856
1,D_latent,in_distribution,8,-0.27314577,0.0,0.0,1.0,6.0625696
1,D_latent,in_distribution,9,-0.35529786,0.0,0.0,1.0,10.896199
1,D_latent,in_distribution,10,-0.11534266,0.0,0.0,1.0,2.3454962
1,D_latent,in_distribution,11,-0.36504734,0.0,0.0,1.0,4.8167577
1,D_latent,in_distribution,12,-0.21825004,0.0,0.0,1.0,9.940301
1,D_latent,in_distribution,13,-0.38824102,0.0,0.0,1.0,5.265898
1,D_latent,in_distribution,14,0.046487045,1.0,0.35555555555555557,1.0,0.7931892
1,D_latent,in_distribution,15,-0.32991827,0.0,0.0,1.0,4.3965583
1,D_latent,in_distribution,16,-0.1943812,0.0,0.0,1.0,6.691635
1,D_latent,in_distribution,17,-0.17561293,0.0,0.0,1.0,6.8978443
1,D_latent,in_distribution,18,-0.2347621,0.0,0.0,1.0,4.5285273
1,D_latent,in_distribution,19,-0.2894561,0.0,0.0,1.0,6.3045764
1,D_latent,in_distribution,20,-0.2509553,0.0,0.0,0.0,8.099952
1,D_latent,in_distribution,21,-0.13020855,0.0,0.0,1.0,5.101797
1,D_latent,in_distribution,22,-0.12807776,0.0,0.0,1.0,4.24769
1,D_latent,in_distribution,23,-0.06945869,0.0,0.1111111111111111,1.0,6.412935
1,D_latent,in_distribution,24,-0.08485161,0.0,0.1111111111111111,1.0,5.808009
1,D_latent,in_distribution,25,-0.24158452,0.0,0.0,1.0,3.6969485
1,D_latent,in_distribution,26,-0.045255713,0.0,0.0,1.0,3.14532
1,D_latent,in_distribution,27,-0.101788454,0.0,0.0,1.0,4.381394
1,D_latent,in_distribution,28,-0.069115065,0.0,0.0,1.0,4.7917542
1,D_latent,in_distribution,29,-0.24589221,0.0,0.0,1.0,6.1997266
1,D_latent,in_distribution,30,-0.25602078,0.0,0.0,1.0,4.8117776
1,D_latent,in_distribution,31,-0.14007758,0.0,0.0,1.0,3.7591195
1,D_latent,in_distribution,32,-0.20886402,0.0,0.022222222222222223,1.0,3.1864371
1,D_latent,in_distribution,33,-0.27802527,0.0,0.0,1.0,9.760613
1,D_latent,in_distribution,34,0.088176966,1.0,0.5333333333333333,1.0,0.6594952
1,D_latent,in_distribution,35,-0.2942425,0.0,0.0,1.0,11.55868
1,D_latent,in_distribution,36,-0.18962051,0.0,0.0,1.0,6.5535884
1,D_latent,in_distribution,37,-0.23123796,0.0,0.0,1.0,2.4042065
1,D_latent,in_distribution,38,-0.25585148,0.0,0.0,1.0,7.48811
1,D_latent,in_distribution,39,-0.12465309,0.0,0.06666666666666667,1.0,2.7943246
1,D_latent,in_distribution,40,-0.084125176,0.0,0.0,1.0,2.2847261
1,D_latent,in_distribution,41,-0.1722766,0.0,0.0,1.0,4.8329196
1,D_latent,in_distribution,42,-0.21725832,0.0,0.0,1.0,6.194846
1,D_latent,in_distribution,43,-0.23009068,0.0,0.0,1.0,4.828384
1,D_latent,in_distribution,44,-0.29701522,0.0,0.0,1.0,10.137881
1,D_latent,in_distribution,45,-0.20234634,0.0,0.0,1.0,4.542035
1,D_latent,in_distribution,46,-0.15912902,0.0,0.0,1.0,1.7586133
1,D_latent,in_distribution,47,-0.18808787,0.0,0.0,1.0,7.5612493
1,D_latent,in_distribution,48,-0.32714334,0.0,0.0,1.0,6.556636
1,D_latent,in_distribution,49,-0.2723257,0.0,0.0,1.0,10.129715
1,D_latent,in_distribution,50,-0.17803693,0.0,0.0,1.0,5.838259
1,D_latent,in_distribution,51,-0.34620237,0.0,0.0,1.0,3.3384957
1,D_latent,in_distribution,52,-0.12674752,0.0,0.0,1.0,4.4643435
1,D_latent,in_distribution,53,-0.2475199,0.0,0.0,1.0,4.991746
1,D_latent,in_distribution,54,-0.035875354,0.0,0.0,1.0,3.4486995
1,D_latent,in_distribution,55,-0.21987809,0.0,0.0,1.0,4.021683
1,D_latent,in_distribution,56,0.037709817,0.0,0.17777777777777778,1.0,3.2913847
1,D_latent,in_distribution,57,-0.42966563,0.0,0.0,1.0,7.72957
1,D_latent,in_distribution,58,-0.17694625,0.0,0.0,1.0,3.5233176
1,D_latent,in_distribution,59,-0.31783676,0.0,0.0,0.0,8.478116
1,D_latent,in_distribution,60,-0.37859854,0.0,0.0,1.0,6.2603273
1,D_latent,in_distribution,61,-0.27310044,0.0,0.0,1.0,8.699971
1,D_latent,in_distribution,62,-0.23838569,0.0,0.0,1.0,4.5688744
1,D_latent,in_distribution,63,-0.2622981,0.0,0.0,1.0,11.291926
1,D_latent,in_distribution,64,-0.33357865,0.0,0.0,1.0,8.987258
1,D_latent,in_distribution,65,0.14850834,0.0,0.26666666666666666,1.0,2.0618591
1,D_latent,in_distribution,66,-0.09340121,0.0,0.08888888888888889,1.0,7.003842
1,D_latent,in_distribution,67,-0.08536778,0.0,0.1111111111111111,1.0,8.287162
1,D_latent,in_distribution,68,-0.38514677,0.0,0.0,1.0,7.6307
1,D_latent,in_distribution,69,-0.090242885,0.0,0.0,1.0,2.0153265
1,D_latent,in_distribution,70,0.13141696,0.0,0.4,1.0,2.221203
1,D_latent,in_distribution,71,-0.32318932,0.0,0.0,1.0,5.930766
1,D_latent,in_distribution,72,0.002487654,0.0,0.15555555555555556,1.0,4.358849
1,D_latent,in_distribution,73,-0.2702641,0.0,0.0,1.0,7.8500333
1,D_latent,in_distribution,74,-0.13415426,0.0,0.0,1.0,3.2511084
1,D_latent,in_distribution,75,-0.10101842,0.0,0.0,1.0,3.4493897
1,D_latent,in_distribution,76,-0.19896497,0.0,0.0,1.0,4.9605465
1,D_latent,in_distribution,77,-0.23576003,0.0,0.0,1.0,2.5518775
1,D_latent,in_distribution,78,-0.2660011,0.0,0.0,1.0,7.2358847
1,D_latent,in_distribution,79,-0.16450132,0.0,0.0,1.0,3.8485396
1,D_latent,in_distribution,80,-0.17109719,1.0,0.24444444444444444,1.0,0.9468651
1,D_latent,in_distribution,81,-0.3326778,0.0,0.0,1.0,9.137166
1,D_latent,in_distribution,82,-0.32776138,0.0,0.0,1.0,8.182104
1,D_latent,in_distribution,83,-0.43863228,0.0,0.0,1.0,7.273381
1,D_latent,in_distribution,84,-0.40130538,0.0,0.0,1.0,14.311262
1,D_latent,in_distribution,85,-0.41851267,0.0,0.0,1.0,8.122539
1,D_latent,in_distribution,86,-0.19835114,0.0,0.0,1.0,5.1621137
1,D_latent,in_distribution,87,-0.14607084,0.0,0.0,1.0,4.7727604
1,D_latent,in_distribution,88,-0.15388021,0.0,0.0,1.0,4.2413206
1,D_latent,in_distribution,89,-0.17975655,0.0,0.0,1.0,6.706706
1,D_latent,in_distribution,90,-0.20585407,0.0,0.0,1.0,3.1220436
1,D_latent,in_distribution,91,-0.40497652,0.0,0.0,1.0,7.0574346
1,D_latent,in_distribution,92,-0.0012364525,0.0,0.15555555555555556,1.0,2.9599762
1,D_latent,in_distribution,93,-0.28304914,0.0,0.0,1.0,6.7076755
1,D_latent,in_distribution,94,-0.25290412,0.0,0.0,1.0,9.20099
1,D_latent,in_distribution,95,-0.2598479,0.0,0.0,1.0,4.6724195
1,D_latent,in_distribution,96,-0.1930908,0.0,0.0,1.0,3.2638886
1,D_latent,in_distribution,97,-0.08533046,0.0,0.1111111111111111,1.0,4.26995
1,D_latent,in_distribution,98,0.16362016,0.0,0.35555555555555557,1.0,2.4337137
1,D_latent,in_distribution,99,-0.16009699,0.0,0.1111111111111111,1.0,4.2378616
1,D_latent,4_distractors,0,0.048956104,0.0,0.0,1.0,1.9497074
1,D_latent,4_distractors,1,0.050405353,1.0,0.4,1.0,1.4253651
1,D_latent,4_distractors,2,-0.057537872,1.0,0.37777777777777777,1.0,1.0216992
1,D_latent,4_distractors,3,-0.27437645,0.0,0.0,1.0,8.20783
1,D_latent,4_distractors,4,-0.15109053,0.0,0.0,1.0,5.1452765
1,D_latent,4_distractors,5,-0.38537818,0.0,0.0,1.0,8.705343
1,D_latent,4_distractors,6,-0.00073169335,0.0,0.17777777777777778,1.0,2.987597
1,D_latent,4_distractors,7,-0.14652582,0.0,0.022222222222222223,1.0,2.6903312
1,D_latent,4_distractors,8,-0.24126114,0.0,0.0,1.0,5.126553
1,D_latent,4_distractors,9,-0.23955446,0.0,0.0,1.0,5.1382256
1,D_latent,4_distractors,10,-0.10291303,0.0,0.044444444444444446,1.0,2.3097305
1,D_latent,4_distractors,11,-0.38045362,0.0,0.0,1.0,6.074362
1,D_latent,4_distractors,12,-0.21670638,0.0,0.0,1.0,10.040132
1,D_latent,4_distractors,13,-0.38754672,0.0,0.0,1.0,5.3202806
1,D_latent,4_distractors,14,-0.12720233,0.0,0.0,1.0,2.3316374
1,D_latent,4_distractors,15,-0.40229365,0.0,0.0,1.0,10.124094
1,D_latent,4_distractors,16,-0.18214357,0.0,0.0,1.0,6.3595295
1,D_latent,4_distractors,17,-0.17586811,0.0,0.0,1.0,6.802519
1,D_latent,4_distractors,18,-0.2609764,0.0,0.0,1.0,5.5836573
1,D_latent,4_distractors,19,-0.24113812,0.0,0.0,1.0,5.2334228
1,D_latent,4_distractors,20,-0.24761239,0.0,0.0,0.0,7.8933525
1,D_latent,4_distractors,21,-0.14871243,0.0,0.0,1.0,5.750763
1,D_latent,4_distractors,22,-0.14468206,0.0,0.0,1.0,4.274785
1,D_latent,4_distractors,23,-0.07252659,0.0,0.1111111111111111,1.0,6.157168
1,D_latent,4_distractors,24,-0.057149023,0.0,0.13333333333333333,1.0,4.965868
1,D_latent,4_distractors,25,-0.19218314,0.0,0.0,1.0,2.7122488
1,D_latent,4_distractors,26,-0.18095168,0.0,0.0,0.0,7.433801
1,D_latent,4_distractors,27,0.01994896,0.0,0.06666666666666667,1.0,2.9006078
1,D_latent,4_distractors,28,-0.16766411,0.0,0.0,1.0,6.3918934
1,D_latent,4_distractors,29,-0.24363276,0.0,0.0,1.0,6.0699005
1,D_latent,4_distractors,30,-0.26443058,0.0,0.0,1.0,5.434001
1,D_latent,4_distractors,31,-0.1774524,0.0,0.0,1.0,4.135494
1,D_latent,4_distractors,32,-0.21590683,0.0,0.0,1.0,3.3113163
1,D_latent,4_distractors,33,-0.27100316,0.0,0.0,1.0,9.506957
1,D_latent,4_distractors,34,0.003587762,1.0,0.3333333333333333,1.0,0.43644872
1,D_latent,4_distractors,35,-0.27761495,0.0,0.0,1.0,10.792843
1,D_latent,4_distractors,36,-0.20297246,0.0,0.0,1.0,8.650287
1,D_latent,4_distractors,37,-0.23791103,0.0,0.0,1.0,2.4620206
1,D_latent,4_distractors,38,-0.32878828,0.0,0.0,1.0,10.537624
1,D_latent,4_distractors,39,-0.16684482,0.0,0.0,1.0,2.7720237
1,D_latent,4_distractors,40,-0.09322593,0.0,0.0,1.0,2.24332
1,D_latent,4_distractors,41,-0.10829577,0.0,0.0,1.0,4.4849715
1,D_latent,4_distractors,42,-0.19753128,0.0,0.0,1.0,5.4002357
1,D_latent,4_distractors,43,-0.20513494,0.0,0.0,1.0,3.7222874
1,D_latent,4_distractors,44,-0.3210545,0.0,0.0,1.0,11.641825
1,D_latent,4_distractors,45,-0.21112788,0.0,0.0,1.0,5.1529236
1,D_latent,4_distractors,46,-0.26175398,0.0,0.0,1.0,3.0759952
1,D_latent,4_distractors,47,-0.19181837,0.0,0.0,1.0,7.737331
1,D_latent,4_distractors,48,-0.3881229,0.0,0.0,1.0,9.433064
1,D_latent,4_distractors,49,-0.2697518,0.0,0.0,1.0,9.947478
1,D_latent,4_distractors,50,-0.20155506,0.0,0.0,1.0,6.911583
1,D_latent,4_distractors,51,-0.3527822,0.0,0.0,1.0,3.1122315
1,D_latent,4_distractors,52,-0.09642505,0.0,0.0,1.0,3.6843991
1,D_latent,4_distractors,53,-0.1964003,0.0,0.0,1.0,4.67035
1,D_latent,4_distractors,54,0.060168467,0.0,0.0,1.0,3.231566
1,D_latent,4_distractors,55,-0.2187901,0.0,0.0,1.0,4.1149154
1,D_latent,4_distractors,56,0.043114595,0.0,0.17777777777777778,1.0,3.1901433
1,D_latent,4_distractors,57,-0.40728387,0.0,0.0,1.0,6.5098133
1,D_latent,4_distractors,58,-0.0036165614,1.0,0.2222222222222222,1.0,1.0669341
1,D_latent,4_distractors,59,-0.23634127,0.0,0.0,1.0,5.7679496
1,D_latent,4_distractors,60,-0.38676012,0.0,0.0,1.0,6.8442135
1,D_latent,4_distractors,61,-0.27791607,0.0,0.0,1.0,9.014777
1,D_latent,4_distractors,62,-0.22360274,0.0,0.0,1.0,4.0803924
1,D_latent,4_distractors,63,-0.25942856,0.0,0.0,1.0,10.817698
1,D_latent,4_distractors,64,-0.3269723,0.0,0.0,1.0,8.78172
1,D_latent,4_distractors,65,0.15134898,0.0,0.2,1.0,1.7625098
1,D_latent,4_distractors,66,-0.08894532,0.0,0.08888888888888889,1.0,6.443092
1,D_latent,4_distractors,67,-0.19221918,0.0,0.0,1.0,8.775528
1,D_latent,4_distractors,68,-0.38428795,0.0,0.0,1.0,6.962351
1,D_latent,4_distractors,69,-0.096834935,0.0,0.0,1.0,3.5912533
1,D_latent,4_distractors,70,0.14663522,0.0,0.4444444444444444,1.0,1.8854879
1,D_latent,4_distractors,71,-0.30136797,0.0,0.0,1.0,5.557809
1,D_latent,4_distractors,72,0.021367831,0.0,0.17777777777777778,1.0,4.5844517
1,D_latent,4_distractors,73,-0.29896033,0.0,0.0,1.0,8.838827
1,D_latent,4_distractors,74,0.013175179,1.0,0.4222222222222222,1.0,0.49215597
1,D_latent,4_distractors,75,-0.2367014,0.0,0.0,1.0,6.707429
1,D_latent,4_distractors,76,-0.19497147,0.0,0.0,1.0,5.100559
1,D_latent,4_distractors,77,-0.21277441,0.0,0.0,1.0,2.7569432
1,D_latent,4_distractors,78,-0.15966831,0.0,0.0,1.0,3.0261543
1,D_latent,4_distractors,79,-0.1698423,0.0,0.0,1.0,4.0739565
1,D_latent,4_distractors,80,-0.2270909,0.0,0.0,1.0,2.0993397
1,D_latent,4_distractors,81,-0.3418239,0.0,0.0,1.0,9.747321
1,D_latent,4_distractors,82,-0.37403515,0.0,0.0,1.0,10.486745
1,D_latent,4_distractors,83,-0.43797144,0.0,0.0,1.0,7.273197
1,D_latent,4_distractors,84,-0.40007743,0.0,0.0,1.0,14.384649
1,D_latent,4_distractors,85,-0.42212024,0.0,0.0,1.0,8.491255
1,D_latent,4_distractors,86,-0.19321536,0.0,0.0,1.0,4.769283
1,D_latent,4_distractors,87,-0.17860998,0.0,0.0,1.0,5.1921673
1,D_latent,4_distractors,88,-0.116275236,0.0,0.0,1.0,3.4365923
1,D_latent,4_distractors,89,-0.18952544,0.0,0.0,1.0,6.629634
1,D_latent,4_distractors,90,-0.08194632,1.0,0.37777777777777777,1.0,1.4265437
1,D_latent,4_distractors,91,-0.27811867,0.0,0.0,1.0,2.8014414
1,D_latent,4_distractors,92,-0.02890135,0.0,0.1111111111111111,1.0,3.3640602
1,D_latent,4_distractors,93,-0.2824528,0.0,0.0,1.0,6.8068814
1,D_latent,4_distractors,94,-0.2500626,0.0,0.0,1.0,9.19418
1,D_latent,4_distractors,95,-0.23306379,0.0,0.0,1.0,6.852606
1,D_latent,4_distractors,96,-0.17385557,0.0,0.0,1.0,2.8268468
1,D_latent,4_distractors,97,-0.09653895,0.0,0.06666666666666667,1.0,4.2898793
1,D_latent,4_distractors,98,-0.032707486,0.0,0.0,1.0,4.098146
1,D_latent,4_distractors,99,-0.11416483,0.0,0.17777777777777778,1.0,3.518715
1,D_latent,fast_distractors,0,-0.040285822,0.0,0.0,1.0,2.198946
1,D_latent,fast_distractors,1,0.05114235,1.0,0.4,1.0,1.385102
1,D_latent,fast_distractors,2,-0.084867984,1.0,0.37777777777777777,1.0,1.4704818
1,D_latent,fast_distractors,3,-0.0878606,0.0,0.0,1.0,2.870598
1,D_latent,fast_distractors,4,-0.16463198,0.0,0.0,1.0,6.454396
1,D_latent,fast_distractors,5,-0.3730283,0.0,0.0,1.0,8.041078
1,D_latent,fast_distractors,6,0.033463348,0.0,0.28888888888888886,1.0,2.0763807
1,D_latent,fast_distractors,7,-0.021462888,1.0,0.4888888888888889,1.0,1.0364926
1,D_latent,fast_distractors,8,-0.27683446,0.0,0.0,1.0,6.093468
1,D_latent,fast_distractors,9,-0.3117679,0.0,0.0,1.0,7.9349165
1,D_latent,fast_distractors,10,-0.052332867,0.0,0.26666666666666666,1.0,1.96514
1,D_latent,fast_distractors,11,-0.31016368,0.0,0.0,1.0,2.3062253
1,D_latent,fast_distractors,12,-0.22064309,0.0,0.0,1.0,10.117179
1,D_latent,fast_distractors,13,-0.39719683,0.0,0.0,1.0,5.485672
1,D_latent,fast_distractors,14,-0.1288288,0.0,0.0,1.0,2.2406545
1,D_latent,fast_distractors,15,-0.32830003,0.0,0.0,1.0,4.6493273
1,D_latent,fast_distractors,16,-0.19206548,0.0,0.0,1.0,6.486532
1,D_latent,fast_distractors,17,-0.17664507,0.0,0.0,1.0,6.9062357
1,D_latent,fast_distractors,18,-0.24845625,0.0,0.0,1.0,5.4028406
1,D_latent,fast_distractors,19,-0.2759384,0.0,0.0,1.0,5.1680293
1,D_latent,fast_distractors,20,-0.24985766,0.0,0.0,0.0,8.075997
1,D_latent,fast_distractors,21,-0.13212213,0.0,0.0,1.0,5.2168593
1,D_latent,fast_distractors,22,-0.12756209,0.0,0.0,1.0,4.2295504
1,D_latent,fast_distractors,23,-0.055592176,0.0,0.1111111111111111,1.0,5.451919
1,D_latent,fast_distractors,24,-0.0846822,0.0,0.1111111111111111,1.0,5.4495735
1,D_latent,fast_distractors,25,-0.25543776,0.0,0.0,1.0,4.875598
1,D_latent,fast_distractors,26,0.012616899,0.0,0.0,1.0,2.9100084
1,D_latent,fast_distractors,27,-0.10575264,0.0,0.0,1.0,3.5659845
1,D_latent,fast_distractors,28,-0.0807676,0.0,0.0,1.0,4.430053
1,D_latent,fast_distractors,29,-0.24639498,0.0,0.0,1.0,6.2473383
1,D_latent,fast_distractors,30,-0.25701043,0.0,0.0,1.0,4.917243
1,D_latent,fast_distractors,31,-0.14350307,0.0,0.0,1.0,3.7448838
1,D_latent,fast_distractors,32,-0.24869868,0.0,0.0,1.0,3.4641974
1,D_latent,fast_distractors,33,-0.26524398,0.0,0.0,1.0,9.582319
1,D_latent,fast_distractors,34,0.061963294,1.0,0.5111111111111111,1.0,1.1419197
1,D_latent,fast_distractors,35,-0.29417598,0.0,0.0,1.0,11.507172
1,D_latent,fast_distractors,36,-0.2038148,0.0,0.0,1.0,7.6465364
1,D_latent,fast_distractors,37,-0.27351174,0.0,0.0,1.0,3.0157557
1,D_latent,fast_distractors,38,-0.25151837,0.0,0.0,1.0,7.198199
1,D_latent,fast_distractors,39,-0.20019014,0.0,0.0,1.0,3.5009017
1,D_latent,fast_distractors,40,-0.067692764,0.0,0.0,1.0,2.054675
1,D_latent,fast_distractors,41,-0.17479077,0.0,0.0,1.0,4.709433
1,D_latent,fast_distractors,42,-0.20876178,0.0,0.0,1.0,5.8203
1,D_latent,fast_distractors,43,-0.23148018,0.0,0.0,1.0,4.924925
1,D_latent,fast_distractors,44,-0.300876,0.0,0.0,1.0,10.362299
1,D_latent,fast_distractors,45,-0.20975526,0.0,0.0,1.0,4.8381786
1,D_latent,fast_distractors,46,-0.1749684,0.0,0.0,1.0,1.8635069
1,D_latent,fast_distractors,47,-0.15252545,0.0,0.0,1.0,5.3268685
1,D_latent,fast_distractors,48,-0.3232385,0.0,0.0,1.0,6.101149
1,D_latent,fast_distractors,49,-0.2724481,0.0,0.0,1.0,10.140913
1,D_latent,fast_distractors,50,-0.18392256,0.0,0.0,1.0,6.268154
1,D_latent,fast_distractors,51,-0.33955792,0.0,0.0,1.0,2.9410894
1,D_latent,fast_distractors,52,-0.11470553,0.0,0.0,1.0,4.1012836
1,D_latent,fast_distractors,53,-0.196456,0.0,0.0,1.0,4.6794267
1,D_latent,fast_distractors,54,-0.045227554,0.0,0.0,1.0,3.7412243
1,D_latent,fast_distractors,55,-0.22420743,0.0,0.0,1.0,4.503814
1,D_latent,fast_distractors,56,0.03150581,0.0,0.15555555555555556,1.0,3.4498055
1,D_latent,fast_distractors,57,-0.40918925,0.0,0.0,1.0,6.528993
1,D_latent,fast_distractors,58,0.05867742,1.0,0.4,1.0,0.35856396
1,D_latent,fast_distractors,59,-0.30090517,0.0,0.0,0.0,7.231982
1,D_latent,fast_distractors,60,-0.38709095,0.0,0.0,1.0,6.0851955
1,D_latent,fast_distractors,61,-0.27987915,0.0,0.0,1.0,9.131117
1,D_latent,fast_distractors,62,-0.22005452,0.0,0.0,1.0,3.8307333
1,D_latent,fast_distractors,63,-0.26272798,0.0,0.0,1.0,11.328863
1,D_latent,fast_distractors,64,-0.33318326,0.0,0.0,1.0,9.072726
1,D_latent,fast_distractors,65,0.117991075,0.0,0.2222222222222222,1.0,2.3597643
1,D_latent,fast_distractors,66,-0.08913445,0.0,0.08888888888888889,1.0,6.782405
1,D_latent,fast_distractors,67,-0.051858272,0.0,0.15555555555555556,1.0,7.389085
1,D_latent,fast_distractors,68,-0.3901605,0.0,0.0,1.0,7.1501403
1,D_latent,fast_distractors,69,-0.14748472,0.0,0.0,1.0,3.010184
1,D_latent,fast_distractors,70,0.1283006,0.0,0.4,1.0,2.1351404
1,D_latent,fast_distractors,71,-0.3100416,0.0,0.0,1.0,5.2918644
1,D_latent,fast_distractors,72,0.024270497,0.0,0.15555555555555556,1.0,3.9901958
1,D_latent,fast_distractors,73,-0.27530557,0.0,0.0,1.0,7.7169275
1,D_latent,fast_distractors,74,-0.1197708,0.0,0.1111111111111111,1.0,3.4080396
1,D_latent,fast_distractors,75,-0.13825051,0.0,0.0,1.0,3.3233376
1,D_latent,fast_distractors,76,-0.19601677,0.0,0.0,1.0,4.992756
1,D_latent,fast_distractors,77,-0.23930715,0.0,0.0,1.0,3.0717864
1,D_latent,fast_distractors,78,-0.22578074,0.0,0.0,1.0,5.3914948
1,D_latent,fast_distractors,79,-0.16658324,0.0,0.0,1.0,3.9699066
1,D_latent,fast_distractors,80,-0.1620228,1.0,0.26666666666666666,1.0,0.9997002
1,D_latent,fast_distractors,81,-0.319554,0.0,0.0,1.0,8.339488
1,D_latent,fast_distractors,82,-0.3281698,0.0,0.0,1.0,8.610212
1,D_latent,fast_distractors,83,-0.45538312,0.0,0.0,1.0,8.313736
1,D_latent,fast_distractors,84,-0.3997593,0.0,0.0,1.0,14.413061
1,D_latent,fast_distractors,85,-0.38537404,0.0,0.0,1.0,7.410246
1,D_latent,fast_distractors,86,-0.19545259,0.0,0.0,1.0,5.202533
1,D_latent,fast_distractors,87,-0.2008022,0.0,0.0,1.0,5.7224355
1,D_latent,fast_distractors,88,-0.15134709,0.0,0.0,1.0,4.1213756
1,D_latent,fast_distractors,89,-0.1812735,0.0,0.0,1.0,6.548415
1,D_latent,fast_distractors,90,-0.20250104,0.0,0.0,1.0,2.397031
1,D_latent,fast_distractors,91,-0.39361927,0.0,0.0,1.0,6.3104496
1,D_latent,fast_distractors,92,-0.013705329,0.0,0.0,1.0,2.813973
1,D_latent,fast_distractors,93,-0.28101283,0.0,0.0,1.0,6.8100853
1,D_latent,fast_distractors,94,-0.25240567,0.0,0.0,1.0,9.178535
1,D_latent,fast_distractors,95,-0.23656625,0.0,0.0,1.0,6.4554286
1,D_latent,fast_distractors,96,-0.2133033,0.0,0.0,1.0,3.6080508
1,D_latent,fast_distractors,97,-0.08029493,0.0,0.13333333333333333,1.0,4.2479243
1,D_latent,fast_distractors,98,0.16436274,0.0,0.35555555555555557,1.0,2.4257445
1,D_latent,fast_distractors,99,-0.14630061,0.0,0.1111111111111111,1.0,3.7215428
1,D_latent,unseen_distractor_hues,0,-0.030069578,0.0,0.0,1.0,2.0066833
1,D_latent,unseen_distractor_hues,1,-0.049570985,0.0,0.044444444444444446,1.0,1.6380605
1,D_latent,unseen_distractor_hues,2,-0.119560786,0.0,0.13333333333333333,1.0,1.8334163
1,D_latent,unseen_distractor_hues,3,-0.22268806,0.0,0.0,1.0,6.315815
1,D_latent,unseen_distractor_hues,4,-0.040333737,0.0,0.0,1.0,2.3556983
1,D_latent,unseen_distractor_hues,5,-0.388191,0.0,0.0,1.0,8.629386
1,D_latent,unseen_distractor_hues,6,0.0034757932,0.0,0.2222222222222222,1.0,3.0038917
1,D_latent,unseen_distractor_hues,7,-0.04946669,1.0,0.4888888888888889,1.0,1.4494625
1,D_latent,unseen_distractor_hues,8,-0.27722466,0.0,0.0,1.0,6.0776696
1,D_latent,unseen_distractor_hues,9,-0.2724814,0.0,0.0,1.0,6.710176
1,D_latent,unseen_distractor_hues,10,-0.06888437,0.0,0.24444444444444444,1.0,2.1954339
1,D_latent,unseen_distractor_hues,11,-0.33652467,0.0,0.0,1.0,3.4401767
1,D_latent,unseen_distractor_hues,12,-0.30323344,0.0,0.0,0.0,13.462071
1,D_latent,unseen_distractor_hues,13,-0.39634684,0.0,0.0,1.0,5.436053
1,D_latent,unseen_distractor_hues,14,-0.066177115,0.0,0.0,1.0,1.9232751
1,D_latent,unseen_distractor_hues,15,-0.29636574,0.0,0.0,1.0,3.1625605
1,D_latent,unseen_distractor_hues,16,-0.17525382,0.0,0.0,1.0,6.079196
1,D_latent,unseen_distractor_hues,17,-0.17708686,0.0,0.0,1.0,6.9030204
1,D_latent,unseen_distractor_hues,18,-0.19570114,0.0,0.0,1.0,3.2897491
1,D_latent,unseen_distractor_hues,19,-0.2827123,0.0,0.0,1.0,6.167155
1,D_latent,unseen_distractor_hues,20,-0.22948068,0.0,0.0,0.0,7.208334
1,D_latent,unseen_distractor_hues,21,-0.16124927,0.0,0.0,1.0,6.331502
1,D_latent,unseen_distractor_hues,22,-0.13102633,0.0,0.0,1.0,4.279657
1,D_latent,unseen_distractor_hues,23,-0.07228237,0.0,0.1111111111111111,1.0,6.2152886
1,D_latent,unseen_distractor_hues,24,-0.07566422,0.0,0.1111111111111111,1.0,5.637994
1,D_latent,unseen_distractor_hues,25,-0.2744249,0.0,0.0,1.0,5.8270693
1,D_latent,unseen_distractor_hues,26,-0.01987751,0.0,0.0,1.0,3.1904962
1,D_latent,unseen_distractor_hues,27,-0.108623035,0.0,0.0,1.0,3.7902884
1,D_latent,unseen_distractor_hues,28,-0.15590127,0.0,0.0,1.0,5.8946395
1,D_latent,unseen_distractor_hues,29,-0.20564367,0.0,0.0,1.0,4.073907
1,D_latent,unseen_distractor_hues,30,-0.24871205,0.0,0.0,1.0,4.2158
1,D_latent,unseen_distractor_hues,31,-0.13354166,0.0,0.0,1.0,3.749677
1,D_latent,unseen_distractor_hues,32,-0.20285621,0.0,0.06666666666666667,1.0,3.0445216
1,D_latent,unseen_distractor_hues,33,-0.18823728,0.0,0.0,1.0,6.885329
1,D_latent,unseen_distractor_hues,34,-0.12584165,1.0,0.022222222222222223,1.0,1.5394405
1,D_latent,unseen_distractor_hues,35,-0.29212755,0.0,0.0,1.0,11.551397
1,D_latent,unseen_distractor_hues,36,-0.20028009,0.0,0.0,1.0,7.9864235
1,D_latent,unseen_distractor_hues,37,-0.30934733,0.0,0.0,1.0,4.645034
1,D_latent,unseen_distractor_hues,38,-0.25826985,0.0,0.0,1.0,7.6463633
1,D_latent,unseen_distractor_hues,39,-0.10667188,0.0,0.2,1.0,2.439024
1,D_latent,unseen_distractor_hues,40,-0.16038726,0.0,0.0,1.0,3.122156
1,D_latent,unseen_distractor_hues,41,-0.19725032,0.0,0.0,1.0,5.134213
1,D_latent,unseen_distractor_hues,42,-0.20361173,0.0,0.0,1.0,5.2734704
1,D_latent,unseen_distractor_hues,43,-0.20244417,0.0,0.0,1.0,3.6946723
1,D_latent,unseen_distractor_hues,44,-0.30820113,0.0,0.0,1.0,10.51114
1,D_latent,unseen_distractor_hues,45,-0.21023019,0.0,0.0,1.0,4.6376457
1,D_latent,unseen_distractor_hues,46,-0.054675695,1.0,0.4,1.0,1.5347795
1,D_latent,unseen_distractor_hues,47,-0.13730025,0.0,0.0,1.0,5.916076
1,D_latent,unseen_distractor_hues,48,-0.3911271,0.0,0.0,1.0,9.643225
1,D_latent,unseen_distractor_hues,49,-0.27188298,0.0,0.0,1.0,10.109696
1,D_latent,unseen_distractor_hues,50,-0.17206515,0.0,0.0,1.0,5.4903054
1,D_latent,unseen_distractor_hues,51,-0.36122757,0.0,0.0,1.0,3.6383245
1,D_latent,unseen_distractor_hues,52,-0.115315415,0.0,0.0,1.0,4.097559
1,D_latent,unseen_distractor_hues,53,-0.19588542,0.0,0.0,1.0,4.6697373
1,D_latent,unseen_distractor_hues,54,0.14797391,0.0,0.3111111111111111,1.0,2.2525785
1,D_latent,unseen_distractor_hues,55,-0.22429302,0.0,0.0,1.0,4.145166
1,D_latent,unseen_distractor_hues,56,0.018676577,0.0,0.13333333333333333,1.0,3.4945862
1,D_latent,unseen_distractor_hues,57,-0.42257237,0.0,0.0,1.0,7.2202096
1,D_latent,unseen_distractor_hues,58,-0.034212027,1.0,0.08888888888888889,1.0,1.2065675
1,D_latent,unseen_distractor_hues,59,-0.3121408,0.0,0.0,0.0,8.759475
1,D_latent,unseen_distractor_hues,60,-0.3864161,0.0,0.0,1.0,7.1374335
1,D_latent,unseen_distractor_hues,61,-0.26966184,0.0,0.0,1.0,8.606464
1,D_latent,unseen_distractor_hues,62,-0.217843,0.0,0.0,1.0,4.553868
1,D_latent,unseen_distractor_hues,63,-0.22762942,0.0,0.0,1.0,9.953946
1,D_latent,unseen_distractor_hues,64,-0.32446703,0.0,0.0,1.0,8.56581
1,D_latent,unseen_distractor_hues,65,0.16323264,0.0,0.28888888888888886,1.0,1.9849491
1,D_latent,unseen_distractor_hues,66,-0.082743876,0.0,0.08888888888888889,1.0,6.467717
1,D_latent,unseen_distractor_hues,67,-0.06619624,0.0,0.13333333333333333,1.0,7.8517404
1,D_latent,unseen_distractor_hues,68,-0.3808589,0.0,0.0,1.0,7.15497
1,D_latent,unseen_distractor_hues,69,-0.13949981,0.0,0.0,1.0,4.050717
1,D_latent,unseen_distractor_hues,70,0.12762134,0.0,0.4222222222222222,1.0,2.492349
1,D_latent,unseen_distractor_hues,71,-0.30755574,0.0,0.0,1.0,5.2630625
1,D_latent,unseen_distractor_hues,72,0.026779572,0.0,0.15555555555555556,1.0,3.7515879
1,D_latent,unseen_distractor_hues,73,-0.27687058,0.0,0.0,1.0,7.6596694
1,D_latent,unseen_distractor_hues,74,-0.11349972,0.0,0.13333333333333333,1.0,3.1713197
1,D_latent,unseen_distractor_hues,75,-0.12777087,0.0,0.0,1.0,3.0791445
1,D_latent,unseen_distractor_hues,76,-0.19047898,0.0,0.0,1.0,5.0915337
1,D_latent,unseen_distractor_hues,77,-0.21419886,0.0,0.0,1.0,1.9054142
1,D_latent,unseen_distractor_hues,78,0.019834865,1.0,0.3333333333333333,1.0,1.3870916
1,D_latent,unseen_distractor_hues,79,-0.14397413,0.0,0.0,1.0,3.6160421
1,D_latent,unseen_distractor_hues,80,-0.15964097,1.0,0.26666666666666666,1.0,0.93211186
1,D_latent,unseen_distractor_hues,81,-0.3354104,0.0,0.0,1.0,9.235394
1,D_latent,unseen_distractor_hues,82,-0.32417667,0.0,0.0,1.0,8.367548
1,D_latent,unseen_distractor_hues,83,-0.41585633,0.0,0.0,1.0,7.119488
1,D_latent,unseen_distractor_hues,84,-0.40411097,0.0,0.0,1.0,14.461582
1,D_latent,unseen_distractor_hues,85,-0.40890545,0.0,0.0,1.0,7.350379
1,D_latent,unseen_distractor_hues,86,-0.11634426,0.0,0.0,1.0,3.558249
1,D_latent,unseen_distractor_hues,87,-0.2064734,0.0,0.0,1.0,5.816041
1,D_latent,unseen_distractor_hues,88,-0.14723377,0.0,0.0,1.0,3.9811358
1,D_latent,unseen_distractor_hues,89,-0.18401729,0.0,0.0,1.0,6.4164143
1,D_latent,unseen_distractor_hues,90,-0.22285824,0.0,0.0,1.0,3.6698256
1,D_latent,unseen_distractor_hues,91,-0.32980263,0.0,0.0,1.0,3.601099
1,D_latent,unseen_distractor_hues,92,-0.035006523,0.0,0.0,1.0,3.3344371
1,D_latent,unseen_distractor_hues,93,-0.28175688,0.0,0.0,1.0,6.6106687
1,D_latent,unseen_distractor_hues,94,-0.24184549,0.0,0.0,1.0,9.068244
1,D_latent,unseen_distractor_hues,95,-0.2509361,0.0,0.0,1.0,6.201993
1,D_latent,unseen_distractor_hues,96,-0.19922581,0.0,0.0,1.0,2.888325
1,D_latent,unseen_distractor_hues,97,-0.17982687,0.0,0.0,1.0,5.100868
1,D_latent,unseen_distractor_hues,98,0.042882614,0.0,0.1111111111111111,1.0,3.4845426
1,D_latent,unseen_distractor_hues,99,-0.049246307,0.0,0.3111111111111111,1.0,2.6923401
1,D_latent,heavy_pixel_noise,0,0.15773162,1.0,0.5333333333333333,1.0,0.72494507
1,D_latent,heavy_pixel_noise,1,-0.017089015,0.0,0.0,1.0,1.6257305
1,D_latent,heavy_pixel_noise,2,-0.15777408,0.0,0.13333333333333333,1.0,4.203783
1,D_latent,heavy_pixel_noise,3,-0.3088512,0.0,0.0,1.0,9.6945
1,D_latent,heavy_pixel_noise,4,-0.17229831,0.0,0.0,1.0,6.815281
1,D_latent,heavy_pixel_noise,5,-0.37748507,0.0,0.0,1.0,7.252945
1,D_latent,heavy_pixel_noise,6,-0.14835005,0.0,0.0,1.0,1.7689378
1,D_latent,heavy_pixel_noise,7,-0.24428348,0.0,0.0,1.0,4.004608
1,D_latent,heavy_pixel_noise,8,-0.28597987,0.0,0.0,1.0,6.570033
1,D_latent,heavy_pixel_noise,9,-0.24861482,0.0,0.0,1.0,5.9138074
1,D_latent,heavy_pixel_noise,10,-0.16221404,0.0,0.0,1.0,3.1506844
1,D_latent,heavy_pixel_noise,11,-0.3624162,0.0,0.0,1.0,6.0714445
1,D_latent,heavy_pixel_noise,12,-0.35770547,0.0,0.0,0.0,16.77647
1,D_latent,heavy_pixel_noise,13,-0.3907989,0.0,0.0,1.0,5.219132
1,D_latent,heavy_pixel_noise,14,-0.38471827,0.0,0.0,1.0,15.505576
1,D_latent,heavy_pixel_noise,15,-0.3500752,0.0,0.0,1.0,7.3207545
1,D_latent,heavy_pixel_noise,16,-0.17112866,0.0,0.0,1.0,5.663475
1,D_latent,heavy_pixel_noise,17,-0.1777326,0.0,0.0,1.0,7.7178235
1,D_latent,heavy_pixel_noise,18,-0.49136955,0.0,0.0,0.0,15.384765
1,D_latent,heavy_pixel_noise,19,-0.26946697,0.0,0.06666666666666667,1.0,6.6521215
1,D_latent,heavy_pixel_noise,20,-0.24904452,0.0,0.0,0.0,7.809904
1,D_latent,heavy_pixel_noise,21,-0.16355154,0.0,0.0,1.0,6.6873913
1,D_latent,heavy_pixel_noise,22,-0.11607306,0.0,0.0,1.0,3.55891
1,D_latent,heavy_pixel_noise,23,-0.06481229,0.0,0.1111111111111111,1.0,5.710313
1,D_latent,heavy_pixel_noise,24,-0.22349602,0.0,0.06666666666666667,0.0,13.16398
1,D_latent,heavy_pixel_noise,25,-0.21723495,0.0,0.0,1.0,3.311994
1,D_latent,heavy_pixel_noise,26,-0.2516527,0.0,0.0,0.0,10.0944805
1,D_latent,heavy_pixel_noise,27,-0.19609292,0.0,0.0,1.0,8.337938
1,D_latent,heavy_pixel_noise,28,-0.15799062,0.0,0.0,1.0,5.838572
1,D_latent,heavy_pixel_noise,29,-0.23686424,0.0,0.0,1.0,5.9526076
1,D_latent,heavy_pixel_noise,30,-0.26410866,0.0,0.0,1.0,5.9475064
1,D_latent,heavy_pixel_noise,31,-0.16117941,0.0,0.0,1.0,3.828968
1,D_latent,heavy_pixel_noise,32,-0.32540566,0.0,0.0,1.0,2.5576708
1,D_latent,heavy_pixel_noise,33,-0.2412048,0.0,0.0,1.0,8.675404
1,D_latent,heavy_pixel_noise,34,-0.065660484,1.0,0.044444444444444446,1.0,1.3892745
1,D_latent,heavy_pixel_noise,35,0.020882636,0.0,0.0,1.0,2.8627245
1,D_latent,heavy_pixel_noise,36,-0.19649236,0.0,0.0,1.0,7.9776025
1,D_latent,heavy_pixel_noise,37,-0.28380498,0.0,0.0,1.0,2.5433831
1,D_latent,heavy_pixel_noise,38,-0.2668102,0.0,0.0,1.0,7.746701
1,D_latent,heavy_pixel_noise,39,-0.06733224,0.0,0.3111111111111111,1.0,1.779257
1,D_latent,heavy_pixel_noise,40,-0.15540251,0.0,0.0,1.0,5.5955887
1,D_latent,heavy_pixel_noise,41,-0.19412594,0.0,0.0,1.0,3.896157
1,D_latent,heavy_pixel_noise,42,-0.037611265,0.0,0.0,1.0,2.3802755
1,D_latent,heavy_pixel_noise,43,-0.10997587,0.0,0.0,1.0,3.9861948
1,D_latent,heavy_pixel_noise,44,-0.304898,0.0,0.0,1.0,10.977511
1,D_latent,heavy_pixel_noise,45,-0.36405423,0.0,0.0,1.0,13.838509
1,D_latent,heavy_pixel_noise,46,-0.054972347,0.0,0.37777777777777777,1.0,1.5861777
1,D_latent,heavy_pixel_noise,47,-0.19176954,0.0,0.0,1.0,7.751129
1,D_latent,heavy_pixel_noise,48,-0.26751396,0.0,0.0,1.0,5.539726
1,D_latent,heavy_pixel_noise,49,-0.06927663,0.0,0.0,1.0,2.7538273
1,D_latent,heavy_pixel_noise,50,-0.19931044,0.0,0.0,1.0,6.588493
1,D_latent,heavy_pixel_noise,51,-0.31180817,0.0,0.0,1.0,1.7576709
1,D_latent,heavy_pixel_noise,52,-0.0953965,0.0,0.0,1.0,3.4463496
1,D_latent,heavy_pixel_noise,53,-0.20117183,0.0,0.0,1.0,4.684861
1,D_latent,heavy_pixel_noise,54,0.18213865,0.0,0.5333333333333333,1.0,1.7189773
1,D_latent,heavy_pixel_noise,55,-0.22256552,0.0,0.0,1.0,4.3482585
1,D_latent,heavy_pixel_noise,56,0.15662736,0.0,0.4,1.0,4.72396
1,D_latent,heavy_pixel_noise,57,-0.4099123,0.0,0.0,1.0,6.1669044
1,D_latent,heavy_pixel_noise,58,-0.13915052,0.0,0.0,1.0,1.9301944
1,D_latent,heavy_pixel_noise,59,-0.34506023,0.0,0.0,0.0,12.151438
1,D_latent,heavy_pixel_noise,60,-0.38784552,0.0,0.0,1.0,7.2796807
1,D_latent,heavy_pixel_noise,61,-0.29814133,0.0,0.0,1.0,12.777225
1,D_latent,heavy_pixel_noise,62,-0.3283124,0.0,0.0,1.0,10.346825
1,D_latent,heavy_pixel_noise,63,-0.23881269,0.0,0.0,1.0,10.420578
1,D_latent,heavy_pixel_noise,64,-0.41542965,0.0,0.0,1.0,12.295342
1,D_latent,heavy_pixel_noise,65,0.08987377,0.0,0.15555555555555556,1.0,2.6362488
1,D_latent,heavy_pixel_noise,66,-0.21161106,0.0,0.044444444444444446,1.0,12.586993
1,D_latent,heavy_pixel_noise,67,-0.24688163,0.0,0.0,1.0,10.541987
1,D_latent,heavy_pixel_noise,68,-0.3856159,0.0,0.0,1.0,7.8281612
1,D_latent,heavy_pixel_noise,69,-0.020758215,0.0,0.0,1.0,1.9874189
1,D_latent,heavy_pixel_noise,70,0.2074103,1.0,0.6222222222222222,1.0,1.0481675
1,D_latent,heavy_pixel_noise,71,-0.2755042,0.0,0.0,1.0,10.396635
1,D_latent,heavy_pixel_noise,72,-0.019075222,0.0,0.1111111111111111,1.0,5.366211
1,D_latent,heavy_pixel_noise,73,-0.20319626,0.0,0.06666666666666667,1.0,10.368405
1,D_latent,heavy_pixel_noise,74,-0.010455319,1.0,0.4,1.0,1.0483218
1,D_latent,heavy_pixel_noise,75,-0.13367239,0.0,0.0,1.0,3.0360472
1,D_latent,heavy_pixel_noise,76,-0.19294077,0.0,0.0,1.0,5.2570496
1,D_latent,heavy_pixel_noise,77,-0.18907435,0.0,0.0,1.0,2.3094735
1,D_latent,heavy_pixel_noise,78,-0.33143395,0.0,0.0,1.0,10.030335
1,D_latent,heavy_pixel_noise,79,-0.21618728,0.0,0.0,1.0,7.863013
1,D_latent,heavy_pixel_noise,80,-0.19697651,0.0,0.17777777777777778,1.0,3.0570428
1,D_latent,heavy_pixel_noise,81,-0.36363384,0.0,0.0,1.0,10.86984
1,D_latent,heavy_pixel_noise,82,-0.28934908,0.0,0.0,1.0,6.6757197
1,D_latent,heavy_pixel_noise,83,-0.4187863,0.0,0.0,1.0,8.499243
1,D_latent,heavy_pixel_noise,84,-0.35922974,0.0,0.0,1.0,11.743107
1,D_latent,heavy_pixel_noise,85,-0.2650163,0.0,0.08888888888888889,1.0,4.711662
1,D_latent,heavy_pixel_noise,86,-0.11639673,0.0,0.0,1.0,3.0557544
1,D_latent,heavy_pixel_noise,87,-0.21547112,0.0,0.0,1.0,5.6322813
1,D_latent,heavy_pixel_noise,88,-0.20278774,0.0,0.0,1.0,7.758874
1,D_latent,heavy_pixel_noise,89,-0.16604719,0.0,0.0,1.0,6.070832
1,D_latent,heavy_pixel_noise,90,-0.3648244,0.0,0.0,1.0,6.824864
1,D_latent,heavy_pixel_noise,91,-0.5068345,0.0,0.0,1.0,11.550289
1,D_latent,heavy_pixel_noise,92,0.0035647168,0.0,0.2222222222222222,1.0,3.2448323
1,D_latent,heavy_pixel_noise,93,-0.41943482,0.0,0.0,1.0,14.340859
1,D_latent,heavy_pixel_noise,94,-0.2637369,0.0,0.0,1.0,9.435143
1,D_latent,heavy_pixel_noise,95,-0.28990984,0.0,0.0,1.0,6.027888
1,D_latent,heavy_pixel_noise,96,-0.30248904,0.0,0.0,1.0,11.353216
1,D_latent,heavy_pixel_noise,97,-0.05241615,0.0,0.17777777777777778,1.0,3.7563267
1,D_latent,heavy_pixel_noise,98,-0.03504379,0.0,0.0,1.0,4.796209
1,D_latent,heavy_pixel_noise,99,-0.12763,0.0,0.0,1.0,2.2707455
2,A_recon,in_distribution,0,-0.20391352,0.0,0.0,1.0,4.728687
2,A_recon,in_distribution,1,-0.283135,0.0,0.0,1.0,7.0557847
2,A_recon,in_distribution,2,-0.3008429,0.0,0.0,1.0,5.5446453
2,A_recon,in_distribution,3,-0.13517158,0.0,0.0,1.0,4.395256
2,A_recon,in_distribution,4,-0.14020008,0.0,0.0,1.0,4.900812
2,A_recon,in_distribution,5,-0.31796402,0.0,0.0,1.0,5.6469293
2,A_recon,in_distribution,6,-0.05390396,0.0,0.17777777777777778,1.0,4.311411
2,A_recon,in_distribution,7,-0.2390562,0.0,0.0,1.0,3.0992012
2,A_recon,in_distribution,8,-0.05838409,0.0,0.26666666666666666,1.0,2.347848
2,A_recon,in_distribution,9,-0.20202698,0.0,0.0,1.0,3.2101254
2,A_recon,in_distribution,10,-0.24234667,0.0,0.0,1.0,5.8712096
2,A_recon,in_distribution,11,-0.36444694,0.0,0.0,1.0,5.4492097
2,A_recon,in_distribution,12,-0.21002287,0.0,0.0,0.0,11.704738
2,A_recon,in_distribution,13,-0.33805823,0.0,0.0,1.0,3.1629136
2,A_recon,in_distribution,14,-0.28260925,0.0,0.0,1.0,7.41158
2,A_recon,in_distribution,15,-0.29969326,0.0,0.0,1.0,4.217409
2,A_recon,in_distribution,16,-0.20072918,0.0,0.0,1.0,6.3657722
2,A_recon,in_distribution,17,-0.13096367,0.0,0.0,1.0,6.4685564
2,A_recon,in_distribution,18,-0.2772005,0.0,0.0,1.0,7.0840936
2,A_recon,in_distribution,19,-0.28231367,0.0,0.0,1.0,3.3882937
2,A_recon,in_distribution,20,-0.2221784,0.0,0.0,0.0,5.9765882
2,A_recon,in_distribution,21,-0.08650215,0.0,0.0,1.0,4.894891
2,A_recon,in_distribution,22,-0.15762335,0.0,0.0,1.0,4.9015946
2,A_recon,in_distribution,23,0.1574523,0.0,0.4222222222222222,1.0,3.2591522
2,A_recon,in_distribution,24,-0.21316534,0.0,0.0,1.0,5.177831
2,A_recon,in_distribution,25,-0.35047954,0.0,0.0,1.0,7.7250185
2,A_recon,in_distribution,26,-0.04586225,0.0,0.0,1.0,2.9104118
2,A_recon,in_distribution,27,-0.011485068,0.0,0.0,1.0,2.2511396
2,A_recon,in_distribution,28,-0.030594714,0.0,0.0,1.0,2.2681804
2,A_recon,in_distribution,29,-0.36727768,0.0,0.0,1.0,11.551356
2,A_recon,in_distribution,30,-0.39079136,0.0,0.0,1.0,11.14242
2,A_recon,in_distribution,31,0.006487533,0.0,0.26666666666666666,1.0,2.2894225
2,A_recon,in_distribution,32,-0.45442364,0.0,0.0,1.0,7.9486566
2,A_recon,in_distribution,33,-0.28893903,0.0,0.0,1.0,8.423549
2,A_recon,in_distribution,34,-0.08208529,0.0,0.044444444444444446,1.0,3.1216574
2,A_recon,in_distribution,35,-0.28358692,0.0,0.0,1.0,10.752511
2,A_recon,in_distribution,36,-0.16371582,0.0,0.0,1.0,4.714418
2,A_recon,in_distribution,37,-0.30356482,0.0,0.0,1.0,2.8556314
2,A_recon,in_distribution,38,-0.2911857,0.0,0.0,1.0,8.51611
2,A_recon,in_distribution,39,-0.30241123,0.0,0.0,1.0,7.790849
2,A_recon,in_distribution,40,-0.3125618,0.0,0.0,1.0,7.329177
2,A_recon,in_distribution,41,-0.18759505,0.0,0.0,1.0,4.435533
2,A_recon,in_distribution,42,-0.19505787,0.0,0.0,1.0,5.3500667
2,A_recon,in_distribution,43,-0.26305008,0.0,0.0,1.0,6.7141986
2,A_recon,in_distribution,44,-0.25139868,0.0,0.0,1.0,4.9251614
2,A_recon,in_distribution,45,-0.29116958,0.0,0.0,1.0,7.759539
2,A_recon,in_distribution,46,-0.18537034,0.0,0.0,1.0,1.856462
2,A_recon,in_distribution,47,-0.164428,0.0,0.0,1.0,7.4585233
2,A_recon,in_distribution,48,-0.3686144,0.0,0.0,1.0,7.879416
2,A_recon,in_distribution,49,-0.29306394,0.0,0.0,0.0,7.6857643
2,A_recon,in_distribution,50,-0.18285097,0.0,0.0,1.0,5.7858024
2,A_recon,in_distribution,51,-0.4273251,0.0,0.0,1.0,6.88163
2,A_recon,in_distribution,52,-0.04770525,1.0,0.08888888888888889,1.0,1.1094033
2,A_recon,in_distribution,53,-0.20340851,0.0,0.0,1.0,6.850667
2,A_recon,in_distribution,54,-0.14868811,0.0,0.0,1.0,5.9980755
2,A_recon,in_distribution,55,-0.16357917,0.0,0.0,1.0,2.1446908
2,A_recon,in_distribution,56,0.052282598,0.0,0.26666666666666666,1.0,6.65816
2,A_recon,in_distribution,57,-0.42241004,0.0,0.0,1.0,5.7726994
2,A_recon,in_distribution,58,-0.2997792,0.0,0.0,0.0,6.6455493
2,A_recon,in_distribution,59,-0.35418865,0.0,0.0,0.0,8.306724
2,A_recon,in_distribution,60,-0.39660564,0.0,0.0,1.0,7.168387
2,A_recon,in_distribution,61,-0.27611446,0.0,0.0,1.0,8.843893
2,A_recon,in_distribution,62,-0.26168934,0.0,0.0,1.0,4.7498283
2,A_recon,in_distribution,63,-0.22535495,0.0,0.0,1.0,4.009283
2,A_recon,in_distribution,64,-0.28962725,0.0,0.0,1.0,5.422293
2,A_recon,in_distribution,65,0.024448866,0.0,0.17777777777777778,1.0,5.234418
2,A_recon,in_distribution,66,0.14054206,0.0,0.37777777777777777,1.0,4.85269
2,A_recon,in_distribution,67,-0.16516192,0.0,0.0,1.0,6.0493283
2,A_recon,in_distribution,68,-0.36976978,0.0,0.0,1.0,3.3996422
2,A_recon,in_distribution,69,-0.117672116,0.0,0.0,1.0,2.8793724
2,A_recon,in_distribution,70,-0.18738279,0.0,0.0,1.0,4.3142123
2,A_recon,in_distribution,71,-0.107941255,1.0,0.26666666666666666,1.0,0.8401156
2,A_recon,in_distribution,72,-0.027369147,0.0,0.13333333333333333,1.0,4.548377
2,A_recon,in_distribution,73,-0.24608923,0.0,0.0,1.0,5.5884676
2,A_recon,in_distribution,74,-0.29759616,0.0,0.0,1.0,8.440069
2,A_recon,in_distribution,75,-0.13177255,0.0,0.0,1.0,1.7824175
2,A_recon,in_distribution,76,-0.17324206,0.0,0.0,1.0,5.580017
2,A_recon,in_distribution,77,-0.30151224,0.0,0.0,1.0,4.4029713
2,A_recon,in_distribution,78,-0.079554476,0.0,0.0,1.0,1.9050875
2,A_recon,in_distribution,79,-0.22904016,0.0,0.0,1.0,7.9805956
2,A_recon,in_distribution,80,-0.4920331,0.0,0.0,1.0,12.875668
2,A_recon,in_distribution,81,-0.32538444,0.0,0.0,1.0,8.032562
2,A_recon,in_distribution,82,-0.34104335,0.0,0.0,1.0,9.776636
2,A_recon,in_distribution,83,-0.34895292,0.0,0.0,1.0,6.2648764
2,A_recon,in_distribution,84,-0.39329174,0.0,0.0,1.0,13.397332
2,A_recon,in_distribution,85,-0.32521817,0.0,0.0,1.0,5.0580444
2,A_recon,in_distribution,86,-0.3201152,0.0,0.0,0.0,7.393907
2,A_recon,in_distribution,87,-0.18476516,0.0,0.0,1.0,5.330102
2,A_recon,in_distribution,88,-0.17130215,0.0,0.0,1.0,3.247985
2,A_recon,in_distribution,89,-0.2696904,0.0,0.0,1.0,8.1531
2,A_recon,in_distribution,90,-0.32303575,0.0,0.0,1.0,4.871139
2,A_recon,in_distribution,91,-0.17274645,0.0,0.24444444444444444,1.0,2.762734
2,A_recon,in_distribution,92,-0.09399999,0.0,0.0,1.0,2.3338552
2,A_recon,in_distribution,93,-0.29877344,0.0,0.0,1.0,6.8142953
2,A_recon,in_distribution,94,-0.21044691,0.0,0.0,1.0,8.177419
2,A_recon,in_distribution,95,-0.12735456,0.0,0.0,1.0,3.5405085
2,A_recon,in_distribution,96,-0.20744088,0.0,0.0,1.0,3.518481
2,A_recon,in_distribution,97,-0.17904934,0.0,0.0,1.0,4.603866
2,A_recon,in_distribution,98,-0.14939578,0.0,0.0,1.0,3.0933459
2,A_recon,in_distribution,99,-0.031857535,0.0,0.37777777777777777,1.0,2.0439236
2,A_recon,4_distractors,0,-0.20696042,0.0,0.0,1.0,4.8503666
2,A_recon,4_distractors,1,-0.28422368,0.0,0.0,1.0,6.671631
2,A_recon,4_distractors,2,-0.3142443,0.0,0.0,1.0,6.7302566
2,A_recon,4_distractors,3,-0.14768232,0.0,0.0,1.0,4.436806
2,A_recon,4_distractors,4,-0.13864288,0.0,0.0,1.0,4.7757697
2,A_recon,4_distractors,5,-0.3393349,0.0,0.0,1.0,7.3162017
2,A_recon,4_distractors,6,-0.10300212,0.0,0.0,1.0,3.1197524
2,A_recon,4_distractors,7,-0.2911838,0.0,0.0,1.0,5.1135054
2,A_recon,4_distractors,8,-0.15230884,0.0,0.0,1.0,3.0377386
2,A_recon,4_distractors,9,-0.04787707,0.0,0.28888888888888886,1.0,1.7804244
2,A_recon,4_distractors,10,-0.25142497,0.0,0.0,1.0,6.5244064
2,A_recon,4_distractors,11,-0.42272484,0.0,0.0,1.0,5.5734067
2,A_recon,4_distractors,12,-0.25931162,0.0,0.0,0.0,13.344736
2,A_recon,4_distractors,13,-0.42234653,0.0,0.0,1.0,5.9807816
2,A_recon,4_distractors,14,-0.31288674,0.0,0.0,1.0,8.904122
2,A_recon,4_distractors,15,-0.20130739,1.0,0.13333333333333333,1.0,0.7187653
2,A_recon,4_distractors,16,-0.20923294,0.0,0.0,1.0,7.60552
2,A_recon,4_distractors,17,-0.13742371,0.0,0.0,1.0,5.8553867
2,A_recon,4_distractors,18,-0.27283496,0.0,0.0,1.0,6.388097
2,A_recon,4_distractors,19,-0.26101348,0.0,0.0,1.0,2.6093476
2,A_recon,4_distractors,20,-0.21207242,0.0,0.0,1.0,5.158961
2,A_recon,4_distractors,21,-0.078378566,0.0,0.0,1.0,4.9413033
2,A_recon,4_distractors,22,-0.1573402,0.0,0.0,1.0,5.0775785
2,A_recon,4_distractors,23,0.17040375,0.0,0.4444444444444444,1.0,3.2855995
2,A_recon,4_distractors,24,-0.24090585,0.0,0.0,1.0,5.422629
2,A_recon,4_distractors,25,-0.3348323,0.0,0.0,1.0,6.0435505
2,A_recon,4_distractors,26,-0.07594707,0.0,0.0,1.0,3.647752
2,A_recon,4_distractors,27,0.07083361,1.0,0.15555555555555556,1.0,0.9832299
2,A_recon,4_distractors,28,-0.07743556,0.0,0.0,1.0,2.2916112
2,A_recon,4_distractors,29,-0.34404483,0.0,0.0,1.0,10.028142
2,A_recon,4_distractors,30,-0.35950482,0.0,0.0,1.0,9.674768
2,A_recon,4_distractors,31,-0.06245503,0.0,0.15555555555555556,1.0,2.079947
2,A_recon,4_distractors,32,-0.45877066,0.0,0.0,1.0,7.9946523
2,A_recon,4_distractors,33,-0.28691632,0.0,0.0,1.0,8.584305
2,A_recon,4_distractors,34,-0.0014262298,1.0,0.2222222222222222,1.0,0.61966276
2,A_recon,4_distractors,35,-0.28188294,0.0,0.0,1.0,10.228161
2,A_recon,4_distractors,36,-0.16658759,0.0,0.0,1.0,4.82967
2,A_recon,4_distractors,37,-0.3839859,0.0,0.0,1.0,5.292774
2,A_recon,4_distractors,38,-0.28591248,0.0,0.0,1.0,7.837693
2,A_recon,4_distractors,39,-0.30204064,0.0,0.0,1.0,6.5577307
2,A_recon,4_distractors,40,-0.29543775,0.0,0.0,1.0,6.7191553
2,A_recon,4_distractors,41,-0.19088143,0.0,0.0,1.0,4.501332
2,A_recon,4_distractors,42,-0.2014599,0.0,0.0,1.0,5.964643
2,A_recon,4_distractors,43,-0.2841573,0.0,0.0,1.0,7.700994
2,A_recon,4_distractors,44,-0.2374991,0.0,0.0,1.0,5.177847
2,A_recon,4_distractors,45,-0.32274967,0.0,0.0,0.0,9.674028
2,A_recon,4_distractors,46,-0.32470697,0.0,0.0,1.0,6.6176395
2,A_recon,4_distractors,47,-0.15923545,0.0,0.0,1.0,6.9428673
2,A_recon,4_distractors,48,-0.3028002,0.0,0.0,1.0,6.0652585
2,A_recon,4_distractors,49,-0.2847253,0.0,0.0,0.0,7.7107115
2,A_recon,4_distractors,50,-0.1533149,0.0,0.0,1.0,5.5875444
2,A_recon,4_distractors,51,-0.4780331,0.0,0.0,1.0,8.848964
2,A_recon,4_distractors,52,-0.06144724,1.0,0.044444444444444446,1.0,1.3653888
2,A_recon,4_distractors,53,-0.19641942,0.0,0.0,1.0,5.7972155
2,A_recon,4_distractors,54,-0.14294086,0.0,0.0,1.0,6.1396294
2,A_recon,4_distractors,55,-0.10419462,0.0,0.2,1.0,2.3276188
2,A_recon,4_distractors,56,0.0642462,0.0,0.26666666666666666,1.0,5.799528
2,A_recon,4_distractors,57,-0.30948466,1.0,0.08888888888888889,1.0,0.9682535
2,A_recon,4_distractors,58,-0.2963411,0.0,0.0,0.0,7.3122296
2,A_recon,4_distractors,59,-0.30291688,0.0,0.0,1.0,6.350211
2,A_recon,4_distractors,60,-0.39867923,0.0,0.0,1.0,7.385628
2,A_recon,4_distractors,61,-0.26365116,0.0,0.0,1.0,8.574964
2,A_recon,4_distractors,62,-0.2614036,0.0,0.0,1.0,4.536033
2,A_recon,4_distractors,63,-0.28938586,0.0,0.0,1.0,11.793449
2,A_recon,4_distractors,64,-0.2754919,0.0,0.0,1.0,4.5197973
2,A_recon,4_distractors,65,-0.025846187,0.0,0.0,1.0,5.7279725
2,A_recon,4_distractors,66,0.1474556,0.0,0.4222222222222222,1.0,5.5676694
2,A_recon,4_distractors,67,-0.18852474,0.0,0.0,1.0,7.2707663
2,A_recon,4_distractors,68,-0.22766338,0.0,0.17777777777777778,1.0,1.7316815
2,A_recon,4_distractors,69,-0.12524267,0.0,0.0,1.0,2.2121449
2,A_recon,4_distractors,70,-0.16746292,0.0,0.0,1.0,2.404147
2,A_recon,4_distractors,71,-0.3439775,0.0,0.0,1.0,5.118049
2,A_recon,4_distractors,72,0.006380822,0.0,0.15555555555555556,1.0,2.8450077
2,A_recon,4_distractors,73,-0.22376949,0.0,0.0,1.0,5.3274302
2,A_recon,4_distractors,74,-0.30312207,0.0,0.0,1.0,8.439408
2,A_recon,4_distractors,75,-0.22278813,0.0,0.0,1.0,4.0287724
2,A_recon,4_distractors,76,-0.1782459,0.0,0.0,1.0,5.486467
2,A_recon,4_distractors,77,-0.28639844,0.0,0.0,1.0,4.4306326
2,A_recon,4_distractors,78,-0.3740618,0.0,0.0,1.0,11.111335
2,A_recon,4_distractors,79,-0.22603498,0.0,0.0,1.0,7.755166
2,A_recon,4_distractors,80,-0.4414264,0.0,0.0,1.0,9.1785145
2,A_recon,4_distractors,81,-0.34073475,0.0,0.0,1.0,9.3357525
2,A_recon,4_distractors,82,-0.2992232,0.0,0.0,1.0,8.407583
2,A_recon,4_distractors,83,-0.34189743,0.0,0.0,1.0,3.377205
2,A_recon,4_distractors,84,-0.35931796,0.0,0.0,1.0,11.615249
2,A_recon,4_distractors,85,-0.3189889,0.0,0.0,1.0,4.9175453
2,A_recon,4_distractors,86,-0.30646622,0.0,0.0,0.0,8.019621
2,A_recon,4_distractors,87,-0.18261895,0.0,0.0,1.0,5.5783634
2,A_recon,4_distractors,88,-0.096684,0.0,0.0,1.0,1.7980415
2,A_recon,4_distractors,89,-0.26058164,0.0,0.0,1.0,7.5566926
2,A_recon,4_distractors,90,-0.38844287,0.0,0.0,1.0,6.6960735
2,A_recon,4_distractors,91,-0.19461913,0.0,0.17777777777777778,1.0,2.6815753
2,A_recon,4_distractors,92,-0.13697608,0.0,0.0,1.0,1.6556482
2,A_recon,4_distractors,93,-0.30666512,0.0,0.0,1.0,8.139535
2,A_recon,4_distractors,94,-0.21044204,0.0,0.0,1.0,7.992434
2,A_recon,4_distractors,95,-0.22983888,0.0,0.0,1.0,4.2011986
2,A_recon,4_distractors,96,-0.18245646,0.0,0.0,1.0,2.7281303
2,A_recon,4_distractors,97,-0.2366675,0.0,0.0,1.0,4.8612857
2,A_recon,4_distractors,98,-0.14268345,0.0,0.0,1.0,3.20598
2,A_recon,4_distractors,99,-0.032877672,1.0,0.37777777777777777,1.0,1.5315156
2,A_recon,fast_distractors,0,-0.21371996,0.0,0.0,1.0,5.2362156
2,A_recon,fast_distractors,1,-0.280808,0.0,0.0,1.0,6.909153
2,A_recon,fast_distractors,2,-0.17978323,0.0,0.0,1.0,3.3568301
2,A_recon,fast_distractors,3,-0.12793033,0.0,0.0,1.0,4.2009897
2,A_recon,fast_distractors,4,-0.12081569,0.0,0.0,1.0,4.720718
2,A_recon,fast_distractors,5,-0.28704068,0.0,0.0,1.0,3.9638731
2,A_recon,fast_distractors,6,-0.096072875,0.0,0.0,1.0,3.8730738
2,A_recon,fast_distractors,7,-0.27518696,0.0,0.0,1.0,4.1814923
2,A_recon,fast_distractors,8,-0.07336243,0.0,0.2222222222222222,1.0,2.3999238
2,A_recon,fast_distractors,9,-0.15547183,1.0,0.08888888888888889,1.0,1.0878569
2,A_recon,fast_distractors,10,-0.2466447,0.0,0.0,1.0,6.291803
2,A_recon,fast_distractors,11,-0.3892453,0.0,0.0,1.0,6.739413
2,A_recon,fast_distractors,12,-0.21980001,0.0,0.0,0.0,12.42454
2,A_recon,fast_distractors,13,-0.35882446,0.0,0.0,1.0,2.3785908
2,A_recon,fast_distractors,14,-0.28483483,0.0,0.0,1.0,7.584361
2,A_recon,fast_distractors,15,-0.33028132,0.0,0.0,1.0,5.822983
2,A_recon,fast_distractors,16,-0.20132568,0.0,0.0,1.0,6.3667965
2,A_recon,fast_distractors,17,-0.13354148,0.0,0.0,1.0,6.6891212
2,A_recon,fast_distractors,18,-0.2496904,0.0,0.0,1.0,5.2403927
2,A_recon,fast_distractors,19,-0.2787,0.0,0.0,1.0,2.5803204
2,A_recon,fast_distractors,20,-0.21912614,0.0,0.0,1.0,5.182595
2,A_recon,fast_distractors,21,-0.07869199,0.0,0.0,1.0,4.907157
2,A_recon,fast_distractors,22,-0.16749433,0.0,0.0,1.0,5.2307706
2,A_recon,fast_distractors,23,0.17502114,0.0,0.4444444444444444,1.0,3.092167
2,A_recon,fast_distractors,24,-0.21459812,0.0,0.0,1.0,5.3991585
2,A_recon,fast_distractors,25,-0.3476415,0.0,0.0,1.0,6.9289618
2,A_recon,fast_distractors,26,-0.045419715,0.0,0.0,1.0,3.0090773
2,A_recon,fast_distractors,27,0.01033491,0.0,0.0,1.0,1.6688826
2,A_recon,fast_distractors,28,-0.039890636,0.0,0.0,1.0,2.2748144
2,A_recon,fast_distractors,29,-0.36865807,0.0,0.0,1.0,11.718272
2,A_recon,fast_distractors,30,-0.36660087,0.0,0.0,1.0,11.057935
2,A_recon,fast_distractors,31,-0.0023740784,0.0,0.24444444444444444,1.0,2.4338098
2,A_recon,fast_distractors,32,-0.48123333,0.0,0.0,1.0,8.640502
2,A_recon,fast_distractors,33,-0.29639375,0.0,0.0,1.0,9.306506
2,A_recon,fast_distractors,34,0.026923683,1.0,0.35555555555555557,1.0,0.8617449
2,A_recon,fast_distractors,35,-0.28128785,0.0,0.0,1.0,10.522665
2,A_recon,fast_distractors,36,-0.16069272,0.0,0.0,1.0,3.8428626
2,A_recon,fast_distractors,37,-0.31438223,0.0,0.0,1.0,2.9276402
2,A_recon,fast_distractors,38,-0.2886231,0.0,0.0,1.0,8.340752
2,A_recon,fast_distractors,39,-0.3048803,0.0,0.0,1.0,7.9628167
2,A_recon,fast_distractors,40,-0.30887538,0.0,0.0,1.0,7.1922107
2,A_recon,fast_distractors,41,-0.18940252,0.0,0.0,1.0,4.608725
2,A_recon,fast_distractors,42,-0.19433372,0.0,0.0,1.0,5.4811845
2,A_recon,fast_distractors,43,-0.28022808,0.0,0.0,1.0,7.5144644
2,A_recon,fast_distractors,44,-0.24921401,0.0,0.0,1.0,3.7641644
2,A_recon,fast_distractors,45,-0.3058488,0.0,0.0,1.0,8.1926775
2,A_recon,fast_distractors,46,-0.13456719,1.0,0.17777777777777778,1.0,0.4718491
2,A_recon,fast_distractors,47,-0.15345374,0.0,0.0,1.0,6.25804
2,A_recon,fast_distractors,48,-0.36746106,0.0,0.0,1.0,7.8481107
2,A_recon,fast_distractors,49,-0.29601163,0.0,0.0,0.0,8.290831
2,A_recon,fast_distractors,50,-0.18143871,0.0,0.0,1.0,5.7751794
2,A_recon,fast_distractors,51,-0.53886425,0.0,0.0,0.0,11.820208
2,A_recon,fast_distractors,52,-0.05398601,1.0,0.044444444444444446,1.0,1.370635
2,A_recon,fast_distractors,53,-0.19783291,0.0,0.0,1.0,5.828948
2,A_recon,fast_distractors,54,-0.1477338,0.0,0.0,1.0,5.9939785
2,A_recon,fast_distractors,55,-0.1726616,0.0,0.0,1.0,2.4031227
2,A_recon,fast_distractors,56,0.055493414,0.0,0.26666666666666666,1.0,6.4128637
2,A_recon,fast_distractors,57,-0.44484842,0.0,0.0,1.0,7.0579977
2,A_recon,fast_distractors,58,-0.2887365,0.0,0.0,1.0,5.9697437
2,A_recon,fast_distractors,59,-0.317114,0.0,0.0,1.0,5.787225
2,A_recon,fast_distractors,60,-0.3954268,0.0,0.0,1.0,7.3770804
2,A_recon,fast_distractors,61,-0.27717432,0.0,0.0,1.0,8.917849
2,A_recon,fast_distractors,62,-0.21984571,0.0,0.0,1.0,3.0964499
2,A_recon,fast_distractors,63,-0.24236798,0.0,0.0,1.0,7.3507295
2,A_recon,fast_distractors,64,-0.28701296,0.0,0.0,1.0,5.4607573
2,A_recon,fast_distractors,65,0.029807694,0.0,0.2,1.0,5.218553
2,A_recon,fast_distractors,66,0.10846427,0.0,0.3333333333333333,1.0,5.75952
2,A_recon,fast_distractors,67,-0.17158042,0.0,0.0,1.0,6.6661353
2,A_recon,fast_distractors,68,-0.19722307,0.0,0.2222222222222222,1.0,2.288708
2,A_recon,fast_distractors,69,-0.16936444,0.0,0.0,1.0,3.3046832
2,A_recon,fast_distractors,70,-0.18602835,0.0,0.0,1.0,3.5525346
2,A_recon,fast_distractors,71,-0.3363068,0.0,0.0,1.0,8.581508
2,A_recon,fast_distractors,72,-0.0033675102,0.0,0.15555555555555556,1.0,3.5552168
2,A_recon,fast_distractors,73,-0.20415054,0.0,0.0,1.0,3.240168
2,A_recon,fast_distractors,74,-0.28332475,0.0,0.0,1.0,7.703872
2,A_recon,fast_distractors,75,-0.15727872,0.0,0.0,1.0,2.2093625
2,A_recon,fast_distractors,76,-0.17496881,0.0,0.0,1.0,5.769713
2,A_recon,fast_distractors,77,-0.3013586,0.0,0.0,1.0,4.3870783
2,A_recon,fast_distractors,78,-0.07636579,0.0,0.0,1.0,1.851327
2,A_recon,fast_distractors,79,-0.22937192,0.0,0.0,1.0,8.4034395
2,A_recon,fast_distractors,80,-0.48965144,0.0,0.0,1.0,12.849125
2,A_recon,fast_distractors,81,-0.31846574,0.0,0.0,1.0,7.5023355
2,A_recon,fast_distractors,82,-0.34751627,0.0,0.0,1.0,11.239808
2,A_recon,fast_distractors,83,-0.3524172,0.0,0.0,1.0,3.917621
2,A_recon,fast_distractors,84,-0.39323324,0.0,0.0,1.0,13.376685
2,A_recon,fast_distractors,85,-0.3203459,0.0,0.0,1.0,5.1874723
2,A_recon,fast_distractors,86,-0.3141338,0.0,0.0,0.0,7.268988
2,A_recon,fast_distractors,87,-0.18817848,0.0,0.0,1.0,5.7772384
2,A_recon,fast_distractors,88,-0.16074583,0.0,0.0,1.0,3.5837498
2,A_recon,fast_distractors,89,-0.26860327,0.0,0.0,1.0,8.438887
2,A_recon,fast_distractors,90,-0.39328057,0.0,0.0,1.0,7.487137
2,A_recon,fast_distractors,91,-0.17863558,0.0,0.24444444444444444,1.0,2.798769
2,A_recon,fast_distractors,92,-0.098986894,0.0,0.0,1.0,2.4280639
2,A_recon,fast_distractors,93,-0.30199116,0.0,0.0,1.0,7.239771
2,A_recon,fast_distractors,94,-0.21009745,0.0,0.0,1.0,7.8413405
2,A_recon,fast_distractors,95,-0.0787084,0.0,0.2,1.0,2.8018298
2,A_recon,fast_distractors,96,-0.17315313,0.0,0.0,1.0,2.3987617
2,A_recon,fast_distractors,97,-0.21307293,0.0,0.0,1.0,4.0170918
2,A_recon,fast_distractors,98,-0.14382033,0.0,0.0,1.0,2.9183702
2,A_recon,fast_distractors,99,-0.03931061,0.0,0.3111111111111111,1.0,1.6046518
2,A_recon,unseen_distractor_hues,0,-0.2036611,0.0,0.0,1.0,4.7968
2,A_recon,unseen_distractor_hues,1,-0.28092414,0.0,0.0,1.0,6.492339
2,A_recon,unseen_distractor_hues,2,-0.12999943,0.0,0.24444444444444444,1.0,1.6461037
2,A_recon,unseen_distractor_hues,3,-0.15239109,0.0,0.0,1.0,4.770546
2,A_recon,unseen_distractor_hues,4,-0.13941325,0.0,0.0,1.0,4.8574004
2,A_recon,unseen_distractor_hues,5,-0.32843414,0.0,0.0,1.0,6.026109
2,A_recon,unseen_distractor_hues,6,-0.09260524,0.0,0.0,1.0,3.9400156
2,A_recon,unseen_distractor_hues,7,-0.27896556,0.0,0.0,1.0,4.544867
2,A_recon,unseen_distractor_hues,8,-0.12472368,0.0,0.13333333333333333,1.0,4.559046
2,A_recon,unseen_distractor_hues,9,-0.083102256,0.0,0.24444444444444444,1.0,1.6867911
2,A_recon,unseen_distractor_hues,10,-0.24301924,0.0,0.0,1.0,6.2884455
2,A_recon,unseen_distractor_hues,11,-0.43756378,0.0,0.0,1.0,9.869422
2,A_recon,unseen_distractor_hues,12,-0.25516528,0.0,0.0,0.0,13.262139
2,A_recon,unseen_distractor_hues,13,-0.39622074,0.0,0.0,1.0,5.4354596
2,A_recon,unseen_distractor_hues,14,-0.29132777,0.0,0.0,1.0,8.051574
2,A_recon,unseen_distractor_hues,15,-0.2538679,0.0,0.0,1.0,1.7535747
2,A_recon,unseen_distractor_hues,16,-0.21062715,0.0,0.0,1.0,6.928128
2,A_recon,unseen_distractor_hues,17,-0.1296465,0.0,0.0,1.0,6.122305
2,A_recon,unseen_distractor_hues,18,-0.24424498,0.0,0.0,1.0,4.957605
2,A_recon,unseen_distractor_hues,19,-0.26138738,0.0,0.0,1.0,2.5004618
2,A_recon,unseen_distractor_hues,20,-0.21265191,0.0,0.0,1.0,5.555279
2,A_recon,unseen_distractor_hues,21,-0.06529277,0.0,0.0,1.0,4.4358354
2,A_recon,unseen_distractor_hues,22,-0.1633526,0.0,0.0,1.0,5.14847
2,A_recon,unseen_distractor_hues,23,0.17325206,0.0,0.4444444444444444,1.0,3.2335532
2,A_recon,unseen_distractor_hues,24,-0.23300818,0.0,0.0,1.0,6.006854
2,A_recon,unseen_distractor_hues,25,-0.35797423,0.0,0.0,1.0,8.6288185
2,A_recon,unseen_distractor_hues,26,-0.001682507,0.0,0.0,1.0,1.8103102
2,A_recon,unseen_distractor_hues,27,0.02080765,0.0,0.0,1.0,1.5792528
2,A_recon,unseen_distractor_hues,28,-0.03974583,0.0,0.0,1.0,2.2525823
2,A_recon,unseen_distractor_hues,29,-0.36024857,0.0,0.0,1.0,11.171562
2,A_recon,unseen_distractor_hues,30,-0.37557194,0.0,0.0,1.0,10.963218
2,A_recon,unseen_distractor_hues,31,0.0035996193,0.0,0.26666666666666666,1.0,2.246712
2,A_recon,unseen_distractor_hues,32,-0.497607,0.0,0.0,1.0,9.790243
2,A_recon,unseen_distractor_hues,33,-0.28892234,0.0,0.0,1.0,8.540383
2,A_recon,unseen_distractor_hues,34,-0.056000393,0.0,0.0,1.0,1.9223584
2,A_recon,unseen_distractor_hues,35,-0.28021708,0.0,0.0,1.0,10.584839
2,A_recon,unseen_distractor_hues,36,-0.17380443,0.0,0.0,1.0,5.3594055
2,A_recon,unseen_distractor_hues,37,-0.32801887,0.0,0.0,1.0,3.6182063
2,A_recon,unseen_distractor_hues,38,-0.27297097,0.0,0.0,1.0,8.284058
2,A_recon,unseen_distractor_hues,39,-0.30010518,0.0,0.0,1.0,6.688993
2,A_recon,unseen_distractor_hues,40,-0.31466135,0.0,0.0,1.0,7.42804
2,A_recon,unseen_distractor_hues,41,-0.18506166,0.0,0.0,1.0,4.2173734
2,A_recon,unseen_distractor_hues,42,-0.19423133,0.0,0.0,1.0,6.141775
2,A_recon,unseen_distractor_hues,43,-0.26513883,0.0,0.0,1.0,7.018555
2,A_recon,unseen_distractor_hues,44,-0.25384802,0.0,0.0,1.0,3.528567
2,A_recon,unseen_distractor_hues,45,-0.28893703,0.0,0.0,1.0,7.5852013
2,A_recon,unseen_distractor_hues,46,-0.317473,0.0,0.0,1.0,6.7268844
2,A_recon,unseen_distractor_hues,47,-0.14190954,0.0,0.0,1.0,6.001951
2,A_recon,unseen_distractor_hues,48,-0.33976403,0.0,0.0,1.0,6.90901
2,A_recon,unseen_distractor_hues,49,-0.30343756,0.0,0.0,1.0,7.5765657
2,A_recon,unseen_distractor_hues,50,-0.18322082,0.0,0.0,1.0,5.6355124
2,A_recon,unseen_distractor_hues,51,-0.4886864,0.0,0.0,1.0,9.912269
2,A_recon,unseen_distractor_hues,52,-0.028600462,1.0,0.13333333333333333,1.0,0.9894611
2,A_recon,unseen_distractor_hues,53,-0.2060817,0.0,0.0,1.0,6.771153
2,A_recon,unseen_distractor_hues,54,-0.150061,0.0,0.0,1.0,6.3256593
2,A_recon,unseen_distractor_hues,55,-0.1905728,0.0,0.0,1.0,3.5530553
2,A_recon,unseen_distractor_hues,56,0.07346149,0.0,0.26666666666666666,1.0,5.7295256
2,A_recon,unseen_distractor_hues,57,-0.44390306,0.0,0.0,0.0,7.322165
2,A_recon,unseen_distractor_hues,58,-0.28473732,0.0,0.0,1.0,6.0803285
2,A_recon,unseen_distractor_hues,59,-0.32815498,0.0,0.0,0.0,7.4010377
2,A_recon,unseen_distractor_hues,60,-0.39281696,0.0,0.0,1.0,7.804979
2,A_recon,unseen_distractor_hues,61,-0.26353884,0.0,0.0,1.0,8.908225
2,A_recon,unseen_distractor_hues,62,-0.34880215,0.0,0.0,1.0,9.845002
2,A_recon,unseen_distractor_hues,63,-0.24823129,0.0,0.0,1.0,6.6812387
2,A_recon,unseen_distractor_hues,64,-0.33659494,0.0,0.0,1.0,7.854335
2,A_recon,unseen_distractor_hues,65,-0.029807901,0.0,0.0,1.0,5.774615
2,A_recon,unseen_distractor_hues,66,0.19216353,0.0,0.5555555555555556,1.0,3.9059155
2,A_recon,unseen_distractor_hues,67,-0.19419043,0.0,0.0,1.0,7.321346
2,A_recon,unseen_distractor_hues,68,-0.32360733,0.0,0.0,1.0,3.2329147
2,A_recon,unseen_distractor_hues,69,-0.14095837,0.0,0.0,1.0,3.7482588
2,A_recon,unseen_distractor_hues,70,-0.17813204,0.0,0.0,1.0,2.912203
2,A_recon,unseen_distractor_hues,71,-0.21828176,0.0,0.0,1.0,1.8911656
2,A_recon,unseen_distractor_hues,72,-0.07765265,0.0,0.0,1.0,5.0838375
2,A_recon,unseen_distractor_hues,73,-0.2251094,0.0,0.0,1.0,5.1818933
2,A_recon,unseen_distractor_hues,74,-0.29894885,0.0,0.0,1.0,8.130118
2,A_recon,unseen_distractor_hues,75,-0.20818634,0.0,0.0,1.0,3.208759
2,A_recon,unseen_distractor_hues,76,-0.16930707,0.0,0.0,1.0,4.5906954
2,A_recon,unseen_distractor_hues,77,-0.3029756,0.0,0.0,1.0,4.5073614
2,A_recon,unseen_distractor_hues,78,-0.36911845,0.0,0.0,1.0,9.759914
2,A_recon,unseen_distractor_hues,79,-0.23158406,0.0,0.0,1.0,8.044589
2,A_recon,unseen_distractor_hues,80,-0.44319525,0.0,0.0,1.0,9.65157
2,A_recon,unseen_distractor_hues,81,-0.32548365,0.0,0.0,1.0,7.9882507
2,A_recon,unseen_distractor_hues,82,-0.3397479,0.0,0.0,1.0,10.399684
2,A_recon,unseen_distractor_hues,83,-0.3398785,0.0,0.0,1.0,5.4006
2,A_recon,unseen_distractor_hues,84,-0.39266393,0.0,0.0,1.0,13.300344
2,A_recon,unseen_distractor_hues,85,-0.3254047,0.0,0.0,1.0,5.1553245
2,A_recon,unseen_distractor_hues,86,-0.3279448,0.0,0.0,0.0,6.9684334
2,A_recon,unseen_distractor_hues,87,-0.18807036,0.0,0.0,1.0,5.358923
2,A_recon,unseen_distractor_hues,88,-0.17909172,0.0,0.0,1.0,4.247689
2,A_recon,unseen_distractor_hues,89,-0.27037176,0.0,0.0,1.0,8.514412
2,A_recon,unseen_distractor_hues,90,-0.23716259,0.0,0.0,1.0,2.785563
2,A_recon,unseen_distractor_hues,91,-0.19550556,0.0,0.17777777777777778,1.0,2.8460634
2,A_recon,unseen_distractor_hues,92,-0.10766894,0.0,0.0,1.0,2.2814655
2,A_recon,unseen_distractor_hues,93,-0.30178696,0.0,0.0,1.0,7.16563
2,A_recon,unseen_distractor_hues,94,-0.22036913,0.0,0.0,1.0,8.837195
2,A_recon,unseen_distractor_hues,95,-0.012302539,0.0,0.3111111111111111,1.0,1.7045314
2,A_recon,unseen_distractor_hues,96,-0.1451454,1.0,0.1111111111111111,1.0,1.2433175
2,A_recon,unseen_distractor_hues,97,-0.22901937,0.0,0.0,1.0,4.1545715
2,A_recon,unseen_distractor_hues,98,-0.14901389,0.0,0.0,1.0,2.7786407
2,A_recon,unseen_distractor_hues,99,-0.031577438,1.0,0.3333333333333333,1.0,1.2633005
2,A_recon,heavy_pixel_noise,0,-0.22751412,0.0,0.0,1.0,6.01275
2,A_recon,heavy_pixel_noise,1,-0.25149584,0.0,0.0,1.0,5.247248
2,A_recon,heavy_pixel_noise,2,-0.3155358,0.0,0.0,1.0,6.504536
2,A_recon,heavy_pixel_noise,3,-0.12056619,0.0,0.0,1.0,3.6658866
2,A_recon,heavy_pixel_noise,4,-0.1266048,0.0,0.0,1.0,2.9442506
2,A_recon,heavy_pixel_noise,5,-0.26332295,0.0,0.0,1.0,2.0342872
2,A_recon,heavy_pixel_noise,6,-0.040597137,0.0,0.13333333333333333,1.0,2.5656037
2,A_recon,heavy_pixel_noise,7,-0.2666403,0.0,0.0,1.0,3.265943
2,A_recon,heavy_pixel_noise,8,-0.13310802,0.0,0.1111111111111111,1.0,4.175236
2,A_recon,heavy_pixel_noise,9,-0.22243333,0.0,0.0,1.0,1.9633135
2,A_recon,heavy_pixel_noise,10,-0.33107084,0.0,0.0,1.0,7.4966974
2,A_recon,heavy_pixel_noise,11,-0.1936527,1.0,0.17777777777777778,1.0,0.13737646
2,A_recon,heavy_pixel_noise,12,-0.23128769,0.0,0.0,1.0,10.158438
2,A_recon,heavy_pixel_noise,13,-0.3880322,0.0,0.0,1.0,5.474284
2,A_recon,heavy_pixel_noise,14,-0.21706583,0.0,0.0,1.0,4.063856
2,A_recon,heavy_pixel_noise,15,-0.41564938,0.0,0.0,1.0,7.511955
2,A_recon,heavy_pixel_noise,16,-0.19953558,0.0,0.0,1.0,7.030083
2,A_recon,heavy_pixel_noise,17,-0.1274538,0.0,0.0,1.0,5.9283094
2,A_recon,heavy_pixel_noise,18,-0.40569144,0.0,0.0,1.0,10.303345
2,A_recon,heavy_pixel_noise,19,-0.22288632,0.0,0.0,1.0,2.2631512
2,A_recon,heavy_pixel_noise,20,-0.22463241,0.0,0.0,0.0,6.1375265
2,A_recon,heavy_pixel_noise,21,-0.092589155,0.0,0.0,1.0,5.3111906
2,A_recon,heavy_pixel_noise,22,-0.17187777,0.0,0.0,1.0,5.262973
2,A_recon,heavy_pixel_noise,23,0.18646997,0.0,0.4666666666666667,1.0,3.0898125
2,A_recon,heavy_pixel_noise,24,-0.19582632,0.0,0.0,1.0,2.6796317
2,A_recon,heavy_pixel_noise,25,-0.35367367,0.0,0.0,0.0,7.8080587
2,A_recon,heavy_pixel_noise,26,-0.06863184,0.0,0.0,1.0,4.0542984
2,A_recon,heavy_pixel_noise,27,0.08462245,1.0,0.2222222222222222,1.0,0.90115285
2,A_recon,heavy_pixel_noise,28,-0.08404518,0.0,0.0,1.0,3.9367452
2,A_recon,heavy_pixel_noise,29,-0.3475339,0.0,0.0,1.0,10.841547
2,A_recon,heavy_pixel_noise,30,-0.41632846,0.0,0.0,1.0,12.909569
2,A_recon,heavy_pixel_noise,31,-0.04241465,0.0,0.2,1.0,2.2570934
2,A_recon,heavy_pixel_noise,32,-0.41415563,0.0,0.0,1.0,6.637066
2,A_recon,heavy_pixel_noise,33,-0.29500556,0.0,0.0,1.0,9.968214
2,A_recon,heavy_pixel_noise,34,-0.18586975,0.0,0.022222222222222223,1.0,6.337003
2,A_recon,heavy_pixel_noise,35,-0.2725467,0.0,0.0,1.0,10.210408
2,A_recon,heavy_pixel_noise,36,-0.15627651,0.0,0.0,1.0,4.1031303
2,A_recon,heavy_pixel_noise,37,-0.52737355,0.0,0.0,1.0,11.210361
2,A_recon,heavy_pixel_noise,38,-0.27397636,0.0,0.0,1.0,8.854598
2,A_recon,heavy_pixel_noise,39,-0.29200676,0.0,0.0,1.0,6.0182514
2,A_recon,heavy_pixel_noise,40,-0.0824241,1.0,0.15555555555555556,1.0,0.634193
2,A_recon,heavy_pixel_noise,41,-0.1718353,0.0,0.0,1.0,3.4576893
2,A_recon,heavy_pixel_noise,42,-0.105312906,0.0,0.0,1.0,4.6568065
2,A_recon,heavy_pixel_noise,43,-0.25508577,0.0,0.0,1.0,6.4311295
2,A_recon,heavy_pixel_noise,44,-0.105920084,0.0,0.13333333333333333,1.0,5.1577425
2,A_recon,heavy_pixel_noise,45,-0.17842771,0.0,0.0,1.0,2.7022617
2,A_recon,heavy_pixel_noise,46,-0.12621583,1.0,0.2222222222222222,1.0,1.1961107
2,A_recon,heavy_pixel_noise,47,-0.26234236,0.0,0.0,0.0,12.468036
2,A_recon,heavy_pixel_noise,48,-0.18710522,0.0,0.0,1.0,2.0715086
2,A_recon,heavy_pixel_noise,49,-0.21576218,0.0,0.0,1.0,2.8460329
2,A_recon,heavy_pixel_noise,50,-0.17909041,0.0,0.0,1.0,5.848014
2,A_recon,heavy_pixel_noise,51,-0.41453755,0.0,0.0,1.0,3.158174
2,A_recon,heavy_pixel_noise,52,-0.030176554,1.0,0.13333333333333333,1.0,1.0075408
2,A_recon,heavy_pixel_noise,53,-0.20926334,0.0,0.0,1.0,6.154004
2,A_recon,heavy_pixel_noise,54,-0.09591266,0.0,0.0,1.0,4.578081
2,A_recon,heavy_pixel_noise,55,-0.088585295,0.0,0.26666666666666666,1.0,1.5895054
2,A_recon,heavy_pixel_noise,56,0.050867606,0.0,0.24444444444444444,1.0,6.3339334
2,A_recon,heavy_pixel_noise,57,-0.37128893,0.0,0.0,1.0,2.7082608
2,A_recon,heavy_pixel_noise,58,-0.29836097,0.0,0.0,0.0,7.0132246
2,A_recon,heavy_pixel_noise,59,-0.39836493,0.0,0.0,0.0,8.120204
2,A_recon,heavy_pixel_noise,60,-0.39423212,0.0,0.0,1.0,8.455357
2,A_recon,heavy_pixel_noise,61,-0.03504539,0.0,0.13333333333333333,1.0,3.213767
2,A_recon,heavy_pixel_noise,62,-0.38049746,0.0,0.0,1.0,9.932517
2,A_recon,heavy_pixel_noise,63,-0.2659933,0.0,0.0,1.0,6.558462
2,A_recon,heavy_pixel_noise,64,-0.38557634,0.0,0.0,1.0,11.251841
2,A_recon,heavy_pixel_noise,65,-0.0076660165,0.0,0.17777777777777778,1.0,6.8124576
2,A_recon,heavy_pixel_noise,66,0.10956351,1.0,0.24444444444444444,1.0,0.49761906
2,A_recon,heavy_pixel_noise,67,-0.007228345,0.0,0.28888888888888886,1.0,1.5957637
2,A_recon,heavy_pixel_noise,68,-0.21274525,0.0,0.2,1.0,2.7484481
2,A_recon,heavy_pixel_noise,69,-0.15229043,0.0,0.0,1.0,4.8058987
2,A_recon,heavy_pixel_noise,70,-0.17641799,0.0,0.0,1.0,3.3633363
2,A_recon,heavy_pixel_noise,71,-0.42715713,0.0,0.0,1.0,11.859131
2,A_recon,heavy_pixel_noise,72,0.19695929,0.0,0.3333333333333333,1.0,2.9657555
2,A_recon,heavy_pixel_noise,73,-0.120905116,0.0,0.13333333333333333,1.0,5.6481667
2,A_recon,heavy_pixel_noise,74,-0.31214106,0.0,0.0,1.0,8.408977
2,A_recon,heavy_pixel_noise,75,-0.13827462,0.0,0.0,1.0,2.5433116
2,A_recon,heavy_pixel_noise,76,-0.18221915,0.0,0.0,1.0,6.0251822
2,A_recon,heavy_pixel_noise,77,-0.30261856,0.0,0.0,1.0,5.137656
2,A_recon,heavy_pixel_noise,78,-0.10266412,0.0,0.0,1.0,2.2535043
2,A_recon,heavy_pixel_noise,79,-0.09843279,0.0,0.0,1.0,5.4688025
2,A_recon,heavy_pixel_noise,80,-0.52239263,0.0,0.0,1.0,14.670877
2,A_recon,heavy_pixel_noise,81,-0.30987793,0.0,0.0,1.0,5.3965096
2,A_recon,heavy_pixel_noise,82,-0.31551522,0.0,0.0,1.0,6.034374
2,A_recon,heavy_pixel_noise,83,-0.3237055,0.0,0.0,1.0,5.31198
2,A_recon,heavy_pixel_noise,84,-0.5857247,0.0,0.0,0.0,21.492485
2,A_recon,heavy_pixel_noise,85,-0.33774805,0.0,0.0,1.0,5.642604
2,A_recon,heavy_pixel_noise,86,-0.27048656,0.0,0.0,1.0,6.8304524
2,A_recon,heavy_pixel_noise,87,-0.15776005,0.0,0.0,1.0,3.563689
2,A_recon,heavy_pixel_noise,88,-0.10197448,0.0,0.044444444444444446,1.0,2.36411
2,A_recon,heavy_pixel_noise,89,-0.26593125,0.0,0.0,1.0,7.7291203
2,A_recon,heavy_pixel_noise,90,-0.46773753,0.0,0.0,1.0,8.738442
2,A_recon,heavy_pixel_noise,91,-0.24096502,0.0,0.13333333333333333,1.0,4.8411365
2,A_recon,heavy_pixel_noise,92,-0.054951753,0.0,0.0,1.0,1.8419112
2,A_recon,heavy_pixel_noise,93,-0.34985113,0.0,0.0,1.0,9.908684
2,A_recon,heavy_pixel_noise,94,-0.18710795,0.0,0.0,1.0,6.7971725
2,A_recon,heavy_pixel_noise,95,-0.3067054,0.0,0.0,1.0,5.964259
2,A_recon,heavy_pixel_noise,96,-0.5194091,0.0,0.0,1.0,13.291174
2,A_recon,heavy_pixel_noise,97,-0.19771913,0.0,0.0,1.0,6.61777
2,A_recon,heavy_pixel_noise,98,-0.134486,0.0,0.0,1.0,2.7299058
2,A_recon,heavy_pixel_noise,99,-0.039970484,0.0,0.3111111111111111,1.0,1.7757236
2,B_task,in_distribution,0,-0.36721662,0.0,0.0,1.0,10.969761
2,B_task,in_distribution,1,-0.46150696,0.0,0.0,1.0,16.234385
2,B_task,in_distribution,2,-0.71588373,0.0,0.0,0.0,22.001003
2,B_task,in_distribution,3,-0.44170904,0.0,0.0,1.0,11.065423
2,B_task,in_distribution,4,-0.2732136,0.0,0.0,1.0,5.377652
2,B_task,in_distribution,5,-0.7547086,0.0,0.0,0.0,24.74521
2,B_task,in_distribution,6,-0.37811127,0.0,0.0,1.0,9.381329
2,B_task,in_distribution,7,-0.6796268,0.0,0.0,0.0,18.317749
2,B_task,in_distribution,8,-0.55894506,0.0,0.0,1.0,16.653887
2,B_task,in_distribution,9,-0.5488898,0.0,0.0,0.0,17.560965
2,B_task,in_distribution,10,-0.68899727,0.0,0.0,0.0,25.140474
2,B_task,in_distribution,11,-0.662391,0.0,0.0,0.0,21.298058
2,B_task,in_distribution,12,-0.18941712,0.0,0.0,1.0,10.112659
2,B_task,in_distribution,13,-0.7637324,0.0,0.0,0.0,25.404652
2,B_task,in_distribution,14,-0.44270796,0.0,0.0,0.0,13.350027
2,B_task,in_distribution,15,-0.66717744,0.0,0.0,0.0,19.240189
2,B_task,in_distribution,16,-0.28345704,0.0,0.0,1.0,9.816006
2,B_task,in_distribution,17,-0.17289577,0.0,0.0,1.0,7.900496
2,B_task,in_distribution,18,-0.60815424,0.0,0.0,0.0,23.271744
2,B_task,in_distribution,19,-0.6838419,0.0,0.0,0.0,18.752905
2,B_task,in_distribution,20,-0.3929861,0.0,0.0,0.0,12.913285
2,B_task,in_distribution,21,-0.1898507,0.0,0.0,1.0,8.757773
2,B_task,in_distribution,22,-0.23673488,0.0,0.0,0.0,9.895729
2,B_task,in_distribution,23,-0.13917242,0.0,0.0,1.0,4.610053
2,B_task,in_distribution,24,-0.30960572,0.0,0.0,1.0,5.6097283
2,B_task,in_distribution,25,-0.5286742,0.0,0.0,0.0,15.545834
2,B_task,in_distribution,26,-0.19644511,0.0,0.0,0.0,10.85301
2,B_task,in_distribution,27,-0.2604696,0.0,0.0,0.0,9.717617
2,B_task,in_distribution,28,-0.21760279,0.0,0.0,1.0,8.913086
2,B_task,in_distribution,29,-0.541204,0.0,0.0,0.0,21.398727
2,B_task,in_distribution,30,-0.5649928,0.0,0.0,1.0,16.88665
2,B_task,in_distribution,31,-0.47692922,0.0,0.0,0.0,13.957747
2,B_task,in_distribution,32,-0.7349968,0.0,0.0,0.0,20.506554
2,B_task,in_distribution,33,-0.23896898,0.0,0.0,1.0,5.436736
2,B_task,in_distribution,34,-0.56244373,0.0,0.0,0.0,17.33817
2,B_task,in_distribution,35,-0.34340835,0.0,0.0,1.0,11.373621
2,B_task,in_distribution,36,-0.25994778,0.0,0.0,1.0,6.5085807
2,B_task,in_distribution,37,-0.7432078,0.0,0.0,0.0,23.029312
2,B_task,in_distribution,38,-0.36551583,0.0,0.0,0.0,12.91579
2,B_task,in_distribution,39,-0.5814216,0.0,0.0,0.0,14.26689
2,B_task,in_distribution,40,-0.40890557,0.0,0.0,0.0,10.698307
2,B_task,in_distribution,41,-0.34951115,0.0,0.0,1.0,11.7030735
2,B_task,in_distribution,42,-0.24803424,0.0,0.0,1.0,7.21818
2,B_task,in_distribution,43,-0.4097636,0.0,0.0,1.0,11.942448
2,B_task,in_distribution,44,-0.3765368,0.0,0.0,0.0,7.6350827
2,B_task,in_distribution,45,-0.48002875,0.0,0.0,1.0,14.282764
2,B_task,in_distribution,46,-0.64222574,0.0,0.0,0.0,16.931343
2,B_task,in_distribution,47,-0.17998831,0.0,0.0,0.0,8.013752
2,B_task,in_distribution,48,-0.531123,0.0,0.0,1.0,16.491333
2,B_task,in_distribution,49,-0.4955097,0.0,0.0,0.0,21.330862
2,B_task,in_distribution,50,-0.3464542,0.0,0.0,1.0,10.235248
2,B_task,in_distribution,51,-0.6370437,0.0,0.0,0.0,18.32968
2,B_task,in_distribution,52,-0.32666454,0.0,0.0,0.0,13.825459
2,B_task,in_distribution,53,-0.47968996,0.0,0.0,1.0,15.660144
2,B_task,in_distribution,54,0.038991008,0.0,0.2222222222222222,1.0,1.6550056
2,B_task,in_distribution,55,-0.5898143,0.0,0.0,0.0,20.85646
2,B_task,in_distribution,56,0.14525077,0.0,0.26666666666666666,1.0,4.4451075
2,B_task,in_distribution,57,-0.8478121,0.0,0.0,0.0,28.257418
2,B_task,in_distribution,58,-0.46679235,0.0,0.0,0.0,20.07129
2,B_task,in_distribution,59,-0.4925549,0.0,0.0,0.0,16.452517
2,B_task,in_distribution,60,-0.7256691,0.0,0.0,0.0,18.540455
2,B_task,in_distribution,61,-0.32083163,0.0,0.0,0.0,10.510495
2,B_task,in_distribution,62,-0.5875227,0.0,0.0,0.0,22.956964
2,B_task,in_distribution,63,-0.2649009,0.0,0.0,1.0,13.058588
2,B_task,in_distribution,64,-0.594793,0.0,0.0,0.0,16.579842
2,B_task,in_distribution,65,-0.08975739,0.0,0.0,1.0,3.161603
2,B_task,in_distribution,66,0.048652448,0.0,0.2222222222222222,1.0,4.9501276
2,B_task,in_distribution,67,-0.15615366,0.0,0.0,1.0,2.548832
2,B_task,in_distribution,68,-0.8077611,0.0,0.0,0.0,21.31519
2,B_task,in_distribution,69,-0.40327522,0.0,0.0,0.0,15.705221
2,B_task,in_distribution,70,-0.42351744,0.0,0.0,1.0,14.218004
2,B_task,in_distribution,71,-0.6254174,0.0,0.0,0.0,17.141642
2,B_task,in_distribution,72,-0.084760614,0.0,0.0,1.0,7.057558
2,B_task,in_distribution,73,-0.34685257,0.0,0.0,1.0,13.3869095
2,B_task,in_distribution,74,-0.57864976,0.0,0.0,0.0,19.504154
2,B_task,in_distribution,75,-0.44169235,0.0,0.0,1.0,13.246734
2,B_task,in_distribution,76,-0.23525937,0.0,0.0,1.0,9.043761
2,B_task,in_distribution,77,-0.6390309,0.0,0.0,0.0,17.926228
2,B_task,in_distribution,78,-0.40803528,0.0,0.0,1.0,14.815337
2,B_task,in_distribution,79,-0.27576822,0.0,0.0,1.0,10.263763
2,B_task,in_distribution,80,-0.6999438,0.0,0.0,0.0,22.958166
2,B_task,in_distribution,81,-0.6486766,0.0,0.0,1.0,20.374912
2,B_task,in_distribution,82,-0.5585849,0.0,0.0,1.0,15.252074
2,B_task,in_distribution,83,-0.70801187,0.0,0.0,0.0,22.294167
2,B_task,in_distribution,84,-0.4635058,0.0,0.0,0.0,18.539469
2,B_task,in_distribution,85,-0.72061294,0.0,0.0,0.0,23.96895
2,B_task,in_distribution,86,-0.5708185,0.0,0.0,0.0,20.625662
2,B_task,in_distribution,87,-0.30011806,0.0,0.0,1.0,6.342386
2,B_task,in_distribution,88,-0.26437294,0.0,0.0,1.0,10.515136
2,B_task,in_distribution,89,-0.28936085,0.0,0.0,1.0,6.15389
2,B_task,in_distribution,90,-0.57727903,0.0,0.0,0.0,19.395958
2,B_task,in_distribution,91,-0.8611297,0.0,0.0,0.0,30.043222
2,B_task,in_distribution,92,-0.3216511,0.0,0.0,1.0,6.9788117
2,B_task,in_distribution,93,-0.6515388,0.0,0.0,0.0,21.778227
2,B_task,in_distribution,94,-0.26720366,0.0,0.0,1.0,11.733317
2,B_task,in_distribution,95,-0.50533676,0.0,0.0,0.0,11.8216305
2,B_task,in_distribution,96,-0.59027547,0.0,0.0,0.0,17.619684
2,B_task,in_distribution,97,-0.5082421,0.0,0.0,0.0,17.618038
2,B_task,in_distribution,98,-0.2849588,0.0,0.0,0.0,10.87943
2,B_task,in_distribution,99,-0.68339324,0.0,0.0,0.0,20.536112
2,B_task,4_distractors,0,-0.38075548,0.0,0.0,1.0,11.600914
2,B_task,4_distractors,1,-0.46099094,0.0,0.0,1.0,16.180819
2,B_task,4_distractors,2,-0.711831,0.0,0.0,0.0,21.726288
2,B_task,4_distractors,3,-0.45286208,0.0,0.0,1.0,12.09696
2,B_task,4_distractors,4,-0.27332625,0.0,0.0,1.0,5.419269
2,B_task,4_distractors,5,-0.75495476,0.0,0.0,0.0,24.754583
2,B_task,4_distractors,6,-0.37824678,0.0,0.0,1.0,9.378929
2,B_task,4_distractors,7,-0.67928094,0.0,0.0,0.0,18.258184
2,B_task,4_distractors,8,-0.56072205,0.0,0.0,1.0,16.76805
2,B_task,4_distractors,9,-0.54967564,0.0,0.0,0.0,17.605024
2,B_task,4_distractors,10,-0.691356,0.0,0.0,0.0,25.175657
2,B_task,4_distractors,11,-0.662637,0.0,0.0,0.0,21.324177
2,B_task,4_distractors,12,-0.19038962,0.0,0.0,1.0,10.256659
2,B_task,4_distractors,13,-0.76336694,0.0,0.0,0.0,25.38371
2,B_task,4_distractors,14,-0.44301173,0.0,0.0,0.0,13.367312
2,B_task,4_distractors,15,-0.6663119,0.0,0.0,0.0,19.192924
2,B_task,4_distractors,16,-0.28308514,0.0,0.0,1.0,9.80504
2,B_task,4_distractors,17,-0.14248154,0.0,0.0,1.0,6.8163867
2,B_task,4_distractors,18,-0.60883415,0.0,0.0,0.0,23.305296
2,B_task,4_distractors,19,-0.68262184,0.0,0.0,0.0,18.55715
2,B_task,4_distractors,20,-0.39336187,0.0,0.0,0.0,12.9581585
2,B_task,4_distractors,21,-0.18885306,0.0,0.0,1.0,8.674673
2,B_task,4_distractors,22,-0.24426019,0.0,0.0,0.0,10.296536
2,B_task,4_distractors,23,-0.14017159,0.0,0.0,1.0,4.601646
2,B_task,4_distractors,24,-0.31025824,0.0,0.0,1.0,5.6756268
2,B_task,4_distractors,25,-0.52887446,0.0,0.0,0.0,15.568722
2,B_task,4_distractors,26,-0.19302659,0.0,0.0,0.0,10.809552
2,B_task,4_distractors,27,-0.2606209,0.0,0.0,0.0,9.711511
2,B_task,4_distractors,28,-0.2287581,0.0,0.0,1.0,9.245871
2,B_task,4_distractors,29,-0.54160094,0.0,0.0,0.0,21.434637
2,B_task,4_distractors,30,-0.5648512,0.0,0.0,1.0,16.925516
2,B_task,4_distractors,31,-0.47960857,0.0,0.0,0.0,14.052042
2,B_task,4_distractors,32,-0.73541385,0.0,0.0,0.0,20.525028
2,B_task,4_distractors,33,-0.23811309,0.0,0.0,1.0,5.38171
2,B_task,4_distractors,34,-0.55942714,0.0,0.0,0.0,17.143614
2,B_task,4_distractors,35,-0.34284896,0.0,0.0,1.0,11.314581
2,B_task,4_distractors,36,-0.22454101,0.0,0.0,1.0,4.4865856
2,B_task,4_distractors,37,-0.7431388,0.0,0.0,0.0,22.985113
2,B_task,4_distractors,38,-0.36507517,0.0,0.0,0.0,12.896131
2,B_task,4_distractors,39,-0.5803042,0.0,0.0,0.0,14.237351
2,B_task,4_distractors,40,-0.4081171,0.0,0.0,1.0,10.621534
2,B_task,4_distractors,41,-0.35065427,0.0,0.0,1.0,11.811701
2,B_task,4_distractors,42,-0.21716455,0.0,0.0,1.0,5.544906
2,B_task,4_distractors,43,-0.40988487,0.0,0.0,1.0,11.973053
2,B_task,4_distractors,44,-0.38235906,0.0,0.0,0.0,8.151916
2,B_task,4_distractors,45,-0.47976717,0.0,0.0,1.0,14.261092
2,B_task,4_distractors,46,-0.64195305,0.0,0.0,0.0,16.931496
2,B_task,4_distractors,47,-0.18047354,0.0,0.0,0.0,8.073325
2,B_task,4_distractors,48,-0.53119355,0.0,0.0,1.0,16.44236
2,B_task,4_distractors,49,-0.49500796,0.0,0.0,0.0,21.254114
2,B_task,4_distractors,50,-0.34624144,0.0,0.0,1.0,10.1867075
2,B_task,4_distractors,51,-0.6385972,0.0,0.0,0.0,18.470089
2,B_task,4_distractors,52,-0.32712057,0.0,0.0,0.0,13.8768635
2,B_task,4_distractors,53,-0.46942604,0.0,0.0,1.0,15.217263
2,B_task,4_distractors,54,0.04124587,1.0,0.24444444444444444,1.0,1.5453858
2,B_task,4_distractors,55,-0.61804444,0.0,0.0,0.0,21.851553
2,B_task,4_distractors,56,0.26811552,0.0,0.6888888888888889,1.0,3.3191779
2,B_task,4_distractors,57,-0.8487236,0.0,0.0,0.0,28.337555
2,B_task,4_distractors,58,-0.46731386,0.0,0.0,0.0,20.100586
2,B_task,4_distractors,59,-0.4922167,0.0,0.0,0.0,16.40055
2,B_task,4_distractors,60,-0.7255,0.0,0.0,0.0,18.545027
2,B_task,4_distractors,61,-0.31932735,0.0,0.0,0.0,10.463301
2,B_task,4_distractors,62,-0.5857097,0.0,0.0,0.0,22.828867
2,B_task,4_distractors,63,-0.26514468,0.0,0.0,1.0,13.057034
2,B_task,4_distractors,64,-0.5948182,0.0,0.0,0.0,16.569698
2,B_task,4_distractors,65,-0.09027093,0.0,0.0,1.0,3.183473
2,B_task,4_distractors,66,0.049342997,0.0,0.2222222222222222,1.0,4.9090943
2,B_task,4_distractors,67,-0.15797558,0.0,0.0,1.0,2.5977407
2,B_task,4_distractors,68,-0.80787855,0.0,0.0,0.0,21.323956
2,B_task,4_distractors,69,-0.3915131,0.0,0.0,0.0,14.982671
2,B_task,4_distractors,70,-0.42304417,0.0,0.0,1.0,14.189992
2,B_task,4_distractors,71,-0.6255231,0.0,0.0,0.0,17.136911
2,B_task,4_distractors,72,-0.08652368,0.0,0.0,1.0,7.1077576
2,B_task,4_distractors,73,-0.34171754,0.0,0.0,1.0,12.997503
2,B_task,4_distractors,74,-0.58043486,0.0,0.0,0.0,19.612566
2,B_task,4_distractors,75,-0.44176403,0.0,0.0,1.0,13.241057
2,B_task,4_distractors,76,-0.23590158,0.0,0.0,1.0,9.109561
2,B_task,4_distractors,77,-0.6389055,0.0,0.0,0.0,17.930218
2,B_task,4_distractors,78,-0.40904891,0.0,0.0,1.0,14.87277
2,B_task,4_distractors,79,-0.27660602,0.0,0.0,1.0,10.346781
2,B_task,4_distractors,80,-0.7004357,0.0,0.0,0.0,22.948856
2,B_task,4_distractors,81,-0.64838773,0.0,0.0,1.0,20.35491
2,B_task,4_distractors,82,-0.5577244,0.0,0.0,1.0,15.242222
2,B_task,4_distractors,83,-0.7082435,0.0,0.0,0.0,22.315308
2,B_task,4_distractors,84,-0.46316496,0.0,0.0,0.0,18.460178
2,B_task,4_distractors,85,-0.7205009,0.0,0.0,0.0,23.949963
2,B_task,4_distractors,86,-0.57005405,0.0,0.0,0.0,20.557734
2,B_task,4_distractors,87,-0.29908195,0.0,0.0,1.0,6.32717
2,B_task,4_distractors,88,-0.26420173,0.0,0.0,1.0,10.523375
2,B_task,4_distractors,89,-0.28974432,0.0,0.0,1.0,6.2064238
2,B_task,4_distractors,90,-0.57571065,0.0,0.0,0.0,19.241837
2,B_task,4_distractors,91,-0.8637856,0.0,0.0,0.0,30.207802
2,B_task,4_distractors,92,-0.32250908,0.0,0.0,1.0,7.0866704
2,B_task,4_distractors,93,-0.6495936,0.0,0.0,0.0,21.44699
2,B_task,4_distractors,94,-0.26626527,0.0,0.0,1.0,11.716392
2,B_task,4_distractors,95,-0.5043651,0.0,0.0,0.0,11.67514
2,B_task,4_distractors,96,-0.5876373,0.0,0.0,0.0,17.436695
2,B_task,4_distractors,97,-0.50921834,0.0,0.0,0.0,17.688103
2,B_task,4_distractors,98,-0.2862888,0.0,0.0,0.0,10.959055
2,B_task,4_distractors,99,-0.6843749,0.0,0.0,0.0,20.598
2,B_task,fast_distractors,0,-0.36746466,0.0,0.0,1.0,11.014111
2,B_task,fast_distractors,1,-0.4611268,0.0,0.0,1.0,16.201889
2,B_task,fast_distractors,2,-0.71608317,0.0,0.0,0.0,22.01708
2,B_task,fast_distractors,3,-0.44201744,0.0,0.0,1.0,11.108401
2,B_task,fast_distractors,4,-0.27352354,0.0,0.0,1.0,5.381382
2,B_task,fast_distractors,5,-0.75469947,0.0,0.0,0.0,24.751791
2,B_task,fast_distractors,6,-0.37947276,0.0,0.0,1.0,9.444198
2,B_task,fast_distractors,7,-0.67981505,0.0,0.0,0.0,18.339062
2,B_task,fast_distractors,8,-0.5581723,0.0,0.0,1.0,16.67377
2,B_task,fast_distractors,9,-0.5485553,0.0,0.0,0.0,17.510775
2,B_task,fast_distractors,10,-0.6888856,0.0,0.0,0.0,25.14617
2,B_task,fast_distractors,11,-0.6625948,0.0,0.0,0.0,21.364265
2,B_task,fast_distractors,12,-0.18986854,0.0,0.0,1.0,10.188033
2,B_task,fast_distractors,13,-0.76367867,0.0,0.0,0.0,25.397602
2,B_task,fast_distractors,14,-0.4432796,0.0,0.0,0.0,13.370099
2,B_task,fast_distractors,15,-0.6666724,0.0,0.0,0.0,19.201323
2,B_task,fast_distractors,16,-0.2839279,0.0,0.0,1.0,9.858426
2,B_task,fast_distractors,17,-0.17258054,0.0,0.0,1.0,7.893469
2,B_task,fast_distractors,18,-0.60784864,0.0,0.0,0.0,23.297634
2,B_task,fast_distractors,19,-0.6831443,0.0,0.0,0.0,18.644604
2,B_task,fast_distractors,20,-0.39317763,0.0,0.0,0.0,12.964843
2,B_task,fast_distractors,21,-0.18973993,0.0,0.0,1.0,8.756365
2,B_task,fast_distractors,22,-0.2374138,0.0,0.0,0.0,9.953109
2,B_task,fast_distractors,23,-0.14108442,0.0,0.0,1.0,4.703759
2,B_task,fast_distractors,24,-0.309285,0.0,0.0,1.0,5.5800886
2,B_task,fast_distractors,25,-0.5286012,0.0,0.0,0.0,15.560839
2,B_task,fast_distractors,26,-0.19616781,0.0,0.0,0.0,10.820253
2,B_task,fast_distractors,27,-0.26120928,0.0,0.0,0.0,9.774293
2,B_task,fast_distractors,28,-0.21802296,0.0,0.0,1.0,8.922034
2,B_task,fast_distractors,29,-0.54114544,0.0,0.0,0.0,21.419048
2,B_task,fast_distractors,30,-0.5651321,0.0,0.0,1.0,16.916851
2,B_task,fast_distractors,31,-0.47926173,0.0,0.0,0.0,14.134537
2,B_task,fast_distractors,32,-0.7353491,0.0,0.0,0.0,20.555067
2,B_task,fast_distractors,33,-0.23872079,0.0,0.0,1.0,5.416412
2,B_task,fast_distractors,34,-0.5618545,0.0,0.0,0.0,17.275814
2,B_task,fast_distractors,35,-0.34270355,0.0,0.0,1.0,11.265057
2,B_task,fast_distractors,36,-0.25981474,0.0,0.0,1.0,6.5139604
2,B_task,fast_distractors,37,-0.74301934,0.0,0.0,0.0,22.985956
2,B_task,fast_distractors,38,-0.36562708,0.0,0.0,0.0,12.962607
2,B_task,fast_distractors,39,-0.5815243,0.0,0.0,0.0,14.272035
2,B_task,fast_distractors,40,-0.40898564,0.0,0.0,0.0,10.692788
2,B_task,fast_distractors,41,-0.3488303,0.0,0.0,1.0,11.652644
2,B_task,fast_distractors,42,-0.24888837,0.0,0.0,1.0,7.260452
2,B_task,fast_distractors,43,-0.410178,0.0,0.0,1.0,11.975349
2,B_task,fast_distractors,44,-0.37745413,0.0,0.0,0.0,7.723231
2,B_task,fast_distractors,45,-0.47929624,0.0,0.0,1.0,14.237926
2,B_task,fast_distractors,46,-0.6422786,0.0,0.0,0.0,16.958193
2,B_task,fast_distractors,47,-0.18015967,0.0,0.0,0.0,8.04455
2,B_task,fast_distractors,48,-0.53132635,0.0,0.0,1.0,16.481014
2,B_task,fast_distractors,49,-0.4949127,0.0,0.0,0.0,21.276442
2,B_task,fast_distractors,50,-0.34646565,0.0,0.0,1.0,10.214817
2,B_task,fast_distractors,51,-0.63498604,0.0,0.0,0.0,18.218628
2,B_task,fast_distractors,52,-0.3263415,0.0,0.0,0.0,13.82117
2,B_task,fast_distractors,53,-0.47949648,0.0,0.0,1.0,15.659161
2,B_task,fast_distractors,54,0.037353255,0.0,0.2222222222222222,1.0,1.6333103
2,B_task,fast_distractors,55,-0.59048384,0.0,0.0,0.0,20.913916
2,B_task,fast_distractors,56,0.1561955,0.0,0.26666666666666666,1.0,4.281364
2,B_task,fast_distractors,57,-0.8486073,0.0,0.0,0.0,28.339832
2,B_task,fast_distractors,58,-0.46692288,0.0,0.0,0.0,20.065254
2,B_task,fast_distractors,59,-0.49226242,0.0,0.0,0.0,16.426958
2,B_task,fast_distractors,60,-0.7262388,0.0,0.0,0.0,18.581749
2,B_task,fast_distractors,61,-0.3191331,0.0,0.0,1.0,10.436792
2,B_task,fast_distractors,62,-0.5881591,0.0,0.0,0.0,22.997849
2,B_task,fast_distractors,63,-0.26447117,0.0,0.0,1.0,13.008006
2,B_task,fast_distractors,64,-0.59462965,0.0,0.0,0.0,16.554953
2,B_task,fast_distractors,65,-0.0878076,0.0,0.0,1.0,3.109522
2,B_task,fast_distractors,66,0.04811308,0.0,0.2222222222222222,1.0,4.9829316
2,B_task,fast_distractors,67,-0.15716843,0.0,0.0,1.0,2.577728
2,B_task,fast_distractors,68,-0.8074921,0.0,0.0,0.0,21.303501
2,B_task,fast_distractors,69,-0.4031296,0.0,0.0,0.0,15.695181
2,B_task,fast_distractors,70,-0.42344373,0.0,0.0,1.0,14.236299
2,B_task,fast_distractors,71,-0.62569916,0.0,0.0,0.0,17.157858
2,B_task,fast_distractors,72,-0.084349364,0.0,0.0,1.0,7.0823374
2,B_task,fast_distractors,73,-0.34633958,0.0,0.0,1.0,13.424952
2,B_task,fast_distractors,74,-0.5788868,0.0,0.0,0.0,19.525173
2,B_task,fast_distractors,75,-0.4412585,0.0,0.0,1.0,13.248412
2,B_task,fast_distractors,76,-0.23559968,0.0,0.0,1.0,9.052551
2,B_task,fast_distractors,77,-0.6392575,0.0,0.0,0.0,17.941961
2,B_task,fast_distractors,78,-0.40885493,0.0,0.0,1.0,14.863143
2,B_task,fast_distractors,79,-0.27613914,0.0,0.0,1.0,10.300555
2,B_task,fast_distractors,80,-0.7001298,0.0,0.0,0.0,22.964611
2,B_task,fast_distractors,81,-0.6486355,0.0,0.0,1.0,20.351221
2,B_task,fast_distractors,82,-0.55826765,0.0,0.0,1.0,15.266652
2,B_task,fast_distractors,83,-0.7092909,0.0,0.0,0.0,22.341858
2,B_task,fast_distractors,84,-0.4624885,0.0,0.0,0.0,18.33893
2,B_task,fast_distractors,85,-0.7199968,0.0,0.0,0.0,23.841131
2,B_task,fast_distractors,86,-0.5718557,0.0,0.0,0.0,20.6847
2,B_task,fast_distractors,87,-0.29996875,0.0,0.0,1.0,6.342866
2,B_task,fast_distractors,88,-0.26439694,0.0,0.0,1.0,10.537885
2,B_task,fast_distractors,89,-0.28867337,0.0,0.0,1.0,6.1041636
2,B_task,fast_distractors,90,-0.5758832,0.0,0.0,0.0,19.278276
2,B_task,fast_distractors,91,-0.86107236,0.0,0.0,0.0,30.074535
2,B_task,fast_distractors,92,-0.32077816,0.0,0.0,1.0,6.913162
2,B_task,fast_distractors,93,-0.6512772,0.0,0.0,0.0,21.737627
2,B_task,fast_distractors,94,-0.26690662,0.0,0.0,1.0,11.694398
2,B_task,fast_distractors,95,-0.5085843,0.0,0.0,0.0,12.067469
2,B_task,fast_distractors,96,-0.5902435,0.0,0.0,0.0,17.627033
2,B_task,fast_distractors,97,-0.508521,0.0,0.0,0.0,17.632647
2,B_task,fast_distractors,98,-0.28522012,0.0,0.0,0.0,10.918041
2,B_task,fast_distractors,99,-0.6837725,0.0,0.0,0.0,20.56355
2,B_task,unseen_distractor_hues,0,-0.36752015,0.0,0.0,1.0,10.994343
2,B_task,unseen_distractor_hues,1,-0.46083286,0.0,0.0,1.0,16.181568
2,B_task,unseen_distractor_hues,2,-0.7173608,0.0,0.0,0.0,22.10107
2,B_task,unseen_distractor_hues,3,-0.44097582,0.0,0.0,1.0,11.072225
2,B_task,unseen_distractor_hues,4,-0.2734384,0.0,0.0,1.0,5.4705915
2,B_task,unseen_distractor_hues,5,-0.75483704,0.0,0.0,0.0,24.745733
2,B_task,unseen_distractor_hues,6,-0.37040493,0.0,0.0,1.0,8.931882
2,B_task,unseen_distractor_hues,7,-0.6799395,0.0,0.0,0.0,18.327295
2,B_task,unseen_distractor_hues,8,-0.5593469,0.0,0.0,1.0,16.757864
2,B_task,unseen_distractor_hues,9,-0.5505441,0.0,0.0,0.0,17.646072
2,B_task,unseen_distractor_hues,10,-0.68036824,0.0,0.0,0.0,24.878504
2,B_task,unseen_distractor_hues,11,-0.66262764,0.0,0.0,0.0,21.325787
2,B_task,unseen_distractor_hues,12,-0.21776445,0.0,0.0,0.0,11.591279
2,B_task,unseen_distractor_hues,13,-0.76316226,0.0,0.0,0.0,25.393402
2,B_task,unseen_distractor_hues,14,-0.4429977,0.0,0.0,0.0,13.347064
2,B_task,unseen_distractor_hues,15,-0.66607505,0.0,0.0,0.0,19.18865
2,B_task,unseen_distractor_hues,16,-0.28482202,0.0,0.0,1.0,9.951385
2,B_task,unseen_distractor_hues,17,-0.13268943,0.0,0.0,1.0,6.253631
2,B_task,unseen_distractor_hues,18,-0.6092976,0.0,0.0,0.0,23.290306
2,B_task,unseen_distractor_hues,19,-0.68363565,0.0,0.0,0.0,18.72158
2,B_task,unseen_distractor_hues,20,-0.39399356,0.0,0.0,0.0,12.9853325
2,B_task,unseen_distractor_hues,21,-0.18892805,0.0,0.0,1.0,8.694606
2,B_task,unseen_distractor_hues,22,-0.25040033,0.0,0.0,0.0,10.580026
2,B_task,unseen_distractor_hues,23,-0.14214137,0.0,0.0,1.0,4.699424
2,B_task,unseen_distractor_hues,24,-0.30992997,0.0,0.0,1.0,5.643131
2,B_task,unseen_distractor_hues,25,-0.5285656,0.0,0.0,0.0,15.551262
2,B_task,unseen_distractor_hues,26,-0.19636756,0.0,0.0,0.0,10.822503
2,B_task,unseen_distractor_hues,27,-0.2609288,0.0,0.0,0.0,9.747278
2,B_task,unseen_distractor_hues,28,-0.22795752,0.0,0.0,1.0,9.287198
2,B_task,unseen_distractor_hues,29,-0.54204446,0.0,0.0,0.0,21.485712
2,B_task,unseen_distractor_hues,30,-0.56494147,0.0,0.0,1.0,16.947388
2,B_task,unseen_distractor_hues,31,-0.47994596,0.0,0.0,0.0,14.036736
2,B_task,unseen_distractor_hues,32,-0.73419625,0.0,0.0,0.0,20.404879
2,B_task,unseen_distractor_hues,33,-0.23815781,0.0,0.0,1.0,5.343387
2,B_task,unseen_distractor_hues,34,-0.584804,0.0,0.0,0.0,17.841179
2,B_task,unseen_distractor_hues,35,-0.34280086,0.0,0.0,1.0,11.282167
2,B_task,unseen_distractor_hues,36,-0.22167195,0.0,0.0,1.0,4.210715
2,B_task,unseen_distractor_hues,37,-0.74311125,0.0,0.0,0.0,23.014717
2,B_task,unseen_distractor_hues,38,-0.36587855,0.0,0.0,0.0,12.963957
2,B_task,unseen_distractor_hues,39,-0.5802372,0.0,0.0,0.0,14.218194
2,B_task,unseen_distractor_hues,40,-0.42173386,0.0,0.0,0.0,11.200463
2,B_task,unseen_distractor_hues,41,-0.34880334,0.0,0.0,1.0,11.664645
2,B_task,unseen_distractor_hues,42,-0.21727523,0.0,0.0,1.0,5.5686245
2,B_task,unseen_distractor_hues,43,-0.40983933,0.0,0.0,1.0,11.949418
2,B_task,unseen_distractor_hues,44,-0.37917873,0.0,0.0,0.0,7.872702
2,B_task,unseen_distractor_hues,45,-0.47992176,0.0,0.0,1.0,14.29272
2,B_task,unseen_distractor_hues,46,-0.64171153,0.0,0.0,0.0,16.906517
2,B_task,unseen_distractor_hues,47,-0.18060946,0.0,0.0,0.0,8.072907
2,B_task,unseen_distractor_hues,48,-0.5307416,0.0,0.0,1.0,16.419586
2,B_task,unseen_distractor_hues,49,-0.49530357,0.0,0.0,0.0,21.296408
2,B_task,unseen_distractor_hues,50,-0.3458813,0.0,0.0,1.0,10.166516
2,B_task,unseen_distractor_hues,51,-0.6380163,0.0,0.0,0.0,18.377975
2,B_task,unseen_distractor_hues,52,-0.3290408,0.0,0.0,0.0,13.987626
2,B_task,unseen_distractor_hues,53,-0.4695649,0.0,0.0,1.0,15.222916
2,B_task,unseen_distractor_hues,54,-0.0641799,0.0,0.0,1.0,2.4791243
2,B_task,unseen_distractor_hues,55,-0.58951724,0.0,0.0,0.0,20.79833
2,B_task,unseen_distractor_hues,56,0.14350453,0.0,0.26666666666666666,1.0,4.3357296
2,B_task,unseen_distractor_hues,57,-0.84857243,0.0,0.0,0.0,28.332098
2,B_task,unseen_distractor_hues,58,-0.46735132,0.0,0.0,0.0,20.10124
2,B_task,unseen_distractor_hues,59,-0.49205807,0.0,0.0,0.0,16.427582
2,B_task,unseen_distractor_hues,60,-0.725917,0.0,0.0,0.0,18.58135
2,B_task,unseen_distractor_hues,61,-0.31870803,0.0,0.0,1.0,10.400449
2,B_task,unseen_distractor_hues,62,-0.5865451,0.0,0.0,0.0,22.922016
2,B_task,unseen_distractor_hues,63,-0.26508558,0.0,0.0,1.0,13.064553
2,B_task,unseen_distractor_hues,64,-0.5944656,0.0,0.0,0.0,16.527697
2,B_task,unseen_distractor_hues,65,-0.07511897,0.0,0.0,1.0,2.9233425
2,B_task,unseen_distractor_hues,66,0.050326552,0.0,0.2222222222222222,1.0,4.9151564
2,B_task,unseen_distractor_hues,67,-0.15597935,0.0,0.0,1.0,2.5330317
2,B_task,unseen_distractor_hues,68,-0.8070154,0.0,0.0,0.0,21.289839
2,B_task,unseen_distractor_hues,69,-0.41794857,0.0,0.0,0.0,16.071789
2,B_task,unseen_distractor_hues,70,-0.4231213,0.0,0.0,1.0,14.207799
2,B_task,unseen_distractor_hues,71,-0.6250855,0.0,0.0,0.0,17.092577
2,B_task,unseen_distractor_hues,72,-0.08445156,0.0,0.0,1.0,7.0877433
2,B_task,unseen_distractor_hues,73,-0.3478697,0.0,0.0,1.0,13.513721
2,B_task,unseen_distractor_hues,74,-0.57861793,0.0,0.0,0.0,19.501566
2,B_task,unseen_distractor_hues,75,-0.44139227,0.0,0.0,1.0,13.230065
2,B_task,unseen_distractor_hues,76,-0.23621495,0.0,0.0,1.0,9.134836
2,B_task,unseen_distractor_hues,77,-0.63851565,0.0,0.0,0.0,17.892923
2,B_task,unseen_distractor_hues,78,-0.40767106,0.0,0.0,1.0,14.798587
2,B_task,unseen_distractor_hues,79,-0.27613828,0.0,0.0,1.0,10.298497
2,B_task,unseen_distractor_hues,80,-0.70008856,0.0,0.0,0.0,22.972305
2,B_task,unseen_distractor_hues,81,-0.6447434,0.0,0.0,1.0,20.167685
2,B_task,unseen_distractor_hues,82,-0.55832076,0.0,0.0,1.0,15.203819
2,B_task,unseen_distractor_hues,83,-0.7089103,0.0,0.0,0.0,22.326998
2,B_task,unseen_distractor_hues,84,-0.46296442,0.0,0.0,0.0,18.401968
2,B_task,unseen_distractor_hues,85,-0.72080517,0.0,0.0,0.0,23.934303
2,B_task,unseen_distractor_hues,86,-0.57074773,0.0,0.0,0.0,20.631113
2,B_task,unseen_distractor_hues,87,-0.29976013,0.0,0.0,1.0,6.387471
2,B_task,unseen_distractor_hues,88,-0.26400378,0.0,0.0,1.0,10.4938135
2,B_task,unseen_distractor_hues,89,-0.28913265,0.0,0.0,1.0,6.1717753
2,B_task,unseen_distractor_hues,90,-0.576217,0.0,0.0,0.0,19.30283
2,B_task,unseen_distractor_hues,91,-0.86012805,0.0,0.0,0.0,30.016184
2,B_task,unseen_distractor_hues,92,-0.32081994,0.0,0.0,1.0,6.967371
2,B_task,unseen_distractor_hues,93,-0.65199524,0.0,0.0,0.0,21.734035
2,B_task,unseen_distractor_hues,94,-0.26727253,0.0,0.0,1.0,11.693002
2,B_task,unseen_distractor_hues,95,-0.4714746,0.0,0.0,1.0,9.378741
2,B_task,unseen_distractor_hues,96,-0.5978196,0.0,0.0,0.0,17.956001
2,B_task,unseen_distractor_hues,97,-0.50895214,0.0,0.0,0.0,17.675232
2,B_task,unseen_distractor_hues,98,-0.28632215,0.0,0.0,0.0,10.986209
2,B_task,unseen_distractor_hues,99,-0.68451285,0.0,0.0,0.0,20.602415
2,B_task,heavy_pixel_noise,0,-0.36735034,0.0,0.0,1.0,10.982581
2,B_task,heavy_pixel_noise,1,-0.46144342,0.0,0.0,1.0,16.225813
2,B_task,heavy_pixel_noise,2,-0.71614933,0.0,0.0,0.0,22.010368
2,B_task,heavy_pixel_noise,3,-0.44165584,0.0,0.0,1.0,11.0701275
2,B_task,heavy_pixel_noise,4,-0.27390808,0.0,0.0,1.0,5.4383287
2,B_task,heavy_pixel_noise,5,-0.7552602,0.0,0.0,0.0,24.787695
2,B_task,heavy_pixel_noise,6,-0.37586683,0.0,0.0,1.0,9.257683
2,B_task,heavy_pixel_noise,7,-0.6795855,0.0,0.0,0.0,18.284084
2,B_task,heavy_pixel_noise,8,-0.56143135,0.0,0.0,1.0,16.863298
2,B_task,heavy_pixel_noise,9,-0.54862595,0.0,0.0,0.0,17.500732
2,B_task,heavy_pixel_noise,10,-0.6798845,0.0,0.0,0.0,24.862495
2,B_task,heavy_pixel_noise,11,-0.66239774,0.0,0.0,0.0,21.321947
2,B_task,heavy_pixel_noise,12,-0.18953805,0.0,0.0,1.0,10.216243
2,B_task,heavy_pixel_noise,13,-0.7632567,0.0,0.0,0.0,25.355015
2,B_task,heavy_pixel_noise,14,-0.44283888,0.0,0.0,0.0,13.346427
2,B_task,heavy_pixel_noise,15,-0.66763043,0.0,0.0,0.0,19.279211
2,B_task,heavy_pixel_noise,16,-0.2847005,0.0,0.0,1.0,9.925975
2,B_task,heavy_pixel_noise,17,-0.17406161,0.0,0.0,1.0,7.9479156
2,B_task,heavy_pixel_noise,18,-0.6089544,0.0,0.0,0.0,23.274387
2,B_task,heavy_pixel_noise,19,-0.68346703,0.0,0.0,0.0,18.725306
2,B_task,heavy_pixel_noise,20,-0.3928518,0.0,0.0,0.0,12.911724
2,B_task,heavy_pixel_noise,21,-0.18881421,0.0,0.0,1.0,8.7064905
2,B_task,heavy_pixel_noise,22,-0.24112175,0.0,0.0,0.0,10.069738
2,B_task,heavy_pixel_noise,23,-0.14085153,0.0,0.0,1.0,4.6581564
2,B_task,heavy_pixel_noise,24,-0.3096891,0.0,0.0,1.0,5.6088233
2,B_task,heavy_pixel_noise,25,-0.5287737,0.0,0.0,0.0,15.563878
2,B_task,heavy_pixel_noise,26,-0.19791135,0.0,0.0,0.0,10.889945
2,B_task,heavy_pixel_noise,27,-0.2606536,0.0,0.0,0.0,9.724353
2,B_task,heavy_pixel_noise,28,-0.21926244,0.0,0.0,1.0,8.973774
2,B_task,heavy_pixel_noise,29,-0.5407661,0.0,0.0,0.0,21.399582
2,B_task,heavy_pixel_noise,30,-0.5653146,0.0,0.0,1.0,16.948013
2,B_task,heavy_pixel_noise,31,-0.48749927,0.0,0.0,0.0,14.663319
2,B_task,heavy_pixel_noise,32,-0.73503834,0.0,0.0,0.0,20.494463
2,B_task,heavy_pixel_noise,33,-0.23814803,0.0,0.0,1.0,5.353074
2,B_task,heavy_pixel_noise,34,-0.56291705,0.0,0.0,0.0,17.31344
2,B_task,heavy_pixel_noise,35,-0.34338686,0.0,0.0,1.0,11.367687
2,B_task,heavy_pixel_noise,36,-0.22285557,0.0,0.0,1.0,4.201676
2,B_task,heavy_pixel_noise,37,-0.74325585,0.0,0.0,0.0,23.038223
2,B_task,heavy_pixel_noise,38,-0.36574772,0.0,0.0,0.0,12.973368
2,B_task,heavy_pixel_noise,39,-0.5805304,0.0,0.0,0.0,14.209806
2,B_task,heavy_pixel_noise,40,-0.409073,0.0,0.0,0.0,10.703369
2,B_task,heavy_pixel_noise,41,-0.34997618,0.0,0.0,1.0,11.728709
2,B_task,heavy_pixel_noise,42,-0.24934302,0.0,0.0,1.0,7.232309
2,B_task,heavy_pixel_noise,43,-0.4096435,0.0,0.0,1.0,11.927074
2,B_task,heavy_pixel_noise,44,-0.37599334,0.0,0.0,0.0,7.625253
2,B_task,heavy_pixel_noise,45,-0.47950375,0.0,0.0,1.0,14.255844
2,B_task,heavy_pixel_noise,46,-0.6415395,0.0,0.0,0.0,16.8723
2,B_task,heavy_pixel_noise,47,-0.18052074,0.0,0.0,0.0,8.078445
2,B_task,heavy_pixel_noise,48,-0.53076226,0.0,0.0,1.0,16.452326
2,B_task,heavy_pixel_noise,49,-0.4954795,0.0,0.0,0.0,21.314222
2,B_task,heavy_pixel_noise,50,-0.3455173,0.0,0.0,1.0,10.1707325
2,B_task,heavy_pixel_noise,51,-0.6354815,0.0,0.0,0.0,18.279083
2,B_task,heavy_pixel_noise,52,-0.32677653,0.0,0.0,0.0,13.834497
2,B_task,heavy_pixel_noise,53,-0.4788823,0.0,0.0,1.0,15.628115
2,B_task,heavy_pixel_noise,54,0.03495674,0.0,0.2222222222222222,1.0,1.6722097
2,B_task,heavy_pixel_noise,55,-0.5902707,0.0,0.0,0.0,20.862692
2,B_task,heavy_pixel_noise,56,0.2414643,0.0,0.6222222222222222,1.0,3.8094442
2,B_task,heavy_pixel_noise,57,-0.84878975,0.0,0.0,0.0,28.3528
2,B_task,heavy_pixel_noise,58,-0.46724993,0.0,0.0,0.0,20.098858
2,B_task,heavy_pixel_noise,59,-0.49123204,0.0,0.0,0.0,16.308224
2,B_task,heavy_pixel_noise,60,-0.7256199,0.0,0.0,0.0,18.55091
2,B_task,heavy_pixel_noise,61,-0.3205947,0.0,0.0,0.0,10.516132
2,B_task,heavy_pixel_noise,62,-0.5879173,0.0,0.0,0.0,23.003086
2,B_task,heavy_pixel_noise,63,-0.26436883,0.0,0.0,1.0,13.015286
2,B_task,heavy_pixel_noise,64,-0.5941307,0.0,0.0,0.0,16.545977
2,B_task,heavy_pixel_noise,65,-0.08944947,0.0,0.0,1.0,3.137715
2,B_task,heavy_pixel_noise,66,0.050508734,0.0,0.2222222222222222,1.0,4.893773
2,B_task,heavy_pixel_noise,67,-0.15875594,0.0,0.0,1.0,2.633599
2,B_task,heavy_pixel_noise,68,-0.80746335,0.0,0.0,0.0,21.33461
2,B_task,heavy_pixel_noise,69,-0.40334523,0.0,0.0,0.0,15.49244
2,B_task,heavy_pixel_noise,70,-0.42409253,0.0,0.0,1.0,14.25686
2,B_task,heavy_pixel_noise,71,-0.6257061,0.0,0.0,0.0,17.158117
2,B_task,heavy_pixel_noise,72,-0.08438214,0.0,0.0,1.0,7.0281367
2,B_task,heavy_pixel_noise,73,-0.3474555,0.0,0.0,1.0,13.495073
2,B_task,heavy_pixel_noise,74,-0.5782018,0.0,0.0,0.0,19.489878
2,B_task,heavy_pixel_noise,75,-0.4415765,0.0,0.0,1.0,13.251135
2,B_task,heavy_pixel_noise,76,-0.23579606,0.0,0.0,1.0,9.106874
2,B_task,heavy_pixel_noise,77,-0.639028,0.0,0.0,0.0,17.917088
2,B_task,heavy_pixel_noise,78,-0.40844297,0.0,0.0,1.0,14.853622
2,B_task,heavy_pixel_noise,79,-0.27712122,0.0,0.0,1.0,10.378761
2,B_task,heavy_pixel_noise,80,-0.6998753,0.0,0.0,0.0,22.957773
2,B_task,heavy_pixel_noise,81,-0.64563453,0.0,0.0,1.0,20.23033
2,B_task,heavy_pixel_noise,82,-0.5566752,0.0,0.0,1.0,15.165148
2,B_task,heavy_pixel_noise,83,-0.7084826,0.0,0.0,0.0,22.27895
2,B_task,heavy_pixel_noise,84,-0.46316665,0.0,0.0,0.0,18.477127
2,B_task,heavy_pixel_noise,85,-0.7207262,0.0,0.0,0.0,23.959549
2,B_task,heavy_pixel_noise,86,-0.56966746,0.0,0.0,0.0,20.56918
2,B_task,heavy_pixel_noise,87,-0.29906613,0.0,0.0,1.0,6.290427
2,B_task,heavy_pixel_noise,88,-0.26407045,0.0,0.0,1.0,10.503407
2,B_task,heavy_pixel_noise,89,-0.28864014,0.0,0.0,1.0,6.095865
2,B_task,heavy_pixel_noise,90,-0.5770993,0.0,0.0,0.0,19.354101
2,B_task,heavy_pixel_noise,91,-0.86048806,0.0,0.0,0.0,29.994707
2,B_task,heavy_pixel_noise,92,-0.32223898,0.0,0.0,1.0,7.067043
2,B_task,heavy_pixel_noise,93,-0.65038943,0.0,0.0,0.0,21.602737
2,B_task,heavy_pixel_noise,94,-0.2672749,0.0,0.0,1.0,11.724449
2,B_task,heavy_pixel_noise,95,-0.5050553,0.0,0.0,0.0,11.827907
2,B_task,heavy_pixel_noise,96,-0.58342505,0.0,0.0,0.0,17.19414
2,B_task,heavy_pixel_noise,97,-0.50844085,0.0,0.0,0.0,17.64429
2,B_task,heavy_pixel_noise,98,-0.28629166,0.0,0.0,0.0,10.930918
2,B_task,heavy_pixel_noise,99,-0.68373144,0.0,0.0,0.0,20.580883
2,C_scene,in_distribution,0,-0.3219955,0.0,0.0,0.0,10.113582
2,C_scene,in_distribution,1,-0.34906846,0.0,0.0,1.0,9.729766
2,C_scene,in_distribution,2,-0.59820324,0.0,0.0,0.0,20.783726
2,C_scene,in_distribution,3,-0.42890003,0.0,0.0,0.0,13.478738
2,C_scene,in_distribution,4,-0.30612978,0.0,0.0,0.0,10.603254
2,C_scene,in_distribution,5,-0.7370736,0.0,0.0,0.0,24.629467
2,C_scene,in_distribution,6,-0.3085646,0.0,0.0,1.0,7.075865
2,C_scene,in_distribution,7,-0.7722929,0.0,0.0,0.0,26.646683
2,C_scene,in_distribution,8,-0.5484811,0.0,0.0,0.0,20.455557
2,C_scene,in_distribution,9,-0.50541896,0.0,0.0,0.0,15.697323
2,C_scene,in_distribution,10,-0.6148546,0.0,0.0,0.0,20.690628
2,C_scene,in_distribution,11,-0.64068913,0.0,0.0,0.0,16.381496
2,C_scene,in_distribution,12,-0.13854773,0.0,0.0,1.0,4.871899
2,C_scene,in_distribution,13,-0.78025275,0.0,0.0,0.0,23.089256
2,C_scene,in_distribution,14,-0.48163354,0.0,0.0,0.0,18.728807
2,C_scene,in_distribution,15,-0.678097,0.0,0.0,0.0,22.341274
2,C_scene,in_distribution,16,-0.3073249,0.0,0.0,1.0,13.4685335
2,C_scene,in_distribution,17,-0.15101053,0.0,0.0,1.0,6.427804
2,C_scene,in_distribution,18,-0.57015973,0.0,0.0,0.0,20.770792
2,C_scene,in_distribution,19,-0.73226124,0.0,0.0,0.0,22.844381
2,C_scene,in_distribution,20,-0.30543655,0.0,0.0,0.0,11.345865
2,C_scene,in_distribution,21,-0.1882097,0.0,0.0,1.0,6.9542656
2,C_scene,in_distribution,22,-0.27114657,0.0,0.0,0.0,10.533636
2,C_scene,in_distribution,23,0.043835003,0.0,0.2222222222222222,1.0,3.0094492
2,C_scene,in_distribution,24,-0.3550113,0.0,0.0,1.0,9.543924
2,C_scene,in_distribution,25,-0.57880825,0.0,0.0,0.0,21.325539
2,C_scene,in_distribution,26,-0.20672327,0.0,0.0,1.0,7.389633
2,C_scene,in_distribution,27,-0.13716641,0.0,0.0,1.0,4.571987
2,C_scene,in_distribution,28,-0.18639857,0.0,0.0,1.0,5.176116
2,C_scene,in_distribution,29,-0.42772356,0.0,0.0,1.0,15.191536
2,C_scene,in_distribution,30,-0.6139536,0.0,0.0,1.0,18.114426
2,C_scene,in_distribution,31,-0.43717304,0.0,0.0,0.0,13.347349
2,C_scene,in_distribution,32,-0.7961151,0.0,0.0,0.0,26.510408
2,C_scene,in_distribution,33,-0.27160606,0.0,0.0,1.0,9.267796
2,C_scene,in_distribution,34,-0.49124277,0.0,0.0,0.0,15.505148
2,C_scene,in_distribution,35,-0.3378056,0.0,0.0,1.0,13.7464075
2,C_scene,in_distribution,36,-0.3929679,0.0,0.0,0.0,18.903507
2,C_scene,in_distribution,37,-0.7170449,0.0,0.0,0.0,21.837124
2,C_scene,in_distribution,38,-0.31628445,0.0,0.0,1.0,9.983114
2,C_scene,in_distribution,39,-0.5200236,0.0,0.0,0.0,14.199246
2,C_scene,in_distribution,40,-0.50373685,0.0,0.0,0.0,18.844135
2,C_scene,in_distribution,41,-0.20671281,0.0,0.0,1.0,3.228304
2,C_scene,in_distribution,42,-0.2407617,0.0,0.0,1.0,6.2604866
2,C_scene,in_distribution,43,-0.42216796,0.0,0.0,1.0,16.317547
2,C_scene,in_distribution,44,-0.36111373,0.0,0.0,0.0,9.416889
2,C_scene,in_distribution,45,-0.41693214,0.0,0.0,0.0,15.838843
2,C_scene,in_distribution,46,-0.685988,0.0,0.0,0.0,23.157404
2,C_scene,in_distribution,47,-0.179857,0.0,0.0,1.0,4.771253
2,C_scene,in_distribution,48,-0.6069733,0.0,0.0,1.0,21.196035
2,C_scene,in_distribution,49,-0.4062221,0.0,0.0,0.0,15.861753
2,C_scene,in_distribution,50,-0.2297802,0.0,0.0,1.0,4.4002333
2,C_scene,in_distribution,51,-0.6892998,0.0,0.0,0.0,22.4652
2,C_scene,in_distribution,52,-0.2093202,0.0,0.0,0.0,9.262996
2,C_scene,in_distribution,53,-0.46653113,0.0,0.0,1.0,13.532144
2,C_scene,in_distribution,54,-0.21445195,0.0,0.0,0.0,9.103903
2,C_scene,in_distribution,55,-0.5502444,0.0,0.0,0.0,17.010098
2,C_scene,in_distribution,56,0.13033374,0.0,0.35555555555555557,1.0,3.6515336
2,C_scene,in_distribution,57,-0.8268712,0.0,0.0,0.0,27.838448
2,C_scene,in_distribution,58,-0.40972656,0.0,0.0,0.0,13.959855
2,C_scene,in_distribution,59,-0.5299547,0.0,0.0,0.0,19.066998
2,C_scene,in_distribution,60,-0.7034435,0.0,0.0,0.0,16.59629
2,C_scene,in_distribution,61,-0.34801644,0.0,0.0,0.0,11.140762
2,C_scene,in_distribution,62,-0.45494875,0.0,0.0,0.0,16.778538
2,C_scene,in_distribution,63,-0.22801816,0.0,0.0,1.0,4.1291165
2,C_scene,in_distribution,64,-0.65823615,0.0,0.0,0.0,21.763285
2,C_scene,in_distribution,65,-0.042806678,0.0,0.0,1.0,3.044388
2,C_scene,in_distribution,66,0.028486297,0.0,0.2,1.0,5.2740345
2,C_scene,in_distribution,67,-0.385978,0.0,0.0,1.0,12.081844
2,C_scene,in_distribution,68,-0.80850357,0.0,0.0,0.0,25.733181
2,C_scene,in_distribution,69,-0.3392575,0.0,0.0,0.0,8.667533
2,C_scene,in_distribution,70,-0.27382284,0.0,0.0,1.0,8.207741
2,C_scene,in_distribution,71,-0.6381823,0.0,0.0,0.0,21.801554
2,C_scene,in_distribution,72,0.10384685,0.0,0.13333333333333333,1.0,2.1841874
2,C_scene,in_distribution,73,-0.35704523,0.0,0.0,1.0,9.4968815
2,C_scene,in_distribution,74,-0.6258152,0.0,0.0,0.0,20.348167
2,C_scene,in_distribution,75,-0.47897086,0.0,0.0,1.0,14.9952
2,C_scene,in_distribution,76,-0.3660975,0.0,0.0,0.0,11.945961
2,C_scene,in_distribution,77,-0.6672932,0.0,0.0,0.0,21.200428
2,C_scene,in_distribution,78,-0.48390612,0.0,0.0,1.0,15.636717
2,C_scene,in_distribution,79,-0.26466852,0.0,0.0,1.0,7.2743874
2,C_scene,in_distribution,80,-0.70414007,0.0,0.0,0.0,21.71459
2,C_scene,in_distribution,81,-0.53702986,0.0,0.0,1.0,14.157866
2,C_scene,in_distribution,82,-0.5258928,0.0,0.0,1.0,16.642962
2,C_scene,in_distribution,83,-0.76649475,0.0,0.0,0.0,22.934015
2,C_scene,in_distribution,84,-0.4945616,0.0,0.0,1.0,17.480484
2,C_scene,in_distribution,85,-0.76598364,0.0,0.0,0.0,24.675182
2,C_scene,in_distribution,86,-0.4636375,0.0,0.0,0.0,15.1889105
2,C_scene,in_distribution,87,-0.2041065,0.0,0.0,1.0,6.1973586
2,C_scene,in_distribution,88,-0.19887617,0.0,0.0,1.0,4.927874
2,C_scene,in_distribution,89,-0.2634336,0.0,0.0,0.0,8.630203
2,C_scene,in_distribution,90,-0.67695916,0.0,0.0,0.0,21.900778
2,C_scene,in_distribution,91,-0.7905741,0.0,0.0,0.0,23.719376
2,C_scene,in_distribution,92,-0.35190168,0.0,0.0,1.0,7.713044
2,C_scene,in_distribution,93,-0.5786006,0.0,0.0,0.0,18.096197
2,C_scene,in_distribution,94,-0.1955809,0.0,0.0,1.0,5.358369
2,C_scene,in_distribution,95,-0.5708978,0.0,0.0,0.0,18.46517
2,C_scene,in_distribution,96,-0.57616633,0.0,0.0,0.0,17.974325
2,C_scene,in_distribution,97,-0.43470594,0.0,0.0,1.0,16.246706
2,C_scene,in_distribution,98,-0.20261881,0.0,0.0,1.0,7.236772
2,C_scene,in_distribution,99,-0.5847542,0.0,0.0,0.0,17.731775
2,C_scene,4_distractors,0,-0.33638546,0.0,0.0,0.0,11.932842
2,C_scene,4_distractors,1,-0.35048553,0.0,0.0,1.0,8.240959
2,C_scene,4_distractors,2,-0.7318939,0.0,0.0,0.0,25.664995
2,C_scene,4_distractors,3,-0.4335092,0.0,0.0,0.0,14.579856
2,C_scene,4_distractors,4,-0.26775557,0.0,0.0,1.0,9.846704
2,C_scene,4_distractors,5,-0.7253872,0.0,0.0,0.0,24.931051
2,C_scene,4_distractors,6,-0.2664058,0.0,0.0,1.0,5.548575
2,C_scene,4_distractors,7,-0.7365515,0.0,0.0,0.0,23.011635
2,C_scene,4_distractors,8,-0.58012027,0.0,0.0,0.0,21.939093
2,C_scene,4_distractors,9,-0.4734718,0.0,0.0,0.0,13.20598
2,C_scene,4_distractors,10,-0.6758115,0.0,0.0,0.0,21.794224
2,C_scene,4_distractors,11,-0.6799891,0.0,0.0,0.0,19.89808
2,C_scene,4_distractors,12,-0.19555926,0.0,0.0,1.0,8.644537
2,C_scene,4_distractors,13,-0.7208888,0.0,0.0,0.0,19.728626
2,C_scene,4_distractors,14,-0.4270675,0.0,0.0,0.0,15.632462
2,C_scene,4_distractors,15,-0.66468203,0.0,0.0,0.0,22.159595
2,C_scene,4_distractors,16,-0.2431714,0.0,0.0,1.0,10.040514
2,C_scene,4_distractors,17,-0.19148795,0.0,0.0,1.0,5.9378786
2,C_scene,4_distractors,18,-0.5253292,0.0,0.0,0.0,17.785091
2,C_scene,4_distractors,19,-0.69986165,0.0,0.0,0.0,21.267904
2,C_scene,4_distractors,20,-0.34755814,0.0,0.0,0.0,13.686417
2,C_scene,4_distractors,21,-0.21359022,0.0,0.0,1.0,5.9233627
2,C_scene,4_distractors,22,-0.27863294,0.0,0.0,0.0,10.266964
2,C_scene,4_distractors,23,-0.038047433,0.0,0.15555555555555556,1.0,6.503942
2,C_scene,4_distractors,24,-0.3430452,0.0,0.0,1.0,9.1838875
2,C_scene,4_distractors,25,-0.5669584,0.0,0.0,0.0,20.75078
2,C_scene,4_distractors,26,-0.1812962,0.0,0.0,1.0,7.569019
2,C_scene,4_distractors,27,-0.1380003,0.0,0.0,1.0,5.7880497
2,C_scene,4_distractors,28,-0.16014703,0.0,0.0,1.0,3.764474
2,C_scene,4_distractors,29,-0.42135838,0.0,0.0,1.0,15.00318
2,C_scene,4_distractors,30,-0.615856,0.0,0.0,1.0,18.851458
2,C_scene,4_distractors,31,-0.5152909,0.0,0.0,0.0,20.357243
2,C_scene,4_distractors,32,-0.76781285,0.0,0.0,0.0,25.437763
2,C_scene,4_distractors,33,-0.2530551,0.0,0.0,1.0,9.304346
2,C_scene,4_distractors,34,-0.5155582,0.0,0.0,0.0,17.15682
2,C_scene,4_distractors,35,-0.36936146,0.0,0.0,1.0,15.242327
2,C_scene,4_distractors,36,-0.27932066,0.0,0.0,1.0,11.267512
2,C_scene,4_distractors,37,-0.76339525,0.0,0.0,0.0,26.154852
2,C_scene,4_distractors,38,-0.3289064,0.0,0.0,1.0,9.66607
2,C_scene,4_distractors,39,-0.57484907,0.0,0.0,0.0,19.007116
2,C_scene,4_distractors,40,-0.40956336,0.0,0.0,0.0,13.69922
2,C_scene,4_distractors,41,-0.26690307,0.0,0.0,1.0,6.6763186
2,C_scene,4_distractors,42,-0.3040069,0.0,0.0,1.0,8.214493
2,C_scene,4_distractors,43,-0.37808752,0.0,0.0,1.0,14.20181
2,C_scene,4_distractors,44,-0.35477692,0.0,0.0,0.0,9.430429
2,C_scene,4_distractors,45,-0.45704514,0.0,0.0,0.0,17.275331
2,C_scene,4_distractors,46,-0.68636775,0.0,0.0,0.0,23.287899
2,C_scene,4_distractors,47,-0.1342445,0.0,0.0,1.0,3.9017591
2,C_scene,4_distractors,48,-0.5878277,0.0,0.0,1.0,21.167374
2,C_scene,4_distractors,49,-0.44607544,0.0,0.0,0.0,16.243074
2,C_scene,4_distractors,50,-0.26621455,0.0,0.0,1.0,6.2782965
2,C_scene,4_distractors,51,-0.69701153,0.0,0.0,0.0,21.499687
2,C_scene,4_distractors,52,-0.19333053,0.0,0.0,1.0,8.208138
2,C_scene,4_distractors,53,-0.46989742,0.0,0.0,1.0,12.137299
2,C_scene,4_distractors,54,-0.17864929,0.0,0.0,1.0,4.8733044
2,C_scene,4_distractors,55,-0.49723256,0.0,0.0,0.0,13.919508
2,C_scene,4_distractors,56,-0.059028454,0.0,0.0,1.0,6.5011597
2,C_scene,4_distractors,57,-0.8428519,0.0,0.0,0.0,27.211092
2,C_scene,4_distractors,58,-0.3739443,0.0,0.0,0.0,13.19257
2,C_scene,4_distractors,59,-0.57039446,0.0,0.0,0.0,20.153034
2,C_scene,4_distractors,60,-0.644922,0.0,0.0,0.0,19.28665
2,C_scene,4_distractors,61,-0.29638705,0.0,0.0,1.0,5.5231466
2,C_scene,4_distractors,62,-0.48676682,0.0,0.0,1.0,17.04265
2,C_scene,4_distractors,63,-0.25037482,0.0,0.0,1.0,7.753918
2,C_scene,4_distractors,64,-0.6792517,0.0,0.0,0.0,22.755705
2,C_scene,4_distractors,65,-0.11481711,0.0,0.0,1.0,4.1887274
2,C_scene,4_distractors,66,-0.03278896,0.0,0.0,1.0,5.3320203
2,C_scene,4_distractors,67,-0.29848266,0.0,0.0,0.0,14.624391
2,C_scene,4_distractors,68,-0.8666912,0.0,0.0,0.0,28.894075
2,C_scene,4_distractors,69,-0.34068772,0.0,0.0,0.0,9.159681
2,C_scene,4_distractors,70,-0.34145764,0.0,0.0,0.0,11.125555
2,C_scene,4_distractors,71,-0.622915,0.0,0.0,0.0,18.2724
2,C_scene,4_distractors,72,0.20187724,1.0,0.3333333333333333,1.0,1.3955309
2,C_scene,4_distractors,73,-0.37529284,0.0,0.0,1.0,9.595469
2,C_scene,4_distractors,74,-0.68475974,0.0,0.0,0.0,22.398384
2,C_scene,4_distractors,75,-0.49449074,0.0,0.0,1.0,16.310123
2,C_scene,4_distractors,76,-0.28962278,0.0,0.0,1.0,8.491675
2,C_scene,4_distractors,77,-0.6447229,0.0,0.0,0.0,21.779846
2,C_scene,4_distractors,78,-0.39785063,0.0,0.0,1.0,11.645319
2,C_scene,4_distractors,79,-0.2313906,0.0,0.0,1.0,4.6943164
2,C_scene,4_distractors,80,-0.70799917,0.0,0.0,0.0,22.334364
2,C_scene,4_distractors,81,-0.4886993,0.0,0.0,1.0,13.90249
2,C_scene,4_distractors,82,-0.5074438,0.0,0.0,1.0,16.475925
2,C_scene,4_distractors,83,-0.6753187,0.0,0.0,0.0,19.06732
2,C_scene,4_distractors,84,-0.41242972,0.0,0.0,0.0,13.135338
2,C_scene,4_distractors,85,-0.7248533,0.0,0.0,0.0,21.628822
2,C_scene,4_distractors,86,-0.46601564,0.0,0.0,0.0,14.174851
2,C_scene,4_distractors,87,-0.26860455,0.0,0.0,1.0,8.591933
2,C_scene,4_distractors,88,-0.20454463,0.0,0.0,1.0,4.904855
2,C_scene,4_distractors,89,-0.3296881,0.0,0.0,0.0,13.981236
2,C_scene,4_distractors,90,-0.5936842,0.0,0.0,0.0,16.768473
2,C_scene,4_distractors,91,-0.7960095,0.0,0.0,0.0,23.812117
2,C_scene,4_distractors,92,-0.43348205,0.0,0.0,0.0,13.359548
2,C_scene,4_distractors,93,-0.6155508,0.0,0.0,0.0,18.90876
2,C_scene,4_distractors,94,-0.3050723,0.0,0.0,1.0,9.907446
2,C_scene,4_distractors,95,-0.56807166,0.0,0.0,0.0,19.087793
2,C_scene,4_distractors,96,-0.6622057,0.0,0.0,0.0,20.55405
2,C_scene,4_distractors,97,-0.39306557,0.0,0.0,1.0,12.387132
2,C_scene,4_distractors,98,-0.27190706,0.0,0.0,1.0,11.90723
2,C_scene,4_distractors,99,-0.7159942,0.0,0.0,0.0,26.181417
2,C_scene,fast_distractors,0,-0.32868624,0.0,0.0,0.0,11.022562
2,C_scene,fast_distractors,1,-0.3570499,0.0,0.0,1.0,10.675197
2,C_scene,fast_distractors,2,-0.6144199,0.0,0.0,0.0,21.668669
2,C_scene,fast_distractors,3,-0.54607797,0.0,0.0,0.0,18.710625
2,C_scene,fast_distractors,4,-0.31139863,0.0,0.0,0.0,10.678863
2,C_scene,fast_distractors,5,-0.7329695,0.0,0.0,0.0,25.217136
2,C_scene,fast_distractors,6,-0.28810078,0.0,0.0,1.0,5.8722677
2,C_scene,fast_distractors,7,-0.7702021,0.0,0.0,0.0,26.554026
2,C_scene,fast_distractors,8,-0.52688414,0.0,0.0,1.0,18.93443
2,C_scene,fast_distractors,9,-0.51322466,0.0,0.0,0.0,15.649889
2,C_scene,fast_distractors,10,-0.61620206,0.0,0.0,0.0,20.522938
2,C_scene,fast_distractors,11,-0.6473853,0.0,0.0,0.0,16.831648
2,C_scene,fast_distractors,12,-0.19351925,0.0,0.0,1.0,7.0547853
2,C_scene,fast_distractors,13,-0.7540016,0.0,0.0,0.0,21.767895
2,C_scene,fast_distractors,14,-0.4566742,0.0,0.0,0.0,17.062254
2,C_scene,fast_distractors,15,-0.67657435,0.0,0.0,0.0,22.21099
2,C_scene,fast_distractors,16,-0.31434333,0.0,0.0,1.0,13.43923
2,C_scene,fast_distractors,17,-0.14175344,0.0,0.0,1.0,6.7671137
2,C_scene,fast_distractors,18,-0.5683738,0.0,0.0,0.0,21.278416
2,C_scene,fast_distractors,19,-0.7445769,0.0,0.0,0.0,23.52676
2,C_scene,fast_distractors,20,-0.3164104,0.0,0.0,0.0,12.1527815
2,C_scene,fast_distractors,21,-0.1902367,0.0,0.0,1.0,6.123184
2,C_scene,fast_distractors,22,-0.26117504,0.0,0.0,0.0,9.475492
2,C_scene,fast_distractors,23,-0.0067373863,0.0,0.0,1.0,2.5967772
2,C_scene,fast_distractors,24,-0.37168142,0.0,0.0,1.0,11.047686
2,C_scene,fast_distractors,25,-0.5548072,0.0,0.0,0.0,20.027958
2,C_scene,fast_distractors,26,-0.20439218,0.0,0.0,1.0,6.9114223
2,C_scene,fast_distractors,27,-0.14351125,0.0,0.0,1.0,5.7094693
2,C_scene,fast_distractors,28,-0.1292016,0.0,0.0,1.0,2.2038577
2,C_scene,fast_distractors,29,-0.429491,0.0,0.0,1.0,15.297758
2,C_scene,fast_distractors,30,-0.6188656,0.0,0.0,1.0,19.469059
2,C_scene,fast_distractors,31,-0.45225987,0.0,0.0,0.0,14.827441
2,C_scene,fast_distractors,32,-0.8125636,0.0,0.0,0.0,27.27242
2,C_scene,fast_distractors,33,-0.30468667,0.0,0.0,0.0,12.127098
2,C_scene,fast_distractors,34,-0.4825805,0.0,0.0,0.0,14.838816
2,C_scene,fast_distractors,35,-0.32379737,0.0,0.0,1.0,12.915741
2,C_scene,fast_distractors,36,-0.317002,0.0,0.0,1.0,13.881182
2,C_scene,fast_distractors,37,-0.7431282,0.0,0.0,0.0,25.536566
2,C_scene,fast_distractors,38,-0.3327625,0.0,0.0,1.0,10.446584
2,C_scene,fast_distractors,39,-0.5441011,0.0,0.0,0.0,15.56597
2,C_scene,fast_distractors,40,-0.46342868,0.0,0.0,0.0,14.970576
2,C_scene,fast_distractors,41,-0.25260028,0.0,0.0,1.0,5.590541
2,C_scene,fast_distractors,42,-0.2805127,0.0,0.0,1.0,7.70367
2,C_scene,fast_distractors,43,-0.39695677,0.0,0.0,1.0,15.020163
2,C_scene,fast_distractors,44,-0.35010213,0.0,0.0,0.0,8.624365
2,C_scene,fast_distractors,45,-0.45180184,0.0,0.0,0.0,17.630856
2,C_scene,fast_distractors,46,-0.7354518,0.0,0.0,0.0,27.136707
2,C_scene,fast_distractors,47,-0.18364061,0.0,0.0,1.0,6.031888
2,C_scene,fast_distractors,48,-0.59869957,0.0,0.0,1.0,20.593216
2,C_scene,fast_distractors,49,-0.42800334,0.0,0.0,0.0,17.126457
2,C_scene,fast_distractors,50,-0.24405624,0.0,0.0,1.0,6.068373
2,C_scene,fast_distractors,51,-0.64439213,0.0,0.0,1.0,19.524742
2,C_scene,fast_distractors,52,-0.22032341,0.0,0.0,1.0,8.662632
2,C_scene,fast_distractors,53,-0.4813881,0.0,0.0,1.0,13.65759
2,C_scene,fast_distractors,54,-0.22315408,0.0,0.0,1.0,9.344025
2,C_scene,fast_distractors,55,-0.55304915,0.0,0.0,0.0,18.0626
2,C_scene,fast_distractors,56,0.003404056,0.0,0.1111111111111111,1.0,4.6749215
2,C_scene,fast_distractors,57,-0.81163466,0.0,0.0,0.0,26.62214
2,C_scene,fast_distractors,58,-0.4124083,0.0,0.0,0.0,14.867925
2,C_scene,fast_distractors,59,-0.54833263,0.0,0.0,0.0,19.99693
2,C_scene,fast_distractors,60,-0.7281321,0.0,0.0,0.0,20.671087
2,C_scene,fast_distractors,61,-0.33891973,0.0,0.0,0.0,10.138454
2,C_scene,fast_distractors,62,-0.4977397,0.0,0.0,0.0,19.725689
2,C_scene,fast_distractors,63,-0.23745196,0.0,0.0,1.0,5.6097703
2,C_scene,fast_distractors,64,-0.68669105,0.0,0.0,0.0,23.22017
2,C_scene,fast_distractors,65,-0.068613335,0.0,0.0,1.0,3.0630865
2,C_scene,fast_distractors,66,0.15709816,0.0,0.35555555555555557,1.0,1.8402559
2,C_scene,fast_distractors,67,-0.27645105,0.0,0.0,1.0,6.033747
2,C_scene,fast_distractors,68,-0.85395086,0.0,0.0,0.0,29.020975
2,C_scene,fast_distractors,69,-0.36510366,0.0,0.0,0.0,10.060849
2,C_scene,fast_distractors,70,-0.31637567,0.0,0.0,0.0,10.10637
2,C_scene,fast_distractors,71,-0.6409784,0.0,0.0,0.0,21.310535
2,C_scene,fast_distractors,72,0.2866738,0.0,0.8888888888888888,1.0,1.5856743
2,C_scene,fast_distractors,73,-0.35745552,0.0,0.0,1.0,10.3825655
2,C_scene,fast_distractors,74,-0.6532997,0.0,0.0,0.0,21.95712
2,C_scene,fast_distractors,75,-0.47048992,0.0,0.0,1.0,14.475784
2,C_scene,fast_distractors,76,-0.35321018,0.0,0.0,0.0,11.482994
2,C_scene,fast_distractors,77,-0.6864717,0.0,0.0,0.0,23.449339
2,C_scene,fast_distractors,78,-0.43938053,0.0,0.0,1.0,13.161832
2,C_scene,fast_distractors,79,-0.23574615,0.0,0.0,1.0,4.9583306
2,C_scene,fast_distractors,80,-0.70745766,0.0,0.0,0.0,22.41949
2,C_scene,fast_distractors,81,-0.52965784,0.0,0.0,1.0,14.495741
2,C_scene,fast_distractors,82,-0.47508612,0.0,0.0,1.0,14.783379
2,C_scene,fast_distractors,83,-0.8141147,0.0,0.0,0.0,25.876911
2,C_scene,fast_distractors,84,-0.49331638,0.0,0.0,1.0,17.276876
2,C_scene,fast_distractors,85,-0.7443348,0.0,0.0,0.0,23.390617
2,C_scene,fast_distractors,86,-0.46783254,0.0,0.0,0.0,15.911598
2,C_scene,fast_distractors,87,-0.24364294,0.0,0.0,1.0,6.98566
2,C_scene,fast_distractors,88,-0.18316455,0.0,0.0,1.0,4.902789
2,C_scene,fast_distractors,89,-0.32486162,0.0,0.0,0.0,13.593586
2,C_scene,fast_distractors,90,-0.6699156,0.0,0.0,0.0,21.181887
2,C_scene,fast_distractors,91,-0.7948344,0.0,0.0,0.0,24.450354
2,C_scene,fast_distractors,92,-0.3480197,0.0,0.0,0.0,8.1043
2,C_scene,fast_distractors,93,-0.5760933,0.0,0.0,1.0,18.123951
2,C_scene,fast_distractors,94,-0.22214414,0.0,0.0,1.0,7.253655
2,C_scene,fast_distractors,95,-0.5622791,0.0,0.0,0.0,18.622671
2,C_scene,fast_distractors,96,-0.6250827,0.0,0.0,0.0,20.404036
2,C_scene,fast_distractors,97,-0.3963267,0.0,0.0,1.0,12.481388
2,C_scene,fast_distractors,98,-0.20008229,0.0,0.0,1.0,7.2195973
2,C_scene,fast_distractors,99,-0.56916314,0.0,0.0,0.0,17.857456
2,C_scene,unseen_distractor_hues,0,-0.31134477,0.0,0.0,0.0,9.999319
2,C_scene,unseen_distractor_hues,1,-0.31427664,0.0,0.0,1.0,7.5294647
2,C_scene,unseen_distractor_hues,2,-0.6141713,0.0,0.0,0.0,20.218662
2,C_scene,unseen_distractor_hues,3,-0.4401435,0.0,0.0,0.0,15.167991
2,C_scene,unseen_distractor_hues,4,-0.24252333,0.0,0.0,1.0,5.825279
2,C_scene,unseen_distractor_hues,5,-0.714805,0.0,0.0,0.0,24.471077
2,C_scene,unseen_distractor_hues,6,-0.30961478,0.0,0.0,1.0,6.6415668
2,C_scene,unseen_distractor_hues,7,-0.6728748,0.0,0.0,0.0,20.987272
2,C_scene,unseen_distractor_hues,8,-0.5342299,0.0,0.0,0.0,19.308706
2,C_scene,unseen_distractor_hues,9,-0.50127447,0.0,0.0,0.0,15.415315
2,C_scene,unseen_distractor_hues,10,-0.66967535,0.0,0.0,0.0,22.902166
2,C_scene,unseen_distractor_hues,11,-0.6591672,0.0,0.0,0.0,17.522282
2,C_scene,unseen_distractor_hues,12,-0.20293728,0.0,0.0,1.0,10.350176
2,C_scene,unseen_distractor_hues,13,-0.74470574,0.0,0.0,0.0,20.854332
2,C_scene,unseen_distractor_hues,14,-0.43717015,0.0,0.0,0.0,17.499304
2,C_scene,unseen_distractor_hues,15,-0.67589104,0.0,0.0,0.0,22.325434
2,C_scene,unseen_distractor_hues,16,-0.29221398,0.0,0.0,1.0,13.605935
2,C_scene,unseen_distractor_hues,17,-0.17481972,0.0,0.0,1.0,6.3833394
2,C_scene,unseen_distractor_hues,18,-0.5990519,0.0,0.0,0.0,22.30938
2,C_scene,unseen_distractor_hues,19,-0.7727015,0.0,0.0,0.0,23.809134
2,C_scene,unseen_distractor_hues,20,-0.33161157,0.0,0.0,0.0,13.213417
2,C_scene,unseen_distractor_hues,21,-0.23095919,0.0,0.0,0.0,7.717301
2,C_scene,unseen_distractor_hues,22,-0.2099009,0.0,0.0,1.0,8.533661
2,C_scene,unseen_distractor_hues,23,0.104162365,0.0,0.37777777777777777,1.0,1.9106115
2,C_scene,unseen_distractor_hues,24,-0.3299638,0.0,0.0,1.0,8.14982
2,C_scene,unseen_distractor_hues,25,-0.5930325,0.0,0.0,0.0,21.329126
2,C_scene,unseen_distractor_hues,26,-0.1879394,0.0,0.0,1.0,6.5160065
2,C_scene,unseen_distractor_hues,27,-0.11212141,0.0,0.0,1.0,5.0751405
2,C_scene,unseen_distractor_hues,28,-0.22161183,0.0,0.0,1.0,8.190601
2,C_scene,unseen_distractor_hues,29,-0.41067654,0.0,0.0,1.0,14.222497
2,C_scene,unseen_distractor_hues,30,-0.6444471,0.0,0.0,1.0,21.345928
2,C_scene,unseen_distractor_hues,31,-0.43633834,0.0,0.0,0.0,14.023423
2,C_scene,unseen_distractor_hues,32,-0.7989448,0.0,0.0,0.0,26.697329
2,C_scene,unseen_distractor_hues,33,-0.28317466,0.0,0.0,1.0,10.301958
2,C_scene,unseen_distractor_hues,34,-0.49130479,0.0,0.0,0.0,16.028515
2,C_scene,unseen_distractor_hues,35,-0.33388367,0.0,0.0,1.0,14.4802475
2,C_scene,unseen_distractor_hues,36,-0.3208711,0.0,0.0,1.0,14.806349
2,C_scene,unseen_distractor_hues,37,-0.6496024,0.0,0.0,0.0,16.242277
2,C_scene,unseen_distractor_hues,38,-0.33351335,0.0,0.0,1.0,11.130716
2,C_scene,unseen_distractor_hues,39,-0.5234722,0.0,0.0,0.0,13.633762
2,C_scene,unseen_distractor_hues,40,-0.47033688,0.0,0.0,0.0,17.534946
2,C_scene,unseen_distractor_hues,41,-0.23102754,0.0,0.0,1.0,4.6166325
2,C_scene,unseen_distractor_hues,42,-0.27788812,0.0,0.0,1.0,4.9420238
2,C_scene,unseen_distractor_hues,43,-0.40434486,0.0,0.0,1.0,14.878061
2,C_scene,unseen_distractor_hues,44,-0.2888396,0.0,0.0,1.0,6.217829
2,C_scene,unseen_distractor_hues,45,-0.4254753,0.0,0.0,0.0,14.539137
2,C_scene,unseen_distractor_hues,46,-0.67398477,0.0,0.0,0.0,21.804665
2,C_scene,unseen_distractor_hues,47,-0.15599656,0.0,0.0,1.0,5.030045
2,C_scene,unseen_distractor_hues,48,-0.63298523,0.0,0.0,1.0,22.104511
2,C_scene,unseen_distractor_hues,49,-0.4204478,0.0,0.0,0.0,16.993504
2,C_scene,unseen_distractor_hues,50,-0.22408792,0.0,0.0,1.0,4.0854874
2,C_scene,unseen_distractor_hues,51,-0.7062852,0.0,0.0,0.0,19.693747
2,C_scene,unseen_distractor_hues,52,-0.2145992,0.0,0.0,1.0,9.275826
2,C_scene,unseen_distractor_hues,53,-0.5281958,0.0,0.0,1.0,15.715425
2,C_scene,unseen_distractor_hues,54,-0.119896606,0.0,0.0,1.0,3.1958838
2,C_scene,unseen_distractor_hues,55,-0.49775183,0.0,0.0,0.0,14.22894
2,C_scene,unseen_distractor_hues,56,-0.03846936,0.0,0.0,1.0,2.8644109
2,C_scene,unseen_distractor_hues,57,-0.824751,0.0,0.0,0.0,25.79227
2,C_scene,unseen_distractor_hues,58,-0.35159072,0.0,0.0,0.0,12.189171
2,C_scene,unseen_distractor_hues,59,-0.49814907,0.0,0.0,0.0,17.30996
2,C_scene,unseen_distractor_hues,60,-0.728749,0.0,0.0,0.0,24.089401
2,C_scene,unseen_distractor_hues,61,-0.29615697,0.0,0.0,0.0,7.019699
2,C_scene,unseen_distractor_hues,62,-0.44504458,0.0,0.0,0.0,15.166839
2,C_scene,unseen_distractor_hues,63,-0.25052062,0.0,0.0,1.0,5.6896815
2,C_scene,unseen_distractor_hues,64,-0.6400013,0.0,0.0,0.0,21.070475
2,C_scene,unseen_distractor_hues,65,-0.118070886,0.0,0.0,1.0,5.3746595
2,C_scene,unseen_distractor_hues,66,0.034921244,0.0,0.2222222222222222,1.0,5.157655
2,C_scene,unseen_distractor_hues,67,-0.27449143,0.0,0.0,1.0,5.807294
2,C_scene,unseen_distractor_hues,68,-0.9477238,0.0,0.0,0.0,26.592163
2,C_scene,unseen_distractor_hues,69,-0.3276022,0.0,0.0,1.0,7.5187945
2,C_scene,unseen_distractor_hues,70,-0.2684357,0.0,0.0,1.0,8.831371
2,C_scene,unseen_distractor_hues,71,-0.6624774,0.0,0.0,0.0,22.967274
2,C_scene,unseen_distractor_hues,72,0.03065135,0.0,0.15555555555555556,1.0,3.5836222
2,C_scene,unseen_distractor_hues,73,-0.3730761,0.0,0.0,1.0,11.110573
2,C_scene,unseen_distractor_hues,74,-0.63520557,0.0,0.0,0.0,20.391441
2,C_scene,unseen_distractor_hues,75,-0.44726825,0.0,0.0,1.0,13.416585
2,C_scene,unseen_distractor_hues,76,-0.32577893,0.0,0.0,0.0,10.734229
2,C_scene,unseen_distractor_hues,77,-0.61948717,0.0,0.0,0.0,18.886307
2,C_scene,unseen_distractor_hues,78,-0.5216984,0.0,0.0,1.0,17.75565
2,C_scene,unseen_distractor_hues,79,-0.30474368,0.0,0.0,0.0,9.704833
2,C_scene,unseen_distractor_hues,80,-0.7032017,0.0,0.0,0.0,20.997267
2,C_scene,unseen_distractor_hues,81,-0.43312725,0.0,0.0,1.0,10.317498
2,C_scene,unseen_distractor_hues,82,-0.5009006,0.0,0.0,1.0,15.937697
2,C_scene,unseen_distractor_hues,83,-0.79524976,0.0,0.0,0.0,23.306145
2,C_scene,unseen_distractor_hues,84,-0.5245681,0.0,0.0,0.0,18.495272
2,C_scene,unseen_distractor_hues,85,-0.73442936,0.0,0.0,0.0,22.447855
2,C_scene,unseen_distractor_hues,86,-0.4484768,0.0,0.0,0.0,14.226633
2,C_scene,unseen_distractor_hues,87,-0.22922203,0.0,0.0,1.0,7.0783086
2,C_scene,unseen_distractor_hues,88,-0.16744108,0.0,0.0,1.0,3.1748648
2,C_scene,unseen_distractor_hues,89,-0.30516094,0.0,0.0,0.0,10.678816
2,C_scene,unseen_distractor_hues,90,-0.6617516,0.0,0.0,0.0,23.263609
2,C_scene,unseen_distractor_hues,91,-0.8083113,0.0,0.0,0.0,24.844122
2,C_scene,unseen_distractor_hues,92,-0.3982772,0.0,0.0,0.0,10.995621
2,C_scene,unseen_distractor_hues,93,-0.5827837,0.0,0.0,0.0,17.87625
2,C_scene,unseen_distractor_hues,94,-0.22116204,0.0,0.0,1.0,7.1266527
2,C_scene,unseen_distractor_hues,95,-0.5757975,0.0,0.0,0.0,19.021662
2,C_scene,unseen_distractor_hues,96,-0.60976475,0.0,0.0,0.0,19.903543
2,C_scene,unseen_distractor_hues,97,-0.36326116,0.0,0.0,1.0,10.814606
2,C_scene,unseen_distractor_hues,98,-0.19902475,0.0,0.0,1.0,6.970199
2,C_scene,unseen_distractor_hues,99,-0.5348269,0.0,0.0,0.0,16.917957
2,C_scene,heavy_pixel_noise,0,-0.3617636,0.0,0.0,0.0,12.674895
2,C_scene,heavy_pixel_noise,1,-0.28611958,0.0,0.0,1.0,4.8488116
2,C_scene,heavy_pixel_noise,2,-0.62198144,0.0,0.0,0.0,20.68872
2,C_scene,heavy_pixel_noise,3,-0.4573378,0.0,0.0,0.0,14.821335
2,C_scene,heavy_pixel_noise,4,-0.2885639,0.0,0.0,1.0,8.010195
2,C_scene,heavy_pixel_noise,5,-0.7350924,0.0,0.0,0.0,24.98713
2,C_scene,heavy_pixel_noise,6,-0.30511507,0.0,0.0,1.0,6.894746
2,C_scene,heavy_pixel_noise,7,-0.6890427,0.0,0.0,0.0,22.421932
2,C_scene,heavy_pixel_noise,8,-0.5227842,0.0,0.0,0.0,17.922796
2,C_scene,heavy_pixel_noise,9,-0.4716589,0.0,0.0,0.0,14.044327
2,C_scene,heavy_pixel_noise,10,-0.625911,0.0,0.0,0.0,19.458735
2,C_scene,heavy_pixel_noise,11,-0.66180307,0.0,0.0,0.0,18.18507
2,C_scene,heavy_pixel_noise,12,-0.25411597,0.0,0.0,0.0,11.087167
2,C_scene,heavy_pixel_noise,13,-0.7565248,0.0,0.0,0.0,22.847544
2,C_scene,heavy_pixel_noise,14,-0.50346935,0.0,0.0,0.0,19.236353
2,C_scene,heavy_pixel_noise,15,-0.673613,0.0,0.0,0.0,22.16121
2,C_scene,heavy_pixel_noise,16,-0.29031733,0.0,0.0,1.0,11.176769
2,C_scene,heavy_pixel_noise,17,-0.15926377,0.0,0.0,1.0,6.0051
2,C_scene,heavy_pixel_noise,18,-0.54873693,0.0,0.0,0.0,19.322744
2,C_scene,heavy_pixel_noise,19,-0.73227084,0.0,0.0,0.0,23.577806
2,C_scene,heavy_pixel_noise,20,-0.395896,0.0,0.0,0.0,14.917689
2,C_scene,heavy_pixel_noise,21,-0.23567238,0.0,0.0,1.0,8.188139
2,C_scene,heavy_pixel_noise,22,-0.20921561,0.0,0.0,1.0,7.440175
2,C_scene,heavy_pixel_noise,23,0.11785751,1.0,0.4222222222222222,1.0,1.270016
2,C_scene,heavy_pixel_noise,24,-0.33645016,0.0,0.0,1.0,8.210011
2,C_scene,heavy_pixel_noise,25,-0.5999893,0.0,0.0,0.0,22.384586
2,C_scene,heavy_pixel_noise,26,-0.19063121,0.0,0.0,1.0,6.276592
2,C_scene,heavy_pixel_noise,27,-0.061626595,0.0,0.0,1.0,3.1519241
2,C_scene,heavy_pixel_noise,28,-0.1317717,0.0,0.0,1.0,3.3954175
2,C_scene,heavy_pixel_noise,29,-0.39268443,0.0,0.0,1.0,13.629227
2,C_scene,heavy_pixel_noise,30,-0.63581175,0.0,0.0,1.0,19.65512
2,C_scene,heavy_pixel_noise,31,-0.45406955,0.0,0.0,0.0,14.1789055
2,C_scene,heavy_pixel_noise,32,-0.7779341,0.0,0.0,0.0,24.86892
2,C_scene,heavy_pixel_noise,33,-0.22236441,0.0,0.0,1.0,6.242056
2,C_scene,heavy_pixel_noise,34,-0.5272324,0.0,0.0,0.0,16.502436
2,C_scene,heavy_pixel_noise,35,-0.31771132,0.0,0.0,1.0,12.73241
2,C_scene,heavy_pixel_noise,36,-0.36403587,0.0,0.0,1.0,16.833311
2,C_scene,heavy_pixel_noise,37,-0.73041576,0.0,0.0,0.0,25.551619
2,C_scene,heavy_pixel_noise,38,-0.30856058,0.0,0.0,1.0,9.50511
2,C_scene,heavy_pixel_noise,39,-0.51847684,0.0,0.0,0.0,13.852267
2,C_scene,heavy_pixel_noise,40,-0.44726554,0.0,0.0,0.0,15.662529
2,C_scene,heavy_pixel_noise,41,-0.21814212,0.0,0.0,1.0,3.5042205
2,C_scene,heavy_pixel_noise,42,-0.13993044,0.0,0.0,1.0,1.7748061
2,C_scene,heavy_pixel_noise,43,-0.40703976,0.0,0.0,1.0,15.642707
2,C_scene,heavy_pixel_noise,44,-0.31256825,0.0,0.0,1.0,5.7044926
2,C_scene,heavy_pixel_noise,45,-0.44428644,0.0,0.0,0.0,16.3494
2,C_scene,heavy_pixel_noise,46,-0.6404165,0.0,0.0,0.0,19.939182
2,C_scene,heavy_pixel_noise,47,-0.19375363,0.0,0.0,1.0,5.8564157
2,C_scene,heavy_pixel_noise,48,-0.55655473,0.0,0.0,1.0,18.563255
2,C_scene,heavy_pixel_noise,49,-0.40764308,0.0,0.0,0.0,16.035803
2,C_scene,heavy_pixel_noise,50,-0.27826867,0.0,0.0,1.0,6.521618
2,C_scene,heavy_pixel_noise,51,-0.6519891,0.0,0.0,0.0,17.929605
2,C_scene,heavy_pixel_noise,52,-0.18919517,0.0,0.0,0.0,7.497709
2,C_scene,heavy_pixel_noise,53,-0.48299184,0.0,0.0,1.0,12.704938
2,C_scene,heavy_pixel_noise,54,-0.18700477,0.0,0.0,1.0,6.0749288
2,C_scene,heavy_pixel_noise,55,-0.5405146,0.0,0.0,0.0,17.128988
2,C_scene,heavy_pixel_noise,56,0.0026707288,0.0,0.08888888888888889,1.0,4.777897
2,C_scene,heavy_pixel_noise,57,-0.83765775,0.0,0.0,0.0,27.571497
2,C_scene,heavy_pixel_noise,58,-0.43395796,0.0,0.0,0.0,15.076238
2,C_scene,heavy_pixel_noise,59,-0.50988686,0.0,0.0,0.0,18.229246
2,C_scene,heavy_pixel_noise,60,-0.75925565,0.0,0.0,0.0,23.599869
2,C_scene,heavy_pixel_noise,61,-0.3453489,0.0,0.0,0.0,10.39614
2,C_scene,heavy_pixel_noise,62,-0.4065133,0.0,0.0,0.0,13.462876
2,C_scene,heavy_pixel_noise,63,-0.27223685,0.0,0.0,1.0,6.974893
2,C_scene,heavy_pixel_noise,64,-0.65885925,0.0,0.0,0.0,21.62196
2,C_scene,heavy_pixel_noise,65,-0.02719799,0.0,0.0,1.0,2.8901703
2,C_scene,heavy_pixel_noise,66,-0.010466917,0.0,0.0,1.0,3.8725162
2,C_scene,heavy_pixel_noise,67,-0.23212136,0.0,0.0,1.0,6.0566154
2,C_scene,heavy_pixel_noise,68,-0.8251457,0.0,0.0,0.0,26.735098
2,C_scene,heavy_pixel_noise,69,-0.35616332,0.0,0.0,1.0,9.472372
2,C_scene,heavy_pixel_noise,70,-0.32290024,0.0,0.0,1.0,10.5425415
2,C_scene,heavy_pixel_noise,71,-0.63852155,0.0,0.0,0.0,21.561985
2,C_scene,heavy_pixel_noise,72,0.010944322,0.0,0.15555555555555556,1.0,5.065552
2,C_scene,heavy_pixel_noise,73,-0.4083059,0.0,0.0,1.0,13.370776
2,C_scene,heavy_pixel_noise,74,-0.68560946,0.0,0.0,0.0,22.706629
2,C_scene,heavy_pixel_noise,75,-0.4783768,0.0,0.0,1.0,14.85008
2,C_scene,heavy_pixel_noise,76,-0.36192733,0.0,0.0,0.0,11.98408
2,C_scene,heavy_pixel_noise,77,-0.6743298,0.0,0.0,0.0,22.784925
2,C_scene,heavy_pixel_noise,78,-0.50381935,0.0,0.0,1.0,16.184391
2,C_scene,heavy_pixel_noise,79,-0.26175216,0.0,0.0,1.0,7.6981807
2,C_scene,heavy_pixel_noise,80,-0.7161671,0.0,0.0,0.0,22.852358
2,C_scene,heavy_pixel_noise,81,-0.5293296,0.0,0.0,1.0,14.27709
2,C_scene,heavy_pixel_noise,82,-0.4909943,0.0,0.0,1.0,15.482993
2,C_scene,heavy_pixel_noise,83,-0.78380966,0.0,0.0,0.0,24.638792
2,C_scene,heavy_pixel_noise,84,-0.51029485,0.0,0.0,0.0,18.384758
2,C_scene,heavy_pixel_noise,85,-0.7410568,0.0,0.0,0.0,23.526234
2,C_scene,heavy_pixel_noise,86,-0.4274057,0.0,0.0,0.0,13.539885
2,C_scene,heavy_pixel_noise,87,-0.20396629,0.0,0.0,1.0,4.562311
2,C_scene,heavy_pixel_noise,88,-0.21805722,0.0,0.0,1.0,4.61748
2,C_scene,heavy_pixel_noise,89,-0.27067965,0.0,0.0,0.0,9.143225
2,C_scene,heavy_pixel_noise,90,-0.7130254,0.0,0.0,0.0,24.65411
2,C_scene,heavy_pixel_noise,91,-0.80122834,0.0,0.0,0.0,24.731722
2,C_scene,heavy_pixel_noise,92,-0.38863984,0.0,0.0,0.0,10.609622
2,C_scene,heavy_pixel_noise,93,-0.6130252,0.0,0.0,0.0,19.006516
2,C_scene,heavy_pixel_noise,94,-0.19641957,0.0,0.0,1.0,5.762528
2,C_scene,heavy_pixel_noise,95,-0.59798586,0.0,0.0,0.0,19.933254
2,C_scene,heavy_pixel_noise,96,-0.6009552,0.0,0.0,0.0,20.037077
2,C_scene,heavy_pixel_noise,97,-0.42215848,0.0,0.0,1.0,15.391165
2,C_scene,heavy_pixel_noise,98,-0.21165948,0.0,0.0,1.0,7.336257
2,C_scene,heavy_pixel_noise,99,-0.6079036,0.0,0.0,0.0,19.169044
2,D_latent,in_distribution,0,-0.2896773,0.0,0.0,1.0,6.174205
2,D_latent,in_distribution,1,-0.21390538,0.0,0.0,1.0,3.4860504
2,D_latent,in_distribution,2,-0.18488583,1.0,0.1111111111111111,1.0,1.2251781
2,D_latent,in_distribution,3,0.052145105,1.0,0.4222222222222222,1.0,0.20733222
2,D_latent,in_distribution,4,0.017446939,1.0,0.2,1.0,0.8101562
2,D_latent,in_distribution,5,-0.4398565,0.0,0.0,1.0,11.126363
2,D_latent,in_distribution,6,-0.089689486,1.0,0.1111111111111111,1.0,1.3205873
2,D_latent,in_distribution,7,-0.33576247,0.0,0.0,1.0,7.543006
2,D_latent,in_distribution,8,-0.22404043,0.0,0.0,1.0,5.2034216
2,D_latent,in_distribution,9,-0.3532171,0.0,0.0,1.0,6.654808
2,D_latent,in_distribution,10,-0.26733688,0.0,0.0,1.0,4.440599
2,D_latent,in_distribution,11,-0.61475176,0.0,0.0,0.0,14.800194
2,D_latent,in_distribution,12,-0.24485601,0.0,0.0,0.0,11.424981
2,D_latent,in_distribution,13,-0.73741734,0.0,0.0,0.0,22.305996
2,D_latent,in_distribution,14,-0.2876903,0.0,0.0,1.0,6.8711896
2,D_latent,in_distribution,15,-0.47999623,0.0,0.0,0.0,9.621527
2,D_latent,in_distribution,16,-0.1545391,0.0,0.0,1.0,4.0080156
2,D_latent,in_distribution,17,0.012911185,0.0,0.0,1.0,2.9993498
2,D_latent,in_distribution,18,-0.32133928,0.0,0.0,1.0,6.468534
2,D_latent,in_distribution,19,-0.5171603,0.0,0.0,0.0,12.780698
2,D_latent,in_distribution,20,-0.25285232,0.0,0.0,1.0,5.723448
2,D_latent,in_distribution,21,-0.1081084,0.0,0.0,1.0,3.5440378
2,D_latent,in_distribution,22,-0.15621178,0.0,0.0,1.0,5.4566154
2,D_latent,in_distribution,23,0.18461427,1.0,0.6222222222222222,1.0,1.0577064
2,D_latent,in_distribution,24,-0.2946027,0.0,0.0,1.0,5.9529934
2,D_latent,in_distribution,25,-0.4973745,0.0,0.0,0.0,18.136946
2,D_latent,in_distribution,26,-0.12463434,0.0,0.0,1.0,4.5047107
2,D_latent,in_distribution,27,0.14525674,0.0,0.3333333333333333,1.0,2.4122066
2,D_latent,in_distribution,28,0.071698725,0.0,0.2,1.0,2.261654
2,D_latent,in_distribution,29,-0.360828,0.0,0.0,1.0,10.300133
2,D_latent,in_distribution,30,-0.3868686,0.0,0.0,1.0,12.1386175
2,D_latent,in_distribution,31,-0.22736019,0.0,0.0,1.0,2.6322646
2,D_latent,in_distribution,32,-0.47243562,0.0,0.0,1.0,9.612386
2,D_latent,in_distribution,33,-0.2407354,0.0,0.0,1.0,9.729721
2,D_latent,in_distribution,34,-0.025022857,1.0,0.26666666666666666,1.0,1.4042989
2,D_latent,in_distribution,35,-0.27167177,0.0,0.0,1.0,8.577889
2,D_latent,in_distribution,36,-0.18914032,0.0,0.0,1.0,5.000949
2,D_latent,in_distribution,37,-0.24991979,0.0,0.0,1.0,1.8205698
2,D_latent,in_distribution,38,-0.16097337,0.0,0.0,1.0,2.6970167
2,D_latent,in_distribution,39,-0.3304339,0.0,0.0,1.0,7.437913
2,D_latent,in_distribution,40,-0.28238407,0.0,0.0,1.0,6.1693654
2,D_latent,in_distribution,41,-0.19596678,0.0,0.0,1.0,4.9940634
2,D_latent,in_distribution,42,-0.2867438,0.0,0.0,1.0,9.140784
2,D_latent,in_distribution,43,-0.35137913,0.0,0.0,1.0,12.684281
2,D_latent,in_distribution,44,-0.12741913,0.0,0.0,1.0,2.998841
2,D_latent,in_distribution,45,-0.30387965,0.0,0.0,1.0,7.3392167
2,D_latent,in_distribution,46,-0.20806035,0.0,0.0,1.0,2.0685036
2,D_latent,in_distribution,47,-0.15787056,0.0,0.0,1.0,6.8528175
2,D_latent,in_distribution,48,-0.26966828,0.0,0.0,1.0,2.3926587
2,D_latent,in_distribution,49,-0.3222711,0.0,0.0,0.0,9.280796
2,D_latent,in_distribution,50,-0.17394432,0.0,0.0,1.0,4.6588006
2,D_latent,in_distribution,51,-0.46714523,0.0,0.0,0.0,10.283119
2,D_latent,in_distribution,52,-0.06844191,0.0,0.0,1.0,2.8371747
2,D_latent,in_distribution,53,-0.33630615,0.0,0.0,1.0,8.838174
2,D_latent,in_distribution,54,-0.12618735,0.0,0.0,1.0,5.2292542
2,D_latent,in_distribution,55,-0.14642832,0.0,0.0,1.0,1.7537783
2,D_latent,in_distribution,56,-0.010226233,0.0,0.15555555555555556,1.0,5.9368677
2,D_latent,in_distribution,57,-0.7273094,0.0,0.0,0.0,17.396955
2,D_latent,in_distribution,58,-0.21076635,0.0,0.0,1.0,4.600991
2,D_latent,in_distribution,59,-0.49709317,0.0,0.0,1.0,17.171131
2,D_latent,in_distribution,60,-0.4002983,0.0,0.0,1.0,7.277265
2,D_latent,in_distribution,61,-0.3354651,0.0,0.0,0.0,11.8043165
2,D_latent,in_distribution,62,-0.3763009,0.0,0.0,1.0,10.424814
2,D_latent,in_distribution,63,-0.35624778,0.0,0.0,0.0,16.785572
2,D_latent,in_distribution,64,-0.40685344,0.0,0.0,0.0,9.361115
2,D_latent,in_distribution,65,-0.10405861,0.0,0.0,1.0,5.5524716
2,D_latent,in_distribution,66,0.11607572,0.0,0.26666666666666666,1.0,3.3663528
2,D_latent,in_distribution,67,-0.15898296,0.0,0.0,1.0,3.3878372
2,D_latent,in_distribution,68,-0.4097019,0.0,0.0,1.0,4.0091343
2,D_latent,in_distribution,69,-0.25223187,0.0,0.0,1.0,5.862803
2,D_latent,in_distribution,70,0.03200261,0.0,0.24444444444444444,1.0,2.850836
2,D_latent,in_distribution,71,-0.4468924,0.0,0.0,0.0,9.545124
2,D_latent,in_distribution,72,-0.022872455,0.0,0.15555555555555556,1.0,6.767341
2,D_latent,in_distribution,73,-0.34207708,0.0,0.0,1.0,9.619981
2,D_latent,in_distribution,74,-0.35354924,0.0,0.0,1.0,9.096846
2,D_latent,in_distribution,75,-0.2712352,0.0,0.0,1.0,6.850224
2,D_latent,in_distribution,76,-0.28640187,0.0,0.0,0.0,12.139576
2,D_latent,in_distribution,77,-0.38525108,0.0,0.0,1.0,8.044289
2,D_latent,in_distribution,78,-0.34027126,0.0,0.0,1.0,9.145443
2,D_latent,in_distribution,79,-0.16587837,0.0,0.0,1.0,3.7068586
2,D_latent,in_distribution,80,-0.3095402,0.0,0.0,1.0,2.7669096
2,D_latent,in_distribution,81,-0.35110658,0.0,0.0,1.0,10.706813
2,D_latent,in_distribution,82,-0.41134652,0.0,0.0,1.0,13.017776
2,D_latent,in_distribution,83,-0.4115,0.0,0.0,1.0,6.3771567
2,D_latent,in_distribution,84,-0.43629375,0.0,0.0,0.0,15.732597
2,D_latent,in_distribution,85,-0.58249295,0.0,0.0,1.0,14.757848
2,D_latent,in_distribution,86,-0.33544472,0.0,0.0,0.0,9.086827
2,D_latent,in_distribution,87,-0.22469248,0.0,0.0,1.0,6.844197
2,D_latent,in_distribution,88,-0.213934,0.0,0.0,1.0,7.941018
2,D_latent,in_distribution,89,-0.21289735,0.0,0.0,1.0,5.526147
2,D_latent,in_distribution,90,-0.37096456,0.0,0.0,1.0,7.889442
2,D_latent,in_distribution,91,-0.6973713,0.0,0.0,1.0,19.60745
2,D_latent,in_distribution,92,-0.30080068,0.0,0.0,1.0,8.894981
2,D_latent,in_distribution,93,-0.3302962,0.0,0.0,1.0,4.624304
2,D_latent,in_distribution,94,-0.20596561,0.0,0.0,1.0,7.976478
2,D_latent,in_distribution,95,-0.3256499,0.0,0.0,1.0,6.4029465
2,D_latent,in_distribution,96,-0.30480087,0.0,0.0,1.0,3.8409731
2,D_latent,in_distribution,97,-0.25647056,0.0,0.0,1.0,5.3536606
2,D_latent,in_distribution,98,-0.083425865,0.0,0.0,1.0,4.0423565
2,D_latent,in_distribution,99,-0.1279027,0.0,0.15555555555555556,1.0,3.855461
2,D_latent,4_distractors,0,-0.19729887,0.0,0.0,1.0,3.729819
2,D_latent,4_distractors,1,-0.18648633,0.0,0.0,1.0,3.8131623
2,D_latent,4_distractors,2,-0.1874756,1.0,0.1111111111111111,1.0,1.2013236
2,D_latent,4_distractors,3,0.04987126,1.0,0.4,1.0,0.62444305
2,D_latent,4_distractors,4,-0.019353421,1.0,0.022222222222222223,1.0,1.4690481
2,D_latent,4_distractors,5,-0.37819993,0.0,0.0,1.0,7.518365
2,D_latent,4_distractors,6,-0.074782,1.0,0.17777777777777778,1.0,1.2561386
2,D_latent,4_distractors,7,-0.25787514,0.0,0.0,1.0,3.4205937
2,D_latent,4_distractors,8,-0.2051025,0.0,0.0,1.0,3.5167983
2,D_latent,4_distractors,9,-0.25642923,0.0,0.0,1.0,3.162862
2,D_latent,4_distractors,10,-0.26991937,0.0,0.0,1.0,4.529496
2,D_latent,4_distractors,11,-0.598582,0.0,0.0,1.0,13.859119
2,D_latent,4_distractors,12,-0.2386496,0.0,0.0,0.0,11.367789
2,D_latent,4_distractors,13,-0.6896646,0.0,0.0,0.0,19.467274
2,D_latent,4_distractors,14,-0.29826406,0.0,0.0,1.0,6.982202
2,D_latent,4_distractors,15,-0.49371275,0.0,0.0,0.0,11.792986
2,D_latent,4_distractors,16,-0.18843746,0.0,0.0,1.0,5.5570846
2,D_latent,4_distractors,17,0.04453156,0.0,0.0,1.0,1.8431723
2,D_latent,4_distractors,18,-0.35684496,0.0,0.0,1.0,8.528264
2,D_latent,4_distractors,19,-0.49309397,0.0,0.0,0.0,11.799607
2,D_latent,4_distractors,20,-0.2756605,0.0,0.0,0.0,6.9684625
2,D_latent,4_distractors,21,-0.055766683,0.0,0.0,1.0,2.84337
2,D_latent,4_distractors,22,-0.1711883,0.0,0.0,1.0,6.404516
2,D_latent,4_distractors,23,0.19330858,1.0,0.6444444444444445,1.0,1.2703847
2,D_latent,4_distractors,24,-0.26646954,0.0,0.0,1.0,3.957029
2,D_latent,4_distractors,25,-0.50149703,0.0,0.0,0.0,18.702852
2,D_latent,4_distractors,26,-0.15507962,0.0,0.0,1.0,5.285181
2,D_latent,4_distractors,27,0.10941064,0.0,0.24444444444444444,1.0,1.73956
2,D_latent,4_distractors,28,-0.08376568,0.0,0.0,1.0,4.4535894
2,D_latent,4_distractors,29,-0.35669747,0.0,0.0,1.0,10.78443
2,D_latent,4_distractors,30,-0.45761532,0.0,0.0,1.0,15.793854
2,D_latent,4_distractors,31,-0.2647012,0.0,0.0,1.0,3.928626
2,D_latent,4_distractors,32,-0.4740471,0.0,0.0,1.0,9.140105
2,D_latent,4_distractors,33,-0.2651815,0.0,0.0,1.0,11.292714
2,D_latent,4_distractors,34,-0.1039599,0.0,0.0,1.0,3.324445
2,D_latent,4_distractors,35,-0.27087882,0.0,0.0,1.0,8.30414
2,D_latent,4_distractors,36,-0.12983848,0.0,0.0,1.0,3.861627
2,D_latent,4_distractors,37,-0.2410079,0.0,0.044444444444444446,1.0,1.7026081
2,D_latent,4_distractors,38,-0.16640782,0.0,0.0,1.0,3.0008688
2,D_latent,4_distractors,39,-0.33298963,0.0,0.0,1.0,7.5624037
2,D_latent,4_distractors,40,-0.28063473,0.0,0.0,1.0,6.293606
2,D_latent,4_distractors,41,-0.18240486,0.0,0.0,1.0,5.828693
2,D_latent,4_distractors,42,-0.26148492,0.0,0.0,1.0,8.479145
2,D_latent,4_distractors,43,-0.33297792,0.0,0.0,1.0,11.808342
2,D_latent,4_distractors,44,-0.19268928,0.0,0.0,1.0,5.9415355
2,D_latent,4_distractors,45,-0.30541906,0.0,0.0,1.0,7.6078806
2,D_latent,4_distractors,46,-0.30143377,0.0,0.0,1.0,4.4695454
2,D_latent,4_distractors,47,-0.19879164,0.0,0.0,1.0,8.262741
2,D_latent,4_distractors,48,-0.33324286,0.0,0.0,1.0,4.429717
2,D_latent,4_distractors,49,-0.29634103,0.0,0.0,0.0,8.504368
2,D_latent,4_distractors,50,-0.17018054,0.0,0.0,1.0,4.593093
2,D_latent,4_distractors,51,-0.5352858,0.0,0.0,0.0,14.374809
2,D_latent,4_distractors,52,-0.11075047,0.0,0.0,1.0,3.607069
2,D_latent,4_distractors,53,-0.322382,0.0,0.0,1.0,9.039468
2,D_latent,4_distractors,54,-0.1272487,0.0,0.0,1.0,5.4157696
2,D_latent,4_distractors,55,-0.2043049,0.0,0.0,1.0,2.7192218
2,D_latent,4_distractors,56,-0.016301207,0.0,0.15555555555555556,1.0,5.9698963
2,D_latent,4_distractors,57,-0.8063021,0.0,0.0,0.0,24.179314
2,D_latent,4_distractors,58,-0.2366561,0.0,0.0,1.0,4.8953447
2,D_latent,4_distractors,59,-0.48238817,0.0,0.0,1.0,16.602467
2,D_latent,4_distractors,60,-0.345446,0.0,0.0,1.0,5.087083
2,D_latent,4_distractors,61,-0.35261613,0.0,0.0,0.0,12.496124
2,D_latent,4_distractors,62,-0.41178653,0.0,0.0,1.0,12.19829
2,D_latent,4_distractors,63,-0.3481013,0.0,0.0,0.0,15.955312
2,D_latent,4_distractors,64,-0.41127226,0.0,0.0,0.0,8.812759
2,D_latent,4_distractors,65,-0.11412603,0.0,0.0,1.0,5.3899055
2,D_latent,4_distractors,66,0.034380503,0.0,0.2,1.0,3.849746
2,D_latent,4_distractors,67,-0.18539174,0.0,0.0,1.0,4.624274
2,D_latent,4_distractors,68,-0.29767615,0.0,0.0,1.0,1.8505622
2,D_latent,4_distractors,69,-0.23007944,0.0,0.0,1.0,5.7129445
2,D_latent,4_distractors,70,-0.15171985,0.0,0.0,1.0,2.0833085
2,D_latent,4_distractors,71,-0.47982427,0.0,0.0,0.0,10.867018
2,D_latent,4_distractors,72,-0.02179242,0.0,0.15555555555555556,1.0,6.735318
2,D_latent,4_distractors,73,-0.34240237,0.0,0.0,1.0,9.7218
2,D_latent,4_distractors,74,-0.31063294,0.0,0.0,1.0,7.3744297
2,D_latent,4_distractors,75,-0.23591979,0.0,0.0,1.0,4.2248816
2,D_latent,4_distractors,76,-0.2454003,0.0,0.0,1.0,10.321309
2,D_latent,4_distractors,77,-0.3893764,0.0,0.0,0.0,8.008933
2,D_latent,4_distractors,78,-0.39914072,0.0,0.0,1.0,11.662733
2,D_latent,4_distractors,79,-0.17739597,0.0,0.0,1.0,4.7739744
2,D_latent,4_distractors,80,-0.3115188,0.0,0.0,1.0,2.2812316
2,D_latent,4_distractors,81,-0.35682976,0.0,0.0,1.0,10.879261
2,D_latent,4_distractors,82,-0.42738205,0.0,0.0,1.0,13.327401
2,D_latent,4_distractors,83,-0.43401936,0.0,0.0,1.0,7.085347
2,D_latent,4_distractors,84,-0.43704176,0.0,0.0,0.0,16.043262
2,D_latent,4_distractors,85,-0.62889737,0.0,0.0,1.0,18.361582
2,D_latent,4_distractors,86,-0.3348422,0.0,0.0,0.0,8.262899
2,D_latent,4_distractors,87,-0.22416227,0.0,0.0,1.0,6.9171762
2,D_latent,4_distractors,88,-0.22089633,0.0,0.0,1.0,7.098059
2,D_latent,4_distractors,89,-0.21869995,0.0,0.0,1.0,5.421848
2,D_latent,4_distractors,90,-0.36824882,0.0,0.0,1.0,7.4053135
2,D_latent,4_distractors,91,-0.56726223,0.0,0.0,1.0,12.147974
2,D_latent,4_distractors,92,-0.30042922,0.0,0.0,1.0,8.841084
2,D_latent,4_distractors,93,-0.34768614,0.0,0.0,1.0,5.5026464
2,D_latent,4_distractors,94,-0.19883007,0.0,0.0,1.0,7.2909102
2,D_latent,4_distractors,95,-0.3553829,0.0,0.0,1.0,7.710341
2,D_latent,4_distractors,96,-0.3684511,0.0,0.0,0.0,8.592008
2,D_latent,4_distractors,97,-0.25450936,0.0,0.0,1.0,5.2786436
2,D_latent,4_distractors,98,-0.077707246,0.0,0.0,1.0,4.066612
2,D_latent,4_distractors,99,-0.28532028,0.0,0.0,1.0,3.4384446
2,D_latent,fast_distractors,0,-0.26842913,0.0,0.0,1.0,5.1834064
2,D_latent,fast_distractors,1,-0.21781138,0.0,0.0,1.0,3.725756
2,D_latent,fast_distractors,2,-0.16746919,1.0,0.17777777777777778,1.0,0.82643294
2,D_latent,fast_distractors,3,0.043224584,1.0,0.4222222222222222,1.0,0.56690305
2,D_latent,fast_distractors,4,0.011051451,1.0,0.2,1.0,0.98636687
2,D_latent,fast_distractors,5,-0.47845727,0.0,0.0,1.0,12.11822
2,D_latent,fast_distractors,6,-0.054602284,1.0,0.26666666666666666,1.0,1.4557818
2,D_latent,fast_distractors,7,-0.33650675,0.0,0.0,1.0,7.717585
2,D_latent,fast_distractors,8,-0.23737028,0.0,0.0,1.0,5.881929
2,D_latent,fast_distractors,9,-0.32646516,0.0,0.0,1.0,5.0893
2,D_latent,fast_distractors,10,-0.2679837,0.0,0.0,1.0,4.39637
2,D_latent,fast_distractors,11,-0.6166059,0.0,0.0,0.0,15.0012245
2,D_latent,fast_distractors,12,-0.24440551,0.0,0.0,0.0,11.480194
2,D_latent,fast_distractors,13,-0.74054563,0.0,0.0,0.0,22.524052
2,D_latent,fast_distractors,14,-0.298392,0.0,0.0,1.0,7.0568733
2,D_latent,fast_distractors,15,-0.4782703,0.0,0.0,0.0,10.322478
2,D_latent,fast_distractors,16,-0.16020258,0.0,0.0,1.0,4.4263477
2,D_latent,fast_distractors,17,-0.03813822,0.0,0.0,1.0,3.2388575
2,D_latent,fast_distractors,18,-0.32800677,0.0,0.0,1.0,6.8315306
2,D_latent,fast_distractors,19,-0.5168305,0.0,0.0,0.0,12.794691
2,D_latent,fast_distractors,20,-0.24786173,0.0,0.0,1.0,5.3704777
2,D_latent,fast_distractors,21,-0.1049084,0.0,0.0,1.0,3.4742026
2,D_latent,fast_distractors,22,-0.16050102,0.0,0.0,1.0,5.702536
2,D_latent,fast_distractors,23,0.1819869,1.0,0.6666666666666666,1.0,1.3984741
2,D_latent,fast_distractors,24,-0.2772865,0.0,0.0,1.0,4.775677
2,D_latent,fast_distractors,25,-0.5096318,0.0,0.0,0.0,19.571157
2,D_latent,fast_distractors,26,-0.14213881,0.0,0.0,1.0,5.668136
2,D_latent,fast_distractors,27,0.15730658,0.0,0.35555555555555557,1.0,2.2059276
2,D_latent,fast_distractors,28,0.08083791,0.0,0.2222222222222222,1.0,2.5909264
2,D_latent,fast_distractors,29,-0.3598838,0.0,0.0,1.0,10.309003
2,D_latent,fast_distractors,30,-0.38220337,0.0,0.0,1.0,11.613836
2,D_latent,fast_distractors,31,-0.2078789,0.0,0.0,1.0,1.9405437
2,D_latent,fast_distractors,32,-0.47133988,0.0,0.0,1.0,9.1144905
2,D_latent,fast_distractors,33,-0.2424991,0.0,0.0,1.0,9.907342
2,D_latent,fast_distractors,34,-0.022435866,1.0,0.28888888888888886,1.0,1.3707831
2,D_latent,fast_distractors,35,-0.2722999,0.0,0.0,1.0,8.34131
2,D_latent,fast_distractors,36,-0.1825708,0.0,0.0,1.0,4.3591228
2,D_latent,fast_distractors,37,-0.2453562,0.0,0.0,1.0,2.0690315
2,D_latent,fast_distractors,38,-0.0888791,0.0,0.0,1.0,2.3185313
2,D_latent,fast_distractors,39,-0.34065554,0.0,0.0,1.0,7.5143323
2,D_latent,fast_distractors,40,-0.28680572,0.0,0.0,1.0,6.6504765
2,D_latent,fast_distractors,41,-0.21863505,0.0,0.0,1.0,5.6870995
2,D_latent,fast_distractors,42,-0.28400424,0.0,0.0,1.0,8.645995
2,D_latent,fast_distractors,43,-0.35535443,0.0,0.0,1.0,12.950203
2,D_latent,fast_distractors,44,-0.12443573,0.0,0.0,1.0,2.9889703
2,D_latent,fast_distractors,45,-0.29341155,0.0,0.0,1.0,6.9331217
2,D_latent,fast_distractors,46,-0.20995231,0.0,0.0,1.0,2.0945144
2,D_latent,fast_distractors,47,-0.16675957,0.0,0.0,1.0,7.1100774
2,D_latent,fast_distractors,48,-0.29262987,0.0,0.0,1.0,2.8909936
2,D_latent,fast_distractors,49,-0.3217358,0.0,0.0,0.0,9.174197
2,D_latent,fast_distractors,50,-0.16746284,0.0,0.0,1.0,4.2887883
2,D_latent,fast_distractors,51,-0.40529785,0.0,0.0,1.0,6.794433
2,D_latent,fast_distractors,52,-0.06368192,0.0,0.0,1.0,2.5050807
2,D_latent,fast_distractors,53,-0.33928525,0.0,0.0,1.0,9.721873
2,D_latent,fast_distractors,54,-0.102933,0.0,0.0,1.0,4.3423057
2,D_latent,fast_distractors,55,-0.13708116,1.0,0.15555555555555556,1.0,1.4663241
2,D_latent,fast_distractors,56,-0.008433901,0.0,0.15555555555555556,1.0,6.0205193
2,D_latent,fast_distractors,57,-0.7361737,0.0,0.0,0.0,21.522999
2,D_latent,fast_distractors,58,-0.21151695,0.0,0.0,1.0,5.8858213
2,D_latent,fast_distractors,59,-0.5060258,0.0,0.0,1.0,17.4098
2,D_latent,fast_distractors,60,-0.32900375,0.0,0.0,1.0,3.2780843
2,D_latent,fast_distractors,61,-0.3382413,0.0,0.0,0.0,11.9970045
2,D_latent,fast_distractors,62,-0.37671584,0.0,0.0,1.0,10.5244
2,D_latent,fast_distractors,63,-0.35131255,0.0,0.0,0.0,16.405954
2,D_latent,fast_distractors,64,-0.41043103,0.0,0.0,0.0,9.572429
2,D_latent,fast_distractors,65,-0.10591279,0.0,0.0,1.0,4.799626
2,D_latent,fast_distractors,66,0.04157345,0.0,0.2,1.0,3.734987
2,D_latent,fast_distractors,67,-0.16183938,0.0,0.0,1.0,3.4635324
2,D_latent,fast_distractors,68,-0.29263958,0.0,0.0,1.0,1.7782562
2,D_latent,fast_distractors,69,-0.25514397,0.0,0.0,1.0,6.0594015
2,D_latent,fast_distractors,70,0.024638345,0.0,0.2222222222222222,1.0,2.9487042
2,D_latent,fast_distractors,71,-0.441468,0.0,0.0,0.0,9.651506
2,D_latent,fast_distractors,72,-0.025321981,0.0,0.15555555555555556,1.0,6.8842115
2,D_latent,fast_distractors,73,-0.34235567,0.0,0.0,1.0,9.744032
2,D_latent,fast_distractors,74,-0.35081363,0.0,0.0,1.0,8.663042
2,D_latent,fast_distractors,75,-0.2736691,0.0,0.0,1.0,7.2881775
2,D_latent,fast_distractors,76,-0.28888193,0.0,0.0,0.0,12.255921
2,D_latent,fast_distractors,77,-0.3886498,0.0,0.0,0.0,8.386879
2,D_latent,fast_distractors,78,-0.34150583,0.0,0.0,1.0,9.14477
2,D_latent,fast_distractors,79,-0.16631648,0.0,0.0,1.0,3.715185
2,D_latent,fast_distractors,80,-0.31504992,0.0,0.0,1.0,2.9751375
2,D_latent,fast_distractors,81,-0.35207424,0.0,0.0,1.0,10.015901
2,D_latent,fast_distractors,82,-0.4300064,0.0,0.0,1.0,13.600688
2,D_latent,fast_distractors,83,-0.39775336,0.0,0.0,1.0,6.0587296
2,D_latent,fast_distractors,84,-0.43821162,0.0,0.0,0.0,15.996358
2,D_latent,fast_distractors,85,-0.6298381,0.0,0.0,1.0,18.460928
2,D_latent,fast_distractors,86,-0.33572996,0.0,0.0,0.0,9.155619
2,D_latent,fast_distractors,87,-0.2241653,0.0,0.0,1.0,7.0628552
2,D_latent,fast_distractors,88,-0.21658114,0.0,0.0,1.0,8.403475
2,D_latent,fast_distractors,89,-0.22266553,0.0,0.0,1.0,5.808974
2,D_latent,fast_distractors,90,-0.38701656,0.0,0.0,1.0,8.355164
2,D_latent,fast_distractors,91,-0.6668769,0.0,0.0,1.0,17.895456
2,D_latent,fast_distractors,92,-0.30121613,0.0,0.0,1.0,8.870233
2,D_latent,fast_distractors,93,-0.33293232,0.0,0.0,1.0,4.5593896
2,D_latent,fast_distractors,94,-0.20325932,0.0,0.0,1.0,7.695865
2,D_latent,fast_distractors,95,-0.33069333,0.0,0.0,1.0,6.9733343
2,D_latent,fast_distractors,96,-0.3192246,0.0,0.0,1.0,5.167807
2,D_latent,fast_distractors,97,-0.2651898,0.0,0.0,1.0,6.7797318
2,D_latent,fast_distractors,98,-0.08914491,0.0,0.0,1.0,3.970355
2,D_latent,fast_distractors,99,-0.14032747,0.0,0.13333333333333333,1.0,4.45123
2,D_latent,unseen_distractor_hues,0,-0.08548207,0.0,0.0,1.0,2.6032681
2,D_latent,unseen_distractor_hues,1,-0.19204211,0.0,0.0,1.0,4.0129285
2,D_latent,unseen_distractor_hues,2,-0.3281213,0.0,0.0,1.0,3.8015165
2,D_latent,unseen_distractor_hues,3,0.030640695,1.0,0.37777777777777777,1.0,0.6022038
2,D_latent,unseen_distractor_hues,4,-0.0018227027,1.0,0.17777777777777778,1.0,0.99406695
2,D_latent,unseen_distractor_hues,5,-0.44670388,0.0,0.0,1.0,11.001149
2,D_latent,unseen_distractor_hues,6,-0.09399993,1.0,0.1111111111111111,1.0,1.4119115
2,D_latent,unseen_distractor_hues,7,-0.25345924,0.0,0.0,1.0,3.2727833
2,D_latent,unseen_distractor_hues,8,-0.21983007,0.0,0.0,1.0,4.147069
2,D_latent,unseen_distractor_hues,9,-0.34731346,0.0,0.0,1.0,5.9846287
2,D_latent,unseen_distractor_hues,10,-0.27075273,0.0,0.0,1.0,4.684613
2,D_latent,unseen_distractor_hues,11,-0.6156836,0.0,0.0,0.0,15.565382
2,D_latent,unseen_distractor_hues,12,-0.27281192,0.0,0.0,0.0,13.034721
2,D_latent,unseen_distractor_hues,13,-0.7297081,0.0,0.0,0.0,21.427647
2,D_latent,unseen_distractor_hues,14,-0.30661616,0.0,0.0,1.0,7.813045
2,D_latent,unseen_distractor_hues,15,-0.51392204,0.0,0.0,0.0,12.408983
2,D_latent,unseen_distractor_hues,16,-0.1350422,0.0,0.0,1.0,3.4721463
2,D_latent,unseen_distractor_hues,17,-0.010610962,0.0,0.0,1.0,3.2398336
2,D_latent,unseen_distractor_hues,18,-0.32794845,0.0,0.0,1.0,6.637047
2,D_latent,unseen_distractor_hues,19,-0.5150862,0.0,0.0,0.0,12.581081
2,D_latent,unseen_distractor_hues,20,-0.25298327,0.0,0.0,1.0,5.9748774
2,D_latent,unseen_distractor_hues,21,-0.06922756,0.0,0.0,1.0,3.5119183
2,D_latent,unseen_distractor_hues,22,-0.15465139,0.0,0.0,1.0,5.3752956
2,D_latent,unseen_distractor_hues,23,0.14364244,0.0,0.28888888888888886,1.0,1.7556497
2,D_latent,unseen_distractor_hues,24,-0.12725924,1.0,0.022222222222222223,1.0,1.4316872
2,D_latent,unseen_distractor_hues,25,-0.50006914,0.0,0.0,0.0,18.605623
2,D_latent,unseen_distractor_hues,26,-0.1492673,0.0,0.0,1.0,5.7414775
2,D_latent,unseen_distractor_hues,27,0.1690477,0.0,0.4444444444444444,1.0,1.8447272
2,D_latent,unseen_distractor_hues,28,-0.027496299,0.0,0.0,1.0,3.1956828
2,D_latent,unseen_distractor_hues,29,-0.36561477,0.0,0.0,1.0,10.699575
2,D_latent,unseen_distractor_hues,30,-0.38432676,0.0,0.0,1.0,11.784402
2,D_latent,unseen_distractor_hues,31,-0.22887324,0.0,0.0,1.0,2.69115
2,D_latent,unseen_distractor_hues,32,-0.43673703,0.0,0.0,1.0,8.474248
2,D_latent,unseen_distractor_hues,33,-0.24465014,0.0,0.0,1.0,9.727604
2,D_latent,unseen_distractor_hues,34,0.009433031,0.0,0.35555555555555557,1.0,2.0285418
2,D_latent,unseen_distractor_hues,35,-0.27406532,0.0,0.0,1.0,8.406397
2,D_latent,unseen_distractor_hues,36,-0.14124762,0.0,0.0,1.0,4.0273104
2,D_latent,unseen_distractor_hues,37,-0.259213,0.0,0.0,1.0,2.04382
2,D_latent,unseen_distractor_hues,38,-0.07148177,0.0,0.0,1.0,1.9377141
2,D_latent,unseen_distractor_hues,39,-0.3331657,0.0,0.0,1.0,7.860494
2,D_latent,unseen_distractor_hues,40,-0.31836167,0.0,0.0,1.0,7.726119
2,D_latent,unseen_distractor_hues,41,-0.20204307,0.0,0.0,1.0,5.2662277
2,D_latent,unseen_distractor_hues,42,-0.2785815,0.0,0.0,1.0,8.583284
2,D_latent,unseen_distractor_hues,43,-0.3525415,0.0,0.0,1.0,12.805091
2,D_latent,unseen_distractor_hues,44,-0.16805626,0.0,0.0,1.0,3.8301942
2,D_latent,unseen_distractor_hues,45,-0.29712728,0.0,0.0,1.0,7.155627
2,D_latent,unseen_distractor_hues,46,-0.20564525,0.0,0.0,1.0,1.8554118
2,D_latent,unseen_distractor_hues,47,-0.1682771,0.0,0.0,1.0,6.5121746
2,D_latent,unseen_distractor_hues,48,-0.39653796,0.0,0.0,1.0,9.875662
2,D_latent,unseen_distractor_hues,49,-0.3205265,0.0,0.0,0.0,9.202412
2,D_latent,unseen_distractor_hues,50,-0.17764075,0.0,0.0,1.0,4.768443
2,D_latent,unseen_distractor_hues,51,-0.43683505,0.0,0.0,1.0,8.16932
2,D_latent,unseen_distractor_hues,52,-0.039798312,0.0,0.0,1.0,2.3193395
2,D_latent,unseen_distractor_hues,53,-0.33279008,0.0,0.0,1.0,7.389341
2,D_latent,unseen_distractor_hues,54,-0.119921215,0.0,0.0,1.0,5.0868816
2,D_latent,unseen_distractor_hues,55,-0.22872794,0.0,0.0,1.0,2.768226
2,D_latent,unseen_distractor_hues,56,-0.010056771,0.0,0.15555555555555556,1.0,6.0114465
2,D_latent,unseen_distractor_hues,57,-0.67779475,0.0,0.0,1.0,17.611301
2,D_latent,unseen_distractor_hues,58,-0.20926672,0.0,0.0,1.0,4.454433
2,D_latent,unseen_distractor_hues,59,-0.49742275,0.0,0.0,1.0,17.224989
2,D_latent,unseen_distractor_hues,60,-0.32725698,0.0,0.0,1.0,4.567996
2,D_latent,unseen_distractor_hues,61,-0.3400948,0.0,0.0,0.0,11.817141
2,D_latent,unseen_distractor_hues,62,-0.42517343,0.0,0.0,1.0,12.819015
2,D_latent,unseen_distractor_hues,63,-0.35166684,0.0,0.0,0.0,16.556297
2,D_latent,unseen_distractor_hues,64,-0.41562188,0.0,0.0,0.0,9.457502
2,D_latent,unseen_distractor_hues,65,-0.105440564,0.0,0.0,1.0,5.3463535
2,D_latent,unseen_distractor_hues,66,0.10222153,0.0,0.26666666666666666,1.0,3.4425282
2,D_latent,unseen_distractor_hues,67,-0.18723062,0.0,0.0,1.0,5.1157184
2,D_latent,unseen_distractor_hues,68,-0.3914594,0.0,0.0,1.0,3.73897
2,D_latent,unseen_distractor_hues,69,-0.25291047,0.0,0.0,1.0,5.719624
2,D_latent,unseen_distractor_hues,70,-0.015145265,0.0,0.17777777777777778,1.0,1.5541555
2,D_latent,unseen_distractor_hues,71,-0.44677213,0.0,0.0,0.0,9.826244
2,D_latent,unseen_distractor_hues,72,-0.032830957,0.0,0.15555555555555556,1.0,6.88291
2,D_latent,unseen_distractor_hues,73,-0.34062594,0.0,0.0,1.0,9.824412
2,D_latent,unseen_distractor_hues,74,-0.35045362,0.0,0.0,1.0,8.69656
2,D_latent,unseen_distractor_hues,75,-0.2294697,0.0,0.0,1.0,4.603588
2,D_latent,unseen_distractor_hues,76,-0.22877486,0.0,0.0,1.0,8.960497
2,D_latent,unseen_distractor_hues,77,-0.3824147,0.0,0.0,1.0,7.8019094
2,D_latent,unseen_distractor_hues,78,-0.3630107,0.0,0.0,1.0,8.9906845
2,D_latent,unseen_distractor_hues,79,-0.13947164,0.0,0.0,1.0,3.2240224
2,D_latent,unseen_distractor_hues,80,-0.31888378,0.0,0.0,1.0,3.2021115
2,D_latent,unseen_distractor_hues,81,-0.33371687,0.0,0.0,1.0,8.409645
2,D_latent,unseen_distractor_hues,82,-0.41205594,0.0,0.0,1.0,12.172417
2,D_latent,unseen_distractor_hues,83,-0.35911912,0.0,0.0,1.0,3.5869493
2,D_latent,unseen_distractor_hues,84,-0.4409297,0.0,0.0,0.0,15.616766
2,D_latent,unseen_distractor_hues,85,-0.61727524,0.0,0.0,1.0,17.8682
2,D_latent,unseen_distractor_hues,86,-0.34001926,0.0,0.0,0.0,9.823663
2,D_latent,unseen_distractor_hues,87,-0.22689082,0.0,0.0,1.0,6.9470973
2,D_latent,unseen_distractor_hues,88,-0.2196479,0.0,0.0,1.0,8.277154
2,D_latent,unseen_distractor_hues,89,-0.22982584,0.0,0.0,1.0,6.3155446
2,D_latent,unseen_distractor_hues,90,-0.3749738,0.0,0.0,1.0,7.7466593
2,D_latent,unseen_distractor_hues,91,-0.66645676,0.0,0.0,1.0,18.443783
2,D_latent,unseen_distractor_hues,92,-0.27770466,0.0,0.0,1.0,7.3434973
2,D_latent,unseen_distractor_hues,93,-0.33229172,0.0,0.0,1.0,4.951155
2,D_latent,unseen_distractor_hues,94,-0.2031741,0.0,0.0,1.0,7.6262674
2,D_latent,unseen_distractor_hues,95,-0.32342654,0.0,0.0,1.0,6.1588287
2,D_latent,unseen_distractor_hues,96,-0.30190483,0.0,0.0,1.0,3.7688174
2,D_latent,unseen_distractor_hues,97,-0.25458875,0.0,0.0,1.0,5.225676
2,D_latent,unseen_distractor_hues,98,-0.08164026,0.0,0.0,1.0,3.8596468
2,D_latent,unseen_distractor_hues,99,-0.19603062,0.0,0.0,1.0,3.939034
2,D_latent,heavy_pixel_noise,0,-0.33296835,0.0,0.0,0.0,8.375711
2,D_latent,heavy_pixel_noise,1,-0.23645711,0.0,0.0,1.0,5.174427
2,D_latent,heavy_pixel_noise,2,-0.28328004,0.0,0.0,1.0,2.8293366
2,D_latent,heavy_pixel_noise,3,-0.14245223,0.0,0.0,1.0,2.2848094
2,D_latent,heavy_pixel_noise,4,0.0094537195,1.0,0.17777777777777778,1.0,0.77616465
2,D_latent,heavy_pixel_noise,5,-0.53159124,0.0,0.0,0.0,15.408285
2,D_latent,heavy_pixel_noise,6,-0.09635965,1.0,0.13333333333333333,1.0,1.1433936
2,D_latent,heavy_pixel_noise,7,-0.3341067,0.0,0.0,1.0,7.3427095
2,D_latent,heavy_pixel_noise,8,-0.077356696,1.0,0.26666666666666666,1.0,0.2644901
2,D_latent,heavy_pixel_noise,9,-0.30082956,0.0,0.0,1.0,4.26354
2,D_latent,heavy_pixel_noise,10,-0.26806757,0.0,0.0,1.0,4.4599566
2,D_latent,heavy_pixel_noise,11,-0.6403825,0.0,0.0,0.0,17.983364
2,D_latent,heavy_pixel_noise,12,-0.246912,0.0,0.0,1.0,10.945521
2,D_latent,heavy_pixel_noise,13,-0.7494456,0.0,0.0,0.0,22.705961
2,D_latent,heavy_pixel_noise,14,-0.2948299,0.0,0.0,1.0,6.5789313
2,D_latent,heavy_pixel_noise,15,-0.31965676,0.0,0.0,1.0,3.6145873
2,D_latent,heavy_pixel_noise,16,-0.14254986,0.0,0.0,1.0,3.3476958
2,D_latent,heavy_pixel_noise,17,0.04749491,0.0,0.0,1.0,1.8909819
2,D_latent,heavy_pixel_noise,18,-0.31113917,0.0,0.0,1.0,6.2558866
2,D_latent,heavy_pixel_noise,19,-0.50445783,0.0,0.0,0.0,12.383865
2,D_latent,heavy_pixel_noise,20,-0.25544354,0.0,0.0,0.0,5.97829
2,D_latent,heavy_pixel_noise,21,-0.09343363,0.0,0.0,1.0,3.9340937
2,D_latent,heavy_pixel_noise,22,-0.15936531,0.0,0.0,1.0,5.8171606
2,D_latent,heavy_pixel_noise,23,0.23010089,1.0,0.6444444444444445,1.0,0.8755329
2,D_latent,heavy_pixel_noise,24,-0.1110278,1.0,0.06666666666666667,1.0,1.2331795
2,D_latent,heavy_pixel_noise,25,-0.55428535,0.0,0.0,0.0,20.136375
2,D_latent,heavy_pixel_noise,26,-0.18576202,0.0,0.0,0.0,7.8312473
2,D_latent,heavy_pixel_noise,27,-0.09485988,0.0,0.0,1.0,4.6609025
2,D_latent,heavy_pixel_noise,28,-0.20234202,0.0,0.0,1.0,6.809657
2,D_latent,heavy_pixel_noise,29,-0.36296687,0.0,0.0,1.0,11.006744
2,D_latent,heavy_pixel_noise,30,-0.51453257,0.0,0.0,1.0,14.497095
2,D_latent,heavy_pixel_noise,31,-0.069502056,1.0,0.2,1.0,0.5765182
2,D_latent,heavy_pixel_noise,32,-0.44153985,0.0,0.0,1.0,8.793008
2,D_latent,heavy_pixel_noise,33,-0.2687478,0.0,0.0,1.0,11.747319
2,D_latent,heavy_pixel_noise,34,-0.14766856,0.0,0.0,1.0,3.1673272
2,D_latent,heavy_pixel_noise,35,-0.22074302,0.0,0.0,1.0,7.841722
2,D_latent,heavy_pixel_noise,36,-0.22289984,0.0,0.0,1.0,6.7342095
2,D_latent,heavy_pixel_noise,37,-0.19181935,1.0,0.17777777777777778,1.0,0.87115246
2,D_latent,heavy_pixel_noise,38,-0.20581336,0.0,0.0,1.0,3.1024828
2,D_latent,heavy_pixel_noise,39,-0.34111106,0.0,0.0,1.0,7.716817
2,D_latent,heavy_pixel_noise,40,-0.28295273,0.0,0.0,1.0,5.8657117
2,D_latent,heavy_pixel_noise,41,-0.15762195,0.0,0.0,1.0,6.552407
2,D_latent,heavy_pixel_noise,42,-0.2572637,0.0,0.0,1.0,9.083519
2,D_latent,heavy_pixel_noise,43,-0.34471405,0.0,0.0,1.0,12.220032
2,D_latent,heavy_pixel_noise,44,-0.10245163,0.0,0.0,1.0,2.5261881
2,D_latent,heavy_pixel_noise,45,-0.2804925,0.0,0.0,1.0,6.5560927
2,D_latent,heavy_pixel_noise,46,-0.3543349,0.0,0.0,1.0,6.466495
2,D_latent,heavy_pixel_noise,47,-0.21750283,0.0,0.0,1.0,9.361752
2,D_latent,heavy_pixel_noise,48,-0.25811273,0.0,0.0,1.0,2.6837413
2,D_latent,heavy_pixel_noise,49,-0.27601185,0.0,0.0,0.0,7.41733
2,D_latent,heavy_pixel_noise,50,-0.13634156,0.0,0.0,1.0,3.3575468
2,D_latent,heavy_pixel_noise,51,-0.583136,0.0,0.0,0.0,16.228931
2,D_latent,heavy_pixel_noise,52,-0.08799921,0.0,0.0,1.0,3.0516033
2,D_latent,heavy_pixel_noise,53,-0.3309952,0.0,0.0,1.0,8.252656
2,D_latent,heavy_pixel_noise,54,-0.021158425,0.0,0.0,1.0,2.446182
2,D_latent,heavy_pixel_noise,55,-0.13571051,1.0,0.2,1.0,1.3522623
2,D_latent,heavy_pixel_noise,56,-0.02204412,0.0,0.15555555555555556,1.0,6.206915
2,D_latent,heavy_pixel_noise,57,-0.6318157,0.0,0.0,1.0,9.833522
2,D_latent,heavy_pixel_noise,58,-0.24428472,0.0,0.0,1.0,5.5419083
2,D_latent,heavy_pixel_noise,59,-0.38049147,0.0,0.0,1.0,8.470571
2,D_latent,heavy_pixel_noise,60,-0.2482507,0.0,0.0,1.0,2.0755198
2,D_latent,heavy_pixel_noise,61,-0.35043156,0.0,0.0,0.0,13.410067
2,D_latent,heavy_pixel_noise,62,-0.4301062,0.0,0.0,1.0,12.944071
2,D_latent,heavy_pixel_noise,63,-0.35301667,0.0,0.0,0.0,16.956089
2,D_latent,heavy_pixel_noise,64,-0.4150702,0.0,0.0,0.0,9.365094
2,D_latent,heavy_pixel_noise,65,-0.13343501,0.0,0.0,1.0,6.3171744
2,D_latent,heavy_pixel_noise,66,0.042738162,0.0,0.2,1.0,3.8898578
2,D_latent,heavy_pixel_noise,67,-0.19806798,0.0,0.0,1.0,4.9092875
2,D_latent,heavy_pixel_noise,68,-0.40458733,0.0,0.0,1.0,4.239475
2,D_latent,heavy_pixel_noise,69,-0.2622311,0.0,0.0,1.0,6.755351
2,D_latent,heavy_pixel_noise,70,0.0036286719,0.0,0.26666666666666666,1.0,1.6193223
2,D_latent,heavy_pixel_noise,71,-0.4591109,0.0,0.0,0.0,10.372689
2,D_latent,heavy_pixel_noise,72,0.097520575,0.0,0.28888888888888886,1.0,5.1810803
2,D_latent,heavy_pixel_noise,73,-0.26129824,0.0,0.0,1.0,7.253211
2,D_latent,heavy_pixel_noise,74,-0.3778086,0.0,0.0,0.0,10.42416
2,D_latent,heavy_pixel_noise,75,-0.17934057,0.0,0.0,1.0,2.1788821
2,D_latent,heavy_pixel_noise,76,-0.25549778,0.0,0.0,1.0,11.092834
2,D_latent,heavy_pixel_noise,77,-0.49188495,0.0,0.0,0.0,12.9301195
2,D_latent,heavy_pixel_noise,78,-0.309842,0.0,0.0,1.0,8.018619
2,D_latent,heavy_pixel_noise,79,-0.20257549,0.0,0.0,1.0,6.7193403
2,D_latent,heavy_pixel_noise,80,-0.32883263,0.0,0.0,1.0,3.5261347
2,D_latent,heavy_pixel_noise,81,-0.33738264,0.0,0.0,1.0,6.6161695
2,D_latent,heavy_pixel_noise,82,-0.45854467,0.0,0.0,1.0,13.513169
2,D_latent,heavy_pixel_noise,83,-0.3820176,0.0,0.0,1.0,4.8852854
2,D_latent,heavy_pixel_noise,84,-0.45653397,0.0,0.0,0.0,13.946697
2,D_latent,heavy_pixel_noise,85,-0.48815778,0.0,0.0,1.0,9.447551
2,D_latent,heavy_pixel_noise,86,-0.2887606,0.0,0.0,0.0,6.8524556
2,D_latent,heavy_pixel_noise,87,-0.22018705,0.0,0.0,1.0,7.499343
2,D_latent,heavy_pixel_noise,88,-0.21262893,0.0,0.0,1.0,8.705667
2,D_latent,heavy_pixel_noise,89,-0.2855595,0.0,0.0,1.0,8.775854
2,D_latent,heavy_pixel_noise,90,-0.41343197,0.0,0.0,1.0,9.9236
2,D_latent,heavy_pixel_noise,91,-0.6208143,0.0,0.0,1.0,14.676167
2,D_latent,heavy_pixel_noise,92,-0.29993793,0.0,0.0,1.0,8.774985
2,D_latent,heavy_pixel_noise,93,-0.34912097,0.0,0.0,1.0,10.056856
2,D_latent,heavy_pixel_noise,94,-0.14517641,0.0,0.0,1.0,5.2866063
2,D_latent,heavy_pixel_noise,95,-0.4018957,0.0,0.0,0.0,9.547438
2,D_latent,heavy_pixel_noise,96,-0.37848452,0.0,0.0,1.0,10.883641
2,D_latent,heavy_pixel_noise,97,-0.25332823,0.0,0.0,1.0,5.675266
2,D_latent,heavy_pixel_noise,98,-0.08854029,0.0,0.0,1.0,4.0689898
2,D_latent,heavy_pixel_noise,99,-0.27894577,0.0,0.0,1.0,4.8784876
-1,noop,any,0,-0.31482232,0.0,0.0,0.0,9.120925
-1,noop,any,1,-0.3963659,0.0,0.0,1.0,11.820874
-1,noop,any,2,-0.63119507,0.0,0.0,0.0,19.241497
-1,noop,any,3,-0.4245801,0.0,0.0,0.0,12.490006
-1,noop,any,4,-0.24663982,0.0,0.0,1.0,5.669431
-1,noop,any,5,-0.70842963,0.0,0.0,0.0,24.041319
-1,noop,any,6,-0.3275274,0.0,0.0,1.0,7.1961994
-1,noop,any,7,-0.66857606,0.0,0.0,0.0,20.784227
-1,noop,any,8,-0.5263282,0.0,0.0,1.0,15.820347
-1,noop,any,9,-0.49098325,0.0,0.0,0.0,13.934536
-1,noop,any,10,-0.68539333,0.0,0.0,0.0,23.69147
-1,noop,any,11,-0.6896397,0.0,0.0,0.0,21.714155
-1,noop,any,12,-0.22755717,0.0,0.0,1.0,9.701203
-1,noop,any,13,-0.76480025,0.0,0.0,0.0,24.229721
-1,noop,any,14,-0.38203862,0.0,0.0,0.0,11.820255
-1,noop,any,15,-0.68232733,0.0,0.0,0.0,22.166113
-1,noop,any,16,-0.25191683,0.0,0.0,1.0,8.310646
-1,noop,any,17,-0.15144114,0.0,0.0,1.0,5.4813795
-1,noop,any,18,-0.56632364,0.0,0.0,0.0,19.34802
-1,noop,any,19,-0.7222591,0.0,0.0,0.0,22.249348
-1,noop,any,20,-0.31872568,0.0,0.0,0.0,10.724997
-1,noop,any,21,-0.19269039,0.0,0.0,1.0,4.981112
-1,noop,any,22,-0.23145002,0.0,0.0,1.0,6.983537
-1,noop,any,23,0.13445064,1.0,0.4222222222222222,1.0,0.41462412
-1,noop,any,24,-0.3351924,0.0,0.0,1.0,8.9138155
-1,noop,any,25,-0.5670314,0.0,0.0,0.0,20.582556
-1,noop,any,26,-0.16826697,0.0,0.0,1.0,6.0581527
-1,noop,any,27,-0.146933,0.0,0.0,1.0,4.612025
-1,noop,any,28,-0.19904819,0.0,0.0,1.0,5.6950765
-1,noop,any,29,-0.47858265,0.0,0.0,1.0,17.103813
-1,noop,any,30,-0.6060616,0.0,0.0,1.0,19.999184
-1,noop,any,31,-0.45435447,0.0,0.0,0.0,14.2312565
-1,noop,any,32,-0.75065976,0.0,0.0,0.0,23.258307
-1,noop,any,33,-0.26120186,0.0,0.0,1.0,9.3269415
-1,noop,any,34,-0.53613806,0.0,0.0,0.0,16.020594
-1,noop,any,35,-0.3026871,0.0,0.0,1.0,11.173578
-1,noop,any,36,-0.24329922,0.0,0.0,1.0,7.5837026
-1,noop,any,37,-0.73438424,0.0,0.0,0.0,23.925207
-1,noop,any,38,-0.37749925,0.0,0.0,0.0,12.554045
-1,noop,any,39,-0.55374855,0.0,0.0,0.0,15.278799
-1,noop,any,40,-0.42502987,0.0,0.0,0.0,12.620045
-1,noop,any,41,-0.28181285,0.0,0.0,1.0,6.815431
-1,noop,any,42,-0.30021358,0.0,0.0,1.0,9.26941
-1,noop,any,43,-0.3655866,0.0,0.0,1.0,11.335819
-1,noop,any,44,-0.332374,0.0,0.0,0.0,7.0254817
-1,noop,any,45,-0.40227124,0.0,0.0,0.0,12.145408
-1,noop,any,46,-0.65090764,0.0,0.0,0.0,19.96069
-1,noop,any,47,-0.19696285,0.0,0.0,1.0,7.525062
-1,noop,any,48,-0.54304713,0.0,0.0,1.0,16.965132
-1,noop,any,49,-0.45629528,0.0,0.0,0.0,17.874489
-1,noop,any,50,-0.2648388,0.0,0.0,1.0,5.282587
-1,noop,any,51,-0.7180549,0.0,0.0,0.0,23.012104
-1,noop,any,52,-0.24304667,0.0,0.0,0.0,8.4171505
-1,noop,any,53,-0.51193494,0.0,0.0,1.0,15.087857
-1,noop,any,54,-0.16287103,0.0,0.0,1.0,5.131866
-1,noop,any,55,-0.5661013,0.0,0.0,0.0,17.491718
-1,noop,any,56,-0.0021822485,0.0,0.13333333333333333,1.0,5.1330934
-1,noop,any,57,-0.846038,0.0,0.0,0.0,27.476673
-1,noop,any,58,-0.4475437,0.0,0.0,0.0,16.497774
-1,noop,any,59,-0.53086907,0.0,0.0,0.0,18.968018
-1,noop,any,60,-0.7053029,0.0,0.0,0.0,19.611567
-1,noop,any,61,-0.3524667,0.0,0.0,0.0,12.197972
-1,noop,any,62,-0.519162,0.0,0.0,1.0,18.801458
-1,noop,any,63,-0.2981401,0.0,0.0,0.0,12.314563
-1,noop,any,64,-0.62261784,0.0,0.0,0.0,19.719
-1,noop,any,65,0.050958805,1.0,0.17777777777777778,1.0,1.334888
-1,noop,any,66,0.13083613,0.0,0.3111111111111111,1.0,3.0383668
-1,noop,any,67,-0.19955926,0.0,0.0,1.0,5.1660256
-1,noop,any,68,-0.80571663,0.0,0.0,0.0,24.052546
-1,noop,any,69,-0.39895546,0.0,0.0,0.0,12.456481
-1,noop,any,70,-0.32355836,0.0,0.0,1.0,9.442893
-1,noop,any,71,-0.6261608,0.0,0.0,0.0,19.20482
-1,noop,any,72,0.019592272,0.0,0.044444444444444446,1.0,4.4181514
-1,noop,any,73,-0.39982447,0.0,0.0,1.0,13.699726
-1,noop,any,74,-0.64268327,0.0,0.0,0.0,21.731401
-1,noop,any,75,-0.48157278,0.0,0.0,1.0,15.958485
-1,noop,any,76,-0.27674773,0.0,0.0,1.0,8.6063795
-1,noop,any,77,-0.6685439,0.0,0.0,0.0,21.920822
-1,noop,any,78,-0.45922634,0.0,0.0,1.0,15.179196
-1,noop,any,79,-0.27586883,0.0,0.0,1.0,8.18692
-1,noop,any,80,-0.71389645,0.0,0.0,0.0,22.869066
-1,noop,any,81,-0.5621022,0.0,0.0,1.0,16.167608
-1,noop,any,82,-0.501495,0.0,0.0,1.0,14.644065
-1,noop,any,83,-0.7963639,0.0,0.0,0.0,25.987783
-1,noop,any,84,-0.49457178,0.0,0.0,0.0,17.756454
-1,noop,any,85,-0.7177154,0.0,0.0,0.0,21.751402
-1,noop,any,86,-0.49727702,0.0,0.0,0.0,16.052387
-1,noop,any,87,-0.25662372,0.0,0.0,1.0,6.384335
-1,noop,any,88,-0.25618163,0.0,0.0,1.0,8.365694
-1,noop,any,89,-0.30020925,0.0,0.0,0.0,9.686922
-1,noop,any,90,-0.64726675,0.0,0.0,0.0,20.513847
-1,noop,any,91,-0.8234291,0.0,0.0,0.0,26.16894
-1,noop,any,92,-0.38871405,0.0,0.0,0.0,12.167784
-1,noop,any,93,-0.6095736,0.0,0.0,0.0,18.088121
-1,noop,any,94,-0.26136512,0.0,0.0,1.0,8.717292
-1,noop,any,95,-0.50664854,0.0,0.0,0.0,14.113201
-1,noop,any,96,-0.61819124,0.0,0.0,0.0,20.576567
-1,noop,any,97,-0.4294626,0.0,0.0,1.0,12.992406
-1,noop,any,98,-0.23726065,0.0,0.0,1.0,8.311289
-1,noop,any,99,-0.6293498,0.0,0.0,0.0,18.827784
-1,random,any,0,-0.29949275,0.0,0.0,0.0,9.9933195
-1,random,any,1,-0.36747032,0.0,0.0,0.0,12.015854
-1,random,any,2,-0.5344339,0.0,0.0,0.0,13.703596
-1,random,any,3,-0.46489784,0.0,0.0,0.0,13.585479
-1,random,any,4,-0.18903741,0.0,0.0,1.0,3.126771
-1,random,any,5,-0.73786044,0.0,0.0,0.0,25.63985
-1,random,any,6,-0.2911997,0.0,0.0,1.0,5.8193965
-1,random,any,7,-0.647975,0.0,0.0,0.0,20.112131
-1,random,any,8,-0.3846262,0.0,0.0,1.0,7.6118736
-1,random,any,9,-0.5849707,0.0,0.0,0.0,18.272717
-1,random,any,10,-0.6614536,0.0,0.0,0.0,22.230516
-1,random,any,11,-0.718161,0.0,0.0,1.0,24.315126
-1,random,any,12,-0.21899414,0.0,0.0,1.0,9.815074
-1,random,any,13,-0.78942937,0.0,0.0,0.0,24.025106
-1,random,any,14,-0.4096658,0.0,0.0,0.0,14.269948
-1,random,any,15,-0.6736752,0.0,0.0,0.0,21.977297
-1,random,any,16,-0.30458552,0.0,0.0,1.0,12.585026
-1,random,any,17,-0.1902283,0.0,0.0,1.0,7.53292
-1,random,any,18,-0.47163543,0.0,0.0,1.0,15.567408
-1,random,any,19,-0.856294,0.0,0.0,0.0,28.130922
-1,random,any,20,-0.36336082,0.0,0.0,0.0,11.041198
-1,random,any,21,-0.07452553,0.0,0.13333333333333333,1.0,3.972802
-1,random,any,22,-0.07448094,1.0,0.022222222222222223,1.0,1.4430361
-1,random,any,23,0.06466527,0.0,0.28888888888888886,1.0,2.2807858
-1,random,any,24,-0.39868778,0.0,0.0,1.0,12.634387
-1,random,any,25,-0.47934863,0.0,0.0,0.0,14.695416
-1,random,any,26,-0.2754374,0.0,0.0,0.0,10.258276
-1,random,any,27,-0.16674322,0.0,0.0,1.0,4.8649564
-1,random,any,28,-0.30540293,0.0,0.0,1.0,11.295728
-1,random,any,29,-0.50235426,0.0,0.0,0.0,16.724987
-1,random,any,30,-0.58197546,0.0,0.0,0.0,18.273922
-1,random,any,31,-0.47978058,0.0,0.0,0.0,19.56684
-1,random,any,32,-0.79986084,0.0,0.0,0.0,26.898983
-1,random,any,33,-0.3016577,0.0,0.0,0.0,11.843459
-1,random,any,34,-0.5724292,0.0,0.0,0.0,18.426542
-1,random,any,35,-0.21854515,0.0,0.0,1.0,6.0748587
-1,random,any,36,-0.3040457,0.0,0.0,0.0,12.011922
-1,random,any,37,-0.6592879,0.0,0.0,0.0,21.992916
-1,random,any,38,-0.32994184,0.0,0.0,1.0,11.0859995
-1,random,any,39,-0.5224926,0.0,0.0,0.0,13.527826
-1,random,any,40,-0.47524634,0.0,0.0,0.0,16.391304
-1,random,any,41,-0.31551427,0.0,0.0,1.0,7.5029554
-1,random,any,42,-0.3504821,0.0,0.0,1.0,11.65462
-1,random,any,43,-0.47532532,0.0,0.0,1.0,17.660652
-1,random,any,44,-0.35894626,0.0,0.0,0.0,8.63965
-1,random,any,45,-0.43364564,0.0,0.0,0.0,14.974455
-1,random,any,46,-0.77751213,0.0,0.0,0.0,27.553024
-1,random,any,47,-0.20233178,0.0,0.0,1.0,7.6511297
-1,random,any,48,-0.6089889,0.0,0.0,1.0,21.036978
-1,random,any,49,-0.40427378,0.0,0.0,0.0,15.518701
-1,random,any,50,-0.3366078,0.0,0.0,0.0,10.709923
-1,random,any,51,-0.74122196,0.0,0.0,0.0,23.581738
-1,random,any,52,-0.2359195,0.0,0.0,1.0,6.291885
-1,random,any,53,-0.500347,0.0,0.0,1.0,17.330065
-1,random,any,54,-0.11003366,0.0,0.0,1.0,2.2675908
-1,random,any,55,-0.6485513,0.0,0.0,0.0,21.787054
-1,random,any,56,-0.1406451,0.0,0.08888888888888889,1.0,12.448368
-1,random,any,57,-0.88012314,0.0,0.0,0.0,30.75303
-1,random,any,58,-0.5620489,0.0,0.0,0.0,21.219706
-1,random,any,59,-0.48042247,0.0,0.0,1.0,16.403465
-1,random,any,60,-0.6586307,0.0,0.0,0.0,14.489524
-1,random,any,61,-0.29763034,0.0,0.0,1.0,8.648644
-1,random,any,62,-0.63123006,0.0,0.0,0.0,24.20966
-1,random,any,63,-0.21345283,0.0,0.0,0.0,8.455128
-1,random,any,64,-0.51085365,0.0,0.0,1.0,13.26058
-1,random,any,65,-0.09031123,0.0,0.0,1.0,8.393971
-1,random,any,66,-0.11650788,0.0,0.0,1.0,6.560964
-1,random,any,67,-0.3409666,0.0,0.0,1.0,13.065504
-1,random,any,68,-0.74322855,0.0,0.0,0.0,19.537277
-1,random,any,69,-0.32482213,0.0,0.0,1.0,7.6052585
-1,random,any,70,-0.33346993,0.0,0.0,1.0,9.645996
-1,random,any,71,-0.633882,0.0,0.0,1.0,19.666939
-1,random,any,72,-0.18702005,0.0,0.044444444444444446,1.0,14.011591
-1,random,any,73,-0.3853345,0.0,0.0,1.0,9.096124
-1,random,any,74,-0.7005797,0.0,0.0,0.0,23.681124
-1,random,any,75,-0.49660084,0.0,0.0,0.0,17.600266
-1,random,any,76,-0.26887524,0.0,0.0,1.0,8.125305
-1,random,any,77,-0.58236957,0.0,0.0,0.0,16.514181
-1,random,any,78,-0.46460313,0.0,0.0,1.0,15.338918
-1,random,any,79,-0.36204582,0.0,0.0,0.0,12.962006
-1,random,any,80,-0.7209938,0.0,0.0,0.0,23.35039
-1,random,any,81,-0.69165134,0.0,0.0,1.0,22.23183
-1,random,any,82,-0.51365626,0.0,0.0,1.0,17.64582
-1,random,any,83,-0.8023816,0.0,0.0,0.0,25.719236
-1,random,any,84,-0.5188347,0.0,0.0,0.0,21.444355
-1,random,any,85,-0.62269014,0.0,0.0,0.0,15.772627
-1,random,any,86,-0.58271366,0.0,0.0,0.0,21.079584
-1,random,any,87,-0.24096288,0.0,0.0,1.0,6.4634056
-1,random,any,88,-0.11182619,0.0,0.0,1.0,3.0909543
-1,random,any,89,-0.14822963,0.0,0.0,1.0,2.704071
-1,random,any,90,-0.67083246,0.0,0.0,0.0,24.07986
-1,random,any,91,-0.8466058,0.0,0.0,0.0,28.109722
-1,random,any,92,-0.32118458,0.0,0.0,1.0,7.4818335
-1,random,any,93,-0.52446663,0.0,0.0,1.0,13.190489
-1,random,any,94,-0.32577989,0.0,0.0,1.0,12.566277
-1,random,any,95,-0.50732553,0.0,0.0,0.0,13.835708
-1,random,any,96,-0.5253773,0.0,0.0,0.0,15.196635
-1,random,any,97,-0.28731453,0.0,0.0,1.0,5.800902
-1,random,any,98,-0.3722101,0.0,0.0,0.0,16.586712
-1,random,any,99,-0.6253335,0.0,0.0,0.0,18.537287
-1,oracle,any,0,0.2736137,1.0,0.6888888888888889,1.0,0.013338572
-1,oracle,any,1,0.19568485,1.0,0.6,1.0,0.009337971
-1,oracle,any,2,0.0096470555,1.0,0.4444444444444444,1.0,0.022493575
-1,oracle,any,3,0.15399058,1.0,0.5555555555555556,1.0,0.012799102
-1,oracle,any,4,0.2836228,1.0,0.7111111111111111,1.0,0.009672232
-1,oracle,any,5,-0.03553263,1.0,0.4,1.0,0.005436888
-1,oracle,any,6,0.23177841,1.0,0.6666666666666666,1.0,0.018953096
-1,oracle,any,7,0.0392027,1.0,0.4888888888888889,1.0,0.019692905
-1,oracle,any,8,0.08623613,1.0,0.5111111111111111,1.0,0.01602181
-1,oracle,any,9,0.092075996,1.0,0.5111111111111111,1.0,0.02358597
-1,oracle,any,10,0.057906553,1.0,0.4888888888888889,1.0,0.010787037
-1,oracle,any,11,-0.085640036,1.0,0.35555555555555557,1.0,0.015450175
-1,oracle,any,12,0.4140916,1.0,0.8444444444444444,1.0,0.01935879
-1,oracle,any,13,-0.13832247,1.0,0.3333333333333333,1.0,0.0070212814
-1,oracle,any,14,0.19731547,1.0,0.6,1.0,0.01162231
-1,oracle,any,15,-0.06265041,1.0,0.37777777777777777,1.0,0.016511386
-1,oracle,any,16,0.34282342,1.0,0.7555555555555555,1.0,0.011509782
-1,oracle,any,17,0.36495808,1.0,0.8,1.0,0.017494608
-1,oracle,any,18,0.068440184,1.0,0.4666666666666667,1.0,0.010372986
-1,oracle,any,19,-0.024776714,1.0,0.4444444444444444,1.0,0.007971386
-1,oracle,any,20,0.263458,1.0,0.6444444444444445,1.0,0.012206122
-1,oracle,any,21,0.33972117,1.0,0.7555555555555555,1.0,0.032259926
-1,oracle,any,22,0.32519794,1.0,0.7333333333333333,1.0,0.026395556
-1,oracle,any,23,0.3701534,1.0,0.8,1.0,0.011260068
-1,oracle,any,24,0.25278586,1.0,0.6888888888888889,1.0,0.010124314
-1,oracle,any,25,0.13595295,1.0,0.5333333333333333,1.0,0.010968808
-1,oracle,any,26,0.38388473,1.0,0.8,1.0,0.030175215
-1,oracle,any,27,0.37292382,1.0,0.8,1.0,0.0073724687
-1,oracle,any,28,0.34284502,1.0,0.7777777777777778,1.0,0.02609453
-1,oracle,any,29,0.16048521,1.0,0.5333333333333333,1.0,0.019943645
-1,oracle,any,30,0.062282257,1.0,0.4888888888888889,1.0,0.013829708
-1,oracle,any,31,0.16152938,1.0,0.5555555555555556,1.0,0.025000896
-1,oracle,any,32,-0.037693247,1.0,0.4444444444444444,1.0,0.0045778793
-1,oracle,any,33,0.32812357,1.0,0.7333333333333333,1.0,0.017703988
-1,oracle,any,34,0.13452515,1.0,0.5777777777777777,1.0,0.017419847
-1,oracle,any,35,0.34726638,1.0,0.7333333333333333,1.0,0.0057293093
-1,oracle,any,36,0.32200986,1.0,0.7333333333333333,1.0,0.00853879
-1,oracle,any,37,-0.06750403,1.0,0.37777777777777777,1.0,0.0070397193
-1,oracle,any,38,0.22224608,1.0,0.6222222222222222,1.0,0.032911934
-1,oracle,any,39,0.035878554,1.0,0.4888888888888889,1.0,0.02928224
-1,oracle,any,40,0.1641507,1.0,0.5777777777777777,1.0,0.008531888
-1,oracle,any,41,0.25805104,1.0,0.6666666666666666,1.0,0.031317934
-1,oracle,any,42,0.28160733,1.0,0.6888888888888889,1.0,0.020226544
-1,oracle,any,43,0.21455163,1.0,0.6222222222222222,1.0,0.01328931
-1,oracle,any,44,0.18858704,1.0,0.6222222222222222,1.0,0.025181435
-1,oracle,any,45,0.18918252,1.0,0.6,1.0,0.0049980404
-1,oracle,any,46,0.011456594,1.0,0.4666666666666667,1.0,0.010788467
-1,oracle,any,47,0.37430632,1.0,0.8,1.0,0.019073252
-1,oracle,any,48,0.10928274,1.0,0.5333333333333333,1.0,0.012611993
-1,oracle,any,49,0.23936012,1.0,0.6222222222222222,1.0,0.020518802
-1,oracle,any,50,0.24090496,1.0,0.6666666666666666,1.0,0.009416014
-1,oracle,any,51,-0.09442869,1.0,0.35555555555555557,1.0,0.019621
-1,oracle,any,52,0.33129856,1.0,0.7333333333333333,1.0,0.012080451
-1,oracle,any,53,0.14282203,1.0,0.5777777777777777,1.0,0.03506068
-1,oracle,any,54,0.37534264,1.0,0.8,1.0,0.011061132
-1,oracle,any,55,0.042406507,1.0,0.4666666666666667,1.0,0.018880056
-1,oracle,any,56,0.479838,1.0,0.9555555555555556,1.0,0.019137638
-1,oracle,any,57,-0.18109141,1.0,0.28888888888888886,1.0,0.023023501
-1,oracle,any,58,0.1875671,1.0,0.5555555555555556,1.0,0.008887796
-1,oracle,any,59,0.12851658,1.0,0.5111111111111111,1.0,0.021055691
-1,oracle,any,60,-0.06684611,1.0,0.4222222222222222,1.0,0.03077415
-1,oracle,any,61,0.26043946,1.0,0.6444444444444445,1.0,0.012506638
-1,oracle,any,62,0.1130169,1.0,0.4888888888888889,1.0,0.02155233
-1,oracle,any,63,0.35188207,1.0,0.7333333333333333,1.0,0.018117428
-1,oracle,any,64,0.055302735,1.0,0.5111111111111111,1.0,0.010006615
-1,oracle,any,65,0.37532797,1.0,0.8,1.0,0.0068678637
-1,oracle,any,66,0.41358557,1.0,0.8666666666666667,1.0,0.010460727
-1,oracle,any,67,0.32436994,1.0,0.7333333333333333,1.0,0.019781182
-1,oracle,any,68,-0.097604625,1.0,0.4,1.0,0.0063641053
-1,oracle,any,69,0.219597,1.0,0.6222222222222222,1.0,0.031561274
-1,oracle,any,70,0.26721585,1.0,0.6888888888888889,1.0,0.018608462
-1,oracle,any,71,0.026183961,1.0,0.4666666666666667,1.0,0.020586135
-1,oracle,any,72,0.45659488,1.0,0.9111111111111111,1.0,0.0110372035
-1,oracle,any,73,0.2074451,1.0,0.6,1.0,0.01052936
-1,oracle,any,74,0.06803863,1.0,0.4888888888888889,1.0,0.012571141
-1,oracle,any,75,0.17795578,1.0,0.5777777777777777,1.0,0.0389402
-1,oracle,any,76,0.29843917,1.0,0.7111111111111111,1.0,0.019472986
-1,oracle,any,77,-0.032535665,1.0,0.4,1.0,0.021135064
-1,oracle,any,78,0.17472632,1.0,0.5777777777777777,1.0,0.01950537
-1,oracle,any,79,0.2810743,1.0,0.6888888888888889,1.0,0.02124274
-1,oracle,any,80,-0.10925709,1.0,0.3333333333333333,1.0,0.018841803
-1,oracle,any,81,0.047984347,1.0,0.4888888888888889,1.0,0.03432169
-1,oracle,any,82,0.09132967,1.0,0.5111111111111111,1.0,0.025482627
-1,oracle,any,83,-0.0960007,1.0,0.37777777777777777,1.0,0.019413788
-1,oracle,any,84,0.13343403,1.0,0.5111111111111111,1.0,0.004644928
-1,oracle,any,85,-0.0747253,1.0,0.4,1.0,0.013937826
-1,oracle,any,86,0.12565313,1.0,0.5333333333333333,1.0,0.022231322
-1,oracle,any,87,0.2842767,1.0,0.7111111111111111,1.0,0.024479229
-1,oracle,any,88,0.32694954,1.0,0.7333333333333333,1.0,0.005225929
-1,oracle,any,89,0.26874113,1.0,0.6666666666666666,1.0,0.00849876
-1,oracle,any,90,-0.01001831,1.0,0.4222222222222222,1.0,0.009244536
-1,oracle,any,91,-0.06667917,1.0,0.4222222222222222,1.0,0.0053709797
-1,oracle,any,92,0.20706715,1.0,0.6,1.0,0.0026783217
-1,oracle,any,93,0.06109759,1.0,0.5111111111111111,1.0,0.012187726
-1,oracle,any,94,0.3043349,1.0,0.7111111111111111,1.0,0.016525673
-1,oracle,any,95,0.1382032,1.0,0.5777777777777777,1.0,0.0054200105
-1,oracle,any,96,0.055109285,1.0,0.4666666666666667,1.0,0.026904477
-1,oracle,any,97,0.15434048,1.0,0.5555555555555556,1.0,0.013348262
-1,oracle,any,98,0.35860232,1.0,0.7777777777777778,1.0,0.011928432
-1,oracle,any,99,0.06612324,1.0,0.5333333333333333,1.0,0.02325331
