arm,seed,epoch,task_mse,aux,mse_k0,mse_k1,mse_kH,z_norm,z_dim_std,z_eff_rank,nonfinite_batches,sec
A_recon,0,1,1.0204562311587126,0.05118839637092922,1.0078843,0.9023089,1.1416506,5.6568403244018555,0.0388985350728035,5.112339973449707,0,5.9485955238342285
A_recon,0,2,1.0123859903086787,0.04379571002462636,0.9934273,0.8878135,1.1407235,5.65684175491333,0.17956647276878357,2.1397440433502197,0,4.658984422683716
A_recon,0,3,1.0074744017227837,0.029975028141685154,0.9826066,0.8754019,1.1399301,5.656846046447754,0.13430829346179962,2.6186039447784424,0,4.553561210632324
A_recon,0,4,1.002042355744735,0.02710600521253503,0.9745753,0.8678856,1.1350543,5.656843185424805,0.1717895269393921,2.518162250518799,0,4.59594202041626
A_recon,0,5,1.0045610510784646,0.021375937306362648,0.97710675,0.86858106,1.1382377,5.656832695007324,0.24198125302791595,2.616899251937866,0,4.605062484741211
A_recon,0,6,1.0039324553116509,0.01935504182525303,0.9800531,0.8713306,1.1355006,5.656842231750488,0.17963841557502747,3.00504469871521,0,4.656743049621582
A_recon,0,7,0.9892398170802904,0.01930847245713939,0.9670357,0.85880864,1.1199299,5.656850337982178,0.13344435393810272,2.6219840049743652,0,4.657677412033081
A_recon,0,8,0.9414436506188434,0.01889084992201432,0.9237689,0.8267377,1.0570152,5.656851291656494,0.10730105638504028,3.016860246658325,0,4.676213979721069
A_recon,0,9,0.9135393889054008,0.018550728974135025,0.898685,0.8091445,1.0186174,5.656846523284912,0.12888289988040924,3.631943941116333,0,4.731536388397217
A_recon,0,10,0.89520205622134,0.018568138713422028,0.8816645,0.7942441,0.99666977,5.656850337982178,0.11783674359321594,3.684338092803955,0,4.750366449356079
A_recon,0,11,0.8833436551301376,0.01799506208171015,0.8664334,0.78478783,0.9820013,5.656850337982178,0.10774357616901398,3.885239362716675,0,4.793055057525635
A_recon,0,12,0.872521276059358,0.018138928257900734,0.8529527,0.77619165,0.97149146,5.656852722167969,0.12596511840820312,3.4427266120910645,0,4.843379497528076
A_recon,0,13,0.8524007382600204,0.017572143803472103,0.8295472,0.75840604,0.9491125,5.656852722167969,0.13786441087722778,3.748735189437866,0,4.856042385101318
A_recon,0,14,0.8435857192329739,0.018399925335593845,0.8204918,0.7514214,0.9379027,5.656853675842285,0.1537858247756958,3.429891347885132,0,4.8978636264801025
A_recon,0,15,0.8412228459897249,0.0177472156027089,0.8191786,0.7502291,0.93277156,5.656853675842285,0.14122602343559265,3.695871114730835,0,4.963768720626831
A_recon,0,16,0.8358114491338315,0.016807501730711563,0.81166977,0.74475324,0.9274459,5.656853675842285,0.1741553544998169,3.97868275642395,0,4.963680267333984
A_recon,0,17,0.8333249299422555,0.017185345939967945,0.8102826,0.7418325,0.924689,5.656853675842285,0.1784614622592926,4.014359951019287,0,5.00995659828186
A_recon,0,18,0.826656258624533,0.016500847495120506,0.80386055,0.7379697,0.9150827,5.656853675842285,0.1921972632408142,4.316451549530029,0,5.104291915893555
A_recon,0,19,0.8362982376762058,0.016832288192666096,0.8168555,0.7461083,0.9257854,5.656853675842285,0.23352526128292084,4.557004928588867,0,5.132063150405884
A_recon,0,20,0.827729432479195,0.017294095910113792,0.8057535,0.73911107,0.91629994,5.656853675842285,0.17956048250198364,4.1985344886779785,0,5.223952054977417
A_recon,0,21,0.8202094202456267,0.017042534506839256,0.79779387,0.73247755,0.9081547,5.656853675842285,0.22548100352287292,4.66006326675415,0,5.3005664348602295
A_recon,0,22,0.8139436970586362,0.0172264550043189,0.79157966,0.7286909,0.899574,5.656853675842285,0.2392425388097763,4.883246421813965,0,5.285783290863037
A_recon,0,23,0.8147019925324813,0.01705067313235739,0.79231304,0.72797453,0.9013996,5.656853675842285,0.22611969709396362,4.915863037109375,0,5.1926963329315186
A_recon,0,24,0.8165029442828634,0.0171580055485601,0.79567814,0.7301169,0.903218,5.656853675842285,0.30535006523132324,5.181314945220947,0,5.112305641174316
A_recon,0,25,0.8114984761113706,0.017424545858217323,0.7907246,0.7265604,0.89702964,5.656853675842285,0.2840358018875122,5.224550724029541,0,5.069007158279419
A_recon,0,26,0.8075132784636124,0.016840754643730495,0.7866414,0.72330236,0.89234346,5.656853675842285,0.2550922632217407,5.61767053604126,0,5.019772291183472
A_recon,0,27,0.8049658070439878,0.01744331095529639,0.7856091,0.72104514,0.8898857,5.656853675842285,0.3099481761455536,6.22609281539917,0,4.9881250858306885
A_recon,0,28,0.7973190805186396,0.01734253634577212,0.7777075,0.71332186,0.88283306,5.656854629516602,0.31067579984664917,5.838079452514648,0,4.990968465805054
A_recon,0,29,0.7961220948592477,0.01755110854687898,0.77767396,0.7136613,0.8803359,5.656853675842285,0.31746965646743774,6.923355579376221,0,4.968655824661255
A_recon,0,30,0.792626256528108,0.01707821954851565,0.77252847,0.7123258,0.87489915,5.656853675842285,0.29426348209381104,7.954312801361084,0,4.958514213562012
A_recon,0,31,0.7887388312298319,0.01713664894518645,0.7696842,0.70843905,0.87168294,5.656853675842285,0.3227617144584656,8.508315086364746,0,4.992014408111572
A_recon,0,32,0.7779116423233695,0.018000765987064526,0.75999385,0.6989369,0.85986847,5.656853675842285,0.37790074944496155,9.470401763916016,0,4.977651119232178
A_recon,0,33,0.7714636429496433,0.01926676475483438,0.7535273,0.6943334,0.8523485,5.656853199005127,0.3872169852256775,10.28288459777832,0,4.989621162414551
A_recon,0,34,0.7683011759882388,0.019589430612066517,0.74966556,0.6915224,0.8490681,5.656853675842285,0.36458292603492737,10.412590026855469,0,5.01554012298584
A_recon,0,35,0.760473748911982,0.017998576164245605,0.74308246,0.68634266,0.83874184,5.656852722167969,0.40493112802505493,11.851704597473145,0,5.026630163192749
A_recon,0,36,0.74548513992973,0.019595188939053078,0.72709787,0.673233,0.8239328,5.656852722167969,0.4262259602546692,13.144615173339844,0,5.041985750198364
A_recon,0,37,0.7384077984353771,0.02072124895842179,0.72243917,0.6661418,0.8165753,5.656850337982178,0.4239917993545532,14.968729972839355,0,5.0629191398620605
A_recon,0,38,0.7318886466648268,0.019287045883095783,0.7158313,0.66153055,0.8080327,5.656850337982178,0.43800297379493713,15.892645835876465,0,5.069032907485962
A_recon,0,39,0.7101840972900391,0.01950768672901651,0.6956123,0.64145124,0.7876122,5.656844139099121,0.5041186809539795,18.915481567382812,0,5.08536696434021
A_recon,0,40,0.6856845358143682,0.01960566899050837,0.6696747,0.6203739,0.7611518,5.656843185424805,0.5376824140548706,18.358659744262695,0,5.064542531967163
B_task,0,1,1.020478621773098,0.0,1.0079145,0.9023386,1.1416657,5.6568403244018555,0.03093673661351204,6.125471591949463,0,2.8652021884918213
B_task,0,2,1.0122897106668223,0.0,0.99325347,0.8876464,1.1406354,5.656844139099121,0.024173814803361893,6.380438327789307,0,2.878472089767456
B_task,0,3,1.0072477589482847,0.0,0.9822956,0.8750036,1.1398215,5.6568450927734375,0.02337443083524704,6.331080913543701,0,2.87585711479187
B_task,0,4,1.0017467167066492,0.0,0.97420156,0.8675032,1.1348848,5.656845569610596,0.025101184844970703,6.163035869598389,0,2.864459753036499
B_task,0,5,1.0041829814081606,0.0,0.97660893,0.8680192,1.1379772,5.656845569610596,0.023692939430475235,6.3681640625,0,2.858112096786499
B_task,0,6,1.002049736354662,0.0,0.9770808,0.8688429,1.134285,5.656849384307861,0.013449665158987045,8.65088939666748,0,2.835529088973999
B_task,0,7,0.9850775677224864,0.0,0.96284837,0.85598534,1.1139144,5.656852722167969,0.0077636889182031155,10.6663818359375,0,2.886059522628784
B_task,0,8,0.9369221562924592,0.0,0.9222956,0.82417566,1.0502471,5.656853675842285,0.004088619723916054,13.765164375305176,0,2.8674535751342773
B_task,0,9,0.9101955579674762,0.0,0.89353734,0.8058728,1.0134645,5.656853675842285,0.003878967836499214,13.175174713134766,0,2.8497583866119385
B_task,0,10,0.891521868498429,0.0,0.8745596,0.79142135,0.99237907,5.656853675842285,0.0052710543386638165,10.135077476501465,0,2.843787670135498
B_task,0,11,0.8771499136219854,0.0,0.8573864,0.77920634,0.9758782,5.656853675842285,0.0064086755737662315,8.298399925231934,0,2.851929187774658
B_task,0,12,0.8639915300452191,0.0,0.8429957,0.7681887,0.96178645,5.656853675842285,0.006895892322063446,7.857068061828613,0,2.888185501098633
B_task,0,13,0.8489422176195227,0.0,0.82537717,0.7553371,0.9442576,5.656853675842285,0.0157241839915514,4.539050102233887,0,2.849276542663574
B_task,0,14,0.8428168918775476,0.0,0.8189748,0.75076294,0.9364215,5.6568474769592285,0.07445531338453293,5.6010942459106445,0,2.8451144695281982
B_task,0,15,0.8427473151165507,0.0,0.8194777,0.7512967,0.9342623,5.656854629516602,0.007114911451935768,9.49873161315918,0,2.827852249145508
B_task,0,16,0.8370426012122113,0.0,0.81223905,0.74572885,0.92833006,5.656854629516602,0.010480808094143867,8.724262237548828,0,2.8452305793762207
B_task,0,17,0.8321110269297725,0.0,0.8081813,0.74096894,0.92320865,5.656853675842285,0.01925796829164028,9.474299430847168,0,2.871126651763916
B_task,0,18,0.8270971878715183,0.0,0.8029635,0.73810863,0.9152681,5.656853675842285,0.03153812140226364,8.381665229797363,0,2.8423585891723633
B_task,0,19,0.837637528129246,0.0,0.8162596,0.7471136,0.92704535,5.656854629516602,0.03153593838214874,6.511446475982666,0,2.8337924480438232
B_task,0,20,0.8280231641686481,0.0,0.80493456,0.7396723,0.9160599,5.656853675842285,0.06593751907348633,10.548697471618652,0,2.8414580821990967
B_task,0,21,0.8222363513448964,0.0,0.7995809,0.73424417,0.91011995,5.656849384307861,0.1582823097705841,11.385039329528809,0,2.856487274169922
B_task,0,22,0.8137978263523268,0.0,0.78951806,0.72762424,0.8998549,5.656694412231445,0.3105371594429016,13.088886260986328,0,2.867483139038086
B_task,0,23,0.7185207035230554,0.0,0.68082696,0.64468586,0.80201966,5.6499786376953125,0.6037323474884033,7.094973564147949,0,2.8117051124572754
B_task,0,24,0.6605186462402344,0.0,0.6246851,0.59762067,0.7401945,5.651751518249512,0.602713942527771,7.40740966796875,0,2.8087573051452637
B_task,0,25,0.6260193949160369,0.0,0.5888198,0.5725689,0.69832075,5.65132474899292,0.6197500228881836,8.732099533081055,0,2.8110175132751465
B_task,0,26,0.6214073844577955,0.0,0.5889683,0.5702465,0.69164544,5.654491424560547,0.6204440593719482,7.226898193359375,0,2.833820104598999
B_task,0,27,0.6059663606726605,0.0,0.5730886,0.55552375,0.67490005,5.653892993927002,0.6463060975074768,8.493371963500977,0,2.820437431335449
B_task,0,28,0.5885080669237219,0.0,0.55841947,0.5406217,0.653397,5.654109954833984,0.6331742405891418,9.192716598510742,0,2.799105644226074
B_task,0,29,0.5762241612309995,0.0,0.5484626,0.5312126,0.64012975,5.6546502113342285,0.6360085010528564,10.201376914978027,0,2.8069522380828857
B_task,0,30,0.56796700021495,0.0,0.540009,0.52360517,0.6305371,5.655572891235352,0.6479262113571167,11.715951919555664,0,2.808673143386841
B_task,0,31,0.4209461212158203,0.0,0.3681029,0.3773529,0.48658603,5.653440952301025,0.7231969833374023,12.203317642211914,0,2.80269193649292
B_task,0,32,0.29313170391580334,0.0,0.2342674,0.25891128,0.35222277,5.653876304626465,0.7314324378967285,13.81450366973877,0,2.7946860790252686
B_task,0,33,0.26437931475432025,0.0,0.21285062,0.23407087,0.3194294,5.6540985107421875,0.7703719139099121,14.65083122253418,0,2.8057384490966797
B_task,0,34,0.23456708244655444,0.0,0.18921326,0.20669672,0.28816944,5.654590129852295,0.7351019382476807,14.651498794555664,0,2.787041187286377
B_task,0,35,0.20287706540978473,0.0,0.16455357,0.1796095,0.25317845,5.654895782470703,0.7243719100952148,15.562915802001953,0,2.8110556602478027
B_task,0,36,0.1764508122983186,0.0,0.14472054,0.15642273,0.22242168,5.654726028442383,0.7820011377334595,15.787353515625,0,2.8221006393432617
B_task,0,37,0.15083918364151663,0.0,0.12133892,0.13052121,0.19628741,5.6548871994018555,0.769446849822998,16.189502716064453,0,2.788095712661743
B_task,0,38,0.13486577116924783,0.0,0.10912041,0.117745414,0.1752748,5.654792785644531,0.772117555141449,16.681949615478516,0,2.8090617656707764
B_task,0,39,0.11611604690551758,0.0,0.09165433,0.09882145,0.15565069,5.654743671417236,0.7862542867660522,17.018630981445312,0,2.810612201690674
B_task,0,40,0.09962185569431471,0.0,0.0790292,0.08425054,0.1356426,5.654871940612793,0.8028994798660278,16.85221290588379,0,2.8101065158843994
B_task,0,41,0.0887973515883736,0.0,0.06938935,0.07392603,0.121851444,5.654879570007324,0.7945420742034912,17.307865142822266,0,2.8306846618652344
B_task,0,42,0.0808949263199516,0.0,0.06316062,0.0671194,0.11194763,5.654712200164795,0.7854698896408081,17.890869140625,0,2.8099558353424072
B_task,0,43,0.07177763918171758,0.0,0.055483785,0.05853173,0.10146286,5.654780864715576,0.802135169506073,17.837522506713867,0,2.7934210300445557
B_task,0,44,0.06448875302853792,0.0,0.049432702,0.052140288,0.09162693,5.6548943519592285,0.7844123840332031,17.93221092224121,0,2.8108971118927
B_task,0,45,0.05922269821166992,0.0,0.045464054,0.047610756,0.08485496,5.654972553253174,0.7980483174324036,17.910419464111328,0,2.8264501094818115
B_task,0,46,0.05648792308309804,0.0,0.043604862,0.045260325,0.08135895,5.654943943023682,0.813974916934967,17.737125396728516,0,2.814711093902588
B_task,0,47,0.05288468754809836,0.0,0.04139886,0.042991884,0.07552598,5.654840469360352,0.8089555501937866,18.313457489013672,0,2.8081881999969482
B_task,0,48,0.05163420283276102,0.0,0.039920006,0.04129224,0.07453448,5.6548261642456055,0.7978109121322632,18.54471206665039,0,2.8054869174957275
B_task,0,49,0.044968879741171135,0.0,0.034746192,0.035659727,0.06577711,5.65479040145874,0.8132649660110474,18.425861358642578,0,2.8054983615875244
B_task,0,50,0.04164118092993031,0.0,0.03219977,0.03288372,0.06158975,5.654641151428223,0.8075323104858398,18.737407684326172,0,2.8207013607025146
B_task,0,51,0.038658450479092804,0.0,0.030223805,0.030522252,0.057395324,5.654891014099121,0.8013159036636353,18.75625991821289,0,2.8044066429138184
B_task,0,52,0.03649555600207785,0.0,0.02853322,0.028639335,0.05460251,5.654910087585449,0.7997242212295532,18.762165069580078,0,2.7855162620544434
B_task,0,53,0.034878720407900604,0.0,0.02742497,0.02765547,0.052002177,5.654750347137451,0.80014967918396,18.88018035888672,0,2.806067943572998
B_task,0,54,0.03271206047223962,0.0,0.025770888,0.025816925,0.049119353,5.654764175415039,0.8062475919723511,18.966354370117188,0,2.8076815605163574
B_task,0,55,0.03127604982127314,0.0,0.024692506,0.024700534,0.047041006,5.6547980308532715,0.8092787265777588,18.93657684326172,0,2.8210222721099854
B_task,0,56,0.030631568120873493,0.0,0.024554815,0.02450448,0.04558525,5.654786586761475,0.8089736700057983,18.916597366333008,0,2.7980263233184814
B_task,0,57,0.028838315735692562,0.0,0.023171922,0.022882381,0.04341172,5.654750347137451,0.8037944436073303,19.110706329345703,0,2.808509588241577
B_task,0,58,0.02756695384564607,0.0,0.022267886,0.021984389,0.041410785,5.654776096343994,0.8056445121765137,19.11378288269043,0,2.8060286045074463
B_task,0,59,0.02606780373531839,0.0,0.02144164,0.021035658,0.039322246,5.654691219329834,0.8092214465141296,19.288814544677734,0,2.810500144958496
B_task,0,60,0.02525208566499793,0.0,0.020930996,0.02034864,0.03783036,5.6546478271484375,0.8121895790100098,19.304216384887695,0,2.8303780555725098
B_task,0,61,0.024190063061921493,0.0,0.020064512,0.019413978,0.036794968,5.654730796813965,0.8051269054412842,19.44617462158203,0,2.7954254150390625
B_task,0,62,0.022685631461765454,0.0,0.019190066,0.018574117,0.034155987,5.6547040939331055,0.8106875419616699,19.481842041015625,0,2.809027671813965
B_task,0,63,0.02310060159019802,0.0,0.019428788,0.018922305,0.03453335,5.654644966125488,0.8120337724685669,19.52582359313965,0,2.811556339263916
B_task,0,64,0.022120582020801048,0.0,0.018612502,0.017907714,0.033565607,5.6547112464904785,0.8111893534660339,19.414400100708008,0,2.813892126083374
B_task,0,65,0.021034746066383694,0.0,0.017865648,0.017231794,0.031833705,5.654682636260986,0.8096201419830322,19.50517463684082,0,2.810802698135376
B_task,0,66,0.020286274992901344,0.0,0.017451873,0.016832666,0.03074161,5.654749870300293,0.8117281794548035,19.620256423950195,0,2.7898805141448975
B_task,0,67,0.019261712613313095,0.0,0.016758755,0.016005212,0.02917318,5.654645919799805,0.8072061538696289,19.647851943969727,0,2.810490608215332
B_task,0,68,0.01856361783069113,0.0,0.016113471,0.01536347,0.028525501,5.654641628265381,0.8138809204101562,19.688657760620117,0,2.8092119693756104
B_task,0,69,0.018199791078982147,0.0,0.015803639,0.015131148,0.02776124,5.654690742492676,0.8100829124450684,19.524120330810547,0,2.8198461532592773
B_task,0,70,0.018344537071559742,0.0,0.015959796,0.015325466,0.027628433,5.654699802398682,0.8164248466491699,19.71664047241211,0,2.8382415771484375
B_task,0,71,0.017216335172238556,0.0,0.015174321,0.014476427,0.026355347,5.654722213745117,0.8119487762451172,19.707691192626953,0,2.7951865196228027
B_task,0,72,0.016216656436090885,0.0,0.0144377975,0.013708674,0.024800556,5.6545729637146,0.814045786857605,19.75368881225586,0,2.791034698486328
B_task,0,73,0.018812936285267704,0.0,0.016577387,0.01590635,0.028189361,5.6547112464904785,0.8124462366104126,19.7545166015625,0,2.8077478408813477
B_task,0,74,0.017865797747736393,0.0,0.015715241,0.015077335,0.026952943,5.654658317565918,0.811326801776886,19.64929962158203,0,2.829380750656128
B_task,0,75,0.015782481950262318,0.0,0.014018121,0.01322816,0.02417384,5.654635906219482,0.8120698928833008,19.736980438232422,0,2.8050827980041504
C_scene,0,1,1.0174912162449048,0.0803046174671339,1.0026815,0.8969771,1.1410235,5.656822204589844,0.00867475289851427,18.659019470214844,0,2.8609778881073
C_scene,0,2,1.0107263482135276,0.07117456456889278,0.99032253,0.8840715,1.1401889,5.656826019287109,0.008279993198812008,19.0211124420166,0,2.85723876953125
C_scene,0,3,1.0065620256506878,0.07102941948434581,0.9804537,0.8729371,1.1398896,5.656826972961426,0.008999887853860855,19.425647735595703,0,2.8746588230133057
C_scene,0,4,1.0011188672936482,0.07078445994335672,0.9734914,0.8666057,1.1344713,5.656815052032471,0.02741226553916931,16.584354400634766,0,2.8949286937713623
C_scene,0,5,1.0036606166673743,0.05678978173629097,0.9765177,0.86791396,1.1371522,5.65498685836792,0.43074214458465576,15.605121612548828,0,2.863909959793091
C_scene,0,6,0.9957451198412024,0.031543381836103355,0.97184575,0.86379105,1.12703,5.655966758728027,0.4272606372833252,18.10542106628418,0,2.8403427600860596
C_scene,0,7,0.9599196392556896,0.023013000902922257,0.9417663,0.84030247,1.080407,5.655387878417969,0.48917144536972046,19.950641632080078,0,2.850120782852173
C_scene,0,8,0.9176488959270975,0.01912641006967296,0.9002234,0.80990547,1.0264654,5.655633926391602,0.5047760009765625,21.049562454223633,0,2.8487250804901123
C_scene,0,9,0.8997398044752039,0.01600636606631072,0.8807582,0.7975627,1.0021827,5.6558332443237305,0.4916727542877197,21.571191787719727,0,2.87127423286438
C_scene,0,10,0.8776818151059358,0.0171132593051247,0.86023116,0.7795622,0.97671163,5.655472755432129,0.536747395992279,22.364519119262695,0,2.8439455032348633
C_scene,0,11,0.853537020475968,0.016427176154178123,0.83408874,0.7578013,0.9512557,5.655467510223389,0.5866734981536865,22.470151901245117,0,2.8223793506622314
C_scene,0,12,0.8371849889340608,0.01876145989998527,0.8186027,0.74479973,0.93343884,5.653914451599121,0.696911096572876,23.29470443725586,0,2.8121275901794434
C_scene,0,13,0.8095482535984205,0.018634553836739582,0.79208755,0.7214723,0.90419984,5.6545796394348145,0.7367779016494751,23.776107788085938,0,2.8561222553253174
C_scene,0,14,0.7760391235351562,0.020627078802689262,0.7590234,0.69260144,0.8682225,5.654366970062256,0.807367205619812,24.43717384338379,0,2.874650478363037
C_scene,0,15,0.7276659426481827,0.020833497462065323,0.71214336,0.6524283,0.8138289,5.653669357299805,0.8340684175491333,25.12432289123535,0,2.830707550048828
C_scene,0,16,0.6746530532836914,0.021233615667923637,0.65685505,0.6068318,0.7563728,5.650613784790039,0.8522151708602905,25.695268630981445,0,2.8199801445007324
C_scene,0,17,0.5954727089923361,0.022123396396636963,0.57971966,0.5412269,0.6691553,5.650830268859863,0.894909679889679,26.005796432495117,0,2.8199942111968994
C_scene,0,18,0.5112301370371943,0.02309433014496513,0.49790552,0.4687559,0.57804865,5.648984432220459,0.9107828140258789,26.18146324157715,0,2.863945960998535
C_scene,0,19,0.44088446575662366,0.023248174916143,0.4273884,0.4097616,0.4989627,5.650618553161621,0.9153834581375122,26.40866470336914,0,2.867751359939575
C_scene,0,20,0.38805658920951513,0.02282566091288691,0.37854776,0.36521038,0.44181734,5.648665428161621,0.9148600101470947,26.72127342224121,0,2.8099846839904785
C_scene,0,21,0.3386837503184443,0.023490794326948082,0.33405602,0.32330257,0.3868856,5.647907733917236,0.9182278513908386,26.94865608215332,0,2.812326192855835
C_scene,0,22,0.3030243749203889,0.021962982157002323,0.30146652,0.29277876,0.34608555,5.647891521453857,0.9268489480018616,27.121023178100586,0,2.8361213207244873
C_scene,0,23,0.2681996096735415,0.02163386733635612,0.26901126,0.2626953,0.30770028,5.648760795593262,0.9355800151824951,27.280563354492188,0,2.8441059589385986
C_scene,0,24,0.243243466252866,0.02082336337670036,0.24823368,0.24119493,0.2774216,5.648447036743164,0.9202073812484741,27.39883804321289,0,2.8224966526031494
C_scene,0,25,0.22106485781462296,0.020740523286487744,0.22728346,0.2212803,0.25423476,5.648169040679932,0.9255415797233582,27.517913818359375,0,2.810009241104126
C_scene,0,26,0.1999594024989916,0.020526231630988743,0.20917016,0.20415151,0.227374,5.648501396179199,0.9209165573120117,27.58954429626465,0,2.7901742458343506
C_scene,0,27,0.18304681777954102,0.020105167575504467,0.19501713,0.19060065,0.20783009,5.648575305938721,0.9320738911628723,27.732622146606445,0,2.8315727710723877
C_scene,0,28,0.1716697423354439,0.019914115252702133,0.18313326,0.18028831,0.1947379,5.647932052612305,0.9285016655921936,27.85692024230957,0,2.8514158725738525
C_scene,0,29,0.1642557952715003,0.019710439702738888,0.1779073,0.17395306,0.18511203,5.64670991897583,0.9233850240707397,27.94887924194336,0,2.808619976043701
C_scene,0,30,0.151407936344976,0.019371871067130047,0.16459598,0.16310014,0.1704254,5.648153305053711,0.9255491495132446,28.05867576599121,0,2.8222343921661377
D_latent,0,1,1.0159110193667205,0.21103295035984204,0.9985349,0.89446425,1.1390318,5.656795024871826,0.40287846326828003,2.1767070293426514,0,3.581850290298462
D_latent,0,2,1.012499187303626,0.010915485413178154,0.9922697,0.8852551,1.1414422,5.656818866729736,0.37918639183044434,2.3338422775268555,0,3.6013195514678955
D_latent,0,3,1.0084679645040762,0.0042097827662592345,0.9840016,0.8768151,1.140707,5.656826972961426,0.294205904006958,2.42156982421875,0,3.5698153972625732
D_latent,0,4,1.0031339396601138,0.0023127071883367457,0.97642404,0.8703488,1.1358938,5.656827449798584,0.2635734975337982,2.604722499847412,0,3.569863796234131
D_latent,0,5,1.0057837444802988,0.00199779463203057,0.97875273,0.87076634,1.1393663,5.656826972961426,0.26045894622802734,2.90541410446167,0,3.5707011222839355
D_latent,0,6,1.006464087444803,0.001687838007574496,0.98223084,0.8738783,1.1389229,5.656827449798584,0.24355705082416534,3.203173875808716,0,3.610238790512085
D_latent,0,7,1.0038754007090693,0.00191454929502114,0.9776492,0.86888164,1.1373892,5.656824111938477,0.25407201051712036,3.709967613220215,0,3.5779619216918945
D_latent,0,8,1.0034384520157524,0.002324137188818144,0.9777344,0.8692915,1.1362427,5.656824111938477,0.2720416784286499,4.042187213897705,0,3.5739173889160156
D_latent,0,9,1.0022196562393852,0.0017384802517683609,0.97572255,0.8665996,1.1364464,5.656823635101318,0.2835177183151245,4.245844841003418,0,3.5910017490386963
D_latent,0,10,1.001203619915506,0.0015438945721025052,0.9740401,0.8651119,1.135678,5.656826019287109,0.28235483169555664,4.309910297393799,0,3.608964681625366
D_latent,0,11,1.0047184488047725,0.002186199569183847,0.97795933,0.8692321,1.1380824,5.656826019287109,0.31188198924064636,4.335438251495361,0,3.5789973735809326
D_latent,0,12,0.9974565920622452,0.002634688078061394,0.97141707,0.86396694,1.1312869,5.656832218170166,0.3221704959869385,4.251396656036377,0,3.5804176330566406
D_latent,0,13,0.9729621721350629,0.00411550117575604,0.95100844,0.84881777,1.0996472,5.656835079193115,0.3465501666069031,4.146596431732178,0,3.6074564456939697
D_latent,0,14,0.9401362875233525,0.00520795842875605,0.9195265,0.8243157,1.0558779,5.656841278076172,0.28114694356918335,4.29243278503418,0,3.6185920238494873
D_latent,0,15,0.9172774605129076,0.004786414944607279,0.9000591,0.81106824,1.021888,5.656846523284912,0.23195573687553406,4.318886756896973,0,3.5921456813812256
D_latent,0,16,0.8935092428456182,0.004031783212786136,0.8726948,0.79285103,0.99443096,5.656846523284912,0.2528876066207886,4.284082412719727,0,3.581508159637451
D_latent,0,17,0.8797005363132643,0.003951808680658755,0.858835,0.78071165,0.97833145,5.6568474769592285,0.26262935996055603,4.373404026031494,0,3.622971534729004
D_latent,0,18,0.8652463166610055,0.0038590897684511933,0.8468441,0.769645,0.9612452,5.6568474769592285,0.28620144724845886,4.282675266265869,0,3.593449354171753
D_latent,0,19,0.8663268711255945,0.004485590950302456,0.85228467,0.77196896,0.96073025,5.656848430633545,0.30183693766593933,4.350243091583252,0,3.576253652572632
D_latent,0,20,0.854190909344217,0.0043444682074629745,0.8347759,0.7611508,0.94771194,5.656849384307861,0.3104438781738281,4.32895040512085,0,3.5871903896331787
D_latent,0,21,0.8488475136134935,0.003450098568978517,0.8296943,0.75732243,0.9412361,5.6568498611450195,0.3394712209701538,4.329594135284424,0,3.59928297996521
D_latent,0,22,0.8391831439474354,0.0035339678111283674,0.8187685,0.74913865,0.9299329,5.656850337982178,0.3481113612651825,4.563288688659668,0,3.5716500282287598
D_latent,0,23,0.8352888356084409,0.0054922239935916405,0.8138207,0.7443369,0.92667973,5.656850337982178,0.3742671608924866,4.5514302253723145,0,3.576735019683838
D_latent,0,24,0.839806432309358,0.006775625374006188,0.82348543,0.7504901,0.92959994,5.656851291656494,0.34017297625541687,4.77686882019043,0,3.592113971710205
D_latent,0,25,0.8310020280920941,0.004331615631994994,0.8112468,0.7421003,0.920869,5.656851291656494,0.35431548953056335,4.8811774253845215,0,3.6015799045562744
D_latent,0,26,0.8244146264117697,0.00483969922946847,0.80365163,0.7364317,0.913062,5.656851291656494,0.36417990922927856,4.943661212921143,0,3.567502021789551
D_latent,0,27,0.8212566375732422,0.006398456900016121,0.8028714,0.73378164,0.90950066,5.656851291656494,0.40010401606559753,5.230709552764893,0,3.5719149112701416
D_latent,0,28,0.8143782408341117,0.008780092648837877,0.79501176,0.72677374,0.9029623,5.656850337982178,0.42767876386642456,5.505606174468994,0,3.5832149982452393
D_latent,0,29,0.8064363728398862,0.009986082496850388,0.78753895,0.720109,0.89452785,5.656843185424805,0.44833433628082275,6.937273025512695,0,3.595775842666626
D_latent,0,30,0.6396806136421536,0.04334936452948529,0.5824139,0.5539409,0.73973656,5.656674385070801,0.5679208040237427,10.184621810913086,0,3.5651540756225586
D_latent,0,31,0.4224799197653066,0.035365159096925156,0.34908885,0.36715806,0.5046908,5.656677722930908,0.6125612258911133,10.492300033569336,0,3.5433945655822754
D_latent,0,32,0.38113701861837634,0.047071949295375656,0.31196296,0.3349022,0.45220256,5.656672954559326,0.6397841572761536,10.008930206298828,0,3.5645439624786377
D_latent,0,33,0.3374168769173,0.05752082492994225,0.27121258,0.29597223,0.40494767,5.656723499298096,0.6346887946128845,10.490494728088379,0,3.563188314437866
D_latent,0,34,0.3126144616500191,0.06928969984469206,0.24920262,0.27320194,0.37627664,5.65669584274292,0.6340783834457397,10.898231506347656,0,3.537947416305542
D_latent,0,35,0.2902730651523756,0.07552819666655167,0.23182923,0.25361502,0.35122156,5.656639099121094,0.6623505353927612,11.523332595825195,0,3.538565158843994
D_latent,0,36,0.2646135661913001,0.08138949974723485,0.20986699,0.23034032,0.32377636,5.65663480758667,0.6735091209411621,11.497270584106445,0,3.5687410831451416
D_latent,0,37,0.2339626809825068,0.08453022397082785,0.18488641,0.20290147,0.29005048,5.656490802764893,0.6932641267776489,12.753724098205566,0,3.5541529655456543
D_latent,0,38,0.205505080845045,0.08339277557704759,0.1629475,0.17773446,0.25740322,5.656544208526611,0.703027606010437,13.258243560791016,0,3.545586585998535
D_latent,0,39,0.16739311425582223,0.08192784889884618,0.12962851,0.14088178,0.21662869,5.656448841094971,0.7049756050109863,14.047375679016113,0,3.5526340007781982
D_latent,0,40,0.14437859991322394,0.08028861750727115,0.11066813,0.12021913,0.19059752,5.65640115737915,0.7043160796165466,14.298707962036133,0,3.589272975921631
D_latent,0,41,0.1291390501934549,0.08157583941584048,0.09765322,0.10485808,0.17384936,5.656331539154053,0.7144515514373779,15.021928787231445,0,3.540165901184082
D_latent,0,42,0.11250269931295644,0.08031989180523416,0.08345005,0.08981908,0.15317518,5.656327247619629,0.7223044633865356,15.451980590820312,0,3.534874677658081
D_latent,0,43,0.0981594064961309,0.07885064249453337,0.072171666,0.07687383,0.13664705,5.6561384201049805,0.7325677275657654,16.420743942260742,0,3.5641605854034424
D_latent,0,44,0.0862139307934305,0.0763739710268767,0.062422022,0.066327885,0.12127147,5.656258583068848,0.7247051000595093,16.71135139465332,0,3.5641238689422607
D_latent,0,45,0.07579923194387685,0.07368289387744406,0.05478646,0.05753872,0.107714176,5.656224250793457,0.7229263782501221,17.287607192993164,0,3.5427236557006836
D_latent,0,46,0.06759242907814357,0.07130879941193954,0.04880101,0.050586667,0.09805236,5.656205654144287,0.7226975560188293,17.64821434020996,0,3.537773847579956
D_latent,0,47,0.06190573650857677,0.0695186075956925,0.04540176,0.04674848,0.088594586,5.6562371253967285,0.7147955894470215,17.749774932861328,0,3.5524168014526367
D_latent,0,48,0.05823499741761581,0.06838801114455513,0.042861737,0.04389783,0.08348637,5.656222820281982,0.7224940061569214,17.977039337158203,0,3.568635940551758
D_latent,0,49,0.052430790403614876,0.06628670381463092,0.038580067,0.039268646,0.0761312,5.656181335449219,0.7206353545188904,18.387266159057617,0,3.5443527698516846
D_latent,0,50,0.04772936779519786,0.06424075624217158,0.035139106,0.03553316,0.069737986,5.656195640563965,0.7182707786560059,18.549163818359375,0,3.5403411388397217
D_latent,0,51,0.043744797291963,0.06287362782851509,0.03287163,0.03311074,0.06348483,5.656181335449219,0.7171461582183838,18.740182876586914,0,3.562016725540161
D_latent,0,52,0.041343235451242195,0.06185335180033808,0.03135752,0.031153988,0.06050745,5.656203269958496,0.7159768342971802,18.85437774658203,0,3.5603883266448975
D_latent,0,53,0.03839981037637462,0.06018178359321926,0.029515943,0.029371459,0.0562946,5.656182289123535,0.7177219986915588,19.089977264404297,0,3.548377752304077
D_latent,0,54,0.035707605921703835,0.05919136690056842,0.027755883,0.027193852,0.052823156,5.656181335449219,0.7107057571411133,19.237327575683594,0,3.538925886154175
D_latent,0,55,0.03359515511471292,0.05808846846870754,0.02642801,0.025999064,0.04939091,5.656120300292969,0.714619517326355,19.589771270751953,0,3.56801176071167
D_latent,0,56,0.031773331372634224,0.056905000106148095,0.025266554,0.024698436,0.046870615,5.656181335449219,0.7168095707893372,19.463871002197266,0,3.552635431289673
D_latent,0,57,0.030867001284723698,0.056085399959398353,0.024953283,0.024179842,0.04553004,5.656167030334473,0.716727614402771,19.638883590698242,0,3.540501356124878
D_latent,0,58,0.029702588267948315,0.055966978487761124,0.023959547,0.023307115,0.0436178,5.656182765960693,0.7118876576423645,19.799095153808594,0,3.5394186973571777
D_latent,0,59,0.02801348074622776,0.05516857686250106,0.02316237,0.02243898,0.04106319,5.656174182891846,0.7176642417907715,19.874502182006836,0,3.5903680324554443
D_latent,0,60,0.02673961286959441,0.05460166931152344,0.02218821,0.021412492,0.039504528,5.656155586242676,0.7131880521774292,19.92095375061035,0,3.541714668273926
D_latent,0,61,0.02498559588971345,0.0537429374197255,0.020983659,0.020031981,0.037336808,5.656164646148682,0.7189245223999023,19.984033584594727,0,3.5401875972747803
D_latent,0,62,0.02395318383755891,0.05300010287243387,0.020161305,0.019379742,0.035509445,5.65614652633667,0.7139437198638916,20.196943283081055,0,3.5612759590148926
D_latent,0,63,0.02442027693209441,0.05289301664932915,0.020748576,0.019861095,0.035983816,5.656179904937744,0.7105796337127686,20.1646728515625,0,3.5724399089813232
D_latent,0,64,0.022764693135800568,0.05187401564224907,0.019705422,0.018732911,0.03355724,5.656203269958496,0.7087488174438477,20.231576919555664,0,3.5455682277679443
D_latent,0,65,0.02182932521985925,0.05122554820516835,0.018807245,0.017950373,0.032393165,5.656178951263428,0.7105416655540466,20.44357681274414,0,3.541529655456543
D_latent,0,66,0.021373119043267292,0.050723241723102074,0.018864142,0.017882036,0.031359788,5.656203269958496,0.7082081437110901,20.508520126342773,0,3.5629518032073975
D_latent,0,67,0.020625869865002838,0.05028630339581033,0.018245334,0.017305385,0.030698536,5.656210422515869,0.7039480209350586,20.624649047851562,0,3.5589230060577393
D_latent,0,68,0.021178640749143517,0.050215410149615745,0.01858671,0.017683368,0.031330556,5.656197547912598,0.7108832597732544,20.638111114501953,0,3.533543586730957
D_latent,0,69,0.01989955617033917,0.04909366110096807,0.01768569,0.016697431,0.029523883,5.656211853027344,0.7123233079910278,20.656370162963867,0,3.5441958904266357
D_latent,0,70,0.01897216491077257,0.04816241886304772,0.01708426,0.016104335,0.02826729,5.656216621398926,0.7040870785713196,20.724790573120117,0,3.557771682739258
D_latent,0,71,0.01853344881016275,0.04729397918867028,0.016792063,0.0159638,0.027298791,5.656233310699463,0.7054494619369507,20.7562313079834,0,3.54575777053833
D_latent,0,72,0.01915555026220239,0.046779876169951065,0.01772421,0.016678166,0.027847877,5.6562066078186035,0.7085100412368774,20.82269859313965,0,3.540837049484253
D_latent,0,73,0.017692467440729557,0.04625323544377866,0.016219812,0.015264937,0.026235916,5.656253337860107,0.7004621028900146,20.780967712402344,0,3.536217451095581
D_latent,0,74,0.017158109208811886,0.04509364003720491,0.016057909,0.015075038,0.025255356,5.6562323570251465,0.7005878686904907,20.860363006591797,0,3.569596290588379
D_latent,0,75,0.016131513792535534,0.04427014226498811,0.015278428,0.014390921,0.024017764,5.656256198883057,0.6971255540847778,20.838529586791992,0,3.5448408126831055
D_latent,0,76,0.015818047782649166,0.04333996772766113,0.015137235,0.0140630305,0.023589345,5.65626859664917,0.6921256184577942,20.883991241455078,0,3.5290136337280273
D_latent,0,77,0.01563530901203985,0.04267352819442749,0.015010647,0.014063897,0.023104956,5.656261444091797,0.6948696374893188,20.878116607666016,0,3.529174327850342
D_latent,0,78,0.015371574007946512,0.04186201095581055,0.014752584,0.0137744015,0.022993844,5.656283855438232,0.6888717412948608,20.877408981323242,0,3.565580129623413
D_latent,0,79,0.015223986428716908,0.04118479593940403,0.0146723045,0.013656251,0.022558702,5.6562628746032715,0.6912913918495178,20.98661231994629,0,3.5343282222747803
D_latent,0,80,0.01459685356720634,0.04035602963489035,0.014191576,0.013179971,0.022030499,5.656265735626221,0.6875663995742798,20.923412322998047,0,3.534665584564209
D_latent,0,81,0.014312926841818768,0.039698108382847,0.014001249,0.013021405,0.021332743,5.656280517578125,0.6834427118301392,20.94602394104004,0,3.533463954925537
D_latent,0,82,0.014388203620910645,0.038943837518277374,0.014297505,0.013297965,0.02106607,5.656270980834961,0.6855149865150452,20.891191482543945,0,3.5818064212799072
D_latent,0,83,0.013992330302362856,0.03824288689571878,0.01372625,0.0127401315,0.020948209,5.6562933921813965,0.678978443145752,20.965044021606445,0,3.5358660221099854
D_latent,0,84,0.013367607541706251,0.037490398987479835,0.013276772,0.012246648,0.020016996,5.656294822692871,0.6811360120773315,20.857986450195312,0,3.5358433723449707
D_latent,0,85,0.013436653043912805,0.03688058127527651,0.0135293,0.012512037,0.019853009,5.656306266784668,0.6788826584815979,20.879823684692383,0,3.5506961345672607
A_recon,1,1,1.0254776166832966,0.05253000363059666,1.0083759,0.90726537,1.1458735,5.656839370727539,0.009340248070657253,15.428811073303223,0,5.023639678955078
A_recon,1,2,1.0153494295866594,0.0502335092295771,0.9916722,0.88982934,1.1426399,5.656838417053223,0.014447130262851715,11.797944068908691,0,5.029988050460815
A_recon,1,3,1.0133654552957285,0.04979694407919179,0.98831993,0.88530594,1.1425033,5.656825542449951,0.14595766365528107,2.886725902557373,0,5.025447845458984
A_recon,1,4,1.0123218038807744,0.03829124958618828,0.98613226,0.8817568,1.1427587,5.6568474769592285,0.19766783714294434,2.0988380908966064,0,5.042293071746826
A_recon,1,5,1.0091852934464165,0.029993381189263386,0.97962594,0.87562585,1.1410005,5.656851291656494,0.15606507658958435,2.464127540588379,0,5.0478434562683105
A_recon,1,6,1.0065106101658032,0.027480752571769382,0.97682995,0.8733974,1.1374478,5.656851291656494,0.2014235556125641,2.595027446746826,0,5.036313772201538
A_recon,1,7,0.9940668189007303,0.02187921949054884,0.9721347,0.8682567,1.1198742,5.656852722167969,0.16454732418060303,2.739628314971924,0,5.033067941665649
A_recon,1,8,0.9628477511198624,0.019876099151113758,0.9420878,0.84492046,1.0805306,5.656852722167969,0.13399024307727814,3.0506110191345215,0,5.053371429443359
A_recon,1,9,0.9315562040909476,0.01895454914673515,0.9140741,0.8237179,1.039735,5.656853675842285,0.10780089348554611,3.1445295810699463,0,5.0413429737091064
A_recon,1,10,0.8981885495393173,0.018772442703661713,0.8765163,0.7969733,1.0001073,5.656853675842285,0.10686761140823364,3.401033639907837,0,5.0433831214904785
A_recon,1,11,0.8816302755604619,0.018386882284413212,0.85994655,0.7828167,0.9817096,5.656853675842285,0.08844365179538727,3.6079039573669434,0,5.054077863693237
A_recon,1,12,0.875827872234842,0.01776481322620226,0.8505637,0.7787632,0.97462857,5.656853675842285,0.10007082670927048,3.980921506881714,0,5.048629283905029
A_recon,1,13,0.865647025730299,0.017676199259965317,0.84449345,0.7712192,0.96223515,5.656853675842285,0.0921727865934372,4.121326923370361,0,5.057783842086792
A_recon,1,14,0.8541662796683933,0.01693739580071491,0.8291695,0.761376,0.9479033,5.656853675842285,0.11032338440418243,4.516966342926025,0,5.047211647033691
A_recon,1,15,0.8513505355171536,0.01680149073186128,0.82620084,0.7575838,0.9453302,5.656854629516602,0.10606561601161957,4.107895851135254,0,5.054073095321655
A_recon,1,16,0.8444810120955758,0.01679158858630968,0.81920743,0.7523,0.93772316,5.656853675842285,0.11962191760540009,4.421749114990234,0,5.070581436157227
A_recon,1,17,0.8370109226392664,0.017019003629684448,0.8152489,0.7466299,0.9274554,5.656853675842285,0.13858428597450256,4.512194633483887,0,5.046945571899414
A_recon,1,18,0.8368668763533883,0.01675598128982212,0.81340027,0.74619424,0.92805004,5.656853675842285,0.1294752061367035,4.637899398803711,0,5.054241418838501
A_recon,1,19,0.8299303469450577,0.01632321528766466,0.80514663,0.7403413,0.9194641,5.656854152679443,0.14555437862873077,4.626230716705322,0,5.057052850723267
A_recon,1,20,0.8319232774817426,0.01690597767415254,0.80883664,0.74211174,0.9215262,5.656853675842285,0.1751275360584259,4.465432167053223,0,5.050702333450317
A_recon,1,21,0.8259847060493801,0.017226465370344078,0.8022293,0.73816174,0.9143935,5.656853675842285,0.17839749157428741,4.981988430023193,0,5.06533670425415
A_recon,1,22,0.8229462996773098,0.016980810009914894,0.7991629,0.734247,0.9123797,5.656853675842285,0.225172758102417,4.584239959716797,0,5.05983304977417
A_recon,1,23,0.8207579902980638,0.017819856819899185,0.79738784,0.7324736,0.9101501,5.656851291656494,0.2573675215244293,6.656497955322266,0,5.036150693893433
A_recon,1,24,0.7325105252473251,0.0268162929493448,0.6986596,0.65480244,0.8216317,5.656772613525391,0.6061031818389893,6.249703884124756,0,5.042398929595947
A_recon,1,25,0.6520626648612644,0.027077516783838688,0.61297053,0.59075665,0.7318937,5.656736850738525,0.6310441493988037,6.580005645751953,0,5.015907049179077
A_recon,1,26,0.6288617590199346,0.025222786094831383,0.5901346,0.57322645,0.7037048,5.6566853523254395,0.6285614371299744,7.06241512298584,0,5.022052049636841
A_recon,1,27,0.6134950389032778,0.024350275164065155,0.5767398,0.5614115,0.68510723,5.6566853523254395,0.6193490624427795,8.074580192565918,0,5.02555251121521
A_recon,1,28,0.5763178286345109,0.0230750674786775,0.5371926,0.5281694,0.6466326,5.656700611114502,0.6075774431228638,9.26581859588623,0,5.0111119747161865
A_recon,1,29,0.4095907625944718,0.028429078019183616,0.34885025,0.36825642,0.48499665,5.6566033363342285,0.6538058519363403,10.461860656738281,0,5.000641822814941
A_recon,1,30,0.3446937436642854,0.027477523554926334,0.28042084,0.30705443,0.41292146,5.656619548797607,0.6777015924453735,10.504560470581055,0,4.983689308166504
A_recon,1,31,0.3204444387684698,0.02276927491892939,0.25921118,0.2838289,0.38590905,5.656522750854492,0.703696608543396,11.18323802947998,0,4.980100870132446
A_recon,1,32,0.31058823544046155,0.020931354035501896,0.2506731,0.2756228,0.37405252,5.656608581542969,0.7166102528572083,10.978466033935547,0,5.00433087348938
A_recon,1,33,0.2908388220745584,0.01981139960496322,0.23344731,0.25809878,0.35347047,5.656616687774658,0.7102952599525452,11.33071231842041,0,4.982814311981201
A_recon,1,34,0.2771475211433742,0.0192780455817347,0.22378941,0.24676217,0.33705598,5.656527042388916,0.7293832898139954,11.876614570617676,0,4.984429836273193
A_recon,1,35,0.2653751165970512,0.019192109937253204,0.21655174,0.23779552,0.323037,5.656447410583496,0.7246522307395935,12.494267463684082,0,4.989623308181763
A_recon,1,36,0.24408224354619565,0.018895281397778053,0.20083176,0.22153398,0.29798922,5.656541347503662,0.7363144755363464,12.647150993347168,0,4.969554424285889
A_recon,1,37,0.22063970565795898,0.018370685370072075,0.18344365,0.20147844,0.27086085,5.656445026397705,0.7466284036636353,13.589232444763184,0,4.983620882034302
A_recon,1,38,0.20278497364210046,0.017718514670496403,0.17066237,0.18571588,0.24886376,5.656457901000977,0.7523294687271118,14.196465492248535,0,4.991373777389526
A_recon,1,39,0.18719648278277853,0.0171450182147648,0.15794857,0.17234467,0.229857,5.656467914581299,0.7443727254867554,14.668135643005371,0,4.974388360977173
A_recon,1,40,0.167776169984237,0.01628189371979755,0.14293863,0.15547244,0.20593214,5.656445503234863,0.7604820728302002,14.840678215026855,0,4.997081518173218
A_recon,1,41,0.15536517682282822,0.01608291138773379,0.13533495,0.14588016,0.18972147,5.656429290771484,0.7501601576805115,15.392084121704102,0,4.9801881313323975
A_recon,1,42,0.141222912332286,0.01587181894675545,0.12298384,0.13230047,0.17286815,5.656402587890625,0.7682175636291504,15.742331504821777,0,4.972862958908081
A_recon,1,43,0.1293050828187362,0.015063178280125494,0.11362282,0.12220258,0.15780924,5.656319618225098,0.7626241445541382,16.6796817779541,0,5.001426696777344
A_recon,1,44,0.12086748040240744,0.01515423992405767,0.106561355,0.114200376,0.14822036,5.656231880187988,0.7822954654693604,17.191089630126953,0,4.964963436126709
A_recon,1,45,0.10755368937616763,0.014487762813982756,0.095658824,0.101977736,0.13233645,5.656301975250244,0.7678372263908386,17.45298194885254,0,4.9772632122039795
A_recon,1,46,0.09436149182526962,0.013776475968568222,0.08335554,0.089341804,0.11674986,5.656191349029541,0.7810962200164795,17.930540084838867,0,4.979586124420166
A_recon,1,47,0.0975005523018215,0.015072194130524345,0.08861371,0.093341134,0.11833278,5.656281471252441,0.7572978734970093,17.467370986938477,0,4.971895933151245
A_recon,1,48,0.08216797787210216,0.013397863377695498,0.07403949,0.07752056,0.10239352,5.656197547912598,0.7767711877822876,18.184682846069336,0,4.980607748031616
A_recon,1,49,0.07306820413340694,0.013026005547979603,0.06505336,0.06839249,0.09217492,5.656169891357422,0.7653883099555969,18.222755432128906,0,4.971672534942627
A_recon,1,50,0.06425802085710608,0.012757971234943556,0.05636934,0.0592192,0.08236293,5.656116008758545,0.7648323774337769,18.66653823852539,0,4.973244667053223
A_recon,1,51,0.060030916462773865,0.01264341758645099,0.053100117,0.05541466,0.07738943,5.656050682067871,0.77315354347229,18.97649574279785,0,4.984415531158447
A_recon,1,52,0.056589235430178436,0.012489602617595507,0.04960786,0.05203115,0.072795406,5.656185150146484,0.7692301273345947,18.650115966796875,0,4.966163396835327
A_recon,1,53,0.05230032361072043,0.012455057838688726,0.04620935,0.04791572,0.06783346,5.656063079833984,0.7662802934646606,19.013957977294922,0,4.975035667419434
A_recon,1,54,0.048898318539495056,0.012184991784717726,0.043813016,0.045147683,0.06357011,5.656116008758545,0.7699620723724365,19.265039443969727,0,4.984226942062378
A_recon,1,55,0.045642158259516175,0.011985296788422958,0.04066342,0.04167539,0.06003362,5.656078338623047,0.7564254999160767,19.20206069946289,0,4.97551155090332
A_recon,1,56,0.042795995007390564,0.011881027532660442,0.038155187,0.039024793,0.056351125,5.656071186065674,0.7587263584136963,19.301856994628906,0,4.978837966918945
A_recon,1,57,0.03961005418196968,0.011678040027618408,0.035337772,0.036134854,0.05270803,5.656131267547607,0.7562035322189331,19.403545379638672,0,4.981787919998169
A_recon,1,58,0.03771620211393937,0.011569190284480219,0.033537462,0.03424102,0.050590646,5.65609884262085,0.7617983818054199,19.347375869750977,0,4.977898120880127
A_recon,1,59,0.03619938570520152,0.01148199516793956,0.032441128,0.032876324,0.048468586,5.65606689453125,0.7613401412963867,19.48737907409668,0,5.00110650062561
A_recon,1,60,0.03385481108789858,0.011378056329229603,0.030307643,0.030804915,0.04547124,5.656069278717041,0.7569234371185303,19.559724807739258,0,4.976036071777344
A_recon,1,61,0.0322441640107528,0.011293514915134596,0.028863367,0.029238103,0.04366859,5.656062126159668,0.7580243349075317,19.51373291015625,0,4.979495286941528
A_recon,1,62,0.031039515267247738,0.011252037856889807,0.028138394,0.02824486,0.042079914,5.656073570251465,0.7530182600021362,19.64162254333496,0,5.008277893066406
A_recon,1,63,0.03009973660759304,0.01114303910213968,0.027230578,0.02757189,0.040670216,5.656054973602295,0.7596831321716309,19.681537628173828,0,4.98222017288208
A_recon,1,64,0.02832878413407699,0.011075941116913506,0.0256847,0.025817247,0.03889527,5.656073093414307,0.7585879564285278,19.64769172668457,0,4.980442523956299
A_recon,1,65,0.027454293292501698,0.01103151103724604,0.025152443,0.02520383,0.03756739,5.656064033508301,0.7536194324493408,19.831850051879883,0,4.9829628467559814
A_recon,1,66,0.025793391725291378,0.01092600044996842,0.023746379,0.023673598,0.035433944,5.656126022338867,0.7520993947982788,19.72569465637207,0,4.968820333480835
A_recon,1,67,0.024833474470221478,0.010879475137461786,0.022943111,0.022936994,0.03424236,5.656084060668945,0.7519224882125854,19.85880470275879,0,4.984630823135376
A_recon,1,68,0.024308414562888767,0.010781526565551758,0.022448586,0.022326436,0.033580508,5.656055450439453,0.754703164100647,20.01985740661621,0,4.98072624206543
A_recon,1,69,0.02404173819915108,0.01073023417721624,0.022393482,0.022113642,0.032997016,5.656095504760742,0.7511031627655029,19.774261474609375,0,4.991468906402588
A_recon,1,70,0.023294524006221607,0.010651546327964119,0.021881856,0.02153693,0.03228005,5.656095504760742,0.7546522617340088,19.82717514038086,0,5.02679967880249
A_recon,1,71,0.022235961064048435,0.010605422698933146,0.020858752,0.020523423,0.030778458,5.656055450439453,0.7553359270095825,20.126657485961914,0,5.005172967910767
A_recon,1,72,0.022830317849698273,0.01055716626022173,0.021461206,0.021145534,0.031250585,5.65609073638916,0.7528246641159058,19.987850189208984,0,5.0075249671936035
A_recon,1,73,0.023926299551258915,0.010781842729319696,0.022301495,0.021986403,0.03292596,5.656052112579346,0.7499807476997375,19.88902473449707,0,5.027141094207764
A_recon,1,74,0.02233686395313429,0.010705228732979816,0.020841338,0.02053678,0.030817658,5.656094551086426,0.7540916204452515,19.804561614990234,0,5.00269079208374
A_recon,1,75,0.01973305318666541,0.010415182165477587,0.018805912,0.018401725,0.027653413,5.6560845375061035,0.7538045644760132,19.989465713500977,0,5.0249717235565186
A_recon,1,76,0.018522091533826744,0.010403964182604914,0.017838392,0.01741482,0.02613131,5.656092643737793,0.7536186575889587,20.034820556640625,0,5.02280330657959
A_recon,1,77,0.01762259006500244,0.01027913326802461,0.017200401,0.016747009,0.024894211,5.656093597412109,0.7524563074111938,20.0811710357666,0,5.024503469467163
A_recon,1,78,0.017034521569376408,0.010202921603036963,0.016666126,0.016118424,0.024190081,5.656126976013184,0.7464885115623474,19.92362403869629,0,5.033345937728882
A_recon,1,79,0.016547193993692814,0.010160954750102499,0.016341817,0.015755342,0.02361561,5.656100273132324,0.7505933046340942,19.995662689208984,0,4.999314069747925
A_recon,1,80,0.016274366689764935,0.01009896008864693,0.016191658,0.01555799,0.023070872,5.656130313873291,0.7480866312980652,20.131908416748047,0,5.007319211959839
A_recon,1,81,0.01624130684396495,0.010137836570325106,0.01618242,0.015612909,0.022904534,5.656129837036133,0.7504756450653076,20.02921485900879,0,5.022657155990601
A_recon,1,82,0.015901494285334713,0.010029446171677631,0.015774062,0.015210455,0.022418132,5.656100749969482,0.7479003667831421,20.088674545288086,0,5.022081136703491
A_recon,1,83,0.01593363803365956,0.010021273856577665,0.01592074,0.015214125,0.022665076,5.656109809875488,0.755151629447937,20.10625457763672,0,5.022420406341553
A_recon,1,84,0.01512249785920848,0.009954968872277634,0.01513002,0.014486846,0.02156465,5.656136989593506,0.7535314559936523,20.211559295654297,0,5.032068967819214
A_recon,1,85,0.014556078807167385,0.0099402517080307,0.014694514,0.014031883,0.020768408,5.656125068664551,0.7475648522377014,20.1652889251709,0,5.014933347702026
A_recon,1,86,0.014321916777154674,0.00987215404925139,0.014464425,0.013646577,0.020772912,5.656126022338867,0.7460357546806335,20.227197647094727,0,5.028126955032349
A_recon,1,87,0.013768911361694336,0.009842352374740269,0.013895096,0.01321998,0.019908093,5.65610933303833,0.7548977136611938,20.243070602416992,0,5.016879558563232
A_recon,1,88,0.014203605444534965,0.009799976711687834,0.014243568,0.013618909,0.020337172,5.656126499176025,0.7497054934501648,20.27460479736328,0,5.008321285247803
A_recon,1,89,0.014263518478559412,0.009812480729559193,0.014416352,0.013747099,0.020270638,5.656143665313721,0.7612801790237427,20.25505828857422,0,5.033060550689697
A_recon,1,90,0.013953690943510635,0.009740596232206924,0.0141695095,0.013508581,0.019941637,5.656130313873291,0.7558256983757019,20.363554000854492,0,5.011125564575195
A_recon,1,91,0.013639643140461134,0.009698996725289719,0.0139062535,0.013220296,0.019458909,5.656152248382568,0.7504739761352539,20.254621505737305,0,5.017222881317139
A_recon,1,92,0.01443408235259678,0.009746133633281874,0.014502574,0.013900201,0.020316953,5.656166076660156,0.7500185966491699,20.343067169189453,0,5.011879205703735
A_recon,1,93,0.013588455708130547,0.009691714592601942,0.013902866,0.013108779,0.01936482,5.656162738800049,0.7604928016662598,20.285268783569336,0,4.984841585159302
A_recon,1,94,0.012846660354863043,0.009629346754239954,0.013186806,0.012677626,0.018146716,5.656192302703857,0.7597514986991882,20.387300491333008,0,5.00105094909668
A_recon,1,95,0.012614228155301966,0.009573796521062437,0.013061157,0.0123490365,0.018141288,5.656157493591309,0.7590394020080566,20.269081115722656,0,4.995646715164185
B_task,1,1,1.025475211765455,0.0,1.0083879,0.9072644,1.1458849,5.656839847564697,0.007941310293972492,16.784530639648438,0,2.8219006061553955
B_task,1,2,1.0153562296991763,0.0,0.99168754,0.88984257,1.1426474,5.6568403244018555,0.007419179659336805,17.241806030273438,0,2.8211843967437744
B_task,1,3,1.0133020152216372,0.0,0.9882338,0.8852348,1.1424459,5.656842231750488,0.006971307098865509,17.307811737060547,0,2.8528547286987305
B_task,1,4,1.012135132499363,0.0,0.9857175,0.88144404,1.1426888,5.656842231750488,0.006750918924808502,17.535633087158203,0,2.837143659591675
B_task,1,5,1.0090337006942085,0.0,0.9792804,0.8754518,1.14082,5.6568427085876465,0.006859376560896635,17.720409393310547,0,2.826801300048828
B_task,1,6,1.0058625262716543,0.0,0.9762577,0.87297755,1.1367166,5.656843662261963,0.006426053121685982,16.903783798217773,0,2.8180391788482666
B_task,1,7,0.9821209285570227,0.0,0.9578283,0.8573354,1.1061673,5.6568474769592285,0.005428868345916271,16.451499938964844,0,2.829683542251587
B_task,1,8,0.9553813934326172,0.0,0.93150777,0.8377865,1.0720377,5.656849384307861,0.004083683248609304,17.12715721130371,0,2.855670690536499
B_task,1,9,0.9225143764329993,0.0,0.90112823,0.81684744,1.0284579,5.656851291656494,0.003846380626782775,16.689706802368164,0,2.818251609802246
B_task,1,10,0.8932144330895465,0.0,0.86841816,0.79161215,0.99602795,5.656851291656494,0.0042497748509049416,15.767088890075684,0,2.8277244567871094
B_task,1,11,0.879601934681768,0.0,0.85466343,0.7800432,0.98114693,5.656851291656494,0.008314761333167553,10.65127182006836,0,2.828864812850952
B_task,1,12,0.8756946066151494,0.0,0.84970975,0.779012,0.9732782,5.656851291656494,0.011884663254022598,8.75390911102295,0,2.8437838554382324
B_task,1,13,0.862829705943232,0.0,0.83829707,0.7689236,0.9586631,5.656851291656494,0.026879673823714256,5.060436248779297,0,2.8625829219818115
B_task,1,14,0.8537351359491763,0.0,0.8288627,0.7610728,0.9470617,5.656851291656494,0.012898173183202744,10.066049575805664,0,2.8285067081451416
B_task,1,15,0.8501311592433763,0.0,0.82588995,0.75690144,0.943737,5.656846046447754,0.021222982555627823,8.977067947387695,0,2.814527750015259
B_task,1,16,0.8414170638374661,0.0,0.81599313,0.7496,0.9341822,5.656848430633545,0.047383617609739304,6.921021461486816,0,2.82062029838562
B_task,1,17,0.835578669672427,0.0,0.81314546,0.7458978,0.92532676,5.656852722167969,0.04060450196266174,8.11746883392334,0,2.837470054626465
B_task,1,18,0.8356395389722742,0.0,0.81201446,0.74547064,0.9260644,5.656780242919922,0.12327170372009277,9.298079490661621,0,2.844221353530884
B_task,1,19,0.8066593667735225,0.0,0.77934116,0.72112125,0.894381,5.654575347900391,0.48845911026000977,7.746303081512451,0,2.8039050102233887
B_task,1,20,0.6938744420590608,0.0,0.6560027,0.6269674,0.7747127,5.653652667999268,0.5938665866851807,7.748200416564941,0,2.7910523414611816
B_task,1,21,0.6487221095872961,0.0,0.6079711,0.58936983,0.7268058,5.655086040496826,0.6267412900924683,7.129914283752441,0,2.796351194381714
B_task,1,22,0.6286417505015498,0.0,0.5919931,0.57433355,0.7024489,5.653764247894287,0.634080171585083,7.516139984130859,0,2.7969887256622314
B_task,1,23,0.6157481566719387,0.0,0.5817469,0.564879,0.68465,5.654809951782227,0.6097715497016907,7.797163486480713,0,2.8004844188690186
B_task,1,24,0.6059074816496476,0.0,0.5735527,0.55607766,0.6745167,5.654092311859131,0.6507976651191711,8.944060325622559,0,2.7923061847686768
B_task,1,25,0.5756733935812245,0.0,0.54219246,0.53018,0.64160323,5.653550148010254,0.6378765106201172,10.141743659973145,0,2.800680160522461
B_task,1,26,0.3766607616258704,0.0,0.3130425,0.33484083,0.44991982,5.65187931060791,0.735382080078125,10.444031715393066,0,2.804821491241455
B_task,1,27,0.31699775612872577,0.0,0.25454044,0.28216645,0.3812312,5.650484561920166,0.7367949485778809,11.75372314453125,0,2.80268931388855
B_task,1,28,0.2839058585788893,0.0,0.23054245,0.25368014,0.34435582,5.649735927581787,0.739540696144104,12.100887298583984,0,2.802295684814453
B_task,1,29,0.2612756853518279,0.0,0.21299815,0.23371224,0.31921637,5.649161338806152,0.7553905248641968,13.717411994934082,0,2.7893359661102295
B_task,1,30,0.22368812561035156,0.0,0.18441825,0.20039193,0.27640337,5.650688648223877,0.7521799206733704,14.147758483886719,0,2.802963972091675
B_task,1,31,0.19471249373062796,0.0,0.1622563,0.17526005,0.24115661,5.651246547698975,0.7285069227218628,15.186747550964355,0,2.7975404262542725
B_task,1,32,0.1726308076278023,0.0,0.14367159,0.15517667,0.21571466,5.651699066162109,0.7357650995254517,15.711090087890625,0,2.8092713356018066
B_task,1,33,0.14666549019191577,0.0,0.12147798,0.13030873,0.18663368,5.650875091552734,0.742626428604126,16.685808181762695,0,2.799776315689087
B_task,1,34,0.12075030285379161,0.0,0.098296486,0.1046568,0.1580253,5.651630878448486,0.7422453165054321,16.95716094970703,0,2.7853915691375732
B_task,1,35,0.10171555436175803,0.0,0.08242991,0.08688039,0.13707012,5.651689052581787,0.7613946199417114,17.07139015197754,0,2.78822922706604
B_task,1,36,0.08900764714116635,0.0,0.071498156,0.07547312,0.12061166,5.651463508605957,0.7560631036758423,17.576744079589844,0,2.80358624458313
B_task,1,37,0.07488079693006433,0.0,0.059049435,0.06184693,0.1052432,5.650866985321045,0.7662390470504761,18.443838119506836,0,2.8055520057678223
B_task,1,38,0.06677711009979248,0.0,0.052187264,0.054501437,0.09469924,5.651352405548096,0.7586587071418762,17.99996566772461,0,2.790032148361206
B_task,1,39,0.06022133516228717,0.0,0.046804693,0.048738427,0.086696036,5.651611804962158,0.7588962316513062,17.875595092773438,0,2.7939062118530273
B_task,1,40,0.05326109865437383,0.0,0.041557644,0.042890377,0.07744326,5.651395320892334,0.7593579292297363,18.199235916137695,0,2.7918758392333984
B_task,1,41,0.04823210965032163,0.0,0.03786307,0.038652185,0.070568174,5.651391983032227,0.7621772289276123,18.202125549316406,0,2.8001930713653564
B_task,1,42,0.04594457667806874,0.0,0.035479784,0.03617574,0.067737326,5.65125036239624,0.773468554019928,18.13545036315918,0,2.809738874435425
B_task,1,43,0.04111797654110452,0.0,0.0321226,0.032760102,0.06126478,5.65095329284668,0.7656843662261963,18.31551742553711,0,2.7918334007263184
B_task,1,44,0.03872193720029748,0.0,0.030525716,0.030658044,0.05756889,5.651025772094727,0.7806813716888428,18.157350540161133,0,2.7901649475097656
B_task,1,45,0.03623553203499835,0.0,0.028429983,0.028624387,0.05431017,5.650905609130859,0.7724705934524536,18.22170066833496,0,2.787337064743042
B_task,1,46,0.03410197600074436,0.0,0.027239764,0.027302621,0.050779402,5.650644302368164,0.760893702507019,18.464420318603516,0,2.788844585418701
B_task,1,47,0.03249828970950583,0.0,0.025599625,0.025623042,0.048691347,5.650733947753906,0.772495448589325,18.504291534423828,0,2.8033523559570312
B_task,1,48,0.029968370562014374,0.0,0.023886118,0.023803193,0.04486918,5.650502681732178,0.7771902084350586,18.62407684326172,0,2.7880539894104004
B_task,1,49,0.028325663960498314,0.0,0.022722833,0.022457255,0.042664193,5.650724411010742,0.7685134410858154,18.293317794799805,0,2.7865567207336426
B_task,1,50,0.026859804340030834,0.0,0.021722708,0.02138839,0.04046829,5.650750637054443,0.7781556844711304,18.473844528198242,0,2.786860942840576
B_task,1,51,0.026006574216096298,0.0,0.021006143,0.020712689,0.039112847,5.65045166015625,0.779782235622406,18.578786849975586,0,2.797781229019165
B_task,1,52,0.02490594076073688,0.0,0.020223545,0.019763498,0.037495628,5.65039587020874,0.7783937454223633,18.521730422973633,0,2.8024649620056152
B_task,1,53,0.023860861425814422,0.0,0.019612296,0.01907205,0.036055014,5.650691032409668,0.7771661877632141,18.63789939880371,0,2.7900519371032715
B_task,1,54,0.023142576217651367,0.0,0.019106964,0.018625028,0.03476398,5.650510311126709,0.7750273942947388,18.613359451293945,0,2.8023931980133057
B_task,1,55,0.021817101084667702,0.0,0.018157393,0.017514467,0.033094283,5.650416851043701,0.7742196917533875,18.729291915893555,0,2.7891533374786377
B_task,1,56,0.020952816890633625,0.0,0.017423317,0.016864741,0.031776644,5.65040397644043,0.7726922631263733,18.68699073791504,0,2.796956777572632
B_task,1,57,0.020005091376926586,0.0,0.016835025,0.01613944,0.030478653,5.650227069854736,0.7769002914428711,18.831897735595703,0,2.785470485687256
B_task,1,58,0.019615615191666977,0.0,0.016700326,0.016181668,0.029576348,5.650261878967285,0.7768988609313965,18.953044891357422,0,2.7897613048553467
B_task,1,59,0.018957866274792214,0.0,0.016036684,0.015348096,0.0289795,5.650284767150879,0.7792002558708191,18.822256088256836,0,2.783658266067505
B_task,1,60,0.018054320760395214,0.0,0.015272602,0.014646588,0.02771559,5.650548458099365,0.7715264558792114,18.85997200012207,0,2.7856123447418213
B_task,1,61,0.01816011123035265,0.0,0.015494366,0.014882236,0.027593344,5.650036811828613,0.7734764218330383,18.97490119934082,0,2.8016765117645264
B_task,1,62,0.017941205397896145,0.0,0.015398574,0.01474134,0.027252004,5.650289535522461,0.7771396636962891,18.930356979370117,0,2.7865846157073975
B_task,1,63,0.01700390162675277,0.0,0.014546638,0.01380431,0.026056428,5.6503472328186035,0.7677459716796875,19.073148727416992,0,2.797473192214966
B_task,1,64,0.01662358123323192,0.0,0.014488257,0.013836659,0.02532545,5.650449275970459,0.776742160320282,18.901222229003906,0,2.785907030105591
B_task,1,65,0.01574852544328441,0.0,0.013878867,0.013142353,0.024211146,5.650468349456787,0.7756150960922241,18.8067626953125,0,2.791832447052002
B_task,1,66,0.014882914398027502,0.0,0.013259211,0.012494962,0.02288121,5.650439262390137,0.7698787450790405,18.988197326660156,0,2.804291248321533
B_task,1,67,0.014777270348175713,0.0,0.013134667,0.012461058,0.022735318,5.650490760803223,0.7654116749763489,19.16538429260254,0,2.793652296066284
B_task,1,68,0.01449689657791801,0.0,0.013040767,0.012256141,0.022300117,5.650427341461182,0.7727000713348389,19.14702796936035,0,2.7774178981781006
B_task,1,69,0.014874297639598017,0.0,0.013008818,0.012333653,0.022964643,5.650529861450195,0.7714349031448364,19.030057907104492,0,2.789750814437866
B_task,1,70,0.013920592225116232,0.0,0.012424878,0.011632037,0.021721566,5.650518894195557,0.7698376774787903,18.954126358032227,0,2.8118157386779785
B_task,1,71,0.013686116622841877,0.0,0.012267841,0.0114756925,0.02105507,5.650447845458984,0.7717961072921753,19.140573501586914,0,2.8024892807006836
B_task,1,72,0.013357517511948296,0.0,0.012159694,0.011324939,0.020700207,5.650411128997803,0.7721118330955505,19.23813247680664,0,2.7910239696502686
B_task,1,73,0.01343307806097943,0.0,0.012128958,0.011428204,0.0206229,5.650615692138672,0.7770863175392151,19.034332275390625,0,2.7855026721954346
B_task,1,74,0.012659703907759293,0.0,0.011437307,0.010746809,0.019699395,5.650463104248047,0.767745316028595,19.31122398376465,0,2.7860395908355713
B_task,1,75,0.012350383012191109,0.0,0.011321623,0.0105158575,0.019240284,5.650416374206543,0.7720984220504761,19.209047317504883,0,2.787703514099121
B_task,1,76,0.011564005976137907,0.0,0.0108703,0.010076364,0.01795618,5.650384902954102,0.768242597579956,19.324806213378906,0,2.798454761505127
B_task,1,77,0.011322853357895561,0.0,0.010600751,0.009866765,0.0177317,5.650401592254639,0.7724665999412537,19.296140670776367,0,2.7896275520324707
B_task,1,78,0.01140861796296161,0.0,0.010579456,0.009915465,0.017658416,5.650121212005615,0.7702236175537109,19.230024337768555,0,2.791239023208618
B_task,1,79,0.01143380351688551,0.0,0.0105832275,0.0098707825,0.01771431,5.650593280792236,0.7734442949295044,19.26376724243164,0,2.7899153232574463
B_task,1,80,0.011221086201460465,0.0,0.010436877,0.009699998,0.017540015,5.650688171386719,0.7745668292045593,19.320852279663086,0,2.805687189102173
B_task,1,81,0.011699576740679533,0.0,0.010855845,0.010161139,0.018025942,5.650585651397705,0.7798921465873718,19.422161102294922,0,2.798007011413574
B_task,1,82,0.011657468650652014,0.0,0.010774325,0.010079137,0.017871924,5.650587558746338,0.7696327567100525,19.308574676513672,0,2.7874248027801514
B_task,1,83,0.010883832755296127,0.0,0.010250535,0.009492896,0.016869115,5.6506667137146,0.773140013217926,19.212148666381836,0,2.784184217453003
B_task,1,84,0.01112906699595244,0.0,0.010448499,0.009709918,0.017121857,5.650502681732178,0.7739353179931641,19.512290954589844,0,2.799699306488037
B_task,1,85,0.011027719663537067,0.0,0.010209905,0.009518468,0.017076198,5.650570869445801,0.7694835662841797,19.25078773498535,0,2.8208518028259277
C_scene,1,1,1.0227489471435547,0.0826327541600103,1.0038921,0.9028286,1.1451042,5.656492233276367,0.014849897474050522,17.392709732055664,0,2.8501980304718018
C_scene,1,2,1.0150532100511633,0.07155106896939485,0.9912722,0.88913596,1.1429276,5.6565046310424805,0.01326051913201809,19.10211944580078,0,2.8436272144317627
C_scene,1,3,1.0144373022991677,0.07167635274970013,0.98951775,0.8860556,1.1437402,5.6566009521484375,0.013177876360714436,21.966411590576172,0,2.8214023113250732
C_scene,1,4,1.011195473048998,0.07030734290247379,0.98350906,0.8795562,1.1419685,5.651165008544922,0.2693592309951782,15.381292343139648,0,2.8634817600250244
C_scene,1,5,1.0077741042427395,0.04213870608288309,0.97783464,0.87414503,1.1392845,5.651674747467041,0.476121723651886,17.269872665405273,0,2.861610174179077
C_scene,1,6,1.0050985087519106,0.022691879583441692,0.9756335,0.87220275,1.1352391,5.654327869415283,0.5173380374908447,18.874834060668945,0,2.8288357257843018
C_scene,1,7,0.9810505742612092,0.01919270468794781,0.9568099,0.85596824,1.105079,5.654627799987793,0.5291208028793335,20.055131912231445,0,2.8194591999053955
C_scene,1,8,0.953446512636931,0.016708585231200508,0.93229496,0.83664423,1.0695069,5.6553449630737305,0.5877726078033447,20.80373191833496,0,2.828766107559204
C_scene,1,9,0.9230024918265964,0.01627752573593803,0.9030342,0.8166451,1.0287025,5.655294418334961,0.5881854295730591,21.69223976135254,0,2.8664772510528564
C_scene,1,10,0.887048804241678,0.01649630069732666,0.86404866,0.7870467,0.988856,5.654997825622559,0.5852620005607605,22.091875076293945,0,2.8337905406951904
C_scene,1,11,0.8598880767822266,0.01752810244974883,0.8398087,0.7645569,0.9578808,5.655612945556641,0.5641485452651978,22.7257137298584,0,2.8114354610443115
C_scene,1,12,0.8458818352740743,0.017749852460363636,0.8215562,0.75384367,0.9408001,5.655004024505615,0.6881141662597656,23.06003761291504,0,2.8281829357147217
C_scene,1,13,0.8101911959440812,0.018219542244206303,0.786801,0.7244955,0.901504,5.654630661010742,0.7634364366531372,23.610143661499023,0,2.8204665184020996
C_scene,1,14,0.7740412173063859,0.019562473763590275,0.7513378,0.69446313,0.86122364,5.653790473937988,0.8176159262657166,23.655569076538086,0,2.8564584255218506
C_scene,1,15,0.7243241849152938,0.020943775125171826,0.7041524,0.649736,0.80849427,5.6537933349609375,0.8412888050079346,24.405715942382812,0,2.8268885612487793
C_scene,1,16,0.6556223993716033,0.02247891737067181,0.63318074,0.59242344,0.7335938,5.652508735656738,0.8799418807029724,24.811826705932617,0,2.812814235687256
C_scene,1,17,0.5696216251539148,0.023091725681139076,0.5509204,0.5173477,0.6426197,5.65289831161499,0.9044795036315918,25.07440948486328,0,2.8212954998016357
C_scene,1,18,0.4724581759908925,0.024067189382470173,0.45009685,0.43569967,0.5350693,5.650561809539795,0.8902750015258789,25.58149528503418,0,2.8422136306762695
C_scene,1,19,0.38445107833198877,0.024705010911692745,0.36249626,0.35834494,0.439542,5.648221015930176,0.8930181860923767,26.179920196533203,0,2.8469674587249756
C_scene,1,20,0.32413835110871686,0.023040224676546844,0.30655777,0.3083939,0.37082312,5.649884223937988,0.9060781002044678,26.218523025512695,0,2.8301987648010254
C_scene,1,21,0.27512378277985944,0.022548522638237995,0.26428667,0.2671102,0.31223574,5.648358345031738,0.917144238948822,26.49859046936035,0,2.81211256980896
C_scene,1,22,0.24353475156037704,0.021705110435900482,0.23440799,0.23986694,0.2760882,5.64823579788208,0.9111316800117493,26.63482666015625,0,2.8111085891723633
C_scene,1,23,0.2200995113538659,0.021636627290559853,0.21556497,0.21981037,0.24792819,5.64845609664917,0.9232711791992188,26.716794967651367,0,2.853158950805664
C_scene,1,24,0.19624349345331607,0.02095434458359428,0.19338357,0.19976921,0.22045448,5.648667335510254,0.9051073789596558,26.944467544555664,0,2.8279104232788086
C_scene,1,25,0.17445317558620288,0.020670170369355576,0.174107,0.18060102,0.19465296,5.648697376251221,0.9104136228561401,27.061967849731445,0,2.8199410438537598
C_scene,1,26,0.15816081088522208,0.0200903013996456,0.1592383,0.16600434,0.17607181,5.648480415344238,0.9107626676559448,27.110383987426758,0,2.8281495571136475
C_scene,1,27,0.14178935341213061,0.019780182320138683,0.14463282,0.1504973,0.15826075,5.64905309677124,0.9047415256500244,27.240026473999023,0,2.8212506771087646
C_scene,1,28,0.13280209251072095,0.019488321698230247,0.135918,0.14198516,0.14777635,5.648536682128906,0.9029096961021423,27.31661605834961,0,2.8533823490142822
C_scene,1,29,0.12148212349933127,0.019093922946764076,0.12592438,0.13134779,0.13587089,5.649266719818115,0.8984454870223999,27.41755485534668,0,2.8174307346343994
C_scene,1,30,0.11539332763008449,0.018502009951550026,0.120493166,0.12594947,0.12854558,5.6488189697265625,0.900157630443573,27.458911895751953,0,2.824753522872925
C_scene,1,31,0.10648062954778256,0.01837731703467991,0.1115775,0.11673021,0.11911278,5.649574279785156,0.8976695537567139,27.523670196533203,0,2.8218307495117188
C_scene,1,32,0.09700535691302756,0.01772280620492023,0.10256897,0.10796674,0.107898995,5.649203777313232,0.8877551555633545,27.643821716308594,0,2.843191623687744
C_scene,1,33,0.08985280990600586,0.017367090867913288,0.09680551,0.10124908,0.099803545,5.649138450622559,0.893994927406311,27.637271881103516,0,2.8519322872161865
C_scene,1,34,0.08297623758730681,0.016966298870418384,0.08926778,0.09339167,0.09348707,5.650018215179443,0.886133074760437,27.671358108520508,0,2.8267321586608887
C_scene,1,35,0.07820276592088782,0.016601497712342636,0.08558541,0.088985525,0.08782566,5.650057315826416,0.8899990320205688,27.70637321472168,0,2.826737642288208
C_scene,1,36,0.07388928662175717,0.016339374625164528,0.08150008,0.0846617,0.082851954,5.650498390197754,0.8879268169403076,27.774137496948242,0,2.7961668968200684
C_scene,1,37,0.07009171921273936,0.016004599954770958,0.07715211,0.08018577,0.079089284,5.650490760803223,0.8848134279251099,27.79770851135254,0,2.8531110286712646
C_scene,1,38,0.06891139693882155,0.01565516772477523,0.07636443,0.07880043,0.07799397,5.650045871734619,0.8837995529174805,27.86509895324707,0,2.843334197998047
C_scene,1,39,0.06346335100091022,0.015394337799238123,0.07108869,0.07331162,0.07218164,5.650435447692871,0.8784774541854858,27.933671951293945,0,2.812317371368408
C_scene,1,40,0.05729435319485872,0.01504715110944665,0.06503793,0.06681685,0.06573181,5.650642395019531,0.8780801892280579,27.941925048828125,0,2.8244292736053467
C_scene,1,41,0.05495098881099535,0.014652028031971144,0.062614195,0.064098425,0.063210055,5.650918483734131,0.8764636516571045,27.990371704101562,0,2.821244716644287
C_scene,1,42,0.05272857520891273,0.01440127388290737,0.06040522,0.06108508,0.061864678,5.651148319244385,0.8759552240371704,27.992794036865234,0,2.8608081340789795
C_scene,1,43,0.049566828686258065,0.014044426057649695,0.057120666,0.058591507,0.057385042,5.651187419891357,0.872478723526001,27.999887466430664,0,2.8336243629455566
C_scene,1,44,0.04706039117730182,0.013857670452283777,0.055028062,0.055348035,0.05492323,5.651484966278076,0.8777751326560974,28.022716522216797,0,2.818035364151001
C_scene,1,45,0.04490256827810536,0.013484345830005148,0.052586913,0.053113963,0.05321742,5.651682376861572,0.8740010261535645,28.07953643798828,0,2.813877820968628
C_scene,1,46,0.04349428674449091,0.013266874396282694,0.050977875,0.051317394,0.05186441,5.651968002319336,0.8727422952651978,28.076309204101562,0,2.8343758583068848
C_scene,1,47,0.04194373669831649,0.012994505788968958,0.049426246,0.049691785,0.049572095,5.65139627456665,0.8703028559684753,28.186269760131836,0,2.8474740982055664
C_scene,1,48,0.04132367476173069,0.012796899546747622,0.048755754,0.04881168,0.04917784,5.651516914367676,0.8734427094459534,28.09876251220703,0,2.813612699508667
C_scene,1,49,0.0395960807800293,0.012711147899213045,0.046952985,0.04676694,0.04775546,5.651733875274658,0.8716296553611755,28.140766143798828,0,2.829618215560913
C_scene,1,50,0.03762342359708703,0.012406047271645588,0.0448199,0.044592008,0.045358904,5.652040004730225,0.8716150522232056,28.182056427001953,0,2.795966386795044
C_scene,1,51,0.03606582206228505,0.012140062840088554,0.043502025,0.042881727,0.04399881,5.652268886566162,0.8692264556884766,28.146522521972656,0,2.8423359394073486
C_scene,1,52,0.03430896738301153,0.011983166570248812,0.041276447,0.040992323,0.041901328,5.6522369384765625,0.8669641017913818,28.21652603149414,0,2.839229106903076
C_scene,1,53,0.035305634788844895,0.011823054241097492,0.04196923,0.041572537,0.042897593,5.652342796325684,0.870551586151123,28.2175350189209,0,2.8021481037139893
C_scene,1,54,0.035703907842221466,0.011647868415583735,0.042018075,0.04161674,0.043744415,5.652352333068848,0.8770877122879028,28.19122314453125,0,2.8294594287872314
C_scene,1,55,0.03439166753188423,0.011521877154060032,0.040827394,0.04028716,0.04219318,5.65229606628418,0.8720764517784119,28.23573875427246,0,2.827633857727051
C_scene,1,56,0.03351512680882993,0.011323376842167067,0.039993327,0.039495405,0.04104411,5.6525654792785645,0.8715125918388367,28.264081954956055,0,2.8587377071380615
C_scene,1,57,0.031389119832412056,0.011137226353520933,0.037923936,0.037338313,0.038681343,5.652671813964844,0.8720136880874634,28.25124740600586,0,2.819579601287842
C_scene,1,58,0.028838162836821182,0.010910902334296185,0.035597857,0.0351096,0.03547004,5.652729511260986,0.8671630620956421,28.287906646728516,0,2.814577102661133
C_scene,1,59,0.02752423804739247,0.010763660073280334,0.034012835,0.033567417,0.03427942,5.652899265289307,0.8668727278709412,28.231660842895508,0,2.8282341957092285
C_scene,1,60,0.02697407681009044,0.010656481203825577,0.033396382,0.032501362,0.034057487,5.6529412269592285,0.865440845489502,28.298551559448242,0,2.8273684978485107
C_scene,1,61,0.028089862802754276,0.010476764129555744,0.034224994,0.0335409,0.03498221,5.653054237365723,0.8720331192016602,28.248292922973633,0,2.8474435806274414
C_scene,1,62,0.028356907160385796,0.010416518734849018,0.03445918,0.033813667,0.03524583,5.652886390686035,0.8728879690170288,28.28873634338379,0,2.819783926010132
C_scene,1,63,0.027906739193460216,0.0102263190176176,0.03385093,0.032960054,0.034991033,5.653195381164551,0.8649423718452454,28.304840087890625,0,2.800034761428833
C_scene,1,64,0.027421039083729618,0.010134041957233263,0.03343489,0.032793723,0.033887487,5.653116703033447,0.8695096969604492,28.290536880493164,0,2.8269989490509033
C_scene,1,65,0.026158760423245636,0.01002040570196898,0.03197942,0.03133893,0.03223793,5.653297424316406,0.8694987297058105,28.259836196899414,0,2.8281052112579346
C_scene,1,66,0.025494298209314762,0.009930086524590202,0.031300936,0.030497521,0.032257788,5.653337001800537,0.8631311655044556,28.303024291992188,0,2.832038640975952
C_scene,1,67,0.02539737587389739,0.009788311046102772,0.031189017,0.030596565,0.031541977,5.653440475463867,0.8665388822555542,28.25113296508789,0,2.807300090789795
C_scene,1,68,0.025920238183892292,0.009752062999683878,0.031674504,0.030615976,0.03259702,5.653409481048584,0.8698879480361938,28.2812442779541,0,2.827639579772949
C_scene,1,69,0.024496557919875435,0.009554745062537815,0.029877072,0.029231522,0.030952599,5.653382778167725,0.8700860738754272,28.31109046936035,0,2.8304660320281982
C_scene,1,70,0.02327308706615282,0.009478907870209736,0.028739465,0.028038694,0.029508762,5.653606414794922,0.8678247928619385,28.294605255126953,0,2.850095272064209
C_scene,1,71,0.022193299687427025,0.009325910521590191,0.02742783,0.026711106,0.028307803,5.653769016265869,0.8680055737495422,28.287616729736328,0,2.814283847808838
C_scene,1,72,0.022141796091328495,0.009198540578717771,0.027547738,0.026853606,0.028089186,5.653844356536865,0.8667447566986084,28.300752639770508,0,2.812681198120117
C_scene,1,73,0.021597398364025612,0.009116630191388338,0.027058184,0.026360225,0.02718762,5.653829097747803,0.8671217560768127,28.323379516601562,0,2.819328546524048
C_scene,1,74,0.02213286057762478,0.009064671785935112,0.027275138,0.026663056,0.02798158,5.653955459594727,0.8671942949295044,28.254743576049805,0,2.8392868041992188
C_scene,1,75,0.02219220088875812,0.00896084762137869,0.027399415,0.02627056,0.028350867,5.653791427612305,0.8634780645370483,28.335832595825195,0,2.8596107959747314
C_scene,1,76,0.021325580451799477,0.008893910957419354,0.02642572,0.02573949,0.02657476,5.653962135314941,0.863186240196228,28.345966339111328,0,2.8150126934051514
C_scene,1,77,0.02014774343241816,0.008758829987567404,0.025217094,0.024456186,0.025905387,5.654034614562988,0.8643669486045837,28.32999610900879,0,2.8149120807647705
C_scene,1,78,0.02006515990132871,0.008644305493520655,0.025345575,0.024448605,0.02540616,5.653923988342285,0.8634858727455139,28.367630004882812,0,2.828951120376587
C_scene,1,79,0.020205211380253666,0.00855560795120571,0.025366306,0.024502983,0.025530066,5.654144287109375,0.8657476902008057,28.27205467224121,0,2.8489768505096436
C_scene,1,80,0.020278593768244205,0.008511843888655952,0.025089078,0.024495387,0.025757609,5.654046058654785,0.8665890693664551,28.344966888427734,0,2.863659381866455
C_scene,1,81,0.019850965427315754,0.008469894528388977,0.024540892,0.023744177,0.025076201,5.654109001159668,0.86046302318573,28.337656021118164,0,2.8175206184387207
C_scene,1,82,0.01928743460903997,0.008366194108258123,0.02417828,0.023486417,0.02444473,5.654173851013184,0.8669813871383667,28.294511795043945,0,2.8237643241882324
C_scene,1,83,0.01798905626587246,0.008293201094088347,0.022865392,0.022098787,0.022979503,5.654213905334473,0.8669888973236084,28.325700759887695,0,2.808100938796997
C_scene,1,84,0.019298045531563137,0.008231634031171385,0.024055744,0.02308627,0.024729457,5.654217720031738,0.8643959760665894,28.316659927368164,0,2.8592939376831055
C_scene,1,85,0.019383399382881496,0.008195404773173124,0.024070257,0.023282131,0.024431258,5.654284954071045,0.8604143261909485,28.362184524536133,0,2.8273680210113525
C_scene,1,86,0.019613873699437016,0.008156387702278469,0.024058886,0.023299556,0.02480857,5.654158592224121,0.8664406538009644,28.330556869506836,0,2.8108670711517334
C_scene,1,87,0.018341310646222984,0.008063195840172146,0.02291145,0.022055665,0.023444371,5.654345989227295,0.8707572221755981,28.319772720336914,0,2.8088412284851074
C_scene,1,88,0.01820340493450994,0.007999274393786554,0.02292351,0.02194266,0.02294212,5.654556751251221,0.8650723695755005,28.286840438842773,0,2.846161127090454
C_scene,1,89,0.017562710720559826,0.007911308304123257,0.021966562,0.021044327,0.022717204,5.654471397399902,0.860252857208252,28.375328063964844,0,2.866441011428833
C_scene,1,90,0.017172792683476986,0.007814476671426193,0.021542892,0.020930689,0.02153498,5.65438175201416,0.8648613691329956,28.321918487548828,0,2.811384439468384
C_scene,1,91,0.01747300702592601,0.007776628369870393,0.021927748,0.021034645,0.022283655,5.654454231262207,0.8687568306922913,28.34275245666504,0,2.800530433654785
C_scene,1,92,0.01817606324734895,0.007780241577521614,0.022553517,0.021882664,0.0226642,5.654392719268799,0.8681703805923462,28.35406494140625,0,2.825599431991577
C_scene,1,93,0.016793520554252293,0.00763804757076761,0.0211421,0.020418834,0.021150583,5.654626846313477,0.8631464242935181,28.374691009521484,0,2.8512094020843506
C_scene,1,94,0.016025376060734623,0.0075897334710411405,0.02041239,0.01957689,0.020610616,5.654633045196533,0.8634194135665894,28.35424041748047,0,2.8552069664001465
C_scene,1,95,0.014987124049145243,0.007508862925612409,0.01934495,0.01864983,0.019254979,5.654688835144043,0.8612861037254333,28.3094425201416,0,2.8156864643096924
C_scene,1,96,0.014761898828589397,0.007437265437582265,0.019054964,0.018201435,0.019110302,5.654736042022705,0.8618994951248169,28.34827995300293,0,2.8180949687957764
C_scene,1,97,0.014630589796149212,0.007325912299363509,0.018830124,0.018153122,0.018843057,5.654688835144043,0.8598214387893677,28.348726272583008,0,2.807598352432251
C_scene,1,98,0.014958662831264994,0.0073049845902816105,0.01929429,0.018527264,0.019100785,5.6546406745910645,0.8673559427261353,28.371662139892578,0,2.8565385341644287
C_scene,1,99,0.01566574366196342,0.007328962502272233,0.019752663,0.01892942,0.019805811,5.654807090759277,0.863366961479187,28.355037689208984,0,2.848353624343872
C_scene,1,100,0.01770718849223593,0.007292666512986888,0.02165871,0.020884806,0.022394987,5.654568195343018,0.8668048977851868,28.389389038085938,0,2.8157315254211426
C_scene,1,101,0.017489237629848976,0.0072936681301697445,0.02138099,0.020489313,0.022123026,5.654776096343994,0.862483024597168,28.37053871154785,0,2.8301005363464355
C_scene,1,102,0.015565983627153479,0.007232067377670952,0.019624265,0.01878162,0.01976662,5.654793739318848,0.8663355112075806,28.337400436401367,0,2.845179319381714
C_scene,1,103,0.014571668013282444,0.007118720723235089,0.018741818,0.017948214,0.01841079,5.654899597167969,0.8627767562866211,28.372634887695312,0,2.8658905029296875
C_scene,1,104,0.014066576957702637,0.007060691066410231,0.017957073,0.017142296,0.018002087,5.65482234954834,0.8622260093688965,28.35611343383789,0,2.827373504638672
C_scene,1,105,0.013942224823910257,0.006998431423436041,0.0177585,0.017036565,0.017801449,5.654909133911133,0.8695625066757202,28.348064422607422,0,2.8227322101593018
C_scene,1,106,0.013921460379724917,0.006984088731848676,0.01791816,0.017118184,0.017850963,5.6549482345581055,0.8608275651931763,28.408809661865234,0,2.8198254108428955
C_scene,1,107,0.014451147421546604,0.0069395530482997065,0.018275661,0.017398344,0.018445363,5.654965877532959,0.8653566837310791,28.369949340820312,0,2.8417246341705322
C_scene,1,108,0.014974772930145264,0.0069291157566982765,0.018645974,0.017836105,0.019023295,5.654839992523193,0.8695319890975952,28.417695999145508,0,2.857349157333374
C_scene,1,109,0.015454643446466198,0.006935692351797353,0.01910615,0.01828285,0.019570293,5.6548614501953125,0.8661988973617554,28.37294578552246,0,2.8321030139923096
C_scene,1,110,0.015113431474436884,0.006860633907110795,0.018756827,0.018013548,0.018951884,5.655061721801758,0.8671761751174927,28.431947708129883,0,2.8095781803131104
C_scene,1,111,0.013808424058167831,0.006794508384621661,0.017498624,0.016854873,0.017494794,5.655100345611572,0.8661749362945557,28.39166259765625,0,2.822345495223999
C_scene,1,112,0.013143440951471743,0.0067171350769374685,0.01690689,0.016054148,0.016670024,5.65510892868042,0.8669941425323486,28.40631675720215,0,2.8659236431121826
C_scene,1,113,0.01314766640248506,0.006681123505467954,0.016732063,0.016077846,0.016692707,5.655177116394043,0.8659731149673462,28.428730010986328,0,2.8241653442382812
C_scene,1,114,0.012996003679607225,0.006629067918528681,0.01672905,0.016046552,0.016425235,5.65510892868042,0.8671681880950928,28.436077117919922,0,2.818664073944092
C_scene,1,115,0.012687727161075758,0.006605329720870308,0.016334439,0.015682457,0.01593071,5.655145168304443,0.8656433820724487,28.40364646911621,0,2.829900026321411
C_scene,1,116,0.011986701384834621,0.006514397004376287,0.015729256,0.014917267,0.015453325,5.655226707458496,0.8707715272903442,28.420204162597656,0,2.852339744567871
C_scene,1,117,0.012036604725796244,0.006480128868766453,0.01557752,0.0149645675,0.015330543,5.655281066894531,0.869002103805542,28.431737899780273,0,2.866706371307373
C_scene,1,118,0.013585427533025328,0.006474332317062046,0.016988773,0.016022656,0.017504117,5.655214309692383,0.8661758899688721,28.42631721496582,0,2.8315768241882324
C_scene,1,119,0.014199837394382643,0.006487000895583112,0.017743308,0.016936023,0.017688008,5.655258655548096,0.8673599362373352,28.42445945739746,0,2.830366373062134
C_scene,1,120,0.013179370890492979,0.006445632032726122,0.016636241,0.015785974,0.016655548,5.655343055725098,0.8653534054756165,28.462833404541016,0,2.839855909347534
D_latent,1,1,1.0274503956670347,0.193044434423032,1.0085995,0.9045813,1.1504933,5.6566572189331055,0.051633067429065704,6.781909942626953,0,3.5979044437408447
D_latent,1,2,1.0150261754574983,0.004614732187727223,0.9901939,0.88796866,1.1428484,5.656628608703613,0.10832526534795761,4.0148606300354,0,3.581782102584839
D_latent,1,3,1.0171449080757473,0.0055549293756484985,0.9928849,0.888728,1.1453589,5.656727313995361,0.19701747596263885,2.8834807872772217,0,3.5732357501983643
D_latent,1,4,1.012529124384341,0.0038329000058381453,0.98569965,0.8817614,1.1428645,5.6567182540893555,0.3607324957847595,2.6534006595611572,0,3.5669524669647217
D_latent,1,5,1.009784283845321,0.003090469085651895,0.98054856,0.8767391,1.1411644,5.6567063331604,0.388775110244751,2.8539490699768066,0,3.604759693145752
D_latent,1,6,1.0091040238090183,0.002590342870225077,0.97960675,0.87641346,1.1399446,5.656704425811768,0.3298635482788086,3.230534791946411,0,3.566023349761963
D_latent,1,7,1.0072968524435293,0.0025359494206698046,0.97815615,0.8741049,1.1386427,5.6566972732543945,0.3394657373428345,3.44899845123291,0,3.565493583679199
D_latent,1,8,1.005932683530061,0.003784995040167933,0.97690433,0.87272066,1.1369039,5.656761646270752,0.2984207272529602,3.371666669845581,0,3.5672764778137207
D_latent,1,9,1.0101392994756284,0.004247483999832817,0.98087144,0.87682617,1.1413606,5.6567535400390625,0.32922130823135376,3.724551200866699,0,3.5855772495269775
D_latent,1,10,1.0074145275613535,0.003383241593837738,0.9791495,0.87412256,1.1386292,5.656773567199707,0.27999699115753174,4.099391937255859,0,3.5598978996276855
D_latent,1,11,1.006512102873429,0.0027568903954132743,0.9774474,0.87234807,1.1385579,5.656789779663086,0.2693992853164673,4.154288291931152,0,3.5521814823150635
D_latent,1,12,1.0092187135115913,0.0030154048100761747,0.9793741,0.8750665,1.1405467,5.656793117523193,0.25795885920524597,4.384698390960693,0,3.5757510662078857
D_latent,1,13,1.006584001624066,0.0028368403082308564,0.979336,0.8742722,1.1372873,5.656789302825928,0.27774763107299805,4.621495723724365,0,3.566757917404175
D_latent,1,14,0.9841293666673743,0.0037750708668128304,0.9576521,0.85746616,1.1123844,5.656795501708984,0.2815585136413574,4.549876689910889,0,3.5538980960845947
D_latent,1,15,0.9655759230903957,0.004568437519280807,0.94296217,0.8484618,1.0808352,5.656800746917725,0.28061094880104065,4.67055606842041,0,3.5576016902923584
D_latent,1,16,0.9499558158542799,0.004367177901060685,0.9273916,0.8382828,1.0602913,5.656802654266357,0.26341718435287476,4.879851341247559,0,3.576688766479492
D_latent,1,17,0.9214333243992018,0.004870587069055308,0.8987924,0.8159919,1.0262614,5.656808853149414,0.2455759048461914,4.87169075012207,0,3.5657949447631836
D_latent,1,18,0.9116040934687075,0.005537931685862334,0.8909521,0.81010026,1.0131924,5.656787395477295,0.2453559935092926,5.61195182800293,0,3.5532188415527344
D_latent,1,19,0.8917951998503312,0.011082685512045155,0.8703659,0.7935104,0.99191445,5.656779766082764,0.2796623706817627,6.043103218078613,0,3.555309534072876
D_latent,1,20,0.8656908118206522,0.00974095774733502,0.8381256,0.7674532,0.96739304,5.656563758850098,0.39708995819091797,7.7587480545043945,0,3.589686632156372
D_latent,1,21,0.738269391267196,0.04019828723824542,0.6889596,0.65295506,0.8411854,5.654628276824951,0.6698047518730164,9.880664825439453,0,3.541128158569336
D_latent,1,22,0.48545878866444464,0.04390755425328794,0.39543715,0.40695816,0.59634453,5.654626846313477,0.6779371500015259,10.513465881347656,0,3.54386043548584
D_latent,1,23,0.3977947649748429,0.04935743497765582,0.31122118,0.33137035,0.4985986,5.654968738555908,0.7200865149497986,10.740442276000977,0,3.541705846786499
D_latent,1,24,0.3328093238498854,0.07617467382679814,0.2619536,0.28117284,0.41898376,5.654922962188721,0.7372658848762512,11.093316078186035,0,3.5544230937957764
D_latent,1,25,0.2768238109091054,0.09068987680518109,0.22288387,0.23775974,0.34893045,5.6547064781188965,0.7122922539710999,12.280238151550293,0,3.536348342895508
D_latent,1,26,0.21961881803429645,0.09322896211043648,0.17193277,0.18290475,0.28720793,5.654340744018555,0.7368415594100952,13.244308471679688,0,3.536696434020996
D_latent,1,27,0.17358884604080863,0.09037834665049678,0.1320499,0.14054732,0.23445684,5.6533522605896,0.7408053278923035,14.668219566345215,0,3.5594840049743652
D_latent,1,28,0.13781580717667288,0.08675394887509554,0.10113761,0.10650888,0.19382504,5.653871059417725,0.7536923289299011,14.99578857421875,0,3.551262140274048
D_latent,1,29,0.11062045719312585,0.08443993070851201,0.080747336,0.08416583,0.15937276,5.653755187988281,0.7501214742660522,15.886380195617676,0,3.535916566848755
D_latent,1,30,0.0917077582815419,0.08213356785152269,0.066694036,0.06871756,0.13339767,5.653564453125,0.7573723793029785,16.44007110595703,0,3.537477731704712
D_latent,1,31,0.07905416384987209,0.08113156194272249,0.057223685,0.058938213,0.11572944,5.653665542602539,0.7630119323730469,16.656641006469727,0,3.5558853149414062
D_latent,1,32,0.0689193580461585,0.07852965852488643,0.05002922,0.050832476,0.101950556,5.653503894805908,0.7665649652481079,17.145017623901367,0,3.5412020683288574
D_latent,1,33,0.061079450275587,0.07694551737412163,0.04455313,0.045264352,0.090175204,5.6534600257873535,0.7762622833251953,17.38226890563965,0,3.532715320587158
D_latent,1,34,0.055472125177798065,0.07579993683358897,0.040738318,0.041120205,0.0820854,5.653427600860596,0.7740718126296997,17.615921020507812,0,3.537276029586792
D_latent,1,35,0.04950301543526028,0.07404441418855087,0.03671858,0.03691994,0.07358502,5.653176307678223,0.7746278047561646,18.18252944946289,0,3.57474946975708
D_latent,1,36,0.04486096423605214,0.07229887402575949,0.033918466,0.033588335,0.06686099,5.653319358825684,0.7744190096855164,18.32967185974121,0,3.5354087352752686
D_latent,1,37,0.040606288806251854,0.07003900797470757,0.031064063,0.03064417,0.060831733,5.653328895568848,0.7640062570571899,18.60214614868164,0,3.5300655364990234
D_latent,1,38,0.03771950628446496,0.06823281101558519,0.028685007,0.028345942,0.056730796,5.653415203094482,0.768280029296875,18.784029006958008,0,3.5563979148864746
D_latent,1,39,0.03436904886494512,0.06572791804438052,0.0267711,0.026063541,0.05160525,5.6533989906311035,0.755531370639801,19.078693389892578,0,3.5653436183929443
D_latent,1,40,0.03227546163227247,0.06442044092261273,0.025650283,0.024713501,0.04875164,5.653468132019043,0.7583820819854736,19.175844192504883,0,3.53743577003479
D_latent,1,41,0.03064973717150481,0.06291230865146803,0.024818452,0.0237858,0.045893114,5.653484344482422,0.7545058727264404,19.433958053588867,0,3.5368094444274902
D_latent,1,42,0.028509920058043106,0.0608636244483616,0.023286019,0.022225995,0.042653542,5.653501510620117,0.7546368837356567,19.47428321838379,0,3.560739517211914
D_latent,1,43,0.027190366516942562,0.05977676744046419,0.022653287,0.021435907,0.040900882,5.6534905433654785,0.749627947807312,19.74527359008789,0,3.5438601970672607
D_latent,1,44,0.026211712671362835,0.058022136273591415,0.022161774,0.020799981,0.03909459,5.653515338897705,0.7483943700790405,19.91141128540039,0,3.538520097732544
D_latent,1,45,0.024872531061587128,0.05677416013634723,0.021472687,0.02015666,0.03693207,5.65354061126709,0.7452166080474854,19.959014892578125,0,3.5387394428253174
D_latent,1,46,0.024262506028880245,0.055599026058031166,0.020885777,0.019583626,0.036240302,5.653563499450684,0.7428609132766724,20.16413116455078,0,3.571580171585083
D_latent,1,47,0.02301102876663208,0.054952963538791824,0.020081194,0.018643824,0.034439396,5.653515815734863,0.7472366094589233,20.264385223388672,0,3.538663387298584
D_latent,1,48,0.02168316426484481,0.05301428877789041,0.019173693,0.017796898,0.03227835,5.653639793395996,0.7419360280036926,20.339157104492188,0,3.5373897552490234
D_latent,1,49,0.020821757938550865,0.051501896070397415,0.01884728,0.01751654,0.030962968,5.6536736488342285,0.7414369583129883,20.454416275024414,0,3.5458457469940186
D_latent,1,50,0.02062824627627497,0.05082240830297056,0.018627277,0.017344568,0.030607242,5.653671741485596,0.745018720626831,20.5084228515625,0,3.553509473800659
D_latent,1,51,0.020041569419529125,0.05007402274919593,0.018442433,0.017096762,0.02969378,5.653714179992676,0.7410067319869995,20.606353759765625,0,3.5319981575012207
D_latent,1,52,0.018949609735737675,0.04887674684109895,0.01731833,0.016036104,0.028143039,5.653835296630859,0.7371329069137573,20.620342254638672,0,3.5339834690093994
D_latent,1,53,0.018104177454243534,0.04761586500250775,0.016917398,0.015539799,0.027032917,5.653732776641846,0.7341055870056152,20.69173240661621,0,3.5437045097351074
D_latent,1,54,0.01820682572281879,0.04690311266028363,0.016987901,0.015636558,0.027049355,5.65371561050415,0.7412976026535034,20.78529930114746,0,3.546264410018921
D_latent,1,55,0.01766254590905231,0.04638541781384012,0.016509699,0.015358024,0.026150031,5.653858661651611,0.7424606680870056,20.69243621826172,0,3.5300707817077637
D_latent,1,56,0.016856190950974174,0.045067978941875954,0.015965406,0.014824476,0.024980698,5.653763294219971,0.7391347289085388,20.836509704589844,0,3.5287275314331055
D_latent,1,57,0.016978690157765926,0.04458956096483314,0.016162593,0.014876573,0.025425663,5.653833389282227,0.7337871789932251,20.82030487060547,0,3.5448684692382812
D_latent,1,58,0.017410345699476158,0.04429757595062256,0.016566297,0.015253142,0.025785094,5.653832912445068,0.7403944730758667,20.81117820739746,0,3.5373313426971436
D_latent,1,59,0.016599876725155373,0.043467801550160286,0.016011193,0.0147213135,0.024302945,5.653820037841797,0.7339800000190735,20.907690048217773,0,3.530197858810425
D_latent,1,60,0.015069386233454165,0.042723482069761856,0.014819748,0.013550212,0.022672454,5.6538872718811035,0.7308013439178467,20.901962280273438,0,3.5255768299102783
A_recon,2,1,1.022910740064538,0.052854055943696396,1.0065535,0.89901376,1.1516688,5.6567206382751465,0.057143695652484894,6.17995548248291,0,5.024327516555786
A_recon,2,2,1.012697468633237,0.04280432151711505,0.99059945,0.8820269,1.1467849,5.656718730926514,0.10030830651521683,4.292791843414307,0,5.014507532119751
A_recon,2,3,1.0131626958432405,0.03198410894559777,0.9867374,0.87792,1.1500224,5.656736373901367,0.12804579734802246,4.472548484802246,0,5.047904968261719
A_recon,2,4,1.0066505929698115,0.0274249237516652,0.9788846,0.869485,1.1437941,5.656694412231445,0.2542545199394226,4.008562088012695,0,5.015438795089722
A_recon,2,5,1.0041969133460003,0.018908516220424488,0.97628444,0.8662583,1.1417483,5.656796455383301,0.2183694839477539,3.7228946685791016,0,5.0484819412231445
A_recon,2,6,1.007592242697011,0.017493205225985985,0.9809432,0.87065125,1.1444567,5.6568193435668945,0.1902010440826416,3.7460548877716064,0,5.006743669509888
A_recon,2,7,0.9876819278882898,0.01685123858244523,0.9606454,0.8541062,1.1229488,5.656830787658691,0.17041108012199402,3.92500901222229,0,5.020514011383057
A_recon,2,8,0.9586377351180367,0.01700703994087551,0.93625695,0.8382036,1.0809585,5.656841278076172,0.14308542013168335,3.7295169830322266,0,5.039040803909302
A_recon,2,9,0.9301107655400815,0.017811793348063595,0.9119311,0.81952477,1.0416574,5.656846523284912,0.1255495548248291,3.7056150436401367,0,5.025612831115723
A_recon,2,10,0.8989876456882643,0.016625051913054092,0.8755934,0.79164284,1.0082973,5.656848907470703,0.11904971301555634,3.779569387435913,0,5.033154010772705
A_recon,2,11,0.8839396601137908,0.016127346650413845,0.8628003,0.77915746,0.9915444,5.656848430633545,0.13884827494621277,4.012673854827881,0,5.03778862953186
A_recon,2,12,0.8687264815620754,0.01591463322224824,0.84580976,0.766564,0.9733882,5.656849384307861,0.12718439102172852,4.1563615798950195,0,5.03063440322876
A_recon,2,13,0.8637874437415082,0.01632698074631069,0.84234196,0.7639732,0.96603227,5.656849384307861,0.11989126354455948,4.261202335357666,0,5.033794164657593
A_recon,2,14,0.8543122333029042,0.015664331291032875,0.8330533,0.75546396,0.9551609,5.656849384307861,0.14146286249160767,4.394566059112549,0,5.0318217277526855
A_recon,2,15,0.8474444513735564,0.015389746945837269,0.82479215,0.75094664,0.9462404,5.656848430633545,0.16066884994506836,4.747790813446045,0,5.04819655418396
A_recon,2,16,0.8380423836086107,0.015708472417748493,0.815028,0.7421538,0.9365145,5.6568474769592285,0.17600879073143005,5.083183288574219,0,5.058287620544434
A_recon,2,17,0.8369993126910665,0.015676537285680355,0.813638,0.7417988,0.9343013,5.656846523284912,0.1992030143737793,5.556771755218506,0,5.033014297485352
A_recon,2,18,0.8347028649371603,0.01656023445336715,0.813898,0.74055505,0.93101054,5.6568474769592285,0.22255413234233856,5.788679599761963,0,5.052705526351929
A_recon,2,19,0.8252584208612856,0.016273700672647228,0.8026415,0.73304147,0.9195809,5.6568474769592285,0.25240686535835266,6.146580696105957,0,5.036068677902222
A_recon,2,20,0.8245159646739131,0.018719804027806156,0.8031681,0.7329834,0.91852283,5.656849384307861,0.24471183121204376,6.545777320861816,0,5.041911363601685
A_recon,2,21,0.7124519348144531,0.022179054177325706,0.65766656,0.6142906,0.81675756,5.656217575073242,0.4798412024974823,7.607918739318848,0,5.032727956771851
A_recon,2,22,0.5845534697822903,0.021318707777106243,0.51515764,0.48735577,0.69328755,5.655895233154297,0.5786643028259277,6.807657718658447,0,5.011571407318115
A_recon,2,23,0.5447939167851987,0.019963287788888683,0.47761586,0.45406994,0.6480033,5.656265735626221,0.6085550785064697,8.436534881591797,0,5.007305860519409
A_recon,2,24,0.4457861444224482,0.02197248780209085,0.37941092,0.38130727,0.5320859,5.656197547912598,0.6096136569976807,9.23462963104248,0,5.021126985549927
A_recon,2,25,0.3507045662921408,0.02141947461211163,0.2824543,0.30042094,0.42968264,5.656305313110352,0.6102012395858765,9.70643424987793,0,5.0108723640441895
A_recon,2,26,0.32179737091064453,0.018998327462569527,0.25657946,0.27767548,0.39294827,5.656319618225098,0.6540977954864502,9.976529121398926,0,4.9993603229522705
A_recon,2,27,0.29678773880004883,0.01801117865935616,0.23701549,0.2572505,0.36527473,5.656311988830566,0.6522928476333618,10.511946678161621,0,4.995567321777344
A_recon,2,28,0.2834402374599291,0.02042390859645346,0.22818044,0.24917006,0.34635282,5.656456470489502,0.6588759422302246,10.553089141845703,0,5.0068137645721436
A_recon,2,29,0.2678020311438519,0.019339906132739525,0.21576065,0.23506927,0.3297472,5.656152725219727,0.6634454131126404,11.832110404968262,0,5.012941837310791
A_recon,2,30,0.23240707231604535,0.018117129802703857,0.18838674,0.20635973,0.28708002,5.65638542175293,0.6855664849281311,11.972963333129883,0,5.0021374225616455
A_recon,2,31,0.20268585370934528,0.017248968715253082,0.16332594,0.17878518,0.25429314,5.655595302581787,0.6943902969360352,13.827893257141113,0,5.012171745300293
A_recon,2,32,0.17699929942255435,0.017009152018505592,0.14225465,0.15461887,0.22347867,5.65609884262085,0.7190341949462891,13.812982559204102,0,5.03153920173645
A_recon,2,33,0.1466497856637706,0.017347532769908077,0.11509943,0.12488639,0.19107972,5.654494285583496,0.7322068214416504,16.012971878051758,0,5.013132333755493
A_recon,2,34,0.11764860153198242,0.015571403762568598,0.08911784,0.0956988,0.15939097,5.654617786407471,0.7493048906326294,16.251659393310547,0,5.026166915893555
A_recon,2,35,0.097032121990038,0.01449944662011188,0.072207466,0.07635328,0.13528715,5.654340744018555,0.7457810044288635,16.6478271484375,0,5.021031379699707
A_recon,2,36,0.08249947299127994,0.013889932114145031,0.06057289,0.063054584,0.11760851,5.653914451599121,0.7414752244949341,17.146883010864258,0,4.9995973110198975
A_recon,2,37,0.06976060245348059,0.013082127208295076,0.04982922,0.051788073,0.102384,5.65455961227417,0.7456890344619751,17.080547332763672,0,5.033494710922241
A_recon,2,38,0.0609193521997203,0.012701695380003555,0.043478444,0.04491529,0.08991154,5.654298305511475,0.7496368885040283,17.261255264282227,0,5.013758659362793
A_recon,2,39,0.05425737215125043,0.012435044931328815,0.038391527,0.039273825,0.08110999,5.6544647216796875,0.7397315502166748,17.59459686279297,0,5.025040149688721
A_recon,2,40,0.04981559774150019,0.01212373894193898,0.03550613,0.036135197,0.07443643,5.654592514038086,0.7450880408287048,17.581090927124023,0,5.018656015396118
A_recon,2,41,0.045820915180703865,0.012079652236855549,0.03260253,0.033027027,0.06933625,5.654605388641357,0.7489144206047058,17.743961334228516,0,4.9941816329956055
A_recon,2,42,0.04131338389023491,0.011654410673224407,0.028831864,0.029173248,0.06337054,5.654444694519043,0.75599205493927,17.854244232177734,0,5.018628835678101
A_recon,2,43,0.039451733879421066,0.011482852956523066,0.027862228,0.028117808,0.06038315,5.654533386230469,0.7470999360084534,18.094196319580078,0,5.017581224441528
A_recon,2,44,0.037137814190076744,0.01146933306818423,0.026187496,0.026214253,0.05688194,5.654407024383545,0.7529019117355347,18.18377685546875,0,5.0105509757995605
A_recon,2,45,0.03440928200016851,0.01129791788432909,0.025019368,0.024686813,0.052742768,5.654600620269775,0.7414594888687134,18.16032600402832,0,5.019252061843872
A_recon,2,46,0.03244422311368196,0.011140272669170214,0.023368955,0.023182603,0.050219398,5.654630184173584,0.7514684200286865,18.288785934448242,0,5.02556300163269
A_recon,2,47,0.03034506673398225,0.011017016742540442,0.02202057,0.021675326,0.047043253,5.65452241897583,0.747938871383667,18.61783790588379,0,5.015674829483032
A_recon,2,48,0.028628445189932118,0.010991955580918686,0.020928616,0.020512292,0.044705205,5.654474258422852,0.7591613531112671,18.527803421020508,0,5.01689600944519
A_recon,2,49,0.027633996113486912,0.010876704817232878,0.020312818,0.019821018,0.042743064,5.654642581939697,0.7516242265701294,18.566110610961914,0,5.002458810806274
A_recon,2,50,0.025718466095302418,0.010863016480984896,0.019048605,0.018464062,0.04032157,5.654563903808594,0.7596131563186646,18.634967803955078,0,5.014660120010376
A_recon,2,51,0.02547979614009028,0.010682448744773865,0.019177178,0.018492997,0.03984809,5.6546950340271,0.7562218308448792,18.695390701293945,0,5.00285005569458
A_recon,2,52,0.023857720520185387,0.010680225232373114,0.01816583,0.017474608,0.037366554,5.6545515060424805,0.7590080499649048,18.952850341796875,0,4.999563694000244
A_recon,2,53,0.022697119609169338,0.010570774259774582,0.017320078,0.016559584,0.035928223,5.654696941375732,0.7548408508300781,18.717823028564453,0,5.029309034347534
A_recon,2,54,0.022497174532517143,0.0107333621253138,0.017447969,0.016809726,0.035085473,5.654689311981201,0.7549268007278442,18.905540466308594,0,4.992324113845825
A_recon,2,55,0.020664750233940456,0.01046034952868586,0.016245564,0.015391007,0.032531586,5.654611110687256,0.7585366368293762,18.998214721679688,0,5.004108190536499
A_recon,2,56,0.019927061122396717,0.010383699251257855,0.015558407,0.014765732,0.031688187,5.654770374298096,0.7488664388656616,19.00480079650879,0,4.994974851608276
A_recon,2,57,0.01925340165262637,0.010340208592622177,0.015230035,0.014528283,0.030707045,5.654808521270752,0.7584611177444458,19.0352840423584,0,4.989211559295654
A_recon,2,58,0.018107735592385998,0.010292546256728794,0.014678633,0.013715318,0.028741283,5.654742240905762,0.7563468217849731,19.085445404052734,0,5.015783071517944
A_recon,2,59,0.017923531324967094,0.010190491443095,0.014446926,0.013693614,0.028452687,5.654757022857666,0.7538330554962158,19.293132781982422,0,4.995810508728027
A_recon,2,60,0.01758721729983454,0.010243475437164307,0.01444538,0.013666858,0.027755661,5.654824256896973,0.74600750207901,19.288082122802734,0,4.9993486404418945
A_recon,2,61,0.01723380840342978,0.01024156744065492,0.014087742,0.013323244,0.027226353,5.654841423034668,0.7515851259231567,19.34079933166504,0,5.00356912612915
A_recon,2,62,0.016455888748168945,0.010105981127075527,0.013517893,0.012702915,0.026252571,5.654784202575684,0.7477906942367554,19.457454681396484,0,5.004439830780029
A_recon,2,63,0.01564990307973779,0.010015454629193182,0.012957603,0.012088892,0.025224779,5.654740810394287,0.7580628395080566,19.332168579101562,0,4.9931559562683105
A_recon,2,64,0.014670137477957684,0.009943986716477768,0.012527142,0.011723393,0.023531474,5.654821395874023,0.750952959060669,19.452239990234375,0,4.997808933258057
A_recon,2,65,0.014273415441098421,0.009905910362368044,0.0121927215,0.011321159,0.023055833,5.654720783233643,0.752277135848999,19.461179733276367,0,4.988941192626953
A_recon,2,66,0.015099969894989677,0.009852935438570768,0.012941327,0.012009001,0.023910012,5.65485954284668,0.7492128610610962,19.590106964111328,0,5.0053112506866455
A_recon,2,67,0.01419476322505785,0.009856903034707775,0.012172334,0.011270343,0.022795431,5.6548871994018555,0.7492048740386963,19.573389053344727,0,5.002649307250977
A_recon,2,68,0.013797630434450895,0.009772609757340473,0.01214877,0.011318269,0.021954888,5.6548871994018555,0.7519373893737793,19.55050277709961,0,5.001106023788452
A_recon,2,69,0.013676004565280417,0.009717809765235237,0.012042797,0.011190165,0.02196567,5.654829025268555,0.7562733888626099,19.63251495361328,0,5.014841556549072
A_recon,2,70,0.013281042161195175,0.00970248748426852,0.011699882,0.010884214,0.021175511,5.654951095581055,0.7525888681411743,19.6246395111084,0,4.989943265914917
A_recon,2,71,0.013827607683513475,0.009700089693069458,0.012063254,0.011189222,0.02210017,5.654946327209473,0.7498654127120972,19.647790908813477,0,5.000783920288086
A_recon,2,72,0.0128222379995429,0.009601000210513239,0.011260409,0.010421376,0.020591907,5.65497350692749,0.749713122844696,19.65605926513672,0,5.002356052398682
A_recon,2,73,0.012135637843090555,0.00957048975903055,0.010892987,0.0100096,0.019733654,5.6550397872924805,0.7521143555641174,19.677915573120117,0,5.002774953842163
A_recon,2,74,0.012222020522407864,0.009570765754450922,0.01091019,0.010106931,0.019567702,5.655011177062988,0.7540226578712463,19.710660934448242,0,5.0281407833099365
A_recon,2,75,0.012181659107622892,0.00953435444313547,0.010961694,0.010126995,0.019529503,5.655018329620361,0.7537691593170166,19.870576858520508,0,5.005303859710693
B_task,2,1,1.0229507114576257,0.0,1.006665,0.8991342,1.1516737,5.656741619110107,0.0260634683072567,10.080339431762695,0,2.8142805099487305
B_task,2,2,1.0121592646059783,0.0,0.98974586,0.8812347,1.1464233,5.656761646270752,0.029683178290724754,9.011590957641602,0,2.8274762630462646
B_task,2,3,1.0132301993992017,0.0,0.9867859,0.87783474,1.1501917,5.65675163269043,0.033775705844163895,8.606504440307617,0,2.845325231552124
B_task,2,4,1.0064870585565981,0.0,0.9784439,0.86905247,1.1437203,5.656737327575684,0.04308591037988663,8.272991180419922,0,2.7993764877319336
B_task,2,5,1.0039679485818613,0.0,0.97606295,0.86586887,1.1416448,5.656720161437988,0.050745077431201935,7.405646800994873,0,2.8158082962036133
B_task,2,6,1.0082530975341797,0.0,0.98250973,0.87197644,1.1446328,5.656828880310059,0.1490771472454071,3.4603705406188965,0,2.8116865158081055
B_task,2,7,0.9853576991869055,0.0,0.9583819,0.8521664,1.1200675,5.656849384307861,0.04996228963136673,3.8312008380889893,0,2.8497800827026367
B_task,2,8,0.9520523237145465,0.0,0.9326216,0.83352613,1.07361,5.656851291656494,0.03640715032815933,4.208920955657959,0,2.836754322052002
B_task,2,9,0.9226061779519786,0.0,0.90176255,0.81371045,1.033115,5.656852722167969,0.03887109458446503,3.283230781555176,0,2.817045211791992
B_task,2,10,0.8964923361073369,0.0,0.87513983,0.7899691,1.005285,5.656853675842285,0.00941375456750393,7.457860469818115,0,2.821218252182007
B_task,2,11,0.8805678823719854,0.0,0.8587834,0.7762351,0.98818195,5.656853675842285,0.021144861355423927,4.300047397613525,0,2.8214828968048096
B_task,2,12,0.8655929565429688,0.0,0.8430216,0.763683,0.9705177,5.656853675842285,0.02899041399359703,3.3399786949157715,0,2.852163791656494
B_task,2,13,0.8624660657799762,0.0,0.8411906,0.7628886,0.9645172,5.656853675842285,0.041286319494247437,2.706169605255127,0,2.8049418926239014
B_task,2,14,0.855828741322393,0.0,0.8347018,0.7567359,0.9567906,5.656853675842285,0.04123065620660782,2.7432029247283936,0,2.8037729263305664
B_task,2,15,0.8469046717104705,0.0,0.8248282,0.7501524,0.9455807,5.656853675842285,0.04082334041595459,2.6859915256500244,0,2.801697015762329
B_task,2,16,0.8381209995435632,0.0,0.8146248,0.74208,0.9365728,5.656853675842285,0.05805701017379761,2.4108991622924805,0,2.8116061687469482
B_task,2,17,0.8413004667862601,0.0,0.81896687,0.7460791,0.93786556,5.656853675842285,0.04088488966226578,2.435027837753296,0,2.8302602767944336
B_task,2,18,0.8347434997558594,0.0,0.8129018,0.74022627,0.9310686,5.656853675842285,0.04171143099665642,3.7167282104492188,0,2.808903932571411
B_task,2,19,0.8280682771102242,0.0,0.80470586,0.7347088,0.922966,5.656854152679443,0.06102650985121727,2.467923879623413,0,2.8176848888397217
B_task,2,20,0.8309284707774287,0.0,0.8081395,0.73704183,0.9259696,5.656853675842285,0.11194387078285217,2.028627634048462,0,2.791130542755127
B_task,2,21,0.8193618110988451,0.0,0.7969619,0.72762424,0.91298187,5.656853675842285,0.07667060196399689,2.437777042388916,0,2.824833393096924
B_task,2,22,0.8244609003481658,0.0,0.8019875,0.73212135,0.9179276,5.656854152679443,0.0951632708311081,2.219575881958008,0,2.832180976867676
B_task,2,23,0.8158782461415166,0.0,0.79558134,0.72452843,0.9089501,5.656853675842285,0.12103448063135147,2.326185464859009,0,2.805198907852173
B_task,2,24,0.8202177959939708,0.0,0.7983137,0.7282984,0.9137779,5.656853675842285,0.05047105252742767,4.401687145233154,0,2.808157205581665
B_task,2,25,0.8146461818529211,0.0,0.79251796,0.7243624,0.9059191,5.656854629516602,0.08539100736379623,2.3469250202178955,0,2.806894302368164
B_task,2,26,0.8109212129012399,0.0,0.7898048,0.7210629,0.90214837,5.656854629516602,0.11116337031126022,1.8433653116226196,0,2.822117567062378
B_task,2,27,0.8125146782916525,0.0,0.7923264,0.7232663,0.90324104,5.656854629516602,0.05747894197702408,2.8378102779388428,0,2.809131383895874
B_task,2,28,0.8132597052532694,0.0,0.79333,0.7239946,0.903965,5.656854629516602,0.17847055196762085,1.812749981880188,0,2.8114750385284424
B_task,2,29,0.8052635192871094,0.0,0.7858874,0.7177259,0.89461994,5.656854629516602,0.13158617913722992,1.8946586847305298,0,2.80926775932312
B_task,2,30,0.8020153045654297,0.0,0.78161526,0.71410996,0.89154065,5.656854629516602,0.12836527824401855,2.304966688156128,0,2.797819137573242
B_task,2,31,0.79730572907821,0.0,0.7775259,0.7109249,0.8856784,5.656854629516602,0.18086746335029602,2.422734498977661,0,2.8144900798797607
B_task,2,32,0.8072694695514181,0.0,0.78948927,0.720117,0.8954092,5.656854629516602,0.13864387571811676,2.2856600284576416,0,2.8032066822052
B_task,2,33,0.7995899863865065,0.0,0.78007317,0.71295035,0.8883576,5.656854629516602,0.16306251287460327,2.1650028228759766,0,2.8083512783050537
B_task,2,34,0.7926737743875255,0.0,0.77330154,0.70729953,0.8805697,5.656854629516602,0.1394076645374298,2.9423575401306152,0,2.8059074878692627
B_task,2,35,0.7908703347911006,0.0,0.77283764,0.7062206,0.8782162,5.656854629516602,0.14888238906860352,2.9912631511688232,0,2.8246657848358154
C_scene,2,1,1.020859676858653,0.08286167746004851,1.0038261,0.897101,1.1506943,5.656825065612793,0.006309228949248791,20.13298225402832,0,2.871476650238037
C_scene,2,2,1.0117059790569802,0.0714719295501709,0.9888187,0.8803606,1.1463817,5.656826972961426,0.006472088862210512,19.71208953857422,0,2.8440797328948975
C_scene,2,3,1.013313459313434,0.07137295474176822,0.98673964,0.8774963,1.1504261,5.656826972961426,0.00694388709962368,19.408037185668945,0,2.847245216369629
C_scene,2,4,1.0065201469089673,0.07133623828058658,0.97863674,0.8691797,1.1436888,5.656827926635742,0.009338927455246449,18.832643508911133,0,2.8536484241485596
C_scene,2,5,1.0039001133130945,0.06664547712906548,0.97574097,0.86582494,1.1416311,5.6553053855896,0.44029074907302856,13.33547592163086,0,2.8704349994659424
C_scene,2,6,1.0072055484937585,0.035371987716011376,0.9798308,0.8700943,1.144116,5.656047821044922,0.44813111424446106,16.781076431274414,0,2.8342840671539307
C_scene,2,7,0.9876717277195143,0.022262591382731563,0.9605013,0.85382825,1.1224695,5.656432151794434,0.43866097927093506,18.673233032226562,0,2.8249399662017822
C_scene,2,8,0.9479839490807574,0.020366229440854942,0.9303453,0.8292346,1.0681713,5.656126976013184,0.5616176128387451,20.101455688476562,0,2.846590757369995
C_scene,2,9,0.9153524481731913,0.01746765426967455,0.89966404,0.80720276,1.0251392,5.656345844268799,0.5379688143730164,20.594099044799805,0,2.835165500640869
C_scene,2,10,0.8911726578422214,0.01665482961613199,0.8724838,0.785585,0.9988526,5.655930042266846,0.6086515188217163,21.470458984375,0,2.865802049636841
C_scene,2,11,0.865688655687415,0.016206553448801456,0.84600824,0.7640133,0.971979,5.655582904815674,0.6209068894386292,22.130319595336914,0,2.8135876655578613
C_scene,2,12,0.8442216126815133,0.016577916300815086,0.8277681,0.7481204,0.9457823,5.655970573425293,0.6879957914352417,22.492555618286133,0,2.8283236026763916
C_scene,2,13,0.8254673999288807,0.01679557432299075,0.808338,0.7309653,0.92584634,5.655322551727295,0.6735718846321106,23.473875045776367,0,2.8223845958709717
C_scene,2,14,0.8091601496157439,0.01877596844797549,0.793293,0.7180625,0.90642285,5.65553092956543,0.7995477914810181,23.585966110229492,0,2.850229501724243
C_scene,2,15,0.7809562683105469,0.019285284954568615,0.7656949,0.69375885,0.87647414,5.655580043792725,0.7891948223114014,24.153301239013672,0,2.8448216915130615
C_scene,2,16,0.7378689309825068,0.020596675250841225,0.72151285,0.6583018,0.8294892,5.654200553894043,0.8344349265098572,24.7869930267334,0,2.811917781829834
C_scene,2,17,0.6814223579738451,0.02128542635751807,0.6676869,0.6109299,0.7671479,5.655254364013672,0.8437504768371582,25.132768630981445,0,2.8160598278045654
C_scene,2,18,0.6385007526563562,0.022147829117982284,0.6238178,0.57422817,0.72193986,5.654263019561768,0.8951250910758972,25.500158309936523,0,2.8115053176879883
C_scene,2,19,0.5590848093447478,0.021644115447998047,0.5432017,0.5105775,0.6329979,5.653354167938232,0.8731983304023743,26.317825317382812,0,2.875084638595581
C_scene,2,20,0.4912933681322181,0.022595143836477528,0.4730039,0.45295286,0.558625,5.652885913848877,0.8895075917243958,26.45957374572754,0,2.8336904048919678
C_scene,2,21,0.4442334382430367,0.023084516110627548,0.42854,0.41259912,0.50673836,5.653651237487793,0.8847572803497314,26.721216201782227,0,2.798522710800171
C_scene,2,22,0.39892350072446076,0.022682125153748886,0.38613573,0.3734884,0.45915112,5.653298377990723,0.8994730710983276,26.865829467773438,0,2.806159734725952
C_scene,2,23,0.3636455950529679,0.022721313911935558,0.3513657,0.34301007,0.4201087,5.653192520141602,0.9173860549926758,27.17030143737793,0,2.823765516281128
C_scene,2,24,0.32120360498842987,0.02207527730775916,0.3139284,0.3086277,0.37148687,5.653486251831055,0.9366782903671265,27.34503936767578,0,2.8474862575531006
C_scene,2,25,0.27419529790463654,0.022005213343578835,0.27000284,0.26917964,0.31709716,5.653384685516357,0.9278600215911865,27.482036590576172,0,2.810631513595581
C_scene,2,26,0.2469496726989746,0.021543982236281685,0.24778196,0.24584976,0.28388834,5.653295993804932,0.9276814460754395,27.637712478637695,0,2.7960715293884277
C_scene,2,27,0.22604981712673022,0.021236098330953846,0.22927557,0.22938298,0.25910616,5.653415679931641,0.9234979152679443,27.72650718688965,0,2.8094162940979004
C_scene,2,28,0.2099296113719111,0.02095437309016352,0.21536833,0.2155887,0.2403872,5.65255069732666,0.9283568263053894,27.881498336791992,0,2.8339593410491943
C_scene,2,29,0.18792123379914658,0.02084186932314997,0.19526893,0.19677182,0.21372217,5.653334617614746,0.9205254316329956,27.849822998046875,0,2.8530406951904297
C_scene,2,30,0.17286143095596976,0.02051064372062683,0.18217781,0.18419,0.19505043,5.652890682220459,0.9306626319885254,27.91523551940918,0,2.7958152294158936
C_scene,2,31,0.16066790663677713,0.020184449527574623,0.17138593,0.17295492,0.18110435,5.652704238891602,0.9265239238739014,28.023109436035156,0,2.8049283027648926
C_scene,2,32,0.15057533720265265,0.019944162472434666,0.16198687,0.16389087,0.17017622,5.652962684631348,0.9292032122612,28.06524085998535,0,2.808300495147705
C_scene,2,33,0.14174574354420538,0.019537159930104794,0.1534005,0.15647802,0.15912631,5.652953147888184,0.9259103536605835,28.115013122558594,0,2.8463833332061768
C_scene,2,34,0.13740856751151706,0.019253504017125004,0.14862804,0.1522603,0.15436676,5.652470588684082,0.9301791787147522,28.15471076965332,0,2.8294920921325684
C_scene,2,35,0.1298288055088209,0.019022752409395965,0.14117634,0.14613065,0.14362511,5.653128147125244,0.9291541576385498,28.134492874145508,0,2.808494806289673
D_latent,2,1,1.022697697515073,0.21435592485510785,1.0086892,0.8995147,1.150302,5.656765460968018,0.22782012820243835,3.2905683517456055,0,3.5844051837921143
D_latent,2,2,1.014117365298064,0.00836899099142655,0.99152917,0.8832279,1.1474849,5.656767845153809,0.44710952043533325,2.635429620742798,0,3.5739119052886963
D_latent,2,3,1.0144538879394531,0.006653595229853754,0.98929805,0.8809622,1.149778,5.656795024871826,0.4155455231666565,2.694533109664917,0,3.5675127506256104
D_latent,2,4,1.0078703838845957,0.003871477492477583,0.9811984,0.8720741,1.144205,5.656810760498047,0.3365492820739746,2.833153486251831,0,3.559095859527588
D_latent,2,5,1.0052036617113196,0.0025109894897626796,0.97795814,0.86796093,1.1429249,5.656810760498047,0.35297220945358276,3.2613611221313477,0,3.5471785068511963
D_latent,2,6,1.0096413156260615,0.002052880337704783,0.98320025,0.87324774,1.1468282,5.656811237335205,0.35589897632598877,3.5028815269470215,0,3.5750439167022705
D_latent,2,7,1.0035733761994734,0.0021729885560014973,0.9773563,0.8670788,1.1406676,5.656813144683838,0.35781824588775635,3.6547787189483643,0,3.5517208576202393
D_latent,2,8,1.004503996475883,0.0014898726797622182,0.97596073,0.8662049,1.1423612,5.6568169593811035,0.3391507565975189,3.699549913406372,0,3.5512895584106445
D_latent,2,9,1.005160953687585,0.0014645559308321579,0.9783629,0.8676098,1.1429164,5.65682315826416,0.2863217294216156,3.8488292694091797,0,3.557316780090332
D_latent,2,10,1.0061123060143513,0.001430898094954698,0.97718066,0.8665358,1.1445129,5.656824588775635,0.2763434648513794,4.001201629638672,0,3.585219144821167
D_latent,2,11,1.0034180516782014,0.002140777428512988,0.9771279,0.8669317,1.1400763,5.656825065612793,0.3045935332775116,4.0038275718688965,0,3.559880495071411
D_latent,2,12,1.0041641567064368,0.0016392563348231108,0.97702974,0.86628294,1.1414455,5.656822681427002,0.3285263776779175,4.084249019622803,0,3.57033109664917
D_latent,2,13,1.0016967939293904,0.0014989069946434188,0.97349125,0.8635575,1.1397324,5.656825065612793,0.3115403652191162,4.22286319732666,0,3.5734288692474365
D_latent,2,14,0.9897323276685632,0.002096809932719106,0.9668304,0.8573654,1.12524,5.656826972961426,0.32083532214164734,4.300721168518066,0,3.5848307609558105
D_latent,2,15,0.9643065411111583,0.006373186474261077,0.94630486,0.8432066,1.0862315,5.656836032867432,0.29770714044570923,4.266324996948242,0,3.5640053749084473
D_latent,2,16,0.9371114813763163,0.005004182781862176,0.91730183,0.8232523,1.0521365,5.656839370727539,0.30289703607559204,4.225247859954834,0,3.5581629276275635
D_latent,2,17,0.9137516021728516,0.004590886766495912,0.8952033,0.80720055,1.021747,5.656839847564697,0.3127545118331909,4.441850185394287,0,3.5944676399230957
D_latent,2,18,0.8999298759128737,0.005576465440833051,0.8810501,0.7964659,1.0064408,5.656844139099121,0.28143900632858276,4.504751205444336,0,3.5755233764648438
D_latent,2,19,0.8799439305844514,0.00485961949047835,0.8610136,0.7775771,0.9856818,5.656845569610596,0.2828485369682312,4.590831756591797,0,3.562302589416504
D_latent,2,20,0.8776245946469514,0.0029880164758018827,0.8560373,0.7761932,0.98129016,5.656846523284912,0.2775700092315674,4.72720193862915,0,3.5619730949401855
D_latent,2,21,0.8570300392482592,0.0038448248220526652,0.83278394,0.7570194,0.95995224,5.656845569610596,0.3172058165073395,4.848567008972168,0,3.5997557640075684
D_latent,2,22,0.8592524321182914,0.0029683667032615,0.8366305,0.7595171,0.96051663,5.6568474769592285,0.27117273211479187,5.181774616241455,0,3.563551902770996
D_latent,2,23,0.8476657867431641,0.0033458565240320954,0.824088,0.7489477,0.9481074,5.6568474769592285,0.27918383479118347,5.28682279586792,0,3.5533816814422607
D_latent,2,24,0.8415643443231997,0.0036842635144358096,0.81881815,0.7449448,0.939535,5.6568474769592285,0.30178576707839966,5.611086368560791,0,3.577274799346924
D_latent,2,25,0.8388742363971212,0.004751211923101674,0.8166512,0.7434778,0.935819,5.6568474769592285,0.3074093461036682,5.572676658630371,0,3.5804383754730225
D_latent,2,26,0.8319513072138247,0.005472118439881698,0.8109094,0.7382715,0.9264141,5.6568474769592285,0.35122519731521606,5.748311519622803,0,3.549710750579834
D_latent,2,27,0.8310823025910751,0.005348373042500537,0.8098057,0.7373702,0.92622244,5.65684700012207,0.36009588837623596,6.105411529541016,0,3.557243585586548
D_latent,2,28,0.8272664443306301,0.005664244294166565,0.80863696,0.7349969,0.92133945,5.656846046447754,0.3484792411327362,6.6181535720825195,0,3.581907272338867
D_latent,2,29,0.8213549074919327,0.006682646015416021,0.7993691,0.72916734,0.914772,5.65684175491333,0.3849002420902252,7.144342422485352,0,3.585062026977539
D_latent,2,30,0.8127982927405316,0.008482268323069033,0.79150826,0.7214857,0.90565217,5.656829833984375,0.4368937015533447,8.05014705657959,0,3.5723888874053955
D_latent,2,31,0.8065493210502293,0.013630072707715242,0.78656495,0.7175471,0.8973412,5.656823635101318,0.44172292947769165,8.647120475769043,0,3.560572624206543
D_latent,2,32,0.7859919174857761,0.02055886906126271,0.76439637,0.701589,0.87356544,5.656747341156006,0.501198410987854,9.568511009216309,0,3.5872013568878174
D_latent,2,33,0.6235207682070525,0.043951133023137634,0.56464475,0.53829247,0.72003335,5.6562299728393555,0.658355176448822,11.427445411682129,0,3.545210838317871
D_latent,2,34,0.43490650342858356,0.05004437073417332,0.3676996,0.37404862,0.5199714,5.656444549560547,0.6797508001327515,11.718439102172852,0,3.5440969467163086
D_latent,2,35,0.34655645619268005,0.05155208836431089,0.275088,0.29428694,0.42531157,5.656477928161621,0.6900314092636108,12.402609825134277,0,3.5367469787597656
D_latent,2,36,0.3007027791894,0.06947294525478197,0.24002773,0.25647202,0.37044886,5.656466007232666,0.6916558742523193,12.825128555297852,0,3.5545825958251953
D_latent,2,37,0.26221097033956775,0.08358862607375435,0.20551568,0.22175328,0.32725826,5.656301975250244,0.7090175151824951,14.15343952178955,0,3.5461409091949463
D_latent,2,38,0.22754735532014267,0.09201311028521994,0.1763778,0.19129144,0.28800556,5.656336784362793,0.717010498046875,14.543564796447754,0,3.542762517929077
D_latent,2,39,0.19532794537751572,0.0950748298479163,0.15285252,0.16549978,0.2487872,5.656285762786865,0.728962242603302,15.077303886413574,0,3.556033134460449
D_latent,2,40,0.16984425420346466,0.0963609736898671,0.13271146,0.1428024,0.21979421,5.656290531158447,0.7405511736869812,15.551005363464355,0,3.5636096000671387
D_latent,2,41,0.14702921328337296,0.09589374583700429,0.11533672,0.12339329,0.19283171,5.656161785125732,0.7412735223770142,16.187599182128906,0,3.5358211994171143
D_latent,2,42,0.12580356390579886,0.09386649339095406,0.09959282,0.10553392,0.16715029,5.656169891357422,0.7433651685714722,16.771018981933594,0,3.5353848934173584
D_latent,2,43,0.1080013254414434,0.09091541041498599,0.08473126,0.08879182,0.14623624,5.656225681304932,0.7372762560844421,17.10538101196289,0,3.5736196041107178
D_latent,2,44,0.09257039816483208,0.08709853628407353,0.07218187,0.07527671,0.12664254,5.656214237213135,0.7408959865570068,17.34975814819336,0,3.5490498542785645
D_latent,2,45,0.07984807698622993,0.08385483078334642,0.06212143,0.06421569,0.11090922,5.656220436096191,0.7357508540153503,17.748437881469727,0,3.5449185371398926
D_latent,2,46,0.070038800654204,0.08001697581747304,0.055175714,0.056305937,0.09831275,5.656156539916992,0.7357194423675537,18.292964935302734,0,3.5377185344696045
D_latent,2,47,0.06410458813542905,0.07781337136807649,0.049835682,0.050989192,0.09064176,5.656153678894043,0.7322537302970886,18.605928421020508,0,3.576899290084839
D_latent,2,48,0.05710988459379777,0.07509207725524902,0.04476342,0.04521898,0.08163527,5.656177043914795,0.7339444160461426,18.64249610900879,0,3.534177780151367
D_latent,2,49,0.05239067388617474,0.07268624720366104,0.04206524,0.042150527,0.074256286,5.656147480010986,0.7319250106811523,18.841110229492188,0,3.5410921573638916
D_latent,2,50,0.04930721676867941,0.07058698198069698,0.03972161,0.04002766,0.06973253,5.656169414520264,0.7356545925140381,18.95909309387207,0,3.558027982711792
D_latent,2,51,0.044791890227276344,0.06893233630968176,0.036678072,0.036366876,0.06383354,5.656135559082031,0.7343670129776001,19.32526206970215,0,3.5647637844085693
D_latent,2,52,0.041333908620088,0.06704130898351254,0.034082077,0.033778913,0.058973875,5.656114101409912,0.7303955554962158,19.558334350585938,0,3.5426127910614014
D_latent,2,53,0.039091244987819504,0.06508192290430484,0.032571193,0.03226799,0.05564641,5.656126499176025,0.7270307540893555,19.610225677490234,0,3.5420472621917725
D_latent,2,54,0.036455918913302215,0.06284464442211649,0.030529555,0.030156996,0.052088432,5.656128406524658,0.719295859336853,19.80209732055664,0,3.552431583404541
D_latent,2,55,0.03457221000090889,0.061279706332994545,0.029425222,0.02872039,0.049573164,5.656135559082031,0.7241318821907043,19.847719192504883,0,3.5472707748413086
D_latent,2,56,0.03246130891468214,0.059233395949653954,0.027778426,0.027169274,0.046432506,5.65615177154541,0.7196257710456848,19.98096466064453,0,3.53878116607666
D_latent,2,57,0.031201204527979313,0.05783228770546291,0.026920335,0.026218526,0.044717908,5.65615177154541,0.7219226360321045,19.999923706054688,0,3.5386698246002197
D_latent,2,58,0.03053265550862188,0.05652397093565568,0.026650932,0.025806228,0.043634307,5.656139373779297,0.7245922088623047,20.220211029052734,0,3.5624887943267822
D_latent,2,59,0.028708413891170338,0.055249359296715775,0.025492067,0.024502987,0.040942624,5.65614128112793,0.7212949991226196,20.329946517944336,0,3.549086332321167
D_latent,2,60,0.027359428613082222,0.05359735177910846,0.024412518,0.023498092,0.03895377,5.656131744384766,0.7140005230903625,20.427976608276367,0,3.5392158031463623
D_latent,2,61,0.026217136694037396,0.052541919376539147,0.02368015,0.022729617,0.037187196,5.656144142150879,0.7171980142593384,20.475025177001953,0,3.5346689224243164
D_latent,2,62,0.025072750837906548,0.051065284272898796,0.022775382,0.021774143,0.03588956,5.6561598777771,0.7135541439056396,20.544034957885742,0,3.580322265625
D_latent,2,63,0.02458774006885031,0.05027574041615362,0.02277335,0.021573594,0.03515761,5.656141757965088,0.7156935930252075,20.62936019897461,0,3.5530614852905273
D_latent,2,64,0.024281950100608494,0.049415749052296516,0.022489348,0.021379653,0.034338992,5.656167984008789,0.7131479382514954,20.659847259521484,0,3.5436630249023438
D_latent,2,65,0.02310419341792231,0.048478219820105514,0.021615231,0.020401737,0.033174247,5.656158924102783,0.7114746570587158,20.730745315551758,0,3.5489721298217773
D_latent,2,66,0.021726847990699436,0.04692312945490298,0.020518845,0.019410366,0.03116681,5.656149864196777,0.7103129625320435,20.901639938354492,0,3.5641984939575195
D_latent,2,67,0.02143995787786401,0.04682016372680664,0.02052626,0.019271143,0.030446284,5.656158924102783,0.7056254148483276,20.90620994567871,0,3.5407631397247314
D_latent,2,68,0.02094167859657951,0.04550466330155083,0.019995851,0.018831544,0.029827803,5.656160354614258,0.7084548473358154,21.04952621459961,0,3.539569616317749
D_latent,2,69,0.020309690548026043,0.04484665393829346,0.019798776,0.018560307,0.02900631,5.6561713218688965,0.7053987979888916,21.032907485961914,0,3.5686194896698
D_latent,2,70,0.02019724638565727,0.04394709545633067,0.019813158,0.018509647,0.028506763,5.6561784744262695,0.6962758302688599,21.106752395629883,0,3.556443929672241
D_latent,2,71,0.019013363382090694,0.04288128407105156,0.018823573,0.017516967,0.027050566,5.6561689376831055,0.6972071528434753,21.126684188842773,0,3.539429187774658
D_latent,2,72,0.01872473955154419,0.04218618506970613,0.01862679,0.017439306,0.026576642,5.656205177307129,0.6868703961372375,21.11069679260254,0,3.5393779277801514
D_latent,2,73,0.01798142039257547,0.04160137539324553,0.017926734,0.01686971,0.025761062,5.6561760902404785,0.6950753331184387,21.189266204833984,0,3.562786817550659
D_latent,2,74,0.018612147673316624,0.040664512178172234,0.018696077,0.017381718,0.02622419,5.656187057495117,0.6982927918434143,21.08142852783203,0,3.5429322719573975
D_latent,2,75,0.01790896835534469,0.040114965127862015,0.01787932,0.01671572,0.025471168,5.656184196472168,0.6954632997512817,21.1528377532959,0,3.535163640975952
D_latent,2,76,0.01745803459830906,0.039455419001371964,0.017852051,0.016607745,0.024613492,5.656191349029541,0.6979435086250305,21.162750244140625,0,3.5421664714813232
D_latent,2,77,0.01735487709874692,0.03892809930055038,0.01762385,0.016441058,0.024430094,5.6562018394470215,0.6884062886238098,21.147693634033203,0,3.555227518081665
D_latent,2,78,0.017472869676092396,0.03872715131096218,0.017579619,0.016386295,0.024757398,5.656196594238281,0.6978403329849243,21.11614418029785,0,3.543588399887085
D_latent,2,79,0.0163131991158361,0.03788571772368058,0.016720288,0.015529712,0.023074694,5.656208515167236,0.6926431655883789,21.051414489746094,0,3.5434982776641846
D_latent,2,80,0.015348486278368078,0.0369991660118103,0.01592192,0.014643953,0.022195907,5.656218528747559,0.6904367804527283,21.078771591186523,0,3.560305118560791
